level,time,optimality,count
tutorial,5.2,1,1
tutorial,6,1,1
tutorial,6.1,1,1
tutorial,6.2,0.941,1
tutorial,6.2,1,1
tutorial,6.3,1,5
tutorial,6.4,1,1
tutorial,6.5,1,3
tutorial,6.6,1,3
tutorial,6.7,1,10
tutorial,6.8,1,5
tutorial,6.9,1,4
tutorial,7,0.941,2
tutorial,7,1,5
tutorial,7.1,1,8
tutorial,7.2,1,3
tutorial,7.3,1,10
tutorial,7.4,1,9
tutorial,7.5,0.941,1
tutorial,7.5,1,6
tutorial,7.6,0.941,1
tutorial,7.6,1,3
tutorial,7.7,0.941,1
tutorial,7.7,1,15
tutorial,7.8,0.821,1
tutorial,7.8,0.97,1
tutorial,7.8,1,13
tutorial,7.9,0.941,3
tutorial,7.9,1,12
tutorial,8,1,20
tutorial,8.1,0.941,2
tutorial,8.1,1,15
tutorial,8.2,1,20
tutorial,8.3,0.865,2
tutorial,8.3,0.941,1
tutorial,8.3,1,20
tutorial,8.4,0.941,3
tutorial,8.4,0.97,1
tutorial,8.4,1,17
tutorial,8.5,0.914,1
tutorial,8.5,0.941,1
tutorial,8.5,1,21
tutorial,8.6,0.865,1
tutorial,8.6,0.941,2
tutorial,8.6,1,20
tutorial,8.7,1,17
tutorial,8.8,0.914,1
tutorial,8.8,0.941,5
tutorial,8.8,1,26
tutorial,8.9,0.914,2
tutorial,8.9,0.941,6
tutorial,8.9,1,23
tutorial,9,0.889,1
tutorial,9,0.941,5
tutorial,9,1,23
tutorial,9.1,0.78,1
tutorial,9.1,0.865,1
tutorial,9.1,0.889,3
tutorial,9.1,0.914,2
tutorial,9.1,0.941,5
tutorial,9.1,1,26
tutorial,9.2,0.821,1
tutorial,9.2,0.914,1
tutorial,9.2,0.941,1
tutorial,9.2,1,32
tutorial,9.3,0.821,1
tutorial,9.3,0.889,1
tutorial,9.3,0.914,1
tutorial,9.3,0.941,2
tutorial,9.3,1,20
tutorial,9.4,0.889,1
tutorial,9.4,0.941,2
tutorial,9.4,1,38
tutorial,9.5,0.889,1
tutorial,9.5,0.914,1
tutorial,9.5,0.941,7
tutorial,9.5,1,41
tutorial,9.6,0.889,3
tutorial,9.6,0.914,2
tutorial,9.6,0.941,2
tutorial,9.6,0.97,1
tutorial,9.6,1,34
tutorial,9.7,0.914,1
tutorial,9.7,0.941,3
tutorial,9.7,0.97,1
tutorial,9.7,1,33
tutorial,9.8,0.842,1
tutorial,9.8,0.889,1
tutorial,9.8,0.914,1
tutorial,9.8,0.941,1
tutorial,9.8,0.97,3
tutorial,9.8,1,35
tutorial,9.9,0.78,1
tutorial,9.9,0.865,1
tutorial,9.9,0.889,1
tutorial,9.9,0.941,4
tutorial,9.9,1,34
tutorial,10,0.914,1
tutorial,10,0.941,7
tutorial,10,1,34
tutorial,10.1,0.865,2
tutorial,10.1,0.941,11
tutorial,10.1,0.97,2
tutorial,10.1,1,29
tutorial,10.2,0.941,4
tutorial,10.2,0.97,2
tutorial,10.2,1,31
tutorial,10.3,0.842,1
tutorial,10.3,0.889,2
tutorial,10.3,0.941,5
tutorial,10.3,0.97,2
tutorial,10.3,1,29
tutorial,10.4,0.627,1
tutorial,10.4,0.762,1
tutorial,10.4,0.865,1
tutorial,10.4,0.914,1
tutorial,10.4,0.941,4
tutorial,10.4,0.97,3
tutorial,10.4,1,32
tutorial,10.5,0.865,1
tutorial,10.5,0.889,2
tutorial,10.5,0.941,6
tutorial,10.5,1,42
tutorial,10.6,0.821,2
tutorial,10.6,0.889,2
tutorial,10.6,0.941,8
tutorial,10.6,0.97,1
tutorial,10.6,1,48
tutorial,10.7,0.941,2
tutorial,10.7,0.97,1
tutorial,10.7,1,44
tutorial,10.8,0.889,3
tutorial,10.8,0.941,6
tutorial,10.8,1,46
tutorial,10.9,0.762,1
tutorial,10.9,0.8,1
tutorial,10.9,0.865,1
tutorial,10.9,0.914,1
tutorial,10.9,0.941,6
tutorial,10.9,1,45
tutorial,11,0.762,1
tutorial,11,0.78,1
tutorial,11,0.889,2
tutorial,11,0.914,1
tutorial,11,0.941,6
tutorial,11,0.97,1
tutorial,11,1,44
tutorial,11.1,0.711,1
tutorial,11.1,0.842,2
tutorial,11.1,0.889,1
tutorial,11.1,0.914,1
tutorial,11.1,0.941,3
tutorial,11.1,0.97,1
tutorial,11.1,1,45
tutorial,11.2,0.889,2
tutorial,11.2,0.941,8
tutorial,11.2,0.97,1
tutorial,11.2,1,55
tutorial,11.3,0.762,1
tutorial,11.3,0.78,1
tutorial,11.3,0.865,2
tutorial,11.3,0.889,2
tutorial,11.3,0.914,1
tutorial,11.3,0.941,7
tutorial,11.3,0.97,1
tutorial,11.3,1,46
tutorial,11.4,0.8,1
tutorial,11.4,0.821,1
tutorial,11.4,0.914,1
tutorial,11.4,0.941,5
tutorial,11.4,0.97,4
tutorial,11.4,1,47
tutorial,11.5,0.821,1
tutorial,11.5,0.889,2
tutorial,11.5,0.941,3
tutorial,11.5,0.97,1
tutorial,11.5,1,59
tutorial,11.6,0.842,1
tutorial,11.6,0.865,2
tutorial,11.6,0.889,1
tutorial,11.6,0.914,2
tutorial,11.6,0.941,4
tutorial,11.6,0.97,1
tutorial,11.6,1,56
tutorial,11.7,0.889,2
tutorial,11.7,0.914,3
tutorial,11.7,0.941,10
tutorial,11.7,1,44
tutorial,11.8,0.762,1
tutorial,11.8,0.821,1
tutorial,11.8,0.842,1
tutorial,11.8,0.914,3
tutorial,11.8,0.941,7
tutorial,11.8,1,54
tutorial,11.9,0.821,1
tutorial,11.9,0.865,1
tutorial,11.9,0.889,1
tutorial,11.9,0.914,1
tutorial,11.9,0.97,2
tutorial,11.9,1,50
tutorial,12,0.762,1
tutorial,12,0.865,3
tutorial,12,0.889,3
tutorial,12,0.941,10
tutorial,12,0.97,2
tutorial,12,1,55
tutorial,12.1,0.8,2
tutorial,12.1,0.821,1
tutorial,12.1,0.889,1
tutorial,12.1,0.914,1
tutorial,12.1,0.941,4
tutorial,12.1,0.97,1
tutorial,12.1,1,70
tutorial,12.2,0.914,3
tutorial,12.2,0.941,7
tutorial,12.2,0.97,1
tutorial,12.2,1,71
tutorial,12.3,0.842,1
tutorial,12.3,0.889,1
tutorial,12.3,0.914,1
tutorial,12.3,0.941,11
tutorial,12.3,0.97,2
tutorial,12.3,1,52
tutorial,12.4,0.889,1
tutorial,12.4,0.914,2
tutorial,12.4,0.941,5
tutorial,12.4,0.97,3
tutorial,12.4,1,60
tutorial,12.5,0.8,1
tutorial,12.5,0.821,1
tutorial,12.5,0.842,1
tutorial,12.5,0.865,1
tutorial,12.5,0.889,1
tutorial,12.5,0.941,14
tutorial,12.5,0.97,1
tutorial,12.5,1,70
tutorial,12.6,0.762,1
tutorial,12.6,0.821,1
tutorial,12.6,0.842,1
tutorial,12.6,0.889,5
tutorial,12.6,0.941,7
tutorial,12.6,0.97,4
tutorial,12.6,1,58
tutorial,12.7,0.8,1
tutorial,12.7,0.842,4
tutorial,12.7,0.889,3
tutorial,12.7,0.941,4
tutorial,12.7,0.97,2
tutorial,12.7,1,66
tutorial,12.8,0.744,1
tutorial,12.8,0.762,1
tutorial,12.8,0.821,1
tutorial,12.8,0.889,4
tutorial,12.8,0.914,1
tutorial,12.8,0.941,8
tutorial,12.8,0.97,3
tutorial,12.8,1,59
tutorial,12.9,0.842,1
tutorial,12.9,0.865,2
tutorial,12.9,0.889,1
tutorial,12.9,0.941,10
tutorial,12.9,0.97,3
tutorial,12.9,1,62
tutorial,13,0.78,1
tutorial,13,0.821,1
tutorial,13,0.842,1
tutorial,13,0.865,1
tutorial,13,0.889,3
tutorial,13,0.914,1
tutorial,13,0.941,16
tutorial,13,1,48
tutorial,13.1,0.681,1
tutorial,13.1,0.842,2
tutorial,13.1,0.865,1
tutorial,13.1,0.889,4
tutorial,13.1,0.941,9
tutorial,13.1,0.97,2
tutorial,13.1,1,67
tutorial,13.2,0.727,1
tutorial,13.2,0.889,1
tutorial,13.2,0.941,10
tutorial,13.2,1,57
tutorial,13.3,0.8,1
tutorial,13.3,0.914,1
tutorial,13.3,0.941,3
tutorial,13.3,0.97,1
tutorial,13.3,1,67
tutorial,13.4,0.842,1
tutorial,13.4,0.889,2
tutorial,13.4,0.941,19
tutorial,13.4,0.97,3
tutorial,13.4,1,63
tutorial,13.5,0.8,1
tutorial,13.5,0.821,1
tutorial,13.5,0.842,1
tutorial,13.5,0.865,1
tutorial,13.5,0.889,1
tutorial,13.5,0.941,7
tutorial,13.5,0.97,1
tutorial,13.5,1,69
tutorial,13.6,0.842,1
tutorial,13.6,0.865,1
tutorial,13.6,0.889,4
tutorial,13.6,0.914,1
tutorial,13.6,0.941,7
tutorial,13.6,0.97,1
tutorial,13.6,1,76
tutorial,13.7,0.8,1
tutorial,13.7,0.821,1
tutorial,13.7,0.865,1
tutorial,13.7,0.889,2
tutorial,13.7,0.914,2
tutorial,13.7,0.941,8
tutorial,13.7,0.97,4
tutorial,13.7,1,54
tutorial,13.8,0.78,1
tutorial,13.8,0.821,1
tutorial,13.8,0.865,1
tutorial,13.8,0.889,2
tutorial,13.8,0.914,1
tutorial,13.8,0.941,7
tutorial,13.8,1,72
tutorial,13.9,0.78,1
tutorial,13.9,0.842,1
tutorial,13.9,0.889,4
tutorial,13.9,0.941,11
tutorial,13.9,1,74
tutorial,14,0.821,1
tutorial,14,0.889,3
tutorial,14,0.914,2
tutorial,14,0.941,12
tutorial,14,1,68
tutorial,14.1,0.889,4
tutorial,14.1,0.914,2
tutorial,14.1,0.941,7
tutorial,14.1,0.97,5
tutorial,14.1,1,83
tutorial,14.2,0.865,1
tutorial,14.2,0.889,4
tutorial,14.2,0.914,3
tutorial,14.2,0.941,11
tutorial,14.2,1,67
tutorial,14.3,0.762,1
tutorial,14.3,0.8,1
tutorial,14.3,0.821,1
tutorial,14.3,0.889,3
tutorial,14.3,0.914,2
tutorial,14.3,0.941,8
tutorial,14.3,0.97,5
tutorial,14.3,1,68
tutorial,14.4,0.8,1
tutorial,14.4,0.889,3
tutorial,14.4,0.914,2
tutorial,14.4,0.941,9
tutorial,14.4,0.97,3
tutorial,14.4,1,82
tutorial,14.5,0.744,1
tutorial,14.5,0.842,3
tutorial,14.5,0.889,2
tutorial,14.5,0.941,10
tutorial,14.5,0.97,2
tutorial,14.5,1,70
tutorial,14.6,0.727,1
tutorial,14.6,0.889,3
tutorial,14.6,0.914,1
tutorial,14.6,0.941,10
tutorial,14.6,0.97,1
tutorial,14.6,1,66
tutorial,14.7,0.744,1
tutorial,14.7,0.865,1
tutorial,14.7,0.889,2
tutorial,14.7,0.941,12
tutorial,14.7,0.97,5
tutorial,14.7,1,64
tutorial,14.8,0.842,1
tutorial,14.8,0.865,1
tutorial,14.8,0.889,3
tutorial,14.8,0.914,1
tutorial,14.8,0.941,11
tutorial,14.8,0.97,1
tutorial,14.8,1,68
tutorial,14.9,0.842,1
tutorial,14.9,0.914,1
tutorial,14.9,0.941,10
tutorial,14.9,0.97,4
tutorial,14.9,1,65
tutorial,15,0.727,1
tutorial,15,0.762,1
tutorial,15,0.8,1
tutorial,15,0.821,1
tutorial,15,0.865,1
tutorial,15,0.889,3
tutorial,15,0.914,2
tutorial,15,0.941,9
tutorial,15,0.97,4
tutorial,15,1,56
tutorial,15.1,0.78,1
tutorial,15.1,0.889,1
tutorial,15.1,0.914,2
tutorial,15.1,0.941,7
tutorial,15.1,0.97,3
tutorial,15.1,1,78
tutorial,15.2,0.762,1
tutorial,15.2,0.78,1
tutorial,15.2,0.8,2
tutorial,15.2,0.821,1
tutorial,15.2,0.865,1
tutorial,15.2,0.889,1
tutorial,15.2,0.941,6
tutorial,15.2,0.97,2
tutorial,15.2,1,70
tutorial,15.3,0.744,1
tutorial,15.3,0.8,1
tutorial,15.3,0.842,2
tutorial,15.3,0.865,1
tutorial,15.3,0.889,3
tutorial,15.3,0.914,3
tutorial,15.3,0.941,9
tutorial,15.3,0.97,5
tutorial,15.3,1,77
tutorial,15.4,0.821,1
tutorial,15.4,0.889,1
tutorial,15.4,0.914,1
tutorial,15.4,0.941,11
tutorial,15.4,0.97,3
tutorial,15.4,1,54
tutorial,15.5,0.653,1
tutorial,15.5,0.821,1
tutorial,15.5,0.842,1
tutorial,15.5,0.865,1
tutorial,15.5,0.889,2
tutorial,15.5,0.914,1
tutorial,15.5,0.941,11
tutorial,15.5,0.97,3
tutorial,15.5,1,77
tutorial,15.6,0.64,1
tutorial,15.6,0.762,2
tutorial,15.6,0.78,1
tutorial,15.6,0.842,1
tutorial,15.6,0.865,1
tutorial,15.6,0.889,3
tutorial,15.6,0.941,11
tutorial,15.6,1,56
tutorial,15.7,0.821,1
tutorial,15.7,0.865,1
tutorial,15.7,0.889,1
tutorial,15.7,0.914,1
tutorial,15.7,0.941,4
tutorial,15.7,0.97,2
tutorial,15.7,1,75
tutorial,15.8,0.762,1
tutorial,15.8,0.8,1
tutorial,15.8,0.842,1
tutorial,15.8,0.865,2
tutorial,15.8,0.889,1
tutorial,15.8,0.914,2
tutorial,15.8,0.941,8
tutorial,15.8,0.97,1
tutorial,15.8,1,57
tutorial,15.9,0.696,1
tutorial,15.9,0.889,1
tutorial,15.9,0.914,1
tutorial,15.9,0.941,6
tutorial,15.9,0.97,4
tutorial,15.9,1,79
tutorial,16,0.744,1
tutorial,16,0.8,1
tutorial,16,0.842,3
tutorial,16,0.889,1
tutorial,16,0.914,2
tutorial,16,0.941,5
tutorial,16,0.97,1
tutorial,16,1,57
tutorial,16.1,0.78,1
tutorial,16.1,0.8,1
tutorial,16.1,0.865,1
tutorial,16.1,0.889,2
tutorial,16.1,0.941,11
tutorial,16.1,0.97,3
tutorial,16.1,1,78
tutorial,16.2,0.889,2
tutorial,16.2,0.914,1
tutorial,16.2,0.941,10
tutorial,16.2,0.97,1
tutorial,16.2,1,81
tutorial,16.3,0.711,1
tutorial,16.3,0.865,1
tutorial,16.3,0.889,2
tutorial,16.3,0.914,2
tutorial,16.3,0.941,11
tutorial,16.3,0.97,4
tutorial,16.3,1,74
tutorial,16.4,0.762,1
tutorial,16.4,0.842,2
tutorial,16.4,0.889,1
tutorial,16.4,0.941,11
tutorial,16.4,0.97,3
tutorial,16.4,1,76
tutorial,16.5,0.8,1
tutorial,16.5,0.821,2
tutorial,16.5,0.842,3
tutorial,16.5,0.865,2
tutorial,16.5,0.889,6
tutorial,16.5,0.914,2
tutorial,16.5,0.941,9
tutorial,16.5,0.97,4
tutorial,16.5,1,70
tutorial,16.6,0.865,1
tutorial,16.6,0.889,4
tutorial,16.6,0.914,1
tutorial,16.6,0.941,7
tutorial,16.6,0.97,3
tutorial,16.6,1,69
tutorial,16.7,0.681,1
tutorial,16.7,0.8,2
tutorial,16.7,0.842,2
tutorial,16.7,0.865,2
tutorial,16.7,0.889,4
tutorial,16.7,0.914,2
tutorial,16.7,0.941,17
tutorial,16.7,0.97,2
tutorial,16.7,1,69
tutorial,16.8,0.8,1
tutorial,16.8,0.821,1
tutorial,16.8,0.842,2
tutorial,16.8,0.865,1
tutorial,16.8,0.889,3
tutorial,16.8,0.914,2
tutorial,16.8,0.941,4
tutorial,16.8,0.97,3
tutorial,16.8,1,64
tutorial,16.9,0.711,1
tutorial,16.9,0.842,1
tutorial,16.9,0.865,1
tutorial,16.9,0.889,6
tutorial,16.9,0.914,2
tutorial,16.9,0.941,7
tutorial,16.9,0.97,4
tutorial,16.9,1,79
tutorial,17,0.842,1
tutorial,17,0.865,1
tutorial,17,0.889,5
tutorial,17,0.914,1
tutorial,17,0.941,12
tutorial,17,0.97,3
tutorial,17,1,61
tutorial,17.1,0.821,1
tutorial,17.1,0.842,4
tutorial,17.1,0.889,4
tutorial,17.1,0.941,11
tutorial,17.1,0.97,2
tutorial,17.1,1,63
tutorial,17.2,0.842,3
tutorial,17.2,0.865,1
tutorial,17.2,0.889,4
tutorial,17.2,0.914,1
tutorial,17.2,0.941,12
tutorial,17.2,0.97,4
tutorial,17.2,1,73
tutorial,17.3,0.8,1
tutorial,17.3,0.865,1
tutorial,17.3,0.889,4
tutorial,17.3,0.941,13
tutorial,17.3,0.97,2
tutorial,17.3,1,74
tutorial,17.4,0.842,2
tutorial,17.4,0.865,2
tutorial,17.4,0.889,2
tutorial,17.4,0.914,4
tutorial,17.4,0.941,12
tutorial,17.4,0.97,1
tutorial,17.4,1,78
tutorial,17.5,0.615,1
tutorial,17.5,0.8,1
tutorial,17.5,0.842,2
tutorial,17.5,0.865,2
tutorial,17.5,0.889,3
tutorial,17.5,0.914,2
tutorial,17.5,0.941,14
tutorial,17.5,0.97,4
tutorial,17.5,1,75
tutorial,17.6,0.762,1
tutorial,17.6,0.865,1
tutorial,17.6,0.889,2
tutorial,17.6,0.914,2
tutorial,17.6,0.941,12
tutorial,17.6,0.97,1
tutorial,17.6,1,76
tutorial,17.7,0.8,2
tutorial,17.7,0.842,1
tutorial,17.7,0.865,1
tutorial,17.7,0.889,2
tutorial,17.7,0.914,3
tutorial,17.7,0.941,9
tutorial,17.7,0.97,3
tutorial,17.7,1,59
tutorial,17.8,0.821,1
tutorial,17.8,0.842,2
tutorial,17.8,0.865,2
tutorial,17.8,0.889,1
tutorial,17.8,0.914,1
tutorial,17.8,0.941,15
tutorial,17.8,0.97,1
tutorial,17.8,1,59
tutorial,17.9,0.696,1
tutorial,17.9,0.762,1
tutorial,17.9,0.78,1
tutorial,17.9,0.889,3
tutorial,17.9,0.941,13
tutorial,17.9,0.97,8
tutorial,17.9,1,67
tutorial,18,0.8,1
tutorial,18,0.821,1
tutorial,18,0.842,2
tutorial,18,0.865,1
tutorial,18,0.889,4
tutorial,18,0.914,1
tutorial,18,0.941,11
tutorial,18,0.97,2
tutorial,18,1,59
tutorial,18.1,0.8,1
tutorial,18.1,0.821,1
tutorial,18.1,0.842,2
tutorial,18.1,0.889,5
tutorial,18.1,0.914,2
tutorial,18.1,0.941,6
tutorial,18.1,0.97,2
tutorial,18.1,1,71
tutorial,18.2,0.842,2
tutorial,18.2,0.865,1
tutorial,18.2,0.889,2
tutorial,18.2,0.914,2
tutorial,18.2,0.941,12
tutorial,18.2,0.97,2
tutorial,18.2,1,65
tutorial,18.3,0.78,1
tutorial,18.3,0.821,1
tutorial,18.3,0.865,1
tutorial,18.3,0.889,5
tutorial,18.3,0.914,2
tutorial,18.3,0.941,6
tutorial,18.3,0.97,2
tutorial,18.3,1,74
tutorial,18.4,0.727,1
tutorial,18.4,0.889,2
tutorial,18.4,0.914,1
tutorial,18.4,0.941,8
tutorial,18.4,0.97,7
tutorial,18.4,1,74
tutorial,18.5,0.8,2
tutorial,18.5,0.865,1
tutorial,18.5,0.889,2
tutorial,18.5,0.941,14
tutorial,18.5,0.97,3
tutorial,18.5,1,69
tutorial,18.6,0.8,1
tutorial,18.6,0.865,1
tutorial,18.6,0.889,4
tutorial,18.6,0.914,2
tutorial,18.6,0.941,8
tutorial,18.6,0.97,4
tutorial,18.6,1,60
tutorial,18.7,0.8,1
tutorial,18.7,0.865,1
tutorial,18.7,0.889,3
tutorial,18.7,0.914,2
tutorial,18.7,0.941,11
tutorial,18.7,0.97,7
tutorial,18.7,1,60
tutorial,18.8,0.653,1
tutorial,18.8,0.842,1
tutorial,18.8,0.865,2
tutorial,18.8,0.889,7
tutorial,18.8,0.914,1
tutorial,18.8,0.941,9
tutorial,18.8,0.97,2
tutorial,18.8,1,56
tutorial,18.9,0.842,3
tutorial,18.9,0.889,3
tutorial,18.9,0.914,5
tutorial,18.9,0.941,10
tutorial,18.9,0.97,2
tutorial,18.9,1,65
tutorial,19,0.604,1
tutorial,19,0.727,1
tutorial,19,0.842,2
tutorial,19,0.865,3
tutorial,19,0.889,2
tutorial,19,0.914,3
tutorial,19,0.941,10
tutorial,19,0.97,2
tutorial,19,1,65
tutorial,19.1,0.727,1
tutorial,19.1,0.8,1
tutorial,19.1,0.889,3
tutorial,19.1,0.914,2
tutorial,19.1,0.941,7
tutorial,19.1,0.97,1
tutorial,19.1,1,85
tutorial,19.2,0.653,1
tutorial,19.2,0.78,1
tutorial,19.2,0.842,3
tutorial,19.2,0.889,7
tutorial,19.2,0.914,2
tutorial,19.2,0.941,5
tutorial,19.2,0.97,2
tutorial,19.2,1,83
tutorial,19.3,0.64,1
tutorial,19.3,0.8,1
tutorial,19.3,0.842,1
tutorial,19.3,0.865,3
tutorial,19.3,0.889,3
tutorial,19.3,0.914,3
tutorial,19.3,0.941,10
tutorial,19.3,0.97,3
tutorial,19.3,1,84
tutorial,19.4,0.78,1
tutorial,19.4,0.821,2
tutorial,19.4,0.865,1
tutorial,19.4,0.889,3
tutorial,19.4,0.914,2
tutorial,19.4,0.941,15
tutorial,19.4,0.97,4
tutorial,19.4,1,64
tutorial,19.5,0.711,1
tutorial,19.5,0.842,2
tutorial,19.5,0.865,1
tutorial,19.5,0.889,3
tutorial,19.5,0.914,1
tutorial,19.5,0.941,10
tutorial,19.5,0.97,2
tutorial,19.5,1,56
tutorial,19.6,0.762,1
tutorial,19.6,0.842,1
tutorial,19.6,0.865,1
tutorial,19.6,0.914,2
tutorial,19.6,0.941,16
tutorial,19.6,0.97,4
tutorial,19.6,1,57
tutorial,19.7,0.711,1
tutorial,19.7,0.8,1
tutorial,19.7,0.865,1
tutorial,19.7,0.889,4
tutorial,19.7,0.914,1
tutorial,19.7,0.941,15
tutorial,19.7,0.97,6
tutorial,19.7,1,65
tutorial,19.8,0.821,1
tutorial,19.8,0.842,1
tutorial,19.8,0.865,2
tutorial,19.8,0.889,3
tutorial,19.8,0.914,1
tutorial,19.8,0.941,6
tutorial,19.8,1,76
tutorial,19.9,0.711,1
tutorial,19.9,0.821,1
tutorial,19.9,0.889,3
tutorial,19.9,0.914,4
tutorial,19.9,0.941,7
tutorial,19.9,0.97,2
tutorial,19.9,1,67
tutorial,20,0.744,1
tutorial,20,0.8,1
tutorial,20,0.821,1
tutorial,20,0.889,3
tutorial,20,0.941,10
tutorial,20,0.97,3
tutorial,20,1,61
tutorial,20.1,0.78,1
tutorial,20.1,0.842,1
tutorial,20.1,0.865,1
tutorial,20.1,0.889,1
tutorial,20.1,0.914,2
tutorial,20.1,0.941,7
tutorial,20.1,0.97,3
tutorial,20.1,1,53
tutorial,20.2,0.865,1
tutorial,20.2,0.889,6
tutorial,20.2,0.914,3
tutorial,20.2,0.941,12
tutorial,20.2,1,66
tutorial,20.3,0.842,2
tutorial,20.3,0.865,1
tutorial,20.3,0.889,3
tutorial,20.3,0.914,1
tutorial,20.3,0.941,11
tutorial,20.3,0.97,2
tutorial,20.3,1,66
tutorial,20.4,0.762,1
tutorial,20.4,0.842,1
tutorial,20.4,0.889,3
tutorial,20.4,0.914,2
tutorial,20.4,0.941,8
tutorial,20.4,0.97,4
tutorial,20.4,1,57
tutorial,20.5,0.821,1
tutorial,20.5,0.865,1
tutorial,20.5,0.889,2
tutorial,20.5,0.914,3
tutorial,20.5,0.941,10
tutorial,20.5,0.97,2
tutorial,20.5,1,61
tutorial,20.6,0.8,1
tutorial,20.6,0.821,2
tutorial,20.6,0.842,2
tutorial,20.6,0.889,5
tutorial,20.6,0.941,4
tutorial,20.6,0.97,3
tutorial,20.6,1,65
tutorial,20.7,0.8,1
tutorial,20.7,0.842,2
tutorial,20.7,0.865,1
tutorial,20.7,0.914,3
tutorial,20.7,0.941,12
tutorial,20.7,0.97,5
tutorial,20.7,1,66
tutorial,20.8,0.8,1
tutorial,20.8,0.842,3
tutorial,20.8,0.889,1
tutorial,20.8,0.914,1
tutorial,20.8,0.941,11
tutorial,20.8,0.97,3
tutorial,20.8,1,71
tutorial,20.9,0.821,2
tutorial,20.9,0.842,1
tutorial,20.9,0.889,3
tutorial,20.9,0.914,1
tutorial,20.9,0.941,6
tutorial,20.9,0.97,1
tutorial,20.9,1,65
tutorial,21,0.762,1
tutorial,21,0.842,3
tutorial,21,0.865,1
tutorial,21,0.889,1
tutorial,21,0.941,10
tutorial,21,0.97,4
tutorial,21,1,82
tutorial,21.1,0.711,1
tutorial,21.1,0.762,1
tutorial,21.1,0.8,1
tutorial,21.1,0.842,3
tutorial,21.1,0.865,3
tutorial,21.1,0.889,9
tutorial,21.1,0.914,1
tutorial,21.1,0.941,9
tutorial,21.1,0.97,2
tutorial,21.1,1,59
tutorial,21.2,0.696,1
tutorial,21.2,0.78,1
tutorial,21.2,0.889,3
tutorial,21.2,0.914,1
tutorial,21.2,0.941,10
tutorial,21.2,0.97,3
tutorial,21.2,1,52
tutorial,21.3,0.667,1
tutorial,21.3,0.842,2
tutorial,21.3,0.865,1
tutorial,21.3,0.889,1
tutorial,21.3,0.941,9
tutorial,21.3,0.97,3
tutorial,21.3,1,47
tutorial,21.4,0.865,1
tutorial,21.4,0.889,8
tutorial,21.4,0.914,1
tutorial,21.4,0.941,5
tutorial,21.4,0.97,1
tutorial,21.4,1,59
tutorial,21.5,0.744,1
tutorial,21.5,0.762,1
tutorial,21.5,0.78,1
tutorial,21.5,0.842,1
tutorial,21.5,0.889,3
tutorial,21.5,0.914,1
tutorial,21.5,0.941,8
tutorial,21.5,0.97,4
tutorial,21.5,1,73
tutorial,21.6,0.8,1
tutorial,21.6,0.821,2
tutorial,21.6,0.842,2
tutorial,21.6,0.889,1
tutorial,21.6,0.914,2
tutorial,21.6,0.941,9
tutorial,21.6,0.97,6
tutorial,21.6,1,73
tutorial,21.7,0.865,1
tutorial,21.7,0.889,1
tutorial,21.7,0.914,1
tutorial,21.7,0.941,10
tutorial,21.7,0.97,1
tutorial,21.7,1,61
tutorial,21.8,0.78,1
tutorial,21.8,0.821,1
tutorial,21.8,0.865,2
tutorial,21.8,0.889,4
tutorial,21.8,0.914,1
tutorial,21.8,0.941,4
tutorial,21.8,1,64
tutorial,21.9,0.8,1
tutorial,21.9,0.865,3
tutorial,21.9,0.889,3
tutorial,21.9,0.914,2
tutorial,21.9,0.941,6
tutorial,21.9,0.97,5
tutorial,21.9,1,68
tutorial,22,0.78,1
tutorial,22,0.821,1
tutorial,22,0.842,1
tutorial,22,0.889,2
tutorial,22,0.914,3
tutorial,22,0.941,11
tutorial,22,1,58
tutorial,22.1,0.842,1
tutorial,22.1,0.889,3
tutorial,22.1,0.941,8
tutorial,22.1,0.97,3
tutorial,22.1,1,68
tutorial,22.2,0.744,1
tutorial,22.2,0.762,1
tutorial,22.2,0.78,1
tutorial,22.2,0.8,1
tutorial,22.2,0.821,1
tutorial,22.2,0.842,1
tutorial,22.2,0.865,2
tutorial,22.2,0.889,2
tutorial,22.2,0.941,10
tutorial,22.2,0.97,2
tutorial,22.2,1,66
tutorial,22.3,0.696,1
tutorial,22.3,0.762,1
tutorial,22.3,0.842,2
tutorial,22.3,0.889,3
tutorial,22.3,0.914,3
tutorial,22.3,0.941,6
tutorial,22.3,0.97,3
tutorial,22.3,1,54
tutorial,22.4,0.8,1
tutorial,22.4,0.842,2
tutorial,22.4,0.865,2
tutorial,22.4,0.889,4
tutorial,22.4,0.914,2
tutorial,22.4,0.941,10
tutorial,22.4,0.97,1
tutorial,22.4,1,57
tutorial,22.5,0.744,1
tutorial,22.5,0.821,1
tutorial,22.5,0.889,3
tutorial,22.5,0.941,3
tutorial,22.5,0.97,6
tutorial,22.5,1,49
tutorial,22.6,0.64,1
tutorial,22.6,0.821,2
tutorial,22.6,0.889,2
tutorial,22.6,0.914,4
tutorial,22.6,0.941,10
tutorial,22.6,1,54
tutorial,22.7,0.8,1
tutorial,22.7,0.842,1
tutorial,22.7,0.889,3
tutorial,22.7,0.914,4
tutorial,22.7,0.941,13
tutorial,22.7,0.97,3
tutorial,22.7,1,60
tutorial,22.8,0.8,1
tutorial,22.8,0.842,4
tutorial,22.8,0.889,3
tutorial,22.8,0.941,1
tutorial,22.8,0.97,4
tutorial,22.8,1,48
tutorial,22.9,0.78,1
tutorial,22.9,0.8,1
tutorial,22.9,0.865,2
tutorial,22.9,0.889,3
tutorial,22.9,0.941,5
tutorial,22.9,0.97,4
tutorial,22.9,1,60
tutorial,23,0.842,1
tutorial,23,0.865,1
tutorial,23,0.889,4
tutorial,23,0.914,2
tutorial,23,0.941,8
tutorial,23,0.97,3
tutorial,23,1,54
tutorial,23.1,0.727,1
tutorial,23.1,0.744,1
tutorial,23.1,0.821,2
tutorial,23.1,0.889,2
tutorial,23.1,0.914,3
tutorial,23.1,0.941,9
tutorial,23.1,0.97,5
tutorial,23.1,1,50
tutorial,23.2,0.696,1
tutorial,23.2,0.762,1
tutorial,23.2,0.78,2
tutorial,23.2,0.842,2
tutorial,23.2,0.865,2
tutorial,23.2,0.889,1
tutorial,23.2,0.914,1
tutorial,23.2,0.941,10
tutorial,23.2,0.97,3
tutorial,23.2,1,56
tutorial,23.3,0.727,1
tutorial,23.3,0.8,1
tutorial,23.3,0.821,1
tutorial,23.3,0.842,1
tutorial,23.3,0.865,1
tutorial,23.3,0.889,3
tutorial,23.3,0.914,1
tutorial,23.3,0.941,6
tutorial,23.3,0.97,6
tutorial,23.3,1,55
tutorial,23.4,0.8,2
tutorial,23.4,0.821,1
tutorial,23.4,0.842,3
tutorial,23.4,0.889,1
tutorial,23.4,0.914,2
tutorial,23.4,0.941,9
tutorial,23.4,1,62
tutorial,23.5,0.653,1
tutorial,23.5,0.78,1
tutorial,23.5,0.821,1
tutorial,23.5,0.842,1
tutorial,23.5,0.889,1
tutorial,23.5,0.914,1
tutorial,23.5,0.941,8
tutorial,23.5,0.97,1
tutorial,23.5,1,54
tutorial,23.6,0.604,1
tutorial,23.6,0.78,1
tutorial,23.6,0.865,1
tutorial,23.6,0.889,7
tutorial,23.6,0.914,1
tutorial,23.6,0.941,9
tutorial,23.6,0.97,3
tutorial,23.6,1,66
tutorial,23.7,0.762,1
tutorial,23.7,0.821,1
tutorial,23.7,0.865,1
tutorial,23.7,0.889,4
tutorial,23.7,0.914,3
tutorial,23.7,0.941,9
tutorial,23.7,0.97,5
tutorial,23.7,1,50
tutorial,23.8,0.842,3
tutorial,23.8,0.865,1
tutorial,23.8,0.889,1
tutorial,23.8,0.914,3
tutorial,23.8,0.941,6
tutorial,23.8,0.97,1
tutorial,23.8,1,54
tutorial,23.9,0.744,1
tutorial,23.9,0.8,1
tutorial,23.9,0.842,1
tutorial,23.9,0.889,1
tutorial,23.9,0.914,2
tutorial,23.9,0.941,9
tutorial,23.9,0.97,4
tutorial,23.9,1,57
tutorial,24,0.762,1
tutorial,24,0.842,2
tutorial,24,0.889,5
tutorial,24,0.914,1
tutorial,24,0.941,9
tutorial,24,0.97,2
tutorial,24,1,60
tutorial,24.1,0.842,1
tutorial,24.1,0.889,5
tutorial,24.1,0.914,1
tutorial,24.1,0.941,8
tutorial,24.1,0.97,1
tutorial,24.1,1,43
tutorial,24.2,0.842,2
tutorial,24.2,0.865,2
tutorial,24.2,0.889,1
tutorial,24.2,0.914,3
tutorial,24.2,0.941,5
tutorial,24.2,0.97,3
tutorial,24.2,1,44
tutorial,24.3,0.842,2
tutorial,24.3,0.865,1
tutorial,24.3,0.889,5
tutorial,24.3,0.914,2
tutorial,24.3,0.941,4
tutorial,24.3,0.97,4
tutorial,24.3,1,52
tutorial,24.4,0.78,1
tutorial,24.4,0.821,1
tutorial,24.4,0.842,4
tutorial,24.4,0.889,1
tutorial,24.4,0.914,2
tutorial,24.4,0.941,3
tutorial,24.4,0.97,1
tutorial,24.4,1,54
tutorial,24.5,0.78,1
tutorial,24.5,0.842,1
tutorial,24.5,0.865,1
tutorial,24.5,0.889,4
tutorial,24.5,0.914,2
tutorial,24.5,0.941,8
tutorial,24.5,0.97,1
tutorial,24.5,1,57
tutorial,24.6,0.821,1
tutorial,24.6,0.842,1
tutorial,24.6,0.914,1
tutorial,24.6,0.941,11
tutorial,24.6,0.97,2
tutorial,24.6,1,43
tutorial,24.7,0.744,1
tutorial,24.7,0.8,1
tutorial,24.7,0.821,1
tutorial,24.7,0.889,2
tutorial,24.7,0.914,1
tutorial,24.7,0.941,3
tutorial,24.7,0.97,4
tutorial,24.7,1,55
tutorial,24.8,0.711,1
tutorial,24.8,0.8,1
tutorial,24.8,0.889,4
tutorial,24.8,0.914,1
tutorial,24.8,0.941,5
tutorial,24.8,0.97,4
tutorial,24.8,1,69
tutorial,24.9,0.821,1
tutorial,24.9,0.842,1
tutorial,24.9,0.865,3
tutorial,24.9,0.889,6
tutorial,24.9,0.914,1
tutorial,24.9,0.941,10
tutorial,24.9,0.97,2
tutorial,24.9,1,51
tutorial,25,0.842,2
tutorial,25,0.889,4
tutorial,25,0.914,2
tutorial,25,0.941,7
tutorial,25,0.97,5
tutorial,25,1,54
tutorial,25.1,0.8,1
tutorial,25.1,0.889,4
tutorial,25.1,0.914,2
tutorial,25.1,0.941,9
tutorial,25.1,0.97,4
tutorial,25.1,1,44
tutorial,25.2,0.821,1
tutorial,25.2,0.842,1
tutorial,25.2,0.865,3
tutorial,25.2,0.889,6
tutorial,25.2,0.914,2
tutorial,25.2,0.941,4
tutorial,25.2,1,44
tutorial,25.3,0.8,1
tutorial,25.3,0.842,1
tutorial,25.3,0.914,3
tutorial,25.3,0.941,6
tutorial,25.3,0.97,2
tutorial,25.3,1,56
tutorial,25.4,0.727,1
tutorial,25.4,0.762,1
tutorial,25.4,0.821,1
tutorial,25.4,0.842,2
tutorial,25.4,0.889,3
tutorial,25.4,0.941,4
tutorial,25.4,0.97,2
tutorial,25.4,1,43
tutorial,25.5,0.8,1
tutorial,25.5,0.821,1
tutorial,25.5,0.842,2
tutorial,25.5,0.865,2
tutorial,25.5,0.889,1
tutorial,25.5,0.914,2
tutorial,25.5,0.941,7
tutorial,25.5,0.97,3
tutorial,25.5,1,64
tutorial,25.6,0.762,1
tutorial,25.6,0.889,2
tutorial,25.6,0.914,2
tutorial,25.6,0.941,4
tutorial,25.6,0.97,4
tutorial,25.6,1,52
tutorial,25.7,0.627,1
tutorial,25.7,0.8,1
tutorial,25.7,0.889,3
tutorial,25.7,0.941,11
tutorial,25.7,0.97,1
tutorial,25.7,1,49
tutorial,25.8,0.711,1
tutorial,25.8,0.842,1
tutorial,25.8,0.865,1
tutorial,25.8,0.889,2
tutorial,25.8,0.941,10
tutorial,25.8,1,40
tutorial,25.9,0.64,1
tutorial,25.9,0.842,1
tutorial,25.9,0.889,2
tutorial,25.9,0.914,3
tutorial,25.9,0.941,7
tutorial,25.9,1,43
tutorial,26,0.762,1
tutorial,26,0.842,1
tutorial,26,0.865,3
tutorial,26,0.889,2
tutorial,26,0.914,3
tutorial,26,0.941,5
tutorial,26,0.97,1
tutorial,26,1,47
tutorial,26.1,0.762,1
tutorial,26.1,0.8,1
tutorial,26.1,0.842,1
tutorial,26.1,0.889,2
tutorial,26.1,0.941,8
tutorial,26.1,0.97,4
tutorial,26.1,1,48
tutorial,26.2,0.696,1
tutorial,26.2,0.762,1
tutorial,26.2,0.821,1
tutorial,26.2,0.889,2
tutorial,26.2,0.914,2
tutorial,26.2,0.941,2
tutorial,26.2,0.97,3
tutorial,26.2,1,46
tutorial,26.3,0.727,1
tutorial,26.3,0.842,4
tutorial,26.3,0.914,1
tutorial,26.3,0.941,5
tutorial,26.3,0.97,3
tutorial,26.3,1,44
tutorial,26.4,0.8,2
tutorial,26.4,0.842,1
tutorial,26.4,0.889,4
tutorial,26.4,0.914,1
tutorial,26.4,0.941,1
tutorial,26.4,0.97,2
tutorial,26.4,1,47
tutorial,26.5,0.696,1
tutorial,26.5,0.744,1
tutorial,26.5,0.762,1
tutorial,26.5,0.889,1
tutorial,26.5,0.914,6
tutorial,26.5,0.941,6
tutorial,26.5,1,43
tutorial,26.6,0.821,1
tutorial,26.6,0.889,2
tutorial,26.6,0.914,1
tutorial,26.6,0.941,9
tutorial,26.6,0.97,2
tutorial,26.6,1,43
tutorial,26.7,0.865,1
tutorial,26.7,0.889,6
tutorial,26.7,0.914,1
tutorial,26.7,0.941,5
tutorial,26.7,0.97,3
tutorial,26.7,1,42
tutorial,26.8,0.744,1
tutorial,26.8,0.842,1
tutorial,26.8,0.865,2
tutorial,26.8,0.889,1
tutorial,26.8,0.914,2
tutorial,26.8,0.941,5
tutorial,26.8,0.97,5
tutorial,26.8,1,55
tutorial,26.9,0.696,1
tutorial,26.9,0.727,1
tutorial,26.9,0.865,1
tutorial,26.9,0.889,2
tutorial,26.9,0.941,11
tutorial,26.9,0.97,1
tutorial,26.9,1,43
tutorial,27,0.8,2
tutorial,27,0.821,2
tutorial,27,0.865,2
tutorial,27,0.889,4
tutorial,27,0.941,6
tutorial,27,0.97,3
tutorial,27,1,45
tutorial,27.1,0.8,1
tutorial,27.1,0.842,1
tutorial,27.1,0.865,1
tutorial,27.1,0.889,5
tutorial,27.1,0.914,3
tutorial,27.1,0.941,3
tutorial,27.1,0.97,2
tutorial,27.1,1,57
tutorial,27.2,0.744,1
tutorial,27.2,0.842,1
tutorial,27.2,0.865,1
tutorial,27.2,0.889,2
tutorial,27.2,0.941,9
tutorial,27.2,0.97,1
tutorial,27.2,1,34
tutorial,27.3,0.744,1
tutorial,27.3,0.78,1
tutorial,27.3,0.821,1
tutorial,27.3,0.865,2
tutorial,27.3,0.889,4
tutorial,27.3,0.914,2
tutorial,27.3,0.941,5
tutorial,27.3,0.97,2
tutorial,27.3,1,45
tutorial,27.4,0.525,1
tutorial,27.4,0.842,1
tutorial,27.4,0.889,1
tutorial,27.4,0.914,1
tutorial,27.4,0.941,9
tutorial,27.4,0.97,1
tutorial,27.4,1,42
tutorial,27.5,0.8,1
tutorial,27.5,0.842,1
tutorial,27.5,0.865,1
tutorial,27.5,0.889,1
tutorial,27.5,0.914,2
tutorial,27.5,0.941,8
tutorial,27.5,0.97,1
tutorial,27.5,1,44
tutorial,27.6,0.842,1
tutorial,27.6,0.889,2
tutorial,27.6,0.914,2
tutorial,27.6,0.941,8
tutorial,27.6,0.97,2
tutorial,27.6,1,44
tutorial,27.7,0.681,1
tutorial,27.7,0.821,1
tutorial,27.7,0.865,2
tutorial,27.7,0.914,3
tutorial,27.7,0.941,3
tutorial,27.7,0.97,2
tutorial,27.7,1,44
tutorial,27.8,0.653,1
tutorial,27.8,0.865,1
tutorial,27.8,0.889,1
tutorial,27.8,0.941,6
tutorial,27.8,0.97,3
tutorial,27.8,1,53
tutorial,27.9,0.762,1
tutorial,27.9,0.842,1
tutorial,27.9,0.889,1
tutorial,27.9,0.941,6
tutorial,27.9,0.97,2
tutorial,27.9,1,32
tutorial,28,0.727,1
tutorial,28,0.8,1
tutorial,28,0.889,3
tutorial,28,0.914,1
tutorial,28,0.941,8
tutorial,28,0.97,2
tutorial,28,1,53
tutorial,28.1,0.865,1
tutorial,28.1,0.889,3
tutorial,28.1,0.914,2
tutorial,28.1,0.941,6
tutorial,28.1,1,39
tutorial,28.2,0.842,2
tutorial,28.2,0.865,1
tutorial,28.2,0.889,2
tutorial,28.2,0.914,1
tutorial,28.2,0.941,7
tutorial,28.2,0.97,1
tutorial,28.2,1,40
tutorial,28.3,0.8,1
tutorial,28.3,0.865,1
tutorial,28.3,0.889,1
tutorial,28.3,0.941,6
tutorial,28.3,0.97,4
tutorial,28.3,1,40
tutorial,28.4,0.727,1
tutorial,28.4,0.8,1
tutorial,28.4,0.842,1
tutorial,28.4,0.889,4
tutorial,28.4,0.914,1
tutorial,28.4,0.941,4
tutorial,28.4,0.97,3
tutorial,28.4,1,40
tutorial,28.5,0.865,2
tutorial,28.5,0.889,2
tutorial,28.5,0.941,9
tutorial,28.5,1,38
tutorial,28.6,0.744,1
tutorial,28.6,0.821,1
tutorial,28.6,0.842,1
tutorial,28.6,0.889,5
tutorial,28.6,0.914,1
tutorial,28.6,0.941,9
tutorial,28.6,0.97,3
tutorial,28.6,1,34
tutorial,28.7,0.681,1
tutorial,28.7,0.78,1
tutorial,28.7,0.8,1
tutorial,28.7,0.821,1
tutorial,28.7,0.842,2
tutorial,28.7,0.889,2
tutorial,28.7,0.914,1
tutorial,28.7,0.941,6
tutorial,28.7,0.97,3
tutorial,28.7,1,48
tutorial,28.8,0.889,3
tutorial,28.8,0.914,3
tutorial,28.8,0.941,6
tutorial,28.8,0.97,1
tutorial,28.8,1,50
tutorial,28.9,0.78,1
tutorial,28.9,0.8,1
tutorial,28.9,0.842,3
tutorial,28.9,0.865,1
tutorial,28.9,0.889,5
tutorial,28.9,0.914,1
tutorial,28.9,0.941,6
tutorial,28.9,0.97,1
tutorial,28.9,1,35
tutorial,29,0.78,1
tutorial,29,0.865,1
tutorial,29,0.889,2
tutorial,29,0.941,5
tutorial,29,0.97,2
tutorial,29,1,40
tutorial,29.1,0.842,1
tutorial,29.1,0.889,1
tutorial,29.1,0.914,2
tutorial,29.1,0.941,7
tutorial,29.1,0.97,3
tutorial,29.1,1,38
tutorial,29.2,0.762,3
tutorial,29.2,0.821,1
tutorial,29.2,0.842,2
tutorial,29.2,0.889,1
tutorial,29.2,0.914,2
tutorial,29.2,0.941,3
tutorial,29.2,0.97,1
tutorial,29.2,1,37
tutorial,29.3,0.762,1
tutorial,29.3,0.821,3
tutorial,29.3,0.889,2
tutorial,29.3,0.914,1
tutorial,29.3,0.941,3
tutorial,29.3,0.97,3
tutorial,29.3,1,49
tutorial,29.4,0.78,1
tutorial,29.4,0.842,3
tutorial,29.4,0.889,1
tutorial,29.4,0.941,5
tutorial,29.4,0.97,1
tutorial,29.4,1,50
tutorial,29.5,0.821,1
tutorial,29.5,0.842,1
tutorial,29.5,0.865,2
tutorial,29.5,0.889,1
tutorial,29.5,0.914,3
tutorial,29.5,0.941,5
tutorial,29.5,0.97,5
tutorial,29.5,1,33
tutorial,29.6,0.525,1
tutorial,29.6,0.667,1
tutorial,29.6,0.842,1
tutorial,29.6,0.865,1
tutorial,29.6,0.889,2
tutorial,29.6,0.914,1
tutorial,29.6,0.941,6
tutorial,29.6,1,36
tutorial,29.7,0.627,1
tutorial,29.7,0.762,1
tutorial,29.7,0.889,1
tutorial,29.7,0.941,8
tutorial,29.7,1,39
tutorial,29.8,0.667,1
tutorial,29.8,0.744,1
tutorial,29.8,0.8,1
tutorial,29.8,0.842,2
tutorial,29.8,0.889,3
tutorial,29.8,0.941,4
tutorial,29.8,0.97,1
tutorial,29.8,1,27
tutorial,29.9,0.842,3
tutorial,29.9,0.889,4
tutorial,29.9,0.914,1
tutorial,29.9,0.941,6
tutorial,29.9,0.97,1
tutorial,29.9,1,33
tutorial,30,0.8,1
tutorial,30,0.821,2
tutorial,30,0.842,4
tutorial,30,0.941,7
tutorial,30,0.97,2
tutorial,30,1,43
tutorial,30.1,0.744,1
tutorial,30.1,0.8,1
tutorial,30.1,0.842,4
tutorial,30.1,0.865,2
tutorial,30.1,0.914,2
tutorial,30.1,0.941,7
tutorial,30.1,0.97,2
tutorial,30.1,1,33
tutorial,30.2,0.889,4
tutorial,30.2,0.914,1
tutorial,30.2,0.941,3
tutorial,30.2,0.97,1
tutorial,30.2,1,42
tutorial,30.3,0.653,1
tutorial,30.3,0.8,1
tutorial,30.3,0.842,2
tutorial,30.3,0.865,1
tutorial,30.3,0.889,4
tutorial,30.3,0.914,1
tutorial,30.3,0.941,4
tutorial,30.3,0.97,3
tutorial,30.3,1,40
tutorial,30.4,0.8,1
tutorial,30.4,0.889,4
tutorial,30.4,0.914,1
tutorial,30.4,0.941,10
tutorial,30.4,1,35
tutorial,30.5,0.8,1
tutorial,30.5,0.889,2
tutorial,30.5,0.914,1
tutorial,30.5,0.941,7
tutorial,30.5,0.97,4
tutorial,30.5,1,35
tutorial,30.6,0.727,1
tutorial,30.6,0.8,1
tutorial,30.6,0.889,3
tutorial,30.6,0.914,2
tutorial,30.6,0.941,6
tutorial,30.6,0.97,2
tutorial,30.6,1,24
tutorial,30.7,0.681,1
tutorial,30.7,0.711,1
tutorial,30.7,0.842,3
tutorial,30.7,0.889,2
tutorial,30.7,0.914,1
tutorial,30.7,0.941,4
tutorial,30.7,0.97,2
tutorial,30.7,1,31
tutorial,30.8,0.727,1
tutorial,30.8,0.8,1
tutorial,30.8,0.821,1
tutorial,30.8,0.842,1
tutorial,30.8,0.889,1
tutorial,30.8,0.914,3
tutorial,30.8,0.941,1
tutorial,30.8,0.97,4
tutorial,30.8,1,35
tutorial,30.9,0.865,1
tutorial,30.9,0.889,3
tutorial,30.9,0.914,2
tutorial,30.9,0.941,1
tutorial,30.9,0.97,3
tutorial,30.9,1,26
tutorial,31,0.8,1
tutorial,31,0.842,1
tutorial,31,0.865,1
tutorial,31,0.941,7
tutorial,31,0.97,1
tutorial,31,1,37
tutorial,31.1,0.727,1
tutorial,31.1,0.842,1
tutorial,31.1,0.889,2
tutorial,31.1,0.941,9
tutorial,31.1,0.97,2
tutorial,31.1,1,38
tutorial,31.2,0.8,1
tutorial,31.2,0.889,2
tutorial,31.2,0.941,6
tutorial,31.2,0.97,1
tutorial,31.2,1,22
tutorial,31.3,0.78,1
tutorial,31.3,0.8,1
tutorial,31.3,0.865,2
tutorial,31.3,0.889,5
tutorial,31.3,0.914,1
tutorial,31.3,0.941,5
tutorial,31.3,0.97,3
tutorial,31.3,1,32
tutorial,31.4,0.8,1
tutorial,31.4,0.842,3
tutorial,31.4,0.889,4
tutorial,31.4,0.914,1
tutorial,31.4,0.941,8
tutorial,31.4,0.97,1
tutorial,31.4,1,35
tutorial,31.5,0.8,1
tutorial,31.5,0.821,2
tutorial,31.5,0.842,2
tutorial,31.5,0.889,1
tutorial,31.5,0.941,4
tutorial,31.5,0.97,3
tutorial,31.5,1,32
tutorial,31.6,0.744,1
tutorial,31.6,0.865,1
tutorial,31.6,0.889,1
tutorial,31.6,0.941,7
tutorial,31.6,0.97,2
tutorial,31.6,1,30
tutorial,31.7,0.842,2
tutorial,31.7,0.865,1
tutorial,31.7,0.889,1
tutorial,31.7,0.914,1
tutorial,31.7,0.941,5
tutorial,31.7,0.97,4
tutorial,31.7,1,25
tutorial,31.8,0.744,1
tutorial,31.8,0.821,1
tutorial,31.8,0.842,1
tutorial,31.8,0.889,3
tutorial,31.8,0.914,2
tutorial,31.8,0.941,4
tutorial,31.8,1,32
tutorial,31.9,0.8,1
tutorial,31.9,0.865,1
tutorial,31.9,0.889,2
tutorial,31.9,0.914,1
tutorial,31.9,0.941,6
tutorial,31.9,0.97,3
tutorial,31.9,1,31
tutorial,32,0.78,1
tutorial,32,0.821,2
tutorial,32,0.842,3
tutorial,32,0.865,1
tutorial,32,0.889,2
tutorial,32,0.914,1
tutorial,32,0.941,6
tutorial,32,0.97,3
tutorial,32,1,31
tutorial,32.1,0.711,1
tutorial,32.1,0.865,3
tutorial,32.1,0.889,1
tutorial,32.1,0.914,1
tutorial,32.1,0.941,7
tutorial,32.1,0.97,4
tutorial,32.1,1,25
tutorial,32.2,0.627,1
tutorial,32.2,0.821,1
tutorial,32.2,0.842,1
tutorial,32.2,0.889,3
tutorial,32.2,0.914,1
tutorial,32.2,0.941,6
tutorial,32.2,0.97,1
tutorial,32.2,1,29
tutorial,32.3,0.604,1
tutorial,32.3,0.78,1
tutorial,32.3,0.8,1
tutorial,32.3,0.889,2
tutorial,32.3,0.914,1
tutorial,32.3,0.941,3
tutorial,32.3,0.97,4
tutorial,32.3,1,30
tutorial,32.4,0.865,1
tutorial,32.4,0.914,1
tutorial,32.4,0.941,3
tutorial,32.4,0.97,3
tutorial,32.4,1,29
tutorial,32.5,0.821,1
tutorial,32.5,0.842,1
tutorial,32.5,0.865,1
tutorial,32.5,0.889,3
tutorial,32.5,0.941,2
tutorial,32.5,1,29
tutorial,32.6,0.8,1
tutorial,32.6,0.842,1
tutorial,32.6,0.889,2
tutorial,32.6,0.941,8
tutorial,32.6,0.97,3
tutorial,32.6,1,27
tutorial,32.7,0.762,1
tutorial,32.7,0.842,1
tutorial,32.7,0.865,2
tutorial,32.7,0.889,2
tutorial,32.7,0.914,1
tutorial,32.7,0.941,5
tutorial,32.7,0.97,4
tutorial,32.7,1,38
tutorial,32.8,0.667,1
tutorial,32.8,0.711,1
tutorial,32.8,0.762,1
tutorial,32.8,0.8,1
tutorial,32.8,0.889,1
tutorial,32.8,0.941,7
tutorial,32.8,0.97,2
tutorial,32.8,1,32
tutorial,32.9,0.8,1
tutorial,32.9,0.821,1
tutorial,32.9,0.941,2
tutorial,32.9,0.97,3
tutorial,32.9,1,39
tutorial,33,0.889,4
tutorial,33,0.941,9
tutorial,33,0.97,2
tutorial,33,1,28
tutorial,33.1,0.865,1
tutorial,33.1,0.889,4
tutorial,33.1,0.941,3
tutorial,33.1,0.97,1
tutorial,33.1,1,28
tutorial,33.2,0.696,1
tutorial,33.2,0.889,1
tutorial,33.2,0.914,1
tutorial,33.2,0.941,6
tutorial,33.2,0.97,1
tutorial,33.2,1,33
tutorial,33.3,0.762,1
tutorial,33.3,0.889,1
tutorial,33.3,0.914,1
tutorial,33.3,0.941,6
tutorial,33.3,1,33
tutorial,33.4,0.821,1
tutorial,33.4,0.889,1
tutorial,33.4,0.914,1
tutorial,33.4,0.941,7
tutorial,33.4,0.97,3
tutorial,33.4,1,25
tutorial,33.5,0.889,1
tutorial,33.5,0.914,1
tutorial,33.5,0.941,3
tutorial,33.5,0.97,1
tutorial,33.5,1,33
tutorial,33.6,0.727,1
tutorial,33.6,0.842,2
tutorial,33.6,0.889,1
tutorial,33.6,0.914,2
tutorial,33.6,0.941,1
tutorial,33.6,0.97,1
tutorial,33.6,1,25
tutorial,33.7,0.865,1
tutorial,33.7,0.889,2
tutorial,33.7,0.941,4
tutorial,33.7,0.97,2
tutorial,33.7,1,20
tutorial,33.8,0.842,2
tutorial,33.8,0.865,2
tutorial,33.8,0.914,2
tutorial,33.8,0.941,3
tutorial,33.8,1,26
tutorial,33.9,0.78,1
tutorial,33.9,0.889,1
tutorial,33.9,0.941,3
tutorial,33.9,1,21
tutorial,34,0.842,1
tutorial,34,0.889,1
tutorial,34,0.914,1
tutorial,34,0.941,5
tutorial,34,0.97,3
tutorial,34,1,23
tutorial,34.1,0.8,1
tutorial,34.1,0.865,2
tutorial,34.1,0.941,6
tutorial,34.1,0.97,2
tutorial,34.1,1,27
tutorial,34.2,0.78,1
tutorial,34.2,0.842,1
tutorial,34.2,0.889,1
tutorial,34.2,0.914,1
tutorial,34.2,0.941,9
tutorial,34.2,0.97,1
tutorial,34.2,1,25
tutorial,34.3,0.681,1
tutorial,34.3,0.696,1
tutorial,34.3,0.821,1
tutorial,34.3,0.842,1
tutorial,34.3,0.865,1
tutorial,34.3,0.889,2
tutorial,34.3,0.914,3
tutorial,34.3,0.941,7
tutorial,34.3,0.97,1
tutorial,34.3,1,20
tutorial,34.4,0.681,1
tutorial,34.4,0.8,1
tutorial,34.4,0.842,1
tutorial,34.4,0.889,4
tutorial,34.4,0.914,1
tutorial,34.4,0.941,5
tutorial,34.4,0.97,2
tutorial,34.4,1,21
tutorial,34.5,0.744,1
tutorial,34.5,0.842,2
tutorial,34.5,0.889,3
tutorial,34.5,0.914,1
tutorial,34.5,0.941,2
tutorial,34.5,0.97,1
tutorial,34.5,1,28
tutorial,34.6,0.615,1
tutorial,34.6,0.627,1
tutorial,34.6,0.842,2
tutorial,34.6,0.865,1
tutorial,34.6,0.889,2
tutorial,34.6,0.941,6
tutorial,34.6,0.97,3
tutorial,34.6,1,24
tutorial,34.7,0.727,1
tutorial,34.7,0.842,1
tutorial,34.7,0.865,1
tutorial,34.7,0.889,2
tutorial,34.7,0.941,3
tutorial,34.7,0.97,2
tutorial,34.7,1,29
tutorial,34.8,0.865,2
tutorial,34.8,0.889,2
tutorial,34.8,0.941,8
tutorial,34.8,0.97,1
tutorial,34.8,1,29
tutorial,34.9,0.78,1
tutorial,34.9,0.865,1
tutorial,34.9,0.889,4
tutorial,34.9,0.914,1
tutorial,34.9,0.941,4
tutorial,34.9,0.97,4
tutorial,34.9,1,26
tutorial,35,0.711,1
tutorial,35,0.762,1
tutorial,35,0.821,1
tutorial,35,0.842,1
tutorial,35,0.865,1
tutorial,35,0.889,3
tutorial,35,0.914,1
tutorial,35,0.941,3
tutorial,35,0.97,2
tutorial,35,1,31
tutorial,35.1,0.711,1
tutorial,35.1,0.762,1
tutorial,35.1,0.8,2
tutorial,35.1,0.842,2
tutorial,35.1,0.865,1
tutorial,35.1,0.889,2
tutorial,35.1,0.941,6
tutorial,35.1,0.97,1
tutorial,35.1,1,22
tutorial,35.2,0.842,2
tutorial,35.2,0.865,1
tutorial,35.2,0.941,5
tutorial,35.2,1,22
tutorial,35.3,0.727,1
tutorial,35.3,0.8,2
tutorial,35.3,0.842,1
tutorial,35.3,0.865,1
tutorial,35.3,0.889,2
tutorial,35.3,0.914,2
tutorial,35.3,0.941,8
tutorial,35.3,0.97,1
tutorial,35.3,1,23
tutorial,35.4,0.762,1
tutorial,35.4,0.78,1
tutorial,35.4,0.842,2
tutorial,35.4,0.865,1
tutorial,35.4,0.889,4
tutorial,35.4,0.914,1
tutorial,35.4,0.941,7
tutorial,35.4,0.97,1
tutorial,35.4,1,15
tutorial,35.5,0.762,1
tutorial,35.5,0.889,1
tutorial,35.5,0.941,3
tutorial,35.5,1,24
tutorial,35.6,0.842,1
tutorial,35.6,0.865,1
tutorial,35.6,0.889,2
tutorial,35.6,0.941,3
tutorial,35.6,0.97,2
tutorial,35.6,1,20
tutorial,35.7,0.696,1
tutorial,35.7,0.821,1
tutorial,35.7,0.865,1
tutorial,35.7,0.889,1
tutorial,35.7,0.914,1
tutorial,35.7,0.941,1
tutorial,35.7,0.97,2
tutorial,35.7,1,19
tutorial,35.8,0.842,1
tutorial,35.8,0.941,3
tutorial,35.8,0.97,3
tutorial,35.8,1,25
tutorial,35.9,0.8,1
tutorial,35.9,0.842,3
tutorial,35.9,0.889,3
tutorial,35.9,0.914,1
tutorial,35.9,0.941,4
tutorial,35.9,0.97,2
tutorial,35.9,1,19
tutorial,36,0.681,1
tutorial,36,0.821,1
tutorial,36,0.842,1
tutorial,36,0.941,2
tutorial,36,0.97,3
tutorial,36,1,12
tutorial,36.1,0.8,1
tutorial,36.1,0.889,2
tutorial,36.1,0.941,4
tutorial,36.1,0.97,2
tutorial,36.1,1,24
tutorial,36.2,0.8,1
tutorial,36.2,0.865,1
tutorial,36.2,0.941,6
tutorial,36.2,0.97,2
tutorial,36.2,1,14
tutorial,36.3,0.842,1
tutorial,36.3,0.865,1
tutorial,36.3,0.889,2
tutorial,36.3,0.941,3
tutorial,36.3,1,13
tutorial,36.4,0.842,1
tutorial,36.4,0.865,1
tutorial,36.4,0.889,1
tutorial,36.4,0.914,1
tutorial,36.4,0.941,2
tutorial,36.4,1,24
tutorial,36.5,0.78,1
tutorial,36.5,0.8,1
tutorial,36.5,0.821,1
tutorial,36.5,0.889,2
tutorial,36.5,0.914,1
tutorial,36.5,0.941,6
tutorial,36.5,0.97,3
tutorial,36.5,1,22
tutorial,36.6,0.744,1
tutorial,36.6,0.78,1
tutorial,36.6,0.889,2
tutorial,36.6,0.914,1
tutorial,36.6,0.941,3
tutorial,36.6,0.97,3
tutorial,36.6,1,21
tutorial,36.7,0.941,3
tutorial,36.7,1,19
tutorial,36.8,0.889,4
tutorial,36.8,0.914,1
tutorial,36.8,0.941,2
tutorial,36.8,0.97,2
tutorial,36.8,1,24
tutorial,36.9,0.821,1
tutorial,36.9,0.914,1
tutorial,36.9,0.941,3
tutorial,36.9,0.97,3
tutorial,36.9,1,33
tutorial,37,0.604,1
tutorial,37,0.762,2
tutorial,37,0.78,1
tutorial,37,0.821,2
tutorial,37,0.865,1
tutorial,37,0.941,5
tutorial,37,0.97,1
tutorial,37,1,17
tutorial,37.1,0.8,2
tutorial,37.1,0.842,1
tutorial,37.1,0.941,4
tutorial,37.1,0.97,2
tutorial,37.1,1,22
tutorial,37.2,0.762,3
tutorial,37.2,0.821,1
tutorial,37.2,0.842,1
tutorial,37.2,0.865,2
tutorial,37.2,0.889,1
tutorial,37.2,0.941,3
tutorial,37.2,0.97,1
tutorial,37.2,1,22
tutorial,37.3,0.762,1
tutorial,37.3,0.914,1
tutorial,37.3,0.97,3
tutorial,37.3,1,20
tutorial,37.4,0.727,1
tutorial,37.4,0.941,4
tutorial,37.4,0.97,3
tutorial,37.4,1,12
tutorial,37.5,0.627,1
tutorial,37.5,0.842,1
tutorial,37.5,0.889,2
tutorial,37.5,0.941,5
tutorial,37.5,1,19
tutorial,37.6,0.842,1
tutorial,37.6,0.865,1
tutorial,37.6,0.889,1
tutorial,37.6,0.941,2
tutorial,37.6,0.97,2
tutorial,37.6,1,12
tutorial,37.7,0.696,1
tutorial,37.7,0.8,2
tutorial,37.7,0.842,1
tutorial,37.7,0.865,2
tutorial,37.7,0.889,3
tutorial,37.7,0.941,5
tutorial,37.7,0.97,2
tutorial,37.7,1,15
tutorial,37.8,0.744,1
tutorial,37.8,0.865,1
tutorial,37.8,0.889,3
tutorial,37.8,0.941,8
tutorial,37.8,0.97,2
tutorial,37.8,1,21
tutorial,37.9,0.889,2
tutorial,37.9,0.941,1
tutorial,37.9,0.97,3
tutorial,37.9,1,12
tutorial,38,0.914,1
tutorial,38,0.941,6
tutorial,38,0.97,3
tutorial,38,1,20
tutorial,38.1,0.821,2
tutorial,38.1,0.842,1
tutorial,38.1,0.889,1
tutorial,38.1,0.914,1
tutorial,38.1,0.941,2
tutorial,38.1,0.97,1
tutorial,38.1,1,21
tutorial,38.2,0.821,1
tutorial,38.2,0.889,1
tutorial,38.2,0.941,3
tutorial,38.2,0.97,2
tutorial,38.2,1,15
tutorial,38.3,0.842,1
tutorial,38.3,0.865,1
tutorial,38.3,0.914,1
tutorial,38.3,0.941,4
tutorial,38.3,0.97,1
tutorial,38.3,1,17
tutorial,38.4,0.762,1
tutorial,38.4,0.889,1
tutorial,38.4,0.914,1
tutorial,38.4,0.941,3
tutorial,38.4,0.97,1
tutorial,38.4,1,20
tutorial,38.5,0.821,1
tutorial,38.5,0.842,1
tutorial,38.5,0.865,1
tutorial,38.5,0.914,1
tutorial,38.5,0.941,2
tutorial,38.5,0.97,2
tutorial,38.5,1,20
tutorial,38.6,0.762,1
tutorial,38.6,0.8,2
tutorial,38.6,0.889,2
tutorial,38.6,0.941,1
tutorial,38.6,1,15
tutorial,38.7,0.696,1
tutorial,38.7,0.8,1
tutorial,38.7,0.842,1
tutorial,38.7,0.865,1
tutorial,38.7,0.914,2
tutorial,38.7,0.941,3
tutorial,38.7,0.97,1
tutorial,38.7,1,12
tutorial,38.8,0.762,1
tutorial,38.8,0.842,1
tutorial,38.8,0.889,1
tutorial,38.8,0.941,2
tutorial,38.8,0.97,2
tutorial,38.8,1,24
tutorial,38.9,0.8,1
tutorial,38.9,0.865,1
tutorial,38.9,0.941,2
tutorial,38.9,0.97,2
tutorial,38.9,1,30
tutorial,39,0.8,1
tutorial,39,0.865,1
tutorial,39,0.889,1
tutorial,39,0.941,6
tutorial,39,0.97,1
tutorial,39,1,17
tutorial,39.1,0.78,1
tutorial,39.1,0.865,1
tutorial,39.1,0.889,1
tutorial,39.1,0.941,3
tutorial,39.1,1,11
tutorial,39.2,0.727,1
tutorial,39.2,0.762,1
tutorial,39.2,0.842,1
tutorial,39.2,0.941,5
tutorial,39.2,0.97,1
tutorial,39.2,1,20
tutorial,39.3,0.889,1
tutorial,39.3,0.941,4
tutorial,39.3,0.97,3
tutorial,39.3,1,16
tutorial,39.4,0.615,1
tutorial,39.4,0.762,1
tutorial,39.4,0.914,1
tutorial,39.4,0.941,3
tutorial,39.4,0.97,2
tutorial,39.4,1,15
tutorial,39.5,0.78,1
tutorial,39.5,0.889,1
tutorial,39.5,0.941,2
tutorial,39.5,0.97,1
tutorial,39.5,1,15
tutorial,39.6,0.78,1
tutorial,39.6,0.842,1
tutorial,39.6,0.889,1
tutorial,39.6,0.914,1
tutorial,39.6,0.941,5
tutorial,39.6,1,10
tutorial,39.7,0.821,1
tutorial,39.7,0.842,1
tutorial,39.7,0.889,2
tutorial,39.7,0.914,1
tutorial,39.7,0.941,4
tutorial,39.7,1,11
tutorial,39.8,0.667,1
tutorial,39.8,0.78,1
tutorial,39.8,0.842,1
tutorial,39.8,0.865,1
tutorial,39.8,0.914,1
tutorial,39.8,0.941,2
tutorial,39.8,0.97,3
tutorial,39.8,1,12
tutorial,39.9,0.525,1
tutorial,39.9,0.762,1
tutorial,39.9,0.842,1
tutorial,39.9,0.914,1
tutorial,39.9,1,12
tutorial,40,0.842,2
tutorial,40,0.914,1
tutorial,40,0.941,4
tutorial,40,0.97,2
tutorial,40,1,15
tutorial,40.1,0.821,1
tutorial,40.1,0.889,2
tutorial,40.1,0.914,1
tutorial,40.1,0.941,3
tutorial,40.1,0.97,2
tutorial,40.1,1,14
tutorial,40.2,0.8,1
tutorial,40.2,0.842,1
tutorial,40.2,0.865,1
tutorial,40.2,0.889,1
tutorial,40.2,0.941,1
tutorial,40.2,1,20
tutorial,40.3,0.8,2
tutorial,40.3,0.941,2
tutorial,40.3,1,17
tutorial,40.4,0.821,1
tutorial,40.4,0.865,2
tutorial,40.4,0.914,1
tutorial,40.4,0.97,2
tutorial,40.4,1,26
tutorial,40.5,0.8,1
tutorial,40.5,0.865,1
tutorial,40.5,0.889,1
tutorial,40.5,0.914,1
tutorial,40.5,0.941,1
tutorial,40.5,0.97,1
tutorial,40.5,1,27
tutorial,40.6,0.762,1
tutorial,40.6,0.8,1
tutorial,40.6,0.889,1
tutorial,40.6,0.914,1
tutorial,40.6,0.941,4
tutorial,40.6,0.97,2
tutorial,40.6,1,15
tutorial,40.7,0.696,1
tutorial,40.7,0.727,1
tutorial,40.7,0.821,1
tutorial,40.7,0.865,1
tutorial,40.7,0.914,2
tutorial,40.7,0.941,3
tutorial,40.7,0.97,2
tutorial,40.7,1,16
tutorial,40.8,0.681,1
tutorial,40.8,0.762,1
tutorial,40.8,0.8,1
tutorial,40.8,0.842,1
tutorial,40.8,0.914,1
tutorial,40.8,0.941,4
tutorial,40.8,0.97,1
tutorial,40.8,1,18
tutorial,40.9,0.8,1
tutorial,40.9,0.842,1
tutorial,40.9,0.889,1
tutorial,40.9,0.941,3
tutorial,40.9,0.97,2
tutorial,40.9,1,8
tutorial,41,0.615,1
tutorial,41,0.842,1
tutorial,41,0.889,1
tutorial,41,0.914,2
tutorial,41,0.941,4
tutorial,41,0.97,1
tutorial,41,1,14
tutorial,41.1,0.889,3
tutorial,41.1,0.941,2
tutorial,41.1,0.97,1
tutorial,41.1,1,8
tutorial,41.2,0.727,1
tutorial,41.2,0.78,1
tutorial,41.2,0.8,2
tutorial,41.2,0.821,1
tutorial,41.2,0.842,1
tutorial,41.2,0.865,1
tutorial,41.2,1,9
tutorial,41.3,0.8,1
tutorial,41.3,0.821,1
tutorial,41.3,0.941,5
tutorial,41.3,0.97,1
tutorial,41.3,1,20
tutorial,41.4,0.727,1
tutorial,41.4,0.889,1
tutorial,41.4,0.941,3
tutorial,41.4,1,9
tutorial,41.5,0.842,1
tutorial,41.5,0.889,2
tutorial,41.5,0.914,1
tutorial,41.5,0.941,1
tutorial,41.5,0.97,2
tutorial,41.5,1,18
tutorial,41.6,0.762,1
tutorial,41.6,0.889,3
tutorial,41.6,0.914,1
tutorial,41.6,0.941,8
tutorial,41.6,1,18
tutorial,41.7,0.696,1
tutorial,41.7,0.889,1
tutorial,41.7,0.914,1
tutorial,41.7,0.941,3
tutorial,41.7,1,17
tutorial,41.8,0.821,2
tutorial,41.8,0.842,1
tutorial,41.8,0.889,1
tutorial,41.8,0.914,2
tutorial,41.8,0.941,1
tutorial,41.8,1,12
tutorial,41.9,0.865,1
tutorial,41.9,0.941,1
tutorial,41.9,1,13
tutorial,42,0.604,1
tutorial,42,0.8,1
tutorial,42,0.821,1
tutorial,42,0.889,1
tutorial,42,0.941,3
tutorial,42,0.97,1
tutorial,42,1,13
tutorial,42.1,0.762,1
tutorial,42.1,0.842,1
tutorial,42.1,0.889,2
tutorial,42.1,0.941,4
tutorial,42.1,1,10
tutorial,42.2,0.727,1
tutorial,42.2,0.842,1
tutorial,42.2,0.889,3
tutorial,42.2,0.914,1
tutorial,42.2,0.941,2
tutorial,42.2,0.97,1
tutorial,42.2,1,17
tutorial,42.3,0.842,1
tutorial,42.3,0.889,3
tutorial,42.3,0.914,2
tutorial,42.3,0.941,3
tutorial,42.3,1,14
tutorial,42.4,0.711,1
tutorial,42.4,0.842,1
tutorial,42.4,0.889,1
tutorial,42.4,0.941,4
tutorial,42.4,0.97,2
tutorial,42.4,1,19
tutorial,42.5,0.681,1
tutorial,42.5,0.842,2
tutorial,42.5,0.914,1
tutorial,42.5,0.941,2
tutorial,42.5,0.97,1
tutorial,42.5,1,15
tutorial,42.6,0.64,1
tutorial,42.6,0.744,1
tutorial,42.6,0.821,1
tutorial,42.6,0.842,1
tutorial,42.6,0.889,2
tutorial,42.6,0.914,1
tutorial,42.6,0.941,3
tutorial,42.6,0.97,1
tutorial,42.6,1,14
tutorial,42.7,0.941,1
tutorial,42.7,1,6
tutorial,42.8,0.681,1
tutorial,42.8,0.744,1
tutorial,42.8,0.889,1
tutorial,42.8,0.914,1
tutorial,42.8,0.941,1
tutorial,42.8,0.97,1
tutorial,42.8,1,8
tutorial,42.9,0.604,1
tutorial,42.9,0.842,1
tutorial,42.9,0.914,1
tutorial,42.9,0.941,1
tutorial,42.9,1,9
tutorial,43,0.593,1
tutorial,43,0.744,1
tutorial,43,0.78,1
tutorial,43,0.889,3
tutorial,43,0.941,3
tutorial,43,1,8
tutorial,43.1,0.78,1
tutorial,43.1,0.8,2
tutorial,43.1,0.842,1
tutorial,43.1,0.889,1
tutorial,43.1,0.914,2
tutorial,43.1,0.941,2
tutorial,43.1,0.97,1
tutorial,43.1,1,14
tutorial,43.2,0.744,1
tutorial,43.2,0.842,1
tutorial,43.2,0.941,2
tutorial,43.2,1,10
tutorial,43.3,0.889,2
tutorial,43.3,0.914,1
tutorial,43.3,0.941,2
tutorial,43.3,0.97,1
tutorial,43.3,1,16
tutorial,43.4,0.8,1
tutorial,43.4,0.821,1
tutorial,43.4,0.842,1
tutorial,43.4,0.889,1
tutorial,43.4,0.914,2
tutorial,43.4,0.941,3
tutorial,43.4,1,19
tutorial,43.5,0.821,1
tutorial,43.5,0.889,2
tutorial,43.5,0.941,2
tutorial,43.5,0.97,1
tutorial,43.5,1,7
tutorial,43.6,0.744,1
tutorial,43.6,0.8,2
tutorial,43.6,0.842,2
tutorial,43.6,0.941,3
tutorial,43.6,1,13
tutorial,43.7,0.744,1
tutorial,43.7,0.78,1
tutorial,43.7,0.865,1
tutorial,43.7,0.889,1
tutorial,43.7,0.914,1
tutorial,43.7,0.941,3
tutorial,43.7,1,15
tutorial,43.8,0.762,1
tutorial,43.8,0.914,1
tutorial,43.8,0.941,1
tutorial,43.8,0.97,1
tutorial,43.8,1,15
tutorial,43.9,0.727,2
tutorial,43.9,0.821,2
tutorial,43.9,0.889,1
tutorial,43.9,0.941,3
tutorial,43.9,1,16
tutorial,44,0.78,1
tutorial,44,0.889,1
tutorial,44,0.914,2
tutorial,44,0.941,2
tutorial,44,1,6
tutorial,44.1,0.842,1
tutorial,44.1,0.865,1
tutorial,44.1,0.889,3
tutorial,44.1,1,10
tutorial,44.2,0.653,1
tutorial,44.2,0.889,1
tutorial,44.2,0.941,2
tutorial,44.2,0.97,2
tutorial,44.2,1,9
tutorial,44.3,0.889,2
tutorial,44.3,0.941,2
tutorial,44.3,1,14
tutorial,44.4,0.727,1
tutorial,44.4,0.941,3
tutorial,44.4,0.97,1
tutorial,44.4,1,17
tutorial,44.5,0.865,1
tutorial,44.5,0.889,1
tutorial,44.5,0.941,2
tutorial,44.5,1,9
tutorial,44.6,0.457,1
tutorial,44.6,0.821,1
tutorial,44.6,0.889,1
tutorial,44.6,0.941,1
tutorial,44.6,1,8
tutorial,44.7,0.842,1
tutorial,44.7,0.941,3
tutorial,44.7,0.97,1
tutorial,44.7,1,15
tutorial,44.8,0.842,1
tutorial,44.8,0.865,1
tutorial,44.8,0.889,2
tutorial,44.8,0.941,1
tutorial,44.8,0.97,1
tutorial,44.8,1,9
tutorial,44.9,0.865,1
tutorial,44.9,0.914,2
tutorial,44.9,0.941,2
tutorial,44.9,0.97,1
tutorial,44.9,1,10
tutorial,45,0.821,1
tutorial,45,0.865,1
tutorial,45,0.889,2
tutorial,45,0.914,1
tutorial,45,0.941,3
tutorial,45,0.97,1
tutorial,45,1,14
tutorial,45.1,0.889,2
tutorial,45.1,0.941,3
tutorial,45.1,1,12
tutorial,45.2,0.889,1
tutorial,45.2,0.941,1
tutorial,45.2,0.97,2
tutorial,45.2,1,9
tutorial,45.3,0.8,1
tutorial,45.3,0.865,1
tutorial,45.3,0.941,3
tutorial,45.3,0.97,2
tutorial,45.3,1,13
tutorial,45.4,0.762,1
tutorial,45.4,0.821,1
tutorial,45.4,0.865,1
tutorial,45.4,0.889,3
tutorial,45.4,0.914,1
tutorial,45.4,0.941,1
tutorial,45.4,1,10
tutorial,45.5,0.667,1
tutorial,45.5,0.821,1
tutorial,45.5,0.842,1
tutorial,45.5,0.889,1
tutorial,45.5,0.941,4
tutorial,45.5,1,14
tutorial,45.6,0.865,1
tutorial,45.6,0.889,1
tutorial,45.6,0.941,5
tutorial,45.6,1,8
tutorial,45.7,0.8,1
tutorial,45.7,0.865,1
tutorial,45.7,0.889,1
tutorial,45.7,0.914,2
tutorial,45.7,0.941,3
tutorial,45.7,0.97,1
tutorial,45.7,1,12
tutorial,45.8,0.97,2
tutorial,45.8,1,7
tutorial,45.9,0.889,1
tutorial,45.9,0.941,1
tutorial,45.9,1,13
tutorial,46,0.727,1
tutorial,46,0.78,1
tutorial,46,0.842,1
tutorial,46,0.941,4
tutorial,46,1,10
tutorial,46.1,0.865,1
tutorial,46.1,0.889,2
tutorial,46.1,0.914,1
tutorial,46.1,0.941,1
tutorial,46.1,0.97,1
tutorial,46.1,1,7
tutorial,46.2,0.865,1
tutorial,46.2,0.889,2
tutorial,46.2,0.941,1
tutorial,46.2,0.97,4
tutorial,46.2,1,9
tutorial,46.3,0.762,1
tutorial,46.3,0.821,2
tutorial,46.3,0.889,1
tutorial,46.3,0.914,1
tutorial,46.3,0.97,1
tutorial,46.3,1,7
tutorial,46.4,0.821,1
tutorial,46.4,0.842,1
tutorial,46.4,0.941,3
tutorial,46.4,0.97,1
tutorial,46.4,1,5
tutorial,46.5,0.711,1
tutorial,46.5,0.941,2
tutorial,46.5,1,12
tutorial,46.6,0.727,1
tutorial,46.6,0.941,3
tutorial,46.6,1,7
tutorial,46.7,0.821,1
tutorial,46.7,0.865,1
tutorial,46.7,0.941,2
tutorial,46.7,0.97,2
tutorial,46.7,1,11
tutorial,46.8,0.78,1
tutorial,46.8,0.842,1
tutorial,46.8,0.889,2
tutorial,46.8,0.941,1
tutorial,46.8,1,3
tutorial,46.9,0.914,1
tutorial,46.9,0.941,1
tutorial,46.9,0.97,3
tutorial,46.9,1,1
tutorial,47,0.78,1
tutorial,47,0.842,1
tutorial,47,0.889,1
tutorial,47,0.941,3
tutorial,47,0.97,1
tutorial,47,1,12
tutorial,47.1,0.842,1
tutorial,47.1,0.889,2
tutorial,47.1,0.914,2
tutorial,47.1,0.941,2
tutorial,47.1,0.97,2
tutorial,47.1,1,7
tutorial,47.2,0.842,1
tutorial,47.2,0.941,6
tutorial,47.2,0.97,1
tutorial,47.2,1,11
tutorial,47.3,0.889,2
tutorial,47.3,0.941,2
tutorial,47.3,0.97,1
tutorial,47.3,1,7
tutorial,47.4,0.842,1
tutorial,47.4,0.941,2
tutorial,47.4,1,7
tutorial,47.5,0.8,1
tutorial,47.5,0.842,1
tutorial,47.5,0.889,1
tutorial,47.5,0.941,3
tutorial,47.5,0.97,1
tutorial,47.5,1,7
tutorial,47.6,0.889,1
tutorial,47.6,0.914,2
tutorial,47.6,0.941,2
tutorial,47.6,0.97,1
tutorial,47.6,1,10
tutorial,47.7,0.8,1
tutorial,47.7,0.941,4
tutorial,47.7,0.97,2
tutorial,47.7,1,6
tutorial,47.8,0.821,1
tutorial,47.8,0.914,1
tutorial,47.8,0.941,3
tutorial,47.8,1,11
tutorial,47.9,0.842,1
tutorial,47.9,0.889,1
tutorial,47.9,0.914,1
tutorial,47.9,0.941,3
tutorial,47.9,1,5
tutorial,48,0.941,2
tutorial,48,1,9
tutorial,48.1,0.78,1
tutorial,48.1,0.821,1
tutorial,48.1,0.842,2
tutorial,48.1,0.941,1
tutorial,48.1,0.97,1
tutorial,48.1,1,10
tutorial,48.2,0.762,1
tutorial,48.2,0.842,1
tutorial,48.2,0.941,2
tutorial,48.2,0.97,1
tutorial,48.2,1,11
tutorial,48.3,0.889,1
tutorial,48.3,0.941,1
tutorial,48.3,1,2
tutorial,48.4,0.78,1
tutorial,48.4,0.8,1
tutorial,48.4,0.865,1
tutorial,48.4,0.914,1
tutorial,48.4,0.941,1
tutorial,48.4,1,11
tutorial,48.5,0.865,1
tutorial,48.5,0.889,1
tutorial,48.5,0.914,2
tutorial,48.5,0.941,1
tutorial,48.5,1,7
tutorial,48.6,0.627,1
tutorial,48.6,0.8,1
tutorial,48.6,0.821,1
tutorial,48.6,0.865,1
tutorial,48.6,0.914,1
tutorial,48.6,1,9
tutorial,48.7,0.8,1
tutorial,48.7,0.941,1
tutorial,48.7,0.97,1
tutorial,48.7,1,9
tutorial,48.8,0.711,1
tutorial,48.8,0.8,1
tutorial,48.8,0.821,1
tutorial,48.8,0.889,1
tutorial,48.8,0.941,3
tutorial,48.8,0.97,1
tutorial,48.8,1,6
tutorial,48.9,0.889,1
tutorial,48.9,0.914,2
tutorial,48.9,0.941,2
tutorial,48.9,1,7
tutorial,49,0.842,2
tutorial,49,0.865,1
tutorial,49,0.889,1
tutorial,49,0.914,1
tutorial,49,0.941,2
tutorial,49,1,16
tutorial,49.1,0.711,1
tutorial,49.1,0.865,2
tutorial,49.1,0.941,2
tutorial,49.1,1,4
tutorial,49.2,0.821,1
tutorial,49.2,0.889,1
tutorial,49.2,0.914,1
tutorial,49.2,0.941,3
tutorial,49.2,0.97,1
tutorial,49.2,1,5
tutorial,49.3,0.681,1
tutorial,49.3,0.941,2
tutorial,49.3,1,7
tutorial,49.4,0.865,1
tutorial,49.4,0.889,1
tutorial,49.4,0.941,2
tutorial,49.4,1,6
tutorial,49.5,0.889,1
tutorial,49.5,0.97,1
tutorial,49.5,1,5
tutorial,49.6,0.941,1
tutorial,49.6,0.97,1
tutorial,49.6,1,5
tutorial,49.7,0.653,1
tutorial,49.7,0.8,1
tutorial,49.7,0.821,1
tutorial,49.7,0.842,1
tutorial,49.7,0.889,2
tutorial,49.7,0.941,3
tutorial,49.7,1,8
tutorial,49.8,0.653,1
tutorial,49.8,0.744,1
tutorial,49.8,0.889,1
tutorial,49.8,0.97,1
tutorial,49.8,1,7
tutorial,49.9,0.842,1
tutorial,49.9,0.865,1
tutorial,49.9,0.889,1
tutorial,49.9,0.914,1
tutorial,49.9,0.941,3
tutorial,49.9,1,6
tutorial,50,0.762,1
tutorial,50,0.941,1
tutorial,50,0.97,2
tutorial,50,1,9
tutorial,50.1,0.696,1
tutorial,50.1,0.8,1
tutorial,50.1,0.821,1
tutorial,50.1,0.865,1
tutorial,50.1,0.941,4
tutorial,50.1,1,9
tutorial,50.2,0.627,1
tutorial,50.2,0.842,1
tutorial,50.2,0.865,1
tutorial,50.2,1,3
tutorial,50.3,0.667,1
tutorial,50.3,0.889,1
tutorial,50.3,0.941,1
tutorial,50.3,1,7
tutorial,50.4,0.842,2
tutorial,50.4,0.865,1
tutorial,50.4,0.889,1
tutorial,50.4,0.941,2
tutorial,50.4,1,5
tutorial,50.5,0.681,1
tutorial,50.5,0.821,1
tutorial,50.5,0.865,1
tutorial,50.5,0.941,2
tutorial,50.5,1,8
tutorial,50.6,0.8,1
tutorial,50.6,0.821,1
tutorial,50.6,0.865,1
tutorial,50.6,0.889,1
tutorial,50.6,1,6
tutorial,50.7,0.762,1
tutorial,50.7,0.8,1
tutorial,50.7,0.842,1
tutorial,50.7,0.941,1
tutorial,50.7,1,6
tutorial,50.8,0.821,1
tutorial,50.8,0.842,1
tutorial,50.8,0.889,2
tutorial,50.8,0.941,2
tutorial,50.8,1,7
tutorial,50.9,0.8,1
tutorial,50.9,0.865,1
tutorial,50.9,0.889,1
tutorial,50.9,0.914,1
tutorial,50.9,0.941,4
tutorial,50.9,0.97,1
tutorial,50.9,1,7
tutorial,51,0.744,1
tutorial,51,0.941,2
tutorial,51,0.97,1
tutorial,51,1,9
tutorial,51.1,0.941,1
tutorial,51.1,1,6
tutorial,51.2,0.889,1
tutorial,51.2,0.941,3
tutorial,51.2,1,4
tutorial,51.3,0.64,1
tutorial,51.3,0.842,1
tutorial,51.3,0.889,1
tutorial,51.3,0.914,1
tutorial,51.3,0.941,1
tutorial,51.3,1,3
tutorial,51.4,0.711,1
tutorial,51.4,0.8,1
tutorial,51.4,0.842,1
tutorial,51.4,0.941,2
tutorial,51.4,0.97,1
tutorial,51.4,1,8
tutorial,51.5,0.889,1
tutorial,51.5,0.941,1
tutorial,51.5,1,7
tutorial,51.6,0.821,1
tutorial,51.6,0.889,2
tutorial,51.6,0.941,1
tutorial,51.6,0.97,1
tutorial,51.6,1,10
tutorial,51.7,0.889,2
tutorial,51.7,0.914,1
tutorial,51.7,0.941,3
tutorial,51.7,0.97,1
tutorial,51.7,1,5
tutorial,51.8,0.941,1
tutorial,51.8,1,3
tutorial,51.9,0.762,1
tutorial,51.9,0.889,1
tutorial,51.9,1,4
tutorial,52,0.727,1
tutorial,52,0.941,3
tutorial,52,1,3
tutorial,52.1,0.762,1
tutorial,52.1,0.889,1
tutorial,52.1,0.914,1
tutorial,52.1,0.941,1
tutorial,52.1,1,11
tutorial,52.2,0.889,1
tutorial,52.2,0.97,1
tutorial,52.2,1,6
tutorial,52.3,0.762,1
tutorial,52.3,0.821,1
tutorial,52.3,0.941,1
tutorial,52.3,1,9
tutorial,52.4,0.842,1
tutorial,52.4,1,6
tutorial,52.5,0.821,1
tutorial,52.5,0.914,2
tutorial,52.5,0.941,2
tutorial,52.5,1,5
tutorial,52.6,0.889,1
tutorial,52.6,0.97,1
tutorial,52.6,1,6
tutorial,52.7,0.97,1
tutorial,52.7,1,3
tutorial,52.8,0.821,1
tutorial,52.8,0.865,1
tutorial,52.8,0.889,1
tutorial,52.8,0.914,1
tutorial,52.8,0.941,2
tutorial,52.8,1,5
tutorial,52.9,0.744,1
tutorial,52.9,0.889,2
tutorial,52.9,0.941,1
tutorial,52.9,1,5
tutorial,53,0.821,1
tutorial,53,0.865,1
tutorial,53,0.941,1
tutorial,53,1,7
tutorial,53.1,0.762,1
tutorial,53.1,0.842,1
tutorial,53.1,1,4
tutorial,53.2,0.727,1
tutorial,53.2,0.865,1
tutorial,53.2,0.889,1
tutorial,53.2,0.941,1
tutorial,53.2,0.97,1
tutorial,53.2,1,8
tutorial,53.3,0.727,1
tutorial,53.3,0.97,1
tutorial,53.3,1,6
tutorial,53.4,0.889,1
tutorial,53.4,0.941,1
tutorial,53.4,0.97,1
tutorial,53.4,1,6
tutorial,53.5,0.842,1
tutorial,53.5,0.914,2
tutorial,53.5,0.941,2
tutorial,53.5,0.97,1
tutorial,53.5,1,9
tutorial,53.6,0.525,1
tutorial,53.6,0.821,1
tutorial,53.6,0.941,1
tutorial,53.6,1,3
tutorial,53.7,0.889,1
tutorial,53.7,0.941,1
tutorial,53.7,1,6
tutorial,53.8,0.914,1
tutorial,53.8,0.941,1
tutorial,53.8,1,8
tutorial,53.9,0.941,2
tutorial,53.9,1,4
tutorial,54,0.941,1
tutorial,54,1,5
tutorial,54.1,0.842,1
tutorial,54.1,1,7
tutorial,54.2,0.889,1
tutorial,54.2,0.941,1
tutorial,54.2,1,10
tutorial,54.3,0.914,1
tutorial,54.3,0.941,3
tutorial,54.3,1,6
tutorial,54.4,0.762,1
tutorial,54.4,0.914,1
tutorial,54.4,0.941,1
tutorial,54.4,1,4
tutorial,54.5,0.744,1
tutorial,54.5,0.821,1
tutorial,54.5,0.842,1
tutorial,54.5,0.889,1
tutorial,54.5,0.941,1
tutorial,54.5,0.97,2
tutorial,54.5,1,7
tutorial,54.6,0.865,1
tutorial,54.6,0.914,1
tutorial,54.6,0.97,1
tutorial,54.6,1,6
tutorial,54.7,1,3
tutorial,54.8,0.842,1
tutorial,54.8,0.941,2
tutorial,54.8,0.97,1
tutorial,54.8,1,6
tutorial,54.9,0.914,1
tutorial,54.9,0.941,3
tutorial,54.9,1,2
tutorial,55,0.889,1
tutorial,55,0.941,3
tutorial,55,1,3
tutorial,55.1,0.821,1
tutorial,55.1,0.941,1
tutorial,55.1,1,6
tutorial,55.2,0.941,3
tutorial,55.2,0.97,2
tutorial,55.2,1,6
tutorial,55.3,0.865,1
tutorial,55.3,1,5
tutorial,55.4,0.914,1
tutorial,55.4,0.941,5
tutorial,55.4,0.97,1
tutorial,55.4,1,5
tutorial,55.5,0.8,1
tutorial,55.5,0.842,1
tutorial,55.5,0.889,1
tutorial,55.5,1,4
tutorial,55.6,0.941,3
tutorial,55.6,0.97,1
tutorial,55.6,1,4
tutorial,55.7,0.8,1
tutorial,55.7,0.865,1
tutorial,55.7,0.941,1
tutorial,55.7,0.97,1
tutorial,55.7,1,8
tutorial,55.8,0.941,1
tutorial,55.8,1,2
tutorial,55.9,0.842,1
tutorial,55.9,0.889,2
tutorial,55.9,0.914,1
tutorial,55.9,0.97,1
tutorial,55.9,1,5
tutorial,56,0.889,1
tutorial,56,0.97,3
tutorial,56,1,6
tutorial,56.1,0.744,1
tutorial,56.1,0.842,1
tutorial,56.1,0.97,1
tutorial,56.1,1,3
tutorial,56.2,0.78,1
tutorial,56.2,0.8,1
tutorial,56.2,0.889,1
tutorial,56.2,0.97,2
tutorial,56.2,1,4
tutorial,56.3,1,2
tutorial,56.4,0.889,1
tutorial,56.4,0.941,1
tutorial,56.4,1,4
tutorial,56.5,0.914,1
tutorial,56.5,1,1
tutorial,56.6,0.842,1
tutorial,56.6,0.889,2
tutorial,56.6,0.914,1
tutorial,56.6,0.941,1
tutorial,56.6,1,2
tutorial,56.7,0.889,1
tutorial,56.7,0.941,2
tutorial,56.7,0.97,1
tutorial,56.7,1,7
tutorial,56.8,0.889,1
tutorial,56.8,0.914,1
tutorial,56.8,0.941,2
tutorial,56.8,1,6
tutorial,56.9,0.842,1
tutorial,56.9,0.889,1
tutorial,56.9,0.914,2
tutorial,56.9,0.941,1
tutorial,56.9,1,2
tutorial,57,0.8,1
tutorial,57,1,2
tutorial,57.1,0.711,1
tutorial,57.1,0.821,1
tutorial,57.1,0.941,1
tutorial,57.1,0.97,2
tutorial,57.1,1,6
tutorial,57.2,0.615,1
tutorial,57.2,0.762,1
tutorial,57.2,0.914,1
tutorial,57.2,0.97,1
tutorial,57.2,1,5
tutorial,57.3,0.821,1
tutorial,57.3,0.941,1
tutorial,57.3,0.97,1
tutorial,57.3,1,2
tutorial,57.4,1,3
tutorial,57.5,0.8,1
tutorial,57.5,0.842,1
tutorial,57.5,0.941,1
tutorial,57.5,1,6
tutorial,57.6,0.914,1
tutorial,57.6,0.941,2
tutorial,57.6,0.97,1
tutorial,57.6,1,5
tutorial,57.7,0.914,1
tutorial,57.7,0.941,1
tutorial,57.7,1,6
tutorial,57.8,0.842,1
tutorial,57.8,0.941,1
tutorial,57.8,0.97,1
tutorial,57.8,1,9
tutorial,57.9,0.941,1
tutorial,57.9,1,5
tutorial,58,0.78,1
tutorial,58,0.842,1
tutorial,58,0.97,1
tutorial,58,1,6
tutorial,58.1,0.667,1
tutorial,58.1,0.941,2
tutorial,58.1,1,4
tutorial,58.2,0.842,1
tutorial,58.2,1,5
tutorial,58.3,0.821,1
tutorial,58.3,0.941,1
tutorial,58.3,0.97,1
tutorial,58.3,1,4
tutorial,58.4,0.865,1
tutorial,58.4,0.97,2
tutorial,58.4,1,3
tutorial,58.5,0.941,3
tutorial,58.5,1,3
tutorial,58.6,1,6
tutorial,58.7,0.941,1
tutorial,58.7,1,4
tutorial,58.8,0.941,1
tutorial,58.8,1,4
tutorial,58.9,0.865,1
tutorial,58.9,0.97,1
tutorial,58.9,1,1
tutorial,59,0.889,1
tutorial,59,0.941,1
tutorial,59,1,2
tutorial,59.1,0.842,1
tutorial,59.1,0.889,2
tutorial,59.1,1,3
tutorial,59.2,1,4
tutorial,59.3,0.914,1
tutorial,59.3,0.941,2
tutorial,59.3,0.97,1
tutorial,59.3,1,1
tutorial,59.4,0.941,1
tutorial,59.4,1,3
tutorial,59.5,0.914,1
tutorial,59.5,0.941,2
tutorial,59.5,0.97,1
tutorial,59.5,1,2
tutorial,59.6,0.889,1
tutorial,59.6,0.941,3
tutorial,59.6,1,3
tutorial,59.7,1,3
tutorial,59.8,0.842,1
tutorial,59.8,0.889,1
tutorial,59.8,0.97,1
tutorial,59.9,0.8,1
tutorial,59.9,0.865,1
tutorial,59.9,0.914,1
tutorial,59.9,0.941,1
tutorial,59.9,0.97,1
tutorial,59.9,1,3
tutorial,60,0.941,1
tutorial,60,0.97,1
tutorial,60,1,5
tutorial,60.1,0.889,1
tutorial,60.1,0.941,1
tutorial,60.1,1,4
tutorial,60.2,0.889,1
tutorial,60.2,0.941,1
tutorial,60.2,1,6
tutorial,60.3,0.744,1
tutorial,60.3,1,6
tutorial,60.4,0.889,1
tutorial,60.4,0.914,1
tutorial,60.4,0.97,1
tutorial,60.4,1,3
tutorial,60.5,0.842,1
tutorial,60.5,0.865,1
tutorial,60.5,0.914,2
tutorial,60.5,1,6
tutorial,60.6,0.821,1
tutorial,60.6,0.941,1
tutorial,60.6,0.97,1
tutorial,60.6,1,3
tutorial,60.7,0.8,1
tutorial,60.7,0.941,1
tutorial,60.7,0.97,2
tutorial,60.7,1,1
tutorial,60.8,0.842,1
tutorial,60.8,0.889,2
tutorial,60.8,0.97,1
tutorial,60.8,1,2
tutorial,60.9,0.744,1
tutorial,60.9,0.889,1
tutorial,61,1,5
tutorial,61.1,0.889,1
tutorial,61.1,0.941,1
tutorial,61.1,1,1
tutorial,61.2,1,4
tutorial,61.3,0.941,1
tutorial,61.3,1,2
tutorial,61.4,0.78,1
tutorial,61.4,0.941,2
tutorial,61.4,0.97,2
tutorial,61.4,1,2
tutorial,61.5,0.8,1
tutorial,61.5,0.889,1
tutorial,61.5,0.914,1
tutorial,61.6,0.744,1
tutorial,61.6,0.914,1
tutorial,61.6,1,2
tutorial,61.7,0.889,1
tutorial,61.7,0.941,1
tutorial,61.7,1,3
tutorial,61.8,0.889,1
tutorial,61.8,0.914,1
tutorial,61.8,0.941,1
tutorial,61.8,1,2
tutorial,62,0.696,1
tutorial,62,0.941,2
tutorial,62,1,2
tutorial,62.1,0.78,1
tutorial,62.1,0.889,1
tutorial,62.1,0.941,1
tutorial,62.1,1,2
tutorial,62.2,0.97,1
tutorial,62.2,1,5
tutorial,62.3,0.744,1
tutorial,62.3,0.889,1
tutorial,62.3,0.914,1
tutorial,62.3,0.941,2
tutorial,62.3,1,2
tutorial,62.4,0.821,1
tutorial,62.4,1,5
tutorial,62.5,0.941,2
tutorial,62.5,0.97,1
tutorial,62.5,1,3
tutorial,62.6,0.97,1
tutorial,62.6,1,2
tutorial,62.7,0.762,1
tutorial,62.7,0.78,1
tutorial,62.7,0.842,1
tutorial,62.7,1,5
tutorial,62.8,0.865,1
tutorial,62.8,1,3
tutorial,62.9,1,3
tutorial,63,0.8,1
tutorial,63,0.941,1
tutorial,63,1,4
tutorial,63.1,0.889,1
tutorial,63.1,0.97,1
tutorial,63.1,1,1
tutorial,63.2,0.941,1
tutorial,63.2,0.97,2
tutorial,63.2,1,4
tutorial,63.3,0.727,1
tutorial,63.3,0.842,1
tutorial,63.3,0.941,1
tutorial,63.3,1,2
tutorial,63.4,1,4
tutorial,63.5,0.8,1
tutorial,63.5,1,3
tutorial,63.6,0.727,1
tutorial,63.6,0.8,2
tutorial,63.6,0.865,1
tutorial,63.6,1,2
tutorial,63.8,1,3
tutorial,63.9,0.552,1
tutorial,63.9,0.889,1
tutorial,63.9,0.941,1
tutorial,63.9,0.97,1
tutorial,63.9,1,1
tutorial,64,0.5,1
tutorial,64,0.842,1
tutorial,64,0.889,1
tutorial,64,1,3
tutorial,64.1,0.842,1
tutorial,64.1,0.941,1
tutorial,64.1,0.97,1
tutorial,64.1,1,3
tutorial,64.2,1,2
tutorial,64.3,0.762,1
tutorial,64.3,0.889,1
tutorial,64.3,0.914,1
tutorial,64.3,1,6
tutorial,64.4,1,1
tutorial,64.5,0.78,1
tutorial,64.5,1,4
tutorial,64.6,0.744,1
tutorial,64.6,0.842,1
tutorial,64.6,1,1
tutorial,64.7,0.914,1
tutorial,64.7,0.941,2
tutorial,64.7,0.97,1
tutorial,64.7,1,4
tutorial,64.8,0.762,1
tutorial,64.8,1,1
tutorial,64.9,0.8,1
tutorial,64.9,0.889,1
tutorial,64.9,0.97,1
tutorial,64.9,1,1
tutorial,65,0.914,1
tutorial,65,0.941,1
tutorial,65,1,3
tutorial,65.1,0.941,1
tutorial,65.1,1,5
tutorial,65.2,0.727,1
tutorial,65.2,0.762,1
tutorial,65.2,0.941,1
tutorial,65.2,1,1
tutorial,65.3,1,1
tutorial,65.4,0.865,1
tutorial,65.4,0.941,1
tutorial,65.4,1,6
tutorial,65.5,0.941,1
tutorial,65.5,1,1
tutorial,65.6,0.889,1
tutorial,65.6,0.941,1
tutorial,65.6,1,2
tutorial,65.7,0.865,1
tutorial,65.7,1,5
tutorial,65.8,0.889,1
tutorial,65.8,1,1
tutorial,65.9,0.941,3
tutorial,65.9,1,3
tutorial,66,0.941,2
tutorial,66,1,3
tutorial,66.1,0.762,1
tutorial,66.1,0.889,2
tutorial,66.1,1,5
tutorial,66.2,0.821,1
tutorial,66.2,0.889,2
tutorial,66.2,1,2
tutorial,66.3,0.8,2
tutorial,66.3,0.941,2
tutorial,66.3,0.97,2
tutorial,66.3,1,2
tutorial,66.4,0.914,1
tutorial,66.4,0.97,1
tutorial,66.4,1,3
tutorial,66.5,0.842,1
tutorial,66.5,0.941,1
tutorial,66.5,1,1
tutorial,66.6,0.889,1
tutorial,66.6,1,2
tutorial,66.7,0.821,1
tutorial,66.7,0.914,1
tutorial,66.7,1,4
tutorial,66.8,0.727,1
tutorial,66.8,1,5
tutorial,66.9,0.821,1
tutorial,66.9,0.941,3
tutorial,66.9,1,2
tutorial,67,0.941,1
tutorial,67,0.97,1
tutorial,67,1,2
tutorial,67.1,0.8,1
tutorial,67.1,0.842,1
tutorial,67.1,0.889,1
tutorial,67.1,0.941,2
tutorial,67.1,1,4
tutorial,67.2,0.941,1
tutorial,67.2,1,2
tutorial,67.3,0.865,1
tutorial,67.3,0.941,1
tutorial,67.3,1,3
tutorial,67.4,0.941,1
tutorial,67.4,1,1
tutorial,67.5,0.941,1
tutorial,67.5,1,3
tutorial,67.6,0.97,1
tutorial,67.6,1,5
tutorial,67.7,0.941,1
tutorial,67.7,1,1
tutorial,67.8,0.744,1
tutorial,67.8,0.941,2
tutorial,67.8,0.97,1
tutorial,67.8,1,4
tutorial,67.9,0.914,1
tutorial,67.9,1,2
tutorial,68,0.8,1
tutorial,68,0.914,1
tutorial,68,1,2
tutorial,68.1,0.762,1
tutorial,68.1,0.865,1
tutorial,68.1,0.941,1
tutorial,68.1,1,1
tutorial,68.2,0.889,1
tutorial,68.2,0.941,1
tutorial,68.2,1,1
tutorial,68.3,0.941,2
tutorial,68.3,1,1
tutorial,68.4,0.941,1
tutorial,68.4,1,1
tutorial,68.5,1,3
tutorial,68.6,0.889,1
tutorial,68.6,0.941,1
tutorial,68.6,1,2
tutorial,68.7,0.821,1
tutorial,68.7,0.941,3
tutorial,68.7,1,2
tutorial,68.8,0.78,1
tutorial,68.8,0.821,1
tutorial,68.8,0.941,2
tutorial,68.8,1,4
tutorial,68.9,1,1
tutorial,69,0.889,1
tutorial,69,0.941,1
tutorial,69,0.97,1
tutorial,69,1,3
tutorial,69.1,0.97,1
tutorial,69.1,1,2
tutorial,69.2,0.865,1
tutorial,69.2,1,4
tutorial,69.3,0.842,1
tutorial,69.3,0.941,2
tutorial,69.3,1,1
tutorial,69.4,0.865,1
tutorial,69.4,0.914,1
tutorial,69.4,0.941,1
tutorial,69.4,1,2
tutorial,69.5,0.711,1
tutorial,69.5,1,1
tutorial,69.6,0.941,1
tutorial,69.6,1,3
tutorial,69.7,0.64,1
tutorial,69.7,1,2
tutorial,69.8,0.941,1
tutorial,69.8,1,1
tutorial,69.9,0.941,1
tutorial,69.9,1,2
tutorial,70,0.865,1
tutorial,70,0.914,1
tutorial,70,0.941,2
tutorial,70,1,4
tutorial,70.1,0.842,1
tutorial,70.2,0.64,1
tutorial,70.2,0.97,1
tutorial,70.2,1,1
tutorial,70.3,0.842,1
tutorial,70.3,1,4
tutorial,70.4,0.914,1
tutorial,70.4,1,4
tutorial,70.5,0.78,1
tutorial,70.5,0.865,1
tutorial,70.5,1,4
tutorial,70.6,0.941,1
tutorial,70.6,1,3
tutorial,70.7,1,2
tutorial,70.8,0.914,1
tutorial,70.8,1,3
tutorial,70.9,0.889,1
tutorial,71,0.711,1
tutorial,71,0.821,1
tutorial,71,0.914,1
tutorial,71,0.941,1
tutorial,71,1,3
tutorial,71.1,0.889,1
tutorial,71.1,0.941,1
tutorial,71.1,1,1
tutorial,71.2,0.97,1
tutorial,71.2,1,1
tutorial,71.3,0.842,1
tutorial,71.3,0.941,1
tutorial,71.3,1,1
tutorial,71.4,0.914,1
tutorial,71.4,1,1
tutorial,71.5,0.78,1
tutorial,71.5,0.941,1
tutorial,71.5,1,1
tutorial,71.6,0.914,1
tutorial,71.6,0.941,1
tutorial,71.6,1,4
tutorial,71.7,0.865,1
tutorial,71.7,0.941,1
tutorial,71.7,1,1
tutorial,71.9,0.941,1
tutorial,71.9,1,1
tutorial,72,0.865,1
tutorial,72,1,1
tutorial,72.1,1,2
tutorial,72.2,0.842,1
tutorial,72.2,1,2
tutorial,72.3,0.97,1
tutorial,72.3,1,1
tutorial,72.5,0.8,1
tutorial,72.5,0.889,1
tutorial,72.5,0.941,1
tutorial,72.5,1,1
tutorial,72.6,0.941,1
tutorial,72.7,1,4
tutorial,72.8,0.941,1
tutorial,72.8,1,3
tutorial,72.9,1,4
tutorial,73,0.842,1
tutorial,73,0.865,1
tutorial,73,0.941,1
tutorial,73,1,1
tutorial,73.1,0.8,1
tutorial,73.1,0.821,1
tutorial,73.1,0.941,1
tutorial,73.1,0.97,1
tutorial,73.3,1,2
tutorial,73.6,0.78,1
tutorial,73.7,0.865,1
tutorial,73.7,1,2
tutorial,73.8,1,2
tutorial,74,0.889,1
tutorial,74,1,2
tutorial,74.1,0.941,1
tutorial,74.1,1,1
tutorial,74.2,0.667,1
tutorial,74.2,0.842,1
tutorial,74.2,0.97,1
tutorial,74.3,0.914,2
tutorial,74.3,1,3
tutorial,74.4,0.821,1
tutorial,74.4,0.842,1
tutorial,74.4,0.941,1
tutorial,74.4,1,4
tutorial,74.5,0.8,1
tutorial,74.5,0.941,1
tutorial,74.5,1,3
tutorial,74.7,0.865,1
tutorial,74.7,0.941,1
tutorial,74.8,0.889,1
tutorial,74.8,0.941,2
tutorial,74.8,1,2
tutorial,74.9,0.889,1
tutorial,74.9,1,1
tutorial,75,0.8,1
tutorial,75,0.914,1
tutorial,75,1,2
tutorial,75.1,0.889,1
tutorial,75.2,0.889,1
tutorial,75.2,0.941,1
tutorial,75.2,0.97,1
tutorial,75.2,1,1
tutorial,75.3,0.842,1
tutorial,75.5,0.681,1
tutorial,75.5,1,1
tutorial,75.6,0.681,1
tutorial,75.6,0.941,1
tutorial,75.6,0.97,1
tutorial,75.6,1,3
tutorial,75.7,0.889,1
tutorial,75.7,0.941,1
tutorial,75.7,1,1
tutorial,75.8,0.941,1
tutorial,75.9,0.941,1
tutorial,75.9,1,1
tutorial,76,0.762,1
tutorial,76,0.941,1
tutorial,76,0.97,1
tutorial,76,1,2
tutorial,76.1,0.941,2
tutorial,76.2,1,1
tutorial,76.4,0.941,1
tutorial,76.4,1,4
tutorial,76.5,1,1
tutorial,76.6,0.941,1
tutorial,76.6,0.97,2
tutorial,76.6,1,1
tutorial,76.7,0.941,1
tutorial,76.8,0.762,1
tutorial,76.8,0.941,1
tutorial,76.8,1,1
tutorial,76.9,0.941,1
tutorial,76.9,0.97,1
tutorial,77,0.941,1
tutorial,77,0.97,1
tutorial,77,1,1
tutorial,77.1,0.821,1
tutorial,77.1,0.941,1
tutorial,77.1,1,1
tutorial,77.2,0.941,1
tutorial,77.2,0.97,1
tutorial,77.2,1,1
tutorial,77.4,0.941,2
tutorial,77.4,1,3
tutorial,77.5,0.865,2
tutorial,77.5,0.889,1
tutorial,77.5,0.941,1
tutorial,77.5,1,1
tutorial,77.9,1,2
tutorial,78,1,1
tutorial,78.1,0.941,1
tutorial,78.1,1,1
tutorial,78.2,0.941,2
tutorial,78.2,1,1
tutorial,78.3,0.842,1
tutorial,78.4,1,1
tutorial,78.5,0.889,1
tutorial,78.5,0.941,1
tutorial,78.6,0.865,1
tutorial,78.6,0.889,1
tutorial,78.6,0.941,2
tutorial,78.7,0.941,1
tutorial,78.8,0.865,1
tutorial,78.9,0.865,1
tutorial,78.9,0.941,1
tutorial,78.9,0.97,1
tutorial,79,1,1
tutorial,79.1,0.561,1
tutorial,79.2,1,1
tutorial,79.3,0.842,1
tutorial,79.3,0.941,1
tutorial,79.5,1,1
tutorial,79.6,0.821,1
tutorial,79.6,1,1
tutorial,79.7,0.727,1
tutorial,79.7,0.941,1
tutorial,79.7,1,1
tutorial,79.8,0.889,1
tutorial,79.8,0.941,1
tutorial,79.9,1,5
tutorial,80,0.941,1
tutorial,80,1,2
tutorial,80.1,1,1
tutorial,80.3,0.762,1
tutorial,80.6,1,1
tutorial,80.7,0.889,1
tutorial,80.7,1,1
tutorial,81,0.8,1
tutorial,81,0.889,1
tutorial,81,1,2
tutorial,81.1,0.941,2
tutorial,81.1,1,1
tutorial,81.2,1,1
tutorial,81.4,0.889,1
tutorial,81.4,1,2
tutorial,81.5,1,2
tutorial,81.6,0.941,1
tutorial,81.6,1,1
tutorial,81.7,0.941,1
tutorial,81.8,1,1
tutorial,81.9,0.941,2
tutorial,81.9,1,1
tutorial,82,0.914,1
tutorial,82,0.941,1
tutorial,82.1,0.941,1
tutorial,82.2,0.941,1
tutorial,82.2,1,1
tutorial,82.3,0.941,1
tutorial,82.3,1,1
tutorial,82.4,1,1
tutorial,82.5,0.941,1
tutorial,82.5,1,1
tutorial,82.6,0.889,1
tutorial,82.6,0.914,1
tutorial,82.6,0.941,1
tutorial,82.7,0.78,2
tutorial,82.7,1,1
tutorial,82.8,0.8,1
tutorial,82.8,0.821,1
tutorial,82.8,0.97,1
tutorial,82.8,1,2
tutorial,83.1,0.842,1
tutorial,83.2,0.889,1
tutorial,83.2,1,1
tutorial,83.3,1,1
tutorial,83.5,0.941,1
tutorial,83.5,1,1
tutorial,83.6,0.941,1
tutorial,83.6,0.97,1
tutorial,83.6,1,2
tutorial,83.7,0.941,1
tutorial,83.8,0.842,1
tutorial,83.8,1,1
tutorial,84,0.821,1
tutorial,84,1,2
tutorial,84.1,1,1
tutorial,84.2,0.941,1
tutorial,84.2,1,2
tutorial,84.3,0.97,1
tutorial,84.3,1,1
tutorial,84.4,0.941,1
tutorial,84.4,1,1
tutorial,84.5,0.762,1
tutorial,84.5,0.914,1
tutorial,84.5,0.941,1
tutorial,84.5,1,1
tutorial,84.6,0.821,1
tutorial,84.7,1,2
tutorial,84.8,1,1
tutorial,84.9,1,1
tutorial,85.1,1,1
tutorial,85.2,1,1
tutorial,85.5,1,2
tutorial,85.6,0.941,1
tutorial,85.7,0.941,1
tutorial,85.7,1,1
tutorial,85.8,0.941,1
tutorial,85.9,0.889,1
tutorial,85.9,1,1
tutorial,86.1,0.941,1
tutorial,86.2,0.941,1
tutorial,86.3,1,1
tutorial,86.4,0.941,2
tutorial,86.6,0.889,2
tutorial,86.6,1,1
tutorial,87.1,0.889,1
tutorial,87.1,0.941,1
tutorial,87.1,1,1
tutorial,87.2,1,1
tutorial,87.3,0.941,1
tutorial,87.3,1,2
tutorial,87.4,0.97,1
tutorial,87.4,1,2
tutorial,87.5,1,3
tutorial,87.7,1,1
tutorial,87.8,0.762,1
tutorial,87.9,1,1
tutorial,88,0.941,3
tutorial,88.3,0.97,1
tutorial,88.3,1,1
tutorial,88.4,1,1
tutorial,88.5,0.865,1
tutorial,88.5,0.889,1
tutorial,88.5,1,1
tutorial,88.6,0.941,2
tutorial,88.6,1,1
tutorial,88.7,1,2
tutorial,88.8,0.97,1
tutorial,89.1,1,1
tutorial,89.2,1,1
tutorial,89.4,0.97,1
tutorial,89.6,1,1
tutorial,89.7,0.941,1
tutorial,89.9,1,1
tutorial,90.2,0.941,1
tutorial,90.3,1,1
tutorial,90.4,0.821,1
tutorial,90.4,0.97,1
tutorial,90.5,1,1
tutorial,90.9,1,1
tutorial,91,0.842,1
tutorial,91,0.889,1
tutorial,91,1,1
tutorial,91.1,1,2
tutorial,91.2,0.889,1
tutorial,91.3,1,2
tutorial,91.4,0.941,1
tutorial,91.4,1,2
tutorial,91.7,1,2
tutorial,91.8,1,2
tutorial,92,0.941,1
tutorial,92,1,2
tutorial,92.1,1,1
tutorial,92.5,1,2
tutorial,92.6,0.744,1
tutorial,92.6,0.97,1
tutorial,92.6,1,1
tutorial,92.8,1,1
tutorial,92.9,0.941,1
tutorial,93,0.941,1
tutorial,93,1,1
tutorial,93.1,0.627,1
tutorial,93.1,0.941,1
tutorial,93.2,0.889,1
tutorial,93.2,1,1
tutorial,93.6,0.889,1
tutorial,93.6,1,2
tutorial,93.8,0.842,1
tutorial,93.8,1,1
tutorial,93.9,0.78,1
tutorial,93.9,0.8,1
tutorial,93.9,0.941,1
tutorial,93.9,1,1
tutorial,94,1,1
tutorial,94.1,0.821,1
tutorial,94.1,1,2
tutorial,94.2,1,1
tutorial,94.3,0.941,1
tutorial,94.3,1,1
tutorial,94.4,1,1
tutorial,94.8,0.889,1
tutorial,94.8,1,1
tutorial,95.1,1,1
tutorial,95.2,0.914,1
tutorial,95.2,1,1
tutorial,95.4,0.865,1
tutorial,95.5,0.941,1
tutorial,95.6,1,1
tutorial,95.7,0.914,1
tutorial,95.7,1,1
tutorial,95.8,0.941,2
tutorial,95.8,1,1
tutorial,95.9,1,1
tutorial,96,0.97,1
tutorial,96.3,0.889,1
tutorial,96.3,0.914,1
tutorial,96.4,1,1
tutorial,96.6,0.941,1
tutorial,96.6,1,1
tutorial,96.7,0.696,1
tutorial,96.7,0.97,1
tutorial,96.9,0.727,1
tutorial,96.9,0.941,1
tutorial,97,0.889,1
tutorial,97.1,0.727,1
tutorial,97.1,0.941,2
tutorial,97.3,0.762,1
tutorial,98.2,1,1
tutorial,98.4,0.941,1
tutorial,98.5,0.865,1
tutorial,98.9,1,1
tutorial,99,0.865,1
tutorial,99.3,0.889,1
tutorial,99.5,1,2
tutorial,99.6,0.941,1
tutorial,99.6,1,1
tutorial,99.7,0.821,1
tutorial,99.8,0.593,1
tutorial,99.8,0.889,1
tutorial,99.8,1,1
tutorial,99.9,0.762,1
tutorial,100.1,1,1
tutorial,100.3,1,1
tutorial,100.4,0.889,1
tutorial,100.7,1,1
tutorial,100.8,0.842,2
tutorial,100.8,0.941,1
tutorial,100.9,1,2
tutorial,101,1,1
tutorial,101.1,0.842,1
tutorial,101.1,0.941,1
tutorial,101.2,1,1
tutorial,101.3,0.889,1
tutorial,101.4,1,1
tutorial,101.5,1,1
tutorial,101.8,0.97,1
tutorial,101.9,1,1
tutorial,102.2,0.744,1
tutorial,102.4,1,1
tutorial,102.9,1,1
tutorial,103,1,1
tutorial,103.3,1,1
tutorial,103.5,1,1
tutorial,103.6,0.97,1
tutorial,103.7,0.97,1
tutorial,103.8,0.8,1
tutorial,103.9,1,3
tutorial,104.3,0.97,1
tutorial,104.3,1,1
tutorial,104.6,0.941,2
tutorial,104.7,1,1
tutorial,105.1,0.941,1
tutorial,105.1,0.97,1
tutorial,105.3,0.941,1
tutorial,106,1,1
tutorial,106.4,0.941,1
tutorial,106.8,0.711,1
tutorial,107.1,0.821,1
tutorial,107.1,0.889,1
tutorial,107.1,1,2
tutorial,107.3,0.889,1
tutorial,107.5,1,1
tutorial,107.6,1,1
tutorial,107.7,0.889,1
tutorial,107.7,1,1
tutorial,107.8,1,1
tutorial,108,1,1
tutorial,108.4,0.696,1
tutorial,108.8,1,1
tutorial,108.9,0.941,1
tutorial,109,1,1
tutorial,109.1,0.615,1
tutorial,109.2,1,1
tutorial,109.5,1,1
tutorial,109.7,0.593,1
tutorial,109.8,0.727,1
tutorial,109.8,0.821,1
tutorial,110,1,1
tutorial,110.3,1,1
tutorial,112.3,1,1
tutorial,112.5,1,1
tutorial,112.6,1,1
tutorial,112.9,0.604,1
tutorial,112.9,1,1
tutorial,113.4,0.865,1
tutorial,115.3,0.941,1
tutorial,115.5,1,1
tutorial,115.7,0.941,1
tutorial,115.7,1,1
tutorial,116.4,1,1
tutorial,116.5,1,1
tutorial,116.8,0.941,1
tutorial,116.8,0.97,1
tutorial,116.8,1,1
tutorial,116.9,1,1
tutorial,117,0.97,1
tutorial,117.3,1,1
tutorial,117.4,1,1
tutorial,117.7,1,1
tutorial,117.8,1,1
tutorial,117.9,1,1
tutorial,118.6,1,1
tutorial,119.3,1,1
tutorial,119.5,0.889,1
tutorial,119.5,1,1
tutorial,119.7,0.842,1
tutorial,119.7,0.97,1
tutorial,120.1,0.8,1
tutorial,120.3,1,1
tutorial,120.9,1,1
tutorial,121.1,0.941,1
tutorial,121.9,0.889,1
tutorial,122.4,1,1
tutorial,122.6,1,1
tutorial,122.9,0.842,1
tutorial,123.2,0.842,1
tutorial,123.3,0.78,1
tutorial,123.3,0.889,1
tutorial,123.5,0.97,1
tutorial,124.5,0.727,1
tutorial,124.5,0.97,1
tutorial,125.1,1,1
tutorial,125.2,0.941,1
tutorial,125.3,0.542,1
tutorial,127.5,1,1
tutorial,127.8,1,1
tutorial,127.9,1,1
tutorial,128.1,1,1
tutorial,128.2,0.842,1
tutorial,129.4,1,1
tutorial,129.8,1,1
tutorial,130.6,1,1
tutorial,131.4,1,1
tutorial,131.5,1,1
tutorial,132,0.821,1
tutorial,132.9,1,1
tutorial,133.1,1,1
tutorial,134.1,0.842,1
tutorial,134.3,0.889,1
tutorial,134.7,0.941,1
tutorial,134.9,0.842,1
tutorial,135.3,0.97,1
tutorial,135.6,1,2
tutorial,136.6,0.941,1
tutorial,137,1,1
tutorial,137.5,1,1
tutorial,137.7,1,1
tutorial,139.7,0.889,1
tutorial,140.2,0.842,1
tutorial,140.3,0.941,1
tutorial,141.4,1,1
tutorial,142.5,0.97,1
tutorial,142.5,1,1
tutorial,143.5,0.914,1
tutorial,143.8,1,1
tutorial,144.5,0.941,1
tutorial,149.3,1,1
tutorial,151.1,1,1
tutorial,153.2,1,1
tutorial,153.6,0.941,1
tutorial,154.5,0.8,1
tutorial,155.4,1,1
tutorial,156,0.97,1
tutorial,156,1,1
tutorial,158.7,0.941,1
tutorial,160.5,1,1
tutorial,161.7,0.97,1
tutorial,164.2,0.97,1
tutorial,165.5,0.914,1
tutorial,166.7,0.941,1
tutorial,166.8,1,1
tutorial,169.2,0.667,1
tutorial,173.7,0.941,1
tutorial,174,1,1
tutorial,176.1,1,1
tutorial,176.4,0.941,1
tutorial,176.8,1,1
tutorial,178.7,0.941,1
tutorial,181.1,1,1
tutorial,181.4,1,1
tutorial,184.3,1,1
tutorial,184.6,1,1
tutorial,186.2,0.97,1
tutorial,187.6,1,1
tutorial,189,0.8,1
tutorial,189.3,1,1
tutorial,189.8,0.97,1
tutorial,192.3,1,1
tutorial,194.1,0.889,1
tutorial,194.2,0.8,1
tutorial,196.9,0.842,1
tutorial,198.2,0.471,1
tutorial,198.9,1,1
tutorial,201.1,0.914,1
tutorial,203.4,0.941,1
tutorial,210.1,0.889,1
tutorial,211.1,0.889,1
tutorial,213.8,0.914,1
tutorial,217.6,1,1
tutorial,221.6,1,1
tutorial,224,1,1
tutorial,228.7,1,1
tutorial,231.8,0.97,1
tutorial,240.9,0.842,1
tutorial,247.2,0.842,1
tutorial,251.7,1,1
tutorial,262.7,1,1
tutorial,278,1,1
tutorial,281.5,0.727,1
tutorial,291.2,1,1
tutorial,293.3,1,1
tutorial,299.3,1,1
tutorial,324.4,1,1
tutorial,346.1,0.97,1
tutorial,360,1,1
tutorial,405.4,0.842,1
tutorial,495,1,1
tutorial,610.5,1,1
tutorial,618.7,0.97,1
tutorial,717.6,1,1
tutorial,763.4,0.889,1
tutorial,820.5,1,1
tutorial,839.3,1,1
tutorial,905.8,0.8,1
tutorial,977.6,1,1
tutorial,997.2,0.97,1
tutorial,1167.5,0.941,1
tutorial,1177.3,1,1
tutorial,1185.6,0.97,1
tutorial,1394.4,1,1
tutorial,1700.2,1,1
tutorial,1720.7,1,1
tutorial,2243.5,1,1
tutorial,2287.2,1,1
tutorial,2484.1,0.711,1
tutorial,2627.3,1,1
tutorial,5270.9,1,1
tutorial,6360,1,1
tutorial,6894,1,1
tutorial,7220.3,1,1
tutorial,8769.5,1,1
tutorial,11633,0.914,1
tutorial,274561.5,0.889,1
tutorial,318205.1,1,1
round1,5.4,1,1
round1,5.6,1,1
round1,6.1,0.929,1
round1,6.1,1,1
round1,6.3,0.929,1
round1,6.4,1,1
round1,6.5,0.929,2
round1,6.5,1,1
round1,6.7,0.929,1
round1,6.7,1,1
round1,6.8,0.929,2
round1,6.9,0.897,1
round1,6.9,0.929,1
round1,7,0.929,2
round1,7.1,0.929,2
round1,7.2,0.788,1
round1,7.2,1,1
round1,7.3,0.929,1
round1,7.4,0.839,1
round1,7.4,0.929,1
round1,7.4,1,3
round1,7.5,0.813,1
round1,7.5,0.897,1
round1,7.5,1,4
round1,7.6,0.839,1
round1,7.6,0.929,1
round1,7.7,0.929,2
round1,7.7,1,7
round1,7.8,0.929,3
round1,7.8,0.963,1
round1,7.8,1,1
round1,7.9,0.929,3
round1,7.9,1,1
round1,8,0.929,3
round1,8,1,3
round1,8.1,0.839,1
round1,8.1,0.867,1
round1,8.1,0.897,1
round1,8.1,0.929,3
round1,8.1,1,3
round1,8.2,0.929,3
round1,8.2,1,3
round1,8.3,0.634,1
round1,8.3,0.813,1
round1,8.3,0.867,1
round1,8.3,0.929,2
round1,8.3,1,2
round1,8.4,0.788,1
round1,8.4,0.813,1
round1,8.4,0.929,2
round1,8.4,1,7
round1,8.5,0.839,1
round1,8.5,0.929,2
round1,8.5,1,3
round1,8.6,0.929,3
round1,8.6,1,3
round1,8.7,1,7
round1,8.8,0.839,1
round1,8.8,0.867,1
round1,8.8,0.929,2
round1,8.8,1,4
round1,8.9,0.813,2
round1,8.9,0.867,3
round1,8.9,0.897,1
round1,8.9,0.929,6
round1,8.9,1,4
round1,9,0.813,1
round1,9,0.839,1
round1,9,0.867,2
round1,9,0.929,1
round1,9,1,8
round1,9.1,0.867,1
round1,9.1,0.897,1
round1,9.1,0.929,2
round1,9.1,1,2
round1,9.2,0.867,1
round1,9.2,0.929,6
round1,9.2,1,3
round1,9.3,0.743,1
round1,9.3,0.897,2
round1,9.3,0.929,5
round1,9.3,1,6
round1,9.4,0.743,1
round1,9.4,0.839,1
round1,9.4,0.867,1
round1,9.4,0.929,8
round1,9.4,1,2
round1,9.5,0.765,1
round1,9.5,0.839,1
round1,9.5,0.867,1
round1,9.5,0.929,8
round1,9.5,1,7
round1,9.6,0.867,1
round1,9.6,0.929,2
round1,9.6,1,7
round1,9.7,0.765,1
round1,9.7,0.788,1
round1,9.7,0.867,1
round1,9.7,0.929,5
round1,9.7,0.963,1
round1,9.7,1,7
round1,9.8,0.765,1
round1,9.8,0.813,1
round1,9.8,0.929,9
round1,9.8,1,7
round1,9.9,0.788,1
round1,9.9,0.839,2
round1,9.9,0.867,1
round1,9.9,0.929,6
round1,9.9,1,8
round1,10,0.743,1
round1,10,0.839,5
round1,10,0.867,1
round1,10,0.929,2
round1,10,1,9
round1,10.1,0.839,1
round1,10.1,0.867,3
round1,10.1,0.897,1
round1,10.1,0.929,7
round1,10.1,1,11
round1,10.2,0.839,2
round1,10.2,0.867,1
round1,10.2,0.929,3
round1,10.2,1,8
round1,10.3,0.839,3
round1,10.3,0.867,4
round1,10.3,0.897,2
round1,10.3,0.929,10
round1,10.3,1,10
round1,10.4,0.788,1
round1,10.4,0.839,3
round1,10.4,0.867,3
round1,10.4,0.929,5
round1,10.4,1,12
round1,10.5,0.788,1
round1,10.5,0.813,1
round1,10.5,0.897,1
round1,10.5,0.929,9
round1,10.5,1,10
round1,10.6,0.765,1
round1,10.6,0.788,2
round1,10.6,0.813,2
round1,10.6,0.867,3
round1,10.6,0.897,1
round1,10.6,0.929,7
round1,10.6,1,14
round1,10.7,0.722,1
round1,10.7,0.839,1
round1,10.7,0.867,1
round1,10.7,0.929,2
round1,10.7,1,7
round1,10.8,0.765,1
round1,10.8,0.813,1
round1,10.8,0.839,2
round1,10.8,0.867,1
round1,10.8,0.897,1
round1,10.8,0.929,7
round1,10.8,1,8
round1,10.9,0.743,1
round1,10.9,0.839,2
round1,10.9,0.867,1
round1,10.9,0.929,8
round1,10.9,1,6
round1,11,0.788,1
round1,11,0.813,1
round1,11,0.839,2
round1,11,0.867,3
round1,11,0.897,1
round1,11,0.929,9
round1,11,1,12
round1,11.1,0.788,1
round1,11.1,0.813,1
round1,11.1,0.867,1
round1,11.1,0.897,1
round1,11.1,0.929,5
round1,11.1,1,7
round1,11.2,0.813,2
round1,11.2,0.839,2
round1,11.2,0.867,4
round1,11.2,0.929,5
round1,11.2,1,14
round1,11.3,0.788,1
round1,11.3,0.839,2
round1,11.3,0.867,2
round1,11.3,0.897,2
round1,11.3,0.929,6
round1,11.3,1,10
round1,11.4,0.813,1
round1,11.4,0.867,5
round1,11.4,0.929,4
round1,11.4,1,7
round1,11.5,0.765,1
round1,11.5,0.788,1
round1,11.5,0.813,2
round1,11.5,0.839,1
round1,11.5,0.867,2
round1,11.5,0.897,2
round1,11.5,0.929,11
round1,11.5,0.963,1
round1,11.5,1,10
round1,11.6,0.765,1
round1,11.6,0.839,2
round1,11.6,0.867,3
round1,11.6,0.897,1
round1,11.6,0.929,6
round1,11.6,0.963,2
round1,11.6,1,15
round1,11.7,0.839,3
round1,11.7,0.867,4
round1,11.7,0.929,9
round1,11.7,1,14
round1,11.8,0.788,2
round1,11.8,0.813,5
round1,11.8,0.839,1
round1,11.8,0.867,6
round1,11.8,0.929,10
round1,11.8,1,9
round1,11.9,0.722,1
round1,11.9,0.788,1
round1,11.9,0.813,1
round1,11.9,0.867,2
round1,11.9,0.897,1
round1,11.9,0.929,8
round1,11.9,0.963,1
round1,11.9,1,15
round1,12,0.703,1
round1,12,0.813,1
round1,12,0.839,2
round1,12,0.867,4
round1,12,0.929,9
round1,12,1,8
round1,12.1,0.722,1
round1,12.1,0.839,1
round1,12.1,0.867,2
round1,12.1,0.929,10
round1,12.1,1,6
round1,12.2,0.788,1
round1,12.2,0.813,2
round1,12.2,0.839,1
round1,12.2,0.867,1
round1,12.2,0.897,2
round1,12.2,0.929,5
round1,12.2,0.963,1
round1,12.2,1,17
round1,12.3,0.813,2
round1,12.3,0.839,1
round1,12.3,0.867,3
round1,12.3,0.897,1
round1,12.3,0.929,9
round1,12.3,1,19
round1,12.4,0.684,1
round1,12.4,0.839,1
round1,12.4,0.867,3
round1,12.4,0.897,1
round1,12.4,0.929,10
round1,12.4,0.963,1
round1,12.4,1,11
round1,12.5,0.553,1
round1,12.5,0.765,3
round1,12.5,0.813,2
round1,12.5,0.839,2
round1,12.5,0.867,6
round1,12.5,0.897,1
round1,12.5,0.929,13
round1,12.5,0.963,1
round1,12.5,1,12
round1,12.6,0.743,1
round1,12.6,0.813,1
round1,12.6,0.867,5
round1,12.6,0.929,9
round1,12.6,1,11
round1,12.7,0.813,1
round1,12.7,0.839,1
round1,12.7,0.867,1
round1,12.7,0.897,1
round1,12.7,0.929,17
round1,12.7,1,13
round1,12.8,0.667,1
round1,12.8,0.765,1
round1,12.8,0.813,4
round1,12.8,0.839,1
round1,12.8,0.867,3
round1,12.8,0.929,13
round1,12.8,1,19
round1,12.9,0.813,1
round1,12.9,0.867,3
round1,12.9,0.897,1
round1,12.9,0.929,8
round1,12.9,0.963,1
round1,12.9,1,17
round1,13,0.765,1
round1,13,0.867,4
round1,13,0.897,1
round1,13,0.929,7
round1,13,1,12
round1,13.1,0.722,2
round1,13.1,0.765,1
round1,13.1,0.813,1
round1,13.1,0.839,2
round1,13.1,0.867,7
round1,13.1,0.897,1
round1,13.1,0.929,6
round1,13.1,1,20
round1,13.2,0.765,1
round1,13.2,0.788,1
round1,13.2,0.839,2
round1,13.2,0.867,1
round1,13.2,0.929,7
round1,13.2,0.963,2
round1,13.2,1,13
round1,13.3,0.765,2
round1,13.3,0.839,3
round1,13.3,0.867,6
round1,13.3,0.929,9
round1,13.3,1,20
round1,13.4,0.743,1
round1,13.4,0.765,1
round1,13.4,0.813,2
round1,13.4,0.867,5
round1,13.4,0.897,2
round1,13.4,0.929,17
round1,13.4,1,20
round1,13.5,0.743,1
round1,13.5,0.813,2
round1,13.5,0.839,2
round1,13.5,0.867,5
round1,13.5,0.897,1
round1,13.5,0.929,13
round1,13.5,1,20
round1,13.6,0.788,1
round1,13.6,0.813,1
round1,13.6,0.839,2
round1,13.6,0.867,7
round1,13.6,0.897,1
round1,13.6,0.929,5
round1,13.6,1,20
round1,13.7,0.765,1
round1,13.7,0.788,1
round1,13.7,0.813,2
round1,13.7,0.839,2
round1,13.7,0.867,6
round1,13.7,0.897,1
round1,13.7,0.929,17
round1,13.7,1,11
round1,13.8,0.813,1
round1,13.8,0.839,1
round1,13.8,0.867,3
round1,13.8,0.929,14
round1,13.8,0.963,1
round1,13.8,1,22
round1,13.9,0.765,1
round1,13.9,0.788,3
round1,13.9,0.813,1
round1,13.9,0.839,3
round1,13.9,0.867,6
round1,13.9,0.929,12
round1,13.9,1,22
round1,14,0.703,1
round1,14,0.839,1
round1,14,0.867,2
round1,14,0.897,2
round1,14,0.929,13
round1,14,0.963,1
round1,14,1,16
round1,14.1,0.765,1
round1,14.1,0.813,3
round1,14.1,0.839,4
round1,14.1,0.867,3
round1,14.1,0.897,1
round1,14.1,0.929,14
round1,14.1,0.963,1
round1,14.1,1,25
round1,14.2,0.788,1
round1,14.2,0.813,3
round1,14.2,0.839,2
round1,14.2,0.867,3
round1,14.2,0.929,18
round1,14.2,0.963,2
round1,14.2,1,21
round1,14.3,0.703,1
round1,14.3,0.722,1
round1,14.3,0.743,1
round1,14.3,0.765,2
round1,14.3,0.813,1
round1,14.3,0.839,1
round1,14.3,0.867,5
round1,14.3,0.929,14
round1,14.3,1,24
round1,14.4,0.684,1
round1,14.4,0.703,1
round1,14.4,0.743,2
round1,14.4,0.765,1
round1,14.4,0.813,2
round1,14.4,0.839,2
round1,14.4,0.867,6
round1,14.4,0.897,1
round1,14.4,0.929,15
round1,14.4,1,16
round1,14.5,0.743,1
round1,14.5,0.788,2
round1,14.5,0.813,2
round1,14.5,0.839,1
round1,14.5,0.867,4
round1,14.5,0.897,1
round1,14.5,0.929,13
round1,14.5,0.963,1
round1,14.5,1,14
round1,14.6,0.65,1
round1,14.6,0.743,1
round1,14.6,0.765,1
round1,14.6,0.813,4
round1,14.6,0.839,1
round1,14.6,0.867,4
round1,14.6,0.897,1
round1,14.6,0.929,19
round1,14.6,1,20
round1,14.7,0.743,1
round1,14.7,0.765,1
round1,14.7,0.788,1
round1,14.7,0.813,4
round1,14.7,0.839,2
round1,14.7,0.867,1
round1,14.7,0.897,2
round1,14.7,0.929,10
round1,14.7,0.963,1
round1,14.7,1,19
round1,14.8,0.703,1
round1,14.8,0.722,1
round1,14.8,0.765,1
round1,14.8,0.788,1
round1,14.8,0.839,2
round1,14.8,0.867,3
round1,14.8,0.897,1
round1,14.8,0.929,12
round1,14.8,0.963,1
round1,14.8,1,26
round1,14.9,0.65,1
round1,14.9,0.788,2
round1,14.9,0.813,2
round1,14.9,0.867,6
round1,14.9,0.897,3
round1,14.9,0.929,8
round1,14.9,1,26
round1,15,0.65,1
round1,15,0.722,1
round1,15,0.788,2
round1,15,0.813,2
round1,15,0.839,1
round1,15,0.867,5
round1,15,0.929,13
round1,15,0.963,1
round1,15,1,22
round1,15.1,0.765,2
round1,15.1,0.813,3
round1,15.1,0.867,1
round1,15.1,0.929,12
round1,15.1,1,27
round1,15.2,0.743,1
round1,15.2,0.765,1
round1,15.2,0.788,1
round1,15.2,0.839,4
round1,15.2,0.867,6
round1,15.2,0.897,3
round1,15.2,0.929,14
round1,15.2,1,13
round1,15.3,0.839,6
round1,15.3,0.867,5
round1,15.3,0.897,2
round1,15.3,0.929,16
round1,15.3,0.963,1
round1,15.3,1,32
round1,15.4,0.788,2
round1,15.4,0.813,1
round1,15.4,0.839,2
round1,15.4,0.867,6
round1,15.4,0.897,2
round1,15.4,0.929,15
round1,15.4,1,27
round1,15.5,0.788,1
round1,15.5,0.813,1
round1,15.5,0.839,2
round1,15.5,0.867,4
round1,15.5,0.929,23
round1,15.5,0.963,1
round1,15.5,1,16
round1,15.6,0.813,4
round1,15.6,0.839,6
round1,15.6,0.867,6
round1,15.6,0.897,2
round1,15.6,0.929,13
round1,15.6,1,15
round1,15.7,0.743,2
round1,15.7,0.788,1
round1,15.7,0.813,1
round1,15.7,0.839,3
round1,15.7,0.867,7
round1,15.7,0.929,9
round1,15.7,1,21
round1,15.8,0.722,1
round1,15.8,0.765,1
round1,15.8,0.788,1
round1,15.8,0.813,2
round1,15.8,0.839,2
round1,15.8,0.867,6
round1,15.8,0.897,1
round1,15.8,0.929,17
round1,15.8,1,25
round1,15.9,0.667,1
round1,15.9,0.743,1
round1,15.9,0.813,1
round1,15.9,0.839,2
round1,15.9,0.867,4
round1,15.9,0.897,4
round1,15.9,0.929,21
round1,15.9,1,32
round1,16,0.684,1
round1,16,0.722,1
round1,16,0.743,2
round1,16,0.813,2
round1,16,0.839,2
round1,16,0.867,9
round1,16,0.897,1
round1,16,0.929,15
round1,16,1,21
round1,16.1,0.788,1
round1,16.1,0.813,3
round1,16.1,0.839,4
round1,16.1,0.867,5
round1,16.1,0.897,1
round1,16.1,0.929,19
round1,16.1,1,24
round1,16.2,0.722,1
round1,16.2,0.813,3
round1,16.2,0.839,3
round1,16.2,0.867,2
round1,16.2,0.897,1
round1,16.2,0.929,10
round1,16.2,0.963,1
round1,16.2,1,25
round1,16.3,0.788,1
round1,16.3,0.813,3
round1,16.3,0.839,1
round1,16.3,0.867,7
round1,16.3,0.929,23
round1,16.3,1,26
round1,16.4,0.765,1
round1,16.4,0.788,1
round1,16.4,0.813,1
round1,16.4,0.839,4
round1,16.4,0.867,5
round1,16.4,0.897,3
round1,16.4,0.929,5
round1,16.4,0.963,1
round1,16.4,1,25
round1,16.5,0.743,1
round1,16.5,0.765,1
round1,16.5,0.839,2
round1,16.5,0.867,7
round1,16.5,0.897,2
round1,16.5,0.929,15
round1,16.5,0.963,1
round1,16.5,1,20
round1,16.6,0.743,2
round1,16.6,0.765,1
round1,16.6,0.788,1
round1,16.6,0.813,3
round1,16.6,0.839,1
round1,16.6,0.867,10
round1,16.6,0.897,2
round1,16.6,0.929,15
round1,16.6,1,31
round1,16.7,0.743,1
round1,16.7,0.765,1
round1,16.7,0.839,2
round1,16.7,0.867,7
round1,16.7,0.897,1
round1,16.7,0.929,19
round1,16.7,0.963,1
round1,16.7,1,23
round1,16.8,0.722,1
round1,16.8,0.765,1
round1,16.8,0.813,1
round1,16.8,0.839,4
round1,16.8,0.867,7
round1,16.8,0.897,1
round1,16.8,0.929,12
round1,16.8,0.963,1
round1,16.8,1,24
round1,16.9,0.743,1
round1,16.9,0.765,1
round1,16.9,0.813,1
round1,16.9,0.839,4
round1,16.9,0.867,6
round1,16.9,0.897,3
round1,16.9,0.929,20
round1,16.9,1,24
round1,17,0.743,2
round1,17,0.765,2
round1,17,0.813,2
round1,17,0.839,3
round1,17,0.867,3
round1,17,0.897,1
round1,17,0.929,18
round1,17,1,20
round1,17.1,0.813,2
round1,17.1,0.839,2
round1,17.1,0.867,4
round1,17.1,0.897,2
round1,17.1,0.929,17
round1,17.1,1,31
round1,17.2,0.703,1
round1,17.2,0.788,1
round1,17.2,0.813,1
round1,17.2,0.839,2
round1,17.2,0.867,4
round1,17.2,0.897,1
round1,17.2,0.929,11
round1,17.2,1,33
round1,17.3,0.667,1
round1,17.3,0.788,1
round1,17.3,0.813,4
round1,17.3,0.839,6
round1,17.3,0.867,7
round1,17.3,0.897,3
round1,17.3,0.929,15
round1,17.3,1,31
round1,17.4,0.743,1
round1,17.4,0.765,2
round1,17.4,0.788,1
round1,17.4,0.839,3
round1,17.4,0.867,2
round1,17.4,0.897,2
round1,17.4,0.929,17
round1,17.4,0.963,2
round1,17.4,1,21
round1,17.5,0.765,1
round1,17.5,0.813,2
round1,17.5,0.867,6
round1,17.5,0.897,1
round1,17.5,0.929,15
round1,17.5,1,19
round1,17.6,0.65,1
round1,17.6,0.722,1
round1,17.6,0.788,2
round1,17.6,0.813,2
round1,17.6,0.839,4
round1,17.6,0.867,13
round1,17.6,0.897,2
round1,17.6,0.929,14
round1,17.6,1,32
round1,17.7,0.722,2
round1,17.7,0.743,1
round1,17.7,0.788,1
round1,17.7,0.813,2
round1,17.7,0.839,3
round1,17.7,0.867,8
round1,17.7,0.897,1
round1,17.7,0.929,27
round1,17.7,1,24
round1,17.8,0.765,1
round1,17.8,0.788,1
round1,17.8,0.839,3
round1,17.8,0.867,2
round1,17.8,0.897,1
round1,17.8,0.929,24
round1,17.8,0.963,1
round1,17.8,1,37
round1,17.9,0.788,1
round1,17.9,0.839,2
round1,17.9,0.867,4
round1,17.9,0.897,3
round1,17.9,0.929,20
round1,17.9,1,26
round1,18,0.703,1
round1,18,0.788,2
round1,18,0.813,2
round1,18,0.839,3
round1,18,0.867,3
round1,18,0.897,2
round1,18,0.929,17
round1,18,1,26
round1,18.1,0.703,1
round1,18.1,0.722,1
round1,18.1,0.743,1
round1,18.1,0.765,2
round1,18.1,0.788,1
round1,18.1,0.813,4
round1,18.1,0.839,4
round1,18.1,0.867,4
round1,18.1,0.897,1
round1,18.1,0.929,15
round1,18.1,1,27
round1,18.2,0.813,1
round1,18.2,0.839,4
round1,18.2,0.867,6
round1,18.2,0.929,14
round1,18.2,1,30
round1,18.3,0.743,1
round1,18.3,0.839,2
round1,18.3,0.867,9
round1,18.3,0.929,13
round1,18.3,1,27
round1,18.4,0.722,1
round1,18.4,0.813,3
round1,18.4,0.839,3
round1,18.4,0.867,2
round1,18.4,0.897,1
round1,18.4,0.929,20
round1,18.4,0.963,1
round1,18.4,1,27
round1,18.5,0.743,1
round1,18.5,0.765,2
round1,18.5,0.813,5
round1,18.5,0.839,4
round1,18.5,0.867,8
round1,18.5,0.897,1
round1,18.5,0.929,19
round1,18.5,1,19
round1,18.6,0.743,1
round1,18.6,0.788,1
round1,18.6,0.813,2
round1,18.6,0.839,4
round1,18.6,0.867,4
round1,18.6,0.929,22
round1,18.6,1,31
round1,18.7,0.722,1
round1,18.7,0.813,2
round1,18.7,0.839,2
round1,18.7,0.867,9
round1,18.7,0.897,1
round1,18.7,0.929,19
round1,18.7,1,23
round1,18.8,0.765,2
round1,18.8,0.813,1
round1,18.8,0.839,1
round1,18.8,0.867,5
round1,18.8,0.929,27
round1,18.8,1,19
round1,18.9,0.743,1
round1,18.9,0.765,1
round1,18.9,0.839,3
round1,18.9,0.867,11
round1,18.9,0.897,1
round1,18.9,0.929,11
round1,18.9,0.963,1
round1,18.9,1,32
round1,19,0.722,1
round1,19,0.788,2
round1,19,0.813,3
round1,19,0.839,3
round1,19,0.867,5
round1,19,0.929,11
round1,19,1,22
round1,19.1,0.722,3
round1,19.1,0.788,5
round1,19.1,0.813,3
round1,19.1,0.839,4
round1,19.1,0.867,4
round1,19.1,0.897,1
round1,19.1,0.929,22
round1,19.1,1,24
round1,19.2,0.703,1
round1,19.2,0.813,1
round1,19.2,0.839,3
round1,19.2,0.867,5
round1,19.2,0.897,1
round1,19.2,0.929,17
round1,19.2,0.963,2
round1,19.2,1,32
round1,19.3,0.788,1
round1,19.3,0.813,3
round1,19.3,0.839,4
round1,19.3,0.867,5
round1,19.3,0.897,1
round1,19.3,0.929,15
round1,19.3,0.963,1
round1,19.3,1,28
round1,19.4,0.839,4
round1,19.4,0.867,8
round1,19.4,0.897,1
round1,19.4,0.929,23
round1,19.4,0.963,1
round1,19.4,1,28
round1,19.5,0.684,1
round1,19.5,0.743,2
round1,19.5,0.788,1
round1,19.5,0.813,1
round1,19.5,0.839,5
round1,19.5,0.867,5
round1,19.5,0.897,3
round1,19.5,0.929,14
round1,19.5,1,23
round1,19.6,0.743,1
round1,19.6,0.788,2
round1,19.6,0.813,1
round1,19.6,0.839,1
round1,19.6,0.867,8
round1,19.6,0.897,1
round1,19.6,0.929,15
round1,19.6,0.963,1
round1,19.6,1,14
round1,19.7,0.667,1
round1,19.7,0.788,1
round1,19.7,0.839,3
round1,19.7,0.867,6
round1,19.7,0.897,2
round1,19.7,0.929,13
round1,19.7,0.963,1
round1,19.7,1,20
round1,19.8,0.5,1
round1,19.8,0.743,1
round1,19.8,0.813,3
round1,19.8,0.839,4
round1,19.8,0.867,4
round1,19.8,0.929,16
round1,19.8,1,24
round1,19.9,0.703,1
round1,19.9,0.743,1
round1,19.9,0.813,1
round1,19.9,0.839,4
round1,19.9,0.867,9
round1,19.9,0.929,19
round1,19.9,0.963,1
round1,19.9,1,24
round1,20,0.722,1
round1,20,0.765,1
round1,20,0.788,3
round1,20,0.813,3
round1,20,0.839,1
round1,20,0.867,5
round1,20,0.897,2
round1,20,0.929,16
round1,20,1,27
round1,20.1,0.703,1
round1,20.1,0.765,4
round1,20.1,0.788,3
round1,20.1,0.813,1
round1,20.1,0.839,3
round1,20.1,0.867,10
round1,20.1,0.897,3
round1,20.1,0.929,14
round1,20.1,1,26
round1,20.2,0.743,1
round1,20.2,0.788,1
round1,20.2,0.813,1
round1,20.2,0.867,6
round1,20.2,0.897,1
round1,20.2,0.929,13
round1,20.2,0.963,2
round1,20.2,1,28
round1,20.3,0.813,5
round1,20.3,0.839,4
round1,20.3,0.867,4
round1,20.3,0.897,2
round1,20.3,0.929,11
round1,20.3,0.963,1
round1,20.3,1,25
round1,20.4,0.765,1
round1,20.4,0.788,1
round1,20.4,0.813,2
round1,20.4,0.839,3
round1,20.4,0.867,10
round1,20.4,0.897,1
round1,20.4,0.929,16
round1,20.4,0.963,1
round1,20.4,1,25
round1,20.5,0.722,1
round1,20.5,0.788,1
round1,20.5,0.813,2
round1,20.5,0.839,6
round1,20.5,0.867,4
round1,20.5,0.897,2
round1,20.5,0.929,22
round1,20.5,1,28
round1,20.6,0.743,1
round1,20.6,0.765,1
round1,20.6,0.788,2
round1,20.6,0.813,3
round1,20.6,0.839,4
round1,20.6,0.867,8
round1,20.6,0.897,2
round1,20.6,0.929,16
round1,20.6,0.963,1
round1,20.6,1,26
round1,20.7,0.765,2
round1,20.7,0.788,3
round1,20.7,0.813,2
round1,20.7,0.839,4
round1,20.7,0.867,5
round1,20.7,0.897,1
round1,20.7,0.929,15
round1,20.7,0.963,1
round1,20.7,1,24
round1,20.8,0.722,1
round1,20.8,0.765,2
round1,20.8,0.788,1
round1,20.8,0.813,6
round1,20.8,0.839,3
round1,20.8,0.867,3
round1,20.8,0.897,1
round1,20.8,0.929,17
round1,20.8,1,22
round1,20.9,0.765,1
round1,20.9,0.813,6
round1,20.9,0.839,1
round1,20.9,0.867,8
round1,20.9,0.897,2
round1,20.9,0.929,14
round1,20.9,1,25
round1,21,0.722,1
round1,21,0.788,3
round1,21,0.813,3
round1,21,0.839,4
round1,21,0.867,6
round1,21,0.897,4
round1,21,0.929,16
round1,21,1,28
round1,21.1,0.788,2
round1,21.1,0.813,2
round1,21.1,0.839,3
round1,21.1,0.867,13
round1,21.1,0.897,2
round1,21.1,0.929,22
round1,21.1,0.963,1
round1,21.1,1,39
round1,21.2,0.542,1
round1,21.2,0.788,1
round1,21.2,0.813,5
round1,21.2,0.839,2
round1,21.2,0.867,6
round1,21.2,0.897,1
round1,21.2,0.929,16
round1,21.2,1,25
round1,21.3,0.703,1
round1,21.3,0.765,1
round1,21.3,0.788,2
round1,21.3,0.813,6
round1,21.3,0.839,2
round1,21.3,0.867,2
round1,21.3,0.897,3
round1,21.3,0.929,17
round1,21.3,1,33
round1,21.4,0.743,1
round1,21.4,0.765,2
round1,21.4,0.788,1
round1,21.4,0.813,2
round1,21.4,0.839,4
round1,21.4,0.867,9
round1,21.4,0.897,1
round1,21.4,0.929,13
round1,21.4,1,23
round1,21.5,0.703,2
round1,21.5,0.722,1
round1,21.5,0.765,1
round1,21.5,0.788,1
round1,21.5,0.813,1
round1,21.5,0.839,2
round1,21.5,0.867,5
round1,21.5,0.929,19
round1,21.5,1,45
round1,21.6,0.765,2
round1,21.6,0.813,1
round1,21.6,0.839,2
round1,21.6,0.867,8
round1,21.6,0.897,1
round1,21.6,0.929,14
round1,21.6,0.963,1
round1,21.6,1,24
round1,21.7,0.65,1
round1,21.7,0.765,3
round1,21.7,0.813,6
round1,21.7,0.839,6
round1,21.7,0.867,12
round1,21.7,0.897,1
round1,21.7,0.929,13
round1,21.7,0.963,1
round1,21.7,1,23
round1,21.8,0.722,1
round1,21.8,0.765,1
round1,21.8,0.788,2
round1,21.8,0.813,1
round1,21.8,0.839,4
round1,21.8,0.867,6
round1,21.8,0.929,18
round1,21.8,1,32
round1,21.9,0.765,1
round1,21.9,0.813,1
round1,21.9,0.839,3
round1,21.9,0.867,6
round1,21.9,0.897,3
round1,21.9,0.929,19
round1,21.9,1,34
round1,22,0.667,1
round1,22,0.743,2
round1,22,0.765,1
round1,22,0.788,1
round1,22,0.839,1
round1,22,0.867,3
round1,22,0.929,12
round1,22,0.963,1
round1,22,1,35
round1,22.1,0.743,1
round1,22.1,0.788,1
round1,22.1,0.813,1
round1,22.1,0.839,6
round1,22.1,0.867,12
round1,22.1,0.929,20
round1,22.1,0.963,3
round1,22.1,1,33
round1,22.2,0.765,2
round1,22.2,0.788,1
round1,22.2,0.839,2
round1,22.2,0.867,9
round1,22.2,0.897,1
round1,22.2,0.929,20
round1,22.2,1,27
round1,22.3,0.703,1
round1,22.3,0.722,1
round1,22.3,0.765,1
round1,22.3,0.813,5
round1,22.3,0.839,2
round1,22.3,0.867,10
round1,22.3,0.929,15
round1,22.3,0.963,1
round1,22.3,1,24
round1,22.4,0.788,1
round1,22.4,0.867,13
round1,22.4,0.897,1
round1,22.4,0.929,16
round1,22.4,0.963,1
round1,22.4,1,39
round1,22.5,0.743,1
round1,22.5,0.839,5
round1,22.5,0.867,4
round1,22.5,0.897,2
round1,22.5,0.929,15
round1,22.5,1,27
round1,22.6,0.65,1
round1,22.6,0.703,1
round1,22.6,0.765,2
round1,22.6,0.788,1
round1,22.6,0.813,3
round1,22.6,0.839,3
round1,22.6,0.867,4
round1,22.6,0.897,2
round1,22.6,0.929,18
round1,22.6,0.963,1
round1,22.6,1,26
round1,22.7,0.813,3
round1,22.7,0.839,4
round1,22.7,0.867,6
round1,22.7,0.897,2
round1,22.7,0.929,25
round1,22.7,1,25
round1,22.8,0.684,1
round1,22.8,0.743,1
round1,22.8,0.765,1
round1,22.8,0.813,1
round1,22.8,0.839,4
round1,22.8,0.867,8
round1,22.8,0.897,1
round1,22.8,0.929,17
round1,22.8,1,31
round1,22.9,0.722,1
round1,22.9,0.765,1
round1,22.9,0.813,1
round1,22.9,0.839,3
round1,22.9,0.867,7
round1,22.9,0.929,23
round1,22.9,0.963,2
round1,22.9,1,28
round1,23,0.788,1
round1,23,0.813,4
round1,23,0.839,1
round1,23,0.867,5
round1,23,0.897,1
round1,23,0.929,18
round1,23,0.963,1
round1,23,1,24
round1,23.1,0.765,2
round1,23.1,0.788,2
round1,23.1,0.813,1
round1,23.1,0.839,5
round1,23.1,0.867,5
round1,23.1,0.897,2
round1,23.1,0.929,15
round1,23.1,0.963,1
round1,23.1,1,28
round1,23.2,0.765,1
round1,23.2,0.788,2
round1,23.2,0.813,1
round1,23.2,0.839,1
round1,23.2,0.867,5
round1,23.2,0.929,16
round1,23.2,1,24
round1,23.3,0.765,3
round1,23.3,0.788,2
round1,23.3,0.813,1
round1,23.3,0.839,1
round1,23.3,0.867,3
round1,23.3,0.929,21
round1,23.3,0.963,2
round1,23.3,1,26
round1,23.4,0.703,1
round1,23.4,0.765,2
round1,23.4,0.813,4
round1,23.4,0.839,3
round1,23.4,0.867,4
round1,23.4,0.897,1
round1,23.4,0.929,13
round1,23.4,1,20
round1,23.5,0.743,1
round1,23.5,0.765,1
round1,23.5,0.788,1
round1,23.5,0.813,2
round1,23.5,0.839,2
round1,23.5,0.867,10
round1,23.5,0.897,1
round1,23.5,0.929,14
round1,23.5,1,31
round1,23.6,0.813,2
round1,23.6,0.839,2
round1,23.6,0.867,9
round1,23.6,0.897,1
round1,23.6,0.929,18
round1,23.6,1,23
round1,23.7,0.788,2
round1,23.7,0.813,3
round1,23.7,0.839,2
round1,23.7,0.867,5
round1,23.7,0.897,1
round1,23.7,0.929,17
round1,23.7,1,28
round1,23.8,0.788,2
round1,23.8,0.813,1
round1,23.8,0.839,2
round1,23.8,0.867,5
round1,23.8,0.897,1
round1,23.8,0.929,13
round1,23.8,1,31
round1,23.9,0.788,2
round1,23.9,0.867,6
round1,23.9,0.897,2
round1,23.9,0.929,15
round1,23.9,0.963,1
round1,23.9,1,27
round1,24,0.667,1
round1,24,0.765,1
round1,24,0.813,1
round1,24,0.839,5
round1,24,0.867,8
round1,24,0.897,1
round1,24,0.929,14
round1,24,0.963,1
round1,24,1,31
round1,24.1,0.813,2
round1,24.1,0.867,4
round1,24.1,0.897,2
round1,24.1,0.929,14
round1,24.1,1,28
round1,24.2,0.65,1
round1,24.2,0.743,1
round1,24.2,0.765,3
round1,24.2,0.813,1
round1,24.2,0.839,5
round1,24.2,0.867,6
round1,24.2,0.929,12
round1,24.2,0.963,2
round1,24.2,1,11
round1,24.3,0.743,1
round1,24.3,0.765,1
round1,24.3,0.788,3
round1,24.3,0.813,2
round1,24.3,0.839,1
round1,24.3,0.867,3
round1,24.3,0.929,15
round1,24.3,1,30
round1,24.4,0.722,1
round1,24.4,0.765,1
round1,24.4,0.813,1
round1,24.4,0.839,4
round1,24.4,0.867,6
round1,24.4,0.929,21
round1,24.4,1,29
round1,24.5,0.765,3
round1,24.5,0.788,5
round1,24.5,0.813,5
round1,24.5,0.839,4
round1,24.5,0.867,6
round1,24.5,0.929,21
round1,24.5,0.963,1
round1,24.5,1,23
round1,24.6,0.765,1
round1,24.6,0.813,1
round1,24.6,0.839,2
round1,24.6,0.867,8
round1,24.6,0.897,2
round1,24.6,0.929,15
round1,24.6,1,24
round1,24.7,0.684,2
round1,24.7,0.765,2
round1,24.7,0.788,2
round1,24.7,0.813,3
round1,24.7,0.839,3
round1,24.7,0.867,3
round1,24.7,0.929,11
round1,24.7,1,30
round1,24.8,0.722,1
round1,24.8,0.765,2
round1,24.8,0.813,1
round1,24.8,0.839,5
round1,24.8,0.867,4
round1,24.8,0.929,21
round1,24.8,0.963,2
round1,24.8,1,29
round1,24.9,0.765,1
round1,24.9,0.813,1
round1,24.9,0.839,4
round1,24.9,0.867,3
round1,24.9,0.897,1
round1,24.9,0.929,14
round1,24.9,1,26
round1,25,0.813,3
round1,25,0.839,2
round1,25,0.867,6
round1,25,0.897,3
round1,25,0.929,19
round1,25,0.963,2
round1,25,1,27
round1,25.1,0.788,1
round1,25.1,0.813,5
round1,25.1,0.839,5
round1,25.1,0.867,3
round1,25.1,0.897,4
round1,25.1,0.929,18
round1,25.1,1,18
round1,25.2,0.722,1
round1,25.2,0.765,2
round1,25.2,0.788,1
round1,25.2,0.813,1
round1,25.2,0.839,2
round1,25.2,0.867,11
round1,25.2,0.929,13
round1,25.2,1,33
round1,25.3,0.703,1
round1,25.3,0.788,1
round1,25.3,0.813,2
round1,25.3,0.839,4
round1,25.3,0.867,8
round1,25.3,0.897,2
round1,25.3,0.929,22
round1,25.3,0.963,1
round1,25.3,1,21
round1,25.4,0.481,1
round1,25.4,0.813,3
round1,25.4,0.839,3
round1,25.4,0.867,6
round1,25.4,0.897,1
round1,25.4,0.929,8
round1,25.4,1,24
round1,25.5,0.722,1
round1,25.5,0.788,2
round1,25.5,0.813,3
round1,25.5,0.839,2
round1,25.5,0.867,2
round1,25.5,0.929,24
round1,25.5,0.963,1
round1,25.5,1,21
round1,25.6,0.722,1
round1,25.6,0.765,1
round1,25.6,0.788,1
round1,25.6,0.813,1
round1,25.6,0.839,3
round1,25.6,0.867,7
round1,25.6,0.929,14
round1,25.6,1,23
round1,25.7,0.743,1
round1,25.7,0.765,2
round1,25.7,0.788,3
round1,25.7,0.813,2
round1,25.7,0.839,5
round1,25.7,0.867,2
round1,25.7,0.929,20
round1,25.7,1,22
round1,25.8,0.703,1
round1,25.8,0.765,1
round1,25.8,0.788,1
round1,25.8,0.813,1
round1,25.8,0.867,5
round1,25.8,0.897,1
round1,25.8,0.929,12
round1,25.8,1,31
round1,25.9,0.578,1
round1,25.9,0.788,2
round1,25.9,0.813,3
round1,25.9,0.839,2
round1,25.9,0.867,7
round1,25.9,0.897,3
round1,25.9,0.929,19
round1,25.9,1,28
round1,26,0.619,1
round1,26,0.765,1
round1,26,0.788,1
round1,26,0.839,4
round1,26,0.867,2
round1,26,0.897,1
round1,26,0.929,21
round1,26,1,24
round1,26.1,0.788,1
round1,26.1,0.813,6
round1,26.1,0.839,3
round1,26.1,0.867,5
round1,26.1,0.929,19
round1,26.1,0.963,2
round1,26.1,1,24
round1,26.2,0.703,1
round1,26.2,0.722,2
round1,26.2,0.765,1
round1,26.2,0.813,2
round1,26.2,0.839,3
round1,26.2,0.867,6
round1,26.2,0.929,14
round1,26.2,1,28
round1,26.3,0.722,1
round1,26.3,0.743,2
round1,26.3,0.765,1
round1,26.3,0.813,2
round1,26.3,0.839,1
round1,26.3,0.867,9
round1,26.3,0.897,3
round1,26.3,0.929,15
round1,26.3,1,28
round1,26.4,0.765,3
round1,26.4,0.788,1
round1,26.4,0.813,2
round1,26.4,0.839,5
round1,26.4,0.867,5
round1,26.4,0.897,1
round1,26.4,0.929,14
round1,26.4,1,33
round1,26.5,0.765,2
round1,26.5,0.788,1
round1,26.5,0.813,1
round1,26.5,0.839,3
round1,26.5,0.867,2
round1,26.5,0.897,1
round1,26.5,0.929,11
round1,26.5,1,20
round1,26.6,0.619,1
round1,26.6,0.743,1
round1,26.6,0.765,1
round1,26.6,0.788,1
round1,26.6,0.839,1
round1,26.6,0.867,4
round1,26.6,0.897,2
round1,26.6,0.929,12
round1,26.6,1,24
round1,26.7,0.667,1
round1,26.7,0.765,1
round1,26.7,0.788,1
round1,26.7,0.813,1
round1,26.7,0.839,1
round1,26.7,0.867,5
round1,26.7,0.897,3
round1,26.7,0.929,11
round1,26.7,0.963,1
round1,26.7,1,31
round1,26.8,0.722,1
round1,26.8,0.743,2
round1,26.8,0.839,4
round1,26.8,0.867,5
round1,26.8,0.897,2
round1,26.8,0.929,15
round1,26.8,0.963,1
round1,26.8,1,14
round1,26.9,0.722,2
round1,26.9,0.813,3
round1,26.9,0.839,2
round1,26.9,0.867,3
round1,26.9,0.929,16
round1,26.9,0.963,1
round1,26.9,1,27
round1,27,0.703,1
round1,27,0.743,1
round1,27,0.788,1
round1,27,0.813,2
round1,27,0.839,1
round1,27,0.867,7
round1,27,0.897,1
round1,27,0.929,21
round1,27,1,37
round1,27.1,0.743,1
round1,27.1,0.765,3
round1,27.1,0.813,1
round1,27.1,0.839,3
round1,27.1,0.867,6
round1,27.1,0.897,3
round1,27.1,0.929,18
round1,27.1,0.963,1
round1,27.1,1,22
round1,27.2,0.65,1
round1,27.2,0.684,1
round1,27.2,0.788,1
round1,27.2,0.813,1
round1,27.2,0.839,3
round1,27.2,0.867,5
round1,27.2,0.897,1
round1,27.2,0.929,20
round1,27.2,1,27
round1,27.3,0.722,1
round1,27.3,0.743,1
round1,27.3,0.765,2
round1,27.3,0.839,1
round1,27.3,0.867,2
round1,27.3,0.897,1
round1,27.3,0.929,14
round1,27.3,1,24
round1,27.4,0.765,1
round1,27.4,0.788,2
round1,27.4,0.839,3
round1,27.4,0.867,4
round1,27.4,0.897,1
round1,27.4,0.929,17
round1,27.4,1,15
round1,27.5,0.703,1
round1,27.5,0.788,1
round1,27.5,0.813,3
round1,27.5,0.839,2
round1,27.5,0.867,5
round1,27.5,0.897,1
round1,27.5,0.929,19
round1,27.5,0.963,1
round1,27.5,1,21
round1,27.6,0.722,1
round1,27.6,0.765,1
round1,27.6,0.813,3
round1,27.6,0.839,6
round1,27.6,0.867,5
round1,27.6,0.897,2
round1,27.6,0.929,22
round1,27.6,0.963,1
round1,27.6,1,12
round1,27.7,0.703,1
round1,27.7,0.765,1
round1,27.7,0.788,1
round1,27.7,0.813,3
round1,27.7,0.839,2
round1,27.7,0.867,10
round1,27.7,0.929,13
round1,27.7,1,15
round1,27.8,0.765,1
round1,27.8,0.788,2
round1,27.8,0.813,1
round1,27.8,0.867,2
round1,27.8,0.897,3
round1,27.8,0.929,17
round1,27.8,1,29
round1,27.9,0.743,1
round1,27.9,0.765,1
round1,27.9,0.813,8
round1,27.9,0.839,2
round1,27.9,0.867,6
round1,27.9,0.897,2
round1,27.9,0.929,20
round1,27.9,1,16
round1,28,0.722,1
round1,28,0.743,1
round1,28,0.765,1
round1,28,0.788,3
round1,28,0.813,2
round1,28,0.839,1
round1,28,0.867,5
round1,28,0.897,2
round1,28,0.929,14
round1,28,0.963,2
round1,28,1,20
round1,28.1,0.722,1
round1,28.1,0.788,2
round1,28.1,0.839,3
round1,28.1,0.867,6
round1,28.1,0.897,2
round1,28.1,0.929,24
round1,28.1,1,19
round1,28.2,0.813,1
round1,28.2,0.839,3
round1,28.2,0.867,5
round1,28.2,0.929,22
round1,28.2,1,28
round1,28.3,0.743,1
round1,28.3,0.765,1
round1,28.3,0.788,1
round1,28.3,0.839,3
round1,28.3,0.867,9
round1,28.3,0.897,1
round1,28.3,0.929,16
round1,28.3,1,12
round1,28.4,0.765,3
round1,28.4,0.813,2
round1,28.4,0.839,1
round1,28.4,0.867,6
round1,28.4,0.929,18
round1,28.4,1,21
round1,28.5,0.765,1
round1,28.5,0.788,4
round1,28.5,0.813,2
round1,28.5,0.839,2
round1,28.5,0.867,3
round1,28.5,0.897,1
round1,28.5,0.929,13
round1,28.5,1,20
round1,28.6,0.743,1
round1,28.6,0.839,2
round1,28.6,0.867,7
round1,28.6,0.897,1
round1,28.6,0.929,16
round1,28.6,1,23
round1,28.7,0.684,1
round1,28.7,0.788,2
round1,28.7,0.839,3
round1,28.7,0.867,7
round1,28.7,0.929,12
round1,28.7,0.963,3
round1,28.7,1,33
round1,28.8,0.684,1
round1,28.8,0.813,2
round1,28.8,0.839,4
round1,28.8,0.867,6
round1,28.8,0.897,2
round1,28.8,0.929,15
round1,28.8,1,21
round1,28.9,0.788,2
round1,28.9,0.813,1
round1,28.9,0.839,3
round1,28.9,0.867,3
round1,28.9,0.897,3
round1,28.9,0.929,16
round1,28.9,1,17
round1,29,0.765,1
round1,29,0.813,2
round1,29,0.839,2
round1,29,0.867,5
round1,29,0.929,10
round1,29,1,26
round1,29.1,0.743,1
round1,29.1,0.788,1
round1,29.1,0.839,4
round1,29.1,0.867,2
round1,29.1,0.897,2
round1,29.1,0.929,16
round1,29.1,1,23
round1,29.2,0.788,2
round1,29.2,0.813,2
round1,29.2,0.839,1
round1,29.2,0.867,3
round1,29.2,0.897,3
round1,29.2,0.929,14
round1,29.2,0.963,1
round1,29.2,1,28
round1,29.3,0.542,1
round1,29.3,0.765,1
round1,29.3,0.788,1
round1,29.3,0.813,5
round1,29.3,0.867,6
round1,29.3,0.897,1
round1,29.3,0.929,14
round1,29.3,0.963,1
round1,29.3,1,23
round1,29.4,0.788,1
round1,29.4,0.839,1
round1,29.4,0.867,3
round1,29.4,0.929,13
round1,29.4,0.963,1
round1,29.4,1,23
round1,29.5,0.788,2
round1,29.5,0.813,3
round1,29.5,0.839,1
round1,29.5,0.867,8
round1,29.5,0.897,1
round1,29.5,0.929,20
round1,29.5,1,21
round1,29.6,0.765,1
round1,29.6,0.839,1
round1,29.6,0.867,6
round1,29.6,0.897,1
round1,29.6,0.929,14
round1,29.6,1,31
round1,29.7,0.722,1
round1,29.7,0.765,1
round1,29.7,0.788,1
round1,29.7,0.813,4
round1,29.7,0.839,1
round1,29.7,0.867,1
round1,29.7,0.897,1
round1,29.7,0.929,17
round1,29.7,0.963,1
round1,29.7,1,30
round1,29.8,0.743,1
round1,29.8,0.765,1
round1,29.8,0.839,3
round1,29.8,0.867,2
round1,29.8,0.929,10
round1,29.8,1,19
round1,29.9,0.788,1
round1,29.9,0.813,4
round1,29.9,0.867,3
round1,29.9,0.897,2
round1,29.9,0.929,13
round1,29.9,0.963,1
round1,29.9,1,24
round1,30,0.65,1
round1,30,0.765,2
round1,30,0.788,3
round1,30,0.813,1
round1,30,0.839,2
round1,30,0.867,6
round1,30,0.897,2
round1,30,0.929,8
round1,30,1,19
round1,30.1,0.722,1
round1,30.1,0.743,1
round1,30.1,0.813,2
round1,30.1,0.839,1
round1,30.1,0.867,5
round1,30.1,0.897,2
round1,30.1,0.929,16
round1,30.1,1,15
round1,30.2,0.788,1
round1,30.2,0.839,3
round1,30.2,0.867,4
round1,30.2,0.897,1
round1,30.2,0.929,15
round1,30.2,0.963,2
round1,30.2,1,24
round1,30.3,0.722,1
round1,30.3,0.788,1
round1,30.3,0.813,3
round1,30.3,0.839,1
round1,30.3,0.867,5
round1,30.3,0.897,2
round1,30.3,0.929,10
round1,30.3,0.963,1
round1,30.3,1,19
round1,30.4,0.765,2
round1,30.4,0.813,4
round1,30.4,0.839,2
round1,30.4,0.867,2
round1,30.4,0.897,2
round1,30.4,0.929,11
round1,30.4,1,20
round1,30.5,0.788,1
round1,30.5,0.813,3
round1,30.5,0.839,3
round1,30.5,0.867,4
round1,30.5,0.929,15
round1,30.5,1,20
round1,30.6,0.722,1
round1,30.6,0.765,1
round1,30.6,0.788,1
round1,30.6,0.813,4
round1,30.6,0.839,2
round1,30.6,0.867,1
round1,30.6,0.929,13
round1,30.6,1,23
round1,30.7,0.788,2
round1,30.7,0.839,1
round1,30.7,0.867,9
round1,30.7,0.897,2
round1,30.7,0.929,12
round1,30.7,0.963,1
round1,30.7,1,23
round1,30.8,0.65,1
round1,30.8,0.765,2
round1,30.8,0.788,2
round1,30.8,0.813,2
round1,30.8,0.839,2
round1,30.8,0.867,5
round1,30.8,0.929,20
round1,30.8,0.963,1
round1,30.8,1,20
round1,30.9,0.743,2
round1,30.9,0.813,1
round1,30.9,0.839,1
round1,30.9,0.867,6
round1,30.9,0.929,15
round1,30.9,1,23
round1,31,0.743,2
round1,31,0.765,1
round1,31,0.839,1
round1,31,0.867,5
round1,31,0.897,2
round1,31,0.929,14
round1,31,1,20
round1,31.1,0.684,1
round1,31.1,0.813,2
round1,31.1,0.839,5
round1,31.1,0.867,5
round1,31.1,0.929,15
round1,31.1,1,18
round1,31.2,0.743,1
round1,31.2,0.765,2
round1,31.2,0.813,2
round1,31.2,0.839,1
round1,31.2,0.867,4
round1,31.2,0.897,1
round1,31.2,0.929,12
round1,31.2,1,18
round1,31.3,0.722,1
round1,31.3,0.813,2
round1,31.3,0.839,1
round1,31.3,0.867,5
round1,31.3,0.929,6
round1,31.3,0.963,1
round1,31.3,1,20
round1,31.4,0.743,1
round1,31.4,0.788,2
round1,31.4,0.867,4
round1,31.4,0.897,2
round1,31.4,0.929,14
round1,31.4,0.963,2
round1,31.4,1,20
round1,31.5,0.765,2
round1,31.5,0.788,1
round1,31.5,0.813,2
round1,31.5,0.839,2
round1,31.5,0.867,6
round1,31.5,0.897,3
round1,31.5,0.929,21
round1,31.5,1,17
round1,31.6,0.722,1
round1,31.6,0.743,1
round1,31.6,0.788,2
round1,31.6,0.813,1
round1,31.6,0.839,3
round1,31.6,0.867,7
round1,31.6,0.929,19
round1,31.6,0.963,1
round1,31.6,1,18
round1,31.7,0.765,1
round1,31.7,0.788,1
round1,31.7,0.813,3
round1,31.7,0.839,2
round1,31.7,0.867,7
round1,31.7,0.929,8
round1,31.7,1,19
round1,31.8,0.765,1
round1,31.8,0.788,1
round1,31.8,0.813,2
round1,31.8,0.867,4
round1,31.8,0.897,1
round1,31.8,0.929,14
round1,31.8,0.963,1
round1,31.8,1,15
round1,31.9,0.703,1
round1,31.9,0.813,3
round1,31.9,0.839,3
round1,31.9,0.867,2
round1,31.9,0.897,1
round1,31.9,0.929,10
round1,31.9,1,18
round1,32,0.765,1
round1,32,0.813,2
round1,32,0.839,3
round1,32,0.867,7
round1,32,0.929,9
round1,32,0.963,2
round1,32,1,20
round1,32.1,0.65,1
round1,32.1,0.684,1
round1,32.1,0.867,5
round1,32.1,0.897,1
round1,32.1,0.929,15
round1,32.1,1,21
round1,32.2,0.722,1
round1,32.2,0.743,1
round1,32.2,0.788,1
round1,32.2,0.813,1
round1,32.2,0.839,2
round1,32.2,0.867,4
round1,32.2,0.897,2
round1,32.2,0.929,17
round1,32.2,1,18
round1,32.3,0.765,3
round1,32.3,0.813,2
round1,32.3,0.867,6
round1,32.3,0.897,1
round1,32.3,0.929,12
round1,32.3,1,18
round1,32.4,0.743,1
round1,32.4,0.788,1
round1,32.4,0.813,2
round1,32.4,0.839,2
round1,32.4,0.867,2
round1,32.4,0.929,9
round1,32.4,1,25
round1,32.5,0.765,1
round1,32.5,0.788,1
round1,32.5,0.813,2
round1,32.5,0.839,2
round1,32.5,0.867,5
round1,32.5,0.897,2
round1,32.5,0.929,10
round1,32.5,1,10
round1,32.6,0.667,1
round1,32.6,0.765,1
round1,32.6,0.788,2
round1,32.6,0.839,4
round1,32.6,0.867,5
round1,32.6,0.897,2
round1,32.6,0.929,14
round1,32.6,1,18
round1,32.7,0.743,1
round1,32.7,0.765,1
round1,32.7,0.788,3
round1,32.7,0.839,1
round1,32.7,0.867,6
round1,32.7,0.929,13
round1,32.7,0.963,1
round1,32.7,1,26
round1,32.8,0.788,1
round1,32.8,0.813,2
round1,32.8,0.839,3
round1,32.8,0.867,4
round1,32.8,0.897,1
round1,32.8,0.929,11
round1,32.8,1,21
round1,32.9,0.765,2
round1,32.9,0.813,4
round1,32.9,0.867,5
round1,32.9,0.897,1
round1,32.9,0.929,18
round1,32.9,1,24
round1,33,0.722,1
round1,33,0.813,4
round1,33,0.839,3
round1,33,0.867,4
round1,33,0.929,8
round1,33,0.963,1
round1,33,1,21
round1,33.1,0.703,1
round1,33.1,0.839,2
round1,33.1,0.867,5
round1,33.1,0.929,14
round1,33.1,0.963,1
round1,33.1,1,18
round1,33.2,0.765,1
round1,33.2,0.788,1
round1,33.2,0.813,2
round1,33.2,0.839,4
round1,33.2,0.867,3
round1,33.2,0.897,2
round1,33.2,0.929,16
round1,33.2,1,18
round1,33.3,0.743,1
round1,33.3,0.839,4
round1,33.3,0.867,4
round1,33.3,0.897,2
round1,33.3,0.929,9
round1,33.3,1,21
round1,33.4,0.591,1
round1,33.4,0.765,1
round1,33.4,0.788,1
round1,33.4,0.813,1
round1,33.4,0.839,1
round1,33.4,0.867,4
round1,33.4,0.929,9
round1,33.4,1,16
round1,33.5,0.634,1
round1,33.5,0.765,1
round1,33.5,0.813,3
round1,33.5,0.839,2
round1,33.5,0.867,4
round1,33.5,0.929,15
round1,33.5,0.963,2
round1,33.5,1,23
round1,33.6,0.743,1
round1,33.6,0.813,1
round1,33.6,0.839,2
round1,33.6,0.867,3
round1,33.6,0.897,1
round1,33.6,0.929,14
round1,33.6,1,17
round1,33.7,0.813,2
round1,33.7,0.839,2
round1,33.7,0.867,3
round1,33.7,0.929,25
round1,33.7,1,22
round1,33.8,0.684,1
round1,33.8,0.743,2
round1,33.8,0.813,2
round1,33.8,0.839,1
round1,33.8,0.867,2
round1,33.8,0.929,13
round1,33.8,0.963,1
round1,33.8,1,23
round1,33.9,0.703,1
round1,33.9,0.813,1
round1,33.9,0.839,2
round1,33.9,0.867,3
round1,33.9,0.929,8
round1,33.9,1,20
round1,34,0.765,1
round1,34,0.813,2
round1,34,0.839,2
round1,34,0.867,3
round1,34,0.929,10
round1,34,1,22
round1,34.1,0.813,1
round1,34.1,0.867,6
round1,34.1,0.929,14
round1,34.1,1,31
round1,34.2,0.703,1
round1,34.2,0.765,2
round1,34.2,0.788,1
round1,34.2,0.813,2
round1,34.2,0.839,2
round1,34.2,0.867,5
round1,34.2,0.929,12
round1,34.2,1,19
round1,34.3,0.634,1
round1,34.3,0.765,1
round1,34.3,0.788,3
round1,34.3,0.839,3
round1,34.3,0.867,8
round1,34.3,0.897,1
round1,34.3,0.929,9
round1,34.3,1,29
round1,34.4,0.722,1
round1,34.4,0.743,1
round1,34.4,0.765,1
round1,34.4,0.867,4
round1,34.4,0.929,13
round1,34.4,1,36
round1,34.5,0.765,1
round1,34.5,0.788,1
round1,34.5,0.813,2
round1,34.5,0.839,3
round1,34.5,0.867,4
round1,34.5,0.929,12
round1,34.5,1,18
round1,34.6,0.813,2
round1,34.6,0.867,1
round1,34.6,0.897,1
round1,34.6,0.929,15
round1,34.6,0.963,1
round1,34.6,1,19
round1,34.7,0.667,1
round1,34.7,0.722,1
round1,34.7,0.813,3
round1,34.7,0.839,3
round1,34.7,0.867,5
round1,34.7,0.929,12
round1,34.7,0.963,1
round1,34.7,1,24
round1,34.8,0.813,1
round1,34.8,0.867,7
round1,34.8,0.897,2
round1,34.8,0.929,13
round1,34.8,0.963,1
round1,34.8,1,18
round1,34.9,0.722,1
round1,34.9,0.788,1
round1,34.9,0.839,1
round1,34.9,0.867,6
round1,34.9,0.897,1
round1,34.9,0.929,16
round1,34.9,1,30
round1,35,0.765,1
round1,35,0.813,1
round1,35,0.839,4
round1,35,0.867,11
round1,35,0.897,2
round1,35,0.929,14
round1,35,0.963,1
round1,35,1,32
round1,35.1,0.788,1
round1,35.1,0.813,2
round1,35.1,0.867,5
round1,35.1,0.897,1
round1,35.1,0.929,13
round1,35.1,0.963,1
round1,35.1,1,27
round1,35.2,0.65,1
round1,35.2,0.788,1
round1,35.2,0.813,3
round1,35.2,0.839,3
round1,35.2,0.867,2
round1,35.2,0.897,1
round1,35.2,0.929,9
round1,35.2,0.963,2
round1,35.2,1,17
round1,35.3,0.765,2
round1,35.3,0.839,2
round1,35.3,0.867,7
round1,35.3,0.897,2
round1,35.3,0.929,15
round1,35.3,1,17
round1,35.4,0.565,1
round1,35.4,0.743,1
round1,35.4,0.788,1
round1,35.4,0.813,2
round1,35.4,0.867,1
round1,35.4,0.929,8
round1,35.4,1,18
round1,35.5,0.765,2
round1,35.5,0.813,3
round1,35.5,0.867,2
round1,35.5,0.929,13
round1,35.5,1,16
round1,35.6,0.743,1
round1,35.6,0.788,2
round1,35.6,0.839,3
round1,35.6,0.867,4
round1,35.6,0.897,1
round1,35.6,0.929,15
round1,35.6,1,18
round1,35.7,0.743,1
round1,35.7,0.788,1
round1,35.7,0.839,2
round1,35.7,0.867,2
round1,35.7,0.929,10
round1,35.7,1,19
round1,35.8,0.703,1
round1,35.8,0.765,1
round1,35.8,0.788,1
round1,35.8,0.839,1
round1,35.8,0.867,5
round1,35.8,0.897,1
round1,35.8,0.929,17
round1,35.8,0.963,2
round1,35.8,1,20
round1,35.9,0.722,1
round1,35.9,0.765,1
round1,35.9,0.788,2
round1,35.9,0.867,4
round1,35.9,0.929,12
round1,35.9,1,19
round1,36,0.765,3
round1,36,0.788,1
round1,36,0.867,7
round1,36,0.897,2
round1,36,0.929,9
round1,36,1,20
round1,36.1,0.743,1
round1,36.1,0.765,1
round1,36.1,0.813,2
round1,36.1,0.839,3
round1,36.1,0.867,2
round1,36.1,0.897,2
round1,36.1,0.929,11
round1,36.1,1,11
round1,36.2,0.813,2
round1,36.2,0.839,1
round1,36.2,0.867,2
round1,36.2,0.897,1
round1,36.2,0.929,11
round1,36.2,0.963,2
round1,36.2,1,15
round1,36.3,0.667,1
round1,36.3,0.722,1
round1,36.3,0.788,2
round1,36.3,0.813,1
round1,36.3,0.839,1
round1,36.3,0.867,5
round1,36.3,0.929,22
round1,36.3,0.963,1
round1,36.3,1,21
round1,36.4,0.591,1
round1,36.4,0.722,1
round1,36.4,0.765,1
round1,36.4,0.788,1
round1,36.4,0.867,6
round1,36.4,0.929,10
round1,36.4,0.963,1
round1,36.4,1,15
round1,36.5,0.765,1
round1,36.5,0.788,2
round1,36.5,0.839,4
round1,36.5,0.867,5
round1,36.5,0.929,11
round1,36.5,1,17
round1,36.6,0.813,2
round1,36.6,0.839,1
round1,36.6,0.867,5
round1,36.6,0.929,10
round1,36.6,1,14
round1,36.7,0.813,1
round1,36.7,0.867,6
round1,36.7,0.929,12
round1,36.7,0.963,1
round1,36.7,1,15
round1,36.8,0.813,3
round1,36.8,0.867,5
round1,36.8,0.897,1
round1,36.8,0.929,13
round1,36.8,0.963,2
round1,36.8,1,17
round1,36.9,0.743,2
round1,36.9,0.788,1
round1,36.9,0.813,1
round1,36.9,0.839,3
round1,36.9,0.867,5
round1,36.9,0.929,13
round1,36.9,1,21
round1,37,0.788,1
round1,37,0.813,2
round1,37,0.839,1
round1,37,0.867,2
round1,37,0.929,9
round1,37,1,18
round1,37.1,0.813,2
round1,37.1,0.839,1
round1,37.1,0.867,5
round1,37.1,0.929,7
round1,37.1,1,19
round1,37.2,0.743,1
round1,37.2,0.788,1
round1,37.2,0.813,2
round1,37.2,0.839,1
round1,37.2,0.867,3
round1,37.2,0.897,1
round1,37.2,0.929,12
round1,37.2,1,25
round1,37.3,0.788,1
round1,37.3,0.813,4
round1,37.3,0.839,2
round1,37.3,0.867,4
round1,37.3,0.929,9
round1,37.3,1,13
round1,37.4,0.565,1
round1,37.4,0.619,1
round1,37.4,0.839,2
round1,37.4,0.867,6
round1,37.4,0.897,1
round1,37.4,0.929,14
round1,37.4,0.963,1
round1,37.4,1,13
round1,37.5,0.765,1
round1,37.5,0.788,1
round1,37.5,0.839,1
round1,37.5,0.867,3
round1,37.5,0.929,10
round1,37.5,1,16
round1,37.6,0.765,2
round1,37.6,0.788,1
round1,37.6,0.867,2
round1,37.6,0.929,15
round1,37.6,1,14
round1,37.7,0.788,1
round1,37.7,0.839,2
round1,37.7,0.867,3
round1,37.7,0.897,1
round1,37.7,0.929,9
round1,37.7,1,21
round1,37.8,0.743,1
round1,37.8,0.765,2
round1,37.8,0.813,2
round1,37.8,0.839,3
round1,37.8,0.867,3
round1,37.8,0.929,8
round1,37.8,1,13
round1,37.9,0.619,1
round1,37.9,0.722,1
round1,37.9,0.765,1
round1,37.9,0.813,2
round1,37.9,0.839,1
round1,37.9,0.867,4
round1,37.9,0.929,20
round1,37.9,1,20
round1,38,0.65,1
round1,38,0.743,1
round1,38,0.765,2
round1,38,0.788,1
round1,38,0.839,1
round1,38,0.867,1
round1,38,0.929,9
round1,38,1,15
round1,38.1,0.813,4
round1,38.1,0.839,1
round1,38.1,0.867,2
round1,38.1,0.929,10
round1,38.1,1,18
round1,38.2,0.765,1
round1,38.2,0.788,1
round1,38.2,0.813,1
round1,38.2,0.867,3
round1,38.2,0.929,10
round1,38.2,1,16
round1,38.3,0.722,1
round1,38.3,0.765,1
round1,38.3,0.813,1
round1,38.3,0.839,1
round1,38.3,0.929,6
round1,38.3,1,15
round1,38.4,0.788,1
round1,38.4,0.813,1
round1,38.4,0.839,2
round1,38.4,0.867,1
round1,38.4,0.929,14
round1,38.4,1,17
round1,38.5,0.722,1
round1,38.5,0.813,2
round1,38.5,0.839,2
round1,38.5,0.867,2
round1,38.5,0.929,12
round1,38.5,1,12
round1,38.6,0.813,3
round1,38.6,0.839,1
round1,38.6,0.867,3
round1,38.6,0.929,10
round1,38.6,0.963,1
round1,38.6,1,17
round1,38.7,0.722,1
round1,38.7,0.813,2
round1,38.7,0.867,3
round1,38.7,0.929,9
round1,38.7,1,20
round1,38.8,0.765,1
round1,38.8,0.788,1
round1,38.8,0.813,1
round1,38.8,0.839,1
round1,38.8,0.867,3
round1,38.8,0.929,19
round1,38.8,1,15
round1,38.9,0.722,1
round1,38.9,0.743,1
round1,38.9,0.788,2
round1,38.9,0.813,1
round1,38.9,0.839,5
round1,38.9,0.867,3
round1,38.9,0.929,10
round1,38.9,1,15
round1,39,0.765,1
round1,39,0.813,2
round1,39,0.839,3
round1,39,0.867,2
round1,39,0.897,2
round1,39,0.929,7
round1,39,1,20
round1,39.1,0.743,1
round1,39.1,0.788,1
round1,39.1,0.813,2
round1,39.1,0.839,2
round1,39.1,0.867,1
round1,39.1,0.929,7
round1,39.1,1,18
round1,39.2,0.765,1
round1,39.2,0.839,2
round1,39.2,0.867,2
round1,39.2,0.929,5
round1,39.2,1,12
round1,39.3,0.788,1
round1,39.3,0.839,1
round1,39.3,0.867,1
round1,39.3,0.929,14
round1,39.3,0.963,1
round1,39.3,1,15
round1,39.4,0.788,1
round1,39.4,0.813,2
round1,39.4,0.839,3
round1,39.4,0.867,4
round1,39.4,0.897,1
round1,39.4,0.929,9
round1,39.4,1,20
round1,39.5,0.684,1
round1,39.5,0.765,1
round1,39.5,0.788,1
round1,39.5,0.813,4
round1,39.5,0.839,1
round1,39.5,0.867,1
round1,39.5,0.929,8
round1,39.5,1,19
round1,39.6,0.722,1
round1,39.6,0.839,2
round1,39.6,0.929,13
round1,39.6,0.963,1
round1,39.6,1,12
round1,39.7,0.684,1
round1,39.7,0.813,1
round1,39.7,0.839,2
round1,39.7,0.867,4
round1,39.7,0.929,9
round1,39.7,1,12
round1,39.8,0.813,2
round1,39.8,0.867,2
round1,39.8,0.929,9
round1,39.8,1,23
round1,39.9,0.722,1
round1,39.9,0.765,2
round1,39.9,0.813,2
round1,39.9,0.839,1
round1,39.9,0.867,4
round1,39.9,0.897,1
round1,39.9,0.929,15
round1,39.9,1,11
round1,40,0.743,1
round1,40,0.813,3
round1,40,0.867,3
round1,40,0.897,1
round1,40,0.929,7
round1,40,1,16
round1,40.1,0.788,1
round1,40.1,0.813,1
round1,40.1,0.839,1
round1,40.1,0.867,4
round1,40.1,0.897,1
round1,40.1,0.929,4
round1,40.1,1,19
round1,40.2,0.684,1
round1,40.2,0.788,2
round1,40.2,0.867,2
round1,40.2,0.897,2
round1,40.2,0.929,11
round1,40.2,0.963,1
round1,40.2,1,15
round1,40.3,0.765,2
round1,40.3,0.813,3
round1,40.3,0.839,1
round1,40.3,0.867,3
round1,40.3,0.929,9
round1,40.3,1,14
round1,40.4,0.722,1
round1,40.4,0.813,1
round1,40.4,0.839,2
round1,40.4,0.867,2
round1,40.4,0.929,11
round1,40.4,1,16
round1,40.5,0.813,1
round1,40.5,0.839,1
round1,40.5,0.867,4
round1,40.5,0.897,1
round1,40.5,0.929,7
round1,40.5,1,13
round1,40.6,0.667,1
round1,40.6,0.765,1
round1,40.6,0.813,1
round1,40.6,0.839,1
round1,40.6,0.867,6
round1,40.6,0.929,8
round1,40.6,1,14
round1,40.7,0.684,1
round1,40.7,0.722,1
round1,40.7,0.788,2
round1,40.7,0.867,3
round1,40.7,0.897,1
round1,40.7,0.929,9
round1,40.7,1,17
round1,40.8,0.813,1
round1,40.8,0.839,2
round1,40.8,0.867,5
round1,40.8,0.897,1
round1,40.8,0.929,10
round1,40.8,0.963,1
round1,40.8,1,17
round1,40.9,0.684,1
round1,40.9,0.813,2
round1,40.9,0.839,1
round1,40.9,0.867,3
round1,40.9,0.897,1
round1,40.9,0.929,7
round1,40.9,1,14
round1,41,0.743,1
round1,41,0.813,1
round1,41,0.867,3
round1,41,0.897,2
round1,41,0.929,12
round1,41,1,9
round1,41.1,0.765,2
round1,41.1,0.813,2
round1,41.1,0.839,2
round1,41.1,0.867,4
round1,41.1,0.897,2
round1,41.1,0.929,10
round1,41.1,1,13
round1,41.2,0.788,1
round1,41.2,0.813,1
round1,41.2,0.839,1
round1,41.2,0.867,3
round1,41.2,0.897,1
round1,41.2,0.929,7
round1,41.2,1,14
round1,41.3,0.788,1
round1,41.3,0.813,1
round1,41.3,0.867,2
round1,41.3,0.897,1
round1,41.3,0.929,7
round1,41.3,1,17
round1,41.4,0.765,1
round1,41.4,0.788,1
round1,41.4,0.813,1
round1,41.4,0.839,1
round1,41.4,0.867,2
round1,41.4,0.897,1
round1,41.4,0.929,10
round1,41.4,1,12
round1,41.5,0.813,1
round1,41.5,0.839,2
round1,41.5,0.867,6
round1,41.5,0.929,6
round1,41.5,1,12
round1,41.6,0.684,1
round1,41.6,0.839,1
round1,41.6,0.867,1
round1,41.6,0.897,1
round1,41.6,0.929,11
round1,41.6,1,16
round1,41.7,0.765,1
round1,41.7,0.813,1
round1,41.7,0.867,2
round1,41.7,0.929,10
round1,41.7,0.963,1
round1,41.7,1,21
round1,41.8,0.813,2
round1,41.8,0.839,1
round1,41.8,0.867,4
round1,41.8,0.929,10
round1,41.8,1,14
round1,41.9,0.619,1
round1,41.9,0.765,2
round1,41.9,0.867,2
round1,41.9,0.897,1
round1,41.9,0.929,9
round1,41.9,1,14
round1,42,0.722,1
round1,42,0.765,2
round1,42,0.813,1
round1,42,0.839,1
round1,42,0.867,1
round1,42,0.897,1
round1,42,0.929,5
round1,42,1,21
round1,42.1,0.813,1
round1,42.1,0.839,3
round1,42.1,0.867,7
round1,42.1,0.897,1
round1,42.1,0.929,9
round1,42.1,1,14
round1,42.2,0.722,1
round1,42.2,0.765,1
round1,42.2,0.839,1
round1,42.2,0.867,2
round1,42.2,0.897,3
round1,42.2,0.929,9
round1,42.2,0.963,1
round1,42.2,1,15
round1,42.3,0.813,1
round1,42.3,0.839,1
round1,42.3,0.867,4
round1,42.3,0.929,9
round1,42.3,1,13
round1,42.4,0.813,1
round1,42.4,0.839,1
round1,42.4,0.867,5
round1,42.4,0.929,8
round1,42.4,1,12
round1,42.5,0.703,1
round1,42.5,0.743,1
round1,42.5,0.813,3
round1,42.5,0.867,2
round1,42.5,0.929,13
round1,42.5,0.963,1
round1,42.5,1,9
round1,42.6,0.65,1
round1,42.6,0.743,1
round1,42.6,0.765,1
round1,42.6,0.813,1
round1,42.6,0.867,3
round1,42.6,0.929,7
round1,42.6,1,10
round1,42.7,0.703,1
round1,42.7,0.722,1
round1,42.7,0.765,1
round1,42.7,0.813,1
round1,42.7,0.867,1
round1,42.7,0.897,1
round1,42.7,0.929,7
round1,42.7,1,15
round1,42.8,0.839,3
round1,42.8,0.867,4
round1,42.8,0.929,11
round1,42.8,0.963,1
round1,42.8,1,14
round1,42.9,0.813,1
round1,42.9,0.839,2
round1,42.9,0.867,1
round1,42.9,0.929,13
round1,42.9,1,12
round1,43,0.813,2
round1,43,0.839,1
round1,43,0.867,2
round1,43,0.929,13
round1,43,0.963,2
round1,43,1,16
round1,43.1,0.765,3
round1,43.1,0.788,1
round1,43.1,0.867,3
round1,43.1,0.929,13
round1,43.1,1,17
round1,43.2,0.765,1
round1,43.2,0.813,1
round1,43.2,0.867,7
round1,43.2,0.897,1
round1,43.2,0.929,8
round1,43.2,1,7
round1,43.3,0.722,2
round1,43.3,0.813,1
round1,43.3,0.867,1
round1,43.3,0.897,1
round1,43.3,0.929,8
round1,43.3,1,10
round1,43.4,0.743,1
round1,43.4,0.788,1
round1,43.4,0.839,2
round1,43.4,0.867,2
round1,43.4,0.929,6
round1,43.4,1,15
round1,43.5,0.703,1
round1,43.5,0.813,3
round1,43.5,0.839,1
round1,43.5,0.867,4
round1,43.5,0.897,2
round1,43.5,0.929,3
round1,43.5,0.963,1
round1,43.5,1,12
round1,43.6,0.765,1
round1,43.6,0.839,1
round1,43.6,0.867,8
round1,43.6,0.929,8
round1,43.6,1,16
round1,43.7,0.703,1
round1,43.7,0.813,1
round1,43.7,0.867,3
round1,43.7,0.929,8
round1,43.7,1,14
round1,43.8,0.765,1
round1,43.8,0.813,1
round1,43.8,0.839,2
round1,43.8,0.867,4
round1,43.8,0.929,8
round1,43.8,0.963,1
round1,43.8,1,8
round1,43.9,0.813,1
round1,43.9,0.839,1
round1,43.9,0.867,1
round1,43.9,0.897,1
round1,43.9,0.929,3
round1,43.9,1,16
round1,44,0.703,1
round1,44,0.722,1
round1,44,0.743,1
round1,44,0.813,1
round1,44,0.867,1
round1,44,0.929,11
round1,44,1,3
round1,44.1,0.788,1
round1,44.1,0.839,1
round1,44.1,0.867,4
round1,44.1,0.929,5
round1,44.1,1,7
round1,44.2,0.765,1
round1,44.2,0.788,1
round1,44.2,0.813,3
round1,44.2,0.839,3
round1,44.2,0.867,5
round1,44.2,0.929,7
round1,44.2,1,10
round1,44.3,0.867,4
round1,44.3,0.929,5
round1,44.3,1,13
round1,44.4,0.722,1
round1,44.4,0.788,1
round1,44.4,0.813,2
round1,44.4,0.867,2
round1,44.4,0.929,7
round1,44.4,1,14
round1,44.5,0.813,1
round1,44.5,0.839,1
round1,44.5,0.867,3
round1,44.5,0.897,1
round1,44.5,0.929,9
round1,44.5,1,6
round1,44.6,0.813,1
round1,44.6,0.839,1
round1,44.6,0.867,3
round1,44.6,0.929,9
round1,44.6,0.963,1
round1,44.6,1,14
round1,44.7,0.684,1
round1,44.7,0.813,1
round1,44.7,0.839,1
round1,44.7,0.867,3
round1,44.7,0.897,2
round1,44.7,0.929,9
round1,44.7,1,12
round1,44.8,0.743,1
round1,44.8,0.765,1
round1,44.8,0.788,1
round1,44.8,0.813,2
round1,44.8,0.839,2
round1,44.8,0.867,3
round1,44.8,0.897,1
round1,44.8,0.929,10
round1,44.8,1,16
round1,44.9,0.813,3
round1,44.9,0.839,1
round1,44.9,0.867,2
round1,44.9,0.929,6
round1,44.9,1,14
round1,45,0.867,1
round1,45,0.929,4
round1,45,1,7
round1,45.1,0.743,1
round1,45.1,0.867,2
round1,45.1,0.929,5
round1,45.1,0.963,1
round1,45.1,1,17
round1,45.2,0.684,1
round1,45.2,0.703,1
round1,45.2,0.743,1
round1,45.2,0.765,2
round1,45.2,0.813,1
round1,45.2,0.867,1
round1,45.2,0.897,1
round1,45.2,0.929,7
round1,45.2,1,12
round1,45.3,0.867,3
round1,45.3,0.897,2
round1,45.3,0.929,9
round1,45.3,1,6
round1,45.4,0.743,1
round1,45.4,0.867,2
round1,45.4,0.929,4
round1,45.4,1,11
round1,45.5,0.765,1
round1,45.5,0.813,1
round1,45.5,0.839,1
round1,45.5,0.867,4
round1,45.5,0.929,9
round1,45.5,1,6
round1,45.6,0.765,2
round1,45.6,0.813,1
round1,45.6,0.839,1
round1,45.6,0.867,2
round1,45.6,0.929,7
round1,45.6,1,10
round1,45.7,0.722,1
round1,45.7,0.765,1
round1,45.7,0.788,3
round1,45.7,0.813,2
round1,45.7,0.839,3
round1,45.7,0.867,5
round1,45.7,0.929,5
round1,45.7,0.963,1
round1,45.7,1,11
round1,45.8,0.51,1
round1,45.8,0.788,1
round1,45.8,0.813,1
round1,45.8,0.839,1
round1,45.8,0.897,1
round1,45.8,0.929,4
round1,45.8,1,16
round1,45.9,0.788,1
round1,45.9,0.867,3
round1,45.9,0.929,2
round1,45.9,1,7
round1,46,0.765,1
round1,46,0.867,4
round1,46,0.897,1
round1,46,0.929,5
round1,46,1,13
round1,46.1,0.667,1
round1,46.1,0.765,2
round1,46.1,0.788,1
round1,46.1,0.867,4
round1,46.1,0.897,1
round1,46.1,0.929,7
round1,46.1,1,12
round1,46.2,0.703,1
round1,46.2,0.813,1
round1,46.2,0.839,4
round1,46.2,0.867,4
round1,46.2,0.897,2
round1,46.2,0.929,6
round1,46.2,0.963,1
round1,46.2,1,17
round1,46.3,0.65,1
round1,46.3,0.765,1
round1,46.3,0.929,7
round1,46.3,1,15
round1,46.4,0.788,1
round1,46.4,0.813,1
round1,46.4,0.897,1
round1,46.4,0.929,5
round1,46.4,1,8
round1,46.5,0.788,2
round1,46.5,0.839,1
round1,46.5,0.867,3
round1,46.5,0.929,8
round1,46.5,0.963,1
round1,46.5,1,15
round1,46.6,0.722,1
round1,46.6,0.765,1
round1,46.6,0.813,1
round1,46.6,0.839,1
round1,46.6,0.867,1
round1,46.6,0.897,1
round1,46.6,0.929,6
round1,46.6,0.963,1
round1,46.6,1,13
round1,46.7,0.765,1
round1,46.7,0.813,1
round1,46.7,0.867,1
round1,46.7,0.897,1
round1,46.7,0.929,2
round1,46.7,1,10
round1,46.8,0.813,2
round1,46.8,0.839,1
round1,46.8,0.867,2
round1,46.8,0.897,1
round1,46.8,0.929,5
round1,46.8,0.963,1
round1,46.8,1,8
round1,46.9,0.743,1
round1,46.9,0.839,1
round1,46.9,0.867,4
round1,46.9,0.929,5
round1,46.9,1,6
round1,47,0.743,1
round1,47,0.813,1
round1,47,0.867,2
round1,47,0.897,1
round1,47,0.929,6
round1,47,1,18
round1,47.1,0.813,1
round1,47.1,0.839,1
round1,47.1,0.867,1
round1,47.1,0.929,8
round1,47.1,1,9
round1,47.2,0.765,2
round1,47.2,0.813,1
round1,47.2,0.839,2
round1,47.2,0.867,3
round1,47.2,0.929,13
round1,47.2,1,12
round1,47.3,0.765,1
round1,47.3,0.897,1
round1,47.3,0.929,8
round1,47.3,1,9
round1,47.4,0.743,1
round1,47.4,0.813,2
round1,47.4,0.839,2
round1,47.4,0.867,1
round1,47.4,0.929,6
round1,47.4,1,9
round1,47.5,0.52,1
round1,47.5,0.765,1
round1,47.5,0.813,4
round1,47.5,0.839,2
round1,47.5,0.867,3
round1,47.5,0.929,10
round1,47.5,1,15
round1,47.6,0.722,1
round1,47.6,0.813,1
round1,47.6,0.867,5
round1,47.6,0.929,4
round1,47.6,1,12
round1,47.7,0.839,2
round1,47.7,0.867,1
round1,47.7,0.929,6
round1,47.7,1,10
round1,47.8,0.788,2
round1,47.8,0.813,2
round1,47.8,0.839,1
round1,47.8,0.867,2
round1,47.8,0.897,1
round1,47.8,0.929,10
round1,47.8,1,17
round1,47.9,0.813,1
round1,47.9,0.839,1
round1,47.9,0.867,5
round1,47.9,0.929,5
round1,47.9,1,12
round1,48,0.813,1
round1,48,0.867,1
round1,48,0.897,1
round1,48,0.929,4
round1,48,1,10
round1,48.1,0.839,1
round1,48.1,0.867,2
round1,48.1,0.897,1
round1,48.1,0.929,5
round1,48.1,0.963,1
round1,48.1,1,10
round1,48.2,0.839,2
round1,48.2,0.867,2
round1,48.2,0.929,3
round1,48.2,0.963,1
round1,48.2,1,15
round1,48.3,0.867,3
round1,48.3,0.929,8
round1,48.3,1,19
round1,48.4,0.743,1
round1,48.4,0.839,2
round1,48.4,0.867,2
round1,48.4,0.897,1
round1,48.4,0.929,6
round1,48.4,0.963,1
round1,48.4,1,18
round1,48.5,0.722,1
round1,48.5,0.867,1
round1,48.5,0.929,7
round1,48.5,1,10
round1,48.6,0.765,1
round1,48.6,0.867,1
round1,48.6,0.929,8
round1,48.6,1,6
round1,48.7,0.813,2
round1,48.7,0.839,2
round1,48.7,0.867,3
round1,48.7,0.929,3
round1,48.7,1,8
round1,48.8,0.591,1
round1,48.8,0.813,1
round1,48.8,0.867,1
round1,48.8,0.929,7
round1,48.8,0.963,1
round1,48.8,1,13
round1,48.9,0.867,3
round1,48.9,0.929,3
round1,48.9,1,14
round1,49,0.867,1
round1,49,0.929,5
round1,49,1,11
round1,49.1,0.788,1
round1,49.1,0.813,1
round1,49.1,0.839,1
round1,49.1,0.867,4
round1,49.1,0.929,8
round1,49.1,1,11
round1,49.2,0.788,1
round1,49.2,0.813,1
round1,49.2,0.867,4
round1,49.2,0.929,8
round1,49.2,1,13
round1,49.3,0.813,1
round1,49.3,0.867,3
round1,49.3,0.929,6
round1,49.3,0.963,1
round1,49.3,1,9
round1,49.4,0.839,1
round1,49.4,0.867,2
round1,49.4,0.929,6
round1,49.4,1,3
round1,49.5,0.788,1
round1,49.5,0.867,2
round1,49.5,0.929,3
round1,49.5,1,8
round1,49.6,0.813,1
round1,49.6,0.839,1
round1,49.6,0.867,2
round1,49.6,0.929,7
round1,49.6,0.963,1
round1,49.6,1,6
round1,49.7,0.867,3
round1,49.7,0.929,3
round1,49.7,1,12
round1,49.8,0.788,1
round1,49.8,0.813,1
round1,49.8,0.867,6
round1,49.8,0.929,6
round1,49.8,1,8
round1,49.9,0.605,1
round1,49.9,0.743,1
round1,49.9,0.765,1
round1,49.9,0.813,1
round1,49.9,0.867,2
round1,49.9,0.897,1
round1,49.9,0.929,7
round1,49.9,1,11
round1,50,0.813,4
round1,50,0.839,1
round1,50,0.867,1
round1,50,0.929,5
round1,50,1,11
round1,50.1,0.788,1
round1,50.1,0.839,2
round1,50.1,0.929,10
round1,50.1,1,7
round1,50.2,0.813,3
round1,50.2,0.839,1
round1,50.2,0.867,2
round1,50.2,0.929,4
round1,50.2,1,13
round1,50.3,0.788,3
round1,50.3,0.813,1
round1,50.3,0.867,3
round1,50.3,0.929,7
round1,50.3,0.963,1
round1,50.3,1,13
round1,50.4,0.788,1
round1,50.4,0.867,2
round1,50.4,0.897,1
round1,50.4,0.929,5
round1,50.4,1,8
round1,50.5,0.722,1
round1,50.5,0.765,1
round1,50.5,0.839,2
round1,50.5,0.867,2
round1,50.5,0.897,1
round1,50.5,0.929,3
round1,50.5,1,11
round1,50.6,0.619,1
round1,50.6,0.813,1
round1,50.6,0.839,2
round1,50.6,0.867,1
round1,50.6,0.897,1
round1,50.6,0.929,4
round1,50.6,1,8
round1,50.7,0.788,1
round1,50.7,0.813,3
round1,50.7,0.839,3
round1,50.7,0.867,3
round1,50.7,0.929,1
round1,50.7,1,6
round1,50.8,0.722,1
round1,50.8,0.765,1
round1,50.8,0.813,1
round1,50.8,0.839,2
round1,50.8,0.867,3
round1,50.8,0.897,1
round1,50.8,0.929,1
round1,50.8,1,14
round1,50.9,0.722,1
round1,50.9,0.788,1
round1,50.9,0.839,1
round1,50.9,0.867,3
round1,50.9,0.897,1
round1,50.9,0.929,3
round1,50.9,1,8
round1,51,0.743,1
round1,51,0.788,1
round1,51,0.813,1
round1,51,0.839,1
round1,51,0.867,2
round1,51,0.929,6
round1,51,1,10
round1,51.1,0.813,1
round1,51.1,0.867,1
round1,51.1,0.897,1
round1,51.1,0.929,5
round1,51.1,1,11
round1,51.2,0.788,1
round1,51.2,0.839,2
round1,51.2,0.867,3
round1,51.2,0.929,6
round1,51.2,1,10
round1,51.3,0.929,11
round1,51.3,1,6
round1,51.4,0.813,1
round1,51.4,0.867,2
round1,51.4,0.929,6
round1,51.4,1,9
round1,51.5,0.619,1
round1,51.5,0.813,2
round1,51.5,0.867,2
round1,51.5,0.929,5
round1,51.5,1,7
round1,51.6,0.813,2
round1,51.6,0.867,1
round1,51.6,0.897,1
round1,51.6,0.929,2
round1,51.6,1,9
round1,51.7,0.788,1
round1,51.7,0.839,3
round1,51.7,0.867,3
round1,51.7,0.897,1
round1,51.7,0.929,4
round1,51.7,1,7
round1,51.8,0.839,2
round1,51.8,0.867,2
round1,51.8,0.929,5
round1,51.8,1,12
round1,51.9,0.667,1
round1,51.9,0.765,1
round1,51.9,0.813,1
round1,51.9,0.867,2
round1,51.9,0.897,1
round1,51.9,0.929,4
round1,51.9,1,5
round1,52,0.788,2
round1,52,0.839,2
round1,52,0.867,1
round1,52,0.929,5
round1,52,1,14
round1,52.1,0.788,1
round1,52.1,0.867,6
round1,52.1,0.929,8
round1,52.1,1,11
round1,52.2,0.839,2
round1,52.2,0.867,1
round1,52.2,0.929,3
round1,52.2,1,8
round1,52.3,0.743,1
round1,52.3,0.765,1
round1,52.3,0.839,2
round1,52.3,0.867,2
round1,52.3,0.929,1
round1,52.3,1,1
round1,52.4,0.788,2
round1,52.4,0.813,2
round1,52.4,0.839,1
round1,52.4,0.867,2
round1,52.4,0.929,2
round1,52.4,0.963,1
round1,52.4,1,9
round1,52.5,0.813,2
round1,52.5,0.839,1
round1,52.5,0.867,2
round1,52.5,0.929,7
round1,52.5,1,6
round1,52.6,0.722,1
round1,52.6,0.813,2
round1,52.6,0.839,1
round1,52.6,0.867,5
round1,52.6,0.929,4
round1,52.6,1,8
round1,52.7,0.703,1
round1,52.7,0.765,1
round1,52.7,0.788,1
round1,52.7,0.813,1
round1,52.7,0.867,1
round1,52.7,0.929,3
round1,52.7,1,7
round1,52.8,0.813,2
round1,52.8,0.839,1
round1,52.8,0.867,2
round1,52.8,0.929,9
round1,52.8,1,10
round1,52.9,0.867,1
round1,52.9,0.929,4
round1,52.9,1,6
round1,53,0.619,1
round1,53,0.765,1
round1,53,0.788,1
round1,53,0.867,1
round1,53,0.897,2
round1,53,0.929,4
round1,53,1,13
round1,53.1,0.722,1
round1,53.1,0.765,1
round1,53.1,0.813,1
round1,53.1,0.839,1
round1,53.1,0.867,2
round1,53.1,0.929,11
round1,53.1,1,10
round1,53.2,0.813,1
round1,53.2,0.867,1
round1,53.2,0.897,1
round1,53.2,0.929,8
round1,53.2,1,8
round1,53.3,0.743,1
round1,53.3,0.788,1
round1,53.3,0.813,1
round1,53.3,0.867,1
round1,53.3,0.897,1
round1,53.3,0.929,2
round1,53.3,1,7
round1,53.4,0.788,1
round1,53.4,0.867,2
round1,53.4,0.929,2
round1,53.4,1,8
round1,53.5,0.703,1
round1,53.5,0.867,1
round1,53.5,0.929,7
round1,53.5,1,9
round1,53.6,0.765,1
round1,53.6,0.839,3
round1,53.6,0.929,3
round1,53.6,1,9
round1,53.7,0.765,1
round1,53.7,0.867,3
round1,53.7,0.929,3
round1,53.7,1,10
round1,53.8,0.703,1
round1,53.8,0.765,1
round1,53.8,0.788,1
round1,53.8,0.813,1
round1,53.8,0.839,1
round1,53.8,0.867,2
round1,53.8,0.929,1
round1,53.8,1,9
round1,53.9,0.929,4
round1,53.9,1,8
round1,54,0.765,1
round1,54,0.813,1
round1,54,0.839,1
round1,54,0.867,2
round1,54,0.929,3
round1,54,1,6
round1,54.1,0.867,2
round1,54.1,0.929,3
round1,54.1,1,12
round1,54.2,0.722,1
round1,54.2,0.788,1
round1,54.2,0.867,4
round1,54.2,0.929,9
round1,54.2,1,12
round1,54.3,0.722,1
round1,54.3,0.765,1
round1,54.3,0.867,2
round1,54.3,0.929,6
round1,54.3,1,6
round1,54.4,0.813,1
round1,54.4,0.839,1
round1,54.4,0.867,1
round1,54.4,0.929,9
round1,54.4,0.963,1
round1,54.4,1,7
round1,54.5,0.765,2
round1,54.5,0.813,1
round1,54.5,0.867,3
round1,54.5,0.897,1
round1,54.5,0.929,4
round1,54.5,1,8
round1,54.6,0.839,1
round1,54.6,0.867,1
round1,54.6,0.929,1
round1,54.6,1,6
round1,54.7,0.867,2
round1,54.7,0.929,3
round1,54.7,1,1
round1,54.8,0.839,1
round1,54.8,0.929,3
round1,54.8,1,7
round1,54.9,0.788,1
round1,54.9,0.813,2
round1,54.9,0.867,1
round1,54.9,0.929,4
round1,54.9,0.963,1
round1,54.9,1,9
round1,55,0.788,1
round1,55,0.839,1
round1,55,0.867,3
round1,55,0.929,3
round1,55,1,6
round1,55.1,0.684,1
round1,55.1,0.929,4
round1,55.1,1,10
round1,55.2,0.813,1
round1,55.2,0.839,1
round1,55.2,1,7
round1,55.3,0.813,1
round1,55.3,0.839,1
round1,55.3,0.929,6
round1,55.3,1,7
round1,55.4,0.813,2
round1,55.4,0.839,1
round1,55.4,0.929,4
round1,55.4,1,10
round1,55.5,0.813,1
round1,55.5,0.867,1
round1,55.5,0.929,8
round1,55.5,1,8
round1,55.6,0.684,1
round1,55.6,0.788,2
round1,55.6,0.867,2
round1,55.6,0.929,8
round1,55.6,1,10
round1,55.7,0.765,1
round1,55.7,0.813,2
round1,55.7,0.839,1
round1,55.7,0.867,1
round1,55.7,0.897,1
round1,55.7,0.929,7
round1,55.7,1,9
round1,55.8,0.765,1
round1,55.8,0.867,2
round1,55.8,0.929,3
round1,55.8,1,3
round1,55.9,0.634,1
round1,55.9,0.765,1
round1,55.9,0.813,1
round1,55.9,0.839,1
round1,55.9,0.867,1
round1,55.9,0.929,8
round1,55.9,1,13
round1,56,0.929,3
round1,56,1,4
round1,56.1,0.788,1
round1,56.1,0.929,4
round1,56.1,1,4
round1,56.2,0.743,1
round1,56.2,0.813,1
round1,56.2,0.867,1
round1,56.2,0.929,4
round1,56.2,1,7
round1,56.3,0.867,1
round1,56.3,0.929,5
round1,56.3,1,8
round1,56.4,0.867,3
round1,56.4,0.897,1
round1,56.4,0.929,2
round1,56.4,0.963,1
round1,56.4,1,5
round1,56.5,0.813,1
round1,56.5,0.839,1
round1,56.5,0.867,6
round1,56.5,0.929,6
round1,56.5,1,6
round1,56.6,0.839,1
round1,56.6,0.929,4
round1,56.6,1,9
round1,56.7,0.722,1
round1,56.7,0.765,1
round1,56.7,0.813,1
round1,56.7,0.839,1
round1,56.7,0.867,1
round1,56.7,0.929,3
round1,56.7,1,10
round1,56.8,0.743,1
round1,56.8,0.813,1
round1,56.8,0.839,2
round1,56.8,0.867,4
round1,56.8,0.897,1
round1,56.8,0.929,3
round1,56.8,1,5
round1,56.9,0.703,1
round1,56.9,0.867,1
round1,56.9,0.929,3
round1,56.9,1,9
round1,57,0.52,1
round1,57,0.813,1
round1,57,0.839,1
round1,57,0.867,1
round1,57,0.929,4
round1,57,1,8
round1,57.1,0.867,3
round1,57.1,0.929,6
round1,57.1,1,8
round1,57.2,0.867,2
round1,57.2,0.929,1
round1,57.2,1,4
round1,57.3,0.788,1
round1,57.3,0.839,1
round1,57.3,0.867,1
round1,57.3,0.929,5
round1,57.3,1,2
round1,57.4,0.929,4
round1,57.4,1,8
round1,57.5,0.765,1
round1,57.5,0.813,1
round1,57.5,0.867,2
round1,57.5,0.929,1
round1,57.5,1,8
round1,57.6,0.788,1
round1,57.6,0.897,1
round1,57.6,0.929,2
round1,57.6,1,8
round1,57.7,0.813,1
round1,57.7,0.867,3
round1,57.7,0.929,4
round1,57.7,1,1
round1,57.8,0.722,1
round1,57.8,0.765,1
round1,57.8,0.788,1
round1,57.8,0.867,3
round1,57.8,0.929,5
round1,57.8,1,10
round1,57.9,0.839,1
round1,57.9,0.867,2
round1,57.9,0.929,1
round1,57.9,1,5
round1,58,0.765,1
round1,58,0.788,1
round1,58,0.839,1
round1,58,0.867,3
round1,58,0.929,4
round1,58,1,9
round1,58.1,0.703,1
round1,58.1,0.813,1
round1,58.1,0.929,4
round1,58.1,1,5
round1,58.2,0.867,2
round1,58.2,0.897,1
round1,58.2,0.929,3
round1,58.2,1,5
round1,58.3,0.839,1
round1,58.3,0.867,2
round1,58.3,0.929,3
round1,58.3,1,13
round1,58.4,0.703,1
round1,58.4,0.813,2
round1,58.4,0.929,6
round1,58.4,0.963,1
round1,58.4,1,11
round1,58.5,0.867,1
round1,58.5,0.929,3
round1,58.5,0.963,1
round1,58.5,1,3
round1,58.6,0.813,1
round1,58.6,0.867,3
round1,58.6,0.929,2
round1,58.6,1,6
round1,58.7,0.765,1
round1,58.7,0.788,1
round1,58.7,0.867,4
round1,58.7,0.897,1
round1,58.7,0.929,4
round1,58.7,0.963,2
round1,58.7,1,18
round1,58.8,0.788,2
round1,58.8,0.839,1
round1,58.8,0.867,1
round1,58.8,0.929,2
round1,58.8,1,8
round1,58.9,0.867,1
round1,58.9,0.929,1
round1,58.9,1,3
round1,59,0.788,1
round1,59,0.813,2
round1,59,0.867,1
round1,59,0.929,5
round1,59,1,11
round1,59.1,0.813,1
round1,59.1,0.839,1
round1,59.1,0.929,8
round1,59.1,1,6
round1,59.2,0.765,1
round1,59.2,0.788,1
round1,59.2,0.867,1
round1,59.2,0.929,5
round1,59.2,1,6
round1,59.3,0.839,1
round1,59.3,0.867,1
round1,59.3,0.897,1
round1,59.3,0.929,1
round1,59.3,0.963,1
round1,59.3,1,5
round1,59.4,0.765,3
round1,59.4,0.813,1
round1,59.4,0.839,1
round1,59.4,0.867,2
round1,59.4,1,8
round1,59.5,0.839,1
round1,59.5,0.867,1
round1,59.5,0.929,3
round1,59.5,1,5
round1,59.6,0.813,2
round1,59.6,0.867,1
round1,59.6,0.929,7
round1,59.6,1,7
round1,59.7,0.867,1
round1,59.7,0.929,3
round1,59.7,0.963,1
round1,59.7,1,9
round1,59.8,0.839,1
round1,59.8,0.867,1
round1,59.8,0.929,5
round1,59.8,1,5
round1,59.9,0.788,1
round1,59.9,0.813,1
round1,59.9,0.929,3
round1,59.9,1,6
round1,60,0.788,1
round1,60,0.929,7
round1,60,1,3
round1,60.1,0.813,1
round1,60.1,0.839,1
round1,60.1,0.929,2
round1,60.1,1,3
round1,60.2,0.813,1
round1,60.2,0.867,2
round1,60.2,0.929,4
round1,60.2,1,8
round1,60.3,0.722,1
round1,60.3,0.867,1
round1,60.3,0.929,4
round1,60.3,1,8
round1,60.4,0.867,1
round1,60.4,0.929,2
round1,60.4,1,7
round1,60.5,0.765,1
round1,60.5,0.839,2
round1,60.5,0.929,2
round1,60.5,1,11
round1,60.6,0.839,1
round1,60.6,0.867,1
round1,60.6,0.929,6
round1,60.6,1,6
round1,60.7,0.765,1
round1,60.7,0.813,1
round1,60.7,0.867,1
round1,60.7,0.929,3
round1,60.7,1,4
round1,60.8,0.813,1
round1,60.8,0.839,1
round1,60.8,0.897,1
round1,60.8,0.929,2
round1,60.8,1,8
round1,60.9,0.813,1
round1,60.9,1,7
round1,61,0.813,1
round1,61,0.867,2
round1,61,0.929,3
round1,61,1,6
round1,61.1,0.813,2
round1,61.1,0.867,1
round1,61.1,0.897,1
round1,61.1,0.929,1
round1,61.1,1,9
round1,61.2,0.722,1
round1,61.2,0.867,2
round1,61.2,0.897,1
round1,61.2,0.929,4
round1,61.2,0.963,1
round1,61.2,1,3
round1,61.3,0.839,1
round1,61.3,0.929,2
round1,61.3,1,8
round1,61.4,0.839,2
round1,61.4,0.867,1
round1,61.4,0.897,1
round1,61.4,0.929,3
round1,61.4,0.963,1
round1,61.4,1,9
round1,61.5,0.897,1
round1,61.5,0.929,8
round1,61.5,1,5
round1,61.6,0.813,1
round1,61.6,0.867,1
round1,61.6,0.929,1
round1,61.6,1,9
round1,61.7,0.867,2
round1,61.7,0.929,1
round1,61.7,1,2
round1,61.8,0.897,1
round1,61.8,0.929,2
round1,61.8,1,10
round1,61.9,0.765,1
round1,61.9,0.867,1
round1,61.9,0.929,7
round1,61.9,0.963,1
round1,61.9,1,5
round1,62,0.867,1
round1,62,0.929,1
round1,62,1,8
round1,62.1,0.813,1
round1,62.1,0.867,1
round1,62.1,0.929,3
round1,62.1,1,3
round1,62.2,0.765,2
round1,62.2,0.813,1
round1,62.2,0.929,3
round1,62.2,1,12
round1,62.3,0.765,1
round1,62.3,0.839,1
round1,62.3,0.867,2
round1,62.3,0.929,2
round1,62.3,1,6
round1,62.4,0.703,1
round1,62.4,0.813,1
round1,62.4,0.839,1
round1,62.4,0.867,1
round1,62.4,0.897,2
round1,62.4,0.929,3
round1,62.4,1,4
round1,62.5,0.684,1
round1,62.5,0.929,4
round1,62.5,1,11
round1,62.6,0.813,1
round1,62.6,0.867,1
round1,62.6,0.929,4
round1,62.6,1,3
round1,62.7,0.765,1
round1,62.7,0.867,1
round1,62.7,0.929,3
round1,62.7,1,10
round1,62.8,0.743,1
round1,62.8,0.813,2
round1,62.8,0.839,1
round1,62.8,0.929,2
round1,62.8,1,8
round1,62.9,0.867,2
round1,62.9,1,1
round1,63,0.813,1
round1,63,0.929,4
round1,63.1,0.722,1
round1,63.1,0.867,2
round1,63.1,0.929,2
round1,63.1,1,9
round1,63.2,0.867,1
round1,63.2,0.929,4
round1,63.2,1,5
round1,63.3,0.788,1
round1,63.3,0.813,1
round1,63.3,0.929,4
round1,63.3,1,3
round1,63.4,0.839,1
round1,63.4,0.929,4
round1,63.4,1,8
round1,63.5,0.65,1
round1,63.5,0.703,1
round1,63.5,0.743,1
round1,63.5,0.929,7
round1,63.5,1,4
round1,63.6,0.813,1
round1,63.6,0.867,1
round1,63.6,0.897,1
round1,63.6,0.929,3
round1,63.6,1,4
round1,63.7,0.684,1
round1,63.7,0.839,1
round1,63.7,0.867,2
round1,63.7,0.929,2
round1,63.7,0.963,1
round1,63.7,1,4
round1,63.8,0.813,1
round1,63.8,1,6
round1,63.9,0.839,1
round1,63.9,0.867,1
round1,63.9,0.929,3
round1,63.9,1,11
round1,64,0.839,1
round1,64,0.929,3
round1,64,1,6
round1,64.1,0.839,1
round1,64.1,0.867,1
round1,64.1,0.929,2
round1,64.1,1,6
round1,64.2,0.867,1
round1,64.2,0.929,1
round1,64.2,1,9
round1,64.3,0.839,1
round1,64.3,0.867,1
round1,64.3,0.897,1
round1,64.3,0.929,1
round1,64.3,0.963,1
round1,64.3,1,4
round1,64.4,0.813,1
round1,64.4,0.929,3
round1,64.4,1,4
round1,64.5,0.867,1
round1,64.5,0.929,1
round1,64.5,1,9
round1,64.6,0.867,1
round1,64.6,0.929,3
round1,64.6,1,5
round1,64.7,0.867,1
round1,64.7,0.897,1
round1,64.7,0.929,5
round1,64.7,1,2
round1,64.8,0.765,2
round1,64.8,0.929,2
round1,64.8,1,8
round1,64.9,0.667,1
round1,64.9,0.929,2
round1,64.9,1,10
round1,65,0.743,1
round1,65,0.867,1
round1,65,0.929,2
round1,65,1,7
round1,65.1,0.722,1
round1,65.1,0.929,4
round1,65.1,1,7
round1,65.2,0.813,2
round1,65.2,0.897,1
round1,65.2,0.929,3
round1,65.2,1,4
round1,65.3,0.813,1
round1,65.3,0.929,3
round1,65.3,1,5
round1,65.4,0.897,1
round1,65.4,0.929,5
round1,65.4,1,4
round1,65.5,0.867,2
round1,65.5,0.929,3
round1,65.5,1,8
round1,65.6,0.929,3
round1,65.6,1,6
round1,65.7,0.684,1
round1,65.7,0.743,1
round1,65.7,0.839,1
round1,65.7,0.929,4
round1,65.7,1,10
round1,65.8,0.929,2
round1,65.8,1,8
round1,65.9,0.813,1
round1,65.9,0.867,1
round1,65.9,0.929,1
round1,65.9,1,3
round1,66,0.897,1
round1,66,0.929,6
round1,66,1,4
round1,66.1,0.813,1
round1,66.1,0.867,2
round1,66.1,0.929,1
round1,66.1,1,8
round1,66.2,0.765,1
round1,66.2,0.813,1
round1,66.2,0.839,1
round1,66.2,0.867,3
round1,66.2,0.929,2
round1,66.2,1,4
round1,66.3,0.963,1
round1,66.3,1,6
round1,66.4,0.722,1
round1,66.4,0.867,2
round1,66.4,0.929,1
round1,66.4,1,5
round1,66.5,0.867,1
round1,66.5,0.929,2
round1,66.5,1,4
round1,66.6,0.867,3
round1,66.6,0.929,2
round1,66.6,1,8
round1,66.7,0.813,1
round1,66.7,0.867,1
round1,66.7,0.897,1
round1,66.7,0.929,1
round1,66.7,1,5
round1,66.8,0.897,1
round1,66.8,0.929,2
round1,66.8,1,6
round1,66.9,0.813,1
round1,66.9,0.867,1
round1,66.9,0.929,1
round1,66.9,1,3
round1,67,0.765,1
round1,67,0.867,1
round1,67,0.929,1
round1,67,1,10
round1,67.1,0.703,1
round1,67.1,0.839,1
round1,67.1,0.929,2
round1,67.1,1,5
round1,67.2,0.813,1
round1,67.2,0.929,2
round1,67.2,1,6
round1,67.3,0.703,1
round1,67.3,0.813,1
round1,67.3,1,6
round1,67.4,0.929,5
round1,67.4,1,1
round1,67.5,0.867,1
round1,67.5,0.929,2
round1,67.5,1,2
round1,67.6,0.867,1
round1,67.6,0.929,2
round1,67.6,1,8
round1,67.7,0.743,1
round1,67.7,0.929,4
round1,67.7,1,1
round1,67.8,0.813,1
round1,67.8,0.867,1
round1,67.8,0.929,3
round1,67.8,1,3
round1,67.9,0.867,2
round1,67.9,1,5
round1,68,0.813,1
round1,68,0.929,3
round1,68,1,4
round1,68.1,0.813,2
round1,68.1,0.867,1
round1,68.1,0.929,4
round1,68.1,1,5
round1,68.2,0.813,1
round1,68.2,0.867,2
round1,68.2,0.897,1
round1,68.2,0.929,2
round1,68.2,1,4
round1,68.3,0.839,1
round1,68.3,0.867,1
round1,68.3,0.897,1
round1,68.3,1,6
round1,68.4,0.929,1
round1,68.4,1,5
round1,68.5,0.867,1
round1,68.5,0.929,3
round1,68.5,1,6
round1,68.6,0.743,1
round1,68.6,0.765,1
round1,68.6,0.867,3
round1,68.6,0.929,1
round1,68.6,1,9
round1,68.7,0.743,1
round1,68.7,0.929,3
round1,68.7,1,5
round1,68.8,0.839,1
round1,68.8,0.867,1
round1,68.8,0.897,1
round1,68.8,0.929,1
round1,68.8,1,5
round1,68.9,0.839,1
round1,68.9,0.929,2
round1,68.9,0.963,1
round1,68.9,1,2
round1,69,0.897,1
round1,69,0.929,1
round1,69,1,4
round1,69.1,0.839,1
round1,69.1,0.867,2
round1,69.1,0.929,1
round1,69.1,1,6
round1,69.2,0.813,1
round1,69.2,0.867,2
round1,69.2,0.929,1
round1,69.2,1,4
round1,69.3,0.929,1
round1,69.3,1,3
round1,69.4,0.765,1
round1,69.4,0.867,1
round1,69.4,0.929,5
round1,69.4,1,4
round1,69.5,0.929,3
round1,69.5,1,1
round1,69.6,0.813,1
round1,69.6,0.867,1
round1,69.6,0.929,1
round1,69.6,1,1
round1,69.7,0.839,1
round1,69.7,0.867,2
round1,69.7,1,4
round1,69.8,0.839,1
round1,69.8,0.929,3
round1,69.8,0.963,1
round1,69.8,1,7
round1,69.9,0.788,1
round1,69.9,0.897,1
round1,69.9,0.929,3
round1,69.9,1,5
round1,70,0.813,1
round1,70,0.929,4
round1,70,1,4
round1,70.1,0.684,1
round1,70.1,0.839,1
round1,70.1,0.867,1
round1,70.1,0.929,3
round1,70.1,1,2
round1,70.2,0.765,1
round1,70.2,0.813,1
round1,70.2,0.839,1
round1,70.2,0.867,1
round1,70.2,0.929,3
round1,70.2,1,2
round1,70.3,0.743,1
round1,70.3,0.839,1
round1,70.3,0.867,1
round1,70.3,0.897,1
round1,70.3,0.929,1
round1,70.3,1,4
round1,70.4,0.684,1
round1,70.4,0.813,1
round1,70.4,0.929,1
round1,70.4,1,6
round1,70.5,0.565,1
round1,70.5,0.743,1
round1,70.5,0.929,1
round1,70.5,1,4
round1,70.6,0.813,1
round1,70.6,0.839,1
round1,70.6,0.929,5
round1,70.6,1,4
round1,70.7,0.743,1
round1,70.7,0.788,1
round1,70.7,0.867,2
round1,70.7,1,4
round1,70.8,0.788,1
round1,70.8,0.929,4
round1,70.8,1,3
round1,70.9,0.813,1
round1,70.9,1,2
round1,71,0.867,1
round1,71,0.929,1
round1,71,1,4
round1,71.1,0.813,1
round1,71.1,0.929,1
round1,71.1,1,6
round1,71.2,0.867,1
round1,71.2,0.929,2
round1,71.2,1,4
round1,71.3,0.929,1
round1,71.3,1,4
round1,71.4,0.813,1
round1,71.4,0.929,2
round1,71.4,1,3
round1,71.5,0.929,1
round1,71.5,0.963,1
round1,71.5,1,4
round1,71.6,0.839,1
round1,71.6,0.929,1
round1,71.6,1,3
round1,71.7,0.929,2
round1,71.7,1,4
round1,71.8,0.619,1
round1,71.8,0.722,1
round1,71.8,0.867,1
round1,71.8,0.929,1
round1,71.8,1,8
round1,71.9,0.929,5
round1,71.9,0.963,1
round1,71.9,1,4
round1,72,0.839,1
round1,72,1,9
round1,72.1,0.813,1
round1,72.1,0.839,1
round1,72.1,0.929,1
round1,72.1,1,3
round1,72.2,0.867,1
round1,72.2,0.897,1
round1,72.2,0.929,2
round1,72.2,1,1
round1,72.3,0.813,1
round1,72.3,0.867,1
round1,72.3,0.897,1
round1,72.3,0.929,5
round1,72.3,1,6
round1,72.4,0.929,3
round1,72.4,1,4
round1,72.5,0.765,1
round1,72.5,0.867,1
round1,72.5,0.929,2
round1,72.5,1,7
round1,72.6,0.605,1
round1,72.6,0.867,2
round1,72.6,0.929,2
round1,72.6,1,2
round1,72.7,0.788,1
round1,72.7,0.929,2
round1,72.7,1,1
round1,72.8,0.839,1
round1,72.8,0.867,2
round1,72.8,0.929,2
round1,72.8,1,6
round1,72.9,0.667,1
round1,72.9,0.867,1
round1,72.9,0.929,2
round1,72.9,1,5
round1,73,0.788,1
round1,73,0.929,3
round1,73,1,2
round1,73.1,0.867,1
round1,73.1,1,9
round1,73.2,0.788,1
round1,73.2,0.867,1
round1,73.2,0.929,3
round1,73.2,1,5
round1,73.3,0.813,1
round1,73.3,0.929,1
round1,73.3,1,4
round1,73.4,0.703,1
round1,73.4,0.813,1
round1,73.4,0.929,1
round1,73.4,1,5
round1,73.5,0.565,1
round1,73.5,0.929,2
round1,73.5,1,3
round1,73.6,0.722,1
round1,73.6,0.929,1
round1,73.6,1,5
round1,73.7,0.929,2
round1,73.7,1,6
round1,73.8,0.867,2
round1,73.8,0.929,1
round1,73.8,1,3
round1,73.9,0.867,1
round1,73.9,0.929,2
round1,73.9,1,5
round1,74,1,5
round1,74.1,0.929,4
round1,74.1,1,5
round1,74.2,0.703,1
round1,74.2,0.867,2
round1,74.2,0.897,1
round1,74.2,0.929,3
round1,74.2,0.963,1
round1,74.2,1,2
round1,74.3,1,4
round1,74.4,0.929,1
round1,74.4,1,2
round1,74.5,0.765,2
round1,74.5,0.867,1
round1,74.5,0.929,4
round1,74.5,1,5
round1,74.6,0.897,1
round1,74.6,0.929,2
round1,74.6,1,1
round1,74.7,0.929,2
round1,74.7,0.963,1
round1,74.7,1,3
round1,74.8,0.813,1
round1,74.8,0.929,4
round1,74.8,1,4
round1,74.9,0.52,1
round1,74.9,0.929,3
round1,74.9,1,2
round1,75,0.929,1
round1,75,1,5
round1,75.1,1,4
round1,75.2,0.867,1
round1,75.2,0.929,2
round1,75.2,1,2
round1,75.3,0.867,3
round1,75.3,1,5
round1,75.4,0.839,1
round1,75.4,0.929,2
round1,75.4,1,5
round1,75.5,0.813,1
round1,75.5,0.897,1
round1,75.5,0.929,3
round1,75.5,1,6
round1,75.6,0.813,1
round1,75.6,0.839,1
round1,75.6,0.867,2
round1,75.6,0.929,1
round1,75.6,1,3
round1,75.7,0.867,1
round1,75.7,0.929,4
round1,75.7,1,6
round1,75.8,0.867,1
round1,75.8,0.929,2
round1,75.8,1,4
round1,75.9,0.867,1
round1,75.9,1,3
round1,76,0.929,2
round1,76,1,2
round1,76.1,0.929,1
round1,76.1,1,1
round1,76.2,0.929,2
round1,76.2,1,5
round1,76.3,0.743,1
round1,76.3,0.929,1
round1,76.3,1,1
round1,76.4,0.867,1
round1,76.4,0.929,1
round1,76.4,1,3
round1,76.5,0.929,3
round1,76.5,1,7
round1,76.6,0.765,1
round1,76.6,0.929,4
round1,76.6,1,5
round1,76.7,0.743,1
round1,76.7,0.929,3
round1,76.7,1,2
round1,76.8,0.813,1
round1,76.8,0.867,2
round1,76.8,0.929,1
round1,76.8,1,4
round1,76.9,0.839,1
round1,76.9,0.929,3
round1,76.9,1,1
round1,77,0.813,1
round1,77,0.867,1
round1,77,1,6
round1,77.1,0.897,1
round1,77.1,0.929,3
round1,77.1,1,4
round1,77.2,1,2
round1,77.3,0.813,1
round1,77.3,0.929,1
round1,77.3,1,6
round1,77.4,0.929,2
round1,77.4,1,4
round1,77.5,0.788,1
round1,77.5,0.839,1
round1,77.5,0.929,2
round1,77.5,1,2
round1,77.6,0.813,1
round1,77.6,0.929,1
round1,77.6,1,5
round1,77.7,0.813,1
round1,77.7,0.839,1
round1,77.7,0.929,1
round1,77.7,1,3
round1,77.8,0.929,2
round1,77.8,1,4
round1,77.9,0.722,1
round1,77.9,0.839,2
round1,77.9,0.867,1
round1,77.9,0.929,2
round1,77.9,1,3
round1,78,0.929,2
round1,78,1,3
round1,78.1,0.867,1
round1,78.1,0.929,2
round1,78.1,1,4
round1,78.2,0.813,2
round1,78.2,0.867,1
round1,78.2,0.929,3
round1,78.2,1,2
round1,78.3,0.765,1
round1,78.3,0.839,1
round1,78.3,0.929,2
round1,78.3,0.963,1
round1,78.3,1,6
round1,78.4,0.813,2
round1,78.4,0.929,3
round1,78.4,1,5
round1,78.5,0.867,1
round1,78.5,0.929,2
round1,78.5,1,4
round1,78.6,0.929,3
round1,78.6,0.963,1
round1,78.6,1,3
round1,78.7,0.867,1
round1,78.7,0.929,3
round1,78.7,1,5
round1,78.8,0.839,1
round1,78.9,0.813,1
round1,78.9,1,4
round1,79,0.867,2
round1,79,0.929,1
round1,79,1,1
round1,79.1,0.684,1
round1,79.1,0.722,1
round1,79.1,0.929,3
round1,79.1,1,3
round1,79.2,0.929,1
round1,79.2,1,5
round1,79.3,0.929,1
round1,79.3,1,3
round1,79.4,0.963,1
round1,79.4,1,4
round1,79.5,0.839,1
round1,79.5,0.867,1
round1,79.5,1,4
round1,79.6,0.929,1
round1,79.6,1,4
round1,79.7,0.867,2
round1,79.7,0.929,1
round1,79.7,1,3
round1,79.8,0.867,1
round1,79.8,0.929,3
round1,79.8,1,3
round1,79.9,0.929,3
round1,79.9,1,3
round1,80,0.929,4
round1,80,1,3
round1,80.1,0.813,1
round1,80.1,1,6
round1,80.2,0.929,1
round1,80.2,1,2
round1,80.3,0.765,1
round1,80.3,1,4
round1,80.4,1,4
round1,80.5,0.722,1
round1,80.5,0.929,4
round1,80.5,1,3
round1,80.6,1,1
round1,80.7,0.867,1
round1,80.7,1,3
round1,80.8,0.813,1
round1,80.8,0.867,1
round1,80.8,1,2
round1,80.9,0.929,1
round1,80.9,1,1
round1,81,0.788,1
round1,81,0.813,1
round1,81,0.867,1
round1,81,0.929,1
round1,81,1,4
round1,81.1,1,6
round1,81.2,0.867,1
round1,81.2,0.929,2
round1,81.2,1,4
round1,81.3,1,7
round1,81.4,0.929,3
round1,81.4,1,4
round1,81.5,1,2
round1,81.6,0.813,1
round1,81.6,0.839,1
round1,81.6,0.867,1
round1,81.6,0.929,1
round1,81.6,1,2
round1,81.7,0.839,1
round1,81.7,1,6
round1,81.8,0.813,1
round1,81.8,0.867,1
round1,81.8,0.929,2
round1,81.8,1,3
round1,81.9,0.839,1
round1,81.9,0.929,3
round1,82,0.897,1
round1,82,0.929,1
round1,82,1,1
round1,82.1,0.929,1
round1,82.1,1,1
round1,82.2,0.929,1
round1,82.2,1,4
round1,82.3,0.788,1
round1,82.3,0.867,1
round1,82.3,1,3
round1,82.4,0.929,3
round1,82.4,1,4
round1,82.5,0.867,2
round1,82.5,0.929,3
round1,82.6,0.813,1
round1,82.6,0.929,2
round1,82.6,1,3
round1,82.7,0.867,1
round1,82.7,0.929,2
round1,82.7,1,2
round1,82.8,0.929,2
round1,82.8,1,2
round1,82.9,0.722,1
round1,82.9,0.929,1
round1,82.9,1,1
round1,83,0.867,1
round1,83,0.929,1
round1,83,1,3
round1,83.1,0.839,1
round1,83.1,0.929,1
round1,83.1,1,2
round1,83.2,0.929,1
round1,83.2,1,4
round1,83.3,0.839,1
round1,83.3,0.867,1
round1,83.3,0.929,3
round1,83.3,1,5
round1,83.4,0.813,1
round1,83.5,0.867,2
round1,83.5,1,3
round1,83.6,0.929,1
round1,83.6,1,3
round1,83.7,0.839,1
round1,83.7,0.867,2
round1,83.7,0.897,1
round1,83.7,0.929,1
round1,83.7,1,3
round1,83.8,0.51,1
round1,83.8,0.867,1
round1,83.8,0.929,2
round1,83.8,1,4
round1,83.9,0.929,4
round1,83.9,1,3
round1,84,0.788,1
round1,84,0.867,1
round1,84.1,0.743,1
round1,84.1,1,2
round1,84.2,0.867,1
round1,84.2,1,5
round1,84.3,0.867,1
round1,84.3,0.929,1
round1,84.3,1,2
round1,84.4,1,4
round1,84.5,0.929,1
round1,84.5,1,9
round1,84.6,0.929,2
round1,84.6,1,1
round1,84.7,1,2
round1,84.8,1,4
round1,84.9,0.867,1
round1,84.9,0.929,1
round1,84.9,1,1
round1,85,0.929,2
round1,85,1,3
round1,85.1,0.929,1
round1,85.1,1,2
round1,85.2,0.867,1
round1,85.2,0.929,1
round1,85.2,1,2
round1,85.3,0.813,1
round1,85.3,0.867,1
round1,85.3,0.929,1
round1,85.3,1,2
round1,85.4,0.765,1
round1,85.4,0.867,1
round1,85.4,0.929,2
round1,85.4,1,1
round1,85.5,0.929,1
round1,85.5,1,2
round1,85.6,0.929,1
round1,85.6,1,1
round1,85.7,0.867,1
round1,85.7,0.929,1
round1,85.7,1,2
round1,85.8,0.839,1
round1,85.8,0.929,2
round1,85.8,1,1
round1,85.9,0.929,1
round1,86,0.788,1
round1,86,0.867,1
round1,86,1,1
round1,86.1,1,3
round1,86.2,0.929,2
round1,86.2,0.963,1
round1,86.2,1,3
round1,86.3,0.684,1
round1,86.3,0.867,1
round1,86.3,1,2
round1,86.4,1,4
round1,86.5,0.867,1
round1,86.5,1,2
round1,86.6,1,1
round1,86.7,0.929,2
round1,86.7,1,2
round1,86.8,0.929,1
round1,86.8,1,1
round1,86.9,1,4
round1,87,0.929,2
round1,87,1,1
round1,87.1,0.839,1
round1,87.1,0.867,1
round1,87.1,0.929,1
round1,87.2,0.867,2
round1,87.2,1,4
round1,87.3,0.929,1
round1,87.3,1,1
round1,87.4,0.929,1
round1,87.4,1,3
round1,87.5,1,2
round1,87.6,0.813,1
round1,87.6,0.929,1
round1,87.6,1,5
round1,87.7,0.867,1
round1,87.7,0.929,1
round1,87.7,1,1
round1,87.8,0.839,1
round1,87.8,0.929,1
round1,87.8,0.963,1
round1,87.8,1,4
round1,87.9,0.929,1
round1,87.9,1,3
round1,88,0.929,1
round1,88,1,2
round1,88.1,0.929,2
round1,88.1,1,1
round1,88.2,1,3
round1,88.3,1,2
round1,88.4,0.929,2
round1,88.4,1,1
round1,88.5,0.788,1
round1,88.5,0.867,1
round1,88.5,0.929,4
round1,88.5,1,3
round1,88.6,0.929,1
round1,88.6,1,1
round1,88.7,0.929,1
round1,88.7,1,3
round1,88.8,0.839,1
round1,88.8,0.929,2
round1,88.8,1,2
round1,88.9,0.929,2
round1,88.9,1,5
round1,89,1,4
round1,89.2,0.929,1
round1,89.2,1,5
round1,89.3,0.929,2
round1,89.3,1,1
round1,89.4,0.813,1
round1,89.4,0.897,1
round1,89.4,1,3
round1,89.5,0.929,1
round1,89.5,1,2
round1,89.6,1,2
round1,89.7,1,5
round1,89.8,1,3
round1,89.9,0.929,1
round1,89.9,1,1
round1,90,0.929,1
round1,90,0.963,1
round1,90,1,3
round1,90.1,0.929,1
round1,90.1,1,1
round1,90.2,0.929,1
round1,90.2,1,2
round1,90.3,0.929,1
round1,90.3,1,4
round1,90.4,0.788,1
round1,90.4,0.929,1
round1,90.4,1,3
round1,90.5,0.743,1
round1,90.5,0.929,1
round1,90.5,1,3
round1,90.6,0.867,1
round1,90.6,0.963,1
round1,90.6,1,5
round1,90.7,0.867,1
round1,90.7,1,2
round1,90.8,1,1
round1,90.9,0.813,1
round1,90.9,1,3
round1,91,0.813,1
round1,91,0.839,1
round1,91,0.867,1
round1,91,0.929,1
round1,91,1,2
round1,91.1,1,2
round1,91.2,1,2
round1,91.3,0.788,1
round1,91.3,0.929,2
round1,91.3,1,1
round1,91.4,1,1
round1,91.5,0.929,1
round1,91.5,1,3
round1,91.6,0.929,1
round1,91.7,0.929,2
round1,91.8,0.929,2
round1,91.9,0.813,1
round1,91.9,0.929,2
round1,91.9,1,3
round1,92,0.565,1
round1,92,0.929,1
round1,92,1,2
round1,92.1,0.813,1
round1,92.1,0.929,1
round1,92.1,1,1
round1,92.2,1,1
round1,92.3,0.929,1
round1,92.3,1,2
round1,92.4,0.867,1
round1,92.4,0.929,1
round1,92.4,1,1
round1,92.5,0.929,3
round1,92.5,1,3
round1,92.6,0.813,1
round1,92.6,1,1
round1,92.8,1,2
round1,92.9,0.929,1
round1,92.9,1,1
round1,93,0.813,1
round1,93,1,1
round1,93.1,0.765,1
round1,93.1,0.867,1
round1,93.1,1,2
round1,93.2,0.929,1
round1,93.3,0.867,1
round1,93.3,1,2
round1,93.4,1,3
round1,93.5,1,3
round1,93.8,1,4
round1,93.9,0.929,1
round1,93.9,1,3
round1,94,1,4
round1,94.1,0.813,1
round1,94.1,0.867,1
round1,94.1,1,5
round1,94.2,0.867,2
round1,94.3,0.929,1
round1,94.3,1,1
round1,94.4,0.867,1
round1,94.4,0.929,2
round1,94.4,1,1
round1,94.5,1,2
round1,94.6,0.813,1
round1,94.6,0.929,1
round1,94.6,1,1
round1,94.7,1,1
round1,94.8,1,1
round1,94.9,0.634,1
round1,94.9,0.867,1
round1,94.9,1,1
round1,95,0.867,1
round1,95,1,4
round1,95.2,0.929,3
round1,95.2,1,3
round1,95.3,0.929,1
round1,95.3,1,1
round1,95.4,1,2
round1,95.5,0.929,1
round1,95.5,1,1
round1,95.6,1,1
round1,95.7,0.743,1
round1,95.7,0.839,1
round1,95.7,1,1
round1,95.8,0.929,3
round1,95.8,1,2
round1,95.9,1,2
round1,96,0.813,1
round1,96,1,1
round1,96.1,0.867,1
round1,96.1,0.929,2
round1,96.1,1,2
round1,96.2,0.929,2
round1,96.3,0.929,1
round1,96.3,1,2
round1,96.4,0.929,1
round1,96.4,1,1
round1,96.5,1,2
round1,96.6,0.929,1
round1,96.6,1,3
round1,96.7,1,2
round1,96.8,0.929,2
round1,96.8,1,4
round1,96.9,0.743,1
round1,96.9,1,4
round1,97.1,0.788,1
round1,97.2,0.929,2
round1,97.2,1,1
round1,97.3,0.867,1
round1,97.3,0.929,2
round1,97.3,1,2
round1,97.4,1,3
round1,97.6,0.867,1
round1,97.6,0.929,1
round1,97.6,1,2
round1,97.7,1,1
round1,97.8,0.839,1
round1,97.8,1,2
round1,97.9,1,1
round1,98,0.929,1
round1,98,1,3
round1,98.1,0.867,1
round1,98.1,1,5
round1,98.2,1,1
round1,98.3,1,2
round1,98.4,0.929,1
round1,98.4,1,1
round1,98.5,0.897,1
round1,98.5,0.929,1
round1,98.5,1,1
round1,98.6,0.867,1
round1,98.6,1,2
round1,98.7,0.929,1
round1,98.7,1,2
round1,98.8,1,1
round1,98.9,1,2
round1,99,0.929,2
round1,99,1,3
round1,99.1,0.788,1
round1,99.1,0.813,1
round1,99.1,0.867,1
round1,99.1,0.929,1
round1,99.1,1,1
round1,99.2,1,2
round1,99.4,0.765,1
round1,99.5,0.897,1
round1,99.5,1,1
round1,99.6,0.929,1
round1,99.6,1,1
round1,99.7,0.867,1
round1,99.7,1,2
round1,99.8,0.929,1
round1,99.9,1,3
round1,100,0.813,1
round1,100,0.929,1
round1,100,1,2
round1,100.1,0.929,2
round1,100.2,0.929,1
round1,100.2,1,2
round1,100.3,0.929,1
round1,100.3,1,1
round1,100.4,0.929,3
round1,100.5,0.929,1
round1,100.5,1,4
round1,100.6,0.929,1
round1,100.7,0.929,1
round1,100.7,1,3
round1,100.8,0.929,2
round1,100.8,1,3
round1,100.9,0.867,1
round1,100.9,1,3
round1,101,1,2
round1,101.1,1,5
round1,101.2,0.929,1
round1,101.2,1,1
round1,101.3,1,1
round1,101.4,0.929,1
round1,101.4,1,2
round1,101.5,0.867,1
round1,101.5,0.929,1
round1,101.5,1,2
round1,101.6,0.867,1
round1,101.6,0.929,1
round1,101.6,1,1
round1,101.7,1,4
round1,101.8,0.929,1
round1,101.9,1,2
round1,102,1,3
round1,102.1,0.765,1
round1,102.1,1,1
round1,102.2,1,1
round1,102.3,0.788,1
round1,102.3,1,1
round1,102.4,0.813,1
round1,102.4,0.929,1
round1,102.5,1,3
round1,102.6,1,2
round1,102.7,0.867,1
round1,102.7,1,1
round1,102.8,1,3
round1,102.9,0.839,1
round1,102.9,0.929,1
round1,102.9,1,1
round1,103.1,0.765,1
round1,103.1,1,1
round1,103.2,1,3
round1,103.3,0.929,3
round1,103.3,1,1
round1,103.4,0.867,1
round1,103.4,0.929,1
round1,103.4,1,1
round1,103.5,0.722,1
round1,103.5,1,1
round1,103.6,0.929,1
round1,103.6,1,2
round1,103.8,0.897,1
round1,103.8,1,1
round1,104,0.867,1
round1,104,1,2
round1,104.1,0.839,1
round1,104.1,1,2
round1,104.2,0.929,1
round1,104.2,1,1
round1,104.3,0.929,1
round1,104.3,1,3
round1,104.4,1,2
round1,104.5,0.929,1
round1,104.5,1,1
round1,104.6,0.929,2
round1,104.6,1,2
round1,104.7,1,1
round1,104.8,0.929,1
round1,104.8,1,1
round1,105,1,3
round1,105.1,0.839,1
round1,105.1,0.929,1
round1,105.1,1,1
round1,105.2,1,5
round1,105.3,0.765,1
round1,105.3,0.867,1
round1,105.3,1,1
round1,105.4,0.703,1
round1,105.5,0.867,1
round1,105.5,0.929,1
round1,105.5,1,5
round1,105.6,0.929,1
round1,105.7,1,2
round1,105.8,1,1
round1,105.9,0.867,1
round1,106,0.929,1
round1,106.1,1,2
round1,106.2,0.867,1
round1,106.2,1,4
round1,106.3,0.929,1
round1,106.4,1,2
round1,106.5,1,1
round1,106.6,1,1
round1,106.7,0.929,1
round1,106.8,1,1
round1,106.9,1,1
round1,107,1,1
round1,107.1,1,1
round1,107.2,0.929,1
round1,107.3,0.867,1
round1,107.4,1,3
round1,107.5,1,2
round1,107.6,0.929,1
round1,107.6,1,1
round1,107.7,1,3
round1,107.8,1,2
round1,107.9,0.743,1
round1,108.1,1,2
round1,108.2,1,3
round1,108.3,0.929,1
round1,108.4,1,2
round1,108.5,1,4
round1,108.6,1,2
round1,108.7,0.929,2
round1,108.8,0.839,1
round1,108.8,0.867,1
round1,108.8,1,3
round1,108.9,1,4
round1,109,0.929,1
round1,109,1,1
round1,109.1,0.929,1
round1,109.1,1,1
round1,109.3,0.929,3
round1,109.4,1,2
round1,109.5,0.929,1
round1,109.5,1,1
round1,109.6,0.813,1
round1,109.6,0.867,1
round1,109.6,0.929,2
round1,109.6,1,1
round1,109.7,1,1
round1,109.8,0.867,1
round1,109.9,1,1
round1,110,1,4
round1,110.1,1,1
round1,110.2,0.929,1
round1,110.2,1,1
round1,110.4,0.929,1
round1,110.4,1,3
round1,110.5,1,1
round1,110.6,0.813,1
round1,110.7,0.867,1
round1,110.7,0.929,2
round1,110.7,1,3
round1,110.8,1,2
round1,110.9,0.929,1
round1,111,0.813,1
round1,111,1,3
round1,111.1,1,1
round1,111.2,0.867,1
round1,111.2,1,1
round1,111.3,1,2
round1,111.4,1,3
round1,111.5,1,1
round1,111.6,0.765,1
round1,111.6,0.867,1
round1,111.6,1,1
round1,111.7,0.929,1
round1,111.7,1,3
round1,111.9,1,1
round1,112,0.929,1
round1,112.1,1,1
round1,112.2,0.929,1
round1,112.2,1,1
round1,112.3,0.929,1
round1,112.3,1,1
round1,112.5,1,2
round1,112.6,0.929,1
round1,112.6,1,1
round1,112.7,0.929,1
round1,112.7,0.963,1
round1,112.8,0.929,1
round1,112.8,1,3
round1,112.9,0.929,1
round1,112.9,1,2
round1,113,0.929,1
round1,113,1,3
round1,113.1,1,1
round1,113.2,0.929,1
round1,113.3,1,1
round1,113.4,0.963,1
round1,113.4,1,2
round1,113.6,0.929,1
round1,113.6,1,1
round1,113.7,1,3
round1,113.8,0.929,1
round1,113.8,1,2
round1,113.9,0.813,1
round1,113.9,0.929,1
round1,113.9,1,1
round1,114,0.929,1
round1,114,1,1
round1,114.1,0.929,1
round1,114.1,1,3
round1,114.2,0.867,1
round1,114.2,0.929,1
round1,114.3,0.929,1
round1,114.4,0.929,1
round1,114.4,1,1
round1,114.5,1,2
round1,114.6,1,2
round1,114.7,1,1
round1,114.8,1,1
round1,114.9,1,2
round1,115,0.929,2
round1,115,1,2
round1,115.1,0.929,1
round1,115.1,1,1
round1,115.2,0.578,1
round1,115.3,0.839,1
round1,115.3,0.867,1
round1,115.3,1,2
round1,115.4,1,1
round1,115.5,1,2
round1,115.6,0.929,1
round1,115.6,1,2
round1,115.7,0.867,1
round1,115.8,0.813,1
round1,115.8,0.839,1
round1,115.9,1,2
round1,116,0.929,1
round1,116,1,1
round1,116.1,0.929,1
round1,116.1,1,3
round1,116.2,0.929,1
round1,116.2,1,2
round1,116.3,0.867,1
round1,116.3,0.929,1
round1,116.3,1,1
round1,116.4,0.703,1
round1,116.4,0.867,1
round1,116.4,0.929,1
round1,116.6,1,2
round1,116.7,0.867,1
round1,116.7,0.929,1
round1,116.8,0.929,1
round1,116.8,1,4
round1,117,1,3
round1,117.2,0.929,1
round1,117.2,1,3
round1,117.3,1,5
round1,117.6,0.867,1
round1,117.6,1,1
round1,117.7,0.929,1
round1,117.7,1,3
round1,117.8,0.929,2
round1,117.8,1,1
round1,117.9,0.929,1
round1,117.9,1,2
round1,118.1,0.929,2
round1,118.1,1,1
round1,118.2,1,3
round1,118.3,1,2
round1,118.4,1,1
round1,118.5,1,1
round1,118.6,0.929,1
round1,118.7,1,5
round1,119,0.765,1
round1,119.1,1,1
round1,119.3,1,1
round1,119.4,1,2
round1,119.5,0.929,1
round1,119.5,1,1
round1,119.6,1,4
round1,119.7,1,1
round1,119.8,0.929,1
round1,119.9,1,1
round1,120,0.929,1
round1,120,1,1
round1,120.2,0.963,1
round1,120.3,0.929,1
round1,120.3,1,3
round1,120.4,1,1
round1,120.7,1,1
round1,120.8,0.929,1
round1,120.9,0.929,1
round1,120.9,1,3
round1,121,1,2
round1,121.2,1,2
round1,121.3,0.963,1
round1,121.3,1,4
round1,121.4,1,1
round1,121.5,0.867,1
round1,121.5,1,1
round1,121.6,0.929,3
round1,121.7,1,1
round1,122,1,1
round1,122.2,1,2
round1,122.3,1,1
round1,122.4,0.897,1
round1,122.4,0.929,1
round1,122.4,1,1
round1,122.5,1,1
round1,122.6,1,1
round1,122.8,0.929,1
round1,122.8,1,1
round1,122.9,0.929,1
round1,123.1,1,2
round1,123.2,0.929,1
round1,123.2,1,1
round1,123.4,1,1
round1,123.5,0.929,1
round1,123.5,1,1
round1,123.7,0.867,1
round1,123.7,1,1
round1,123.8,1,1
round1,123.9,0.929,1
round1,124,0.929,1
round1,124.1,1,1
round1,124.2,1,3
round1,124.3,1,1
round1,124.4,1,1
round1,124.5,0.813,1
round1,124.7,1,1
round1,124.9,1,1
round1,125.2,0.542,1
round1,125.2,1,1
round1,125.3,0.765,1
round1,125.3,0.929,1
round1,125.3,1,1
round1,125.7,0.897,1
round1,125.8,1,1
round1,126,0.788,1
round1,126,1,3
round1,126.2,1,1
round1,126.3,1,2
round1,126.4,0.929,1
round1,126.5,1,2
round1,126.7,1,1
round1,126.8,1,1
round1,127.3,1,1
round1,127.7,1,1
round1,127.8,1,2
round1,127.9,0.929,1
round1,127.9,1,2
round1,128,1,1
round1,128.2,1,1
round1,128.4,0.929,1
round1,128.4,1,2
round1,128.5,0.929,1
round1,128.5,1,1
round1,128.6,0.929,1
round1,128.6,1,3
round1,128.7,1,1
round1,128.8,1,1
round1,128.9,0.813,1
round1,128.9,1,2
round1,129,1,1
round1,129.1,0.929,1
round1,129.1,1,1
round1,129.2,0.929,1
round1,129.2,1,2
round1,129.3,1,2
round1,129.5,0.813,1
round1,129.5,1,2
round1,129.6,1,1
round1,129.7,1,4
round1,129.8,0.867,1
round1,129.8,1,1
round1,129.9,1,2
round1,130,0.929,1
round1,130.1,1,2
round1,130.3,0.929,1
round1,130.3,1,1
round1,130.4,0.929,1
round1,130.4,1,2
round1,130.5,0.897,1
round1,130.7,0.722,1
round1,130.7,1,2
round1,130.8,1,2
round1,130.9,0.813,1
round1,130.9,1,2
round1,131,0.929,1
round1,131.1,0.839,1
round1,131.2,1,1
round1,131.3,0.867,1
round1,131.3,0.929,1
round1,131.3,1,2
round1,131.4,1,1
round1,131.6,0.867,1
round1,131.6,1,1
round1,131.7,1,1
round1,131.8,0.929,1
round1,131.8,1,2
round1,131.9,0.929,1
round1,132,1,1
round1,132.1,0.839,1
round1,132.1,1,1
round1,132.2,1,2
round1,132.3,0.929,1
round1,132.4,0.839,1
round1,132.6,0.929,1
round1,133,1,1
round1,133.3,0.788,1
round1,133.3,0.867,1
round1,133.4,1,2
round1,133.5,1,2
round1,133.7,1,1
round1,133.9,0.929,1
round1,134.1,1,1
round1,134.2,1,1
round1,134.3,0.929,1
round1,134.4,1,2
round1,134.5,1,2
round1,134.6,1,3
round1,134.7,0.963,1
round1,134.7,1,2
round1,135,0.722,1
round1,135.1,1,2
round1,135.3,1,1
round1,135.4,0.929,1
round1,135.4,1,1
round1,135.5,1,1
round1,135.6,0.929,1
round1,135.9,1,1
round1,136,1,1
round1,136.1,1,1
round1,136.2,1,1
round1,136.3,0.929,1
round1,136.3,1,1
round1,136.4,0.929,3
round1,136.4,1,1
round1,136.5,0.929,1
round1,136.5,1,1
round1,136.7,0.929,1
round1,136.7,1,1
round1,136.8,1,2
round1,136.9,1,1
round1,137,1,4
round1,137.1,0.813,1
round1,137.2,0.867,1
round1,137.3,0.867,1
round1,137.6,1,1
round1,137.7,0.897,1
round1,138,1,1
round1,138.1,1,1
round1,138.2,1,2
round1,138.3,0.929,1
round1,138.4,0.929,1
round1,138.4,1,1
round1,138.5,1,2
round1,139,1,1
round1,139.1,1,1
round1,139.4,1,1
round1,139.5,1,1
round1,139.6,0.929,1
round1,139.6,1,2
round1,139.8,0.867,1
round1,139.9,0.929,1
round1,139.9,1,1
round1,140.1,1,3
round1,140.3,1,1
round1,140.6,0.929,1
round1,140.6,1,3
round1,140.7,1,1
round1,140.8,1,1
round1,140.9,0.929,1
round1,140.9,1,1
round1,141,1,2
round1,141.1,0.839,1
round1,141.3,1,1
round1,141.5,1,1
round1,141.6,0.867,1
round1,141.6,0.929,1
round1,141.7,0.867,1
round1,141.7,1,2
round1,142.1,1,1
round1,142.2,0.929,1
round1,142.3,1,1
round1,142.5,1,1
round1,142.7,0.867,1
round1,142.9,0.929,1
round1,142.9,1,1
round1,143,1,1
round1,143.3,0.929,1
round1,143.3,0.963,1
round1,143.3,1,1
round1,143.5,0.929,1
round1,143.7,1,2
round1,143.8,1,1
round1,144,0.929,1
round1,144.1,0.929,1
round1,144.2,0.929,1
round1,144.4,1,1
round1,144.5,0.929,1
round1,144.6,0.929,1
round1,144.7,1,1
round1,144.8,1,1
round1,144.9,1,3
round1,145.1,1,1
round1,145.2,1,1
round1,145.6,0.929,1
round1,145.6,1,1
round1,145.7,0.867,1
round1,145.7,0.929,1
round1,145.9,0.813,1
round1,146,1,1
round1,146.4,1,1
round1,146.5,0.929,1
round1,146.5,1,1
round1,146.9,1,1
round1,147.1,1,1
round1,147.3,1,1
round1,147.4,1,1
round1,147.7,1,1
round1,147.9,0.897,1
round1,147.9,1,2
round1,148.2,0.929,1
round1,148.2,1,2
round1,148.3,1,2
round1,148.6,1,1
round1,148.9,0.867,1
round1,148.9,1,1
round1,149.2,0.929,1
round1,149.3,1,3
round1,149.4,0.929,1
round1,149.4,1,2
round1,149.6,0.929,1
round1,149.6,1,1
round1,149.8,0.929,1
round1,149.8,1,1
round1,149.9,1,3
round1,150,1,1
round1,150.2,1,1
round1,150.6,0.929,1
round1,150.6,1,1
round1,150.7,0.929,1
round1,150.7,1,1
round1,150.8,1,1
round1,151,0.929,1
round1,151.5,0.929,1
round1,151.8,1,2
round1,152,0.813,1
round1,152.2,0.813,1
round1,152.2,1,2
round1,152.3,1,1
round1,152.4,1,1
round1,152.5,1,1
round1,152.9,1,2
round1,153,1,2
round1,153.1,1,1
round1,153.4,0.867,1
round1,153.5,0.897,1
round1,153.6,0.867,1
round1,153.7,0.867,1
round1,153.7,0.929,1
round1,153.7,1,2
round1,153.8,1,2
round1,154.1,0.929,2
round1,154.2,1,1
round1,154.3,1,1
round1,154.4,0.929,1
round1,154.4,1,1
round1,154.5,1,2
round1,154.6,0.929,1
round1,154.6,1,1
round1,154.9,1,1
round1,155,1,1
round1,155.1,0.867,1
round1,155.3,0.929,2
round1,155.9,1,1
round1,156,1,2
round1,156.1,1,1
round1,156.2,0.929,1
round1,156.3,1,2
round1,156.5,1,1
round1,156.6,1,1
round1,156.7,1,3
round1,156.8,0.839,1
round1,156.8,1,2
round1,156.9,1,1
round1,157.3,1,1
round1,157.6,1,2
round1,157.7,1,1
round1,157.8,1,1
round1,158,0.929,1
round1,158,1,1
round1,158.1,1,1
round1,158.4,0.929,2
round1,158.4,1,1
round1,158.6,0.929,1
round1,158.6,1,2
round1,158.7,1,1
round1,158.9,0.929,1
round1,159,1,1
round1,159.1,0.929,1
round1,159.1,1,1
round1,159.4,0.929,1
round1,159.4,1,1
round1,160.2,0.929,1
round1,160.2,1,1
round1,160.4,1,1
round1,160.5,1,1
round1,160.6,1,1
round1,160.7,1,2
round1,161.1,1,1
round1,161.2,0.929,1
round1,161.4,0.765,1
round1,161.4,1,1
round1,161.6,1,1
round1,161.9,1,2
round1,162,1,1
round1,162.7,0.929,1
round1,162.9,1,1
round1,163.2,1,1
round1,163.4,1,1
round1,163.7,0.929,2
round1,163.7,1,1
round1,164.2,1,1
round1,164.3,1,1
round1,164.5,1,1
round1,164.7,1,1
round1,164.8,0.897,1
round1,164.8,1,1
round1,165,1,1
round1,165.2,1,1
round1,165.6,1,1
round1,165.8,0.929,1
round1,166,1,1
round1,166.2,1,1
round1,166.3,0.929,1
round1,166.4,0.867,1
round1,166.4,1,1
round1,166.5,1,1
round1,166.6,1,1
round1,166.8,0.929,1
round1,166.9,1,1
round1,167,1,2
round1,167.2,1,3
round1,167.3,0.867,1
round1,167.5,0.929,1
round1,167.6,1,1
round1,167.7,1,1
round1,167.8,1,1
round1,168.3,1,1
round1,168.5,0.867,1
round1,169.1,1,1
round1,169.2,1,1
round1,169.5,1,2
round1,169.6,0.813,1
round1,169.6,0.929,2
round1,170.3,1,2
round1,170.7,0.929,1
round1,170.7,1,1
round1,170.8,0.929,1
round1,170.8,1,1
round1,170.9,1,1
round1,171,0.963,1
round1,171.7,1,1
round1,171.8,1,1
round1,171.9,1,1
round1,172.3,1,2
round1,172.4,0.929,1
round1,172.8,1,2
round1,172.9,0.929,1
round1,172.9,1,1
round1,173.1,1,1
round1,173.3,1,1
round1,173.5,1,1
round1,173.6,0.867,1
round1,174.1,1,1
round1,174.3,1,1
round1,174.6,0.765,1
round1,174.7,0.929,2
round1,174.7,1,1
round1,174.9,1,1
round1,175,0.929,1
round1,175,1,1
round1,175.3,1,1
round1,175.4,1,1
round1,175.6,1,2
round1,175.7,1,1
round1,175.8,1,1
round1,175.9,0.929,2
round1,175.9,1,1
round1,176.6,0.929,1
round1,176.6,1,1
round1,176.9,1,1
round1,177,1,1
round1,177.3,1,1
round1,177.5,1,1
round1,177.6,1,1
round1,177.8,1,1
round1,178.3,1,1
round1,178.4,0.929,1
round1,178.6,0.929,1
round1,178.6,1,1
round1,178.7,0.929,1
round1,179.3,1,1
round1,179.7,1,1
round1,179.8,0.929,1
round1,179.8,1,1
round1,179.9,1,1
round1,180.1,0.929,1
round1,180.5,1,1
round1,180.6,1,2
round1,181,1,2
round1,181.2,0.929,1
round1,181.3,1,1
round1,181.4,0.867,1
round1,181.4,1,1
round1,181.5,0.867,1
round1,181.6,0.703,1
round1,181.6,1,1
round1,181.8,1,1
round1,182.4,1,1
round1,182.9,0.867,1
round1,183.9,0.929,1
round1,184.3,1,2
round1,184.5,1,1
round1,184.6,1,1
round1,184.7,0.867,1
round1,185,1,1
round1,185.1,1,1
round1,185.3,1,1
round1,185.5,1,3
round1,185.9,0.963,1
round1,186.1,0.765,1
round1,186.5,1,3
round1,186.6,0.813,1
round1,186.7,0.929,1
round1,187.1,0.929,1
round1,187.1,1,1
round1,187.6,1,1
round1,187.7,1,1
round1,187.9,1,1
round1,188.5,1,1
round1,188.7,1,1
round1,189.6,0.929,1
round1,189.6,1,1
round1,190.1,1,1
round1,190.9,1,1
round1,191,0.929,2
round1,191.1,1,3
round1,191.2,1,1
round1,191.3,1,1
round1,191.4,1,1
round1,191.6,0.867,1
round1,192.1,1,1
round1,192.8,1,1
round1,193.1,1,1
round1,193.3,0.929,1
round1,193.4,1,1
round1,193.6,1,1
round1,193.7,0.929,1
round1,193.7,1,1
round1,194.1,0.929,1
round1,194.1,1,1
round1,194.7,0.929,1
round1,194.8,0.929,1
round1,194.9,0.929,1
round1,195.3,1,2
round1,195.5,0.929,1
round1,195.8,1,1
round1,196.1,0.929,1
round1,196.2,1,1
round1,196.3,1,1
round1,196.4,0.867,1
round1,196.7,1,1
round1,197.1,1,1
round1,197.5,0.929,1
round1,197.9,1,1
round1,198.5,0.929,1
round1,198.6,1,1
round1,199.3,0.929,1
round1,199.8,1,1
round1,200,1,2
round1,200.5,0.929,1
round1,200.5,1,1
round1,201,0.929,1
round1,201.9,1,1
round1,202.4,0.867,1
round1,202.5,1,1
round1,202.6,1,1
round1,202.9,1,1
round1,203.2,1,1
round1,203.4,0.897,1
round1,203.9,1,1
round1,204.8,1,1
round1,205.3,1,1
round1,205.6,0.591,1
round1,205.7,1,1
round1,206.1,1,2
round1,206.3,1,3
round1,206.5,1,1
round1,206.6,0.929,1
round1,206.6,1,1
round1,206.8,1,2
round1,206.9,1,2
round1,207,1,1
round1,207.4,1,1
round1,207.6,1,1
round1,208,1,1
round1,208.1,0.867,1
round1,208.1,1,1
round1,208.9,1,1
round1,210.1,1,1
round1,210.3,1,1
round1,210.8,1,1
round1,211.4,1,1
round1,212,1,1
round1,212.8,1,1
round1,213.6,1,1
round1,213.8,1,1
round1,214.7,1,1
round1,215,1,1
round1,215.4,1,1
round1,215.8,1,1
round1,216.3,0.929,1
round1,216.9,1,1
round1,217.3,0.929,1
round1,217.6,1,1
round1,218.1,1,1
round1,218.3,0.929,1
round1,219,1,1
round1,219.5,1,2
round1,219.7,0.929,1
round1,220.2,1,1
round1,220.5,1,1
round1,220.7,0.929,1
round1,220.9,1,1
round1,221,1,2
round1,221.2,1,1
round1,222,0.929,1
round1,222,1,1
round1,222.4,1,1
round1,222.9,0.867,1
round1,223.1,1,1
round1,223.9,1,1
round1,224,0.813,1
round1,224,1,1
round1,224.2,1,1
round1,224.3,1,1
round1,226.4,0.929,2
round1,226.5,1,1
round1,226.6,1,1
round1,226.9,1,1
round1,227.1,0.929,1
round1,228.1,1,1
round1,228.4,1,1
round1,228.9,1,3
round1,229.5,0.897,1
round1,230.4,1,1
round1,230.7,0.929,1
round1,231,0.929,1
round1,231.7,0.929,1
round1,232,0.867,1
round1,232.3,1,2
round1,232.8,1,1
round1,233,0.929,1
round1,233.1,1,1
round1,233.2,1,1
round1,233.8,0.867,1
round1,234,0.929,1
round1,234.2,1,1
round1,234.7,1,1
round1,234.9,0.929,1
round1,235.1,1,2
round1,235.5,1,1
round1,235.7,0.929,1
round1,236.4,1,1
round1,236.5,0.897,1
round1,236.5,1,1
round1,236.9,0.867,1
round1,237.3,1,1
round1,237.7,1,1
round1,238.3,0.929,1
round1,239.6,0.813,1
round1,240.2,1,1
round1,240.7,1,1
round1,241.1,0.929,1
round1,241.2,1,1
round1,241.5,1,1
round1,241.7,1,1
round1,242,1,1
round1,242.1,1,1
round1,242.3,1,1
round1,242.4,1,1
round1,242.7,1,1
round1,243.4,1,1
round1,243.5,1,1
round1,243.7,1,1
round1,243.8,1,1
round1,244.3,1,1
round1,244.4,1,1
round1,244.8,1,1
round1,245,0.929,1
round1,245,1,1
round1,245.5,1,1
round1,246,1,1
round1,246.1,0.929,1
round1,247,1,1
round1,247.1,1,1
round1,247.7,1,1
round1,247.8,1,1
round1,248.6,1,1
round1,248.9,1,1
round1,249.6,1,1
round1,249.8,0.929,1
round1,250.2,1,1
round1,250.5,0.867,1
round1,250.5,1,1
round1,251.3,1,1
round1,252.7,1,1
round1,254.9,1,1
round1,255.2,1,1
round1,255.4,0.867,1
round1,255.5,0.929,1
round1,257.1,0.929,1
round1,258.3,1,1
round1,258.5,1,1
round1,259,0.929,1
round1,260.2,1,1
round1,260.5,1,1
round1,262.2,1,1
round1,262.5,1,1
round1,263.4,1,1
round1,263.6,0.929,1
round1,263.8,1,1
round1,264.4,0.929,1
round1,264.7,1,1
round1,264.9,1,1
round1,265.3,1,1
round1,267,0.929,1
round1,267.2,0.813,1
round1,268.2,0.813,1
round1,268.3,1,1
round1,269.3,0.867,1
round1,269.4,0.929,1
round1,270,0.867,1
round1,270.9,1,1
round1,271.3,1,1
round1,271.6,1,1
round1,272.3,1,1
round1,273.8,0.929,1
round1,274.8,0.929,1
round1,275.2,0.929,1
round1,275.7,1,1
round1,276.1,1,1
round1,276.3,0.929,1
round1,277.2,1,1
round1,278.8,0.929,1
round1,279.5,1,1
round1,280.6,1,1
round1,280.8,0.813,1
round1,281.2,1,1
round1,281.4,1,1
round1,282.7,0.929,1
round1,282.9,1,1
round1,283.5,1,1
round1,285.6,1,1
round1,286.9,1,1
round1,287.1,1,1
round1,287.4,1,1
round1,288.5,1,1
round1,288.6,0.929,1
round1,289.5,1,1
round1,289.6,1,1
round1,290.3,1,1
round1,290.9,1,1
round1,293.7,1,2
round1,295.6,1,1
round1,296.3,0.929,1
round1,296.8,1,1
round1,297.9,0.929,1
round1,298.3,1,1
round1,298.5,0.867,1
round1,299,1,1
round1,300.3,0.929,1
round1,301.2,1,1
round1,304.2,1,1
round1,304.7,1,1
round1,305.5,1,1
round1,305.6,0.929,1
round1,305.7,1,1
round1,306.5,0.813,1
round1,307.3,1,1
round1,308.1,1,1
round1,309.6,1,1
round1,310.2,1,2
round1,311.7,1,1
round1,312.8,1,1
round1,314.3,1,1
round1,314.6,1,1
round1,316.4,1,1
round1,319.7,1,1
round1,321.2,1,1
round1,324.4,1,1
round1,324.5,1,1
round1,328.6,1,1
round1,330.7,0.867,1
round1,334.2,1,1
round1,335.4,1,1
round1,336.2,1,1
round1,336.7,1,1
round1,338.2,1,1
round1,338.6,0.929,1
round1,340,1,1
round1,344.3,1,1
round1,344.8,1,1
round1,345.3,1,1
round1,346.5,1,1
round1,347.9,1,1
round1,349,1,1
round1,349.2,1,1
round1,350.9,0.929,1
round1,350.9,1,1
round1,353.6,1,1
round1,358.2,1,1
round1,360.2,1,1
round1,363.1,1,1
round1,363.8,0.929,1
round1,364.9,1,2
round1,365.7,0.929,1
round1,366.8,0.929,1
round1,367.6,1,1
round1,369.5,1,1
round1,369.9,1,1
round1,376.2,1,1
round1,376.3,1,1
round1,377,1,1
round1,378.4,1,1
round1,379.6,1,1
round1,381.1,1,1
round1,381.8,1,1
round1,382.7,0.929,1
round1,383.2,0.929,1
round1,383.9,1,1
round1,387,0.813,1
round1,389,1,1
round1,389.1,1,1
round1,389.7,1,1
round1,390.1,0.929,1
round1,391,1,1
round1,391.6,1,1
round1,394.4,1,1
round1,399.3,1,1
round1,401.4,0.867,1
round1,401.4,0.929,1
round1,402.5,1,1
round1,406.2,0.867,1
round1,417.2,0.839,1
round1,420.2,1,1
round1,424.7,1,1
round1,428.9,1,1
round1,440.6,0.929,1
round1,441.3,1,1
round1,442.9,0.929,1
round1,443.7,1,1
round1,444.7,0.929,1
round1,461.9,1,1
round1,473.7,0.929,1
round1,477.7,1,1
round1,482.7,1,1
round1,490.7,1,1
round1,491.3,1,1
round1,492.4,1,1
round1,499.6,0.929,1
round1,500.1,1,1
round1,500.6,1,1
round1,504.2,1,1
round1,505,1,1
round1,507,0.813,1
round1,507.1,1,1
round1,508.2,0.929,1
round1,516,1,1
round1,525.3,0.929,1
round1,526.2,1,1
round1,529.1,0.929,1
round1,529.1,1,1
round1,530.9,1,1
round1,536,0.929,1
round1,561.6,1,1
round1,563.6,1,1
round1,571.8,1,1
round1,577.5,1,1
round1,593.5,1,1
round1,609.4,0.929,1
round1,618.8,1,1
round1,621,1,1
round1,621.4,0.813,1
round1,630.8,1,1
round1,671.9,1,1
round1,704.8,1,1
round1,708.7,1,1
round1,711.3,1,1
round1,723.6,1,1
round1,729.9,1,1
round1,739.8,1,1
round1,770.6,0.813,1
round1,783.9,0.929,1
round1,800.8,0.929,1
round1,812.2,1,1
round1,886.4,1,1
round1,893.5,1,1
round1,924.2,1,1
round1,943,0.929,1
round1,985.4,1,1
round1,1091.7,0.929,1
round1,1115.2,0.929,1
round1,1163.7,0.929,1
round1,1196.8,0.929,1
round1,1213.3,0.929,1
round1,1226.6,0.929,1
round1,1500.5,1,1
round1,1596.6,1,1
round1,1706.1,1,1
round1,2020.5,0.929,1
round1,2292.7,1,1
round1,2344.7,1,1
round1,2453.8,1,1
round1,2707.9,1,1
round1,2727.1,1,1
round1,2949.7,1,1
round1,2962.3,0.929,1
round1,2973.3,1,1
round1,3043,1,1
round1,3111.5,1,1
round1,3807,0.788,1
round1,3895.3,1,1
round1,3964.5,1,1
round1,4157.2,0.929,1
round1,4585.9,0.929,1
round1,4814.9,0.929,1
round1,5798.4,0.765,1
round1,6989.1,0.929,1
round1,10907.7,1,1
round1,10919,1,1
round1,13588,1,1
round1,15891.4,0.929,1
round1,21887.8,0.867,1
round1,22787.9,1,1
round1,32430.2,1,1
round1,56644.2,0.929,1
round1,129637,1,1
round1,240621.5,1,1
round2,10.9,0.925,1
round2,11,0.925,1
round2,11,1,1
round2,11.3,0.942,1
round2,11.3,0.961,1
round2,11.3,1,1
round2,11.4,1,2
round2,11.8,0.907,1
round2,11.8,1,1
round2,11.9,0.907,2
round2,12,0.925,1
round2,12.1,1,1
round2,12.2,0.925,1
round2,12.2,1,1
round2,12.3,1,2
round2,12.4,1,2
round2,12.5,0.875,1
round2,12.6,0.891,1
round2,12.6,0.925,2
round2,12.6,1,2
round2,12.7,0.721,1
round2,12.7,0.86,1
round2,12.7,0.942,1
round2,12.7,1,1
round2,12.8,0.803,1
round2,12.8,0.907,1
round2,12.8,0.925,1
round2,12.8,0.942,2
round2,12.9,0.907,1
round2,12.9,0.942,1
round2,12.9,1,1
round2,13,0.891,1
round2,13,1,3
round2,13.1,0.79,1
round2,13.1,0.817,1
round2,13.1,0.875,2
round2,13.1,0.907,1
round2,13.1,0.925,1
round2,13.1,0.942,1
round2,13.1,0.98,1
round2,13.2,0.803,1
round2,13.2,0.845,2
round2,13.2,0.86,1
round2,13.2,0.875,1
round2,13.2,0.942,1
round2,13.2,1,1
round2,13.3,0.942,2
round2,13.3,1,3
round2,13.4,0.831,1
round2,13.4,1,1
round2,13.5,0.79,1
round2,13.5,0.875,1
round2,13.5,0.925,2
round2,13.5,0.961,1
round2,13.5,0.98,1
round2,13.6,0.86,1
round2,13.6,0.875,1
round2,13.6,0.891,2
round2,13.6,0.907,1
round2,13.6,1,3
round2,13.7,0.754,1
round2,13.7,0.942,2
round2,13.7,1,1
round2,13.8,0.778,1
round2,13.8,0.86,1
round2,13.8,0.875,1
round2,13.8,0.891,1
round2,13.8,0.907,1
round2,13.8,0.925,3
round2,13.8,0.961,1
round2,13.8,1,1
round2,13.9,0.817,1
round2,13.9,0.86,1
round2,13.9,0.907,1
round2,13.9,0.961,1
round2,13.9,1,2
round2,14,0.817,1
round2,14,0.845,1
round2,14,0.875,1
round2,14,0.925,3
round2,14,0.961,1
round2,14,0.98,2
round2,14,1,2
round2,14.1,0.845,1
round2,14.1,0.86,1
round2,14.1,0.875,1
round2,14.1,0.907,2
round2,14.1,0.925,1
round2,14.1,0.961,1
round2,14.1,1,1
round2,14.2,0.803,1
round2,14.2,0.845,1
round2,14.2,0.891,1
round2,14.2,0.925,1
round2,14.2,0.98,1
round2,14.2,1,2
round2,14.3,0.86,1
round2,14.3,0.925,2
round2,14.3,0.942,2
round2,14.3,1,4
round2,14.4,0.71,1
round2,14.4,0.778,1
round2,14.4,0.803,1
round2,14.4,0.817,1
round2,14.4,0.86,1
round2,14.4,0.891,2
round2,14.4,0.907,1
round2,14.4,0.942,1
round2,14.4,0.961,1
round2,14.4,1,2
round2,14.5,0.778,1
round2,14.5,0.875,1
round2,14.5,0.907,1
round2,14.5,0.925,3
round2,14.5,0.942,2
round2,14.5,0.961,1
round2,14.5,1,1
round2,14.6,0.831,1
round2,14.6,0.845,1
round2,14.6,0.86,1
round2,14.6,0.891,3
round2,14.6,0.925,1
round2,14.6,0.942,2
round2,14.6,1,1
round2,14.7,0.778,1
round2,14.7,0.86,1
round2,14.7,0.907,2
round2,14.7,0.925,1
round2,14.7,1,1
round2,14.8,0.86,1
round2,14.8,0.875,1
round2,14.8,0.891,1
round2,14.8,0.925,4
round2,14.8,0.942,1
round2,14.8,0.98,1
round2,14.9,0.845,2
round2,14.9,0.86,1
round2,14.9,0.875,3
round2,14.9,0.891,2
round2,14.9,0.907,3
round2,14.9,0.925,2
round2,14.9,0.942,1
round2,15,0.845,1
round2,15,0.86,1
round2,15,0.875,1
round2,15,0.891,1
round2,15,0.942,2
round2,15,0.961,3
round2,15,1,2
round2,15.1,0.831,1
round2,15.1,0.845,2
round2,15.1,0.86,2
round2,15.1,0.875,1
round2,15.1,0.891,2
round2,15.1,0.907,2
round2,15.1,0.925,1
round2,15.1,0.942,1
round2,15.1,0.961,2
round2,15.1,0.98,1
round2,15.1,1,2
round2,15.2,0.803,1
round2,15.2,0.831,1
round2,15.2,0.907,1
round2,15.2,0.925,1
round2,15.2,0.942,2
round2,15.2,0.961,1
round2,15.2,0.98,1
round2,15.2,1,1
round2,15.3,0.803,1
round2,15.3,0.831,2
round2,15.3,0.891,3
round2,15.3,0.907,1
round2,15.3,0.925,1
round2,15.3,1,1
round2,15.4,0.817,1
round2,15.4,0.831,1
round2,15.4,0.875,1
round2,15.4,0.907,1
round2,15.4,0.925,2
round2,15.4,0.942,1
round2,15.4,0.98,1
round2,15.4,1,1
round2,15.5,0.766,1
round2,15.5,0.803,1
round2,15.5,0.845,3
round2,15.5,0.86,1
round2,15.5,0.875,1
round2,15.5,0.907,2
round2,15.5,0.925,2
round2,15.5,0.942,2
round2,15.5,0.961,1
round2,15.5,0.98,2
round2,15.5,1,6
round2,15.6,0.79,1
round2,15.6,0.86,2
round2,15.6,0.875,1
round2,15.6,0.925,2
round2,15.6,0.942,2
round2,15.6,0.961,1
round2,15.6,1,5
round2,15.7,0.671,1
round2,15.7,0.778,1
round2,15.7,0.79,1
round2,15.7,0.803,1
round2,15.7,0.817,1
round2,15.7,0.831,1
round2,15.7,0.845,1
round2,15.7,0.86,3
round2,15.7,0.875,1
round2,15.7,0.907,1
round2,15.7,0.925,1
round2,15.7,0.942,1
round2,15.7,0.961,1
round2,15.7,0.98,2
round2,15.7,1,1
round2,15.8,0.598,1
round2,15.8,0.79,1
round2,15.8,0.831,1
round2,15.8,0.875,2
round2,15.8,0.907,1
round2,15.8,0.925,1
round2,15.8,0.942,1
round2,15.8,0.961,2
round2,15.8,1,5
round2,15.9,0.86,1
round2,15.9,0.875,1
round2,15.9,0.907,2
round2,15.9,0.942,1
round2,15.9,0.98,2
round2,15.9,1,4
round2,16,0.721,1
round2,16,0.803,1
round2,16,0.86,1
round2,16,0.925,6
round2,16,0.942,2
round2,16,0.961,1
round2,16,0.98,1
round2,16.1,0.721,1
round2,16.1,0.79,1
round2,16.1,0.803,1
round2,16.1,0.831,1
round2,16.1,0.891,1
round2,16.1,0.907,1
round2,16.1,0.925,2
round2,16.1,0.942,2
round2,16.1,0.961,1
round2,16.1,1,5
round2,16.2,0.742,1
round2,16.2,0.817,2
round2,16.2,0.86,2
round2,16.2,0.875,1
round2,16.2,0.891,2
round2,16.2,0.907,1
round2,16.2,0.925,3
round2,16.2,0.942,1
round2,16.2,1,2
round2,16.3,0.86,2
round2,16.3,0.875,1
round2,16.3,0.891,3
round2,16.3,0.925,1
round2,16.3,0.942,2
round2,16.3,0.961,1
round2,16.3,1,1
round2,16.4,0.803,1
round2,16.4,0.845,1
round2,16.4,0.875,1
round2,16.4,0.907,1
round2,16.4,0.942,2
round2,16.4,0.961,1
round2,16.4,1,3
round2,16.5,0.754,1
round2,16.5,0.79,1
round2,16.5,0.803,2
round2,16.5,0.86,1
round2,16.5,0.907,2
round2,16.5,0.925,1
round2,16.5,0.942,4
round2,16.5,1,3
round2,16.6,0.71,1
round2,16.6,0.845,2
round2,16.6,0.86,2
round2,16.6,0.875,2
round2,16.6,0.891,2
round2,16.6,0.907,1
round2,16.6,0.925,1
round2,16.6,0.98,1
round2,16.6,1,1
round2,16.7,0.803,1
round2,16.7,0.86,2
round2,16.7,0.875,1
round2,16.7,0.907,2
round2,16.7,0.925,1
round2,16.7,0.942,1
round2,16.7,1,3
round2,16.8,0.817,1
round2,16.8,0.831,1
round2,16.8,0.86,4
round2,16.8,0.875,1
round2,16.8,0.891,1
round2,16.8,0.907,1
round2,16.8,0.925,3
round2,16.8,0.942,2
round2,16.8,1,1
round2,16.9,0.662,1
round2,16.9,0.681,1
round2,16.9,0.766,2
round2,16.9,0.79,1
round2,16.9,0.817,3
round2,16.9,0.831,1
round2,16.9,0.845,1
round2,16.9,0.891,1
round2,16.9,0.907,1
round2,16.9,0.925,2
round2,16.9,0.942,2
round2,16.9,0.961,1
round2,16.9,0.98,1
round2,16.9,1,4
round2,17,0.671,1
round2,17,0.731,1
round2,17,0.817,2
round2,17,0.831,2
round2,17,0.845,1
round2,17,0.86,1
round2,17,0.875,2
round2,17,0.891,1
round2,17,0.907,1
round2,17,0.925,3
round2,17,0.942,2
round2,17,0.961,1
round2,17,0.98,1
round2,17,1,5
round2,17.1,0.754,1
round2,17.1,0.817,1
round2,17.1,0.831,1
round2,17.1,0.845,1
round2,17.1,0.86,2
round2,17.1,0.875,3
round2,17.1,0.891,4
round2,17.1,0.907,3
round2,17.1,0.925,1
round2,17.1,0.942,3
round2,17.1,0.961,1
round2,17.1,0.98,1
round2,17.1,1,4
round2,17.2,0.754,1
round2,17.2,0.79,1
round2,17.2,0.817,1
round2,17.2,0.831,1
round2,17.2,0.845,1
round2,17.2,0.875,4
round2,17.2,0.891,1
round2,17.2,0.925,5
round2,17.2,0.942,2
round2,17.2,1,6
round2,17.3,0.817,1
round2,17.3,0.831,1
round2,17.3,0.845,2
round2,17.3,0.875,4
round2,17.3,0.891,3
round2,17.3,0.907,2
round2,17.3,0.925,3
round2,17.3,0.961,2
round2,17.3,1,5
round2,17.4,0.778,1
round2,17.4,0.817,1
round2,17.4,0.831,2
round2,17.4,0.845,1
round2,17.4,0.875,1
round2,17.4,0.907,3
round2,17.4,0.925,1
round2,17.4,0.961,1
round2,17.4,0.98,2
round2,17.5,0.59,1
round2,17.5,0.778,1
round2,17.5,0.79,1
round2,17.5,0.803,1
round2,17.5,0.817,3
round2,17.5,0.831,1
round2,17.5,0.845,2
round2,17.5,0.86,3
round2,17.5,0.875,1
round2,17.5,0.891,2
round2,17.5,0.907,4
round2,17.5,0.925,3
round2,17.5,0.942,5
round2,17.5,0.961,2
round2,17.5,0.98,1
round2,17.5,1,2
round2,17.6,0.79,1
round2,17.6,0.817,1
round2,17.6,0.831,3
round2,17.6,0.86,3
round2,17.6,0.875,2
round2,17.6,0.891,1
round2,17.6,0.907,1
round2,17.6,0.925,3
round2,17.6,0.942,1
round2,17.6,0.98,2
round2,17.6,1,4
round2,17.7,0.766,1
round2,17.7,0.831,1
round2,17.7,0.86,2
round2,17.7,0.891,3
round2,17.7,0.907,3
round2,17.7,0.925,3
round2,17.7,0.942,1
round2,17.7,1,2
round2,17.8,0.662,1
round2,17.8,0.69,1
round2,17.8,0.845,3
round2,17.8,0.86,1
round2,17.8,0.875,1
round2,17.8,0.891,3
round2,17.8,0.907,2
round2,17.8,0.925,4
round2,17.8,0.942,1
round2,17.8,0.961,1
round2,17.8,1,7
round2,17.9,0.778,1
round2,17.9,0.79,1
round2,17.9,0.831,2
round2,17.9,0.86,1
round2,17.9,0.875,1
round2,17.9,0.907,3
round2,17.9,0.925,2
round2,17.9,0.942,1
round2,17.9,0.98,1
round2,17.9,1,2
round2,18,0.754,1
round2,18,0.766,1
round2,18,0.778,1
round2,18,0.79,1
round2,18,0.817,1
round2,18,0.845,2
round2,18,0.875,1
round2,18,0.891,2
round2,18,0.907,4
round2,18,0.925,1
round2,18,0.942,2
round2,18,0.961,1
round2,18,0.98,1
round2,18,1,4
round2,18.1,0.766,1
round2,18.1,0.79,1
round2,18.1,0.817,1
round2,18.1,0.831,1
round2,18.1,0.845,3
round2,18.1,0.875,2
round2,18.1,0.891,2
round2,18.1,0.907,4
round2,18.1,0.925,6
round2,18.1,0.942,3
round2,18.1,0.98,1
round2,18.1,1,3
round2,18.2,0.754,1
round2,18.2,0.766,1
round2,18.2,0.778,3
round2,18.2,0.79,1
round2,18.2,0.831,1
round2,18.2,0.86,3
round2,18.2,0.875,2
round2,18.2,0.907,2
round2,18.2,0.925,4
round2,18.2,0.942,3
round2,18.2,1,1
round2,18.3,0.79,1
round2,18.3,0.817,3
round2,18.3,0.831,1
round2,18.3,0.845,1
round2,18.3,0.86,1
round2,18.3,0.875,2
round2,18.3,0.891,1
round2,18.3,0.907,2
round2,18.3,0.925,5
round2,18.3,0.942,3
round2,18.3,0.961,1
round2,18.3,0.98,1
round2,18.3,1,4
round2,18.4,0.778,1
round2,18.4,0.803,1
round2,18.4,0.817,2
round2,18.4,0.831,1
round2,18.4,0.845,2
round2,18.4,0.875,2
round2,18.4,0.891,3
round2,18.4,0.907,2
round2,18.4,0.925,3
round2,18.4,0.942,1
round2,18.4,0.961,3
round2,18.4,0.98,1
round2,18.4,1,2
round2,18.5,0.671,1
round2,18.5,0.754,2
round2,18.5,0.766,1
round2,18.5,0.778,1
round2,18.5,0.803,1
round2,18.5,0.817,2
round2,18.5,0.845,1
round2,18.5,0.86,4
round2,18.5,0.875,1
round2,18.5,0.891,3
round2,18.5,0.907,3
round2,18.5,0.925,1
round2,18.5,0.942,2
round2,18.5,0.98,2
round2,18.5,1,8
round2,18.6,0.766,1
round2,18.6,0.778,1
round2,18.6,0.817,2
round2,18.6,0.831,3
round2,18.6,0.845,2
round2,18.6,0.86,1
round2,18.6,0.875,5
round2,18.6,0.907,3
round2,18.6,0.925,4
round2,18.6,0.942,2
round2,18.6,0.961,1
round2,18.6,1,5
round2,18.7,0.681,1
round2,18.7,0.778,1
round2,18.7,0.79,2
round2,18.7,0.817,3
round2,18.7,0.831,3
round2,18.7,0.86,1
round2,18.7,0.875,1
round2,18.7,0.891,2
round2,18.7,0.907,1
round2,18.7,0.925,5
round2,18.7,0.942,5
round2,18.7,0.98,1
round2,18.7,1,4
round2,18.8,0.754,1
round2,18.8,0.79,1
round2,18.8,0.817,2
round2,18.8,0.831,2
round2,18.8,0.845,2
round2,18.8,0.86,2
round2,18.8,0.875,1
round2,18.8,0.891,2
round2,18.8,0.907,3
round2,18.8,0.925,5
round2,18.8,0.942,1
round2,18.8,0.98,3
round2,18.8,1,2
round2,18.9,0.778,2
round2,18.9,0.803,2
round2,18.9,0.845,3
round2,18.9,0.86,3
round2,18.9,0.875,2
round2,18.9,0.891,3
round2,18.9,0.907,1
round2,18.9,0.925,2
round2,18.9,0.942,5
round2,18.9,0.961,2
round2,18.9,1,5
round2,19,0.742,1
round2,19,0.817,3
round2,19,0.831,2
round2,19,0.845,2
round2,19,0.86,2
round2,19,0.891,2
round2,19,0.907,6
round2,19,0.925,4
round2,19,0.942,2
round2,19,1,4
round2,19.1,0.731,1
round2,19.1,0.766,1
round2,19.1,0.778,1
round2,19.1,0.79,1
round2,19.1,0.803,2
round2,19.1,0.817,1
round2,19.1,0.831,1
round2,19.1,0.845,2
round2,19.1,0.86,1
round2,19.1,0.875,3
round2,19.1,0.891,2
round2,19.1,0.907,2
round2,19.1,0.925,4
round2,19.1,0.942,2
round2,19.1,1,5
round2,19.2,0.731,1
round2,19.2,0.766,2
round2,19.2,0.778,2
round2,19.2,0.79,1
round2,19.2,0.817,1
round2,19.2,0.845,1
round2,19.2,0.86,1
round2,19.2,0.875,4
round2,19.2,0.891,2
round2,19.2,0.925,4
round2,19.2,0.961,1
round2,19.2,0.98,1
round2,19.2,1,3
round2,19.3,0.62,1
round2,19.3,0.731,1
round2,19.3,0.831,2
round2,19.3,0.845,2
round2,19.3,0.86,2
round2,19.3,0.875,1
round2,19.3,0.907,1
round2,19.3,0.925,2
round2,19.3,0.942,4
round2,19.3,0.961,1
round2,19.3,1,7
round2,19.4,0.766,1
round2,19.4,0.79,3
round2,19.4,0.803,4
round2,19.4,0.817,1
round2,19.4,0.845,2
round2,19.4,0.86,2
round2,19.4,0.875,1
round2,19.4,0.891,2
round2,19.4,0.907,4
round2,19.4,0.925,1
round2,19.4,0.942,1
round2,19.4,0.961,3
round2,19.4,0.98,1
round2,19.4,1,5
round2,19.5,0.766,1
round2,19.5,0.778,1
round2,19.5,0.803,1
round2,19.5,0.817,1
round2,19.5,0.831,1
round2,19.5,0.86,1
round2,19.5,0.875,2
round2,19.5,0.891,2
round2,19.5,0.907,2
round2,19.5,0.942,3
round2,19.5,0.961,2
round2,19.5,1,6
round2,19.6,0.766,1
round2,19.6,0.778,1
round2,19.6,0.79,1
round2,19.6,0.831,1
round2,19.6,0.845,1
round2,19.6,0.875,2
round2,19.6,0.891,2
round2,19.6,0.907,1
round2,19.6,0.925,3
round2,19.6,0.942,3
round2,19.6,0.961,3
round2,19.6,1,3
round2,19.7,0.766,1
round2,19.7,0.817,4
round2,19.7,0.831,2
round2,19.7,0.845,4
round2,19.7,0.86,1
round2,19.7,0.875,2
round2,19.7,0.907,6
round2,19.7,0.925,6
round2,19.7,0.942,3
round2,19.7,0.961,2
round2,19.7,0.98,1
round2,19.7,1,7
round2,19.8,0.766,1
round2,19.8,0.79,1
round2,19.8,0.817,2
round2,19.8,0.831,1
round2,19.8,0.845,2
round2,19.8,0.86,2
round2,19.8,0.907,1
round2,19.8,0.925,3
round2,19.8,0.942,1
round2,19.8,0.961,1
round2,19.8,0.98,1
round2,19.8,1,5
round2,19.9,0.766,2
round2,19.9,0.79,1
round2,19.9,0.831,2
round2,19.9,0.845,2
round2,19.9,0.86,3
round2,19.9,0.875,5
round2,19.9,0.907,3
round2,19.9,0.925,12
round2,19.9,0.942,4
round2,19.9,0.961,2
round2,19.9,0.98,3
round2,19.9,1,2
round2,20,0.636,1
round2,20,0.754,1
round2,20,0.803,3
round2,20,0.817,1
round2,20,0.831,3
round2,20,0.845,1
round2,20,0.875,2
round2,20,0.891,3
round2,20,0.907,2
round2,20,0.925,2
round2,20,0.942,3
round2,20,0.961,1
round2,20,0.98,2
round2,20,1,3
round2,20.1,0.653,1
round2,20.1,0.766,1
round2,20.1,0.79,3
round2,20.1,0.817,3
round2,20.1,0.845,2
round2,20.1,0.875,3
round2,20.1,0.907,4
round2,20.1,0.925,3
round2,20.1,0.942,4
round2,20.1,0.961,1
round2,20.1,0.98,1
round2,20.1,1,6
round2,20.2,0.71,1
round2,20.2,0.731,1
round2,20.2,0.766,1
round2,20.2,0.803,1
round2,20.2,0.845,1
round2,20.2,0.86,4
round2,20.2,0.891,1
round2,20.2,0.907,4
round2,20.2,0.925,2
round2,20.2,0.942,2
round2,20.2,0.961,2
round2,20.2,0.98,1
round2,20.2,1,3
round2,20.3,0.742,1
round2,20.3,0.778,1
round2,20.3,0.79,1
round2,20.3,0.803,1
round2,20.3,0.817,3
round2,20.3,0.831,2
round2,20.3,0.845,1
round2,20.3,0.86,2
round2,20.3,0.875,3
round2,20.3,0.907,1
round2,20.3,0.925,5
round2,20.3,0.942,1
round2,20.3,0.961,1
round2,20.3,1,3
round2,20.4,0.71,1
round2,20.4,0.766,2
round2,20.4,0.79,1
round2,20.4,0.803,1
round2,20.4,0.845,1
round2,20.4,0.86,2
round2,20.4,0.875,4
round2,20.4,0.891,5
round2,20.4,0.907,2
round2,20.4,0.942,7
round2,20.4,1,3
round2,20.5,0.742,1
round2,20.5,0.803,1
round2,20.5,0.831,2
round2,20.5,0.845,1
round2,20.5,0.86,2
round2,20.5,0.875,3
round2,20.5,0.891,3
round2,20.5,0.907,1
round2,20.5,0.925,2
round2,20.5,0.942,2
round2,20.5,0.961,2
round2,20.5,0.98,1
round2,20.5,1,2
round2,20.6,0.71,1
round2,20.6,0.778,1
round2,20.6,0.803,1
round2,20.6,0.817,2
round2,20.6,0.831,3
round2,20.6,0.845,3
round2,20.6,0.875,4
round2,20.6,0.891,4
round2,20.6,0.925,5
round2,20.6,0.942,2
round2,20.6,0.961,2
round2,20.6,1,2
round2,20.7,0.831,2
round2,20.7,0.845,5
round2,20.7,0.86,6
round2,20.7,0.875,6
round2,20.7,0.891,2
round2,20.7,0.907,3
round2,20.7,0.925,4
round2,20.7,0.942,3
round2,20.7,0.961,1
round2,20.7,1,4
round2,20.8,0.731,2
round2,20.8,0.766,1
round2,20.8,0.778,2
round2,20.8,0.817,6
round2,20.8,0.845,1
round2,20.8,0.86,2
round2,20.8,0.875,2
round2,20.8,0.891,4
round2,20.8,0.907,6
round2,20.8,0.925,2
round2,20.8,0.942,3
round2,20.8,0.961,1
round2,20.8,0.98,2
round2,20.8,1,6
round2,20.9,0.7,1
round2,20.9,0.79,1
round2,20.9,0.803,1
round2,20.9,0.817,2
round2,20.9,0.845,3
round2,20.9,0.86,3
round2,20.9,0.875,4
round2,20.9,0.891,1
round2,20.9,0.907,3
round2,20.9,0.925,2
round2,20.9,0.942,4
round2,20.9,0.961,4
round2,20.9,0.98,1
round2,20.9,1,3
round2,21,0.766,1
round2,21,0.778,1
round2,21,0.79,1
round2,21,0.803,1
round2,21,0.817,1
round2,21,0.845,1
round2,21,0.86,3
round2,21,0.875,2
round2,21,0.907,2
round2,21,0.925,5
round2,21,0.942,1
round2,21,1,6
round2,21.1,0.731,1
round2,21.1,0.803,2
round2,21.1,0.817,2
round2,21.1,0.831,2
round2,21.1,0.845,3
round2,21.1,0.86,2
round2,21.1,0.875,2
round2,21.1,0.891,2
round2,21.1,0.907,5
round2,21.1,0.925,6
round2,21.1,0.942,1
round2,21.1,0.961,1
round2,21.1,0.98,2
round2,21.1,1,10
round2,21.2,0.721,1
round2,21.2,0.742,1
round2,21.2,0.79,2
round2,21.2,0.817,3
round2,21.2,0.831,2
round2,21.2,0.845,3
round2,21.2,0.875,2
round2,21.2,0.891,2
round2,21.2,0.907,3
round2,21.2,0.925,5
round2,21.2,0.942,4
round2,21.2,0.961,5
round2,21.2,0.98,1
round2,21.2,1,6
round2,21.3,0.742,1
round2,21.3,0.803,1
round2,21.3,0.817,1
round2,21.3,0.86,5
round2,21.3,0.875,3
round2,21.3,0.891,3
round2,21.3,0.907,4
round2,21.3,0.925,6
round2,21.3,0.942,1
round2,21.3,0.961,1
round2,21.3,0.98,2
round2,21.3,1,5
round2,21.4,0.742,2
round2,21.4,0.766,3
round2,21.4,0.778,1
round2,21.4,0.79,1
round2,21.4,0.803,1
round2,21.4,0.817,2
round2,21.4,0.831,3
round2,21.4,0.845,2
round2,21.4,0.86,3
round2,21.4,0.875,1
round2,21.4,0.891,4
round2,21.4,0.907,2
round2,21.4,0.925,3
round2,21.4,0.961,3
round2,21.4,0.98,1
round2,21.4,1,4
round2,21.5,0.721,1
round2,21.5,0.778,1
round2,21.5,0.79,2
round2,21.5,0.817,3
round2,21.5,0.831,1
round2,21.5,0.845,5
round2,21.5,0.875,5
round2,21.5,0.891,1
round2,21.5,0.907,3
round2,21.5,0.925,3
round2,21.5,0.942,2
round2,21.5,0.961,1
round2,21.5,1,5
round2,21.6,0.766,1
round2,21.6,0.803,1
round2,21.6,0.817,1
round2,21.6,0.831,4
round2,21.6,0.845,2
round2,21.6,0.86,4
round2,21.6,0.875,5
round2,21.6,0.891,6
round2,21.6,0.907,2
round2,21.6,0.925,4
round2,21.6,0.942,2
round2,21.6,0.961,3
round2,21.6,0.98,1
round2,21.6,1,9
round2,21.7,0.7,2
round2,21.7,0.731,1
round2,21.7,0.778,1
round2,21.7,0.803,1
round2,21.7,0.817,1
round2,21.7,0.831,3
round2,21.7,0.845,2
round2,21.7,0.86,2
round2,21.7,0.875,1
round2,21.7,0.891,1
round2,21.7,0.907,6
round2,21.7,0.925,6
round2,21.7,0.942,1
round2,21.7,1,2
round2,21.8,0.742,1
round2,21.8,0.803,1
round2,21.8,0.817,1
round2,21.8,0.831,1
round2,21.8,0.845,5
round2,21.8,0.875,2
round2,21.8,0.907,3
round2,21.8,0.925,5
round2,21.8,0.961,3
round2,21.8,1,3
round2,21.9,0.681,1
round2,21.9,0.803,1
round2,21.9,0.831,1
round2,21.9,0.845,2
round2,21.9,0.86,3
round2,21.9,0.875,3
round2,21.9,0.907,1
round2,21.9,0.925,7
round2,21.9,0.942,4
round2,21.9,0.961,2
round2,21.9,0.98,1
round2,21.9,1,5
round2,22,0.628,1
round2,22,0.742,1
round2,22,0.754,1
round2,22,0.766,1
round2,22,0.778,1
round2,22,0.79,2
round2,22,0.803,1
round2,22,0.817,4
round2,22,0.831,2
round2,22,0.86,6
round2,22,0.875,4
round2,22,0.891,2
round2,22,0.907,2
round2,22,0.925,3
round2,22,0.942,5
round2,22,0.961,2
round2,22,0.98,1
round2,22,1,4
round2,22.1,0.681,1
round2,22.1,0.721,1
round2,22.1,0.731,1
round2,22.1,0.742,1
round2,22.1,0.817,5
round2,22.1,0.831,1
round2,22.1,0.845,1
round2,22.1,0.86,2
round2,22.1,0.891,1
round2,22.1,0.907,2
round2,22.1,0.925,6
round2,22.1,0.942,4
round2,22.1,0.961,4
round2,22.1,0.98,1
round2,22.1,1,7
round2,22.2,0.731,1
round2,22.2,0.79,2
round2,22.2,0.803,1
round2,22.2,0.831,3
round2,22.2,0.845,2
round2,22.2,0.875,2
round2,22.2,0.891,3
round2,22.2,0.907,3
round2,22.2,0.925,3
round2,22.2,0.942,6
round2,22.2,0.961,2
round2,22.2,1,2
round2,22.3,0.803,2
round2,22.3,0.817,2
round2,22.3,0.831,3
round2,22.3,0.845,2
round2,22.3,0.86,2
round2,22.3,0.875,3
round2,22.3,0.891,1
round2,22.3,0.907,6
round2,22.3,0.925,5
round2,22.3,0.942,7
round2,22.3,1,6
round2,22.4,0.742,1
round2,22.4,0.766,2
round2,22.4,0.79,2
round2,22.4,0.803,3
round2,22.4,0.817,3
round2,22.4,0.845,3
round2,22.4,0.86,5
round2,22.4,0.875,1
round2,22.4,0.891,1
round2,22.4,0.907,6
round2,22.4,0.925,6
round2,22.4,0.942,3
round2,22.4,0.961,2
round2,22.4,1,7
round2,22.5,0.653,1
round2,22.5,0.71,1
round2,22.5,0.742,1
round2,22.5,0.766,2
round2,22.5,0.79,3
round2,22.5,0.803,1
round2,22.5,0.845,2
round2,22.5,0.86,3
round2,22.5,0.875,3
round2,22.5,0.891,2
round2,22.5,0.907,3
round2,22.5,0.925,7
round2,22.5,0.942,3
round2,22.5,0.961,2
round2,22.5,0.98,2
round2,22.5,1,5
round2,22.6,0.7,1
round2,22.6,0.731,1
round2,22.6,0.766,1
round2,22.6,0.817,1
round2,22.6,0.831,1
round2,22.6,0.845,1
round2,22.6,0.86,1
round2,22.6,0.875,4
round2,22.6,0.891,1
round2,22.6,0.907,3
round2,22.6,0.925,5
round2,22.6,0.942,1
round2,22.6,0.961,5
round2,22.6,0.98,1
round2,22.6,1,8
round2,22.7,0.817,1
round2,22.7,0.831,2
round2,22.7,0.845,2
round2,22.7,0.86,2
round2,22.7,0.875,3
round2,22.7,0.891,2
round2,22.7,0.907,4
round2,22.7,0.925,6
round2,22.7,0.942,2
round2,22.7,0.961,1
round2,22.7,1,6
round2,22.8,0.721,2
round2,22.8,0.742,1
round2,22.8,0.754,2
round2,22.8,0.766,1
round2,22.8,0.778,1
round2,22.8,0.803,2
round2,22.8,0.817,3
round2,22.8,0.831,2
round2,22.8,0.845,5
round2,22.8,0.86,1
round2,22.8,0.875,5
round2,22.8,0.891,3
round2,22.8,0.907,4
round2,22.8,0.925,8
round2,22.8,0.942,1
round2,22.8,0.961,1
round2,22.8,1,4
round2,22.9,0.653,1
round2,22.9,0.721,1
round2,22.9,0.754,1
round2,22.9,0.778,1
round2,22.9,0.803,1
round2,22.9,0.817,1
round2,22.9,0.831,2
round2,22.9,0.845,4
round2,22.9,0.86,3
round2,22.9,0.875,2
round2,22.9,0.891,2
round2,22.9,0.907,2
round2,22.9,0.925,5
round2,22.9,0.942,4
round2,22.9,0.98,2
round2,22.9,1,5
round2,23,0.662,1
round2,23,0.681,1
round2,23,0.742,1
round2,23,0.754,1
round2,23,0.803,2
round2,23,0.817,2
round2,23,0.831,1
round2,23,0.86,3
round2,23,0.875,3
round2,23,0.891,4
round2,23,0.925,8
round2,23,0.942,3
round2,23,0.961,2
round2,23,0.98,2
round2,23,1,7
round2,23.1,0.731,1
round2,23.1,0.754,4
round2,23.1,0.778,1
round2,23.1,0.803,7
round2,23.1,0.817,1
round2,23.1,0.831,3
round2,23.1,0.845,3
round2,23.1,0.86,2
round2,23.1,0.875,4
round2,23.1,0.891,7
round2,23.1,0.907,4
round2,23.1,0.925,3
round2,23.1,0.942,5
round2,23.1,0.961,1
round2,23.1,0.98,1
round2,23.1,1,8
round2,23.2,0.731,1
round2,23.2,0.79,2
round2,23.2,0.803,2
round2,23.2,0.831,1
round2,23.2,0.845,5
round2,23.2,0.86,4
round2,23.2,0.875,4
round2,23.2,0.907,3
round2,23.2,0.925,7
round2,23.2,0.942,4
round2,23.2,0.961,1
round2,23.2,0.98,2
round2,23.2,1,4
round2,23.3,0.731,1
round2,23.3,0.778,1
round2,23.3,0.803,1
round2,23.3,0.817,2
round2,23.3,0.831,4
round2,23.3,0.845,2
round2,23.3,0.86,4
round2,23.3,0.875,3
round2,23.3,0.891,2
round2,23.3,0.907,4
round2,23.3,0.925,5
round2,23.3,0.942,6
round2,23.3,0.961,2
round2,23.3,0.98,2
round2,23.3,1,9
round2,23.4,0.59,1
round2,23.4,0.721,1
round2,23.4,0.731,1
round2,23.4,0.766,1
round2,23.4,0.778,1
round2,23.4,0.817,1
round2,23.4,0.831,1
round2,23.4,0.845,1
round2,23.4,0.86,3
round2,23.4,0.875,1
round2,23.4,0.891,2
round2,23.4,0.907,4
round2,23.4,0.925,4
round2,23.4,0.942,5
round2,23.4,0.961,1
round2,23.4,0.98,1
round2,23.4,1,7
round2,23.5,0.742,1
round2,23.5,0.754,2
round2,23.5,0.766,1
round2,23.5,0.778,1
round2,23.5,0.79,1
round2,23.5,0.803,1
round2,23.5,0.817,2
round2,23.5,0.845,1
round2,23.5,0.86,3
round2,23.5,0.875,5
round2,23.5,0.891,4
round2,23.5,0.907,2
round2,23.5,0.925,4
round2,23.5,0.942,2
round2,23.5,1,1
round2,23.6,0.645,1
round2,23.6,0.681,1
round2,23.6,0.721,1
round2,23.6,0.731,1
round2,23.6,0.754,1
round2,23.6,0.766,1
round2,23.6,0.778,1
round2,23.6,0.79,1
round2,23.6,0.803,1
round2,23.6,0.817,4
round2,23.6,0.86,1
round2,23.6,0.875,5
round2,23.6,0.891,6
round2,23.6,0.907,2
round2,23.6,0.925,8
round2,23.6,0.942,1
round2,23.6,0.961,1
round2,23.6,1,7
round2,23.7,0.645,1
round2,23.7,0.653,1
round2,23.7,0.731,1
round2,23.7,0.778,2
round2,23.7,0.79,1
round2,23.7,0.803,1
round2,23.7,0.831,2
round2,23.7,0.845,4
round2,23.7,0.86,2
round2,23.7,0.875,4
round2,23.7,0.891,3
round2,23.7,0.907,3
round2,23.7,0.925,1
round2,23.7,0.942,3
round2,23.7,0.961,1
round2,23.7,0.98,1
round2,23.7,1,4
round2,23.8,0.662,1
round2,23.8,0.71,1
round2,23.8,0.766,2
round2,23.8,0.778,2
round2,23.8,0.817,2
round2,23.8,0.831,2
round2,23.8,0.845,3
round2,23.8,0.86,3
round2,23.8,0.875,7
round2,23.8,0.891,7
round2,23.8,0.907,4
round2,23.8,0.925,8
round2,23.8,0.942,1
round2,23.8,0.961,3
round2,23.8,1,5
round2,23.9,0.653,1
round2,23.9,0.721,1
round2,23.9,0.778,2
round2,23.9,0.79,1
round2,23.9,0.803,3
round2,23.9,0.817,3
round2,23.9,0.831,3
round2,23.9,0.845,1
round2,23.9,0.86,2
round2,23.9,0.875,3
round2,23.9,0.891,1
round2,23.9,0.907,3
round2,23.9,0.925,5
round2,23.9,0.942,3
round2,23.9,0.98,2
round2,23.9,1,3
round2,24,0.62,1
round2,24,0.71,1
round2,24,0.721,1
round2,24,0.754,1
round2,24,0.766,3
round2,24,0.79,2
round2,24,0.803,1
round2,24,0.817,4
round2,24,0.831,3
round2,24,0.845,5
round2,24,0.86,1
round2,24,0.875,6
round2,24,0.891,4
round2,24,0.907,1
round2,24,0.925,8
round2,24,0.942,5
round2,24,0.961,2
round2,24,1,7
round2,24.1,0.71,1
round2,24.1,0.721,1
round2,24.1,0.731,1
round2,24.1,0.742,2
round2,24.1,0.754,1
round2,24.1,0.778,1
round2,24.1,0.79,2
round2,24.1,0.803,3
round2,24.1,0.817,1
round2,24.1,0.831,2
round2,24.1,0.845,2
round2,24.1,0.86,2
round2,24.1,0.875,4
round2,24.1,0.891,2
round2,24.1,0.907,4
round2,24.1,0.925,7
round2,24.1,0.942,3
round2,24.1,0.961,2
round2,24.1,0.98,2
round2,24.1,1,5
round2,24.2,0.742,1
round2,24.2,0.754,2
round2,24.2,0.778,1
round2,24.2,0.79,1
round2,24.2,0.817,2
round2,24.2,0.831,4
round2,24.2,0.845,4
round2,24.2,0.86,4
round2,24.2,0.875,5
round2,24.2,0.907,4
round2,24.2,0.925,8
round2,24.2,0.942,4
round2,24.2,0.961,3
round2,24.2,0.98,1
round2,24.2,1,5
round2,24.3,0.653,1
round2,24.3,0.742,1
round2,24.3,0.766,1
round2,24.3,0.79,1
round2,24.3,0.803,4
round2,24.3,0.817,3
round2,24.3,0.831,3
round2,24.3,0.845,2
round2,24.3,0.86,3
round2,24.3,0.875,2
round2,24.3,0.891,1
round2,24.3,0.907,8
round2,24.3,0.925,3
round2,24.3,0.942,4
round2,24.3,0.961,2
round2,24.3,0.98,1
round2,24.3,1,2
round2,24.4,0.731,1
round2,24.4,0.766,1
round2,24.4,0.778,1
round2,24.4,0.817,2
round2,24.4,0.831,2
round2,24.4,0.845,3
round2,24.4,0.86,3
round2,24.4,0.875,3
round2,24.4,0.891,4
round2,24.4,0.907,2
round2,24.4,0.925,6
round2,24.4,0.942,4
round2,24.4,0.961,5
round2,24.4,0.98,1
round2,24.4,1,2
round2,24.5,0.613,1
round2,24.5,0.636,1
round2,24.5,0.71,1
round2,24.5,0.766,1
round2,24.5,0.778,2
round2,24.5,0.79,2
round2,24.5,0.803,1
round2,24.5,0.831,3
round2,24.5,0.845,5
round2,24.5,0.86,5
round2,24.5,0.875,1
round2,24.5,0.891,5
round2,24.5,0.907,3
round2,24.5,0.925,6
round2,24.5,0.942,6
round2,24.5,0.961,2
round2,24.5,0.98,1
round2,24.5,1,4
round2,24.6,0.766,1
round2,24.6,0.778,1
round2,24.6,0.79,1
round2,24.6,0.803,1
round2,24.6,0.817,2
round2,24.6,0.831,1
round2,24.6,0.845,1
round2,24.6,0.86,3
round2,24.6,0.875,4
round2,24.6,0.891,4
round2,24.6,0.907,3
round2,24.6,0.925,5
round2,24.6,0.942,4
round2,24.6,0.961,3
round2,24.6,0.98,1
round2,24.6,1,6
round2,24.7,0.62,1
round2,24.7,0.69,1
round2,24.7,0.721,1
round2,24.7,0.803,1
round2,24.7,0.817,1
round2,24.7,0.831,1
round2,24.7,0.845,3
round2,24.7,0.86,2
round2,24.7,0.875,2
round2,24.7,0.891,2
round2,24.7,0.907,5
round2,24.7,0.925,3
round2,24.7,0.942,5
round2,24.7,0.961,1
round2,24.7,0.98,2
round2,24.7,1,7
round2,24.8,0.662,1
round2,24.8,0.71,1
round2,24.8,0.742,1
round2,24.8,0.778,1
round2,24.8,0.79,5
round2,24.8,0.817,3
round2,24.8,0.831,3
round2,24.8,0.845,1
round2,24.8,0.86,2
round2,24.8,0.875,2
round2,24.8,0.891,4
round2,24.8,0.907,6
round2,24.8,0.925,8
round2,24.8,0.942,4
round2,24.8,0.961,2
round2,24.8,0.98,1
round2,24.8,1,6
round2,24.9,0.721,1
round2,24.9,0.742,2
round2,24.9,0.766,3
round2,24.9,0.778,2
round2,24.9,0.79,1
round2,24.9,0.817,4
round2,24.9,0.831,5
round2,24.9,0.845,3
round2,24.9,0.86,3
round2,24.9,0.875,4
round2,24.9,0.891,2
round2,24.9,0.907,2
round2,24.9,0.925,3
round2,24.9,0.942,5
round2,24.9,0.98,2
round2,24.9,1,4
round2,25,0.62,1
round2,25,0.636,1
round2,25,0.653,1
round2,25,0.69,1
round2,25,0.7,1
round2,25,0.721,1
round2,25,0.766,1
round2,25,0.79,1
round2,25,0.803,1
round2,25,0.817,1
round2,25,0.831,3
round2,25,0.845,3
round2,25,0.86,3
round2,25,0.875,2
round2,25,0.891,3
round2,25,0.907,11
round2,25,0.925,14
round2,25,0.942,1
round2,25,0.961,3
round2,25,1,3
round2,25.1,0.766,1
round2,25.1,0.79,1
round2,25.1,0.803,1
round2,25.1,0.817,3
round2,25.1,0.831,1
round2,25.1,0.845,7
round2,25.1,0.86,5
round2,25.1,0.875,5
round2,25.1,0.891,3
round2,25.1,0.907,5
round2,25.1,0.925,5
round2,25.1,0.942,2
round2,25.1,0.961,1
round2,25.1,0.98,2
round2,25.1,1,2
round2,25.2,0.71,1
round2,25.2,0.731,1
round2,25.2,0.742,1
round2,25.2,0.817,4
round2,25.2,0.831,1
round2,25.2,0.845,2
round2,25.2,0.86,3
round2,25.2,0.875,1
round2,25.2,0.891,1
round2,25.2,0.907,3
round2,25.2,0.925,5
round2,25.2,0.942,4
round2,25.2,0.961,2
round2,25.2,1,8
round2,25.3,0.662,1
round2,25.3,0.671,1
round2,25.3,0.71,2
round2,25.3,0.721,1
round2,25.3,0.731,2
round2,25.3,0.754,1
round2,25.3,0.778,1
round2,25.3,0.79,2
round2,25.3,0.803,1
round2,25.3,0.817,2
round2,25.3,0.831,2
round2,25.3,0.845,3
round2,25.3,0.86,3
round2,25.3,0.875,1
round2,25.3,0.891,1
round2,25.3,0.907,4
round2,25.3,0.925,3
round2,25.3,0.942,4
round2,25.3,0.961,2
round2,25.3,0.98,3
round2,25.3,1,7
round2,25.4,0.5,1
round2,25.4,0.527,1
round2,25.4,0.778,4
round2,25.4,0.79,2
round2,25.4,0.803,2
round2,25.4,0.831,4
round2,25.4,0.845,2
round2,25.4,0.86,3
round2,25.4,0.875,3
round2,25.4,0.891,4
round2,25.4,0.907,3
round2,25.4,0.925,5
round2,25.4,0.942,7
round2,25.4,0.961,1
round2,25.4,0.98,2
round2,25.4,1,6
round2,25.5,0.71,1
round2,25.5,0.754,3
round2,25.5,0.766,2
round2,25.5,0.778,2
round2,25.5,0.79,2
round2,25.5,0.803,1
round2,25.5,0.817,1
round2,25.5,0.831,2
round2,25.5,0.845,2
round2,25.5,0.86,3
round2,25.5,0.875,2
round2,25.5,0.907,5
round2,25.5,0.925,12
round2,25.5,0.942,1
round2,25.5,0.961,4
round2,25.5,1,4
round2,25.6,0.7,1
round2,25.6,0.721,1
round2,25.6,0.731,2
round2,25.6,0.742,1
round2,25.6,0.766,2
round2,25.6,0.778,2
round2,25.6,0.79,2
round2,25.6,0.803,2
round2,25.6,0.817,6
round2,25.6,0.831,2
round2,25.6,0.845,4
round2,25.6,0.86,2
round2,25.6,0.875,2
round2,25.6,0.891,1
round2,25.6,0.907,1
round2,25.6,0.925,4
round2,25.6,0.942,2
round2,25.6,0.961,2
round2,25.6,0.98,2
round2,25.6,1,2
round2,25.7,0.742,1
round2,25.7,0.754,1
round2,25.7,0.79,1
round2,25.7,0.803,5
round2,25.7,0.817,2
round2,25.7,0.845,1
round2,25.7,0.86,3
round2,25.7,0.875,2
round2,25.7,0.891,4
round2,25.7,0.907,4
round2,25.7,0.925,6
round2,25.7,0.942,6
round2,25.7,0.961,4
round2,25.7,1,5
round2,25.8,0.662,1
round2,25.8,0.71,1
round2,25.8,0.721,1
round2,25.8,0.731,1
round2,25.8,0.754,1
round2,25.8,0.778,2
round2,25.8,0.79,2
round2,25.8,0.817,5
round2,25.8,0.831,2
round2,25.8,0.845,1
round2,25.8,0.86,3
round2,25.8,0.875,4
round2,25.8,0.891,3
round2,25.8,0.907,7
round2,25.8,0.925,3
round2,25.8,0.942,4
round2,25.8,0.961,2
round2,25.8,0.98,1
round2,25.8,1,3
round2,25.9,0.742,1
round2,25.9,0.766,1
round2,25.9,0.778,2
round2,25.9,0.79,1
round2,25.9,0.803,1
round2,25.9,0.817,7
round2,25.9,0.831,3
round2,25.9,0.845,4
round2,25.9,0.86,2
round2,25.9,0.875,3
round2,25.9,0.891,7
round2,25.9,0.907,3
round2,25.9,0.925,9
round2,25.9,0.942,1
round2,25.9,0.961,2
round2,25.9,1,6
round2,26,0.645,1
round2,26,0.742,1
round2,26,0.778,1
round2,26,0.803,2
round2,26,0.817,2
round2,26,0.86,3
round2,26,0.875,5
round2,26,0.891,3
round2,26,0.907,7
round2,26,0.925,8
round2,26,0.942,2
round2,26,0.961,3
round2,26,0.98,1
round2,26,1,6
round2,26.1,0.754,1
round2,26.1,0.766,1
round2,26.1,0.778,1
round2,26.1,0.79,4
round2,26.1,0.803,2
round2,26.1,0.817,1
round2,26.1,0.845,3
round2,26.1,0.86,1
round2,26.1,0.875,4
round2,26.1,0.891,5
round2,26.1,0.907,3
round2,26.1,0.925,5
round2,26.1,0.942,5
round2,26.1,0.961,3
round2,26.1,1,7
round2,26.2,0.636,1
round2,26.2,0.662,1
round2,26.2,0.69,2
round2,26.2,0.71,1
round2,26.2,0.721,1
round2,26.2,0.766,1
round2,26.2,0.79,1
round2,26.2,0.803,4
round2,26.2,0.817,3
round2,26.2,0.831,1
round2,26.2,0.845,2
round2,26.2,0.86,1
round2,26.2,0.875,3
round2,26.2,0.891,3
round2,26.2,0.907,7
round2,26.2,0.925,1
round2,26.2,0.942,5
round2,26.2,0.961,1
round2,26.2,1,7
round2,26.3,0.636,1
round2,26.3,0.69,1
round2,26.3,0.71,1
round2,26.3,0.754,1
round2,26.3,0.778,3
round2,26.3,0.803,1
round2,26.3,0.817,4
round2,26.3,0.831,4
round2,26.3,0.845,1
round2,26.3,0.86,4
round2,26.3,0.875,2
round2,26.3,0.891,2
round2,26.3,0.907,6
round2,26.3,0.925,10
round2,26.3,0.942,1
round2,26.3,0.98,1
round2,26.3,1,7
round2,26.4,0.636,1
round2,26.4,0.671,1
round2,26.4,0.71,1
round2,26.4,0.766,1
round2,26.4,0.79,1
round2,26.4,0.803,3
round2,26.4,0.817,3
round2,26.4,0.845,3
round2,26.4,0.86,5
round2,26.4,0.875,3
round2,26.4,0.891,1
round2,26.4,0.907,5
round2,26.4,0.925,8
round2,26.4,0.942,3
round2,26.4,0.961,2
round2,26.4,1,4
round2,26.5,0.671,1
round2,26.5,0.766,1
round2,26.5,0.778,2
round2,26.5,0.79,2
round2,26.5,0.817,1
round2,26.5,0.831,2
round2,26.5,0.845,5
round2,26.5,0.86,1
round2,26.5,0.875,3
round2,26.5,0.891,2
round2,26.5,0.907,6
round2,26.5,0.925,6
round2,26.5,0.942,5
round2,26.5,0.961,1
round2,26.5,0.98,3
round2,26.5,1,4
round2,26.6,0.533,1
round2,26.6,0.636,1
round2,26.6,0.731,2
round2,26.6,0.778,2
round2,26.6,0.79,1
round2,26.6,0.803,1
round2,26.6,0.817,3
round2,26.6,0.831,6
round2,26.6,0.845,5
round2,26.6,0.875,3
round2,26.6,0.891,2
round2,26.6,0.907,5
round2,26.6,0.925,10
round2,26.6,0.942,5
round2,26.6,0.961,6
round2,26.6,0.98,1
round2,26.6,1,5
round2,26.7,0.731,1
round2,26.7,0.766,3
round2,26.7,0.778,2
round2,26.7,0.79,1
round2,26.7,0.817,1
round2,26.7,0.831,1
round2,26.7,0.845,4
round2,26.7,0.86,3
round2,26.7,0.875,6
round2,26.7,0.891,3
round2,26.7,0.907,5
round2,26.7,0.925,3
round2,26.7,0.942,5
round2,26.7,0.961,1
round2,26.7,0.98,3
round2,26.7,1,7
round2,26.8,0.398,1
round2,26.8,0.7,1
round2,26.8,0.742,1
round2,26.8,0.766,1
round2,26.8,0.79,1
round2,26.8,0.803,3
round2,26.8,0.817,1
round2,26.8,0.831,5
round2,26.8,0.845,4
round2,26.8,0.86,5
round2,26.8,0.875,2
round2,26.8,0.891,2
round2,26.8,0.907,2
round2,26.8,0.925,9
round2,26.8,0.942,7
round2,26.8,0.961,3
round2,26.8,1,9
round2,26.9,0.7,1
round2,26.9,0.721,1
round2,26.9,0.778,1
round2,26.9,0.803,1
round2,26.9,0.817,2
round2,26.9,0.831,3
round2,26.9,0.845,2
round2,26.9,0.86,4
round2,26.9,0.875,1
round2,26.9,0.891,3
round2,26.9,0.907,4
round2,26.9,0.925,4
round2,26.9,0.942,4
round2,26.9,0.961,1
round2,26.9,0.98,2
round2,26.9,1,6
round2,27,0.742,1
round2,27,0.754,2
round2,27,0.778,3
round2,27,0.803,2
round2,27,0.817,5
round2,27,0.831,4
round2,27,0.845,1
round2,27,0.86,5
round2,27,0.875,4
round2,27,0.891,5
round2,27,0.907,3
round2,27,0.925,8
round2,27,0.942,1
round2,27,0.961,4
round2,27,0.98,1
round2,27,1,7
round2,27.1,0.645,2
round2,27.1,0.721,1
round2,27.1,0.754,3
round2,27.1,0.766,1
round2,27.1,0.79,4
round2,27.1,0.803,2
round2,27.1,0.817,2
round2,27.1,0.845,2
round2,27.1,0.86,2
round2,27.1,0.875,4
round2,27.1,0.891,5
round2,27.1,0.907,4
round2,27.1,0.925,9
round2,27.1,0.942,3
round2,27.1,0.961,6
round2,27.1,0.98,2
round2,27.1,1,2
round2,27.2,0.533,1
round2,27.2,0.645,1
round2,27.2,0.71,1
round2,27.2,0.721,1
round2,27.2,0.754,2
round2,27.2,0.766,1
round2,27.2,0.778,6
round2,27.2,0.79,1
round2,27.2,0.817,3
round2,27.2,0.845,3
round2,27.2,0.86,4
round2,27.2,0.875,2
round2,27.2,0.891,7
round2,27.2,0.925,8
round2,27.2,0.942,3
round2,27.2,0.961,3
round2,27.2,0.98,1
round2,27.2,1,7
round2,27.3,0.653,1
round2,27.3,0.671,1
round2,27.3,0.71,1
round2,27.3,0.778,1
round2,27.3,0.79,1
round2,27.3,0.817,2
round2,27.3,0.831,4
round2,27.3,0.845,1
round2,27.3,0.86,3
round2,27.3,0.875,4
round2,27.3,0.891,4
round2,27.3,0.907,5
round2,27.3,0.925,5
round2,27.3,0.942,2
round2,27.3,0.961,2
round2,27.3,1,4
round2,27.4,0.551,1
round2,27.4,0.681,1
round2,27.4,0.742,2
round2,27.4,0.79,1
round2,27.4,0.803,2
round2,27.4,0.817,1
round2,27.4,0.831,3
round2,27.4,0.845,1
round2,27.4,0.86,2
round2,27.4,0.875,4
round2,27.4,0.891,2
round2,27.4,0.907,7
round2,27.4,0.925,10
round2,27.4,0.942,3
round2,27.4,0.961,1
round2,27.4,0.98,1
round2,27.4,1,8
round2,27.5,0.7,1
round2,27.5,0.731,1
round2,27.5,0.754,1
round2,27.5,0.766,1
round2,27.5,0.778,1
round2,27.5,0.79,1
round2,27.5,0.817,1
round2,27.5,0.831,2
round2,27.5,0.845,3
round2,27.5,0.86,1
round2,27.5,0.875,6
round2,27.5,0.891,4
round2,27.5,0.907,5
round2,27.5,0.925,6
round2,27.5,0.942,6
round2,27.5,0.961,2
round2,27.5,0.98,4
round2,27.5,1,6
round2,27.6,0.69,1
round2,27.6,0.721,1
round2,27.6,0.754,2
round2,27.6,0.778,3
round2,27.6,0.803,1
round2,27.6,0.817,3
round2,27.6,0.831,4
round2,27.6,0.845,2
round2,27.6,0.86,1
round2,27.6,0.875,7
round2,27.6,0.891,4
round2,27.6,0.907,5
round2,27.6,0.925,8
round2,27.6,0.942,4
round2,27.6,0.961,4
round2,27.6,0.98,2
round2,27.6,1,8
round2,27.7,0.636,1
round2,27.7,0.7,1
round2,27.7,0.731,2
round2,27.7,0.79,5
round2,27.7,0.803,2
round2,27.7,0.831,1
round2,27.7,0.845,5
round2,27.7,0.86,5
round2,27.7,0.875,4
round2,27.7,0.891,3
round2,27.7,0.907,7
round2,27.7,0.925,11
round2,27.7,0.942,2
round2,27.7,0.98,3
round2,27.7,1,5
round2,27.8,0.721,1
round2,27.8,0.742,1
round2,27.8,0.754,2
round2,27.8,0.79,1
round2,27.8,0.803,3
round2,27.8,0.817,3
round2,27.8,0.831,1
round2,27.8,0.86,3
round2,27.8,0.875,4
round2,27.8,0.907,5
round2,27.8,0.925,6
round2,27.8,0.942,4
round2,27.8,0.961,1
round2,27.8,0.98,1
round2,27.9,0.636,1
round2,27.9,0.731,1
round2,27.9,0.778,2
round2,27.9,0.79,2
round2,27.9,0.803,1
round2,27.9,0.817,3
round2,27.9,0.831,3
round2,27.9,0.845,5
round2,27.9,0.875,4
round2,27.9,0.891,4
round2,27.9,0.907,7
round2,27.9,0.925,9
round2,27.9,0.942,3
round2,27.9,0.961,3
round2,27.9,0.98,1
round2,27.9,1,7
round2,28,0.721,1
round2,28,0.754,3
round2,28,0.778,1
round2,28,0.803,1
round2,28,0.831,4
round2,28,0.845,4
round2,28,0.86,2
round2,28,0.875,5
round2,28,0.891,2
round2,28,0.907,2
round2,28,0.925,4
round2,28,0.942,1
round2,28,0.961,3
round2,28,0.98,1
round2,28,1,5
round2,28.1,0.754,1
round2,28.1,0.778,1
round2,28.1,0.79,1
round2,28.1,0.803,2
round2,28.1,0.831,3
round2,28.1,0.845,2
round2,28.1,0.86,3
round2,28.1,0.875,5
round2,28.1,0.907,4
round2,28.1,0.925,9
round2,28.1,0.942,3
round2,28.1,0.961,1
round2,28.1,1,4
round2,28.2,0.721,1
round2,28.2,0.731,1
round2,28.2,0.79,1
round2,28.2,0.803,5
round2,28.2,0.817,2
round2,28.2,0.831,5
round2,28.2,0.845,4
round2,28.2,0.86,1
round2,28.2,0.875,2
round2,28.2,0.891,4
round2,28.2,0.907,2
round2,28.2,0.925,5
round2,28.2,0.942,7
round2,28.2,0.961,3
round2,28.2,1,6
round2,28.3,0.551,1
round2,28.3,0.636,1
round2,28.3,0.71,1
round2,28.3,0.731,1
round2,28.3,0.754,1
round2,28.3,0.778,1
round2,28.3,0.79,1
round2,28.3,0.803,5
round2,28.3,0.817,1
round2,28.3,0.831,1
round2,28.3,0.845,3
round2,28.3,0.86,3
round2,28.3,0.875,4
round2,28.3,0.891,3
round2,28.3,0.907,3
round2,28.3,0.925,3
round2,28.3,0.942,2
round2,28.3,0.961,2
round2,28.3,0.98,2
round2,28.3,1,6
round2,28.4,0.69,1
round2,28.4,0.721,2
round2,28.4,0.731,1
round2,28.4,0.766,1
round2,28.4,0.79,1
round2,28.4,0.803,1
round2,28.4,0.817,2
round2,28.4,0.831,6
round2,28.4,0.845,2
round2,28.4,0.86,3
round2,28.4,0.875,3
round2,28.4,0.891,5
round2,28.4,0.907,4
round2,28.4,0.925,2
round2,28.4,0.942,8
round2,28.4,0.961,2
round2,28.4,1,7
round2,28.5,0.636,1
round2,28.5,0.671,1
round2,28.5,0.721,1
round2,28.5,0.731,1
round2,28.5,0.754,1
round2,28.5,0.778,2
round2,28.5,0.79,2
round2,28.5,0.817,2
round2,28.5,0.831,2
round2,28.5,0.845,2
round2,28.5,0.86,1
round2,28.5,0.875,3
round2,28.5,0.891,3
round2,28.5,0.907,5
round2,28.5,0.925,3
round2,28.5,0.942,2
round2,28.5,0.961,3
round2,28.5,0.98,1
round2,28.5,1,5
round2,28.6,0.69,1
round2,28.6,0.754,1
round2,28.6,0.766,1
round2,28.6,0.778,1
round2,28.6,0.79,1
round2,28.6,0.803,3
round2,28.6,0.817,5
round2,28.6,0.831,1
round2,28.6,0.845,6
round2,28.6,0.86,2
round2,28.6,0.875,2
round2,28.6,0.891,2
round2,28.6,0.907,2
round2,28.6,0.925,7
round2,28.6,0.942,3
round2,28.6,0.961,2
round2,28.6,0.98,1
round2,28.6,1,4
round2,28.7,0.742,2
round2,28.7,0.754,1
round2,28.7,0.766,1
round2,28.7,0.79,2
round2,28.7,0.817,2
round2,28.7,0.831,1
round2,28.7,0.845,4
round2,28.7,0.86,6
round2,28.7,0.875,6
round2,28.7,0.891,1
round2,28.7,0.907,7
round2,28.7,0.925,7
round2,28.7,0.942,2
round2,28.7,0.961,2
round2,28.7,0.98,2
round2,28.7,1,6
round2,28.8,0.731,1
round2,28.8,0.742,2
round2,28.8,0.778,1
round2,28.8,0.79,3
round2,28.8,0.817,1
round2,28.8,0.831,2
round2,28.8,0.845,1
round2,28.8,0.86,7
round2,28.8,0.875,5
round2,28.8,0.891,5
round2,28.8,0.907,2
round2,28.8,0.925,3
round2,28.8,0.942,5
round2,28.8,0.961,2
round2,28.8,0.98,3
round2,28.8,1,6
round2,28.9,0.681,1
round2,28.9,0.731,2
round2,28.9,0.742,2
round2,28.9,0.803,1
round2,28.9,0.831,1
round2,28.9,0.86,3
round2,28.9,0.875,4
round2,28.9,0.891,3
round2,28.9,0.907,5
round2,28.9,0.925,4
round2,28.9,0.942,3
round2,28.9,0.961,3
round2,28.9,0.98,1
round2,28.9,1,5
round2,29,0.62,1
round2,29,0.69,1
round2,29,0.742,1
round2,29,0.79,2
round2,29,0.803,3
round2,29,0.817,5
round2,29,0.831,2
round2,29,0.845,3
round2,29,0.86,7
round2,29,0.875,5
round2,29,0.907,1
round2,29,0.925,3
round2,29,0.942,2
round2,29,0.961,1
round2,29,0.98,1
round2,29,1,8
round2,29.1,0.653,1
round2,29.1,0.681,1
round2,29.1,0.69,1
round2,29.1,0.721,1
round2,29.1,0.754,2
round2,29.1,0.778,1
round2,29.1,0.79,1
round2,29.1,0.803,3
round2,29.1,0.817,2
round2,29.1,0.831,1
round2,29.1,0.845,2
round2,29.1,0.86,3
round2,29.1,0.875,2
round2,29.1,0.891,1
round2,29.1,0.907,1
round2,29.1,0.925,8
round2,29.1,0.942,8
round2,29.1,0.961,1
round2,29.1,1,5
round2,29.2,0.45,1
round2,29.2,0.69,1
round2,29.2,0.742,3
round2,29.2,0.754,2
round2,29.2,0.817,2
round2,29.2,0.831,1
round2,29.2,0.845,4
round2,29.2,0.86,3
round2,29.2,0.875,3
round2,29.2,0.891,2
round2,29.2,0.907,5
round2,29.2,0.925,4
round2,29.2,0.942,3
round2,29.2,0.961,3
round2,29.2,0.98,3
round2,29.2,1,5
round2,29.3,0.662,1
round2,29.3,0.766,1
round2,29.3,0.778,1
round2,29.3,0.79,1
round2,29.3,0.817,1
round2,29.3,0.831,3
round2,29.3,0.845,2
round2,29.3,0.86,3
round2,29.3,0.875,4
round2,29.3,0.891,10
round2,29.3,0.907,8
round2,29.3,0.925,5
round2,29.3,0.942,9
round2,29.3,0.961,3
round2,29.3,1,9
round2,29.4,0.653,1
round2,29.4,0.671,1
round2,29.4,0.731,1
round2,29.4,0.79,2
round2,29.4,0.803,2
round2,29.4,0.817,3
round2,29.4,0.831,2
round2,29.4,0.845,4
round2,29.4,0.86,4
round2,29.4,0.875,9
round2,29.4,0.891,7
round2,29.4,0.907,7
round2,29.4,0.925,6
round2,29.4,0.942,5
round2,29.4,0.961,3
round2,29.4,0.98,1
round2,29.4,1,6
round2,29.5,0.671,1
round2,29.5,0.766,1
round2,29.5,0.79,1
round2,29.5,0.803,1
round2,29.5,0.817,2
round2,29.5,0.831,1
round2,29.5,0.845,2
round2,29.5,0.86,4
round2,29.5,0.875,4
round2,29.5,0.891,3
round2,29.5,0.907,3
round2,29.5,0.925,3
round2,29.5,0.942,3
round2,29.5,0.961,2
round2,29.5,1,3
round2,29.6,0.613,1
round2,29.6,0.62,1
round2,29.6,0.636,1
round2,29.6,0.69,1
round2,29.6,0.778,2
round2,29.6,0.79,4
round2,29.6,0.831,4
round2,29.6,0.845,1
round2,29.6,0.86,3
round2,29.6,0.875,1
round2,29.6,0.891,1
round2,29.6,0.907,3
round2,29.6,0.925,6
round2,29.6,0.942,3
round2,29.6,0.961,2
round2,29.6,0.98,1
round2,29.6,1,1
round2,29.7,0.79,3
round2,29.7,0.803,2
round2,29.7,0.817,2
round2,29.7,0.831,1
round2,29.7,0.875,5
round2,29.7,0.891,2
round2,29.7,0.907,6
round2,29.7,0.925,8
round2,29.7,0.942,2
round2,29.7,0.961,3
round2,29.7,0.98,1
round2,29.7,1,6
round2,29.8,0.754,1
round2,29.8,0.778,1
round2,29.8,0.817,4
round2,29.8,0.831,1
round2,29.8,0.845,2
round2,29.8,0.86,1
round2,29.8,0.875,3
round2,29.8,0.891,3
round2,29.8,0.907,2
round2,29.8,0.925,6
round2,29.8,0.942,8
round2,29.8,0.961,3
round2,29.8,0.98,1
round2,29.8,1,2
round2,29.9,0.57,1
round2,29.9,0.662,1
round2,29.9,0.79,2
round2,29.9,0.817,2
round2,29.9,0.831,1
round2,29.9,0.845,4
round2,29.9,0.86,1
round2,29.9,0.875,5
round2,29.9,0.891,3
round2,29.9,0.907,6
round2,29.9,0.925,8
round2,29.9,0.942,2
round2,29.9,0.961,2
round2,29.9,0.98,1
round2,29.9,1,8
round2,30,0.653,1
round2,30,0.71,1
round2,30,0.721,1
round2,30,0.754,1
round2,30,0.778,3
round2,30,0.79,4
round2,30,0.803,4
round2,30,0.817,3
round2,30,0.831,1
round2,30,0.845,1
round2,30,0.86,7
round2,30,0.875,3
round2,30,0.891,2
round2,30,0.907,7
round2,30,0.925,6
round2,30,0.961,4
round2,30,1,10
round2,30.1,0.57,1
round2,30.1,0.766,2
round2,30.1,0.79,2
round2,30.1,0.803,1
round2,30.1,0.817,2
round2,30.1,0.831,3
round2,30.1,0.845,5
round2,30.1,0.86,1
round2,30.1,0.875,4
round2,30.1,0.891,5
round2,30.1,0.907,3
round2,30.1,0.925,2
round2,30.1,0.942,2
round2,30.1,0.961,3
round2,30.1,0.98,2
round2,30.1,1,7
round2,30.2,0.628,1
round2,30.2,0.731,1
round2,30.2,0.766,1
round2,30.2,0.79,3
round2,30.2,0.817,3
round2,30.2,0.831,1
round2,30.2,0.845,6
round2,30.2,0.875,3
round2,30.2,0.891,2
round2,30.2,0.907,2
round2,30.2,0.925,11
round2,30.2,0.942,5
round2,30.2,0.961,5
round2,30.2,0.98,3
round2,30.2,1,6
round2,30.3,0.7,1
round2,30.3,0.731,2
round2,30.3,0.742,1
round2,30.3,0.79,3
round2,30.3,0.817,1
round2,30.3,0.831,2
round2,30.3,0.845,6
round2,30.3,0.86,5
round2,30.3,0.875,3
round2,30.3,0.891,1
round2,30.3,0.907,4
round2,30.3,0.925,5
round2,30.3,0.942,4
round2,30.3,0.961,6
round2,30.3,0.98,1
round2,30.3,1,1
round2,30.4,0.681,1
round2,30.4,0.731,1
round2,30.4,0.754,2
round2,30.4,0.766,1
round2,30.4,0.778,1
round2,30.4,0.803,1
round2,30.4,0.817,4
round2,30.4,0.831,1
round2,30.4,0.845,3
round2,30.4,0.86,2
round2,30.4,0.875,1
round2,30.4,0.891,5
round2,30.4,0.907,4
round2,30.4,0.925,6
round2,30.4,0.942,4
round2,30.4,0.961,3
round2,30.4,0.98,1
round2,30.4,1,4
round2,30.5,0.742,1
round2,30.5,0.766,1
round2,30.5,0.778,2
round2,30.5,0.79,4
round2,30.5,0.831,1
round2,30.5,0.845,7
round2,30.5,0.86,6
round2,30.5,0.875,1
round2,30.5,0.891,2
round2,30.5,0.907,7
round2,30.5,0.925,7
round2,30.5,0.942,3
round2,30.5,0.961,1
round2,30.5,1,8
round2,30.6,0.628,1
round2,30.6,0.653,1
round2,30.6,0.71,1
round2,30.6,0.731,1
round2,30.6,0.754,2
round2,30.6,0.778,2
round2,30.6,0.79,2
round2,30.6,0.803,2
round2,30.6,0.817,1
round2,30.6,0.845,1
round2,30.6,0.86,3
round2,30.6,0.875,4
round2,30.6,0.891,2
round2,30.6,0.907,4
round2,30.6,0.925,5
round2,30.6,0.942,1
round2,30.6,0.961,5
round2,30.6,0.98,1
round2,30.6,1,8
round2,30.7,0.59,1
round2,30.7,0.636,1
round2,30.7,0.653,1
round2,30.7,0.662,1
round2,30.7,0.71,1
round2,30.7,0.766,1
round2,30.7,0.778,1
round2,30.7,0.79,2
round2,30.7,0.803,2
round2,30.7,0.831,4
round2,30.7,0.845,1
round2,30.7,0.86,3
round2,30.7,0.875,5
round2,30.7,0.891,8
round2,30.7,0.907,5
round2,30.7,0.925,3
round2,30.7,0.942,2
round2,30.7,0.961,2
round2,30.7,0.98,1
round2,30.7,1,4
round2,30.8,0.59,1
round2,30.8,0.636,1
round2,30.8,0.721,1
round2,30.8,0.742,1
round2,30.8,0.754,1
round2,30.8,0.79,1
round2,30.8,0.803,3
round2,30.8,0.817,3
round2,30.8,0.831,2
round2,30.8,0.845,2
round2,30.8,0.86,3
round2,30.8,0.875,2
round2,30.8,0.891,2
round2,30.8,0.907,4
round2,30.8,0.925,2
round2,30.8,0.942,6
round2,30.8,0.961,2
round2,30.8,0.98,1
round2,30.8,1,5
round2,30.9,0.671,1
round2,30.9,0.681,1
round2,30.9,0.7,1
round2,30.9,0.71,1
round2,30.9,0.754,1
round2,30.9,0.79,2
round2,30.9,0.803,3
round2,30.9,0.817,2
round2,30.9,0.831,2
round2,30.9,0.845,4
round2,30.9,0.86,3
round2,30.9,0.875,8
round2,30.9,0.907,3
round2,30.9,0.925,8
round2,30.9,0.942,6
round2,30.9,0.961,3
round2,30.9,0.98,2
round2,30.9,1,6
round2,31,0.71,1
round2,31,0.742,1
round2,31,0.754,1
round2,31,0.778,2
round2,31,0.79,1
round2,31,0.803,2
round2,31,0.817,1
round2,31,0.831,1
round2,31,0.845,5
round2,31,0.86,8
round2,31,0.875,4
round2,31,0.891,3
round2,31,0.907,6
round2,31,0.925,6
round2,31,0.942,3
round2,31,0.961,1
round2,31,0.98,1
round2,31,1,7
round2,31.1,0.628,1
round2,31.1,0.653,2
round2,31.1,0.671,1
round2,31.1,0.7,1
round2,31.1,0.71,1
round2,31.1,0.731,2
round2,31.1,0.742,1
round2,31.1,0.766,1
round2,31.1,0.79,1
round2,31.1,0.803,4
round2,31.1,0.817,5
round2,31.1,0.831,1
round2,31.1,0.845,4
round2,31.1,0.86,3
round2,31.1,0.875,3
round2,31.1,0.891,4
round2,31.1,0.907,6
round2,31.1,0.925,8
round2,31.1,0.942,4
round2,31.1,0.961,2
round2,31.1,1,7
round2,31.2,0.681,1
round2,31.2,0.731,1
round2,31.2,0.803,5
round2,31.2,0.817,2
round2,31.2,0.831,2
round2,31.2,0.845,2
round2,31.2,0.86,7
round2,31.2,0.875,3
round2,31.2,0.891,4
round2,31.2,0.907,5
round2,31.2,0.925,4
round2,31.2,0.942,4
round2,31.2,0.961,5
round2,31.2,0.98,1
round2,31.2,1,6
round2,31.3,0.71,1
round2,31.3,0.766,2
round2,31.3,0.778,1
round2,31.3,0.79,3
round2,31.3,0.803,1
round2,31.3,0.817,2
round2,31.3,0.831,1
round2,31.3,0.845,1
round2,31.3,0.86,5
round2,31.3,0.875,3
round2,31.3,0.891,4
round2,31.3,0.907,6
round2,31.3,0.925,6
round2,31.3,0.942,5
round2,31.3,0.961,2
round2,31.3,1,7
round2,31.4,0.69,1
round2,31.4,0.731,1
round2,31.4,0.754,1
round2,31.4,0.778,1
round2,31.4,0.79,1
round2,31.4,0.803,2
round2,31.4,0.817,3
round2,31.4,0.831,1
round2,31.4,0.845,2
round2,31.4,0.875,5
round2,31.4,0.891,4
round2,31.4,0.907,2
round2,31.4,0.925,8
round2,31.4,0.942,4
round2,31.4,0.961,1
round2,31.4,0.98,1
round2,31.4,1,7
round2,31.5,0.49,1
round2,31.5,0.671,1
round2,31.5,0.731,2
round2,31.5,0.742,1
round2,31.5,0.754,2
round2,31.5,0.766,2
round2,31.5,0.778,2
round2,31.5,0.79,2
round2,31.5,0.803,3
round2,31.5,0.817,5
round2,31.5,0.831,4
round2,31.5,0.845,1
round2,31.5,0.86,2
round2,31.5,0.875,2
round2,31.5,0.891,3
round2,31.5,0.907,3
round2,31.5,0.925,10
round2,31.5,0.942,2
round2,31.5,0.98,1
round2,31.5,1,9
round2,31.6,0.653,1
round2,31.6,0.671,1
round2,31.6,0.69,1
round2,31.6,0.721,2
round2,31.6,0.731,1
round2,31.6,0.742,1
round2,31.6,0.754,1
round2,31.6,0.778,1
round2,31.6,0.803,3
round2,31.6,0.817,2
round2,31.6,0.831,2
round2,31.6,0.845,2
round2,31.6,0.86,2
round2,31.6,0.875,1
round2,31.6,0.891,1
round2,31.6,0.907,6
round2,31.6,0.925,4
round2,31.6,0.942,4
round2,31.6,0.961,2
round2,31.6,0.98,1
round2,31.6,1,6
round2,31.7,0.671,1
round2,31.7,0.69,1
round2,31.7,0.71,1
round2,31.7,0.742,1
round2,31.7,0.766,1
round2,31.7,0.778,1
round2,31.7,0.79,2
round2,31.7,0.803,2
round2,31.7,0.817,4
round2,31.7,0.845,8
round2,31.7,0.86,3
round2,31.7,0.875,5
round2,31.7,0.891,2
round2,31.7,0.907,4
round2,31.7,0.925,9
round2,31.7,0.942,2
round2,31.7,0.961,2
round2,31.7,0.98,1
round2,31.7,1,8
round2,31.8,0.69,1
round2,31.8,0.7,1
round2,31.8,0.731,1
round2,31.8,0.754,2
round2,31.8,0.79,1
round2,31.8,0.803,1
round2,31.8,0.817,4
round2,31.8,0.831,3
round2,31.8,0.845,4
round2,31.8,0.86,2
round2,31.8,0.875,4
round2,31.8,0.891,1
round2,31.8,0.907,2
round2,31.8,0.925,6
round2,31.8,0.942,6
round2,31.8,0.961,2
round2,31.8,0.98,1
round2,31.8,1,6
round2,31.9,0.653,1
round2,31.9,0.742,1
round2,31.9,0.79,1
round2,31.9,0.803,1
round2,31.9,0.817,1
round2,31.9,0.831,3
round2,31.9,0.845,1
round2,31.9,0.86,1
round2,31.9,0.875,3
round2,31.9,0.891,2
round2,31.9,0.907,5
round2,31.9,0.925,4
round2,31.9,0.942,2
round2,31.9,0.961,8
round2,31.9,0.98,1
round2,31.9,1,5
round2,32,0.671,1
round2,32,0.69,1
round2,32,0.766,1
round2,32,0.778,1
round2,32,0.79,2
round2,32,0.803,1
round2,32,0.817,2
round2,32,0.831,2
round2,32,0.845,4
round2,32,0.86,3
round2,32,0.875,3
round2,32,0.891,2
round2,32,0.907,7
round2,32,0.925,5
round2,32,0.942,10
round2,32,0.961,3
round2,32,1,12
round2,32.1,0.653,1
round2,32.1,0.742,1
round2,32.1,0.754,1
round2,32.1,0.778,1
round2,32.1,0.79,2
round2,32.1,0.803,1
round2,32.1,0.817,3
round2,32.1,0.831,2
round2,32.1,0.845,3
round2,32.1,0.86,2
round2,32.1,0.875,2
round2,32.1,0.891,2
round2,32.1,0.907,5
round2,32.1,0.925,4
round2,32.1,0.942,2
round2,32.1,0.961,1
round2,32.1,1,10
round2,32.2,0.613,1
round2,32.2,0.653,1
round2,32.2,0.721,1
round2,32.2,0.731,1
round2,32.2,0.742,2
round2,32.2,0.79,1
round2,32.2,0.803,2
round2,32.2,0.817,2
round2,32.2,0.831,1
round2,32.2,0.845,4
round2,32.2,0.86,3
round2,32.2,0.875,4
round2,32.2,0.891,3
round2,32.2,0.907,5
round2,32.2,0.925,5
round2,32.2,0.942,3
round2,32.2,0.961,1
round2,32.2,1,5
round2,32.3,0.605,1
round2,32.3,0.71,1
round2,32.3,0.731,1
round2,32.3,0.742,1
round2,32.3,0.754,2
round2,32.3,0.766,2
round2,32.3,0.79,1
round2,32.3,0.803,1
round2,32.3,0.831,4
round2,32.3,0.845,1
round2,32.3,0.86,2
round2,32.3,0.875,1
round2,32.3,0.891,3
round2,32.3,0.925,2
round2,32.3,0.942,4
round2,32.3,0.961,3
round2,32.3,1,3
round2,32.4,0.605,1
round2,32.4,0.636,1
round2,32.4,0.69,1
round2,32.4,0.742,2
round2,32.4,0.766,3
round2,32.4,0.778,1
round2,32.4,0.79,4
round2,32.4,0.803,1
round2,32.4,0.817,2
round2,32.4,0.831,1
round2,32.4,0.845,2
round2,32.4,0.86,2
round2,32.4,0.875,3
round2,32.4,0.891,4
round2,32.4,0.907,3
round2,32.4,0.925,9
round2,32.4,0.961,1
round2,32.4,0.98,1
round2,32.4,1,6
round2,32.5,0.681,1
round2,32.5,0.721,1
round2,32.5,0.754,2
round2,32.5,0.766,1
round2,32.5,0.79,1
round2,32.5,0.817,3
round2,32.5,0.831,4
round2,32.5,0.845,2
round2,32.5,0.86,5
round2,32.5,0.875,1
round2,32.5,0.891,1
round2,32.5,0.907,3
round2,32.5,0.925,7
round2,32.5,0.942,2
round2,32.5,0.961,2
round2,32.5,0.98,2
round2,32.5,1,6
round2,32.6,0.7,1
round2,32.6,0.71,1
round2,32.6,0.754,2
round2,32.6,0.766,1
round2,32.6,0.79,3
round2,32.6,0.803,1
round2,32.6,0.817,3
round2,32.6,0.831,5
round2,32.6,0.845,2
round2,32.6,0.86,3
round2,32.6,0.875,5
round2,32.6,0.891,3
round2,32.6,0.907,1
round2,32.6,0.925,8
round2,32.6,0.942,1
round2,32.6,0.961,2
round2,32.6,0.98,1
round2,32.6,1,6
round2,32.7,0.605,1
round2,32.7,0.69,1
round2,32.7,0.71,1
round2,32.7,0.721,1
round2,32.7,0.731,1
round2,32.7,0.742,1
round2,32.7,0.754,3
round2,32.7,0.766,1
round2,32.7,0.778,2
round2,32.7,0.817,2
round2,32.7,0.831,3
round2,32.7,0.845,1
round2,32.7,0.86,3
round2,32.7,0.875,4
round2,32.7,0.891,1
round2,32.7,0.907,9
round2,32.7,0.925,8
round2,32.7,0.942,7
round2,32.7,0.961,2
round2,32.7,0.98,4
round2,32.7,1,3
round2,32.8,0.636,1
round2,32.8,0.71,1
round2,32.8,0.742,2
round2,32.8,0.754,2
round2,32.8,0.778,4
round2,32.8,0.79,1
round2,32.8,0.803,2
round2,32.8,0.817,2
round2,32.8,0.831,4
round2,32.8,0.845,3
round2,32.8,0.86,6
round2,32.8,0.875,2
round2,32.8,0.891,2
round2,32.8,0.907,6
round2,32.8,0.925,6
round2,32.8,0.942,7
round2,32.8,0.961,2
round2,32.8,0.98,3
round2,32.8,1,8
round2,32.9,0.671,1
round2,32.9,0.721,1
round2,32.9,0.766,2
round2,32.9,0.778,1
round2,32.9,0.79,2
round2,32.9,0.817,5
round2,32.9,0.831,2
round2,32.9,0.845,3
round2,32.9,0.86,4
round2,32.9,0.875,1
round2,32.9,0.891,5
round2,32.9,0.907,7
round2,32.9,0.925,3
round2,32.9,0.942,4
round2,32.9,0.961,1
round2,32.9,1,8
round2,33,0.605,1
round2,33,0.71,2
round2,33,0.778,1
round2,33,0.79,2
round2,33,0.803,3
round2,33,0.817,4
round2,33,0.831,3
round2,33,0.845,5
round2,33,0.86,1
round2,33,0.875,1
round2,33,0.891,3
round2,33,0.907,6
round2,33,0.925,4
round2,33,0.942,4
round2,33,0.961,2
round2,33,1,8
round2,33.1,0.653,1
round2,33.1,0.662,1
round2,33.1,0.766,1
round2,33.1,0.778,1
round2,33.1,0.817,1
round2,33.1,0.831,3
round2,33.1,0.845,1
round2,33.1,0.86,3
round2,33.1,0.875,9
round2,33.1,0.891,3
round2,33.1,0.907,7
round2,33.1,0.925,8
round2,33.1,0.942,9
round2,33.1,0.961,4
round2,33.1,0.98,2
round2,33.1,1,11
round2,33.2,0.563,1
round2,33.2,0.645,1
round2,33.2,0.71,1
round2,33.2,0.721,1
round2,33.2,0.731,1
round2,33.2,0.754,2
round2,33.2,0.766,2
round2,33.2,0.79,1
round2,33.2,0.831,3
round2,33.2,0.845,2
round2,33.2,0.86,4
round2,33.2,0.875,7
round2,33.2,0.891,4
round2,33.2,0.907,9
round2,33.2,0.925,2
round2,33.2,0.942,1
round2,33.2,0.961,2
round2,33.2,0.98,2
round2,33.2,1,10
round2,33.3,0.605,1
round2,33.3,0.636,1
round2,33.3,0.671,1
round2,33.3,0.721,1
round2,33.3,0.742,1
round2,33.3,0.754,1
round2,33.3,0.766,3
round2,33.3,0.778,2
round2,33.3,0.79,2
round2,33.3,0.803,2
round2,33.3,0.817,4
round2,33.3,0.831,1
round2,33.3,0.845,2
round2,33.3,0.86,4
round2,33.3,0.875,1
round2,33.3,0.891,2
round2,33.3,0.907,3
round2,33.3,0.925,1
round2,33.3,0.942,2
round2,33.3,0.961,2
round2,33.3,1,6
round2,33.4,0.721,2
round2,33.4,0.731,1
round2,33.4,0.742,1
round2,33.4,0.754,1
round2,33.4,0.766,1
round2,33.4,0.778,2
round2,33.4,0.79,3
round2,33.4,0.803,4
round2,33.4,0.817,1
round2,33.4,0.831,5
round2,33.4,0.845,2
round2,33.4,0.86,3
round2,33.4,0.875,5
round2,33.4,0.891,2
round2,33.4,0.907,2
round2,33.4,0.925,7
round2,33.4,0.942,5
round2,33.4,0.98,1
round2,33.4,1,3
round2,33.5,0.645,1
round2,33.5,0.681,1
round2,33.5,0.742,1
round2,33.5,0.79,2
round2,33.5,0.803,1
round2,33.5,0.817,1
round2,33.5,0.845,3
round2,33.5,0.86,4
round2,33.5,0.875,5
round2,33.5,0.891,4
round2,33.5,0.907,5
round2,33.5,0.925,4
round2,33.5,0.942,3
round2,33.5,1,4
round2,33.6,0.636,1
round2,33.6,0.681,1
round2,33.6,0.69,1
round2,33.6,0.71,1
round2,33.6,0.778,4
round2,33.6,0.803,1
round2,33.6,0.817,2
round2,33.6,0.831,1
round2,33.6,0.845,2
round2,33.6,0.86,4
round2,33.6,0.875,3
round2,33.6,0.891,4
round2,33.6,0.907,2
round2,33.6,0.925,4
round2,33.6,0.942,2
round2,33.6,0.961,1
round2,33.6,0.98,2
round2,33.6,1,6
round2,33.7,0.754,1
round2,33.7,0.79,1
round2,33.7,0.831,1
round2,33.7,0.845,3
round2,33.7,0.875,6
round2,33.7,0.891,4
round2,33.7,0.907,5
round2,33.7,0.925,8
round2,33.7,0.942,3
round2,33.7,0.961,1
round2,33.7,0.98,1
round2,33.7,1,5
round2,33.8,0.7,1
round2,33.8,0.721,1
round2,33.8,0.731,1
round2,33.8,0.778,2
round2,33.8,0.79,3
round2,33.8,0.803,4
round2,33.8,0.831,2
round2,33.8,0.845,3
round2,33.8,0.86,4
round2,33.8,0.875,1
round2,33.8,0.891,7
round2,33.8,0.907,2
round2,33.8,0.925,3
round2,33.8,0.942,5
round2,33.8,1,5
round2,33.9,0.721,1
round2,33.9,0.731,1
round2,33.9,0.803,2
round2,33.9,0.817,2
round2,33.9,0.831,2
round2,33.9,0.845,4
round2,33.9,0.86,3
round2,33.9,0.875,1
round2,33.9,0.891,3
round2,33.9,0.907,10
round2,33.9,0.925,8
round2,33.9,0.942,3
round2,33.9,0.961,3
round2,33.9,0.98,1
round2,33.9,1,7
round2,34,0.613,1
round2,34,0.62,1
round2,34,0.69,1
round2,34,0.71,2
round2,34,0.742,1
round2,34,0.79,1
round2,34,0.817,2
round2,34,0.831,5
round2,34,0.845,4
round2,34,0.86,5
round2,34,0.875,6
round2,34,0.891,5
round2,34,0.907,7
round2,34,0.925,7
round2,34,0.942,3
round2,34,0.961,4
round2,34,1,3
round2,34.1,0.7,2
round2,34.1,0.71,1
round2,34.1,0.742,3
round2,34.1,0.754,1
round2,34.1,0.766,1
round2,34.1,0.778,1
round2,34.1,0.817,3
round2,34.1,0.831,1
round2,34.1,0.845,3
round2,34.1,0.875,1
round2,34.1,0.891,1
round2,34.1,0.907,1
round2,34.1,0.925,5
round2,34.1,0.942,3
round2,34.1,0.961,2
round2,34.1,0.98,2
round2,34.1,1,3
round2,34.2,0.7,1
round2,34.2,0.766,1
round2,34.2,0.803,1
round2,34.2,0.845,3
round2,34.2,0.86,4
round2,34.2,0.875,1
round2,34.2,0.891,2
round2,34.2,0.907,7
round2,34.2,0.925,5
round2,34.2,0.942,3
round2,34.2,0.961,1
round2,34.2,0.98,1
round2,34.2,1,3
round2,34.3,0.7,1
round2,34.3,0.766,2
round2,34.3,0.778,2
round2,34.3,0.79,3
round2,34.3,0.817,1
round2,34.3,0.831,2
round2,34.3,0.845,3
round2,34.3,0.86,2
round2,34.3,0.875,4
round2,34.3,0.891,3
round2,34.3,0.907,3
round2,34.3,0.925,4
round2,34.3,0.942,2
round2,34.3,0.961,4
round2,34.3,1,5
round2,34.4,0.69,1
round2,34.4,0.7,1
round2,34.4,0.721,1
round2,34.4,0.731,1
round2,34.4,0.754,1
round2,34.4,0.766,2
round2,34.4,0.778,1
round2,34.4,0.79,2
round2,34.4,0.817,3
round2,34.4,0.831,2
round2,34.4,0.845,2
round2,34.4,0.86,2
round2,34.4,0.875,5
round2,34.4,0.891,3
round2,34.4,0.907,2
round2,34.4,0.925,3
round2,34.4,0.942,5
round2,34.4,0.961,2
round2,34.4,0.98,2
round2,34.4,1,5
round2,34.5,0.662,1
round2,34.5,0.69,1
round2,34.5,0.742,1
round2,34.5,0.778,2
round2,34.5,0.79,1
round2,34.5,0.803,3
round2,34.5,0.817,2
round2,34.5,0.831,1
round2,34.5,0.845,4
round2,34.5,0.86,2
round2,34.5,0.875,2
round2,34.5,0.907,8
round2,34.5,0.925,2
round2,34.5,0.942,6
round2,34.5,0.961,1
round2,34.5,0.98,1
round2,34.5,1,8
round2,34.6,0.628,1
round2,34.6,0.681,1
round2,34.6,0.71,2
round2,34.6,0.778,2
round2,34.6,0.79,1
round2,34.6,0.803,1
round2,34.6,0.817,4
round2,34.6,0.831,1
round2,34.6,0.845,5
round2,34.6,0.86,4
round2,34.6,0.875,5
round2,34.6,0.891,8
round2,34.6,0.907,4
round2,34.6,0.925,5
round2,34.6,0.942,2
round2,34.6,0.961,1
round2,34.6,1,7
round2,34.7,0.731,1
round2,34.7,0.742,1
round2,34.7,0.778,1
round2,34.7,0.79,1
round2,34.7,0.803,1
round2,34.7,0.817,1
round2,34.7,0.831,2
round2,34.7,0.845,2
round2,34.7,0.86,1
round2,34.7,0.875,1
round2,34.7,0.891,3
round2,34.7,0.907,4
round2,34.7,0.925,1
round2,34.7,0.942,4
round2,34.7,0.961,1
round2,34.7,0.98,3
round2,34.7,1,7
round2,34.8,0.671,1
round2,34.8,0.721,1
round2,34.8,0.742,1
round2,34.8,0.754,2
round2,34.8,0.803,2
round2,34.8,0.817,5
round2,34.8,0.831,2
round2,34.8,0.86,1
round2,34.8,0.875,6
round2,34.8,0.891,2
round2,34.8,0.907,6
round2,34.8,0.925,9
round2,34.8,0.942,5
round2,34.8,0.961,6
round2,34.8,0.98,1
round2,34.8,1,7
round2,34.9,0.671,1
round2,34.9,0.69,1
round2,34.9,0.7,1
round2,34.9,0.71,1
round2,34.9,0.754,1
round2,34.9,0.766,1
round2,34.9,0.778,3
round2,34.9,0.817,1
round2,34.9,0.831,2
round2,34.9,0.845,3
round2,34.9,0.86,4
round2,34.9,0.875,5
round2,34.9,0.891,1
round2,34.9,0.925,10
round2,34.9,0.942,5
round2,34.9,0.961,2
round2,34.9,0.98,1
round2,34.9,1,1
round2,35,0.576,1
round2,35,0.636,1
round2,35,0.69,2
round2,35,0.742,2
round2,35,0.754,1
round2,35,0.79,3
round2,35,0.817,2
round2,35,0.831,2
round2,35,0.845,2
round2,35,0.86,3
round2,35,0.875,3
round2,35,0.891,4
round2,35,0.907,4
round2,35,0.925,7
round2,35,0.942,1
round2,35,0.961,2
round2,35,1,8
round2,35.1,0.731,3
round2,35.1,0.742,1
round2,35.1,0.754,1
round2,35.1,0.766,2
round2,35.1,0.778,3
round2,35.1,0.79,1
round2,35.1,0.803,2
round2,35.1,0.817,3
round2,35.1,0.831,2
round2,35.1,0.845,3
round2,35.1,0.86,1
round2,35.1,0.875,2
round2,35.1,0.891,6
round2,35.1,0.907,3
round2,35.1,0.925,4
round2,35.1,0.961,4
round2,35.1,0.98,1
round2,35.1,1,5
round2,35.2,0.653,1
round2,35.2,0.69,1
round2,35.2,0.766,1
round2,35.2,0.79,2
round2,35.2,0.803,2
round2,35.2,0.817,4
round2,35.2,0.831,6
round2,35.2,0.845,1
round2,35.2,0.86,5
round2,35.2,0.875,2
round2,35.2,0.891,3
round2,35.2,0.907,5
round2,35.2,0.925,6
round2,35.2,0.942,5
round2,35.2,0.961,3
round2,35.2,0.98,2
round2,35.2,1,6
round2,35.3,0.62,1
round2,35.3,0.721,1
round2,35.3,0.778,1
round2,35.3,0.79,2
round2,35.3,0.817,5
round2,35.3,0.831,2
round2,35.3,0.845,4
round2,35.3,0.875,4
round2,35.3,0.891,1
round2,35.3,0.907,5
round2,35.3,0.925,11
round2,35.3,0.942,2
round2,35.3,0.98,1
round2,35.3,1,7
round2,35.4,0.653,1
round2,35.4,0.71,1
round2,35.4,0.721,1
round2,35.4,0.731,1
round2,35.4,0.742,1
round2,35.4,0.754,1
round2,35.4,0.766,1
round2,35.4,0.778,1
round2,35.4,0.803,2
round2,35.4,0.817,5
round2,35.4,0.845,3
round2,35.4,0.86,2
round2,35.4,0.875,5
round2,35.4,0.891,7
round2,35.4,0.907,6
round2,35.4,0.925,6
round2,35.4,0.942,4
round2,35.4,0.961,2
round2,35.4,1,3
round2,35.5,0.7,1
round2,35.5,0.721,1
round2,35.5,0.742,1
round2,35.5,0.766,1
round2,35.5,0.778,1
round2,35.5,0.79,3
round2,35.5,0.803,1
round2,35.5,0.817,3
round2,35.5,0.831,3
round2,35.5,0.845,4
round2,35.5,0.86,1
round2,35.5,0.875,4
round2,35.5,0.891,3
round2,35.5,0.907,6
round2,35.5,0.925,5
round2,35.5,0.942,2
round2,35.5,0.961,3
round2,35.5,0.98,2
round2,35.5,1,12
round2,35.6,0.7,1
round2,35.6,0.71,2
round2,35.6,0.721,1
round2,35.6,0.79,1
round2,35.6,0.803,2
round2,35.6,0.817,1
round2,35.6,0.831,1
round2,35.6,0.845,2
round2,35.6,0.86,2
round2,35.6,0.875,2
round2,35.6,0.891,1
round2,35.6,0.907,5
round2,35.6,0.925,3
round2,35.6,0.942,1
round2,35.6,0.961,4
round2,35.6,0.98,2
round2,35.6,1,7
round2,35.7,0.613,1
round2,35.7,0.766,2
round2,35.7,0.79,3
round2,35.7,0.803,2
round2,35.7,0.817,1
round2,35.7,0.831,3
round2,35.7,0.845,1
round2,35.7,0.86,3
round2,35.7,0.875,5
round2,35.7,0.891,1
round2,35.7,0.907,3
round2,35.7,0.925,6
round2,35.7,0.942,7
round2,35.7,0.961,4
round2,35.7,0.98,2
round2,35.7,1,7
round2,35.8,0.766,1
round2,35.8,0.778,1
round2,35.8,0.79,1
round2,35.8,0.817,1
round2,35.8,0.86,3
round2,35.8,0.875,3
round2,35.8,0.891,4
round2,35.8,0.907,4
round2,35.8,0.925,4
round2,35.8,0.942,4
round2,35.8,0.961,2
round2,35.8,1,10
round2,35.9,0.628,1
round2,35.9,0.69,1
round2,35.9,0.71,1
round2,35.9,0.79,4
round2,35.9,0.803,3
round2,35.9,0.817,2
round2,35.9,0.831,2
round2,35.9,0.845,1
round2,35.9,0.86,1
round2,35.9,0.875,1
round2,35.9,0.891,4
round2,35.9,0.907,6
round2,35.9,0.925,9
round2,35.9,0.942,4
round2,35.9,0.961,5
round2,35.9,0.98,1
round2,35.9,1,5
round2,36,0.71,2
round2,36,0.721,1
round2,36,0.742,2
round2,36,0.79,2
round2,36,0.803,2
round2,36,0.817,2
round2,36,0.831,2
round2,36,0.845,4
round2,36,0.86,1
round2,36,0.875,3
round2,36,0.891,5
round2,36,0.907,6
round2,36,0.925,1
round2,36,0.942,2
round2,36,0.961,1
round2,36,0.98,2
round2,36,1,8
round2,36.1,0.7,1
round2,36.1,0.778,1
round2,36.1,0.79,1
round2,36.1,0.817,3
round2,36.1,0.831,3
round2,36.1,0.845,3
round2,36.1,0.86,1
round2,36.1,0.875,2
round2,36.1,0.891,2
round2,36.1,0.907,3
round2,36.1,0.925,2
round2,36.1,0.942,2
round2,36.1,0.98,1
round2,36.1,1,12
round2,36.2,0.671,1
round2,36.2,0.69,1
round2,36.2,0.742,1
round2,36.2,0.754,1
round2,36.2,0.766,1
round2,36.2,0.778,1
round2,36.2,0.79,2
round2,36.2,0.803,3
round2,36.2,0.817,2
round2,36.2,0.831,2
round2,36.2,0.845,4
round2,36.2,0.86,2
round2,36.2,0.875,5
round2,36.2,0.891,4
round2,36.2,0.907,7
round2,36.2,0.925,6
round2,36.2,0.942,7
round2,36.2,0.961,1
round2,36.2,0.98,1
round2,36.2,1,6
round2,36.3,0.557,1
round2,36.3,0.636,1
round2,36.3,0.653,1
round2,36.3,0.721,1
round2,36.3,0.731,1
round2,36.3,0.742,1
round2,36.3,0.754,1
round2,36.3,0.766,1
round2,36.3,0.778,1
round2,36.3,0.79,1
round2,36.3,0.803,2
round2,36.3,0.817,3
round2,36.3,0.831,2
round2,36.3,0.845,4
round2,36.3,0.86,3
round2,36.3,0.875,2
round2,36.3,0.891,3
round2,36.3,0.907,4
round2,36.3,0.925,6
round2,36.3,0.961,4
round2,36.3,0.98,1
round2,36.3,1,5
round2,36.4,0.653,1
round2,36.4,0.754,1
round2,36.4,0.778,1
round2,36.4,0.79,1
round2,36.4,0.817,1
round2,36.4,0.831,1
round2,36.4,0.845,3
round2,36.4,0.86,4
round2,36.4,0.875,4
round2,36.4,0.891,3
round2,36.4,0.907,2
round2,36.4,0.925,5
round2,36.4,0.942,1
round2,36.4,0.961,5
round2,36.4,0.98,1
round2,36.4,1,7
round2,36.5,0.69,1
round2,36.5,0.71,1
round2,36.5,0.79,1
round2,36.5,0.803,3
round2,36.5,0.817,1
round2,36.5,0.831,2
round2,36.5,0.845,1
round2,36.5,0.86,6
round2,36.5,0.875,1
round2,36.5,0.891,5
round2,36.5,0.907,5
round2,36.5,0.925,2
round2,36.5,0.942,2
round2,36.5,0.98,2
round2,36.5,1,5
round2,36.6,0.551,1
round2,36.6,0.71,1
round2,36.6,0.721,2
round2,36.6,0.731,2
round2,36.6,0.79,2
round2,36.6,0.817,1
round2,36.6,0.831,4
round2,36.6,0.845,2
round2,36.6,0.86,4
round2,36.6,0.875,4
round2,36.6,0.891,5
round2,36.6,0.907,3
round2,36.6,0.925,8
round2,36.6,0.942,1
round2,36.6,0.961,2
round2,36.6,0.98,1
round2,36.6,1,5
round2,36.7,0.731,1
round2,36.7,0.766,1
round2,36.7,0.803,3
round2,36.7,0.817,1
round2,36.7,0.831,2
round2,36.7,0.845,1
round2,36.7,0.86,5
round2,36.7,0.875,4
round2,36.7,0.891,8
round2,36.7,0.907,2
round2,36.7,0.925,1
round2,36.7,0.942,4
round2,36.7,0.961,2
round2,36.7,1,6
round2,36.8,0.59,1
round2,36.8,0.671,1
round2,36.8,0.754,3
round2,36.8,0.778,4
round2,36.8,0.79,2
round2,36.8,0.817,2
round2,36.8,0.831,2
round2,36.8,0.845,1
round2,36.8,0.86,4
round2,36.8,0.875,5
round2,36.8,0.891,4
round2,36.8,0.907,3
round2,36.8,0.925,3
round2,36.8,0.942,5
round2,36.8,0.961,3
round2,36.8,1,8
round2,36.9,0.467,1
round2,36.9,0.653,1
round2,36.9,0.662,1
round2,36.9,0.778,1
round2,36.9,0.803,1
round2,36.9,0.817,2
round2,36.9,0.831,2
round2,36.9,0.845,1
round2,36.9,0.86,1
round2,36.9,0.875,2
round2,36.9,0.907,5
round2,36.9,0.925,5
round2,36.9,0.942,7
round2,36.9,0.961,3
round2,36.9,0.98,4
round2,36.9,1,9
round2,37,0.69,1
round2,37,0.71,1
round2,37,0.721,1
round2,37,0.754,2
round2,37,0.766,1
round2,37,0.778,1
round2,37,0.79,1
round2,37,0.803,2
round2,37,0.817,2
round2,37,0.831,2
round2,37,0.845,1
round2,37,0.86,5
round2,37,0.875,2
round2,37,0.891,3
round2,37,0.907,4
round2,37,0.925,5
round2,37,0.942,2
round2,37,0.961,1
round2,37,0.98,2
round2,37,1,4
round2,37.1,0.398,1
round2,37.1,0.71,2
round2,37.1,0.766,1
round2,37.1,0.79,1
round2,37.1,0.803,3
round2,37.1,0.817,1
round2,37.1,0.831,2
round2,37.1,0.86,5
round2,37.1,0.891,4
round2,37.1,0.907,4
round2,37.1,0.925,4
round2,37.1,0.942,2
round2,37.1,0.961,2
round2,37.1,0.98,3
round2,37.1,1,3
round2,37.2,0.516,1
round2,37.2,0.71,2
round2,37.2,0.754,1
round2,37.2,0.817,3
round2,37.2,0.831,2
round2,37.2,0.845,2
round2,37.2,0.86,5
round2,37.2,0.875,4
round2,37.2,0.891,5
round2,37.2,0.907,7
round2,37.2,0.925,3
round2,37.2,0.942,5
round2,37.2,0.961,3
round2,37.2,0.98,1
round2,37.2,1,1
round2,37.3,0.71,1
round2,37.3,0.742,2
round2,37.3,0.766,1
round2,37.3,0.79,1
round2,37.3,0.831,2
round2,37.3,0.845,2
round2,37.3,0.86,1
round2,37.3,0.875,3
round2,37.3,0.891,3
round2,37.3,0.907,4
round2,37.3,0.925,6
round2,37.3,0.942,3
round2,37.3,0.961,4
round2,37.3,0.98,2
round2,37.3,1,3
round2,37.4,0.538,1
round2,37.4,0.583,1
round2,37.4,0.605,1
round2,37.4,0.645,1
round2,37.4,0.721,1
round2,37.4,0.766,1
round2,37.4,0.778,3
round2,37.4,0.817,2
round2,37.4,0.831,4
round2,37.4,0.845,4
round2,37.4,0.86,3
round2,37.4,0.875,6
round2,37.4,0.891,3
round2,37.4,0.907,6
round2,37.4,0.925,4
round2,37.4,0.942,2
round2,37.4,0.961,1
round2,37.4,0.98,1
round2,37.4,1,10
round2,37.5,0.731,2
round2,37.5,0.754,1
round2,37.5,0.778,1
round2,37.5,0.79,1
round2,37.5,0.803,2
round2,37.5,0.817,2
round2,37.5,0.831,1
round2,37.5,0.845,4
round2,37.5,0.86,6
round2,37.5,0.875,2
round2,37.5,0.891,3
round2,37.5,0.907,3
round2,37.5,0.925,5
round2,37.5,0.942,1
round2,37.5,0.98,1
round2,37.5,1,6
round2,37.6,0.576,1
round2,37.6,0.721,1
round2,37.6,0.754,1
round2,37.6,0.778,1
round2,37.6,0.79,1
round2,37.6,0.817,3
round2,37.6,0.831,3
round2,37.6,0.845,2
round2,37.6,0.86,5
round2,37.6,0.875,2
round2,37.6,0.891,3
round2,37.6,0.907,6
round2,37.6,0.925,7
round2,37.6,0.942,3
round2,37.6,0.961,3
round2,37.6,0.98,2
round2,37.6,1,7
round2,37.7,0.671,1
round2,37.7,0.69,1
round2,37.7,0.731,1
round2,37.7,0.742,1
round2,37.7,0.754,2
round2,37.7,0.766,1
round2,37.7,0.79,2
round2,37.7,0.803,4
round2,37.7,0.817,4
round2,37.7,0.831,5
round2,37.7,0.845,2
round2,37.7,0.86,5
round2,37.7,0.875,4
round2,37.7,0.891,1
round2,37.7,0.907,3
round2,37.7,0.925,4
round2,37.7,0.942,2
round2,37.7,1,4
round2,37.8,0.69,1
round2,37.8,0.754,1
round2,37.8,0.766,1
round2,37.8,0.778,2
round2,37.8,0.79,2
round2,37.8,0.831,2
round2,37.8,0.845,2
round2,37.8,0.86,4
round2,37.8,0.875,2
round2,37.8,0.891,1
round2,37.8,0.907,2
round2,37.8,0.925,2
round2,37.8,0.942,2
round2,37.8,0.961,1
round2,37.8,0.98,1
round2,37.8,1,11
round2,37.9,0.576,1
round2,37.9,0.671,1
round2,37.9,0.69,1
round2,37.9,0.766,3
round2,37.9,0.803,1
round2,37.9,0.817,1
round2,37.9,0.831,2
round2,37.9,0.845,2
round2,37.9,0.86,3
round2,37.9,0.875,2
round2,37.9,0.891,2
round2,37.9,0.907,6
round2,37.9,0.925,5
round2,37.9,0.942,7
round2,37.9,0.961,5
round2,37.9,0.98,2
round2,37.9,1,4
round2,38,0.69,1
round2,38,0.71,1
round2,38,0.754,1
round2,38,0.766,1
round2,38,0.79,3
round2,38,0.803,1
round2,38,0.817,2
round2,38,0.845,1
round2,38,0.86,2
round2,38,0.891,5
round2,38,0.907,5
round2,38,0.925,9
round2,38,0.942,1
round2,38,0.961,4
round2,38,0.98,1
round2,38,1,6
round2,38.1,0.576,1
round2,38.1,0.583,1
round2,38.1,0.778,1
round2,38.1,0.79,2
round2,38.1,0.803,3
round2,38.1,0.817,1
round2,38.1,0.831,3
round2,38.1,0.845,4
round2,38.1,0.86,2
round2,38.1,0.875,6
round2,38.1,0.891,2
round2,38.1,0.907,7
round2,38.1,0.925,5
round2,38.1,0.942,4
round2,38.1,0.961,1
round2,38.1,0.98,3
round2,38.1,1,9
round2,38.2,0.59,1
round2,38.2,0.636,2
round2,38.2,0.671,1
round2,38.2,0.721,2
round2,38.2,0.742,1
round2,38.2,0.79,2
round2,38.2,0.803,3
round2,38.2,0.817,1
round2,38.2,0.86,1
round2,38.2,0.875,7
round2,38.2,0.891,5
round2,38.2,0.925,4
round2,38.2,0.942,5
round2,38.2,0.961,3
round2,38.2,0.98,2
round2,38.2,1,5
round2,38.3,0.671,1
round2,38.3,0.69,2
round2,38.3,0.71,1
round2,38.3,0.731,1
round2,38.3,0.754,1
round2,38.3,0.766,3
round2,38.3,0.778,2
round2,38.3,0.79,1
round2,38.3,0.817,3
round2,38.3,0.831,2
round2,38.3,0.845,5
round2,38.3,0.86,2
round2,38.3,0.875,4
round2,38.3,0.891,1
round2,38.3,0.907,1
round2,38.3,0.925,6
round2,38.3,0.942,2
round2,38.3,0.961,3
round2,38.3,1,2
round2,38.4,0.59,1
round2,38.4,0.731,1
round2,38.4,0.754,2
round2,38.4,0.766,2
round2,38.4,0.79,1
round2,38.4,0.831,3
round2,38.4,0.845,3
round2,38.4,0.875,5
round2,38.4,0.891,4
round2,38.4,0.907,3
round2,38.4,0.925,5
round2,38.4,0.942,5
round2,38.4,0.961,5
round2,38.4,0.98,2
round2,38.4,1,8
round2,38.5,0.538,1
round2,38.5,0.7,1
round2,38.5,0.71,1
round2,38.5,0.721,1
round2,38.5,0.731,1
round2,38.5,0.754,1
round2,38.5,0.778,1
round2,38.5,0.817,2
round2,38.5,0.845,3
round2,38.5,0.875,2
round2,38.5,0.891,3
round2,38.5,0.907,3
round2,38.5,0.925,10
round2,38.5,0.942,1
round2,38.5,0.961,4
round2,38.5,0.98,2
round2,38.5,1,3
round2,38.6,0.69,1
round2,38.6,0.754,1
round2,38.6,0.766,1
round2,38.6,0.778,1
round2,38.6,0.79,2
round2,38.6,0.803,2
round2,38.6,0.831,2
round2,38.6,0.845,1
round2,38.6,0.86,1
round2,38.6,0.875,5
round2,38.6,0.891,6
round2,38.6,0.907,2
round2,38.6,0.925,12
round2,38.6,0.942,1
round2,38.6,0.961,1
round2,38.6,1,4
round2,38.7,0.671,1
round2,38.7,0.7,1
round2,38.7,0.731,2
round2,38.7,0.766,2
round2,38.7,0.778,1
round2,38.7,0.803,1
round2,38.7,0.817,1
round2,38.7,0.831,4
round2,38.7,0.86,3
round2,38.7,0.875,2
round2,38.7,0.891,4
round2,38.7,0.907,5
round2,38.7,0.925,3
round2,38.7,0.942,5
round2,38.7,0.961,2
round2,38.7,1,5
round2,38.8,0.636,1
round2,38.8,0.721,1
round2,38.8,0.731,1
round2,38.8,0.754,1
round2,38.8,0.79,1
round2,38.8,0.817,3
round2,38.8,0.831,1
round2,38.8,0.845,2
round2,38.8,0.86,2
round2,38.8,0.875,5
round2,38.8,0.891,5
round2,38.8,0.907,5
round2,38.8,0.925,4
round2,38.8,0.942,2
round2,38.8,0.961,4
round2,38.8,0.98,1
round2,38.8,1,5
round2,38.9,0.576,1
round2,38.9,0.636,1
round2,38.9,0.671,1
round2,38.9,0.681,1
round2,38.9,0.7,1
round2,38.9,0.754,1
round2,38.9,0.778,2
round2,38.9,0.817,2
round2,38.9,0.831,1
round2,38.9,0.845,2
round2,38.9,0.86,5
round2,38.9,0.875,3
round2,38.9,0.891,2
round2,38.9,0.907,6
round2,38.9,0.925,7
round2,38.9,0.942,3
round2,38.9,0.961,5
round2,38.9,0.98,1
round2,38.9,1,5
round2,39,0.71,1
round2,39,0.766,1
round2,39,0.79,1
round2,39,0.803,2
round2,39,0.817,2
round2,39,0.831,1
round2,39,0.845,4
round2,39,0.875,1
round2,39,0.891,2
round2,39,0.907,9
round2,39,0.925,4
round2,39,0.942,4
round2,39,0.961,1
round2,39,0.98,1
round2,39,1,4
round2,39.1,0.778,1
round2,39.1,0.79,1
round2,39.1,0.831,1
round2,39.1,0.845,2
round2,39.1,0.86,2
round2,39.1,0.875,4
round2,39.1,0.891,2
round2,39.1,0.907,7
round2,39.1,0.925,5
round2,39.1,0.942,3
round2,39.1,0.961,1
round2,39.1,1,5
round2,39.2,0.59,1
round2,39.2,0.605,1
round2,39.2,0.671,1
round2,39.2,0.766,1
round2,39.2,0.778,2
round2,39.2,0.79,2
round2,39.2,0.817,1
round2,39.2,0.831,1
round2,39.2,0.845,3
round2,39.2,0.86,1
round2,39.2,0.875,9
round2,39.2,0.891,1
round2,39.2,0.907,5
round2,39.2,0.925,8
round2,39.2,0.942,3
round2,39.2,0.961,1
round2,39.2,1,4
round2,39.3,0.681,1
round2,39.3,0.69,1
round2,39.3,0.71,2
round2,39.3,0.742,1
round2,39.3,0.754,1
round2,39.3,0.766,1
round2,39.3,0.79,2
round2,39.3,0.803,4
round2,39.3,0.817,3
round2,39.3,0.845,1
round2,39.3,0.86,2
round2,39.3,0.875,1
round2,39.3,0.907,5
round2,39.3,0.925,6
round2,39.3,0.942,4
round2,39.3,0.961,1
round2,39.3,0.98,1
round2,39.3,1,2
round2,39.4,0.653,1
round2,39.4,0.662,1
round2,39.4,0.71,1
round2,39.4,0.731,1
round2,39.4,0.754,1
round2,39.4,0.766,2
round2,39.4,0.778,1
round2,39.4,0.79,2
round2,39.4,0.817,3
round2,39.4,0.831,1
round2,39.4,0.845,1
round2,39.4,0.86,5
round2,39.4,0.875,4
round2,39.4,0.891,3
round2,39.4,0.907,4
round2,39.4,0.925,1
round2,39.4,0.942,9
round2,39.4,0.961,5
round2,39.4,0.98,1
round2,39.4,1,5
round2,39.5,0.681,1
round2,39.5,0.721,1
round2,39.5,0.731,2
round2,39.5,0.754,2
round2,39.5,0.778,1
round2,39.5,0.79,1
round2,39.5,0.803,2
round2,39.5,0.817,1
round2,39.5,0.831,2
round2,39.5,0.845,4
round2,39.5,0.86,2
round2,39.5,0.875,2
round2,39.5,0.891,3
round2,39.5,0.907,4
round2,39.5,0.925,4
round2,39.5,0.942,2
round2,39.5,0.961,1
round2,39.5,0.98,2
round2,39.5,1,8
round2,39.6,0.766,1
round2,39.6,0.778,1
round2,39.6,0.79,1
round2,39.6,0.803,1
round2,39.6,0.817,3
round2,39.6,0.831,3
round2,39.6,0.845,2
round2,39.6,0.86,3
round2,39.6,0.875,7
round2,39.6,0.891,3
round2,39.6,0.907,3
round2,39.6,0.925,3
round2,39.6,0.942,5
round2,39.6,0.961,3
round2,39.6,0.98,1
round2,39.6,1,7
round2,39.7,0.71,2
round2,39.7,0.742,1
round2,39.7,0.79,1
round2,39.7,0.817,1
round2,39.7,0.831,3
round2,39.7,0.86,1
round2,39.7,0.875,4
round2,39.7,0.891,4
round2,39.7,0.907,3
round2,39.7,0.925,3
round2,39.7,0.942,3
round2,39.7,1,7
round2,39.8,0.59,1
round2,39.8,0.662,1
round2,39.8,0.71,1
round2,39.8,0.731,1
round2,39.8,0.766,2
round2,39.8,0.79,1
round2,39.8,0.817,2
round2,39.8,0.831,3
round2,39.8,0.845,3
round2,39.8,0.86,1
round2,39.8,0.875,3
round2,39.8,0.891,5
round2,39.8,0.907,2
round2,39.8,0.925,3
round2,39.8,0.942,3
round2,39.8,0.961,3
round2,39.8,0.98,1
round2,39.8,1,5
round2,39.9,0.653,1
round2,39.9,0.71,1
round2,39.9,0.721,1
round2,39.9,0.731,1
round2,39.9,0.778,1
round2,39.9,0.79,1
round2,39.9,0.817,2
round2,39.9,0.831,1
round2,39.9,0.845,3
round2,39.9,0.86,2
round2,39.9,0.875,5
round2,39.9,0.891,3
round2,39.9,0.907,4
round2,39.9,0.925,6
round2,39.9,0.942,4
round2,39.9,0.961,2
round2,39.9,0.98,1
round2,39.9,1,8
round2,40,0.754,2
round2,40,0.766,1
round2,40,0.778,1
round2,40,0.79,1
round2,40,0.803,2
round2,40,0.831,1
round2,40,0.845,2
round2,40,0.86,3
round2,40,0.875,1
round2,40,0.891,4
round2,40,0.907,8
round2,40,0.925,4
round2,40,0.942,4
round2,40,0.961,2
round2,40,0.98,1
round2,40,1,7
round2,40.1,0.653,1
round2,40.1,0.681,1
round2,40.1,0.71,3
round2,40.1,0.721,1
round2,40.1,0.754,1
round2,40.1,0.778,1
round2,40.1,0.831,1
round2,40.1,0.845,1
round2,40.1,0.86,2
round2,40.1,0.875,3
round2,40.1,0.891,2
round2,40.1,0.925,4
round2,40.1,0.942,5
round2,40.1,0.961,2
round2,40.1,1,7
round2,40.2,0.636,1
round2,40.2,0.721,3
round2,40.2,0.742,1
round2,40.2,0.754,1
round2,40.2,0.766,2
round2,40.2,0.778,1
round2,40.2,0.79,2
round2,40.2,0.803,1
round2,40.2,0.817,1
round2,40.2,0.831,4
round2,40.2,0.845,5
round2,40.2,0.86,3
round2,40.2,0.875,1
round2,40.2,0.891,3
round2,40.2,0.907,3
round2,40.2,0.925,6
round2,40.2,0.942,4
round2,40.2,0.961,1
round2,40.2,0.98,1
round2,40.2,1,9
round2,40.3,0.605,1
round2,40.3,0.7,1
round2,40.3,0.721,1
round2,40.3,0.766,1
round2,40.3,0.778,1
round2,40.3,0.79,1
round2,40.3,0.817,2
round2,40.3,0.831,3
round2,40.3,0.845,3
round2,40.3,0.86,2
round2,40.3,0.875,2
round2,40.3,0.891,3
round2,40.3,0.907,5
round2,40.3,0.925,4
round2,40.3,0.942,1
round2,40.3,0.961,3
round2,40.3,0.98,2
round2,40.3,1,4
round2,40.4,0.563,1
round2,40.4,0.636,1
round2,40.4,0.803,1
round2,40.4,0.831,3
round2,40.4,0.845,1
round2,40.4,0.86,4
round2,40.4,0.875,2
round2,40.4,0.891,2
round2,40.4,0.907,7
round2,40.4,0.942,2
round2,40.4,0.961,2
round2,40.4,0.98,1
round2,40.4,1,5
round2,40.5,0.69,1
round2,40.5,0.731,1
round2,40.5,0.778,1
round2,40.5,0.803,1
round2,40.5,0.817,2
round2,40.5,0.831,2
round2,40.5,0.845,2
round2,40.5,0.86,4
round2,40.5,0.875,2
round2,40.5,0.891,2
round2,40.5,0.907,5
round2,40.5,0.925,1
round2,40.5,0.942,1
round2,40.5,0.961,2
round2,40.5,0.98,2
round2,40.5,1,4
round2,40.6,0.69,1
round2,40.6,0.721,1
round2,40.6,0.731,1
round2,40.6,0.742,1
round2,40.6,0.754,1
round2,40.6,0.766,1
round2,40.6,0.803,1
round2,40.6,0.817,4
round2,40.6,0.831,2
round2,40.6,0.845,1
round2,40.6,0.86,5
round2,40.6,0.875,5
round2,40.6,0.907,3
round2,40.6,0.925,8
round2,40.6,0.942,4
round2,40.6,0.961,2
round2,40.6,1,4
round2,40.7,0.636,1
round2,40.7,0.69,1
round2,40.7,0.7,1
round2,40.7,0.754,1
round2,40.7,0.778,1
round2,40.7,0.79,1
round2,40.7,0.803,2
round2,40.7,0.817,3
round2,40.7,0.845,3
round2,40.7,0.86,2
round2,40.7,0.875,5
round2,40.7,0.891,1
round2,40.7,0.907,3
round2,40.7,0.925,7
round2,40.7,0.942,5
round2,40.7,0.961,1
round2,40.7,0.98,1
round2,40.7,1,10
round2,40.8,0.583,1
round2,40.8,0.653,1
round2,40.8,0.671,2
round2,40.8,0.721,1
round2,40.8,0.766,1
round2,40.8,0.778,1
round2,40.8,0.803,2
round2,40.8,0.817,1
round2,40.8,0.831,2
round2,40.8,0.86,5
round2,40.8,0.875,3
round2,40.8,0.891,2
round2,40.8,0.907,5
round2,40.8,0.925,2
round2,40.8,0.942,5
round2,40.8,0.961,2
round2,40.8,0.98,2
round2,40.8,1,1
round2,40.9,0.551,1
round2,40.9,0.628,1
round2,40.9,0.653,1
round2,40.9,0.69,1
round2,40.9,0.731,1
round2,40.9,0.742,1
round2,40.9,0.803,1
round2,40.9,0.817,1
round2,40.9,0.831,4
round2,40.9,0.845,1
round2,40.9,0.875,4
round2,40.9,0.891,1
round2,40.9,0.907,7
round2,40.9,0.925,7
round2,40.9,0.942,2
round2,40.9,0.961,2
round2,40.9,1,8
round2,41,0.62,1
round2,41,0.662,1
round2,41,0.71,1
round2,41,0.778,2
round2,41,0.79,1
round2,41,0.831,2
round2,41,0.845,1
round2,41,0.86,1
round2,41,0.875,4
round2,41,0.891,2
round2,41,0.907,4
round2,41,0.925,2
round2,41,0.942,7
round2,41,0.961,2
round2,41,1,6
round2,41.1,0.62,1
round2,41.1,0.731,1
round2,41.1,0.754,1
round2,41.1,0.803,1
round2,41.1,0.817,3
round2,41.1,0.831,3
round2,41.1,0.845,4
round2,41.1,0.86,1
round2,41.1,0.875,1
round2,41.1,0.891,1
round2,41.1,0.907,5
round2,41.1,0.925,3
round2,41.1,0.942,3
round2,41.1,0.961,4
round2,41.1,0.98,1
round2,41.1,1,5
round2,41.2,0.742,1
round2,41.2,0.778,1
round2,41.2,0.79,1
round2,41.2,0.817,2
round2,41.2,0.831,2
round2,41.2,0.845,3
round2,41.2,0.875,1
round2,41.2,0.891,4
round2,41.2,0.907,3
round2,41.2,0.925,4
round2,41.2,0.942,2
round2,41.2,0.961,4
round2,41.2,0.98,2
round2,41.2,1,4
round2,41.3,0.69,1
round2,41.3,0.754,2
round2,41.3,0.778,1
round2,41.3,0.803,2
round2,41.3,0.817,3
round2,41.3,0.831,3
round2,41.3,0.845,1
round2,41.3,0.86,1
round2,41.3,0.875,3
round2,41.3,0.891,2
round2,41.3,0.907,5
round2,41.3,0.925,8
round2,41.3,0.942,5
round2,41.3,0.961,4
round2,41.3,0.98,1
round2,41.3,1,8
round2,41.4,0.59,1
round2,41.4,0.731,1
round2,41.4,0.742,1
round2,41.4,0.778,1
round2,41.4,0.803,1
round2,41.4,0.817,1
round2,41.4,0.831,1
round2,41.4,0.845,2
round2,41.4,0.86,2
round2,41.4,0.875,5
round2,41.4,0.891,3
round2,41.4,0.907,5
round2,41.4,0.925,2
round2,41.4,0.942,4
round2,41.4,0.961,2
round2,41.4,0.98,2
round2,41.4,1,3
round2,41.5,0.653,1
round2,41.5,0.7,1
round2,41.5,0.721,1
round2,41.5,0.731,1
round2,41.5,0.766,2
round2,41.5,0.778,1
round2,41.5,0.79,2
round2,41.5,0.803,1
round2,41.5,0.817,1
round2,41.5,0.831,4
round2,41.5,0.845,1
round2,41.5,0.86,2
round2,41.5,0.875,3
round2,41.5,0.891,2
round2,41.5,0.907,6
round2,41.5,0.925,9
round2,41.5,0.942,3
round2,41.5,0.961,1
round2,41.5,0.98,1
round2,41.5,1,4
round2,41.6,0.557,1
round2,41.6,0.653,1
round2,41.6,0.7,1
round2,41.6,0.731,1
round2,41.6,0.803,1
round2,41.6,0.817,2
round2,41.6,0.845,1
round2,41.6,0.86,3
round2,41.6,0.875,5
round2,41.6,0.907,6
round2,41.6,0.925,2
round2,41.6,0.942,3
round2,41.6,0.98,2
round2,41.6,1,3
round2,41.7,0.59,1
round2,41.7,0.598,1
round2,41.7,0.605,1
round2,41.7,0.69,1
round2,41.7,0.754,1
round2,41.7,0.778,1
round2,41.7,0.79,2
round2,41.7,0.817,3
round2,41.7,0.845,1
round2,41.7,0.86,4
round2,41.7,0.875,3
round2,41.7,0.891,3
round2,41.7,0.907,2
round2,41.7,0.925,3
round2,41.7,0.942,1
round2,41.7,0.961,1
round2,41.7,1,2
round2,41.8,0.628,1
round2,41.8,0.645,1
round2,41.8,0.681,1
round2,41.8,0.778,2
round2,41.8,0.79,1
round2,41.8,0.803,1
round2,41.8,0.831,1
round2,41.8,0.875,4
round2,41.8,0.891,3
round2,41.8,0.907,8
round2,41.8,0.925,5
round2,41.8,0.942,4
round2,41.8,0.961,2
round2,41.8,1,6
round2,41.9,0.636,1
round2,41.9,0.7,1
round2,41.9,0.742,2
round2,41.9,0.79,1
round2,41.9,0.803,1
round2,41.9,0.817,3
round2,41.9,0.831,1
round2,41.9,0.845,3
round2,41.9,0.86,6
round2,41.9,0.875,5
round2,41.9,0.891,1
round2,41.9,0.907,4
round2,41.9,0.925,3
round2,41.9,0.942,8
round2,41.9,0.98,1
round2,41.9,1,7
round2,42,0.598,1
round2,42,0.721,1
round2,42,0.754,2
round2,42,0.778,1
round2,42,0.79,2
round2,42,0.803,2
round2,42,0.831,2
round2,42,0.845,2
round2,42,0.86,1
round2,42,0.875,3
round2,42,0.891,4
round2,42,0.907,5
round2,42,0.925,4
round2,42,0.942,4
round2,42,0.961,5
round2,42,0.98,2
round2,42,1,3
round2,42.1,0.605,1
round2,42.1,0.653,2
round2,42.1,0.681,1
round2,42.1,0.742,1
round2,42.1,0.766,2
round2,42.1,0.778,2
round2,42.1,0.79,1
round2,42.1,0.803,3
round2,42.1,0.817,1
round2,42.1,0.845,2
round2,42.1,0.875,3
round2,42.1,0.891,1
round2,42.1,0.907,3
round2,42.1,0.925,5
round2,42.1,0.942,3
round2,42.1,0.961,1
round2,42.1,1,2
round2,42.2,0.392,1
round2,42.2,0.662,1
round2,42.2,0.754,1
round2,42.2,0.778,1
round2,42.2,0.817,2
round2,42.2,0.831,2
round2,42.2,0.845,1
round2,42.2,0.86,2
round2,42.2,0.875,2
round2,42.2,0.891,4
round2,42.2,0.907,1
round2,42.2,0.925,7
round2,42.2,0.942,4
round2,42.2,0.961,4
round2,42.2,0.98,1
round2,42.2,1,3
round2,42.3,0.69,2
round2,42.3,0.731,2
round2,42.3,0.79,2
round2,42.3,0.845,1
round2,42.3,0.86,2
round2,42.3,0.875,2
round2,42.3,0.891,5
round2,42.3,0.907,3
round2,42.3,0.925,5
round2,42.3,0.942,3
round2,42.3,0.961,1
round2,42.3,1,6
round2,42.4,0.731,2
round2,42.4,0.742,1
round2,42.4,0.778,1
round2,42.4,0.817,1
round2,42.4,0.831,3
round2,42.4,0.845,1
round2,42.4,0.86,3
round2,42.4,0.875,2
round2,42.4,0.891,3
round2,42.4,0.907,1
round2,42.4,0.925,6
round2,42.4,0.942,4
round2,42.4,0.961,1
round2,42.4,0.98,1
round2,42.4,1,5
round2,42.5,0.7,1
round2,42.5,0.778,1
round2,42.5,0.79,1
round2,42.5,0.803,3
round2,42.5,0.831,1
round2,42.5,0.845,2
round2,42.5,0.875,2
round2,42.5,0.891,7
round2,42.5,0.907,4
round2,42.5,0.925,7
round2,42.5,0.942,2
round2,42.5,0.961,1
round2,42.5,0.98,1
round2,42.5,1,4
round2,42.6,0.71,1
round2,42.6,0.742,1
round2,42.6,0.766,1
round2,42.6,0.778,1
round2,42.6,0.79,1
round2,42.6,0.803,1
round2,42.6,0.817,1
round2,42.6,0.831,2
round2,42.6,0.86,5
round2,42.6,0.875,1
round2,42.6,0.891,4
round2,42.6,0.907,3
round2,42.6,0.925,7
round2,42.6,0.942,4
round2,42.6,0.961,3
round2,42.6,1,8
round2,42.7,0.671,1
round2,42.7,0.71,1
round2,42.7,0.742,2
round2,42.7,0.766,1
round2,42.7,0.803,2
round2,42.7,0.817,1
round2,42.7,0.845,4
round2,42.7,0.86,2
round2,42.7,0.875,2
round2,42.7,0.891,5
round2,42.7,0.907,3
round2,42.7,0.925,4
round2,42.7,0.942,4
round2,42.7,0.98,1
round2,42.7,1,5
round2,42.8,0.605,1
round2,42.8,0.613,1
round2,42.8,0.766,2
round2,42.8,0.817,3
round2,42.8,0.831,4
round2,42.8,0.845,2
round2,42.8,0.86,2
round2,42.8,0.875,1
round2,42.8,0.891,4
round2,42.8,0.907,4
round2,42.8,0.925,4
round2,42.8,0.942,2
round2,42.8,0.961,2
round2,42.8,0.98,1
round2,42.8,1,7
round2,42.9,0.71,2
round2,42.9,0.731,1
round2,42.9,0.754,1
round2,42.9,0.79,1
round2,42.9,0.803,1
round2,42.9,0.831,1
round2,42.9,0.845,5
round2,42.9,0.86,1
round2,42.9,0.875,3
round2,42.9,0.891,1
round2,42.9,0.907,1
round2,42.9,0.925,3
round2,42.9,0.942,4
round2,42.9,0.961,5
round2,42.9,0.98,1
round2,42.9,1,6
round2,43,0.653,1
round2,43,0.731,1
round2,43,0.766,1
round2,43,0.778,2
round2,43,0.831,2
round2,43,0.86,3
round2,43,0.875,3
round2,43,0.891,2
round2,43,0.907,3
round2,43,0.925,4
round2,43,0.942,3
round2,43,0.961,5
round2,43,1,7
round2,43.1,0.71,1
round2,43.1,0.721,1
round2,43.1,0.742,1
round2,43.1,0.831,2
round2,43.1,0.845,2
round2,43.1,0.86,2
round2,43.1,0.875,1
round2,43.1,0.891,4
round2,43.1,0.907,3
round2,43.1,0.925,5
round2,43.1,0.942,2
round2,43.1,1,5
round2,43.2,0.645,1
round2,43.2,0.69,1
round2,43.2,0.731,1
round2,43.2,0.754,1
round2,43.2,0.79,1
round2,43.2,0.831,3
round2,43.2,0.845,2
round2,43.2,0.86,2
round2,43.2,0.875,2
round2,43.2,0.891,1
round2,43.2,0.907,5
round2,43.2,0.925,2
round2,43.2,0.942,5
round2,43.2,0.961,2
round2,43.2,1,5
round2,43.3,0.671,1
round2,43.3,0.778,2
round2,43.3,0.803,1
round2,43.3,0.817,2
round2,43.3,0.831,2
round2,43.3,0.845,4
round2,43.3,0.86,4
round2,43.3,0.875,4
round2,43.3,0.891,2
round2,43.3,0.907,4
round2,43.3,0.925,4
round2,43.3,0.942,3
round2,43.3,1,10
round2,43.4,0.62,1
round2,43.4,0.671,1
round2,43.4,0.69,1
round2,43.4,0.721,1
round2,43.4,0.731,1
round2,43.4,0.766,1
round2,43.4,0.778,2
round2,43.4,0.817,3
round2,43.4,0.831,1
round2,43.4,0.845,1
round2,43.4,0.86,2
round2,43.4,0.875,2
round2,43.4,0.891,1
round2,43.4,0.907,2
round2,43.4,0.925,2
round2,43.4,0.942,3
round2,43.4,0.961,4
round2,43.4,1,2
round2,43.5,0.731,1
round2,43.5,0.79,1
round2,43.5,0.803,1
round2,43.5,0.831,2
round2,43.5,0.845,1
round2,43.5,0.86,2
round2,43.5,0.875,9
round2,43.5,0.891,3
round2,43.5,0.907,5
round2,43.5,0.925,4
round2,43.5,0.942,2
round2,43.5,0.961,1
round2,43.5,1,4
round2,43.6,0.71,1
round2,43.6,0.721,1
round2,43.6,0.754,1
round2,43.6,0.766,1
round2,43.6,0.803,1
round2,43.6,0.831,3
round2,43.6,0.86,1
round2,43.6,0.875,6
round2,43.6,0.891,3
round2,43.6,0.907,2
round2,43.6,0.925,4
round2,43.6,0.942,3
round2,43.6,0.961,1
round2,43.6,1,7
round2,43.7,0.671,1
round2,43.7,0.69,1
round2,43.7,0.742,1
round2,43.7,0.778,2
round2,43.7,0.79,2
round2,43.7,0.803,1
round2,43.7,0.831,2
round2,43.7,0.845,1
round2,43.7,0.86,4
round2,43.7,0.875,5
round2,43.7,0.891,1
round2,43.7,0.907,2
round2,43.7,0.925,4
round2,43.7,0.942,2
round2,43.7,0.961,1
round2,43.7,1,6
round2,43.8,0.636,1
round2,43.8,0.721,2
round2,43.8,0.742,1
round2,43.8,0.754,2
round2,43.8,0.766,1
round2,43.8,0.79,1
round2,43.8,0.803,1
round2,43.8,0.817,2
round2,43.8,0.831,1
round2,43.8,0.845,4
round2,43.8,0.86,3
round2,43.8,0.875,2
round2,43.8,0.891,1
round2,43.8,0.907,6
round2,43.8,0.925,2
round2,43.8,0.942,4
round2,43.8,0.961,2
round2,43.8,0.98,1
round2,43.8,1,7
round2,43.9,0.62,1
round2,43.9,0.754,1
round2,43.9,0.766,1
round2,43.9,0.817,1
round2,43.9,0.831,1
round2,43.9,0.875,4
round2,43.9,0.891,5
round2,43.9,0.907,7
round2,43.9,0.925,8
round2,43.9,0.942,4
round2,43.9,0.961,1
round2,43.9,0.98,1
round2,43.9,1,12
round2,44,0.563,1
round2,44,0.662,1
round2,44,0.69,1
round2,44,0.754,2
round2,44,0.766,3
round2,44,0.778,2
round2,44,0.803,1
round2,44,0.817,1
round2,44,0.831,1
round2,44,0.845,1
round2,44,0.86,1
round2,44,0.875,1
round2,44,0.891,2
round2,44,0.907,1
round2,44,0.925,3
round2,44,0.942,3
round2,44,0.961,2
round2,44,1,6
round2,44.1,0.576,1
round2,44.1,0.742,1
round2,44.1,0.754,1
round2,44.1,0.766,2
round2,44.1,0.778,1
round2,44.1,0.79,1
round2,44.1,0.803,1
round2,44.1,0.817,2
round2,44.1,0.831,3
round2,44.1,0.845,4
round2,44.1,0.86,1
round2,44.1,0.875,5
round2,44.1,0.891,3
round2,44.1,0.907,4
round2,44.1,0.925,6
round2,44.1,0.942,1
round2,44.1,0.98,1
round2,44.1,1,8
round2,44.2,0.7,1
round2,44.2,0.71,2
round2,44.2,0.731,1
round2,44.2,0.742,2
round2,44.2,0.754,3
round2,44.2,0.778,2
round2,44.2,0.79,1
round2,44.2,0.803,1
round2,44.2,0.817,1
round2,44.2,0.831,1
round2,44.2,0.845,1
round2,44.2,0.86,5
round2,44.2,0.891,3
round2,44.2,0.907,4
round2,44.2,0.925,5
round2,44.2,0.942,2
round2,44.2,0.961,4
round2,44.2,0.98,1
round2,44.2,1,5
round2,44.3,0.69,1
round2,44.3,0.71,1
round2,44.3,0.742,1
round2,44.3,0.79,1
round2,44.3,0.803,4
round2,44.3,0.817,2
round2,44.3,0.86,1
round2,44.3,0.875,2
round2,44.3,0.891,2
round2,44.3,0.907,5
round2,44.3,0.925,3
round2,44.3,0.942,3
round2,44.3,0.961,2
round2,44.3,0.98,1
round2,44.3,1,10
round2,44.4,0.598,1
round2,44.4,0.636,1
round2,44.4,0.742,2
round2,44.4,0.754,1
round2,44.4,0.766,1
round2,44.4,0.803,1
round2,44.4,0.845,1
round2,44.4,0.86,2
round2,44.4,0.875,3
round2,44.4,0.891,2
round2,44.4,0.907,5
round2,44.4,0.925,7
round2,44.4,0.961,3
round2,44.4,0.98,1
round2,44.4,1,5
round2,44.5,0.62,1
round2,44.5,0.69,1
round2,44.5,0.721,1
round2,44.5,0.766,1
round2,44.5,0.778,1
round2,44.5,0.79,1
round2,44.5,0.817,1
round2,44.5,0.831,2
round2,44.5,0.86,1
round2,44.5,0.875,6
round2,44.5,0.891,2
round2,44.5,0.907,9
round2,44.5,0.925,4
round2,44.5,0.961,1
round2,44.5,0.98,2
round2,44.5,1,2
round2,44.6,0.645,1
round2,44.6,0.731,1
round2,44.6,0.778,1
round2,44.6,0.845,4
round2,44.6,0.86,4
round2,44.6,0.875,1
round2,44.6,0.907,2
round2,44.6,0.925,1
round2,44.6,0.942,4
round2,44.6,0.961,2
round2,44.6,0.98,2
round2,44.6,1,6
round2,44.7,0.731,1
round2,44.7,0.766,1
round2,44.7,0.778,1
round2,44.7,0.79,1
round2,44.7,0.803,2
round2,44.7,0.817,2
round2,44.7,0.845,3
round2,44.7,0.86,1
round2,44.7,0.875,5
round2,44.7,0.891,4
round2,44.7,0.907,2
round2,44.7,0.925,3
round2,44.7,0.961,8
round2,44.7,0.98,1
round2,44.7,1,9
round2,44.8,0.7,1
round2,44.8,0.754,1
round2,44.8,0.778,1
round2,44.8,0.817,1
round2,44.8,0.845,4
round2,44.8,0.86,4
round2,44.8,0.891,4
round2,44.8,0.907,3
round2,44.8,0.925,2
round2,44.8,0.942,4
round2,44.8,0.961,1
round2,44.8,1,5
round2,44.9,0.653,1
round2,44.9,0.671,1
round2,44.9,0.803,1
round2,44.9,0.817,3
round2,44.9,0.831,1
round2,44.9,0.845,4
round2,44.9,0.86,1
round2,44.9,0.875,5
round2,44.9,0.891,5
round2,44.9,0.907,4
round2,44.9,0.925,6
round2,44.9,0.942,1
round2,44.9,0.961,2
round2,44.9,0.98,1
round2,44.9,1,5
round2,45,0.803,2
round2,45,0.817,1
round2,45,0.86,1
round2,45,0.875,1
round2,45,0.891,1
round2,45,0.907,3
round2,45,0.925,8
round2,45,0.942,2
round2,45,0.961,1
round2,45,1,9
round2,45.1,0.605,1
round2,45.1,0.754,1
round2,45.1,0.766,1
round2,45.1,0.778,1
round2,45.1,0.79,1
round2,45.1,0.817,2
round2,45.1,0.845,1
round2,45.1,0.86,2
round2,45.1,0.875,4
round2,45.1,0.891,2
round2,45.1,0.907,1
round2,45.1,0.925,6
round2,45.1,0.942,3
round2,45.1,0.961,2
round2,45.1,0.98,1
round2,45.1,1,5
round2,45.2,0.721,1
round2,45.2,0.754,1
round2,45.2,0.817,1
round2,45.2,0.831,2
round2,45.2,0.86,1
round2,45.2,0.875,1
round2,45.2,0.907,4
round2,45.2,0.925,3
round2,45.2,0.942,5
round2,45.2,0.961,1
round2,45.2,0.98,2
round2,45.2,1,5
round2,45.3,0.613,1
round2,45.3,0.71,1
round2,45.3,0.754,2
round2,45.3,0.831,1
round2,45.3,0.845,6
round2,45.3,0.875,4
round2,45.3,0.891,1
round2,45.3,0.907,3
round2,45.3,0.925,9
round2,45.3,0.942,4
round2,45.3,0.961,2
round2,45.3,0.98,1
round2,45.3,1,4
round2,45.4,0.653,1
round2,45.4,0.71,1
round2,45.4,0.731,1
round2,45.4,0.778,1
round2,45.4,0.803,2
round2,45.4,0.817,4
round2,45.4,0.831,3
round2,45.4,0.86,4
round2,45.4,0.875,2
round2,45.4,0.891,5
round2,45.4,0.907,3
round2,45.4,0.925,2
round2,45.4,0.942,1
round2,45.4,0.961,4
round2,45.4,1,5
round2,45.5,0.803,1
round2,45.5,0.817,3
round2,45.5,0.831,2
round2,45.5,0.86,2
round2,45.5,0.875,3
round2,45.5,0.891,1
round2,45.5,0.907,3
round2,45.5,0.925,6
round2,45.5,0.942,7
round2,45.5,0.961,2
round2,45.5,1,9
round2,45.6,0.69,1
round2,45.6,0.79,1
round2,45.6,0.817,1
round2,45.6,0.831,2
round2,45.6,0.86,2
round2,45.6,0.875,3
round2,45.6,0.891,3
round2,45.6,0.907,5
round2,45.6,0.925,3
round2,45.6,0.942,2
round2,45.6,0.98,1
round2,45.6,1,4
round2,45.7,0.71,1
round2,45.7,0.742,1
round2,45.7,0.778,1
round2,45.7,0.79,1
round2,45.7,0.803,1
round2,45.7,0.845,2
round2,45.7,0.86,3
round2,45.7,0.875,2
round2,45.7,0.891,2
round2,45.7,0.907,1
round2,45.7,0.925,2
round2,45.7,0.942,3
round2,45.7,0.961,1
round2,45.7,0.98,2
round2,45.7,1,4
round2,45.8,0.598,1
round2,45.8,0.7,1
round2,45.8,0.71,1
round2,45.8,0.731,3
round2,45.8,0.766,1
round2,45.8,0.817,2
round2,45.8,0.845,3
round2,45.8,0.86,3
round2,45.8,0.875,7
round2,45.8,0.891,6
round2,45.8,0.907,4
round2,45.8,0.925,2
round2,45.8,0.942,1
round2,45.8,0.98,1
round2,45.8,1,3
round2,45.9,0.521,1
round2,45.9,0.7,1
round2,45.9,0.731,1
round2,45.9,0.79,2
round2,45.9,0.803,4
round2,45.9,0.817,1
round2,45.9,0.831,3
round2,45.9,0.845,2
round2,45.9,0.86,2
round2,45.9,0.875,2
round2,45.9,0.907,3
round2,45.9,0.925,3
round2,45.9,0.942,1
round2,45.9,0.961,2
round2,45.9,1,9
round2,46,0.71,1
round2,46,0.721,1
round2,46,0.766,1
round2,46,0.803,1
round2,46,0.817,2
round2,46,0.831,2
round2,46,0.845,1
round2,46,0.86,4
round2,46,0.875,2
round2,46,0.891,2
round2,46,0.907,5
round2,46,0.925,5
round2,46,0.942,3
round2,46,0.961,1
round2,46,0.98,1
round2,46,1,4
round2,46.1,0.62,1
round2,46.1,0.645,1
round2,46.1,0.766,1
round2,46.1,0.778,1
round2,46.1,0.79,1
round2,46.1,0.803,2
round2,46.1,0.817,1
round2,46.1,0.845,3
round2,46.1,0.86,2
round2,46.1,0.875,3
round2,46.1,0.891,1
round2,46.1,0.907,1
round2,46.1,0.925,4
round2,46.1,0.942,2
round2,46.1,0.961,3
round2,46.1,0.98,1
round2,46.1,1,5
round2,46.2,0.544,1
round2,46.2,0.69,1
round2,46.2,0.766,1
round2,46.2,0.778,1
round2,46.2,0.79,1
round2,46.2,0.817,1
round2,46.2,0.831,1
round2,46.2,0.845,3
round2,46.2,0.86,1
round2,46.2,0.875,2
round2,46.2,0.891,3
round2,46.2,0.907,3
round2,46.2,0.925,2
round2,46.2,0.942,2
round2,46.2,1,8
round2,46.3,0.681,1
round2,46.3,0.79,1
round2,46.3,0.803,2
round2,46.3,0.817,1
round2,46.3,0.831,2
round2,46.3,0.845,1
round2,46.3,0.86,3
round2,46.3,0.875,3
round2,46.3,0.891,4
round2,46.3,0.907,1
round2,46.3,0.925,2
round2,46.3,0.942,2
round2,46.3,0.961,2
round2,46.3,1,9
round2,46.4,0.754,1
round2,46.4,0.766,1
round2,46.4,0.778,1
round2,46.4,0.803,1
round2,46.4,0.817,1
round2,46.4,0.831,2
round2,46.4,0.845,1
round2,46.4,0.86,2
round2,46.4,0.891,4
round2,46.4,0.907,1
round2,46.4,0.925,2
round2,46.4,0.942,1
round2,46.4,0.961,2
round2,46.4,0.98,3
round2,46.4,1,4
round2,46.5,0.653,1
round2,46.5,0.671,1
round2,46.5,0.7,1
round2,46.5,0.731,1
round2,46.5,0.742,1
round2,46.5,0.766,1
round2,46.5,0.817,4
round2,46.5,0.831,2
round2,46.5,0.845,5
round2,46.5,0.86,1
round2,46.5,0.875,5
round2,46.5,0.891,2
round2,46.5,0.907,6
round2,46.5,0.925,6
round2,46.5,0.942,6
round2,46.5,0.961,1
round2,46.5,1,6
round2,46.6,0.521,1
round2,46.6,0.538,1
round2,46.6,0.671,1
round2,46.6,0.731,1
round2,46.6,0.817,1
round2,46.6,0.831,2
round2,46.6,0.845,2
round2,46.6,0.86,1
round2,46.6,0.891,3
round2,46.6,0.907,3
round2,46.6,0.925,3
round2,46.6,0.942,2
round2,46.6,0.961,2
round2,46.6,0.98,2
round2,46.6,1,5
round2,46.7,0.598,1
round2,46.7,0.62,1
round2,46.7,0.71,1
round2,46.7,0.731,1
round2,46.7,0.803,1
round2,46.7,0.817,1
round2,46.7,0.831,2
round2,46.7,0.845,2
round2,46.7,0.86,1
round2,46.7,0.875,2
round2,46.7,0.891,3
round2,46.7,0.907,3
round2,46.7,0.925,10
round2,46.7,0.942,3
round2,46.7,1,3
round2,46.8,0.742,1
round2,46.8,0.79,1
round2,46.8,0.803,1
round2,46.8,0.817,2
round2,46.8,0.86,4
round2,46.8,0.891,3
round2,46.8,0.907,1
round2,46.8,0.925,8
round2,46.8,0.942,5
round2,46.8,0.961,5
round2,46.8,0.98,1
round2,46.8,1,4
round2,46.9,0.533,1
round2,46.9,0.721,1
round2,46.9,0.754,1
round2,46.9,0.778,1
round2,46.9,0.79,3
round2,46.9,0.803,1
round2,46.9,0.831,1
round2,46.9,0.845,6
round2,46.9,0.875,3
round2,46.9,0.891,4
round2,46.9,0.907,6
round2,46.9,0.925,2
round2,46.9,0.942,1
round2,46.9,0.961,3
round2,46.9,0.98,1
round2,46.9,1,5
round2,47,0.7,1
round2,47,0.766,3
round2,47,0.778,1
round2,47,0.79,3
round2,47,0.817,1
round2,47,0.86,2
round2,47,0.875,5
round2,47,0.891,1
round2,47,0.907,4
round2,47,0.925,6
round2,47,0.942,3
round2,47,0.961,4
round2,47,0.98,1
round2,47,1,6
round2,47.1,0.778,1
round2,47.1,0.79,1
round2,47.1,0.817,1
round2,47.1,0.831,2
round2,47.1,0.875,4
round2,47.1,0.891,3
round2,47.1,0.907,4
round2,47.1,0.925,1
round2,47.1,0.942,2
round2,47.1,0.961,3
round2,47.1,0.98,3
round2,47.1,1,10
round2,47.2,0.69,1
round2,47.2,0.71,2
round2,47.2,0.731,2
round2,47.2,0.778,1
round2,47.2,0.79,1
round2,47.2,0.803,2
round2,47.2,0.845,3
round2,47.2,0.86,1
round2,47.2,0.875,4
round2,47.2,0.891,5
round2,47.2,0.907,3
round2,47.2,0.925,7
round2,47.2,0.942,5
round2,47.2,0.961,1
round2,47.2,0.98,1
round2,47.2,1,9
round2,47.3,0.731,1
round2,47.3,0.778,1
round2,47.3,0.79,2
round2,47.3,0.817,3
round2,47.3,0.831,2
round2,47.3,0.86,2
round2,47.3,0.875,1
round2,47.3,0.891,2
round2,47.3,0.907,1
round2,47.3,0.925,4
round2,47.3,0.942,1
round2,47.3,0.961,2
round2,47.3,0.98,3
round2,47.3,1,2
round2,47.4,0.653,1
round2,47.4,0.7,1
round2,47.4,0.71,1
round2,47.4,0.731,1
round2,47.4,0.754,1
round2,47.4,0.79,1
round2,47.4,0.831,1
round2,47.4,0.845,2
round2,47.4,0.86,1
round2,47.4,0.891,4
round2,47.4,0.907,5
round2,47.4,0.925,4
round2,47.4,0.942,2
round2,47.4,0.961,2
round2,47.4,1,4
round2,47.5,0.653,1
round2,47.5,0.766,2
round2,47.5,0.778,2
round2,47.5,0.803,2
round2,47.5,0.817,4
round2,47.5,0.845,2
round2,47.5,0.86,2
round2,47.5,0.875,8
round2,47.5,0.891,4
round2,47.5,0.907,1
round2,47.5,0.925,6
round2,47.5,0.942,3
round2,47.5,1,6
round2,47.6,0.605,1
round2,47.6,0.754,1
round2,47.6,0.79,1
round2,47.6,0.803,2
round2,47.6,0.817,1
round2,47.6,0.845,1
round2,47.6,0.86,1
round2,47.6,0.891,1
round2,47.6,0.907,1
round2,47.6,0.925,3
round2,47.6,0.942,1
round2,47.6,0.961,2
round2,47.6,1,3
round2,47.7,0.636,1
round2,47.7,0.653,1
round2,47.7,0.7,1
round2,47.7,0.71,1
round2,47.7,0.721,1
round2,47.7,0.731,1
round2,47.7,0.742,1
round2,47.7,0.754,1
round2,47.7,0.79,1
round2,47.7,0.817,1
round2,47.7,0.831,2
round2,47.7,0.845,2
round2,47.7,0.875,4
round2,47.7,0.891,2
round2,47.7,0.907,6
round2,47.7,0.925,1
round2,47.7,0.942,2
round2,47.7,0.961,2
round2,47.7,0.98,2
round2,47.7,1,3
round2,47.8,0.754,2
round2,47.8,0.766,1
round2,47.8,0.778,1
round2,47.8,0.803,1
round2,47.8,0.817,1
round2,47.8,0.831,2
round2,47.8,0.845,2
round2,47.8,0.86,2
round2,47.8,0.891,3
round2,47.8,0.907,2
round2,47.8,0.925,1
round2,47.8,0.942,1
round2,47.8,0.961,2
round2,47.8,0.98,2
round2,47.8,1,3
round2,47.9,0.681,1
round2,47.9,0.754,1
round2,47.9,0.766,1
round2,47.9,0.778,1
round2,47.9,0.803,2
round2,47.9,0.817,2
round2,47.9,0.845,2
round2,47.9,0.891,2
round2,47.9,0.907,3
round2,47.9,0.925,4
round2,47.9,0.942,2
round2,47.9,0.961,3
round2,47.9,1,4
round2,48,0.742,1
round2,48,0.766,2
round2,48,0.817,2
round2,48,0.831,2
round2,48,0.845,1
round2,48,0.891,3
round2,48,0.907,3
round2,48,0.925,3
round2,48,0.942,4
round2,48,0.961,2
round2,48,0.98,1
round2,48,1,1
round2,48.1,0.71,1
round2,48.1,0.731,1
round2,48.1,0.766,1
round2,48.1,0.778,1
round2,48.1,0.79,1
round2,48.1,0.817,1
round2,48.1,0.831,2
round2,48.1,0.845,3
round2,48.1,0.86,1
round2,48.1,0.875,3
round2,48.1,0.891,1
round2,48.1,0.907,4
round2,48.1,0.925,4
round2,48.1,0.942,2
round2,48.1,0.961,3
round2,48.1,1,6
round2,48.2,0.527,1
round2,48.2,0.59,1
round2,48.2,0.69,2
round2,48.2,0.721,1
round2,48.2,0.742,1
round2,48.2,0.803,2
round2,48.2,0.817,1
round2,48.2,0.831,2
round2,48.2,0.86,2
round2,48.2,0.875,1
round2,48.2,0.891,2
round2,48.2,0.925,6
round2,48.2,0.942,1
round2,48.2,0.961,2
round2,48.2,1,7
round2,48.3,0.671,1
round2,48.3,0.731,1
round2,48.3,0.766,1
round2,48.3,0.778,1
round2,48.3,0.831,1
round2,48.3,0.845,5
round2,48.3,0.86,3
round2,48.3,0.875,1
round2,48.3,0.891,2
round2,48.3,0.907,4
round2,48.3,0.925,4
round2,48.3,0.942,4
round2,48.3,0.961,1
round2,48.3,0.98,2
round2,48.3,1,5
round2,48.4,0.721,1
round2,48.4,0.754,2
round2,48.4,0.766,1
round2,48.4,0.803,1
round2,48.4,0.817,1
round2,48.4,0.831,3
round2,48.4,0.845,2
round2,48.4,0.86,2
round2,48.4,0.875,1
round2,48.4,0.891,1
round2,48.4,0.907,2
round2,48.4,0.925,4
round2,48.4,0.942,3
round2,48.4,0.961,1
round2,48.4,0.98,3
round2,48.4,1,2
round2,48.5,0.7,1
round2,48.5,0.766,1
round2,48.5,0.803,1
round2,48.5,0.817,3
round2,48.5,0.875,2
round2,48.5,0.891,2
round2,48.5,0.907,1
round2,48.5,0.925,5
round2,48.5,0.942,3
round2,48.5,0.961,1
round2,48.5,0.98,1
round2,48.5,1,3
round2,48.6,0.62,1
round2,48.6,0.71,1
round2,48.6,0.817,1
round2,48.6,0.831,2
round2,48.6,0.845,2
round2,48.6,0.86,3
round2,48.6,0.891,2
round2,48.6,0.907,1
round2,48.6,0.925,6
round2,48.6,0.942,3
round2,48.6,0.961,3
round2,48.6,1,7
round2,48.7,0.653,1
round2,48.7,0.754,2
round2,48.7,0.79,2
round2,48.7,0.831,3
round2,48.7,0.845,2
round2,48.7,0.86,1
round2,48.7,0.875,3
round2,48.7,0.891,3
round2,48.7,0.907,4
round2,48.7,0.925,5
round2,48.7,0.942,3
round2,48.7,0.961,1
round2,48.7,0.98,1
round2,48.7,1,3
round2,48.8,0.636,1
round2,48.8,0.731,1
round2,48.8,0.778,1
round2,48.8,0.79,1
round2,48.8,0.817,2
round2,48.8,0.831,1
round2,48.8,0.845,2
round2,48.8,0.86,4
round2,48.8,0.875,2
round2,48.8,0.891,3
round2,48.8,0.907,5
round2,48.8,0.925,4
round2,48.8,0.942,1
round2,48.8,0.961,4
round2,48.8,0.98,2
round2,48.8,1,4
round2,48.9,0.69,1
round2,48.9,0.7,1
round2,48.9,0.731,1
round2,48.9,0.817,1
round2,48.9,0.831,2
round2,48.9,0.845,2
round2,48.9,0.86,1
round2,48.9,0.875,1
round2,48.9,0.891,5
round2,48.9,0.907,3
round2,48.9,0.925,2
round2,48.9,0.942,3
round2,48.9,0.961,2
round2,48.9,1,3
round2,49,0.653,1
round2,49,0.71,1
round2,49,0.721,1
round2,49,0.754,1
round2,49,0.766,1
round2,49,0.778,1
round2,49,0.875,4
round2,49,0.891,1
round2,49,0.907,1
round2,49,0.925,3
round2,49,0.942,2
round2,49,0.961,2
round2,49,0.98,1
round2,49,1,5
round2,49.1,0.636,1
round2,49.1,0.731,1
round2,49.1,0.742,1
round2,49.1,0.766,2
round2,49.1,0.778,2
round2,49.1,0.79,1
round2,49.1,0.803,1
round2,49.1,0.817,3
round2,49.1,0.831,1
round2,49.1,0.845,3
round2,49.1,0.86,2
round2,49.1,0.875,2
round2,49.1,0.891,2
round2,49.1,0.907,4
round2,49.1,0.925,1
round2,49.1,0.942,2
round2,49.1,0.961,1
round2,49.1,1,5
round2,49.2,0.681,1
round2,49.2,0.69,1
round2,49.2,0.71,1
round2,49.2,0.721,1
round2,49.2,0.742,1
round2,49.2,0.754,1
round2,49.2,0.766,1
round2,49.2,0.79,2
round2,49.2,0.803,1
round2,49.2,0.831,1
round2,49.2,0.845,1
round2,49.2,0.86,2
round2,49.2,0.875,3
round2,49.2,0.891,1
round2,49.2,0.907,2
round2,49.2,0.925,2
round2,49.2,0.942,3
round2,49.2,0.961,2
round2,49.2,0.98,1
round2,49.2,1,3
round2,49.3,0.681,2
round2,49.3,0.766,1
round2,49.3,0.817,2
round2,49.3,0.831,1
round2,49.3,0.86,2
round2,49.3,0.875,2
round2,49.3,0.891,1
round2,49.3,0.907,1
round2,49.3,0.925,3
round2,49.3,0.942,3
round2,49.3,0.961,2
round2,49.3,1,4
round2,49.4,0.766,3
round2,49.4,0.79,2
round2,49.4,0.803,1
round2,49.4,0.817,1
round2,49.4,0.831,1
round2,49.4,0.845,2
round2,49.4,0.86,1
round2,49.4,0.891,2
round2,49.4,0.907,3
round2,49.4,0.925,4
round2,49.4,0.942,4
round2,49.4,0.961,2
round2,49.4,1,8
round2,49.5,0.69,1
round2,49.5,0.742,1
round2,49.5,0.778,1
round2,49.5,0.803,2
round2,49.5,0.831,2
round2,49.5,0.845,1
round2,49.5,0.86,3
round2,49.5,0.875,2
round2,49.5,0.907,2
round2,49.5,0.925,3
round2,49.5,0.942,2
round2,49.5,0.961,3
round2,49.5,0.98,1
round2,49.5,1,3
round2,49.6,0.563,1
round2,49.6,0.636,1
round2,49.6,0.653,1
round2,49.6,0.7,1
round2,49.6,0.71,1
round2,49.6,0.742,1
round2,49.6,0.778,1
round2,49.6,0.803,1
round2,49.6,0.817,1
round2,49.6,0.845,1
round2,49.6,0.86,3
round2,49.6,0.875,1
round2,49.6,0.907,2
round2,49.6,0.925,2
round2,49.6,0.942,2
round2,49.6,0.961,2
round2,49.6,0.98,2
round2,49.6,1,10
round2,49.7,0.653,1
round2,49.7,0.754,1
round2,49.7,0.817,1
round2,49.7,0.845,3
round2,49.7,0.86,3
round2,49.7,0.875,3
round2,49.7,0.891,3
round2,49.7,0.907,2
round2,49.7,0.925,3
round2,49.7,0.942,3
round2,49.7,0.98,1
round2,49.7,1,3
round2,49.8,0.731,1
round2,49.8,0.742,1
round2,49.8,0.79,1
round2,49.8,0.817,1
round2,49.8,0.831,2
round2,49.8,0.86,1
round2,49.8,0.875,2
round2,49.8,0.891,1
round2,49.8,0.907,3
round2,49.8,0.925,4
round2,49.8,0.942,1
round2,49.8,0.98,1
round2,49.8,1,8
round2,49.9,0.653,1
round2,49.9,0.71,1
round2,49.9,0.731,1
round2,49.9,0.754,1
round2,49.9,0.803,3
round2,49.9,0.817,4
round2,49.9,0.831,2
round2,49.9,0.845,1
round2,49.9,0.875,2
round2,49.9,0.891,3
round2,49.9,0.907,1
round2,49.9,0.925,1
round2,49.9,0.942,2
round2,49.9,0.961,1
round2,49.9,1,5
round2,50,0.563,1
round2,50,0.754,1
round2,50,0.803,2
round2,50,0.817,3
round2,50,0.831,1
round2,50,0.845,2
round2,50,0.86,1
round2,50,0.875,3
round2,50,0.891,2
round2,50,0.925,4
round2,50,0.942,1
round2,50,0.961,1
round2,50,1,8
round2,50.1,0.636,1
round2,50.1,0.7,1
round2,50.1,0.803,1
round2,50.1,0.817,1
round2,50.1,0.845,2
round2,50.1,0.86,3
round2,50.1,0.875,4
round2,50.1,0.891,2
round2,50.1,0.907,2
round2,50.1,0.925,5
round2,50.1,0.961,1
round2,50.1,1,4
round2,50.2,0.69,1
round2,50.2,0.79,1
round2,50.2,0.831,1
round2,50.2,0.845,2
round2,50.2,0.875,2
round2,50.2,0.907,4
round2,50.2,0.925,1
round2,50.2,0.942,2
round2,50.2,0.961,3
round2,50.2,1,2
round2,50.3,0.731,2
round2,50.3,0.766,2
round2,50.3,0.79,1
round2,50.3,0.86,2
round2,50.3,0.891,6
round2,50.3,0.907,2
round2,50.3,0.925,5
round2,50.3,0.942,4
round2,50.3,0.961,1
round2,50.3,1,5
round2,50.4,0.803,1
round2,50.4,0.817,2
round2,50.4,0.86,1
round2,50.4,0.875,1
round2,50.4,0.891,4
round2,50.4,0.907,3
round2,50.4,0.925,2
round2,50.4,0.942,4
round2,50.4,0.961,3
round2,50.4,0.98,3
round2,50.4,1,4
round2,50.5,0.628,1
round2,50.5,0.653,1
round2,50.5,0.7,1
round2,50.5,0.817,2
round2,50.5,0.831,2
round2,50.5,0.845,1
round2,50.5,0.86,3
round2,50.5,0.875,4
round2,50.5,0.891,6
round2,50.5,0.907,4
round2,50.5,0.925,3
round2,50.5,0.942,6
round2,50.5,0.961,1
round2,50.5,0.98,1
round2,50.5,1,8
round2,50.6,0.69,1
round2,50.6,0.731,1
round2,50.6,0.754,1
round2,50.6,0.766,1
round2,50.6,0.778,1
round2,50.6,0.817,1
round2,50.6,0.831,1
round2,50.6,0.845,4
round2,50.6,0.86,1
round2,50.6,0.875,3
round2,50.6,0.907,1
round2,50.6,0.925,2
round2,50.6,0.942,3
round2,50.6,0.961,2
round2,50.6,1,9
round2,50.7,0.662,1
round2,50.7,0.721,2
round2,50.7,0.754,1
round2,50.7,0.79,1
round2,50.7,0.803,1
round2,50.7,0.817,3
round2,50.7,0.845,1
round2,50.7,0.875,1
round2,50.7,0.907,3
round2,50.7,0.925,3
round2,50.7,0.942,3
round2,50.7,0.961,1
round2,50.7,1,4
round2,50.8,0.69,1
round2,50.8,0.754,1
round2,50.8,0.778,1
round2,50.8,0.79,2
round2,50.8,0.803,3
round2,50.8,0.817,2
round2,50.8,0.831,2
round2,50.8,0.845,3
round2,50.8,0.86,4
round2,50.8,0.875,2
round2,50.8,0.891,1
round2,50.8,0.907,2
round2,50.8,0.925,1
round2,50.8,0.942,3
round2,50.8,0.961,4
round2,50.8,1,5
round2,50.9,0.671,1
round2,50.9,0.71,1
round2,50.9,0.731,2
round2,50.9,0.754,1
round2,50.9,0.778,1
round2,50.9,0.845,2
round2,50.9,0.86,3
round2,50.9,0.875,4
round2,50.9,0.891,1
round2,50.9,0.907,3
round2,50.9,0.925,3
round2,50.9,0.942,7
round2,50.9,0.961,1
round2,50.9,1,5
round2,51,0.645,1
round2,51,0.731,1
round2,51,0.742,1
round2,51,0.754,1
round2,51,0.778,1
round2,51,0.803,1
round2,51,0.817,1
round2,51,0.845,1
round2,51,0.86,1
round2,51,0.875,4
round2,51,0.891,1
round2,51,0.925,6
round2,51,0.942,2
round2,51,0.961,2
round2,51,1,5
round2,51.1,0.766,1
round2,51.1,0.79,1
round2,51.1,0.817,1
round2,51.1,0.831,3
round2,51.1,0.845,2
round2,51.1,0.875,3
round2,51.1,0.891,1
round2,51.1,0.907,5
round2,51.1,0.925,5
round2,51.1,0.942,5
round2,51.1,0.98,1
round2,51.1,1,4
round2,51.2,0.662,1
round2,51.2,0.778,1
round2,51.2,0.79,2
round2,51.2,0.817,4
round2,51.2,0.891,4
round2,51.2,0.907,8
round2,51.2,0.925,6
round2,51.2,0.942,1
round2,51.2,0.961,2
round2,51.2,1,3
round2,51.3,0.613,1
round2,51.3,0.62,1
round2,51.3,0.766,1
round2,51.3,0.778,1
round2,51.3,0.79,1
round2,51.3,0.803,1
round2,51.3,0.817,1
round2,51.3,0.831,2
round2,51.3,0.845,3
round2,51.3,0.86,2
round2,51.3,0.891,2
round2,51.3,0.907,1
round2,51.3,0.925,2
round2,51.3,0.942,2
round2,51.3,0.961,3
round2,51.3,1,3
round2,51.4,0.71,1
round2,51.4,0.817,1
round2,51.4,0.831,2
round2,51.4,0.86,1
round2,51.4,0.891,1
round2,51.4,0.907,6
round2,51.4,0.925,4
round2,51.4,0.942,2
round2,51.4,0.961,1
round2,51.4,0.98,2
round2,51.4,1,4
round2,51.5,0.598,1
round2,51.5,0.71,1
round2,51.5,0.778,2
round2,51.5,0.803,1
round2,51.5,0.817,1
round2,51.5,0.831,3
round2,51.5,0.86,2
round2,51.5,0.875,2
round2,51.5,0.891,1
round2,51.5,0.907,2
round2,51.5,0.925,3
round2,51.5,0.942,8
round2,51.5,1,5
round2,51.6,0.613,1
round2,51.6,0.742,1
round2,51.6,0.754,1
round2,51.6,0.79,2
round2,51.6,0.803,1
round2,51.6,0.817,2
round2,51.6,0.845,1
round2,51.6,0.875,1
round2,51.6,0.891,3
round2,51.6,0.907,3
round2,51.6,0.925,8
round2,51.6,0.942,4
round2,51.6,0.961,2
round2,51.6,0.98,2
round2,51.6,1,3
round2,51.7,0.645,1
round2,51.7,0.79,1
round2,51.7,0.817,2
round2,51.7,0.86,1
round2,51.7,0.875,1
round2,51.7,0.891,2
round2,51.7,0.907,1
round2,51.7,0.925,5
round2,51.7,0.942,3
round2,51.7,0.961,3
round2,51.7,1,2
round2,51.8,0.653,1
round2,51.8,0.671,1
round2,51.8,0.766,1
round2,51.8,0.79,1
round2,51.8,0.803,3
round2,51.8,0.831,1
round2,51.8,0.845,3
round2,51.8,0.875,1
round2,51.8,0.891,3
round2,51.8,0.907,3
round2,51.8,0.925,3
round2,51.8,0.942,5
round2,51.8,0.961,3
round2,51.8,1,7
round2,51.9,0.754,1
round2,51.9,0.79,1
round2,51.9,0.803,1
round2,51.9,0.831,1
round2,51.9,0.845,3
round2,51.9,0.875,2
round2,51.9,0.891,2
round2,51.9,0.907,2
round2,51.9,0.925,7
round2,51.9,0.942,2
round2,51.9,0.961,3
round2,51.9,0.98,1
round2,51.9,1,5
round2,52,0.754,2
round2,52,0.778,1
round2,52,0.79,1
round2,52,0.803,1
round2,52,0.817,2
round2,52,0.831,1
round2,52,0.845,3
round2,52,0.86,1
round2,52,0.875,3
round2,52,0.891,1
round2,52,0.907,5
round2,52,0.925,2
round2,52,0.942,2
round2,52,0.961,1
round2,52,0.98,2
round2,52,1,4
round2,52.1,0.79,1
round2,52.1,0.817,2
round2,52.1,0.831,2
round2,52.1,0.845,1
round2,52.1,0.86,2
round2,52.1,0.875,2
round2,52.1,0.891,2
round2,52.1,0.907,3
round2,52.1,0.925,2
round2,52.1,0.961,3
round2,52.1,1,4
round2,52.2,0.721,1
round2,52.2,0.754,1
round2,52.2,0.79,1
round2,52.2,0.817,1
round2,52.2,0.845,1
round2,52.2,0.86,1
round2,52.2,0.875,9
round2,52.2,0.891,3
round2,52.2,0.907,5
round2,52.2,0.925,2
round2,52.2,0.942,1
round2,52.2,0.98,1
round2,52.2,1,1
round2,52.3,0.7,1
round2,52.3,0.71,1
round2,52.3,0.79,1
round2,52.3,0.803,1
round2,52.3,0.845,2
round2,52.3,0.86,1
round2,52.3,0.891,1
round2,52.3,0.907,3
round2,52.3,0.925,1
round2,52.3,0.942,1
round2,52.3,1,4
round2,52.4,0.551,1
round2,52.4,0.742,1
round2,52.4,0.766,1
round2,52.4,0.79,1
round2,52.4,0.817,2
round2,52.4,0.831,2
round2,52.4,0.845,2
round2,52.4,0.86,1
round2,52.4,0.875,6
round2,52.4,0.891,2
round2,52.4,0.907,2
round2,52.4,0.925,2
round2,52.4,0.942,1
round2,52.4,1,3
round2,52.5,0.671,1
round2,52.5,0.71,1
round2,52.5,0.754,1
round2,52.5,0.766,1
round2,52.5,0.778,1
round2,52.5,0.79,1
round2,52.5,0.817,1
round2,52.5,0.831,1
round2,52.5,0.845,2
round2,52.5,0.86,3
round2,52.5,0.875,2
round2,52.5,0.891,5
round2,52.5,0.907,2
round2,52.5,0.925,4
round2,52.5,0.942,3
round2,52.5,0.961,3
round2,52.5,0.98,2
round2,52.5,1,5
round2,52.6,0.62,1
round2,52.6,0.681,1
round2,52.6,0.79,1
round2,52.6,0.86,1
round2,52.6,0.875,1
round2,52.6,0.891,1
round2,52.6,0.907,3
round2,52.6,0.925,3
round2,52.6,0.942,4
round2,52.6,0.961,2
round2,52.6,1,2
round2,52.7,0.671,1
round2,52.7,0.69,1
round2,52.7,0.731,1
round2,52.7,0.742,2
round2,52.7,0.803,1
round2,52.7,0.817,2
round2,52.7,0.831,1
round2,52.7,0.845,2
round2,52.7,0.875,2
round2,52.7,0.891,1
round2,52.7,0.907,2
round2,52.7,0.925,2
round2,52.7,0.942,2
round2,52.7,0.961,3
round2,52.7,0.98,2
round2,52.7,1,2
round2,52.8,0.681,1
round2,52.8,0.778,2
round2,52.8,0.79,1
round2,52.8,0.845,1
round2,52.8,0.86,4
round2,52.8,0.875,5
round2,52.8,0.891,1
round2,52.8,0.907,3
round2,52.8,0.925,2
round2,52.8,0.942,1
round2,52.8,0.961,3
round2,52.8,1,2
round2,52.9,0.671,1
round2,52.9,0.69,1
round2,52.9,0.803,1
round2,52.9,0.817,3
round2,52.9,0.831,2
round2,52.9,0.845,3
round2,52.9,0.86,3
round2,52.9,0.875,2
round2,52.9,0.891,2
round2,52.9,0.907,1
round2,52.9,0.925,1
round2,52.9,0.942,1
round2,52.9,0.961,4
round2,52.9,1,6
round2,53,0.79,2
round2,53,0.845,1
round2,53,0.86,1
round2,53,0.875,1
round2,53,0.891,3
round2,53,0.907,3
round2,53,0.925,7
round2,53,0.942,1
round2,53,0.961,2
round2,53,1,3
round2,53.1,0.71,1
round2,53.1,0.742,1
round2,53.1,0.778,1
round2,53.1,0.817,3
round2,53.1,0.845,1
round2,53.1,0.875,3
round2,53.1,0.891,1
round2,53.1,0.907,4
round2,53.1,0.925,6
round2,53.1,0.942,2
round2,53.1,0.961,1
round2,53.1,0.98,1
round2,53.1,1,3
round2,53.2,0.62,1
round2,53.2,0.721,1
round2,53.2,0.778,1
round2,53.2,0.817,2
round2,53.2,0.831,2
round2,53.2,0.845,2
round2,53.2,0.875,3
round2,53.2,0.891,1
round2,53.2,0.907,4
round2,53.2,0.925,2
round2,53.2,0.942,1
round2,53.2,0.961,2
round2,53.2,0.98,1
round2,53.2,1,7
round2,53.3,0.754,1
round2,53.3,0.778,1
round2,53.3,0.803,1
round2,53.3,0.831,1
round2,53.3,0.875,2
round2,53.3,0.891,2
round2,53.3,0.907,1
round2,53.3,0.925,2
round2,53.3,0.942,2
round2,53.3,0.961,2
round2,53.3,0.98,2
round2,53.3,1,5
round2,53.4,0.79,1
round2,53.4,0.831,2
round2,53.4,0.845,2
round2,53.4,0.86,3
round2,53.4,0.875,2
round2,53.4,0.891,3
round2,53.4,0.907,3
round2,53.4,0.925,4
round2,53.4,0.942,3
round2,53.4,0.961,3
round2,53.4,1,3
round2,53.5,0.653,1
round2,53.5,0.79,2
round2,53.5,0.845,3
round2,53.5,0.875,2
round2,53.5,0.907,1
round2,53.5,0.925,2
round2,53.5,0.961,1
round2,53.5,0.98,1
round2,53.5,1,3
round2,53.6,0.71,2
round2,53.6,0.721,1
round2,53.6,0.754,2
round2,53.6,0.817,1
round2,53.6,0.831,2
round2,53.6,0.845,1
round2,53.6,0.86,2
round2,53.6,0.875,5
round2,53.6,0.907,1
round2,53.6,0.925,3
round2,53.6,0.942,2
round2,53.6,0.961,3
round2,53.6,0.98,1
round2,53.6,1,8
round2,53.7,0.636,1
round2,53.7,0.731,1
round2,53.7,0.778,1
round2,53.7,0.803,1
round2,53.7,0.817,2
round2,53.7,0.831,1
round2,53.7,0.845,1
round2,53.7,0.86,2
round2,53.7,0.875,3
round2,53.7,0.891,4
round2,53.7,0.907,5
round2,53.7,0.925,4
round2,53.7,0.942,1
round2,53.7,0.98,1
round2,53.7,1,1
round2,53.8,0.778,1
round2,53.8,0.79,1
round2,53.8,0.845,2
round2,53.8,0.875,1
round2,53.8,0.907,2
round2,53.8,0.925,2
round2,53.8,0.961,1
round2,53.8,1,3
round2,53.9,0.653,1
round2,53.9,0.731,1
round2,53.9,0.754,1
round2,53.9,0.766,1
round2,53.9,0.778,1
round2,53.9,0.79,1
round2,53.9,0.803,1
round2,53.9,0.817,1
round2,53.9,0.831,1
round2,53.9,0.845,2
round2,53.9,0.86,3
round2,53.9,0.875,3
round2,53.9,0.891,2
round2,53.9,0.907,5
round2,53.9,0.925,2
round2,53.9,0.942,2
round2,53.9,0.961,5
round2,53.9,0.98,2
round2,53.9,1,2
round2,54,0.671,1
round2,54,0.71,1
round2,54,0.754,1
round2,54,0.845,2
round2,54,0.891,2
round2,54,0.907,2
round2,54,0.925,3
round2,54,0.942,4
round2,54,0.961,3
round2,54,1,8
round2,54.1,0.636,1
round2,54.1,0.845,1
round2,54.1,0.86,2
round2,54.1,0.875,2
round2,54.1,0.891,3
round2,54.1,0.907,2
round2,54.1,0.925,4
round2,54.1,0.942,1
round2,54.1,0.961,1
round2,54.1,0.98,1
round2,54.1,1,3
round2,54.2,0.605,1
round2,54.2,0.662,1
round2,54.2,0.754,1
round2,54.2,0.79,1
round2,54.2,0.817,1
round2,54.2,0.831,2
round2,54.2,0.845,1
round2,54.2,0.86,1
round2,54.2,0.875,2
round2,54.2,0.907,2
round2,54.2,0.925,2
round2,54.2,0.942,5
round2,54.2,0.961,2
round2,54.2,1,5
round2,54.3,0.653,1
round2,54.3,0.671,1
round2,54.3,0.778,1
round2,54.3,0.803,1
round2,54.3,0.817,2
round2,54.3,0.831,1
round2,54.3,0.845,1
round2,54.3,0.86,2
round2,54.3,0.875,2
round2,54.3,0.891,2
round2,54.3,0.907,1
round2,54.3,0.925,1
round2,54.3,0.942,2
round2,54.3,0.961,1
round2,54.3,1,5
round2,54.4,0.7,1
round2,54.4,0.754,1
round2,54.4,0.803,2
round2,54.4,0.817,1
round2,54.4,0.86,1
round2,54.4,0.891,1
round2,54.4,0.907,3
round2,54.4,0.925,3
round2,54.4,0.942,4
round2,54.4,1,7
round2,54.5,0.62,1
round2,54.5,0.7,1
round2,54.5,0.71,1
round2,54.5,0.731,1
round2,54.5,0.742,1
round2,54.5,0.766,1
round2,54.5,0.778,2
round2,54.5,0.817,2
round2,54.5,0.845,3
round2,54.5,0.86,2
round2,54.5,0.891,1
round2,54.5,0.925,6
round2,54.5,0.961,1
round2,54.5,0.98,1
round2,54.5,1,4
round2,54.6,0.69,1
round2,54.6,0.731,1
round2,54.6,0.754,1
round2,54.6,0.803,1
round2,54.6,0.845,1
round2,54.6,0.875,2
round2,54.6,0.907,2
round2,54.6,0.942,2
round2,54.6,0.98,1
round2,54.6,1,2
round2,54.7,0.721,1
round2,54.7,0.731,1
round2,54.7,0.742,1
round2,54.7,0.778,2
round2,54.7,0.79,2
round2,54.7,0.803,1
round2,54.7,0.845,2
round2,54.7,0.86,1
round2,54.7,0.875,1
round2,54.7,0.891,5
round2,54.7,0.907,2
round2,54.7,0.925,5
round2,54.7,0.942,3
round2,54.7,1,4
round2,54.8,0.79,1
round2,54.8,0.817,2
round2,54.8,0.845,1
round2,54.8,0.875,2
round2,54.8,0.925,3
round2,54.8,0.942,3
round2,54.8,0.961,2
round2,54.8,0.98,1
round2,54.8,1,4
round2,54.9,0.69,2
round2,54.9,0.721,1
round2,54.9,0.731,1
round2,54.9,0.766,1
round2,54.9,0.817,1
round2,54.9,0.831,3
round2,54.9,0.845,3
round2,54.9,0.875,2
round2,54.9,0.891,3
round2,54.9,0.907,1
round2,54.9,0.925,3
round2,54.9,0.942,2
round2,54.9,0.961,3
round2,54.9,0.98,1
round2,54.9,1,8
round2,55,0.653,1
round2,55,0.754,1
round2,55,0.817,1
round2,55,0.86,4
round2,55,0.875,3
round2,55,0.891,1
round2,55,0.907,1
round2,55,0.925,3
round2,55,0.942,3
round2,55,0.98,1
round2,55,1,3
round2,55.1,0.721,1
round2,55.1,0.778,1
round2,55.1,0.831,3
round2,55.1,0.875,1
round2,55.1,0.891,3
round2,55.1,0.907,2
round2,55.1,0.925,3
round2,55.1,0.942,2
round2,55.1,0.961,1
round2,55.1,0.98,2
round2,55.1,1,2
round2,55.2,0.69,1
round2,55.2,0.731,1
round2,55.2,0.79,1
round2,55.2,0.845,2
round2,55.2,0.86,2
round2,55.2,0.875,3
round2,55.2,0.891,2
round2,55.2,0.907,5
round2,55.2,0.925,2
round2,55.2,0.961,1
round2,55.2,1,4
round2,55.3,0.721,1
round2,55.3,0.742,2
round2,55.3,0.754,2
round2,55.3,0.817,1
round2,55.3,0.831,1
round2,55.3,0.845,2
round2,55.3,0.86,2
round2,55.3,0.875,1
round2,55.3,0.891,2
round2,55.3,0.907,1
round2,55.3,0.925,2
round2,55.3,0.942,1
round2,55.3,0.98,1
round2,55.3,1,5
round2,55.4,0.766,1
round2,55.4,0.817,1
round2,55.4,0.86,1
round2,55.4,0.875,2
round2,55.4,0.891,1
round2,55.4,0.907,7
round2,55.4,0.925,3
round2,55.4,0.942,1
round2,55.4,1,8
round2,55.5,0.69,1
round2,55.5,0.731,1
round2,55.5,0.817,1
round2,55.5,0.831,1
round2,55.5,0.875,1
round2,55.5,0.891,1
round2,55.5,0.907,2
round2,55.5,0.925,2
round2,55.5,0.942,1
round2,55.5,0.98,1
round2,55.5,1,2
round2,55.6,0.653,1
round2,55.6,0.71,1
round2,55.6,0.731,2
round2,55.6,0.778,1
round2,55.6,0.79,2
round2,55.6,0.803,2
round2,55.6,0.817,1
round2,55.6,0.831,1
round2,55.6,0.845,4
round2,55.6,0.86,2
round2,55.6,0.875,1
round2,55.6,0.907,2
round2,55.6,0.925,5
round2,55.6,0.942,2
round2,55.6,0.98,3
round2,55.6,1,6
round2,55.7,0.598,1
round2,55.7,0.628,1
round2,55.7,0.778,1
round2,55.7,0.79,1
round2,55.7,0.817,2
round2,55.7,0.845,3
round2,55.7,0.875,4
round2,55.7,0.891,2
round2,55.7,0.907,3
round2,55.7,0.925,3
round2,55.7,0.942,3
round2,55.7,0.961,2
round2,55.7,0.98,1
round2,55.8,0.59,1
round2,55.8,0.681,1
round2,55.8,0.731,1
round2,55.8,0.766,1
round2,55.8,0.803,1
round2,55.8,0.817,2
round2,55.8,0.831,1
round2,55.8,0.845,1
round2,55.8,0.86,3
round2,55.8,0.875,3
round2,55.8,0.891,1
round2,55.8,0.907,1
round2,55.8,0.925,1
round2,55.8,0.942,1
round2,55.8,0.961,2
round2,55.8,0.98,1
round2,55.8,1,2
round2,55.9,0.69,1
round2,55.9,0.766,1
round2,55.9,0.803,1
round2,55.9,0.817,1
round2,55.9,0.831,2
round2,55.9,0.891,1
round2,55.9,0.907,3
round2,55.9,0.925,1
round2,55.9,0.942,2
round2,55.9,0.961,2
round2,55.9,0.98,1
round2,55.9,1,8
round2,56,0.7,1
round2,56,0.742,1
round2,56,0.754,1
round2,56,0.803,1
round2,56,0.817,1
round2,56,0.831,1
round2,56,0.845,2
round2,56,0.86,1
round2,56,0.875,1
round2,56,0.907,3
round2,56,0.925,4
round2,56,0.942,2
round2,56,0.961,1
round2,56,1,5
round2,56.1,0.731,2
round2,56.1,0.742,1
round2,56.1,0.803,1
round2,56.1,0.831,1
round2,56.1,0.845,1
round2,56.1,0.86,2
round2,56.1,0.875,1
round2,56.1,0.907,3
round2,56.1,0.925,3
round2,56.1,0.942,1
round2,56.1,0.961,1
round2,56.1,0.98,2
round2,56.1,1,1
round2,56.2,0.671,1
round2,56.2,0.754,1
round2,56.2,0.778,1
round2,56.2,0.79,1
round2,56.2,0.817,2
round2,56.2,0.86,3
round2,56.2,0.875,2
round2,56.2,0.907,3
round2,56.2,0.925,3
round2,56.2,0.942,2
round2,56.2,0.98,2
round2,56.2,1,2
round2,56.3,0.754,1
round2,56.3,0.79,1
round2,56.3,0.817,1
round2,56.3,0.845,2
round2,56.3,0.875,2
round2,56.3,0.891,1
round2,56.3,0.907,6
round2,56.3,0.925,3
round2,56.3,0.942,1
round2,56.3,0.98,1
round2,56.3,1,3
round2,56.4,0.766,1
round2,56.4,0.79,1
round2,56.4,0.845,2
round2,56.4,0.86,1
round2,56.4,0.875,2
round2,56.4,0.891,1
round2,56.4,0.907,1
round2,56.4,0.925,6
round2,56.4,0.942,1
round2,56.4,0.961,2
round2,56.4,0.98,1
round2,56.4,1,5
round2,56.5,0.731,1
round2,56.5,0.803,1
round2,56.5,0.845,1
round2,56.5,0.86,1
round2,56.5,0.891,1
round2,56.5,0.907,5
round2,56.5,0.925,2
round2,56.5,0.942,2
round2,56.5,0.961,1
round2,56.5,1,7
round2,56.6,0.681,1
round2,56.6,0.69,1
round2,56.6,0.778,3
round2,56.6,0.817,1
round2,56.6,0.831,1
round2,56.6,0.845,1
round2,56.6,0.875,2
round2,56.6,0.891,1
round2,56.6,0.907,1
round2,56.6,0.925,1
round2,56.6,0.961,1
round2,56.6,1,2
round2,56.7,0.636,1
round2,56.7,0.653,1
round2,56.7,0.721,1
round2,56.7,0.754,1
round2,56.7,0.831,1
round2,56.7,0.845,1
round2,56.7,0.875,2
round2,56.7,0.891,1
round2,56.7,0.907,1
round2,56.7,0.925,5
round2,56.7,0.942,1
round2,56.7,0.961,3
round2,56.7,1,3
round2,56.8,0.69,1
round2,56.8,0.721,1
round2,56.8,0.778,1
round2,56.8,0.817,1
round2,56.8,0.845,1
round2,56.8,0.86,2
round2,56.8,0.875,1
round2,56.8,0.891,2
round2,56.8,0.907,2
round2,56.8,0.925,2
round2,56.8,0.942,1
round2,56.8,0.961,2
round2,56.8,0.98,1
round2,56.8,1,2
round2,56.9,0.766,1
round2,56.9,0.79,1
round2,56.9,0.831,2
round2,56.9,0.845,3
round2,56.9,0.86,1
round2,56.9,0.875,6
round2,56.9,0.891,1
round2,56.9,0.907,2
round2,56.9,0.925,2
round2,56.9,0.942,2
round2,56.9,0.961,1
round2,56.9,0.98,1
round2,56.9,1,5
round2,57,0.754,1
round2,57,0.817,2
round2,57,0.831,1
round2,57,0.845,1
round2,57,0.907,2
round2,57,0.925,1
round2,57,0.942,1
round2,57,0.961,2
round2,57,0.98,1
round2,57,1,7
round2,57.1,0.766,1
round2,57.1,0.79,1
round2,57.1,0.845,1
round2,57.1,0.86,1
round2,57.1,0.875,1
round2,57.1,0.891,6
round2,57.1,0.907,1
round2,57.1,0.942,1
round2,57.1,0.961,1
round2,57.1,0.98,2
round2,57.1,1,7
round2,57.2,0.754,1
round2,57.2,0.778,1
round2,57.2,0.86,3
round2,57.2,0.875,6
round2,57.2,0.891,1
round2,57.2,0.907,1
round2,57.2,0.925,3
round2,57.2,0.961,1
round2,57.2,1,4
round2,57.3,0.731,1
round2,57.3,0.778,1
round2,57.3,0.831,2
round2,57.3,0.845,1
round2,57.3,0.86,1
round2,57.3,0.875,1
round2,57.3,0.907,5
round2,57.3,0.925,4
round2,57.3,0.942,3
round2,57.3,0.961,1
round2,57.3,1,8
round2,57.4,0.754,2
round2,57.4,0.778,1
round2,57.4,0.79,1
round2,57.4,0.803,2
round2,57.4,0.845,1
round2,57.4,0.86,2
round2,57.4,0.875,2
round2,57.4,0.891,2
round2,57.4,0.907,4
round2,57.4,0.925,2
round2,57.4,0.942,4
round2,57.4,1,1
round2,57.5,0.527,1
round2,57.5,0.71,1
round2,57.5,0.721,1
round2,57.5,0.79,1
round2,57.5,0.875,2
round2,57.5,0.891,1
round2,57.5,0.907,1
round2,57.5,0.925,1
round2,57.5,0.98,1
round2,57.5,1,3
round2,57.6,0.7,1
round2,57.6,0.778,1
round2,57.6,0.79,1
round2,57.6,0.817,1
round2,57.6,0.831,2
round2,57.6,0.845,1
round2,57.6,0.86,1
round2,57.6,0.875,2
round2,57.6,0.907,4
round2,57.6,0.925,1
round2,57.6,0.942,1
round2,57.6,1,6
round2,57.7,0.69,1
round2,57.7,0.721,1
round2,57.7,0.731,1
round2,57.7,0.742,1
round2,57.7,0.778,1
round2,57.7,0.831,3
round2,57.7,0.86,1
round2,57.7,0.875,3
round2,57.7,0.891,1
round2,57.7,0.907,2
round2,57.7,0.925,2
round2,57.7,0.942,2
round2,57.7,0.961,3
round2,57.7,1,6
round2,57.8,0.721,1
round2,57.8,0.817,1
round2,57.8,0.831,1
round2,57.8,0.845,3
round2,57.8,0.86,2
round2,57.8,0.875,2
round2,57.8,0.891,3
round2,57.8,0.907,3
round2,57.8,0.925,1
round2,57.8,0.942,1
round2,57.8,0.961,2
round2,57.8,1,5
round2,57.9,0.7,1
round2,57.9,0.803,1
round2,57.9,0.831,1
round2,57.9,0.845,2
round2,57.9,0.86,1
round2,57.9,0.875,1
round2,57.9,0.891,1
round2,57.9,0.907,2
round2,57.9,0.925,2
round2,57.9,0.942,5
round2,57.9,0.961,2
round2,57.9,0.98,1
round2,57.9,1,4
round2,58,0.71,2
round2,58,0.778,1
round2,58,0.79,1
round2,58,0.803,1
round2,58,0.817,2
round2,58,0.845,1
round2,58,0.86,4
round2,58,0.875,1
round2,58,0.891,1
round2,58,0.907,4
round2,58,0.925,1
round2,58,0.942,4
round2,58,0.961,4
round2,58,1,4
round2,58.1,0.653,1
round2,58.1,0.671,1
round2,58.1,0.69,1
round2,58.1,0.742,2
round2,58.1,0.803,1
round2,58.1,0.817,1
round2,58.1,0.831,1
round2,58.1,0.845,1
round2,58.1,0.875,1
round2,58.1,0.891,1
round2,58.1,0.907,3
round2,58.1,0.942,1
round2,58.1,0.961,1
round2,58.1,1,7
round2,58.2,0.62,1
round2,58.2,0.653,1
round2,58.2,0.778,2
round2,58.2,0.817,1
round2,58.2,0.831,1
round2,58.2,0.86,2
round2,58.2,0.907,4
round2,58.2,0.925,2
round2,58.2,0.942,2
round2,58.2,0.98,1
round2,58.2,1,3
round2,58.3,0.71,1
round2,58.3,0.731,1
round2,58.3,0.754,1
round2,58.3,0.803,1
round2,58.3,0.831,1
round2,58.3,0.845,2
round2,58.3,0.891,2
round2,58.3,0.907,1
round2,58.3,0.925,1
round2,58.3,0.942,1
round2,58.3,0.98,2
round2,58.3,1,5
round2,58.4,0.628,1
round2,58.4,0.731,1
round2,58.4,0.803,1
round2,58.4,0.831,1
round2,58.4,0.845,3
round2,58.4,0.891,1
round2,58.4,0.907,1
round2,58.4,0.925,1
round2,58.4,1,1
round2,58.5,0.653,1
round2,58.5,0.731,1
round2,58.5,0.803,2
round2,58.5,0.845,1
round2,58.5,0.86,2
round2,58.5,0.875,2
round2,58.5,0.891,2
round2,58.5,0.907,2
round2,58.5,0.925,1
round2,58.5,0.942,1
round2,58.5,0.98,2
round2,58.5,1,4
round2,58.6,0.803,1
round2,58.6,0.831,1
round2,58.6,0.845,2
round2,58.6,0.875,1
round2,58.6,0.907,1
round2,58.6,0.961,1
round2,58.6,0.98,3
round2,58.6,1,4
round2,58.7,0.636,1
round2,58.7,0.71,1
round2,58.7,0.754,1
round2,58.7,0.831,1
round2,58.7,0.845,1
round2,58.7,0.86,3
round2,58.7,0.875,1
round2,58.7,0.891,2
round2,58.7,0.907,1
round2,58.7,0.925,1
round2,58.7,0.942,2
round2,58.7,0.961,1
round2,58.7,0.98,1
round2,58.7,1,1
round2,58.8,0.742,1
round2,58.8,0.803,1
round2,58.8,0.817,1
round2,58.8,0.845,2
round2,58.8,0.86,1
round2,58.8,0.891,1
round2,58.8,0.907,2
round2,58.8,0.925,2
round2,58.8,0.942,2
round2,58.8,1,7
round2,58.9,0.628,1
round2,58.9,0.662,1
round2,58.9,0.766,1
round2,58.9,0.803,1
round2,58.9,0.831,1
round2,58.9,0.845,1
round2,58.9,0.86,1
round2,58.9,0.875,5
round2,58.9,0.891,2
round2,58.9,0.907,2
round2,58.9,0.925,3
round2,58.9,0.942,1
round2,58.9,1,3
round2,59,0.69,1
round2,59,0.731,1
round2,59,0.803,1
round2,59,0.845,1
round2,59,0.875,2
round2,59,0.907,5
round2,59,0.925,4
round2,59,0.942,5
round2,59,0.961,2
round2,59,1,2
round2,59.1,0.845,1
round2,59.1,0.907,4
round2,59.1,0.925,1
round2,59.1,0.942,3
round2,59.1,0.98,1
round2,59.1,1,4
round2,59.2,0.636,1
round2,59.2,0.653,1
round2,59.2,0.817,1
round2,59.2,0.831,2
round2,59.2,0.845,1
round2,59.2,0.86,1
round2,59.2,0.891,1
round2,59.2,0.907,3
round2,59.2,0.925,2
round2,59.2,0.961,2
round2,59.2,0.98,1
round2,59.2,1,6
round2,59.3,0.69,1
round2,59.3,0.731,1
round2,59.3,0.79,1
round2,59.3,0.831,1
round2,59.3,0.86,1
round2,59.3,0.875,3
round2,59.3,0.891,1
round2,59.3,0.925,3
round2,59.3,0.942,2
round2,59.3,0.961,3
round2,59.3,1,8
round2,59.4,0.731,1
round2,59.4,0.79,1
round2,59.4,0.803,1
round2,59.4,0.831,1
round2,59.4,0.845,1
round2,59.4,0.86,2
round2,59.4,0.891,1
round2,59.4,0.907,4
round2,59.4,0.925,1
round2,59.4,0.961,1
round2,59.4,0.98,1
round2,59.4,1,3
round2,59.5,0.605,1
round2,59.5,0.69,1
round2,59.5,0.721,1
round2,59.5,0.731,1
round2,59.5,0.79,1
round2,59.5,0.817,3
round2,59.5,0.831,1
round2,59.5,0.907,1
round2,59.5,0.925,1
round2,59.5,0.942,1
round2,59.5,0.961,2
round2,59.5,1,7
round2,59.6,0.576,1
round2,59.6,0.754,1
round2,59.6,0.831,1
round2,59.6,0.86,2
round2,59.6,0.907,3
round2,59.6,0.925,3
round2,59.6,0.942,3
round2,59.6,0.98,2
round2,59.6,1,1
round2,59.7,0.69,1
round2,59.7,0.754,1
round2,59.7,0.766,1
round2,59.7,0.778,1
round2,59.7,0.79,1
round2,59.7,0.831,1
round2,59.7,0.845,3
round2,59.7,0.875,1
round2,59.7,0.891,3
round2,59.7,0.907,3
round2,59.7,0.942,1
round2,59.7,0.961,1
round2,59.7,0.98,1
round2,59.7,1,9
round2,59.8,0.754,1
round2,59.8,0.803,1
round2,59.8,0.817,2
round2,59.8,0.845,1
round2,59.8,0.86,1
round2,59.8,0.875,2
round2,59.8,0.891,3
round2,59.8,0.907,1
round2,59.8,0.925,3
round2,59.8,0.961,4
round2,59.8,0.98,1
round2,59.8,1,4
round2,59.9,0.7,1
round2,59.9,0.831,2
round2,59.9,0.845,1
round2,59.9,0.875,1
round2,59.9,0.891,1
round2,59.9,0.907,5
round2,59.9,0.925,2
round2,59.9,0.942,3
round2,59.9,0.961,1
round2,59.9,1,3
round2,60,0.69,1
round2,60,0.71,2
round2,60,0.742,1
round2,60,0.766,1
round2,60,0.778,1
round2,60,0.79,2
round2,60,0.803,1
round2,60,0.831,1
round2,60,0.86,1
round2,60,0.875,1
round2,60,0.907,3
round2,60,0.925,4
round2,60,0.942,1
round2,60,0.98,1
round2,60,1,2
round2,60.1,0.69,1
round2,60.1,0.742,1
round2,60.1,0.778,2
round2,60.1,0.79,1
round2,60.1,0.803,1
round2,60.1,0.817,1
round2,60.1,0.831,1
round2,60.1,0.891,1
round2,60.1,0.907,4
round2,60.1,0.925,2
round2,60.1,0.942,2
round2,60.1,0.961,2
round2,60.1,0.98,1
round2,60.1,1,2
round2,60.2,0.662,1
round2,60.2,0.69,1
round2,60.2,0.721,3
round2,60.2,0.754,1
round2,60.2,0.766,1
round2,60.2,0.79,2
round2,60.2,0.803,1
round2,60.2,0.817,2
round2,60.2,0.845,1
round2,60.2,0.875,1
round2,60.2,0.891,1
round2,60.2,0.907,1
round2,60.2,0.925,3
round2,60.2,0.942,3
round2,60.2,0.961,1
round2,60.2,1,3
round2,60.3,0.754,1
round2,60.3,0.766,1
round2,60.3,0.817,2
round2,60.3,0.86,1
round2,60.3,0.907,3
round2,60.3,0.925,1
round2,60.3,0.942,1
round2,60.3,0.961,2
round2,60.3,1,4
round2,60.4,0.71,1
round2,60.4,0.754,1
round2,60.4,0.803,1
round2,60.4,0.86,2
round2,60.4,0.875,2
round2,60.4,0.891,2
round2,60.4,0.907,2
round2,60.4,0.942,1
round2,60.4,0.961,2
round2,60.4,1,4
round2,60.5,0.69,1
round2,60.5,0.721,1
round2,60.5,0.778,1
round2,60.5,0.803,1
round2,60.5,0.817,1
round2,60.5,0.86,1
round2,60.5,0.875,1
round2,60.5,0.891,1
round2,60.5,0.907,2
round2,60.5,0.925,3
round2,60.5,0.942,3
round2,60.5,0.961,1
round2,60.5,1,3
round2,60.6,0.731,1
round2,60.6,0.766,1
round2,60.6,0.79,1
round2,60.6,0.831,1
round2,60.6,0.907,1
round2,60.6,0.925,2
round2,60.6,0.942,1
round2,60.6,0.961,3
round2,60.6,0.98,2
round2,60.6,1,6
round2,60.7,0.538,1
round2,60.7,0.817,1
round2,60.7,0.831,1
round2,60.7,0.845,1
round2,60.7,0.907,3
round2,60.7,0.925,3
round2,60.7,0.942,2
round2,60.7,0.961,2
round2,60.7,1,2
round2,60.8,0.495,1
round2,60.8,0.7,1
round2,60.8,0.71,1
round2,60.8,0.731,1
round2,60.8,0.766,3
round2,60.8,0.778,1
round2,60.8,0.831,1
round2,60.8,0.86,1
round2,60.8,0.891,3
round2,60.8,0.907,1
round2,60.8,0.925,2
round2,60.8,0.942,4
round2,60.8,0.961,1
round2,60.8,0.98,2
round2,60.8,1,5
round2,60.9,0.527,1
round2,60.9,0.544,1
round2,60.9,0.653,1
round2,60.9,0.69,1
round2,60.9,0.754,1
round2,60.9,0.79,2
round2,60.9,0.817,1
round2,60.9,0.831,1
round2,60.9,0.875,2
round2,60.9,0.907,3
round2,60.9,0.925,2
round2,60.9,0.942,2
round2,60.9,0.961,1
round2,60.9,0.98,3
round2,60.9,1,4
round2,61,0.79,2
round2,61,0.831,2
round2,61,0.845,1
round2,61,0.86,3
round2,61,0.875,2
round2,61,0.891,1
round2,61,0.925,2
round2,61,0.942,1
round2,61,1,4
round2,61.1,0.721,1
round2,61.1,0.766,1
round2,61.1,0.778,2
round2,61.1,0.831,1
round2,61.1,0.86,1
round2,61.1,0.875,2
round2,61.1,0.907,1
round2,61.1,0.925,2
round2,61.1,0.942,2
round2,61.1,0.98,2
round2,61.1,1,8
round2,61.2,0.803,1
round2,61.2,0.831,1
round2,61.2,0.86,1
round2,61.2,0.875,2
round2,61.2,0.925,1
round2,61.2,0.942,1
round2,61.3,0.438,1
round2,61.3,0.59,1
round2,61.3,0.69,1
round2,61.3,0.803,1
round2,61.3,0.817,1
round2,61.3,0.845,2
round2,61.3,0.86,3
round2,61.3,0.875,2
round2,61.3,0.891,2
round2,61.3,0.907,1
round2,61.3,0.925,4
round2,61.3,0.942,2
round2,61.3,0.98,2
round2,61.3,1,1
round2,61.4,0.71,1
round2,61.4,0.742,2
round2,61.4,0.754,2
round2,61.4,0.831,1
round2,61.4,0.845,1
round2,61.4,0.875,2
round2,61.4,0.891,2
round2,61.4,0.907,1
round2,61.4,0.925,2
round2,61.4,0.942,1
round2,61.4,0.961,2
round2,61.4,0.98,2
round2,61.4,1,5
round2,61.5,0.62,1
round2,61.5,0.671,1
round2,61.5,0.778,1
round2,61.5,0.79,1
round2,61.5,0.803,2
round2,61.5,0.817,2
round2,61.5,0.845,2
round2,61.5,0.86,1
round2,61.5,0.875,1
round2,61.5,0.891,2
round2,61.5,0.907,1
round2,61.5,0.925,2
round2,61.5,0.942,1
round2,61.5,0.961,5
round2,61.5,1,3
round2,61.6,0.778,1
round2,61.6,0.803,2
round2,61.6,0.845,2
round2,61.6,0.875,1
round2,61.6,0.891,3
round2,61.6,0.907,3
round2,61.6,0.925,3
round2,61.6,0.942,1
round2,61.6,0.98,2
round2,61.6,1,4
round2,61.7,0.653,1
round2,61.7,0.754,1
round2,61.7,0.778,4
round2,61.7,0.803,2
round2,61.7,0.817,1
round2,61.7,0.875,3
round2,61.7,0.891,1
round2,61.7,0.907,3
round2,61.7,0.925,2
round2,61.7,0.942,2
round2,61.7,0.98,1
round2,61.7,1,5
round2,61.8,0.69,1
round2,61.8,0.831,1
round2,61.8,0.86,2
round2,61.8,0.875,2
round2,61.8,0.907,2
round2,61.8,0.925,2
round2,61.8,0.942,1
round2,61.8,0.961,1
round2,61.8,0.98,2
round2,61.8,1,2
round2,61.9,0.69,1
round2,61.9,0.71,1
round2,61.9,0.721,1
round2,61.9,0.875,1
round2,61.9,0.891,2
round2,61.9,0.907,4
round2,61.9,0.925,3
round2,61.9,0.942,1
round2,61.9,0.961,1
round2,61.9,0.98,1
round2,61.9,1,3
round2,62,0.653,1
round2,62,0.721,1
round2,62,0.817,1
round2,62,0.831,1
round2,62,0.875,1
round2,62,0.891,1
round2,62,0.907,1
round2,62,0.925,1
round2,62,0.961,3
round2,62,0.98,1
round2,62,1,2
round2,62.1,0.69,1
round2,62.1,0.71,1
round2,62.1,0.766,1
round2,62.1,0.79,2
round2,62.1,0.845,2
round2,62.1,0.86,1
round2,62.1,0.875,2
round2,62.1,0.891,1
round2,62.1,0.907,1
round2,62.1,0.925,1
round2,62.1,0.961,2
round2,62.1,1,3
round2,62.2,0.69,1
round2,62.2,0.721,1
round2,62.2,0.754,1
round2,62.2,0.79,2
round2,62.2,0.817,2
round2,62.2,0.831,1
round2,62.2,0.845,2
round2,62.2,0.875,2
round2,62.2,0.891,2
round2,62.2,0.907,2
round2,62.2,0.925,2
round2,62.2,0.942,1
round2,62.2,0.98,1
round2,62.2,1,4
round2,62.3,0.778,1
round2,62.3,0.817,2
round2,62.3,0.845,2
round2,62.3,0.86,1
round2,62.3,0.875,1
round2,62.3,0.907,1
round2,62.3,0.925,1
round2,62.3,0.942,1
round2,62.3,0.961,1
round2,62.3,0.98,2
round2,62.3,1,1
round2,62.4,0.817,2
round2,62.4,0.831,2
round2,62.4,0.845,1
round2,62.4,0.86,1
round2,62.4,0.875,3
round2,62.4,0.891,1
round2,62.4,0.907,2
round2,62.4,0.925,2
round2,62.4,0.98,2
round2,62.4,1,5
round2,62.5,0.605,1
round2,62.5,0.742,1
round2,62.5,0.778,1
round2,62.5,0.817,1
round2,62.5,0.845,2
round2,62.5,0.891,1
round2,62.5,0.907,3
round2,62.5,0.925,3
round2,62.5,0.942,1
round2,62.5,0.961,1
round2,62.5,0.98,1
round2,62.5,1,3
round2,62.6,0.71,1
round2,62.6,0.766,1
round2,62.6,0.803,1
round2,62.6,0.817,1
round2,62.6,0.831,2
round2,62.6,0.86,3
round2,62.6,0.875,1
round2,62.6,0.891,2
round2,62.6,0.907,8
round2,62.6,0.925,4
round2,62.6,0.942,2
round2,62.6,0.98,2
round2,62.6,1,5
round2,62.7,0.62,1
round2,62.7,0.671,1
round2,62.7,0.803,1
round2,62.7,0.875,3
round2,62.7,0.891,1
round2,62.7,0.907,1
round2,62.7,0.925,1
round2,62.7,0.942,3
round2,62.7,0.961,1
round2,62.7,0.98,1
round2,62.7,1,4
round2,62.8,0.62,1
round2,62.8,0.636,1
round2,62.8,0.662,1
round2,62.8,0.69,1
round2,62.8,0.71,1
round2,62.8,0.817,1
round2,62.8,0.831,1
round2,62.8,0.845,1
round2,62.8,0.86,1
round2,62.8,0.891,2
round2,62.8,0.907,1
round2,62.8,0.925,4
round2,62.8,0.942,1
round2,62.8,0.961,3
round2,62.8,1,3
round2,62.9,0.71,1
round2,62.9,0.754,1
round2,62.9,0.766,1
round2,62.9,0.778,1
round2,62.9,0.79,2
round2,62.9,0.803,1
round2,62.9,0.845,2
round2,62.9,0.86,2
round2,62.9,0.875,1
round2,62.9,0.891,1
round2,62.9,0.907,6
round2,62.9,0.961,1
round2,62.9,0.98,1
round2,62.9,1,6
round2,63,0.831,1
round2,63,0.86,2
round2,63,0.875,2
round2,63,0.891,1
round2,63,0.907,3
round2,63,0.942,3
round2,63,0.961,1
round2,63,1,5
round2,63.1,0.62,1
round2,63.1,0.831,1
round2,63.1,0.891,1
round2,63.1,0.907,1
round2,63.1,0.925,3
round2,63.1,0.942,2
round2,63.1,0.961,2
round2,63.1,0.98,2
round2,63.1,1,2
round2,63.2,0.7,1
round2,63.2,0.71,1
round2,63.2,0.721,1
round2,63.2,0.731,1
round2,63.2,0.742,1
round2,63.2,0.845,1
round2,63.2,0.86,1
round2,63.2,0.875,1
round2,63.2,0.907,4
round2,63.2,0.925,2
round2,63.2,0.98,1
round2,63.2,1,3
round2,63.3,0.754,1
round2,63.3,0.803,1
round2,63.3,0.817,1
round2,63.3,0.831,1
round2,63.3,0.845,2
round2,63.3,0.875,2
round2,63.3,0.925,4
round2,63.3,0.942,1
round2,63.3,0.961,2
round2,63.3,0.98,1
round2,63.4,0.778,1
round2,63.4,0.86,5
round2,63.4,0.875,2
round2,63.4,0.907,2
round2,63.4,0.925,3
round2,63.4,0.942,3
round2,63.4,0.961,1
round2,63.4,0.98,1
round2,63.4,1,4
round2,63.5,0.803,1
round2,63.5,0.845,1
round2,63.5,0.86,2
round2,63.5,0.875,2
round2,63.5,0.907,3
round2,63.5,0.925,4
round2,63.5,0.942,1
round2,63.5,0.961,1
round2,63.5,0.98,1
round2,63.5,1,3
round2,63.6,0.69,1
round2,63.6,0.721,1
round2,63.6,0.731,1
round2,63.6,0.754,2
round2,63.6,0.766,1
round2,63.6,0.845,1
round2,63.6,0.875,1
round2,63.6,0.891,3
round2,63.6,0.907,3
round2,63.6,0.925,3
round2,63.6,1,3
round2,63.7,0.671,1
round2,63.7,0.754,2
round2,63.7,0.845,2
round2,63.7,0.875,2
round2,63.7,0.907,3
round2,63.7,0.925,1
round2,63.7,0.942,2
round2,63.7,0.98,1
round2,63.7,1,3
round2,63.8,0.778,1
round2,63.8,0.817,1
round2,63.8,0.831,2
round2,63.8,0.86,2
round2,63.8,0.875,1
round2,63.8,0.891,1
round2,63.8,0.925,2
round2,63.8,0.961,1
round2,63.8,0.98,1
round2,63.8,1,2
round2,63.9,0.69,1
round2,63.9,0.79,1
round2,63.9,0.891,1
round2,63.9,0.907,2
round2,63.9,0.925,1
round2,63.9,0.942,3
round2,63.9,0.961,2
round2,64,0.605,1
round2,64,0.613,1
round2,64,0.778,2
round2,64,0.817,1
round2,64,0.831,1
round2,64,0.86,1
round2,64,0.891,1
round2,64,0.907,2
round2,64,0.925,3
round2,64,0.961,1
round2,64,0.98,1
round2,64,1,7
round2,64.1,0.71,1
round2,64.1,0.731,1
round2,64.1,0.79,1
round2,64.1,0.845,3
round2,64.1,0.86,1
round2,64.1,0.891,1
round2,64.1,0.942,1
round2,64.1,0.98,2
round2,64.1,1,1
round2,64.2,0.778,1
round2,64.2,0.817,1
round2,64.2,0.875,1
round2,64.2,0.891,4
round2,64.2,0.907,1
round2,64.2,0.925,1
round2,64.2,0.942,3
round2,64.2,0.961,3
round2,64.2,0.98,2
round2,64.2,1,4
round2,64.3,0.576,1
round2,64.3,0.731,1
round2,64.3,0.79,1
round2,64.3,0.803,1
round2,64.3,0.817,2
round2,64.3,0.845,1
round2,64.3,0.86,2
round2,64.3,0.875,1
round2,64.3,0.907,1
round2,64.3,0.942,1
round2,64.3,0.98,1
round2,64.3,1,4
round2,64.4,0.69,1
round2,64.4,0.721,1
round2,64.4,0.778,1
round2,64.4,0.831,1
round2,64.4,0.86,1
round2,64.4,0.891,1
round2,64.4,0.907,1
round2,64.4,0.925,2
round2,64.4,0.961,2
round2,64.4,0.98,1
round2,64.4,1,3
round2,64.5,0.817,2
round2,64.5,0.831,2
round2,64.5,0.845,1
round2,64.5,0.86,1
round2,64.5,0.925,4
round2,64.5,0.942,3
round2,64.5,0.961,1
round2,64.5,0.98,1
round2,64.5,1,2
round2,64.6,0.754,1
round2,64.6,0.79,1
round2,64.6,0.831,1
round2,64.6,0.875,3
round2,64.6,0.891,1
round2,64.6,0.907,1
round2,64.6,0.961,2
round2,64.6,0.98,2
round2,64.6,1,3
round2,64.7,0.778,1
round2,64.7,0.831,1
round2,64.7,0.86,1
round2,64.7,0.875,1
round2,64.7,0.907,2
round2,64.7,0.925,5
round2,64.7,0.942,2
round2,64.7,1,6
round2,64.8,0.653,1
round2,64.8,0.69,1
round2,64.8,0.731,1
round2,64.8,0.742,1
round2,64.8,0.817,1
round2,64.8,0.845,1
round2,64.8,0.86,2
round2,64.8,0.875,1
round2,64.8,0.907,2
round2,64.8,0.98,1
round2,64.8,1,4
round2,64.9,0.681,1
round2,64.9,0.71,1
round2,64.9,0.731,1
round2,64.9,0.766,1
round2,64.9,0.86,1
round2,64.9,0.875,2
round2,64.9,0.907,3
round2,64.9,0.925,2
round2,64.9,0.942,3
round2,64.9,0.98,1
round2,64.9,1,1
round2,65,0.62,2
round2,65,0.662,1
round2,65,0.71,1
round2,65,0.778,2
round2,65,0.831,1
round2,65,0.845,1
round2,65,0.875,2
round2,65,0.891,1
round2,65,0.907,1
round2,65,0.925,1
round2,65,0.942,2
round2,65,1,5
round2,65.1,0.62,1
round2,65.1,0.831,1
round2,65.1,0.86,1
round2,65.1,0.875,3
round2,65.1,0.907,1
round2,65.1,0.942,2
round2,65.1,0.961,4
round2,65.1,1,1
round2,65.2,0.731,2
round2,65.2,0.817,2
round2,65.2,0.86,1
round2,65.2,0.907,2
round2,65.2,0.925,1
round2,65.2,0.942,2
round2,65.2,0.98,1
round2,65.2,1,1
round2,65.3,0.69,1
round2,65.3,0.731,1
round2,65.3,0.766,1
round2,65.3,0.778,1
round2,65.3,0.79,2
round2,65.3,0.817,2
round2,65.3,0.86,2
round2,65.3,0.875,1
round2,65.3,0.891,2
round2,65.3,0.907,1
round2,65.3,0.925,2
round2,65.3,1,5
round2,65.4,0.721,1
round2,65.4,0.86,1
round2,65.4,0.875,1
round2,65.4,0.907,1
round2,65.4,0.925,3
round2,65.4,0.942,2
round2,65.4,0.961,1
round2,65.4,0.98,2
round2,65.4,1,3
round2,65.5,0.671,1
round2,65.5,0.71,1
round2,65.5,0.803,1
round2,65.5,0.831,1
round2,65.5,0.845,3
round2,65.5,0.891,1
round2,65.5,0.907,2
round2,65.5,0.925,4
round2,65.5,0.942,1
round2,65.5,0.961,1
round2,65.5,1,4
round2,65.6,0.645,1
round2,65.6,0.71,1
round2,65.6,0.766,1
round2,65.6,0.79,1
round2,65.6,0.831,2
round2,65.6,0.845,3
round2,65.6,0.891,2
round2,65.6,0.907,2
round2,65.6,0.925,2
round2,65.6,0.942,1
round2,65.6,0.961,2
round2,65.6,1,5
round2,65.7,0.817,1
round2,65.7,0.831,3
round2,65.7,0.845,1
round2,65.7,0.86,1
round2,65.7,0.891,1
round2,65.7,0.925,1
round2,65.7,0.942,1
round2,65.7,0.961,3
round2,65.7,0.98,1
round2,65.7,1,3
round2,65.8,0.79,1
round2,65.8,0.875,3
round2,65.8,0.891,1
round2,65.8,0.907,3
round2,65.8,0.925,1
round2,65.8,0.942,1
round2,65.8,0.961,1
round2,65.8,1,3
round2,65.9,0.742,1
round2,65.9,0.754,2
round2,65.9,0.79,1
round2,65.9,0.86,2
round2,65.9,0.891,1
round2,65.9,1,1
round2,66,0.754,2
round2,66,0.778,1
round2,66,0.86,3
round2,66,0.875,1
round2,66,0.891,4
round2,66,0.907,7
round2,66,0.942,1
round2,66,0.961,1
round2,66,0.98,4
round2,66,1,1
round2,66.1,0.69,1
round2,66.1,0.731,1
round2,66.1,0.86,2
round2,66.1,0.875,1
round2,66.1,0.891,2
round2,66.1,0.907,5
round2,66.1,0.925,2
round2,66.1,0.961,2
round2,66.1,0.98,1
round2,66.1,1,4
round2,66.2,0.69,1
round2,66.2,0.79,1
round2,66.2,0.86,1
round2,66.2,0.875,2
round2,66.2,0.891,1
round2,66.2,0.925,4
round2,66.2,0.942,2
round2,66.2,0.961,1
round2,66.2,0.98,1
round2,66.2,1,6
round2,66.3,0.69,1
round2,66.3,0.731,1
round2,66.3,0.754,1
round2,66.3,0.803,1
round2,66.3,0.86,3
round2,66.3,0.891,2
round2,66.3,0.907,2
round2,66.3,0.942,1
round2,66.3,0.961,1
round2,66.3,0.98,1
round2,66.3,1,6
round2,66.4,0.7,1
round2,66.4,0.71,1
round2,66.4,0.721,1
round2,66.4,0.766,1
round2,66.4,0.79,1
round2,66.4,0.831,3
round2,66.4,0.86,1
round2,66.4,0.875,2
round2,66.4,0.907,1
round2,66.4,0.925,1
round2,66.4,0.942,2
round2,66.4,1,3
round2,66.5,0.59,1
round2,66.5,0.71,1
round2,66.5,0.721,1
round2,66.5,0.778,1
round2,66.5,0.79,1
round2,66.5,0.831,1
round2,66.5,0.845,2
round2,66.5,0.86,2
round2,66.5,0.891,1
round2,66.5,0.907,1
round2,66.5,0.925,1
round2,66.5,0.942,2
round2,66.5,0.98,1
round2,66.5,1,3
round2,66.6,0.645,1
round2,66.6,0.803,1
round2,66.6,0.817,1
round2,66.6,0.907,1
round2,66.6,0.925,4
round2,66.6,0.942,4
round2,66.6,0.961,1
round2,66.6,0.98,1
round2,66.6,1,3
round2,66.7,0.803,2
round2,66.7,0.831,2
round2,66.7,0.845,2
round2,66.7,0.875,1
round2,66.7,0.891,1
round2,66.7,0.907,1
round2,66.7,0.925,3
round2,66.7,0.942,1
round2,66.7,0.98,1
round2,66.7,1,2
round2,66.8,0.7,1
round2,66.8,0.803,1
round2,66.8,0.845,2
round2,66.8,0.86,2
round2,66.8,0.875,2
round2,66.8,0.891,2
round2,66.8,0.907,1
round2,66.8,0.925,1
round2,66.8,0.942,3
round2,66.8,0.961,1
round2,66.8,1,7
round2,66.9,0.742,1
round2,66.9,0.766,1
round2,66.9,0.778,1
round2,66.9,0.79,1
round2,66.9,0.817,1
round2,66.9,0.845,2
round2,66.9,0.86,2
round2,66.9,0.891,1
round2,66.9,0.907,1
round2,66.9,0.925,2
round2,66.9,0.942,1
round2,66.9,0.961,3
round2,66.9,0.98,2
round2,66.9,1,8
round2,67,0.731,1
round2,67,0.778,1
round2,67,0.875,1
round2,67,0.907,4
round2,67,0.925,5
round2,67,0.942,2
round2,67,0.961,1
round2,67,0.98,1
round2,67,1,4
round2,67.1,0.662,1
round2,67.1,0.754,1
round2,67.1,0.766,1
round2,67.1,0.778,1
round2,67.1,0.831,1
round2,67.1,0.86,1
round2,67.1,0.875,1
round2,67.1,0.891,1
round2,67.1,0.907,2
round2,67.1,0.925,5
round2,67.1,0.961,1
round2,67.1,1,4
round2,67.2,0.628,1
round2,67.2,0.754,1
round2,67.2,0.778,2
round2,67.2,0.803,1
round2,67.2,0.831,2
round2,67.2,0.875,1
round2,67.2,0.891,1
round2,67.2,0.907,1
round2,67.2,0.925,1
round2,67.2,0.942,2
round2,67.2,0.961,3
round2,67.2,0.98,2
round2,67.2,1,3
round2,67.3,0.521,1
round2,67.3,0.803,1
round2,67.3,0.86,1
round2,67.3,0.875,3
round2,67.3,0.925,1
round2,67.3,0.942,1
round2,67.3,1,2
round2,67.4,0.71,1
round2,67.4,0.778,1
round2,67.4,0.803,1
round2,67.4,0.831,2
round2,67.4,0.86,1
round2,67.4,0.875,1
round2,67.4,0.891,1
round2,67.4,0.907,1
round2,67.4,0.942,1
round2,67.4,0.98,1
round2,67.4,1,3
round2,67.5,0.831,1
round2,67.5,0.86,1
round2,67.5,0.875,1
round2,67.5,0.891,1
round2,67.5,0.907,1
round2,67.5,0.925,1
round2,67.5,0.942,1
round2,67.5,0.961,1
round2,67.5,1,4
round2,67.6,0.59,1
round2,67.6,0.766,1
round2,67.6,0.79,1
round2,67.6,0.803,1
round2,67.6,0.831,3
round2,67.6,0.86,1
round2,67.6,0.875,1
round2,67.6,0.907,1
round2,67.6,0.961,1
round2,67.6,0.98,1
round2,67.6,1,2
round2,67.7,0.754,1
round2,67.7,0.831,1
round2,67.7,0.875,1
round2,67.7,0.891,1
round2,67.7,0.907,3
round2,67.7,0.925,2
round2,67.7,0.942,1
round2,67.7,0.961,2
round2,67.7,0.98,1
round2,67.7,1,4
round2,67.8,0.671,1
round2,67.8,0.721,1
round2,67.8,0.817,1
round2,67.8,0.875,1
round2,67.8,0.891,2
round2,67.8,0.907,2
round2,67.8,0.925,1
round2,67.8,0.961,1
round2,67.9,0.7,1
round2,67.9,0.731,1
round2,67.9,0.742,1
round2,67.9,0.803,1
round2,67.9,0.831,1
round2,67.9,0.875,1
round2,67.9,0.891,2
round2,67.9,0.907,2
round2,67.9,0.925,2
round2,67.9,0.942,1
round2,67.9,0.961,1
round2,67.9,1,4
round2,68,0.636,1
round2,68,0.653,2
round2,68,0.681,1
round2,68,0.731,1
round2,68,0.778,1
round2,68,0.86,1
round2,68,0.891,1
round2,68,0.907,1
round2,68,0.942,2
round2,68,0.98,1
round2,68,1,3
round2,68.1,0.62,1
round2,68.1,0.721,1
round2,68.1,0.754,1
round2,68.1,0.778,2
round2,68.1,0.79,1
round2,68.1,0.803,1
round2,68.1,0.817,1
round2,68.1,0.845,1
round2,68.1,0.891,1
round2,68.1,0.907,4
round2,68.1,0.925,3
round2,68.1,0.942,4
round2,68.1,1,3
round2,68.2,0.71,1
round2,68.2,0.721,1
round2,68.2,0.817,3
round2,68.2,0.831,1
round2,68.2,0.86,1
round2,68.2,0.875,1
round2,68.2,0.907,2
round2,68.2,0.925,2
round2,68.2,0.942,2
round2,68.2,0.961,3
round2,68.2,0.98,1
round2,68.2,1,3
round2,68.3,0.69,1
round2,68.3,0.731,1
round2,68.3,0.817,4
round2,68.3,0.845,1
round2,68.3,0.86,2
round2,68.3,0.891,2
round2,68.3,0.925,3
round2,68.3,0.942,1
round2,68.3,0.961,1
round2,68.4,0.671,1
round2,68.4,0.742,1
round2,68.4,0.754,1
round2,68.4,0.766,2
round2,68.4,0.875,2
round2,68.4,0.891,1
round2,68.4,0.907,1
round2,68.4,0.925,4
round2,68.4,0.942,2
round2,68.4,0.961,2
round2,68.4,0.98,3
round2,68.4,1,4
round2,68.5,0.544,1
round2,68.5,0.803,1
round2,68.5,0.831,1
round2,68.5,0.845,1
round2,68.5,0.907,2
round2,68.5,0.925,3
round2,68.5,0.942,2
round2,68.5,0.961,2
round2,68.5,1,3
round2,68.6,0.628,1
round2,68.6,0.71,1
round2,68.6,0.778,1
round2,68.6,0.79,1
round2,68.6,0.803,3
round2,68.6,0.817,1
round2,68.6,0.875,1
round2,68.6,0.891,1
round2,68.6,0.907,1
round2,68.6,0.925,3
round2,68.6,0.961,2
round2,68.6,1,4
round2,68.7,0.653,1
round2,68.7,0.69,1
round2,68.7,0.778,1
round2,68.7,0.875,2
round2,68.7,0.891,2
round2,68.7,0.907,3
round2,68.7,0.925,3
round2,68.7,0.942,1
round2,68.7,0.961,1
round2,68.7,1,7
round2,68.8,0.495,1
round2,68.8,0.563,1
round2,68.8,0.86,1
round2,68.8,0.875,1
round2,68.8,0.907,3
round2,68.8,0.925,2
round2,68.8,0.961,1
round2,68.8,0.98,2
round2,68.8,1,3
round2,68.9,0.721,1
round2,68.9,0.817,1
round2,68.9,0.831,1
round2,68.9,0.845,1
round2,68.9,0.907,2
round2,68.9,0.942,2
round2,68.9,0.961,2
round2,68.9,0.98,2
round2,68.9,1,3
round2,69,0.636,1
round2,69,0.645,1
round2,69,0.662,1
round2,69,0.731,1
round2,69,0.766,1
round2,69,0.831,1
round2,69,0.86,1
round2,69,0.875,1
round2,69,0.891,1
round2,69,0.907,1
round2,69,0.925,2
round2,69,0.942,2
round2,69,0.961,5
round2,69,0.98,2
round2,69,1,2
round2,69.1,0.69,1
round2,69.1,0.721,1
round2,69.1,0.778,1
round2,69.1,0.86,2
round2,69.1,0.891,2
round2,69.1,0.907,5
round2,69.1,0.925,3
round2,69.1,0.942,1
round2,69.1,0.98,1
round2,69.1,1,4
round2,69.2,0.71,1
round2,69.2,0.831,1
round2,69.2,0.875,1
round2,69.2,0.907,1
round2,69.2,0.942,2
round2,69.2,0.961,2
round2,69.2,1,2
round2,69.3,0.721,1
round2,69.3,0.79,1
round2,69.3,0.831,1
round2,69.3,0.891,2
round2,69.3,0.907,1
round2,69.3,0.925,1
round2,69.3,0.961,1
round2,69.3,1,5
round2,69.4,0.731,1
round2,69.4,0.742,1
round2,69.4,0.754,1
round2,69.4,0.766,1
round2,69.4,0.778,1
round2,69.4,0.817,1
round2,69.4,0.875,1
round2,69.4,0.942,1
round2,69.4,1,5
round2,69.5,0.754,2
round2,69.5,0.817,2
round2,69.5,0.831,1
round2,69.5,0.845,1
round2,69.5,0.891,2
round2,69.5,0.907,3
round2,69.5,0.925,2
round2,69.5,0.942,3
round2,69.5,0.98,1
round2,69.5,1,3
round2,69.6,0.628,1
round2,69.6,0.671,1
round2,69.6,0.831,1
round2,69.6,0.845,3
round2,69.6,0.86,1
round2,69.6,0.891,1
round2,69.6,0.907,1
round2,69.6,0.925,1
round2,69.6,0.942,2
round2,69.6,1,1
round2,69.7,0.766,1
round2,69.7,0.79,1
round2,69.7,0.831,1
round2,69.7,0.845,1
round2,69.7,0.86,3
round2,69.7,0.875,1
round2,69.7,0.891,3
round2,69.7,0.907,1
round2,69.7,0.925,1
round2,69.7,1,5
round2,69.8,0.671,1
round2,69.8,0.731,1
round2,69.8,0.831,1
round2,69.8,0.845,1
round2,69.8,0.86,2
round2,69.8,0.891,3
round2,69.8,0.907,2
round2,69.8,0.925,2
round2,69.8,0.942,1
round2,69.8,0.98,1
round2,69.8,1,4
round2,69.9,0.875,1
round2,69.9,0.907,3
round2,69.9,0.925,2
round2,69.9,0.961,1
round2,69.9,0.98,2
round2,69.9,1,2
round2,70,0.731,1
round2,70,0.86,1
round2,70,0.875,1
round2,70,0.891,1
round2,70,0.925,1
round2,70,1,2
round2,70.1,0.766,1
round2,70.1,0.817,2
round2,70.1,0.831,2
round2,70.1,0.875,1
round2,70.1,0.891,1
round2,70.1,0.907,4
round2,70.1,0.925,2
round2,70.1,0.942,1
round2,70.1,1,3
round2,70.2,0.766,1
round2,70.2,0.79,1
round2,70.2,0.845,1
round2,70.2,0.86,1
round2,70.2,0.875,2
round2,70.2,0.891,2
round2,70.2,0.907,2
round2,70.2,0.925,4
round2,70.2,0.942,1
round2,70.2,0.98,1
round2,70.2,1,2
round2,70.3,0.766,1
round2,70.3,0.845,1
round2,70.3,0.875,1
round2,70.3,0.907,3
round2,70.3,0.942,2
round2,70.3,0.961,1
round2,70.3,0.98,1
round2,70.3,1,1
round2,70.4,0.79,1
round2,70.4,0.803,1
round2,70.4,0.817,1
round2,70.4,0.891,1
round2,70.4,0.907,2
round2,70.4,0.961,1
round2,70.4,1,3
round2,70.5,0.742,1
round2,70.5,0.754,1
round2,70.5,0.778,1
round2,70.5,0.831,1
round2,70.5,0.86,1
round2,70.5,0.907,2
round2,70.5,1,2
round2,70.6,0.845,3
round2,70.6,0.86,1
round2,70.6,0.875,3
round2,70.6,0.891,1
round2,70.6,0.925,3
round2,70.6,0.942,1
round2,70.6,1,3
round2,70.7,0.79,1
round2,70.7,0.817,1
round2,70.7,0.845,1
round2,70.7,0.875,2
round2,70.7,0.891,2
round2,70.7,0.925,2
round2,70.7,0.942,1
round2,70.7,0.98,2
round2,70.7,1,1
round2,70.8,0.62,1
round2,70.8,0.681,1
round2,70.8,0.817,1
round2,70.8,0.875,3
round2,70.8,0.891,1
round2,70.8,0.907,2
round2,70.8,0.925,2
round2,70.8,0.961,2
round2,70.8,0.98,2
round2,70.8,1,3
round2,70.9,0.803,1
round2,70.9,0.831,2
round2,70.9,0.86,1
round2,70.9,0.875,1
round2,70.9,0.891,1
round2,70.9,0.907,2
round2,70.9,0.925,1
round2,70.9,0.961,2
round2,70.9,0.98,2
round2,70.9,1,2
round2,71,0.79,1
round2,71,0.817,1
round2,71,0.86,2
round2,71,0.875,1
round2,71,0.891,1
round2,71,0.925,2
round2,71,0.98,1
round2,71,1,3
round2,71.1,0.69,1
round2,71.1,0.79,1
round2,71.1,0.817,1
round2,71.1,0.845,1
round2,71.1,0.875,1
round2,71.1,0.925,3
round2,71.1,0.942,1
round2,71.1,1,4
round2,71.2,0.79,1
round2,71.2,0.845,1
round2,71.2,0.891,1
round2,71.2,0.942,2
round2,71.2,0.98,1
round2,71.2,1,4
round2,71.3,0.766,1
round2,71.3,0.778,1
round2,71.3,0.79,1
round2,71.3,0.831,1
round2,71.3,0.891,1
round2,71.3,0.907,1
round2,71.3,0.942,1
round2,71.3,0.961,2
round2,71.3,1,5
round2,71.4,0.817,1
round2,71.4,0.831,1
round2,71.4,0.845,3
round2,71.4,0.907,2
round2,71.4,0.925,1
round2,71.4,0.961,1
round2,71.4,1,1
round2,71.5,0.778,1
round2,71.5,0.86,1
round2,71.5,0.891,1
round2,71.5,0.907,1
round2,71.5,0.942,2
round2,71.5,0.961,1
round2,71.5,1,2
round2,71.6,0.71,1
round2,71.6,0.731,1
round2,71.6,0.778,1
round2,71.6,0.79,1
round2,71.6,0.86,1
round2,71.6,0.875,2
round2,71.6,0.891,1
round2,71.6,0.907,1
round2,71.6,0.925,3
round2,71.6,0.961,1
round2,71.6,0.98,1
round2,71.6,1,5
round2,71.7,0.79,1
round2,71.7,0.817,2
round2,71.7,0.845,1
round2,71.7,0.86,1
round2,71.7,0.875,3
round2,71.7,0.907,2
round2,71.7,0.925,2
round2,71.7,0.942,2
round2,71.7,1,2
round2,71.8,0.533,1
round2,71.8,0.721,1
round2,71.8,0.742,1
round2,71.8,0.803,1
round2,71.8,0.831,1
round2,71.8,0.845,1
round2,71.8,0.86,1
round2,71.8,0.907,1
round2,71.8,0.925,1
round2,71.8,0.942,1
round2,71.8,1,1
round2,71.9,0.671,1
round2,71.9,0.7,1
round2,71.9,0.79,1
round2,71.9,0.817,1
round2,71.9,0.86,1
round2,71.9,0.875,1
round2,71.9,0.891,1
round2,71.9,0.907,2
round2,71.9,0.942,1
round2,71.9,0.961,1
round2,71.9,0.98,1
round2,71.9,1,3
round2,72,0.754,1
round2,72,0.891,1
round2,72,0.907,3
round2,72,0.925,2
round2,72,1,2
round2,72.1,0.71,1
round2,72.1,0.803,1
round2,72.1,0.817,1
round2,72.1,0.845,2
round2,72.1,0.86,1
round2,72.1,0.875,1
round2,72.1,0.907,1
round2,72.1,0.925,1
round2,72.1,0.942,5
round2,72.1,0.961,2
round2,72.1,0.98,3
round2,72.1,1,5
round2,72.2,0.766,1
round2,72.2,0.817,2
round2,72.2,0.845,1
round2,72.2,0.86,1
round2,72.2,0.875,1
round2,72.2,0.925,1
round2,72.2,0.942,4
round2,72.2,0.961,3
round2,72.2,1,4
round2,72.3,0.731,1
round2,72.3,0.817,1
round2,72.3,0.831,1
round2,72.3,0.845,1
round2,72.3,0.891,1
round2,72.3,0.925,1
round2,72.3,0.942,2
round2,72.3,1,4
round2,72.4,0.731,1
round2,72.4,0.845,1
round2,72.4,0.875,1
round2,72.4,0.891,1
round2,72.4,0.907,2
round2,72.4,0.925,3
round2,72.4,0.942,2
round2,72.4,0.961,1
round2,72.4,1,4
round2,72.5,0.817,1
round2,72.5,0.845,3
round2,72.5,0.86,2
round2,72.5,0.907,3
round2,72.5,0.925,2
round2,72.5,0.942,3
round2,72.5,1,1
round2,72.6,0.766,1
round2,72.6,0.817,1
round2,72.6,0.86,1
round2,72.6,0.875,2
round2,72.6,0.907,3
round2,72.6,0.961,1
round2,72.6,1,2
round2,72.7,0.605,1
round2,72.7,0.79,1
round2,72.7,0.831,1
round2,72.7,0.875,2
round2,72.7,0.891,1
round2,72.7,0.907,2
round2,72.7,0.925,2
round2,72.7,0.961,1
round2,72.7,1,5
round2,72.8,0.71,1
round2,72.8,0.742,1
round2,72.8,0.778,1
round2,72.8,0.803,1
round2,72.8,0.831,1
round2,72.8,0.86,1
round2,72.8,0.907,1
round2,72.8,0.925,2
round2,72.8,0.942,1
round2,72.9,0.721,1
round2,72.9,0.831,2
round2,72.9,0.907,3
round2,72.9,0.961,1
round2,72.9,1,2
round2,73,0.731,1
round2,73,0.86,1
round2,73,0.907,1
round2,73,0.942,1
round2,73,0.961,1
round2,73,1,4
round2,73.1,0.485,1
round2,73.1,0.803,1
round2,73.1,0.845,1
round2,73.1,0.86,1
round2,73.1,0.875,2
round2,73.1,0.891,1
round2,73.1,0.907,2
round2,73.1,1,5
round2,73.2,0.778,2
round2,73.2,0.803,1
round2,73.2,0.845,1
round2,73.2,0.875,1
round2,73.2,0.907,3
round2,73.2,0.925,1
round2,73.2,0.942,3
round2,73.2,0.961,1
round2,73.2,0.98,1
round2,73.2,1,1
round2,73.3,0.79,1
round2,73.3,0.86,1
round2,73.3,0.875,1
round2,73.3,0.891,1
round2,73.3,0.907,3
round2,73.3,0.925,1
round2,73.3,0.942,1
round2,73.4,0.69,1
round2,73.4,0.803,1
round2,73.4,0.845,1
round2,73.4,0.907,1
round2,73.4,0.942,1
round2,73.4,0.98,2
round2,73.4,1,4
round2,73.5,0.766,2
round2,73.5,0.907,1
round2,73.5,0.942,1
round2,73.5,0.961,1
round2,73.5,1,6
round2,73.6,0.71,1
round2,73.6,0.803,1
round2,73.6,0.817,1
round2,73.6,0.86,1
round2,73.6,0.875,2
round2,73.6,0.907,1
round2,73.6,0.942,2
round2,73.6,0.961,1
round2,73.6,0.98,1
round2,73.6,1,2
round2,73.7,0.71,1
round2,73.7,0.742,1
round2,73.7,0.79,1
round2,73.7,0.875,1
round2,73.7,0.891,2
round2,73.7,0.907,2
round2,73.7,0.942,3
round2,73.8,0.79,1
round2,73.8,0.803,1
round2,73.8,0.86,1
round2,73.8,0.875,1
round2,73.8,0.891,2
round2,73.8,0.907,1
round2,73.8,0.961,1
round2,73.8,0.98,1
round2,73.8,1,2
round2,73.9,0.71,1
round2,73.9,0.817,1
round2,73.9,0.86,1
round2,73.9,0.875,2
round2,73.9,0.907,2
round2,73.9,0.925,3
round2,73.9,0.961,2
round2,73.9,1,2
round2,74,0.671,1
round2,74,0.71,1
round2,74,0.778,1
round2,74,0.79,1
round2,74,0.817,1
round2,74,0.831,1
round2,74,0.875,1
round2,74,0.891,1
round2,74,0.907,2
round2,74,0.925,1
round2,74,1,2
round2,74.1,0.69,1
round2,74.1,0.731,1
round2,74.1,0.79,1
round2,74.1,0.803,1
round2,74.1,0.831,1
round2,74.1,0.875,2
round2,74.1,0.891,2
round2,74.1,0.925,1
round2,74.1,1,1
round2,74.2,0.636,1
round2,74.2,0.7,1
round2,74.2,0.79,1
round2,74.2,0.86,1
round2,74.2,0.925,1
round2,74.2,0.942,2
round2,74.2,0.98,1
round2,74.2,1,2
round2,74.3,0.79,1
round2,74.3,0.86,1
round2,74.3,0.907,3
round2,74.3,0.925,1
round2,74.3,0.961,1
round2,74.3,1,2
round2,74.4,0.653,1
round2,74.4,0.803,1
round2,74.4,0.86,2
round2,74.4,0.875,1
round2,74.4,0.907,1
round2,74.4,0.925,1
round2,74.4,0.942,1
round2,74.4,0.98,2
round2,74.4,1,1
round2,74.5,0.845,2
round2,74.5,0.86,1
round2,74.5,0.875,2
round2,74.5,0.891,1
round2,74.5,0.961,2
round2,74.5,1,2
round2,74.6,0.653,1
round2,74.6,0.803,1
round2,74.6,0.831,3
round2,74.6,0.845,1
round2,74.6,0.875,1
round2,74.6,0.891,3
round2,74.6,0.925,3
round2,74.6,0.942,2
round2,74.6,0.98,1
round2,74.6,1,4
round2,74.7,0.71,1
round2,74.7,0.831,1
round2,74.7,0.925,1
round2,74.7,0.942,2
round2,74.7,1,5
round2,74.8,0.7,1
round2,74.8,0.71,1
round2,74.8,0.766,1
round2,74.8,0.86,1
round2,74.8,0.875,1
round2,74.8,0.925,2
round2,74.8,1,4
round2,74.9,0.803,1
round2,74.9,0.831,1
round2,74.9,0.845,2
round2,74.9,0.875,1
round2,74.9,0.891,2
round2,74.9,0.925,4
round2,74.9,0.942,2
round2,74.9,0.961,1
round2,74.9,1,1
round2,75,0.742,1
round2,75,0.778,1
round2,75,0.817,1
round2,75,0.831,1
round2,75,0.845,1
round2,75,0.891,2
round2,75,0.942,1
round2,75,0.98,2
round2,75,1,1
round2,75.1,0.59,1
round2,75.1,0.766,1
round2,75.1,0.803,1
round2,75.1,0.845,1
round2,75.1,0.86,1
round2,75.1,0.875,1
round2,75.1,0.907,1
round2,75.1,0.925,4
round2,75.1,0.942,1
round2,75.1,0.961,3
round2,75.1,1,2
round2,75.2,0.636,1
round2,75.2,0.69,1
round2,75.2,0.721,1
round2,75.2,0.817,1
round2,75.2,0.831,1
round2,75.2,0.86,1
round2,75.2,0.925,1
round2,75.2,1,3
round2,75.3,0.817,1
round2,75.3,0.86,1
round2,75.3,0.907,2
round2,75.3,0.942,1
round2,75.3,0.961,1
round2,75.3,0.98,1
round2,75.3,1,3
round2,75.4,0.563,1
round2,75.4,0.831,1
round2,75.4,0.875,2
round2,75.4,0.891,1
round2,75.4,0.907,2
round2,75.4,0.925,2
round2,75.4,0.961,1
round2,75.4,1,2
round2,75.5,0.731,1
round2,75.5,0.778,1
round2,75.5,0.79,1
round2,75.5,0.845,1
round2,75.5,0.86,1
round2,75.5,0.875,1
round2,75.5,0.891,1
round2,75.5,0.942,2
round2,75.5,0.98,1
round2,75.5,1,2
round2,75.6,0.583,1
round2,75.6,0.754,1
round2,75.6,0.778,1
round2,75.6,0.817,1
round2,75.6,0.845,2
round2,75.6,0.875,1
round2,75.6,0.907,1
round2,75.6,0.925,1
round2,75.6,0.942,1
round2,75.6,1,1
round2,75.7,0.731,1
round2,75.7,0.742,1
round2,75.7,0.845,1
round2,75.7,0.875,1
round2,75.7,0.907,1
round2,75.7,0.925,3
round2,75.7,0.942,1
round2,75.7,0.961,1
round2,75.7,1,1
round2,75.8,0.79,1
round2,75.8,0.831,1
round2,75.8,0.907,1
round2,75.8,0.925,2
round2,75.8,0.942,3
round2,75.8,0.98,1
round2,75.8,1,1
round2,75.9,0.754,1
round2,75.9,0.845,2
round2,75.9,0.86,1
round2,75.9,0.891,2
round2,75.9,0.907,1
round2,75.9,1,2
round2,76,0.71,1
round2,76,0.754,1
round2,76,0.845,1
round2,76,0.891,1
round2,76,0.907,2
round2,76,0.961,1
round2,76,1,4
round2,76.1,0.742,1
round2,76.1,0.831,2
round2,76.1,0.845,2
round2,76.1,0.86,1
round2,76.1,0.875,2
round2,76.1,0.925,2
round2,76.1,0.942,1
round2,76.1,0.98,1
round2,76.1,1,2
round2,76.2,0.845,1
round2,76.2,0.86,1
round2,76.2,0.875,1
round2,76.2,0.925,3
round2,76.2,1,3
round2,76.3,0.628,1
round2,76.3,0.766,1
round2,76.3,0.907,1
round2,76.3,0.925,1
round2,76.3,1,3
round2,76.4,0.71,1
round2,76.4,0.845,2
round2,76.4,0.875,1
round2,76.4,0.891,1
round2,76.4,0.907,3
round2,76.4,0.925,1
round2,76.4,0.98,2
round2,76.4,1,4
round2,76.5,0.7,1
round2,76.5,0.778,1
round2,76.5,0.845,1
round2,76.5,0.86,1
round2,76.5,0.875,1
round2,76.5,0.907,1
round2,76.5,0.925,2
round2,76.5,0.961,2
round2,76.5,1,2
round2,76.6,0.742,1
round2,76.6,0.845,1
round2,76.6,0.86,1
round2,76.6,0.891,1
round2,76.6,0.907,1
round2,76.6,0.942,1
round2,76.6,1,2
round2,76.7,0.803,1
round2,76.7,0.817,1
round2,76.7,0.845,1
round2,76.7,0.891,1
round2,76.7,0.907,3
round2,76.7,0.942,1
round2,76.7,0.961,1
round2,76.7,0.98,2
round2,76.7,1,3
round2,76.8,0.62,1
round2,76.8,0.7,1
round2,76.8,0.86,1
round2,76.8,0.875,1
round2,76.8,0.907,1
round2,76.8,0.925,1
round2,76.8,0.961,1
round2,76.8,1,6
round2,76.9,0.875,2
round2,76.9,0.925,2
round2,76.9,0.942,1
round2,76.9,1,4
round2,77,0.754,1
round2,77,0.831,1
round2,77,0.907,1
round2,77,0.925,1
round2,77,0.961,1
round2,77,1,3
round2,77.1,0.831,1
round2,77.1,0.925,2
round2,77.1,0.942,1
round2,77.1,0.98,1
round2,77.1,1,3
round2,77.2,0.557,1
round2,77.2,0.59,1
round2,77.2,0.817,2
round2,77.2,0.845,1
round2,77.2,0.891,2
round2,77.2,0.907,1
round2,77.2,0.925,1
round2,77.2,0.942,2
round2,77.2,0.961,1
round2,77.2,1,3
round2,77.3,0.671,1
round2,77.3,0.71,1
round2,77.3,0.754,1
round2,77.3,0.831,1
round2,77.3,0.845,1
round2,77.3,0.86,1
round2,77.3,0.891,1
round2,77.3,0.907,1
round2,77.3,0.942,1
round2,77.3,0.961,1
round2,77.3,0.98,1
round2,77.3,1,3
round2,77.4,0.731,1
round2,77.4,0.79,1
round2,77.4,0.845,1
round2,77.4,0.875,2
round2,77.4,0.907,1
round2,77.4,0.925,3
round2,77.4,0.942,3
round2,77.4,1,2
round2,77.5,0.754,1
round2,77.5,0.778,1
round2,77.5,0.875,1
round2,77.5,0.961,1
round2,77.5,0.98,2
round2,77.5,1,1
round2,77.6,0.71,1
round2,77.6,0.731,1
round2,77.6,0.778,1
round2,77.6,0.803,2
round2,77.6,0.86,1
round2,77.6,0.875,1
round2,77.6,0.891,1
round2,77.6,0.925,1
round2,77.6,0.942,2
round2,77.6,0.961,1
round2,77.6,1,4
round2,77.7,0.671,1
round2,77.7,0.742,1
round2,77.7,0.778,1
round2,77.7,0.86,2
round2,77.7,0.891,1
round2,77.7,0.907,2
round2,77.7,0.925,2
round2,77.7,0.942,1
round2,77.7,0.961,1
round2,77.7,0.98,2
round2,77.7,1,4
round2,77.8,0.742,1
round2,77.8,0.79,1
round2,77.8,0.803,1
round2,77.8,0.817,1
round2,77.8,0.845,1
round2,77.8,0.86,1
round2,77.8,0.925,4
round2,77.8,1,1
round2,77.9,0.754,1
round2,77.9,0.875,2
round2,77.9,0.907,2
round2,77.9,0.925,2
round2,77.9,0.942,3
round2,77.9,0.961,1
round2,77.9,0.98,1
round2,77.9,1,5
round2,78,0.742,1
round2,78,0.845,2
round2,78,0.891,1
round2,78,0.942,1
round2,78,1,4
round2,78.1,0.628,1
round2,78.1,0.69,1
round2,78.1,0.86,1
round2,78.1,0.875,2
round2,78.1,0.907,1
round2,78.1,0.925,3
round2,78.1,0.942,1
round2,78.1,1,3
round2,78.2,0.79,2
round2,78.2,0.907,1
round2,78.2,0.961,1
round2,78.2,0.98,1
round2,78.2,1,2
round2,78.3,0.645,1
round2,78.3,0.71,1
round2,78.3,0.831,1
round2,78.3,0.86,1
round2,78.3,0.891,1
round2,78.3,0.907,1
round2,78.3,0.925,2
round2,78.3,0.942,1
round2,78.3,0.961,1
round2,78.3,1,5
round2,78.4,0.731,1
round2,78.4,0.845,1
round2,78.4,0.875,1
round2,78.4,0.907,2
round2,78.4,0.925,2
round2,78.4,0.942,2
round2,78.4,1,1
round2,78.5,0.62,1
round2,78.5,0.942,2
round2,78.5,0.961,1
round2,78.5,1,5
round2,78.6,0.778,1
round2,78.6,0.86,1
round2,78.6,0.875,1
round2,78.6,0.907,1
round2,78.6,0.942,4
round2,78.6,0.961,1
round2,78.6,1,3
round2,78.7,0.803,1
round2,78.7,0.831,1
round2,78.7,0.875,1
round2,78.7,0.891,1
round2,78.7,0.907,2
round2,78.7,0.925,1
round2,78.7,0.942,2
round2,78.7,1,6
round2,78.8,0.71,1
round2,78.8,0.845,1
round2,78.8,0.925,2
round2,78.8,1,2
round2,78.9,0.754,3
round2,78.9,0.803,1
round2,78.9,0.817,1
round2,78.9,0.891,1
round2,78.9,0.942,1
round2,78.9,1,3
round2,79,0.742,1
round2,79,0.803,1
round2,79,0.845,1
round2,79,0.907,3
round2,79,0.925,1
round2,79,0.942,1
round2,79,1,3
round2,79.1,0.69,1
round2,79.1,0.731,1
round2,79.1,0.803,1
round2,79.1,0.817,1
round2,79.1,0.831,1
round2,79.1,0.891,1
round2,79.1,0.925,1
round2,79.1,0.942,1
round2,79.1,0.98,1
round2,79.1,1,3
round2,79.2,0.845,1
round2,79.2,0.86,1
round2,79.2,0.875,2
round2,79.2,0.891,1
round2,79.2,0.907,1
round2,79.2,0.925,2
round2,79.2,0.942,1
round2,79.2,0.961,1
round2,79.2,0.98,1
round2,79.2,1,2
round2,79.3,0.778,1
round2,79.3,0.79,1
round2,79.3,0.817,1
round2,79.3,0.907,1
round2,79.3,0.925,2
round2,79.3,0.942,1
round2,79.3,0.961,1
round2,79.3,1,1
round2,79.4,0.754,1
round2,79.4,0.79,1
round2,79.4,0.803,1
round2,79.4,0.831,1
round2,79.4,0.845,2
round2,79.4,0.86,1
round2,79.4,0.875,1
round2,79.4,0.907,1
round2,79.4,0.925,4
round2,79.4,0.942,2
round2,79.4,0.961,1
round2,79.4,1,1
round2,79.5,0.754,1
round2,79.5,0.803,2
round2,79.5,0.817,1
round2,79.5,0.831,1
round2,79.5,0.86,1
round2,79.5,0.907,2
round2,79.5,1,1
round2,79.6,0.831,1
round2,79.6,0.891,1
round2,79.6,0.925,1
round2,79.6,0.942,1
round2,79.6,0.961,2
round2,79.6,0.98,1
round2,79.6,1,3
round2,79.7,0.803,1
round2,79.7,0.845,1
round2,79.7,0.907,1
round2,79.7,0.925,2
round2,79.7,0.942,3
round2,79.7,0.961,1
round2,79.7,1,2
round2,79.8,0.803,1
round2,79.8,0.831,1
round2,79.8,0.845,2
round2,79.8,0.86,1
round2,79.8,0.875,1
round2,79.8,0.891,1
round2,79.8,0.907,1
round2,79.8,0.925,2
round2,79.8,0.942,1
round2,79.9,0.86,1
round2,79.9,0.875,1
round2,79.9,0.907,3
round2,79.9,0.925,1
round2,79.9,0.98,1
round2,79.9,1,1
round2,80,0.875,1
round2,80,0.891,1
round2,80,0.907,1
round2,80,0.925,1
round2,80,0.942,1
round2,80,0.961,2
round2,80,1,2
round2,80.1,0.71,1
round2,80.1,0.742,1
round2,80.1,0.778,1
round2,80.1,0.79,1
round2,80.1,0.817,1
round2,80.1,0.845,1
round2,80.1,0.875,1
round2,80.1,0.891,1
round2,80.1,0.907,1
round2,80.1,1,3
round2,80.2,0.731,1
round2,80.2,0.86,1
round2,80.2,0.942,1
round2,80.2,1,2
round2,80.3,0.817,1
round2,80.3,0.875,1
round2,80.3,0.891,2
round2,80.3,0.925,3
round2,80.3,1,3
round2,80.4,0.875,1
round2,80.4,0.907,1
round2,80.4,0.942,1
round2,80.4,1,4
round2,80.5,0.754,1
round2,80.5,0.891,1
round2,80.5,0.907,3
round2,80.5,0.942,1
round2,80.5,0.961,1
round2,80.5,1,2
round2,80.6,0.754,1
round2,80.6,0.766,1
round2,80.6,0.803,1
round2,80.6,0.86,1
round2,80.6,0.875,1
round2,80.6,0.891,1
round2,80.6,0.925,3
round2,80.6,0.98,1
round2,80.6,1,1
round2,80.7,0.817,3
round2,80.7,0.831,2
round2,80.7,0.845,1
round2,80.7,0.875,1
round2,80.7,0.907,2
round2,80.7,0.925,1
round2,80.7,0.961,1
round2,80.7,0.98,1
round2,80.7,1,3
round2,80.8,0.605,1
round2,80.8,0.803,1
round2,80.8,0.831,1
round2,80.8,0.845,1
round2,80.8,0.891,2
round2,80.8,0.907,2
round2,80.8,0.925,2
round2,80.8,0.942,1
round2,80.8,1,3
round2,80.9,0.742,1
round2,80.9,0.845,1
round2,80.9,0.942,1
round2,80.9,1,6
round2,81,0.71,1
round2,81,0.875,2
round2,81,0.907,1
round2,81,0.942,1
round2,81,1,3
round2,81.1,0.817,1
round2,81.1,0.831,1
round2,81.1,0.845,1
round2,81.1,0.875,1
round2,81.1,0.891,1
round2,81.1,0.942,1
round2,81.1,0.961,2
round2,81.1,1,1
round2,81.2,0.721,1
round2,81.2,0.79,1
round2,81.2,0.831,1
round2,81.2,0.86,1
round2,81.2,0.875,1
round2,81.2,0.891,2
round2,81.2,1,5
round2,81.3,0.721,1
round2,81.3,0.754,1
round2,81.3,0.79,1
round2,81.3,0.845,1
round2,81.3,0.875,1
round2,81.3,0.942,1
round2,81.3,1,2
round2,81.4,0.731,1
round2,81.4,0.817,1
round2,81.4,0.845,1
round2,81.4,0.891,2
round2,81.4,0.942,1
round2,81.4,0.961,1
round2,81.4,1,2
round2,81.5,0.721,1
round2,81.5,0.875,1
round2,81.5,0.907,1
round2,81.5,0.925,1
round2,81.5,0.942,1
round2,81.5,0.98,1
round2,81.5,1,6
round2,81.6,0.731,1
round2,81.6,0.778,1
round2,81.6,0.803,1
round2,81.6,0.817,1
round2,81.6,0.831,1
round2,81.6,0.891,1
round2,81.6,0.942,1
round2,81.6,1,6
round2,81.7,0.778,1
round2,81.7,0.79,1
round2,81.7,0.875,1
round2,81.7,0.891,2
round2,81.7,0.907,1
round2,81.7,0.925,1
round2,81.7,1,4
round2,81.8,0.891,1
round2,81.8,0.907,1
round2,81.8,0.925,2
round2,81.8,0.942,1
round2,81.8,1,1
round2,81.9,0.803,1
round2,81.9,0.907,2
round2,81.9,1,1
round2,82,0.653,1
round2,82,0.803,1
round2,82,0.817,2
round2,82,0.845,1
round2,82,0.875,1
round2,82,0.907,3
round2,82,0.961,1
round2,82,0.98,1
round2,82,1,1
round2,82.1,0.891,2
round2,82.1,0.907,1
round2,82.1,0.925,1
round2,82.1,1,2
round2,82.2,0.803,1
round2,82.2,0.845,1
round2,82.2,0.875,1
round2,82.2,0.961,2
round2,82.2,1,4
round2,82.3,0.845,1
round2,82.3,0.875,1
round2,82.3,0.925,1
round2,82.3,0.942,2
round2,82.3,0.98,1
round2,82.3,1,2
round2,82.4,0.7,1
round2,82.4,0.754,1
round2,82.4,0.891,1
round2,82.4,0.925,2
round2,82.4,1,3
round2,82.5,0.71,1
round2,82.5,0.86,1
round2,82.5,0.875,1
round2,82.5,0.907,1
round2,82.5,0.925,3
round2,82.5,0.942,2
round2,82.5,0.98,2
round2,82.6,0.636,1
round2,82.6,0.925,2
round2,82.6,0.942,2
round2,82.6,1,2
round2,82.7,0.803,1
round2,82.7,0.875,1
round2,82.7,0.925,2
round2,82.8,0.817,2
round2,82.8,0.925,1
round2,82.8,0.942,1
round2,82.8,0.961,1
round2,82.8,1,3
round2,82.9,0.766,1
round2,82.9,0.907,1
round2,82.9,0.942,1
round2,82.9,0.961,1
round2,82.9,0.98,1
round2,82.9,1,2
round2,83,0.71,1
round2,83,0.778,2
round2,83,0.86,1
round2,83,0.907,2
round2,83,1,2
round2,83.1,0.754,1
round2,83.1,0.845,1
round2,83.1,0.891,1
round2,83.1,0.907,2
round2,83.1,0.942,2
round2,83.1,1,2
round2,83.2,0.845,1
round2,83.2,0.891,2
round2,83.2,0.925,1
round2,83.2,0.942,1
round2,83.2,0.98,1
round2,83.2,1,3
round2,83.3,0.803,1
round2,83.3,0.875,1
round2,83.3,0.925,2
round2,83.3,0.942,3
round2,83.3,0.961,1
round2,83.3,1,3
round2,83.4,0.557,1
round2,83.4,0.803,1
round2,83.4,0.86,2
round2,83.4,0.891,1
round2,83.4,0.907,1
round2,83.4,0.942,2
round2,83.4,0.98,1
round2,83.4,1,2
round2,83.5,0.803,1
round2,83.5,0.875,2
round2,83.5,0.961,1
round2,83.5,1,2
round2,83.6,0.845,1
round2,83.6,0.86,1
round2,83.6,0.907,1
round2,83.6,0.925,1
round2,83.6,0.98,1
round2,83.6,1,2
round2,83.7,0.942,1
round2,83.8,0.563,1
round2,83.8,0.71,1
round2,83.8,0.86,1
round2,83.8,0.925,1
round2,83.8,0.942,1
round2,83.8,0.961,1
round2,83.8,1,1
round2,83.9,0.636,1
round2,83.9,0.671,1
round2,83.9,0.731,1
round2,83.9,0.778,1
round2,83.9,0.831,1
round2,83.9,0.98,1
round2,83.9,1,2
round2,84,0.86,1
round2,84,0.875,1
round2,84,0.942,1
round2,84,0.961,1
round2,84.1,0.845,1
round2,84.1,0.86,1
round2,84.1,0.875,1
round2,84.1,0.891,1
round2,84.1,0.925,1
round2,84.1,0.942,1
round2,84.1,0.961,1
round2,84.1,1,2
round2,84.2,0.754,1
round2,84.2,0.79,1
round2,84.2,0.803,1
round2,84.2,0.817,1
round2,84.2,0.891,1
round2,84.2,0.925,3
round2,84.2,0.98,1
round2,84.3,0.875,1
round2,84.3,0.907,1
round2,84.3,0.925,1
round2,84.3,0.942,1
round2,84.3,0.961,1
round2,84.3,1,1
round2,84.4,0.681,1
round2,84.4,0.71,1
round2,84.4,0.845,1
round2,84.4,0.875,2
round2,84.4,0.907,3
round2,84.5,0.831,1
round2,84.5,0.845,1
round2,84.5,0.875,1
round2,84.5,0.961,1
round2,84.5,1,1
round2,84.6,0.628,1
round2,84.6,0.778,1
round2,84.6,0.79,1
round2,84.6,0.875,1
round2,84.6,0.891,2
round2,84.6,1,1
round2,84.7,0.653,1
round2,84.7,0.79,1
round2,84.7,0.86,1
round2,84.7,0.891,1
round2,84.7,0.907,1
round2,84.7,0.98,1
round2,84.7,1,1
round2,84.8,0.817,1
round2,84.8,0.961,1
round2,84.8,0.98,1
round2,84.8,1,3
round2,84.9,0.831,1
round2,84.9,0.875,1
round2,84.9,0.907,2
round2,84.9,0.925,1
round2,84.9,1,3
round2,85,0.831,2
round2,85,0.907,1
round2,85,0.925,1
round2,85,0.98,1
round2,85,1,8
round2,85.1,0.817,1
round2,85.1,0.845,1
round2,85.1,0.875,1
round2,85.1,0.925,1
round2,85.1,0.942,1
round2,85.1,1,1
round2,85.2,0.766,1
round2,85.2,0.845,1
round2,85.2,0.925,1
round2,85.2,0.961,2
round2,85.2,1,4
round2,85.3,0.742,1
round2,85.3,0.875,1
round2,85.3,0.961,1
round2,85.3,1,1
round2,85.4,0.69,1
round2,85.4,0.86,1
round2,85.4,0.891,1
round2,85.4,0.942,1
round2,85.4,0.98,1
round2,85.4,1,7
round2,85.5,0.731,1
round2,85.5,0.766,1
round2,85.5,0.86,1
round2,85.5,0.875,2
round2,85.5,0.891,1
round2,85.5,0.925,1
round2,85.5,1,5
round2,85.6,0.778,1
round2,85.6,0.817,1
round2,85.6,0.86,1
round2,85.6,0.907,1
round2,85.6,0.925,2
round2,85.6,0.942,1
round2,85.6,1,1
round2,85.7,0.69,1
round2,85.7,0.731,1
round2,85.7,0.803,1
round2,85.7,0.817,1
round2,85.7,0.891,1
round2,85.7,0.925,1
round2,85.7,0.942,1
round2,85.7,0.961,1
round2,85.8,0.845,1
round2,85.8,0.86,1
round2,85.8,0.907,1
round2,85.8,0.925,1
round2,85.8,0.961,1
round2,85.8,0.98,2
round2,85.8,1,2
round2,85.9,0.907,1
round2,85.9,0.925,2
round2,85.9,0.942,1
round2,85.9,0.961,1
round2,86,0.598,1
round2,86,0.86,1
round2,86,0.875,1
round2,86,0.907,1
round2,86,0.942,1
round2,86,0.98,1
round2,86,1,2
round2,86.1,0.653,1
round2,86.1,0.803,1
round2,86.1,0.925,2
round2,86.2,0.766,1
round2,86.2,0.86,1
round2,86.2,0.875,1
round2,86.2,0.891,2
round2,86.2,0.942,1
round2,86.2,1,1
round2,86.3,0.766,1
round2,86.3,0.86,1
round2,86.3,0.891,1
round2,86.3,0.907,2
round2,86.3,0.925,4
round2,86.3,1,3
round2,86.4,0.69,1
round2,86.4,0.891,2
round2,86.4,0.907,1
round2,86.4,1,3
round2,86.5,0.86,1
round2,86.5,0.891,1
round2,86.5,0.907,2
round2,86.5,0.942,1
round2,86.5,0.961,1
round2,86.6,0.59,1
round2,86.6,0.845,2
round2,86.6,0.86,1
round2,86.6,0.891,3
round2,86.6,0.925,1
round2,86.6,1,1
round2,86.7,0.803,1
round2,86.7,0.86,1
round2,86.7,0.891,1
round2,86.7,0.925,2
round2,86.7,0.961,3
round2,86.7,0.98,1
round2,86.7,1,3
round2,86.8,0.766,1
round2,86.8,0.875,2
round2,86.8,0.907,4
round2,86.8,0.942,1
round2,86.8,1,1
round2,86.9,0.731,1
round2,86.9,0.875,1
round2,86.9,0.925,2
round2,86.9,0.98,1
round2,86.9,1,3
round2,87,0.803,1
round2,87,0.845,1
round2,87,0.875,2
round2,87,0.891,1
round2,87,0.907,2
round2,87,1,2
round2,87.1,0.69,1
round2,87.1,0.831,1
round2,87.1,0.875,1
round2,87.1,0.925,2
round2,87.1,0.961,3
round2,87.1,1,1
round2,87.2,0.731,1
round2,87.2,0.86,1
round2,87.2,0.891,2
round2,87.2,0.907,1
round2,87.2,0.942,1
round2,87.2,0.98,1
round2,87.2,1,2
round2,87.3,0.875,1
round2,87.3,0.891,1
round2,87.3,0.907,2
round2,87.3,0.961,1
round2,87.3,1,1
round2,87.4,0.731,1
round2,87.4,0.803,1
round2,87.4,0.875,2
round2,87.4,0.907,1
round2,87.4,0.961,2
round2,87.4,1,1
round2,87.5,0.86,1
round2,87.5,0.907,2
round2,87.5,0.961,1
round2,87.5,0.98,1
round2,87.5,1,1
round2,87.6,0.875,1
round2,87.6,0.907,1
round2,87.6,1,1
round2,87.7,0.803,1
round2,87.7,0.817,1
round2,87.7,0.845,1
round2,87.7,0.875,1
round2,87.7,0.891,1
round2,87.7,0.925,1
round2,87.7,0.961,2
round2,87.8,0.778,1
round2,87.8,0.79,1
round2,87.8,0.803,2
round2,87.8,0.907,1
round2,87.8,0.961,1
round2,87.8,0.98,1
round2,87.8,1,4
round2,87.9,0.831,1
round2,87.9,0.875,1
round2,87.9,0.907,1
round2,87.9,0.925,3
round2,87.9,0.961,1
round2,87.9,1,4
round2,88,0.71,1
round2,88,0.754,1
round2,88,0.817,1
round2,88,0.875,1
round2,88,0.925,2
round2,88,0.942,1
round2,88,1,2
round2,88.1,0.778,1
round2,88.1,0.925,1
round2,88.1,0.942,2
round2,88.1,1,2
round2,88.2,0.907,1
round2,88.2,0.961,2
round2,88.2,1,3
round2,88.3,0.907,1
round2,88.3,0.925,1
round2,88.3,0.942,2
round2,88.3,1,1
round2,88.4,0.845,1
round2,88.4,0.86,1
round2,88.4,0.961,1
round2,88.5,0.731,1
round2,88.5,0.942,1
round2,88.5,0.98,1
round2,88.5,1,1
round2,88.6,0.69,1
round2,88.6,0.817,1
round2,88.6,0.86,1
round2,88.6,0.907,1
round2,88.6,0.942,2
round2,88.6,0.98,1
round2,88.6,1,2
round2,88.7,0.778,1
round2,88.7,0.79,1
round2,88.7,0.817,1
round2,88.7,1,3
round2,88.8,0.845,1
round2,88.8,0.875,1
round2,88.8,0.925,2
round2,88.8,0.961,1
round2,88.8,1,2
round2,88.9,0.778,1
round2,88.9,0.831,2
round2,88.9,0.845,1
round2,88.9,0.875,1
round2,88.9,0.925,1
round2,88.9,0.961,2
round2,88.9,1,2
round2,89,0.79,1
round2,89,0.845,1
round2,89,0.907,1
round2,89,0.925,1
round2,89,1,1
round2,89.1,0.681,1
round2,89.1,0.817,1
round2,89.1,0.845,1
round2,89.1,0.907,1
round2,89.1,0.961,1
round2,89.1,1,2
round2,89.2,0.742,1
round2,89.2,0.778,1
round2,89.2,0.817,1
round2,89.2,0.845,1
round2,89.2,0.907,1
round2,89.2,0.942,1
round2,89.2,0.961,1
round2,89.2,0.98,1
round2,89.2,1,4
round2,89.3,0.875,1
round2,89.3,0.891,1
round2,89.3,0.942,1
round2,89.3,1,2
round2,89.4,0.731,1
round2,89.4,0.778,1
round2,89.4,0.817,1
round2,89.4,0.845,1
round2,89.4,0.875,1
round2,89.4,1,1
round2,89.5,0.671,1
round2,89.5,0.86,1
round2,89.5,0.907,1
round2,89.5,0.942,1
round2,89.5,0.961,1
round2,89.5,1,3
round2,89.6,0.636,1
round2,89.6,0.778,1
round2,89.6,0.875,1
round2,89.6,1,4
round2,89.7,0.891,1
round2,89.7,0.925,1
round2,89.7,0.98,1
round2,89.7,1,2
round2,89.8,0.831,1
round2,89.8,0.86,1
round2,89.8,0.98,1
round2,89.8,1,6
round2,89.9,0.907,1
round2,89.9,0.961,1
round2,89.9,0.98,1
round2,90,0.636,1
round2,90,0.831,2
round2,90,0.891,1
round2,90,0.907,1
round2,90,0.925,1
round2,90,1,1
round2,90.1,0.875,3
round2,90.1,0.891,1
round2,90.1,0.907,1
round2,90.1,0.98,1
round2,90.1,1,1
round2,90.2,0.925,2
round2,90.2,0.942,1
round2,90.2,0.98,1
round2,90.2,1,1
round2,90.3,0.69,1
round2,90.3,0.86,1
round2,90.3,0.875,1
round2,90.3,0.961,1
round2,90.3,1,3
round2,90.4,0.69,1
round2,90.4,0.803,1
round2,90.4,0.86,1
round2,90.4,0.942,1
round2,90.4,1,6
round2,90.5,0.731,1
round2,90.5,0.845,1
round2,90.5,0.907,1
round2,90.5,0.925,1
round2,90.5,1,5
round2,90.6,0.681,1
round2,90.6,0.71,1
round2,90.6,0.778,2
round2,90.6,0.845,1
round2,90.6,0.875,1
round2,90.6,0.925,1
round2,90.7,0.79,1
round2,90.7,0.831,1
round2,90.7,0.907,1
round2,90.7,0.925,1
round2,90.7,0.961,1
round2,90.7,1,2
round2,90.8,0.721,1
round2,90.8,0.742,1
round2,90.8,0.831,1
round2,90.8,0.925,1
round2,90.8,0.961,1
round2,90.8,1,3
round2,90.9,0.766,1
round2,90.9,0.778,1
round2,90.9,0.831,1
round2,90.9,0.845,1
round2,90.9,0.891,1
round2,90.9,0.907,1
round2,90.9,1,1
round2,91,0.778,1
round2,91,0.891,1
round2,91,0.907,1
round2,91,0.925,1
round2,91,0.961,1
round2,91,1,2
round2,91.1,0.942,1
round2,91.1,1,3
round2,91.2,0.71,1
round2,91.2,1,1
round2,91.3,0.875,1
round2,91.3,1,2
round2,91.4,0.875,3
round2,91.4,0.925,1
round2,91.4,0.942,1
round2,91.4,0.961,1
round2,91.4,1,3
round2,91.5,0.803,1
round2,91.5,1,2
round2,91.6,0.731,1
round2,91.6,0.778,1
round2,91.6,0.831,1
round2,91.6,0.907,1
round2,91.6,0.925,2
round2,91.6,1,3
round2,91.7,0.891,2
round2,91.7,0.961,1
round2,91.7,0.98,1
round2,91.7,1,5
round2,91.8,0.845,1
round2,91.8,0.925,1
round2,91.8,0.98,1
round2,91.8,1,2
round2,91.9,0.662,1
round2,91.9,0.766,1
round2,91.9,0.831,1
round2,91.9,0.845,1
round2,91.9,0.86,1
round2,91.9,0.891,1
round2,91.9,0.925,1
round2,91.9,1,1
round2,92,0.778,1
round2,92,0.845,1
round2,92,0.875,1
round2,92,0.907,1
round2,92,0.961,1
round2,92,0.98,1
round2,92,1,2
round2,92.1,0.605,1
round2,92.1,0.845,2
round2,92.1,0.875,1
round2,92.1,0.925,1
round2,92.1,1,1
round2,92.2,0.803,2
round2,92.2,0.845,2
round2,92.2,0.86,1
round2,92.2,0.907,1
round2,92.2,0.925,1
round2,92.2,0.942,2
round2,92.2,1,5
round2,92.3,0.778,1
round2,92.3,0.79,1
round2,92.3,0.817,1
round2,92.3,0.907,1
round2,92.3,0.942,2
round2,92.3,1,4
round2,92.4,0.925,1
round2,92.5,0.653,1
round2,92.5,0.803,1
round2,92.5,0.831,1
round2,92.5,0.875,2
round2,92.5,1,1
round2,92.6,0.731,2
round2,92.6,0.925,1
round2,92.6,1,1
round2,92.7,0.891,1
round2,92.7,0.942,1
round2,92.7,0.961,1
round2,92.7,1,1
round2,92.8,0.62,1
round2,92.8,0.907,1
round2,92.8,0.925,1
round2,92.8,1,2
round2,92.9,0.653,1
round2,92.9,0.766,1
round2,92.9,0.831,1
round2,92.9,0.907,2
round2,92.9,0.925,2
round2,92.9,0.961,1
round2,92.9,0.98,1
round2,93,0.7,1
round2,93,0.79,1
round2,93,0.875,1
round2,93,0.907,1
round2,93,0.925,1
round2,93,0.98,1
round2,93.1,0.742,1
round2,93.1,0.907,2
round2,93.1,0.925,1
round2,93.1,1,3
round2,93.2,0.831,1
round2,93.2,0.891,1
round2,93.2,0.942,1
round2,93.2,1,1
round2,93.3,0.98,1
round2,93.4,0.645,1
round2,93.4,0.69,1
round2,93.4,0.907,1
round2,93.4,0.925,1
round2,93.4,1,2
round2,93.5,0.62,1
round2,93.5,0.845,1
round2,93.5,0.907,3
round2,93.5,0.925,1
round2,93.5,0.961,1
round2,93.5,1,1
round2,93.6,0.62,1
round2,93.6,0.766,1
round2,93.6,0.925,1
round2,93.6,0.942,3
round2,93.6,0.961,1
round2,93.6,1,1
round2,93.7,0.766,1
round2,93.7,0.817,1
round2,93.7,0.875,1
round2,93.7,1,2
round2,93.8,0.721,1
round2,93.8,0.803,1
round2,93.8,0.831,1
round2,93.8,0.875,1
round2,93.8,0.891,1
round2,93.8,0.907,1
round2,93.8,0.925,1
round2,93.8,0.942,1
round2,93.8,0.98,1
round2,93.9,0.817,2
round2,93.9,0.925,2
round2,93.9,1,1
round2,94,0.754,1
round2,94,1,1
round2,94.1,0.817,1
round2,94.1,0.891,1
round2,94.1,0.925,1
round2,94.1,0.942,1
round2,94.1,1,4
round2,94.2,0.69,1
round2,94.2,0.731,1
round2,94.2,0.907,1
round2,94.2,0.961,1
round2,94.2,1,1
round2,94.3,0.71,1
round2,94.3,0.907,1
round2,94.3,0.98,1
round2,94.3,1,2
round2,94.4,0.817,1
round2,94.4,0.875,1
round2,94.4,0.891,1
round2,94.4,0.98,1
round2,94.5,0.79,1
round2,94.5,0.86,1
round2,94.5,0.907,1
round2,94.5,0.925,3
round2,94.6,0.907,2
round2,94.6,1,6
round2,94.7,0.845,1
round2,94.7,0.907,2
round2,94.7,0.942,1
round2,94.7,1,3
round2,94.8,0.71,1
round2,94.8,0.907,1
round2,94.8,0.98,1
round2,94.8,1,3
round2,94.9,0.875,1
round2,94.9,0.925,2
round2,94.9,0.961,1
round2,94.9,1,2
round2,95,0.742,1
round2,95,0.891,1
round2,95,0.925,1
round2,95,0.942,1
round2,95,1,2
round2,95.1,0.803,1
round2,95.1,0.845,1
round2,95.1,1,2
round2,95.2,0.778,1
round2,95.2,0.803,1
round2,95.2,0.875,2
round2,95.2,0.891,1
round2,95.2,0.907,1
round2,95.2,0.925,1
round2,95.2,0.942,1
round2,95.2,0.961,1
round2,95.2,0.98,1
round2,95.3,0.86,1
round2,95.3,0.925,2
round2,95.3,0.942,1
round2,95.3,1,1
round2,95.4,0.731,1
round2,95.4,0.925,1
round2,95.4,0.961,1
round2,95.4,1,2
round2,95.5,0.831,1
round2,95.5,0.907,1
round2,95.5,1,3
round2,95.6,0.875,2
round2,95.6,0.891,1
round2,95.6,0.942,1
round2,95.6,0.961,1
round2,95.6,1,2
round2,95.7,0.7,1
round2,95.7,0.754,1
round2,95.7,0.803,1
round2,95.7,0.817,1
round2,95.7,0.86,1
round2,95.7,0.875,1
round2,95.7,0.891,1
round2,95.7,1,2
round2,95.8,0.817,1
round2,95.8,0.891,2
round2,95.8,0.907,1
round2,95.8,0.961,1
round2,95.9,0.891,1
round2,95.9,0.942,2
round2,95.9,0.961,1
round2,95.9,1,2
round2,96,0.766,1
round2,96,0.86,1
round2,96,1,2
round2,96.1,0.942,1
round2,96.2,0.907,1
round2,96.2,0.942,1
round2,96.2,1,1
round2,96.3,0.817,1
round2,96.3,0.891,1
round2,96.3,1,1
round2,96.4,0.731,1
round2,96.4,0.778,1
round2,96.4,0.86,1
round2,96.4,0.891,1
round2,96.4,1,1
round2,96.5,0.86,1
round2,96.5,0.891,1
round2,96.5,1,3
round2,96.6,1,1
round2,96.7,0.69,1
round2,96.7,0.875,1
round2,96.7,0.907,1
round2,96.7,1,2
round2,96.8,0.845,1
round2,96.8,0.925,1
round2,96.8,0.98,2
round2,96.8,1,1
round2,96.9,0.817,1
round2,96.9,0.891,2
round2,96.9,0.925,1
round2,96.9,0.961,1
round2,97,0.79,1
round2,97,0.942,1
round2,97,0.961,1
round2,97,0.98,1
round2,97,1,1
round2,97.1,0.636,1
round2,97.1,0.817,1
round2,97.1,0.925,1
round2,97.1,1,1
round2,97.2,0.79,1
round2,97.2,0.925,1
round2,97.2,0.942,1
round2,97.2,1,3
round2,97.3,0.778,2
round2,97.3,0.891,1
round2,97.3,0.907,1
round2,97.3,1,1
round2,97.4,0.766,1
round2,97.4,0.778,1
round2,97.4,0.845,1
round2,97.4,0.86,1
round2,97.4,0.907,1
round2,97.4,0.925,1
round2,97.4,0.942,1
round2,97.4,0.961,2
round2,97.4,1,3
round2,97.5,0.803,1
round2,97.5,1,1
round2,97.6,0.778,1
round2,97.6,0.79,1
round2,97.6,0.845,1
round2,97.6,0.925,1
round2,97.6,0.942,1
round2,97.6,0.961,1
round2,97.6,0.98,1
round2,97.7,0.721,1
round2,97.7,0.907,1
round2,97.7,0.925,1
round2,97.7,0.961,1
round2,97.7,1,1
round2,97.8,0.891,2
round2,97.8,0.925,1
round2,97.8,0.942,1
round2,97.8,0.961,1
round2,97.9,0.766,1
round2,97.9,0.778,1
round2,97.9,0.845,1
round2,97.9,0.907,1
round2,97.9,0.925,1
round2,98,0.925,2
round2,98,1,4
round2,98.1,0.817,1
round2,98.1,0.86,1
round2,98.1,0.907,1
round2,98.1,0.925,1
round2,98.1,0.961,1
round2,98.1,0.98,1
round2,98.1,1,3
round2,98.2,0.645,1
round2,98.2,0.831,1
round2,98.2,0.961,1
round2,98.3,0.845,1
round2,98.3,0.98,1
round2,98.3,1,2
round2,98.4,0.742,1
round2,98.4,0.817,1
round2,98.4,0.907,1
round2,98.5,0.778,1
round2,98.5,0.803,1
round2,98.5,0.845,1
round2,98.5,0.942,3
round2,98.5,0.961,2
round2,98.5,0.98,1
round2,98.5,1,1
round2,98.6,0.875,2
round2,98.6,0.891,1
round2,98.6,0.907,3
round2,98.7,0.754,1
round2,98.7,0.79,1
round2,98.7,0.817,1
round2,98.7,0.845,2
round2,98.7,0.907,1
round2,98.7,0.942,1
round2,98.7,1,2
round2,98.8,0.766,1
round2,98.8,0.875,1
round2,98.8,0.942,1
round2,98.9,0.7,1
round2,98.9,0.845,1
round2,98.9,0.907,1
round2,98.9,0.942,1
round2,98.9,1,3
round2,99,0.86,1
round2,99,0.875,1
round2,99,0.891,1
round2,99,0.942,1
round2,99,0.961,1
round2,99,0.98,1
round2,99.1,0.636,1
round2,99.1,0.845,1
round2,99.1,1,3
round2,99.2,0.731,1
round2,99.2,0.925,1
round2,99.2,1,4
round2,99.3,0.831,1
round2,99.3,0.875,1
round2,99.3,0.907,1
round2,99.3,0.942,1
round2,99.4,0.831,1
round2,99.4,0.891,1
round2,99.4,1,1
round2,99.5,0.778,1
round2,99.5,0.875,1
round2,99.5,0.907,1
round2,99.6,0.907,1
round2,99.6,0.925,1
round2,99.6,0.961,1
round2,99.6,0.98,1
round2,99.6,1,1
round2,99.7,0.925,1
round2,99.7,0.961,1
round2,99.8,0.891,1
round2,99.8,0.907,1
round2,99.8,0.961,1
round2,99.8,1,2
round2,99.9,0.925,1
round2,100,0.942,1
round2,100,0.98,1
round2,100,1,3
round2,100.1,0.653,1
round2,100.1,0.86,1
round2,100.1,0.891,1
round2,100.1,0.961,1
round2,100.1,1,1
round2,100.2,0.671,1
round2,100.2,0.71,1
round2,100.2,0.891,1
round2,100.2,0.907,1
round2,100.2,0.961,1
round2,100.4,0.69,1
round2,100.4,0.925,3
round2,100.4,0.98,1
round2,100.4,1,1
round2,100.5,0.845,1
round2,100.5,0.875,1
round2,100.5,0.907,2
round2,100.5,0.925,1
round2,100.5,0.961,2
round2,100.5,1,1
round2,100.6,0.891,1
round2,100.6,0.907,1
round2,100.6,0.942,1
round2,100.7,0.925,1
round2,100.7,0.942,1
round2,100.7,0.961,1
round2,100.8,0.907,1
round2,100.8,0.925,1
round2,100.8,0.942,2
round2,100.8,1,1
round2,100.9,0.69,1
round2,100.9,0.845,1
round2,100.9,0.875,1
round2,100.9,0.907,1
round2,100.9,0.925,1
round2,100.9,0.942,1
round2,100.9,0.98,1
round2,100.9,1,1
round2,101,0.742,1
round2,101,0.803,2
round2,101,0.831,1
round2,101.1,0.875,1
round2,101.1,0.907,1
round2,101.1,0.942,1
round2,101.1,0.98,1
round2,101.1,1,2
round2,101.2,0.891,1
round2,101.2,0.925,2
round2,101.2,0.98,2
round2,101.2,1,2
round2,101.3,0.875,1
round2,101.3,0.907,1
round2,101.3,0.961,1
round2,101.3,0.98,1
round2,101.4,0.845,1
round2,101.4,0.907,1
round2,101.4,1,2
round2,101.5,0.803,1
round2,101.5,0.86,1
round2,101.5,0.925,1
round2,101.5,1,2
round2,101.6,0.907,1
round2,101.6,0.942,1
round2,101.6,0.98,1
round2,101.6,1,1
round2,101.7,0.69,1
round2,101.7,0.731,1
round2,101.7,0.86,1
round2,101.7,0.98,1
round2,101.7,1,1
round2,101.8,0.742,1
round2,101.8,0.817,1
round2,101.8,0.98,1
round2,101.9,0.831,1
round2,101.9,0.942,1
round2,101.9,1,1
round2,102,0.925,1
round2,102,0.98,1
round2,102.1,0.907,1
round2,102.1,0.925,2
round2,102.2,0.817,1
round2,102.2,0.925,2
round2,102.3,0.875,1
round2,102.3,0.907,1
round2,102.3,1,3
round2,102.4,0.817,2
round2,102.4,0.845,1
round2,102.4,0.891,1
round2,102.4,0.925,2
round2,102.4,1,1
round2,102.5,0.925,1
round2,102.5,0.961,1
round2,102.6,0.671,1
round2,102.6,1,4
round2,102.7,0.925,4
round2,102.7,0.98,1
round2,102.7,1,2
round2,102.8,0.891,1
round2,102.8,0.907,1
round2,102.8,0.925,1
round2,102.8,0.961,1
round2,102.9,0.742,1
round2,102.9,0.754,1
round2,102.9,0.803,1
round2,102.9,0.907,1
round2,102.9,1,1
round2,103,0.731,1
round2,103,0.778,1
round2,103,0.831,1
round2,103,0.875,1
round2,103,0.961,2
round2,103.1,0.721,1
round2,103.1,0.803,1
round2,103.1,0.925,1
round2,103.1,1,2
round2,103.2,0.803,1
round2,103.2,1,1
round2,103.3,0.79,1
round2,103.3,0.86,1
round2,103.3,0.891,1
round2,103.3,0.907,1
round2,103.3,0.942,1
round2,103.3,1,1
round2,103.4,0.71,1
round2,103.4,0.925,2
round2,103.4,0.942,1
round2,103.4,1,2
round2,103.5,0.766,1
round2,103.5,0.817,2
round2,103.5,0.845,1
round2,103.5,0.942,1
round2,103.5,0.961,1
round2,103.5,0.98,1
round2,103.5,1,1
round2,103.6,0.98,1
round2,103.6,1,2
round2,103.7,0.778,1
round2,103.7,0.79,1
round2,103.7,0.925,1
round2,103.7,0.942,1
round2,103.7,1,4
round2,103.8,0.891,1
round2,103.8,0.961,1
round2,103.8,1,3
round2,103.9,0.907,1
round2,103.9,0.925,1
round2,103.9,0.961,1
round2,103.9,1,2
round2,104,1,1
round2,104.1,0.875,1
round2,104.1,0.907,1
round2,104.1,0.98,1
round2,104.1,1,1
round2,104.2,0.86,1
round2,104.2,0.907,2
round2,104.2,0.961,1
round2,104.3,0.671,1
round2,104.3,0.817,1
round2,104.3,0.831,1
round2,104.3,0.961,1
round2,104.3,1,1
round2,104.4,0.942,1
round2,104.4,1,2
round2,104.5,0.831,1
round2,104.5,0.925,1
round2,104.5,1,2
round2,104.6,0.69,1
round2,104.6,0.817,1
round2,104.6,0.86,1
round2,104.6,0.942,2
round2,104.6,1,5
round2,104.7,0.803,1
round2,104.7,0.875,1
round2,104.7,0.925,1
round2,104.7,1,1
round2,104.8,0.891,1
round2,104.8,0.907,1
round2,104.8,1,1
round2,104.9,0.831,1
round2,104.9,1,2
round2,105,0.71,1
round2,105,0.766,2
round2,105,0.803,1
round2,105,1,2
round2,105.2,0.86,1
round2,105.2,0.942,2
round2,105.2,1,1
round2,105.3,0.817,1
round2,105.3,0.925,1
round2,105.3,1,1
round2,105.4,0.671,1
round2,105.4,0.875,2
round2,105.4,0.907,2
round2,105.4,0.925,2
round2,105.4,0.942,1
round2,105.4,0.961,1
round2,105.4,1,2
round2,105.5,0.875,1
round2,105.5,0.925,2
round2,105.5,0.942,2
round2,105.5,1,1
round2,105.6,0.891,1
round2,105.6,0.961,1
round2,105.6,1,2
round2,105.7,0.817,1
round2,105.7,0.875,1
round2,105.7,1,3
round2,105.8,0.907,2
round2,105.8,0.98,1
round2,105.8,1,1
round2,105.9,0.817,1
round2,105.9,1,2
round2,106.1,0.754,1
round2,106.1,0.803,1
round2,106.1,0.831,1
round2,106.1,0.925,1
round2,106.1,1,3
round2,106.2,0.778,1
round2,106.2,0.961,1
round2,106.2,1,1
round2,106.3,0.817,1
round2,106.3,0.875,1
round2,106.3,0.961,1
round2,106.3,1,1
round2,106.4,1,1
round2,106.5,0.551,1
round2,106.5,0.875,1
round2,106.5,0.925,1
round2,106.5,0.942,2
round2,106.5,0.961,1
round2,106.5,1,2
round2,106.6,0.831,2
round2,106.6,0.86,1
round2,106.6,0.875,1
round2,106.6,1,3
round2,106.7,0.69,1
round2,106.7,0.86,1
round2,106.7,1,1
round2,106.8,0.731,1
round2,106.8,0.754,1
round2,106.8,0.907,1
round2,106.8,0.942,1
round2,106.8,1,2
round2,106.9,0.527,1
round2,106.9,0.79,1
round2,106.9,0.891,1
round2,106.9,1,2
round2,107,0.817,1
round2,107,0.86,1
round2,107,0.907,1
round2,107,0.925,1
round2,107,1,2
round2,107.1,0.817,1
round2,107.1,0.98,1
round2,107.1,1,2
round2,107.2,0.754,1
round2,107.2,0.891,1
round2,107.2,1,2
round2,107.3,0.907,1
round2,107.4,0.645,1
round2,107.4,0.681,1
round2,107.4,0.925,2
round2,107.5,0.907,1
round2,107.5,0.925,1
round2,107.6,0.942,3
round2,107.6,0.961,1
round2,107.6,1,1
round2,107.7,0.79,2
round2,107.7,0.891,1
round2,107.7,0.961,1
round2,107.8,0.925,1
round2,107.8,1,2
round2,107.9,0.845,1
round2,107.9,0.875,1
round2,107.9,1,2
round2,108,0.907,1
round2,108,0.961,1
round2,108,1,1
round2,108.1,0.925,1
round2,108.1,0.961,1
round2,108.2,0.605,1
round2,108.2,0.961,1
round2,108.2,1,1
round2,108.3,0.942,1
round2,108.3,0.98,1
round2,108.4,0.925,3
round2,108.4,1,2
round2,108.5,0.942,1
round2,108.5,1,1
round2,108.6,0.875,1
round2,108.6,0.961,1
round2,108.6,1,1
round2,108.7,1,4
round2,108.8,0.69,1
round2,108.8,0.754,1
round2,108.8,0.907,1
round2,108.8,0.925,1
round2,108.8,0.98,1
round2,108.9,0.891,1
round2,108.9,0.907,1
round2,108.9,0.942,1
round2,108.9,0.961,1
round2,109,0.907,1
round2,109.1,0.817,1
round2,109.1,0.925,2
round2,109.1,0.98,1
round2,109.1,1,5
round2,109.2,0.754,1
round2,109.2,0.875,1
round2,109.2,0.907,1
round2,109.2,1,2
round2,109.3,0.86,1
round2,109.3,0.875,1
round2,109.3,0.961,1
round2,109.3,1,3
round2,109.4,0.942,1
round2,109.4,0.98,1
round2,109.5,0.583,1
round2,109.5,0.831,1
round2,109.5,0.891,2
round2,109.5,0.907,1
round2,109.5,0.925,1
round2,109.5,1,1
round2,109.6,0.907,1
round2,109.6,1,1
round2,109.7,0.721,1
round2,109.7,0.907,1
round2,109.7,0.961,1
round2,109.8,0.721,1
round2,109.8,0.875,1
round2,109.8,1,2
round2,109.9,0.69,1
round2,109.9,0.71,1
round2,109.9,0.875,1
round2,109.9,0.925,2
round2,109.9,1,1
round2,110,0.45,1
round2,110,0.98,1
round2,110.1,1,2
round2,110.2,0.778,1
round2,110.2,1,2
round2,110.3,0.961,1
round2,110.3,1,3
round2,110.4,0.71,1
round2,110.4,0.803,1
round2,110.4,1,1
round2,110.5,0.845,1
round2,110.5,0.891,1
round2,110.5,0.925,1
round2,110.5,1,1
round2,110.6,1,3
round2,110.7,0.831,1
round2,110.7,1,1
round2,110.8,0.754,1
round2,110.8,0.891,1
round2,110.8,1,2
round2,110.9,0.875,1
round2,110.9,0.891,1
round2,110.9,1,1
round2,111,0.86,1
round2,111,0.907,1
round2,111,0.942,1
round2,111,1,1
round2,111.1,0.875,1
round2,111.2,0.831,1
round2,111.2,0.925,1
round2,111.2,0.98,1
round2,111.2,1,1
round2,111.3,0.69,1
round2,111.3,0.803,1
round2,111.3,0.942,1
round2,111.3,1,2
round2,111.4,0.71,1
round2,111.4,0.925,1
round2,111.4,0.961,1
round2,111.4,1,1
round2,111.5,1,1
round2,111.6,0.907,1
round2,111.7,0.86,1
round2,111.7,0.891,1
round2,111.8,0.803,1
round2,111.8,0.86,1
round2,111.8,0.891,1
round2,111.8,0.942,1
round2,111.8,0.961,2
round2,111.8,1,3
round2,111.9,0.961,1
round2,111.9,1,3
round2,112,1,1
round2,112.1,0.86,2
round2,112.1,0.942,1
round2,112.2,0.907,1
round2,112.3,0.831,1
round2,112.3,0.875,1
round2,112.3,0.907,1
round2,112.3,0.942,1
round2,112.3,0.961,1
round2,112.3,0.98,1
round2,112.3,1,3
round2,112.4,0.62,1
round2,112.4,0.942,1
round2,112.5,0.942,1
round2,112.5,0.961,2
round2,112.6,0.925,1
round2,112.6,0.942,1
round2,112.7,0.907,2
round2,112.7,0.925,1
round2,112.7,0.942,1
round2,112.7,1,1
round2,112.8,0.875,1
round2,112.8,0.907,1
round2,112.8,1,1
round2,112.9,0.817,1
round2,112.9,0.98,1
round2,112.9,1,2
round2,113,0.961,1
round2,113,1,2
round2,113.2,1,2
round2,113.3,0.845,1
round2,113.3,1,1
round2,113.4,0.875,2
round2,113.4,0.942,1
round2,113.4,0.961,1
round2,113.4,0.98,1
round2,113.4,1,1
round2,113.5,0.831,1
round2,113.5,0.942,1
round2,113.6,0.925,1
round2,113.7,0.721,1
round2,113.7,0.907,1
round2,113.7,0.98,1
round2,113.8,0.907,1
round2,113.8,1,1
round2,113.9,0.961,2
round2,113.9,1,1
round2,114,0.817,1
round2,114,0.875,1
round2,114.2,0.875,1
round2,114.2,0.907,1
round2,114.2,1,1
round2,114.3,0.891,1
round2,114.3,0.942,1
round2,114.3,0.961,1
round2,114.3,1,2
round2,114.4,0.831,1
round2,114.4,0.907,1
round2,114.4,0.942,1
round2,114.4,1,2
round2,114.5,0.907,1
round2,114.5,0.925,1
round2,114.5,0.98,1
round2,114.5,1,1
round2,114.6,0.942,1
round2,114.6,0.961,1
round2,114.6,1,1
round2,114.7,0.742,1
round2,114.7,1,1
round2,114.8,1,1
round2,114.9,0.907,1
round2,115,0.662,1
round2,115,0.681,1
round2,115,0.831,1
round2,115.1,0.907,2
round2,115.1,0.961,1
round2,115.1,0.98,1
round2,115.2,0.875,1
round2,115.2,0.942,1
round2,115.2,1,1
round2,115.3,0.803,1
round2,115.3,0.875,1
round2,115.4,0.671,1
round2,115.4,0.925,1
round2,115.4,1,1
round2,115.5,0.891,1
round2,115.5,1,2
round2,115.6,0.563,1
round2,115.6,1,1
round2,115.7,0.925,1
round2,115.7,0.961,2
round2,115.7,1,1
round2,115.8,0.778,1
round2,115.8,0.907,1
round2,115.8,1,2
round2,115.9,0.925,1
round2,116,0.79,1
round2,116,0.845,1
round2,116,0.925,2
round2,116,1,1
round2,116.1,0.71,1
round2,116.1,1,1
round2,116.2,0.778,1
round2,116.2,0.86,1
round2,116.2,0.961,1
round2,116.2,1,2
round2,116.3,0.636,1
round2,116.3,0.831,1
round2,116.3,0.907,1
round2,116.4,0.817,1
round2,116.4,0.875,1
round2,116.4,0.907,1
round2,116.4,0.942,1
round2,116.4,0.961,1
round2,116.4,1,1
round2,116.5,1,1
round2,116.6,0.754,1
round2,116.6,0.79,1
round2,116.6,0.891,1
round2,116.6,0.942,1
round2,116.6,0.98,1
round2,116.6,1,1
round2,116.7,0.845,1
round2,116.7,0.925,1
round2,116.7,0.961,1
round2,116.7,1,1
round2,116.8,0.925,1
round2,116.8,1,3
round2,117,0.925,1
round2,117,0.961,2
round2,117,1,1
round2,117.1,0.778,1
round2,117.1,0.925,1
round2,117.1,0.961,1
round2,117.2,0.875,1
round2,117.2,0.961,2
round2,117.2,1,3
round2,117.3,0.875,2
round2,117.3,0.891,1
round2,117.3,0.925,1
round2,117.3,1,1
round2,117.4,0.71,1
round2,117.4,0.875,1
round2,117.4,0.942,1
round2,117.4,1,1
round2,117.5,0.845,1
round2,117.5,1,2
round2,117.6,0.961,1
round2,117.7,1,2
round2,117.8,0.754,2
round2,117.8,0.803,1
round2,117.8,1,1
round2,117.9,0.942,1
round2,117.9,1,1
round2,118,0.925,2
round2,118.1,0.778,1
round2,118.1,0.961,1
round2,118.2,0.86,1
round2,118.2,0.875,1
round2,118.2,0.891,1
round2,118.2,1,1
round2,118.3,0.891,1
round2,118.3,0.925,1
round2,118.4,0.98,1
round2,118.4,1,1
round2,118.5,0.942,1
round2,118.6,0.925,1
round2,118.7,0.875,1
round2,118.7,1,1
round2,118.8,0.754,1
round2,118.8,0.942,1
round2,118.8,1,1
round2,118.9,0.653,1
round2,118.9,0.803,1
round2,118.9,1,1
round2,119,0.845,1
round2,119.1,0.831,1
round2,119.1,0.907,2
round2,119.1,0.942,3
round2,119.2,1,1
round2,119.3,0.681,1
round2,119.3,0.86,1
round2,119.4,1,1
round2,119.5,0.86,1
round2,119.5,0.942,1
round2,119.5,1,2
round2,119.6,1,3
round2,119.7,0.891,1
round2,119.7,1,1
round2,119.9,1,1
round2,120,0.636,1
round2,120,0.86,1
round2,120,0.942,1
round2,120.1,0.891,1
round2,120.1,1,1
round2,120.2,1,1
round2,120.3,0.845,2
round2,120.3,0.925,1
round2,120.3,0.961,1
round2,120.3,1,1
round2,120.4,0.925,1
round2,120.4,1,3
round2,120.6,0.942,2
round2,120.6,0.961,1
round2,120.6,0.98,1
round2,120.7,0.891,1
round2,120.7,0.942,1
round2,120.8,0.925,1
round2,120.8,1,2
round2,120.9,1,2
round2,121,0.845,2
round2,121,1,1
round2,121.1,0.961,1
round2,121.1,1,2
round2,121.2,0.907,1
round2,121.2,0.961,1
round2,121.2,0.98,1
round2,121.2,1,1
round2,121.3,0.778,1
round2,121.3,0.925,1
round2,121.3,0.942,1
round2,121.3,1,1
round2,121.4,1,1
round2,121.5,0.875,1
round2,121.6,0.845,1
round2,121.6,0.961,1
round2,121.7,0.891,1
round2,121.7,0.98,1
round2,121.7,1,1
round2,121.9,0.86,1
round2,121.9,0.925,1
round2,121.9,0.942,2
round2,122,0.69,1
round2,122,0.907,2
round2,122,0.925,1
round2,122,1,1
round2,122.1,0.961,1
round2,122.1,1,3
round2,122.2,0.942,1
round2,122.2,1,3
round2,122.3,0.754,1
round2,122.3,1,2
round2,122.4,0.907,1
round2,122.4,0.942,1
round2,122.4,1,2
round2,122.5,0.925,1
round2,122.5,0.942,1
round2,122.5,1,8
round2,122.6,0.754,1
round2,122.6,0.845,1
round2,122.6,1,1
round2,122.7,0.86,1
round2,122.7,1,1
round2,122.8,0.907,1
round2,122.9,0.69,1
round2,122.9,0.925,1
round2,122.9,0.98,1
round2,122.9,1,1
round2,123,0.942,1
round2,123,1,3
round2,123.1,0.845,1
round2,123.1,0.907,1
round2,123.1,0.942,2
round2,123.1,0.961,1
round2,123.3,0.907,1
round2,123.3,1,1
round2,123.4,0.817,1
round2,123.4,1,3
round2,123.5,1,1
round2,123.6,0.875,1
round2,123.6,1,1
round2,123.7,0.98,1
round2,123.8,0.942,1
round2,123.8,0.961,1
round2,123.8,1,2
round2,124,0.59,1
round2,124,0.79,1
round2,124,0.817,1
round2,124,1,1
round2,124.1,0.925,1
round2,124.1,1,2
round2,124.2,0.925,1
round2,124.2,1,2
round2,124.3,0.891,1
round2,124.3,0.925,1
round2,124.3,1,1
round2,124.5,0.925,1
round2,124.5,0.98,1
round2,124.8,0.845,1
round2,124.8,0.86,1
round2,124.8,0.98,1
round2,124.8,1,2
round2,125,0.942,1
round2,125.1,0.875,2
round2,125.1,0.961,1
round2,125.1,1,2
round2,125.3,0.891,1
round2,125.3,0.961,1
round2,125.3,1,1
round2,125.4,1,1
round2,125.5,0.925,1
round2,125.5,0.942,1
round2,125.6,0.766,2
round2,125.6,1,2
round2,125.7,0.86,1
round2,125.7,0.875,1
round2,125.8,0.875,1
round2,125.9,0.925,1
round2,126,0.942,1
round2,126,0.961,1
round2,126.1,0.754,1
round2,126.1,0.907,1
round2,126.1,0.925,1
round2,126.3,0.925,1
round2,126.3,0.961,1
round2,126.3,1,3
round2,126.4,0.925,1
round2,126.4,0.98,1
round2,126.5,0.754,1
round2,126.5,0.907,1
round2,126.5,0.942,1
round2,126.5,1,2
round2,126.6,0.942,1
round2,126.6,1,1
round2,126.7,1,1
round2,126.8,0.766,1
round2,126.8,0.845,1
round2,126.8,0.961,3
round2,126.8,1,1
round2,126.9,1,2
round2,127,0.721,1
round2,127.1,0.907,1
round2,127.1,0.925,1
round2,127.1,0.961,2
round2,127.2,0.907,1
round2,127.2,0.942,1
round2,127.3,0.875,1
round2,127.3,0.891,1
round2,127.3,0.961,1
round2,127.5,0.731,1
round2,127.5,0.778,1
round2,127.5,0.875,1
round2,127.5,0.942,1
round2,127.6,0.942,1
round2,127.7,0.925,1
round2,127.7,1,1
round2,128,1,3
round2,128.1,0.961,2
round2,128.3,0.925,1
round2,128.3,1,1
round2,128.4,1,2
round2,128.5,0.961,2
round2,128.5,0.98,1
round2,128.5,1,1
round2,128.6,1,1
round2,128.7,0.961,1
round2,128.7,1,1
round2,128.8,0.831,1
round2,128.8,1,1
round2,129,0.942,1
round2,129,0.961,1
round2,129.1,1,1
round2,129.2,0.69,1
round2,129.2,0.891,1
round2,129.3,0.891,1
round2,129.4,0.79,1
round2,129.4,0.907,1
round2,129.4,1,1
round2,129.5,0.754,1
round2,129.5,1,1
round2,129.6,0.831,1
round2,129.6,0.925,1
round2,129.8,0.961,1
round2,129.9,1,1
round2,130,0.875,1
round2,130,0.907,1
round2,130,0.961,1
round2,130,1,1
round2,130.1,0.907,2
round2,130.1,0.925,1
round2,130.1,0.942,1
round2,130.1,1,2
round2,130.4,0.662,1
round2,130.4,0.831,1
round2,130.4,0.845,1
round2,130.4,0.907,1
round2,130.4,1,1
round2,130.5,0.845,1
round2,130.5,0.961,1
round2,130.6,0.86,1
round2,130.6,1,1
round2,130.8,0.653,1
round2,130.8,0.961,1
round2,130.9,0.875,1
round2,130.9,0.907,1
round2,130.9,0.942,1
round2,130.9,1,1
round2,131,0.942,1
round2,131,1,2
round2,131.1,0.961,1
round2,131.2,0.831,1
round2,131.2,1,2
round2,131.3,0.942,1
round2,131.3,0.961,2
round2,131.4,1,1
round2,131.6,0.817,1
round2,131.6,0.875,2
round2,131.7,0.891,1
round2,131.7,0.942,1
round2,131.8,0.925,1
round2,131.9,0.875,1
round2,131.9,0.961,1
round2,131.9,1,1
round2,132,0.891,1
round2,132,0.961,1
round2,132,1,1
round2,132.1,0.925,1
round2,132.2,0.942,1
round2,132.3,0.925,1
round2,132.4,0.817,1
round2,132.4,0.875,1
round2,132.5,1,1
round2,132.6,0.925,1
round2,132.6,1,2
round2,132.7,1,1
round2,132.8,0.803,1
round2,132.8,0.907,1
round2,132.8,1,2
round2,132.9,0.961,1
round2,133,0.891,1
round2,133,1,1
round2,133.1,0.86,1
round2,133.1,1,2
round2,133.2,0.605,1
round2,133.3,0.754,1
round2,133.3,0.942,1
round2,133.3,1,1
round2,133.5,0.817,1
round2,133.5,0.942,1
round2,133.7,0.766,1
round2,133.7,0.875,1
round2,133.7,0.942,1
round2,133.7,1,1
round2,133.8,0.961,1
round2,133.8,1,1
round2,133.9,0.925,1
round2,133.9,1,1
round2,134,0.925,1
round2,134,0.961,2
round2,134.3,0.942,1
round2,134.3,1,1
round2,134.4,0.845,1
round2,134.5,0.907,1
round2,134.6,0.754,1
round2,134.6,0.907,1
round2,134.6,1,1
round2,134.7,0.731,1
round2,134.7,0.925,1
round2,134.8,1,1
round2,134.9,0.766,1
round2,134.9,0.907,1
round2,134.9,0.942,1
round2,134.9,0.961,2
round2,135.1,0.942,1
round2,135.2,1,1
round2,135.3,0.71,1
round2,135.3,1,1
round2,135.4,0.907,1
round2,135.4,1,1
round2,135.5,0.925,1
round2,135.5,1,1
round2,135.6,0.942,1
round2,135.6,1,2
round2,135.7,0.907,1
round2,135.7,1,1
round2,135.8,0.778,1
round2,135.8,0.831,1
round2,135.8,0.942,1
round2,135.9,0.98,1
round2,135.9,1,1
round2,136,0.961,1
round2,136,1,1
round2,136.1,0.907,1
round2,136.2,1,1
round2,136.3,0.925,1
round2,136.3,1,2
round2,136.4,1,1
round2,136.5,1,1
round2,136.6,0.86,1
round2,136.6,1,1
round2,136.7,0.803,1
round2,136.7,0.925,1
round2,136.7,1,2
round2,136.8,1,2
round2,136.9,0.681,1
round2,136.9,1,1
round2,137.1,0.98,1
round2,137.3,0.831,1
round2,137.3,0.891,1
round2,137.3,0.942,1
round2,137.3,1,1
round2,137.5,0.925,1
round2,137.6,0.942,1
round2,137.7,0.731,1
round2,137.7,0.961,1
round2,137.8,1,2
round2,137.9,0.79,1
round2,137.9,1,1
round2,138,0.961,1
round2,138.1,0.845,1
round2,138.1,0.875,1
round2,138.2,0.778,1
round2,138.3,0.803,1
round2,138.3,0.875,1
round2,138.3,1,2
round2,138.4,0.875,1
round2,138.4,0.961,2
round2,138.5,0.961,1
round2,138.6,1,1
round2,138.8,0.925,1
round2,138.8,0.942,1
round2,138.8,1,2
round2,138.9,0.925,1
round2,138.9,1,2
round2,139.2,0.891,1
round2,139.3,0.891,1
round2,139.3,1,1
round2,139.5,0.98,1
round2,139.6,0.817,1
round2,139.6,0.875,1
round2,139.7,0.907,1
round2,139.7,1,1
round2,139.8,0.942,1
round2,139.8,0.961,1
round2,139.8,1,2
round2,140,0.961,1
round2,140.2,0.98,1
round2,140.2,1,1
round2,140.3,0.961,1
round2,140.4,0.875,1
round2,140.6,0.875,1
round2,140.7,1,1
round2,140.8,0.907,1
round2,140.9,0.875,1
round2,141,0.98,1
round2,141,1,1
round2,141.1,0.942,1
round2,141.1,1,1
round2,141.2,1,2
round2,141.5,0.942,1
round2,141.6,0.942,1
round2,141.6,1,1
round2,141.8,0.925,1
round2,141.8,1,1
round2,142,0.98,1
round2,142,1,1
round2,142.1,0.925,1
round2,142.3,1,2
round2,142.4,0.766,1
round2,142.4,1,1
round2,142.5,1,1
round2,142.6,0.961,1
round2,142.6,1,1
round2,142.8,1,1
round2,142.9,0.875,1
round2,142.9,0.961,1
round2,142.9,1,2
round2,143,0.803,1
round2,143,0.907,1
round2,143,0.961,1
round2,143,1,1
round2,143.1,0.831,1
round2,143.1,1,1
round2,143.2,1,1
round2,143.3,0.875,1
round2,143.4,1,1
round2,143.5,0.942,1
round2,143.6,1,1
round2,143.7,0.942,1
round2,143.7,0.98,1
round2,143.7,1,1
round2,143.8,0.803,1
round2,143.8,1,1
round2,144,1,1
round2,144.1,0.845,1
round2,144.1,0.925,1
round2,144.2,0.961,2
round2,144.2,1,1
round2,144.3,0.86,1
round2,144.3,1,1
round2,144.4,0.907,1
round2,144.5,0.925,1
round2,144.5,1,1
round2,144.6,1,1
round2,144.8,1,2
round2,144.9,0.803,1
round2,144.9,0.845,1
round2,145,0.671,1
round2,145.1,1,1
round2,145.4,0.907,1
round2,145.4,1,1
round2,145.5,1,2
round2,145.6,0.961,1
round2,145.6,1,1
round2,145.7,0.79,1
round2,145.7,1,2
round2,146.1,0.803,1
round2,146.1,0.98,1
round2,146.1,1,2
round2,146.2,1,1
round2,146.3,1,3
round2,146.5,1,1
round2,146.6,0.961,1
round2,146.6,1,1
round2,146.7,0.731,1
round2,146.7,0.86,1
round2,146.8,0.907,1
round2,146.8,0.961,1
round2,146.9,0.875,1
round2,147.2,0.51,1
round2,147.3,0.681,1
round2,147.8,0.845,1
round2,147.8,0.907,1
round2,148.1,1,1
round2,148.3,0.803,1
round2,148.3,1,1
round2,148.4,0.961,1
round2,148.6,0.907,1
round2,148.7,1,2
round2,148.8,1,1
round2,148.9,1,1
round2,149,0.48,1
round2,149,0.942,2
round2,149.1,1,3
round2,149.2,0.71,1
round2,149.2,0.891,1
round2,149.2,0.961,1
round2,149.2,1,2
round2,149.3,0.875,1
round2,149.3,0.98,1
round2,149.4,0.891,1
round2,149.5,0.891,1
round2,149.6,0.681,1
round2,149.6,0.98,1
round2,149.6,1,1
round2,149.7,1,1
round2,149.8,0.891,1
round2,149.9,1,1
round2,150,1,2
round2,150.1,0.86,1
round2,150.1,1,1
round2,150.5,0.961,1
round2,150.6,0.721,1
round2,150.7,0.79,1
round2,150.7,0.875,1
round2,150.7,0.942,1
round2,150.8,0.942,1
round2,150.8,0.98,1
round2,151,0.731,1
round2,151,0.891,1
round2,151.1,1,2
round2,151.3,0.98,1
round2,151.3,1,1
round2,151.4,0.907,1
round2,151.6,0.69,1
round2,151.7,0.831,1
round2,151.7,0.942,2
round2,151.8,0.925,1
round2,151.9,0.79,1
round2,152,0.942,1
round2,152,1,2
round2,152.2,0.875,1
round2,152.2,0.907,1
round2,152.7,0.891,1
round2,152.8,0.942,1
round2,152.9,0.961,1
round2,153,0.778,1
round2,153.1,0.925,1
round2,153.2,0.961,1
round2,153.3,0.942,1
round2,153.4,0.891,1
round2,153.5,0.942,1
round2,153.6,0.891,1
round2,153.6,1,1
round2,153.7,0.817,1
round2,153.7,0.86,1
round2,153.7,0.942,1
round2,153.7,0.961,1
round2,153.7,0.98,1
round2,153.8,0.961,1
round2,153.9,1,2
round2,154.1,0.907,1
round2,154.1,1,2
round2,154.2,0.845,1
round2,154.3,0.942,1
round2,154.4,1,2
round2,154.5,0.875,1
round2,154.6,0.961,1
round2,154.6,1,1
round2,154.7,0.98,1
round2,154.7,1,1
round2,154.8,1,1
round2,154.9,0.925,1
round2,155.1,1,1
round2,155.2,0.961,1
round2,155.4,0.942,1
round2,155.4,1,1
round2,155.5,0.961,1
round2,155.6,1,1
round2,155.9,1,1
round2,156.4,0.961,1
round2,156.6,1,1
round2,156.8,1,1
round2,157.1,1,1
round2,157.2,0.891,1
round2,157.2,0.942,1
round2,157.2,0.98,1
round2,157.3,1,1
round2,157.5,0.613,1
round2,157.9,0.942,1
round2,158,0.598,1
round2,158.1,0.891,1
round2,158.3,0.942,1
round2,158.3,0.961,1
round2,158.4,0.7,1
round2,158.5,0.605,1
round2,158.5,1,1
round2,158.7,1,1
round2,158.8,0.875,1
round2,158.9,1,1
round2,159,0.845,1
round2,159.2,1,1
round2,159.4,0.803,1
round2,159.4,0.907,1
round2,159.6,0.961,1
round2,159.6,1,1
round2,159.7,0.845,1
round2,159.8,1,2
round2,159.9,0.907,1
round2,160.1,0.742,1
round2,160.1,0.942,1
round2,160.2,1,1
round2,160.3,0.907,1
round2,160.3,0.942,1
round2,160.3,1,1
round2,160.4,0.907,1
round2,160.7,0.961,1
round2,160.9,1,1
round2,161.1,1,3
round2,161.5,0.891,2
round2,161.7,1,2
round2,161.8,0.98,1
round2,161.9,1,1
round2,162,1,1
round2,162.2,0.62,1
round2,162.4,1,1
round2,162.6,0.942,1
round2,162.9,1,1
round2,163.2,1,1
round2,163.3,1,1
round2,163.4,1,2
round2,163.6,1,1
round2,164.3,0.942,2
round2,164.4,0.942,1
round2,164.5,0.942,1
round2,164.6,0.907,1
round2,164.6,0.942,1
round2,164.6,1,3
round2,164.7,1,1
round2,165.1,0.671,1
round2,165.1,0.891,1
round2,165.1,1,1
round2,165.5,0.961,1
round2,165.7,1,1
round2,166.3,0.731,1
round2,166.3,0.86,1
round2,166.4,1,1
round2,166.6,1,1
round2,166.7,1,1
round2,167,0.731,1
round2,167.1,0.69,1
round2,167.1,0.942,1
round2,167.3,0.942,1
round2,167.4,0.891,1
round2,167.4,0.942,1
round2,167.4,1,1
round2,167.8,1,1
round2,168,0.961,1
round2,168.1,0.86,1
round2,168.1,1,1
round2,168.2,1,1
round2,168.4,0.907,1
round2,168.5,0.907,1
round2,168.6,0.98,1
round2,168.6,1,1
round2,168.8,0.907,1
round2,168.8,1,1
round2,169,0.942,1
round2,169.6,0.803,1
round2,169.7,1,1
round2,169.8,0.845,1
round2,170,0.98,1
round2,170,1,1
round2,170.1,0.891,1
round2,170.2,0.942,1
round2,170.3,0.891,1
round2,170.6,0.875,1
round2,170.6,0.942,1
round2,170.6,1,1
round2,170.8,1,2
round2,171.1,1,1
round2,171.2,0.961,1
round2,171.3,0.942,1
round2,171.3,1,1
round2,171.4,0.551,1
round2,171.5,0.766,1
round2,171.6,0.907,1
round2,171.6,1,1
round2,171.8,0.961,1
round2,171.9,1,1
round2,172.5,1,1
round2,172.6,0.86,1
round2,172.6,0.961,1
round2,172.7,0.925,1
round2,172.8,1,1
round2,173,0.86,1
round2,173,0.891,1
round2,173,1,1
round2,173.1,1,1
round2,173.4,0.942,1
round2,173.6,0.925,2
round2,173.6,0.942,1
round2,173.6,1,1
round2,173.8,0.803,1
round2,173.8,1,1
round2,173.9,0.907,1
round2,174,1,1
round2,174.4,0.907,1
round2,174.5,0.845,1
round2,174.6,0.845,1
round2,174.6,0.907,1
round2,174.7,0.875,1
round2,174.7,1,1
round2,174.8,1,1
round2,174.9,1,1
round2,175.2,1,1
round2,175.3,0.845,1
round2,175.3,0.942,1
round2,175.3,1,1
round2,175.4,0.86,1
round2,175.4,0.925,1
round2,175.6,0.961,1
round2,176,0.961,1
round2,176.1,0.875,1
round2,176.2,1,2
round2,176.3,0.86,1
round2,176.4,0.942,1
round2,176.6,0.907,1
round2,176.7,1,1
round2,176.9,0.961,1
round2,177.3,0.98,1
round2,177.4,0.925,1
round2,177.5,1,1
round2,177.8,1,1
round2,178.2,0.942,1
round2,178.2,1,2
round2,178.5,0.875,1
round2,178.6,1,1
round2,178.7,0.942,2
round2,179,0.907,1
round2,179,1,1
round2,179.5,1,1
round2,179.8,0.98,1
round2,180.1,1,1
round2,180.2,0.907,2
round2,180.3,0.803,1
round2,180.7,0.731,1
round2,181,0.98,1
round2,181.4,0.845,1
round2,181.5,0.98,1
round2,181.9,1,1
round2,182,0.961,1
round2,182.1,0.961,1
round2,182.1,1,1
round2,182.3,0.907,1
round2,182.3,0.961,1
round2,182.4,0.961,1
round2,182.6,0.98,1
round2,182.8,0.925,1
round2,183.5,1,1
round2,183.9,0.845,1
round2,184.3,0.925,1
round2,184.3,0.942,1
round2,185,0.57,1
round2,185,0.907,1
round2,185,1,1
round2,185.4,1,1
round2,185.7,1,1
round2,185.8,0.98,1
round2,186.2,1,1
round2,186.3,1,1
round2,186.5,0.778,1
round2,186.5,1,1
round2,187,0.907,1
round2,187.1,1,1
round2,187.4,0.681,1
round2,187.5,0.961,1
round2,187.8,1,1
round2,188.2,0.961,1
round2,188.4,0.563,1
round2,188.6,1,1
round2,189,1,2
round2,189.1,1,1
round2,189.2,1,1
round2,189.4,1,1
round2,189.8,0.875,1
round2,191.5,1,2
round2,192.5,1,1
round2,193,0.907,1
round2,193.1,1,1
round2,193.4,1,2
round2,193.5,0.875,1
round2,193.6,0.778,1
round2,193.8,1,1
round2,194.3,0.742,1
round2,194.8,1,1
round2,194.9,0.961,1
round2,195,0.925,1
round2,195,0.961,1
round2,195.2,1,1
round2,195.4,1,1
round2,195.6,0.942,1
round2,195.8,1,1
round2,195.9,1,1
round2,196.1,0.86,1
round2,196.2,1,2
round2,196.5,0.925,1
round2,196.6,0.831,1
round2,197,0.731,1
round2,197.7,0.961,1
round2,197.9,0.803,1
round2,198.1,0.98,1
round2,198.8,1,1
round2,199.3,1,1
round2,199.4,0.79,1
round2,199.5,0.925,1
round2,199.7,0.98,1
round2,199.9,1,1
round2,200,0.942,1
round2,200.1,0.942,1
round2,200.2,1,1
round2,200.6,1,1
round2,201,0.961,1
round2,201,1,1
round2,201.5,1,1
round2,202.6,0.961,1
round2,202.7,1,1
round2,203.1,1,1
round2,203.3,1,1
round2,203.6,1,1
round2,203.9,0.98,1
round2,204,0.942,1
round2,204.4,1,2
round2,204.7,0.925,1
round2,204.9,1,1
round2,205.1,1,1
round2,205.9,0.875,1
round2,205.9,0.925,1
round2,205.9,1,1
round2,206.1,1,1
round2,206.7,1,1
round2,206.9,0.942,1
round2,207,1,1
round2,207.6,1,1
round2,209.3,0.521,1
round2,209.3,0.766,1
round2,209.6,0.942,2
round2,209.6,0.961,1
round2,209.8,1,1
round2,210.1,0.961,1
round2,210.3,0.961,1
round2,211.2,0.86,1
round2,211.5,0.942,1
round2,211.7,0.845,1
round2,212.4,0.891,1
round2,212.4,1,1
round2,213,1,1
round2,214.5,1,1
round2,214.6,0.907,1
round2,215.1,1,2
round2,215.2,0.942,1
round2,215.2,1,1
round2,216.4,0.875,1
round2,216.8,0.803,1
round2,217,0.907,1
round2,217.4,1,2
round2,217.9,1,1
round2,218.2,0.925,1
round2,218.8,1,1
round2,219,0.98,1
round2,219.4,0.942,1
round2,219.8,0.942,1
round2,219.8,1,1
round2,220.1,0.925,1
round2,221.2,0.86,1
round2,221.4,1,1
round2,221.6,1,1
round2,222.1,1,1
round2,222.8,1,1
round2,223,1,1
round2,223.3,0.98,1
round2,223.5,0.86,1
round2,223.5,0.961,1
round2,223.7,1,1
round2,223.9,1,1
round2,224.5,0.961,1
round2,224.8,1,1
round2,224.9,1,1
round2,225.2,0.98,1
round2,225.4,0.891,1
round2,227,1,2
round2,227.5,0.961,1
round2,228.5,1,1
round2,228.6,0.942,1
round2,229.7,1,1
round2,229.9,0.891,1
round2,230.4,1,1
round2,230.8,0.925,1
round2,231.2,0.98,1
round2,231.2,1,1
round2,232.9,0.98,1
round2,233.6,0.907,1
round2,233.8,1,2
round2,233.9,1,1
round2,234.2,1,1
round2,234.4,0.778,1
round2,236,1,1
round2,236.3,0.98,1
round2,236.5,0.907,1
round2,236.7,1,1
round2,237,1,1
round2,237.1,1,1
round2,237.4,1,1
round2,237.5,0.86,1
round2,238.3,0.86,1
round2,238.5,0.925,1
round2,238.7,1,1
round2,239,1,1
round2,239.8,0.961,1
round2,240,0.925,1
round2,240,1,1
round2,240.9,0.925,1
round2,242,1,1
round2,242.4,1,1
round2,242.5,1,1
round2,242.6,1,1
round2,243.5,0.98,1
round2,243.9,1,1
round2,244.4,1,1
round2,246.7,0.961,1
round2,246.9,1,2
round2,247.2,1,1
round2,247.6,0.961,1
round2,248.2,0.961,1
round2,248.3,0.907,1
round2,250.5,0.875,1
round2,251.2,1,1
round2,253.7,0.98,1
round2,253.8,0.961,1
round2,254,0.891,1
round2,254.5,0.961,1
round2,254.8,1,1
round2,254.9,1,1
round2,257.1,1,1
round2,257.8,0.845,1
round2,257.8,0.961,1
round2,258.2,0.875,1
round2,258.2,0.98,1
round2,260.4,1,1
round2,260.6,1,1
round2,261.2,0.961,1
round2,261.5,0.803,1
round2,261.5,1,1
round2,261.6,0.778,1
round2,262.1,1,1
round2,263.7,0.891,1
round2,263.8,0.845,1
round2,264.5,1,1
round2,264.7,1,1
round2,265.6,0.942,1
round2,265.9,1,1
round2,267.3,1,1
round2,268,1,1
round2,269.7,0.907,1
round2,270.2,1,1
round2,270.5,0.961,1
round2,271.5,1,1
round2,271.7,1,1
round2,271.9,1,1
round2,272.2,1,1
round2,272.7,1,1
round2,273.2,0.925,1
round2,273.2,1,1
round2,273.3,0.925,1
round2,274.6,1,1
round2,275.4,1,1
round2,275.7,0.907,1
round2,276,1,1
round2,276.8,0.98,1
round2,277.5,0.961,1
round2,277.6,1,1
round2,277.9,0.817,1
round2,277.9,1,1
round2,278,1,1
round2,279.9,1,1
round2,280.3,1,1
round2,281.3,0.98,1
round2,281.9,0.925,1
round2,282.3,0.907,1
round2,282.3,1,1
round2,282.9,0.98,1
round2,283.5,1,1
round2,284.5,0.961,1
round2,284.5,1,1
round2,285.2,0.925,1
round2,285.9,0.875,1
round2,286.6,0.891,1
round2,288.4,1,2
round2,288.6,0.803,1
round2,291.1,0.891,1
round2,291.2,0.942,1
round2,293.7,1,1
round2,293.9,0.907,1
round2,294.1,0.98,1
round2,297.1,0.942,1
round2,297.2,1,1
round2,297.6,1,1
round2,299.9,1,1
round2,300.2,0.925,1
round2,300.5,1,1
round2,300.6,1,1
round2,302.2,1,1
round2,307.8,1,1
round2,308.3,0.942,1
round2,308.4,0.961,1
round2,311.2,1,1
round2,313.8,1,1
round2,314.2,0.98,1
round2,316.1,0.925,1
round2,316.5,1,1
round2,317.2,1,1
round2,320.9,1,1
round2,322.6,0.891,1
round2,323.5,0.942,1
round2,326.3,1,1
round2,331.3,0.942,1
round2,331.5,0.86,1
round2,333.5,0.907,1
round2,334.4,0.817,1
round2,335.4,1,1
round2,335.9,1,1
round2,337.1,1,1
round2,340.4,0.961,1
round2,340.5,1,1
round2,341,0.875,1
round2,342.7,0.925,1
round2,343.2,0.98,1
round2,343.8,1,1
round2,344.4,1,1
round2,345.7,0.907,1
round2,346.8,0.925,1
round2,349.6,0.942,1
round2,350.1,1,1
round2,350.3,0.891,1
round2,350.3,1,1
round2,354.7,1,1
round2,356,1,1
round2,357.2,0.961,1
round2,358.4,1,1
round2,361.5,0.79,1
round2,362.8,1,1
round2,364.7,0.961,1
round2,366,1,1
round2,370.5,0.942,1
round2,370.9,1,1
round2,374.6,0.766,1
round2,378.4,0.831,1
round2,380,1,1
round2,381,1,1
round2,384.9,1,1
round2,393.4,0.891,1
round2,398.4,0.845,1
round2,400.3,0.961,1
round2,401,0.754,1
round2,406.1,0.942,1
round2,407.5,0.845,1
round2,410,0.98,1
round2,412.5,1,1
round2,412.9,1,1
round2,414.9,1,1
round2,415.8,1,1
round2,416.1,1,1
round2,416.3,1,2
round2,418.6,0.86,1
round2,420.8,0.907,1
round2,425.1,0.961,1
round2,425.7,0.98,1
round2,437.2,1,1
round2,438,0.831,1
round2,443.1,0.845,1
round2,451.5,1,1
round2,463,1,1
round2,463.2,1,1
round2,467.3,0.925,1
round2,469,0.925,1
round2,469.3,0.875,1
round2,474.8,1,1
round2,482.3,0.925,1
round2,484.4,0.891,1
round2,485.2,0.925,1
round2,487.8,0.742,1
round2,490.5,0.961,1
round2,492.9,0.942,1
round2,493.2,0.961,1
round2,493.3,1,1
round2,493.7,1,1
round2,497.4,0.925,1
round2,505.2,0.907,1
round2,507.8,0.925,1
round2,510.3,1,1
round2,516.6,0.925,1
round2,524.8,0.86,1
round2,532,1,1
round2,533.4,0.766,1
round2,554,1,1
round2,555.3,1,1
round2,558,0.907,1
round2,567.9,1,1
round2,571.8,1,1
round2,574.9,0.86,1
round2,580.6,1,1
round2,581.8,1,1
round2,598.7,0.961,1
round2,600.9,1,1
round2,601.5,0.98,1
round2,636.6,0.961,1
round2,643.6,1,1
round2,646.4,0.817,1
round2,664.8,0.907,1
round2,668.4,0.754,1
round2,670.6,1,1
round2,681.4,0.681,1
round2,683.7,0.86,1
round2,706,0.961,1
round2,714.6,0.71,1
round2,736.5,1,1
round2,760.4,1,1
round2,767.9,0.98,1
round2,769.1,0.907,1
round2,783.6,1,1
round2,797.2,0.98,1
round2,861.6,0.891,1
round2,881.5,0.942,1
round2,1012.7,0.925,1
round2,1018.2,1,1
round2,1023.1,0.907,1
round2,1033.8,0.7,1
round2,1151.7,1,1
round2,1214.3,1,1
round2,1461.3,0.907,1
round2,1610.2,1,1
round2,1622.4,0.86,1
round2,1673.8,0.942,1
round2,1746.2,0.598,1
round2,1903.2,1,1
round2,1953.7,0.907,1
round2,2138.7,1,1
round2,2213.6,0.71,1
round2,2290.7,1,1
round2,2388,1,1
round2,2564.1,1,1
round2,2720.5,0.891,1
round2,2763.9,0.845,1
round2,2790.3,1,1
round2,3108.3,0.925,1
round2,3388.8,0.98,1
round2,3602.4,1,1
round2,3688.9,1,1
round2,6634.8,1,1
round2,8539,0.98,1
round2,8721.8,1,1
round2,9194.6,1,1
round2,9327.1,0.817,1
round2,13920.5,0.907,1
round2,15163.9,0.817,1
round2,16571.3,0.845,1
round2,23588.2,0.891,1
bonus1,16.5,0.879,1
bonus1,17.8,0.897,1
bonus1,17.8,0.956,1
bonus1,19.4,0.935,1
bonus1,19.5,0.916,1
bonus1,20.5,0.784,1
bonus1,20.5,0.87,1
bonus1,20.5,0.897,1
bonus1,20.9,0.946,1
bonus1,21.3,0.935,1
bonus1,21.4,0.906,1
bonus1,21.5,0.879,1
bonus1,21.5,0.897,1
bonus1,21.8,0.837,1
bonus1,21.8,0.888,1
bonus1,21.9,0.897,1
bonus1,22,0.888,1
bonus1,22.1,0.861,1
bonus1,22.2,0.935,1
bonus1,22.3,0.845,1
bonus1,22.5,0.946,1
bonus1,22.6,0.837,1
bonus1,22.6,0.861,1
bonus1,22.7,0.784,1
bonus1,22.7,0.821,1
bonus1,22.7,0.906,1
bonus1,22.8,0.821,1
bonus1,23.2,0.821,1
bonus1,23.2,0.967,1
bonus1,23.3,0.861,1
bonus1,23.3,0.87,1
bonus1,23.4,0.935,1
bonus1,23.5,0.888,1
bonus1,23.5,0.926,1
bonus1,23.6,0.853,1
bonus1,23.6,0.897,2
bonus1,23.7,0.861,1
bonus1,23.7,0.897,1
bonus1,23.7,0.906,1
bonus1,23.7,0.926,1
bonus1,23.9,0.879,3
bonus1,24,0.861,1
bonus1,24.1,0.845,1
bonus1,24.2,0.888,2
bonus1,24.3,0.916,1
bonus1,24.5,0.757,1
bonus1,24.6,0.763,1
bonus1,24.6,0.861,1
bonus1,24.7,0.69,1
bonus1,24.7,0.879,1
bonus1,24.7,0.916,2
bonus1,24.7,0.935,2
bonus1,24.8,0.916,1
bonus1,24.8,0.967,1
bonus1,24.9,0.813,1
bonus1,24.9,0.935,1
bonus1,25,0.77,1
bonus1,25,0.879,1
bonus1,25,0.926,1
bonus1,25,0.946,1
bonus1,25.1,0.845,1
bonus1,25.1,0.897,1
bonus1,25.1,0.906,1
bonus1,25.2,0.853,1
bonus1,25.2,0.897,1
bonus1,25.3,0.763,1
bonus1,25.3,0.888,1
bonus1,25.4,0.853,1
bonus1,25.4,0.861,1
bonus1,25.4,0.879,1
bonus1,25.4,0.897,1
bonus1,25.4,0.956,1
bonus1,25.5,0.757,1
bonus1,25.5,0.888,1
bonus1,25.5,0.916,1
bonus1,25.5,0.935,1
bonus1,25.7,0.926,1
bonus1,25.9,0.906,1
bonus1,26,0.837,1
bonus1,26,0.845,1
bonus1,26,0.946,1
bonus1,26.1,0.845,1
bonus1,26.1,0.879,1
bonus1,26.2,0.861,2
bonus1,26.2,0.906,1
bonus1,26.2,0.916,1
bonus1,26.2,0.935,1
bonus1,26.3,0.853,1
bonus1,26.3,0.916,1
bonus1,26.4,0.861,1
bonus1,26.4,0.946,1
bonus1,26.5,0.737,1
bonus1,26.5,0.821,1
bonus1,26.5,0.879,1
bonus1,26.5,0.888,1
bonus1,26.5,0.897,1
bonus1,26.5,0.916,1
bonus1,26.6,0.861,1
bonus1,26.6,0.978,1
bonus1,26.7,0.87,1
bonus1,26.7,0.897,1
bonus1,26.7,0.978,1
bonus1,26.8,0.757,1
bonus1,26.8,0.879,1
bonus1,26.8,0.897,1
bonus1,26.8,0.916,1
bonus1,26.8,0.926,1
bonus1,26.9,0.845,1
bonus1,26.9,0.888,1
bonus1,26.9,0.916,2
bonus1,27,0.853,1
bonus1,27,0.879,2
bonus1,27.1,0.837,1
bonus1,27.1,0.879,1
bonus1,27.1,0.897,1
bonus1,27.2,0.777,1
bonus1,27.2,0.829,1
bonus1,27.2,0.916,1
bonus1,27.3,0.806,1
bonus1,27.3,0.821,1
bonus1,27.3,0.946,1
bonus1,27.4,0.853,1
bonus1,27.4,0.861,1
bonus1,27.4,0.916,1
bonus1,27.4,0.946,1
bonus1,27.4,0.978,1
bonus1,27.5,0.75,1
bonus1,27.5,0.791,1
bonus1,27.5,0.798,1
bonus1,27.5,0.879,1
bonus1,27.5,0.897,1
bonus1,27.6,0.829,1
bonus1,27.6,0.845,1
bonus1,27.6,0.861,1
bonus1,27.6,0.879,1
bonus1,27.6,0.888,1
bonus1,27.6,0.935,1
bonus1,27.7,0.784,1
bonus1,27.7,0.837,1
bonus1,27.7,0.897,1
bonus1,27.7,0.978,1
bonus1,27.8,0.837,1
bonus1,27.8,0.956,1
bonus1,27.9,0.77,1
bonus1,27.9,0.853,1
bonus1,27.9,0.906,1
bonus1,27.9,0.956,1
bonus1,28,0.916,1
bonus1,28,0.978,1
bonus1,28,0.989,1
bonus1,28.1,0.731,1
bonus1,28.1,0.935,1
bonus1,28.2,0.702,1
bonus1,28.2,0.763,1
bonus1,28.2,0.777,1
bonus1,28.2,0.806,1
bonus1,28.2,0.861,1
bonus1,28.3,0.757,1
bonus1,28.3,0.777,1
bonus1,28.4,0.829,1
bonus1,28.4,0.837,1
bonus1,28.4,0.853,1
bonus1,28.4,0.888,1
bonus1,28.4,0.897,2
bonus1,28.4,0.906,1
bonus1,28.4,0.956,1
bonus1,28.5,0.731,1
bonus1,28.5,0.777,1
bonus1,28.5,0.806,1
bonus1,28.5,0.879,1
bonus1,28.5,0.897,2
bonus1,28.5,0.906,1
bonus1,28.6,0.685,1
bonus1,28.6,0.777,1
bonus1,28.6,0.861,1
bonus1,28.6,0.87,1
bonus1,28.6,0.897,1
bonus1,28.6,0.916,1
bonus1,28.6,0.935,1
bonus1,28.6,0.956,1
bonus1,28.7,0.798,1
bonus1,28.7,0.879,2
bonus1,28.7,0.906,1
bonus1,28.7,0.956,1
bonus1,28.7,0.978,1
bonus1,28.8,0.798,1
bonus1,28.8,0.813,1
bonus1,28.8,0.829,2
bonus1,28.8,0.845,1
bonus1,28.8,0.879,1
bonus1,28.8,0.888,1
bonus1,28.9,0.861,1
bonus1,28.9,0.888,1
bonus1,29,0.757,1
bonus1,29,0.879,2
bonus1,29.1,0.888,2
bonus1,29.1,0.897,1
bonus1,29.1,0.906,1
bonus1,29.1,0.916,2
bonus1,29.1,0.935,1
bonus1,29.2,0.707,1
bonus1,29.2,0.763,1
bonus1,29.2,0.897,2
bonus1,29.2,0.906,1
bonus1,29.2,0.916,1
bonus1,29.2,0.926,1
bonus1,29.2,0.967,1
bonus1,29.3,0.744,1
bonus1,29.3,0.77,1
bonus1,29.3,0.784,1
bonus1,29.3,0.821,1
bonus1,29.3,0.861,1
bonus1,29.4,0.784,1
bonus1,29.4,0.821,1
bonus1,29.4,0.956,1
bonus1,29.5,0.791,1
bonus1,29.5,0.853,1
bonus1,29.5,0.861,1
bonus1,29.5,0.87,1
bonus1,29.5,0.916,1
bonus1,29.5,0.946,1
bonus1,29.6,0.777,1
bonus1,29.6,0.935,1
bonus1,29.7,0.791,1
bonus1,29.7,0.813,2
bonus1,29.7,0.879,1
bonus1,29.7,0.888,1
bonus1,29.7,0.897,1
bonus1,29.7,0.935,1
bonus1,29.8,0.821,1
bonus1,29.8,0.87,1
bonus1,29.8,0.879,1
bonus1,29.8,0.916,1
bonus1,29.9,0.784,1
bonus1,29.9,0.879,3
bonus1,29.9,0.897,2
bonus1,29.9,0.916,1
bonus1,29.9,0.926,1
bonus1,29.9,0.935,1
bonus1,29.9,0.956,1
bonus1,30,0.64,1
bonus1,30,0.784,1
bonus1,30,0.821,1
bonus1,30,0.853,1
bonus1,30,0.87,1
bonus1,30,0.879,1
bonus1,30,0.906,1
bonus1,30,0.956,2
bonus1,30.1,0.888,1
bonus1,30.1,0.897,1
bonus1,30.2,0.784,1
bonus1,30.2,0.791,1
bonus1,30.2,0.888,1
bonus1,30.2,0.897,1
bonus1,30.2,0.906,2
bonus1,30.2,0.935,1
bonus1,30.3,0.674,1
bonus1,30.3,0.77,1
bonus1,30.3,0.791,1
bonus1,30.3,0.879,1
bonus1,30.3,0.897,1
bonus1,30.3,0.956,1
bonus1,30.4,0.861,1
bonus1,30.4,0.879,1
bonus1,30.4,0.906,2
bonus1,30.4,0.916,1
bonus1,30.4,0.935,1
bonus1,30.5,0.77,1
bonus1,30.5,0.784,1
bonus1,30.5,0.861,1
bonus1,30.5,0.888,1
bonus1,30.5,0.935,1
bonus1,30.6,0.806,1
bonus1,30.6,0.821,1
bonus1,30.6,0.837,1
bonus1,30.6,0.845,1
bonus1,30.6,0.861,1
bonus1,30.6,0.879,2
bonus1,30.6,0.897,1
bonus1,30.6,0.906,1
bonus1,30.6,0.967,1
bonus1,30.7,0.813,1
bonus1,30.7,0.897,1
bonus1,30.7,0.906,2
bonus1,30.8,0.77,1
bonus1,30.8,0.813,2
bonus1,30.8,0.888,1
bonus1,30.8,0.897,1
bonus1,30.8,0.935,1
bonus1,30.9,0.845,1
bonus1,30.9,0.879,1
bonus1,30.9,0.906,1
bonus1,30.9,0.916,1
bonus1,30.9,0.935,1
bonus1,30.9,0.967,1
bonus1,31,0.719,1
bonus1,31,0.829,1
bonus1,31,0.879,1
bonus1,31,0.897,2
bonus1,31.1,0.853,1
bonus1,31.1,0.87,1
bonus1,31.1,0.897,1
bonus1,31.1,0.935,1
bonus1,31.1,0.956,1
bonus1,31.2,0.798,1
bonus1,31.2,0.829,1
bonus1,31.2,0.87,1
bonus1,31.2,0.897,1
bonus1,31.2,0.935,2
bonus1,31.2,0.956,1
bonus1,31.3,0.737,1
bonus1,31.3,0.829,1
bonus1,31.3,0.853,1
bonus1,31.3,0.879,1
bonus1,31.3,0.897,2
bonus1,31.3,0.926,2
bonus1,31.3,0.935,1
bonus1,31.3,0.946,2
bonus1,31.3,0.978,1
bonus1,31.4,0.853,1
bonus1,31.4,0.861,1
bonus1,31.4,0.87,1
bonus1,31.4,0.879,2
bonus1,31.4,0.888,1
bonus1,31.4,0.916,2
bonus1,31.5,0.763,1
bonus1,31.5,0.806,1
bonus1,31.5,0.829,1
bonus1,31.5,0.845,1
bonus1,31.5,0.879,2
bonus1,31.5,0.916,1
bonus1,31.6,0.521,1
bonus1,31.6,0.845,1
bonus1,31.6,0.861,1
bonus1,31.6,0.926,1
bonus1,31.6,0.956,1
bonus1,31.7,0.486,1
bonus1,31.7,0.744,1
bonus1,31.7,0.757,1
bonus1,31.7,0.813,1
bonus1,31.7,0.829,2
bonus1,31.7,0.837,1
bonus1,31.7,0.845,1
bonus1,31.7,0.861,1
bonus1,31.7,0.906,1
bonus1,31.7,0.916,1
bonus1,31.7,0.946,1
bonus1,31.7,0.956,1
bonus1,31.8,0.731,1
bonus1,31.8,0.813,1
bonus1,31.8,0.861,1
bonus1,31.8,0.87,1
bonus1,31.8,0.879,1
bonus1,31.8,0.916,1
bonus1,31.8,0.935,1
bonus1,31.9,0.719,1
bonus1,31.9,0.77,1
bonus1,31.9,0.784,1
bonus1,31.9,0.813,1
bonus1,31.9,0.879,2
bonus1,31.9,0.897,1
bonus1,31.9,0.906,1
bonus1,31.9,0.916,2
bonus1,31.9,0.935,2
bonus1,31.9,0.956,1
bonus1,32,0.813,1
bonus1,32,0.829,1
bonus1,32,0.837,1
bonus1,32,0.879,1
bonus1,32,0.888,1
bonus1,32,0.897,1
bonus1,32,0.916,2
bonus1,32,0.935,1
bonus1,32.1,0.813,1
bonus1,32.1,0.845,2
bonus1,32.1,0.861,3
bonus1,32.1,0.879,2
bonus1,32.1,0.888,1
bonus1,32.1,0.946,2
bonus1,32.1,0.967,1
bonus1,32.1,0.978,1
bonus1,32.2,0.813,1
bonus1,32.2,0.879,2
bonus1,32.2,0.888,1
bonus1,32.2,0.935,1
bonus1,32.3,0.879,1
bonus1,32.3,0.926,1
bonus1,32.3,0.935,1
bonus1,32.3,0.946,1
bonus1,32.3,0.956,1
bonus1,32.3,0.978,1
bonus1,32.4,0.87,2
bonus1,32.4,0.879,1
bonus1,32.4,0.956,1
bonus1,32.5,0.798,1
bonus1,32.5,0.861,3
bonus1,32.5,0.87,1
bonus1,32.5,0.916,1
bonus1,32.5,0.935,1
bonus1,32.6,0.702,1
bonus1,32.6,0.791,1
bonus1,32.6,0.829,1
bonus1,32.6,0.853,1
bonus1,32.6,0.888,2
bonus1,32.6,0.897,2
bonus1,32.6,0.926,1
bonus1,32.6,0.935,1
bonus1,32.7,0.744,1
bonus1,32.7,0.813,1
bonus1,32.7,0.845,1
bonus1,32.7,0.888,1
bonus1,32.7,0.916,1
bonus1,32.7,0.935,4
bonus1,32.8,0.784,1
bonus1,32.8,0.879,1
bonus1,32.8,0.897,1
bonus1,32.8,0.935,1
bonus1,32.9,0.777,1
bonus1,32.9,0.798,1
bonus1,32.9,0.879,1
bonus1,32.9,0.888,1
bonus1,32.9,0.935,1
bonus1,33,0.64,1
bonus1,33,0.77,1
bonus1,33,0.829,1
bonus1,33,0.837,1
bonus1,33,0.897,2
bonus1,33,0.935,1
bonus1,33.1,0.77,1
bonus1,33.1,0.829,1
bonus1,33.1,0.845,2
bonus1,33.1,0.861,1
bonus1,33.1,0.879,2
bonus1,33.1,0.897,1
bonus1,33.1,0.906,1
bonus1,33.1,0.916,1
bonus1,33.1,0.935,1
bonus1,33.2,0.757,1
bonus1,33.2,0.879,1
bonus1,33.2,0.888,2
bonus1,33.2,0.897,1
bonus1,33.2,0.926,1
bonus1,33.2,0.956,2
bonus1,33.3,0.777,1
bonus1,33.3,0.87,3
bonus1,33.3,0.897,1
bonus1,33.3,0.916,1
bonus1,33.3,0.926,1
bonus1,33.3,0.946,1
bonus1,33.4,0.6,1
bonus1,33.4,0.813,1
bonus1,33.4,0.821,1
bonus1,33.4,0.87,1
bonus1,33.4,0.926,1
bonus1,33.4,0.935,2
bonus1,33.4,0.946,1
bonus1,33.5,0.744,2
bonus1,33.5,0.837,1
bonus1,33.5,0.845,1
bonus1,33.5,0.897,1
bonus1,33.5,0.916,2
bonus1,33.6,0.696,1
bonus1,33.6,0.744,1
bonus1,33.6,0.784,1
bonus1,33.6,0.798,1
bonus1,33.6,0.888,1
bonus1,33.6,0.897,1
bonus1,33.6,0.906,1
bonus1,33.6,0.916,1
bonus1,33.6,0.926,1
bonus1,33.7,0.731,1
bonus1,33.7,0.737,1
bonus1,33.7,0.744,1
bonus1,33.7,0.821,1
bonus1,33.7,0.906,1
bonus1,33.7,0.916,2
bonus1,33.7,0.978,1
bonus1,33.8,0.784,1
bonus1,33.8,0.861,1
bonus1,33.8,0.87,1
bonus1,33.8,0.879,5
bonus1,33.8,0.888,1
bonus1,33.8,0.897,1
bonus1,33.8,0.906,1
bonus1,33.8,0.956,1
bonus1,33.8,0.978,2
bonus1,33.9,0.829,1
bonus1,33.9,0.845,2
bonus1,33.9,0.853,2
bonus1,33.9,0.861,1
bonus1,33.9,0.87,1
bonus1,33.9,0.888,1
bonus1,33.9,0.926,1
bonus1,33.9,0.956,2
bonus1,34,0.784,1
bonus1,34,0.791,1
bonus1,34,0.829,1
bonus1,34,0.845,1
bonus1,34,0.861,1
bonus1,34,0.879,1
bonus1,34,0.888,3
bonus1,34,0.897,1
bonus1,34,0.926,1
bonus1,34,0.935,1
bonus1,34.1,0.744,1
bonus1,34.1,0.777,1
bonus1,34.1,0.813,1
bonus1,34.1,0.845,1
bonus1,34.1,0.888,1
bonus1,34.1,0.897,2
bonus1,34.1,0.916,1
bonus1,34.2,0.798,1
bonus1,34.2,0.806,1
bonus1,34.2,0.829,1
bonus1,34.2,0.853,1
bonus1,34.2,0.861,2
bonus1,34.2,0.888,1
bonus1,34.2,0.935,1
bonus1,34.2,0.946,2
bonus1,34.3,0.813,1
bonus1,34.3,0.829,1
bonus1,34.3,0.879,2
bonus1,34.3,0.906,1
bonus1,34.3,0.926,1
bonus1,34.4,0.784,1
bonus1,34.4,0.821,1
bonus1,34.4,0.861,1
bonus1,34.4,0.879,1
bonus1,34.4,0.906,1
bonus1,34.4,0.916,1
bonus1,34.4,0.946,2
bonus1,34.5,0.77,1
bonus1,34.5,0.813,1
bonus1,34.5,0.837,1
bonus1,34.5,0.861,1
bonus1,34.5,0.879,4
bonus1,34.5,0.888,1
bonus1,34.5,0.897,1
bonus1,34.5,0.906,1
bonus1,34.5,0.956,1
bonus1,34.5,0.967,1
bonus1,34.6,0.821,1
bonus1,34.6,0.845,1
bonus1,34.6,0.853,1
bonus1,34.6,0.879,1
bonus1,34.6,0.888,1
bonus1,34.6,0.906,1
bonus1,34.6,0.916,2
bonus1,34.6,0.956,1
bonus1,34.7,0.757,1
bonus1,34.7,0.861,2
bonus1,34.7,0.879,3
bonus1,34.7,0.888,1
bonus1,34.7,0.897,1
bonus1,34.7,0.935,2
bonus1,34.7,0.956,1
bonus1,34.7,0.967,1
bonus1,34.8,0.791,1
bonus1,34.8,0.821,1
bonus1,34.8,0.829,2
bonus1,34.8,0.879,1
bonus1,34.8,0.888,2
bonus1,34.8,0.897,1
bonus1,34.8,0.906,1
bonus1,34.8,0.916,1
bonus1,34.8,0.935,1
bonus1,34.8,0.956,1
bonus1,34.9,0.861,1
bonus1,34.9,0.935,2
bonus1,34.9,0.956,1
bonus1,35,0.821,1
bonus1,35,0.897,2
bonus1,35,0.906,1
bonus1,35,0.935,1
bonus1,35,0.946,1
bonus1,35,0.967,1
bonus1,35.1,0.731,1
bonus1,35.1,0.791,1
bonus1,35.1,0.821,1
bonus1,35.1,0.837,1
bonus1,35.1,0.861,2
bonus1,35.1,0.897,3
bonus1,35.1,0.906,1
bonus1,35.1,0.926,2
bonus1,35.1,0.956,1
bonus1,35.2,0.565,1
bonus1,35.2,0.845,1
bonus1,35.2,0.861,1
bonus1,35.2,0.87,1
bonus1,35.2,0.879,2
bonus1,35.2,0.897,1
bonus1,35.2,0.935,1
bonus1,35.2,0.978,1
bonus1,35.3,0.813,1
bonus1,35.3,0.845,1
bonus1,35.3,0.861,2
bonus1,35.3,0.879,2
bonus1,35.3,0.897,2
bonus1,35.3,0.916,1
bonus1,35.3,0.926,1
bonus1,35.4,0.798,2
bonus1,35.4,0.853,1
bonus1,35.4,0.879,1
bonus1,35.4,0.916,1
bonus1,35.5,0.806,1
bonus1,35.5,0.837,1
bonus1,35.5,0.853,1
bonus1,35.5,0.888,1
bonus1,35.5,0.897,1
bonus1,35.5,0.906,1
bonus1,35.5,0.926,1
bonus1,35.5,0.956,1
bonus1,35.6,0.737,1
bonus1,35.6,0.757,1
bonus1,35.6,0.798,1
bonus1,35.6,0.806,1
bonus1,35.6,0.861,1
bonus1,35.6,0.888,1
bonus1,35.6,0.897,2
bonus1,35.6,0.935,1
bonus1,35.6,0.946,1
bonus1,35.7,0.757,1
bonus1,35.7,0.77,1
bonus1,35.7,0.798,1
bonus1,35.7,0.821,1
bonus1,35.7,0.845,1
bonus1,35.7,0.87,1
bonus1,35.7,0.879,2
bonus1,35.7,0.888,1
bonus1,35.7,0.956,1
bonus1,35.8,0.719,1
bonus1,35.8,0.744,2
bonus1,35.8,0.829,2
bonus1,35.8,0.845,1
bonus1,35.8,0.897,1
bonus1,35.8,0.916,1
bonus1,35.8,0.926,1
bonus1,35.9,0.725,1
bonus1,35.9,0.744,1
bonus1,35.9,0.757,2
bonus1,35.9,0.798,2
bonus1,35.9,0.829,1
bonus1,35.9,0.845,1
bonus1,35.9,0.853,2
bonus1,35.9,0.861,2
bonus1,35.9,0.879,2
bonus1,35.9,0.888,2
bonus1,35.9,0.897,1
bonus1,35.9,0.946,1
bonus1,35.9,0.978,1
bonus1,36,0.719,1
bonus1,36,0.75,1
bonus1,36,0.777,1
bonus1,36,0.798,1
bonus1,36,0.829,1
bonus1,36,0.861,3
bonus1,36,0.87,1
bonus1,36,0.897,1
bonus1,36,0.926,1
bonus1,36.1,0.845,1
bonus1,36.1,0.861,1
bonus1,36.1,0.897,2
bonus1,36.1,0.926,1
bonus1,36.2,0.791,1
bonus1,36.2,0.813,1
bonus1,36.2,0.821,2
bonus1,36.2,0.837,1
bonus1,36.2,0.845,1
bonus1,36.2,0.853,1
bonus1,36.2,0.87,1
bonus1,36.2,0.916,5
bonus1,36.2,0.926,2
bonus1,36.2,0.935,1
bonus1,36.3,0.829,1
bonus1,36.3,0.853,2
bonus1,36.3,0.879,2
bonus1,36.3,0.916,1
bonus1,36.3,0.935,2
bonus1,36.4,0.685,1
bonus1,36.4,0.757,1
bonus1,36.4,0.77,1
bonus1,36.4,0.777,1
bonus1,36.4,0.829,1
bonus1,36.4,0.845,1
bonus1,36.4,0.853,1
bonus1,36.4,0.861,1
bonus1,36.4,0.879,2
bonus1,36.4,0.897,1
bonus1,36.4,0.926,1
bonus1,36.5,0.798,1
bonus1,36.5,0.806,1
bonus1,36.5,0.813,1
bonus1,36.5,0.845,1
bonus1,36.5,0.87,1
bonus1,36.5,0.906,1
bonus1,36.5,0.916,1
bonus1,36.5,0.926,1
bonus1,36.5,0.956,1
bonus1,36.5,0.967,1
bonus1,36.6,0.806,1
bonus1,36.6,0.813,2
bonus1,36.6,0.853,1
bonus1,36.6,0.861,1
bonus1,36.6,0.879,1
bonus1,36.6,0.906,2
bonus1,36.6,0.926,1
bonus1,36.7,0.54,1
bonus1,36.7,0.77,1
bonus1,36.7,0.798,1
bonus1,36.7,0.845,1
bonus1,36.7,0.853,1
bonus1,36.7,0.897,1
bonus1,36.7,0.906,1
bonus1,36.7,0.916,1
bonus1,36.7,0.935,1
bonus1,36.7,0.967,1
bonus1,36.8,0.713,1
bonus1,36.8,0.744,1
bonus1,36.8,0.763,1
bonus1,36.8,0.77,1
bonus1,36.8,0.777,1
bonus1,36.8,0.806,1
bonus1,36.8,0.813,1
bonus1,36.8,0.829,1
bonus1,36.8,0.845,1
bonus1,36.8,0.853,1
bonus1,36.8,0.87,1
bonus1,36.8,0.879,2
bonus1,36.8,0.897,1
bonus1,36.8,0.935,1
bonus1,36.8,0.946,1
bonus1,36.9,0.707,1
bonus1,36.9,0.731,1
bonus1,36.9,0.861,1
bonus1,36.9,0.888,1
bonus1,36.9,0.906,1
bonus1,36.9,0.916,2
bonus1,36.9,0.946,1
bonus1,37,0.784,1
bonus1,37,0.821,1
bonus1,37,0.845,2
bonus1,37,0.861,1
bonus1,37,0.935,1
bonus1,37,0.967,1
bonus1,37.1,0.813,1
bonus1,37.1,0.829,2
bonus1,37.1,0.837,1
bonus1,37.1,0.861,2
bonus1,37.1,0.879,1
bonus1,37.1,0.916,1
bonus1,37.1,0.926,1
bonus1,37.1,0.935,3
bonus1,37.1,0.946,2
bonus1,37.1,0.967,1
bonus1,37.2,0.784,1
bonus1,37.2,0.798,1
bonus1,37.2,0.829,1
bonus1,37.2,0.853,1
bonus1,37.2,0.861,1
bonus1,37.2,0.879,1
bonus1,37.2,0.897,1
bonus1,37.2,0.906,2
bonus1,37.2,0.916,1
bonus1,37.2,0.946,1
bonus1,37.3,0.791,1
bonus1,37.3,0.813,1
bonus1,37.3,0.821,1
bonus1,37.3,0.837,1
bonus1,37.3,0.845,1
bonus1,37.3,0.853,1
bonus1,37.3,0.861,1
bonus1,37.3,0.879,1
bonus1,37.3,0.897,2
bonus1,37.3,0.906,1
bonus1,37.3,0.926,1
bonus1,37.3,0.935,1
bonus1,37.3,0.956,1
bonus1,37.4,0.75,1
bonus1,37.4,0.784,1
bonus1,37.4,0.813,1
bonus1,37.4,0.861,1
bonus1,37.4,0.916,1
bonus1,37.4,0.946,1
bonus1,37.4,0.956,1
bonus1,37.5,0.77,1
bonus1,37.5,0.798,1
bonus1,37.5,0.829,1
bonus1,37.5,0.845,1
bonus1,37.5,0.906,1
bonus1,37.5,0.935,1
bonus1,37.5,0.946,1
bonus1,37.5,0.956,1
bonus1,37.6,0.791,1
bonus1,37.6,0.798,1
bonus1,37.6,0.806,1
bonus1,37.6,0.813,1
bonus1,37.6,0.829,1
bonus1,37.6,0.861,2
bonus1,37.6,0.879,2
bonus1,37.6,0.888,1
bonus1,37.6,0.897,3
bonus1,37.6,0.906,1
bonus1,37.6,0.916,2
bonus1,37.6,0.956,1
bonus1,37.7,0.731,1
bonus1,37.7,0.77,1
bonus1,37.7,0.777,1
bonus1,37.7,0.798,1
bonus1,37.7,0.879,1
bonus1,37.7,0.906,1
bonus1,37.7,0.926,1
bonus1,37.7,0.935,2
bonus1,37.7,0.946,1
bonus1,37.7,0.956,2
bonus1,37.8,0.791,1
bonus1,37.8,0.829,1
bonus1,37.8,0.853,1
bonus1,37.8,0.87,1
bonus1,37.8,0.897,4
bonus1,37.8,0.935,3
bonus1,37.8,0.956,2
bonus1,37.9,0.696,1
bonus1,37.9,0.798,2
bonus1,37.9,0.813,1
bonus1,37.9,0.87,2
bonus1,37.9,0.888,1
bonus1,37.9,0.897,1
bonus1,37.9,0.916,2
bonus1,37.9,0.935,2
bonus1,37.9,0.956,1
bonus1,38,0.707,1
bonus1,38,0.731,1
bonus1,38,0.777,1
bonus1,38,0.821,1
bonus1,38,0.829,2
bonus1,38,0.853,1
bonus1,38,0.861,1
bonus1,38,0.897,1
bonus1,38,0.906,3
bonus1,38,0.926,1
bonus1,38,0.935,1
bonus1,38,0.946,1
bonus1,38.1,0.77,1
bonus1,38.1,0.813,1
bonus1,38.1,0.845,2
bonus1,38.1,0.861,1
bonus1,38.1,0.879,1
bonus1,38.1,0.897,3
bonus1,38.1,0.916,1
bonus1,38.1,0.946,1
bonus1,38.2,0.829,1
bonus1,38.2,0.853,1
bonus1,38.2,0.888,1
bonus1,38.2,0.916,1
bonus1,38.2,0.935,1
bonus1,38.2,0.956,1
bonus1,38.2,0.967,1
bonus1,38.3,0.784,1
bonus1,38.3,0.837,1
bonus1,38.3,0.853,1
bonus1,38.3,0.879,1
bonus1,38.3,0.897,3
bonus1,38.3,0.916,1
bonus1,38.3,0.926,1
bonus1,38.3,0.935,1
bonus1,38.4,0.719,1
bonus1,38.4,0.725,1
bonus1,38.4,0.77,1
bonus1,38.4,0.829,1
bonus1,38.4,0.845,1
bonus1,38.4,0.861,1
bonus1,38.4,0.87,1
bonus1,38.4,0.879,1
bonus1,38.4,0.888,2
bonus1,38.4,0.935,3
bonus1,38.5,0.806,1
bonus1,38.5,0.821,1
bonus1,38.5,0.845,3
bonus1,38.5,0.861,1
bonus1,38.5,0.906,1
bonus1,38.5,0.916,1
bonus1,38.5,0.935,1
bonus1,38.5,0.946,1
bonus1,38.5,0.967,1
bonus1,38.6,0.777,1
bonus1,38.6,0.829,3
bonus1,38.6,0.845,1
bonus1,38.6,0.861,3
bonus1,38.6,0.879,1
bonus1,38.6,0.888,2
bonus1,38.6,0.906,1
bonus1,38.7,0.791,1
bonus1,38.7,0.806,1
bonus1,38.7,0.821,1
bonus1,38.7,0.879,4
bonus1,38.7,0.897,1
bonus1,38.7,0.935,4
bonus1,38.8,0.75,1
bonus1,38.8,0.757,1
bonus1,38.8,0.77,1
bonus1,38.8,0.777,1
bonus1,38.8,0.784,1
bonus1,38.8,0.806,1
bonus1,38.8,0.837,1
bonus1,38.8,0.845,2
bonus1,38.8,0.87,1
bonus1,38.8,0.879,1
bonus1,38.8,0.897,3
bonus1,38.8,0.916,2
bonus1,38.8,0.935,1
bonus1,38.8,0.946,1
bonus1,38.8,0.956,1
bonus1,38.9,0.784,1
bonus1,38.9,0.845,1
bonus1,38.9,0.861,2
bonus1,38.9,0.87,1
bonus1,38.9,0.916,2
bonus1,38.9,0.935,1
bonus1,38.9,0.946,2
bonus1,39,0.737,1
bonus1,39,0.798,2
bonus1,39,0.821,1
bonus1,39,0.829,1
bonus1,39,0.845,1
bonus1,39,0.853,1
bonus1,39,0.888,1
bonus1,39,0.897,2
bonus1,39,0.956,2
bonus1,39.1,0.707,1
bonus1,39.1,0.777,1
bonus1,39.1,0.784,1
bonus1,39.1,0.798,1
bonus1,39.1,0.806,1
bonus1,39.1,0.845,1
bonus1,39.1,0.861,1
bonus1,39.1,0.879,1
bonus1,39.1,0.888,1
bonus1,39.1,0.897,1
bonus1,39.1,0.916,1
bonus1,39.1,0.926,1
bonus1,39.1,0.935,2
bonus1,39.1,0.956,3
bonus1,39.2,0.798,1
bonus1,39.2,0.821,1
bonus1,39.2,0.87,1
bonus1,39.2,0.879,1
bonus1,39.2,0.916,2
bonus1,39.3,0.744,1
bonus1,39.3,0.791,1
bonus1,39.3,0.837,1
bonus1,39.3,0.845,1
bonus1,39.3,0.861,1
bonus1,39.3,0.87,1
bonus1,39.3,0.956,1
bonus1,39.4,0.77,1
bonus1,39.4,0.806,1
bonus1,39.4,0.845,2
bonus1,39.4,0.853,1
bonus1,39.4,0.87,1
bonus1,39.4,0.897,1
bonus1,39.4,0.935,1
bonus1,39.4,0.946,1
bonus1,39.5,0.696,1
bonus1,39.5,0.744,1
bonus1,39.5,0.813,1
bonus1,39.5,0.821,2
bonus1,39.5,0.829,1
bonus1,39.5,0.845,1
bonus1,39.5,0.861,1
bonus1,39.5,0.879,1
bonus1,39.5,0.916,1
bonus1,39.5,0.926,2
bonus1,39.5,0.935,2
bonus1,39.5,0.956,1
bonus1,39.6,0.69,1
bonus1,39.6,0.744,1
bonus1,39.6,0.757,1
bonus1,39.6,0.784,1
bonus1,39.6,0.791,1
bonus1,39.6,0.798,1
bonus1,39.6,0.813,1
bonus1,39.6,0.837,1
bonus1,39.6,0.845,2
bonus1,39.6,0.879,1
bonus1,39.6,0.906,2
bonus1,39.6,0.926,1
bonus1,39.6,0.946,1
bonus1,39.7,0.635,1
bonus1,39.7,0.719,1
bonus1,39.7,0.757,1
bonus1,39.7,0.784,1
bonus1,39.7,0.791,1
bonus1,39.7,0.806,1
bonus1,39.7,0.829,1
bonus1,39.7,0.861,1
bonus1,39.7,0.87,1
bonus1,39.7,0.879,2
bonus1,39.7,0.897,1
bonus1,39.7,0.916,1
bonus1,39.7,0.935,1
bonus1,39.7,0.956,1
bonus1,39.7,0.978,1
bonus1,39.8,0.744,1
bonus1,39.8,0.829,1
bonus1,39.8,0.861,1
bonus1,39.8,0.87,2
bonus1,39.8,0.879,1
bonus1,39.8,0.906,1
bonus1,39.8,0.916,2
bonus1,39.8,0.926,2
bonus1,39.8,0.935,1
bonus1,39.8,0.978,1
bonus1,39.9,0.784,1
bonus1,39.9,0.916,1
bonus1,39.9,0.935,1
bonus1,39.9,0.956,2
bonus1,40,0.897,1
bonus1,40,0.906,1
bonus1,40,0.916,3
bonus1,40,0.935,1
bonus1,40.1,0.509,1
bonus1,40.1,0.77,1
bonus1,40.1,0.806,1
bonus1,40.1,0.813,1
bonus1,40.1,0.821,1
bonus1,40.1,0.861,1
bonus1,40.1,0.879,2
bonus1,40.1,0.888,1
bonus1,40.1,0.916,2
bonus1,40.2,0.707,1
bonus1,40.2,0.763,2
bonus1,40.2,0.798,1
bonus1,40.2,0.861,1
bonus1,40.2,0.897,1
bonus1,40.2,0.916,2
bonus1,40.2,0.935,2
bonus1,40.3,0.784,1
bonus1,40.3,0.829,1
bonus1,40.3,0.845,1
bonus1,40.3,0.888,2
bonus1,40.3,0.897,2
bonus1,40.3,0.935,2
bonus1,40.4,0.613,1
bonus1,40.4,0.813,1
bonus1,40.4,0.829,2
bonus1,40.4,0.87,3
bonus1,40.4,0.879,1
bonus1,40.4,0.888,1
bonus1,40.4,0.897,2
bonus1,40.4,0.926,1
bonus1,40.4,0.935,1
bonus1,40.4,0.946,1
bonus1,40.5,0.784,1
bonus1,40.5,0.791,1
bonus1,40.5,0.798,1
bonus1,40.5,0.845,1
bonus1,40.5,0.888,1
bonus1,40.5,0.897,2
bonus1,40.5,0.906,1
bonus1,40.5,0.926,1
bonus1,40.5,0.935,1
bonus1,40.6,0.763,1
bonus1,40.6,0.784,1
bonus1,40.6,0.806,1
bonus1,40.6,0.888,1
bonus1,40.6,0.897,2
bonus1,40.6,0.906,1
bonus1,40.6,0.916,1
bonus1,40.6,0.956,2
bonus1,40.7,0.649,1
bonus1,40.7,0.784,1
bonus1,40.7,0.829,2
bonus1,40.7,0.861,1
bonus1,40.7,0.87,1
bonus1,40.7,0.879,1
bonus1,40.7,0.897,3
bonus1,40.7,0.906,1
bonus1,40.7,0.926,1
bonus1,40.7,0.935,2
bonus1,40.7,0.956,1
bonus1,40.8,0.757,1
bonus1,40.8,0.829,1
bonus1,40.8,0.837,1
bonus1,40.8,0.845,1
bonus1,40.8,0.853,1
bonus1,40.8,0.879,2
bonus1,40.8,0.897,1
bonus1,40.8,0.935,1
bonus1,40.8,0.946,1
bonus1,40.8,0.956,2
bonus1,40.9,0.69,1
bonus1,40.9,0.829,1
bonus1,40.9,0.845,2
bonus1,40.9,0.861,2
bonus1,40.9,0.879,1
bonus1,40.9,0.897,2
bonus1,40.9,0.906,2
bonus1,40.9,0.916,1
bonus1,40.9,0.956,2
bonus1,41,0.731,1
bonus1,41,0.757,1
bonus1,41,0.791,1
bonus1,41,0.897,1
bonus1,41,0.906,1
bonus1,41,0.916,2
bonus1,41,0.926,2
bonus1,41,0.946,1
bonus1,41,0.956,1
bonus1,41.1,0.784,1
bonus1,41.1,0.798,1
bonus1,41.1,0.813,1
bonus1,41.1,0.837,1
bonus1,41.1,0.861,1
bonus1,41.1,0.87,1
bonus1,41.1,0.897,1
bonus1,41.1,0.916,1
bonus1,41.1,0.935,1
bonus1,41.1,0.946,1
bonus1,41.2,0.813,1
bonus1,41.2,0.821,1
bonus1,41.2,0.829,2
bonus1,41.2,0.837,1
bonus1,41.2,0.845,1
bonus1,41.2,0.853,1
bonus1,41.2,0.861,1
bonus1,41.2,0.87,1
bonus1,41.2,0.879,1
bonus1,41.2,0.916,1
bonus1,41.2,0.926,1
bonus1,41.2,0.935,1
bonus1,41.2,0.956,1
bonus1,41.3,0.916,1
bonus1,41.3,0.926,1
bonus1,41.3,0.935,1
bonus1,41.3,0.956,1
bonus1,41.3,0.978,1
bonus1,41.4,0.696,1
bonus1,41.4,0.763,1
bonus1,41.4,0.813,2
bonus1,41.4,0.845,1
bonus1,41.4,0.861,2
bonus1,41.4,0.879,1
bonus1,41.4,0.897,1
bonus1,41.4,0.906,1
bonus1,41.4,0.916,2
bonus1,41.4,0.935,1
bonus1,41.5,0.744,1
bonus1,41.5,0.77,1
bonus1,41.5,0.829,1
bonus1,41.5,0.853,1
bonus1,41.5,0.861,1
bonus1,41.5,0.879,1
bonus1,41.5,0.897,2
bonus1,41.5,0.926,1
bonus1,41.5,0.935,1
bonus1,41.6,0.608,1
bonus1,41.6,0.77,1
bonus1,41.6,0.829,1
bonus1,41.6,0.845,1
bonus1,41.6,0.861,2
bonus1,41.6,0.879,1
bonus1,41.6,0.897,1
bonus1,41.6,0.906,1
bonus1,41.6,0.916,1
bonus1,41.6,0.926,3
bonus1,41.6,0.935,1
bonus1,41.6,0.946,1
bonus1,41.6,0.978,2
bonus1,41.7,0.707,1
bonus1,41.7,0.731,1
bonus1,41.7,0.744,1
bonus1,41.7,0.845,1
bonus1,41.7,0.861,1
bonus1,41.7,0.879,1
bonus1,41.7,0.926,1
bonus1,41.7,0.956,1
bonus1,41.7,0.978,1
bonus1,41.8,0.744,1
bonus1,41.8,0.813,1
bonus1,41.8,0.861,2
bonus1,41.8,0.888,1
bonus1,41.8,0.956,1
bonus1,41.9,0.784,1
bonus1,41.9,0.821,1
bonus1,41.9,0.888,1
bonus1,41.9,0.897,1
bonus1,41.9,0.935,2
bonus1,42,0.737,1
bonus1,42,0.784,1
bonus1,42,0.821,1
bonus1,42,0.829,1
bonus1,42,0.845,1
bonus1,42,0.861,1
bonus1,42,0.87,1
bonus1,42,0.897,2
bonus1,42,0.916,1
bonus1,42,0.956,1
bonus1,42,0.978,1
bonus1,42.1,0.674,1
bonus1,42.1,0.798,1
bonus1,42.1,0.837,1
bonus1,42.1,0.845,1
bonus1,42.1,0.861,2
bonus1,42.1,0.87,1
bonus1,42.1,0.879,2
bonus1,42.1,0.897,1
bonus1,42.1,0.926,1
bonus1,42.1,0.935,1
bonus1,42.2,0.757,2
bonus1,42.2,0.77,1
bonus1,42.2,0.798,1
bonus1,42.2,0.813,1
bonus1,42.2,0.821,1
bonus1,42.2,0.829,1
bonus1,42.2,0.845,2
bonus1,42.2,0.861,2
bonus1,42.2,0.879,1
bonus1,42.2,0.916,2
bonus1,42.3,0.744,1
bonus1,42.3,0.757,1
bonus1,42.3,0.763,1
bonus1,42.3,0.798,1
bonus1,42.3,0.813,1
bonus1,42.3,0.861,2
bonus1,42.3,0.888,1
bonus1,42.3,0.897,2
bonus1,42.3,0.916,1
bonus1,42.3,0.926,1
bonus1,42.4,0.763,1
bonus1,42.4,0.837,1
bonus1,42.4,0.87,1
bonus1,42.4,0.897,1
bonus1,42.4,0.916,3
bonus1,42.4,0.926,3
bonus1,42.4,0.935,1
bonus1,42.4,0.956,1
bonus1,42.5,0.798,1
bonus1,42.5,0.813,1
bonus1,42.5,0.845,1
bonus1,42.5,0.861,1
bonus1,42.5,0.87,1
bonus1,42.5,0.888,1
bonus1,42.5,0.897,3
bonus1,42.5,0.935,1
bonus1,42.5,0.956,1
bonus1,42.5,0.967,1
bonus1,42.6,0.69,1
bonus1,42.6,0.798,1
bonus1,42.6,0.806,1
bonus1,42.6,0.821,1
bonus1,42.6,0.845,1
bonus1,42.6,0.853,1
bonus1,42.6,0.87,1
bonus1,42.6,0.879,2
bonus1,42.6,0.916,1
bonus1,42.6,0.926,1
bonus1,42.6,0.935,2
bonus1,42.7,0.669,1
bonus1,42.7,0.763,1
bonus1,42.7,0.77,1
bonus1,42.7,0.791,1
bonus1,42.7,0.798,1
bonus1,42.7,0.845,2
bonus1,42.7,0.853,1
bonus1,42.7,0.897,1
bonus1,42.7,0.916,1
bonus1,42.7,0.926,1
bonus1,42.7,0.935,1
bonus1,42.8,0.806,1
bonus1,42.8,0.813,1
bonus1,42.8,0.853,1
bonus1,42.8,0.87,1
bonus1,42.8,0.879,1
bonus1,42.8,0.897,1
bonus1,42.8,0.906,1
bonus1,42.8,0.916,1
bonus1,42.8,0.967,1
bonus1,42.9,0.777,1
bonus1,42.9,0.837,1
bonus1,42.9,0.845,1
bonus1,42.9,0.861,1
bonus1,42.9,0.879,2
bonus1,42.9,0.897,2
bonus1,42.9,0.935,2
bonus1,42.9,0.946,1
bonus1,42.9,0.967,1
bonus1,42.9,0.978,1
bonus1,43,0.845,1
bonus1,43,0.897,1
bonus1,43,0.935,2
bonus1,43.1,0.791,1
bonus1,43.1,0.813,1
bonus1,43.1,0.829,1
bonus1,43.1,0.879,1
bonus1,43.1,0.888,1
bonus1,43.1,0.897,1
bonus1,43.1,0.906,2
bonus1,43.1,0.916,2
bonus1,43.1,0.935,1
bonus1,43.2,0.784,1
bonus1,43.2,0.791,1
bonus1,43.2,0.798,1
bonus1,43.2,0.829,1
bonus1,43.2,0.861,2
bonus1,43.2,0.87,1
bonus1,43.2,0.879,1
bonus1,43.2,0.888,2
bonus1,43.2,0.897,2
bonus1,43.2,0.916,2
bonus1,43.2,0.926,1
bonus1,43.2,0.935,1
bonus1,43.2,0.956,1
bonus1,43.3,0.707,1
bonus1,43.3,0.719,1
bonus1,43.3,0.77,1
bonus1,43.3,0.798,1
bonus1,43.3,0.813,3
bonus1,43.3,0.821,1
bonus1,43.3,0.829,1
bonus1,43.3,0.861,1
bonus1,43.3,0.879,3
bonus1,43.3,0.897,1
bonus1,43.3,0.916,3
bonus1,43.3,0.926,1
bonus1,43.3,0.946,1
bonus1,43.3,0.967,1
bonus1,43.4,0.654,1
bonus1,43.4,0.707,1
bonus1,43.4,0.77,1
bonus1,43.4,0.798,1
bonus1,43.4,0.806,1
bonus1,43.4,0.845,1
bonus1,43.4,0.853,2
bonus1,43.4,0.879,1
bonus1,43.4,0.888,1
bonus1,43.4,0.897,1
bonus1,43.4,0.916,1
bonus1,43.4,0.926,1
bonus1,43.4,0.967,1
bonus1,43.5,0.696,1
bonus1,43.5,0.829,1
bonus1,43.5,0.845,1
bonus1,43.5,0.853,1
bonus1,43.5,0.879,2
bonus1,43.5,0.897,2
bonus1,43.5,0.916,3
bonus1,43.5,0.926,1
bonus1,43.5,0.935,2
bonus1,43.5,0.967,1
bonus1,43.6,0.731,1
bonus1,43.6,0.821,1
bonus1,43.6,0.829,2
bonus1,43.6,0.853,1
bonus1,43.6,0.87,1
bonus1,43.6,0.879,3
bonus1,43.6,0.888,1
bonus1,43.6,0.897,1
bonus1,43.6,0.906,2
bonus1,43.6,0.916,1
bonus1,43.6,0.935,1
bonus1,43.7,0.707,1
bonus1,43.7,0.798,1
bonus1,43.7,0.821,1
bonus1,43.7,0.829,2
bonus1,43.7,0.837,1
bonus1,43.7,0.861,2
bonus1,43.7,0.897,1
bonus1,43.7,0.906,1
bonus1,43.7,0.916,1
bonus1,43.7,0.935,2
bonus1,43.7,0.956,1
bonus1,43.8,0.813,3
bonus1,43.8,0.861,1
bonus1,43.8,0.888,1
bonus1,43.8,0.897,1
bonus1,43.8,0.916,1
bonus1,43.8,0.935,1
bonus1,43.8,0.946,1
bonus1,43.8,0.967,1
bonus1,43.9,0.744,1
bonus1,43.9,0.757,2
bonus1,43.9,0.784,1
bonus1,43.9,0.791,1
bonus1,43.9,0.829,1
bonus1,43.9,0.837,1
bonus1,43.9,0.845,1
bonus1,43.9,0.853,1
bonus1,43.9,0.861,1
bonus1,43.9,0.87,2
bonus1,43.9,0.879,1
bonus1,43.9,0.906,1
bonus1,43.9,0.946,1
bonus1,44,0.725,1
bonus1,44,0.777,1
bonus1,44,0.784,1
bonus1,44,0.791,1
bonus1,44,0.798,2
bonus1,44,0.806,1
bonus1,44,0.821,1
bonus1,44,0.837,1
bonus1,44,0.845,1
bonus1,44,0.87,1
bonus1,44,0.897,6
bonus1,44,0.906,1
bonus1,44,0.916,1
bonus1,44,0.946,1
bonus1,44.1,0.731,1
bonus1,44.1,0.763,1
bonus1,44.1,0.813,1
bonus1,44.1,0.845,3
bonus1,44.1,0.853,1
bonus1,44.1,0.861,1
bonus1,44.1,0.906,1
bonus1,44.1,0.926,1
bonus1,44.1,0.935,1
bonus1,44.1,0.946,1
bonus1,44.1,0.956,2
bonus1,44.1,0.978,1
bonus1,44.2,0.798,1
bonus1,44.2,0.806,2
bonus1,44.2,0.821,1
bonus1,44.2,0.897,3
bonus1,44.3,0.664,1
bonus1,44.3,0.837,1
bonus1,44.3,0.845,2
bonus1,44.3,0.853,1
bonus1,44.3,0.861,1
bonus1,44.3,0.879,1
bonus1,44.3,0.888,1
bonus1,44.3,0.897,1
bonus1,44.3,0.935,1
bonus1,44.3,0.946,1
bonus1,44.3,0.956,3
bonus1,44.4,0.731,1
bonus1,44.4,0.837,2
bonus1,44.4,0.87,1
bonus1,44.4,0.897,1
bonus1,44.4,0.906,1
bonus1,44.4,0.916,2
bonus1,44.4,0.926,1
bonus1,44.4,0.935,1
bonus1,44.4,0.956,1
bonus1,44.4,0.978,1
bonus1,44.5,0.674,1
bonus1,44.5,0.777,1
bonus1,44.5,0.784,1
bonus1,44.5,0.791,1
bonus1,44.5,0.845,1
bonus1,44.5,0.888,2
bonus1,44.5,0.897,1
bonus1,44.5,0.926,1
bonus1,44.5,0.935,1
bonus1,44.6,0.737,1
bonus1,44.6,0.784,1
bonus1,44.6,0.791,1
bonus1,44.6,0.798,2
bonus1,44.6,0.845,2
bonus1,44.6,0.853,1
bonus1,44.6,0.861,1
bonus1,44.6,0.87,1
bonus1,44.6,0.879,1
bonus1,44.6,0.897,2
bonus1,44.6,0.906,2
bonus1,44.6,0.946,2
bonus1,44.7,0.77,1
bonus1,44.7,0.798,1
bonus1,44.7,0.813,1
bonus1,44.7,0.829,1
bonus1,44.7,0.837,1
bonus1,44.7,0.853,1
bonus1,44.7,0.861,1
bonus1,44.7,0.879,2
bonus1,44.7,0.897,2
bonus1,44.7,0.906,2
bonus1,44.7,0.916,3
bonus1,44.7,0.935,1
bonus1,44.7,0.946,1
bonus1,44.7,0.956,1
bonus1,44.8,0.784,2
bonus1,44.8,0.798,1
bonus1,44.8,0.806,1
bonus1,44.8,0.845,1
bonus1,44.8,0.861,2
bonus1,44.8,0.87,1
bonus1,44.8,0.879,3
bonus1,44.8,0.888,2
bonus1,44.8,0.897,1
bonus1,44.8,0.916,5
bonus1,44.8,0.926,1
bonus1,44.8,0.935,2
bonus1,44.8,0.978,1
bonus1,44.9,0.737,1
bonus1,44.9,0.845,1
bonus1,44.9,0.853,2
bonus1,44.9,0.861,1
bonus1,44.9,0.87,1
bonus1,44.9,0.879,1
bonus1,44.9,0.906,2
bonus1,44.9,0.935,1
bonus1,44.9,0.946,1
bonus1,45,0.674,1
bonus1,45,0.821,1
bonus1,45,0.853,2
bonus1,45,0.861,3
bonus1,45,0.879,1
bonus1,45,0.888,1
bonus1,45,0.897,1
bonus1,45,0.906,2
bonus1,45,0.926,2
bonus1,45,0.935,1
bonus1,45,0.946,3
bonus1,45.1,0.791,1
bonus1,45.1,0.829,1
bonus1,45.1,0.861,3
bonus1,45.1,0.888,1
bonus1,45.1,0.897,1
bonus1,45.1,0.926,1
bonus1,45.2,0.707,1
bonus1,45.2,0.719,1
bonus1,45.2,0.763,1
bonus1,45.2,0.798,2
bonus1,45.2,0.829,2
bonus1,45.2,0.845,1
bonus1,45.2,0.853,1
bonus1,45.2,0.879,3
bonus1,45.2,0.888,1
bonus1,45.2,0.897,1
bonus1,45.2,0.916,1
bonus1,45.2,0.935,1
bonus1,45.3,0.635,1
bonus1,45.3,0.75,1
bonus1,45.3,0.77,1
bonus1,45.3,0.784,3
bonus1,45.3,0.813,2
bonus1,45.3,0.829,1
bonus1,45.3,0.845,2
bonus1,45.3,0.861,1
bonus1,45.3,0.897,1
bonus1,45.3,0.906,1
bonus1,45.3,0.916,1
bonus1,45.3,0.935,1
bonus1,45.3,0.956,1
bonus1,45.4,0.744,1
bonus1,45.4,0.791,2
bonus1,45.4,0.821,1
bonus1,45.4,0.837,1
bonus1,45.4,0.861,1
bonus1,45.4,0.879,2
bonus1,45.4,0.916,1
bonus1,45.4,0.926,2
bonus1,45.4,0.935,2
bonus1,45.4,0.956,1
bonus1,45.5,0.906,1
bonus1,45.5,0.916,1
bonus1,45.5,0.935,2
bonus1,45.5,0.967,1
bonus1,45.6,0.669,1
bonus1,45.6,0.731,1
bonus1,45.6,0.757,1
bonus1,45.6,0.777,1
bonus1,45.6,0.798,1
bonus1,45.6,0.806,1
bonus1,45.6,0.861,3
bonus1,45.6,0.879,1
bonus1,45.6,0.897,2
bonus1,45.6,0.935,1
bonus1,45.7,0.685,1
bonus1,45.7,0.696,1
bonus1,45.7,0.702,1
bonus1,45.7,0.731,1
bonus1,45.7,0.757,1
bonus1,45.7,0.784,1
bonus1,45.7,0.829,2
bonus1,45.7,0.845,2
bonus1,45.7,0.861,1
bonus1,45.7,0.87,1
bonus1,45.7,0.879,1
bonus1,45.7,0.906,1
bonus1,45.7,0.916,1
bonus1,45.7,0.935,1
bonus1,45.7,0.956,1
bonus1,45.7,0.978,1
bonus1,45.8,0.744,1
bonus1,45.8,0.87,2
bonus1,45.8,0.906,2
bonus1,45.8,0.956,1
bonus1,45.9,0.784,1
bonus1,45.9,0.798,1
bonus1,45.9,0.813,1
bonus1,45.9,0.829,1
bonus1,45.9,0.845,3
bonus1,45.9,0.861,2
bonus1,45.9,0.87,2
bonus1,45.9,0.879,1
bonus1,45.9,0.897,1
bonus1,45.9,0.916,1
bonus1,45.9,0.926,1
bonus1,45.9,0.946,1
bonus1,45.9,0.989,1
bonus1,46,0.744,1
bonus1,46,0.806,1
bonus1,46,0.829,1
bonus1,46,0.837,2
bonus1,46,0.845,1
bonus1,46,0.879,1
bonus1,46,0.906,1
bonus1,46,0.916,2
bonus1,46,0.978,1
bonus1,46.1,0.617,1
bonus1,46.1,0.744,1
bonus1,46.1,0.845,1
bonus1,46.1,0.861,1
bonus1,46.1,0.897,1
bonus1,46.1,0.916,2
bonus1,46.1,0.926,1
bonus1,46.1,0.935,1
bonus1,46.1,0.978,1
bonus1,46.2,0.64,1
bonus1,46.2,0.777,1
bonus1,46.2,0.813,1
bonus1,46.2,0.821,2
bonus1,46.2,0.829,1
bonus1,46.2,0.845,1
bonus1,46.2,0.853,1
bonus1,46.2,0.861,3
bonus1,46.2,0.888,1
bonus1,46.2,0.935,1
bonus1,46.2,0.956,2
bonus1,46.2,0.978,1
bonus1,46.3,0.77,1
bonus1,46.3,0.806,1
bonus1,46.3,0.829,2
bonus1,46.3,0.845,1
bonus1,46.3,0.879,3
bonus1,46.3,0.888,1
bonus1,46.3,0.926,1
bonus1,46.3,0.956,2
bonus1,46.4,0.763,1
bonus1,46.4,0.87,1
bonus1,46.4,0.879,3
bonus1,46.4,0.897,2
bonus1,46.4,0.926,1
bonus1,46.4,0.946,1
bonus1,46.4,0.956,3
bonus1,46.4,0.978,1
bonus1,46.5,0.696,1
bonus1,46.5,0.75,1
bonus1,46.5,0.757,1
bonus1,46.5,0.861,2
bonus1,46.5,0.879,1
bonus1,46.5,0.888,1
bonus1,46.5,0.897,2
bonus1,46.5,0.926,2
bonus1,46.5,0.946,1
bonus1,46.5,0.956,1
bonus1,46.6,0.744,1
bonus1,46.6,0.837,1
bonus1,46.6,0.87,2
bonus1,46.6,0.906,1
bonus1,46.6,0.926,2
bonus1,46.6,0.935,3
bonus1,46.6,0.946,1
bonus1,46.6,0.978,1
bonus1,46.7,0.777,1
bonus1,46.7,0.806,1
bonus1,46.7,0.829,1
bonus1,46.7,0.837,1
bonus1,46.7,0.87,1
bonus1,46.7,0.879,4
bonus1,46.7,0.916,1
bonus1,46.7,0.946,1
bonus1,46.7,0.956,1
bonus1,46.8,0.757,1
bonus1,46.8,0.813,1
bonus1,46.8,0.829,1
bonus1,46.8,0.845,1
bonus1,46.8,0.861,1
bonus1,46.8,0.879,2
bonus1,46.8,0.897,1
bonus1,46.8,0.926,1
bonus1,46.8,0.935,1
bonus1,46.9,0.713,1
bonus1,46.9,0.737,1
bonus1,46.9,0.806,1
bonus1,46.9,0.813,1
bonus1,46.9,0.837,2
bonus1,46.9,0.861,1
bonus1,46.9,0.916,1
bonus1,46.9,0.935,2
bonus1,46.9,0.956,1
bonus1,47,0.77,1
bonus1,47,0.87,1
bonus1,47,0.879,1
bonus1,47,0.906,1
bonus1,47,0.916,2
bonus1,47,0.935,2
bonus1,47,0.946,1
bonus1,47,0.978,1
bonus1,47.1,0.674,1
bonus1,47.1,0.696,1
bonus1,47.1,0.813,1
bonus1,47.1,0.829,1
bonus1,47.1,0.853,2
bonus1,47.1,0.861,2
bonus1,47.1,0.87,1
bonus1,47.1,0.888,1
bonus1,47.1,0.897,2
bonus1,47.1,0.906,1
bonus1,47.1,0.916,1
bonus1,47.1,0.935,1
bonus1,47.1,0.956,2
bonus1,47.2,0.777,2
bonus1,47.2,0.813,1
bonus1,47.2,0.829,1
bonus1,47.2,0.837,1
bonus1,47.2,0.853,1
bonus1,47.2,0.888,2
bonus1,47.2,0.897,2
bonus1,47.2,0.916,2
bonus1,47.2,0.926,3
bonus1,47.2,0.935,1
bonus1,47.2,0.967,1
bonus1,47.3,0.837,1
bonus1,47.3,0.845,1
bonus1,47.3,0.853,1
bonus1,47.3,0.861,1
bonus1,47.3,0.888,1
bonus1,47.3,0.897,1
bonus1,47.3,0.906,1
bonus1,47.3,0.916,1
bonus1,47.3,0.935,1
bonus1,47.3,0.956,2
bonus1,47.4,0.584,1
bonus1,47.4,0.744,1
bonus1,47.4,0.813,1
bonus1,47.4,0.837,1
bonus1,47.4,0.845,2
bonus1,47.4,0.861,1
bonus1,47.4,0.87,5
bonus1,47.4,0.879,2
bonus1,47.4,0.926,1
bonus1,47.5,0.784,1
bonus1,47.5,0.829,2
bonus1,47.5,0.853,1
bonus1,47.5,0.861,2
bonus1,47.5,0.87,1
bonus1,47.5,0.888,2
bonus1,47.5,0.897,2
bonus1,47.5,0.906,2
bonus1,47.5,0.946,1
bonus1,47.5,0.956,1
bonus1,47.6,0.696,1
bonus1,47.6,0.798,1
bonus1,47.6,0.829,1
bonus1,47.6,0.837,1
bonus1,47.6,0.853,1
bonus1,47.6,0.861,2
bonus1,47.6,0.879,1
bonus1,47.6,0.897,2
bonus1,47.6,0.906,1
bonus1,47.6,0.916,2
bonus1,47.6,0.926,2
bonus1,47.6,0.935,4
bonus1,47.6,0.956,1
bonus1,47.7,0.731,1
bonus1,47.7,0.763,1
bonus1,47.7,0.813,1
bonus1,47.7,0.837,1
bonus1,47.7,0.845,1
bonus1,47.7,0.853,1
bonus1,47.7,0.861,1
bonus1,47.7,0.879,1
bonus1,47.7,0.897,2
bonus1,47.7,0.906,1
bonus1,47.7,0.916,1
bonus1,47.7,0.926,1
bonus1,47.7,0.935,2
bonus1,47.7,0.946,2
bonus1,47.7,0.956,1
bonus1,47.7,0.989,1
bonus1,47.8,0.791,1
bonus1,47.8,0.806,2
bonus1,47.8,0.829,1
bonus1,47.8,0.837,1
bonus1,47.8,0.845,1
bonus1,47.8,0.879,2
bonus1,47.8,0.888,1
bonus1,47.8,0.897,2
bonus1,47.8,0.916,1
bonus1,47.8,0.926,1
bonus1,47.8,0.956,2
bonus1,47.9,0.763,1
bonus1,47.9,0.77,1
bonus1,47.9,0.829,1
bonus1,47.9,0.861,1
bonus1,47.9,0.87,2
bonus1,47.9,0.879,1
bonus1,47.9,0.888,1
bonus1,47.9,0.935,4
bonus1,47.9,0.946,1
bonus1,48,0.784,2
bonus1,48,0.806,1
bonus1,48,0.821,1
bonus1,48,0.861,2
bonus1,48,0.879,1
bonus1,48,0.916,1
bonus1,48,0.935,2
bonus1,48.1,0.626,1
bonus1,48.1,0.861,1
bonus1,48.1,0.888,1
bonus1,48.1,0.956,1
bonus1,48.1,0.967,1
bonus1,48.1,0.978,1
bonus1,48.2,0.719,1
bonus1,48.2,0.757,1
bonus1,48.2,0.821,2
bonus1,48.2,0.829,1
bonus1,48.2,0.897,1
bonus1,48.2,0.926,1
bonus1,48.2,0.935,1
bonus1,48.2,0.956,2
bonus1,48.3,0.744,1
bonus1,48.3,0.813,1
bonus1,48.3,0.837,1
bonus1,48.3,0.845,1
bonus1,48.3,0.897,4
bonus1,48.3,0.906,2
bonus1,48.3,0.935,2
bonus1,48.4,0.763,1
bonus1,48.4,0.845,1
bonus1,48.4,0.853,1
bonus1,48.4,0.861,2
bonus1,48.4,0.879,3
bonus1,48.4,0.897,1
bonus1,48.4,0.906,3
bonus1,48.4,0.916,3
bonus1,48.4,0.946,2
bonus1,48.5,0.77,1
bonus1,48.5,0.821,1
bonus1,48.5,0.853,1
bonus1,48.5,0.861,1
bonus1,48.5,0.87,1
bonus1,48.5,0.879,1
bonus1,48.5,0.906,1
bonus1,48.5,0.916,1
bonus1,48.5,0.926,2
bonus1,48.5,0.935,1
bonus1,48.5,0.956,3
bonus1,48.6,0.777,1
bonus1,48.6,0.784,2
bonus1,48.6,0.791,2
bonus1,48.6,0.853,1
bonus1,48.6,0.897,2
bonus1,48.6,0.916,1
bonus1,48.6,0.935,1
bonus1,48.6,0.946,1
bonus1,48.7,0.696,1
bonus1,48.7,0.77,1
bonus1,48.7,0.813,1
bonus1,48.7,0.829,1
bonus1,48.7,0.837,3
bonus1,48.7,0.87,1
bonus1,48.7,0.879,1
bonus1,48.7,0.897,1
bonus1,48.7,0.906,1
bonus1,48.7,0.916,2
bonus1,48.7,0.935,3
bonus1,48.7,0.956,1
bonus1,48.7,0.978,1
bonus1,48.8,0.626,1
bonus1,48.8,0.725,1
bonus1,48.8,0.821,1
bonus1,48.8,0.845,1
bonus1,48.8,0.861,2
bonus1,48.8,0.879,1
bonus1,48.8,0.888,1
bonus1,48.8,0.897,1
bonus1,48.8,0.906,1
bonus1,48.8,0.935,2
bonus1,48.8,0.967,1
bonus1,48.9,0.806,2
bonus1,48.9,0.845,1
bonus1,48.9,0.853,2
bonus1,48.9,0.861,1
bonus1,48.9,0.897,1
bonus1,48.9,0.916,1
bonus1,48.9,0.926,1
bonus1,48.9,0.935,2
bonus1,49,0.763,1
bonus1,49,0.798,1
bonus1,49,0.853,1
bonus1,49,0.87,2
bonus1,49,0.879,1
bonus1,49,0.888,3
bonus1,49,0.916,2
bonus1,49,0.926,2
bonus1,49,0.946,2
bonus1,49,0.956,1
bonus1,49,0.978,2
bonus1,49.1,0.725,1
bonus1,49.1,0.798,1
bonus1,49.1,0.861,1
bonus1,49.1,0.897,2
bonus1,49.1,0.906,2
bonus1,49.1,0.916,2
bonus1,49.1,0.926,1
bonus1,49.1,0.935,2
bonus1,49.1,0.956,1
bonus1,49.2,0.757,1
bonus1,49.2,0.777,1
bonus1,49.2,0.798,1
bonus1,49.2,0.821,1
bonus1,49.2,0.845,1
bonus1,49.2,0.861,2
bonus1,49.2,0.87,1
bonus1,49.2,0.897,1
bonus1,49.2,0.916,2
bonus1,49.2,0.926,2
bonus1,49.3,0.744,2
bonus1,49.3,0.806,2
bonus1,49.3,0.837,1
bonus1,49.3,0.845,2
bonus1,49.3,0.861,1
bonus1,49.3,0.879,2
bonus1,49.3,0.888,1
bonus1,49.3,0.897,1
bonus1,49.3,0.916,1
bonus1,49.3,0.926,2
bonus1,49.3,0.935,2
bonus1,49.4,0.713,1
bonus1,49.4,0.763,1
bonus1,49.4,0.784,1
bonus1,49.4,0.806,1
bonus1,49.4,0.845,1
bonus1,49.4,0.861,1
bonus1,49.4,0.87,1
bonus1,49.4,0.935,5
bonus1,49.4,0.967,1
bonus1,49.5,0.654,1
bonus1,49.5,0.77,2
bonus1,49.5,0.784,1
bonus1,49.5,0.813,1
bonus1,49.5,0.837,1
bonus1,49.5,0.845,1
bonus1,49.5,0.861,2
bonus1,49.5,0.879,1
bonus1,49.5,0.888,1
bonus1,49.5,0.906,1
bonus1,49.5,0.916,2
bonus1,49.5,0.935,1
bonus1,49.5,0.946,1
bonus1,49.5,0.956,1
bonus1,49.5,0.978,2
bonus1,49.6,0.719,1
bonus1,49.6,0.798,1
bonus1,49.6,0.821,2
bonus1,49.6,0.845,1
bonus1,49.6,0.861,1
bonus1,49.6,0.87,1
bonus1,49.6,0.879,1
bonus1,49.6,0.897,1
bonus1,49.6,0.906,2
bonus1,49.6,0.916,2
bonus1,49.6,0.926,1
bonus1,49.6,0.956,1
bonus1,49.6,0.967,1
bonus1,49.7,0.798,1
bonus1,49.7,0.87,1
bonus1,49.7,0.879,1
bonus1,49.7,0.916,2
bonus1,49.7,0.935,3
bonus1,49.7,0.967,1
bonus1,49.8,0.731,1
bonus1,49.8,0.75,1
bonus1,49.8,0.784,1
bonus1,49.8,0.821,1
bonus1,49.8,0.888,2
bonus1,49.8,0.916,1
bonus1,49.8,0.926,1
bonus1,49.9,0.569,1
bonus1,49.9,0.737,1
bonus1,49.9,0.77,1
bonus1,49.9,0.821,1
bonus1,49.9,0.845,1
bonus1,49.9,0.853,1
bonus1,49.9,0.87,1
bonus1,49.9,0.879,2
bonus1,49.9,0.888,2
bonus1,49.9,0.897,1
bonus1,49.9,0.916,1
bonus1,49.9,0.926,1
bonus1,49.9,0.935,2
bonus1,49.9,0.956,2
bonus1,50,0.719,1
bonus1,50,0.784,1
bonus1,50,0.813,1
bonus1,50,0.829,1
bonus1,50,0.845,1
bonus1,50,0.879,1
bonus1,50,0.897,1
bonus1,50,0.906,1
bonus1,50,0.935,2
bonus1,50,0.956,1
bonus1,50,0.978,1
bonus1,50.1,0.813,2
bonus1,50.1,0.845,1
bonus1,50.1,0.861,1
bonus1,50.1,0.879,1
bonus1,50.1,0.897,2
bonus1,50.1,0.926,1
bonus1,50.1,0.956,1
bonus1,50.2,0.725,1
bonus1,50.2,0.757,1
bonus1,50.2,0.784,1
bonus1,50.2,0.87,4
bonus1,50.2,0.879,1
bonus1,50.2,0.888,1
bonus1,50.2,0.897,1
bonus1,50.2,0.916,1
bonus1,50.2,0.935,2
bonus1,50.2,0.956,2
bonus1,50.3,0.763,1
bonus1,50.3,0.784,1
bonus1,50.3,0.813,1
bonus1,50.3,0.845,2
bonus1,50.3,0.861,2
bonus1,50.3,0.879,2
bonus1,50.3,0.888,2
bonus1,50.3,0.897,1
bonus1,50.3,0.916,1
bonus1,50.3,0.935,1
bonus1,50.3,0.967,1
bonus1,50.4,0.707,1
bonus1,50.4,0.798,1
bonus1,50.4,0.813,2
bonus1,50.4,0.821,1
bonus1,50.4,0.829,1
bonus1,50.4,0.861,2
bonus1,50.4,0.879,1
bonus1,50.4,0.888,1
bonus1,50.4,0.897,1
bonus1,50.4,0.906,1
bonus1,50.4,0.916,1
bonus1,50.4,0.946,2
bonus1,50.4,0.956,3
bonus1,50.4,0.967,1
bonus1,50.5,0.719,1
bonus1,50.5,0.757,1
bonus1,50.5,0.861,1
bonus1,50.5,0.87,1
bonus1,50.5,0.879,4
bonus1,50.5,0.897,2
bonus1,50.5,0.935,2
bonus1,50.5,0.956,1
bonus1,50.6,0.702,1
bonus1,50.6,0.813,1
bonus1,50.6,0.829,1
bonus1,50.6,0.837,1
bonus1,50.6,0.916,2
bonus1,50.6,0.926,2
bonus1,50.6,0.956,1
bonus1,50.7,0.821,2
bonus1,50.7,0.926,1
bonus1,50.7,0.935,1
bonus1,50.7,0.956,1
bonus1,50.8,0.69,1
bonus1,50.8,0.731,1
bonus1,50.8,0.791,1
bonus1,50.8,0.798,1
bonus1,50.8,0.821,1
bonus1,50.8,0.853,1
bonus1,50.8,0.861,1
bonus1,50.8,0.916,2
bonus1,50.8,0.926,1
bonus1,50.8,0.935,2
bonus1,50.8,0.946,1
bonus1,50.8,0.956,2
bonus1,50.8,0.989,1
bonus1,50.9,0.696,1
bonus1,50.9,0.744,1
bonus1,50.9,0.784,2
bonus1,50.9,0.845,1
bonus1,50.9,0.897,1
bonus1,50.9,0.916,1
bonus1,50.9,0.935,1
bonus1,50.9,0.956,1
bonus1,51,0.731,1
bonus1,51,0.798,2
bonus1,51,0.821,1
bonus1,51,0.837,1
bonus1,51,0.861,1
bonus1,51,0.87,1
bonus1,51,0.879,2
bonus1,51,0.888,1
bonus1,51,0.897,1
bonus1,51,0.906,1
bonus1,51,0.926,1
bonus1,51,0.935,2
bonus1,51,0.946,1
bonus1,51,0.967,1
bonus1,51.1,0.719,1
bonus1,51.1,0.744,1
bonus1,51.1,0.806,1
bonus1,51.1,0.845,1
bonus1,51.1,0.853,2
bonus1,51.1,0.87,1
bonus1,51.1,0.879,1
bonus1,51.1,0.897,2
bonus1,51.1,0.906,2
bonus1,51.1,0.926,1
bonus1,51.1,0.946,1
bonus1,51.2,0.763,2
bonus1,51.2,0.798,1
bonus1,51.2,0.829,1
bonus1,51.2,0.845,2
bonus1,51.2,0.861,1
bonus1,51.2,0.87,1
bonus1,51.2,0.879,2
bonus1,51.2,0.897,1
bonus1,51.2,0.916,1
bonus1,51.2,0.956,2
bonus1,51.2,0.989,1
bonus1,51.3,0.644,1
bonus1,51.3,0.685,1
bonus1,51.3,0.707,1
bonus1,51.3,0.813,1
bonus1,51.3,0.821,1
bonus1,51.3,0.861,1
bonus1,51.3,0.879,1
bonus1,51.3,0.897,2
bonus1,51.3,0.906,1
bonus1,51.3,0.926,1
bonus1,51.3,0.935,1
bonus1,51.3,0.946,1
bonus1,51.3,0.956,1
bonus1,51.4,0.669,1
bonus1,51.4,0.791,1
bonus1,51.4,0.813,1
bonus1,51.4,0.845,1
bonus1,51.4,0.861,1
bonus1,51.4,0.888,3
bonus1,51.4,0.906,2
bonus1,51.4,0.946,1
bonus1,51.4,0.956,1
bonus1,51.4,0.978,1
bonus1,51.4,0.989,1
bonus1,51.5,0.757,1
bonus1,51.5,0.777,1
bonus1,51.5,0.837,2
bonus1,51.5,0.853,1
bonus1,51.5,0.861,2
bonus1,51.5,0.87,1
bonus1,51.5,0.879,2
bonus1,51.5,0.888,1
bonus1,51.5,0.906,3
bonus1,51.5,0.916,2
bonus1,51.5,0.935,2
bonus1,51.5,0.956,1
bonus1,51.6,0.707,1
bonus1,51.6,0.757,1
bonus1,51.6,0.784,1
bonus1,51.6,0.798,1
bonus1,51.6,0.806,1
bonus1,51.6,0.821,1
bonus1,51.6,0.829,1
bonus1,51.6,0.837,1
bonus1,51.6,0.861,1
bonus1,51.6,0.879,1
bonus1,51.6,0.888,1
bonus1,51.6,0.897,1
bonus1,51.6,0.916,2
bonus1,51.6,0.935,2
bonus1,51.6,0.946,2
bonus1,51.6,0.989,1
bonus1,51.7,0.644,1
bonus1,51.7,0.784,1
bonus1,51.7,0.791,1
bonus1,51.7,0.798,1
bonus1,51.7,0.821,1
bonus1,51.7,0.853,1
bonus1,51.7,0.861,2
bonus1,51.7,0.888,1
bonus1,51.7,0.935,1
bonus1,51.7,0.956,2
bonus1,51.7,0.967,1
bonus1,51.8,0.757,1
bonus1,51.8,0.784,1
bonus1,51.8,0.791,1
bonus1,51.8,0.829,1
bonus1,51.8,0.897,1
bonus1,51.8,0.956,1
bonus1,51.9,0.617,1
bonus1,51.9,0.719,1
bonus1,51.9,0.744,1
bonus1,51.9,0.757,1
bonus1,51.9,0.798,1
bonus1,51.9,0.837,1
bonus1,51.9,0.879,3
bonus1,51.9,0.897,1
bonus1,51.9,0.906,1
bonus1,51.9,0.916,1
bonus1,51.9,0.926,1
bonus1,51.9,0.935,1
bonus1,51.9,0.956,1
bonus1,51.9,0.978,1
bonus1,52,0.659,1
bonus1,52,0.757,1
bonus1,52,0.813,2
bonus1,52,0.821,1
bonus1,52,0.837,1
bonus1,52,0.845,1
bonus1,52,0.897,3
bonus1,52,0.906,1
bonus1,52,0.926,1
bonus1,52,0.935,1
bonus1,52,0.956,2
bonus1,52,0.978,1
bonus1,52.1,0.64,1
bonus1,52.1,0.77,1
bonus1,52.1,0.821,1
bonus1,52.1,0.845,1
bonus1,52.1,0.897,1
bonus1,52.1,0.916,1
bonus1,52.1,0.935,1
bonus1,52.1,0.978,1
bonus1,52.2,0.68,1
bonus1,52.2,0.757,1
bonus1,52.2,0.861,1
bonus1,52.2,0.879,1
bonus1,52.2,0.897,1
bonus1,52.2,0.916,2
bonus1,52.2,0.935,2
bonus1,52.2,0.946,2
bonus1,52.2,0.956,1
bonus1,52.3,0.707,2
bonus1,52.3,0.77,1
bonus1,52.3,0.798,1
bonus1,52.3,0.806,1
bonus1,52.3,0.813,1
bonus1,52.3,0.821,3
bonus1,52.3,0.879,1
bonus1,52.3,0.916,1
bonus1,52.3,0.926,1
bonus1,52.4,0.719,1
bonus1,52.4,0.784,1
bonus1,52.4,0.845,2
bonus1,52.4,0.853,1
bonus1,52.4,0.87,1
bonus1,52.4,0.879,1
bonus1,52.4,0.906,1
bonus1,52.4,0.916,1
bonus1,52.4,0.935,1
bonus1,52.4,0.946,2
bonus1,52.4,0.956,1
bonus1,52.5,0.784,2
bonus1,52.5,0.798,1
bonus1,52.5,0.806,1
bonus1,52.5,0.853,1
bonus1,52.5,0.861,1
bonus1,52.5,0.897,1
bonus1,52.5,0.916,2
bonus1,52.5,0.935,1
bonus1,52.5,0.956,2
bonus1,52.6,0.777,1
bonus1,52.6,0.806,1
bonus1,52.6,0.813,1
bonus1,52.6,0.845,1
bonus1,52.6,0.861,2
bonus1,52.6,0.879,2
bonus1,52.6,0.888,1
bonus1,52.6,0.906,1
bonus1,52.6,0.916,1
bonus1,52.6,0.935,1
bonus1,52.7,0.719,1
bonus1,52.7,0.813,2
bonus1,52.7,0.821,1
bonus1,52.7,0.829,1
bonus1,52.7,0.861,1
bonus1,52.7,0.879,1
bonus1,52.7,0.897,1
bonus1,52.7,0.906,2
bonus1,52.7,0.926,1
bonus1,52.7,0.935,2
bonus1,52.7,0.956,1
bonus1,52.7,0.967,1
bonus1,52.7,0.978,1
bonus1,52.8,0.725,1
bonus1,52.8,0.763,1
bonus1,52.8,0.784,1
bonus1,52.8,0.821,1
bonus1,52.8,0.837,2
bonus1,52.8,0.845,1
bonus1,52.8,0.853,1
bonus1,52.8,0.888,1
bonus1,52.8,0.906,1
bonus1,52.8,0.916,4
bonus1,52.8,0.935,1
bonus1,52.8,0.956,1
bonus1,52.8,0.967,1
bonus1,52.9,0.737,1
bonus1,52.9,0.763,1
bonus1,52.9,0.791,2
bonus1,52.9,0.829,1
bonus1,52.9,0.845,1
bonus1,52.9,0.861,1
bonus1,52.9,0.879,1
bonus1,52.9,0.888,1
bonus1,52.9,0.897,3
bonus1,52.9,0.946,1
bonus1,52.9,0.956,2
bonus1,52.9,0.989,1
bonus1,53,0.685,1
bonus1,53,0.845,1
bonus1,53,0.861,1
bonus1,53,0.916,1
bonus1,53,0.926,1
bonus1,53,0.946,1
bonus1,53.1,0.813,1
bonus1,53.1,0.837,1
bonus1,53.1,0.845,2
bonus1,53.1,0.853,1
bonus1,53.1,0.87,1
bonus1,53.1,0.906,1
bonus1,53.1,0.926,1
bonus1,53.1,0.935,1
bonus1,53.1,0.967,1
bonus1,53.2,0.75,1
bonus1,53.2,0.77,1
bonus1,53.2,0.784,1
bonus1,53.2,0.829,1
bonus1,53.2,0.861,1
bonus1,53.2,0.879,3
bonus1,53.2,0.897,1
bonus1,53.2,0.916,1
bonus1,53.2,0.926,1
bonus1,53.2,0.935,1
bonus1,53.2,0.946,1
bonus1,53.2,0.978,1
bonus1,53.3,0.674,1
bonus1,53.3,0.798,1
bonus1,53.3,0.829,2
bonus1,53.3,0.87,1
bonus1,53.3,0.879,1
bonus1,53.3,0.888,1
bonus1,53.3,0.897,2
bonus1,53.3,0.916,1
bonus1,53.3,0.926,1
bonus1,53.3,0.956,1
bonus1,53.4,0.731,1
bonus1,53.4,0.763,1
bonus1,53.4,0.798,1
bonus1,53.4,0.806,1
bonus1,53.4,0.861,1
bonus1,53.4,0.897,1
bonus1,53.5,0.791,1
bonus1,53.5,0.829,1
bonus1,53.5,0.879,1
bonus1,53.5,0.888,1
bonus1,53.5,0.897,1
bonus1,53.5,0.916,1
bonus1,53.5,0.935,1
bonus1,53.5,0.956,1
bonus1,53.6,0.719,1
bonus1,53.6,0.731,1
bonus1,53.6,0.744,1
bonus1,53.6,0.784,1
bonus1,53.6,0.791,1
bonus1,53.6,0.829,2
bonus1,53.6,0.853,1
bonus1,53.6,0.861,1
bonus1,53.6,0.897,3
bonus1,53.6,0.916,1
bonus1,53.6,0.956,2
bonus1,53.7,0.77,1
bonus1,53.7,0.791,1
bonus1,53.7,0.806,1
bonus1,53.7,0.821,1
bonus1,53.7,0.829,1
bonus1,53.7,0.853,1
bonus1,53.7,0.879,1
bonus1,53.7,0.888,3
bonus1,53.7,0.926,1
bonus1,53.8,0.75,2
bonus1,53.8,0.77,1
bonus1,53.8,0.777,1
bonus1,53.8,0.837,1
bonus1,53.8,0.845,1
bonus1,53.8,0.888,2
bonus1,53.8,0.897,1
bonus1,53.8,0.906,1
bonus1,53.8,0.935,2
bonus1,53.8,0.946,1
bonus1,53.8,0.956,2
bonus1,53.9,0.572,1
bonus1,53.9,0.664,1
bonus1,53.9,0.777,1
bonus1,53.9,0.784,1
bonus1,53.9,0.829,1
bonus1,53.9,0.87,1
bonus1,53.9,0.897,3
bonus1,53.9,0.906,1
bonus1,53.9,0.926,1
bonus1,53.9,0.978,1
bonus1,54,0.777,1
bonus1,54,0.87,1
bonus1,54,0.879,1
bonus1,54,0.897,2
bonus1,54,0.926,1
bonus1,54,0.946,2
bonus1,54,0.956,2
bonus1,54.1,0.813,1
bonus1,54.1,0.829,1
bonus1,54.1,0.837,1
bonus1,54.1,0.861,2
bonus1,54.1,0.879,2
bonus1,54.1,0.888,2
bonus1,54.1,0.897,1
bonus1,54.1,0.916,3
bonus1,54.2,0.737,1
bonus1,54.2,0.763,1
bonus1,54.2,0.77,1
bonus1,54.2,0.777,1
bonus1,54.2,0.837,1
bonus1,54.2,0.861,1
bonus1,54.2,0.926,1
bonus1,54.2,0.935,2
bonus1,54.2,0.946,1
bonus1,54.3,0.784,1
bonus1,54.3,0.798,2
bonus1,54.3,0.821,1
bonus1,54.3,0.845,1
bonus1,54.3,0.853,1
bonus1,54.3,0.861,2
bonus1,54.3,0.87,1
bonus1,54.3,0.888,1
bonus1,54.3,0.897,2
bonus1,54.3,0.906,1
bonus1,54.3,0.916,1
bonus1,54.3,0.956,1
bonus1,54.3,0.967,1
bonus1,54.4,0.685,1
bonus1,54.4,0.744,1
bonus1,54.4,0.777,1
bonus1,54.4,0.791,1
bonus1,54.4,0.806,2
bonus1,54.4,0.813,2
bonus1,54.4,0.829,1
bonus1,54.4,0.837,1
bonus1,54.4,0.853,2
bonus1,54.4,0.956,1
bonus1,54.5,0.654,1
bonus1,54.5,0.757,1
bonus1,54.5,0.784,1
bonus1,54.5,0.861,1
bonus1,54.5,0.879,2
bonus1,54.5,0.888,1
bonus1,54.5,0.897,2
bonus1,54.5,0.906,1
bonus1,54.5,0.916,6
bonus1,54.5,0.935,1
bonus1,54.6,0.744,1
bonus1,54.6,0.791,1
bonus1,54.6,0.798,1
bonus1,54.6,0.813,1
bonus1,54.6,0.821,2
bonus1,54.6,0.829,1
bonus1,54.6,0.853,1
bonus1,54.6,0.861,1
bonus1,54.6,0.897,3
bonus1,54.6,0.916,1
bonus1,54.6,0.956,2
bonus1,54.6,0.989,1
bonus1,54.7,0.696,1
bonus1,54.7,0.791,1
bonus1,54.7,0.813,2
bonus1,54.7,0.837,1
bonus1,54.7,0.87,1
bonus1,54.7,0.879,1
bonus1,54.7,0.888,2
bonus1,54.7,0.897,1
bonus1,54.7,0.956,1
bonus1,54.7,0.978,1
bonus1,54.8,0.68,1
bonus1,54.8,0.744,1
bonus1,54.8,0.757,1
bonus1,54.8,0.784,1
bonus1,54.8,0.888,1
bonus1,54.8,0.916,2
bonus1,54.8,0.935,2
bonus1,54.9,0.798,1
bonus1,54.9,0.829,1
bonus1,54.9,0.837,1
bonus1,54.9,0.845,1
bonus1,54.9,0.853,1
bonus1,54.9,0.861,1
bonus1,54.9,0.87,2
bonus1,54.9,0.897,3
bonus1,54.9,0.906,1
bonus1,54.9,0.916,3
bonus1,54.9,0.956,1
bonus1,55,0.608,1
bonus1,55,0.784,1
bonus1,55,0.821,1
bonus1,55,0.845,2
bonus1,55,0.861,1
bonus1,55,0.879,1
bonus1,55,0.897,1
bonus1,55,0.916,3
bonus1,55,0.926,2
bonus1,55,0.935,4
bonus1,55,0.956,1
bonus1,55.1,0.63,1
bonus1,55.1,0.737,1
bonus1,55.1,0.75,1
bonus1,55.1,0.763,1
bonus1,55.1,0.853,1
bonus1,55.1,0.879,1
bonus1,55.1,0.897,1
bonus1,55.1,0.906,1
bonus1,55.1,0.916,1
bonus1,55.1,0.946,1
bonus1,55.1,0.956,1
bonus1,55.2,0.757,2
bonus1,55.2,0.763,1
bonus1,55.2,0.798,1
bonus1,55.2,0.837,1
bonus1,55.2,0.87,1
bonus1,55.2,0.879,2
bonus1,55.2,0.897,1
bonus1,55.2,0.916,2
bonus1,55.2,0.926,1
bonus1,55.2,0.935,2
bonus1,55.2,0.956,1
bonus1,55.2,0.967,1
bonus1,55.3,0.806,1
bonus1,55.3,0.813,2
bonus1,55.3,0.845,1
bonus1,55.3,0.897,2
bonus1,55.3,0.906,1
bonus1,55.3,0.916,2
bonus1,55.3,0.935,1
bonus1,55.4,0.784,1
bonus1,55.4,0.806,1
bonus1,55.4,0.813,2
bonus1,55.4,0.821,1
bonus1,55.4,0.861,1
bonus1,55.4,0.897,2
bonus1,55.4,0.916,1
bonus1,55.4,0.926,2
bonus1,55.4,0.956,1
bonus1,55.5,0.626,1
bonus1,55.5,0.757,1
bonus1,55.5,0.791,1
bonus1,55.5,0.798,1
bonus1,55.5,0.845,1
bonus1,55.5,0.861,1
bonus1,55.5,0.897,1
bonus1,55.5,0.916,1
bonus1,55.5,0.926,1
bonus1,55.5,0.935,1
bonus1,55.5,0.956,1
bonus1,55.5,0.967,1
bonus1,55.6,0.737,1
bonus1,55.6,0.798,1
bonus1,55.6,0.837,1
bonus1,55.6,0.861,4
bonus1,55.6,0.888,1
bonus1,55.6,0.916,3
bonus1,55.6,0.926,1
bonus1,55.6,0.956,1
bonus1,55.6,0.967,2
bonus1,55.7,0.829,1
bonus1,55.7,0.888,1
bonus1,55.7,0.916,1
bonus1,55.7,0.926,1
bonus1,55.7,0.935,1
bonus1,55.7,0.978,1
bonus1,55.8,0.777,1
bonus1,55.8,0.821,1
bonus1,55.8,0.845,1
bonus1,55.8,0.853,1
bonus1,55.8,0.87,1
bonus1,55.8,0.879,1
bonus1,55.8,0.888,2
bonus1,55.8,0.897,1
bonus1,55.8,0.906,1
bonus1,55.8,0.916,1
bonus1,55.8,0.926,1
bonus1,55.8,0.956,1
bonus1,55.8,0.967,1
bonus1,55.9,0.763,1
bonus1,55.9,0.798,1
bonus1,55.9,0.821,1
bonus1,55.9,0.837,1
bonus1,55.9,0.861,1
bonus1,55.9,0.897,1
bonus1,55.9,0.916,3
bonus1,55.9,0.926,1
bonus1,55.9,0.956,1
bonus1,55.9,0.989,1
bonus1,56,0.696,1
bonus1,56,0.813,1
bonus1,56,0.845,3
bonus1,56,0.888,1
bonus1,56,0.897,2
bonus1,56,0.935,1
bonus1,56,0.956,1
bonus1,56,0.978,1
bonus1,56.1,0.744,1
bonus1,56.1,0.77,2
bonus1,56.1,0.861,1
bonus1,56.1,0.87,1
bonus1,56.1,0.888,1
bonus1,56.1,0.897,1
bonus1,56.1,0.906,2
bonus1,56.1,0.916,1
bonus1,56.1,0.946,1
bonus1,56.1,0.956,3
bonus1,56.2,0.64,1
bonus1,56.2,0.888,4
bonus1,56.2,0.906,1
bonus1,56.2,0.935,3
bonus1,56.2,0.946,1
bonus1,56.2,0.956,5
bonus1,56.3,0.685,2
bonus1,56.3,0.707,1
bonus1,56.3,0.784,1
bonus1,56.3,0.791,1
bonus1,56.3,0.798,1
bonus1,56.3,0.829,1
bonus1,56.3,0.861,2
bonus1,56.3,0.879,1
bonus1,56.3,0.897,1
bonus1,56.3,0.906,1
bonus1,56.3,0.926,1
bonus1,56.3,0.967,1
bonus1,56.3,0.978,1
bonus1,56.4,0.784,2
bonus1,56.4,0.798,1
bonus1,56.4,0.806,1
bonus1,56.4,0.837,1
bonus1,56.4,0.845,1
bonus1,56.4,0.916,1
bonus1,56.4,0.926,2
bonus1,56.4,0.946,2
bonus1,56.4,0.956,2
bonus1,56.4,0.978,2
bonus1,56.5,0.674,1
bonus1,56.5,0.685,1
bonus1,56.5,0.707,1
bonus1,56.5,0.731,1
bonus1,56.5,0.77,1
bonus1,56.5,0.813,1
bonus1,56.5,0.829,2
bonus1,56.5,0.837,1
bonus1,56.5,0.861,1
bonus1,56.5,0.879,2
bonus1,56.5,0.897,2
bonus1,56.5,0.935,1
bonus1,56.5,0.946,1
bonus1,56.5,0.956,1
bonus1,56.5,0.967,1
bonus1,56.6,0.744,1
bonus1,56.6,0.784,1
bonus1,56.6,0.798,1
bonus1,56.6,0.829,1
bonus1,56.6,0.837,1
bonus1,56.6,0.853,1
bonus1,56.6,0.87,2
bonus1,56.6,0.897,1
bonus1,56.6,0.906,2
bonus1,56.6,0.916,1
bonus1,56.6,0.935,1
bonus1,56.6,0.956,1
bonus1,56.6,0.967,1
bonus1,56.7,0.784,1
bonus1,56.7,0.837,1
bonus1,56.7,0.861,1
bonus1,56.7,0.888,1
bonus1,56.7,0.935,2
bonus1,56.7,0.946,1
bonus1,56.7,0.956,1
bonus1,56.8,0.674,1
bonus1,56.8,0.791,1
bonus1,56.8,0.813,1
bonus1,56.8,0.829,1
bonus1,56.8,0.845,1
bonus1,56.8,0.861,2
bonus1,56.8,0.87,1
bonus1,56.8,0.906,2
bonus1,56.8,0.916,1
bonus1,56.8,0.935,1
bonus1,56.9,0.644,1
bonus1,56.9,0.791,1
bonus1,56.9,0.861,1
bonus1,56.9,0.879,2
bonus1,56.9,0.897,1
bonus1,56.9,0.935,4
bonus1,56.9,0.946,1
bonus1,57,0.608,1
bonus1,57,0.75,1
bonus1,57,0.763,1
bonus1,57,0.798,1
bonus1,57,0.829,1
bonus1,57,0.837,1
bonus1,57,0.861,1
bonus1,57,0.87,2
bonus1,57,0.879,2
bonus1,57,0.897,4
bonus1,57,0.916,1
bonus1,57,0.935,2
bonus1,57,0.946,1
bonus1,57,0.967,1
bonus1,57.1,0.644,1
bonus1,57.1,0.737,1
bonus1,57.1,0.821,1
bonus1,57.1,0.845,1
bonus1,57.1,0.853,1
bonus1,57.1,0.861,2
bonus1,57.1,0.87,2
bonus1,57.1,0.879,2
bonus1,57.1,0.935,2
bonus1,57.2,0.757,1
bonus1,57.2,0.798,2
bonus1,57.2,0.837,1
bonus1,57.2,0.861,2
bonus1,57.2,0.879,2
bonus1,57.2,0.888,1
bonus1,57.2,0.897,1
bonus1,57.2,0.916,1
bonus1,57.2,0.956,2
bonus1,57.3,0.806,1
bonus1,57.3,0.845,1
bonus1,57.3,0.897,1
bonus1,57.3,0.916,3
bonus1,57.3,0.926,2
bonus1,57.3,0.978,1
bonus1,57.4,0.75,1
bonus1,57.4,0.853,2
bonus1,57.4,0.87,1
bonus1,57.4,0.879,1
bonus1,57.4,0.888,1
bonus1,57.4,0.897,2
bonus1,57.4,0.906,2
bonus1,57.4,0.916,1
bonus1,57.4,0.926,1
bonus1,57.5,0.77,1
bonus1,57.5,0.813,1
bonus1,57.5,0.861,1
bonus1,57.5,0.916,2
bonus1,57.5,0.935,1
bonus1,57.5,0.989,2
bonus1,57.6,0.47,1
bonus1,57.6,0.813,1
bonus1,57.6,0.821,1
bonus1,57.6,0.888,1
bonus1,57.6,0.897,1
bonus1,57.6,0.926,1
bonus1,57.6,0.935,2
bonus1,57.6,0.946,1
bonus1,57.6,0.956,1
bonus1,57.6,0.967,1
bonus1,57.7,0.757,1
bonus1,57.7,0.791,1
bonus1,57.7,0.798,1
bonus1,57.7,0.853,1
bonus1,57.7,0.87,1
bonus1,57.7,0.879,2
bonus1,57.7,0.935,5
bonus1,57.7,0.946,2
bonus1,57.7,0.956,1
bonus1,57.8,0.731,1
bonus1,57.8,0.821,1
bonus1,57.8,0.829,1
bonus1,57.8,0.861,1
bonus1,57.8,0.879,2
bonus1,57.8,0.888,1
bonus1,57.8,0.906,1
bonus1,57.8,0.926,1
bonus1,57.8,0.935,2
bonus1,57.9,0.725,1
bonus1,57.9,0.757,1
bonus1,57.9,0.837,1
bonus1,57.9,0.845,1
bonus1,57.9,0.87,2
bonus1,57.9,0.897,1
bonus1,57.9,0.916,2
bonus1,57.9,0.946,1
bonus1,57.9,0.967,1
bonus1,58,0.6,1
bonus1,58,0.77,1
bonus1,58,0.798,1
bonus1,58,0.837,1
bonus1,58,0.897,2
bonus1,58,0.916,1
bonus1,58,0.935,1
bonus1,58,0.946,1
bonus1,58,0.956,2
bonus1,58,0.967,1
bonus1,58.1,0.813,1
bonus1,58.1,0.829,1
bonus1,58.1,0.853,1
bonus1,58.1,0.888,1
bonus1,58.1,0.906,2
bonus1,58.1,0.916,3
bonus1,58.1,0.935,1
bonus1,58.1,0.956,3
bonus1,58.2,0.674,1
bonus1,58.2,0.731,1
bonus1,58.2,0.757,1
bonus1,58.2,0.784,1
bonus1,58.2,0.861,1
bonus1,58.2,0.879,4
bonus1,58.2,0.897,3
bonus1,58.2,0.956,1
bonus1,58.3,0.829,3
bonus1,58.3,0.837,1
bonus1,58.3,0.853,1
bonus1,58.3,0.879,1
bonus1,58.3,0.888,1
bonus1,58.3,0.897,1
bonus1,58.3,0.916,3
bonus1,58.3,0.935,1
bonus1,58.4,0.69,1
bonus1,58.4,0.777,1
bonus1,58.4,0.821,1
bonus1,58.4,0.829,1
bonus1,58.4,0.853,1
bonus1,58.4,0.879,2
bonus1,58.4,0.897,1
bonus1,58.4,0.916,1
bonus1,58.4,0.926,1
bonus1,58.4,0.935,1
bonus1,58.4,0.946,1
bonus1,58.4,0.956,1
bonus1,58.5,0.707,1
bonus1,58.5,0.75,1
bonus1,58.5,0.791,1
bonus1,58.5,0.829,1
bonus1,58.5,0.87,1
bonus1,58.5,0.916,1
bonus1,58.5,0.926,1
bonus1,58.6,0.617,1
bonus1,58.6,0.75,1
bonus1,58.6,0.798,3
bonus1,58.6,0.806,1
bonus1,58.6,0.829,1
bonus1,58.6,0.845,1
bonus1,58.6,0.87,1
bonus1,58.6,0.879,1
bonus1,58.6,0.897,4
bonus1,58.6,0.916,1
bonus1,58.6,0.926,1
bonus1,58.6,0.935,1
bonus1,58.6,0.946,1
bonus1,58.6,0.978,1
bonus1,58.6,0.989,1
bonus1,58.7,0.791,1
bonus1,58.7,0.798,2
bonus1,58.7,0.813,1
bonus1,58.7,0.821,1
bonus1,58.7,0.829,1
bonus1,58.7,0.861,2
bonus1,58.7,0.87,1
bonus1,58.7,0.888,1
bonus1,58.7,0.906,1
bonus1,58.7,0.916,1
bonus1,58.7,0.926,2
bonus1,58.7,0.935,1
bonus1,58.7,0.978,1
bonus1,58.8,0.592,1
bonus1,58.8,0.707,1
bonus1,58.8,0.725,1
bonus1,58.8,0.744,1
bonus1,58.8,0.77,1
bonus1,58.8,0.813,1
bonus1,58.8,0.821,1
bonus1,58.8,0.879,2
bonus1,58.8,0.888,4
bonus1,58.8,0.906,1
bonus1,58.8,0.916,1
bonus1,58.8,0.935,1
bonus1,58.8,0.946,1
bonus1,58.8,0.956,1
bonus1,58.9,0.737,1
bonus1,58.9,0.744,1
bonus1,58.9,0.757,1
bonus1,58.9,0.791,1
bonus1,58.9,0.897,1
bonus1,58.9,0.916,2
bonus1,58.9,0.935,3
bonus1,58.9,0.956,1
bonus1,59,0.806,1
bonus1,59,0.829,2
bonus1,59,0.837,1
bonus1,59,0.879,1
bonus1,59,0.888,1
bonus1,59,0.897,1
bonus1,59,0.916,1
bonus1,59,0.935,1
bonus1,59.1,0.798,2
bonus1,59.1,0.829,1
bonus1,59.1,0.837,2
bonus1,59.1,0.845,2
bonus1,59.1,0.87,2
bonus1,59.1,0.879,1
bonus1,59.1,0.906,1
bonus1,59.1,0.916,1
bonus1,59.1,0.926,1
bonus1,59.1,0.935,1
bonus1,59.2,0.757,1
bonus1,59.2,0.853,1
bonus1,59.2,0.861,1
bonus1,59.2,0.87,2
bonus1,59.2,0.897,1
bonus1,59.2,0.906,1
bonus1,59.2,0.916,1
bonus1,59.2,0.926,1
bonus1,59.2,0.956,1
bonus1,59.3,0.837,1
bonus1,59.3,0.87,1
bonus1,59.3,0.879,1
bonus1,59.3,0.897,2
bonus1,59.3,0.916,1
bonus1,59.3,0.926,1
bonus1,59.3,0.956,1
bonus1,59.4,0.837,2
bonus1,59.4,0.845,2
bonus1,59.4,0.861,1
bonus1,59.4,0.879,2
bonus1,59.4,0.888,1
bonus1,59.4,0.906,2
bonus1,59.4,0.916,2
bonus1,59.4,0.926,1
bonus1,59.4,0.935,2
bonus1,59.4,0.946,1
bonus1,59.4,0.956,1
bonus1,59.4,0.967,1
bonus1,59.5,0.737,1
bonus1,59.5,0.798,1
bonus1,59.5,0.829,1
bonus1,59.5,0.861,3
bonus1,59.5,0.888,1
bonus1,59.5,0.897,1
bonus1,59.5,0.926,2
bonus1,59.5,0.935,2
bonus1,59.5,0.956,3
bonus1,59.6,0.757,1
bonus1,59.6,0.777,1
bonus1,59.6,0.806,1
bonus1,59.6,0.821,1
bonus1,59.6,0.829,2
bonus1,59.6,0.906,3
bonus1,59.6,0.916,1
bonus1,59.6,0.926,1
bonus1,59.6,0.956,1
bonus1,59.7,0.554,1
bonus1,59.7,0.837,1
bonus1,59.7,0.845,2
bonus1,59.7,0.87,1
bonus1,59.7,0.897,1
bonus1,59.7,0.926,1
bonus1,59.7,0.935,1
bonus1,59.7,0.956,3
bonus1,59.7,0.967,2
bonus1,59.8,0.763,1
bonus1,59.8,0.806,1
bonus1,59.8,0.821,1
bonus1,59.8,0.845,2
bonus1,59.8,0.861,1
bonus1,59.8,0.879,1
bonus1,59.8,0.888,1
bonus1,59.8,0.897,1
bonus1,59.8,0.906,1
bonus1,59.8,0.916,2
bonus1,59.8,0.926,1
bonus1,59.8,0.935,2
bonus1,59.8,0.946,2
bonus1,59.8,0.956,1
bonus1,59.9,0.77,1
bonus1,59.9,0.821,1
bonus1,59.9,0.837,1
bonus1,59.9,0.861,1
bonus1,59.9,0.879,1
bonus1,59.9,0.897,1
bonus1,59.9,0.935,3
bonus1,59.9,0.956,2
bonus1,59.9,0.978,1
bonus1,60,0.75,1
bonus1,60,0.757,1
bonus1,60,0.791,1
bonus1,60,0.813,1
bonus1,60,0.87,1
bonus1,60,0.888,1
bonus1,60,0.897,1
bonus1,60,0.906,1
bonus1,60,0.916,1
bonus1,60,0.935,2
bonus1,60,0.956,1
bonus1,60.1,0.497,1
bonus1,60.1,0.725,1
bonus1,60.1,0.737,1
bonus1,60.1,0.757,1
bonus1,60.1,0.763,1
bonus1,60.1,0.798,1
bonus1,60.1,0.806,3
bonus1,60.1,0.861,1
bonus1,60.1,0.888,1
bonus1,60.1,0.897,1
bonus1,60.2,0.763,1
bonus1,60.2,0.784,1
bonus1,60.2,0.813,1
bonus1,60.2,0.897,1
bonus1,60.2,0.906,1
bonus1,60.2,0.935,1
bonus1,60.2,0.956,2
bonus1,60.3,0.784,1
bonus1,60.3,0.829,1
bonus1,60.3,0.888,1
bonus1,60.3,0.897,1
bonus1,60.3,0.935,1
bonus1,60.4,0.744,1
bonus1,60.4,0.757,1
bonus1,60.4,0.829,1
bonus1,60.4,0.845,1
bonus1,60.4,0.87,1
bonus1,60.4,0.906,1
bonus1,60.4,0.916,2
bonus1,60.5,0.829,1
bonus1,60.5,0.853,1
bonus1,60.5,0.861,2
bonus1,60.5,0.87,1
bonus1,60.5,0.879,1
bonus1,60.5,0.897,1
bonus1,60.5,0.906,1
bonus1,60.5,0.935,3
bonus1,60.5,0.946,1
bonus1,60.5,0.967,1
bonus1,60.6,0.75,1
bonus1,60.6,0.784,2
bonus1,60.6,0.806,1
bonus1,60.6,0.829,1
bonus1,60.6,0.845,2
bonus1,60.6,0.853,2
bonus1,60.6,0.879,2
bonus1,60.6,0.888,3
bonus1,60.6,0.897,2
bonus1,60.6,0.916,3
bonus1,60.6,0.935,2
bonus1,60.6,0.946,1
bonus1,60.6,0.956,1
bonus1,60.6,0.978,1
bonus1,60.7,0.757,1
bonus1,60.7,0.784,1
bonus1,60.7,0.791,1
bonus1,60.7,0.837,1
bonus1,60.7,0.853,1
bonus1,60.7,0.87,1
bonus1,60.7,0.906,1
bonus1,60.7,0.926,1
bonus1,60.7,0.946,1
bonus1,60.7,0.978,1
bonus1,60.8,0.757,1
bonus1,60.8,0.784,1
bonus1,60.8,0.853,1
bonus1,60.8,0.861,1
bonus1,60.8,0.888,1
bonus1,60.8,0.906,1
bonus1,60.8,0.935,3
bonus1,60.8,0.956,1
bonus1,60.9,0.75,1
bonus1,60.9,0.757,1
bonus1,60.9,0.784,1
bonus1,60.9,0.813,1
bonus1,60.9,0.845,1
bonus1,60.9,0.853,1
bonus1,60.9,0.87,1
bonus1,60.9,0.888,1
bonus1,60.9,0.926,1
bonus1,60.9,0.946,1
bonus1,60.9,0.967,1
bonus1,61,0.617,1
bonus1,61,0.696,1
bonus1,61,0.737,1
bonus1,61,0.777,1
bonus1,61,0.813,1
bonus1,61,0.845,1
bonus1,61,0.916,1
bonus1,61,0.935,2
bonus1,61,0.956,1
bonus1,61.1,0.784,1
bonus1,61.1,0.813,1
bonus1,61.1,0.829,1
bonus1,61.1,0.853,1
bonus1,61.1,0.879,3
bonus1,61.1,0.897,1
bonus1,61.1,0.906,1
bonus1,61.1,0.916,2
bonus1,61.1,0.926,2
bonus1,61.1,0.935,4
bonus1,61.1,0.956,1
bonus1,61.2,0.731,1
bonus1,61.2,0.821,2
bonus1,61.2,0.853,1
bonus1,61.2,0.888,1
bonus1,61.2,0.897,1
bonus1,61.2,0.906,1
bonus1,61.2,0.916,1
bonus1,61.2,0.946,1
bonus1,61.3,0.75,1
bonus1,61.3,0.757,1
bonus1,61.3,0.763,1
bonus1,61.3,0.821,2
bonus1,61.3,0.845,1
bonus1,61.3,0.861,1
bonus1,61.3,0.888,2
bonus1,61.3,0.916,1
bonus1,61.3,0.926,1
bonus1,61.4,0.685,1
bonus1,61.4,0.737,1
bonus1,61.4,0.757,1
bonus1,61.4,0.829,1
bonus1,61.4,0.853,1
bonus1,61.4,0.861,1
bonus1,61.4,0.879,1
bonus1,61.4,0.897,2
bonus1,61.4,0.906,2
bonus1,61.4,0.926,2
bonus1,61.4,0.935,1
bonus1,61.4,0.956,2
bonus1,61.5,0.702,1
bonus1,61.5,0.731,1
bonus1,61.5,0.757,1
bonus1,61.5,0.837,1
bonus1,61.5,0.87,2
bonus1,61.5,0.879,1
bonus1,61.5,0.888,2
bonus1,61.5,0.897,2
bonus1,61.5,0.906,1
bonus1,61.5,0.916,1
bonus1,61.5,0.926,1
bonus1,61.5,0.935,1
bonus1,61.5,0.956,1
bonus1,61.5,0.989,1
bonus1,61.6,0.674,1
bonus1,61.6,0.845,1
bonus1,61.6,0.853,1
bonus1,61.6,0.861,2
bonus1,61.6,0.879,2
bonus1,61.6,0.916,1
bonus1,61.6,0.935,1
bonus1,61.6,0.946,1
bonus1,61.6,0.956,1
bonus1,61.7,0.744,2
bonus1,61.7,0.75,1
bonus1,61.7,0.757,1
bonus1,61.7,0.784,1
bonus1,61.7,0.798,1
bonus1,61.7,0.806,1
bonus1,61.7,0.837,3
bonus1,61.7,0.853,1
bonus1,61.7,0.888,1
bonus1,61.7,0.897,1
bonus1,61.7,0.916,1
bonus1,61.7,0.935,1
bonus1,61.7,0.946,1
bonus1,61.7,0.967,1
bonus1,61.7,0.978,1
bonus1,61.8,0.537,1
bonus1,61.8,0.685,1
bonus1,61.8,0.75,1
bonus1,61.8,0.798,1
bonus1,61.8,0.845,1
bonus1,61.8,0.888,1
bonus1,61.8,0.916,2
bonus1,61.8,0.956,1
bonus1,61.8,0.967,1
bonus1,61.9,0.829,1
bonus1,61.9,0.879,1
bonus1,61.9,0.888,1
bonus1,61.9,0.897,2
bonus1,61.9,0.935,2
bonus1,61.9,0.946,1
bonus1,61.9,0.978,1
bonus1,62,0.644,1
bonus1,62,0.837,1
bonus1,62,0.853,1
bonus1,62,0.879,2
bonus1,62,0.888,1
bonus1,62,0.916,1
bonus1,62,0.926,1
bonus1,62,0.935,1
bonus1,62,0.978,1
bonus1,62.1,0.813,1
bonus1,62.1,0.897,2
bonus1,62.1,0.906,1
bonus1,62.1,0.916,2
bonus1,62.1,0.935,2
bonus1,62.2,0.798,1
bonus1,62.2,0.813,1
bonus1,62.2,0.829,1
bonus1,62.2,0.837,3
bonus1,62.2,0.861,2
bonus1,62.2,0.87,1
bonus1,62.2,0.879,1
bonus1,62.2,0.926,1
bonus1,62.2,0.946,1
bonus1,62.2,0.956,1
bonus1,62.3,0.829,1
bonus1,62.3,0.845,1
bonus1,62.3,0.853,1
bonus1,62.3,0.888,1
bonus1,62.3,0.906,2
bonus1,62.3,0.916,1
bonus1,62.3,0.956,1
bonus1,62.4,0.69,1
bonus1,62.4,0.75,1
bonus1,62.4,0.757,1
bonus1,62.4,0.777,1
bonus1,62.4,0.888,2
bonus1,62.4,0.935,1
bonus1,62.4,0.946,1
bonus1,62.4,0.956,1
bonus1,62.4,0.967,3
bonus1,62.5,0.777,2
bonus1,62.5,0.798,1
bonus1,62.5,0.837,1
bonus1,62.5,0.879,1
bonus1,62.5,0.935,1
bonus1,62.5,0.978,1
bonus1,62.6,0.77,1
bonus1,62.6,0.791,1
bonus1,62.6,0.798,1
bonus1,62.6,0.845,1
bonus1,62.6,0.861,2
bonus1,62.6,0.916,2
bonus1,62.6,0.956,1
bonus1,62.6,0.967,1
bonus1,62.6,0.989,1
bonus1,62.7,0.757,1
bonus1,62.7,0.798,1
bonus1,62.7,0.813,1
bonus1,62.7,0.829,1
bonus1,62.7,0.845,1
bonus1,62.7,0.879,2
bonus1,62.7,0.916,1
bonus1,62.7,0.946,1
bonus1,62.7,0.956,1
bonus1,62.8,0.737,1
bonus1,62.8,0.791,1
bonus1,62.8,0.798,1
bonus1,62.8,0.845,1
bonus1,62.8,0.853,1
bonus1,62.8,0.888,1
bonus1,62.8,0.897,2
bonus1,62.8,0.926,1
bonus1,62.8,0.935,1
bonus1,62.8,0.978,1
bonus1,62.9,0.696,1
bonus1,62.9,0.763,1
bonus1,62.9,0.798,2
bonus1,62.9,0.821,1
bonus1,62.9,0.845,2
bonus1,62.9,0.897,1
bonus1,62.9,0.906,1
bonus1,62.9,0.926,1
bonus1,62.9,0.946,1
bonus1,63,0.702,1
bonus1,63,0.784,1
bonus1,63,0.813,1
bonus1,63,0.845,1
bonus1,63,0.897,1
bonus1,63,0.916,1
bonus1,63,0.956,3
bonus1,63,0.967,1
bonus1,63.1,0.763,1
bonus1,63.1,0.777,1
bonus1,63.1,0.813,1
bonus1,63.1,0.829,2
bonus1,63.1,0.87,2
bonus1,63.1,0.888,2
bonus1,63.1,0.906,2
bonus1,63.1,0.916,1
bonus1,63.1,0.926,1
bonus1,63.1,0.935,1
bonus1,63.1,0.946,1
bonus1,63.2,0.77,1
bonus1,63.2,0.806,1
bonus1,63.2,0.813,2
bonus1,63.2,0.853,1
bonus1,63.2,0.861,1
bonus1,63.2,0.879,1
bonus1,63.2,0.888,1
bonus1,63.2,0.916,1
bonus1,63.2,0.956,1
bonus1,63.2,0.978,1
bonus1,63.2,0.989,1
bonus1,63.3,0.737,1
bonus1,63.3,0.77,3
bonus1,63.3,0.813,1
bonus1,63.3,0.829,2
bonus1,63.3,0.837,1
bonus1,63.3,0.845,1
bonus1,63.3,0.853,1
bonus1,63.3,0.861,3
bonus1,63.3,0.87,1
bonus1,63.3,0.906,2
bonus1,63.4,0.791,1
bonus1,63.4,0.853,1
bonus1,63.4,0.861,1
bonus1,63.4,0.956,2
bonus1,63.5,0.685,1
bonus1,63.5,0.757,1
bonus1,63.5,0.829,1
bonus1,63.5,0.853,1
bonus1,63.5,0.897,1
bonus1,63.5,0.906,1
bonus1,63.5,0.916,1
bonus1,63.5,0.926,2
bonus1,63.5,0.935,2
bonus1,63.5,0.956,2
bonus1,63.5,0.978,1
bonus1,63.6,0.613,1
bonus1,63.6,0.744,1
bonus1,63.6,0.757,1
bonus1,63.6,0.77,1
bonus1,63.6,0.784,2
bonus1,63.6,0.798,1
bonus1,63.6,0.829,1
bonus1,63.6,0.879,2
bonus1,63.6,0.888,1
bonus1,63.6,0.897,1
bonus1,63.6,0.906,1
bonus1,63.6,0.935,1
bonus1,63.7,0.608,1
bonus1,63.7,0.719,1
bonus1,63.7,0.757,1
bonus1,63.7,0.829,1
bonus1,63.7,0.845,1
bonus1,63.7,0.853,1
bonus1,63.7,0.935,1
bonus1,63.7,0.956,2
bonus1,63.8,0.64,1
bonus1,63.8,0.744,1
bonus1,63.8,0.777,1
bonus1,63.8,0.791,1
bonus1,63.8,0.798,1
bonus1,63.8,0.821,1
bonus1,63.8,0.837,1
bonus1,63.8,0.845,1
bonus1,63.8,0.853,1
bonus1,63.8,0.888,1
bonus1,63.8,0.906,1
bonus1,63.8,0.916,1
bonus1,63.8,0.956,1
bonus1,63.9,0.719,1
bonus1,63.9,0.77,1
bonus1,63.9,0.845,1
bonus1,63.9,0.87,1
bonus1,63.9,0.897,1
bonus1,63.9,0.906,1
bonus1,63.9,0.916,3
bonus1,63.9,0.926,1
bonus1,63.9,0.935,1
bonus1,63.9,0.956,1
bonus1,63.9,0.978,1
bonus1,64,0.719,1
bonus1,64,0.725,1
bonus1,64,0.861,2
bonus1,64,0.888,1
bonus1,64,0.897,1
bonus1,64,0.935,2
bonus1,64.1,0.731,1
bonus1,64.1,0.813,1
bonus1,64.1,0.837,1
bonus1,64.1,0.87,2
bonus1,64.1,0.879,1
bonus1,64.1,0.906,1
bonus1,64.1,0.916,2
bonus1,64.1,0.935,1
bonus1,64.2,0.757,1
bonus1,64.2,0.784,1
bonus1,64.2,0.853,2
bonus1,64.2,0.879,2
bonus1,64.2,0.906,1
bonus1,64.2,0.916,1
bonus1,64.2,0.926,1
bonus1,64.2,0.946,1
bonus1,64.2,0.956,1
bonus1,64.3,0.696,1
bonus1,64.3,0.791,1
bonus1,64.3,0.798,1
bonus1,64.3,0.821,1
bonus1,64.3,0.837,1
bonus1,64.3,0.87,1
bonus1,64.3,0.879,2
bonus1,64.3,0.888,1
bonus1,64.3,0.926,1
bonus1,64.3,0.935,1
bonus1,64.3,0.956,1
bonus1,64.3,0.978,1
bonus1,64.4,0.77,1
bonus1,64.4,0.821,1
bonus1,64.4,0.845,1
bonus1,64.4,0.861,1
bonus1,64.4,0.879,1
bonus1,64.4,0.888,1
bonus1,64.4,0.906,1
bonus1,64.4,0.916,2
bonus1,64.4,0.935,1
bonus1,64.4,0.956,1
bonus1,64.5,0.696,1
bonus1,64.5,0.798,1
bonus1,64.5,0.829,1
bonus1,64.5,0.845,1
bonus1,64.5,0.926,1
bonus1,64.5,0.946,1
bonus1,64.5,0.967,1
bonus1,64.5,0.978,1
bonus1,64.6,0.879,2
bonus1,64.6,0.897,1
bonus1,64.6,0.946,2
bonus1,64.7,0.608,1
bonus1,64.7,0.644,1
bonus1,64.7,0.731,1
bonus1,64.7,0.861,1
bonus1,64.7,0.87,2
bonus1,64.7,0.879,2
bonus1,64.7,0.888,2
bonus1,64.7,0.906,1
bonus1,64.7,0.916,1
bonus1,64.7,0.935,1
bonus1,64.8,0.719,1
bonus1,64.8,0.77,1
bonus1,64.8,0.861,1
bonus1,64.8,0.879,1
bonus1,64.8,0.906,1
bonus1,64.8,0.946,1
bonus1,64.8,0.978,1
bonus1,64.9,0.757,1
bonus1,64.9,0.777,1
bonus1,64.9,0.813,1
bonus1,64.9,0.829,2
bonus1,64.9,0.845,1
bonus1,64.9,0.926,1
bonus1,64.9,0.935,1
bonus1,64.9,0.956,1
bonus1,65,0.664,1
bonus1,65,0.707,1
bonus1,65,0.75,1
bonus1,65,0.829,1
bonus1,65,0.861,2
bonus1,65,0.888,2
bonus1,65,0.935,1
bonus1,65,0.946,1
bonus1,65.1,0.757,1
bonus1,65.1,0.813,2
bonus1,65.1,0.829,1
bonus1,65.1,0.845,2
bonus1,65.1,0.853,1
bonus1,65.1,0.861,1
bonus1,65.1,0.888,3
bonus1,65.1,0.897,2
bonus1,65.1,0.935,1
bonus1,65.1,0.946,1
bonus1,65.2,0.604,1
bonus1,65.2,0.644,1
bonus1,65.2,0.731,2
bonus1,65.2,0.744,1
bonus1,65.2,0.757,1
bonus1,65.2,0.784,1
bonus1,65.2,0.845,1
bonus1,65.2,0.861,2
bonus1,65.2,0.916,1
bonus1,65.2,0.956,1
bonus1,65.2,0.967,1
bonus1,65.3,0.725,1
bonus1,65.3,0.757,1
bonus1,65.3,0.813,1
bonus1,65.3,0.879,1
bonus1,65.3,0.888,1
bonus1,65.3,0.897,1
bonus1,65.3,0.906,1
bonus1,65.3,0.916,1
bonus1,65.3,0.935,2
bonus1,65.3,0.956,1
bonus1,65.4,0.654,1
bonus1,65.4,0.719,1
bonus1,65.4,0.737,1
bonus1,65.4,0.77,1
bonus1,65.4,0.798,1
bonus1,65.4,0.813,1
bonus1,65.4,0.829,1
bonus1,65.4,0.916,2
bonus1,65.4,0.926,2
bonus1,65.4,0.935,1
bonus1,65.4,0.956,2
bonus1,65.5,0.757,1
bonus1,65.5,0.784,1
bonus1,65.5,0.791,1
bonus1,65.5,0.798,1
bonus1,65.5,0.813,1
bonus1,65.5,0.845,1
bonus1,65.5,0.853,1
bonus1,65.5,0.861,1
bonus1,65.5,0.87,2
bonus1,65.5,0.879,1
bonus1,65.5,0.897,3
bonus1,65.5,0.906,1
bonus1,65.5,0.916,1
bonus1,65.5,0.935,1
bonus1,65.5,0.946,1
bonus1,65.6,0.644,1
bonus1,65.6,0.77,1
bonus1,65.6,0.853,1
bonus1,65.6,0.861,1
bonus1,65.6,0.879,1
bonus1,65.6,0.888,2
bonus1,65.6,0.916,3
bonus1,65.6,0.935,3
bonus1,65.6,0.967,1
bonus1,65.6,0.978,1
bonus1,65.6,0.989,1
bonus1,65.7,0.757,1
bonus1,65.7,0.798,1
bonus1,65.7,0.813,1
bonus1,65.7,0.897,1
bonus1,65.7,0.916,1
bonus1,65.8,0.777,1
bonus1,65.8,0.791,1
bonus1,65.8,0.813,2
bonus1,65.8,0.845,1
bonus1,65.8,0.853,1
bonus1,65.8,0.861,1
bonus1,65.8,0.888,1
bonus1,65.8,0.916,1
bonus1,65.8,0.935,2
bonus1,65.8,0.967,1
bonus1,65.8,0.978,1
bonus1,65.9,0.888,2
bonus1,65.9,0.897,1
bonus1,65.9,0.926,2
bonus1,65.9,0.956,2
bonus1,66,0.696,1
bonus1,66,0.821,1
bonus1,66,0.837,1
bonus1,66,0.879,1
bonus1,66,0.897,1
bonus1,66,0.906,1
bonus1,66,0.916,1
bonus1,66,0.935,2
bonus1,66,0.956,2
bonus1,66.1,0.707,1
bonus1,66.1,0.744,1
bonus1,66.1,0.829,1
bonus1,66.1,0.853,1
bonus1,66.1,0.879,2
bonus1,66.1,0.897,1
bonus1,66.1,0.916,2
bonus1,66.1,0.926,1
bonus1,66.1,0.935,1
bonus1,66.1,0.946,1
bonus1,66.2,0.719,1
bonus1,66.2,0.798,1
bonus1,66.2,0.821,1
bonus1,66.2,0.853,1
bonus1,66.2,0.861,1
bonus1,66.2,0.87,1
bonus1,66.2,0.879,1
bonus1,66.2,0.888,2
bonus1,66.2,0.916,4
bonus1,66.2,0.926,2
bonus1,66.2,0.946,1
bonus1,66.2,0.967,1
bonus1,66.3,0.64,1
bonus1,66.3,0.784,1
bonus1,66.3,0.813,1
bonus1,66.3,0.837,1
bonus1,66.3,0.879,1
bonus1,66.3,0.897,2
bonus1,66.3,0.935,1
bonus1,66.3,0.967,1
bonus1,66.3,0.978,1
bonus1,66.4,0.784,1
bonus1,66.4,0.813,1
bonus1,66.4,0.829,1
bonus1,66.4,0.861,1
bonus1,66.4,0.916,1
bonus1,66.4,0.926,1
bonus1,66.4,0.935,1
bonus1,66.4,0.978,2
bonus1,66.4,0.989,1
bonus1,66.5,0.644,1
bonus1,66.5,0.744,1
bonus1,66.5,0.853,2
bonus1,66.5,0.879,1
bonus1,66.5,0.888,2
bonus1,66.5,0.906,1
bonus1,66.5,0.935,1
bonus1,66.5,0.956,1
bonus1,66.6,0.77,1
bonus1,66.6,0.798,1
bonus1,66.6,0.837,1
bonus1,66.6,0.87,1
bonus1,66.6,0.906,1
bonus1,66.6,0.926,2
bonus1,66.6,0.978,1
bonus1,66.7,0.731,1
bonus1,66.7,0.77,1
bonus1,66.7,0.845,1
bonus1,66.7,0.853,1
bonus1,66.7,0.87,1
bonus1,66.7,0.879,2
bonus1,66.7,0.978,1
bonus1,66.8,0.737,1
bonus1,66.8,0.777,1
bonus1,66.8,0.784,1
bonus1,66.8,0.837,1
bonus1,66.8,0.845,1
bonus1,66.8,0.87,1
bonus1,66.8,0.888,1
bonus1,66.8,0.897,2
bonus1,66.8,0.906,1
bonus1,66.8,0.946,1
bonus1,66.8,0.956,1
bonus1,66.9,0.719,1
bonus1,66.9,0.845,1
bonus1,66.9,0.879,1
bonus1,66.9,0.888,1
bonus1,66.9,0.897,3
bonus1,66.9,0.906,2
bonus1,66.9,0.916,1
bonus1,66.9,0.926,1
bonus1,66.9,0.935,1
bonus1,66.9,0.946,1
bonus1,66.9,0.956,1
bonus1,67,0.77,1
bonus1,67,0.829,1
bonus1,67,0.87,1
bonus1,67,0.916,1
bonus1,67,0.926,1
bonus1,67,0.935,2
bonus1,67.1,0.702,1
bonus1,67.1,0.707,1
bonus1,67.1,0.725,1
bonus1,67.1,0.837,1
bonus1,67.1,0.87,1
bonus1,67.1,0.888,1
bonus1,67.1,0.897,1
bonus1,67.1,0.916,1
bonus1,67.1,0.926,1
bonus1,67.1,0.935,2
bonus1,67.1,0.978,1
bonus1,67.2,0.813,1
bonus1,67.2,0.879,1
bonus1,67.2,0.897,1
bonus1,67.2,0.926,1
bonus1,67.2,0.956,2
bonus1,67.2,0.967,1
bonus1,67.2,0.978,1
bonus1,67.3,0.791,1
bonus1,67.3,0.861,1
bonus1,67.3,0.897,4
bonus1,67.3,0.906,2
bonus1,67.3,0.926,1
bonus1,67.3,0.935,2
bonus1,67.3,0.956,1
bonus1,67.3,0.978,1
bonus1,67.4,0.696,1
bonus1,67.4,0.87,2
bonus1,67.4,0.879,1
bonus1,67.4,0.897,1
bonus1,67.4,0.906,1
bonus1,67.4,0.916,1
bonus1,67.4,0.935,2
bonus1,67.5,0.744,1
bonus1,67.5,0.77,1
bonus1,67.5,0.784,1
bonus1,67.5,0.879,2
bonus1,67.5,0.926,1
bonus1,67.6,0.731,1
bonus1,67.6,0.798,1
bonus1,67.6,0.829,1
bonus1,67.6,0.845,2
bonus1,67.6,0.888,1
bonus1,67.6,0.956,1
bonus1,67.7,0.806,1
bonus1,67.7,0.821,1
bonus1,67.7,0.879,1
bonus1,67.7,0.897,1
bonus1,67.7,0.906,1
bonus1,67.7,0.916,2
bonus1,67.7,0.926,3
bonus1,67.8,0.685,1
bonus1,67.8,0.757,1
bonus1,67.8,0.77,1
bonus1,67.8,0.784,1
bonus1,67.8,0.87,1
bonus1,67.8,0.879,1
bonus1,67.8,0.888,1
bonus1,67.8,0.935,1
bonus1,67.8,0.978,1
bonus1,67.9,0.731,1
bonus1,67.9,0.777,1
bonus1,67.9,0.845,1
bonus1,67.9,0.967,1
bonus1,67.9,0.978,1
bonus1,68,0.725,1
bonus1,68,0.75,1
bonus1,68,0.798,1
bonus1,68,0.853,1
bonus1,68,0.916,1
bonus1,68,0.926,1
bonus1,68,0.935,1
bonus1,68,0.967,1
bonus1,68.1,0.664,1
bonus1,68.1,0.713,1
bonus1,68.1,0.784,1
bonus1,68.1,0.791,1
bonus1,68.1,0.806,1
bonus1,68.1,0.813,1
bonus1,68.1,0.853,1
bonus1,68.1,0.861,1
bonus1,68.1,0.87,1
bonus1,68.1,0.879,1
bonus1,68.1,0.897,1
bonus1,68.1,0.916,1
bonus1,68.1,0.926,1
bonus1,68.1,0.978,1
bonus1,68.2,0.719,1
bonus1,68.2,0.791,1
bonus1,68.2,0.888,1
bonus1,68.2,0.897,1
bonus1,68.2,0.935,2
bonus1,68.2,0.946,1
bonus1,68.2,0.956,1
bonus1,68.3,0.77,1
bonus1,68.3,0.813,1
bonus1,68.3,0.897,2
bonus1,68.3,0.906,1
bonus1,68.3,0.916,1
bonus1,68.3,0.935,1
bonus1,68.3,0.956,3
bonus1,68.4,0.731,1
bonus1,68.4,0.791,1
bonus1,68.4,0.845,1
bonus1,68.4,0.861,1
bonus1,68.4,0.897,1
bonus1,68.4,0.916,1
bonus1,68.4,0.926,1
bonus1,68.5,0.757,1
bonus1,68.5,0.806,1
bonus1,68.5,0.813,1
bonus1,68.5,0.821,2
bonus1,68.5,0.829,1
bonus1,68.5,0.879,2
bonus1,68.5,0.916,1
bonus1,68.5,0.926,1
bonus1,68.6,0.685,1
bonus1,68.6,0.791,1
bonus1,68.6,0.829,1
bonus1,68.6,0.87,1
bonus1,68.6,0.879,1
bonus1,68.6,0.897,1
bonus1,68.6,0.916,1
bonus1,68.6,0.935,1
bonus1,68.6,0.946,1
bonus1,68.6,0.967,1
bonus1,68.7,0.644,1
bonus1,68.7,0.696,1
bonus1,68.7,0.777,1
bonus1,68.7,0.791,1
bonus1,68.7,0.813,2
bonus1,68.7,0.845,2
bonus1,68.7,0.879,1
bonus1,68.7,0.888,1
bonus1,68.7,0.916,1
bonus1,68.8,0.731,1
bonus1,68.8,0.791,1
bonus1,68.8,0.806,1
bonus1,68.8,0.853,2
bonus1,68.8,0.888,1
bonus1,68.8,0.906,1
bonus1,68.8,0.916,2
bonus1,68.8,0.978,1
bonus1,68.9,0.75,1
bonus1,68.9,0.829,1
bonus1,68.9,0.837,1
bonus1,68.9,0.861,2
bonus1,68.9,0.906,1
bonus1,68.9,0.935,3
bonus1,68.9,0.956,2
bonus1,69,0.763,1
bonus1,69,0.798,1
bonus1,69,0.821,1
bonus1,69,0.837,1
bonus1,69,0.888,1
bonus1,69,0.906,1
bonus1,69,0.956,1
bonus1,69.1,0.784,1
bonus1,69.1,0.798,1
bonus1,69.1,0.888,2
bonus1,69.1,0.897,1
bonus1,69.1,0.916,1
bonus1,69.1,0.935,1
bonus1,69.1,0.978,1
bonus1,69.2,0.798,2
bonus1,69.2,0.806,2
bonus1,69.2,0.853,2
bonus1,69.2,0.861,1
bonus1,69.2,0.87,2
bonus1,69.2,0.888,1
bonus1,69.2,0.916,1
bonus1,69.2,0.926,1
bonus1,69.2,0.935,2
bonus1,69.2,0.956,1
bonus1,69.3,0.719,1
bonus1,69.3,0.784,1
bonus1,69.3,0.798,1
bonus1,69.3,0.829,1
bonus1,69.3,0.837,1
bonus1,69.3,0.861,1
bonus1,69.3,0.879,1
bonus1,69.3,0.888,1
bonus1,69.3,0.906,1
bonus1,69.3,0.978,1
bonus1,69.4,0.784,1
bonus1,69.4,0.813,1
bonus1,69.4,0.87,1
bonus1,69.4,0.888,1
bonus1,69.4,0.897,1
bonus1,69.4,0.906,1
bonus1,69.4,0.916,1
bonus1,69.4,0.935,1
bonus1,69.5,0.897,1
bonus1,69.5,0.935,1
bonus1,69.5,0.946,1
bonus1,69.5,0.956,2
bonus1,69.5,0.967,1
bonus1,69.6,0.777,1
bonus1,69.6,0.798,1
bonus1,69.6,0.861,1
bonus1,69.6,0.879,1
bonus1,69.6,0.897,2
bonus1,69.6,0.906,2
bonus1,69.6,0.916,1
bonus1,69.7,0.626,1
bonus1,69.7,0.707,1
bonus1,69.7,0.813,1
bonus1,69.7,0.837,2
bonus1,69.7,0.845,2
bonus1,69.7,0.861,1
bonus1,69.7,0.879,1
bonus1,69.7,0.916,1
bonus1,69.7,0.935,1
bonus1,69.7,0.946,1
bonus1,69.8,0.719,1
bonus1,69.8,0.813,1
bonus1,69.8,0.861,2
bonus1,69.8,0.879,1
bonus1,69.8,0.926,3
bonus1,69.8,0.935,1
bonus1,69.8,0.946,1
bonus1,69.8,0.956,1
bonus1,69.9,0.829,1
bonus1,69.9,0.853,2
bonus1,69.9,0.879,1
bonus1,69.9,0.897,2
bonus1,69.9,0.906,2
bonus1,69.9,0.926,1
bonus1,70,0.763,1
bonus1,70,0.821,1
bonus1,70,0.837,1
bonus1,70,0.853,1
bonus1,70,0.888,2
bonus1,70,0.916,2
bonus1,70,0.926,1
bonus1,70,0.935,1
bonus1,70,0.956,4
bonus1,70.1,0.731,1
bonus1,70.1,0.806,1
bonus1,70.1,0.813,1
bonus1,70.1,0.821,1
bonus1,70.1,0.837,1
bonus1,70.1,0.845,2
bonus1,70.1,0.879,1
bonus1,70.1,0.888,1
bonus1,70.1,0.916,1
bonus1,70.1,0.935,1
bonus1,70.2,0.696,1
bonus1,70.2,0.845,1
bonus1,70.2,0.897,1
bonus1,70.2,0.906,1
bonus1,70.2,0.926,1
bonus1,70.2,0.935,2
bonus1,70.2,0.946,1
bonus1,70.3,0.77,1
bonus1,70.3,0.829,1
bonus1,70.3,0.861,2
bonus1,70.3,0.879,1
bonus1,70.3,0.888,1
bonus1,70.3,0.897,1
bonus1,70.3,0.946,1
bonus1,70.4,0.829,1
bonus1,70.4,0.853,1
bonus1,70.4,0.879,1
bonus1,70.4,0.916,2
bonus1,70.4,0.926,1
bonus1,70.4,0.935,1
bonus1,70.5,0.69,1
bonus1,70.5,0.713,1
bonus1,70.5,0.821,2
bonus1,70.5,0.879,1
bonus1,70.5,0.897,1
bonus1,70.5,0.916,1
bonus1,70.5,0.935,1
bonus1,70.5,0.946,1
bonus1,70.5,0.956,1
bonus1,70.6,0.635,1
bonus1,70.6,0.861,1
bonus1,70.6,0.879,1
bonus1,70.6,0.888,1
bonus1,70.6,0.916,2
bonus1,70.6,0.935,1
bonus1,70.6,0.956,1
bonus1,70.7,0.757,1
bonus1,70.7,0.77,1
bonus1,70.7,0.791,1
bonus1,70.7,0.821,1
bonus1,70.7,0.829,1
bonus1,70.7,0.837,1
bonus1,70.7,0.87,1
bonus1,70.7,0.879,1
bonus1,70.7,0.888,1
bonus1,70.7,0.916,1
bonus1,70.7,0.926,1
bonus1,70.8,0.757,1
bonus1,70.8,0.763,1
bonus1,70.8,0.845,1
bonus1,70.8,0.853,1
bonus1,70.8,0.879,1
bonus1,70.8,0.888,3
bonus1,70.8,0.906,1
bonus1,70.8,0.935,1
bonus1,70.8,0.946,1
bonus1,70.9,0.784,1
bonus1,70.9,0.829,1
bonus1,70.9,0.845,1
bonus1,70.9,0.87,1
bonus1,70.9,0.916,2
bonus1,70.9,0.935,2
bonus1,70.9,0.967,1
bonus1,71,0.813,1
bonus1,71,0.821,1
bonus1,71,0.829,1
bonus1,71,0.861,1
bonus1,71,0.879,1
bonus1,71,0.897,1
bonus1,71,0.916,1
bonus1,71,0.946,2
bonus1,71,0.956,2
bonus1,71.1,0.707,1
bonus1,71.1,0.845,1
bonus1,71.1,0.897,2
bonus1,71.1,0.916,3
bonus1,71.1,0.926,2
bonus1,71.1,0.935,2
bonus1,71.1,0.978,1
bonus1,71.2,0.626,1
bonus1,71.2,0.68,1
bonus1,71.2,0.719,1
bonus1,71.2,0.861,2
bonus1,71.2,0.879,1
bonus1,71.2,0.916,4
bonus1,71.2,0.946,1
bonus1,71.2,0.956,1
bonus1,71.2,0.967,1
bonus1,71.3,0.821,1
bonus1,71.3,0.829,1
bonus1,71.3,0.845,1
bonus1,71.3,0.879,1
bonus1,71.3,0.888,1
bonus1,71.3,0.906,1
bonus1,71.3,0.956,1
bonus1,71.3,0.978,1
bonus1,71.4,0.798,1
bonus1,71.4,0.806,1
bonus1,71.4,0.821,1
bonus1,71.4,0.845,1
bonus1,71.4,0.879,1
bonus1,71.4,0.897,1
bonus1,71.4,0.906,1
bonus1,71.4,0.916,1
bonus1,71.4,0.935,1
bonus1,71.5,0.702,1
bonus1,71.5,0.744,1
bonus1,71.5,0.821,1
bonus1,71.5,0.879,3
bonus1,71.5,0.897,3
bonus1,71.5,0.935,2
bonus1,71.5,0.956,1
bonus1,71.6,0.829,1
bonus1,71.6,0.853,1
bonus1,71.6,0.87,1
bonus1,71.6,0.916,1
bonus1,71.6,0.946,1
bonus1,71.6,0.956,2
bonus1,71.6,0.967,1
bonus1,71.7,0.829,1
bonus1,71.7,0.837,1
bonus1,71.7,0.879,1
bonus1,71.7,0.916,1
bonus1,71.7,0.926,1
bonus1,71.7,0.935,3
bonus1,71.7,0.946,1
bonus1,71.7,0.978,1
bonus1,71.8,0.845,2
bonus1,71.8,0.879,1
bonus1,71.8,0.956,1
bonus1,71.9,0.719,1
bonus1,71.9,0.763,1
bonus1,71.9,0.837,1
bonus1,71.9,0.87,1
bonus1,71.9,0.897,1
bonus1,71.9,0.935,1
bonus1,72,0.696,1
bonus1,72,0.737,1
bonus1,72,0.777,1
bonus1,72,0.784,1
bonus1,72,0.813,1
bonus1,72,0.837,1
bonus1,72,0.861,1
bonus1,72,0.888,1
bonus1,72,0.897,2
bonus1,72,0.906,1
bonus1,72,0.916,4
bonus1,72,0.926,2
bonus1,72,0.956,2
bonus1,72,0.978,1
bonus1,72.1,0.763,1
bonus1,72.1,0.798,1
bonus1,72.1,0.853,1
bonus1,72.1,0.879,2
bonus1,72.1,0.897,1
bonus1,72.1,0.935,2
bonus1,72.2,0.731,1
bonus1,72.2,0.837,1
bonus1,72.2,0.853,1
bonus1,72.2,0.888,1
bonus1,72.2,0.897,1
bonus1,72.2,0.916,1
bonus1,72.2,0.946,1
bonus1,72.3,0.77,1
bonus1,72.3,0.829,1
bonus1,72.3,0.861,2
bonus1,72.3,0.879,1
bonus1,72.3,0.935,1
bonus1,72.3,0.946,1
bonus1,72.4,0.77,1
bonus1,72.4,0.806,1
bonus1,72.4,0.837,1
bonus1,72.4,0.879,1
bonus1,72.4,0.888,1
bonus1,72.4,0.897,1
bonus1,72.4,0.916,1
bonus1,72.4,0.935,3
bonus1,72.4,0.967,1
bonus1,72.5,0.77,1
bonus1,72.5,0.806,1
bonus1,72.5,0.829,1
bonus1,72.5,0.853,1
bonus1,72.5,0.906,1
bonus1,72.5,0.926,1
bonus1,72.5,0.935,1
bonus1,72.6,0.813,1
bonus1,72.6,0.829,1
bonus1,72.6,0.879,1
bonus1,72.6,0.888,1
bonus1,72.6,0.897,1
bonus1,72.6,0.916,1
bonus1,72.6,0.956,2
bonus1,72.7,0.654,1
bonus1,72.7,0.813,2
bonus1,72.7,0.861,1
bonus1,72.7,0.879,2
bonus1,72.7,0.916,1
bonus1,72.8,0.798,1
bonus1,72.8,0.861,1
bonus1,72.8,0.897,1
bonus1,72.8,0.906,1
bonus1,72.8,0.916,1
bonus1,72.9,0.702,1
bonus1,72.9,0.853,1
bonus1,72.9,0.916,1
bonus1,72.9,0.935,2
bonus1,72.9,0.946,2
bonus1,72.9,0.956,1
bonus1,72.9,0.978,2
bonus1,73,0.68,1
bonus1,73,0.731,1
bonus1,73,0.897,2
bonus1,73,0.916,1
bonus1,73,0.926,1
bonus1,73,0.935,1
bonus1,73,0.978,1
bonus1,73.1,0.837,1
bonus1,73.1,0.845,1
bonus1,73.1,0.853,1
bonus1,73.1,0.861,1
bonus1,73.1,0.879,1
bonus1,73.1,0.888,1
bonus1,73.1,0.916,1
bonus1,73.1,0.935,1
bonus1,73.1,0.956,1
bonus1,73.1,0.978,1
bonus1,73.2,0.696,1
bonus1,73.2,0.713,1
bonus1,73.2,0.763,1
bonus1,73.2,0.806,1
bonus1,73.2,0.813,1
bonus1,73.2,0.897,1
bonus1,73.2,0.906,1
bonus1,73.2,0.916,2
bonus1,73.2,0.956,2
bonus1,73.2,0.978,1
bonus1,73.3,0.654,1
bonus1,73.3,0.664,1
bonus1,73.3,0.757,1
bonus1,73.3,0.853,1
bonus1,73.3,0.861,1
bonus1,73.3,0.879,2
bonus1,73.3,0.888,1
bonus1,73.3,0.897,1
bonus1,73.3,0.906,1
bonus1,73.3,0.916,1
bonus1,73.3,0.935,2
bonus1,73.4,0.763,1
bonus1,73.4,0.77,2
bonus1,73.4,0.791,1
bonus1,73.4,0.798,1
bonus1,73.4,0.813,1
bonus1,73.4,0.845,1
bonus1,73.4,0.853,1
bonus1,73.4,0.861,1
bonus1,73.4,0.879,1
bonus1,73.4,0.897,2
bonus1,73.4,0.916,1
bonus1,73.4,0.935,1
bonus1,73.4,0.946,1
bonus1,73.4,0.978,1
bonus1,73.5,0.916,3
bonus1,73.5,0.935,2
bonus1,73.5,0.946,1
bonus1,73.5,0.956,2
bonus1,73.6,0.731,1
bonus1,73.6,0.798,1
bonus1,73.6,0.813,1
bonus1,73.6,0.906,1
bonus1,73.6,0.926,1
bonus1,73.6,0.935,3
bonus1,73.6,0.946,1
bonus1,73.7,0.813,1
bonus1,73.7,0.829,1
bonus1,73.7,0.853,1
bonus1,73.7,0.916,2
bonus1,73.7,0.946,2
bonus1,73.7,0.956,1
bonus1,73.7,0.967,1
bonus1,73.8,0.75,1
bonus1,73.8,0.777,1
bonus1,73.8,0.798,1
bonus1,73.8,0.829,1
bonus1,73.8,0.845,1
bonus1,73.8,0.853,1
bonus1,73.8,0.879,1
bonus1,73.8,0.897,2
bonus1,73.8,0.906,1
bonus1,73.8,0.967,1
bonus1,73.9,0.757,1
bonus1,73.9,0.813,2
bonus1,73.9,0.879,1
bonus1,74,0.64,1
bonus1,74,0.77,2
bonus1,74,0.845,2
bonus1,74,0.879,1
bonus1,74,0.897,1
bonus1,74,0.906,2
bonus1,74,0.916,1
bonus1,74,0.935,1
bonus1,74,0.946,1
bonus1,74,0.956,1
bonus1,74.1,0.731,1
bonus1,74.1,0.837,1
bonus1,74.1,0.845,2
bonus1,74.1,0.916,1
bonus1,74.1,0.956,1
bonus1,74.2,0.829,1
bonus1,74.2,0.845,1
bonus1,74.2,0.897,1
bonus1,74.2,0.916,2
bonus1,74.2,0.935,1
bonus1,74.2,0.956,1
bonus1,74.2,0.978,1
bonus1,74.3,0.784,1
bonus1,74.3,0.829,2
bonus1,74.3,0.879,1
bonus1,74.3,0.989,1
bonus1,74.4,0.757,1
bonus1,74.4,0.806,2
bonus1,74.4,0.813,1
bonus1,74.4,0.829,1
bonus1,74.4,0.845,1
bonus1,74.4,0.888,1
bonus1,74.4,0.897,1
bonus1,74.4,0.926,1
bonus1,74.4,0.935,2
bonus1,74.4,0.946,1
bonus1,74.4,0.956,1
bonus1,74.5,0.731,1
bonus1,74.5,0.798,1
bonus1,74.5,0.829,1
bonus1,74.5,0.845,1
bonus1,74.5,0.87,1
bonus1,74.5,0.879,2
bonus1,74.5,0.916,2
bonus1,74.5,0.956,1
bonus1,74.5,0.978,1
bonus1,74.6,0.791,1
bonus1,74.6,0.956,1
bonus1,74.7,0.719,1
bonus1,74.7,0.731,1
bonus1,74.7,0.798,2
bonus1,74.7,0.829,1
bonus1,74.7,0.888,1
bonus1,74.7,0.897,1
bonus1,74.7,0.916,1
bonus1,74.7,0.935,2
bonus1,74.7,0.956,1
bonus1,74.8,0.784,1
bonus1,74.8,0.813,1
bonus1,74.8,0.829,1
bonus1,74.8,0.837,1
bonus1,74.8,0.845,1
bonus1,74.8,0.897,1
bonus1,74.8,0.916,3
bonus1,74.8,0.935,1
bonus1,74.8,0.978,1
bonus1,74.9,0.737,1
bonus1,74.9,0.87,1
bonus1,74.9,0.879,1
bonus1,74.9,0.897,1
bonus1,74.9,0.906,1
bonus1,74.9,0.946,1
bonus1,74.9,0.956,1
bonus1,75,0.669,1
bonus1,75,0.75,1
bonus1,75,0.853,1
bonus1,75,0.888,1
bonus1,75,0.916,1
bonus1,75,0.935,2
bonus1,75.1,0.664,1
bonus1,75.1,0.829,1
bonus1,75.2,0.916,1
bonus1,75.2,0.956,1
bonus1,75.3,0.763,1
bonus1,75.3,0.77,1
bonus1,75.3,0.916,1
bonus1,75.3,0.935,1
bonus1,75.3,0.956,1
bonus1,75.4,0.829,1
bonus1,75.4,0.837,1
bonus1,75.4,0.861,1
bonus1,75.4,0.916,2
bonus1,75.4,0.978,1
bonus1,75.5,0.725,1
bonus1,75.5,0.757,1
bonus1,75.5,0.777,1
bonus1,75.5,0.798,2
bonus1,75.5,0.879,4
bonus1,75.5,0.888,1
bonus1,75.5,0.906,2
bonus1,75.5,0.935,1
bonus1,75.5,0.956,1
bonus1,75.6,0.757,1
bonus1,75.6,0.837,1
bonus1,75.6,0.853,1
bonus1,75.6,0.861,1
bonus1,75.6,0.897,3
bonus1,75.6,0.978,1
bonus1,75.7,0.813,1
bonus1,75.7,0.837,1
bonus1,75.7,0.845,1
bonus1,75.7,0.888,2
bonus1,75.7,0.906,2
bonus1,75.7,0.935,1
bonus1,75.7,0.956,1
bonus1,75.8,0.77,1
bonus1,75.8,0.784,1
bonus1,75.8,0.813,1
bonus1,75.8,0.837,1
bonus1,75.8,0.845,1
bonus1,75.8,0.861,1
bonus1,75.8,0.897,2
bonus1,75.8,0.935,1
bonus1,75.8,0.978,1
bonus1,75.9,0.744,1
bonus1,75.9,0.791,1
bonus1,75.9,0.798,1
bonus1,75.9,0.806,1
bonus1,75.9,0.813,1
bonus1,75.9,0.845,1
bonus1,75.9,0.853,2
bonus1,75.9,0.888,1
bonus1,75.9,0.897,1
bonus1,75.9,0.906,1
bonus1,75.9,0.916,1
bonus1,75.9,0.935,1
bonus1,75.9,0.956,1
bonus1,76,0.731,1
bonus1,76,0.845,2
bonus1,76,0.861,1
bonus1,76,0.897,1
bonus1,76,0.978,1
bonus1,76.1,0.784,1
bonus1,76.1,0.821,1
bonus1,76.1,0.845,1
bonus1,76.1,0.861,2
bonus1,76.1,0.897,2
bonus1,76.1,0.946,2
bonus1,76.2,0.77,1
bonus1,76.2,0.829,2
bonus1,76.2,0.879,1
bonus1,76.2,0.888,2
bonus1,76.2,0.916,1
bonus1,76.2,0.946,3
bonus1,76.2,0.967,1
bonus1,76.3,0.702,1
bonus1,76.3,0.798,1
bonus1,76.3,0.879,1
bonus1,76.3,0.888,3
bonus1,76.3,0.946,1
bonus1,76.4,0.853,1
bonus1,76.4,0.87,1
bonus1,76.4,0.879,2
bonus1,76.4,0.916,2
bonus1,76.4,0.967,1
bonus1,76.5,0.853,1
bonus1,76.5,0.897,1
bonus1,76.5,0.906,1
bonus1,76.5,0.935,2
bonus1,76.5,0.946,1
bonus1,76.6,0.77,1
bonus1,76.6,0.837,1
bonus1,76.6,0.87,1
bonus1,76.6,0.897,1
bonus1,76.6,0.916,1
bonus1,76.6,0.946,1
bonus1,76.7,0.685,1
bonus1,76.7,0.75,1
bonus1,76.7,0.821,1
bonus1,76.7,0.837,1
bonus1,76.7,0.87,1
bonus1,76.7,0.906,1
bonus1,76.7,0.916,2
bonus1,76.8,0.731,1
bonus1,76.8,0.829,1
bonus1,76.8,0.861,1
bonus1,76.8,0.879,1
bonus1,76.8,0.897,1
bonus1,76.8,0.916,1
bonus1,76.8,0.926,2
bonus1,76.8,0.967,2
bonus1,76.9,0.897,2
bonus1,76.9,0.935,1
bonus1,76.9,0.956,1
bonus1,77,0.731,1
bonus1,77,0.916,1
bonus1,77,0.935,1
bonus1,77.1,0.813,1
bonus1,77.1,0.821,1
bonus1,77.1,0.853,1
bonus1,77.1,0.861,1
bonus1,77.1,0.879,1
bonus1,77.1,0.897,1
bonus1,77.1,0.926,1
bonus1,77.2,0.916,1
bonus1,77.2,0.926,1
bonus1,77.2,0.935,2
bonus1,77.2,0.956,1
bonus1,77.3,0.845,1
bonus1,77.3,0.906,1
bonus1,77.3,0.935,1
bonus1,77.3,0.946,1
bonus1,77.3,0.956,1
bonus1,77.3,0.989,1
bonus1,77.4,0.777,1
bonus1,77.4,0.861,2
bonus1,77.4,0.888,1
bonus1,77.4,0.897,1
bonus1,77.4,0.946,1
bonus1,77.5,0.777,1
bonus1,77.5,0.837,1
bonus1,77.5,0.861,1
bonus1,77.5,0.87,1
bonus1,77.5,0.879,3
bonus1,77.5,0.916,3
bonus1,77.5,0.935,1
bonus1,77.5,0.956,1
bonus1,77.5,0.978,1
bonus1,77.6,0.897,1
bonus1,77.6,0.935,1
bonus1,77.6,0.946,1
bonus1,77.7,0.829,1
bonus1,77.7,0.837,1
bonus1,77.7,0.845,1
bonus1,77.7,0.926,1
bonus1,77.7,0.935,1
bonus1,77.7,0.978,1
bonus1,77.8,0.757,2
bonus1,77.8,0.784,1
bonus1,77.8,0.806,1
bonus1,77.8,0.888,1
bonus1,77.8,0.897,1
bonus1,77.8,0.906,1
bonus1,77.8,0.926,1
bonus1,77.8,0.978,1
bonus1,77.9,0.75,1
bonus1,77.9,0.813,1
bonus1,77.9,0.829,1
bonus1,77.9,0.845,1
bonus1,77.9,0.861,2
bonus1,77.9,0.87,1
bonus1,77.9,0.906,1
bonus1,77.9,0.916,3
bonus1,77.9,0.935,1
bonus1,77.9,0.967,1
bonus1,78,0.737,1
bonus1,78,0.861,1
bonus1,78,0.926,1
bonus1,78,0.956,1
bonus1,78.1,0.69,1
bonus1,78.1,0.784,1
bonus1,78.1,0.845,1
bonus1,78.1,0.87,1
bonus1,78.1,0.879,1
bonus1,78.1,0.897,1
bonus1,78.1,0.916,2
bonus1,78.1,0.926,1
bonus1,78.1,0.935,1
bonus1,78.1,0.956,3
bonus1,78.2,0.696,1
bonus1,78.2,0.821,2
bonus1,78.2,0.935,1
bonus1,78.3,0.737,1
bonus1,78.3,0.821,1
bonus1,78.3,0.926,1
bonus1,78.4,0.77,1
bonus1,78.4,0.897,1
bonus1,78.4,0.926,1
bonus1,78.4,0.935,1
bonus1,78.5,0.702,1
bonus1,78.5,0.861,1
bonus1,78.5,0.888,1
bonus1,78.5,0.916,1
bonus1,78.5,0.935,1
bonus1,78.5,0.956,1
bonus1,78.6,0.702,1
bonus1,78.6,0.77,1
bonus1,78.6,0.777,1
bonus1,78.6,0.829,1
bonus1,78.6,0.87,2
bonus1,78.6,0.897,1
bonus1,78.6,0.916,2
bonus1,78.6,0.935,1
bonus1,78.6,0.956,1
bonus1,78.6,0.967,1
bonus1,78.7,0.813,1
bonus1,78.7,0.837,2
bonus1,78.7,0.845,1
bonus1,78.7,0.861,1
bonus1,78.7,0.87,1
bonus1,78.7,0.897,1
bonus1,78.8,0.845,1
bonus1,78.8,0.853,1
bonus1,78.8,0.946,2
bonus1,78.9,0.837,1
bonus1,78.9,0.845,1
bonus1,78.9,0.888,1
bonus1,78.9,0.897,1
bonus1,78.9,0.935,1
bonus1,79,0.69,1
bonus1,79,0.763,1
bonus1,79,0.813,1
bonus1,79,0.821,1
bonus1,79,0.897,1
bonus1,79,0.906,3
bonus1,79,0.946,1
bonus1,79,0.956,1
bonus1,79.1,0.685,1
bonus1,79.1,0.829,1
bonus1,79.1,0.853,1
bonus1,79.1,0.879,1
bonus1,79.1,0.906,1
bonus1,79.1,0.916,1
bonus1,79.1,0.935,1
bonus1,79.2,0.685,1
bonus1,79.2,0.737,1
bonus1,79.2,0.784,1
bonus1,79.2,0.798,2
bonus1,79.2,0.861,1
bonus1,79.2,0.879,1
bonus1,79.2,0.888,1
bonus1,79.2,0.916,1
bonus1,79.2,0.926,1
bonus1,79.2,0.935,1
bonus1,79.2,0.946,1
bonus1,79.2,0.956,3
bonus1,79.3,0.845,1
bonus1,79.3,0.861,2
bonus1,79.3,0.87,1
bonus1,79.3,0.956,1
bonus1,79.4,0.798,1
bonus1,79.4,0.897,1
bonus1,79.4,0.906,1
bonus1,79.4,0.926,1
bonus1,79.4,0.946,1
bonus1,79.4,0.956,1
bonus1,79.5,0.696,1
bonus1,79.5,0.777,1
bonus1,79.5,0.784,1
bonus1,79.5,0.829,2
bonus1,79.5,0.837,1
bonus1,79.5,0.853,1
bonus1,79.5,0.897,1
bonus1,79.5,0.946,3
bonus1,79.5,0.956,2
bonus1,79.6,0.696,2
bonus1,79.6,0.731,1
bonus1,79.6,0.757,1
bonus1,79.6,0.777,1
bonus1,79.6,0.806,1
bonus1,79.6,0.829,1
bonus1,79.6,0.888,1
bonus1,79.6,0.897,1
bonus1,79.6,0.906,1
bonus1,79.6,0.926,2
bonus1,79.6,0.946,3
bonus1,79.6,0.967,1
bonus1,79.7,0.829,1
bonus1,79.7,0.861,1
bonus1,79.7,0.935,2
bonus1,79.8,0.731,1
bonus1,79.8,0.763,1
bonus1,79.8,0.845,1
bonus1,79.8,0.853,1
bonus1,79.8,0.916,2
bonus1,79.8,0.956,1
bonus1,79.9,0.744,1
bonus1,79.9,0.829,2
bonus1,79.9,0.879,1
bonus1,79.9,0.916,1
bonus1,80,0.763,1
bonus1,80,0.784,2
bonus1,80,0.87,1
bonus1,80,0.897,1
bonus1,80,0.916,1
bonus1,80,0.946,2
bonus1,80,0.956,1
bonus1,80,0.978,1
bonus1,80.1,0.798,1
bonus1,80.1,0.845,1
bonus1,80.1,0.87,2
bonus1,80.1,0.888,1
bonus1,80.1,0.897,1
bonus1,80.1,0.935,1
bonus1,80.1,0.946,1
bonus1,80.2,0.731,1
bonus1,80.2,0.798,1
bonus1,80.2,0.861,1
bonus1,80.2,0.906,1
bonus1,80.2,0.916,1
bonus1,80.2,0.967,1
bonus1,80.3,0.806,1
bonus1,80.3,0.837,1
bonus1,80.3,0.861,1
bonus1,80.3,0.897,1
bonus1,80.3,0.956,1
bonus1,80.4,0.737,1
bonus1,80.4,0.744,1
bonus1,80.4,0.813,1
bonus1,80.4,0.829,1
bonus1,80.4,0.853,1
bonus1,80.4,0.906,1
bonus1,80.4,0.916,3
bonus1,80.4,0.946,2
bonus1,80.4,0.956,1
bonus1,80.5,0.744,1
bonus1,80.5,0.75,1
bonus1,80.5,0.829,1
bonus1,80.5,0.853,1
bonus1,80.5,0.897,1
bonus1,80.5,0.916,2
bonus1,80.5,0.956,2
bonus1,80.6,0.777,1
bonus1,80.6,0.837,1
bonus1,80.6,0.879,1
bonus1,80.6,0.897,1
bonus1,80.6,0.916,3
bonus1,80.6,0.926,1
bonus1,80.6,0.956,3
bonus1,80.7,0.879,2
bonus1,80.7,0.888,1
bonus1,80.7,0.897,1
bonus1,80.7,0.906,1
bonus1,80.7,0.935,1
bonus1,80.7,0.946,1
bonus1,80.7,0.956,2
bonus1,80.8,0.725,1
bonus1,80.8,0.798,1
bonus1,80.8,0.806,1
bonus1,80.8,0.861,1
bonus1,80.8,0.879,1
bonus1,80.8,0.888,1
bonus1,80.8,0.906,1
bonus1,80.8,0.916,3
bonus1,80.8,0.935,3
bonus1,80.9,0.798,1
bonus1,80.9,0.813,1
bonus1,80.9,0.888,1
bonus1,80.9,0.906,1
bonus1,80.9,0.946,1
bonus1,80.9,0.956,2
bonus1,80.9,0.989,1
bonus1,81,0.784,1
bonus1,81,0.806,1
bonus1,81,0.853,1
bonus1,81,0.861,1
bonus1,81,0.897,1
bonus1,81,0.906,1
bonus1,81,0.926,2
bonus1,81.1,0.744,1
bonus1,81.1,0.879,2
bonus1,81.1,0.916,1
bonus1,81.1,0.935,1
bonus1,81.2,0.784,1
bonus1,81.2,0.806,1
bonus1,81.2,0.837,1
bonus1,81.2,0.845,1
bonus1,81.2,0.861,1
bonus1,81.2,0.897,1
bonus1,81.2,0.926,1
bonus1,81.3,0.75,1
bonus1,81.3,0.757,1
bonus1,81.3,0.798,1
bonus1,81.3,0.829,2
bonus1,81.3,0.837,2
bonus1,81.3,0.897,1
bonus1,81.3,0.906,3
bonus1,81.3,0.956,1
bonus1,81.4,0.777,1
bonus1,81.4,0.821,1
bonus1,81.4,0.853,1
bonus1,81.4,0.897,1
bonus1,81.4,0.935,1
bonus1,81.5,0.813,1
bonus1,81.5,0.829,1
bonus1,81.5,0.845,2
bonus1,81.5,0.853,1
bonus1,81.5,0.888,1
bonus1,81.5,0.897,1
bonus1,81.5,0.946,1
bonus1,81.5,0.956,1
bonus1,81.6,0.798,1
bonus1,81.6,0.813,1
bonus1,81.6,0.837,1
bonus1,81.6,0.853,1
bonus1,81.6,0.897,2
bonus1,81.6,0.916,1
bonus1,81.6,0.935,1
bonus1,81.6,0.989,1
bonus1,81.7,0.731,1
bonus1,81.7,0.861,1
bonus1,81.7,0.906,1
bonus1,81.7,0.916,1
bonus1,81.7,0.935,1
bonus1,81.7,0.956,1
bonus1,81.8,0.696,1
bonus1,81.8,0.719,1
bonus1,81.8,0.791,1
bonus1,81.8,0.829,1
bonus1,81.8,0.853,1
bonus1,81.8,0.861,1
bonus1,81.8,0.87,1
bonus1,81.8,0.879,1
bonus1,81.8,0.956,1
bonus1,81.8,0.967,1
bonus1,81.9,0.897,1
bonus1,81.9,0.916,1
bonus1,81.9,0.926,2
bonus1,81.9,0.956,1
bonus1,82,0.784,1
bonus1,82,0.813,1
bonus1,82,0.853,1
bonus1,82,0.926,1
bonus1,82,0.935,1
bonus1,82,0.967,1
bonus1,82.1,0.763,1
bonus1,82.1,0.806,1
bonus1,82.1,0.837,1
bonus1,82.1,0.861,1
bonus1,82.1,0.87,1
bonus1,82.1,0.879,2
bonus1,82.1,0.897,2
bonus1,82.1,0.935,1
bonus1,82.1,0.956,1
bonus1,82.1,0.967,1
bonus1,82.1,0.978,1
bonus1,82.2,0.719,1
bonus1,82.2,0.757,1
bonus1,82.2,0.837,2
bonus1,82.2,0.845,1
bonus1,82.2,0.853,1
bonus1,82.2,0.879,1
bonus1,82.2,0.916,1
bonus1,82.2,0.967,1
bonus1,82.3,0.696,1
bonus1,82.3,0.806,1
bonus1,82.3,0.837,1
bonus1,82.3,0.853,1
bonus1,82.3,0.879,1
bonus1,82.3,0.888,1
bonus1,82.4,0.861,1
bonus1,82.4,0.935,1
bonus1,82.4,0.946,1
bonus1,82.5,0.669,1
bonus1,82.5,0.702,1
bonus1,82.5,0.713,1
bonus1,82.5,0.77,1
bonus1,82.5,0.879,1
bonus1,82.5,0.926,1
bonus1,82.5,0.935,1
bonus1,82.6,0.763,1
bonus1,82.6,0.798,1
bonus1,82.6,0.821,1
bonus1,82.6,0.897,1
bonus1,82.6,0.906,1
bonus1,82.6,0.935,1
bonus1,82.6,0.956,1
bonus1,82.7,0.777,1
bonus1,82.7,0.784,1
bonus1,82.7,0.888,1
bonus1,82.7,0.906,1
bonus1,82.7,0.916,2
bonus1,82.7,0.946,1
bonus1,82.8,0.696,1
bonus1,82.8,0.77,1
bonus1,82.8,0.888,1
bonus1,82.8,0.906,1
bonus1,82.8,0.926,1
bonus1,82.8,0.935,1
bonus1,82.9,0.664,1
bonus1,82.9,0.731,1
bonus1,82.9,0.829,1
bonus1,82.9,0.87,1
bonus1,82.9,0.879,1
bonus1,82.9,0.897,1
bonus1,82.9,0.906,1
bonus1,83,0.77,1
bonus1,83,0.837,1
bonus1,83,0.87,2
bonus1,83,0.916,1
bonus1,83,0.935,1
bonus1,83.1,0.784,1
bonus1,83.1,0.813,1
bonus1,83.1,0.897,1
bonus1,83.1,0.926,1
bonus1,83.1,0.956,1
bonus1,83.2,0.87,1
bonus1,83.2,0.879,2
bonus1,83.2,0.888,1
bonus1,83.2,0.916,2
bonus1,83.2,0.926,1
bonus1,83.2,0.935,1
bonus1,83.2,0.946,1
bonus1,83.3,0.777,1
bonus1,83.3,0.806,1
bonus1,83.3,0.845,1
bonus1,83.3,0.861,1
bonus1,83.3,0.906,1
bonus1,83.3,0.926,2
bonus1,83.4,0.845,1
bonus1,83.4,0.861,1
bonus1,83.4,0.879,1
bonus1,83.4,0.916,1
bonus1,83.5,0.669,1
bonus1,83.5,0.837,1
bonus1,83.5,0.853,1
bonus1,83.5,0.879,1
bonus1,83.5,0.897,1
bonus1,83.6,0.725,1
bonus1,83.6,0.757,2
bonus1,83.6,0.837,1
bonus1,83.6,0.853,1
bonus1,83.6,0.879,1
bonus1,83.6,0.888,1
bonus1,83.6,0.916,1
bonus1,83.6,0.935,1
bonus1,83.6,0.946,1
bonus1,83.6,0.956,1
bonus1,83.6,0.967,1
bonus1,83.7,0.879,1
bonus1,83.7,0.897,1
bonus1,83.7,0.926,1
bonus1,83.7,0.935,4
bonus1,83.8,0.837,1
bonus1,83.8,0.861,1
bonus1,83.8,0.897,1
bonus1,83.8,0.956,1
bonus1,83.9,0.744,1
bonus1,83.9,0.763,1
bonus1,83.9,0.784,1
bonus1,83.9,0.821,1
bonus1,83.9,0.829,1
bonus1,83.9,0.861,2
bonus1,83.9,0.888,1
bonus1,83.9,0.897,1
bonus1,83.9,0.916,1
bonus1,83.9,0.946,2
bonus1,84,0.75,1
bonus1,84,0.757,1
bonus1,84,0.879,1
bonus1,84,0.916,1
bonus1,84,0.956,1
bonus1,84.1,0.719,1
bonus1,84.1,0.757,1
bonus1,84.1,0.879,2
bonus1,84.1,0.888,1
bonus1,84.1,0.906,1
bonus1,84.1,0.935,2
bonus1,84.2,0.713,1
bonus1,84.2,0.829,1
bonus1,84.2,0.87,1
bonus1,84.2,0.897,1
bonus1,84.2,0.956,1
bonus1,84.3,0.784,1
bonus1,84.3,0.978,1
bonus1,84.4,0.837,1
bonus1,84.4,0.861,1
bonus1,84.4,0.87,1
bonus1,84.4,0.879,3
bonus1,84.4,0.888,1
bonus1,84.4,0.897,1
bonus1,84.4,0.956,1
bonus1,84.5,0.916,1
bonus1,84.5,0.935,1
bonus1,84.5,0.956,1
bonus1,84.6,0.821,1
bonus1,84.6,0.861,1
bonus1,84.6,0.916,1
bonus1,84.6,0.935,1
bonus1,84.7,0.731,1
bonus1,84.7,0.829,1
bonus1,84.7,0.853,1
bonus1,84.7,0.87,1
bonus1,84.7,0.879,1
bonus1,84.7,0.897,2
bonus1,84.8,0.68,1
bonus1,84.8,0.806,1
bonus1,84.8,0.813,1
bonus1,84.8,0.888,1
bonus1,84.8,0.956,1
bonus1,84.9,0.75,1
bonus1,84.9,0.829,1
bonus1,84.9,0.861,2
bonus1,84.9,0.916,1
bonus1,84.9,0.956,1
bonus1,85,0.644,1
bonus1,85,0.744,1
bonus1,85,0.784,1
bonus1,85,0.798,1
bonus1,85,0.845,1
bonus1,85,0.906,1
bonus1,85,0.926,1
bonus1,85.1,0.744,1
bonus1,85.1,0.879,1
bonus1,85.1,0.897,1
bonus1,85.1,0.916,1
bonus1,85.1,0.935,1
bonus1,85.1,0.946,1
bonus1,85.2,0.664,1
bonus1,85.2,0.845,1
bonus1,85.2,0.861,1
bonus1,85.2,0.967,1
bonus1,85.3,0.791,1
bonus1,85.3,0.821,1
bonus1,85.3,0.829,1
bonus1,85.3,0.853,2
bonus1,85.3,0.87,1
bonus1,85.3,0.879,1
bonus1,85.3,0.926,1
bonus1,85.4,0.879,1
bonus1,85.4,0.888,1
bonus1,85.4,0.916,1
bonus1,85.4,0.946,1
bonus1,85.4,0.956,1
bonus1,85.4,0.978,1
bonus1,85.5,0.707,1
bonus1,85.5,0.731,1
bonus1,85.5,0.879,1
bonus1,85.5,0.897,1
bonus1,85.5,0.967,1
bonus1,85.6,0.777,1
bonus1,85.6,0.821,1
bonus1,85.6,0.845,1
bonus1,85.6,0.879,1
bonus1,85.6,0.888,1
bonus1,85.6,0.916,1
bonus1,85.6,0.935,1
bonus1,85.6,0.946,1
bonus1,85.6,0.956,1
bonus1,85.6,0.967,1
bonus1,85.6,0.978,1
bonus1,85.7,0.713,1
bonus1,85.7,0.837,1
bonus1,85.7,0.87,1
bonus1,85.7,0.879,1
bonus1,85.7,0.897,1
bonus1,85.7,0.956,1
bonus1,85.8,0.845,1
bonus1,85.8,0.87,1
bonus1,85.8,0.888,1
bonus1,85.8,0.897,1
bonus1,85.8,0.967,1
bonus1,85.9,0.757,1
bonus1,85.9,0.806,1
bonus1,85.9,0.813,1
bonus1,85.9,0.837,1
bonus1,85.9,0.845,1
bonus1,85.9,0.861,1
bonus1,85.9,0.879,1
bonus1,85.9,0.888,2
bonus1,85.9,0.906,1
bonus1,85.9,0.935,1
bonus1,85.9,0.956,2
bonus1,85.9,0.978,1
bonus1,86,0.719,1
bonus1,86,0.784,1
bonus1,86,0.916,1
bonus1,86.1,0.813,1
bonus1,86.1,0.821,1
bonus1,86.1,0.845,1
bonus1,86.1,0.853,1
bonus1,86.1,0.897,1
bonus1,86.1,0.906,1
bonus1,86.1,0.935,2
bonus1,86.2,0.791,1
bonus1,86.2,0.837,1
bonus1,86.2,0.906,1
bonus1,86.2,0.956,1
bonus1,86.2,0.978,1
bonus1,86.3,0.744,1
bonus1,86.3,0.853,1
bonus1,86.3,0.888,1
bonus1,86.3,0.897,2
bonus1,86.3,0.916,1
bonus1,86.3,0.935,1
bonus1,86.4,0.75,1
bonus1,86.4,0.806,1
bonus1,86.4,0.935,1
bonus1,86.5,0.725,1
bonus1,86.5,0.853,1
bonus1,86.5,0.926,1
bonus1,86.5,0.946,1
bonus1,86.5,0.956,3
bonus1,86.6,0.75,1
bonus1,86.6,0.77,1
bonus1,86.6,0.784,1
bonus1,86.6,0.845,1
bonus1,86.6,0.879,1
bonus1,86.6,0.906,2
bonus1,86.6,0.916,1
bonus1,86.6,0.926,1
bonus1,86.6,0.935,1
bonus1,86.6,0.946,1
bonus1,86.7,0.757,2
bonus1,86.7,0.821,1
bonus1,86.7,0.829,2
bonus1,86.7,0.837,1
bonus1,86.7,0.845,1
bonus1,86.7,0.87,2
bonus1,86.7,0.888,1
bonus1,86.7,0.935,1
bonus1,86.7,0.956,1
bonus1,86.7,0.967,1
bonus1,86.8,0.757,1
bonus1,86.8,0.837,2
bonus1,86.8,0.87,1
bonus1,86.8,0.897,1
bonus1,86.8,0.935,1
bonus1,86.8,0.956,3
bonus1,86.9,0.685,1
bonus1,86.9,0.763,2
bonus1,86.9,0.897,1
bonus1,86.9,0.935,1
bonus1,87,0.744,1
bonus1,87,0.853,1
bonus1,87,0.916,1
bonus1,87.1,0.664,1
bonus1,87.1,0.744,1
bonus1,87.1,0.829,1
bonus1,87.1,0.906,1
bonus1,87.1,0.956,2
bonus1,87.2,0.763,1
bonus1,87.2,0.829,2
bonus1,87.2,0.897,1
bonus1,87.2,0.926,1
bonus1,87.3,0.798,1
bonus1,87.3,0.821,1
bonus1,87.3,0.879,1
bonus1,87.3,0.888,1
bonus1,87.3,0.897,1
bonus1,87.3,0.926,1
bonus1,87.3,0.935,1
bonus1,87.4,0.897,2
bonus1,87.4,0.916,1
bonus1,87.4,0.935,1
bonus1,87.4,0.978,1
bonus1,87.5,0.87,1
bonus1,87.5,0.897,1
bonus1,87.5,0.906,1
bonus1,87.5,0.916,4
bonus1,87.5,0.926,1
bonus1,87.5,0.946,2
bonus1,87.5,0.978,1
bonus1,87.6,0.791,1
bonus1,87.6,0.879,1
bonus1,87.6,0.906,2
bonus1,87.6,0.926,1
bonus1,87.6,0.956,1
bonus1,87.6,0.967,1
bonus1,87.7,0.604,1
bonus1,87.7,0.897,1
bonus1,87.7,0.926,2
bonus1,87.7,0.935,1
bonus1,87.8,0.719,1
bonus1,87.8,0.784,1
bonus1,87.8,0.821,1
bonus1,87.8,0.906,1
bonus1,87.8,0.916,3
bonus1,87.8,0.935,2
bonus1,87.9,0.558,1
bonus1,87.9,0.798,1
bonus1,87.9,0.967,1
bonus1,87.9,0.989,1
bonus1,88,0.87,1
bonus1,88.1,0.845,1
bonus1,88.1,0.853,1
bonus1,88.1,0.861,2
bonus1,88.1,0.879,1
bonus1,88.1,0.897,1
bonus1,88.1,0.916,1
bonus1,88.1,0.935,1
bonus1,88.1,0.946,1
bonus1,88.1,0.956,1
bonus1,88.1,0.967,1
bonus1,88.2,0.784,1
bonus1,88.2,0.829,1
bonus1,88.2,0.845,1
bonus1,88.2,0.861,2
bonus1,88.2,0.879,2
bonus1,88.2,0.935,1
bonus1,88.2,0.967,1
bonus1,88.3,0.707,1
bonus1,88.3,0.777,1
bonus1,88.3,0.897,1
bonus1,88.3,0.926,2
bonus1,88.3,0.946,2
bonus1,88.4,0.798,1
bonus1,88.4,0.813,1
bonus1,88.4,0.916,1
bonus1,88.4,0.935,1
bonus1,88.5,0.837,1
bonus1,88.5,0.956,1
bonus1,88.6,0.897,1
bonus1,88.6,0.916,1
bonus1,88.6,0.935,1
bonus1,88.6,0.967,1
bonus1,88.7,0.512,1
bonus1,88.7,0.861,1
bonus1,88.7,0.926,1
bonus1,88.7,0.946,2
bonus1,88.8,0.806,1
bonus1,88.8,0.829,1
bonus1,88.8,0.916,1
bonus1,88.8,0.935,1
bonus1,88.9,0.798,1
bonus1,88.9,0.861,1
bonus1,88.9,0.888,1
bonus1,88.9,0.916,1
bonus1,88.9,0.935,2
bonus1,88.9,0.956,1
bonus1,89,0.685,1
bonus1,89,0.791,1
bonus1,89,0.853,1
bonus1,89,0.87,1
bonus1,89,0.935,2
bonus1,89,0.956,1
bonus1,89,0.967,1
bonus1,89.1,0.719,1
bonus1,89.1,0.821,1
bonus1,89.1,0.861,1
bonus1,89.1,0.916,1
bonus1,89.1,0.956,1
bonus1,89.2,0.58,1
bonus1,89.2,0.821,1
bonus1,89.2,0.861,1
bonus1,89.2,0.888,1
bonus1,89.2,0.897,2
bonus1,89.2,0.935,2
bonus1,89.3,0.813,1
bonus1,89.3,0.897,1
bonus1,89.3,0.906,1
bonus1,89.3,0.956,1
bonus1,89.4,0.713,1
bonus1,89.4,0.791,1
bonus1,89.4,0.87,1
bonus1,89.4,0.906,1
bonus1,89.4,0.935,1
bonus1,89.5,0.821,1
bonus1,89.5,0.87,1
bonus1,89.5,0.897,1
bonus1,89.6,0.763,1
bonus1,89.6,0.777,1
bonus1,89.6,0.916,2
bonus1,89.6,0.946,1
bonus1,89.7,0.845,1
bonus1,89.7,0.916,2
bonus1,89.8,0.731,1
bonus1,89.8,0.75,1
bonus1,89.8,0.757,1
bonus1,89.8,0.777,1
bonus1,89.8,0.837,1
bonus1,89.8,0.879,1
bonus1,89.8,0.906,1
bonus1,89.8,0.956,1
bonus1,89.9,0.806,1
bonus1,89.9,0.845,2
bonus1,89.9,0.861,1
bonus1,89.9,0.87,1
bonus1,89.9,0.916,1
bonus1,89.9,0.946,1
bonus1,90,0.737,1
bonus1,90,0.853,2
bonus1,90,0.879,1
bonus1,90,0.916,1
bonus1,90,0.935,1
bonus1,90,0.956,2
bonus1,90,0.967,1
bonus1,90.1,0.813,1
bonus1,90.1,0.829,1
bonus1,90.1,0.879,1
bonus1,90.1,0.906,1
bonus1,90.1,0.935,1
bonus1,90.2,0.897,1
bonus1,90.2,0.916,1
bonus1,90.2,0.946,1
bonus1,90.2,0.956,1
bonus1,90.3,0.821,1
bonus1,90.3,0.897,1
bonus1,90.3,0.906,1
bonus1,90.3,0.916,1
bonus1,90.3,0.935,1
bonus1,90.3,0.956,1
bonus1,90.4,0.77,1
bonus1,90.4,0.829,1
bonus1,90.4,0.916,1
bonus1,90.4,0.935,1
bonus1,90.5,0.798,1
bonus1,90.5,0.806,1
bonus1,90.5,0.916,1
bonus1,90.5,0.926,1
bonus1,90.5,0.956,1
bonus1,90.6,0.77,1
bonus1,90.6,0.791,1
bonus1,90.6,0.888,1
bonus1,90.6,0.897,1
bonus1,90.6,0.935,1
bonus1,90.7,0.837,1
bonus1,90.7,0.845,1
bonus1,90.7,0.87,1
bonus1,90.7,0.897,1
bonus1,90.7,0.916,1
bonus1,90.7,0.926,1
bonus1,90.7,0.935,1
bonus1,90.8,0.813,1
bonus1,90.8,0.829,1
bonus1,90.8,0.845,1
bonus1,90.8,0.861,1
bonus1,90.8,0.906,1
bonus1,90.8,0.935,1
bonus1,90.8,0.967,1
bonus1,90.9,0.845,1
bonus1,90.9,0.956,1
bonus1,91,0.737,1
bonus1,91,0.791,1
bonus1,91,0.806,1
bonus1,91,0.813,1
bonus1,91,0.87,1
bonus1,91,0.888,1
bonus1,91,0.935,1
bonus1,91,0.956,2
bonus1,91.1,0.845,1
bonus1,91.1,0.879,1
bonus1,91.1,0.935,1
bonus1,91.2,0.813,1
bonus1,91.2,0.935,1
bonus1,91.3,0.674,1
bonus1,91.3,0.897,2
bonus1,91.3,0.906,1
bonus1,91.4,0.784,1
bonus1,91.4,0.87,1
bonus1,91.4,0.879,1
bonus1,91.4,0.888,1
bonus1,91.4,0.906,1
bonus1,91.5,0.784,1
bonus1,91.5,0.813,1
bonus1,91.5,0.837,1
bonus1,91.5,0.845,1
bonus1,91.5,0.861,2
bonus1,91.5,0.87,1
bonus1,91.5,0.879,2
bonus1,91.5,0.897,1
bonus1,91.5,0.935,1
bonus1,91.5,0.956,1
bonus1,91.6,0.853,1
bonus1,91.6,0.897,2
bonus1,91.6,0.906,1
bonus1,91.6,0.926,1
bonus1,91.6,0.956,3
bonus1,91.7,0.791,1
bonus1,91.7,0.861,1
bonus1,91.7,0.879,1
bonus1,91.7,0.916,1
bonus1,91.7,0.926,1
bonus1,91.7,0.956,1
bonus1,91.8,0.813,1
bonus1,91.8,0.837,1
bonus1,91.8,0.879,1
bonus1,91.8,0.916,1
bonus1,91.8,0.946,1
bonus1,91.9,0.763,1
bonus1,91.9,0.821,1
bonus1,91.9,0.853,1
bonus1,91.9,0.861,1
bonus1,91.9,0.906,1
bonus1,91.9,0.926,1
bonus1,91.9,0.935,2
bonus1,92,0.608,1
bonus1,92,0.77,1
bonus1,92,0.879,1
bonus1,92,0.906,1
bonus1,92,0.935,1
bonus1,92.1,0.77,1
bonus1,92.1,0.906,1
bonus1,92.2,0.659,1
bonus1,92.2,0.798,1
bonus1,92.2,0.829,1
bonus1,92.2,0.861,1
bonus1,92.2,0.897,1
bonus1,92.2,0.946,1
bonus1,92.3,0.69,1
bonus1,92.3,0.731,1
bonus1,92.3,0.853,1
bonus1,92.3,0.87,1
bonus1,92.3,0.935,1
bonus1,92.3,0.946,1
bonus1,92.3,0.967,1
bonus1,92.4,0.813,1
bonus1,92.4,0.897,1
bonus1,92.4,0.935,3
bonus1,92.4,0.956,1
bonus1,92.5,0.845,1
bonus1,92.5,0.916,1
bonus1,92.5,0.926,1
bonus1,92.5,0.935,1
bonus1,92.6,0.806,1
bonus1,92.6,0.87,1
bonus1,92.7,0.644,1
bonus1,92.7,0.731,1
bonus1,92.7,0.77,1
bonus1,92.7,0.861,2
bonus1,92.7,0.87,1
bonus1,92.7,0.935,1
bonus1,92.7,0.946,1
bonus1,92.7,0.956,2
bonus1,92.7,0.967,1
bonus1,92.7,0.978,1
bonus1,92.8,0.77,1
bonus1,92.8,0.87,1
bonus1,92.8,0.879,2
bonus1,92.8,0.978,1
bonus1,92.9,0.784,2
bonus1,92.9,0.897,1
bonus1,92.9,0.935,1
bonus1,93,0.806,1
bonus1,93,0.821,1
bonus1,93,0.845,1
bonus1,93,0.861,1
bonus1,93,0.956,1
bonus1,93.1,0.845,1
bonus1,93.1,0.861,2
bonus1,93.1,0.879,1
bonus1,93.1,0.906,1
bonus1,93.1,0.978,1
bonus1,93.2,0.879,1
bonus1,93.2,0.926,1
bonus1,93.2,0.956,1
bonus1,93.3,0.806,1
bonus1,93.3,0.926,1
bonus1,93.3,0.935,1
bonus1,93.3,0.956,1
bonus1,93.3,0.967,1
bonus1,93.3,0.978,1
bonus1,93.4,0.763,1
bonus1,93.4,0.798,1
bonus1,93.4,0.837,1
bonus1,93.4,0.87,1
bonus1,93.4,0.897,2
bonus1,93.4,0.935,2
bonus1,93.4,0.956,1
bonus1,93.5,0.757,1
bonus1,93.5,0.861,1
bonus1,93.5,0.87,1
bonus1,93.5,0.897,1
bonus1,93.5,0.906,1
bonus1,93.5,0.926,1
bonus1,93.5,0.935,1
bonus1,93.6,0.763,2
bonus1,93.6,0.777,1
bonus1,93.6,0.784,1
bonus1,93.6,0.861,1
bonus1,93.6,0.888,1
bonus1,93.6,0.916,1
bonus1,93.6,0.956,1
bonus1,93.7,0.713,1
bonus1,93.7,0.813,1
bonus1,93.8,0.791,1
bonus1,93.8,0.845,1
bonus1,93.8,0.87,1
bonus1,93.8,0.879,1
bonus1,93.8,0.906,1
bonus1,93.8,0.916,1
bonus1,93.8,0.935,1
bonus1,93.9,0.784,1
bonus1,93.9,0.829,1
bonus1,93.9,0.837,1
bonus1,93.9,0.845,1
bonus1,93.9,0.861,1
bonus1,93.9,0.906,1
bonus1,93.9,0.935,1
bonus1,93.9,0.946,1
bonus1,93.9,0.956,2
bonus1,93.9,0.978,1
bonus1,94,0.763,1
bonus1,94,0.784,1
bonus1,94,0.821,1
bonus1,94,0.853,1
bonus1,94,0.879,1
bonus1,94,0.906,1
bonus1,94,0.935,1
bonus1,94,0.946,1
bonus1,94.1,0.956,1
bonus1,94.1,0.989,1
bonus1,94.2,0.829,1
bonus1,94.2,0.897,1
bonus1,94.2,0.906,1
bonus1,94.2,0.926,1
bonus1,94.2,0.935,1
bonus1,94.3,0.702,1
bonus1,94.3,0.77,1
bonus1,94.3,0.879,1
bonus1,94.3,0.897,1
bonus1,94.3,0.906,1
bonus1,94.4,0.798,1
bonus1,94.4,0.813,1
bonus1,94.4,0.821,1
bonus1,94.4,0.829,1
bonus1,94.4,0.888,1
bonus1,94.4,0.897,1
bonus1,94.4,0.926,2
bonus1,94.4,0.956,1
bonus1,94.5,0.806,1
bonus1,94.5,0.829,1
bonus1,94.5,0.845,1
bonus1,94.5,0.87,1
bonus1,94.5,0.906,1
bonus1,94.5,0.916,2
bonus1,94.5,0.926,1
bonus1,94.5,0.956,2
bonus1,94.5,0.967,1
bonus1,94.6,0.813,1
bonus1,94.6,0.821,1
bonus1,94.6,0.897,1
bonus1,94.6,0.956,2
bonus1,94.7,0.916,1
bonus1,94.7,0.926,1
bonus1,94.7,0.935,1
bonus1,94.8,0.791,1
bonus1,94.8,0.845,1
bonus1,94.8,0.87,1
bonus1,94.8,0.916,1
bonus1,94.8,0.926,1
bonus1,94.8,0.956,2
bonus1,94.9,0.829,2
bonus1,94.9,0.845,1
bonus1,94.9,0.897,1
bonus1,94.9,0.926,1
bonus1,94.9,0.956,1
bonus1,95,0.777,1
bonus1,95,0.853,1
bonus1,95.1,0.68,1
bonus1,95.1,0.813,1
bonus1,95.1,0.926,1
bonus1,95.1,0.956,2
bonus1,95.1,0.967,1
bonus1,95.2,0.879,1
bonus1,95.2,0.897,2
bonus1,95.2,0.916,3
bonus1,95.2,0.967,1
bonus1,95.3,0.608,1
bonus1,95.3,0.713,1
bonus1,95.3,0.821,1
bonus1,95.3,0.906,1
bonus1,95.4,0.654,1
bonus1,95.4,0.791,1
bonus1,95.4,0.906,1
bonus1,95.4,0.956,2
bonus1,95.5,0.861,1
bonus1,95.5,0.87,1
bonus1,95.5,0.906,1
bonus1,95.5,0.946,1
bonus1,95.6,0.806,1
bonus1,95.6,0.916,1
bonus1,95.6,0.926,1
bonus1,95.6,0.935,1
bonus1,95.7,0.551,1
bonus1,95.7,0.798,1
bonus1,95.7,0.813,1
bonus1,95.7,0.829,1
bonus1,95.7,0.879,1
bonus1,95.7,0.897,1
bonus1,95.7,0.906,1
bonus1,95.7,0.956,1
bonus1,95.8,0.845,1
bonus1,95.8,0.87,1
bonus1,95.8,0.879,1
bonus1,95.8,0.916,3
bonus1,95.8,0.935,1
bonus1,95.8,0.956,1
bonus1,95.8,0.978,1
bonus1,95.9,0.707,1
bonus1,95.9,0.879,2
bonus1,95.9,0.916,1
bonus1,95.9,0.935,2
bonus1,95.9,0.956,1
bonus1,96,0.829,1
bonus1,96,0.853,1
bonus1,96,0.861,1
bonus1,96,0.87,1
bonus1,96,0.879,2
bonus1,96,0.906,1
bonus1,96,0.946,1
bonus1,96,0.978,1
bonus1,96.1,0.659,1
bonus1,96.1,0.978,1
bonus1,96.2,0.956,1
bonus1,96.2,0.978,1
bonus1,96.3,0.813,1
bonus1,96.3,0.829,3
bonus1,96.3,0.926,1
bonus1,96.3,0.935,1
bonus1,96.3,0.956,1
bonus1,96.3,0.967,1
bonus1,96.4,0.837,1
bonus1,96.4,0.845,1
bonus1,96.4,0.87,1
bonus1,96.4,0.879,1
bonus1,96.4,0.946,2
bonus1,96.4,0.967,1
bonus1,96.5,0.763,1
bonus1,96.5,0.829,1
bonus1,96.5,0.897,1
bonus1,96.5,0.935,1
bonus1,96.5,0.956,1
bonus1,96.6,0.897,1
bonus1,96.6,0.935,1
bonus1,96.6,0.946,2
bonus1,96.7,0.77,1
bonus1,96.7,0.821,1
bonus1,96.7,0.853,1
bonus1,96.7,0.861,1
bonus1,96.7,0.879,1
bonus1,96.7,0.897,1
bonus1,96.7,0.906,1
bonus1,96.7,0.926,1
bonus1,96.7,0.935,2
bonus1,96.7,0.946,1
bonus1,96.7,0.978,1
bonus1,96.8,0.861,1
bonus1,96.8,0.897,1
bonus1,96.8,0.916,1
bonus1,96.9,0.888,1
bonus1,96.9,0.946,1
bonus1,96.9,0.956,2
bonus1,97,0.791,1
bonus1,97,0.798,1
bonus1,97,0.916,1
bonus1,97,0.935,1
bonus1,97.1,0.707,1
bonus1,97.1,0.813,1
bonus1,97.1,0.897,1
bonus1,97.1,0.916,1
bonus1,97.1,0.935,1
bonus1,97.1,0.946,1
bonus1,97.2,0.75,1
bonus1,97.2,0.77,1
bonus1,97.2,0.853,1
bonus1,97.2,0.906,1
bonus1,97.2,0.926,2
bonus1,97.2,0.935,1
bonus1,97.2,0.967,1
bonus1,97.3,0.75,1
bonus1,97.3,0.784,1
bonus1,97.3,0.926,1
bonus1,97.4,0.784,1
bonus1,97.4,0.829,1
bonus1,97.4,0.861,1
bonus1,97.4,0.916,1
bonus1,97.4,0.926,1
bonus1,97.5,0.696,1
bonus1,97.5,0.75,1
bonus1,97.5,0.829,1
bonus1,97.5,0.935,1
bonus1,97.5,0.978,1
bonus1,97.6,0.916,1
bonus1,97.6,0.926,2
bonus1,97.6,0.935,1
bonus1,97.7,0.845,1
bonus1,97.7,0.906,1
bonus1,97.7,0.956,1
bonus1,97.8,0.784,1
bonus1,97.8,0.897,1
bonus1,97.9,0.77,1
bonus1,97.9,0.813,1
bonus1,97.9,0.87,1
bonus1,97.9,0.906,1
bonus1,97.9,0.926,1
bonus1,97.9,0.935,1
bonus1,98,0.784,1
bonus1,98,0.853,1
bonus1,98,0.935,2
bonus1,98,0.946,2
bonus1,98.1,0.68,1
bonus1,98.1,0.731,1
bonus1,98.1,0.757,1
bonus1,98.1,0.853,1
bonus1,98.1,0.897,1
bonus1,98.1,0.926,1
bonus1,98.2,0.916,1
bonus1,98.3,0.763,1
bonus1,98.3,0.806,1
bonus1,98.3,0.879,2
bonus1,98.3,0.916,1
bonus1,98.3,0.935,1
bonus1,98.3,0.989,1
bonus1,98.4,0.731,1
bonus1,98.4,0.813,1
bonus1,98.4,0.87,1
bonus1,98.4,0.888,1
bonus1,98.4,0.978,1
bonus1,98.5,0.744,1
bonus1,98.5,0.829,1
bonus1,98.5,0.837,1
bonus1,98.5,0.897,1
bonus1,98.5,0.956,1
bonus1,98.6,0.737,1
bonus1,98.6,0.798,1
bonus1,98.6,0.829,1
bonus1,98.6,0.888,1
bonus1,98.6,0.906,1
bonus1,98.6,0.926,1
bonus1,98.7,0.829,1
bonus1,98.7,0.879,2
bonus1,98.7,0.897,1
bonus1,98.7,0.916,1
bonus1,98.7,0.946,1
bonus1,98.7,0.978,1
bonus1,98.8,0.784,1
bonus1,98.8,0.829,1
bonus1,98.8,0.897,1
bonus1,98.8,0.956,2
bonus1,98.9,0.813,1
bonus1,98.9,0.888,1
bonus1,98.9,0.916,1
bonus1,98.9,0.946,1
bonus1,98.9,0.989,1
bonus1,99,0.821,1
bonus1,99,0.845,2
bonus1,99,0.916,1
bonus1,99,0.926,1
bonus1,99.1,0.806,1
bonus1,99.1,0.879,1
bonus1,99.1,0.906,1
bonus1,99.1,0.926,1
bonus1,99.1,0.967,1
bonus1,99.2,0.888,1
bonus1,99.2,0.916,1
bonus1,99.2,0.946,1
bonus1,99.2,0.978,1
bonus1,99.3,0.829,2
bonus1,99.3,0.916,1
bonus1,99.3,0.935,1
bonus1,99.4,0.77,1
bonus1,99.4,0.784,1
bonus1,99.4,0.879,2
bonus1,99.4,0.897,2
bonus1,99.4,0.916,1
bonus1,99.4,0.946,1
bonus1,99.4,0.967,1
bonus1,99.5,0.897,2
bonus1,99.5,0.906,1
bonus1,99.5,0.926,1
bonus1,99.5,0.946,1
bonus1,99.5,0.978,1
bonus1,99.6,0.897,1
bonus1,99.7,0.87,1
bonus1,99.7,0.897,1
bonus1,99.7,0.916,1
bonus1,99.7,0.926,1
bonus1,99.7,0.935,1
bonus1,99.8,0.821,2
bonus1,99.8,0.845,1
bonus1,99.8,0.935,1
bonus1,99.9,0.725,1
bonus1,99.9,0.784,1
bonus1,99.9,0.87,1
bonus1,99.9,0.906,1
bonus1,99.9,0.916,1
bonus1,99.9,0.935,1
bonus1,100,0.784,1
bonus1,100,0.806,1
bonus1,100,0.813,1
bonus1,100,0.888,1
bonus1,100.1,0.916,1
bonus1,100.1,0.956,1
bonus1,100.2,0.879,1
bonus1,100.2,0.926,1
bonus1,100.2,0.935,1
bonus1,100.3,0.69,1
bonus1,100.3,0.845,1
bonus1,100.3,0.87,1
bonus1,100.4,0.879,1
bonus1,100.4,0.916,1
bonus1,100.4,0.926,1
bonus1,100.5,0.798,1
bonus1,100.5,0.829,1
bonus1,100.5,0.837,1
bonus1,100.5,0.845,1
bonus1,100.5,0.87,1
bonus1,100.5,0.926,1
bonus1,100.6,0.853,1
bonus1,100.6,0.861,1
bonus1,100.6,0.897,1
bonus1,100.6,0.916,1
bonus1,100.7,0.75,1
bonus1,100.7,0.829,1
bonus1,100.7,0.888,1
bonus1,100.7,0.935,2
bonus1,100.7,0.989,1
bonus1,100.8,0.821,1
bonus1,100.8,0.879,1
bonus1,100.8,0.897,1
bonus1,100.8,0.956,1
bonus1,100.9,0.744,1
bonus1,100.9,0.763,1
bonus1,100.9,0.861,1
bonus1,100.9,0.967,1
bonus1,101,0.916,1
bonus1,101.1,0.926,1
bonus1,101.1,0.978,1
bonus1,101.2,0.861,1
bonus1,101.3,0.731,1
bonus1,101.3,0.777,1
bonus1,101.3,0.861,1
bonus1,101.3,0.916,2
bonus1,101.3,0.935,3
bonus1,101.4,0.744,1
bonus1,101.4,0.75,1
bonus1,101.4,0.897,1
bonus1,101.4,0.946,1
bonus1,101.4,0.956,1
bonus1,101.5,0.798,1
bonus1,101.5,0.861,2
bonus1,101.5,0.916,2
bonus1,101.5,0.946,1
bonus1,101.5,0.956,1
bonus1,101.6,0.926,1
bonus1,101.7,0.77,2
bonus1,101.7,0.87,1
bonus1,101.7,0.879,2
bonus1,101.7,0.897,2
bonus1,101.7,0.906,1
bonus1,101.8,0.87,1
bonus1,101.8,0.897,1
bonus1,101.9,0.935,1
bonus1,102,0.888,1
bonus1,102,0.916,1
bonus1,102,0.935,1
bonus1,102,0.956,2
bonus1,102.1,0.744,1
bonus1,102.1,0.763,1
bonus1,102.1,0.806,1
bonus1,102.1,0.813,1
bonus1,102.1,0.829,1
bonus1,102.1,0.888,1
bonus1,102.1,0.897,1
bonus1,102.1,0.916,1
bonus1,102.2,0.916,1
bonus1,102.2,0.956,1
bonus1,102.3,0.813,2
bonus1,102.3,0.861,1
bonus1,102.3,0.879,1
bonus1,102.3,0.888,1
bonus1,102.3,0.946,1
bonus1,102.4,0.853,2
bonus1,102.4,0.861,1
bonus1,102.4,0.897,1
bonus1,102.4,0.935,1
bonus1,102.4,0.967,1
bonus1,102.5,0.757,1
bonus1,102.5,0.87,1
bonus1,102.5,0.916,1
bonus1,102.5,0.926,1
bonus1,102.6,0.757,1
bonus1,102.6,0.845,1
bonus1,102.6,0.926,2
bonus1,102.6,0.956,2
bonus1,102.7,0.829,1
bonus1,102.7,0.861,1
bonus1,102.7,0.935,1
bonus1,102.7,0.946,1
bonus1,102.7,0.967,1
bonus1,102.8,0.669,1
bonus1,102.8,0.719,1
bonus1,102.8,0.798,1
bonus1,102.8,0.829,1
bonus1,102.8,0.861,1
bonus1,102.8,0.87,1
bonus1,102.8,0.897,1
bonus1,102.8,0.916,2
bonus1,102.8,0.935,1
bonus1,102.9,0.829,1
bonus1,102.9,0.897,1
bonus1,102.9,0.906,1
bonus1,102.9,0.916,2
bonus1,102.9,0.956,1
bonus1,103,0.87,1
bonus1,103,0.916,1
bonus1,103,0.935,1
bonus1,103.1,0.853,1
bonus1,103.1,0.897,1
bonus1,103.2,0.713,1
bonus1,103.2,0.791,2
bonus1,103.2,0.806,1
bonus1,103.2,0.906,1
bonus1,103.2,0.926,1
bonus1,103.2,0.946,1
bonus1,103.3,0.861,1
bonus1,103.3,0.879,1
bonus1,103.3,0.897,1
bonus1,103.3,0.935,1
bonus1,103.3,0.967,1
bonus1,103.3,1,1
bonus1,103.4,0.604,1
bonus1,103.4,0.798,1
bonus1,103.4,0.829,1
bonus1,103.4,0.879,3
bonus1,103.4,0.916,1
bonus1,103.4,0.926,1
bonus1,103.4,0.956,1
bonus1,103.5,0.75,1
bonus1,103.5,0.829,1
bonus1,103.5,0.861,1
bonus1,103.5,0.897,2
bonus1,103.5,0.926,1
bonus1,103.5,0.935,1
bonus1,103.5,0.956,1
bonus1,103.6,0.77,1
bonus1,103.6,0.853,2
bonus1,103.6,0.897,1
bonus1,103.7,0.967,1
bonus1,103.8,0.897,1
bonus1,103.8,0.978,1
bonus1,103.9,0.813,1
bonus1,103.9,0.845,1
bonus1,103.9,0.897,1
bonus1,103.9,0.906,1
bonus1,103.9,0.935,1
bonus1,104,0.967,1
bonus1,104,0.978,1
bonus1,104.1,0.916,1
bonus1,104.1,0.926,1
bonus1,104.1,0.935,1
bonus1,104.2,0.702,1
bonus1,104.3,0.784,1
bonus1,104.3,0.829,1
bonus1,104.3,0.967,1
bonus1,104.4,0.791,1
bonus1,104.4,0.861,1
bonus1,104.4,0.87,1
bonus1,104.4,0.906,1
bonus1,104.4,0.935,1
bonus1,104.5,0.777,1
bonus1,104.5,0.821,1
bonus1,104.5,0.829,1
bonus1,104.5,0.888,1
bonus1,104.5,0.897,1
bonus1,104.5,0.935,1
bonus1,104.5,0.967,1
bonus1,104.5,0.978,1
bonus1,104.5,0.989,1
bonus1,104.6,0.821,1
bonus1,104.6,0.879,1
bonus1,104.6,0.916,1
bonus1,104.7,0.757,1
bonus1,104.7,0.845,1
bonus1,104.7,0.861,1
bonus1,104.7,0.935,1
bonus1,104.8,0.978,1
bonus1,104.9,0.806,1
bonus1,104.9,0.879,2
bonus1,104.9,0.897,1
bonus1,104.9,0.916,1
bonus1,104.9,0.956,1
bonus1,105,0.813,1
bonus1,105,0.853,1
bonus1,105,0.906,1
bonus1,105,0.935,2
bonus1,105,0.956,1
bonus1,105.1,0.737,1
bonus1,105.1,0.777,1
bonus1,105.1,0.806,1
bonus1,105.1,0.946,1
bonus1,105.2,0.757,1
bonus1,105.2,0.813,1
bonus1,105.2,0.926,1
bonus1,105.3,0.806,1
bonus1,105.3,0.935,1
bonus1,105.3,0.967,1
bonus1,105.4,0.845,1
bonus1,105.4,0.956,1
bonus1,105.5,0.777,1
bonus1,105.5,0.798,1
bonus1,105.5,0.837,1
bonus1,105.5,0.845,1
bonus1,105.5,0.935,1
bonus1,105.5,0.946,1
bonus1,105.6,0.813,1
bonus1,105.6,0.879,1
bonus1,105.8,0.707,1
bonus1,105.8,0.861,1
bonus1,105.8,0.916,1
bonus1,105.9,0.821,1
bonus1,105.9,0.935,1
bonus1,105.9,0.956,2
bonus1,106,0.861,1
bonus1,106,0.879,1
bonus1,106,0.916,1
bonus1,106,0.935,3
bonus1,106,0.956,1
bonus1,106,0.989,1
bonus1,106.1,0.879,1
bonus1,106.1,0.906,1
bonus1,106.1,0.916,1
bonus1,106.1,0.926,1
bonus1,106.1,0.946,1
bonus1,106.2,0.784,1
bonus1,106.2,0.813,1
bonus1,106.2,0.845,1
bonus1,106.2,0.906,1
bonus1,106.2,0.956,1
bonus1,106.3,0.75,1
bonus1,106.3,0.845,1
bonus1,106.3,0.861,1
bonus1,106.3,0.916,1
bonus1,106.4,0.77,1
bonus1,106.4,0.784,1
bonus1,106.4,0.935,1
bonus1,106.5,0.696,1
bonus1,106.5,0.713,1
bonus1,106.5,0.757,1
bonus1,106.5,0.821,1
bonus1,106.5,0.829,1
bonus1,106.5,0.888,1
bonus1,106.5,0.916,1
bonus1,106.6,0.879,1
bonus1,106.6,0.956,1
bonus1,106.7,0.861,1
bonus1,106.7,0.888,1
bonus1,106.7,0.935,1
bonus1,106.8,0.719,1
bonus1,106.8,0.906,1
bonus1,106.8,0.926,1
bonus1,106.9,0.813,1
bonus1,106.9,0.829,1
bonus1,106.9,0.861,2
bonus1,106.9,0.879,1
bonus1,107,0.731,1
bonus1,107,0.916,1
bonus1,107.1,0.744,1
bonus1,107.1,0.784,1
bonus1,107.1,0.935,1
bonus1,107.2,0.798,1
bonus1,107.3,0.737,1
bonus1,107.3,0.75,1
bonus1,107.3,0.897,1
bonus1,107.4,0.757,1
bonus1,107.4,0.784,1
bonus1,107.4,0.916,1
bonus1,107.4,0.926,1
bonus1,107.4,0.935,1
bonus1,107.4,0.978,1
bonus1,107.5,0.798,1
bonus1,107.5,0.845,1
bonus1,107.5,0.853,1
bonus1,107.5,0.861,1
bonus1,107.5,0.879,1
bonus1,107.5,0.967,1
bonus1,107.6,0.897,1
bonus1,107.6,0.956,1
bonus1,107.6,0.989,1
bonus1,107.8,0.829,1
bonus1,107.8,0.906,1
bonus1,107.9,0.798,1
bonus1,107.9,0.853,1
bonus1,107.9,0.861,2
bonus1,107.9,0.897,1
bonus1,107.9,0.956,1
bonus1,107.9,0.989,1
bonus1,108,0.897,1
bonus1,108,0.916,1
bonus1,108,0.935,1
bonus1,108.1,0.845,1
bonus1,108.1,0.888,1
bonus1,108.1,0.916,1
bonus1,108.1,0.935,1
bonus1,108.1,0.978,1
bonus1,108.2,0.798,1
bonus1,108.2,0.861,1
bonus1,108.2,0.879,1
bonus1,108.2,0.956,1
bonus1,108.2,0.978,1
bonus1,108.3,0.798,1
bonus1,108.3,0.861,2
bonus1,108.3,0.879,1
bonus1,108.3,0.897,1
bonus1,108.3,0.956,2
bonus1,108.4,0.763,1
bonus1,108.4,0.897,1
bonus1,108.5,0.853,1
bonus1,108.5,0.916,1
bonus1,108.5,0.935,1
bonus1,108.6,0.757,1
bonus1,108.6,0.845,1
bonus1,108.6,0.926,1
bonus1,108.7,0.77,1
bonus1,108.7,0.784,1
bonus1,108.7,0.798,1
bonus1,108.7,0.821,1
bonus1,108.7,0.897,1
bonus1,108.7,0.916,1
bonus1,108.7,0.935,1
bonus1,108.7,0.967,1
bonus1,108.7,0.978,1
bonus1,108.8,0.798,1
bonus1,108.8,0.821,1
bonus1,108.8,0.845,1
bonus1,108.8,0.879,1
bonus1,108.9,0.763,1
bonus1,108.9,0.861,1
bonus1,108.9,0.897,1
bonus1,108.9,0.916,1
bonus1,109,0.861,1
bonus1,109,0.935,2
bonus1,109.1,0.702,1
bonus1,109.1,0.879,1
bonus1,109.1,0.888,1
bonus1,109.1,0.935,1
bonus1,109.2,0.888,1
bonus1,109.2,0.916,1
bonus1,109.2,0.935,1
bonus1,109.2,0.956,2
bonus1,109.3,0.713,1
bonus1,109.3,0.829,1
bonus1,109.3,0.888,1
bonus1,109.3,0.906,1
bonus1,109.3,0.916,1
bonus1,109.4,0.75,1
bonus1,109.4,0.821,1
bonus1,109.4,0.888,2
bonus1,109.5,0.845,1
bonus1,109.5,0.946,1
bonus1,109.6,0.719,1
bonus1,109.6,0.77,1
bonus1,109.6,0.888,1
bonus1,109.6,0.906,1
bonus1,109.6,0.989,1
bonus1,109.7,0.64,1
bonus1,109.7,0.725,1
bonus1,109.7,0.897,1
bonus1,109.8,0.821,1
bonus1,109.8,0.888,1
bonus1,109.8,0.897,1
bonus1,109.8,0.906,1
bonus1,109.8,0.935,1
bonus1,109.8,0.967,1
bonus1,109.9,0.946,1
bonus1,109.9,0.956,1
bonus1,110,0.798,1
bonus1,110,0.906,1
bonus1,110,0.956,1
bonus1,110.1,0.897,1
bonus1,110.3,0.853,1
bonus1,110.3,0.888,1
bonus1,110.3,0.906,1
bonus1,110.3,0.926,1
bonus1,110.4,0.87,1
bonus1,110.4,0.935,1
bonus1,110.5,0.897,1
bonus1,110.5,0.935,1
bonus1,110.5,0.946,1
bonus1,110.6,0.853,1
bonus1,110.6,0.897,1
bonus1,110.6,0.967,1
bonus1,110.7,0.837,1
bonus1,110.7,0.888,1
bonus1,110.7,0.946,2
bonus1,110.7,0.967,1
bonus1,110.7,0.989,1
bonus1,110.8,0.77,1
bonus1,110.8,0.829,1
bonus1,110.8,0.853,1
bonus1,110.8,0.916,1
bonus1,110.8,0.935,1
bonus1,110.9,0.837,1
bonus1,110.9,0.888,1
bonus1,110.9,0.916,1
bonus1,110.9,0.935,1
bonus1,111,0.897,1
bonus1,111.1,0.731,1
bonus1,111.1,0.87,1
bonus1,111.1,0.956,1
bonus1,111.2,0.906,1
bonus1,111.2,0.935,1
bonus1,111.3,0.813,1
bonus1,111.3,0.829,1
bonus1,111.3,0.926,1
bonus1,111.3,0.946,1
bonus1,111.4,0.77,1
bonus1,111.4,0.813,1
bonus1,111.4,0.87,1
bonus1,111.4,0.879,1
bonus1,111.4,0.888,1
bonus1,111.4,0.906,1
bonus1,111.4,0.916,1
bonus1,111.5,0.861,1
bonus1,111.5,0.897,1
bonus1,111.5,0.916,1
bonus1,111.5,0.935,2
bonus1,111.5,0.956,2
bonus1,111.6,0.888,1
bonus1,111.6,0.935,1
bonus1,111.7,0.926,1
bonus1,111.7,0.935,1
bonus1,111.8,0.956,1
bonus1,111.9,0.75,1
bonus1,111.9,0.837,1
bonus1,111.9,0.879,1
bonus1,111.9,0.897,1
bonus1,112,0.897,1
bonus1,112,0.916,1
bonus1,112,0.935,2
bonus1,112,0.946,1
bonus1,112,0.967,1
bonus1,112.1,0.861,1
bonus1,112.1,0.879,1
bonus1,112.1,0.897,1
bonus1,112.1,0.916,1
bonus1,112.1,0.935,1
bonus1,112.2,0.87,1
bonus1,112.2,0.935,1
bonus1,112.2,0.978,1
bonus1,112.3,0.853,1
bonus1,112.3,0.87,1
bonus1,112.3,0.916,1
bonus1,112.3,0.935,1
bonus1,112.3,0.946,1
bonus1,112.4,0.897,2
bonus1,112.4,0.935,1
bonus1,112.5,0.861,1
bonus1,112.5,0.879,2
bonus1,112.5,0.888,1
bonus1,112.5,0.897,1
bonus1,112.5,0.926,1
bonus1,112.5,0.935,1
bonus1,112.5,0.956,1
bonus1,112.5,0.967,1
bonus1,112.5,0.989,1
bonus1,112.6,0.763,1
bonus1,112.6,0.837,1
bonus1,112.6,0.879,1
bonus1,112.6,0.935,1
bonus1,112.6,0.956,2
bonus1,112.7,0.845,2
bonus1,112.7,0.861,1
bonus1,112.7,0.888,1
bonus1,112.7,0.916,1
bonus1,112.7,0.935,1
bonus1,112.7,0.956,1
bonus1,112.8,0.75,1
bonus1,112.8,0.806,1
bonus1,112.8,0.916,1
bonus1,112.8,0.926,1
bonus1,113,0.897,1
bonus1,113,0.935,1
bonus1,113,0.956,1
bonus1,113.1,0.75,1
bonus1,113.2,0.829,1
bonus1,113.2,0.916,1
bonus1,113.2,0.956,1
bonus1,113.3,0.916,1
bonus1,113.3,0.956,1
bonus1,113.4,0.744,1
bonus1,113.4,0.845,1
bonus1,113.4,0.888,1
bonus1,113.4,0.956,1
bonus1,113.5,0.744,1
bonus1,113.5,0.853,1
bonus1,113.5,0.956,1
bonus1,113.5,0.978,1
bonus1,113.6,0.719,1
bonus1,113.6,0.879,1
bonus1,113.6,0.926,1
bonus1,113.7,0.777,1
bonus1,113.7,0.879,1
bonus1,113.7,0.888,1
bonus1,113.7,0.956,1
bonus1,113.8,0.888,1
bonus1,113.8,0.916,1
bonus1,113.8,0.935,1
bonus1,113.9,0.821,1
bonus1,113.9,0.906,1
bonus1,113.9,1,1
bonus1,114,0.791,1
bonus1,114,0.806,1
bonus1,114,0.845,1
bonus1,114,0.935,1
bonus1,114.1,0.725,1
bonus1,114.1,0.829,1
bonus1,114.1,0.837,1
bonus1,114.1,0.926,1
bonus1,114.1,0.935,3
bonus1,114.2,0.897,1
bonus1,114.2,0.926,1
bonus1,114.2,0.946,1
bonus1,114.3,0.916,1
bonus1,114.3,0.935,1
bonus1,114.3,0.978,1
bonus1,114.4,0.798,2
bonus1,114.4,0.861,1
bonus1,114.4,0.916,1
bonus1,114.4,0.935,1
bonus1,114.4,0.956,1
bonus1,114.5,0.897,1
bonus1,114.5,0.978,1
bonus1,114.6,0.935,1
bonus1,114.7,0.888,1
bonus1,114.7,0.926,1
bonus1,114.8,0.744,1
bonus1,114.8,0.821,1
bonus1,114.8,0.861,1
bonus1,114.9,0.813,1
bonus1,114.9,0.978,1
bonus1,115,0.861,1
bonus1,115,0.897,2
bonus1,115.1,0.696,1
bonus1,115.1,0.777,1
bonus1,115.1,0.798,1
bonus1,115.1,0.821,1
bonus1,115.2,0.821,1
bonus1,115.2,0.888,1
bonus1,115.3,0.853,1
bonus1,115.3,0.888,1
bonus1,115.3,0.916,1
bonus1,115.4,0.837,1
bonus1,115.4,0.935,1
bonus1,115.4,0.978,2
bonus1,115.5,0.608,1
bonus1,115.5,0.956,2
bonus1,115.7,0.897,1
bonus1,115.7,0.916,2
bonus1,115.8,0.596,1
bonus1,115.8,0.861,1
bonus1,115.8,0.935,1
bonus1,115.9,0.798,2
bonus1,115.9,0.861,1
bonus1,115.9,0.946,1
bonus1,115.9,0.978,1
bonus1,116,0.837,1
bonus1,116.1,0.879,1
bonus1,116.1,0.897,2
bonus1,116.2,0.853,1
bonus1,116.2,0.879,2
bonus1,116.2,0.916,1
bonus1,116.3,0.784,1
bonus1,116.3,0.813,1
bonus1,116.3,0.978,1
bonus1,116.4,0.737,1
bonus1,116.4,0.798,1
bonus1,116.4,0.888,1
bonus1,116.5,0.763,1
bonus1,116.6,0.731,1
bonus1,116.6,0.813,1
bonus1,116.6,0.87,1
bonus1,116.6,0.956,1
bonus1,116.7,0.897,1
bonus1,116.7,0.906,1
bonus1,116.7,0.935,1
bonus1,116.7,0.978,1
bonus1,116.8,0.821,1
bonus1,116.8,0.853,1
bonus1,116.8,0.879,1
bonus1,116.8,0.967,1
bonus1,116.8,0.989,1
bonus1,116.9,0.813,1
bonus1,116.9,0.916,1
bonus1,116.9,0.956,1
bonus1,116.9,0.978,1
bonus1,117,0.87,1
bonus1,117,0.916,1
bonus1,117.1,0.737,1
bonus1,117.1,0.861,1
bonus1,117.2,0.906,1
bonus1,117.2,0.978,1
bonus1,117.3,0.916,1
bonus1,117.3,0.935,1
bonus1,117.3,0.946,1
bonus1,117.3,0.978,1
bonus1,117.4,0.777,1
bonus1,117.4,0.784,1
bonus1,117.4,0.829,1
bonus1,117.4,0.935,2
bonus1,117.4,0.956,2
bonus1,117.5,0.906,1
bonus1,117.5,0.935,2
bonus1,117.6,0.897,1
bonus1,117.6,0.978,1
bonus1,117.7,0.897,1
bonus1,117.8,0.935,1
bonus1,117.9,0.725,1
bonus1,117.9,0.861,1
bonus1,117.9,0.978,1
bonus1,118,0.813,1
bonus1,118,0.837,1
bonus1,118,0.956,1
bonus1,118,0.967,1
bonus1,118.1,0.813,1
bonus1,118.1,0.926,1
bonus1,118.2,0.956,1
bonus1,118.3,0.916,1
bonus1,118.4,0.845,1
bonus1,118.4,0.946,1
bonus1,118.5,0.935,2
bonus1,118.5,0.967,1
bonus1,118.5,0.978,1
bonus1,118.6,0.897,1
bonus1,118.7,0.798,1
bonus1,118.7,0.861,1
bonus1,118.7,0.916,1
bonus1,118.7,0.926,1
bonus1,118.8,0.798,1
bonus1,118.8,0.813,1
bonus1,118.8,0.888,1
bonus1,118.9,0.798,1
bonus1,118.9,0.956,1
bonus1,119,0.483,1
bonus1,119.1,0.713,1
bonus1,119.1,0.77,1
bonus1,119.1,0.888,1
bonus1,119.1,0.897,1
bonus1,119.2,0.935,1
bonus1,119.3,0.813,1
bonus1,119.3,0.906,1
bonus1,119.3,0.978,1
bonus1,119.4,0.707,1
bonus1,119.4,0.916,1
bonus1,119.4,0.935,1
bonus1,119.4,0.967,1
bonus1,119.5,0.777,1
bonus1,119.5,0.791,1
bonus1,119.5,0.916,1
bonus1,119.5,0.935,1
bonus1,119.5,0.956,1
bonus1,119.7,0.935,1
bonus1,119.8,0.784,1
bonus1,119.8,0.837,1
bonus1,119.8,0.916,1
bonus1,119.8,0.946,2
bonus1,119.9,0.845,1
bonus1,119.9,0.87,1
bonus1,119.9,0.935,1
bonus1,119.9,0.946,1
bonus1,120,0.806,1
bonus1,120,0.861,1
bonus1,120.1,0.813,1
bonus1,120.1,0.853,1
bonus1,120.1,0.861,1
bonus1,120.1,0.879,1
bonus1,120.2,0.784,1
bonus1,120.2,0.87,1
bonus1,120.2,0.897,1
bonus1,120.2,0.935,1
bonus1,120.3,0.935,1
bonus1,120.4,0.784,1
bonus1,120.4,0.861,2
bonus1,120.4,0.897,1
bonus1,120.4,0.935,1
bonus1,120.5,0.813,1
bonus1,120.5,0.879,1
bonus1,120.5,0.916,1
bonus1,120.5,0.926,1
bonus1,120.6,0.861,1
bonus1,120.6,0.87,1
bonus1,120.6,0.916,1
bonus1,120.7,0.888,1
bonus1,120.7,0.916,1
bonus1,120.7,0.978,1
bonus1,120.8,0.829,1
bonus1,120.8,0.926,1
bonus1,120.8,0.956,1
bonus1,120.9,0.75,1
bonus1,120.9,0.879,1
bonus1,120.9,0.946,1
bonus1,120.9,0.978,1
bonus1,121,0.829,1
bonus1,121,0.935,1
bonus1,121.1,0.916,1
bonus1,121.2,0.916,1
bonus1,121.2,0.935,1
bonus1,121.3,0.879,1
bonus1,121.3,0.897,2
bonus1,121.3,0.926,1
bonus1,121.3,0.956,1
bonus1,121.3,0.967,1
bonus1,121.4,0.845,1
bonus1,121.4,0.935,3
bonus1,121.5,0.888,1
bonus1,121.5,0.906,1
bonus1,121.5,0.935,1
bonus1,121.6,0.837,1
bonus1,121.6,0.879,3
bonus1,121.6,0.926,1
bonus1,121.7,0.897,1
bonus1,121.8,0.829,1
bonus1,121.8,0.956,1
bonus1,121.9,0.685,1
bonus1,121.9,0.813,1
bonus1,121.9,0.879,2
bonus1,122,0.935,1
bonus1,122,0.956,1
bonus1,122,0.967,1
bonus1,122.1,0.935,1
bonus1,122.2,0.707,1
bonus1,122.2,0.916,1
bonus1,122.2,0.926,1
bonus1,122.3,0.879,1
bonus1,122.3,0.978,1
bonus1,122.3,0.989,1
bonus1,122.4,0.6,1
bonus1,122.4,0.861,1
bonus1,122.4,0.879,1
bonus1,122.4,0.926,1
bonus1,122.5,0.829,1
bonus1,122.6,0.798,1
bonus1,122.6,0.888,1
bonus1,122.6,0.906,1
bonus1,122.7,0.853,1
bonus1,122.7,0.935,1
bonus1,122.7,0.956,1
bonus1,122.9,0.829,1
bonus1,122.9,0.897,2
bonus1,122.9,0.978,1
bonus1,123,0.784,1
bonus1,123,0.897,1
bonus1,123.1,0.897,1
bonus1,123.1,0.926,2
bonus1,123.3,0.669,1
bonus1,123.3,0.897,1
bonus1,123.3,0.956,1
bonus1,123.3,0.989,1
bonus1,123.5,0.757,1
bonus1,123.5,0.821,1
bonus1,123.5,0.888,1
bonus1,123.5,0.946,2
bonus1,123.7,0.926,1
bonus1,123.8,0.763,1
bonus1,123.8,0.791,1
bonus1,123.8,0.861,1
bonus1,123.8,0.888,1
bonus1,123.8,0.897,1
bonus1,123.8,0.916,1
bonus1,123.9,0.784,1
bonus1,123.9,0.935,1
bonus1,123.9,0.978,1
bonus1,124,0.897,1
bonus1,124.1,0.784,1
bonus1,124.1,0.798,1
bonus1,124.1,0.989,1
bonus1,124.2,0.719,1
bonus1,124.2,0.853,1
bonus1,124.2,0.906,1
bonus1,124.2,0.926,1
bonus1,124.2,0.956,1
bonus1,124.4,0.845,1
bonus1,124.4,0.879,1
bonus1,124.4,0.916,2
bonus1,124.4,0.926,1
bonus1,124.5,0.763,1
bonus1,124.5,0.888,1
bonus1,124.5,0.935,1
bonus1,124.6,0.888,1
bonus1,124.6,0.956,1
bonus1,124.7,0.813,1
bonus1,124.7,0.837,1
bonus1,124.7,0.906,1
bonus1,124.7,0.946,1
bonus1,124.8,0.806,1
bonus1,124.8,0.813,1
bonus1,124.8,0.967,1
bonus1,124.9,0.897,1
bonus1,125,0.784,1
bonus1,125,0.861,1
bonus1,125,0.897,1
bonus1,125,0.916,1
bonus1,125,0.926,1
bonus1,125.1,0.659,1
bonus1,125.1,0.845,1
bonus1,125.1,0.888,1
bonus1,125.1,0.956,2
bonus1,125.2,0.897,1
bonus1,125.2,0.935,1
bonus1,125.3,0.719,1
bonus1,125.3,0.926,1
bonus1,125.3,0.935,1
bonus1,125.4,0.967,1
bonus1,125.5,0.829,1
bonus1,125.5,0.87,1
bonus1,125.5,0.935,1
bonus1,125.6,0.731,1
bonus1,125.6,0.935,1
bonus1,125.7,0.744,1
bonus1,125.7,0.967,1
bonus1,125.7,0.978,1
bonus1,125.8,0.654,1
bonus1,125.8,0.806,1
bonus1,125.8,0.916,2
bonus1,125.9,0.77,1
bonus1,125.9,0.888,1
bonus1,125.9,0.956,1
bonus1,126,0.897,1
bonus1,126,0.935,1
bonus1,126,0.946,1
bonus1,126,0.956,2
bonus1,126.1,0.75,1
bonus1,126.2,0.978,1
bonus1,126.3,0.906,1
bonus1,126.3,0.916,1
bonus1,126.3,0.956,1
bonus1,126.4,0.906,1
bonus1,126.4,0.916,1
bonus1,126.5,0.956,1
bonus1,126.8,0.696,1
bonus1,126.8,0.926,1
bonus1,126.8,0.935,1
bonus1,126.9,0.935,1
bonus1,126.9,0.956,1
bonus1,127,0.784,1
bonus1,127,0.87,1
bonus1,127,0.916,1
bonus1,127,0.956,1
bonus1,127,0.978,1
bonus1,127.1,0.967,2
bonus1,127.2,0.916,1
bonus1,127.2,0.926,1
bonus1,127.2,0.935,1
bonus1,127.2,0.956,1
bonus1,127.3,0.897,1
bonus1,127.3,0.956,1
bonus1,127.3,0.978,1
bonus1,127.4,0.897,1
bonus1,127.4,0.935,1
bonus1,127.4,0.978,1
bonus1,127.5,0.956,1
bonus1,127.7,0.946,1
bonus1,127.8,0.75,1
bonus1,127.8,0.845,1
bonus1,127.8,0.916,1
bonus1,127.9,0.916,1
bonus1,127.9,0.926,1
bonus1,128,0.853,1
bonus1,128,0.916,1
bonus1,128,0.956,1
bonus1,128.1,0.813,1
bonus1,128.2,0.935,1
bonus1,128.2,0.967,1
bonus1,128.3,0.861,1
bonus1,128.4,0.916,1
bonus1,128.4,0.926,1
bonus1,128.4,0.978,1
bonus1,128.5,0.806,1
bonus1,128.5,0.935,2
bonus1,128.7,0.916,1
bonus1,128.7,0.956,1
bonus1,128.8,0.837,1
bonus1,128.8,0.853,1
bonus1,128.8,0.926,1
bonus1,128.9,0.777,1
bonus1,128.9,0.926,1
bonus1,129,0.888,1
bonus1,129,0.946,1
bonus1,129.1,0.879,1
bonus1,129.1,0.946,1
bonus1,129.1,0.978,1
bonus1,129.2,0.897,1
bonus1,129.2,0.916,1
bonus1,129.2,0.956,1
bonus1,129.3,0.845,1
bonus1,129.4,0.791,1
bonus1,129.4,0.861,2
bonus1,129.4,0.956,1
bonus1,129.5,0.897,1
bonus1,129.5,0.935,1
bonus1,129.5,0.946,1
bonus1,129.7,0.798,1
bonus1,129.7,0.897,1
bonus1,129.7,0.935,1
bonus1,129.8,0.829,1
bonus1,129.8,0.897,1
bonus1,129.9,0.821,1
bonus1,129.9,0.888,1
bonus1,129.9,0.906,1
bonus1,129.9,0.926,1
bonus1,130,0.777,1
bonus1,130,0.897,1
bonus1,130,0.906,1
bonus1,130,0.967,1
bonus1,130.1,0.853,1
bonus1,130.1,0.897,1
bonus1,130.1,0.967,1
bonus1,130.2,0.725,1
bonus1,130.3,0.813,2
bonus1,130.4,0.813,1
bonus1,130.4,0.935,2
bonus1,130.4,0.946,1
bonus1,130.4,0.978,1
bonus1,130.6,0.763,1
bonus1,130.7,0.87,1
bonus1,130.7,0.879,1
bonus1,130.7,0.916,1
bonus1,130.8,0.763,1
bonus1,130.9,0.806,1
bonus1,130.9,0.853,1
bonus1,130.9,0.916,1
bonus1,131,0.956,1
bonus1,131.1,0.87,1
bonus1,131.3,0.956,1
bonus1,131.3,0.978,1
bonus1,131.4,0.916,1
bonus1,131.5,0.906,1
bonus1,131.6,0.861,1
bonus1,131.6,0.935,1
bonus1,131.7,0.956,1
bonus1,131.8,0.879,1
bonus1,131.8,0.935,1
bonus1,131.9,0.707,1
bonus1,131.9,0.813,1
bonus1,131.9,0.897,1
bonus1,131.9,0.906,1
bonus1,131.9,0.956,1
bonus1,131.9,0.967,1
bonus1,132,0.888,1
bonus1,132,0.989,1
bonus1,132.1,0.744,1
bonus1,132.4,0.707,1
bonus1,132.5,0.956,1
bonus1,132.5,0.967,1
bonus1,132.6,0.806,1
bonus1,132.6,0.813,1
bonus1,132.6,0.888,1
bonus1,132.6,0.926,1
bonus1,132.6,0.946,1
bonus1,132.7,0.916,1
bonus1,132.7,0.978,1
bonus1,132.8,0.798,1
bonus1,132.8,0.897,1
bonus1,132.8,0.916,1
bonus1,132.8,0.935,1
bonus1,132.8,0.989,1
bonus1,132.9,0.87,1
bonus1,132.9,0.879,1
bonus1,132.9,0.906,1
bonus1,133,0.853,1
bonus1,133,0.946,1
bonus1,133.1,0.946,1
bonus1,133.2,0.784,1
bonus1,133.2,0.845,1
bonus1,133.3,0.798,1
bonus1,133.3,0.897,1
bonus1,133.3,0.935,1
bonus1,133.3,0.978,1
bonus1,133.4,0.897,1
bonus1,133.5,0.946,1
bonus1,133.6,0.879,1
bonus1,133.7,0.879,1
bonus1,133.7,0.916,1
bonus1,133.7,0.935,1
bonus1,133.7,0.978,1
bonus1,133.8,0.916,1
bonus1,133.8,0.946,1
bonus1,133.9,0.719,1
bonus1,133.9,0.935,1
bonus1,133.9,0.989,1
bonus1,134,0.845,1
bonus1,134,0.897,1
bonus1,134,0.935,1
bonus1,134.1,0.821,1
bonus1,134.2,0.926,1
bonus1,134.2,0.946,1
bonus1,134.2,0.956,1
bonus1,134.3,0.813,1
bonus1,134.3,0.916,2
bonus1,134.4,0.926,1
bonus1,134.4,0.935,1
bonus1,134.4,0.956,1
bonus1,134.4,0.967,1
bonus1,134.5,0.926,1
bonus1,134.5,0.978,1
bonus1,134.6,0.763,1
bonus1,134.6,0.845,1
bonus1,134.6,0.916,1
bonus1,134.7,0.845,1
bonus1,134.9,0.837,1
bonus1,134.9,0.906,1
bonus1,134.9,0.956,1
bonus1,135,0.935,1
bonus1,135.1,0.757,1
bonus1,135.1,0.978,1
bonus1,135.3,0.829,1
bonus1,135.3,0.888,1
bonus1,135.4,0.879,1
bonus1,135.4,0.888,1
bonus1,135.4,0.916,1
bonus1,135.4,0.956,1
bonus1,135.6,0.888,1
bonus1,135.6,0.935,1
bonus1,135.8,0.829,1
bonus1,135.8,0.861,1
bonus1,135.8,0.879,1
bonus1,135.9,0.829,1
bonus1,135.9,0.861,1
bonus1,135.9,0.897,1
bonus1,136.1,0.956,1
bonus1,136.2,0.845,1
bonus1,136.2,0.888,1
bonus1,136.2,0.926,1
bonus1,136.2,0.946,1
bonus1,136.3,0.813,1
bonus1,136.4,0.731,1
bonus1,136.4,0.845,1
bonus1,136.4,0.879,1
bonus1,136.4,0.906,1
bonus1,136.4,0.946,1
bonus1,136.5,0.916,1
bonus1,136.5,0.989,1
bonus1,136.6,0.916,1
bonus1,136.7,0.87,1
bonus1,136.8,0.935,1
bonus1,136.9,0.707,1
bonus1,136.9,0.87,1
bonus1,136.9,0.935,1
bonus1,137,0.916,2
bonus1,137.1,0.879,1
bonus1,137.1,0.956,1
bonus1,137.3,0.879,1
bonus1,137.4,0.806,1
bonus1,137.4,0.845,1
bonus1,137.4,0.946,1
bonus1,137.5,0.916,1
bonus1,137.6,0.861,1
bonus1,137.6,0.978,1
bonus1,137.7,0.897,1
bonus1,137.7,0.946,1
bonus1,137.8,0.906,1
bonus1,137.8,0.989,1
bonus1,137.9,0.879,1
bonus1,137.9,0.946,1
bonus1,138,0.713,1
bonus1,138,0.87,1
bonus1,138,0.926,1
bonus1,138.1,0.879,1
bonus1,138.1,0.888,1
bonus1,138.2,0.935,1
bonus1,138.3,0.845,1
bonus1,138.3,0.853,1
bonus1,138.4,0.935,2
bonus1,138.5,0.926,2
bonus1,138.5,0.935,2
bonus1,138.6,0.707,1
bonus1,138.6,0.897,1
bonus1,138.7,0.897,1
bonus1,138.7,0.956,1
bonus1,138.8,0.956,1
bonus1,138.9,0.916,1
bonus1,138.9,0.935,1
bonus1,138.9,0.946,1
bonus1,139,0.879,1
bonus1,139,0.946,1
bonus1,139.1,0.926,1
bonus1,139.1,0.956,1
bonus1,139.2,0.87,1
bonus1,139.2,0.916,1
bonus1,139.3,0.956,1
bonus1,139.4,0.935,1
bonus1,139.4,0.989,1
bonus1,139.5,0.906,1
bonus1,139.6,0.956,1
bonus1,139.7,0.798,1
bonus1,139.7,0.897,1
bonus1,139.7,0.926,1
bonus1,139.7,0.946,1
bonus1,139.9,0.806,1
bonus1,139.9,0.813,1
bonus1,139.9,0.845,1
bonus1,139.9,0.916,1
bonus1,140,0.798,1
bonus1,140,0.87,1
bonus1,140,0.946,1
bonus1,140,0.956,1
bonus1,140.1,0.821,1
bonus1,140.1,0.967,1
bonus1,140.2,0.829,1
bonus1,140.4,0.731,1
bonus1,140.4,0.916,1
bonus1,140.4,0.926,1
bonus1,140.6,0.821,1
bonus1,140.6,0.916,1
bonus1,140.7,0.821,1
bonus1,140.7,0.935,1
bonus1,140.8,0.713,1
bonus1,140.8,0.813,1
bonus1,140.8,0.916,1
bonus1,141,0.888,1
bonus1,141.2,0.967,1
bonus1,141.3,0.916,1
bonus1,141.3,0.935,1
bonus1,141.3,0.946,1
bonus1,141.5,0.707,1
bonus1,141.6,0.837,1
bonus1,141.6,0.845,1
bonus1,141.6,0.906,1
bonus1,141.6,0.978,1
bonus1,141.7,0.861,1
bonus1,141.7,0.935,1
bonus1,141.8,0.87,1
bonus1,141.8,0.956,1
bonus1,141.9,0.935,1
bonus1,141.9,0.956,1
bonus1,141.9,0.967,1
bonus1,141.9,0.989,1
bonus1,142,0.879,1
bonus1,142.1,0.87,1
bonus1,142.1,0.967,1
bonus1,142.3,0.861,1
bonus1,142.4,0.659,1
bonus1,142.4,0.798,1
bonus1,142.4,0.916,1
bonus1,142.5,0.845,1
bonus1,142.5,0.916,1
bonus1,142.5,0.935,3
bonus1,142.5,0.978,1
bonus1,142.6,0.967,1
bonus1,142.7,0.829,1
bonus1,142.7,0.946,2
bonus1,142.8,0.821,1
bonus1,142.8,0.837,1
bonus1,142.8,0.956,1
bonus1,142.8,0.967,1
bonus1,142.9,0.77,1
bonus1,142.9,0.906,1
bonus1,143,0.897,1
bonus1,143.1,0.916,1
bonus1,143.2,0.707,1
bonus1,143.2,0.956,1
bonus1,143.3,0.888,1
bonus1,143.3,0.956,1
bonus1,143.4,0.956,1
bonus1,143.4,0.978,1
bonus1,143.5,0.845,1
bonus1,143.5,0.897,1
bonus1,143.6,0.845,1
bonus1,143.6,0.956,2
bonus1,143.7,0.87,1
bonus1,143.8,0.829,1
bonus1,143.8,0.897,1
bonus1,143.8,0.916,1
bonus1,143.9,0.916,1
bonus1,143.9,0.935,1
bonus1,144,0.978,1
bonus1,144.1,0.906,1
bonus1,144.1,0.956,1
bonus1,144.2,0.861,1
bonus1,144.2,0.916,1
bonus1,144.3,0.853,1
bonus1,144.3,0.87,1
bonus1,144.3,0.888,1
bonus1,144.5,0.879,1
bonus1,144.5,0.926,1
bonus1,144.6,0.713,1
bonus1,144.6,0.777,1
bonus1,144.6,0.935,1
bonus1,144.6,0.967,2
bonus1,144.7,0.798,1
bonus1,144.7,0.888,1
bonus1,144.9,0.916,1
bonus1,145,0.956,1
bonus1,145.1,0.888,1
bonus1,145.1,0.906,1
bonus1,145.2,0.888,1
bonus1,145.4,0.813,1
bonus1,145.4,0.916,1
bonus1,145.5,0.978,1
bonus1,145.6,0.791,1
bonus1,145.6,0.798,1
bonus1,145.6,0.967,1
bonus1,145.7,0.75,1
bonus1,145.9,0.806,1
bonus1,145.9,0.845,1
bonus1,145.9,0.879,2
bonus1,146.1,0.916,1
bonus1,146.1,0.956,1
bonus1,146.2,0.845,1
bonus1,146.3,0.791,1
bonus1,146.4,0.935,1
bonus1,146.5,0.853,1
bonus1,146.5,0.861,1
bonus1,146.5,0.888,1
bonus1,146.5,0.967,1
bonus1,146.6,0.989,1
bonus1,146.7,0.906,1
bonus1,146.7,0.956,1
bonus1,146.8,0.888,1
bonus1,146.9,0.806,1
bonus1,146.9,0.829,1
bonus1,147,0.916,1
bonus1,147,0.967,1
bonus1,147.1,0.935,1
bonus1,147.2,0.806,1
bonus1,147.2,0.87,1
bonus1,147.3,0.744,1
bonus1,147.3,0.956,1
bonus1,147.4,0.806,1
bonus1,147.5,0.906,1
bonus1,147.6,0.879,1
bonus1,147.7,0.897,1
bonus1,147.8,0.879,1
bonus1,147.9,0.935,2
bonus1,148.1,0.829,1
bonus1,148.1,0.916,1
bonus1,148.1,0.935,1
bonus1,148.1,0.956,1
bonus1,148.2,0.75,1
bonus1,148.3,0.897,1
bonus1,148.3,0.916,1
bonus1,148.4,0.791,1
bonus1,148.4,0.853,1
bonus1,148.4,0.935,1
bonus1,148.4,0.967,1
bonus1,148.5,0.737,1
bonus1,148.5,0.926,1
bonus1,148.5,0.946,1
bonus1,148.5,0.978,1
bonus1,148.6,0.777,1
bonus1,148.6,0.897,1
bonus1,148.6,0.916,1
bonus1,148.6,0.956,1
bonus1,148.7,0.956,2
bonus1,148.8,0.897,1
bonus1,148.8,0.989,1
bonus1,148.9,0.956,1
bonus1,149.1,0.837,1
bonus1,149.1,0.888,1
bonus1,149.2,0.897,2
bonus1,149.3,0.956,1
bonus1,149.4,0.757,1
bonus1,149.4,0.845,1
bonus1,149.5,0.77,1
bonus1,149.5,0.813,1
bonus1,149.6,0.935,1
bonus1,149.6,0.956,1
bonus1,149.7,0.853,1
bonus1,149.7,0.916,1
bonus1,149.9,0.784,1
bonus1,150.1,0.906,1
bonus1,150.5,0.845,1
bonus1,150.6,0.791,1
bonus1,150.6,0.897,1
bonus1,150.7,0.916,1
bonus1,150.7,0.935,1
bonus1,150.7,0.967,1
bonus1,150.8,0.879,1
bonus1,150.9,0.719,1
bonus1,150.9,0.853,1
bonus1,151,0.821,1
bonus1,151.2,0.956,1
bonus1,151.4,0.897,1
bonus1,151.4,0.935,1
bonus1,151.5,0.946,2
bonus1,151.6,0.935,1
bonus1,151.7,0.926,1
bonus1,151.7,0.946,1
bonus1,151.8,0.798,1
bonus1,151.8,0.956,1
bonus1,152,0.926,1
bonus1,152.1,0.879,1
bonus1,152.1,0.926,1
bonus1,152.2,0.821,1
bonus1,152.2,0.888,1
bonus1,152.3,0.978,2
bonus1,152.4,0.926,1
bonus1,152.5,0.845,1
bonus1,152.5,0.853,1
bonus1,152.5,0.956,1
bonus1,152.6,0.916,1
bonus1,152.6,0.935,1
bonus1,152.8,0.861,1
bonus1,152.8,0.888,1
bonus1,152.9,0.77,1
bonus1,152.9,0.897,1
bonus1,152.9,0.935,1
bonus1,153,0.956,1
bonus1,153.3,0.916,1
bonus1,153.4,0.967,1
bonus1,153.5,0.888,1
bonus1,153.5,0.916,1
bonus1,153.5,0.956,1
bonus1,153.6,0.829,1
bonus1,153.7,0.916,1
bonus1,153.7,0.967,1
bonus1,153.8,0.837,1
bonus1,153.8,0.897,1
bonus1,153.9,0.888,1
bonus1,154,0.845,1
bonus1,154,0.906,1
bonus1,154,0.956,1
bonus1,154.2,0.935,1
bonus1,154.3,0.888,1
bonus1,154.3,0.906,1
bonus1,154.4,0.829,1
bonus1,154.5,0.879,1
bonus1,154.5,0.935,1
bonus1,154.6,0.888,1
bonus1,154.6,0.956,1
bonus1,154.7,0.956,1
bonus1,154.8,0.87,1
bonus1,154.8,0.916,1
bonus1,154.8,0.926,1
bonus1,154.9,0.989,1
bonus1,155.1,0.956,1
bonus1,155.1,0.978,1
bonus1,155.2,0.916,1
bonus1,155.3,0.879,1
bonus1,155.3,0.916,1
bonus1,155.3,0.926,1
bonus1,155.4,0.813,1
bonus1,155.4,0.87,1
bonus1,155.4,0.956,1
bonus1,155.7,0.926,1
bonus1,155.7,0.935,1
bonus1,155.7,0.946,1
bonus1,155.8,0.829,1
bonus1,155.8,0.861,2
bonus1,155.9,0.829,1
bonus1,155.9,0.888,1
bonus1,156,0.978,1
bonus1,156.1,0.879,1
bonus1,156.1,0.906,1
bonus1,156.1,0.967,1
bonus1,156.2,0.861,1
bonus1,156.4,0.845,1
bonus1,156.5,0.897,1
bonus1,156.5,0.906,1
bonus1,156.5,0.916,1
bonus1,156.5,0.956,1
bonus1,156.6,0.989,1
bonus1,156.7,0.837,2
bonus1,156.9,0.791,1
bonus1,156.9,0.837,1
bonus1,157.1,0.935,1
bonus1,157.2,0.791,1
bonus1,157.2,0.888,1
bonus1,157.2,0.946,1
bonus1,157.2,0.967,1
bonus1,157.3,0.879,1
bonus1,157.5,0.696,1
bonus1,157.5,0.946,1
bonus1,157.7,0.897,1
bonus1,157.9,0.879,1
bonus1,158.2,0.821,1
bonus1,158.3,0.791,1
bonus1,158.3,0.897,2
bonus1,158.4,0.813,1
bonus1,158.4,0.935,1
bonus1,158.5,0.75,1
bonus1,158.5,0.87,1
bonus1,158.5,0.926,1
bonus1,158.5,0.935,1
bonus1,158.6,0.879,2
bonus1,158.8,0.813,1
bonus1,159,0.777,1
bonus1,159.1,0.837,1
bonus1,159.1,0.956,2
bonus1,159.1,0.967,1
bonus1,159.3,0.916,1
bonus1,159.3,0.935,1
bonus1,159.5,0.935,1
bonus1,159.8,0.821,1
bonus1,159.9,0.906,1
bonus1,160,0.544,1
bonus1,160,0.784,1
bonus1,160,0.926,1
bonus1,160.1,0.888,1
bonus1,160.2,0.821,1
bonus1,160.2,0.879,1
bonus1,160.3,0.956,1
bonus1,160.4,0.956,2
bonus1,160.5,0.888,1
bonus1,160.6,0.879,1
bonus1,160.7,0.926,1
bonus1,160.8,0.897,1
bonus1,160.8,0.916,1
bonus1,160.9,0.935,1
bonus1,161.1,0.926,1
bonus1,161.1,0.978,1
bonus1,161.2,0.897,1
bonus1,161.2,0.916,1
bonus1,161.3,0.845,1
bonus1,161.5,0.707,1
bonus1,161.5,0.861,1
bonus1,161.5,0.916,1
bonus1,161.6,0.837,1
bonus1,161.7,0.813,1
bonus1,161.8,0.744,1
bonus1,161.8,0.845,1
bonus1,161.9,0.806,1
bonus1,161.9,0.837,1
bonus1,161.9,0.935,1
bonus1,162,0.935,1
bonus1,162.2,0.861,1
bonus1,162.4,0.906,1
bonus1,162.4,0.956,1
bonus1,162.5,0.777,1
bonus1,162.6,0.946,1
bonus1,162.6,0.956,1
bonus1,162.7,0.879,1
bonus1,162.7,0.956,1
bonus1,162.8,0.935,2
bonus1,162.9,0.784,1
bonus1,162.9,0.829,1
bonus1,163.3,0.935,1
bonus1,163.4,0.813,1
bonus1,163.4,0.926,1
bonus1,163.4,0.956,1
bonus1,163.7,0.87,1
bonus1,163.7,0.888,1
bonus1,163.8,0.897,1
bonus1,163.9,0.853,1
bonus1,164,0.906,1
bonus1,164.3,0.906,1
bonus1,164.6,0.916,1
bonus1,164.9,0.725,1
bonus1,164.9,0.978,1
bonus1,165,0.853,1
bonus1,165,0.879,1
bonus1,165,0.888,1
bonus1,165.1,0.916,1
bonus1,165.2,0.978,1
bonus1,165.4,0.897,1
bonus1,165.4,0.956,1
bonus1,165.5,0.806,1
bonus1,165.6,0.906,1
bonus1,165.6,0.935,1
bonus1,165.7,0.916,1
bonus1,165.7,0.946,1
bonus1,165.8,0.829,1
bonus1,165.9,0.829,1
bonus1,165.9,0.906,1
bonus1,166,0.956,1
bonus1,166.2,0.879,1
bonus1,166.3,0.87,1
bonus1,166.4,0.978,1
bonus1,166.5,0.77,1
bonus1,166.5,0.956,1
bonus1,166.6,0.926,1
bonus1,166.7,0.806,1
bonus1,166.8,0.837,1
bonus1,166.9,0.935,1
bonus1,167.1,0.897,1
bonus1,167.1,0.916,1
bonus1,167.1,0.935,1
bonus1,167.3,0.935,1
bonus1,167.4,0.879,1
bonus1,167.5,0.926,1
bonus1,167.7,0.861,1
bonus1,167.7,0.956,1
bonus1,167.8,0.935,1
bonus1,167.9,0.879,1
bonus1,168.1,0.956,1
bonus1,168.2,0.956,1
bonus1,168.4,0.956,1
bonus1,168.6,0.861,1
bonus1,168.6,0.978,1
bonus1,168.7,0.77,1
bonus1,168.7,0.935,1
bonus1,168.9,0.879,1
bonus1,169.1,0.757,1
bonus1,169.2,0.784,1
bonus1,169.3,0.916,1
bonus1,169.4,0.879,1
bonus1,169.4,0.897,1
bonus1,169.7,0.989,1
bonus1,169.8,0.956,1
bonus1,169.9,0.763,1
bonus1,169.9,0.926,1
bonus1,170.2,0.757,1
bonus1,170.2,0.935,1
bonus1,170.3,0.916,1
bonus1,170.3,0.978,1
bonus1,170.6,0.798,1
bonus1,170.6,0.897,1
bonus1,170.9,0.897,1
bonus1,170.9,0.946,1
bonus1,170.9,0.978,1
bonus1,171,0.719,1
bonus1,171.6,0.916,1
bonus1,171.8,0.967,1
bonus1,171.9,0.978,1
bonus1,172.3,0.956,1
bonus1,172.5,0.621,1
bonus1,172.5,0.946,1
bonus1,172.6,0.916,1
bonus1,172.8,0.702,1
bonus1,172.9,0.821,1
bonus1,172.9,0.829,1
bonus1,172.9,0.956,1
bonus1,173,0.926,1
bonus1,173,0.978,1
bonus1,173.2,0.829,1
bonus1,173.2,0.946,1
bonus1,173.4,0.791,1
bonus1,173.6,0.916,1
bonus1,173.8,0.879,1
bonus1,174,0.888,1
bonus1,174.3,0.879,1
bonus1,174.7,0.916,1
bonus1,174.7,0.989,1
bonus1,174.8,0.916,1
bonus1,174.9,0.879,1
bonus1,175,0.77,1
bonus1,175,0.87,1
bonus1,175,0.978,1
bonus1,175.1,0.879,1
bonus1,175.1,0.916,1
bonus1,175.1,0.926,1
bonus1,175.2,0.777,1
bonus1,175.3,0.798,1
bonus1,175.3,0.813,1
bonus1,175.3,0.888,1
bonus1,175.3,0.956,1
bonus1,175.4,0.879,1
bonus1,175.5,0.813,1
bonus1,175.6,0.888,1
bonus1,175.6,0.967,1
bonus1,175.7,0.946,1
bonus1,175.8,0.879,1
bonus1,175.8,0.946,1
bonus1,175.8,0.956,1
bonus1,176,0.897,1
bonus1,176,0.916,1
bonus1,176.1,0.879,1
bonus1,176.2,0.935,1
bonus1,176.3,0.879,1
bonus1,176.6,0.956,1
bonus1,176.8,0.853,1
bonus1,176.8,0.935,1
bonus1,176.9,0.845,1
bonus1,176.9,0.916,1
bonus1,177,0.845,1
bonus1,177.1,0.888,1
bonus1,177.1,0.916,1
bonus1,177.3,0.861,1
bonus1,177.5,0.821,1
bonus1,177.5,0.845,1
bonus1,177.5,0.897,1
bonus1,177.5,0.916,1
bonus1,177.8,0.926,1
bonus1,177.8,0.978,1
bonus1,177.9,0.744,1
bonus1,177.9,0.813,1
bonus1,177.9,0.956,1
bonus1,178,0.888,1
bonus1,178.1,0.935,1
bonus1,178.3,0.861,1
bonus1,178.4,0.916,1
bonus1,178.5,0.906,2
bonus1,178.6,0.861,1
bonus1,178.6,0.879,2
bonus1,178.8,0.77,1
bonus1,178.8,0.806,1
bonus1,178.8,0.853,1
bonus1,178.9,0.935,1
bonus1,179,0.75,1
bonus1,179,0.77,1
bonus1,179,0.906,1
bonus1,179,0.935,1
bonus1,179,0.967,1
bonus1,179.1,0.926,1
bonus1,179.1,0.935,1
bonus1,179.1,0.956,1
bonus1,179.2,0.897,1
bonus1,179.2,0.956,1
bonus1,179.3,0.956,2
bonus1,179.6,0.897,1
bonus1,179.9,0.763,1
bonus1,180,0.906,1
bonus1,180.1,0.916,1
bonus1,180.2,0.861,1
bonus1,180.2,0.956,1
bonus1,180.3,0.906,1
bonus1,180.5,0.897,1
bonus1,180.5,0.916,1
bonus1,180.8,0.737,1
bonus1,180.8,0.946,1
bonus1,180.9,0.926,1
bonus1,181.1,0.879,1
bonus1,181.1,0.926,1
bonus1,181.1,0.978,1
bonus1,181.2,0.861,1
bonus1,181.3,0.906,1
bonus1,181.3,0.916,2
bonus1,181.3,0.926,1
bonus1,181.3,0.989,1
bonus1,181.6,0.806,1
bonus1,181.6,0.967,1
bonus1,181.7,0.946,1
bonus1,181.8,0.906,1
bonus1,181.8,0.935,1
bonus1,181.9,0.897,1
bonus1,181.9,0.916,2
bonus1,181.9,0.946,1
bonus1,182,0.906,1
bonus1,182.2,0.707,1
bonus1,182.4,0.967,1
bonus1,182.6,0.967,1
bonus1,182.7,0.926,1
bonus1,182.7,0.978,1
bonus1,183,0.897,1
bonus1,183,0.916,1
bonus1,183.2,0.837,1
bonus1,183.3,0.956,1
bonus1,183.4,0.906,1
bonus1,183.4,0.956,1
bonus1,183.5,0.806,1
bonus1,183.5,0.897,2
bonus1,183.7,0.916,1
bonus1,184,0.879,1
bonus1,184.2,0.784,1
bonus1,184.3,0.654,1
bonus1,184.4,0.879,1
bonus1,184.4,0.978,1
bonus1,184.6,0.87,1
bonus1,184.6,0.916,1
bonus1,184.6,0.956,1
bonus1,185.1,0.837,1
bonus1,185.3,0.989,1
bonus1,185.6,0.926,1
bonus1,185.9,0.956,1
bonus1,186,0.926,1
bonus1,186.2,0.978,1
bonus1,186.3,0.897,1
bonus1,186.5,0.916,1
bonus1,186.5,0.956,1
bonus1,186.6,0.853,2
bonus1,186.8,0.926,1
bonus1,186.9,0.916,1
bonus1,187,0.853,1
bonus1,187,0.916,1
bonus1,187.1,0.879,1
bonus1,187.3,0.798,1
bonus1,187.5,0.916,1
bonus1,187.6,0.916,1
bonus1,187.9,0.757,1
bonus1,188,0.837,1
bonus1,188.3,0.897,1
bonus1,188.3,0.956,1
bonus1,188.4,0.935,1
bonus1,188.8,0.916,1
bonus1,189,0.888,1
bonus1,189.1,0.926,1
bonus1,189.5,0.935,1
bonus1,189.8,0.813,1
bonus1,190,0.916,1
bonus1,190.4,0.861,1
bonus1,190.5,0.821,1
bonus1,190.5,0.906,1
bonus1,190.5,0.989,1
bonus1,190.6,0.967,1
bonus1,190.7,0.879,1
bonus1,190.8,0.946,1
bonus1,190.8,0.978,1
bonus1,191.5,0.956,1
bonus1,191.7,0.916,1
bonus1,191.9,0.837,1
bonus1,192,0.897,1
bonus1,192,0.967,1
bonus1,192.1,0.821,1
bonus1,192.3,0.897,1
bonus1,192.4,0.861,1
bonus1,192.7,0.935,1
bonus1,192.7,0.956,1
bonus1,192.7,0.967,1
bonus1,193.1,0.861,1
bonus1,193.1,0.916,1
bonus1,193.1,0.926,1
bonus1,193.3,0.806,1
bonus1,194,0.978,1
bonus1,194.1,0.879,1
bonus1,194.3,0.978,1
bonus1,194.4,0.956,1
bonus1,194.5,0.906,1
bonus1,194.5,0.916,1
bonus1,194.6,0.916,1
bonus1,194.8,0.813,1
bonus1,194.9,0.916,1
bonus1,195.2,0.978,1
bonus1,195.3,0.916,1
bonus1,196.2,0.897,1
bonus1,196.3,0.935,1
bonus1,196.8,0.935,1
bonus1,196.9,0.967,1
bonus1,197.1,0.989,1
bonus1,197.2,0.916,1
bonus1,198,0.946,1
bonus1,198,0.989,1
bonus1,198.1,0.978,1
bonus1,198.2,0.956,1
bonus1,198.5,0.897,1
bonus1,199.2,0.791,1
bonus1,199.3,0.853,1
bonus1,199.3,0.989,1
bonus1,199.6,0.956,1
bonus1,199.6,0.967,1
bonus1,199.7,0.916,1
bonus1,199.8,0.978,1
bonus1,200,0.861,1
bonus1,200.1,0.897,1
bonus1,200.1,0.956,1
bonus1,200.2,0.978,1
bonus1,200.4,0.784,1
bonus1,200.4,0.935,1
bonus1,200.5,0.879,1
bonus1,200.7,0.956,1
bonus1,200.8,0.853,1
bonus1,200.9,0.946,1
bonus1,201.2,0.829,1
bonus1,201.2,0.853,1
bonus1,201.6,0.888,1
bonus1,201.6,0.956,2
bonus1,201.6,0.989,1
bonus1,201.8,0.897,1
bonus1,202.1,0.879,1
bonus1,202.3,0.861,1
bonus1,202.3,0.935,1
bonus1,202.7,0.916,1
bonus1,202.7,0.946,1
bonus1,202.9,0.897,2
bonus1,203,0.829,1
bonus1,203.3,0.897,1
bonus1,203.4,0.926,1
bonus1,203.5,0.935,1
bonus1,203.8,0.845,1
bonus1,204.2,0.837,1
bonus1,204.4,0.967,1
bonus1,204.6,0.829,1
bonus1,204.7,0.845,1
bonus1,204.7,0.956,1
bonus1,204.8,0.978,1
bonus1,204.9,0.956,2
bonus1,205,0.897,1
bonus1,205.1,0.946,1
bonus1,205.2,0.935,1
bonus1,205.4,0.926,1
bonus1,205.4,0.935,1
bonus1,205.5,0.967,1
bonus1,205.6,0.861,1
bonus1,205.8,0.989,1
bonus1,206,0.935,1
bonus1,206,0.956,1
bonus1,206.3,0.978,1
bonus1,206.4,0.956,1
bonus1,206.4,0.989,1
bonus1,206.6,0.978,1
bonus1,206.8,0.784,1
bonus1,207.1,0.956,1
bonus1,207.2,0.731,1
bonus1,207.3,0.989,1
bonus1,207.4,0.916,1
bonus1,208.1,0.77,1
bonus1,208.2,0.837,1
bonus1,208.2,0.853,1
bonus1,208.3,0.813,1
bonus1,208.4,0.956,1
bonus1,208.6,0.861,1
bonus1,208.9,0.956,1
bonus1,209,0.956,1
bonus1,209.5,0.935,1
bonus1,209.7,0.897,1
bonus1,209.7,0.916,1
bonus1,210.4,0.946,1
bonus1,210.4,0.967,1
bonus1,210.5,0.87,1
bonus1,210.6,0.956,1
bonus1,210.6,0.978,1
bonus1,210.9,0.798,1
bonus1,211,0.77,1
bonus1,211,0.935,1
bonus1,211.3,0.935,1
bonus1,211.8,0.978,1
bonus1,212.2,0.935,1
bonus1,212.3,0.744,1
bonus1,212.4,0.626,1
bonus1,212.4,0.669,1
bonus1,212.7,0.897,1
bonus1,212.7,0.926,1
bonus1,212.7,0.978,1
bonus1,212.9,0.861,1
bonus1,213.4,0.813,1
bonus1,213.5,0.978,1
bonus1,213.9,0.897,1
bonus1,214.2,0.897,1
bonus1,214.4,0.897,1
bonus1,214.9,0.879,1
bonus1,215,0.798,1
bonus1,215,0.935,1
bonus1,215.1,0.916,1
bonus1,215.3,0.956,1
bonus1,215.4,0.956,1
bonus1,215.5,0.813,1
bonus1,215.5,0.956,1
bonus1,215.5,0.978,1
bonus1,215.9,0.861,1
bonus1,216.3,0.956,1
bonus1,216.6,0.916,1
bonus1,216.8,0.906,1
bonus1,216.9,0.784,1
bonus1,217.2,0.845,1
bonus1,217.8,0.791,1
bonus1,218.7,0.935,1
bonus1,218.9,0.916,1
bonus1,219.1,0.967,1
bonus1,219.5,0.861,1
bonus1,219.7,0.967,1
bonus1,219.9,0.87,1
bonus1,220.3,0.956,1
bonus1,220.5,0.978,1
bonus1,220.7,0.897,1
bonus1,220.7,0.916,1
bonus1,220.7,0.946,1
bonus1,221.8,0.956,1
bonus1,221.9,0.791,1
bonus1,222.2,0.935,1
bonus1,222.5,0.829,1
bonus1,222.7,0.978,1
bonus1,223.4,0.935,1
bonus1,223.6,0.879,1
bonus1,224.3,0.798,1
bonus1,224.3,0.967,1
bonus1,224.5,0.956,1
bonus1,224.7,0.821,1
bonus1,224.8,0.935,1
bonus1,225.1,0.967,1
bonus1,225.4,0.978,1
bonus1,225.5,0.935,1
bonus1,225.8,0.853,1
bonus1,226.4,0.897,1
bonus1,226.5,0.757,1
bonus1,226.6,0.861,1
bonus1,226.6,0.989,1
bonus1,226.7,0.916,1
bonus1,227.1,0.956,1
bonus1,227.3,0.879,1
bonus1,227.7,0.626,1
bonus1,227.9,0.935,1
bonus1,228,0.916,1
bonus1,228.3,0.821,1
bonus1,228.3,0.956,1
bonus1,229.4,0.897,1
bonus1,229.5,0.604,1
bonus1,229.5,0.829,1
bonus1,229.6,0.935,1
bonus1,229.6,0.956,1
bonus1,230.1,0.87,1
bonus1,230.5,0.897,1
bonus1,230.6,0.935,1
bonus1,230.6,0.946,1
bonus1,230.8,0.978,1
bonus1,231.3,0.935,1
bonus1,231.4,0.879,1
bonus1,231.4,0.956,1
bonus1,232,0.926,1
bonus1,232.6,0.897,1
bonus1,233.2,0.829,1
bonus1,233.3,0.956,1
bonus1,233.6,0.853,1
bonus1,233.7,0.906,1
bonus1,233.8,0.916,1
bonus1,233.9,0.879,1
bonus1,235,0.87,1
bonus1,235.7,0.956,1
bonus1,235.9,0.935,1
bonus1,236,0.935,1
bonus1,236.3,0.935,1
bonus1,236.3,0.956,1
bonus1,236.8,0.725,1
bonus1,237.4,0.956,1
bonus1,237.8,0.946,1
bonus1,238,0.744,1
bonus1,238.3,0.813,1
bonus1,238.4,0.906,2
bonus1,238.6,0.956,1
bonus1,240.2,0.989,1
bonus1,240.6,0.87,1
bonus1,240.6,0.906,1
bonus1,240.7,0.897,1
bonus1,240.8,0.935,1
bonus1,241.5,0.916,1
bonus1,241.8,0.916,1
bonus1,241.9,0.879,1
bonus1,241.9,0.978,1
bonus1,242.4,0.926,1
bonus1,243.1,0.935,2
bonus1,243.1,0.978,1
bonus1,243.2,0.935,1
bonus1,244,0.707,1
bonus1,244.7,0.916,1
bonus1,244.9,0.916,1
bonus1,245,0.956,1
bonus1,245.9,0.53,1
bonus1,246.3,0.861,1
bonus1,246.3,0.956,1
bonus1,246.6,0.978,1
bonus1,246.9,0.906,1
bonus1,247.1,0.897,1
bonus1,247.3,0.935,1
bonus1,247.5,0.935,1
bonus1,247.8,0.935,1
bonus1,249.5,0.926,1
bonus1,249.6,0.879,1
bonus1,249.6,0.916,1
bonus1,249.8,0.935,1
bonus1,249.9,0.956,1
bonus1,250.7,0.916,1
bonus1,251.3,0.87,1
bonus1,251.4,0.956,1
bonus1,251.7,0.777,1
bonus1,252.1,0.757,1
bonus1,252.3,0.956,1
bonus1,252.3,0.978,1
bonus1,253.8,0.956,1
bonus1,253.8,0.978,1
bonus1,254.1,0.926,1
bonus1,254.3,0.879,1
bonus1,254.3,0.935,1
bonus1,254.5,0.926,1
bonus1,254.9,0.725,1
bonus1,255.1,0.897,1
bonus1,255.7,0.906,1
bonus1,255.8,0.87,1
bonus1,256,0.926,1
bonus1,258.7,0.906,1
bonus1,260.1,0.737,1
bonus1,260.4,0.946,1
bonus1,261,0.946,1
bonus1,261.6,0.87,1
bonus1,261.9,0.853,1
bonus1,262,0.956,1
bonus1,263.2,0.956,1
bonus1,263.5,0.956,1
bonus1,263.9,0.515,1
bonus1,264.5,0.978,1
bonus1,264.8,0.784,1
bonus1,265,0.685,1
bonus1,265.1,0.935,1
bonus1,265.6,0.861,1
bonus1,265.8,0.861,1
bonus1,265.8,0.978,1
bonus1,266.1,0.897,1
bonus1,266.2,0.956,1
bonus1,267,0.956,1
bonus1,267.1,0.813,1
bonus1,267.1,0.978,1
bonus1,267.5,0.978,1
bonus1,267.9,0.861,1
bonus1,268.8,0.53,1
bonus1,269.8,0.906,1
bonus1,271.7,0.813,1
bonus1,272.6,0.791,1
bonus1,272.7,0.845,1
bonus1,272.9,0.989,1
bonus1,273.1,0.916,1
bonus1,273.3,0.989,1
bonus1,274.5,0.916,1
bonus1,275.3,0.978,1
bonus1,275.4,0.956,1
bonus1,275.9,0.87,1
bonus1,276,0.956,1
bonus1,276,0.967,1
bonus1,277,0.888,1
bonus1,277,0.897,1
bonus1,277.3,0.906,1
bonus1,278.4,0.644,1
bonus1,279,0.935,1
bonus1,280,0.956,1
bonus1,280.1,0.916,1
bonus1,281.1,0.956,1
bonus1,281.3,0.935,1
bonus1,281.3,0.946,1
bonus1,281.7,0.967,1
bonus1,282.1,0.935,1
bonus1,282.9,0.75,1
bonus1,283.9,0.897,1
bonus1,283.9,0.935,1
bonus1,284.7,0.956,1
bonus1,284.8,0.935,1
bonus1,285,0.956,1
bonus1,285.2,0.916,1
bonus1,286,0.888,1
bonus1,287.9,0.861,1
bonus1,288.3,0.916,1
bonus1,289,0.888,1
bonus1,289.1,0.956,1
bonus1,290.5,0.935,1
bonus1,291.9,0.916,1
bonus1,292,0.926,1
bonus1,292.4,0.967,1
bonus1,293,0.978,1
bonus1,293.1,0.935,1
bonus1,293.4,0.837,1
bonus1,293.6,0.956,1
bonus1,293.6,0.967,1
bonus1,293.8,0.956,1
bonus1,294.9,0.664,1
bonus1,294.9,0.879,1
bonus1,295.7,0.956,2
bonus1,296.2,0.845,1
bonus1,296.4,0.916,1
bonus1,297.5,0.879,1
bonus1,298,0.926,1
bonus1,298.2,0.978,2
bonus1,298.8,0.664,1
bonus1,299.4,0.829,1
bonus1,300.3,0.897,1
bonus1,301.1,0.806,1
bonus1,302.3,0.906,1
bonus1,302.8,0.763,1
bonus1,303.3,0.946,1
bonus1,304,0.978,1
bonus1,306.2,0.956,1
bonus1,306.3,0.967,1
bonus1,306.6,0.946,1
bonus1,306.8,0.777,1
bonus1,307.8,0.897,1
bonus1,308,0.989,1
bonus1,309.8,0.829,1
bonus1,310.5,0.777,1
bonus1,310.8,0.906,1
bonus1,311,0.967,1
bonus1,311.1,0.926,1
bonus1,311.4,0.967,1
bonus1,312,0.978,1
bonus1,312.6,0.956,1
bonus1,313.4,0.926,1
bonus1,315.4,0.956,1
bonus1,316.2,0.897,1
bonus1,317.5,0.537,1
bonus1,318.3,0.879,1
bonus1,318.4,0.906,1
bonus1,319.6,0.821,1
bonus1,319.9,0.978,1
bonus1,320.3,0.946,1
bonus1,321.1,0.956,1
bonus1,323.4,0.989,1
bonus1,323.5,0.935,1
bonus1,324.9,0.897,1
bonus1,325,0.956,1
bonus1,326.1,0.956,1
bonus1,327.2,0.935,1
bonus1,330.4,0.845,1
bonus1,331.3,0.967,1
bonus1,332.1,0.956,1
bonus1,332.2,0.935,1
bonus1,332.4,0.916,1
bonus1,333.1,0.897,1
bonus1,333.6,0.989,1
bonus1,334.9,0.719,1
bonus1,335.6,0.916,1
bonus1,336,0.978,1
bonus1,340.3,0.956,1
bonus1,340.5,0.978,1
bonus1,340.6,0.897,1
bonus1,343.3,0.956,1
bonus1,343.5,0.967,1
bonus1,344.2,0.946,1
bonus1,346.8,0.989,1
bonus1,347.2,0.989,1
bonus1,347.3,0.897,1
bonus1,350.2,0.956,1
bonus1,351.5,0.888,1
bonus1,352.1,0.829,1
bonus1,352.3,0.978,1
bonus1,352.4,0.935,1
bonus1,356.1,0.956,1
bonus1,356.4,0.956,1
bonus1,356.8,0.956,1
bonus1,357.1,0.956,1
bonus1,357.3,0.946,1
bonus1,360,0.75,1
bonus1,360.8,0.798,1
bonus1,360.8,0.989,1
bonus1,361,0.916,1
bonus1,362.9,0.956,1
bonus1,364.3,0.967,1
bonus1,366.6,0.853,1
bonus1,367.2,0.978,1
bonus1,369.2,0.744,1
bonus1,369.5,0.989,1
bonus1,370.2,0.946,1
bonus1,371.1,0.967,1
bonus1,371.6,0.956,1
bonus1,374.2,0.978,1
bonus1,375.7,0.879,1
bonus1,376.6,0.956,1
bonus1,378.8,0.916,1
bonus1,379.1,0.978,1
bonus1,381.2,0.956,1
bonus1,382.4,0.946,1
bonus1,384.6,0.916,1
bonus1,384.6,0.935,1
bonus1,385.1,0.978,1
bonus1,387.7,0.946,1
bonus1,391.1,0.935,1
bonus1,392.4,0.935,1
bonus1,392.4,0.967,1
bonus1,393.2,0.554,1
bonus1,394.3,0.978,1
bonus1,394.5,0.978,1
bonus1,395.2,0.916,1
bonus1,395.5,0.813,1
bonus1,398.6,0.916,1
bonus1,401.5,0.956,1
bonus1,402.2,0.926,1
bonus1,406.4,0.837,1
bonus1,408,0.956,1
bonus1,412,0.861,1
bonus1,414.7,0.967,1
bonus1,414.9,0.956,1
bonus1,416,0.956,1
bonus1,417.7,0.967,1
bonus1,418.3,0.956,1
bonus1,420.6,0.897,1
bonus1,421.9,0.989,1
bonus1,422.7,0.861,1
bonus1,423.2,0.879,1
bonus1,428.1,0.935,1
bonus1,430.3,0.956,1
bonus1,432.9,0.916,1
bonus1,434,0.897,1
bonus1,434.9,0.87,1
bonus1,436.2,0.956,1
bonus1,436.5,0.946,1
bonus1,440.2,0.978,1
bonus1,442.4,0.888,1
bonus1,442.5,0.861,1
bonus1,442.7,0.935,1
bonus1,443.2,0.989,1
bonus1,444.6,0.69,1
bonus1,445.5,0.956,1
bonus1,445.7,0.978,1
bonus1,447.6,0.897,1
bonus1,452.2,0.978,1
bonus1,454.9,0.897,1
bonus1,457.7,0.879,1
bonus1,458.3,0.813,1
bonus1,459.5,0.989,1
bonus1,465.3,0.989,1
bonus1,467.6,0.935,1
bonus1,468.4,0.897,1
bonus1,469.1,0.956,1
bonus1,474.9,0.967,1
bonus1,485.2,0.956,1
bonus1,486.9,0.978,1
bonus1,491.6,0.956,1
bonus1,497.6,0.967,1
bonus1,498,0.888,1
bonus1,500.2,0.946,1
bonus1,506.8,0.956,1
bonus1,511.2,0.926,1
bonus1,514.5,0.956,1
bonus1,516.6,0.956,1
bonus1,520.8,0.935,1
bonus1,520.9,0.946,1
bonus1,523,0.935,1
bonus1,526.8,0.861,1
bonus1,529.5,0.956,1
bonus1,534.1,0.897,1
bonus1,544.9,0.989,1
bonus1,549.1,0.935,1
bonus1,552.9,0.989,1
bonus1,564.2,0.978,1
bonus1,567.4,0.989,1
bonus1,568.7,0.989,1
bonus1,576.2,0.926,1
bonus1,585,0.956,1
bonus1,585.7,0.956,1
bonus1,586.9,0.935,1
bonus1,590.4,0.978,1
bonus1,592.9,0.967,1
bonus1,601.2,0.978,1
bonus1,603.3,0.879,1
bonus1,618.8,0.926,1
bonus1,623.1,0.926,1
bonus1,623.4,0.926,1
bonus1,638.1,0.829,1
bonus1,652.2,0.956,1
bonus1,666.1,0.879,1
bonus1,684.1,0.946,1
bonus1,689.3,0.967,1
bonus1,689.3,0.989,1
bonus1,693.8,0.989,1
bonus1,694.1,0.757,1
bonus1,697.3,0.978,1
bonus1,699.9,0.989,1
bonus1,700.6,0.897,1
bonus1,701.4,0.989,1
bonus1,705.5,0.978,1
bonus1,706.6,0.926,1
bonus1,712.7,0.978,1
bonus1,715.5,0.978,1
bonus1,716.9,0.956,1
bonus1,752,0.897,1
bonus1,758.3,0.989,1
bonus1,771.9,0.956,1
bonus1,772.6,0.978,1
bonus1,784.4,0.845,1
bonus1,790.6,0.861,1
bonus1,805,0.978,1
bonus1,814.6,0.861,1
bonus1,826.5,0.967,1
bonus1,839.3,0.956,1
bonus1,870.7,0.978,1
bonus1,877.6,0.935,1
bonus1,899,0.956,1
bonus1,925.3,0.978,1
bonus1,929.2,0.935,1
bonus1,932.4,0.989,1
bonus1,967.4,0.967,1
bonus1,969.5,1,1
bonus1,972.1,0.978,1
bonus1,978.2,0.978,1
bonus1,1017.6,0.978,1
bonus1,1028.8,0.888,1
bonus1,1049.5,0.956,1
bonus1,1072.6,0.946,1
bonus1,1074.9,0.956,1
bonus1,1101.4,0.888,1
bonus1,1103.9,0.978,1
bonus1,1127.4,0.879,1
bonus1,1142.5,0.978,1
bonus1,1143.6,0.989,1
bonus1,1146.6,0.87,1
bonus1,1148.1,0.989,1
bonus1,1154.8,0.989,1
bonus1,1186.6,0.978,1
bonus1,1194.5,0.989,1
bonus1,1249.5,0.989,1
bonus1,1251.8,0.989,1
bonus1,1284.6,0.967,1
bonus1,1294.5,0.956,1
bonus1,1298,0.989,1
bonus1,1319.7,0.946,1
bonus1,1381.8,0.989,1
bonus1,1389.1,0.654,1
bonus1,1389.2,0.989,1
bonus1,1395.2,0.956,1
bonus1,1444.6,0.935,1
bonus1,1456.4,0.978,1
bonus1,1467.1,0.989,1
bonus1,1548.8,0.935,1
bonus1,1577.1,0.861,1
bonus1,1579.1,0.879,1
bonus1,1594.4,0.989,1
bonus1,1598.2,0.956,1
bonus1,1608.2,1,1
bonus1,1624.3,1,1
bonus1,1637.5,0.916,1
bonus1,1670.1,0.845,1
bonus1,1675.8,0.916,1
bonus1,1694.6,0.916,1
bonus1,1720.8,0.888,1
bonus1,1763.1,0.978,1
bonus1,1837.5,0.821,1
bonus1,1839.2,0.87,1
bonus1,1861.7,0.87,1
bonus1,1873.2,1,1
bonus1,1875.3,0.989,1
bonus1,1876.9,0.989,1
bonus1,1907,0.956,1
bonus1,1923.7,0.888,1
bonus1,1938.5,0.879,1
bonus1,1951.9,0.978,1
bonus1,1961.6,0.935,1
bonus1,1995.8,0.989,1
bonus1,2022.1,0.888,1
bonus1,2022.8,0.853,1
bonus1,2189.9,0.967,1
bonus1,2216.5,0.978,1
bonus1,2419.8,0.956,1
bonus1,2421.1,0.935,1
bonus1,2448.3,0.967,1
bonus1,2479.2,0.813,1
bonus1,2545.5,0.926,1
bonus1,2705.8,0.978,1
bonus1,2790.4,0.989,1
bonus1,3435.7,0.978,1
bonus1,3583.1,0.916,1
bonus1,3912.6,0.967,1
bonus1,4140.3,0.956,1
bonus1,4155.2,0.935,1
bonus1,4161.8,0.989,1
bonus1,4180.1,0.888,1
bonus1,4401.7,0.946,1
bonus1,4930.4,0.989,1
bonus1,5473.1,0.935,1
bonus1,6670.2,0.813,1
bonus1,6870.4,1,1
bonus1,7518.8,0.879,1
bonus1,7769.2,0.906,1
bonus1,7853,0.956,1
bonus1,7880.7,0.967,1
bonus1,8061.6,0.906,1
bonus1,8118.4,0.719,1
bonus1,8633.3,0.967,1
bonus1,8971.1,0.946,1
bonus1,9824.6,0.87,1
bonus1,10049.2,0.935,1
bonus1,10151.4,0.763,1
bonus1,10618.2,0.956,1
bonus1,10916.3,0.978,1
bonus1,13307.2,0.946,1
bonus1,13927.9,0.989,1
bonus1,21196.3,0.956,1
bonus1,28616.9,0.967,1
bonus1,40858.2,0.798,1
bonus1,87672.3,0.978,1
bonus1,91291.5,0.897,1
bonus1,110951.9,0.967,1
bonus1,123222.9,0.989,1
bonus1,155912.5,0.946,1
bonus1,167793.5,0.967,1
bonus1,396172.9,0.926,1
bonus2,20.9,0.91,1
bonus2,22.3,0.91,1
bonus2,24.4,0.938,1
bonus2,25.5,0.903,1
bonus2,26.2,0.896,1
bonus2,26.5,0.968,1
bonus2,27,0.903,1
bonus2,27,0.938,1
bonus2,27.1,0.938,1
bonus2,27.4,0.917,1
bonus2,27.5,0.864,1
bonus2,27.5,0.896,1
bonus2,27.5,0.938,1
bonus2,27.6,0.953,1
bonus2,27.6,0.984,1
bonus2,28.2,0.91,1
bonus2,28.2,0.953,1
bonus2,28.4,0.776,1
bonus2,28.5,0.871,1
bonus2,28.5,0.968,1
bonus2,28.6,0.917,1
bonus2,28.7,0.91,1
bonus2,28.7,0.924,1
bonus2,28.7,0.938,1
bonus2,28.9,0.858,1
bonus2,28.9,0.984,1
bonus2,29.2,0.883,1
bonus2,29.2,0.91,1
bonus2,29.3,0.771,1
bonus2,29.3,0.776,1
bonus2,29.3,0.834,1
bonus2,29.4,0.896,1
bonus2,29.5,0.801,1
bonus2,29.5,0.858,1
bonus2,29.5,0.968,1
bonus2,29.7,1,1
bonus2,30,0.761,1
bonus2,30.1,0.781,1
bonus2,30.1,0.791,1
bonus2,30.1,0.812,1
bonus2,30.1,0.917,1
bonus2,30.1,0.938,1
bonus2,30.2,0.953,1
bonus2,30.3,0.871,1
bonus2,30.3,0.89,1
bonus2,30.3,0.953,1
bonus2,30.4,0.871,1
bonus2,30.4,0.89,1
bonus2,30.5,0.89,1
bonus2,30.5,0.917,1
bonus2,30.6,0.871,1
bonus2,30.6,0.984,1
bonus2,30.7,0.812,1
bonus2,30.7,0.871,1
bonus2,30.8,0.871,1
bonus2,30.8,0.896,1
bonus2,30.8,0.968,1
bonus2,30.9,0.924,1
bonus2,31,0.786,1
bonus2,31,0.89,1
bonus2,31.1,0.823,1
bonus2,31.1,0.834,1
bonus2,31.3,0.725,1
bonus2,31.3,0.938,1
bonus2,31.3,0.953,1
bonus2,31.4,0.877,1
bonus2,31.4,0.896,1
bonus2,31.4,1,1
bonus2,31.5,0.883,1
bonus2,31.5,0.924,1
bonus2,31.5,0.938,1
bonus2,31.9,0.761,1
bonus2,31.9,0.829,1
bonus2,31.9,0.846,1
bonus2,32,0.89,1
bonus2,32,0.896,1
bonus2,32.1,0.883,1
bonus2,32.1,0.953,1
bonus2,32.2,0.84,1
bonus2,32.2,0.864,1
bonus2,32.2,0.938,1
bonus2,32.3,0.834,1
bonus2,32.3,0.858,1
bonus2,32.3,0.883,1
bonus2,32.3,0.924,1
bonus2,32.3,0.968,1
bonus2,32.4,0.877,1
bonus2,32.4,0.938,1
bonus2,32.4,0.968,1
bonus2,32.5,0.801,1
bonus2,32.5,0.818,1
bonus2,32.5,0.84,1
bonus2,32.6,0.699,1
bonus2,32.6,0.858,1
bonus2,32.6,0.871,2
bonus2,32.6,0.883,1
bonus2,32.6,0.91,1
bonus2,32.6,1,1
bonus2,32.7,0.846,1
bonus2,32.8,0.781,1
bonus2,32.8,0.896,1
bonus2,32.9,0.896,1
bonus2,32.9,0.91,2
bonus2,32.9,0.984,1
bonus2,33,0.953,1
bonus2,33,0.984,1
bonus2,33.1,0.818,1
bonus2,33.1,0.968,1
bonus2,33.2,0.864,1
bonus2,33.2,0.896,1
bonus2,33.2,0.938,1
bonus2,33.3,0.871,3
bonus2,33.3,0.91,1
bonus2,33.4,0.84,1
bonus2,33.4,0.931,1
bonus2,33.4,0.938,1
bonus2,33.5,0.871,1
bonus2,33.6,0.823,1
bonus2,33.7,0.858,1
bonus2,33.7,0.871,1
bonus2,33.7,0.896,1
bonus2,33.8,0.938,2
bonus2,33.8,0.953,1
bonus2,33.9,0.84,1
bonus2,33.9,0.924,1
bonus2,34,0.871,1
bonus2,34,0.883,1
bonus2,34,0.917,1
bonus2,34,0.953,1
bonus2,34,0.968,1
bonus2,34.1,0.846,1
bonus2,34.1,0.871,1
bonus2,34.1,0.896,1
bonus2,34.1,0.984,1
bonus2,34.2,0.896,1
bonus2,34.2,0.984,1
bonus2,34.3,0.858,1
bonus2,34.3,0.864,1
bonus2,34.3,0.871,1
bonus2,34.3,0.896,1
bonus2,34.4,0.761,1
bonus2,34.4,0.834,1
bonus2,34.4,0.858,1
bonus2,34.4,0.883,1
bonus2,34.4,0.953,1
bonus2,34.5,0.834,1
bonus2,34.5,0.846,1
bonus2,34.5,0.858,1
bonus2,34.5,0.924,2
bonus2,34.5,0.968,1
bonus2,34.6,0.871,1
bonus2,34.6,0.938,1
bonus2,34.7,0.716,1
bonus2,34.7,0.852,1
bonus2,34.8,0.846,1
bonus2,34.8,0.858,1
bonus2,34.9,0.771,1
bonus2,34.9,0.858,2
bonus2,34.9,0.903,1
bonus2,34.9,0.953,1
bonus2,34.9,1,1
bonus2,35,0.801,1
bonus2,35,0.812,1
bonus2,35,0.823,1
bonus2,35,0.846,1
bonus2,35,0.938,1
bonus2,35,0.968,1
bonus2,35,0.984,1
bonus2,35.1,0.756,1
bonus2,35.1,0.858,1
bonus2,35.1,0.896,1
bonus2,35.1,0.91,1
bonus2,35.1,1,1
bonus2,35.2,0.747,1
bonus2,35.2,0.846,2
bonus2,35.2,0.852,1
bonus2,35.2,0.883,1
bonus2,35.2,0.903,1
bonus2,35.2,0.91,1
bonus2,35.2,0.938,1
bonus2,35.2,0.968,1
bonus2,35.2,0.984,1
bonus2,35.3,0.871,1
bonus2,35.3,0.968,1
bonus2,35.4,0.786,1
bonus2,35.4,0.818,1
bonus2,35.4,0.89,1
bonus2,35.4,0.968,1
bonus2,35.5,0.747,1
bonus2,35.5,0.877,1
bonus2,35.5,0.91,2
bonus2,35.6,0.864,1
bonus2,35.6,0.877,1
bonus2,35.6,0.883,1
bonus2,35.6,0.924,2
bonus2,35.6,0.968,1
bonus2,35.7,0.796,1
bonus2,35.7,0.834,1
bonus2,35.7,0.852,1
bonus2,35.7,0.871,1
bonus2,35.7,0.877,1
bonus2,35.7,0.883,1
bonus2,35.8,0.801,1
bonus2,35.8,0.984,1
bonus2,35.9,0.796,1
bonus2,35.9,0.858,1
bonus2,35.9,0.877,1
bonus2,35.9,0.883,1
bonus2,35.9,0.89,1
bonus2,35.9,0.896,1
bonus2,35.9,0.938,1
bonus2,36,0.781,1
bonus2,36,0.883,1
bonus2,36,0.938,1
bonus2,36.1,0.742,1
bonus2,36.1,0.883,1
bonus2,36.2,0.896,1
bonus2,36.2,0.945,1
bonus2,36.2,0.968,1
bonus2,36.3,0.684,1
bonus2,36.3,0.781,1
bonus2,36.3,0.858,1
bonus2,36.3,0.877,1
bonus2,36.3,0.883,1
bonus2,36.3,0.917,1
bonus2,36.3,1,1
bonus2,36.4,0.725,1
bonus2,36.4,0.747,1
bonus2,36.4,0.801,1
bonus2,36.4,0.858,1
bonus2,36.4,0.883,1
bonus2,36.5,0.771,1
bonus2,36.5,0.924,1
bonus2,36.5,0.938,1
bonus2,36.5,0.984,1
bonus2,36.6,0.883,1
bonus2,36.6,0.91,1
bonus2,36.6,0.931,1
bonus2,36.7,0.858,1
bonus2,36.7,0.877,1
bonus2,36.7,0.89,1
bonus2,36.7,0.896,1
bonus2,36.7,0.938,1
bonus2,36.7,1,1
bonus2,36.8,0.771,1
bonus2,36.8,0.829,1
bonus2,36.8,0.858,1
bonus2,36.8,0.903,1
bonus2,36.8,0.924,1
bonus2,36.9,0.829,1
bonus2,36.9,0.883,1
bonus2,37,0.791,1
bonus2,37,0.812,1
bonus2,37,0.858,1
bonus2,37,0.883,1
bonus2,37,0.91,1
bonus2,37,0.953,1
bonus2,37.1,0.858,1
bonus2,37.1,0.871,1
bonus2,37.1,0.896,1
bonus2,37.1,0.903,1
bonus2,37.1,0.924,1
bonus2,37.1,1,1
bonus2,37.2,0.858,1
bonus2,37.2,0.864,1
bonus2,37.2,0.871,2
bonus2,37.2,0.883,2
bonus2,37.2,0.896,1
bonus2,37.3,0.801,1
bonus2,37.3,0.846,2
bonus2,37.3,0.858,1
bonus2,37.3,0.871,1
bonus2,37.3,0.903,1
bonus2,37.4,0.791,1
bonus2,37.4,0.812,1
bonus2,37.4,0.84,1
bonus2,37.4,0.846,1
bonus2,37.4,0.858,1
bonus2,37.4,0.896,1
bonus2,37.4,0.903,2
bonus2,37.4,0.91,1
bonus2,37.4,0.924,1
bonus2,37.4,0.953,2
bonus2,37.5,0.823,1
bonus2,37.5,0.858,1
bonus2,37.5,0.871,1
bonus2,37.5,0.883,2
bonus2,37.5,0.896,1
bonus2,37.5,0.917,1
bonus2,37.5,0.938,1
bonus2,37.5,0.953,1
bonus2,37.5,0.968,1
bonus2,37.6,0.812,1
bonus2,37.6,0.834,1
bonus2,37.6,0.91,2
bonus2,37.7,0.846,1
bonus2,37.7,0.871,1
bonus2,37.7,0.877,1
bonus2,37.7,0.896,1
bonus2,37.7,0.91,1
bonus2,37.7,0.938,1
bonus2,37.8,0.84,1
bonus2,37.8,0.968,1
bonus2,37.9,0.877,1
bonus2,37.9,0.89,1
bonus2,37.9,0.896,4
bonus2,37.9,0.924,1
bonus2,38,0.699,1
bonus2,38,0.812,3
bonus2,38,0.871,1
bonus2,38,0.896,1
bonus2,38,0.91,2
bonus2,38,0.953,1
bonus2,38,0.968,1
bonus2,38.1,0.846,1
bonus2,38.1,0.896,1
bonus2,38.1,0.91,1
bonus2,38.1,0.953,1
bonus2,38.2,0.72,1
bonus2,38.2,0.752,1
bonus2,38.2,0.781,1
bonus2,38.2,0.846,1
bonus2,38.2,0.852,1
bonus2,38.2,0.883,1
bonus2,38.2,0.896,1
bonus2,38.2,0.938,1
bonus2,38.3,0.766,1
bonus2,38.3,0.834,1
bonus2,38.3,0.846,1
bonus2,38.3,0.877,2
bonus2,38.3,0.896,1
bonus2,38.3,0.917,1
bonus2,38.3,0.968,1
bonus2,38.4,0.871,1
bonus2,38.4,0.896,1
bonus2,38.4,0.91,1
bonus2,38.4,0.924,1
bonus2,38.4,0.984,1
bonus2,38.4,1,1
bonus2,38.5,0.812,1
bonus2,38.5,0.883,1
bonus2,38.5,1,1
bonus2,38.6,0.699,1
bonus2,38.6,0.761,1
bonus2,38.6,0.791,1
bonus2,38.6,0.818,1
bonus2,38.6,0.84,1
bonus2,38.6,0.858,1
bonus2,38.6,0.883,1
bonus2,38.7,0.896,1
bonus2,38.7,0.903,1
bonus2,38.7,0.91,1
bonus2,38.7,0.924,2
bonus2,38.7,0.938,1
bonus2,38.7,0.953,1
bonus2,38.7,0.984,1
bonus2,38.8,0.903,2
bonus2,38.8,0.91,1
bonus2,38.8,0.924,1
bonus2,38.8,0.968,1
bonus2,38.8,1,1
bonus2,38.9,0.627,1
bonus2,38.9,0.812,1
bonus2,38.9,0.931,1
bonus2,38.9,0.984,1
bonus2,39,0.676,1
bonus2,39,0.733,1
bonus2,39,0.84,1
bonus2,39,0.858,1
bonus2,39,0.883,1
bonus2,39,0.896,1
bonus2,39,1,1
bonus2,39.1,0.883,1
bonus2,39.1,0.91,1
bonus2,39.1,0.984,1
bonus2,39.2,0.852,1
bonus2,39.2,0.871,1
bonus2,39.2,0.877,1
bonus2,39.2,0.931,1
bonus2,39.3,0.801,1
bonus2,39.3,0.834,1
bonus2,39.3,0.903,1
bonus2,39.3,0.938,3
bonus2,39.3,0.968,2
bonus2,39.4,0.812,1
bonus2,39.4,0.834,1
bonus2,39.4,0.846,1
bonus2,39.4,0.858,1
bonus2,39.4,0.864,2
bonus2,39.4,0.883,1
bonus2,39.4,0.931,1
bonus2,39.4,0.953,1
bonus2,39.4,0.984,1
bonus2,39.5,0.448,1
bonus2,39.5,0.725,1
bonus2,39.5,0.752,1
bonus2,39.5,0.883,1
bonus2,39.5,0.903,1
bonus2,39.5,0.938,2
bonus2,39.6,0.807,1
bonus2,39.6,0.846,2
bonus2,39.6,0.852,1
bonus2,39.6,0.883,1
bonus2,39.6,0.91,1
bonus2,39.6,0.924,1
bonus2,39.6,0.938,1
bonus2,39.7,0.742,1
bonus2,39.7,0.852,1
bonus2,39.7,0.858,1
bonus2,39.7,0.91,3
bonus2,39.7,0.938,1
bonus2,39.7,0.953,1
bonus2,39.7,0.968,1
bonus2,39.8,0.791,2
bonus2,39.8,0.812,1
bonus2,39.8,0.852,1
bonus2,39.8,0.871,1
bonus2,39.8,0.968,1
bonus2,39.9,0.752,1
bonus2,39.9,0.781,1
bonus2,39.9,0.823,1
bonus2,39.9,0.84,1
bonus2,39.9,0.858,1
bonus2,39.9,0.871,1
bonus2,39.9,0.924,1
bonus2,39.9,0.938,2
bonus2,39.9,0.953,1
bonus2,40,0.823,2
bonus2,40,0.871,1
bonus2,40,0.91,1
bonus2,40.1,0.807,1
bonus2,40.1,0.858,1
bonus2,40.1,0.924,1
bonus2,40.1,0.931,1
bonus2,40.1,0.968,1
bonus2,40.2,0.796,1
bonus2,40.2,0.864,1
bonus2,40.2,0.871,2
bonus2,40.2,0.89,1
bonus2,40.2,0.91,1
bonus2,40.2,0.953,2
bonus2,40.2,0.968,1
bonus2,40.3,0.747,1
bonus2,40.3,0.823,1
bonus2,40.3,0.829,1
bonus2,40.3,0.858,1
bonus2,40.3,0.871,1
bonus2,40.3,0.877,1
bonus2,40.3,0.896,1
bonus2,40.3,0.924,1
bonus2,40.3,0.984,2
bonus2,40.4,0.733,1
bonus2,40.4,0.776,1
bonus2,40.4,0.791,1
bonus2,40.4,0.812,1
bonus2,40.4,0.883,1
bonus2,40.4,0.924,2
bonus2,40.4,0.938,1
bonus2,40.4,0.953,1
bonus2,40.5,0.883,3
bonus2,40.5,0.938,1
bonus2,40.5,0.953,1
bonus2,40.5,0.968,2
bonus2,40.6,0.823,1
bonus2,40.6,0.883,1
bonus2,40.6,0.896,1
bonus2,40.6,0.938,1
bonus2,40.6,0.953,1
bonus2,40.7,0.786,1
bonus2,40.7,0.818,1
bonus2,40.7,0.846,2
bonus2,40.7,0.89,1
bonus2,40.7,0.896,1
bonus2,40.7,0.924,1
bonus2,40.7,0.938,1
bonus2,40.7,0.984,1
bonus2,40.8,0.834,1
bonus2,40.8,0.846,2
bonus2,40.8,0.858,1
bonus2,40.8,0.924,1
bonus2,40.8,0.938,2
bonus2,40.9,0.761,1
bonus2,40.9,0.846,1
bonus2,40.9,0.896,1
bonus2,40.9,0.91,1
bonus2,40.9,0.931,1
bonus2,40.9,0.953,1
bonus2,40.9,0.984,1
bonus2,41,0.823,1
bonus2,41,0.834,1
bonus2,41,0.84,1
bonus2,41,0.864,1
bonus2,41,0.877,1
bonus2,41,0.896,1
bonus2,41,0.924,2
bonus2,41,0.938,1
bonus2,41,0.953,1
bonus2,41,0.984,1
bonus2,41.1,0.858,1
bonus2,41.1,0.864,1
bonus2,41.1,0.924,1
bonus2,41.1,0.984,1
bonus2,41.2,0.699,1
bonus2,41.2,0.776,2
bonus2,41.2,0.801,1
bonus2,41.2,0.823,1
bonus2,41.2,0.871,2
bonus2,41.2,0.896,1
bonus2,41.2,0.903,1
bonus2,41.2,0.924,1
bonus2,41.2,0.968,1
bonus2,41.3,0.752,1
bonus2,41.3,0.786,1
bonus2,41.3,0.801,1
bonus2,41.3,0.858,1
bonus2,41.3,0.89,1
bonus2,41.3,0.903,1
bonus2,41.3,0.91,1
bonus2,41.3,0.938,1
bonus2,41.3,0.968,1
bonus2,41.4,0.733,1
bonus2,41.4,0.791,1
bonus2,41.4,0.846,3
bonus2,41.4,0.91,1
bonus2,41.4,0.917,1
bonus2,41.5,0.834,1
bonus2,41.5,0.84,1
bonus2,41.5,0.871,1
bonus2,41.5,0.883,3
bonus2,41.5,0.903,1
bonus2,41.5,0.91,1
bonus2,41.5,0.953,1
bonus2,41.5,0.968,1
bonus2,41.5,0.984,1
bonus2,41.6,0.796,2
bonus2,41.6,0.807,1
bonus2,41.6,0.84,1
bonus2,41.6,0.871,1
bonus2,41.6,0.896,1
bonus2,41.6,0.91,1
bonus2,41.6,0.917,1
bonus2,41.6,0.924,1
bonus2,41.7,0.742,1
bonus2,41.7,0.761,1
bonus2,41.7,0.852,1
bonus2,41.7,0.883,1
bonus2,41.7,0.896,2
bonus2,41.7,0.91,1
bonus2,41.7,0.917,1
bonus2,41.8,0.834,1
bonus2,41.8,0.858,1
bonus2,41.8,0.883,2
bonus2,41.8,0.896,1
bonus2,41.8,0.91,1
bonus2,41.9,0.823,1
bonus2,41.9,0.834,2
bonus2,41.9,0.864,1
bonus2,41.9,0.871,1
bonus2,41.9,0.883,1
bonus2,41.9,0.903,1
bonus2,41.9,0.91,1
bonus2,41.9,0.924,1
bonus2,41.9,0.938,1
bonus2,41.9,0.953,1
bonus2,42,0.756,1
bonus2,42,0.771,2
bonus2,42,0.781,1
bonus2,42,0.834,1
bonus2,42,0.846,2
bonus2,42,0.871,1
bonus2,42,0.89,1
bonus2,42,0.896,1
bonus2,42,0.924,3
bonus2,42.1,0.742,1
bonus2,42.1,0.823,2
bonus2,42.1,0.864,1
bonus2,42.1,0.871,2
bonus2,42.1,0.883,1
bonus2,42.1,0.91,1
bonus2,42.1,0.938,3
bonus2,42.1,0.953,1
bonus2,42.1,0.984,1
bonus2,42.2,0.771,1
bonus2,42.2,0.84,1
bonus2,42.2,0.852,1
bonus2,42.2,0.871,1
bonus2,42.2,0.89,1
bonus2,42.2,0.91,1
bonus2,42.2,0.968,1
bonus2,42.3,0.781,1
bonus2,42.3,0.858,1
bonus2,42.3,0.883,2
bonus2,42.3,0.91,1
bonus2,42.3,0.924,1
bonus2,42.3,0.968,1
bonus2,42.3,1,1
bonus2,42.4,0.796,1
bonus2,42.4,0.801,1
bonus2,42.4,0.818,1
bonus2,42.4,0.846,2
bonus2,42.4,0.871,1
bonus2,42.4,0.896,1
bonus2,42.4,0.903,1
bonus2,42.4,0.91,1
bonus2,42.4,0.924,1
bonus2,42.4,0.984,1
bonus2,42.5,0.771,1
bonus2,42.5,0.801,1
bonus2,42.5,0.858,1
bonus2,42.5,0.877,2
bonus2,42.5,0.883,2
bonus2,42.5,0.903,1
bonus2,42.5,0.924,1
bonus2,42.5,0.953,1
bonus2,42.6,0.834,1
bonus2,42.6,0.84,1
bonus2,42.6,0.877,1
bonus2,42.6,0.883,1
bonus2,42.6,0.968,1
bonus2,42.7,0.725,1
bonus2,42.7,0.823,1
bonus2,42.7,0.846,1
bonus2,42.7,0.883,1
bonus2,42.7,0.903,1
bonus2,42.7,0.917,1
bonus2,42.7,0.924,1
bonus2,42.7,0.953,1
bonus2,42.7,0.968,1
bonus2,42.8,0.729,1
bonus2,42.8,0.796,1
bonus2,42.8,0.818,1
bonus2,42.8,0.89,1
bonus2,42.8,0.91,2
bonus2,42.8,0.938,1
bonus2,42.8,0.984,1
bonus2,42.9,0.712,1
bonus2,42.9,0.725,1
bonus2,42.9,0.761,1
bonus2,42.9,0.801,1
bonus2,42.9,0.807,1
bonus2,42.9,0.812,1
bonus2,42.9,0.834,1
bonus2,42.9,0.846,1
bonus2,42.9,0.852,1
bonus2,42.9,0.89,1
bonus2,42.9,0.896,1
bonus2,42.9,0.91,3
bonus2,43,0.823,1
bonus2,43,0.871,1
bonus2,43,0.91,1
bonus2,43,0.917,1
bonus2,43,0.924,1
bonus2,43,0.931,1
bonus2,43,0.938,2
bonus2,43.1,0.725,1
bonus2,43.1,0.747,1
bonus2,43.1,0.761,2
bonus2,43.1,0.771,1
bonus2,43.1,0.781,2
bonus2,43.1,0.829,1
bonus2,43.1,0.84,1
bonus2,43.1,0.846,1
bonus2,43.1,0.858,1
bonus2,43.1,0.896,3
bonus2,43.1,0.91,2
bonus2,43.1,0.953,1
bonus2,43.1,0.968,1
bonus2,43.2,0.807,1
bonus2,43.2,0.823,1
bonus2,43.2,0.829,2
bonus2,43.2,0.846,1
bonus2,43.2,0.858,1
bonus2,43.2,0.883,1
bonus2,43.2,0.89,1
bonus2,43.2,0.896,1
bonus2,43.2,0.903,1
bonus2,43.2,0.91,2
bonus2,43.2,0.917,1
bonus2,43.2,0.953,2
bonus2,43.3,0.812,1
bonus2,43.3,0.858,1
bonus2,43.3,0.883,1
bonus2,43.3,0.91,2
bonus2,43.3,0.917,1
bonus2,43.3,0.953,1
bonus2,43.3,0.984,1
bonus2,43.4,0.823,1
bonus2,43.4,0.852,1
bonus2,43.4,0.924,1
bonus2,43.4,0.953,1
bonus2,43.4,0.984,1
bonus2,43.5,0.823,1
bonus2,43.5,0.871,1
bonus2,43.5,0.877,1
bonus2,43.5,0.883,2
bonus2,43.5,0.91,1
bonus2,43.5,0.924,1
bonus2,43.5,0.968,2
bonus2,43.5,1,1
bonus2,43.6,0.733,1
bonus2,43.6,0.786,1
bonus2,43.6,0.801,1
bonus2,43.6,0.823,1
bonus2,43.6,0.834,2
bonus2,43.6,0.84,1
bonus2,43.6,0.864,1
bonus2,43.6,0.871,1
bonus2,43.6,0.883,1
bonus2,43.6,0.903,1
bonus2,43.6,0.953,2
bonus2,43.7,0.781,1
bonus2,43.7,0.924,1
bonus2,43.7,0.968,1
bonus2,43.7,0.984,1
bonus2,43.8,0.781,1
bonus2,43.8,0.791,1
bonus2,43.8,0.801,1
bonus2,43.8,0.823,1
bonus2,43.8,0.829,1
bonus2,43.8,0.846,1
bonus2,43.8,0.924,1
bonus2,43.8,0.931,1
bonus2,43.8,0.968,1
bonus2,43.9,0.953,4
bonus2,43.9,0.968,2
bonus2,44,0.846,1
bonus2,44,0.852,1
bonus2,44,0.871,2
bonus2,44,0.924,1
bonus2,44.1,0.752,2
bonus2,44.1,0.896,1
bonus2,44.1,0.968,1
bonus2,44.2,0.684,1
bonus2,44.2,0.829,1
bonus2,44.2,0.852,1
bonus2,44.2,0.883,2
bonus2,44.2,0.91,2
bonus2,44.2,0.938,1
bonus2,44.2,0.953,1
bonus2,44.3,0.761,1
bonus2,44.3,0.771,1
bonus2,44.3,0.796,1
bonus2,44.3,0.801,1
bonus2,44.3,0.852,1
bonus2,44.3,0.858,1
bonus2,44.3,0.871,1
bonus2,44.3,1,1
bonus2,44.4,0.733,1
bonus2,44.4,0.756,1
bonus2,44.4,0.761,1
bonus2,44.4,0.807,1
bonus2,44.4,0.812,1
bonus2,44.4,0.852,1
bonus2,44.4,0.864,1
bonus2,44.4,0.871,1
bonus2,44.4,0.896,2
bonus2,44.4,0.938,2
bonus2,44.4,0.984,1
bonus2,44.5,0.771,1
bonus2,44.5,0.829,1
bonus2,44.5,0.834,1
bonus2,44.5,0.877,1
bonus2,44.5,0.883,2
bonus2,44.5,0.917,1
bonus2,44.5,0.938,1
bonus2,44.5,0.953,2
bonus2,44.6,0.771,1
bonus2,44.6,0.791,1
bonus2,44.6,0.852,1
bonus2,44.6,0.883,2
bonus2,44.6,0.896,1
bonus2,44.6,0.91,2
bonus2,44.6,0.984,1
bonus2,44.6,1,1
bonus2,44.7,0.691,1
bonus2,44.7,0.747,1
bonus2,44.7,0.858,1
bonus2,44.7,0.864,1
bonus2,44.7,0.91,1
bonus2,44.7,0.917,1
bonus2,44.7,0.938,1
bonus2,44.8,0.519,1
bonus2,44.8,0.608,1
bonus2,44.8,0.752,1
bonus2,44.8,0.846,2
bonus2,44.8,0.91,1
bonus2,44.8,0.924,1
bonus2,44.8,0.953,3
bonus2,44.9,0.812,1
bonus2,44.9,0.858,1
bonus2,44.9,0.864,1
bonus2,44.9,0.871,1
bonus2,44.9,0.877,2
bonus2,44.9,0.896,1
bonus2,44.9,0.91,2
bonus2,44.9,0.924,2
bonus2,44.9,0.953,1
bonus2,45,0.752,1
bonus2,45,0.756,1
bonus2,45,0.812,1
bonus2,45,0.818,1
bonus2,45,0.823,1
bonus2,45,0.846,1
bonus2,45,0.883,2
bonus2,45,0.91,1
bonus2,45,0.931,1
bonus2,45.1,0.823,1
bonus2,45.1,0.864,1
bonus2,45.1,0.871,1
bonus2,45.1,0.883,1
bonus2,45.1,0.896,1
bonus2,45.1,0.91,1
bonus2,45.1,0.938,1
bonus2,45.1,0.984,1
bonus2,45.2,0.801,1
bonus2,45.2,0.858,1
bonus2,45.2,0.871,1
bonus2,45.2,0.883,2
bonus2,45.2,0.89,1
bonus2,45.2,0.931,1
bonus2,45.2,0.938,1
bonus2,45.2,0.953,1
bonus2,45.2,0.968,1
bonus2,45.3,0.871,1
bonus2,45.3,0.883,1
bonus2,45.3,0.91,1
bonus2,45.3,0.924,2
bonus2,45.3,0.938,1
bonus2,45.4,0.747,1
bonus2,45.4,0.858,1
bonus2,45.4,0.871,1
bonus2,45.4,0.896,1
bonus2,45.4,0.924,2
bonus2,45.4,0.938,1
bonus2,45.4,0.984,1
bonus2,45.5,0.761,1
bonus2,45.5,0.771,1
bonus2,45.5,0.877,1
bonus2,45.5,0.89,1
bonus2,45.5,0.896,1
bonus2,45.5,0.938,1
bonus2,45.5,0.953,2
bonus2,45.5,0.968,2
bonus2,45.5,0.984,1
bonus2,45.6,0.781,1
bonus2,45.6,0.864,2
bonus2,45.6,0.896,2
bonus2,45.6,0.91,2
bonus2,45.6,0.938,1
bonus2,45.6,0.953,1
bonus2,45.6,1,1
bonus2,45.7,0.771,1
bonus2,45.7,0.871,1
bonus2,45.7,0.883,1
bonus2,45.7,0.896,2
bonus2,45.7,0.903,1
bonus2,45.7,0.931,1
bonus2,45.7,0.938,1
bonus2,45.8,0.796,1
bonus2,45.8,0.829,1
bonus2,45.8,0.846,1
bonus2,45.8,0.852,1
bonus2,45.8,0.858,1
bonus2,45.8,0.871,1
bonus2,45.8,0.903,1
bonus2,45.8,0.91,1
bonus2,45.8,0.924,1
bonus2,45.8,0.953,2
bonus2,45.9,0.791,1
bonus2,45.9,0.812,1
bonus2,45.9,0.829,1
bonus2,45.9,0.858,1
bonus2,45.9,0.871,1
bonus2,45.9,0.877,1
bonus2,45.9,0.883,1
bonus2,45.9,0.89,1
bonus2,45.9,0.91,1
bonus2,45.9,0.924,1
bonus2,45.9,0.938,1
bonus2,45.9,0.953,1
bonus2,46,0.756,1
bonus2,46,0.791,1
bonus2,46,0.796,1
bonus2,46,0.864,2
bonus2,46,0.877,4
bonus2,46,0.896,1
bonus2,46,0.903,1
bonus2,46,0.91,1
bonus2,46,0.945,1
bonus2,46,0.953,1
bonus2,46.1,0.752,1
bonus2,46.1,0.771,1
bonus2,46.1,0.791,1
bonus2,46.1,0.834,1
bonus2,46.1,0.84,1
bonus2,46.1,0.852,1
bonus2,46.1,0.858,1
bonus2,46.1,0.89,1
bonus2,46.1,0.896,1
bonus2,46.1,0.984,1
bonus2,46.2,0.742,2
bonus2,46.2,0.801,1
bonus2,46.2,0.829,1
bonus2,46.2,0.834,2
bonus2,46.2,0.846,2
bonus2,46.2,0.871,2
bonus2,46.2,0.883,1
bonus2,46.2,0.896,1
bonus2,46.2,1,1
bonus2,46.3,0.791,1
bonus2,46.3,0.84,1
bonus2,46.3,0.852,1
bonus2,46.3,0.89,1
bonus2,46.3,0.924,1
bonus2,46.3,0.984,1
bonus2,46.4,0.771,1
bonus2,46.4,0.781,1
bonus2,46.4,0.791,1
bonus2,46.4,0.801,1
bonus2,46.4,0.829,1
bonus2,46.4,0.858,1
bonus2,46.4,0.877,1
bonus2,46.4,0.91,1
bonus2,46.4,0.917,1
bonus2,46.4,0.938,1
bonus2,46.5,0.725,1
bonus2,46.5,0.864,2
bonus2,46.5,0.871,1
bonus2,46.5,0.89,1
bonus2,46.5,0.896,1
bonus2,46.5,0.91,2
bonus2,46.5,1,1
bonus2,46.6,0.752,1
bonus2,46.6,0.834,1
bonus2,46.6,0.846,1
bonus2,46.6,0.871,2
bonus2,46.6,0.877,1
bonus2,46.6,0.883,1
bonus2,46.6,0.896,2
bonus2,46.6,0.924,1
bonus2,46.6,0.953,1
bonus2,46.6,0.968,1
bonus2,46.7,0.752,1
bonus2,46.7,0.781,1
bonus2,46.7,0.801,1
bonus2,46.7,0.834,1
bonus2,46.7,0.858,1
bonus2,46.7,0.871,2
bonus2,46.7,0.883,2
bonus2,46.7,0.938,2
bonus2,46.7,0.953,2
bonus2,46.7,0.968,1
bonus2,46.8,0.761,1
bonus2,46.8,0.846,1
bonus2,46.8,0.864,1
bonus2,46.8,0.871,2
bonus2,46.8,0.883,1
bonus2,46.8,0.89,1
bonus2,46.8,0.896,2
bonus2,46.8,0.91,1
bonus2,46.8,0.924,1
bonus2,46.8,0.953,1
bonus2,46.8,0.968,1
bonus2,46.9,0.708,1
bonus2,46.9,0.742,1
bonus2,46.9,0.766,1
bonus2,46.9,0.781,1
bonus2,46.9,0.829,1
bonus2,46.9,0.846,2
bonus2,46.9,0.858,1
bonus2,46.9,0.871,1
bonus2,46.9,0.89,2
bonus2,46.9,0.896,1
bonus2,46.9,0.91,1
bonus2,46.9,0.953,2
bonus2,46.9,0.968,1
bonus2,47,0.801,1
bonus2,47,0.91,1
bonus2,47.1,0.708,1
bonus2,47.1,0.716,2
bonus2,47.1,0.738,1
bonus2,47.1,0.742,1
bonus2,47.1,0.829,1
bonus2,47.1,0.871,1
bonus2,47.1,0.883,1
bonus2,47.1,0.924,1
bonus2,47.1,0.938,1
bonus2,47.1,0.945,1
bonus2,47.1,0.953,1
bonus2,47.1,0.984,1
bonus2,47.2,0.823,1
bonus2,47.2,0.834,1
bonus2,47.2,0.858,1
bonus2,47.2,0.89,1
bonus2,47.2,0.903,1
bonus2,47.2,0.924,1
bonus2,47.2,0.938,2
bonus2,47.2,0.968,1
bonus2,47.3,0.801,1
bonus2,47.3,0.823,1
bonus2,47.3,0.84,1
bonus2,47.3,0.852,1
bonus2,47.3,0.877,2
bonus2,47.3,0.91,3
bonus2,47.3,0.924,2
bonus2,47.3,0.968,1
bonus2,47.4,0.725,1
bonus2,47.4,0.776,1
bonus2,47.4,0.91,1
bonus2,47.4,0.924,3
bonus2,47.4,0.938,2
bonus2,47.4,0.953,1
bonus2,47.5,0.771,1
bonus2,47.5,0.781,1
bonus2,47.5,0.812,2
bonus2,47.5,0.864,2
bonus2,47.5,0.883,2
bonus2,47.5,0.89,1
bonus2,47.5,0.896,1
bonus2,47.5,0.903,1
bonus2,47.5,0.924,1
bonus2,47.5,0.953,1
bonus2,47.6,0.781,1
bonus2,47.6,0.823,1
bonus2,47.6,0.834,1
bonus2,47.6,0.89,1
bonus2,47.6,0.896,1
bonus2,47.6,0.91,1
bonus2,47.6,0.938,1
bonus2,47.6,0.984,1
bonus2,47.7,0.725,1
bonus2,47.7,0.761,1
bonus2,47.7,0.791,1
bonus2,47.7,0.871,2
bonus2,47.7,0.89,1
bonus2,47.7,0.91,1
bonus2,47.7,0.984,1
bonus2,47.8,0.761,1
bonus2,47.8,0.801,1
bonus2,47.8,0.812,1
bonus2,47.8,0.864,1
bonus2,47.8,0.924,1
bonus2,47.8,0.931,2
bonus2,47.8,0.953,2
bonus2,47.8,0.968,1
bonus2,47.8,0.984,1
bonus2,47.9,0.84,1
bonus2,47.9,0.864,1
bonus2,47.9,0.871,2
bonus2,47.9,0.896,2
bonus2,47.9,0.91,1
bonus2,47.9,0.938,2
bonus2,47.9,0.968,2
bonus2,47.9,0.984,1
bonus2,48,0.614,1
bonus2,48,0.766,1
bonus2,48,0.776,1
bonus2,48,0.807,1
bonus2,48,0.823,1
bonus2,48,0.871,2
bonus2,48,0.89,1
bonus2,48,0.896,1
bonus2,48,0.938,2
bonus2,48,0.953,1
bonus2,48,0.968,2
bonus2,48,0.984,1
bonus2,48.1,0.72,1
bonus2,48.1,0.883,1
bonus2,48.1,0.89,1
bonus2,48.1,0.896,2
bonus2,48.1,0.903,1
bonus2,48.1,0.91,1
bonus2,48.1,0.968,1
bonus2,48.2,0.864,2
bonus2,48.2,0.871,1
bonus2,48.2,0.968,1
bonus2,48.2,0.984,1
bonus2,48.3,0.781,1
bonus2,48.3,0.818,1
bonus2,48.3,0.871,1
bonus2,48.3,0.924,1
bonus2,48.3,0.953,1
bonus2,48.3,0.968,1
bonus2,48.3,1,1
bonus2,48.4,0.858,1
bonus2,48.4,0.883,1
bonus2,48.4,0.896,1
bonus2,48.4,0.91,2
bonus2,48.4,0.924,1
bonus2,48.5,0.647,1
bonus2,48.5,0.771,1
bonus2,48.5,0.871,2
bonus2,48.5,0.896,2
bonus2,48.5,0.924,2
bonus2,48.5,0.938,1
bonus2,48.6,0.776,1
bonus2,48.6,0.823,1
bonus2,48.6,0.871,1
bonus2,48.6,0.883,2
bonus2,48.6,0.89,1
bonus2,48.6,0.896,2
bonus2,48.6,0.924,1
bonus2,48.6,0.938,1
bonus2,48.7,0.766,1
bonus2,48.7,0.771,1
bonus2,48.7,0.812,1
bonus2,48.7,0.846,1
bonus2,48.7,0.858,1
bonus2,48.7,0.864,1
bonus2,48.7,0.871,1
bonus2,48.7,0.877,1
bonus2,48.7,0.883,1
bonus2,48.7,0.896,2
bonus2,48.7,0.91,2
bonus2,48.7,0.917,2
bonus2,48.7,0.984,1
bonus2,48.8,0.812,1
bonus2,48.8,0.823,2
bonus2,48.8,0.91,1
bonus2,48.9,0.766,1
bonus2,48.9,0.781,1
bonus2,48.9,0.823,2
bonus2,48.9,0.834,1
bonus2,48.9,0.846,1
bonus2,48.9,0.877,1
bonus2,48.9,0.903,1
bonus2,48.9,0.91,1
bonus2,48.9,0.924,1
bonus2,48.9,0.953,1
bonus2,48.9,0.968,1
bonus2,49,0.796,1
bonus2,49,0.829,1
bonus2,49,0.834,1
bonus2,49,0.883,2
bonus2,49,0.896,2
bonus2,49,0.903,1
bonus2,49,0.968,2
bonus2,49,1,1
bonus2,49.1,0.852,1
bonus2,49.1,0.877,2
bonus2,49.1,0.883,2
bonus2,49.1,0.896,1
bonus2,49.1,0.938,2
bonus2,49.1,0.953,1
bonus2,49.1,0.984,1
bonus2,49.2,0.654,1
bonus2,49.2,0.742,1
bonus2,49.2,0.791,1
bonus2,49.2,0.796,1
bonus2,49.2,0.812,1
bonus2,49.2,0.834,1
bonus2,49.2,0.846,1
bonus2,49.2,0.852,1
bonus2,49.2,0.871,1
bonus2,49.2,0.896,1
bonus2,49.2,0.917,1
bonus2,49.3,0.818,1
bonus2,49.3,0.858,1
bonus2,49.3,0.903,1
bonus2,49.3,0.91,1
bonus2,49.4,0.776,1
bonus2,49.4,0.829,1
bonus2,49.4,0.834,1
bonus2,49.4,0.852,1
bonus2,49.4,0.858,1
bonus2,49.4,0.883,2
bonus2,49.4,0.89,2
bonus2,49.4,0.924,2
bonus2,49.4,0.938,1
bonus2,49.4,0.984,1
bonus2,49.5,0.747,1
bonus2,49.5,0.796,1
bonus2,49.5,0.834,1
bonus2,49.5,0.858,1
bonus2,49.5,0.871,1
bonus2,49.5,0.883,1
bonus2,49.5,0.896,1
bonus2,49.5,0.953,1
bonus2,49.5,0.984,1
bonus2,49.5,1,1
bonus2,49.6,0.896,2
bonus2,49.6,0.903,1
bonus2,49.6,0.91,1
bonus2,49.6,0.924,1
bonus2,49.6,0.938,1
bonus2,49.7,0.684,1
bonus2,49.7,0.699,1
bonus2,49.7,0.742,1
bonus2,49.7,0.801,1
bonus2,49.7,0.858,1
bonus2,49.7,0.871,1
bonus2,49.7,0.883,1
bonus2,49.7,0.91,2
bonus2,49.7,0.924,1
bonus2,49.7,0.938,1
bonus2,49.7,0.968,1
bonus2,49.7,0.984,1
bonus2,49.8,0.708,1
bonus2,49.8,0.84,1
bonus2,49.8,0.846,2
bonus2,49.8,0.858,1
bonus2,49.8,0.883,2
bonus2,49.8,0.896,1
bonus2,49.9,0.823,1
bonus2,49.9,0.846,1
bonus2,49.9,0.871,1
bonus2,49.9,0.883,1
bonus2,49.9,0.896,1
bonus2,49.9,0.91,2
bonus2,49.9,0.924,1
bonus2,49.9,0.931,1
bonus2,49.9,0.953,1
bonus2,50,0.791,1
bonus2,50,0.823,1
bonus2,50,0.846,1
bonus2,50,0.864,1
bonus2,50,0.871,3
bonus2,50,0.896,2
bonus2,50,0.91,1
bonus2,50,0.924,1
bonus2,50,0.938,2
bonus2,50,0.984,1
bonus2,50.1,0.637,1
bonus2,50.1,0.829,1
bonus2,50.1,0.834,1
bonus2,50.1,0.852,1
bonus2,50.1,0.871,1
bonus2,50.1,0.877,1
bonus2,50.1,0.896,2
bonus2,50.1,0.903,1
bonus2,50.1,0.91,1
bonus2,50.1,0.917,1
bonus2,50.1,0.924,1
bonus2,50.1,0.953,1
bonus2,50.2,0.756,1
bonus2,50.2,0.761,1
bonus2,50.2,0.84,1
bonus2,50.2,0.877,1
bonus2,50.2,0.883,1
bonus2,50.2,0.924,3
bonus2,50.2,0.938,2
bonus2,50.2,0.953,2
bonus2,50.3,0.695,1
bonus2,50.3,0.791,1
bonus2,50.3,0.834,1
bonus2,50.3,0.846,1
bonus2,50.3,0.864,1
bonus2,50.3,0.896,1
bonus2,50.3,0.91,2
bonus2,50.3,0.938,1
bonus2,50.3,0.953,1
bonus2,50.3,0.968,2
bonus2,50.4,0.733,2
bonus2,50.4,0.812,1
bonus2,50.4,0.818,1
bonus2,50.4,0.846,1
bonus2,50.4,0.883,1
bonus2,50.4,0.91,1
bonus2,50.4,0.924,1
bonus2,50.4,0.931,1
bonus2,50.4,0.953,1
bonus2,50.5,0.786,1
bonus2,50.5,0.818,1
bonus2,50.5,0.834,1
bonus2,50.5,0.871,1
bonus2,50.5,0.89,1
bonus2,50.5,0.984,1
bonus2,50.6,0.738,1
bonus2,50.6,0.823,1
bonus2,50.6,0.846,1
bonus2,50.6,0.871,2
bonus2,50.6,0.877,1
bonus2,50.6,0.883,1
bonus2,50.6,0.896,1
bonus2,50.6,0.91,1
bonus2,50.6,0.938,1
bonus2,50.6,0.968,1
bonus2,50.7,0.786,1
bonus2,50.7,0.823,1
bonus2,50.7,0.871,1
bonus2,50.7,0.877,1
bonus2,50.7,0.91,3
bonus2,50.7,0.924,1
bonus2,50.7,0.953,1
bonus2,50.8,0.742,1
bonus2,50.8,0.756,1
bonus2,50.8,0.766,1
bonus2,50.8,0.823,1
bonus2,50.8,0.834,2
bonus2,50.8,0.84,1
bonus2,50.8,0.846,1
bonus2,50.8,0.852,1
bonus2,50.8,0.877,1
bonus2,50.8,0.896,1
bonus2,50.8,0.953,2
bonus2,50.8,0.968,1
bonus2,50.9,0.738,1
bonus2,50.9,0.807,1
bonus2,50.9,0.834,1
bonus2,50.9,0.846,1
bonus2,50.9,0.852,1
bonus2,50.9,0.858,1
bonus2,50.9,0.871,2
bonus2,50.9,0.877,1
bonus2,50.9,0.883,1
bonus2,50.9,0.924,1
bonus2,51,0.716,1
bonus2,51,0.791,1
bonus2,51,0.818,1
bonus2,51,0.852,1
bonus2,51,0.858,2
bonus2,51,0.871,1
bonus2,51,0.89,1
bonus2,51,0.903,1
bonus2,51,0.91,1
bonus2,51,0.917,1
bonus2,51,0.924,1
bonus2,51,0.938,1
bonus2,51,0.953,1
bonus2,51,0.984,2
bonus2,51,1,1
bonus2,51.1,0.761,1
bonus2,51.1,0.781,1
bonus2,51.1,0.834,1
bonus2,51.1,0.852,1
bonus2,51.1,0.883,1
bonus2,51.1,0.89,1
bonus2,51.1,0.903,1
bonus2,51.1,0.917,1
bonus2,51.1,0.924,2
bonus2,51.1,0.938,1
bonus2,51.1,0.953,1
bonus2,51.1,1,2
bonus2,51.2,0.791,1
bonus2,51.2,0.807,1
bonus2,51.2,0.84,1
bonus2,51.2,0.864,1
bonus2,51.2,0.871,1
bonus2,51.2,0.883,1
bonus2,51.2,0.896,1
bonus2,51.2,0.91,1
bonus2,51.2,0.924,1
bonus2,51.2,0.938,2
bonus2,51.2,0.984,1
bonus2,51.2,1,1
bonus2,51.3,0.807,1
bonus2,51.3,0.829,1
bonus2,51.3,0.864,1
bonus2,51.3,0.953,1
bonus2,51.3,0.968,1
bonus2,51.3,1,1
bonus2,51.4,0.725,1
bonus2,51.4,0.771,2
bonus2,51.4,0.812,1
bonus2,51.4,0.84,1
bonus2,51.4,0.846,2
bonus2,51.4,0.864,1
bonus2,51.4,0.871,1
bonus2,51.4,0.896,1
bonus2,51.4,0.91,1
bonus2,51.4,0.953,1
bonus2,51.5,0.771,1
bonus2,51.5,0.776,1
bonus2,51.5,0.852,1
bonus2,51.5,0.858,1
bonus2,51.5,0.871,2
bonus2,51.5,0.903,1
bonus2,51.5,0.953,2
bonus2,51.5,0.968,2
bonus2,51.6,0.791,1
bonus2,51.6,0.801,1
bonus2,51.6,0.834,1
bonus2,51.6,0.864,1
bonus2,51.6,0.871,1
bonus2,51.6,0.883,1
bonus2,51.6,0.89,1
bonus2,51.6,0.896,1
bonus2,51.6,0.903,1
bonus2,51.6,0.91,2
bonus2,51.6,0.953,1
bonus2,51.7,0.796,1
bonus2,51.7,0.864,1
bonus2,51.7,0.871,3
bonus2,51.7,0.877,1
bonus2,51.7,0.89,1
bonus2,51.7,0.917,1
bonus2,51.7,0.953,1
bonus2,51.7,0.968,1
bonus2,51.8,0.703,1
bonus2,51.8,0.756,1
bonus2,51.8,0.771,1
bonus2,51.8,0.834,2
bonus2,51.8,0.846,2
bonus2,51.8,0.864,1
bonus2,51.8,0.871,1
bonus2,51.8,0.924,1
bonus2,51.8,0.938,1
bonus2,51.8,0.984,1
bonus2,51.9,0.801,1
bonus2,51.9,0.812,1
bonus2,51.9,0.823,1
bonus2,51.9,0.834,1
bonus2,51.9,0.858,1
bonus2,51.9,0.871,1
bonus2,51.9,0.877,1
bonus2,51.9,0.896,3
bonus2,51.9,0.903,1
bonus2,51.9,0.91,2
bonus2,51.9,0.924,1
bonus2,51.9,0.953,1
bonus2,51.9,0.968,1
bonus2,52,0.823,1
bonus2,52,0.858,1
bonus2,52,0.896,1
bonus2,52,0.91,1
bonus2,52,0.917,1
bonus2,52,0.968,1
bonus2,52.1,0.771,1
bonus2,52.1,0.807,1
bonus2,52.1,0.812,1
bonus2,52.1,0.883,1
bonus2,52.1,0.896,1
bonus2,52.1,0.931,1
bonus2,52.1,0.938,1
bonus2,52.1,0.953,1
bonus2,52.2,0.699,1
bonus2,52.2,0.733,1
bonus2,52.2,0.823,1
bonus2,52.2,0.852,1
bonus2,52.2,0.858,1
bonus2,52.2,0.871,2
bonus2,52.2,0.877,1
bonus2,52.2,0.89,1
bonus2,52.2,0.917,1
bonus2,52.2,0.968,3
bonus2,52.3,0.752,1
bonus2,52.3,0.771,2
bonus2,52.3,0.791,1
bonus2,52.3,0.858,2
bonus2,52.3,0.864,1
bonus2,52.3,0.877,1
bonus2,52.3,0.883,2
bonus2,52.3,0.91,1
bonus2,52.3,0.924,2
bonus2,52.3,0.968,1
bonus2,52.4,0.703,1
bonus2,52.4,0.747,1
bonus2,52.4,0.834,1
bonus2,52.4,0.871,1
bonus2,52.4,0.883,2
bonus2,52.4,0.903,2
bonus2,52.4,0.91,1
bonus2,52.4,0.924,2
bonus2,52.4,0.968,2
bonus2,52.4,0.984,1
bonus2,52.5,0.776,1
bonus2,52.5,0.84,1
bonus2,52.5,0.846,2
bonus2,52.5,0.858,1
bonus2,52.5,0.864,1
bonus2,52.5,0.896,1
bonus2,52.5,0.91,1
bonus2,52.5,1,1
bonus2,52.6,0.796,1
bonus2,52.6,0.823,1
bonus2,52.6,0.84,1
bonus2,52.6,0.846,1
bonus2,52.6,0.858,1
bonus2,52.6,0.864,1
bonus2,52.6,0.871,1
bonus2,52.6,0.883,1
bonus2,52.6,0.91,2
bonus2,52.6,0.938,2
bonus2,52.6,0.968,2
bonus2,52.6,0.984,1
bonus2,52.7,0.708,1
bonus2,52.7,0.823,1
bonus2,52.7,0.858,1
bonus2,52.7,0.883,1
bonus2,52.7,0.924,1
bonus2,52.7,0.938,1
bonus2,52.7,0.953,1
bonus2,52.7,0.968,1
bonus2,52.8,0.708,1
bonus2,52.8,0.801,1
bonus2,52.8,0.84,1
bonus2,52.8,0.89,1
bonus2,52.8,0.91,1
bonus2,52.8,0.984,1
bonus2,52.9,0.661,1
bonus2,52.9,0.818,1
bonus2,52.9,0.858,1
bonus2,52.9,0.896,1
bonus2,53,0.684,1
bonus2,53,0.812,1
bonus2,53,0.818,1
bonus2,53,0.823,1
bonus2,53,0.834,1
bonus2,53,0.846,3
bonus2,53,0.858,1
bonus2,53,0.896,1
bonus2,53,0.924,2
bonus2,53,0.938,2
bonus2,53,0.984,1
bonus2,53.1,0.776,1
bonus2,53.1,0.796,1
bonus2,53.1,0.812,2
bonus2,53.1,0.84,1
bonus2,53.1,0.91,1
bonus2,53.1,0.931,1
bonus2,53.1,0.968,1
bonus2,53.2,0.68,1
bonus2,53.2,0.708,1
bonus2,53.2,0.781,1
bonus2,53.2,0.858,2
bonus2,53.2,0.864,1
bonus2,53.2,0.871,1
bonus2,53.2,0.883,1
bonus2,53.2,0.89,1
bonus2,53.2,0.924,1
bonus2,53.2,0.938,1
bonus2,53.2,0.968,1
bonus2,53.2,1,1
bonus2,53.3,0.752,1
bonus2,53.3,0.834,1
bonus2,53.3,0.846,3
bonus2,53.3,0.864,1
bonus2,53.3,0.883,1
bonus2,53.3,0.89,2
bonus2,53.3,0.896,1
bonus2,53.3,0.903,1
bonus2,53.3,0.938,1
bonus2,53.4,0.761,1
bonus2,53.4,0.829,1
bonus2,53.4,0.846,1
bonus2,53.4,0.864,1
bonus2,53.4,0.871,1
bonus2,53.4,0.896,1
bonus2,53.4,0.91,1
bonus2,53.4,0.924,1
bonus2,53.5,0.654,1
bonus2,53.5,0.716,1
bonus2,53.5,0.766,1
bonus2,53.5,0.771,1
bonus2,53.5,0.807,1
bonus2,53.5,0.846,2
bonus2,53.5,0.871,1
bonus2,53.5,0.89,2
bonus2,53.5,0.896,2
bonus2,53.5,0.91,1
bonus2,53.5,0.924,1
bonus2,53.5,0.938,1
bonus2,53.5,0.968,1
bonus2,53.5,0.984,1
bonus2,53.5,1,1
bonus2,53.6,0.691,1
bonus2,53.6,0.796,2
bonus2,53.6,0.807,1
bonus2,53.6,0.818,1
bonus2,53.6,0.823,1
bonus2,53.6,0.834,1
bonus2,53.6,0.858,1
bonus2,53.6,0.883,1
bonus2,53.6,0.896,1
bonus2,53.6,0.968,1
bonus2,53.7,0.699,1
bonus2,53.7,0.796,1
bonus2,53.7,0.829,1
bonus2,53.7,0.858,2
bonus2,53.7,0.883,1
bonus2,53.7,0.89,3
bonus2,53.7,0.903,1
bonus2,53.7,0.91,2
bonus2,53.7,0.917,1
bonus2,53.7,0.938,2
bonus2,53.8,0.661,1
bonus2,53.8,0.771,1
bonus2,53.8,0.807,1
bonus2,53.8,0.834,1
bonus2,53.8,0.858,2
bonus2,53.8,0.877,1
bonus2,53.8,0.938,1
bonus2,53.9,0.63,1
bonus2,53.9,0.733,1
bonus2,53.9,0.807,1
bonus2,53.9,0.818,1
bonus2,53.9,0.84,1
bonus2,53.9,0.852,1
bonus2,53.9,0.883,1
bonus2,53.9,0.89,1
bonus2,53.9,0.924,5
bonus2,53.9,0.968,1
bonus2,54,0.756,1
bonus2,54,0.761,1
bonus2,54,0.812,1
bonus2,54,0.871,2
bonus2,54,0.903,1
bonus2,54,0.91,2
bonus2,54,0.968,1
bonus2,54.1,0.712,1
bonus2,54.1,0.781,1
bonus2,54.1,0.791,1
bonus2,54.1,0.846,1
bonus2,54.1,0.89,1
bonus2,54.1,0.903,1
bonus2,54.1,0.945,1
bonus2,54.1,0.953,1
bonus2,54.2,0.84,1
bonus2,54.2,0.858,2
bonus2,54.2,0.871,1
bonus2,54.2,0.89,1
bonus2,54.2,0.896,1
bonus2,54.2,0.903,1
bonus2,54.2,0.91,1
bonus2,54.2,0.953,3
bonus2,54.2,1,2
bonus2,54.3,0.871,1
bonus2,54.3,0.877,1
bonus2,54.3,0.896,1
bonus2,54.3,0.91,1
bonus2,54.3,0.924,1
bonus2,54.3,0.984,1
bonus2,54.4,0.669,1
bonus2,54.4,0.742,1
bonus2,54.4,0.846,1
bonus2,54.4,0.858,1
bonus2,54.4,0.896,1
bonus2,54.4,0.91,1
bonus2,54.4,0.924,1
bonus2,54.4,0.938,1
bonus2,54.4,0.953,1
bonus2,54.4,0.984,1
bonus2,54.5,0.858,1
bonus2,54.5,0.871,2
bonus2,54.5,0.883,1
bonus2,54.5,0.896,1
bonus2,54.5,0.91,2
bonus2,54.5,0.917,1
bonus2,54.5,0.924,1
bonus2,54.5,0.938,4
bonus2,54.5,0.984,1
bonus2,54.5,1,2
bonus2,54.6,0.771,1
bonus2,54.6,0.796,1
bonus2,54.6,0.818,1
bonus2,54.6,0.823,2
bonus2,54.6,0.883,1
bonus2,54.6,0.91,1
bonus2,54.6,0.917,1
bonus2,54.6,0.924,1
bonus2,54.6,0.953,1
bonus2,54.7,0.599,1
bonus2,54.7,0.771,1
bonus2,54.7,0.801,1
bonus2,54.7,0.834,1
bonus2,54.7,0.864,2
bonus2,54.7,0.871,1
bonus2,54.7,0.883,1
bonus2,54.7,0.89,1
bonus2,54.7,0.945,1
bonus2,54.7,0.968,1
bonus2,54.7,0.984,1
bonus2,54.8,0.665,1
bonus2,54.8,0.676,1
bonus2,54.8,0.729,1
bonus2,54.8,0.812,1
bonus2,54.8,0.818,1
bonus2,54.8,0.829,1
bonus2,54.8,0.846,1
bonus2,54.8,0.896,1
bonus2,54.8,0.91,1
bonus2,54.8,0.924,1
bonus2,54.8,0.931,1
bonus2,54.9,0.871,1
bonus2,54.9,0.91,1
bonus2,54.9,0.924,1
bonus2,55,0.834,2
bonus2,55,0.864,1
bonus2,55,0.877,1
bonus2,55,0.883,1
bonus2,55,0.89,1
bonus2,55,0.903,1
bonus2,55,0.917,1
bonus2,55,0.938,2
bonus2,55,1,1
bonus2,55.1,0.818,2
bonus2,55.1,0.834,1
bonus2,55.1,0.84,1
bonus2,55.1,0.864,1
bonus2,55.1,0.91,1
bonus2,55.1,0.938,1
bonus2,55.2,0.725,1
bonus2,55.2,0.829,1
bonus2,55.2,0.938,2
bonus2,55.3,0.72,1
bonus2,55.3,0.771,1
bonus2,55.3,0.791,1
bonus2,55.3,0.834,1
bonus2,55.3,0.846,1
bonus2,55.3,0.896,1
bonus2,55.3,0.91,1
bonus2,55.3,0.924,1
bonus2,55.3,0.938,1
bonus2,55.3,0.984,2
bonus2,55.4,0.834,1
bonus2,55.4,0.864,1
bonus2,55.4,0.91,2
bonus2,55.4,0.938,1
bonus2,55.4,0.945,1
bonus2,55.4,0.953,1
bonus2,55.5,0.733,1
bonus2,55.5,0.776,1
bonus2,55.5,0.801,2
bonus2,55.5,0.84,1
bonus2,55.5,0.858,1
bonus2,55.5,0.871,1
bonus2,55.5,0.883,2
bonus2,55.5,0.91,1
bonus2,55.5,0.917,1
bonus2,55.5,0.924,1
bonus2,55.5,0.938,1
bonus2,55.5,0.953,1
bonus2,55.5,0.968,2
bonus2,55.6,0.796,1
bonus2,55.6,0.812,1
bonus2,55.6,0.846,1
bonus2,55.6,0.852,1
bonus2,55.6,0.858,2
bonus2,55.6,0.864,1
bonus2,55.6,0.896,1
bonus2,55.6,0.903,1
bonus2,55.6,0.91,3
bonus2,55.6,0.924,1
bonus2,55.6,0.984,1
bonus2,55.6,1,1
bonus2,55.7,0.781,1
bonus2,55.7,0.834,2
bonus2,55.7,0.871,1
bonus2,55.7,0.896,1
bonus2,55.7,0.903,1
bonus2,55.7,0.91,2
bonus2,55.7,0.968,1
bonus2,55.7,1,2
bonus2,55.8,0.791,1
bonus2,55.8,0.812,1
bonus2,55.8,0.846,1
bonus2,55.8,0.871,2
bonus2,55.8,0.883,1
bonus2,55.8,0.89,1
bonus2,55.8,0.896,1
bonus2,55.8,0.903,2
bonus2,55.8,0.91,1
bonus2,55.8,0.924,1
bonus2,55.8,0.953,1
bonus2,55.9,0.781,1
bonus2,55.9,0.807,1
bonus2,55.9,0.834,1
bonus2,55.9,0.846,1
bonus2,55.9,0.852,1
bonus2,55.9,0.858,1
bonus2,55.9,0.877,1
bonus2,55.9,0.883,1
bonus2,55.9,0.91,2
bonus2,55.9,0.931,1
bonus2,55.9,0.938,1
bonus2,55.9,0.968,1
bonus2,56,0.791,1
bonus2,56,0.823,1
bonus2,56,0.858,1
bonus2,56,0.864,1
bonus2,56,0.871,1
bonus2,56,0.883,3
bonus2,56,0.896,2
bonus2,56,0.91,1
bonus2,56,0.984,1
bonus2,56.1,0.605,1
bonus2,56.1,0.752,1
bonus2,56.1,0.796,1
bonus2,56.1,0.801,2
bonus2,56.1,0.823,1
bonus2,56.1,0.829,1
bonus2,56.1,0.852,1
bonus2,56.1,0.877,1
bonus2,56.1,0.896,2
bonus2,56.1,0.91,1
bonus2,56.1,0.938,1
bonus2,56.1,0.953,2
bonus2,56.1,0.968,2
bonus2,56.2,0.871,1
bonus2,56.2,0.883,1
bonus2,56.2,0.903,1
bonus2,56.2,0.924,3
bonus2,56.2,0.968,2
bonus2,56.3,0.548,1
bonus2,56.3,0.829,1
bonus2,56.3,0.858,1
bonus2,56.3,0.877,1
bonus2,56.3,0.91,1
bonus2,56.3,0.924,2
bonus2,56.3,0.953,1
bonus2,56.4,0.738,1
bonus2,56.4,0.771,1
bonus2,56.4,0.812,1
bonus2,56.4,0.823,3
bonus2,56.4,0.829,1
bonus2,56.4,0.834,1
bonus2,56.4,0.883,1
bonus2,56.4,0.89,1
bonus2,56.4,0.91,1
bonus2,56.4,0.938,1
bonus2,56.4,0.953,1
bonus2,56.4,0.968,1
bonus2,56.4,0.984,1
bonus2,56.5,0.781,1
bonus2,56.5,0.823,1
bonus2,56.5,0.84,1
bonus2,56.5,0.846,1
bonus2,56.5,0.858,1
bonus2,56.5,0.864,1
bonus2,56.5,0.883,1
bonus2,56.5,0.896,1
bonus2,56.5,0.924,1
bonus2,56.6,0.747,1
bonus2,56.6,0.801,1
bonus2,56.6,0.834,1
bonus2,56.6,0.852,1
bonus2,56.6,0.858,2
bonus2,56.6,0.871,1
bonus2,56.6,0.896,3
bonus2,56.6,0.938,1
bonus2,56.6,0.953,1
bonus2,56.7,0.771,1
bonus2,56.7,0.834,1
bonus2,56.7,0.858,1
bonus2,56.7,0.871,1
bonus2,56.7,0.877,1
bonus2,56.7,0.883,1
bonus2,56.7,0.89,2
bonus2,56.7,0.903,1
bonus2,56.7,0.953,1
bonus2,56.7,0.968,1
bonus2,56.8,0.691,1
bonus2,56.8,0.823,1
bonus2,56.8,0.852,1
bonus2,56.8,0.877,1
bonus2,56.8,0.896,1
bonus2,56.8,0.931,1
bonus2,56.8,0.968,1
bonus2,56.8,1,1
bonus2,56.9,0.661,1
bonus2,56.9,0.791,1
bonus2,56.9,0.834,1
bonus2,56.9,0.852,1
bonus2,56.9,0.871,1
bonus2,56.9,0.917,1
bonus2,56.9,0.924,1
bonus2,56.9,0.953,3
bonus2,57,0.654,1
bonus2,57,0.823,2
bonus2,57,0.834,1
bonus2,57,0.852,1
bonus2,57,0.91,1
bonus2,57,0.924,1
bonus2,57,0.931,1
bonus2,57,0.953,1
bonus2,57.1,0.871,1
bonus2,57.1,0.877,1
bonus2,57.1,0.896,1
bonus2,57.1,0.91,1
bonus2,57.1,0.938,1
bonus2,57.1,0.953,1
bonus2,57.2,0.781,1
bonus2,57.2,0.786,2
bonus2,57.2,0.829,1
bonus2,57.2,0.84,2
bonus2,57.2,0.871,1
bonus2,57.2,0.938,1
bonus2,57.2,0.984,1
bonus2,57.2,1,1
bonus2,57.3,0.761,1
bonus2,57.3,0.823,2
bonus2,57.3,0.871,1
bonus2,57.3,0.877,1
bonus2,57.3,0.883,2
bonus2,57.3,0.917,2
bonus2,57.3,0.953,1
bonus2,57.3,0.968,1
bonus2,57.4,0.766,1
bonus2,57.4,0.781,1
bonus2,57.4,0.801,1
bonus2,57.4,0.834,1
bonus2,57.4,0.852,1
bonus2,57.4,0.858,1
bonus2,57.4,0.871,1
bonus2,57.4,0.903,1
bonus2,57.4,0.917,1
bonus2,57.4,0.924,1
bonus2,57.5,0.84,1
bonus2,57.5,0.846,3
bonus2,57.5,0.871,1
bonus2,57.5,0.883,1
bonus2,57.5,0.896,1
bonus2,57.5,0.903,1
bonus2,57.5,0.91,1
bonus2,57.5,0.924,1
bonus2,57.5,0.938,2
bonus2,57.5,0.984,1
bonus2,57.6,0.871,1
bonus2,57.6,0.877,1
bonus2,57.6,0.896,1
bonus2,57.6,0.938,1
bonus2,57.7,0.665,1
bonus2,57.7,0.738,1
bonus2,57.7,0.742,1
bonus2,57.7,0.818,1
bonus2,57.7,0.846,1
bonus2,57.7,0.864,1
bonus2,57.7,0.877,1
bonus2,57.7,0.896,1
bonus2,57.7,0.938,2
bonus2,57.7,0.953,1
bonus2,57.7,1,1
bonus2,57.8,0.729,1
bonus2,57.8,0.781,1
bonus2,57.8,0.846,1
bonus2,57.8,0.858,1
bonus2,57.8,0.864,1
bonus2,57.8,0.871,1
bonus2,57.8,0.896,1
bonus2,57.8,0.91,1
bonus2,57.8,0.938,1
bonus2,57.8,0.953,1
bonus2,57.9,0.691,1
bonus2,57.9,0.752,1
bonus2,57.9,0.786,1
bonus2,57.9,0.801,2
bonus2,57.9,0.883,1
bonus2,57.9,0.896,1
bonus2,57.9,0.924,1
bonus2,58,0.864,1
bonus2,58,0.877,2
bonus2,58,0.896,1
bonus2,58,0.903,1
bonus2,58,0.91,2
bonus2,58,0.938,2
bonus2,58.1,0.742,1
bonus2,58.1,0.771,1
bonus2,58.1,0.829,1
bonus2,58.1,0.834,1
bonus2,58.1,0.846,1
bonus2,58.1,0.858,1
bonus2,58.1,0.896,1
bonus2,58.1,0.91,1
bonus2,58.1,0.917,1
bonus2,58.1,0.924,3
bonus2,58.1,0.938,2
bonus2,58.1,0.953,1
bonus2,58.1,1,1
bonus2,58.2,0.834,2
bonus2,58.2,0.864,1
bonus2,58.2,0.871,1
bonus2,58.2,0.883,1
bonus2,58.2,0.89,1
bonus2,58.2,0.91,2
bonus2,58.2,0.924,1
bonus2,58.2,0.953,2
bonus2,58.3,0.647,1
bonus2,58.3,0.786,2
bonus2,58.3,0.823,1
bonus2,58.3,0.846,1
bonus2,58.3,0.852,1
bonus2,58.3,0.858,2
bonus2,58.3,0.864,1
bonus2,58.3,0.89,1
bonus2,58.3,0.896,1
bonus2,58.3,0.91,1
bonus2,58.3,0.938,1
bonus2,58.4,0.742,1
bonus2,58.4,0.823,1
bonus2,58.4,0.864,1
bonus2,58.4,0.883,3
bonus2,58.4,0.931,1
bonus2,58.4,0.938,2
bonus2,58.5,0.733,1
bonus2,58.5,0.812,1
bonus2,58.5,0.84,1
bonus2,58.5,0.871,3
bonus2,58.5,0.883,1
bonus2,58.5,0.89,1
bonus2,58.5,0.896,1
bonus2,58.5,0.903,1
bonus2,58.5,0.91,1
bonus2,58.5,0.917,1
bonus2,58.5,0.931,2
bonus2,58.5,0.938,1
bonus2,58.5,1,1
bonus2,58.6,0.812,1
bonus2,58.6,0.871,1
bonus2,58.6,0.877,2
bonus2,58.6,0.924,2
bonus2,58.6,0.938,1
bonus2,58.6,0.984,1
bonus2,58.7,0.761,1
bonus2,58.7,0.771,1
bonus2,58.7,0.871,2
bonus2,58.7,0.89,1
bonus2,58.7,0.896,1
bonus2,58.7,0.91,1
bonus2,58.7,0.924,1
bonus2,58.7,0.938,1
bonus2,58.7,0.953,1
bonus2,58.8,0.733,1
bonus2,58.8,0.752,1
bonus2,58.8,0.771,1
bonus2,58.8,0.812,1
bonus2,58.8,0.846,1
bonus2,58.8,0.864,1
bonus2,58.8,0.89,1
bonus2,58.8,0.896,3
bonus2,58.8,0.91,2
bonus2,58.8,0.924,1
bonus2,58.8,0.938,4
bonus2,58.8,0.953,1
bonus2,58.8,0.968,1
bonus2,58.8,0.984,1
bonus2,58.9,0.786,1
bonus2,58.9,0.818,1
bonus2,58.9,0.883,1
bonus2,58.9,0.896,1
bonus2,58.9,0.91,1
bonus2,58.9,0.917,1
bonus2,58.9,0.938,1
bonus2,58.9,0.953,1
bonus2,58.9,0.984,1
bonus2,58.9,1,1
bonus2,59,0.834,1
bonus2,59,0.89,2
bonus2,59,0.903,2
bonus2,59,0.91,2
bonus2,59,0.917,1
bonus2,59,0.953,1
bonus2,59,0.984,1
bonus2,59.1,0.801,1
bonus2,59.1,0.823,2
bonus2,59.1,0.852,1
bonus2,59.1,0.883,1
bonus2,59.1,0.91,1
bonus2,59.1,0.938,1
bonus2,59.2,0.823,3
bonus2,59.2,0.834,1
bonus2,59.2,0.871,1
bonus2,59.2,0.896,2
bonus2,59.2,0.924,1
bonus2,59.2,0.931,1
bonus2,59.2,0.953,1
bonus2,59.2,0.968,1
bonus2,59.2,0.984,1
bonus2,59.3,0.791,2
bonus2,59.3,0.812,1
bonus2,59.3,0.84,1
bonus2,59.3,0.846,1
bonus2,59.3,0.871,3
bonus2,59.3,0.883,1
bonus2,59.3,0.896,1
bonus2,59.3,0.924,1
bonus2,59.3,0.968,1
bonus2,59.4,0.776,1
bonus2,59.4,0.781,1
bonus2,59.4,0.818,1
bonus2,59.4,0.858,2
bonus2,59.4,0.871,1
bonus2,59.4,0.903,1
bonus2,59.4,0.938,1
bonus2,59.4,0.953,2
bonus2,59.4,0.968,1
bonus2,59.5,0.676,1
bonus2,59.5,0.834,1
bonus2,59.5,0.852,1
bonus2,59.5,0.883,3
bonus2,59.5,0.896,1
bonus2,59.5,0.924,1
bonus2,59.5,0.938,1
bonus2,59.5,0.953,1
bonus2,59.5,0.984,1
bonus2,59.6,0.834,1
bonus2,59.6,0.852,3
bonus2,59.6,0.858,1
bonus2,59.6,0.864,1
bonus2,59.6,0.871,2
bonus2,59.6,0.896,2
bonus2,59.6,0.924,1
bonus2,59.6,0.938,1
bonus2,59.6,0.984,1
bonus2,59.6,1,1
bonus2,59.7,0.801,1
bonus2,59.7,0.812,1
bonus2,59.7,0.823,1
bonus2,59.7,0.834,1
bonus2,59.7,0.846,1
bonus2,59.7,0.877,1
bonus2,59.7,0.91,2
bonus2,59.7,0.917,1
bonus2,59.7,0.953,1
bonus2,59.7,0.968,3
bonus2,59.8,0.634,1
bonus2,59.8,0.791,1
bonus2,59.8,0.812,1
bonus2,59.8,0.84,1
bonus2,59.8,0.846,1
bonus2,59.8,0.858,4
bonus2,59.8,0.871,1
bonus2,59.8,0.883,2
bonus2,59.8,0.89,1
bonus2,59.8,0.896,1
bonus2,59.8,0.903,2
bonus2,59.8,0.924,1
bonus2,59.8,0.931,1
bonus2,59.8,0.953,1
bonus2,59.8,1,1
bonus2,59.9,0.627,1
bonus2,59.9,0.776,1
bonus2,59.9,0.834,1
bonus2,59.9,0.84,1
bonus2,59.9,0.846,2
bonus2,59.9,0.871,1
bonus2,59.9,0.883,1
bonus2,59.9,0.917,2
bonus2,59.9,0.938,1
bonus2,59.9,0.953,1
bonus2,60,0.823,1
bonus2,60,0.846,1
bonus2,60,0.864,1
bonus2,60,0.883,1
bonus2,60,0.896,2
bonus2,60,0.91,3
bonus2,60,0.917,1
bonus2,60,0.953,1
bonus2,60,1,1
bonus2,60.1,0.742,1
bonus2,60.1,0.846,1
bonus2,60.1,0.871,1
bonus2,60.1,0.877,1
bonus2,60.1,0.91,2
bonus2,60.1,0.931,2
bonus2,60.1,0.953,1
bonus2,60.1,0.968,1
bonus2,60.2,0.752,1
bonus2,60.2,0.781,1
bonus2,60.2,0.791,1
bonus2,60.2,0.801,1
bonus2,60.2,0.852,1
bonus2,60.2,0.871,1
bonus2,60.2,0.883,1
bonus2,60.2,0.89,1
bonus2,60.2,0.903,1
bonus2,60.2,0.91,1
bonus2,60.2,0.917,1
bonus2,60.2,0.924,2
bonus2,60.2,0.953,1
bonus2,60.2,0.968,2
bonus2,60.3,0.766,1
bonus2,60.3,0.871,1
bonus2,60.3,0.924,2
bonus2,60.3,0.953,1
bonus2,60.4,0.695,1
bonus2,60.4,0.733,1
bonus2,60.4,0.771,1
bonus2,60.4,0.801,1
bonus2,60.4,0.834,2
bonus2,60.4,0.846,3
bonus2,60.4,0.852,1
bonus2,60.4,0.883,1
bonus2,60.4,0.91,1
bonus2,60.4,0.938,2
bonus2,60.4,0.968,1
bonus2,60.5,0.761,1
bonus2,60.5,0.776,1
bonus2,60.5,0.807,1
bonus2,60.5,0.84,1
bonus2,60.5,0.846,1
bonus2,60.5,0.883,1
bonus2,60.5,0.91,1
bonus2,60.5,0.968,1
bonus2,60.6,0.791,1
bonus2,60.6,0.823,1
bonus2,60.6,0.834,1
bonus2,60.6,0.858,1
bonus2,60.6,0.871,1
bonus2,60.6,0.89,1
bonus2,60.6,0.91,1
bonus2,60.6,0.953,1
bonus2,60.6,0.968,1
bonus2,60.6,0.984,1
bonus2,60.7,0.752,1
bonus2,60.7,0.818,1
bonus2,60.7,0.834,2
bonus2,60.7,0.84,1
bonus2,60.7,0.846,2
bonus2,60.7,0.858,1
bonus2,60.7,0.883,1
bonus2,60.7,0.896,2
bonus2,60.7,0.91,1
bonus2,60.7,0.931,1
bonus2,60.7,0.984,1
bonus2,60.8,0.661,1
bonus2,60.8,0.756,1
bonus2,60.8,0.823,1
bonus2,60.8,0.834,1
bonus2,60.8,0.91,1
bonus2,60.8,0.938,1
bonus2,60.9,0.742,1
bonus2,60.9,0.812,1
bonus2,60.9,0.829,1
bonus2,60.9,0.846,2
bonus2,60.9,0.871,1
bonus2,60.9,0.877,1
bonus2,60.9,0.89,2
bonus2,60.9,0.896,1
bonus2,60.9,0.903,1
bonus2,60.9,0.91,1
bonus2,60.9,0.917,1
bonus2,60.9,0.924,1
bonus2,60.9,0.953,1
bonus2,60.9,1,1
bonus2,61,0.771,1
bonus2,61,0.871,1
bonus2,61,0.91,1
bonus2,61.1,0.791,1
bonus2,61.1,0.834,1
bonus2,61.1,0.84,1
bonus2,61.1,0.877,1
bonus2,61.1,0.896,1
bonus2,61.1,0.91,2
bonus2,61.1,0.924,1
bonus2,61.1,0.931,1
bonus2,61.1,0.953,2
bonus2,61.1,0.968,1
bonus2,61.2,0.766,1
bonus2,61.2,0.858,1
bonus2,61.2,0.864,1
bonus2,61.2,0.871,1
bonus2,61.2,0.896,1
bonus2,61.2,0.91,1
bonus2,61.2,0.924,1
bonus2,61.2,0.938,1
bonus2,61.2,0.984,1
bonus2,61.2,1,1
bonus2,61.3,0.733,1
bonus2,61.3,0.766,1
bonus2,61.3,0.791,1
bonus2,61.3,0.812,1
bonus2,61.3,0.829,1
bonus2,61.3,0.846,1
bonus2,61.3,0.858,1
bonus2,61.3,0.871,1
bonus2,61.3,0.89,1
bonus2,61.3,0.896,2
bonus2,61.3,0.91,1
bonus2,61.3,0.931,1
bonus2,61.3,0.938,1
bonus2,61.4,0.729,1
bonus2,61.4,0.766,1
bonus2,61.4,0.807,1
bonus2,61.4,0.858,1
bonus2,61.4,0.864,2
bonus2,61.4,0.871,1
bonus2,61.4,0.883,1
bonus2,61.4,0.89,1
bonus2,61.4,0.924,3
bonus2,61.4,0.953,1
bonus2,61.4,0.968,1
bonus2,61.5,0.781,1
bonus2,61.5,0.834,1
bonus2,61.5,0.846,1
bonus2,61.5,0.877,1
bonus2,61.5,0.896,3
bonus2,61.5,0.924,1
bonus2,61.5,0.953,1
bonus2,61.5,1,1
bonus2,61.6,0.781,1
bonus2,61.6,0.823,1
bonus2,61.6,0.846,1
bonus2,61.6,0.864,1
bonus2,61.6,0.871,1
bonus2,61.6,0.877,1
bonus2,61.6,0.91,1
bonus2,61.6,0.917,1
bonus2,61.6,0.924,1
bonus2,61.6,0.931,1
bonus2,61.6,0.953,1
bonus2,61.6,1,1
bonus2,61.7,0.752,2
bonus2,61.7,0.829,1
bonus2,61.7,0.858,1
bonus2,61.7,0.871,1
bonus2,61.7,0.883,1
bonus2,61.7,0.896,2
bonus2,61.7,0.91,1
bonus2,61.7,0.953,1
bonus2,61.7,0.968,1
bonus2,61.8,0.742,1
bonus2,61.8,0.776,1
bonus2,61.8,0.791,1
bonus2,61.8,0.807,1
bonus2,61.8,0.834,1
bonus2,61.8,0.846,2
bonus2,61.8,0.896,1
bonus2,61.8,0.924,1
bonus2,61.8,0.938,2
bonus2,61.8,1,1
bonus2,61.9,0.684,1
bonus2,61.9,0.761,1
bonus2,61.9,0.801,1
bonus2,61.9,0.823,1
bonus2,61.9,0.84,1
bonus2,61.9,0.846,1
bonus2,61.9,0.858,2
bonus2,61.9,0.89,1
bonus2,61.9,0.91,1
bonus2,61.9,0.924,3
bonus2,61.9,0.938,1
bonus2,61.9,0.953,1
bonus2,61.9,1,1
bonus2,62,0.812,2
bonus2,62,0.829,1
bonus2,62,0.858,1
bonus2,62,0.883,1
bonus2,62,0.903,1
bonus2,62,0.91,2
bonus2,62,0.924,2
bonus2,62,0.931,1
bonus2,62,0.938,1
bonus2,62,0.953,3
bonus2,62.1,0.791,1
bonus2,62.1,0.834,1
bonus2,62.1,0.84,1
bonus2,62.1,0.846,1
bonus2,62.1,0.877,1
bonus2,62.1,0.883,1
bonus2,62.1,0.89,1
bonus2,62.1,0.896,2
bonus2,62.1,0.91,1
bonus2,62.1,0.924,1
bonus2,62.1,0.938,1
bonus2,62.2,0.661,1
bonus2,62.2,0.684,1
bonus2,62.2,0.695,1
bonus2,62.2,0.708,1
bonus2,62.2,0.807,1
bonus2,62.2,0.823,1
bonus2,62.2,0.852,1
bonus2,62.2,0.858,2
bonus2,62.2,0.89,1
bonus2,62.2,0.903,1
bonus2,62.2,0.917,1
bonus2,62.2,0.924,1
bonus2,62.2,0.938,2
bonus2,62.3,0.786,1
bonus2,62.3,0.791,1
bonus2,62.3,0.818,1
bonus2,62.3,0.858,1
bonus2,62.3,0.871,1
bonus2,62.3,0.883,1
bonus2,62.3,0.89,1
bonus2,62.3,0.896,1
bonus2,62.3,0.91,1
bonus2,62.3,0.924,1
bonus2,62.3,0.938,2
bonus2,62.3,1,1
bonus2,62.4,0.752,1
bonus2,62.4,0.818,1
bonus2,62.4,0.834,1
bonus2,62.4,0.846,1
bonus2,62.4,0.858,1
bonus2,62.4,0.924,1
bonus2,62.4,0.938,1
bonus2,62.4,0.953,1
bonus2,62.5,0.796,1
bonus2,62.5,0.801,1
bonus2,62.5,0.829,1
bonus2,62.5,0.834,1
bonus2,62.5,0.871,2
bonus2,62.5,0.89,2
bonus2,62.5,0.896,2
bonus2,62.5,0.917,1
bonus2,62.5,0.924,1
bonus2,62.5,0.931,1
bonus2,62.5,0.938,1
bonus2,62.5,0.953,1
bonus2,62.5,0.984,1
bonus2,62.6,0.716,1
bonus2,62.6,0.733,1
bonus2,62.6,0.796,1
bonus2,62.6,0.846,1
bonus2,62.6,0.89,1
bonus2,62.6,0.984,1
bonus2,62.7,0.791,1
bonus2,62.7,0.829,1
bonus2,62.7,0.846,1
bonus2,62.7,0.858,1
bonus2,62.7,0.883,3
bonus2,62.7,0.91,1
bonus2,62.7,0.938,2
bonus2,62.8,0.818,1
bonus2,62.8,0.883,1
bonus2,62.8,0.91,2
bonus2,62.8,0.917,1
bonus2,62.9,0.846,1
bonus2,62.9,0.858,1
bonus2,62.9,0.896,1
bonus2,62.9,0.91,1
bonus2,62.9,0.953,1
bonus2,62.9,0.968,1
bonus2,63,0.834,1
bonus2,63,0.903,1
bonus2,63,0.91,1
bonus2,63,0.917,1
bonus2,63,0.953,1
bonus2,63,0.984,1
bonus2,63,1,1
bonus2,63.1,0.716,1
bonus2,63.1,0.742,1
bonus2,63.1,0.752,1
bonus2,63.1,0.791,2
bonus2,63.1,0.801,1
bonus2,63.1,0.834,1
bonus2,63.1,0.846,1
bonus2,63.1,0.858,1
bonus2,63.1,0.896,2
bonus2,63.1,0.91,2
bonus2,63.1,0.984,1
bonus2,63.2,0.776,1
bonus2,63.2,0.883,2
bonus2,63.2,0.896,1
bonus2,63.2,0.968,1
bonus2,63.2,1,1
bonus2,63.3,0.684,1
bonus2,63.3,0.729,1
bonus2,63.3,0.812,1
bonus2,63.3,0.846,1
bonus2,63.3,0.858,1
bonus2,63.3,0.883,2
bonus2,63.3,0.917,1
bonus2,63.3,0.924,1
bonus2,63.3,0.968,1
bonus2,63.4,0.703,1
bonus2,63.4,0.781,1
bonus2,63.4,0.852,1
bonus2,63.4,0.858,2
bonus2,63.4,0.883,1
bonus2,63.4,0.89,1
bonus2,63.4,0.896,1
bonus2,63.4,0.91,1
bonus2,63.4,0.924,1
bonus2,63.4,0.938,1
bonus2,63.4,0.984,1
bonus2,63.5,0.665,1
bonus2,63.5,0.786,1
bonus2,63.5,0.801,1
bonus2,63.5,0.823,1
bonus2,63.5,0.858,1
bonus2,63.5,0.864,1
bonus2,63.5,0.871,1
bonus2,63.5,0.883,2
bonus2,63.5,0.924,1
bonus2,63.5,0.953,1
bonus2,63.6,0.807,1
bonus2,63.6,0.823,1
bonus2,63.6,0.846,1
bonus2,63.6,0.852,1
bonus2,63.6,0.858,1
bonus2,63.6,0.864,1
bonus2,63.6,0.877,1
bonus2,63.6,0.917,1
bonus2,63.6,0.953,1
bonus2,63.6,0.968,1
bonus2,63.6,1,1
bonus2,63.7,0.771,1
bonus2,63.7,0.791,1
bonus2,63.7,0.834,1
bonus2,63.7,0.846,1
bonus2,63.7,0.871,2
bonus2,63.7,0.883,1
bonus2,63.7,0.89,1
bonus2,63.7,0.903,1
bonus2,63.7,0.91,1
bonus2,63.7,0.953,1
bonus2,63.7,0.984,1
bonus2,63.8,0.695,1
bonus2,63.8,0.791,1
bonus2,63.8,0.818,1
bonus2,63.8,0.823,1
bonus2,63.8,0.846,1
bonus2,63.8,0.858,1
bonus2,63.8,0.871,1
bonus2,63.8,0.953,1
bonus2,63.8,0.968,1
bonus2,63.9,0.708,2
bonus2,63.9,0.818,1
bonus2,63.9,0.852,1
bonus2,63.9,0.864,1
bonus2,63.9,0.903,1
bonus2,63.9,0.91,1
bonus2,63.9,0.968,3
bonus2,63.9,0.984,1
bonus2,64,0.676,1
bonus2,64,0.846,2
bonus2,64,0.871,1
bonus2,64,0.896,1
bonus2,64,0.903,2
bonus2,64,0.938,1
bonus2,64,0.953,1
bonus2,64,0.968,2
bonus2,64.1,0.781,1
bonus2,64.1,0.818,1
bonus2,64.1,0.852,2
bonus2,64.1,0.858,1
bonus2,64.1,0.864,1
bonus2,64.1,0.883,1
bonus2,64.1,0.896,1
bonus2,64.1,0.924,1
bonus2,64.1,0.931,1
bonus2,64.1,0.938,1
bonus2,64.2,0.688,1
bonus2,64.2,0.733,1
bonus2,64.2,0.791,1
bonus2,64.2,0.823,1
bonus2,64.2,0.84,1
bonus2,64.2,0.846,1
bonus2,64.2,0.858,1
bonus2,64.2,0.896,1
bonus2,64.2,0.91,1
bonus2,64.2,0.924,1
bonus2,64.2,0.938,1
bonus2,64.2,0.953,2
bonus2,64.2,1,1
bonus2,64.3,0.796,1
bonus2,64.3,0.812,1
bonus2,64.3,0.834,1
bonus2,64.3,0.91,1
bonus2,64.3,0.924,2
bonus2,64.3,0.938,1
bonus2,64.3,0.968,1
bonus2,64.4,0.771,1
bonus2,64.4,0.807,1
bonus2,64.4,0.812,1
bonus2,64.4,0.823,1
bonus2,64.4,0.846,1
bonus2,64.4,0.858,1
bonus2,64.4,0.896,1
bonus2,64.4,0.903,1
bonus2,64.4,0.945,1
bonus2,64.4,0.968,1
bonus2,64.4,0.984,1
bonus2,64.4,1,1
bonus2,64.5,0.699,1
bonus2,64.5,0.807,2
bonus2,64.5,0.834,2
bonus2,64.5,0.846,1
bonus2,64.5,0.858,3
bonus2,64.5,0.883,1
bonus2,64.5,0.931,1
bonus2,64.5,0.938,2
bonus2,64.5,1,1
bonus2,64.6,0.725,1
bonus2,64.6,0.761,1
bonus2,64.6,0.791,1
bonus2,64.6,0.871,1
bonus2,64.6,0.877,1
bonus2,64.6,0.938,1
bonus2,64.6,0.984,1
bonus2,64.7,0.801,1
bonus2,64.7,0.871,2
bonus2,64.7,0.89,1
bonus2,64.7,0.917,1
bonus2,64.7,1,1
bonus2,64.8,0.752,1
bonus2,64.8,0.771,1
bonus2,64.8,0.812,2
bonus2,64.8,0.818,1
bonus2,64.8,0.823,1
bonus2,64.8,0.846,1
bonus2,64.8,0.858,1
bonus2,64.8,0.883,1
bonus2,64.8,0.91,2
bonus2,64.8,0.924,2
bonus2,64.8,0.953,2
bonus2,64.8,0.968,1
bonus2,64.9,0.716,1
bonus2,64.9,0.742,2
bonus2,64.9,0.756,1
bonus2,64.9,0.801,1
bonus2,64.9,0.834,1
bonus2,64.9,0.846,1
bonus2,64.9,0.858,1
bonus2,64.9,0.864,1
bonus2,64.9,0.871,1
bonus2,64.9,0.924,2
bonus2,64.9,0.938,1
bonus2,64.9,0.953,1
bonus2,64.9,0.968,1
bonus2,65,0.761,1
bonus2,65,0.801,1
bonus2,65,0.834,1
bonus2,65,0.846,2
bonus2,65,0.883,1
bonus2,65,0.91,2
bonus2,65,0.968,1
bonus2,65.1,0.823,1
bonus2,65.1,0.864,1
bonus2,65.1,0.883,1
bonus2,65.1,0.896,1
bonus2,65.1,0.91,2
bonus2,65.1,0.968,1
bonus2,65.1,0.984,1
bonus2,65.2,0.776,1
bonus2,65.2,0.812,1
bonus2,65.2,0.829,1
bonus2,65.2,0.864,1
bonus2,65.2,0.896,2
bonus2,65.2,0.938,1
bonus2,65.2,1,1
bonus2,65.3,0.752,1
bonus2,65.3,0.818,2
bonus2,65.3,0.84,1
bonus2,65.3,0.852,1
bonus2,65.3,0.864,1
bonus2,65.3,0.883,1
bonus2,65.3,0.89,1
bonus2,65.3,0.91,2
bonus2,65.3,0.917,1
bonus2,65.3,0.924,1
bonus2,65.3,0.938,2
bonus2,65.3,0.953,1
bonus2,65.3,1,1
bonus2,65.4,0.733,1
bonus2,65.4,0.761,1
bonus2,65.4,0.801,1
bonus2,65.4,0.858,1
bonus2,65.4,0.883,1
bonus2,65.4,0.917,1
bonus2,65.4,0.953,1
bonus2,65.4,0.968,1
bonus2,65.5,0.756,1
bonus2,65.5,0.791,1
bonus2,65.5,0.812,1
bonus2,65.5,0.834,1
bonus2,65.5,0.871,1
bonus2,65.5,0.931,1
bonus2,65.6,0.834,1
bonus2,65.6,0.864,1
bonus2,65.6,0.984,1
bonus2,65.7,0.716,1
bonus2,65.7,0.791,1
bonus2,65.7,0.812,1
bonus2,65.7,0.852,1
bonus2,65.7,0.864,1
bonus2,65.7,0.877,2
bonus2,65.7,0.924,2
bonus2,65.8,0.766,1
bonus2,65.8,0.771,1
bonus2,65.8,0.846,1
bonus2,65.8,0.858,1
bonus2,65.8,0.91,1
bonus2,65.8,0.924,1
bonus2,65.8,0.953,1
bonus2,65.8,0.984,1
bonus2,65.8,1,1
bonus2,65.9,0.742,1
bonus2,65.9,0.752,1
bonus2,65.9,0.796,1
bonus2,65.9,0.812,1
bonus2,65.9,0.871,1
bonus2,65.9,0.883,3
bonus2,65.9,0.953,1
bonus2,65.9,0.984,1
bonus2,65.9,1,2
bonus2,66,0.747,1
bonus2,66,0.84,1
bonus2,66,0.864,1
bonus2,66,0.877,1
bonus2,66,0.91,2
bonus2,66,0.953,1
bonus2,66,0.968,1
bonus2,66.1,0.691,1
bonus2,66.1,0.786,1
bonus2,66.1,0.791,1
bonus2,66.1,0.834,1
bonus2,66.1,0.846,1
bonus2,66.1,0.871,1
bonus2,66.1,0.903,1
bonus2,66.1,0.938,1
bonus2,66.1,0.968,1
bonus2,66.1,0.984,2
bonus2,66.2,0.742,1
bonus2,66.2,0.781,1
bonus2,66.2,0.834,1
bonus2,66.2,0.846,1
bonus2,66.2,0.871,1
bonus2,66.2,0.883,1
bonus2,66.2,1,1
bonus2,66.3,0.84,1
bonus2,66.3,0.877,1
bonus2,66.3,0.917,1
bonus2,66.3,0.924,1
bonus2,66.3,0.938,1
bonus2,66.3,0.953,1
bonus2,66.3,0.984,1
bonus2,66.4,0.684,1
bonus2,66.4,0.823,1
bonus2,66.4,0.846,1
bonus2,66.4,0.871,1
bonus2,66.4,0.89,1
bonus2,66.4,0.896,1
bonus2,66.4,0.903,2
bonus2,66.4,0.91,1
bonus2,66.4,0.924,1
bonus2,66.4,0.953,1
bonus2,66.4,0.968,1
bonus2,66.5,0.699,1
bonus2,66.5,0.742,1
bonus2,66.5,0.776,1
bonus2,66.5,0.829,1
bonus2,66.5,0.858,1
bonus2,66.5,0.871,1
bonus2,66.5,0.896,1
bonus2,66.5,0.924,2
bonus2,66.5,0.938,2
bonus2,66.5,0.984,1
bonus2,66.6,0.801,1
bonus2,66.6,0.834,1
bonus2,66.6,0.858,1
bonus2,66.6,0.903,1
bonus2,66.6,0.924,1
bonus2,66.7,0.781,1
bonus2,66.7,0.812,1
bonus2,66.7,0.834,1
bonus2,66.7,0.846,1
bonus2,66.7,0.864,1
bonus2,66.7,0.883,1
bonus2,66.7,0.89,1
bonus2,66.7,0.903,1
bonus2,66.7,0.91,2
bonus2,66.7,0.953,2
bonus2,66.7,0.968,1
bonus2,66.7,0.984,1
bonus2,66.8,0.742,1
bonus2,66.8,0.756,1
bonus2,66.8,0.801,1
bonus2,66.8,0.818,1
bonus2,66.8,0.84,1
bonus2,66.8,0.846,1
bonus2,66.8,0.896,1
bonus2,66.8,0.91,1
bonus2,66.8,0.938,1
bonus2,66.9,0.812,1
bonus2,66.9,0.823,1
bonus2,66.9,0.834,1
bonus2,66.9,0.871,1
bonus2,66.9,0.877,1
bonus2,66.9,0.883,1
bonus2,66.9,0.896,2
bonus2,66.9,0.924,1
bonus2,66.9,0.953,1
bonus2,67,0.89,1
bonus2,67,0.896,2
bonus2,67,0.903,1
bonus2,67,0.924,1
bonus2,67,0.953,1
bonus2,67,0.968,1
bonus2,67,1,1
bonus2,67.1,0.791,1
bonus2,67.1,0.823,1
bonus2,67.1,0.846,2
bonus2,67.1,0.858,3
bonus2,67.1,0.864,1
bonus2,67.1,0.871,1
bonus2,67.1,0.877,1
bonus2,67.1,0.89,1
bonus2,67.1,0.903,1
bonus2,67.1,0.91,1
bonus2,67.1,0.938,1
bonus2,67.2,0.781,1
bonus2,67.2,0.801,1
bonus2,67.2,0.818,1
bonus2,67.2,0.858,1
bonus2,67.2,0.883,1
bonus2,67.2,0.89,3
bonus2,67.2,0.903,1
bonus2,67.2,0.91,1
bonus2,67.2,0.924,2
bonus2,67.2,0.938,2
bonus2,67.3,0.752,1
bonus2,67.3,0.801,1
bonus2,67.3,0.883,1
bonus2,67.3,0.89,2
bonus2,67.3,0.896,1
bonus2,67.3,0.953,1
bonus2,67.3,0.968,1
bonus2,67.4,0.834,1
bonus2,67.4,0.852,1
bonus2,67.4,0.871,1
bonus2,67.4,0.883,1
bonus2,67.4,0.89,1
bonus2,67.4,0.896,1
bonus2,67.4,0.91,1
bonus2,67.4,0.938,1
bonus2,67.4,0.953,1
bonus2,67.4,0.968,1
bonus2,67.5,0.834,1
bonus2,67.5,0.871,2
bonus2,67.5,0.896,2
bonus2,67.5,0.91,1
bonus2,67.5,0.953,1
bonus2,67.5,0.968,1
bonus2,67.5,0.984,2
bonus2,67.6,0.801,1
bonus2,67.6,0.823,1
bonus2,67.6,0.84,1
bonus2,67.6,0.858,1
bonus2,67.6,0.896,1
bonus2,67.6,0.938,1
bonus2,67.7,0.786,1
bonus2,67.7,0.791,3
bonus2,67.7,0.834,1
bonus2,67.7,0.846,1
bonus2,67.7,0.871,1
bonus2,67.7,0.896,1
bonus2,67.7,0.953,1
bonus2,67.8,0.791,1
bonus2,67.8,0.852,1
bonus2,67.8,0.871,1
bonus2,67.8,0.877,2
bonus2,67.8,0.896,1
bonus2,67.8,0.91,2
bonus2,67.8,0.917,2
bonus2,67.8,0.953,1
bonus2,67.8,0.968,3
bonus2,67.9,0.699,1
bonus2,67.9,0.766,1
bonus2,67.9,0.858,2
bonus2,67.9,0.938,1
bonus2,67.9,0.953,1
bonus2,68,0.708,1
bonus2,68,0.771,1
bonus2,68,0.812,1
bonus2,68,0.846,1
bonus2,68,0.858,1
bonus2,68,0.877,1
bonus2,68,0.903,1
bonus2,68,0.924,1
bonus2,68,0.938,1
bonus2,68.1,0.771,1
bonus2,68.1,0.791,1
bonus2,68.1,0.84,1
bonus2,68.1,0.864,1
bonus2,68.1,0.89,1
bonus2,68.1,0.917,1
bonus2,68.1,0.968,1
bonus2,68.2,0.708,1
bonus2,68.2,0.801,1
bonus2,68.2,0.818,1
bonus2,68.2,0.823,1
bonus2,68.2,0.84,1
bonus2,68.2,0.846,1
bonus2,68.2,0.877,1
bonus2,68.2,0.896,2
bonus2,68.2,0.91,1
bonus2,68.2,0.917,1
bonus2,68.2,1,1
bonus2,68.3,0.752,1
bonus2,68.3,0.791,1
bonus2,68.3,0.84,1
bonus2,68.3,0.871,1
bonus2,68.3,0.89,1
bonus2,68.3,0.924,1
bonus2,68.3,0.953,3
bonus2,68.3,0.984,1
bonus2,68.3,1,1
bonus2,68.4,0.771,1
bonus2,68.4,0.791,1
bonus2,68.4,0.823,2
bonus2,68.4,0.829,1
bonus2,68.4,0.834,1
bonus2,68.4,0.871,2
bonus2,68.4,0.877,1
bonus2,68.4,0.924,1
bonus2,68.4,0.953,1
bonus2,68.5,0.812,1
bonus2,68.5,0.84,1
bonus2,68.5,0.852,1
bonus2,68.5,0.953,2
bonus2,68.5,0.968,2
bonus2,68.6,0.752,1
bonus2,68.6,0.766,1
bonus2,68.6,0.852,1
bonus2,68.6,0.858,1
bonus2,68.6,0.89,1
bonus2,68.6,0.896,2
bonus2,68.6,0.917,1
bonus2,68.6,0.924,1
bonus2,68.6,0.938,1
bonus2,68.6,0.953,2
bonus2,68.7,0.608,1
bonus2,68.7,0.791,1
bonus2,68.7,0.801,1
bonus2,68.7,0.823,1
bonus2,68.7,0.834,1
bonus2,68.7,0.846,1
bonus2,68.7,0.852,1
bonus2,68.7,0.858,1
bonus2,68.7,0.871,3
bonus2,68.7,0.89,1
bonus2,68.7,0.896,1
bonus2,68.7,0.903,1
bonus2,68.7,0.91,1
bonus2,68.7,0.984,1
bonus2,68.8,0.716,1
bonus2,68.8,0.84,1
bonus2,68.8,0.852,1
bonus2,68.8,0.871,1
bonus2,68.8,0.883,2
bonus2,68.8,0.896,1
bonus2,68.8,0.924,1
bonus2,68.8,0.938,1
bonus2,68.8,0.945,1
bonus2,68.8,0.953,2
bonus2,68.9,0.791,2
bonus2,68.9,0.84,1
bonus2,68.9,0.852,1
bonus2,68.9,0.877,1
bonus2,68.9,0.883,1
bonus2,68.9,0.896,1
bonus2,68.9,0.91,1
bonus2,69,0.796,1
bonus2,69,0.818,1
bonus2,69,0.823,1
bonus2,69,0.84,1
bonus2,69,0.846,1
bonus2,69,0.883,2
bonus2,69,0.896,1
bonus2,69,0.91,2
bonus2,69,0.953,1
bonus2,69,0.968,1
bonus2,69.1,0.846,1
bonus2,69.1,0.883,1
bonus2,69.1,0.903,1
bonus2,69.1,0.91,1
bonus2,69.1,0.917,1
bonus2,69.1,0.938,1
bonus2,69.1,0.984,1
bonus2,69.2,0.883,2
bonus2,69.2,0.896,2
bonus2,69.2,0.917,1
bonus2,69.2,0.968,1
bonus2,69.2,0.984,1
bonus2,69.3,0.64,1
bonus2,69.3,0.716,1
bonus2,69.3,0.747,1
bonus2,69.3,0.752,1
bonus2,69.3,0.791,1
bonus2,69.3,0.883,3
bonus2,69.3,0.896,1
bonus2,69.3,0.91,1
bonus2,69.3,0.938,1
bonus2,69.3,0.968,1
bonus2,69.3,1,1
bonus2,69.4,0.823,1
bonus2,69.4,0.846,1
bonus2,69.4,0.852,1
bonus2,69.4,0.871,1
bonus2,69.4,0.883,1
bonus2,69.5,0.818,1
bonus2,69.5,0.84,1
bonus2,69.5,0.871,2
bonus2,69.5,0.877,1
bonus2,69.5,0.883,1
bonus2,69.5,0.89,1
bonus2,69.5,0.896,1
bonus2,69.5,0.903,1
bonus2,69.5,0.938,2
bonus2,69.5,0.968,1
bonus2,69.6,0.733,1
bonus2,69.6,0.807,1
bonus2,69.6,0.834,1
bonus2,69.6,0.846,1
bonus2,69.6,0.89,1
bonus2,69.6,0.896,1
bonus2,69.6,0.924,1
bonus2,69.6,0.931,3
bonus2,69.6,0.953,1
bonus2,69.6,0.984,2
bonus2,69.7,0.823,1
bonus2,69.7,0.846,1
bonus2,69.7,0.858,1
bonus2,69.7,0.864,1
bonus2,69.7,0.871,1
bonus2,69.7,0.896,1
bonus2,69.7,0.953,1
bonus2,69.8,0.786,2
bonus2,69.8,0.877,1
bonus2,69.8,0.896,1
bonus2,69.8,0.917,1
bonus2,69.8,0.924,1
bonus2,69.8,0.938,1
bonus2,69.8,0.968,1
bonus2,69.9,0.801,1
bonus2,69.9,0.852,1
bonus2,69.9,0.864,1
bonus2,69.9,0.871,1
bonus2,69.9,0.883,1
bonus2,69.9,0.896,2
bonus2,69.9,0.924,1
bonus2,69.9,0.938,2
bonus2,69.9,0.968,1
bonus2,69.9,0.984,1
bonus2,70,0.781,1
bonus2,70,0.871,2
bonus2,70,0.91,2
bonus2,70,0.924,1
bonus2,70,0.931,1
bonus2,70,0.984,1
bonus2,70.1,0.771,1
bonus2,70.1,0.903,1
bonus2,70.1,0.91,1
bonus2,70.1,0.924,1
bonus2,70.2,0.752,1
bonus2,70.2,0.846,1
bonus2,70.2,0.858,1
bonus2,70.2,0.871,1
bonus2,70.2,0.877,1
bonus2,70.2,0.883,1
bonus2,70.2,0.896,1
bonus2,70.2,0.903,1
bonus2,70.2,0.91,2
bonus2,70.2,0.924,1
bonus2,70.2,0.938,1
bonus2,70.3,0.533,1
bonus2,70.3,0.801,1
bonus2,70.3,0.829,1
bonus2,70.3,0.858,1
bonus2,70.3,0.903,1
bonus2,70.3,0.924,1
bonus2,70.3,0.953,2
bonus2,70.4,0.761,1
bonus2,70.4,0.829,1
bonus2,70.4,0.846,1
bonus2,70.4,0.852,1
bonus2,70.4,0.871,1
bonus2,70.4,0.883,1
bonus2,70.4,0.89,1
bonus2,70.4,0.896,2
bonus2,70.4,0.903,1
bonus2,70.4,0.91,2
bonus2,70.4,0.953,1
bonus2,70.5,0.756,1
bonus2,70.5,0.818,1
bonus2,70.5,0.858,1
bonus2,70.5,0.871,1
bonus2,70.5,0.877,1
bonus2,70.5,0.89,1
bonus2,70.5,0.924,1
bonus2,70.5,0.953,2
bonus2,70.5,1,2
bonus2,70.6,0.791,1
bonus2,70.6,0.871,1
bonus2,70.6,0.917,1
bonus2,70.6,0.924,2
bonus2,70.6,0.938,1
bonus2,70.6,1,1
bonus2,70.7,0.761,1
bonus2,70.7,0.829,1
bonus2,70.7,0.846,2
bonus2,70.7,0.883,2
bonus2,70.7,0.91,1
bonus2,70.8,0.669,1
bonus2,70.8,0.807,1
bonus2,70.8,0.823,1
bonus2,70.8,0.871,2
bonus2,70.8,0.903,1
bonus2,70.8,0.938,1
bonus2,70.8,0.953,1
bonus2,70.8,0.968,2
bonus2,70.9,0.823,1
bonus2,70.9,0.84,1
bonus2,70.9,0.883,1
bonus2,70.9,0.896,2
bonus2,70.9,0.938,1
bonus2,70.9,0.953,2
bonus2,70.9,0.984,2
bonus2,71,0.716,1
bonus2,71,0.823,1
bonus2,71,0.871,1
bonus2,71,0.896,1
bonus2,71,0.903,1
bonus2,71,0.924,1
bonus2,71,0.938,2
bonus2,71,0.953,1
bonus2,71.1,0.752,1
bonus2,71.1,0.823,1
bonus2,71.1,0.852,1
bonus2,71.1,0.91,1
bonus2,71.1,1,1
bonus2,71.2,0.791,1
bonus2,71.2,0.812,1
bonus2,71.2,0.84,1
bonus2,71.2,0.858,1
bonus2,71.2,0.864,1
bonus2,71.2,0.91,1
bonus2,71.2,0.968,1
bonus2,71.2,0.984,1
bonus2,71.3,0.829,1
bonus2,71.3,0.864,1
bonus2,71.3,0.89,1
bonus2,71.3,0.903,2
bonus2,71.3,0.931,1
bonus2,71.3,0.938,2
bonus2,71.3,0.953,1
bonus2,71.3,0.968,1
bonus2,71.3,0.984,1
bonus2,71.4,0.738,1
bonus2,71.4,0.834,1
bonus2,71.4,0.89,1
bonus2,71.4,0.896,1
bonus2,71.4,0.903,1
bonus2,71.4,0.924,2
bonus2,71.5,0.791,1
bonus2,71.5,0.818,1
bonus2,71.5,0.834,1
bonus2,71.5,0.852,1
bonus2,71.5,0.858,1
bonus2,71.5,0.883,3
bonus2,71.5,0.89,1
bonus2,71.5,0.896,1
bonus2,71.5,0.903,1
bonus2,71.5,0.91,2
bonus2,71.5,0.924,1
bonus2,71.6,0.818,1
bonus2,71.6,0.846,1
bonus2,71.6,0.89,1
bonus2,71.6,0.896,1
bonus2,71.6,0.91,1
bonus2,71.6,0.938,1
bonus2,71.7,0.812,1
bonus2,71.7,0.858,2
bonus2,71.7,0.931,1
bonus2,71.7,0.953,2
bonus2,71.7,0.984,1
bonus2,71.8,0.647,1
bonus2,71.8,0.747,1
bonus2,71.8,0.823,1
bonus2,71.8,0.864,1
bonus2,71.8,0.871,1
bonus2,71.8,0.877,1
bonus2,71.8,0.883,1
bonus2,71.8,0.917,2
bonus2,71.8,0.953,1
bonus2,71.9,0.812,1
bonus2,71.9,0.883,2
bonus2,71.9,0.896,1
bonus2,71.9,0.917,1
bonus2,71.9,0.953,2
bonus2,71.9,0.968,1
bonus2,72,0.747,1
bonus2,72,0.776,1
bonus2,72,0.791,1
bonus2,72,0.801,1
bonus2,72,0.864,1
bonus2,72,0.871,1
bonus2,72,0.877,1
bonus2,72,0.883,1
bonus2,72,0.938,2
bonus2,72.1,0.796,1
bonus2,72.1,0.852,1
bonus2,72.1,0.871,1
bonus2,72.1,0.883,1
bonus2,72.1,0.953,1
bonus2,72.1,0.984,1
bonus2,72.1,1,1
bonus2,72.2,0.801,1
bonus2,72.2,0.834,1
bonus2,72.2,0.84,1
bonus2,72.2,0.871,1
bonus2,72.2,0.91,1
bonus2,72.2,0.924,2
bonus2,72.2,0.968,1
bonus2,72.3,0.786,1
bonus2,72.3,0.864,1
bonus2,72.3,0.89,1
bonus2,72.3,0.91,1
bonus2,72.4,0.747,1
bonus2,72.4,0.823,1
bonus2,72.4,0.852,1
bonus2,72.4,0.858,1
bonus2,72.4,0.871,1
bonus2,72.4,0.883,2
bonus2,72.4,0.89,2
bonus2,72.4,0.896,1
bonus2,72.4,0.903,1
bonus2,72.4,0.91,2
bonus2,72.4,0.924,2
bonus2,72.4,0.931,1
bonus2,72.5,0.688,1
bonus2,72.5,0.733,1
bonus2,72.5,0.846,2
bonus2,72.5,0.858,2
bonus2,72.5,0.877,1
bonus2,72.5,0.883,2
bonus2,72.5,0.896,1
bonus2,72.5,0.91,2
bonus2,72.5,0.917,1
bonus2,72.5,0.924,1
bonus2,72.5,0.953,2
bonus2,72.6,0.654,1
bonus2,72.6,0.823,1
bonus2,72.6,0.858,1
bonus2,72.6,0.883,3
bonus2,72.6,0.938,2
bonus2,72.6,0.984,1
bonus2,72.6,1,1
bonus2,72.7,0.807,1
bonus2,72.7,0.846,1
bonus2,72.7,0.852,1
bonus2,72.7,0.858,1
bonus2,72.7,0.903,1
bonus2,72.7,0.91,1
bonus2,72.7,0.938,2
bonus2,72.7,1,1
bonus2,72.8,0.829,1
bonus2,72.8,0.846,1
bonus2,72.8,0.91,1
bonus2,72.8,0.953,1
bonus2,72.8,1,2
bonus2,72.9,0.756,1
bonus2,72.9,0.818,1
bonus2,72.9,0.823,1
bonus2,72.9,0.846,1
bonus2,72.9,0.883,1
bonus2,72.9,0.89,2
bonus2,72.9,0.903,1
bonus2,72.9,0.91,1
bonus2,72.9,0.917,1
bonus2,72.9,0.924,1
bonus2,72.9,0.938,1
bonus2,72.9,0.984,1
bonus2,73,0.72,1
bonus2,73,0.776,1
bonus2,73,0.781,1
bonus2,73,0.818,1
bonus2,73,0.834,1
bonus2,73,0.858,1
bonus2,73,0.871,2
bonus2,73,0.883,1
bonus2,73,0.91,1
bonus2,73,0.924,1
bonus2,73,0.938,1
bonus2,73,0.953,1
bonus2,73.1,0.699,1
bonus2,73.1,0.823,1
bonus2,73.1,0.877,1
bonus2,73.1,0.883,1
bonus2,73.1,0.896,1
bonus2,73.1,0.903,2
bonus2,73.1,0.91,1
bonus2,73.1,0.917,1
bonus2,73.1,0.924,3
bonus2,73.1,0.953,1
bonus2,73.1,0.984,1
bonus2,73.2,0.761,1
bonus2,73.2,0.801,1
bonus2,73.2,0.883,1
bonus2,73.2,0.91,1
bonus2,73.2,0.917,1
bonus2,73.2,0.924,1
bonus2,73.2,0.938,1
bonus2,73.2,0.953,1
bonus2,73.2,0.968,1
bonus2,73.3,0.858,1
bonus2,73.3,0.871,1
bonus2,73.3,0.883,1
bonus2,73.3,1,1
bonus2,73.4,0.64,1
bonus2,73.4,0.72,1
bonus2,73.4,0.801,1
bonus2,73.4,0.852,1
bonus2,73.4,0.858,1
bonus2,73.4,0.871,1
bonus2,73.4,0.883,1
bonus2,73.4,0.896,1
bonus2,73.4,0.903,1
bonus2,73.4,0.91,1
bonus2,73.4,0.938,1
bonus2,73.4,0.953,2
bonus2,73.4,0.984,1
bonus2,73.5,0.781,1
bonus2,73.5,0.818,1
bonus2,73.5,0.877,1
bonus2,73.5,0.896,1
bonus2,73.5,0.938,1
bonus2,73.5,0.953,1
bonus2,73.6,0.695,1
bonus2,73.6,0.771,1
bonus2,73.6,0.812,1
bonus2,73.6,0.858,1
bonus2,73.6,0.883,1
bonus2,73.6,0.89,1
bonus2,73.6,0.903,2
bonus2,73.6,1,2
bonus2,73.7,0.84,1
bonus2,73.7,0.852,1
bonus2,73.7,0.917,1
bonus2,73.7,0.953,1
bonus2,73.7,1,2
bonus2,73.8,0.621,1
bonus2,73.8,0.776,1
bonus2,73.8,0.812,1
bonus2,73.8,0.846,2
bonus2,73.8,0.858,1
bonus2,73.8,0.864,1
bonus2,73.8,0.877,1
bonus2,73.8,0.896,2
bonus2,73.8,0.903,1
bonus2,73.9,0.812,1
bonus2,73.9,0.834,1
bonus2,73.9,0.858,2
bonus2,73.9,0.883,1
bonus2,73.9,0.91,1
bonus2,73.9,0.917,1
bonus2,73.9,0.938,1
bonus2,74,0.781,1
bonus2,74,0.823,1
bonus2,74,0.834,1
bonus2,74,0.871,2
bonus2,74,0.903,1
bonus2,74,0.91,1
bonus2,74,0.924,1
bonus2,74,0.938,1
bonus2,74,0.968,2
bonus2,74.1,0.688,1
bonus2,74.1,0.729,1
bonus2,74.1,0.846,1
bonus2,74.1,0.883,1
bonus2,74.1,0.91,1
bonus2,74.1,0.924,1
bonus2,74.2,0.807,1
bonus2,74.2,0.871,1
bonus2,74.2,0.883,1
bonus2,74.2,0.896,1
bonus2,74.2,0.91,1
bonus2,74.2,0.984,1
bonus2,74.3,0.84,1
bonus2,74.3,0.883,1
bonus2,74.3,0.924,1
bonus2,74.3,0.938,1
bonus2,74.3,1,2
bonus2,74.4,0.716,1
bonus2,74.4,0.747,1
bonus2,74.4,0.883,1
bonus2,74.4,0.91,1
bonus2,74.4,0.917,1
bonus2,74.4,0.938,1
bonus2,74.4,0.953,2
bonus2,74.4,0.984,1
bonus2,74.5,0.823,1
bonus2,74.5,0.89,1
bonus2,74.5,0.896,1
bonus2,74.5,0.903,1
bonus2,74.5,0.924,1
bonus2,74.5,1,1
bonus2,74.6,0.742,1
bonus2,74.6,0.812,1
bonus2,74.6,0.846,1
bonus2,74.6,0.858,2
bonus2,74.6,0.871,1
bonus2,74.6,0.89,1
bonus2,74.6,0.91,1
bonus2,74.6,0.938,2
bonus2,74.6,0.953,1
bonus2,74.6,0.968,1
bonus2,74.6,0.984,1
bonus2,74.6,1,1
bonus2,74.7,0.818,1
bonus2,74.7,0.834,1
bonus2,74.7,0.84,1
bonus2,74.7,0.871,1
bonus2,74.7,0.883,1
bonus2,74.7,0.89,1
bonus2,74.7,0.896,1
bonus2,74.7,0.917,1
bonus2,74.7,0.938,1
bonus2,74.7,0.968,1
bonus2,74.7,1,1
bonus2,74.8,0.708,1
bonus2,74.8,0.791,1
bonus2,74.8,0.807,1
bonus2,74.8,0.812,1
bonus2,74.8,0.846,1
bonus2,74.8,0.858,1
bonus2,74.8,0.89,1
bonus2,74.8,0.896,1
bonus2,74.8,0.953,1
bonus2,74.8,0.984,1
bonus2,74.8,1,1
bonus2,74.9,0.752,1
bonus2,74.9,0.801,1
bonus2,74.9,0.834,1
bonus2,74.9,0.858,1
bonus2,74.9,0.91,2
bonus2,75,0.781,1
bonus2,75,0.846,1
bonus2,75,0.858,1
bonus2,75,0.864,1
bonus2,75,0.871,1
bonus2,75,0.883,1
bonus2,75,0.945,1
bonus2,75,0.953,1
bonus2,75.1,0.781,1
bonus2,75.1,0.807,1
bonus2,75.1,0.834,1
bonus2,75.1,0.871,1
bonus2,75.1,0.89,1
bonus2,75.1,0.938,2
bonus2,75.1,0.953,1
bonus2,75.1,0.968,1
bonus2,75.2,0.812,1
bonus2,75.2,0.829,1
bonus2,75.2,0.896,1
bonus2,75.2,0.91,1
bonus2,75.2,0.924,1
bonus2,75.2,0.953,1
bonus2,75.2,1,1
bonus2,75.3,0.699,1
bonus2,75.3,0.801,1
bonus2,75.3,0.877,1
bonus2,75.3,0.924,1
bonus2,75.3,0.968,1
bonus2,75.3,0.984,1
bonus2,75.4,0.812,2
bonus2,75.4,0.834,1
bonus2,75.4,0.84,1
bonus2,75.4,0.877,1
bonus2,75.4,0.91,1
bonus2,75.5,0.791,1
bonus2,75.5,0.864,1
bonus2,75.5,0.871,1
bonus2,75.5,0.883,1
bonus2,75.5,0.968,1
bonus2,75.5,0.984,1
bonus2,75.6,0.699,1
bonus2,75.6,0.742,1
bonus2,75.6,0.771,1
bonus2,75.6,0.781,1
bonus2,75.6,0.796,1
bonus2,75.6,0.818,1
bonus2,75.6,0.858,1
bonus2,75.6,0.864,1
bonus2,75.6,0.877,1
bonus2,75.6,0.883,2
bonus2,75.6,0.91,1
bonus2,75.6,0.924,1
bonus2,75.6,0.938,1
bonus2,75.7,0.786,1
bonus2,75.7,0.818,1
bonus2,75.7,0.871,1
bonus2,75.7,0.89,2
bonus2,75.7,0.953,1
bonus2,75.7,0.968,1
bonus2,75.8,0.676,1
bonus2,75.8,0.725,1
bonus2,75.8,0.776,1
bonus2,75.8,0.871,1
bonus2,75.8,0.896,1
bonus2,75.8,0.917,1
bonus2,75.8,0.924,1
bonus2,75.8,0.931,1
bonus2,75.8,0.938,1
bonus2,75.8,0.968,1
bonus2,75.9,0.725,1
bonus2,75.9,0.812,1
bonus2,75.9,0.829,1
bonus2,75.9,0.89,1
bonus2,75.9,0.924,1
bonus2,75.9,0.938,1
bonus2,75.9,0.953,1
bonus2,76,0.834,1
bonus2,76,0.852,1
bonus2,76,0.896,1
bonus2,76,0.91,1
bonus2,76,0.984,1
bonus2,76.1,0.752,1
bonus2,76.1,0.771,1
bonus2,76.1,0.877,1
bonus2,76.1,0.89,1
bonus2,76.1,0.91,2
bonus2,76.1,0.938,1
bonus2,76.1,0.953,1
bonus2,76.2,0.871,1
bonus2,76.2,0.883,1
bonus2,76.2,0.896,3
bonus2,76.2,0.903,1
bonus2,76.2,0.91,1
bonus2,76.3,0.733,1
bonus2,76.3,0.801,1
bonus2,76.3,0.864,1
bonus2,76.3,0.903,1
bonus2,76.3,0.91,1
bonus2,76.3,0.953,3
bonus2,76.4,0.791,1
bonus2,76.4,0.807,1
bonus2,76.4,0.852,1
bonus2,76.4,0.858,1
bonus2,76.4,0.883,1
bonus2,76.4,0.896,1
bonus2,76.4,0.938,1
bonus2,76.4,0.953,2
bonus2,76.4,0.984,1
bonus2,76.5,0.725,1
bonus2,76.5,0.738,1
bonus2,76.5,0.761,1
bonus2,76.5,0.818,1
bonus2,76.5,0.823,1
bonus2,76.5,0.883,1
bonus2,76.5,0.896,1
bonus2,76.5,0.938,2
bonus2,76.5,1,1
bonus2,76.6,0.771,2
bonus2,76.6,0.864,1
bonus2,76.6,0.896,1
bonus2,76.6,0.903,1
bonus2,76.6,0.924,1
bonus2,76.6,0.931,1
bonus2,76.6,0.938,2
bonus2,76.6,0.984,1
bonus2,76.7,0.834,3
bonus2,76.7,0.846,1
bonus2,76.7,0.89,1
bonus2,76.7,0.91,1
bonus2,76.7,0.968,1
bonus2,76.8,0.771,1
bonus2,76.8,0.823,1
bonus2,76.8,0.834,1
bonus2,76.8,0.883,2
bonus2,76.8,0.931,1
bonus2,76.8,1,1
bonus2,76.9,0.752,1
bonus2,76.9,0.807,1
bonus2,76.9,0.829,1
bonus2,76.9,0.846,1
bonus2,76.9,0.938,2
bonus2,76.9,0.968,1
bonus2,77,0.791,1
bonus2,77,0.812,1
bonus2,77,0.91,1
bonus2,77,0.984,1
bonus2,77.1,0.742,1
bonus2,77.1,0.796,1
bonus2,77.1,0.871,1
bonus2,77.1,0.883,1
bonus2,77.1,0.896,2
bonus2,77.1,0.91,2
bonus2,77.1,0.938,1
bonus2,77.1,0.968,1
bonus2,77.2,0.511,1
bonus2,77.2,0.781,1
bonus2,77.2,0.791,1
bonus2,77.2,0.858,1
bonus2,77.2,0.91,1
bonus2,77.2,0.953,1
bonus2,77.2,0.968,2
bonus2,77.2,0.984,1
bonus2,77.3,0.712,1
bonus2,77.3,0.716,1
bonus2,77.3,0.807,1
bonus2,77.3,0.834,1
bonus2,77.3,0.858,2
bonus2,77.3,0.871,1
bonus2,77.3,0.877,1
bonus2,77.3,0.89,2
bonus2,77.3,0.896,2
bonus2,77.3,0.903,1
bonus2,77.3,0.91,3
bonus2,77.3,0.953,1
bonus2,77.4,0.791,1
bonus2,77.4,0.852,1
bonus2,77.4,0.896,2
bonus2,77.4,0.91,3
bonus2,77.4,0.938,1
bonus2,77.4,0.968,1
bonus2,77.5,0.752,1
bonus2,77.5,0.896,1
bonus2,77.5,0.903,1
bonus2,77.5,0.953,1
bonus2,77.5,0.968,1
bonus2,77.5,1,1
bonus2,77.6,0.896,1
bonus2,77.6,0.903,1
bonus2,77.7,0.752,1
bonus2,77.7,0.771,1
bonus2,77.7,0.818,1
bonus2,77.7,0.846,1
bonus2,77.7,0.858,2
bonus2,77.7,0.871,1
bonus2,77.7,0.883,1
bonus2,77.7,0.91,1
bonus2,77.7,0.968,1
bonus2,77.8,0.742,1
bonus2,77.8,0.771,1
bonus2,77.8,0.781,1
bonus2,77.8,0.791,1
bonus2,77.8,0.801,1
bonus2,77.8,0.84,1
bonus2,77.8,0.846,1
bonus2,77.8,0.858,1
bonus2,77.8,0.871,1
bonus2,77.8,0.883,1
bonus2,77.8,0.91,1
bonus2,77.8,0.968,1
bonus2,77.9,0.684,1
bonus2,77.9,0.781,1
bonus2,77.9,0.807,1
bonus2,77.9,0.846,1
bonus2,77.9,0.883,1
bonus2,77.9,0.896,1
bonus2,77.9,0.903,1
bonus2,77.9,0.924,3
bonus2,77.9,0.953,1
bonus2,77.9,0.968,1
bonus2,78,0.781,1
bonus2,78,0.834,1
bonus2,78,0.877,1
bonus2,78,0.91,2
bonus2,78,0.917,1
bonus2,78,0.924,1
bonus2,78,0.938,3
bonus2,78,0.953,1
bonus2,78,0.968,2
bonus2,78.1,0.708,1
bonus2,78.1,0.812,1
bonus2,78.1,0.924,2
bonus2,78.1,0.938,1
bonus2,78.2,0.807,1
bonus2,78.2,0.89,1
bonus2,78.2,0.896,2
bonus2,78.2,0.917,2
bonus2,78.2,0.953,2
bonus2,78.2,0.984,1
bonus2,78.3,0.725,1
bonus2,78.3,0.766,1
bonus2,78.3,0.864,1
bonus2,78.3,0.896,2
bonus2,78.3,0.91,1
bonus2,78.3,0.917,1
bonus2,78.3,0.924,1
bonus2,78.3,1,1
bonus2,78.4,0.786,1
bonus2,78.4,0.858,1
bonus2,78.4,0.864,1
bonus2,78.4,0.871,1
bonus2,78.4,0.931,1
bonus2,78.4,0.938,1
bonus2,78.4,0.953,1
bonus2,78.4,0.984,1
bonus2,78.5,0.68,1
bonus2,78.5,0.818,1
bonus2,78.5,0.834,1
bonus2,78.5,0.89,1
bonus2,78.5,0.953,1
bonus2,78.6,0.647,1
bonus2,78.6,0.733,1
bonus2,78.6,0.858,1
bonus2,78.6,0.883,3
bonus2,78.6,0.89,1
bonus2,78.6,0.896,1
bonus2,78.6,0.931,1
bonus2,78.6,0.938,1
bonus2,78.7,0.712,1
bonus2,78.7,0.796,1
bonus2,78.7,0.864,1
bonus2,78.7,0.877,1
bonus2,78.7,0.91,1
bonus2,78.7,0.924,1
bonus2,78.7,0.938,1
bonus2,78.7,0.968,2
bonus2,78.8,0.766,1
bonus2,78.8,0.796,1
bonus2,78.8,0.823,1
bonus2,78.8,0.829,1
bonus2,78.8,0.84,1
bonus2,78.8,0.871,2
bonus2,78.8,0.89,1
bonus2,78.8,0.924,2
bonus2,78.9,0.651,1
bonus2,78.9,0.823,1
bonus2,78.9,0.829,1
bonus2,78.9,0.896,1
bonus2,78.9,0.91,1
bonus2,78.9,0.924,1
bonus2,78.9,0.931,1
bonus2,78.9,0.938,1
bonus2,78.9,1,1
bonus2,79,0.761,1
bonus2,79,0.834,1
bonus2,79,0.864,1
bonus2,79,0.871,1
bonus2,79,0.883,1
bonus2,79,0.91,1
bonus2,79,0.924,1
bonus2,79,0.953,1
bonus2,79,0.968,1
bonus2,79.1,0.818,1
bonus2,79.1,0.823,1
bonus2,79.1,0.829,1
bonus2,79.1,0.896,3
bonus2,79.1,0.91,1
bonus2,79.1,0.931,1
bonus2,79.1,0.984,1
bonus2,79.2,0.786,1
bonus2,79.2,0.818,1
bonus2,79.2,0.834,1
bonus2,79.2,0.858,1
bonus2,79.2,0.871,1
bonus2,79.2,0.896,1
bonus2,79.2,0.938,1
bonus2,79.2,0.953,1
bonus2,79.2,0.968,1
bonus2,79.3,0.807,1
bonus2,79.3,0.864,1
bonus2,79.3,0.883,1
bonus2,79.3,0.903,1
bonus2,79.3,0.924,1
bonus2,79.3,0.938,1
bonus2,79.3,0.968,1
bonus2,79.4,0.812,1
bonus2,79.4,0.89,1
bonus2,79.4,0.896,1
bonus2,79.4,0.91,3
bonus2,79.4,0.924,2
bonus2,79.4,0.953,1
bonus2,79.4,1,1
bonus2,79.5,0.781,1
bonus2,79.5,0.852,1
bonus2,79.5,0.877,1
bonus2,79.5,0.883,1
bonus2,79.5,0.896,2
bonus2,79.5,0.938,1
bonus2,79.5,0.953,1
bonus2,79.5,0.984,1
bonus2,79.6,0.834,1
bonus2,79.6,0.871,1
bonus2,79.6,0.903,1
bonus2,79.6,0.917,1
bonus2,79.6,0.924,1
bonus2,79.7,0.752,1
bonus2,79.7,0.858,1
bonus2,79.7,0.883,1
bonus2,79.7,0.89,1
bonus2,79.7,0.91,1
bonus2,79.7,0.931,1
bonus2,79.7,0.968,2
bonus2,79.8,0.617,1
bonus2,79.8,0.823,1
bonus2,79.8,0.846,1
bonus2,79.8,0.858,4
bonus2,79.8,0.864,1
bonus2,79.8,0.871,2
bonus2,79.8,0.877,1
bonus2,79.8,0.896,1
bonus2,79.8,0.984,2
bonus2,79.9,0.781,1
bonus2,79.9,0.791,1
bonus2,79.9,0.877,2
bonus2,79.9,0.896,1
bonus2,79.9,0.91,1
bonus2,79.9,0.931,2
bonus2,79.9,0.938,2
bonus2,79.9,0.953,1
bonus2,80,0.716,1
bonus2,80,0.807,1
bonus2,80,0.871,2
bonus2,80,0.938,1
bonus2,80,0.953,1
bonus2,80,0.968,1
bonus2,80.1,0.761,1
bonus2,80.1,0.801,1
bonus2,80.1,0.823,1
bonus2,80.1,0.834,2
bonus2,80.1,0.84,1
bonus2,80.1,0.883,1
bonus2,80.1,0.938,1
bonus2,80.1,1,1
bonus2,80.2,0.776,1
bonus2,80.2,0.852,1
bonus2,80.2,0.871,1
bonus2,80.2,0.896,1
bonus2,80.2,0.938,1
bonus2,80.2,0.953,2
bonus2,80.2,0.968,1
bonus2,80.2,0.984,1
bonus2,80.3,0.665,1
bonus2,80.3,0.823,1
bonus2,80.3,0.846,1
bonus2,80.3,0.883,2
bonus2,80.3,0.896,1
bonus2,80.3,0.984,1
bonus2,80.3,1,1
bonus2,80.4,0.801,1
bonus2,80.4,0.823,1
bonus2,80.4,0.846,1
bonus2,80.4,0.871,1
bonus2,80.4,0.91,1
bonus2,80.4,0.938,2
bonus2,80.4,0.984,1
bonus2,80.4,1,1
bonus2,80.5,0.801,1
bonus2,80.5,0.834,1
bonus2,80.5,0.883,1
bonus2,80.5,0.89,1
bonus2,80.5,0.924,1
bonus2,80.5,0.953,2
bonus2,80.6,0.771,1
bonus2,80.6,0.812,1
bonus2,80.6,0.896,1
bonus2,80.6,0.903,1
bonus2,80.6,0.91,1
bonus2,80.7,0.747,1
bonus2,80.7,0.818,1
bonus2,80.7,0.871,2
bonus2,80.7,0.877,1
bonus2,80.7,0.883,2
bonus2,80.7,0.89,1
bonus2,80.7,0.896,1
bonus2,80.7,0.91,3
bonus2,80.7,0.917,1
bonus2,80.7,0.931,1
bonus2,80.7,0.938,1
bonus2,80.8,0.801,1
bonus2,80.8,0.807,1
bonus2,80.8,0.823,1
bonus2,80.8,0.858,1
bonus2,80.8,0.871,1
bonus2,80.8,0.877,1
bonus2,80.8,0.883,1
bonus2,80.8,0.91,1
bonus2,80.8,0.924,1
bonus2,80.8,0.938,2
bonus2,80.8,0.953,2
bonus2,80.8,0.984,1
bonus2,80.8,1,1
bonus2,80.9,0.786,1
bonus2,80.9,0.796,1
bonus2,80.9,0.846,1
bonus2,80.9,0.871,1
bonus2,80.9,0.924,1
bonus2,80.9,0.931,1
bonus2,81,0.733,1
bonus2,81,0.823,2
bonus2,81,0.871,1
bonus2,81,0.89,1
bonus2,81,0.896,1
bonus2,81,0.917,1
bonus2,81,0.953,1
bonus2,81,0.984,1
bonus2,81.1,0.823,1
bonus2,81.1,0.877,1
bonus2,81.1,0.883,1
bonus2,81.1,0.896,1
bonus2,81.1,0.91,1
bonus2,81.1,0.938,1
bonus2,81.1,0.984,1
bonus2,81.2,0.812,1
bonus2,81.2,0.84,1
bonus2,81.2,0.883,2
bonus2,81.2,0.924,1
bonus2,81.2,0.938,2
bonus2,81.3,0.807,1
bonus2,81.3,0.84,1
bonus2,81.3,0.896,1
bonus2,81.3,0.953,1
bonus2,81.3,0.984,1
bonus2,81.4,0.684,1
bonus2,81.4,0.846,2
bonus2,81.4,0.877,1
bonus2,81.4,0.883,1
bonus2,81.4,0.91,1
bonus2,81.4,0.924,1
bonus2,81.4,0.938,1
bonus2,81.4,0.968,3
bonus2,81.4,0.984,1
bonus2,81.5,0.691,1
bonus2,81.5,0.766,1
bonus2,81.5,0.781,1
bonus2,81.5,0.924,1
bonus2,81.5,0.968,1
bonus2,81.6,0.44,1
bonus2,81.6,0.729,1
bonus2,81.6,0.846,1
bonus2,81.6,0.877,1
bonus2,81.6,0.896,1
bonus2,81.6,0.903,1
bonus2,81.6,0.91,1
bonus2,81.6,0.917,1
bonus2,81.6,0.924,1
bonus2,81.6,0.931,1
bonus2,81.6,0.953,1
bonus2,81.7,0.796,1
bonus2,81.7,0.89,1
bonus2,81.7,0.917,2
bonus2,81.7,0.968,2
bonus2,81.8,0.742,1
bonus2,81.8,0.752,1
bonus2,81.8,0.823,1
bonus2,81.8,0.834,2
bonus2,81.8,0.864,1
bonus2,81.8,0.91,1
bonus2,81.8,0.968,1
bonus2,81.8,1,1
bonus2,81.9,0.729,1
bonus2,81.9,0.761,1
bonus2,81.9,0.801,1
bonus2,81.9,0.823,1
bonus2,81.9,0.834,1
bonus2,81.9,0.89,3
bonus2,81.9,0.903,1
bonus2,81.9,0.938,1
bonus2,81.9,0.953,1
bonus2,81.9,0.968,1
bonus2,82,0.812,1
bonus2,82,0.834,1
bonus2,82,0.883,1
bonus2,82,0.91,1
bonus2,82,0.924,1
bonus2,82,0.953,3
bonus2,82,0.968,1
bonus2,82.1,0.691,1
bonus2,82.1,0.781,1
bonus2,82.1,0.823,1
bonus2,82.1,0.834,1
bonus2,82.1,0.846,2
bonus2,82.1,0.858,1
bonus2,82.1,0.877,1
bonus2,82.1,0.896,1
bonus2,82.1,0.924,2
bonus2,82.1,0.938,2
bonus2,82.1,0.953,1
bonus2,82.2,0.676,1
bonus2,82.2,0.771,1
bonus2,82.2,0.834,1
bonus2,82.2,0.871,1
bonus2,82.2,0.883,1
bonus2,82.2,0.931,1
bonus2,82.2,0.984,1
bonus2,82.3,0.801,1
bonus2,82.3,0.834,1
bonus2,82.3,0.858,1
bonus2,82.3,0.864,1
bonus2,82.3,0.871,1
bonus2,82.3,0.89,1
bonus2,82.3,0.91,1
bonus2,82.3,0.938,1
bonus2,82.3,0.968,1
bonus2,82.4,0.665,1
bonus2,82.4,0.807,1
bonus2,82.5,0.791,1
bonus2,82.5,0.834,1
bonus2,82.5,0.846,1
bonus2,82.5,0.858,2
bonus2,82.5,0.871,1
bonus2,82.5,0.883,1
bonus2,82.5,0.91,1
bonus2,82.5,0.984,1
bonus2,82.6,0.858,1
bonus2,82.6,0.896,1
bonus2,82.7,0.742,1
bonus2,82.8,0.903,1
bonus2,82.8,0.91,1
bonus2,82.8,0.917,1
bonus2,82.8,0.984,1
bonus2,82.8,1,1
bonus2,82.9,0.823,1
bonus2,82.9,0.834,2
bonus2,82.9,0.858,1
bonus2,82.9,0.883,1
bonus2,82.9,0.91,1
bonus2,82.9,0.938,2
bonus2,83,0.864,1
bonus2,83,0.871,1
bonus2,83,0.89,1
bonus2,83,0.903,1
bonus2,83,0.938,1
bonus2,83.1,0.771,1
bonus2,83.1,0.852,1
bonus2,83.1,0.91,2
bonus2,83.2,0.852,1
bonus2,83.2,0.858,1
bonus2,83.2,0.877,1
bonus2,83.2,0.896,1
bonus2,83.2,0.968,1
bonus2,83.3,0.742,1
bonus2,83.3,0.771,1
bonus2,83.3,0.791,1
bonus2,83.3,0.796,1
bonus2,83.3,0.846,1
bonus2,83.3,0.883,1
bonus2,83.3,0.896,2
bonus2,83.3,0.91,2
bonus2,83.3,0.968,1
bonus2,83.3,0.984,1
bonus2,83.4,0.786,1
bonus2,83.4,0.84,1
bonus2,83.4,0.858,1
bonus2,83.4,0.877,1
bonus2,83.4,0.917,1
bonus2,83.4,0.931,1
bonus2,83.4,0.984,1
bonus2,83.4,1,1
bonus2,83.5,0.834,1
bonus2,83.5,0.877,1
bonus2,83.5,0.883,1
bonus2,83.5,0.896,1
bonus2,83.5,0.903,1
bonus2,83.5,0.91,3
bonus2,83.5,0.938,1
bonus2,83.6,0.781,1
bonus2,83.6,0.846,1
bonus2,83.6,0.871,1
bonus2,83.6,0.91,1
bonus2,83.6,0.938,1
bonus2,83.7,0.846,1
bonus2,83.7,0.871,1
bonus2,83.7,0.917,1
bonus2,83.8,0.761,1
bonus2,83.8,0.823,1
bonus2,83.8,0.829,1
bonus2,83.8,0.84,1
bonus2,83.8,0.846,1
bonus2,83.8,0.858,1
bonus2,83.8,0.871,1
bonus2,83.8,0.883,1
bonus2,83.8,0.896,2
bonus2,83.8,0.903,1
bonus2,83.8,0.91,1
bonus2,83.8,0.938,1
bonus2,83.9,0.791,2
bonus2,83.9,0.807,1
bonus2,83.9,0.829,1
bonus2,83.9,0.834,1
bonus2,83.9,0.852,1
bonus2,83.9,0.864,1
bonus2,83.9,0.883,1
bonus2,83.9,0.903,1
bonus2,83.9,0.968,2
bonus2,84,0.733,1
bonus2,84,0.791,1
bonus2,84,0.846,1
bonus2,84,0.89,1
bonus2,84,0.896,1
bonus2,84.1,0.846,1
bonus2,84.1,0.91,1
bonus2,84.1,0.924,1
bonus2,84.1,0.953,1
bonus2,84.2,0.742,1
bonus2,84.2,0.791,1
bonus2,84.2,0.871,1
bonus2,84.2,0.877,1
bonus2,84.2,0.896,1
bonus2,84.2,0.924,3
bonus2,84.2,0.938,1
bonus2,84.2,0.984,1
bonus2,84.3,0.896,1
bonus2,84.3,0.91,1
bonus2,84.3,0.931,1
bonus2,84.3,0.968,2
bonus2,84.3,0.984,1
bonus2,84.4,0.752,1
bonus2,84.4,0.807,1
bonus2,84.4,0.852,1
bonus2,84.4,0.864,1
bonus2,84.4,0.871,1
bonus2,84.4,0.896,1
bonus2,84.4,0.924,2
bonus2,84.4,0.938,1
bonus2,84.4,0.953,1
bonus2,84.4,1,1
bonus2,84.5,0.716,1
bonus2,84.5,0.864,1
bonus2,84.5,0.871,1
bonus2,84.5,0.89,1
bonus2,84.5,0.896,2
bonus2,84.5,0.91,2
bonus2,84.5,0.938,1
bonus2,84.5,0.953,1
bonus2,84.5,1,1
bonus2,84.6,0.742,1
bonus2,84.6,0.823,2
bonus2,84.6,0.829,1
bonus2,84.6,0.871,1
bonus2,84.6,0.91,1
bonus2,84.6,0.968,1
bonus2,84.6,1,2
bonus2,84.7,0.877,1
bonus2,84.7,0.896,1
bonus2,84.7,0.91,2
bonus2,84.7,0.938,1
bonus2,84.7,0.953,1
bonus2,84.7,0.984,1
bonus2,84.8,0.786,1
bonus2,84.8,0.823,1
bonus2,84.8,0.858,1
bonus2,84.8,0.89,2
bonus2,84.8,0.896,1
bonus2,84.8,0.968,1
bonus2,84.8,0.984,1
bonus2,84.9,0.823,1
bonus2,84.9,0.846,1
bonus2,84.9,0.883,3
bonus2,84.9,0.896,2
bonus2,84.9,0.968,1
bonus2,85,0.781,1
bonus2,85,0.834,1
bonus2,85,0.846,1
bonus2,85,0.858,2
bonus2,85,0.871,1
bonus2,85,0.883,1
bonus2,85,0.91,1
bonus2,85,0.924,1
bonus2,85,1,1
bonus2,85.1,0.791,2
bonus2,85.1,0.812,1
bonus2,85.1,0.818,1
bonus2,85.1,0.823,2
bonus2,85.1,0.871,1
bonus2,85.1,0.953,1
bonus2,85.1,0.968,1
bonus2,85.1,1,1
bonus2,85.2,0.796,1
bonus2,85.2,0.834,2
bonus2,85.2,0.864,1
bonus2,85.2,0.877,1
bonus2,85.2,0.883,1
bonus2,85.2,0.917,1
bonus2,85.3,0.624,1
bonus2,85.3,0.716,1
bonus2,85.3,0.84,1
bonus2,85.3,0.846,1
bonus2,85.3,0.864,1
bonus2,85.3,0.91,1
bonus2,85.3,0.945,1
bonus2,85.4,0.691,1
bonus2,85.4,0.756,1
bonus2,85.4,0.823,1
bonus2,85.4,0.84,1
bonus2,85.4,0.846,1
bonus2,85.4,0.858,1
bonus2,85.4,0.871,1
bonus2,85.4,0.91,1
bonus2,85.4,0.924,1
bonus2,85.4,0.938,1
bonus2,85.4,0.953,2
bonus2,85.4,0.984,1
bonus2,85.5,0.791,1
bonus2,85.5,0.846,1
bonus2,85.5,0.852,1
bonus2,85.5,0.968,1
bonus2,85.6,0.716,2
bonus2,85.6,0.834,1
bonus2,85.6,0.89,1
bonus2,85.6,0.984,1
bonus2,85.7,0.896,1
bonus2,85.7,0.968,1
bonus2,85.7,1,1
bonus2,85.8,0.708,1
bonus2,85.8,0.858,1
bonus2,85.8,0.864,1
bonus2,85.8,0.871,1
bonus2,85.8,0.883,1
bonus2,85.8,0.91,2
bonus2,85.8,0.917,1
bonus2,85.8,0.968,2
bonus2,85.9,0.781,1
bonus2,85.9,0.812,1
bonus2,85.9,0.883,1
bonus2,85.9,0.903,1
bonus2,85.9,0.953,1
bonus2,85.9,1,1
bonus2,86,0.771,1
bonus2,86,0.818,1
bonus2,86,0.834,1
bonus2,86,0.846,1
bonus2,86,0.877,1
bonus2,86,0.89,1
bonus2,86.1,0.716,1
bonus2,86.1,0.733,1
bonus2,86.1,0.846,2
bonus2,86.1,0.877,2
bonus2,86.1,0.89,1
bonus2,86.1,0.924,1
bonus2,86.1,0.953,1
bonus2,86.2,0.776,1
bonus2,86.2,0.84,1
bonus2,86.2,0.846,1
bonus2,86.2,0.984,1
bonus2,86.3,0.801,1
bonus2,86.3,0.84,1
bonus2,86.3,0.883,1
bonus2,86.3,0.917,1
bonus2,86.3,0.953,1
bonus2,86.4,0.871,1
bonus2,86.4,0.877,1
bonus2,86.5,0.761,1
bonus2,86.5,0.771,1
bonus2,86.5,0.786,1
bonus2,86.5,0.846,1
bonus2,86.5,0.877,1
bonus2,86.5,0.883,1
bonus2,86.5,0.896,1
bonus2,86.5,0.917,1
bonus2,86.5,0.924,1
bonus2,86.5,0.953,1
bonus2,86.6,0.738,1
bonus2,86.6,0.752,1
bonus2,86.6,0.823,1
bonus2,86.6,0.84,1
bonus2,86.6,0.852,1
bonus2,86.6,0.903,1
bonus2,86.6,0.91,1
bonus2,86.6,0.924,1
bonus2,86.6,0.938,1
bonus2,86.6,0.945,1
bonus2,86.6,0.968,1
bonus2,86.6,0.984,1
bonus2,86.7,0.771,1
bonus2,86.7,0.896,1
bonus2,86.7,0.91,1
bonus2,86.7,0.924,1
bonus2,86.7,0.968,1
bonus2,86.8,0.834,1
bonus2,86.8,0.852,1
bonus2,86.8,0.877,1
bonus2,86.8,0.883,1
bonus2,86.8,0.896,3
bonus2,86.8,0.903,1
bonus2,86.8,0.91,1
bonus2,86.8,0.931,1
bonus2,86.8,0.953,2
bonus2,86.9,0.64,1
bonus2,86.9,0.796,1
bonus2,86.9,0.89,2
bonus2,86.9,0.924,1
bonus2,87,0.752,1
bonus2,87,0.864,1
bonus2,87,0.871,1
bonus2,87,0.91,1
bonus2,87,0.917,1
bonus2,87,0.924,1
bonus2,87,0.938,1
bonus2,87,0.953,1
bonus2,87.1,0.781,1
bonus2,87.1,0.807,1
bonus2,87.1,0.834,1
bonus2,87.1,0.846,1
bonus2,87.1,0.871,1
bonus2,87.1,0.896,1
bonus2,87.1,0.968,1
bonus2,87.1,1,2
bonus2,87.2,0.747,1
bonus2,87.2,0.791,1
bonus2,87.2,0.807,1
bonus2,87.2,0.812,1
bonus2,87.2,1,1
bonus2,87.3,0.761,1
bonus2,87.3,0.852,1
bonus2,87.3,0.864,1
bonus2,87.3,0.903,2
bonus2,87.3,0.968,1
bonus2,87.3,1,1
bonus2,87.4,0.72,1
bonus2,87.4,0.752,1
bonus2,87.4,0.834,1
bonus2,87.4,0.846,1
bonus2,87.4,0.852,2
bonus2,87.4,0.871,1
bonus2,87.4,0.877,1
bonus2,87.4,0.903,1
bonus2,87.4,0.91,1
bonus2,87.4,0.968,1
bonus2,87.4,1,3
bonus2,87.5,0.938,1
bonus2,87.6,0.742,1
bonus2,87.6,0.791,1
bonus2,87.6,0.846,1
bonus2,87.6,0.864,1
bonus2,87.6,0.883,3
bonus2,87.6,0.896,1
bonus2,87.6,0.917,1
bonus2,87.6,0.924,1
bonus2,87.6,0.953,1
bonus2,87.6,0.984,3
bonus2,87.7,0.766,1
bonus2,87.7,0.896,3
bonus2,87.7,0.91,1
bonus2,87.7,0.924,2
bonus2,87.7,0.953,1
bonus2,87.7,0.968,1
bonus2,87.7,0.984,1
bonus2,87.8,0.708,1
bonus2,87.8,0.807,1
bonus2,87.8,0.812,1
bonus2,87.8,0.858,1
bonus2,87.8,0.883,1
bonus2,87.8,0.91,1
bonus2,87.8,0.938,3
bonus2,87.8,0.968,1
bonus2,87.9,0.766,1
bonus2,87.9,0.771,1
bonus2,87.9,0.858,1
bonus2,87.9,0.864,1
bonus2,87.9,0.883,1
bonus2,87.9,0.896,1
bonus2,87.9,0.96,1
bonus2,87.9,0.984,1
bonus2,88,0.756,1
bonus2,88,0.796,1
bonus2,88,0.858,1
bonus2,88,0.877,1
bonus2,88,0.883,1
bonus2,88,0.924,3
bonus2,88,0.938,1
bonus2,88.1,0.812,1
bonus2,88.1,0.864,1
bonus2,88.1,0.871,1
bonus2,88.1,0.89,1
bonus2,88.1,0.91,1
bonus2,88.2,0.781,1
bonus2,88.2,0.807,1
bonus2,88.2,0.858,2
bonus2,88.2,0.877,1
bonus2,88.2,0.883,1
bonus2,88.2,0.896,1
bonus2,88.2,0.984,2
bonus2,88.3,0.796,1
bonus2,88.3,0.801,1
bonus2,88.3,0.823,1
bonus2,88.3,0.877,1
bonus2,88.3,0.883,1
bonus2,88.3,0.924,1
bonus2,88.4,0.834,1
bonus2,88.4,0.896,1
bonus2,88.4,0.91,2
bonus2,88.4,0.938,1
bonus2,88.4,0.968,1
bonus2,88.5,0.852,1
bonus2,88.5,0.896,2
bonus2,88.5,0.91,1
bonus2,88.5,0.917,1
bonus2,88.5,0.984,1
bonus2,88.6,0.756,1
bonus2,88.6,0.812,1
bonus2,88.6,0.823,1
bonus2,88.6,0.846,3
bonus2,88.6,0.896,1
bonus2,88.7,0.766,1
bonus2,88.7,0.781,1
bonus2,88.7,0.829,1
bonus2,88.7,0.858,1
bonus2,88.7,0.871,1
bonus2,88.7,0.883,1
bonus2,88.7,0.903,1
bonus2,88.7,0.938,1
bonus2,88.7,0.968,1
bonus2,88.8,0.84,1
bonus2,88.8,0.871,1
bonus2,88.8,0.883,2
bonus2,88.8,0.91,1
bonus2,88.8,0.924,1
bonus2,88.9,0.829,1
bonus2,88.9,0.858,1
bonus2,88.9,0.896,1
bonus2,88.9,0.91,1
bonus2,88.9,0.924,1
bonus2,89,0.807,1
bonus2,89,0.883,1
bonus2,89,0.896,2
bonus2,89,0.924,1
bonus2,89,0.968,1
bonus2,89.1,0.703,1
bonus2,89.1,0.823,1
bonus2,89.1,0.852,1
bonus2,89.1,0.883,1
bonus2,89.1,0.938,1
bonus2,89.1,0.953,1
bonus2,89.1,0.968,1
bonus2,89.1,0.984,1
bonus2,89.2,0.644,1
bonus2,89.2,0.752,1
bonus2,89.2,0.829,1
bonus2,89.2,0.834,1
bonus2,89.2,0.883,1
bonus2,89.2,0.89,2
bonus2,89.2,0.896,1
bonus2,89.2,0.924,1
bonus2,89.2,0.938,1
bonus2,89.2,0.984,1
bonus2,89.3,0.738,1
bonus2,89.3,0.807,1
bonus2,89.3,0.858,1
bonus2,89.3,0.864,1
bonus2,89.3,0.903,1
bonus2,89.3,0.91,1
bonus2,89.3,0.953,1
bonus2,89.4,0.834,2
bonus2,89.4,0.89,1
bonus2,89.4,0.924,1
bonus2,89.4,0.968,1
bonus2,89.5,0.801,1
bonus2,89.5,0.846,1
bonus2,89.5,0.852,1
bonus2,89.5,0.871,1
bonus2,89.5,0.896,1
bonus2,89.5,0.91,1
bonus2,89.5,0.917,1
bonus2,89.5,0.984,1
bonus2,89.6,0.84,1
bonus2,89.6,0.864,1
bonus2,89.6,0.896,3
bonus2,89.6,0.931,1
bonus2,89.6,0.938,1
bonus2,89.6,1,2
bonus2,89.7,0.829,1
bonus2,89.7,0.84,2
bonus2,89.7,0.858,1
bonus2,89.7,0.864,1
bonus2,89.7,0.871,1
bonus2,89.7,0.924,1
bonus2,89.7,0.938,1
bonus2,89.8,0.781,1
bonus2,89.8,0.801,1
bonus2,89.8,0.823,1
bonus2,89.8,0.852,1
bonus2,89.8,0.858,1
bonus2,89.8,0.89,1
bonus2,89.8,0.924,1
bonus2,89.8,0.968,1
bonus2,89.9,0.781,1
bonus2,89.9,0.91,1
bonus2,89.9,0.924,1
bonus2,89.9,1,1
bonus2,90,0.796,1
bonus2,90,0.823,1
bonus2,90,0.858,1
bonus2,90,0.871,1
bonus2,90,0.896,1
bonus2,90,0.91,2
bonus2,90,0.953,1
bonus2,90,0.968,2
bonus2,90.1,0.858,1
bonus2,90.1,0.871,1
bonus2,90.1,0.896,4
bonus2,90.1,0.91,1
bonus2,90.1,0.917,1
bonus2,90.1,0.953,1
bonus2,90.1,1,1
bonus2,90.2,0.84,1
bonus2,90.2,0.864,1
bonus2,90.2,0.924,1
bonus2,90.3,0.84,1
bonus2,90.3,0.846,1
bonus2,90.3,0.896,1
bonus2,90.3,0.984,1
bonus2,90.4,0.669,1
bonus2,90.4,0.761,1
bonus2,90.4,0.871,1
bonus2,90.4,0.883,2
bonus2,90.4,0.896,1
bonus2,90.4,0.968,2
bonus2,90.4,0.984,1
bonus2,90.5,0.796,1
bonus2,90.5,0.834,1
bonus2,90.5,0.871,1
bonus2,90.5,0.896,1
bonus2,90.5,0.968,2
bonus2,90.6,0.771,1
bonus2,90.6,0.812,1
bonus2,90.6,0.846,1
bonus2,90.6,0.864,1
bonus2,90.6,0.871,1
bonus2,90.6,0.91,1
bonus2,90.6,0.924,1
bonus2,90.6,0.953,1
bonus2,90.6,1,1
bonus2,90.7,0.45,1
bonus2,90.7,0.852,1
bonus2,90.7,0.864,1
bonus2,90.7,0.877,1
bonus2,90.7,0.883,1
bonus2,90.7,0.968,1
bonus2,90.8,0.703,1
bonus2,90.8,0.812,1
bonus2,90.8,0.829,1
bonus2,90.8,0.896,1
bonus2,90.8,0.91,1
bonus2,90.9,0.812,1
bonus2,90.9,0.829,1
bonus2,90.9,0.84,1
bonus2,90.9,0.852,1
bonus2,90.9,0.864,1
bonus2,90.9,0.896,1
bonus2,90.9,0.91,1
bonus2,90.9,0.924,2
bonus2,90.9,0.968,1
bonus2,91,0.846,1
bonus2,91,0.883,1
bonus2,91,0.896,2
bonus2,91,0.903,1
bonus2,91,0.924,1
bonus2,91,0.938,1
bonus2,91,0.953,1
bonus2,91,0.968,1
bonus2,91.1,0.708,1
bonus2,91.1,0.771,1
bonus2,91.1,0.823,1
bonus2,91.1,0.896,1
bonus2,91.1,0.924,1
bonus2,91.2,0.761,1
bonus2,91.2,0.781,1
bonus2,91.2,0.834,1
bonus2,91.2,0.864,1
bonus2,91.2,0.871,1
bonus2,91.2,0.89,1
bonus2,91.2,0.903,1
bonus2,91.3,0.791,1
bonus2,91.3,0.834,1
bonus2,91.3,0.896,1
bonus2,91.3,1,1
bonus2,91.4,0.812,1
bonus2,91.4,0.823,1
bonus2,91.4,0.852,1
bonus2,91.4,0.871,2
bonus2,91.4,0.896,1
bonus2,91.4,0.953,2
bonus2,91.4,1,1
bonus2,91.5,0.548,1
bonus2,91.5,0.771,1
bonus2,91.5,0.852,1
bonus2,91.5,0.858,2
bonus2,91.5,0.864,2
bonus2,91.6,0.823,1
bonus2,91.6,0.829,2
bonus2,91.6,0.91,2
bonus2,91.7,0.699,1
bonus2,91.7,0.846,1
bonus2,91.7,0.871,1
bonus2,91.7,0.89,1
bonus2,91.7,0.91,2
bonus2,91.7,0.924,1
bonus2,91.7,0.968,1
bonus2,91.8,0.89,1
bonus2,91.8,0.953,3
bonus2,91.8,1,1
bonus2,91.9,0.896,1
bonus2,92,0.781,2
bonus2,92,0.846,2
bonus2,92,0.89,1
bonus2,92,0.896,1
bonus2,92,1,1
bonus2,92.1,0.781,1
bonus2,92.1,0.791,1
bonus2,92.1,0.858,1
bonus2,92.1,0.896,1
bonus2,92.1,0.91,1
bonus2,92.1,0.984,1
bonus2,92.2,0.776,1
bonus2,92.2,0.807,1
bonus2,92.2,0.858,1
bonus2,92.2,0.89,1
bonus2,92.2,0.903,1
bonus2,92.2,0.917,1
bonus2,92.2,0.984,1
bonus2,92.3,0.834,1
bonus2,92.3,0.89,1
bonus2,92.3,0.903,1
bonus2,92.3,0.938,1
bonus2,92.4,0.791,1
bonus2,92.4,0.812,1
bonus2,92.4,0.871,1
bonus2,92.4,0.953,2
bonus2,92.4,1,1
bonus2,92.5,0.896,1
bonus2,92.5,0.903,1
bonus2,92.5,0.917,1
bonus2,92.5,0.968,1
bonus2,92.6,0.761,1
bonus2,92.6,0.823,1
bonus2,92.6,0.846,1
bonus2,92.6,0.89,1
bonus2,92.6,0.896,1
bonus2,92.6,0.924,1
bonus2,92.6,0.968,1
bonus2,92.6,0.984,1
bonus2,92.7,0.761,1
bonus2,92.7,0.883,1
bonus2,92.7,0.89,1
bonus2,92.7,0.903,1
bonus2,92.7,0.938,1
bonus2,92.8,0.771,1
bonus2,92.8,0.829,1
bonus2,92.8,0.84,1
bonus2,92.8,0.89,1
bonus2,92.8,0.931,1
bonus2,92.9,0.883,1
bonus2,92.9,0.903,1
bonus2,92.9,0.917,2
bonus2,92.9,0.938,1
bonus2,93,0.858,1
bonus2,93,0.896,1
bonus2,93,0.924,2
bonus2,93.1,0.771,1
bonus2,93.1,0.786,1
bonus2,93.1,0.812,1
bonus2,93.1,0.883,1
bonus2,93.1,0.953,1
bonus2,93.1,0.984,1
bonus2,93.2,0.846,1
bonus2,93.2,0.871,1
bonus2,93.2,0.877,1
bonus2,93.2,0.896,1
bonus2,93.2,0.917,1
bonus2,93.2,0.924,2
bonus2,93.3,0.829,1
bonus2,93.3,0.852,1
bonus2,93.3,0.858,1
bonus2,93.3,0.903,1
bonus2,93.3,0.924,1
bonus2,93.3,0.953,1
bonus2,93.3,0.984,1
bonus2,93.4,0.834,1
bonus2,93.4,0.852,1
bonus2,93.4,0.858,1
bonus2,93.4,0.864,1
bonus2,93.4,0.871,1
bonus2,93.4,0.883,1
bonus2,93.4,0.89,1
bonus2,93.4,0.984,1
bonus2,93.5,0.846,1
bonus2,93.5,0.864,1
bonus2,93.5,0.877,1
bonus2,93.5,0.89,1
bonus2,93.5,0.917,1
bonus2,93.5,0.984,1
bonus2,93.5,1,1
bonus2,93.6,0.924,1
bonus2,93.7,0.829,1
bonus2,93.7,0.852,1
bonus2,93.7,0.864,1
bonus2,93.7,0.896,1
bonus2,93.7,0.91,1
bonus2,93.8,0.761,1
bonus2,93.8,0.812,1
bonus2,93.8,0.858,1
bonus2,93.8,0.903,1
bonus2,93.9,0.801,1
bonus2,93.9,0.834,2
bonus2,93.9,0.84,1
bonus2,93.9,0.871,1
bonus2,93.9,0.896,1
bonus2,93.9,0.903,1
bonus2,93.9,0.984,2
bonus2,94,0.647,1
bonus2,94,0.858,1
bonus2,94,0.864,1
bonus2,94,0.953,1
bonus2,94,1,2
bonus2,94.1,0.807,1
bonus2,94.1,0.846,1
bonus2,94.1,0.877,1
bonus2,94.1,0.91,2
bonus2,94.1,0.924,3
bonus2,94.2,0.801,1
bonus2,94.2,0.829,1
bonus2,94.2,0.846,1
bonus2,94.2,0.871,1
bonus2,94.2,0.896,1
bonus2,94.3,0.917,1
bonus2,94.3,0.938,1
bonus2,94.3,0.968,2
bonus2,94.4,0.791,1
bonus2,94.4,0.924,1
bonus2,94.4,0.938,1
bonus2,94.4,0.984,1
bonus2,94.4,1,1
bonus2,94.5,0.858,1
bonus2,94.5,0.883,1
bonus2,94.5,0.924,1
bonus2,94.6,0.729,1
bonus2,94.6,0.781,1
bonus2,94.6,0.883,1
bonus2,94.6,0.896,1
bonus2,94.6,0.924,1
bonus2,94.6,0.953,1
bonus2,94.7,0.852,1
bonus2,94.7,0.858,1
bonus2,94.7,0.968,1
bonus2,94.8,0.801,1
bonus2,94.8,0.818,1
bonus2,94.8,0.852,1
bonus2,94.8,0.858,1
bonus2,94.8,0.864,1
bonus2,94.8,0.883,1
bonus2,94.8,0.896,1
bonus2,94.8,0.938,1
bonus2,94.9,0.877,1
bonus2,94.9,0.883,1
bonus2,94.9,0.896,1
bonus2,95,0.829,1
bonus2,95,0.903,1
bonus2,95,0.917,1
bonus2,95.1,0.621,1
bonus2,95.1,0.725,1
bonus2,95.1,0.834,1
bonus2,95.1,0.846,1
bonus2,95.1,0.883,1
bonus2,95.1,0.896,1
bonus2,95.1,0.91,2
bonus2,95.1,0.968,2
bonus2,95.1,1,1
bonus2,95.2,0.834,1
bonus2,95.2,0.84,1
bonus2,95.2,0.852,1
bonus2,95.2,0.858,1
bonus2,95.2,0.89,1
bonus2,95.2,0.896,1
bonus2,95.2,0.924,1
bonus2,95.3,0.752,1
bonus2,95.3,0.791,1
bonus2,95.3,0.834,1
bonus2,95.3,0.91,1
bonus2,95.3,0.924,1
bonus2,95.3,0.953,1
bonus2,95.3,0.984,2
bonus2,95.4,0.846,1
bonus2,95.4,0.883,1
bonus2,95.4,0.91,1
bonus2,95.4,0.968,1
bonus2,95.4,1,1
bonus2,95.5,0.883,1
bonus2,95.5,0.896,1
bonus2,95.5,0.924,1
bonus2,95.6,0.801,1
bonus2,95.6,0.823,1
bonus2,95.6,0.871,1
bonus2,95.6,0.91,1
bonus2,95.6,0.938,1
bonus2,95.6,0.984,1
bonus2,95.7,0.752,1
bonus2,95.7,0.771,2
bonus2,95.7,0.968,1
bonus2,95.8,0.725,1
bonus2,95.8,0.812,1
bonus2,95.8,0.871,1
bonus2,95.8,0.91,1
bonus2,95.8,0.924,1
bonus2,95.8,0.953,1
bonus2,95.9,0.761,1
bonus2,95.9,0.871,1
bonus2,96,0.729,1
bonus2,96,0.761,1
bonus2,96,0.834,1
bonus2,96,0.91,2
bonus2,96,0.938,1
bonus2,96,1,1
bonus2,96.1,0.829,1
bonus2,96.1,0.834,1
bonus2,96.1,0.846,1
bonus2,96.1,0.864,1
bonus2,96.1,0.89,1
bonus2,96.1,0.903,1
bonus2,96.1,0.938,1
bonus2,96.1,0.953,1
bonus2,96.2,0.791,1
bonus2,96.2,0.818,1
bonus2,96.2,0.829,1
bonus2,96.2,0.938,1
bonus2,96.2,0.968,1
bonus2,96.3,0.834,1
bonus2,96.3,0.858,1
bonus2,96.3,0.924,1
bonus2,96.3,0.938,1
bonus2,96.4,0.834,1
bonus2,96.4,0.852,1
bonus2,96.4,0.858,1
bonus2,96.4,0.938,1
bonus2,96.4,0.953,1
bonus2,96.5,0.903,1
bonus2,96.5,0.924,1
bonus2,96.5,0.938,1
bonus2,96.5,0.968,1
bonus2,96.6,0.877,1
bonus2,96.6,0.89,1
bonus2,96.7,0.579,1
bonus2,96.7,0.729,1
bonus2,96.7,0.807,1
bonus2,96.7,0.858,1
bonus2,96.7,0.871,1
bonus2,96.7,0.953,2
bonus2,96.7,0.968,1
bonus2,96.7,1,1
bonus2,96.8,1,1
bonus2,96.9,0.781,1
bonus2,96.9,0.829,1
bonus2,96.9,0.864,1
bonus2,96.9,0.871,1
bonus2,96.9,0.931,1
bonus2,97,0.766,1
bonus2,97,0.818,1
bonus2,97,0.931,1
bonus2,97,0.938,3
bonus2,97.1,0.823,1
bonus2,97.1,0.864,1
bonus2,97.1,0.871,1
bonus2,97.1,0.883,1
bonus2,97.1,0.91,1
bonus2,97.1,0.931,1
bonus2,97.1,0.953,1
bonus2,97.2,0.858,1
bonus2,97.2,0.883,1
bonus2,97.2,0.924,1
bonus2,97.2,0.931,1
bonus2,97.3,0.812,1
bonus2,97.3,0.823,1
bonus2,97.3,0.852,1
bonus2,97.3,0.953,1
bonus2,97.3,0.984,1
bonus2,97.4,0.852,1
bonus2,97.4,0.871,1
bonus2,97.4,0.953,1
bonus2,97.5,0.877,1
bonus2,97.5,0.883,1
bonus2,97.5,0.924,1
bonus2,97.5,0.938,1
bonus2,97.5,0.953,1
bonus2,97.5,0.984,1
bonus2,97.6,0.858,1
bonus2,97.6,0.883,1
bonus2,97.6,0.896,1
bonus2,97.6,0.91,1
bonus2,97.6,0.924,1
bonus2,97.6,1,2
bonus2,97.7,0.829,1
bonus2,97.7,0.846,1
bonus2,97.7,0.864,2
bonus2,97.7,0.953,1
bonus2,97.8,0.766,1
bonus2,97.8,0.812,1
bonus2,97.8,0.931,1
bonus2,97.9,0.733,1
bonus2,97.9,0.84,1
bonus2,97.9,0.864,1
bonus2,97.9,0.896,1
bonus2,97.9,0.938,1
bonus2,98,0.834,1
bonus2,98,0.84,1
bonus2,98,0.896,1
bonus2,98,0.953,2
bonus2,98.1,0.699,1
bonus2,98.1,0.823,1
bonus2,98.1,0.896,2
bonus2,98.1,0.91,1
bonus2,98.1,0.953,1
bonus2,98.2,0.729,1
bonus2,98.2,0.781,1
bonus2,98.2,0.883,1
bonus2,98.2,0.91,1
bonus2,98.2,0.953,1
bonus2,98.2,0.968,1
bonus2,98.2,1,1
bonus2,98.3,0.807,1
bonus2,98.3,0.834,1
bonus2,98.3,0.89,1
bonus2,98.3,0.938,1
bonus2,98.4,0.553,1
bonus2,98.4,0.791,1
bonus2,98.4,0.818,1
bonus2,98.4,0.846,1
bonus2,98.4,0.89,1
bonus2,98.4,0.896,1
bonus2,98.4,0.91,1
bonus2,98.4,0.938,1
bonus2,98.5,0.801,1
bonus2,98.5,0.864,1
bonus2,98.5,0.883,1
bonus2,98.5,0.89,1
bonus2,98.5,0.91,1
bonus2,98.5,0.924,1
bonus2,98.5,0.938,1
bonus2,98.6,0.651,1
bonus2,98.6,0.84,1
bonus2,98.6,0.91,1
bonus2,98.6,0.968,1
bonus2,98.7,0.852,1
bonus2,98.7,0.864,1
bonus2,98.7,0.871,2
bonus2,98.7,0.917,1
bonus2,98.7,0.938,1
bonus2,98.7,0.953,2
bonus2,98.7,1,1
bonus2,98.8,0.781,1
bonus2,98.8,0.852,1
bonus2,98.8,0.858,1
bonus2,98.8,0.871,1
bonus2,98.8,0.877,1
bonus2,98.8,0.917,2
bonus2,98.8,0.931,1
bonus2,98.8,0.938,2
bonus2,98.8,0.968,1
bonus2,98.9,0.829,1
bonus2,98.9,0.846,1
bonus2,98.9,0.91,1
bonus2,98.9,0.953,1
bonus2,99,0.766,1
bonus2,99,0.864,1
bonus2,99,0.896,1
bonus2,99.1,0.852,1
bonus2,99.1,0.864,1
bonus2,99.2,0.801,1
bonus2,99.2,0.924,1
bonus2,99.2,1,1
bonus2,99.3,0.846,1
bonus2,99.3,0.877,1
bonus2,99.3,0.896,1
bonus2,99.3,0.903,1
bonus2,99.3,0.968,1
bonus2,99.4,0.781,1
bonus2,99.4,0.812,1
bonus2,99.4,0.883,1
bonus2,99.4,0.903,1
bonus2,99.4,0.91,1
bonus2,99.4,0.938,1
bonus2,99.4,0.953,1
bonus2,99.4,0.968,1
bonus2,99.5,0.786,1
bonus2,99.5,0.852,1
bonus2,99.5,0.91,2
bonus2,99.6,0.823,1
bonus2,99.6,0.852,1
bonus2,99.6,0.89,1
bonus2,99.6,0.917,1
bonus2,99.6,0.968,1
bonus2,99.7,0.834,1
bonus2,99.7,0.858,2
bonus2,99.7,0.924,1
bonus2,99.7,0.931,1
bonus2,99.7,0.938,1
bonus2,99.7,0.945,1
bonus2,99.7,0.953,2
bonus2,99.8,0.846,1
bonus2,99.8,0.91,1
bonus2,99.8,1,1
bonus2,99.9,0.883,1
bonus2,100,0.801,1
bonus2,100,0.903,2
bonus2,100,0.924,1
bonus2,100,0.938,1
bonus2,100,0.953,3
bonus2,100,0.968,2
bonus2,100.1,0.91,2
bonus2,100.1,0.938,1
bonus2,100.1,0.968,1
bonus2,100.1,1,1
bonus2,100.2,0.752,1
bonus2,100.2,0.846,1
bonus2,100.2,0.871,1
bonus2,100.2,0.903,1
bonus2,100.2,0.91,2
bonus2,100.2,0.924,1
bonus2,100.2,0.953,1
bonus2,100.2,0.984,1
bonus2,100.3,0.801,1
bonus2,100.3,0.812,1
bonus2,100.3,0.89,1
bonus2,100.3,0.903,3
bonus2,100.3,0.953,1
bonus2,100.4,0.761,1
bonus2,100.4,0.883,1
bonus2,100.4,0.896,1
bonus2,100.4,0.953,1
bonus2,100.5,0.818,1
bonus2,100.5,0.834,1
bonus2,100.5,0.858,1
bonus2,100.5,0.871,1
bonus2,100.5,0.91,1
bonus2,100.5,0.924,1
bonus2,100.5,0.953,1
bonus2,100.6,0.72,1
bonus2,100.6,0.823,1
bonus2,100.6,0.834,1
bonus2,100.6,0.852,1
bonus2,100.6,0.871,1
bonus2,100.6,0.877,1
bonus2,100.6,0.91,1
bonus2,100.6,0.924,1
bonus2,100.7,0.877,1
bonus2,100.7,0.945,1
bonus2,100.8,0.864,1
bonus2,100.8,0.896,1
bonus2,100.8,0.953,1
bonus2,100.9,0.823,1
bonus2,100.9,0.917,1
bonus2,100.9,0.924,1
bonus2,100.9,0.984,1
bonus2,101,0.846,1
bonus2,101,0.858,1
bonus2,101,0.89,1
bonus2,101,0.91,1
bonus2,101,0.938,1
bonus2,101,0.984,1
bonus2,101.1,0.699,1
bonus2,101.1,0.896,1
bonus2,101.1,0.91,2
bonus2,101.1,0.953,1
bonus2,101.1,0.984,1
bonus2,101.2,0.829,1
bonus2,101.2,0.84,1
bonus2,101.2,0.858,1
bonus2,101.2,0.871,1
bonus2,101.2,0.91,1
bonus2,101.2,0.945,1
bonus2,101.3,0.786,1
bonus2,101.3,0.834,1
bonus2,101.3,0.846,2
bonus2,101.3,0.858,1
bonus2,101.3,0.938,2
bonus2,101.3,0.953,1
bonus2,101.4,0.858,1
bonus2,101.4,0.877,1
bonus2,101.4,0.917,1
bonus2,101.4,0.953,1
bonus2,101.4,0.968,1
bonus2,101.5,0.871,1
bonus2,101.5,0.877,1
bonus2,101.5,0.89,1
bonus2,101.5,0.938,2
bonus2,101.5,0.953,1
bonus2,101.5,0.984,2
bonus2,101.6,0.796,1
bonus2,101.6,0.807,1
bonus2,101.6,0.812,1
bonus2,101.6,0.818,1
bonus2,101.6,0.846,1
bonus2,101.6,0.953,1
bonus2,101.6,0.984,1
bonus2,101.7,0.602,1
bonus2,101.7,0.791,1
bonus2,101.7,0.823,1
bonus2,101.7,0.871,1
bonus2,101.7,0.896,1
bonus2,101.7,0.938,1
bonus2,101.7,0.953,1
bonus2,101.8,0.781,1
bonus2,101.8,0.812,1
bonus2,101.8,0.924,1
bonus2,101.9,0.738,1
bonus2,101.9,0.807,1
bonus2,101.9,0.812,1
bonus2,101.9,0.896,1
bonus2,101.9,0.938,1
bonus2,102,0.852,1
bonus2,102,0.917,1
bonus2,102,0.968,1
bonus2,102.1,0.791,1
bonus2,102.1,0.829,1
bonus2,102.1,0.846,1
bonus2,102.1,0.877,1
bonus2,102.1,0.896,1
bonus2,102.1,0.924,2
bonus2,102.2,0.834,1
bonus2,102.2,0.846,1
bonus2,102.2,0.852,1
bonus2,102.2,0.871,1
bonus2,102.2,0.877,1
bonus2,102.2,0.903,1
bonus2,102.3,0.776,1
bonus2,102.3,0.823,1
bonus2,102.3,0.829,2
bonus2,102.3,0.852,1
bonus2,102.3,0.896,1
bonus2,102.3,0.91,1
bonus2,102.4,0.791,1
bonus2,102.4,0.834,1
bonus2,102.5,0.776,1
bonus2,102.5,0.823,1
bonus2,102.5,0.89,1
bonus2,102.5,0.984,1
bonus2,102.6,0.781,1
bonus2,102.6,0.871,1
bonus2,102.6,0.953,1
bonus2,102.6,0.968,2
bonus2,102.6,0.984,1
bonus2,102.7,0.747,1
bonus2,102.7,0.791,1
bonus2,102.7,0.858,2
bonus2,102.7,0.91,1
bonus2,102.7,0.917,1
bonus2,102.7,0.924,1
bonus2,102.8,0.776,1
bonus2,102.8,0.781,1
bonus2,102.8,0.791,1
bonus2,102.8,0.834,1
bonus2,102.8,0.846,1
bonus2,102.8,0.852,1
bonus2,102.8,0.883,1
bonus2,102.8,0.89,1
bonus2,102.8,0.896,1
bonus2,102.8,0.91,1
bonus2,102.9,0.84,1
bonus2,102.9,0.877,1
bonus2,102.9,0.896,1
bonus2,102.9,0.938,1
bonus2,102.9,0.953,2
bonus2,103,0.812,1
bonus2,103,0.871,2
bonus2,103,0.924,1
bonus2,103,0.938,1
bonus2,103,0.953,1
bonus2,103,0.968,1
bonus2,103.1,0.903,1
bonus2,103.1,0.924,1
bonus2,103.1,0.968,2
bonus2,103.2,0.883,1
bonus2,103.2,0.91,2
bonus2,103.2,0.924,1
bonus2,103.3,0.846,1
bonus2,103.3,0.858,1
bonus2,103.3,0.883,1
bonus2,103.3,0.938,1
bonus2,103.4,0.931,1
bonus2,103.5,0.834,1
bonus2,103.5,0.896,1
bonus2,103.5,0.91,1
bonus2,103.6,0.818,1
bonus2,103.6,0.858,1
bonus2,103.6,0.896,1
bonus2,103.6,0.91,1
bonus2,103.6,0.924,1
bonus2,103.6,0.938,1
bonus2,103.7,0.796,1
bonus2,103.8,0.858,1
bonus2,103.9,0.791,1
bonus2,103.9,0.852,1
bonus2,103.9,0.938,1
bonus2,103.9,0.984,1
bonus2,104,0.781,1
bonus2,104.1,0.924,1
bonus2,104.1,0.938,1
bonus2,104.1,0.968,2
bonus2,104.2,0.931,1
bonus2,104.2,0.953,1
bonus2,104.2,0.968,1
bonus2,104.3,0.761,1
bonus2,104.3,0.896,1
bonus2,104.3,0.924,1
bonus2,104.3,0.968,1
bonus2,104.4,0.896,1
bonus2,104.4,0.953,1
bonus2,104.4,0.984,1
bonus2,104.5,0.812,1
bonus2,104.5,0.84,1
bonus2,104.5,0.846,1
bonus2,104.5,0.917,2
bonus2,104.5,0.968,2
bonus2,104.5,0.984,1
bonus2,104.6,0.691,1
bonus2,104.6,0.953,1
bonus2,104.7,0.699,1
bonus2,104.7,0.791,1
bonus2,104.7,0.829,1
bonus2,104.7,0.858,2
bonus2,104.7,0.984,1
bonus2,104.8,0.823,1
bonus2,104.8,0.896,1
bonus2,104.8,0.903,1
bonus2,104.8,0.953,2
bonus2,104.8,0.968,1
bonus2,104.8,1,1
bonus2,104.9,0.672,1
bonus2,104.9,0.858,1
bonus2,104.9,0.953,1
bonus2,105,0.712,1
bonus2,105,0.742,1
bonus2,105,0.834,1
bonus2,105,0.858,1
bonus2,105,0.924,1
bonus2,105,1,1
bonus2,105.1,0.64,1
bonus2,105.1,0.864,1
bonus2,105.1,0.871,1
bonus2,105.1,0.883,1
bonus2,105.1,0.896,1
bonus2,105.1,0.91,1
bonus2,105.1,0.968,1
bonus2,105.2,0.818,1
bonus2,105.2,0.858,1
bonus2,105.2,0.931,1
bonus2,105.2,0.938,1
bonus2,105.2,0.984,1
bonus2,105.3,0.786,1
bonus2,105.3,0.823,1
bonus2,105.3,0.871,1
bonus2,105.3,0.903,1
bonus2,105.3,0.953,1
bonus2,105.4,0.752,1
bonus2,105.4,0.823,1
bonus2,105.4,0.89,1
bonus2,105.4,0.896,1
bonus2,105.4,0.938,1
bonus2,105.4,0.968,1
bonus2,105.4,0.984,2
bonus2,105.5,0.896,1
bonus2,105.5,0.984,1
bonus2,105.6,0.807,1
bonus2,105.6,0.834,1
bonus2,105.6,0.852,1
bonus2,105.6,0.877,1
bonus2,105.7,0.818,1
bonus2,105.7,0.883,1
bonus2,105.7,0.968,1
bonus2,105.7,0.984,1
bonus2,105.7,1,1
bonus2,105.8,0.84,1
bonus2,105.8,0.953,1
bonus2,105.8,0.984,1
bonus2,105.9,0.852,1
bonus2,106,0.716,1
bonus2,106,0.846,1
bonus2,106,0.89,1
bonus2,106,0.984,1
bonus2,106.1,0.834,1
bonus2,106.1,0.871,1
bonus2,106.2,0.791,1
bonus2,106.2,0.883,1
bonus2,106.2,0.968,1
bonus2,106.3,0.801,1
bonus2,106.3,0.852,1
bonus2,106.3,0.896,1
bonus2,106.3,0.917,1
bonus2,106.3,0.968,1
bonus2,106.4,0.812,1
bonus2,106.4,0.858,1
bonus2,106.4,0.871,1
bonus2,106.4,0.953,1
bonus2,106.4,0.984,1
bonus2,106.5,0.84,1
bonus2,106.6,0.823,1
bonus2,106.6,0.834,1
bonus2,106.6,0.938,2
bonus2,106.6,0.984,1
bonus2,106.7,0.699,1
bonus2,106.7,0.846,1
bonus2,106.7,0.864,1
bonus2,106.7,0.871,1
bonus2,106.8,0.871,1
bonus2,106.8,0.896,1
bonus2,106.8,0.924,1
bonus2,106.8,0.968,2
bonus2,106.9,0.871,1
bonus2,106.9,0.938,1
bonus2,106.9,0.968,1
bonus2,106.9,0.984,1
bonus2,107,0.729,1
bonus2,107,0.846,1
bonus2,107,0.877,1
bonus2,107,0.924,1
bonus2,107,0.931,2
bonus2,107,0.984,1
bonus2,107.1,0.786,1
bonus2,107.1,0.968,1
bonus2,107.2,0.738,1
bonus2,107.2,0.818,1
bonus2,107.2,0.834,1
bonus2,107.2,0.903,1
bonus2,107.2,0.924,1
bonus2,107.2,0.938,1
bonus2,107.3,0.846,1
bonus2,107.3,0.858,1
bonus2,107.3,0.864,1
bonus2,107.3,0.871,1
bonus2,107.3,0.91,1
bonus2,107.3,0.938,1
bonus2,107.3,1,1
bonus2,107.4,0.829,1
bonus2,107.4,0.883,1
bonus2,107.5,0.858,1
bonus2,107.5,0.938,1
bonus2,107.5,0.968,1
bonus2,107.5,0.984,1
bonus2,107.6,0.812,1
bonus2,107.6,1,1
bonus2,107.7,0.676,1
bonus2,107.7,0.712,1
bonus2,107.7,0.883,1
bonus2,107.7,0.91,2
bonus2,107.7,0.953,1
bonus2,107.8,0.771,1
bonus2,107.8,0.938,1
bonus2,107.9,0.829,1
bonus2,107.9,0.877,1
bonus2,107.9,0.91,1
bonus2,107.9,0.953,1
bonus2,107.9,0.968,2
bonus2,108,0.896,1
bonus2,108.1,0.812,1
bonus2,108.1,0.823,1
bonus2,108.1,0.968,1
bonus2,108.2,0.791,1
bonus2,108.2,0.883,1
bonus2,108.2,0.896,1
bonus2,108.2,0.953,1
bonus2,108.3,0.771,1
bonus2,108.3,0.801,1
bonus2,108.3,0.858,1
bonus2,108.3,0.917,1
bonus2,108.4,0.699,1
bonus2,108.4,0.801,1
bonus2,108.4,0.834,1
bonus2,108.4,0.858,1
bonus2,108.4,0.89,1
bonus2,108.4,0.938,1
bonus2,108.4,0.968,1
bonus2,108.5,0.829,1
bonus2,108.6,1,1
bonus2,108.7,0.812,1
bonus2,108.7,0.871,1
bonus2,108.8,0.818,1
bonus2,108.8,0.877,1
bonus2,108.8,0.896,1
bonus2,108.8,0.953,1
bonus2,108.9,0.883,1
bonus2,108.9,0.924,1
bonus2,108.9,1,1
bonus2,109,0.968,1
bonus2,109.1,0.781,1
bonus2,109.1,0.858,1
bonus2,109.1,0.877,1
bonus2,109.1,0.89,1
bonus2,109.1,0.903,1
bonus2,109.1,0.91,3
bonus2,109.2,0.738,1
bonus2,109.2,0.858,1
bonus2,109.2,0.864,1
bonus2,109.2,0.938,1
bonus2,109.3,0.89,1
bonus2,109.3,0.91,1
bonus2,109.3,0.938,1
bonus2,109.3,0.968,1
bonus2,109.4,0.883,2
bonus2,109.4,0.91,1
bonus2,109.5,0.781,1
bonus2,109.5,0.812,1
bonus2,109.5,0.871,2
bonus2,109.5,0.931,1
bonus2,109.5,0.945,1
bonus2,109.5,0.953,1
bonus2,109.6,0.852,1
bonus2,109.6,0.883,2
bonus2,109.6,0.91,1
bonus2,109.7,0.938,1
bonus2,109.8,0.858,1
bonus2,109.8,0.924,1
bonus2,109.8,1,1
bonus2,109.9,0.896,1
bonus2,109.9,0.924,1
bonus2,109.9,0.953,1
bonus2,110,0.91,1
bonus2,110,1,1
bonus2,110.1,0.761,1
bonus2,110.1,0.781,1
bonus2,110.1,0.858,1
bonus2,110.1,0.91,1
bonus2,110.1,0.938,1
bonus2,110.1,0.953,1
bonus2,110.1,0.984,1
bonus2,110.2,0.791,1
bonus2,110.2,0.858,1
bonus2,110.2,0.89,1
bonus2,110.2,0.896,1
bonus2,110.3,0.796,1
bonus2,110.3,0.89,1
bonus2,110.3,0.924,1
bonus2,110.4,0.781,1
bonus2,110.4,0.846,1
bonus2,110.4,0.883,2
bonus2,110.5,0.829,1
bonus2,110.5,0.896,4
bonus2,110.5,0.91,1
bonus2,110.5,0.917,1
bonus2,110.5,0.924,1
bonus2,110.6,0.84,1
bonus2,110.6,0.938,1
bonus2,110.6,0.968,1
bonus2,110.6,0.984,1
bonus2,110.7,0.752,1
bonus2,110.7,0.858,1
bonus2,110.7,0.938,1
bonus2,110.8,0.818,1
bonus2,110.8,0.858,1
bonus2,110.8,0.953,1
bonus2,110.9,0.593,1
bonus2,110.9,0.84,1
bonus2,110.9,0.871,1
bonus2,111,0.818,1
bonus2,111,0.871,1
bonus2,111,0.89,1
bonus2,111,1,1
bonus2,111.1,0.725,1
bonus2,111.1,0.864,1
bonus2,111.1,0.883,1
bonus2,111.1,0.953,1
bonus2,111.2,0.858,1
bonus2,111.2,0.917,1
bonus2,111.3,0.781,1
bonus2,111.3,0.807,1
bonus2,111.3,0.877,1
bonus2,111.3,0.917,1
bonus2,111.4,0.896,1
bonus2,111.4,0.953,1
bonus2,111.4,1,1
bonus2,111.5,0.781,1
bonus2,111.5,0.858,2
bonus2,111.5,0.871,1
bonus2,111.5,0.938,1
bonus2,111.5,0.953,1
bonus2,111.5,0.968,1
bonus2,111.6,0.807,1
bonus2,111.6,0.871,1
bonus2,111.6,0.968,1
bonus2,111.7,0.781,1
bonus2,111.7,0.846,1
bonus2,111.7,0.938,1
bonus2,111.7,0.984,1
bonus2,111.8,0.938,1
bonus2,111.8,0.968,1
bonus2,111.9,0.931,1
bonus2,111.9,0.984,1
bonus2,112,0.968,1
bonus2,112.1,0.871,1
bonus2,112.1,0.896,1
bonus2,112.1,0.968,1
bonus2,112.2,0.871,1
bonus2,112.2,0.89,1
bonus2,112.2,0.896,2
bonus2,112.2,0.924,1
bonus2,112.2,0.938,1
bonus2,112.2,0.968,1
bonus2,112.3,0.834,1
bonus2,112.3,0.896,1
bonus2,112.3,0.91,1
bonus2,112.4,0.896,1
bonus2,112.4,0.953,1
bonus2,112.4,0.968,2
bonus2,112.5,0.733,1
bonus2,112.5,0.877,1
bonus2,112.5,0.896,1
bonus2,112.5,0.917,1
bonus2,112.5,0.924,1
bonus2,112.5,0.953,1
bonus2,112.6,0.812,1
bonus2,112.6,0.864,2
bonus2,112.6,0.953,1
bonus2,112.7,0.812,1
bonus2,112.7,0.818,1
bonus2,112.7,0.883,1
bonus2,112.7,0.89,1
bonus2,112.8,0.931,1
bonus2,112.8,0.938,1
bonus2,112.9,0.871,1
bonus2,112.9,0.91,2
bonus2,112.9,0.953,2
bonus2,113,0.846,1
bonus2,113,0.896,2
bonus2,113,0.91,1
bonus2,113,0.984,1
bonus2,113.1,0.823,1
bonus2,113.1,0.883,1
bonus2,113.2,0.823,1
bonus2,113.2,0.938,1
bonus2,113.2,0.968,2
bonus2,113.3,0.776,1
bonus2,113.3,0.834,1
bonus2,113.3,0.896,1
bonus2,113.3,0.917,1
bonus2,113.4,0.945,1
bonus2,113.5,0.725,1
bonus2,113.5,0.852,1
bonus2,113.5,0.871,1
bonus2,113.5,0.89,1
bonus2,113.5,0.924,1
bonus2,113.5,0.953,1
bonus2,113.5,0.968,1
bonus2,113.5,1,1
bonus2,113.6,0.691,1
bonus2,113.6,0.796,1
bonus2,113.6,0.864,1
bonus2,113.6,0.903,1
bonus2,113.6,0.924,1
bonus2,113.6,0.931,1
bonus2,113.6,0.984,1
bonus2,113.7,0.611,1
bonus2,113.7,0.883,1
bonus2,113.7,0.953,1
bonus2,113.7,1,1
bonus2,113.8,0.729,1
bonus2,113.8,0.852,1
bonus2,113.9,0.742,1
bonus2,113.9,0.91,1
bonus2,113.9,0.924,1
bonus2,113.9,0.938,1
bonus2,114,0.846,1
bonus2,114,0.931,1
bonus2,114,0.984,1
bonus2,114.2,0.883,1
bonus2,114.2,0.917,1
bonus2,114.2,1,1
bonus2,114.3,0.716,1
bonus2,114.3,0.761,1
bonus2,114.3,0.812,1
bonus2,114.3,0.818,1
bonus2,114.3,0.903,1
bonus2,114.3,0.91,1
bonus2,114.3,0.917,1
bonus2,114.3,0.938,1
bonus2,114.3,1,2
bonus2,114.4,0.91,1
bonus2,114.4,0.984,1
bonus2,114.5,0.708,1
bonus2,114.5,0.89,1
bonus2,114.5,0.91,1
bonus2,114.6,0.924,1
bonus2,114.6,0.938,2
bonus2,114.6,0.984,2
bonus2,114.7,0.708,1
bonus2,114.7,0.871,2
bonus2,114.7,0.883,1
bonus2,114.7,0.953,1
bonus2,114.8,0.725,1
bonus2,114.8,0.771,1
bonus2,114.8,0.858,1
bonus2,114.9,0.871,1
bonus2,114.9,0.883,1
bonus2,114.9,0.924,1
bonus2,114.9,0.938,1
bonus2,114.9,0.984,1
bonus2,115,0.695,1
bonus2,115,0.91,1
bonus2,115,0.984,1
bonus2,115.1,0.781,1
bonus2,115.1,0.896,1
bonus2,115.1,0.924,1
bonus2,115.1,0.938,1
bonus2,115.2,0.791,1
bonus2,115.2,0.91,2
bonus2,115.3,0.846,1
bonus2,115.3,0.984,1
bonus2,115.4,0.968,2
bonus2,115.5,0.834,1
bonus2,115.6,1,1
bonus2,115.7,0.984,1
bonus2,115.8,0.968,1
bonus2,115.9,0.771,1
bonus2,116,0.818,1
bonus2,116,0.864,1
bonus2,116,0.877,1
bonus2,116,0.91,1
bonus2,116,0.924,1
bonus2,116,0.953,1
bonus2,116.1,0.858,1
bonus2,116.2,0.812,1
bonus2,116.2,0.871,1
bonus2,116.2,0.896,1
bonus2,116.2,0.903,2
bonus2,116.3,0.776,1
bonus2,116.3,0.823,1
bonus2,116.3,0.924,1
bonus2,116.3,0.953,1
bonus2,116.4,0.968,1
bonus2,116.4,1,1
bonus2,116.5,0.712,1
bonus2,116.5,0.812,1
bonus2,116.5,0.89,1
bonus2,116.5,0.903,1
bonus2,116.5,0.938,1
bonus2,116.6,0.84,1
bonus2,116.6,0.871,1
bonus2,116.6,0.883,1
bonus2,116.6,0.91,1
bonus2,116.6,0.984,1
bonus2,116.7,0.776,1
bonus2,116.7,0.896,1
bonus2,116.7,0.924,1
bonus2,116.7,0.953,1
bonus2,116.7,0.984,1
bonus2,116.7,1,1
bonus2,116.8,0.877,2
bonus2,116.8,0.89,1
bonus2,116.9,0.738,1
bonus2,116.9,0.852,1
bonus2,116.9,0.924,1
bonus2,116.9,0.938,1
bonus2,116.9,0.968,1
bonus2,117,0.807,1
bonus2,117,0.834,1
bonus2,117,0.846,1
bonus2,117,0.931,1
bonus2,117,0.938,1
bonus2,117.1,0.84,2
bonus2,117.1,0.871,1
bonus2,117.1,0.924,1
bonus2,117.2,0.917,1
bonus2,117.2,0.924,1
bonus2,117.3,0.801,1
bonus2,117.3,0.807,1
bonus2,117.3,0.871,1
bonus2,117.3,0.917,1
bonus2,117.3,0.931,1
bonus2,117.4,0.858,1
bonus2,117.4,0.924,1
bonus2,117.4,0.984,1
bonus2,117.4,1,2
bonus2,117.5,0.756,1
bonus2,117.5,0.796,2
bonus2,117.5,0.807,1
bonus2,117.5,0.938,1
bonus2,117.5,0.953,1
bonus2,117.6,0.852,1
bonus2,117.6,0.883,1
bonus2,117.6,0.931,1
bonus2,117.6,0.984,1
bonus2,117.7,0.781,1
bonus2,117.7,0.84,1
bonus2,117.7,0.858,1
bonus2,117.7,0.896,1
bonus2,117.7,0.924,1
bonus2,117.8,0.917,1
bonus2,117.8,0.924,1
bonus2,117.8,0.953,1
bonus2,117.9,0.818,1
bonus2,117.9,0.823,1
bonus2,117.9,0.896,1
bonus2,117.9,0.924,1
bonus2,118,0.738,1
bonus2,118,0.846,1
bonus2,118,0.877,1
bonus2,118.1,0.771,1
bonus2,118.1,0.852,1
bonus2,118.1,0.858,1
bonus2,118.2,0.858,1
bonus2,118.2,0.896,1
bonus2,118.2,0.91,1
bonus2,118.3,0.752,1
bonus2,118.3,0.917,1
bonus2,118.3,0.931,1
bonus2,118.4,0.823,1
bonus2,118.6,0.776,1
bonus2,118.7,0.812,1
bonus2,118.7,0.896,1
bonus2,118.7,0.953,1
bonus2,118.7,0.984,1
bonus2,118.8,0.733,1
bonus2,118.8,0.858,1
bonus2,118.8,0.871,1
bonus2,118.8,0.896,1
bonus2,118.9,0.786,1
bonus2,118.9,0.883,1
bonus2,118.9,0.984,1
bonus2,119,0.846,1
bonus2,119.1,0.968,1
bonus2,119.1,1,2
bonus2,119.2,0.89,1
bonus2,119.2,0.917,1
bonus2,119.2,0.924,1
bonus2,119.2,0.931,1
bonus2,119.2,0.968,1
bonus2,119.2,1,1
bonus2,119.3,0.834,2
bonus2,119.3,0.924,1
bonus2,119.3,0.953,1
bonus2,119.4,0.791,1
bonus2,119.4,0.968,1
bonus2,119.4,0.984,1
bonus2,119.5,0.766,1
bonus2,119.5,0.984,1
bonus2,119.7,0.812,2
bonus2,119.7,0.823,1
bonus2,119.7,0.858,1
bonus2,119.7,0.871,1
bonus2,119.7,0.877,1
bonus2,119.7,0.91,1
bonus2,119.7,0.931,1
bonus2,119.7,0.984,1
bonus2,119.9,0.812,1
bonus2,119.9,0.877,1
bonus2,119.9,0.924,1
bonus2,119.9,0.938,1
bonus2,119.9,0.984,1
bonus2,120,0.968,1
bonus2,120.1,0.871,1
bonus2,120.2,0.771,1
bonus2,120.2,0.984,1
bonus2,120.3,0.858,1
bonus2,120.4,0.776,1
bonus2,120.4,0.846,2
bonus2,120.4,0.852,1
bonus2,120.4,0.931,1
bonus2,120.4,0.953,1
bonus2,120.5,0.708,1
bonus2,120.5,0.761,1
bonus2,120.5,0.801,1
bonus2,120.5,0.877,1
bonus2,120.5,0.883,1
bonus2,120.6,0.665,1
bonus2,120.6,0.796,1
bonus2,120.6,0.834,1
bonus2,120.6,0.883,1
bonus2,120.6,0.89,1
bonus2,120.6,0.91,2
bonus2,120.6,0.953,1
bonus2,120.7,0.699,1
bonus2,120.7,0.871,1
bonus2,120.7,0.896,1
bonus2,120.7,0.924,2
bonus2,120.8,0.733,1
bonus2,120.8,0.858,1
bonus2,120.9,0.771,1
bonus2,120.9,0.786,1
bonus2,120.9,0.883,1
bonus2,120.9,0.89,2
bonus2,120.9,0.91,1
bonus2,120.9,0.968,1
bonus2,121,0.858,1
bonus2,121,0.883,2
bonus2,121,0.896,1
bonus2,121,0.91,1
bonus2,121,0.931,1
bonus2,121.1,0.968,3
bonus2,121.2,0.89,1
bonus2,121.3,0.747,1
bonus2,121.3,0.818,1
bonus2,121.3,0.91,1
bonus2,121.3,0.968,1
bonus2,121.3,0.984,1
bonus2,121.4,0.781,1
bonus2,121.4,0.938,1
bonus2,121.4,1,1
bonus2,121.5,0.752,1
bonus2,121.5,0.924,1
bonus2,121.5,0.953,1
bonus2,121.6,0.733,1
bonus2,121.6,0.823,1
bonus2,121.6,0.896,1
bonus2,121.6,0.91,1
bonus2,121.6,0.984,1
bonus2,121.6,1,1
bonus2,121.7,0.829,1
bonus2,121.7,0.871,1
bonus2,121.7,0.924,2
bonus2,121.7,0.984,1
bonus2,121.8,0.968,1
bonus2,121.9,0.823,1
bonus2,121.9,0.852,1
bonus2,121.9,0.953,3
bonus2,122,0.858,1
bonus2,122,0.903,1
bonus2,122,0.91,1
bonus2,122,0.938,1
bonus2,122.1,0.953,1
bonus2,122.1,0.984,1
bonus2,122.1,1,1
bonus2,122.2,0.858,1
bonus2,122.2,0.917,1
bonus2,122.2,0.938,1
bonus2,122.3,0.89,1
bonus2,122.4,0.91,1
bonus2,122.5,0.89,1
bonus2,122.5,0.924,1
bonus2,122.5,0.968,1
bonus2,122.6,0.984,1
bonus2,122.7,0.91,1
bonus2,122.8,0.786,1
bonus2,122.8,0.871,1
bonus2,122.9,0.818,1
bonus2,122.9,0.896,1
bonus2,122.9,0.968,1
bonus2,122.9,0.984,1
bonus2,123.1,0.883,1
bonus2,123.1,1,2
bonus2,123.2,0.781,1
bonus2,123.2,0.938,1
bonus2,123.3,0.864,1
bonus2,123.3,0.883,1
bonus2,123.4,0.812,1
bonus2,123.4,0.871,1
bonus2,123.4,0.883,1
bonus2,123.4,0.91,1
bonus2,123.4,0.931,1
bonus2,123.4,0.984,1
bonus2,123.5,0.796,1
bonus2,123.5,0.812,1
bonus2,123.5,0.871,1
bonus2,123.5,0.968,1
bonus2,123.5,0.984,1
bonus2,123.6,0.938,1
bonus2,123.7,0.781,1
bonus2,123.7,0.938,1
bonus2,123.8,0.846,1
bonus2,123.8,0.858,1
bonus2,123.8,0.871,1
bonus2,123.8,0.883,1
bonus2,123.8,0.91,1
bonus2,123.8,0.984,1
bonus2,123.9,0.858,1
bonus2,123.9,0.917,1
bonus2,123.9,0.924,1
bonus2,123.9,0.968,1
bonus2,124,0.883,1
bonus2,124,0.903,1
bonus2,124,1,1
bonus2,124.1,0.968,1
bonus2,124.1,0.984,1
bonus2,124.2,0.968,1
bonus2,124.3,0.877,1
bonus2,124.3,0.896,2
bonus2,124.4,0.801,1
bonus2,124.4,0.953,1
bonus2,124.4,0.984,1
bonus2,124.4,1,1
bonus2,124.5,0.791,1
bonus2,124.5,0.852,1
bonus2,124.5,0.89,1
bonus2,124.5,0.924,1
bonus2,124.5,0.968,1
bonus2,124.6,0.877,1
bonus2,124.6,0.968,1
bonus2,124.7,0.791,1
bonus2,124.7,0.924,3
bonus2,124.7,0.953,2
bonus2,124.8,0.834,1
bonus2,124.8,0.931,1
bonus2,124.8,1,1
bonus2,124.9,0.703,1
bonus2,125,0.858,1
bonus2,125,0.953,1
bonus2,125,1,1
bonus2,125.1,0.968,1
bonus2,125.2,0.812,1
bonus2,125.2,0.896,1
bonus2,125.3,0.72,1
bonus2,125.3,0.834,1
bonus2,125.3,0.858,1
bonus2,125.3,0.953,1
bonus2,125.4,0.938,1
bonus2,125.5,0.871,1
bonus2,125.5,0.938,2
bonus2,125.6,0.752,1
bonus2,125.7,0.924,1
bonus2,125.8,0.852,1
bonus2,125.9,0.852,1
bonus2,126,0.761,1
bonus2,126,0.91,1
bonus2,126,0.984,1
bonus2,126.1,0.896,1
bonus2,126.1,0.924,1
bonus2,126.1,0.968,1
bonus2,126.2,0.829,1
bonus2,126.2,0.917,1
bonus2,126.3,0.84,1
bonus2,126.3,0.896,1
bonus2,126.3,0.984,1
bonus2,126.4,0.896,1
bonus2,126.5,1,1
bonus2,126.6,0.712,1
bonus2,126.6,0.752,1
bonus2,126.6,0.871,1
bonus2,126.6,0.924,2
bonus2,126.8,0.924,2
bonus2,126.9,0.781,1
bonus2,126.9,0.812,1
bonus2,126.9,0.823,1
bonus2,126.9,0.846,1
bonus2,127,0.801,1
bonus2,127,0.871,1
bonus2,127,0.953,1
bonus2,127,0.968,1
bonus2,127,0.984,2
bonus2,127.1,0.776,1
bonus2,127.1,0.871,1
bonus2,127.1,0.883,1
bonus2,127.2,0.846,1
bonus2,127.2,0.91,1
bonus2,127.3,0.858,1
bonus2,127.3,0.924,2
bonus2,127.4,0.791,1
bonus2,127.4,0.812,1
bonus2,127.4,0.896,1
bonus2,127.4,0.984,1
bonus2,127.5,0.761,1
bonus2,127.5,0.953,1
bonus2,127.6,0.903,1
bonus2,127.7,0.801,1
bonus2,127.7,0.834,1
bonus2,127.7,0.924,1
bonus2,127.7,1,1
bonus2,127.8,0.716,1
bonus2,127.8,0.786,1
bonus2,127.8,0.871,1
bonus2,127.8,0.968,1
bonus2,127.8,0.984,1
bonus2,127.9,1,1
bonus2,128,0.791,1
bonus2,128,0.823,1
bonus2,128,0.834,1
bonus2,128.1,0.858,1
bonus2,128.1,0.89,1
bonus2,128.1,0.896,1
bonus2,128.1,0.953,1
bonus2,128.2,0.883,1
bonus2,128.2,0.953,1
bonus2,128.3,0.742,1
bonus2,128.3,0.812,1
bonus2,128.3,0.924,1
bonus2,128.3,0.931,1
bonus2,128.3,0.953,1
bonus2,128.4,0.84,1
bonus2,128.4,0.877,1
bonus2,128.5,0.883,1
bonus2,128.5,1,1
bonus2,128.7,0.834,1
bonus2,128.8,0.752,1
bonus2,128.8,0.924,1
bonus2,128.8,0.984,1
bonus2,128.9,0.676,1
bonus2,128.9,0.858,1
bonus2,129,0.871,1
bonus2,129.1,0.801,1
bonus2,129.1,0.896,1
bonus2,129.1,0.91,1
bonus2,129.1,0.924,1
bonus2,129.1,0.953,1
bonus2,129.1,0.968,1
bonus2,129.2,0.84,1
bonus2,129.2,0.953,1
bonus2,129.2,1,1
bonus2,129.3,0.968,1
bonus2,129.4,0.953,1
bonus2,129.5,0.896,1
bonus2,129.5,0.984,1
bonus2,129.6,0.864,1
bonus2,129.6,0.871,1
bonus2,129.6,0.924,2
bonus2,129.6,0.968,1
bonus2,129.6,1,1
bonus2,129.7,0.771,1
bonus2,129.7,0.883,1
bonus2,129.8,0.84,1
bonus2,129.8,0.858,1
bonus2,129.8,0.896,1
bonus2,129.9,0.938,1
bonus2,130,0.761,1
bonus2,130.1,0.742,1
bonus2,130.1,0.883,1
bonus2,130.1,0.91,1
bonus2,130.1,0.938,1
bonus2,130.2,0.823,1
bonus2,130.2,0.883,1
bonus2,130.2,0.968,1
bonus2,130.3,0.776,1
bonus2,130.3,0.791,1
bonus2,130.3,0.834,1
bonus2,130.4,0.984,1
bonus2,130.5,0.91,1
bonus2,130.6,0.786,1
bonus2,130.7,0.984,1
bonus2,130.7,1,1
bonus2,130.8,0.752,1
bonus2,130.8,0.791,1
bonus2,130.8,0.858,1
bonus2,130.8,0.903,1
bonus2,130.8,0.917,1
bonus2,130.9,0.823,1
bonus2,130.9,0.864,1
bonus2,130.9,0.877,1
bonus2,130.9,0.953,1
bonus2,131,0.796,1
bonus2,131,0.871,1
bonus2,131,0.877,1
bonus2,131,0.968,1
bonus2,131.1,0.733,1
bonus2,131.1,0.823,1
bonus2,131.1,0.834,1
bonus2,131.1,0.89,1
bonus2,131.1,0.953,1
bonus2,131.1,0.968,1
bonus2,131.3,0.877,1
bonus2,131.3,0.938,2
bonus2,131.5,0.903,1
bonus2,131.5,0.968,1
bonus2,131.6,0.823,1
bonus2,131.6,0.953,1
bonus2,131.6,0.968,1
bonus2,131.7,0.684,1
bonus2,131.7,0.829,1
bonus2,131.7,0.953,1
bonus2,131.7,0.968,1
bonus2,131.8,0.852,1
bonus2,131.9,0.791,1
bonus2,131.9,0.834,1
bonus2,131.9,0.883,1
bonus2,131.9,0.91,1
bonus2,132,0.676,1
bonus2,132,0.771,1
bonus2,132.1,0.871,1
bonus2,132.1,0.903,1
bonus2,132.1,1,1
bonus2,132.2,0.846,1
bonus2,132.2,0.984,1
bonus2,132.2,1,1
bonus2,132.3,0.858,1
bonus2,132.3,0.864,1
bonus2,132.3,0.883,1
bonus2,132.3,0.896,1
bonus2,132.4,0.917,1
bonus2,132.5,0.896,1
bonus2,132.6,0.877,1
bonus2,132.6,1,3
bonus2,132.7,0.796,2
bonus2,132.7,0.858,1
bonus2,132.7,0.938,1
bonus2,132.8,0.883,1
bonus2,132.8,1,1
bonus2,132.9,0.931,1
bonus2,133,0.846,1
bonus2,133,0.877,1
bonus2,133,0.953,1
bonus2,133,0.984,1
bonus2,133.1,0.834,1
bonus2,133.2,0.917,1
bonus2,133.3,0.781,1
bonus2,133.3,0.846,1
bonus2,133.3,0.91,1
bonus2,133.3,0.968,1
bonus2,133.4,0.807,1
bonus2,133.4,0.852,2
bonus2,133.4,0.871,1
bonus2,133.4,1,1
bonus2,133.5,0.823,1
bonus2,133.5,0.852,1
bonus2,133.6,0.871,1
bonus2,133.6,0.883,1
bonus2,133.6,0.896,2
bonus2,133.6,1,1
bonus2,133.8,0.858,1
bonus2,133.8,0.864,1
bonus2,133.8,0.984,1
bonus2,133.8,1,2
bonus2,133.9,0.938,1
bonus2,133.9,0.968,2
bonus2,134,0.801,1
bonus2,134,0.812,1
bonus2,134,0.871,1
bonus2,134,0.931,1
bonus2,134.1,0.852,1
bonus2,134.1,0.91,1
bonus2,134.1,0.924,1
bonus2,134.2,0.684,1
bonus2,134.2,0.91,1
bonus2,134.2,1,1
bonus2,134.3,0.858,1
bonus2,134.3,0.903,1
bonus2,134.3,0.938,1
bonus2,134.4,1,1
bonus2,134.5,0.953,1
bonus2,134.6,0.834,1
bonus2,134.6,0.858,1
bonus2,134.6,0.871,1
bonus2,134.7,0.852,1
bonus2,134.7,0.903,1
bonus2,134.7,0.924,1
bonus2,134.9,0.858,1
bonus2,135,0.858,1
bonus2,135,0.938,1
bonus2,135,0.984,2
bonus2,135.1,0.823,1
bonus2,135.1,0.852,1
bonus2,135.1,0.938,1
bonus2,135.1,0.984,1
bonus2,135.2,0.984,1
bonus2,135.3,0.791,1
bonus2,135.3,0.823,1
bonus2,135.3,0.924,1
bonus2,135.4,0.742,1
bonus2,135.4,0.834,1
bonus2,135.5,0.801,1
bonus2,135.6,0.786,1
bonus2,135.6,0.871,1
bonus2,135.6,0.968,1
bonus2,135.7,0.883,1
bonus2,135.7,0.91,1
bonus2,135.7,0.924,1
bonus2,135.8,0.938,1
bonus2,135.9,0.781,1
bonus2,136,0.846,1
bonus2,136,0.91,1
bonus2,136,0.953,1
bonus2,136,0.984,1
bonus2,136.1,0.883,1
bonus2,136.1,0.903,1
bonus2,136.2,0.968,1
bonus2,136.3,0.712,1
bonus2,136.3,0.91,1
bonus2,136.4,0.84,1
bonus2,136.4,0.924,1
bonus2,136.5,0.883,1
bonus2,136.5,0.984,1
bonus2,136.6,0.924,1
bonus2,136.6,0.984,1
bonus2,136.7,0.984,1
bonus2,136.8,0.852,1
bonus2,136.8,0.883,1
bonus2,136.8,1,1
bonus2,136.9,0.823,1
bonus2,136.9,0.953,1
bonus2,137,0.605,1
bonus2,137,1,1
bonus2,137.1,0.829,1
bonus2,137.1,0.858,1
bonus2,137.2,0.924,1
bonus2,137.3,0.968,1
bonus2,137.3,1,1
bonus2,137.4,0.871,1
bonus2,137.5,0.984,1
bonus2,137.6,0.871,2
bonus2,137.6,0.91,1
bonus2,137.7,0.752,1
bonus2,137.8,0.846,1
bonus2,138,0.953,1
bonus2,138.1,0.781,1
bonus2,138.1,0.823,1
bonus2,138.2,0.852,1
bonus2,138.2,0.877,1
bonus2,138.2,0.883,1
bonus2,138.3,0.938,1
bonus2,138.4,0.84,1
bonus2,138.4,0.89,1
bonus2,138.4,0.896,1
bonus2,138.5,0.91,1
bonus2,138.5,0.917,1
bonus2,138.5,0.924,1
bonus2,138.5,0.938,1
bonus2,138.6,0.752,1
bonus2,138.6,0.938,1
bonus2,138.8,0.953,1
bonus2,138.9,0.846,1
bonus2,138.9,0.896,1
bonus2,139,0.791,1
bonus2,139,0.968,1
bonus2,139.1,0.801,1
bonus2,139.1,0.896,2
bonus2,139.1,0.903,1
bonus2,139.2,0.823,1
bonus2,139.2,0.846,1
bonus2,139.2,0.883,1
bonus2,139.2,0.903,1
bonus2,139.3,0.91,1
bonus2,139.3,0.984,1
bonus2,139.4,0.776,1
bonus2,139.4,0.877,1
bonus2,139.4,0.968,1
bonus2,139.4,1,1
bonus2,139.5,0.864,1
bonus2,139.5,0.883,1
bonus2,139.6,0.938,1
bonus2,139.6,0.984,1
bonus2,139.7,0.91,1
bonus2,139.7,0.945,1
bonus2,139.8,0.812,1
bonus2,139.8,0.968,1
bonus2,139.9,0.738,1
bonus2,139.9,0.852,1
bonus2,140,0.917,1
bonus2,140.1,0.91,1
bonus2,140.1,0.917,1
bonus2,140.1,0.984,1
bonus2,140.3,0.654,1
bonus2,140.3,0.823,1
bonus2,140.3,0.91,1
bonus2,140.4,0.729,1
bonus2,140.7,0.938,1
bonus2,140.7,0.953,1
bonus2,140.8,0.761,1
bonus2,140.8,0.781,1
bonus2,140.8,0.834,2
bonus2,140.8,0.91,1
bonus2,140.9,0.812,1
bonus2,140.9,0.924,1
bonus2,140.9,0.953,1
bonus2,140.9,1,1
bonus2,141,0.858,1
bonus2,141,0.903,1
bonus2,141,0.91,1
bonus2,141.1,0.968,1
bonus2,141.2,0.738,1
bonus2,141.3,0.924,1
bonus2,141.5,0.864,1
bonus2,141.5,0.877,1
bonus2,141.6,0.883,3
bonus2,141.6,0.89,1
bonus2,141.7,0.896,1
bonus2,141.7,0.953,1
bonus2,141.8,0.807,1
bonus2,141.8,0.896,2
bonus2,141.9,0.846,1
bonus2,141.9,0.938,1
bonus2,142,0.614,1
bonus2,142,0.91,1
bonus2,142.1,0.796,1
bonus2,142.1,0.84,1
bonus2,142.1,0.968,1
bonus2,142.2,0.852,1
bonus2,142.2,0.877,1
bonus2,142.2,0.924,1
bonus2,142.2,0.953,1
bonus2,142.2,1,1
bonus2,142.3,0.801,1
bonus2,142.4,0.791,1
bonus2,142.4,0.801,1
bonus2,142.4,0.823,1
bonus2,142.4,0.924,1
bonus2,142.4,1,1
bonus2,142.5,0.691,1
bonus2,142.5,0.829,1
bonus2,142.5,0.883,1
bonus2,142.5,0.953,1
bonus2,142.6,0.852,1
bonus2,142.6,0.968,1
bonus2,142.7,0.756,1
bonus2,142.7,0.903,1
bonus2,142.7,0.953,1
bonus2,142.9,0.864,1
bonus2,142.9,0.89,1
bonus2,142.9,0.984,1
bonus2,143.1,0.781,1
bonus2,143.1,0.858,1
bonus2,143.2,0.846,1
bonus2,143.3,0.89,1
bonus2,143.4,0.924,2
bonus2,143.5,0.883,1
bonus2,143.5,0.938,2
bonus2,143.5,0.984,1
bonus2,143.6,0.801,1
bonus2,143.6,0.968,1
bonus2,143.7,0.676,1
bonus2,143.8,0.984,1
bonus2,143.9,0.771,1
bonus2,143.9,0.829,1
bonus2,143.9,0.953,1
bonus2,144,0.834,1
bonus2,144.1,0.924,1
bonus2,144.1,0.938,1
bonus2,144.2,0.771,1
bonus2,144.2,0.823,1
bonus2,144.2,0.917,1
bonus2,144.2,1,2
bonus2,144.3,0.742,1
bonus2,144.3,0.84,1
bonus2,144.3,0.953,1
bonus2,144.4,0.984,1
bonus2,144.5,0.896,1
bonus2,144.6,0.742,1
bonus2,144.6,0.776,1
bonus2,144.6,0.846,1
bonus2,144.6,0.953,1
bonus2,144.7,0.846,1
bonus2,144.8,0.883,1
bonus2,144.8,0.953,1
bonus2,144.9,0.931,1
bonus2,145,0.917,1
bonus2,145.1,0.864,1
bonus2,145.3,0.871,1
bonus2,145.3,0.945,1
bonus2,145.3,0.984,1
bonus2,145.4,0.91,1
bonus2,145.5,0.846,1
bonus2,145.5,0.984,1
bonus2,145.6,0.953,1
bonus2,145.6,1,1
bonus2,145.7,0.896,1
bonus2,145.8,0.931,1
bonus2,145.8,0.938,1
bonus2,145.9,0.89,1
bonus2,145.9,0.91,1
bonus2,145.9,0.984,1
bonus2,145.9,1,1
bonus2,146,0.953,1
bonus2,146.1,0.91,1
bonus2,146.3,0.89,1
bonus2,146.3,0.896,1
bonus2,146.4,0.823,1
bonus2,146.4,0.953,1
bonus2,146.4,1,1
bonus2,146.7,0.91,1
bonus2,146.8,0.896,1
bonus2,146.8,0.917,1
bonus2,146.8,0.953,1
bonus2,146.9,0.742,1
bonus2,146.9,0.771,1
bonus2,146.9,0.818,1
bonus2,146.9,0.924,1
bonus2,147,0.858,1
bonus2,147.1,0.846,1
bonus2,147.1,0.858,1
bonus2,147.1,0.896,1
bonus2,147.3,0.852,1
bonus2,147.3,0.858,1
bonus2,147.3,0.938,1
bonus2,147.5,0.896,1
bonus2,147.5,0.903,1
bonus2,147.6,0.786,1
bonus2,147.6,0.903,1
bonus2,147.6,0.953,2
bonus2,147.7,0.953,1
bonus2,147.8,0.89,1
bonus2,147.8,0.984,1
bonus2,147.9,0.742,1
bonus2,147.9,0.761,1
bonus2,147.9,0.864,1
bonus2,147.9,0.938,1
bonus2,147.9,0.953,1
bonus2,148,0.883,1
bonus2,148,0.89,1
bonus2,148,0.896,1
bonus2,148,0.953,1
bonus2,148,1,1
bonus2,148.1,0.733,1
bonus2,148.1,0.846,1
bonus2,148.1,0.984,1
bonus2,148.5,0.877,1
bonus2,148.5,0.968,2
bonus2,148.6,0.984,1
bonus2,148.7,0.896,1
bonus2,148.7,0.924,1
bonus2,148.7,0.953,1
bonus2,148.8,0.858,1
bonus2,148.8,0.91,1
bonus2,148.8,1,1
bonus2,148.9,0.953,1
bonus2,149,0.984,1
bonus2,149.1,0.846,1
bonus2,149.1,0.871,1
bonus2,149.2,0.864,1
bonus2,149.3,0.801,1
bonus2,149.3,0.896,1
bonus2,149.4,0.91,1
bonus2,149.5,0.871,1
bonus2,149.5,0.953,2
bonus2,149.6,1,1
bonus2,149.9,0.823,1
bonus2,149.9,0.903,1
bonus2,149.9,0.953,1
bonus2,150,0.883,1
bonus2,150.1,0.834,1
bonus2,150.2,0.801,1
bonus2,150.4,0.846,1
bonus2,150.4,0.864,1
bonus2,150.4,0.938,1
bonus2,150.5,0.883,1
bonus2,150.5,0.953,1
bonus2,150.6,0.733,1
bonus2,150.6,0.786,1
bonus2,150.6,0.953,1
bonus2,150.7,0.984,1
bonus2,150.8,0.699,1
bonus2,150.8,0.834,1
bonus2,150.9,0.846,1
bonus2,150.9,0.91,1
bonus2,150.9,0.938,1
bonus2,151,0.729,1
bonus2,151.1,0.823,1
bonus2,151.1,0.829,1
bonus2,151.1,0.883,1
bonus2,151.1,0.924,1
bonus2,151.1,0.953,1
bonus2,151.3,0.852,1
bonus2,151.3,0.858,1
bonus2,151.3,0.953,1
bonus2,151.3,0.968,1
bonus2,151.3,1,1
bonus2,151.5,0.801,1
bonus2,151.5,0.883,1
bonus2,151.5,0.896,1
bonus2,151.5,0.945,1
bonus2,151.6,0.801,1
bonus2,151.6,0.846,1
bonus2,151.6,0.968,1
bonus2,151.6,0.984,1
bonus2,151.7,0.896,1
bonus2,151.8,0.91,1
bonus2,151.9,0.953,1
bonus2,151.9,0.984,1
bonus2,152,0.786,1
bonus2,152,0.864,1
bonus2,152.1,0.834,1
bonus2,152.1,0.877,1
bonus2,152.1,0.903,1
bonus2,152.2,0.669,1
bonus2,152.2,0.786,1
bonus2,152.2,0.924,1
bonus2,152.3,0.91,1
bonus2,152.3,0.917,1
bonus2,152.3,0.924,1
bonus2,152.4,0.771,1
bonus2,152.4,0.829,1
bonus2,152.4,0.953,1
bonus2,152.5,0.871,1
bonus2,152.5,0.953,1
bonus2,152.6,0.984,1
bonus2,152.7,0.968,1
bonus2,152.8,0.896,1
bonus2,152.9,0.846,1
bonus2,152.9,0.858,1
bonus2,153,0.852,1
bonus2,153,0.968,1
bonus2,153.1,0.91,1
bonus2,153.2,0.781,1
bonus2,153.4,0.896,1
bonus2,153.4,0.91,1
bonus2,153.5,0.883,1
bonus2,153.8,0.89,1
bonus2,153.9,0.812,1
bonus2,153.9,0.84,1
bonus2,153.9,0.896,1
bonus2,154.2,0.637,1
bonus2,154.2,0.877,1
bonus2,154.2,1,1
bonus2,154.3,0.883,1
bonus2,154.3,0.953,1
bonus2,154.4,0.807,1
bonus2,154.4,0.864,1
bonus2,154.5,0.953,1
bonus2,154.6,0.791,1
bonus2,154.6,0.89,1
bonus2,154.6,0.91,1
bonus2,154.6,0.938,1
bonus2,154.7,0.877,1
bonus2,154.7,0.883,1
bonus2,154.7,0.953,1
bonus2,154.9,0.877,1
bonus2,154.9,0.938,1
bonus2,155,0.858,1
bonus2,155,0.896,1
bonus2,155.2,0.953,1
bonus2,155.2,0.984,1
bonus2,155.3,0.733,1
bonus2,155.3,0.968,1
bonus2,155.4,0.852,1
bonus2,155.4,1,2
bonus2,155.7,1,1
bonus2,155.8,0.953,1
bonus2,155.9,0.953,1
bonus2,156,0.858,1
bonus2,156,0.968,1
bonus2,156.1,0.84,1
bonus2,156.2,0.829,1
bonus2,156.2,0.938,1
bonus2,156.2,1,1
bonus2,156.4,0.801,1
bonus2,156.4,0.91,1
bonus2,156.5,0.953,1
bonus2,156.7,0.807,1
bonus2,156.8,0.91,1
bonus2,156.8,0.924,1
bonus2,157,0.738,1
bonus2,157.1,0.896,1
bonus2,157.3,0.752,1
bonus2,157.4,0.742,1
bonus2,157.4,1,1
bonus2,157.5,0.89,1
bonus2,157.6,0.818,1
bonus2,157.6,0.984,1
bonus2,157.8,0.91,1
bonus2,157.9,0.791,1
bonus2,158,0.883,1
bonus2,158.1,0.91,1
bonus2,158.1,0.968,1
bonus2,158.2,0.883,2
bonus2,158.2,0.91,1
bonus2,158.2,0.984,1
bonus2,158.3,0.852,1
bonus2,158.3,0.871,1
bonus2,158.3,0.877,1
bonus2,158.4,0.953,1
bonus2,158.5,0.968,1
bonus2,158.5,0.984,1
bonus2,158.6,0.871,1
bonus2,158.6,0.883,1
bonus2,158.6,0.896,1
bonus2,158.7,0.761,1
bonus2,158.9,0.691,1
bonus2,158.9,0.938,1
bonus2,159.1,0.924,1
bonus2,159.2,0.852,1
bonus2,159.2,0.883,1
bonus2,159.2,0.91,1
bonus2,159.2,1,1
bonus2,159.3,0.924,1
bonus2,159.3,0.968,1
bonus2,159.4,0.846,1
bonus2,159.4,0.924,1
bonus2,159.5,0.91,1
bonus2,159.6,0.823,1
bonus2,159.6,0.829,1
bonus2,159.7,0.883,1
bonus2,159.7,0.953,1
bonus2,159.8,0.829,1
bonus2,159.8,0.938,1
bonus2,159.9,0.864,1
bonus2,160,0.796,1
bonus2,160,0.953,1
bonus2,160.1,0.823,1
bonus2,160.1,0.84,1
bonus2,160.2,0.708,1
bonus2,160.2,0.968,1
bonus2,160.5,0.807,1
bonus2,160.5,0.968,2
bonus2,160.6,0.871,1
bonus2,160.6,0.931,1
bonus2,160.7,0.877,1
bonus2,160.7,0.953,1
bonus2,160.8,0.852,1
bonus2,160.8,0.871,1
bonus2,160.9,0.924,3
bonus2,161.2,0.984,1
bonus2,161.3,0.968,1
bonus2,161.4,0.807,1
bonus2,161.6,0.984,1
bonus2,161.8,0.829,1
bonus2,161.8,0.864,1
bonus2,161.8,0.91,1
bonus2,162,0.864,1
bonus2,162,0.938,1
bonus2,162.1,0.984,1
bonus2,162.2,0.91,1
bonus2,162.4,0.89,1
bonus2,162.5,0.796,1
bonus2,162.5,0.883,1
bonus2,162.6,0.91,1
bonus2,162.6,0.953,1
bonus2,162.7,0.823,1
bonus2,163,0.852,1
bonus2,163,0.938,1
bonus2,163.1,0.84,1
bonus2,163.2,0.91,1
bonus2,163.3,0.858,1
bonus2,163.4,0.771,1
bonus2,163.5,0.858,1
bonus2,163.5,0.938,1
bonus2,163.7,0.716,1
bonus2,163.7,0.903,1
bonus2,163.7,0.924,1
bonus2,163.8,0.812,1
bonus2,164,0.858,1
bonus2,164.2,0.953,1
bonus2,164.4,0.984,1
bonus2,164.5,0.834,1
bonus2,164.6,0.596,1
bonus2,164.6,0.776,1
bonus2,164.6,0.864,1
bonus2,164.7,0.852,1
bonus2,164.7,0.953,1
bonus2,164.8,0.871,1
bonus2,164.8,0.877,1
bonus2,164.9,0.938,1
bonus2,164.9,0.968,1
bonus2,165,0.89,1
bonus2,165.1,0.858,1
bonus2,165.2,0.858,1
bonus2,165.3,0.917,1
bonus2,165.3,0.938,1
bonus2,165.9,0.846,1
bonus2,165.9,0.896,1
bonus2,166,0.984,1
bonus2,166.6,0.883,1
bonus2,166.6,0.924,1
bonus2,166.6,0.953,1
bonus2,166.9,0.846,1
bonus2,167.1,0.883,1
bonus2,167.1,0.896,1
bonus2,167.1,0.924,1
bonus2,167.4,0.91,2
bonus2,167.6,0.781,1
bonus2,167.7,0.903,1
bonus2,167.8,0.968,1
bonus2,167.9,0.924,1
bonus2,168,0.823,1
bonus2,168.2,1,1
bonus2,168.4,0.903,1
bonus2,168.4,0.938,1
bonus2,168.4,1,1
bonus2,168.5,0.883,1
bonus2,168.5,0.924,1
bonus2,168.5,0.938,1
bonus2,168.6,0.896,1
bonus2,168.7,0.818,1
bonus2,168.7,0.883,1
bonus2,168.7,0.924,1
bonus2,169,0.877,1
bonus2,169.2,0.896,1
bonus2,169.3,0.812,1
bonus2,169.6,0.733,1
bonus2,169.7,0.938,1
bonus2,170,1,1
bonus2,170.4,0.818,1
bonus2,170.5,0.834,1
bonus2,171.1,0.91,1
bonus2,171.4,0.852,1
bonus2,171.4,0.91,1
bonus2,171.7,0.91,1
bonus2,172,0.877,1
bonus2,172.2,0.834,1
bonus2,172.5,0.829,1
bonus2,172.6,0.903,1
bonus2,172.7,0.823,1
bonus2,172.7,0.834,1
bonus2,172.7,0.968,1
bonus2,172.9,0.791,1
bonus2,172.9,1,1
bonus2,173.2,0.846,1
bonus2,173.4,0.89,1
bonus2,173.5,0.829,1
bonus2,173.6,0.877,1
bonus2,173.6,0.938,1
bonus2,173.8,0.953,1
bonus2,173.8,1,1
bonus2,173.9,0.896,1
bonus2,174,0.791,1
bonus2,174,0.89,1
bonus2,174.1,0.984,1
bonus2,174.3,0.924,1
bonus2,174.6,0.786,1
bonus2,174.6,0.829,1
bonus2,174.7,0.807,1
bonus2,174.8,0.834,1
bonus2,174.9,0.89,1
bonus2,175.1,0.871,1
bonus2,175.1,0.953,1
bonus2,175.2,0.984,1
bonus2,175.3,0.834,1
bonus2,175.3,0.89,1
bonus2,175.6,0.834,1
bonus2,175.6,0.846,1
bonus2,175.7,0.834,1
bonus2,175.8,0.846,1
bonus2,176.1,1,1
bonus2,176.2,0.953,1
bonus2,176.3,0.812,1
bonus2,176.3,0.852,1
bonus2,176.3,0.968,1
bonus2,176.4,0.896,1
bonus2,176.4,0.917,1
bonus2,176.5,0.733,1
bonus2,176.6,0.89,1
bonus2,176.6,0.984,1
bonus2,176.9,0.877,1
bonus2,176.9,1,1
bonus2,177.1,0.846,1
bonus2,177.1,0.931,1
bonus2,177.2,0.924,1
bonus2,177.3,0.771,1
bonus2,177.4,1,1
bonus2,177.5,0.984,1
bonus2,177.6,0.91,1
bonus2,177.6,0.938,1
bonus2,177.7,0.791,1
bonus2,177.8,0.796,1
bonus2,177.8,0.883,1
bonus2,177.9,0.864,1
bonus2,178,0.858,1
bonus2,178,0.938,1
bonus2,178,0.953,1
bonus2,178.1,0.968,1
bonus2,178.3,0.684,1
bonus2,178.5,0.823,1
bonus2,178.5,0.858,1
bonus2,178.5,0.896,1
bonus2,178.6,0.871,1
bonus2,178.7,0.896,1
bonus2,178.7,0.968,1
bonus2,179,0.984,1
bonus2,179.2,0.766,1
bonus2,179.3,0.938,1
bonus2,179.4,0.871,1
bonus2,180.1,0.871,1
bonus2,180.1,0.938,1
bonus2,180.2,0.801,1
bonus2,180.2,0.91,1
bonus2,180.2,0.984,1
bonus2,180.4,0.984,1
bonus2,180.6,0.924,1
bonus2,180.6,0.968,1
bonus2,180.7,0.846,1
bonus2,180.9,0.924,1
bonus2,180.9,0.984,1
bonus2,181.1,0.896,1
bonus2,181.2,0.938,1
bonus2,181.5,0.903,1
bonus2,181.6,0.871,1
bonus2,181.6,0.917,1
bonus2,182,0.953,1
bonus2,182,1,1
bonus2,182.9,0.877,1
bonus2,183,0.924,1
bonus2,183,0.931,1
bonus2,183.3,0.896,1
bonus2,183.3,0.924,1
bonus2,183.5,0.938,1
bonus2,183.8,0.953,1
bonus2,184.5,0.771,1
bonus2,184.5,0.89,1
bonus2,185,0.771,1
bonus2,185.4,0.801,1
bonus2,185.4,0.883,1
bonus2,185.5,0.91,1
bonus2,185.8,0.968,1
bonus2,185.9,0.984,1
bonus2,186.2,0.676,1
bonus2,186.2,0.953,1
bonus2,186.3,0.871,1
bonus2,186.8,0.91,1
bonus2,187,0.953,1
bonus2,187.1,0.91,1
bonus2,187.3,0.766,1
bonus2,187.7,0.823,1
bonus2,187.7,0.91,1
bonus2,187.7,0.984,1
bonus2,187.9,1,1
bonus2,188.1,0.896,1
bonus2,188.4,0.858,1
bonus2,188.4,0.924,1
bonus2,188.7,0.871,1
bonus2,188.8,0.871,1
bonus2,188.8,0.89,1
bonus2,189.4,0.791,1
bonus2,189.9,0.984,1
bonus2,190,0.924,1
bonus2,190.1,0.761,1
bonus2,190.2,0.761,1
bonus2,190.3,1,1
bonus2,190.5,0.846,1
bonus2,190.6,0.938,1
bonus2,190.6,0.984,1
bonus2,190.7,1,1
bonus2,190.8,0.953,1
bonus2,191,0.733,1
bonus2,191,0.938,2
bonus2,191,1,1
bonus2,191.2,0.89,1
bonus2,191.5,0.984,1
bonus2,191.6,0.791,1
bonus2,191.6,0.858,1
bonus2,191.6,0.968,1
bonus2,191.7,0.968,1
bonus2,192,0.89,1
bonus2,192,0.953,1
bonus2,192.1,0.823,1
bonus2,192.1,0.84,1
bonus2,192.5,0.752,1
bonus2,192.5,0.883,1
bonus2,192.6,0.968,1
bonus2,192.7,0.858,1
bonus2,192.9,0.953,1
bonus2,193.5,0.871,1
bonus2,193.5,0.89,1
bonus2,193.6,0.896,1
bonus2,193.7,0.984,1
bonus2,193.8,0.953,1
bonus2,193.9,0.858,1
bonus2,194.2,0.776,1
bonus2,194.2,0.858,1
bonus2,194.8,0.89,1
bonus2,194.9,0.917,1
bonus2,195,0.89,1
bonus2,195.3,0.883,1
bonus2,195.6,0.938,1
bonus2,195.7,0.801,1
bonus2,195.7,0.968,1
bonus2,195.9,0.846,1
bonus2,195.9,1,1
bonus2,196,0.846,1
bonus2,196.2,0.938,1
bonus2,196.5,0.781,1
bonus2,196.5,0.938,1
bonus2,196.5,1,1
bonus2,196.6,0.781,1
bonus2,196.7,0.864,1
bonus2,196.9,0.968,1
bonus2,197.1,0.953,1
bonus2,197.2,1,1
bonus2,197.8,0.829,1
bonus2,197.8,0.91,1
bonus2,197.8,0.984,1
bonus2,198,0.89,1
bonus2,198,0.938,1
bonus2,198.2,0.931,1
bonus2,198.3,0.791,1
bonus2,198.5,0.968,1
bonus2,198.6,0.91,1
bonus2,198.8,0.984,1
bonus2,199,0.896,1
bonus2,199.9,0.852,1
bonus2,199.9,0.896,1
bonus2,200.1,0.984,1
bonus2,200.4,0.786,1
bonus2,200.7,0.924,1
bonus2,200.9,0.924,1
bonus2,201,0.691,1
bonus2,201.1,0.91,1
bonus2,201.4,0.953,1
bonus2,201.6,0.984,1
bonus2,201.7,0.89,1
bonus2,201.7,1,2
bonus2,201.9,0.858,1
bonus2,202.1,0.984,1
bonus2,202.2,0.924,1
bonus2,202.2,0.938,1
bonus2,203,0.938,1
bonus2,203.1,0.747,1
bonus2,203.3,0.903,1
bonus2,203.3,0.984,1
bonus2,203.3,1,1
bonus2,203.6,0.984,1
bonus2,203.8,0.924,1
bonus2,203.8,0.968,1
bonus2,203.9,0.89,1
bonus2,204,0.786,1
bonus2,204.2,0.91,1
bonus2,204.4,1,1
bonus2,204.5,0.829,1
bonus2,205,0.896,1
bonus2,205.1,0.91,1
bonus2,205.4,0.823,1
bonus2,205.4,0.984,1
bonus2,205.6,0.771,1
bonus2,205.7,1,1
bonus2,205.9,0.846,1
bonus2,206,0.91,1
bonus2,206.4,0.883,1
bonus2,206.5,0.984,1
bonus2,206.8,0.903,1
bonus2,206.8,0.953,1
bonus2,206.9,0.716,1
bonus2,206.9,0.984,1
bonus2,207.1,1,1
bonus2,207.3,0.968,1
bonus2,207.5,0.771,1
bonus2,207.6,0.984,1
bonus2,207.7,0.953,1
bonus2,207.9,0.953,1
bonus2,208.3,0.91,1
bonus2,208.4,0.968,1
bonus2,208.4,0.984,1
bonus2,208.5,0.699,1
bonus2,208.8,0.654,1
bonus2,209,0.924,1
bonus2,209,0.938,1
bonus2,209.5,0.89,1
bonus2,209.6,0.896,1
bonus2,209.6,0.953,1
bonus2,210,0.968,1
bonus2,210.4,0.953,1
bonus2,210.5,0.984,1
bonus2,210.6,0.924,2
bonus2,211.2,0.903,1
bonus2,211.3,0.984,1
bonus2,211.4,0.953,1
bonus2,211.5,1,1
bonus2,211.7,0.968,1
bonus2,212,0.968,1
bonus2,212.3,0.883,1
bonus2,213,0.968,1
bonus2,213.1,0.903,1
bonus2,213.5,1,1
bonus2,213.8,0.829,1
bonus2,213.9,0.938,1
bonus2,214.2,0.725,1
bonus2,214.2,0.883,1
bonus2,214.2,0.896,1
bonus2,214.7,0.852,1
bonus2,214.8,0.896,1
bonus2,214.9,0.938,1
bonus2,215,0.984,1
bonus2,215.6,0.91,1
bonus2,215.7,0.938,1
bonus2,215.8,0.968,1
bonus2,215.9,0.761,1
bonus2,216.1,0.84,1
bonus2,216.1,0.91,1
bonus2,216.6,0.968,1
bonus2,216.9,1,1
bonus2,217.1,0.752,1
bonus2,217.1,0.801,1
bonus2,217.4,0.953,1
bonus2,217.5,0.924,1
bonus2,218,0.953,1
bonus2,218.5,0.834,1
bonus2,218.6,0.984,1
bonus2,218.7,0.871,1
bonus2,219,0.931,1
bonus2,219.1,0.903,1
bonus2,220.1,0.953,1
bonus2,221,0.984,1
bonus2,221.7,0.812,1
bonus2,221.9,0.984,1
bonus2,222,0.984,1
bonus2,222.2,0.968,1
bonus2,222.2,0.984,1
bonus2,222.3,0.864,1
bonus2,222.6,0.924,1
bonus2,222.8,0.852,1
bonus2,222.8,0.858,1
bonus2,222.8,0.896,1
bonus2,222.9,0.984,1
bonus2,223.2,0.846,1
bonus2,223.5,0.883,1
bonus2,223.8,0.968,1
bonus2,223.8,0.984,1
bonus2,224.2,0.812,1
bonus2,224.5,0.829,1
bonus2,225.1,0.781,1
bonus2,225.2,0.571,1
bonus2,225.4,0.903,1
bonus2,225.5,0.91,1
bonus2,225.7,1,1
bonus2,225.9,0.968,1
bonus2,226.5,0.738,1
bonus2,226.8,0.917,1
bonus2,227,0.931,1
bonus2,227.3,0.883,1
bonus2,228.1,0.917,1
bonus2,228.1,0.953,1
bonus2,228.4,0.812,1
bonus2,228.4,0.91,1
bonus2,228.6,0.984,1
bonus2,228.7,0.852,1
bonus2,229.1,0.984,1
bonus2,229.2,0.931,1
bonus2,229.8,0.752,1
bonus2,229.9,0.968,1
bonus2,230.4,0.984,1
bonus2,230.6,0.968,1
bonus2,230.7,0.858,1
bonus2,231.6,0.896,1
bonus2,231.6,0.91,1
bonus2,233.4,0.968,1
bonus2,234.6,0.968,1
bonus2,234.9,0.883,1
bonus2,235.2,0.91,1
bonus2,235.3,0.953,1
bonus2,235.7,1,1
bonus2,236.2,0.968,2
bonus2,236.7,0.984,1
bonus2,236.9,0.781,1
bonus2,236.9,0.953,1
bonus2,237.5,0.91,1
bonus2,237.7,1,1
bonus2,237.8,1,1
bonus2,239.3,0.968,1
bonus2,239.5,0.573,1
bonus2,239.5,0.781,1
bonus2,240.3,0.984,1
bonus2,240.6,0.791,1
bonus2,240.8,0.602,1
bonus2,241.9,0.896,1
bonus2,242,0.924,1
bonus2,242.1,0.834,1
bonus2,242.7,0.984,1
bonus2,243.2,0.968,1
bonus2,243.5,1,1
bonus2,244,0.716,1
bonus2,245.4,1,1
bonus2,245.5,0.924,1
bonus2,245.8,0.968,1
bonus2,246.2,0.924,1
bonus2,246.8,0.91,1
bonus2,246.8,0.968,1
bonus2,247.2,0.858,1
bonus2,247.2,0.871,1
bonus2,248,0.896,1
bonus2,248.1,0.984,1
bonus2,248.2,1,1
bonus2,248.5,0.877,1
bonus2,249,0.984,1
bonus2,249.4,0.896,1
bonus2,250.6,0.823,1
bonus2,251,0.968,1
bonus2,251.5,0.877,1
bonus2,252.6,0.938,1
bonus2,253,0.984,1
bonus2,254.3,0.725,1
bonus2,254.6,0.984,1
bonus2,254.8,0.938,1
bonus2,255,0.968,1
bonus2,256.6,0.968,1
bonus2,256.7,0.984,1
bonus2,257.1,1,1
bonus2,257.6,0.871,1
bonus2,257.8,0.968,1
bonus2,258.4,1,1
bonus2,258.8,0.938,1
bonus2,258.9,1,1
bonus2,259,1,1
bonus2,259.1,0.883,1
bonus2,259.6,0.786,1
bonus2,259.8,0.968,1
bonus2,260.3,0.91,1
bonus2,260.8,0.924,1
bonus2,261.1,1,1
bonus2,262.6,0.846,1
bonus2,262.7,0.938,1
bonus2,263.5,0.829,1
bonus2,263.7,0.984,1
bonus2,264.2,0.883,1
bonus2,264.3,0.89,1
bonus2,265.7,0.84,1
bonus2,266.1,0.858,1
bonus2,266.3,0.968,1
bonus2,266.8,0.801,1
bonus2,266.8,0.931,1
bonus2,267.2,0.968,1
bonus2,267.7,0.871,1
bonus2,267.8,0.858,1
bonus2,268.6,0.852,1
bonus2,269.2,0.984,1
bonus2,269.4,1,1
bonus2,269.8,1,1
bonus2,270.9,0.84,1
bonus2,271.1,0.984,1
bonus2,271.3,1,1
bonus2,271.9,0.968,1
bonus2,272.2,0.984,1
bonus2,273.5,0.791,1
bonus2,274,0.938,1
bonus2,274.2,0.984,1
bonus2,274.8,0.818,1
bonus2,275,0.858,1
bonus2,277.2,0.938,1
bonus2,277.7,0.807,1
bonus2,277.8,0.871,1
bonus2,278.3,1,1
bonus2,279.8,0.924,1
bonus2,280,0.84,1
bonus2,280.4,1,1
bonus2,281.1,0.834,1
bonus2,282.1,0.938,1
bonus2,282.5,0.938,1
bonus2,283.5,0.984,1
bonus2,283.7,0.968,1
bonus2,283.9,0.984,1
bonus2,284,0.871,1
bonus2,284.9,0.91,1
bonus2,286.4,0.871,1
bonus2,287.6,0.938,1
bonus2,289.4,0.896,1
bonus2,289.4,1,1
bonus2,289.7,0.968,1
bonus2,290.4,1,1
bonus2,291.6,1,1
bonus2,292.6,1,1
bonus2,293,1,1
bonus2,293.1,0.89,1
bonus2,293.7,1,1
bonus2,293.8,0.938,1
bonus2,293.9,0.771,1
bonus2,294.3,0.883,1
bonus2,294.7,1,1
bonus2,295.8,1,1
bonus2,296.4,0.924,1
bonus2,297.4,0.877,1
bonus2,300.1,0.883,1
bonus2,301.5,0.917,1
bonus2,301.6,0.708,1
bonus2,302,0.968,1
bonus2,302.7,0.883,1
bonus2,303,0.896,1
bonus2,304.7,1,1
bonus2,306.6,0.924,1
bonus2,307.1,0.846,1
bonus2,307.5,0.91,1
bonus2,307.8,1,1
bonus2,308.5,0.519,1
bonus2,310,0.917,1
bonus2,310.7,0.89,1
bonus2,312,0.968,1
bonus2,312.3,0.984,1
bonus2,312.7,0.931,1
bonus2,313.7,1,1
bonus2,313.8,0.883,1
bonus2,314,0.984,1
bonus2,314.4,0.883,1
bonus2,315,0.651,1
bonus2,315.7,0.984,1
bonus2,315.9,1,1
bonus2,316.6,0.84,1
bonus2,317.4,0.834,1
bonus2,317.7,0.858,1
bonus2,318.8,0.984,1
bonus2,319.2,0.864,1
bonus2,320.3,0.968,1
bonus2,322,0.984,1
bonus2,322.6,0.877,1
bonus2,323.8,0.877,1
bonus2,325.5,0.903,1
bonus2,326.2,0.924,1
bonus2,330.4,0.818,1
bonus2,332.8,0.864,1
bonus2,336,0.953,1
bonus2,338,1,1
bonus2,338.1,0.984,1
bonus2,338.4,0.938,1
bonus2,339.7,1,1
bonus2,340.1,0.968,1
bonus2,343,0.938,1
bonus2,347.3,0.924,1
bonus2,347.4,0.877,1
bonus2,348,1,1
bonus2,348.2,0.938,1
bonus2,348.3,0.917,1
bonus2,349.6,0.91,1
bonus2,349.6,1,1
bonus2,349.9,1,1
bonus2,351.4,1,1
bonus2,353.4,1,1
bonus2,359.1,0.834,1
bonus2,363.1,0.834,1
bonus2,364,0.883,1
bonus2,365.3,0.823,1
bonus2,367.3,0.953,1
bonus2,369.4,1,1
bonus2,371.1,0.984,1
bonus2,372.8,0.818,1
bonus2,373.1,1,1
bonus2,375,1,1
bonus2,375.8,0.883,1
bonus2,376.7,0.917,1
bonus2,377.6,0.984,1
bonus2,380,0.968,1
bonus2,384.1,0.924,1
bonus2,384.5,1,1
bonus2,386,0.953,1
bonus2,389.7,1,1
bonus2,391,0.883,1
bonus2,392.1,0.984,1
bonus2,395,0.984,1
bonus2,398.7,0.968,1
bonus2,399.8,0.968,1
bonus2,399.9,0.984,1
bonus2,404.1,0.871,1
bonus2,407.5,0.984,1
bonus2,412.2,1,1
bonus2,415.3,0.883,1
bonus2,422.5,0.968,1
bonus2,426.3,0.801,1
bonus2,427.9,0.984,1
bonus2,428.4,0.984,1
bonus2,432.1,0.846,1
bonus2,433.2,1,1
bonus2,433.9,0.791,1
bonus2,440.7,1,1
bonus2,443.5,0.84,1
bonus2,444,0.781,1
bonus2,444.2,0.938,1
bonus2,445.6,0.984,1
bonus2,455.7,0.834,1
bonus2,458.9,0.725,1
bonus2,459.7,1,1
bonus2,467.9,0.896,1
bonus2,468.8,0.829,1
bonus2,477.1,0.91,1
bonus2,477.3,1,1
bonus2,481.3,0.883,1
bonus2,486.4,0.968,1
bonus2,486.5,0.896,1
bonus2,491.7,0.984,1
bonus2,502.6,1,1
bonus2,504.6,0.984,1
bonus2,512.3,0.984,2
bonus2,515.4,0.91,1
bonus2,515.8,0.89,1
bonus2,518.9,1,1
bonus2,526.4,1,1
bonus2,551,0.968,1
bonus2,554.7,0.938,1
bonus2,555,1,1
bonus2,575.9,0.984,1
bonus2,583.2,0.968,1
bonus2,589.6,1,1
bonus2,604.5,0.938,1
bonus2,618.9,0.858,1
bonus2,619.1,0.733,1
bonus2,619.5,0.984,1
bonus2,628.9,0.968,1
bonus2,632.4,0.968,1
bonus2,639.1,1,1
bonus2,663.6,0.953,1
bonus2,694.6,0.877,1
bonus2,697,0.938,1
bonus2,701.4,0.896,1
bonus2,711.6,0.984,1
bonus2,714.1,0.91,1
bonus2,734.9,0.91,1
bonus2,736.7,0.984,1
bonus2,739.6,1,1
bonus2,746.2,1,1
bonus2,752.4,0.984,1
bonus2,765.2,0.968,1
bonus2,835.8,0.984,1
bonus2,851.5,0.931,1
bonus2,859.6,1,1
bonus2,883.2,1,1
bonus2,914.1,1,1
bonus2,918,0.953,1
bonus2,933.7,0.917,1
bonus2,938.4,0.883,1
bonus2,965.6,1,1
bonus2,1001.3,0.984,1
bonus2,1120.4,1,1
bonus2,1154.7,1,1
bonus2,1196.9,0.89,1
bonus2,1301.8,1,1
bonus2,1302.2,0.871,1
bonus2,1335.5,0.896,1
bonus2,1348.7,0.938,1
bonus2,1351.5,0.984,1
bonus2,1371.4,0.984,1
bonus2,1402.5,0.945,1
bonus2,1464.7,0.829,1
bonus2,1484.3,0.968,1
bonus2,1589.4,0.953,1
bonus2,1655.6,0.716,1
bonus2,1962.3,0.883,1
bonus2,2021.8,0.883,1
bonus2,2191.1,0.968,1
bonus2,2209.4,0.467,1
bonus2,2242.7,0.984,1
bonus2,2514.8,0.627,1
bonus2,2516.2,0.903,1
bonus2,2556.2,0.91,1
bonus2,2563.5,0.883,1
bonus2,2732.7,0.742,1
bonus2,2852.9,0.883,1
bonus2,2880,1,1
bonus2,3018.7,0.871,1
bonus2,3055.5,1,1
bonus2,3222.7,0.91,1
bonus2,3576.1,0.924,1
bonus2,3784.2,0.91,1
bonus2,3841.5,0.984,1
bonus2,3971.3,0.864,1
bonus2,3977.6,0.938,1
bonus2,4631.3,0.984,1
bonus2,4740.8,0.823,1
bonus2,5152.7,0.938,1
bonus2,6378.5,0.984,1
bonus2,12559.3,0.984,1
bonus2,75213.9,0.968,1
bonus2,252161.4,0.712,1
bonus2,697314.4,0.953,1
bonus3,14.9,0.989,1
bonus3,31.2,0.894,1
bonus3,31.8,0.843,1
bonus3,33.4,0.855,1
bonus3,35.5,0.947,1
bonus3,35.7,0.808,1
bonus3,36.1,0.903,1
bonus3,37,0.819,1
bonus3,37.2,0.937,1
bonus3,37.3,0.808,1
bonus3,37.3,0.843,1
bonus3,37.6,0.872,1
bonus3,37.7,0.872,1
bonus3,37.7,0.947,1
bonus3,38.1,0.932,1
bonus3,38.1,0.962,1
bonus3,38.3,0.827,1
bonus3,38.3,0.898,1
bonus3,38.4,0.922,1
bonus3,38.5,0.937,1
bonus3,38.6,0.927,1
bonus3,38.7,0.962,1
bonus3,38.9,0.912,1
bonus3,39.2,0.847,1
bonus3,39.6,0.894,1
bonus3,40.1,0.947,1
bonus3,40.2,0.819,1
bonus3,40.5,0.876,1
bonus3,40.9,0.835,1
bonus3,41,0.863,1
bonus3,41,0.941,1
bonus3,41.2,0.922,1
bonus3,41.3,0.839,1
bonus3,41.3,0.894,1
bonus3,41.5,0.885,1
bonus3,41.6,0.734,1
bonus3,41.6,0.808,1
bonus3,41.6,0.894,1
bonus3,41.7,0.843,1
bonus3,41.7,0.868,1
bonus3,41.7,0.908,1
bonus3,41.7,0.957,1
bonus3,41.8,0.917,1
bonus3,41.9,0.843,1
bonus3,42,0.908,1
bonus3,42.1,0.903,1
bonus3,42.4,0.937,1
bonus3,42.4,0.941,1
bonus3,42.5,0.827,1
bonus3,42.5,0.903,2
bonus3,42.6,0.941,1
bonus3,42.8,0.7,1
bonus3,42.9,0.898,1
bonus3,43.1,0.763,1
bonus3,43.2,0.947,1
bonus3,43.3,0.898,1
bonus3,43.3,0.922,1
bonus3,43.3,0.927,1
bonus3,43.4,0.908,1
bonus3,43.5,0.859,1
bonus3,43.5,0.927,1
bonus3,43.5,0.941,1
bonus3,43.6,0.651,1
bonus3,43.7,0.908,1
bonus3,43.8,0.843,1
bonus3,43.9,0.763,1
bonus3,43.9,0.863,1
bonus3,44.2,0.941,1
bonus3,44.3,0.876,1
bonus3,44.3,0.903,1
bonus3,44.3,0.947,1
bonus3,44.3,0.952,1
bonus3,44.4,0.917,1
bonus3,44.5,0.932,1
bonus3,44.7,0.876,1
bonus3,44.7,0.922,1
bonus3,44.7,0.927,1
bonus3,44.7,0.947,1
bonus3,44.8,0.952,1
bonus3,44.9,0.894,1
bonus3,44.9,0.903,1
bonus3,44.9,0.917,1
bonus3,45,0.801,1
bonus3,45,0.912,1
bonus3,45.5,0.937,1
bonus3,45.6,0.855,1
bonus3,45.7,0.922,1
bonus3,45.7,0.941,1
bonus3,45.8,0.812,1
bonus3,45.8,0.941,1
bonus3,45.9,0.898,1
bonus3,45.9,0.922,1
bonus3,46,0.859,1
bonus3,46,0.937,1
bonus3,46.1,0.668,1
bonus3,46.1,0.859,1
bonus3,46.1,0.885,1
bonus3,46.1,0.932,1
bonus3,46.1,0.937,1
bonus3,46.1,0.941,1
bonus3,46.2,0.952,1
bonus3,46.3,0.894,1
bonus3,46.3,0.932,1
bonus3,46.4,0.855,1
bonus3,46.4,0.876,1
bonus3,46.4,0.941,1
bonus3,46.4,0.957,1
bonus3,46.5,0.794,1
bonus3,46.5,0.927,1
bonus3,46.5,0.932,1
bonus3,46.5,0.937,1
bonus3,46.6,0.894,1
bonus3,46.6,0.957,1
bonus3,46.7,0.876,1
bonus3,46.7,0.912,1
bonus3,46.8,0.903,1
bonus3,46.8,0.941,1
bonus3,46.8,0.947,1
bonus3,46.9,0.947,1
bonus3,47,0.894,1
bonus3,47,0.941,1
bonus3,47,0.952,1
bonus3,47.2,0.812,1
bonus3,47.2,0.894,1
bonus3,47.3,0.868,1
bonus3,47.3,0.937,1
bonus3,47.4,0.868,1
bonus3,47.4,0.885,1
bonus3,47.4,0.917,1
bonus3,47.5,0.851,1
bonus3,47.5,0.876,1
bonus3,47.5,0.889,1
bonus3,47.5,0.903,1
bonus3,47.6,0.773,1
bonus3,47.6,0.787,1
bonus3,47.6,0.808,1
bonus3,47.6,0.816,1
bonus3,47.6,0.843,1
bonus3,47.6,0.903,2
bonus3,47.6,0.922,1
bonus3,47.6,0.927,1
bonus3,47.7,0.894,1
bonus3,47.7,0.927,1
bonus3,47.7,0.937,1
bonus3,47.7,0.941,2
bonus3,47.7,0.962,1
bonus3,47.9,0.889,1
bonus3,47.9,0.898,1
bonus3,48,0.908,1
bonus3,48,0.912,2
bonus3,48,0.922,1
bonus3,48,0.932,1
bonus3,48,0.957,1
bonus3,48.1,0.816,1
bonus3,48.3,0.741,1
bonus3,48.3,0.903,1
bonus3,48.3,0.912,1
bonus3,48.3,0.957,1
bonus3,48.3,0.962,1
bonus3,48.4,0.903,1
bonus3,48.4,0.932,1
bonus3,48.6,0.912,1
bonus3,48.7,0.827,1
bonus3,48.7,0.843,1
bonus3,48.7,0.855,1
bonus3,48.7,0.894,1
bonus3,48.7,0.908,1
bonus3,48.7,0.922,1
bonus3,48.8,0.831,1
bonus3,48.8,0.957,1
bonus3,48.9,0.711,1
bonus3,48.9,0.885,1
bonus3,48.9,0.903,1
bonus3,49,0.827,1
bonus3,49,0.839,1
bonus3,49,0.843,2
bonus3,49,0.859,1
bonus3,49,0.894,1
bonus3,49,0.947,1
bonus3,49.1,0.941,1
bonus3,49.2,0.76,1
bonus3,49.2,0.863,1
bonus3,49.2,0.885,1
bonus3,49.2,0.941,1
bonus3,49.3,0.794,1
bonus3,49.3,0.894,1
bonus3,49.3,0.903,1
bonus3,49.3,0.917,1
bonus3,49.3,0.932,1
bonus3,49.3,0.947,1
bonus3,49.3,0.957,1
bonus3,49.4,0.885,1
bonus3,49.5,0.734,1
bonus3,49.5,0.908,1
bonus3,49.5,0.917,1
bonus3,49.5,0.932,1
bonus3,49.5,0.937,1
bonus3,49.5,0.941,1
bonus3,49.6,0.894,1
bonus3,49.6,0.927,1
bonus3,49.6,0.941,1
bonus3,49.7,0.819,1
bonus3,49.7,0.876,1
bonus3,49.7,0.885,2
bonus3,49.7,0.908,1
bonus3,49.9,0.75,1
bonus3,49.9,0.773,1
bonus3,49.9,0.912,1
bonus3,49.9,0.937,1
bonus3,49.9,0.947,1
bonus3,50,0.847,1
bonus3,50,0.851,1
bonus3,50,0.917,1
bonus3,50,0.941,1
bonus3,50,0.952,1
bonus3,50.1,0.783,1
bonus3,50.1,0.831,1
bonus3,50.1,0.872,1
bonus3,50.1,0.885,1
bonus3,50.1,0.912,1
bonus3,50.1,0.927,2
bonus3,50.2,0.722,1
bonus3,50.2,0.876,1
bonus3,50.2,0.912,1
bonus3,50.2,0.947,1
bonus3,50.3,0.797,1
bonus3,50.3,0.912,3
bonus3,50.3,0.952,1
bonus3,50.4,0.717,1
bonus3,50.4,0.889,1
bonus3,50.4,0.894,1
bonus3,50.5,0.851,1
bonus3,50.5,0.885,1
bonus3,50.5,0.917,1
bonus3,50.5,0.922,2
bonus3,50.6,0.855,1
bonus3,50.6,0.932,1
bonus3,50.6,0.941,1
bonus3,50.7,0.889,1
bonus3,50.7,0.908,1
bonus3,50.7,0.937,1
bonus3,50.7,0.957,1
bonus3,50.8,0.922,1
bonus3,50.9,0.731,1
bonus3,50.9,0.894,1
bonus3,50.9,0.927,1
bonus3,51,0.872,1
bonus3,51,0.894,1
bonus3,51,0.922,1
bonus3,51,0.947,1
bonus3,51.1,0.876,1
bonus3,51.1,0.941,2
bonus3,51.2,0.952,1
bonus3,51.3,0.801,1
bonus3,51.4,0.794,1
bonus3,51.4,0.831,1
bonus3,51.4,0.908,1
bonus3,51.5,0.863,1
bonus3,51.5,0.872,1
bonus3,51.5,0.881,1
bonus3,51.5,0.903,1
bonus3,51.5,0.937,2
bonus3,51.5,0.952,1
bonus3,51.6,0.808,1
bonus3,51.6,0.859,1
bonus3,51.6,0.872,1
bonus3,51.6,0.876,1
bonus3,51.6,0.894,1
bonus3,51.6,0.957,1
bonus3,51.7,0.839,1
bonus3,51.7,0.881,1
bonus3,51.7,0.894,1
bonus3,51.8,0.937,1
bonus3,51.9,0.917,1
bonus3,51.9,0.927,1
bonus3,51.9,0.937,2
bonus3,51.9,0.941,1
bonus3,51.9,0.952,1
bonus3,52,0.763,1
bonus3,52,0.881,2
bonus3,52,0.894,1
bonus3,52,0.908,1
bonus3,52,0.952,1
bonus3,52,0.957,1
bonus3,52.1,0.665,1
bonus3,52.1,0.941,1
bonus3,52.2,0.61,1
bonus3,52.2,0.805,1
bonus3,52.2,0.831,1
bonus3,52.2,0.894,1
bonus3,52.2,0.932,1
bonus3,52.2,0.947,1
bonus3,52.3,0.787,1
bonus3,52.3,0.797,1
bonus3,52.3,0.801,1
bonus3,52.3,0.843,1
bonus3,52.3,0.903,1
bonus3,52.3,0.908,1
bonus3,52.3,0.922,1
bonus3,52.4,0.783,1
bonus3,52.4,0.831,1
bonus3,52.4,0.903,1
bonus3,52.4,0.922,1
bonus3,52.5,0.843,1
bonus3,52.5,0.881,1
bonus3,52.5,0.912,1
bonus3,52.5,0.927,1
bonus3,52.5,0.937,1
bonus3,52.6,0.79,1
bonus3,52.6,0.851,1
bonus3,52.6,0.855,1
bonus3,52.6,0.898,1
bonus3,52.6,0.917,1
bonus3,52.6,0.932,3
bonus3,52.6,0.957,1
bonus3,52.7,0.747,1
bonus3,52.7,0.773,1
bonus3,52.7,0.851,1
bonus3,52.7,0.903,2
bonus3,52.7,0.957,1
bonus3,52.8,0.823,1
bonus3,52.8,0.827,1
bonus3,52.8,0.868,1
bonus3,52.8,0.881,1
bonus3,52.9,0.843,1
bonus3,52.9,0.881,1
bonus3,52.9,0.889,1
bonus3,52.9,0.894,2
bonus3,52.9,0.912,2
bonus3,52.9,0.922,1
bonus3,52.9,0.941,2
bonus3,52.9,0.947,1
bonus3,52.9,0.952,1
bonus3,53,0.855,1
bonus3,53,0.868,1
bonus3,53,0.898,1
bonus3,53,0.917,1
bonus3,53.1,0.908,1
bonus3,53.1,0.922,1
bonus3,53.1,0.952,2
bonus3,53.2,0.927,1
bonus3,53.2,0.932,1
bonus3,53.3,0.625,1
bonus3,53.3,0.847,1
bonus3,53.3,0.863,1
bonus3,53.3,0.885,1
bonus3,53.3,0.932,1
bonus3,53.4,0.863,1
bonus3,53.4,0.868,1
bonus3,53.4,0.885,1
bonus3,53.4,0.947,1
bonus3,53.5,0.894,1
bonus3,53.5,0.903,1
bonus3,53.5,0.927,1
bonus3,53.6,0.823,1
bonus3,53.6,0.876,1
bonus3,53.6,0.894,1
bonus3,53.6,0.927,1
bonus3,53.6,0.941,1
bonus3,53.7,0.77,1
bonus3,53.7,0.868,1
bonus3,53.7,0.922,1
bonus3,53.7,0.952,1
bonus3,53.7,0.957,1
bonus3,53.8,0.851,1
bonus3,53.8,0.932,2
bonus3,53.9,0.676,1
bonus3,53.9,0.947,1
bonus3,54,0.894,1
bonus3,54,0.903,1
bonus3,54,0.917,1
bonus3,54,0.932,1
bonus3,54,0.952,1
bonus3,54.1,0.823,1
bonus3,54.1,0.957,1
bonus3,54.1,0.962,1
bonus3,54.2,0.863,1
bonus3,54.2,0.885,1
bonus3,54.2,0.917,1
bonus3,54.2,0.922,1
bonus3,54.2,0.927,1
bonus3,54.3,0.823,1
bonus3,54.3,0.851,1
bonus3,54.3,0.868,1
bonus3,54.3,0.898,1
bonus3,54.3,0.927,1
bonus3,54.3,0.937,1
bonus3,54.4,0.855,1
bonus3,54.4,0.903,1
bonus3,54.4,0.927,1
bonus3,54.4,0.937,1
bonus3,54.4,0.947,1
bonus3,54.5,0.912,1
bonus3,54.5,0.922,1
bonus3,54.6,0.658,1
bonus3,54.6,0.898,1
bonus3,54.6,0.917,1
bonus3,54.6,0.922,1
bonus3,54.6,0.932,1
bonus3,54.6,0.937,3
bonus3,54.7,0.805,1
bonus3,54.7,0.819,1
bonus3,54.7,0.863,1
bonus3,54.7,0.885,1
bonus3,54.7,0.889,1
bonus3,54.7,0.894,1
bonus3,54.7,0.932,2
bonus3,54.8,0.766,1
bonus3,54.8,0.843,1
bonus3,54.8,0.863,1
bonus3,54.8,0.868,1
bonus3,54.8,0.889,1
bonus3,54.8,0.912,1
bonus3,54.8,0.932,1
bonus3,54.8,0.957,1
bonus3,54.9,0.773,1
bonus3,54.9,0.835,1
bonus3,54.9,0.859,1
bonus3,54.9,0.903,1
bonus3,54.9,0.912,1
bonus3,54.9,0.932,1
bonus3,55,0.734,1
bonus3,55,0.927,1
bonus3,55,0.967,1
bonus3,55.1,0.808,1
bonus3,55.1,0.835,1
bonus3,55.1,0.922,2
bonus3,55.1,0.927,1
bonus3,55.1,0.932,1
bonus3,55.2,0.881,1
bonus3,55.2,0.932,1
bonus3,55.3,0.816,1
bonus3,55.3,0.894,1
bonus3,55.3,0.908,1
bonus3,55.3,0.932,1
bonus3,55.3,0.941,1
bonus3,55.4,0.797,1
bonus3,55.5,0.876,1
bonus3,55.5,0.889,1
bonus3,55.5,0.912,1
bonus3,55.5,0.932,1
bonus3,55.5,0.941,1
bonus3,55.5,0.952,1
bonus3,55.6,0.912,1
bonus3,55.6,0.917,1
bonus3,55.6,0.927,1
bonus3,55.6,0.932,1
bonus3,55.6,0.937,1
bonus3,55.7,0.812,1
bonus3,55.7,0.827,1
bonus3,55.7,0.894,1
bonus3,55.7,0.912,1
bonus3,55.7,0.922,1
bonus3,55.7,0.932,1
bonus3,55.7,0.952,1
bonus3,55.8,0.734,1
bonus3,55.8,0.77,1
bonus3,55.8,0.876,1
bonus3,55.8,0.894,1
bonus3,55.8,0.922,1
bonus3,55.8,0.932,1
bonus3,55.8,0.957,1
bonus3,55.9,0.851,1
bonus3,55.9,0.868,2
bonus3,55.9,0.876,1
bonus3,55.9,0.885,1
bonus3,55.9,0.922,1
bonus3,55.9,0.927,1
bonus3,55.9,0.937,1
bonus3,56,0.72,1
bonus3,56,0.827,1
bonus3,56,0.868,1
bonus3,56,0.912,1
bonus3,56,0.917,1
bonus3,56,0.932,1
bonus3,56.1,0.812,1
bonus3,56.1,0.917,1
bonus3,56.1,0.922,1
bonus3,56.1,0.927,1
bonus3,56.1,0.941,1
bonus3,56.2,0.835,1
bonus3,56.2,0.927,2
bonus3,56.2,0.932,1
bonus3,56.3,0.847,1
bonus3,56.3,0.922,2
bonus3,56.3,0.937,1
bonus3,56.3,0.947,1
bonus3,56.4,0.831,1
bonus3,56.4,0.903,1
bonus3,56.4,0.927,1
bonus3,56.4,0.941,1
bonus3,56.5,0.801,1
bonus3,56.5,0.876,1
bonus3,56.5,0.957,1
bonus3,56.6,0.783,1
bonus3,56.6,0.827,1
bonus3,56.6,0.839,1
bonus3,56.6,0.898,1
bonus3,56.6,0.912,1
bonus3,56.6,0.922,2
bonus3,56.6,0.932,2
bonus3,56.6,0.952,1
bonus3,56.7,0.859,1
bonus3,56.7,0.863,1
bonus3,56.7,0.917,1
bonus3,56.7,0.941,1
bonus3,56.8,0.835,1
bonus3,56.8,0.908,1
bonus3,56.8,0.912,1
bonus3,56.8,0.922,2
bonus3,56.8,0.927,1
bonus3,56.8,0.932,1
bonus3,56.8,0.941,1
bonus3,56.9,0.863,1
bonus3,56.9,0.868,1
bonus3,56.9,0.872,1
bonus3,56.9,0.889,2
bonus3,56.9,0.903,1
bonus3,56.9,0.912,1
bonus3,56.9,0.917,1
bonus3,56.9,0.927,2
bonus3,56.9,0.932,1
bonus3,56.9,0.941,1
bonus3,57,0.812,1
bonus3,57,0.941,2
bonus3,57.1,0.697,1
bonus3,57.1,0.816,1
bonus3,57.1,0.827,1
bonus3,57.1,0.843,1
bonus3,57.1,0.932,1
bonus3,57.1,0.941,2
bonus3,57.1,0.957,1
bonus3,57.2,0.908,1
bonus3,57.2,0.941,1
bonus3,57.2,0.947,1
bonus3,57.3,0.728,1
bonus3,57.3,0.831,1
bonus3,57.3,0.843,1
bonus3,57.3,0.872,1
bonus3,57.3,0.932,1
bonus3,57.3,0.937,1
bonus3,57.3,0.947,1
bonus3,57.4,0.668,1
bonus3,57.4,0.77,1
bonus3,57.4,0.812,2
bonus3,57.4,0.835,1
bonus3,57.4,0.843,1
bonus3,57.4,0.885,1
bonus3,57.4,0.912,1
bonus3,57.4,0.932,2
bonus3,57.4,0.941,1
bonus3,57.4,0.952,2
bonus3,57.4,0.962,1
bonus3,57.5,0.801,1
bonus3,57.5,0.847,2
bonus3,57.5,0.872,1
bonus3,57.5,0.927,1
bonus3,57.5,0.947,1
bonus3,57.6,0.808,1
bonus3,57.6,0.859,1
bonus3,57.6,0.889,1
bonus3,57.6,0.908,1
bonus3,57.6,0.922,1
bonus3,57.6,0.947,1
bonus3,57.6,0.952,1
bonus3,57.7,0.876,1
bonus3,57.7,0.932,1
bonus3,57.7,0.947,1
bonus3,57.8,0.78,1
bonus3,57.8,0.912,1
bonus3,57.8,0.927,1
bonus3,57.8,0.937,1
bonus3,57.8,0.967,1
bonus3,57.9,0.808,1
bonus3,57.9,0.863,1
bonus3,57.9,0.932,1
bonus3,57.9,0.947,1
bonus3,57.9,0.952,1
bonus3,58,0.859,1
bonus3,58,0.863,1
bonus3,58,0.868,1
bonus3,58,0.881,2
bonus3,58,0.894,1
bonus3,58,0.908,1
bonus3,58,0.912,1
bonus3,58,0.962,1
bonus3,58,0.967,1
bonus3,58.1,0.797,1
bonus3,58.1,0.808,1
bonus3,58.1,0.932,1
bonus3,58.1,0.937,3
bonus3,58.1,0.941,1
bonus3,58.1,0.957,1
bonus3,58.1,0.967,1
bonus3,58.2,0.697,1
bonus3,58.2,0.801,1
bonus3,58.2,0.835,1
bonus3,58.2,0.927,1
bonus3,58.2,0.962,1
bonus3,58.3,0.763,1
bonus3,58.3,0.903,1
bonus3,58.3,0.908,1
bonus3,58.3,0.957,1
bonus3,58.4,0.843,1
bonus3,58.4,0.937,1
bonus3,58.5,0.831,1
bonus3,58.5,0.903,1
bonus3,58.5,0.908,1
bonus3,58.5,0.922,1
bonus3,58.5,0.932,1
bonus3,58.6,0.894,1
bonus3,58.6,0.903,2
bonus3,58.6,0.917,1
bonus3,58.6,0.932,1
bonus3,58.6,0.947,1
bonus3,58.7,0.794,1
bonus3,58.7,0.872,1
bonus3,58.7,0.932,1
bonus3,58.7,0.941,1
bonus3,58.7,0.967,1
bonus3,58.8,0.766,1
bonus3,58.8,0.808,1
bonus3,58.8,0.839,1
bonus3,58.8,0.881,1
bonus3,58.8,0.903,1
bonus3,58.8,0.922,1
bonus3,58.8,0.952,1
bonus3,58.8,0.967,1
bonus3,58.9,0.801,1
bonus3,58.9,0.819,1
bonus3,58.9,0.872,1
bonus3,58.9,0.932,1
bonus3,58.9,0.947,2
bonus3,58.9,0.952,2
bonus3,59,0.863,1
bonus3,59,0.889,1
bonus3,59,0.922,1
bonus3,59,0.927,1
bonus3,59,0.932,1
bonus3,59,0.947,1
bonus3,59.1,0.835,1
bonus3,59.1,0.932,1
bonus3,59.1,0.937,1
bonus3,59.1,0.952,1
bonus3,59.2,0.855,1
bonus3,59.2,0.937,1
bonus3,59.3,0.835,1
bonus3,59.3,0.843,1
bonus3,59.3,0.876,2
bonus3,59.3,0.937,1
bonus3,59.3,0.957,1
bonus3,59.4,0.812,1
bonus3,59.4,0.816,1
bonus3,59.4,0.876,1
bonus3,59.4,0.903,1
bonus3,59.5,0.868,1
bonus3,59.5,0.908,1
bonus3,59.5,0.922,1
bonus3,59.5,0.932,1
bonus3,59.5,0.967,1
bonus3,59.6,0.859,1
bonus3,59.6,0.885,1
bonus3,59.6,0.889,1
bonus3,59.6,0.903,2
bonus3,59.7,0.722,1
bonus3,59.7,0.808,1
bonus3,59.7,0.868,1
bonus3,59.7,0.881,1
bonus3,59.7,0.894,1
bonus3,59.8,0.922,1
bonus3,59.8,0.941,1
bonus3,59.8,0.957,1
bonus3,59.9,0.816,1
bonus3,59.9,0.885,1
bonus3,59.9,0.889,1
bonus3,59.9,0.894,1
bonus3,59.9,0.903,1
bonus3,59.9,0.908,1
bonus3,59.9,0.912,1
bonus3,59.9,0.927,1
bonus3,59.9,0.937,1
bonus3,60,0.621,1
bonus3,60,0.797,1
bonus3,60,0.823,1
bonus3,60,0.912,1
bonus3,60,0.917,2
bonus3,60,0.927,1
bonus3,60,0.932,1
bonus3,60,0.941,1
bonus3,60,0.957,1
bonus3,60.1,0.835,1
bonus3,60.1,0.885,1
bonus3,60.1,0.917,1
bonus3,60.1,0.922,1
bonus3,60.2,0.717,1
bonus3,60.2,0.863,1
bonus3,60.2,0.917,1
bonus3,60.2,0.927,1
bonus3,60.2,0.947,1
bonus3,60.2,0.962,1
bonus3,60.3,0.876,1
bonus3,60.3,0.889,1
bonus3,60.3,0.922,1
bonus3,60.3,0.947,1
bonus3,60.3,0.952,1
bonus3,60.3,0.957,1
bonus3,60.4,0.903,1
bonus3,60.4,0.917,1
bonus3,60.4,0.941,2
bonus3,60.5,0.734,1
bonus3,60.5,0.797,1
bonus3,60.5,0.805,1
bonus3,60.5,0.819,1
bonus3,60.5,0.823,1
bonus3,60.5,0.868,1
bonus3,60.5,0.885,1
bonus3,60.5,0.903,1
bonus3,60.5,0.932,1
bonus3,60.5,0.962,1
bonus3,60.6,0.885,1
bonus3,60.6,0.912,1
bonus3,60.6,0.927,1
bonus3,60.6,0.932,1
bonus3,60.6,0.957,1
bonus3,60.6,0.967,1
bonus3,60.7,0.855,1
bonus3,60.7,0.885,1
bonus3,60.7,0.922,1
bonus3,60.8,0.738,1
bonus3,60.8,0.885,1
bonus3,60.8,0.937,2
bonus3,60.9,0.843,1
bonus3,60.9,0.898,1
bonus3,60.9,0.903,1
bonus3,60.9,0.908,1
bonus3,60.9,0.932,2
bonus3,60.9,0.941,1
bonus3,61,0.922,1
bonus3,61,0.952,1
bonus3,61,0.962,1
bonus3,61.1,0.827,1
bonus3,61.1,0.851,2
bonus3,61.1,0.885,1
bonus3,61.1,0.894,2
bonus3,61.1,0.898,1
bonus3,61.1,0.917,1
bonus3,61.1,0.922,1
bonus3,61.2,0.794,1
bonus3,61.2,0.801,1
bonus3,61.2,0.819,1
bonus3,61.2,0.859,1
bonus3,61.2,0.898,1
bonus3,61.2,0.932,1
bonus3,61.2,0.947,2
bonus3,61.2,0.989,1
bonus3,61.3,0.79,1
bonus3,61.3,0.819,1
bonus3,61.3,0.885,1
bonus3,61.3,0.912,1
bonus3,61.3,0.927,1
bonus3,61.3,0.932,1
bonus3,61.3,0.937,1
bonus3,61.3,0.957,1
bonus3,61.4,0.816,1
bonus3,61.4,0.859,1
bonus3,61.4,0.863,1
bonus3,61.4,0.885,1
bonus3,61.4,0.898,1
bonus3,61.4,0.908,1
bonus3,61.4,0.912,1
bonus3,61.4,0.922,1
bonus3,61.4,0.937,1
bonus3,61.4,0.967,1
bonus3,61.5,0.756,1
bonus3,61.5,0.812,1
bonus3,61.5,0.843,1
bonus3,61.5,0.903,1
bonus3,61.5,0.908,1
bonus3,61.5,0.932,1
bonus3,61.5,0.937,1
bonus3,61.5,0.957,1
bonus3,61.5,0.967,1
bonus3,61.6,0.927,1
bonus3,61.6,0.937,1
bonus3,61.6,0.967,1
bonus3,61.7,0.72,1
bonus3,61.7,0.801,1
bonus3,61.7,0.843,1
bonus3,61.7,0.863,1
bonus3,61.7,0.908,1
bonus3,61.7,0.927,1
bonus3,61.7,0.937,2
bonus3,61.7,0.952,1
bonus3,61.7,0.957,2
bonus3,61.8,0.783,1
bonus3,61.8,0.885,1
bonus3,61.8,0.894,1
bonus3,61.8,0.898,1
bonus3,61.8,0.903,1
bonus3,61.8,0.917,1
bonus3,61.8,0.927,1
bonus3,61.8,0.947,1
bonus3,61.8,0.952,1
bonus3,61.8,0.957,1
bonus3,61.9,0.808,1
bonus3,61.9,0.855,1
bonus3,61.9,0.908,2
bonus3,61.9,0.917,2
bonus3,61.9,0.932,1
bonus3,61.9,0.941,1
bonus3,61.9,0.947,1
bonus3,61.9,0.952,1
bonus3,62,0.912,1
bonus3,62,0.927,1
bonus3,62,0.937,2
bonus3,62,0.962,1
bonus3,62.1,0.847,1
bonus3,62.1,0.922,2
bonus3,62.1,0.927,1
bonus3,62.1,0.947,1
bonus3,62.1,0.952,1
bonus3,62.2,0.741,1
bonus3,62.2,0.831,1
bonus3,62.2,0.835,1
bonus3,62.2,0.839,2
bonus3,62.2,0.885,1
bonus3,62.2,0.912,2
bonus3,62.2,0.922,2
bonus3,62.2,0.941,2
bonus3,62.3,0.763,1
bonus3,62.3,0.776,1
bonus3,62.3,0.851,1
bonus3,62.3,0.917,1
bonus3,62.3,0.927,1
bonus3,62.3,0.941,1
bonus3,62.3,0.957,2
bonus3,62.4,0.831,1
bonus3,62.4,0.894,1
bonus3,62.4,0.903,1
bonus3,62.4,0.922,1
bonus3,62.4,0.927,1
bonus3,62.4,0.941,1
bonus3,62.4,0.947,1
bonus3,62.4,0.952,2
bonus3,62.4,0.957,1
bonus3,62.5,0.819,1
bonus3,62.5,0.868,1
bonus3,62.5,0.876,1
bonus3,62.5,0.889,1
bonus3,62.5,0.903,2
bonus3,62.5,0.937,1
bonus3,62.5,0.947,1
bonus3,62.6,0.885,1
bonus3,62.6,0.908,1
bonus3,62.6,0.917,1
bonus3,62.6,0.927,1
bonus3,62.6,0.932,1
bonus3,62.7,0.66,1
bonus3,62.7,0.797,1
bonus3,62.7,0.835,1
bonus3,62.7,0.889,2
bonus3,62.7,0.894,1
bonus3,62.7,0.903,1
bonus3,62.7,0.922,1
bonus3,62.8,0.722,1
bonus3,62.8,0.75,1
bonus3,62.8,0.868,1
bonus3,62.8,0.903,1
bonus3,62.8,0.908,1
bonus3,62.8,0.917,1
bonus3,62.8,0.932,1
bonus3,62.9,0.868,1
bonus3,62.9,0.927,1
bonus3,63,0.694,1
bonus3,63,0.805,1
bonus3,63,0.827,1
bonus3,63,0.855,1
bonus3,63,0.894,1
bonus3,63,0.898,1
bonus3,63,0.927,1
bonus3,63.1,0.812,2
bonus3,63.1,0.835,1
bonus3,63.1,0.843,1
bonus3,63.1,0.876,1
bonus3,63.1,0.898,1
bonus3,63.1,0.917,1
bonus3,63.2,0.766,1
bonus3,63.2,0.851,1
bonus3,63.2,0.868,1
bonus3,63.2,0.898,1
bonus3,63.2,0.912,1
bonus3,63.2,0.927,1
bonus3,63.2,0.937,1
bonus3,63.2,0.957,1
bonus3,63.3,0.894,1
bonus3,63.3,0.917,2
bonus3,63.3,0.947,1
bonus3,63.3,0.952,1
bonus3,63.3,0.962,1
bonus3,63.3,0.967,1
bonus3,63.4,0.72,1
bonus3,63.4,0.827,1
bonus3,63.4,0.859,1
bonus3,63.4,0.917,2
bonus3,63.4,0.932,1
bonus3,63.4,0.957,1
bonus3,63.5,0.847,1
bonus3,63.5,0.859,2
bonus3,63.5,0.885,1
bonus3,63.5,0.947,1
bonus3,63.5,0.952,1
bonus3,63.5,0.957,1
bonus3,63.5,0.967,1
bonus3,63.6,0.75,1
bonus3,63.6,0.839,1
bonus3,63.6,0.843,1
bonus3,63.6,0.881,1
bonus3,63.6,0.917,1
bonus3,63.6,0.922,1
bonus3,63.6,0.932,1
bonus3,63.7,0.753,1
bonus3,63.7,0.847,1
bonus3,63.7,0.941,2
bonus3,63.7,0.952,1
bonus3,63.8,0.801,1
bonus3,63.8,0.839,1
bonus3,63.8,0.876,1
bonus3,63.8,0.894,1
bonus3,63.8,0.912,1
bonus3,63.8,0.917,1
bonus3,63.8,0.927,1
bonus3,63.8,0.947,1
bonus3,63.8,0.967,1
bonus3,63.9,0.67,1
bonus3,63.9,0.812,1
bonus3,63.9,0.816,1
bonus3,63.9,0.908,1
bonus3,63.9,0.912,2
bonus3,63.9,0.922,2
bonus3,63.9,0.932,2
bonus3,63.9,0.967,1
bonus3,64,0.744,1
bonus3,64,0.747,1
bonus3,64,0.819,1
bonus3,64,0.823,1
bonus3,64,0.843,1
bonus3,64,0.881,2
bonus3,64,0.917,1
bonus3,64,0.927,1
bonus3,64,0.932,1
bonus3,64,0.937,2
bonus3,64,0.941,1
bonus3,64,0.947,1
bonus3,64,0.967,1
bonus3,64.1,0.819,1
bonus3,64.1,0.859,1
bonus3,64.1,0.894,1
bonus3,64.1,0.898,1
bonus3,64.1,0.922,1
bonus3,64.1,0.947,1
bonus3,64.2,0.648,1
bonus3,64.2,0.851,1
bonus3,64.2,0.889,1
bonus3,64.2,0.917,1
bonus3,64.2,0.947,1
bonus3,64.2,0.952,1
bonus3,64.2,0.967,1
bonus3,64.3,0.711,1
bonus3,64.3,0.851,1
bonus3,64.3,0.868,1
bonus3,64.3,0.889,1
bonus3,64.3,0.894,1
bonus3,64.3,0.932,1
bonus3,64.3,0.957,2
bonus3,64.4,0.831,1
bonus3,64.4,0.898,1
bonus3,64.4,0.932,3
bonus3,64.4,0.937,3
bonus3,64.4,0.947,1
bonus3,64.4,0.952,1
bonus3,64.4,0.957,1
bonus3,64.5,0.702,1
bonus3,64.5,0.763,1
bonus3,64.5,0.855,1
bonus3,64.5,0.898,2
bonus3,64.5,0.917,1
bonus3,64.5,0.922,1
bonus3,64.5,0.941,1
bonus3,64.6,0.773,1
bonus3,64.6,0.839,1
bonus3,64.6,0.863,1
bonus3,64.6,0.922,1
bonus3,64.6,0.932,1
bonus3,64.6,0.941,3
bonus3,64.6,0.962,1
bonus3,64.7,0.773,1
bonus3,64.7,0.839,1
bonus3,64.7,0.872,1
bonus3,64.7,0.912,2
bonus3,64.7,0.932,1
bonus3,64.7,0.947,1
bonus3,64.8,0.697,1
bonus3,64.8,0.797,1
bonus3,64.8,0.851,1
bonus3,64.8,0.876,1
bonus3,64.8,0.881,1
bonus3,64.8,0.885,1
bonus3,64.8,0.889,1
bonus3,64.8,0.903,1
bonus3,64.8,0.922,1
bonus3,64.8,0.941,1
bonus3,64.8,0.957,1
bonus3,64.9,0.676,1
bonus3,64.9,0.847,1
bonus3,64.9,0.927,1
bonus3,64.9,0.941,2
bonus3,64.9,0.952,1
bonus3,64.9,0.957,2
bonus3,64.9,0.967,1
bonus3,65,0.766,1
bonus3,65,0.808,1
bonus3,65,0.819,1
bonus3,65,0.894,1
bonus3,65,0.898,1
bonus3,65,0.922,1
bonus3,65,0.932,1
bonus3,65,0.947,1
bonus3,65,0.952,1
bonus3,65,0.957,1
bonus3,65.1,0.831,1
bonus3,65.1,0.843,1
bonus3,65.1,0.868,1
bonus3,65.1,0.917,1
bonus3,65.1,0.947,1
bonus3,65.1,0.957,1
bonus3,65.2,0.79,1
bonus3,65.2,0.843,1
bonus3,65.2,0.903,1
bonus3,65.2,0.917,1
bonus3,65.2,0.922,1
bonus3,65.2,0.927,1
bonus3,65.2,0.947,1
bonus3,65.2,0.957,1
bonus3,65.3,0.731,1
bonus3,65.3,0.797,1
bonus3,65.3,0.881,1
bonus3,65.3,0.922,1
bonus3,65.3,0.947,1
bonus3,65.3,0.962,1
bonus3,65.4,0.816,1
bonus3,65.4,0.847,2
bonus3,65.4,0.872,1
bonus3,65.4,0.898,1
bonus3,65.4,0.908,1
bonus3,65.4,0.917,1
bonus3,65.4,0.937,1
bonus3,65.5,0.868,1
bonus3,65.5,0.889,1
bonus3,65.5,0.894,1
bonus3,65.5,0.917,2
bonus3,65.5,0.922,1
bonus3,65.6,0.827,1
bonus3,65.6,0.898,1
bonus3,65.6,0.917,1
bonus3,65.6,0.922,1
bonus3,65.7,0.773,1
bonus3,65.7,0.812,1
bonus3,65.7,0.922,1
bonus3,65.7,0.932,2
bonus3,65.7,0.947,1
bonus3,65.7,0.967,1
bonus3,65.8,0.648,1
bonus3,65.8,0.851,1
bonus3,65.8,0.859,1
bonus3,65.8,0.868,1
bonus3,65.8,0.894,1
bonus3,65.8,0.908,1
bonus3,65.8,0.927,1
bonus3,65.8,0.932,1
bonus3,65.8,0.967,1
bonus3,65.9,0.619,1
bonus3,65.9,0.847,1
bonus3,65.9,0.876,1
bonus3,65.9,0.898,1
bonus3,65.9,0.912,1
bonus3,65.9,0.932,1
bonus3,65.9,0.937,1
bonus3,66,0.738,1
bonus3,66,0.77,1
bonus3,66,0.831,1
bonus3,66,0.872,1
bonus3,66,0.876,1
bonus3,66,0.885,2
bonus3,66,0.894,1
bonus3,66,0.912,3
bonus3,66,0.932,1
bonus3,66,0.957,2
bonus3,66.1,0.797,1
bonus3,66.1,0.823,1
bonus3,66.1,0.863,1
bonus3,66.1,0.932,1
bonus3,66.1,0.941,1
bonus3,66.1,0.957,1
bonus3,66.2,0.847,1
bonus3,66.2,0.851,1
bonus3,66.2,0.903,1
bonus3,66.2,0.937,1
bonus3,66.2,0.941,2
bonus3,66.3,0.876,2
bonus3,66.3,0.885,1
bonus3,66.3,0.917,2
bonus3,66.3,0.922,1
bonus3,66.3,0.962,2
bonus3,66.4,0.741,1
bonus3,66.4,0.851,1
bonus3,66.4,0.859,1
bonus3,66.4,0.889,1
bonus3,66.4,0.898,1
bonus3,66.4,0.932,1
bonus3,66.4,0.952,1
bonus3,66.5,0.753,1
bonus3,66.5,0.831,1
bonus3,66.5,0.863,1
bonus3,66.5,0.898,1
bonus3,66.5,0.908,1
bonus3,66.5,0.917,2
bonus3,66.5,0.922,1
bonus3,66.5,0.932,2
bonus3,66.5,0.937,1
bonus3,66.5,0.941,1
bonus3,66.5,0.978,1
bonus3,66.6,0.885,2
bonus3,66.6,0.889,1
bonus3,66.6,0.894,1
bonus3,66.6,0.912,1
bonus3,66.6,0.922,2
bonus3,66.6,0.927,2
bonus3,66.6,0.932,1
bonus3,66.6,0.937,1
bonus3,66.6,0.947,1
bonus3,66.6,0.952,1
bonus3,66.7,0.823,1
bonus3,66.7,0.912,1
bonus3,66.7,0.927,1
bonus3,66.7,0.937,1
bonus3,66.7,0.941,1
bonus3,66.7,0.962,1
bonus3,66.8,0.823,1
bonus3,66.8,0.872,2
bonus3,66.8,0.876,1
bonus3,66.8,0.898,1
bonus3,66.8,0.903,1
bonus3,66.8,0.932,1
bonus3,66.8,0.947,1
bonus3,66.8,0.952,1
bonus3,66.9,0.863,1
bonus3,66.9,0.917,1
bonus3,66.9,0.947,1
bonus3,67,0.787,1
bonus3,67,0.876,1
bonus3,67,0.885,1
bonus3,67,0.903,2
bonus3,67,0.917,1
bonus3,67,0.922,1
bonus3,67,0.952,1
bonus3,67.1,0.728,1
bonus3,67.1,0.823,1
bonus3,67.1,0.847,1
bonus3,67.1,0.927,1
bonus3,67.1,0.932,2
bonus3,67.1,0.937,1
bonus3,67.1,0.947,1
bonus3,67.2,0.615,1
bonus3,67.2,0.776,1
bonus3,67.2,0.79,1
bonus3,67.2,0.889,1
bonus3,67.2,0.947,3
bonus3,67.3,0.823,1
bonus3,67.3,0.927,1
bonus3,67.3,0.932,2
bonus3,67.4,0.868,1
bonus3,67.4,0.881,1
bonus3,67.4,0.885,1
bonus3,67.4,0.894,1
bonus3,67.4,0.912,1
bonus3,67.4,0.937,3
bonus3,67.4,0.947,1
bonus3,67.5,0.843,2
bonus3,67.5,0.855,1
bonus3,67.5,0.876,1
bonus3,67.5,0.932,3
bonus3,67.5,0.952,1
bonus3,67.5,0.957,1
bonus3,67.6,0.747,1
bonus3,67.6,0.835,1
bonus3,67.6,0.855,1
bonus3,67.6,0.868,1
bonus3,67.6,0.885,1
bonus3,67.6,0.889,1
bonus3,67.6,0.898,1
bonus3,67.6,0.903,1
bonus3,67.6,0.912,1
bonus3,67.6,0.927,1
bonus3,67.6,0.941,2
bonus3,67.7,0.797,2
bonus3,67.7,0.855,1
bonus3,67.7,0.881,1
bonus3,67.7,0.885,1
bonus3,67.7,0.912,1
bonus3,67.7,0.937,2
bonus3,67.7,0.962,1
bonus3,67.8,0.827,1
bonus3,67.8,0.835,1
bonus3,67.8,0.922,1
bonus3,67.8,0.932,1
bonus3,67.8,0.937,1
bonus3,67.8,0.941,1
bonus3,67.9,0.831,1
bonus3,67.9,0.881,1
bonus3,67.9,0.898,1
bonus3,67.9,0.908,1
bonus3,67.9,0.927,1
bonus3,67.9,0.932,1
bonus3,67.9,0.937,1
bonus3,67.9,0.947,1
bonus3,68,0.747,1
bonus3,68,0.816,1
bonus3,68,0.863,1
bonus3,68,0.889,1
bonus3,68,0.894,1
bonus3,68,0.898,1
bonus3,68,0.912,1
bonus3,68,0.927,1
bonus3,68,0.932,1
bonus3,68,0.937,1
bonus3,68.1,0.823,1
bonus3,68.1,0.868,1
bonus3,68.1,0.885,1
bonus3,68.1,0.903,1
bonus3,68.1,0.947,1
bonus3,68.2,0.912,1
bonus3,68.2,0.932,1
bonus3,68.3,0.741,1
bonus3,68.3,0.797,1
bonus3,68.3,0.872,1
bonus3,68.3,0.903,1
bonus3,68.3,0.908,1
bonus3,68.3,0.932,1
bonus3,68.3,0.937,2
bonus3,68.3,0.947,1
bonus3,68.3,0.952,1
bonus3,68.3,0.957,1
bonus3,68.4,0.885,1
bonus3,68.4,0.908,1
bonus3,68.4,0.922,1
bonus3,68.4,0.927,2
bonus3,68.4,0.937,1
bonus3,68.4,0.947,1
bonus3,68.5,0.819,1
bonus3,68.5,0.831,1
bonus3,68.5,0.859,1
bonus3,68.5,0.863,1
bonus3,68.5,0.868,1
bonus3,68.5,0.912,1
bonus3,68.5,0.922,1
bonus3,68.5,0.927,1
bonus3,68.5,0.932,1
bonus3,68.5,0.947,1
bonus3,68.5,0.957,2
bonus3,68.5,0.962,1
bonus3,68.6,0.835,1
bonus3,68.6,0.868,3
bonus3,68.6,0.898,1
bonus3,68.6,0.922,2
bonus3,68.6,0.941,3
bonus3,68.7,0.805,1
bonus3,68.7,0.823,1
bonus3,68.7,0.859,1
bonus3,68.7,0.903,1
bonus3,68.7,0.927,3
bonus3,68.7,0.932,1
bonus3,68.7,0.947,1
bonus3,68.8,0.797,1
bonus3,68.8,0.823,1
bonus3,68.8,0.843,1
bonus3,68.8,0.894,1
bonus3,68.8,0.917,1
bonus3,68.8,0.927,1
bonus3,68.9,0.797,2
bonus3,68.9,0.812,1
bonus3,68.9,0.912,1
bonus3,68.9,0.957,1
bonus3,69,0.744,1
bonus3,69,0.839,1
bonus3,69,0.876,1
bonus3,69,0.937,1
bonus3,69,0.952,1
bonus3,69.1,0.794,1
bonus3,69.1,0.823,1
bonus3,69.1,0.851,2
bonus3,69.1,0.868,1
bonus3,69.1,0.908,1
bonus3,69.1,0.927,1
bonus3,69.1,0.941,1
bonus3,69.1,0.947,1
bonus3,69.1,0.952,1
bonus3,69.1,0.962,1
bonus3,69.2,0.773,1
bonus3,69.2,0.908,1
bonus3,69.2,0.922,1
bonus3,69.2,0.932,1
bonus3,69.2,0.947,1
bonus3,69.3,0.776,1
bonus3,69.3,0.876,1
bonus3,69.3,0.885,1
bonus3,69.3,0.894,2
bonus3,69.3,0.903,1
bonus3,69.3,0.941,1
bonus3,69.4,0.851,1
bonus3,69.4,0.872,1
bonus3,69.4,0.908,1
bonus3,69.4,0.912,1
bonus3,69.4,0.922,2
bonus3,69.4,0.947,1
bonus3,69.4,0.957,1
bonus3,69.5,0.711,1
bonus3,69.5,0.827,1
bonus3,69.5,0.851,1
bonus3,69.5,0.922,1
bonus3,69.6,0.606,1
bonus3,69.6,0.797,1
bonus3,69.6,0.859,1
bonus3,69.6,0.898,1
bonus3,69.6,0.922,1
bonus3,69.6,0.937,1
bonus3,69.6,0.941,2
bonus3,69.6,0.962,1
bonus3,69.7,0.831,1
bonus3,69.7,0.889,1
bonus3,69.7,0.898,1
bonus3,69.7,0.927,1
bonus3,69.7,0.947,1
bonus3,69.8,0.734,1
bonus3,69.8,0.843,1
bonus3,69.8,0.847,1
bonus3,69.8,0.868,1
bonus3,69.8,0.885,1
bonus3,69.8,0.912,1
bonus3,69.8,0.927,1
bonus3,69.8,0.937,1
bonus3,69.8,0.941,1
bonus3,69.8,0.957,1
bonus3,69.9,0.75,1
bonus3,69.9,0.859,1
bonus3,69.9,0.898,1
bonus3,69.9,0.932,1
bonus3,69.9,0.941,1
bonus3,69.9,0.962,1
bonus3,70,0.683,1
bonus3,70,0.702,1
bonus3,70,0.805,1
bonus3,70,0.843,1
bonus3,70,0.908,1
bonus3,70,0.917,1
bonus3,70,0.927,1
bonus3,70,0.932,2
bonus3,70,0.947,1
bonus3,70.1,0.665,1
bonus3,70.1,0.79,1
bonus3,70.1,0.843,1
bonus3,70.1,0.859,1
bonus3,70.1,0.876,1
bonus3,70.1,0.881,1
bonus3,70.1,0.885,1
bonus3,70.1,0.912,2
bonus3,70.1,0.932,1
bonus3,70.1,0.952,2
bonus3,70.1,0.957,1
bonus3,70.2,0.885,1
bonus3,70.2,0.898,1
bonus3,70.2,0.903,1
bonus3,70.2,0.912,1
bonus3,70.2,0.922,1
bonus3,70.2,0.941,1
bonus3,70.3,0.77,1
bonus3,70.3,0.881,1
bonus3,70.3,0.908,1
bonus3,70.3,0.927,1
bonus3,70.3,0.937,1
bonus3,70.3,0.957,1
bonus3,70.3,0.962,1
bonus3,70.4,0.812,1
bonus3,70.4,0.847,1
bonus3,70.4,0.859,1
bonus3,70.4,0.872,1
bonus3,70.4,0.898,1
bonus3,70.4,0.922,1
bonus3,70.4,0.932,1
bonus3,70.4,0.947,1
bonus3,70.4,0.952,1
bonus3,70.5,0.738,1
bonus3,70.5,0.783,1
bonus3,70.5,0.859,1
bonus3,70.5,0.868,1
bonus3,70.5,0.908,1
bonus3,70.5,0.957,1
bonus3,70.6,0.839,1
bonus3,70.6,0.881,1
bonus3,70.6,0.894,1
bonus3,70.6,0.898,1
bonus3,70.6,0.908,1
bonus3,70.6,0.917,1
bonus3,70.6,0.927,1
bonus3,70.7,0.819,1
bonus3,70.7,0.894,2
bonus3,70.7,0.898,1
bonus3,70.7,0.927,2
bonus3,70.7,0.941,1
bonus3,70.7,0.947,1
bonus3,70.8,0.917,1
bonus3,70.8,0.932,1
bonus3,70.8,0.947,2
bonus3,70.8,0.957,2
bonus3,70.9,0.831,1
bonus3,70.9,0.851,1
bonus3,70.9,0.872,1
bonus3,70.9,0.908,1
bonus3,70.9,0.917,1
bonus3,70.9,0.937,1
bonus3,71,0.805,1
bonus3,71,0.808,1
bonus3,71,0.903,1
bonus3,71,0.922,2
bonus3,71,0.937,2
bonus3,71,0.947,1
bonus3,71,0.957,1
bonus3,71.1,0.717,1
bonus3,71.1,0.808,1
bonus3,71.1,0.823,1
bonus3,71.1,0.863,1
bonus3,71.1,0.894,3
bonus3,71.1,0.908,1
bonus3,71.1,0.917,2
bonus3,71.1,0.922,1
bonus3,71.1,0.937,1
bonus3,71.2,0.894,1
bonus3,71.2,0.908,2
bonus3,71.2,0.932,1
bonus3,71.2,0.947,1
bonus3,71.3,0.513,1
bonus3,71.3,0.801,1
bonus3,71.3,0.823,1
bonus3,71.3,0.827,1
bonus3,71.3,0.863,1
bonus3,71.3,0.889,1
bonus3,71.3,0.917,1
bonus3,71.3,0.922,1
bonus3,71.3,0.937,1
bonus3,71.3,0.941,1
bonus3,71.4,0.805,1
bonus3,71.4,0.808,1
bonus3,71.4,0.868,1
bonus3,71.4,0.876,1
bonus3,71.4,0.908,1
bonus3,71.4,0.912,1
bonus3,71.4,0.932,1
bonus3,71.5,0.847,1
bonus3,71.5,0.889,1
bonus3,71.5,0.912,1
bonus3,71.5,0.927,1
bonus3,71.6,0.77,1
bonus3,71.6,0.805,1
bonus3,71.6,0.812,1
bonus3,71.6,0.843,1
bonus3,71.6,0.851,1
bonus3,71.6,0.894,1
bonus3,71.6,0.917,1
bonus3,71.6,0.932,1
bonus3,71.6,0.947,1
bonus3,71.6,0.967,1
bonus3,71.7,0.839,1
bonus3,71.7,0.843,1
bonus3,71.7,0.851,1
bonus3,71.7,0.881,1
bonus3,71.7,0.885,1
bonus3,71.7,0.912,1
bonus3,71.7,0.922,4
bonus3,71.7,0.941,1
bonus3,71.7,0.947,1
bonus3,71.8,0.702,1
bonus3,71.8,0.741,1
bonus3,71.8,0.863,1
bonus3,71.8,0.876,1
bonus3,71.8,0.894,1
bonus3,71.8,0.912,1
bonus3,71.8,0.922,1
bonus3,71.8,0.941,1
bonus3,71.8,0.947,1
bonus3,71.8,0.957,1
bonus3,71.9,0.863,1
bonus3,71.9,0.894,1
bonus3,71.9,0.922,1
bonus3,71.9,0.927,1
bonus3,71.9,0.937,2
bonus3,71.9,0.941,1
bonus3,71.9,0.947,1
bonus3,71.9,0.952,2
bonus3,72,0.843,1
bonus3,72,0.876,1
bonus3,72,0.912,1
bonus3,72,0.927,1
bonus3,72.1,0.763,1
bonus3,72.1,0.847,1
bonus3,72.1,0.872,1
bonus3,72.1,0.876,1
bonus3,72.1,0.903,1
bonus3,72.1,0.937,1
bonus3,72.1,0.941,1
bonus3,72.2,0.903,1
bonus3,72.2,0.908,1
bonus3,72.2,0.922,1
bonus3,72.2,0.941,1
bonus3,72.2,0.957,1
bonus3,72.3,0.843,1
bonus3,72.3,0.868,2
bonus3,72.3,0.876,1
bonus3,72.3,0.881,1
bonus3,72.3,0.908,1
bonus3,72.3,0.922,2
bonus3,72.3,0.947,1
bonus3,72.3,0.967,1
bonus3,72.4,0.894,1
bonus3,72.4,0.912,2
bonus3,72.5,0.868,1
bonus3,72.5,0.917,2
bonus3,72.5,0.922,1
bonus3,72.5,0.941,1
bonus3,72.5,0.947,1
bonus3,72.5,0.952,2
bonus3,72.5,0.957,1
bonus3,72.6,0.808,1
bonus3,72.6,0.855,1
bonus3,72.6,0.868,1
bonus3,72.6,0.876,1
bonus3,72.6,0.881,1
bonus3,72.6,0.912,1
bonus3,72.6,0.922,1
bonus3,72.6,0.941,1
bonus3,72.6,0.947,1
bonus3,72.7,0.577,1
bonus3,72.7,0.819,1
bonus3,72.7,0.885,2
bonus3,72.7,0.889,1
bonus3,72.7,0.898,1
bonus3,72.7,0.922,1
bonus3,72.7,0.932,1
bonus3,72.8,0.843,1
bonus3,72.8,0.872,1
bonus3,72.8,0.889,1
bonus3,72.8,0.894,1
bonus3,72.8,0.917,1
bonus3,72.9,0.632,1
bonus3,72.9,0.77,1
bonus3,72.9,0.835,1
bonus3,72.9,0.839,1
bonus3,72.9,0.859,1
bonus3,72.9,0.872,1
bonus3,72.9,0.903,1
bonus3,72.9,0.927,1
bonus3,73,0.794,1
bonus3,73,0.812,1
bonus3,73,0.881,1
bonus3,73,0.912,1
bonus3,73,0.917,1
bonus3,73,0.932,1
bonus3,73,0.937,1
bonus3,73,0.941,1
bonus3,73,0.947,1
bonus3,73,0.952,1
bonus3,73,0.957,2
bonus3,73.1,0.827,1
bonus3,73.1,0.898,1
bonus3,73.1,0.912,1
bonus3,73.1,0.917,1
bonus3,73.1,0.927,1
bonus3,73.1,0.932,2
bonus3,73.1,0.952,1
bonus3,73.1,0.962,1
bonus3,73.2,0.812,1
bonus3,73.2,0.855,1
bonus3,73.2,0.863,1
bonus3,73.2,0.922,1
bonus3,73.2,0.932,1
bonus3,73.2,0.941,1
bonus3,73.2,0.947,2
bonus3,73.3,0.816,1
bonus3,73.3,0.868,1
bonus3,73.3,0.912,1
bonus3,73.3,0.922,1
bonus3,73.4,0.839,1
bonus3,73.4,0.851,1
bonus3,73.4,0.863,1
bonus3,73.4,0.908,1
bonus3,73.4,0.912,1
bonus3,73.4,0.922,3
bonus3,73.4,0.937,1
bonus3,73.4,0.957,1
bonus3,73.5,0.67,1
bonus3,73.5,0.79,1
bonus3,73.5,0.805,1
bonus3,73.5,0.903,1
bonus3,73.5,0.917,1
bonus3,73.5,0.927,2
bonus3,73.5,0.932,1
bonus3,73.5,0.937,1
bonus3,73.5,0.941,1
bonus3,73.5,0.947,1
bonus3,73.5,0.957,1
bonus3,73.6,0.77,1
bonus3,73.6,0.823,1
bonus3,73.6,0.843,1
bonus3,73.6,0.912,2
bonus3,73.6,0.922,2
bonus3,73.6,0.932,1
bonus3,73.6,0.967,1
bonus3,73.7,0.868,1
bonus3,73.7,0.894,1
bonus3,73.7,0.898,1
bonus3,73.7,0.941,1
bonus3,73.7,0.957,1
bonus3,73.8,0.776,1
bonus3,73.8,0.881,1
bonus3,73.8,0.885,1
bonus3,73.8,0.947,1
bonus3,73.8,0.957,1
bonus3,73.8,0.967,1
bonus3,73.9,0.75,1
bonus3,73.9,0.827,1
bonus3,73.9,0.835,1
bonus3,73.9,0.898,1
bonus3,73.9,0.912,1
bonus3,73.9,0.927,1
bonus3,73.9,0.947,1
bonus3,74,0.889,1
bonus3,74,0.908,1
bonus3,74,0.941,1
bonus3,74,0.952,1
bonus3,74.1,0.766,1
bonus3,74.1,0.783,1
bonus3,74.1,0.801,1
bonus3,74.1,0.851,1
bonus3,74.1,0.859,1
bonus3,74.1,0.872,1
bonus3,74.1,0.912,1
bonus3,74.1,0.922,1
bonus3,74.1,0.941,1
bonus3,74.1,0.957,2
bonus3,74.2,0.827,1
bonus3,74.2,0.835,1
bonus3,74.2,0.885,1
bonus3,74.2,0.908,1
bonus3,74.2,0.912,1
bonus3,74.2,0.932,1
bonus3,74.2,0.941,2
bonus3,74.2,0.957,1
bonus3,74.3,0.628,1
bonus3,74.3,0.794,1
bonus3,74.3,0.859,1
bonus3,74.3,0.903,1
bonus3,74.3,0.932,1
bonus3,74.3,0.957,1
bonus3,74.4,0.808,1
bonus3,74.4,0.876,1
bonus3,74.4,0.889,1
bonus3,74.4,0.941,1
bonus3,74.4,0.947,1
bonus3,74.4,0.957,1
bonus3,74.4,0.967,1
bonus3,74.5,0.868,1
bonus3,74.5,0.872,1
bonus3,74.5,0.885,1
bonus3,74.5,0.917,1
bonus3,74.5,0.952,1
bonus3,74.6,0.744,1
bonus3,74.6,0.885,1
bonus3,74.6,0.894,1
bonus3,74.6,0.932,1
bonus3,74.6,0.947,1
bonus3,74.7,0.912,2
bonus3,74.7,0.927,1
bonus3,74.7,0.932,1
bonus3,74.7,0.941,1
bonus3,74.7,0.962,1
bonus3,74.8,0.917,1
bonus3,74.8,0.932,4
bonus3,74.8,0.937,1
bonus3,74.8,0.941,1
bonus3,74.8,0.952,1
bonus3,74.9,0.676,1
bonus3,74.9,0.843,2
bonus3,74.9,0.898,1
bonus3,74.9,0.912,1
bonus3,74.9,0.932,1
bonus3,74.9,0.941,1
bonus3,75,0.894,1
bonus3,75,0.898,1
bonus3,75,0.937,1
bonus3,75,0.947,1
bonus3,75.1,0.535,1
bonus3,75.1,0.805,1
bonus3,75.1,0.843,1
bonus3,75.1,0.863,1
bonus3,75.1,0.868,1
bonus3,75.1,0.876,1
bonus3,75.1,0.903,1
bonus3,75.1,0.912,1
bonus3,75.1,0.917,1
bonus3,75.1,0.927,1
bonus3,75.1,0.957,1
bonus3,75.2,0.783,1
bonus3,75.2,0.917,1
bonus3,75.2,0.922,1
bonus3,75.2,0.927,2
bonus3,75.2,0.941,1
bonus3,75.2,0.957,1
bonus3,75.2,0.962,1
bonus3,75.3,0.831,1
bonus3,75.3,0.885,1
bonus3,75.3,0.889,1
bonus3,75.3,0.927,1
bonus3,75.3,0.932,1
bonus3,75.3,0.952,1
bonus3,75.3,0.962,1
bonus3,75.4,0.676,1
bonus3,75.4,0.863,1
bonus3,75.4,0.881,1
bonus3,75.4,0.898,1
bonus3,75.4,0.941,1
bonus3,75.4,0.967,1
bonus3,75.5,0.648,1
bonus3,75.5,0.894,1
bonus3,75.5,0.903,2
bonus3,75.5,0.937,1
bonus3,75.5,0.947,1
bonus3,75.5,0.962,2
bonus3,75.5,0.967,1
bonus3,75.6,0.673,1
bonus3,75.6,0.747,1
bonus3,75.6,0.831,1
bonus3,75.6,0.885,1
bonus3,75.6,0.908,1
bonus3,75.6,0.922,1
bonus3,75.6,0.941,1
bonus3,75.7,0.738,1
bonus3,75.7,0.801,1
bonus3,75.7,0.863,1
bonus3,75.7,0.868,1
bonus3,75.7,0.885,2
bonus3,75.7,0.894,1
bonus3,75.7,0.917,1
bonus3,75.7,0.937,1
bonus3,75.7,0.952,1
bonus3,75.7,0.978,1
bonus3,75.8,0.827,1
bonus3,75.8,0.881,1
bonus3,75.8,0.889,1
bonus3,75.8,0.898,1
bonus3,75.8,0.932,1
bonus3,75.9,0.63,1
bonus3,75.9,0.823,1
bonus3,75.9,0.827,1
bonus3,75.9,0.835,1
bonus3,75.9,0.908,1
bonus3,75.9,0.932,1
bonus3,75.9,0.947,1
bonus3,75.9,0.962,1
bonus3,76,0.756,1
bonus3,76,0.783,1
bonus3,76,0.851,1
bonus3,76,0.859,1
bonus3,76,0.908,1
bonus3,76,0.937,1
bonus3,76,0.941,1
bonus3,76,0.947,1
bonus3,76.1,0.894,1
bonus3,76.1,0.927,2
bonus3,76.1,0.932,1
bonus3,76.1,0.941,1
bonus3,76.1,0.952,1
bonus3,76.1,0.957,1
bonus3,76.2,0.847,1
bonus3,76.2,0.876,2
bonus3,76.2,0.885,1
bonus3,76.2,0.894,1
bonus3,76.2,0.903,1
bonus3,76.2,0.912,1
bonus3,76.2,0.952,1
bonus3,76.3,0.805,1
bonus3,76.3,0.823,1
bonus3,76.3,0.876,1
bonus3,76.3,0.885,1
bonus3,76.3,0.917,1
bonus3,76.3,0.947,1
bonus3,76.3,0.957,1
bonus3,76.4,0.708,1
bonus3,76.4,0.885,1
bonus3,76.4,0.898,1
bonus3,76.4,0.917,1
bonus3,76.4,0.922,1
bonus3,76.4,0.962,1
bonus3,76.5,0.794,1
bonus3,76.5,0.797,1
bonus3,76.5,0.823,1
bonus3,76.5,0.894,1
bonus3,76.5,0.922,1
bonus3,76.5,0.952,1
bonus3,76.5,0.967,1
bonus3,76.6,0.77,1
bonus3,76.6,0.773,1
bonus3,76.6,0.787,1
bonus3,76.6,0.819,1
bonus3,76.6,0.868,1
bonus3,76.6,0.903,1
bonus3,76.6,0.912,1
bonus3,76.6,0.962,1
bonus3,76.6,0.967,1
bonus3,76.7,0.76,2
bonus3,76.7,0.863,1
bonus3,76.7,0.868,1
bonus3,76.7,0.898,1
bonus3,76.7,0.912,1
bonus3,76.7,0.932,1
bonus3,76.7,0.947,2
bonus3,76.7,0.952,1
bonus3,76.8,0.876,1
bonus3,76.8,0.894,1
bonus3,76.8,0.922,1
bonus3,76.8,0.932,1
bonus3,76.8,0.952,1
bonus3,76.9,0.691,1
bonus3,76.9,0.794,1
bonus3,76.9,0.847,1
bonus3,76.9,0.903,1
bonus3,76.9,0.912,1
bonus3,77,0.621,1
bonus3,77,0.819,1
bonus3,77,0.831,1
bonus3,77,0.839,1
bonus3,77,0.927,1
bonus3,77,0.937,1
bonus3,77,0.952,2
bonus3,77,0.967,1
bonus3,77.1,0.868,1
bonus3,77.1,0.912,1
bonus3,77.1,0.922,1
bonus3,77.2,0.823,1
bonus3,77.2,0.859,1
bonus3,77.2,0.889,1
bonus3,77.2,0.903,1
bonus3,77.2,0.912,1
bonus3,77.2,0.917,1
bonus3,77.2,0.922,1
bonus3,77.2,0.927,1
bonus3,77.2,0.932,2
bonus3,77.2,0.947,1
bonus3,77.3,0.885,1
bonus3,77.3,0.908,1
bonus3,77.3,0.947,1
bonus3,77.3,0.967,1
bonus3,77.4,0.77,1
bonus3,77.4,0.885,1
bonus3,77.4,0.898,1
bonus3,77.4,0.903,2
bonus3,77.4,0.922,1
bonus3,77.4,0.932,1
bonus3,77.4,0.937,1
bonus3,77.4,0.941,2
bonus3,77.4,0.947,1
bonus3,77.5,0.639,1
bonus3,77.5,0.805,1
bonus3,77.5,0.847,1
bonus3,77.5,0.885,1
bonus3,77.5,0.898,2
bonus3,77.5,0.922,1
bonus3,77.5,0.941,1
bonus3,77.6,0.835,1
bonus3,77.6,0.863,1
bonus3,77.6,0.868,1
bonus3,77.6,0.872,1
bonus3,77.6,0.941,2
bonus3,77.6,0.947,1
bonus3,77.7,0.903,1
bonus3,77.7,0.917,1
bonus3,77.7,0.932,1
bonus3,77.7,0.941,1
bonus3,77.7,0.967,1
bonus3,77.8,0.851,1
bonus3,77.8,0.863,1
bonus3,77.8,0.932,1
bonus3,77.8,0.947,1
bonus3,77.9,0.805,1
bonus3,77.9,0.881,1
bonus3,77.9,0.922,1
bonus3,77.9,0.927,1
bonus3,77.9,0.937,1
bonus3,77.9,0.941,1
bonus3,77.9,0.947,1
bonus3,77.9,0.952,1
bonus3,78,0.843,1
bonus3,78,0.917,1
bonus3,78,0.962,1
bonus3,78.1,0.75,1
bonus3,78.1,0.876,1
bonus3,78.1,0.881,1
bonus3,78.1,0.885,1
bonus3,78.1,0.917,1
bonus3,78.2,0.855,1
bonus3,78.2,0.912,1
bonus3,78.2,0.922,1
bonus3,78.2,0.952,1
bonus3,78.3,0.839,1
bonus3,78.3,0.894,1
bonus3,78.3,0.927,2
bonus3,78.3,0.932,1
bonus3,78.3,0.937,1
bonus3,78.3,0.952,1
bonus3,78.4,0.812,1
bonus3,78.4,0.894,1
bonus3,78.4,0.922,2
bonus3,78.4,0.927,1
bonus3,78.4,0.932,2
bonus3,78.4,0.952,1
bonus3,78.5,0.744,1
bonus3,78.5,0.816,1
bonus3,78.5,0.912,1
bonus3,78.5,0.922,2
bonus3,78.5,0.941,1
bonus3,78.6,0.77,1
bonus3,78.6,0.868,1
bonus3,78.6,0.889,1
bonus3,78.6,0.908,1
bonus3,78.6,0.912,2
bonus3,78.7,0.831,1
bonus3,78.7,0.894,1
bonus3,78.7,0.947,1
bonus3,78.8,0.79,1
bonus3,78.8,0.885,1
bonus3,78.8,0.927,1
bonus3,78.8,0.932,1
bonus3,78.8,0.937,1
bonus3,78.8,0.947,1
bonus3,78.8,0.957,1
bonus3,78.9,0.819,1
bonus3,78.9,0.843,1
bonus3,78.9,0.876,1
bonus3,78.9,0.885,1
bonus3,78.9,0.889,1
bonus3,78.9,0.912,1
bonus3,78.9,0.927,2
bonus3,78.9,0.937,1
bonus3,78.9,0.947,2
bonus3,78.9,0.952,1
bonus3,79,0.708,1
bonus3,79,0.773,1
bonus3,79,0.851,1
bonus3,79,0.859,1
bonus3,79,0.863,1
bonus3,79,0.885,1
bonus3,79,0.908,1
bonus3,79,0.927,1
bonus3,79,0.952,1
bonus3,79,0.957,1
bonus3,79.1,0.776,1
bonus3,79.1,0.876,1
bonus3,79.1,0.903,1
bonus3,79.1,0.908,1
bonus3,79.1,0.947,1
bonus3,79.2,0.776,1
bonus3,79.2,0.903,1
bonus3,79.2,0.912,1
bonus3,79.2,0.927,1
bonus3,79.2,0.932,1
bonus3,79.2,0.952,1
bonus3,79.3,0.823,1
bonus3,79.3,0.868,1
bonus3,79.3,0.876,1
bonus3,79.3,0.903,1
bonus3,79.3,0.912,1
bonus3,79.3,0.922,1
bonus3,79.3,0.947,1
bonus3,79.3,0.957,2
bonus3,79.4,0.801,2
bonus3,79.4,0.855,1
bonus3,79.4,0.898,3
bonus3,79.4,0.912,1
bonus3,79.4,0.927,1
bonus3,79.4,0.937,1
bonus3,79.4,0.967,1
bonus3,79.5,0.805,1
bonus3,79.5,0.851,1
bonus3,79.5,0.894,1
bonus3,79.5,0.898,1
bonus3,79.5,0.922,2
bonus3,79.5,0.927,2
bonus3,79.5,0.932,1
bonus3,79.5,0.941,1
bonus3,79.6,0.805,1
bonus3,79.6,0.908,1
bonus3,79.6,0.912,1
bonus3,79.6,0.941,1
bonus3,79.7,0.801,1
bonus3,79.7,0.805,1
bonus3,79.7,0.847,1
bonus3,79.7,0.903,1
bonus3,79.7,0.927,1
bonus3,79.7,0.937,1
bonus3,79.7,0.941,2
bonus3,79.7,0.947,1
bonus3,79.8,0.835,1
bonus3,79.8,0.932,1
bonus3,79.8,0.962,1
bonus3,79.8,0.967,1
bonus3,79.9,0.835,1
bonus3,79.9,0.881,1
bonus3,79.9,0.898,1
bonus3,79.9,0.937,1
bonus3,80,0.665,1
bonus3,80,0.843,1
bonus3,80,0.894,2
bonus3,80,0.927,2
bonus3,80,0.952,1
bonus3,80,0.957,1
bonus3,80,0.967,1
bonus3,80.1,0.783,1
bonus3,80.1,0.823,1
bonus3,80.1,0.843,2
bonus3,80.1,0.881,1
bonus3,80.1,0.927,2
bonus3,80.1,0.937,1
bonus3,80.1,0.957,1
bonus3,80.2,0.819,1
bonus3,80.2,0.851,1
bonus3,80.2,0.898,2
bonus3,80.2,0.937,1
bonus3,80.2,0.957,1
bonus3,80.3,0.741,1
bonus3,80.3,0.827,1
bonus3,80.3,0.859,1
bonus3,80.3,0.894,1
bonus3,80.3,0.917,1
bonus3,80.3,0.922,2
bonus3,80.3,0.937,2
bonus3,80.4,0.714,1
bonus3,80.4,0.78,1
bonus3,80.4,0.808,1
bonus3,80.4,0.868,1
bonus3,80.4,0.912,1
bonus3,80.4,0.922,1
bonus3,80.4,0.932,2
bonus3,80.4,0.937,1
bonus3,80.4,0.947,1
bonus3,80.5,0.912,1
bonus3,80.5,0.922,1
bonus3,80.5,0.927,1
bonus3,80.5,0.932,1
bonus3,80.5,0.937,1
bonus3,80.5,0.952,1
bonus3,80.5,0.957,2
bonus3,80.6,0.819,1
bonus3,80.6,0.843,1
bonus3,80.6,0.863,1
bonus3,80.6,0.894,1
bonus3,80.6,0.917,1
bonus3,80.6,0.927,1
bonus3,80.6,0.941,1
bonus3,80.6,0.947,1
bonus3,80.6,0.957,1
bonus3,80.7,0.812,2
bonus3,80.7,0.847,1
bonus3,80.7,0.872,1
bonus3,80.7,0.903,1
bonus3,80.7,0.932,1
bonus3,80.7,0.937,1
bonus3,80.8,0.697,1
bonus3,80.8,0.898,1
bonus3,80.8,0.937,2
bonus3,80.8,0.962,1
bonus3,80.9,0.812,1
bonus3,80.9,0.835,1
bonus3,80.9,0.843,1
bonus3,80.9,0.903,1
bonus3,80.9,0.908,1
bonus3,80.9,0.917,1
bonus3,81,0.76,1
bonus3,81,0.917,2
bonus3,81,0.932,2
bonus3,81,0.937,1
bonus3,81.1,0.773,1
bonus3,81.1,0.797,1
bonus3,81.1,0.831,1
bonus3,81.1,0.868,1
bonus3,81.1,0.885,2
bonus3,81.1,0.894,1
bonus3,81.1,0.912,1
bonus3,81.1,0.917,1
bonus3,81.2,0.831,1
bonus3,81.2,0.847,1
bonus3,81.2,0.941,1
bonus3,81.2,0.947,1
bonus3,81.2,0.967,1
bonus3,81.3,0.801,1
bonus3,81.3,0.835,1
bonus3,81.3,0.855,1
bonus3,81.3,0.868,1
bonus3,81.3,0.894,1
bonus3,81.3,0.903,1
bonus3,81.3,0.922,1
bonus3,81.3,0.927,1
bonus3,81.3,0.932,2
bonus3,81.3,0.937,2
bonus3,81.3,0.962,1
bonus3,81.4,0.783,1
bonus3,81.4,0.851,1
bonus3,81.4,0.922,1
bonus3,81.4,0.937,1
bonus3,81.4,0.941,1
bonus3,81.4,0.957,1
bonus3,81.4,0.967,1
bonus3,81.5,0.819,1
bonus3,81.5,0.831,1
bonus3,81.5,0.885,1
bonus3,81.5,0.889,2
bonus3,81.5,0.908,1
bonus3,81.5,0.922,1
bonus3,81.5,0.932,1
bonus3,81.5,0.937,1
bonus3,81.5,0.957,1
bonus3,81.6,0.827,1
bonus3,81.6,0.839,1
bonus3,81.6,0.927,1
bonus3,81.6,0.932,1
bonus3,81.6,0.941,1
bonus3,81.7,0.819,1
bonus3,81.7,0.847,1
bonus3,81.7,0.894,1
bonus3,81.7,0.908,1
bonus3,81.7,0.922,1
bonus3,81.7,0.937,1
bonus3,81.7,0.947,1
bonus3,81.7,0.957,1
bonus3,81.8,0.76,1
bonus3,81.8,0.908,1
bonus3,81.8,0.957,1
bonus3,81.8,0.967,1
bonus3,81.9,0.868,1
bonus3,81.9,0.912,1
bonus3,81.9,0.932,1
bonus3,81.9,0.937,1
bonus3,81.9,0.941,1
bonus3,81.9,0.947,1
bonus3,81.9,0.957,1
bonus3,82,0.644,1
bonus3,82,0.903,1
bonus3,82,0.908,1
bonus3,82,0.912,1
bonus3,82,0.927,1
bonus3,82,0.932,1
bonus3,82,0.941,1
bonus3,82,0.947,1
bonus3,82.1,0.894,1
bonus3,82.1,0.912,1
bonus3,82.1,0.922,1
bonus3,82.1,0.927,1
bonus3,82.1,0.941,1
bonus3,82.2,0.885,1
bonus3,82.2,0.947,1
bonus3,82.3,0.808,1
bonus3,82.3,0.859,1
bonus3,82.3,0.863,2
bonus3,82.3,0.903,1
bonus3,82.3,0.941,2
bonus3,82.4,0.876,1
bonus3,82.4,0.898,1
bonus3,82.4,0.903,2
bonus3,82.4,0.922,1
bonus3,82.4,0.941,1
bonus3,82.4,0.947,1
bonus3,82.4,0.962,1
bonus3,82.5,0.855,1
bonus3,82.5,0.868,1
bonus3,82.5,0.889,1
bonus3,82.5,0.922,1
bonus3,82.5,0.932,1
bonus3,82.6,0.644,1
bonus3,82.6,0.843,1
bonus3,82.6,0.912,1
bonus3,82.6,0.917,1
bonus3,82.6,0.967,1
bonus3,82.7,0.694,1
bonus3,82.7,0.868,1
bonus3,82.7,0.885,1
bonus3,82.7,0.894,1
bonus3,82.7,0.912,1
bonus3,82.7,0.917,1
bonus3,82.7,0.922,1
bonus3,82.7,0.927,1
bonus3,82.7,0.941,1
bonus3,82.7,0.947,1
bonus3,82.8,0.722,1
bonus3,82.8,0.734,1
bonus3,82.8,0.881,1
bonus3,82.8,0.922,1
bonus3,82.8,0.927,1
bonus3,82.8,0.941,1
bonus3,82.8,0.962,1
bonus3,82.8,0.967,1
bonus3,82.9,0.876,1
bonus3,82.9,0.922,1
bonus3,82.9,0.927,2
bonus3,82.9,0.932,1
bonus3,82.9,0.941,2
bonus3,82.9,0.947,1
bonus3,83,0.863,1
bonus3,83,0.872,1
bonus3,83,0.894,1
bonus3,83,0.903,1
bonus3,83,0.908,1
bonus3,83,0.912,1
bonus3,83,0.922,2
bonus3,83,0.932,1
bonus3,83,0.937,1
bonus3,83,0.941,1
bonus3,83,0.952,1
bonus3,83.1,0.797,1
bonus3,83.1,0.855,1
bonus3,83.1,0.868,1
bonus3,83.1,0.894,1
bonus3,83.1,0.912,1
bonus3,83.1,0.917,1
bonus3,83.1,0.927,1
bonus3,83.1,0.957,1
bonus3,83.2,0.839,1
bonus3,83.2,0.876,1
bonus3,83.2,0.881,1
bonus3,83.2,0.898,1
bonus3,83.2,0.917,1
bonus3,83.2,0.927,1
bonus3,83.2,0.941,1
bonus3,83.2,0.952,1
bonus3,83.3,0.851,1
bonus3,83.3,0.872,1
bonus3,83.3,0.908,1
bonus3,83.4,0.816,1
bonus3,83.4,0.839,1
bonus3,83.4,0.876,1
bonus3,83.4,0.922,1
bonus3,83.4,0.927,1
bonus3,83.5,0.801,1
bonus3,83.5,0.898,1
bonus3,83.5,0.937,2
bonus3,83.5,0.941,1
bonus3,83.5,0.952,1
bonus3,83.5,0.957,2
bonus3,83.6,0.894,1
bonus3,83.6,0.908,1
bonus3,83.6,0.952,1
bonus3,83.6,0.978,1
bonus3,83.7,0.876,1
bonus3,83.7,0.885,1
bonus3,83.7,0.889,1
bonus3,83.7,0.894,1
bonus3,83.7,0.927,1
bonus3,83.7,0.941,1
bonus3,83.7,0.947,1
bonus3,83.8,0.851,1
bonus3,83.8,0.885,1
bonus3,83.8,0.898,1
bonus3,83.8,0.903,1
bonus3,83.8,0.927,1
bonus3,83.8,0.932,1
bonus3,83.8,0.937,1
bonus3,83.9,0.835,1
bonus3,83.9,0.847,1
bonus3,83.9,0.912,1
bonus3,83.9,0.937,1
bonus3,83.9,0.941,1
bonus3,83.9,0.952,1
bonus3,83.9,0.957,1
bonus3,84,0.831,1
bonus3,84,0.855,1
bonus3,84,0.894,1
bonus3,84,0.903,1
bonus3,84,0.908,1
bonus3,84,0.912,1
bonus3,84,0.922,1
bonus3,84,0.967,1
bonus3,84.1,0.691,1
bonus3,84.1,0.756,1
bonus3,84.1,0.851,1
bonus3,84.1,0.876,1
bonus3,84.1,0.889,1
bonus3,84.1,0.894,1
bonus3,84.1,0.917,1
bonus3,84.1,0.927,1
bonus3,84.1,0.937,2
bonus3,84.1,0.947,1
bonus3,84.1,0.952,1
bonus3,84.2,0.756,1
bonus3,84.2,0.819,1
bonus3,84.2,0.881,1
bonus3,84.2,0.903,1
bonus3,84.2,0.917,1
bonus3,84.2,0.932,2
bonus3,84.2,0.937,1
bonus3,84.2,0.947,1
bonus3,84.2,0.952,1
bonus3,84.3,0.835,1
bonus3,84.3,0.876,1
bonus3,84.3,0.917,1
bonus3,84.3,0.922,1
bonus3,84.4,0.711,1
bonus3,84.4,0.763,1
bonus3,84.4,0.881,1
bonus3,84.4,0.885,1
bonus3,84.4,0.894,1
bonus3,84.4,0.937,1
bonus3,84.4,0.941,1
bonus3,84.5,0.859,1
bonus3,84.5,0.932,1
bonus3,84.5,0.937,1
bonus3,84.5,0.952,2
bonus3,84.6,0.872,1
bonus3,84.6,0.885,1
bonus3,84.6,0.908,1
bonus3,84.6,0.917,1
bonus3,84.6,0.922,1
bonus3,84.6,0.941,1
bonus3,84.7,0.872,1
bonus3,84.7,0.903,1
bonus3,84.7,0.908,1
bonus3,84.7,0.912,1
bonus3,84.7,0.917,1
bonus3,84.7,0.922,2
bonus3,84.7,0.937,1
bonus3,84.7,0.941,1
bonus3,84.7,0.957,1
bonus3,84.8,0.725,1
bonus3,84.8,0.776,1
bonus3,84.8,0.839,1
bonus3,84.8,0.843,1
bonus3,84.8,0.863,1
bonus3,84.8,0.894,1
bonus3,84.8,0.903,1
bonus3,84.8,0.917,2
bonus3,84.8,0.932,1
bonus3,84.8,0.937,1
bonus3,84.8,0.952,1
bonus3,84.8,0.957,1
bonus3,84.9,0.816,1
bonus3,84.9,0.859,1
bonus3,84.9,0.868,1
bonus3,84.9,0.894,1
bonus3,84.9,0.927,2
bonus3,84.9,0.932,1
bonus3,85,0.75,1
bonus3,85,0.908,1
bonus3,85,0.932,1
bonus3,85,0.941,2
bonus3,85,0.957,1
bonus3,85.1,0.776,1
bonus3,85.1,0.801,1
bonus3,85.1,0.912,1
bonus3,85.1,0.927,1
bonus3,85.1,0.932,1
bonus3,85.1,0.941,1
bonus3,85.1,0.947,1
bonus3,85.2,0.79,1
bonus3,85.2,0.843,1
bonus3,85.2,0.859,1
bonus3,85.2,0.898,1
bonus3,85.2,0.927,1
bonus3,85.2,0.941,1
bonus3,85.2,0.967,1
bonus3,85.3,0.773,1
bonus3,85.3,0.872,1
bonus3,85.3,0.903,1
bonus3,85.3,0.957,1
bonus3,85.3,0.962,1
bonus3,85.4,0.898,1
bonus3,85.4,0.903,1
bonus3,85.4,0.927,1
bonus3,85.4,0.937,1
bonus3,85.4,0.941,2
bonus3,85.4,0.967,1
bonus3,85.5,0.831,1
bonus3,85.5,0.863,1
bonus3,85.5,0.881,1
bonus3,85.5,0.889,1
bonus3,85.5,0.903,1
bonus3,85.5,0.917,1
bonus3,85.5,0.941,1
bonus3,85.5,0.962,1
bonus3,85.6,0.776,1
bonus3,85.6,0.835,1
bonus3,85.6,0.851,1
bonus3,85.6,0.868,2
bonus3,85.6,0.967,1
bonus3,85.7,0.776,1
bonus3,85.7,0.835,1
bonus3,85.7,0.859,2
bonus3,85.7,0.876,1
bonus3,85.7,0.885,1
bonus3,85.7,0.894,1
bonus3,85.7,0.927,1
bonus3,85.7,0.941,1
bonus3,85.8,0.787,1
bonus3,85.8,0.859,2
bonus3,85.8,0.912,1
bonus3,85.8,0.917,1
bonus3,85.8,0.927,1
bonus3,85.8,0.957,1
bonus3,85.8,0.967,1
bonus3,85.9,0.63,1
bonus3,85.9,0.711,1
bonus3,85.9,0.917,1
bonus3,85.9,0.947,1
bonus3,86,0.827,1
bonus3,86,0.868,1
bonus3,86,0.937,1
bonus3,86,0.967,2
bonus3,86.1,0.787,1
bonus3,86.1,0.839,1
bonus3,86.1,0.885,1
bonus3,86.1,0.903,1
bonus3,86.1,0.908,1
bonus3,86.1,0.912,1
bonus3,86.1,0.922,1
bonus3,86.1,0.967,1
bonus3,86.2,0.859,1
bonus3,86.2,0.898,1
bonus3,86.2,0.908,1
bonus3,86.2,0.937,1
bonus3,86.2,0.967,1
bonus3,86.3,0.676,1
bonus3,86.3,0.859,1
bonus3,86.3,0.957,2
bonus3,86.4,0.656,1
bonus3,86.4,0.787,1
bonus3,86.4,0.794,1
bonus3,86.4,0.885,1
bonus3,86.4,0.898,1
bonus3,86.4,0.903,1
bonus3,86.4,0.917,1
bonus3,86.4,0.932,1
bonus3,86.4,0.947,1
bonus3,86.4,0.957,1
bonus3,86.5,0.77,1
bonus3,86.5,0.79,1
bonus3,86.5,0.827,1
bonus3,86.5,0.851,1
bonus3,86.5,0.927,1
bonus3,86.5,0.932,1
bonus3,86.5,0.947,1
bonus3,86.5,0.957,1
bonus3,86.5,0.967,1
bonus3,86.6,0.75,1
bonus3,86.6,0.797,1
bonus3,86.6,0.827,1
bonus3,86.6,0.855,1
bonus3,86.6,0.885,1
bonus3,86.6,0.908,1
bonus3,86.6,0.912,2
bonus3,86.6,0.927,1
bonus3,86.6,0.932,1
bonus3,86.6,0.941,1
bonus3,86.6,0.947,2
bonus3,86.7,0.851,1
bonus3,86.7,0.868,1
bonus3,86.7,0.908,1
bonus3,86.7,0.922,1
bonus3,86.7,0.941,1
bonus3,86.7,0.952,1
bonus3,86.8,0.741,1
bonus3,86.8,0.816,1
bonus3,86.8,0.831,1
bonus3,86.8,0.868,1
bonus3,86.8,0.885,1
bonus3,86.8,0.908,1
bonus3,86.8,0.912,1
bonus3,86.8,0.927,2
bonus3,86.8,0.932,1
bonus3,86.8,0.967,1
bonus3,86.9,0.835,1
bonus3,86.9,0.859,1
bonus3,86.9,0.885,1
bonus3,86.9,0.922,2
bonus3,86.9,0.937,1
bonus3,86.9,0.941,1
bonus3,86.9,0.957,1
bonus3,87,0.653,1
bonus3,87,0.843,1
bonus3,87,0.917,2
bonus3,87,0.937,1
bonus3,87,0.967,1
bonus3,87.1,0.812,1
bonus3,87.1,0.843,1
bonus3,87.1,0.876,1
bonus3,87.1,0.889,1
bonus3,87.1,0.898,1
bonus3,87.1,0.908,1
bonus3,87.1,0.922,1
bonus3,87.1,0.978,1
bonus3,87.2,0.691,1
bonus3,87.2,0.76,1
bonus3,87.2,0.812,1
bonus3,87.2,0.889,1
bonus3,87.2,0.922,2
bonus3,87.3,0.917,1
bonus3,87.3,0.922,2
bonus3,87.3,0.937,1
bonus3,87.3,0.957,1
bonus3,87.3,0.962,1
bonus3,87.4,0.827,1
bonus3,87.4,0.881,1
bonus3,87.4,0.922,1
bonus3,87.5,0.77,1
bonus3,87.5,0.79,1
bonus3,87.5,0.908,1
bonus3,87.5,0.932,1
bonus3,87.6,0.843,1
bonus3,87.6,0.851,1
bonus3,87.6,0.876,1
bonus3,87.6,0.885,1
bonus3,87.6,0.927,1
bonus3,87.6,0.932,1
bonus3,87.6,0.952,1
bonus3,87.6,0.957,1
bonus3,87.7,0.722,1
bonus3,87.7,0.894,1
bonus3,87.7,0.903,1
bonus3,87.7,0.927,1
bonus3,87.7,0.932,1
bonus3,87.7,0.941,1
bonus3,87.7,0.952,1
bonus3,87.7,0.967,1
bonus3,87.8,0.839,1
bonus3,87.8,0.881,1
bonus3,87.8,0.885,1
bonus3,87.8,0.889,1
bonus3,87.8,0.903,1
bonus3,87.8,0.908,1
bonus3,87.8,0.922,1
bonus3,87.8,0.947,1
bonus3,87.9,0.794,1
bonus3,87.9,0.797,1
bonus3,87.9,0.812,1
bonus3,87.9,0.859,1
bonus3,87.9,0.863,1
bonus3,87.9,0.952,1
bonus3,87.9,0.967,1
bonus3,88,0.868,1
bonus3,88,0.889,1
bonus3,88,0.894,1
bonus3,88,0.908,2
bonus3,88,0.922,1
bonus3,88,0.941,1
bonus3,88.1,0.705,1
bonus3,88.1,0.753,1
bonus3,88.1,0.812,1
bonus3,88.1,0.855,1
bonus3,88.1,0.937,1
bonus3,88.1,0.947,1
bonus3,88.2,0.705,1
bonus3,88.2,0.868,1
bonus3,88.2,0.903,1
bonus3,88.2,0.917,1
bonus3,88.2,0.932,1
bonus3,88.2,0.937,2
bonus3,88.2,0.941,1
bonus3,88.2,0.947,1
bonus3,88.3,0.819,1
bonus3,88.3,0.898,1
bonus3,88.3,0.917,1
bonus3,88.3,0.937,1
bonus3,88.3,0.947,1
bonus3,88.3,0.952,1
bonus3,88.3,0.957,1
bonus3,88.4,0.683,1
bonus3,88.4,0.797,1
bonus3,88.4,0.859,1
bonus3,88.4,0.912,1
bonus3,88.4,0.927,1
bonus3,88.4,0.952,1
bonus3,88.4,0.962,1
bonus3,88.5,0.827,1
bonus3,88.5,0.868,1
bonus3,88.5,0.908,1
bonus3,88.5,0.917,1
bonus3,88.6,0.876,1
bonus3,88.6,0.917,3
bonus3,88.6,0.937,1
bonus3,88.6,0.957,1
bonus3,88.6,0.967,1
bonus3,88.7,0.912,1
bonus3,88.7,0.962,1
bonus3,88.8,0.722,1
bonus3,88.8,0.889,1
bonus3,88.8,0.898,1
bonus3,88.8,0.912,1
bonus3,88.8,0.917,1
bonus3,88.8,0.922,1
bonus3,88.8,0.937,1
bonus3,88.8,0.957,1
bonus3,88.9,0.753,1
bonus3,88.9,0.855,1
bonus3,88.9,0.898,1
bonus3,88.9,0.903,1
bonus3,88.9,0.932,1
bonus3,88.9,0.937,1
bonus3,88.9,0.941,1
bonus3,89,0.783,1
bonus3,89,0.827,1
bonus3,89,0.927,1
bonus3,89,0.937,1
bonus3,89,0.941,1
bonus3,89,0.957,1
bonus3,89.1,0.819,1
bonus3,89.1,0.839,1
bonus3,89.1,0.847,1
bonus3,89.1,0.912,1
bonus3,89.1,0.927,1
bonus3,89.1,0.932,1
bonus3,89.1,0.941,1
bonus3,89.1,0.947,1
bonus3,89.1,0.957,1
bonus3,89.2,0.903,1
bonus3,89.2,0.927,1
bonus3,89.2,0.957,1
bonus3,89.3,0.77,1
bonus3,89.3,0.831,1
bonus3,89.3,0.876,1
bonus3,89.3,0.917,1
bonus3,89.3,0.947,1
bonus3,89.4,0.819,1
bonus3,89.4,0.827,1
bonus3,89.4,0.922,1
bonus3,89.4,0.957,1
bonus3,89.5,0.77,1
bonus3,89.5,0.885,1
bonus3,89.5,0.908,1
bonus3,89.5,0.917,1
bonus3,89.5,0.922,1
bonus3,89.5,0.957,2
bonus3,89.6,0.708,1
bonus3,89.6,0.76,1
bonus3,89.6,0.787,1
bonus3,89.6,0.819,1
bonus3,89.6,0.908,1
bonus3,89.6,0.922,1
bonus3,89.6,0.947,1
bonus3,89.7,0.812,1
bonus3,89.7,0.885,1
bonus3,89.7,0.894,1
bonus3,89.7,0.912,2
bonus3,89.7,0.957,1
bonus3,89.7,0.989,1
bonus3,89.8,0.763,1
bonus3,89.8,0.881,1
bonus3,89.8,0.922,1
bonus3,89.8,0.947,1
bonus3,89.9,0.847,1
bonus3,89.9,0.851,1
bonus3,89.9,0.898,1
bonus3,89.9,0.937,1
bonus3,89.9,0.952,1
bonus3,90,0.702,1
bonus3,90,0.855,1
bonus3,90,0.863,1
bonus3,90,0.917,1
bonus3,90,0.927,1
bonus3,90,0.932,2
bonus3,90,0.941,1
bonus3,90,0.947,1
bonus3,90,0.957,1
bonus3,90.1,0.79,1
bonus3,90.1,0.797,1
bonus3,90.1,0.839,1
bonus3,90.1,0.847,1
bonus3,90.1,0.932,2
bonus3,90.1,0.952,1
bonus3,90.2,0.912,1
bonus3,90.2,0.927,1
bonus3,90.2,0.941,1
bonus3,90.2,0.957,1
bonus3,90.3,0.766,1
bonus3,90.3,0.898,1
bonus3,90.3,0.912,1
bonus3,90.3,0.922,2
bonus3,90.3,0.937,1
bonus3,90.3,0.967,1
bonus3,90.5,0.773,1
bonus3,90.5,0.797,1
bonus3,90.5,0.835,1
bonus3,90.5,0.932,1
bonus3,90.5,0.947,1
bonus3,90.5,0.957,1
bonus3,90.5,0.962,1
bonus3,90.6,0.831,1
bonus3,90.6,0.851,1
bonus3,90.6,0.903,1
bonus3,90.6,0.912,1
bonus3,90.6,0.917,1
bonus3,90.6,0.932,1
bonus3,90.6,0.967,2
bonus3,90.7,0.819,1
bonus3,90.7,0.827,1
bonus3,90.7,0.937,2
bonus3,90.7,0.957,1
bonus3,90.8,0.797,1
bonus3,90.8,0.855,1
bonus3,90.8,0.927,1
bonus3,90.8,0.937,1
bonus3,90.9,0.819,1
bonus3,90.9,0.827,1
bonus3,90.9,0.903,1
bonus3,90.9,0.912,1
bonus3,90.9,0.917,1
bonus3,90.9,0.978,1
bonus3,91,0.839,1
bonus3,91,0.843,1
bonus3,91,0.903,1
bonus3,91,0.922,1
bonus3,91,0.932,1
bonus3,91.1,0.819,1
bonus3,91.1,0.863,1
bonus3,91.1,0.922,1
bonus3,91.1,0.927,1
bonus3,91.1,0.978,1
bonus3,91.2,0.787,1
bonus3,91.2,0.816,1
bonus3,91.2,0.885,1
bonus3,91.2,0.894,1
bonus3,91.2,0.912,2
bonus3,91.2,0.922,1
bonus3,91.2,0.947,1
bonus3,91.2,0.967,1
bonus3,91.3,0.783,1
bonus3,91.3,0.859,1
bonus3,91.3,0.889,1
bonus3,91.3,0.903,1
bonus3,91.3,0.908,1
bonus3,91.3,0.937,2
bonus3,91.3,0.941,1
bonus3,91.3,0.952,1
bonus3,91.4,0.876,1
bonus3,91.4,0.898,1
bonus3,91.4,0.912,1
bonus3,91.4,0.941,1
bonus3,91.4,0.947,1
bonus3,91.4,0.957,1
bonus3,91.5,0.797,1
bonus3,91.5,0.885,1
bonus3,91.5,0.917,2
bonus3,91.5,0.937,1
bonus3,91.5,0.941,1
bonus3,91.6,0.894,1
bonus3,91.6,0.903,1
bonus3,91.6,0.937,1
bonus3,91.7,0.859,1
bonus3,91.7,0.872,1
bonus3,91.7,0.903,1
bonus3,91.7,0.912,1
bonus3,91.7,0.922,1
bonus3,91.8,0.816,1
bonus3,91.8,0.885,1
bonus3,91.8,0.889,1
bonus3,91.8,0.932,1
bonus3,91.8,0.937,1
bonus3,91.8,0.941,1
bonus3,91.8,0.952,1
bonus3,91.8,0.957,1
bonus3,91.8,0.962,1
bonus3,91.9,0.835,1
bonus3,91.9,0.855,1
bonus3,91.9,0.868,1
bonus3,91.9,0.881,1
bonus3,91.9,0.922,1
bonus3,91.9,0.932,1
bonus3,91.9,0.941,1
bonus3,91.9,0.947,1
bonus3,91.9,0.952,1
bonus3,91.9,0.957,2
bonus3,92,0.653,1
bonus3,92,0.75,1
bonus3,92,0.797,1
bonus3,92,0.872,1
bonus3,92,0.885,1
bonus3,92,0.898,1
bonus3,92,0.903,1
bonus3,92,0.912,1
bonus3,92,0.957,1
bonus3,92.1,0.77,1
bonus3,92.1,0.78,1
bonus3,92.1,0.835,1
bonus3,92.1,0.903,1
bonus3,92.1,0.908,1
bonus3,92.1,0.937,1
bonus3,92.1,0.941,1
bonus3,92.1,0.957,1
bonus3,92.2,0.851,2
bonus3,92.2,0.881,1
bonus3,92.2,0.894,1
bonus3,92.2,0.903,1
bonus3,92.2,0.912,1
bonus3,92.2,0.932,1
bonus3,92.3,0.889,1
bonus3,92.3,0.894,1
bonus3,92.3,0.922,1
bonus3,92.3,0.941,1
bonus3,92.4,0.863,1
bonus3,92.4,0.868,1
bonus3,92.4,0.876,1
bonus3,92.4,0.889,1
bonus3,92.4,0.927,1
bonus3,92.4,0.932,1
bonus3,92.4,0.941,2
bonus3,92.4,0.957,1
bonus3,92.5,0.885,1
bonus3,92.5,0.898,1
bonus3,92.5,0.932,1
bonus3,92.5,0.952,1
bonus3,92.6,0.868,1
bonus3,92.6,0.922,1
bonus3,92.6,0.927,1
bonus3,92.7,0.72,1
bonus3,92.7,0.776,1
bonus3,92.7,0.783,1
bonus3,92.7,0.881,1
bonus3,92.7,0.898,1
bonus3,92.7,0.908,1
bonus3,92.7,0.912,1
bonus3,92.7,0.927,1
bonus3,92.7,0.957,1
bonus3,92.8,0.663,1
bonus3,92.8,0.72,1
bonus3,92.8,0.855,1
bonus3,92.8,0.903,1
bonus3,92.8,0.908,1
bonus3,92.8,0.922,2
bonus3,92.8,0.937,1
bonus3,92.9,0.783,1
bonus3,92.9,0.823,1
bonus3,92.9,0.937,1
bonus3,92.9,0.941,2
bonus3,92.9,0.947,1
bonus3,93,0.912,1
bonus3,93,0.941,1
bonus3,93,0.957,2
bonus3,93.1,0.863,1
bonus3,93.1,0.903,2
bonus3,93.1,0.922,1
bonus3,93.1,0.957,1
bonus3,93.2,0.912,2
bonus3,93.2,0.927,1
bonus3,93.2,0.941,1
bonus3,93.2,0.952,2
bonus3,93.3,0.78,1
bonus3,93.3,0.79,1
bonus3,93.3,0.843,1
bonus3,93.3,0.876,1
bonus3,93.3,0.885,1
bonus3,93.3,0.898,1
bonus3,93.3,0.903,1
bonus3,93.3,0.922,1
bonus3,93.3,0.927,1
bonus3,93.3,0.932,1
bonus3,93.3,0.941,1
bonus3,93.3,0.947,1
bonus3,93.4,0.843,1
bonus3,93.4,0.876,1
bonus3,93.4,0.903,1
bonus3,93.4,0.932,1
bonus3,93.5,0.819,1
bonus3,93.5,0.855,1
bonus3,93.5,0.876,1
bonus3,93.5,0.881,1
bonus3,93.5,0.903,1
bonus3,93.5,0.908,1
bonus3,93.5,0.912,1
bonus3,93.5,0.922,1
bonus3,93.5,0.937,1
bonus3,93.5,0.947,2
bonus3,93.5,0.957,1
bonus3,93.6,0.738,1
bonus3,93.6,0.898,1
bonus3,93.6,0.903,1
bonus3,93.6,0.927,1
bonus3,93.6,0.937,1
bonus3,93.6,0.957,1
bonus3,93.7,0.594,1
bonus3,93.7,0.728,1
bonus3,93.7,0.77,1
bonus3,93.7,0.903,1
bonus3,93.7,0.912,1
bonus3,93.7,0.922,1
bonus3,93.7,0.941,1
bonus3,93.7,0.947,2
bonus3,93.8,0.747,1
bonus3,93.8,0.756,1
bonus3,93.8,0.872,1
bonus3,93.8,0.889,1
bonus3,93.8,0.898,1
bonus3,93.8,0.908,1
bonus3,93.8,0.912,1
bonus3,93.8,0.917,1
bonus3,93.8,0.927,1
bonus3,93.8,0.952,1
bonus3,93.9,0.903,1
bonus3,93.9,0.908,2
bonus3,93.9,0.912,2
bonus3,93.9,0.927,1
bonus3,93.9,0.932,1
bonus3,93.9,0.941,1
bonus3,93.9,0.947,1
bonus3,94,0.794,1
bonus3,94,0.859,1
bonus3,94,0.872,1
bonus3,94,0.908,1
bonus3,94,0.917,1
bonus3,94,0.927,1
bonus3,94,0.941,1
bonus3,94,0.947,1
bonus3,94,0.952,1
bonus3,94,0.957,1
bonus3,94.1,0.711,1
bonus3,94.1,0.903,2
bonus3,94.1,0.917,1
bonus3,94.1,0.927,1
bonus3,94.1,0.937,1
bonus3,94.1,0.962,1
bonus3,94.2,0.78,1
bonus3,94.2,0.79,1
bonus3,94.2,0.894,1
bonus3,94.2,0.932,1
bonus3,94.2,0.937,2
bonus3,94.3,0.908,1
bonus3,94.3,0.941,1
bonus3,94.4,0.697,1
bonus3,94.4,0.744,1
bonus3,94.4,0.794,1
bonus3,94.4,0.819,1
bonus3,94.4,0.835,1
bonus3,94.4,0.843,1
bonus3,94.4,0.885,1
bonus3,94.4,0.937,1
bonus3,94.5,0.859,1
bonus3,94.5,0.917,1
bonus3,94.5,0.922,1
bonus3,94.5,0.957,1
bonus3,94.6,0.835,1
bonus3,94.6,0.885,1
bonus3,94.6,0.894,2
bonus3,94.6,0.903,1
bonus3,94.6,0.912,1
bonus3,94.6,0.941,1
bonus3,94.6,0.947,1
bonus3,94.6,0.952,1
bonus3,94.7,0.773,1
bonus3,94.7,0.885,1
bonus3,94.7,0.932,1
bonus3,94.7,0.962,1
bonus3,94.8,0.839,1
bonus3,94.8,0.872,1
bonus3,94.8,0.876,1
bonus3,94.8,0.894,1
bonus3,94.8,0.947,1
bonus3,94.9,0.548,1
bonus3,94.9,0.912,1
bonus3,94.9,0.927,1
bonus3,94.9,0.932,1
bonus3,94.9,0.937,1
bonus3,94.9,0.967,1
bonus3,95,0.876,1
bonus3,95,0.885,1
bonus3,95,0.962,1
bonus3,95.1,0.816,1
bonus3,95.1,0.819,1
bonus3,95.1,0.839,1
bonus3,95.1,0.885,1
bonus3,95.1,0.927,2
bonus3,95.2,0.819,1
bonus3,95.2,0.823,1
bonus3,95.2,0.894,1
bonus3,95.3,0.797,1
bonus3,95.3,0.898,1
bonus3,95.3,0.922,1
bonus3,95.3,0.941,1
bonus3,95.4,0.668,1
bonus3,95.4,0.805,1
bonus3,95.4,0.932,1
bonus3,95.4,0.941,1
bonus3,95.4,0.962,1
bonus3,95.4,0.967,1
bonus3,95.5,0.708,1
bonus3,95.5,0.843,1
bonus3,95.5,0.863,1
bonus3,95.5,0.889,1
bonus3,95.5,0.927,1
bonus3,95.5,0.947,1
bonus3,95.5,0.957,2
bonus3,95.5,0.978,1
bonus3,95.6,0.872,1
bonus3,95.6,0.898,1
bonus3,95.6,0.912,1
bonus3,95.7,0.851,1
bonus3,95.7,0.894,1
bonus3,95.7,0.927,1
bonus3,95.8,0.903,1
bonus3,95.8,0.922,1
bonus3,95.8,0.937,1
bonus3,95.8,0.947,2
bonus3,95.8,0.952,1
bonus3,95.8,0.957,1
bonus3,95.9,0.812,1
bonus3,95.9,0.847,1
bonus3,95.9,0.851,1
bonus3,95.9,0.863,1
bonus3,95.9,0.872,1
bonus3,95.9,0.927,1
bonus3,95.9,0.941,1
bonus3,95.9,0.967,1
bonus3,96,0.922,1
bonus3,96,0.927,1
bonus3,96,0.941,1
bonus3,96,0.952,1
bonus3,96.1,0.881,1
bonus3,96.1,0.927,1
bonus3,96.1,0.941,1
bonus3,96.1,0.957,1
bonus3,96.2,0.763,1
bonus3,96.2,0.839,1
bonus3,96.2,0.855,1
bonus3,96.2,0.868,1
bonus3,96.2,0.908,1
bonus3,96.2,0.917,1
bonus3,96.2,0.932,1
bonus3,96.2,0.937,1
bonus3,96.3,0.843,1
bonus3,96.3,0.967,1
bonus3,96.4,0.753,1
bonus3,96.4,0.839,1
bonus3,96.4,0.863,1
bonus3,96.4,0.876,1
bonus3,96.4,0.898,2
bonus3,96.4,0.947,2
bonus3,96.4,0.952,1
bonus3,96.5,0.801,1
bonus3,96.5,0.823,1
bonus3,96.5,0.898,1
bonus3,96.5,0.937,1
bonus3,96.5,0.952,1
bonus3,96.6,0.885,2
bonus3,96.6,0.941,1
bonus3,96.6,0.978,1
bonus3,96.7,0.808,1
bonus3,96.7,0.835,1
bonus3,96.7,0.912,1
bonus3,96.7,0.927,1
bonus3,96.7,0.932,2
bonus3,96.7,0.957,1
bonus3,96.8,0.898,1
bonus3,96.8,0.912,1
bonus3,96.8,0.922,1
bonus3,96.8,0.941,1
bonus3,96.8,0.952,1
bonus3,96.8,0.957,1
bonus3,96.9,0.868,1
bonus3,96.9,0.932,2
bonus3,96.9,0.957,1
bonus3,97,0.708,1
bonus3,97,0.876,1
bonus3,97,0.908,1
bonus3,97,0.917,1
bonus3,97,0.932,1
bonus3,97,0.937,1
bonus3,97,0.967,2
bonus3,97.1,0.851,1
bonus3,97.1,0.859,1
bonus3,97.1,0.894,1
bonus3,97.1,0.932,1
bonus3,97.1,0.937,1
bonus3,97.1,0.947,1
bonus3,97.2,0.872,1
bonus3,97.2,0.876,1
bonus3,97.2,0.898,1
bonus3,97.2,0.903,1
bonus3,97.2,0.908,1
bonus3,97.2,0.912,1
bonus3,97.2,0.932,2
bonus3,97.2,0.957,1
bonus3,97.3,0.839,1
bonus3,97.3,0.912,1
bonus3,97.3,0.947,1
bonus3,97.3,0.962,1
bonus3,97.4,0.831,1
bonus3,97.4,0.843,1
bonus3,97.4,0.859,1
bonus3,97.4,0.876,1
bonus3,97.4,0.898,1
bonus3,97.4,0.932,1
bonus3,97.4,0.937,1
bonus3,97.5,0.859,1
bonus3,97.5,0.872,1
bonus3,97.5,0.885,1
bonus3,97.5,0.903,1
bonus3,97.5,0.917,1
bonus3,97.5,0.922,1
bonus3,97.5,0.932,1
bonus3,97.5,0.941,3
bonus3,97.5,0.952,1
bonus3,97.6,0.872,1
bonus3,97.6,0.917,1
bonus3,97.6,0.957,1
bonus3,97.7,0.917,1
bonus3,97.7,0.932,1
bonus3,97.7,0.937,1
bonus3,97.7,0.941,1
bonus3,97.8,0.851,1
bonus3,97.8,0.932,1
bonus3,97.9,0.78,1
bonus3,97.9,0.835,1
bonus3,97.9,0.859,1
bonus3,97.9,0.898,1
bonus3,97.9,0.922,1
bonus3,98,0.79,1
bonus3,98,0.932,2
bonus3,98,0.937,1
bonus3,98,0.941,1
bonus3,98.1,0.859,1
bonus3,98.1,0.894,1
bonus3,98.1,0.917,1
bonus3,98.1,0.947,2
bonus3,98.2,0.812,1
bonus3,98.2,0.863,1
bonus3,98.2,0.868,1
bonus3,98.2,0.932,1
bonus3,98.2,0.957,1
bonus3,98.3,0.77,1
bonus3,98.3,0.859,1
bonus3,98.3,0.894,1
bonus3,98.3,0.917,1
bonus3,98.3,0.922,1
bonus3,98.3,0.962,1
bonus3,98.5,0.783,1
bonus3,98.5,0.797,1
bonus3,98.5,0.823,1
bonus3,98.5,0.851,1
bonus3,98.5,0.868,1
bonus3,98.5,0.912,1
bonus3,98.5,0.927,1
bonus3,98.5,0.947,1
bonus3,98.5,0.967,1
bonus3,98.6,0.731,1
bonus3,98.6,0.808,2
bonus3,98.6,0.872,1
bonus3,98.6,0.922,1
bonus3,98.6,0.927,1
bonus3,98.6,0.937,2
bonus3,98.7,0.79,1
bonus3,98.7,0.855,1
bonus3,98.7,0.868,1
bonus3,98.7,0.881,1
bonus3,98.7,0.885,1
bonus3,98.7,0.927,1
bonus3,98.7,0.932,1
bonus3,98.7,0.937,2
bonus3,98.8,0.823,1
bonus3,98.8,0.868,1
bonus3,98.8,0.881,1
bonus3,98.8,0.937,1
bonus3,98.8,0.947,2
bonus3,98.9,0.885,1
bonus3,98.9,0.908,1
bonus3,98.9,0.937,1
bonus3,98.9,0.947,1
bonus3,99,0.881,1
bonus3,99.1,0.797,1
bonus3,99.1,0.851,1
bonus3,99.1,0.903,1
bonus3,99.1,0.927,1
bonus3,99.1,0.947,1
bonus3,99.1,0.957,1
bonus3,99.2,0.741,1
bonus3,99.2,0.851,1
bonus3,99.2,0.872,1
bonus3,99.2,0.894,1
bonus3,99.2,0.903,1
bonus3,99.2,0.912,1
bonus3,99.2,0.917,1
bonus3,99.2,0.941,1
bonus3,99.2,0.947,1
bonus3,99.3,0.805,1
bonus3,99.3,0.851,1
bonus3,99.3,0.894,1
bonus3,99.3,0.898,1
bonus3,99.3,0.912,1
bonus3,99.3,0.927,2
bonus3,99.3,0.932,2
bonus3,99.3,0.937,1
bonus3,99.3,0.941,1
bonus3,99.3,0.947,1
bonus3,99.4,0.676,1
bonus3,99.4,0.885,1
bonus3,99.4,0.894,1
bonus3,99.5,0.79,1
bonus3,99.5,0.903,1
bonus3,99.5,0.922,1
bonus3,99.6,0.72,1
bonus3,99.6,0.76,1
bonus3,99.6,0.851,1
bonus3,99.6,0.908,1
bonus3,99.6,0.917,1
bonus3,99.6,0.967,1
bonus3,99.7,0.783,1
bonus3,99.7,0.823,1
bonus3,99.7,0.927,1
bonus3,99.7,0.952,2
bonus3,99.7,0.967,1
bonus3,99.8,0.805,1
bonus3,99.8,0.851,1
bonus3,99.8,0.872,1
bonus3,99.8,0.876,1
bonus3,99.8,0.922,2
bonus3,99.8,0.932,1
bonus3,99.8,0.937,3
bonus3,99.9,0.787,1
bonus3,99.9,0.847,1
bonus3,99.9,0.859,1
bonus3,99.9,0.885,1
bonus3,99.9,0.889,1
bonus3,99.9,0.898,1
bonus3,99.9,0.927,1
bonus3,99.9,0.932,1
bonus3,99.9,0.937,1
bonus3,99.9,0.947,1
bonus3,100,0.859,1
bonus3,100,0.912,2
bonus3,100,0.927,2
bonus3,100,0.941,1
bonus3,100,0.957,1
bonus3,100.1,0.72,1
bonus3,100.1,0.859,1
bonus3,100.1,0.885,1
bonus3,100.1,0.903,1
bonus3,100.1,0.932,1
bonus3,100.2,0.486,1
bonus3,100.2,0.843,1
bonus3,100.2,0.876,1
bonus3,100.2,0.885,1
bonus3,100.2,0.894,1
bonus3,100.3,0.77,1
bonus3,100.3,0.819,1
bonus3,100.3,0.903,2
bonus3,100.3,0.922,1
bonus3,100.3,0.947,1
bonus3,100.4,0.747,1
bonus3,100.4,0.773,1
bonus3,100.4,0.894,1
bonus3,100.4,0.941,2
bonus3,100.4,0.947,2
bonus3,100.5,0.731,1
bonus3,100.5,0.78,1
bonus3,100.5,0.908,1
bonus3,100.5,0.932,2
bonus3,100.6,0.756,1
bonus3,100.6,0.912,1
bonus3,100.6,0.937,2
bonus3,100.6,0.941,2
bonus3,100.6,0.967,1
bonus3,100.7,0.76,1
bonus3,100.7,0.776,1
bonus3,100.7,0.894,1
bonus3,100.7,0.922,1
bonus3,100.7,0.927,1
bonus3,100.7,0.957,1
bonus3,100.8,0.908,1
bonus3,100.8,0.917,1
bonus3,100.8,0.927,1
bonus3,100.9,0.805,1
bonus3,100.9,0.885,1
bonus3,100.9,0.941,1
bonus3,100.9,0.947,1
bonus3,100.9,0.957,1
bonus3,101,0.885,1
bonus3,101,0.937,2
bonus3,101,0.947,2
bonus3,101.1,0.903,1
bonus3,101.1,0.912,1
bonus3,101.1,0.937,2
bonus3,101.1,0.957,1
bonus3,101.2,0.75,1
bonus3,101.2,0.843,1
bonus3,101.2,0.847,1
bonus3,101.2,0.903,1
bonus3,101.2,0.908,1
bonus3,101.2,0.912,1
bonus3,101.2,0.922,1
bonus3,101.2,0.957,1
bonus3,101.3,0.787,1
bonus3,101.3,0.912,1
bonus3,101.3,0.937,1
bonus3,101.3,0.952,1
bonus3,101.3,0.962,1
bonus3,101.4,0.917,1
bonus3,101.4,0.932,1
bonus3,101.4,0.967,1
bonus3,101.4,0.978,1
bonus3,101.5,0.553,1
bonus3,101.5,0.805,1
bonus3,101.5,0.859,1
bonus3,101.5,0.876,1
bonus3,101.5,0.957,1
bonus3,101.6,0.794,1
bonus3,101.6,0.885,3
bonus3,101.6,0.922,1
bonus3,101.6,0.927,1
bonus3,101.6,0.937,3
bonus3,101.7,0.922,1
bonus3,101.7,0.937,2
bonus3,101.7,0.957,1
bonus3,101.8,0.656,1
bonus3,101.8,0.763,1
bonus3,101.8,0.797,1
bonus3,101.8,0.816,1
bonus3,101.8,0.917,1
bonus3,101.8,0.922,1
bonus3,101.8,0.927,1
bonus3,101.8,0.937,1
bonus3,101.8,0.957,1
bonus3,101.9,0.868,1
bonus3,101.9,0.872,1
bonus3,101.9,0.885,1
bonus3,101.9,0.912,1
bonus3,101.9,0.932,1
bonus3,101.9,0.937,1
bonus3,102,0.835,2
bonus3,102,0.863,2
bonus3,102,0.876,1
bonus3,102,0.885,1
bonus3,102,0.932,1
bonus3,102.1,0.868,1
bonus3,102.1,0.917,1
bonus3,102.1,0.927,1
bonus3,102.1,0.957,1
bonus3,102.2,0.79,1
bonus3,102.2,0.843,2
bonus3,102.2,0.898,1
bonus3,102.3,0.855,2
bonus3,102.3,0.912,1
bonus3,102.3,0.922,1
bonus3,102.3,0.952,1
bonus3,102.4,0.835,1
bonus3,102.4,0.885,1
bonus3,102.4,0.898,1
bonus3,102.4,0.922,1
bonus3,102.4,0.947,1
bonus3,102.5,0.851,1
bonus3,102.5,0.863,1
bonus3,102.5,0.912,1
bonus3,102.5,0.957,1
bonus3,102.5,0.967,1
bonus3,102.6,0.917,1
bonus3,102.6,0.927,1
bonus3,102.6,0.932,1
bonus3,102.7,0.794,1
bonus3,102.7,0.912,1
bonus3,102.7,0.937,1
bonus3,102.7,0.941,1
bonus3,102.7,0.947,2
bonus3,102.7,0.957,1
bonus3,102.8,0.847,1
bonus3,102.8,0.898,1
bonus3,102.8,0.922,1
bonus3,102.8,0.941,2
bonus3,102.8,0.947,3
bonus3,102.9,0.75,1
bonus3,102.9,0.819,1
bonus3,102.9,0.876,1
bonus3,102.9,0.881,1
bonus3,102.9,0.927,3
bonus3,102.9,0.937,1
bonus3,102.9,0.941,2
bonus3,102.9,0.967,1
bonus3,103,0.744,1
bonus3,103,0.898,1
bonus3,103,0.912,2
bonus3,103,0.922,1
bonus3,103,0.947,1
bonus3,103.1,0.805,1
bonus3,103.1,0.881,1
bonus3,103.1,0.922,1
bonus3,103.1,0.937,1
bonus3,103.1,0.941,1
bonus3,103.1,0.952,1
bonus3,103.2,0.596,1
bonus3,103.2,0.872,1
bonus3,103.2,0.885,1
bonus3,103.2,0.908,2
bonus3,103.2,0.952,1
bonus3,103.3,0.79,1
bonus3,103.3,0.885,1
bonus3,103.3,0.917,2
bonus3,103.3,0.937,1
bonus3,103.3,0.947,2
bonus3,103.4,0.79,1
bonus3,103.4,0.835,1
bonus3,103.4,0.843,1
bonus3,103.4,0.872,1
bonus3,103.4,0.876,1
bonus3,103.4,0.898,1
bonus3,103.4,0.903,1
bonus3,103.5,0.912,1
bonus3,103.5,0.917,1
bonus3,103.5,0.937,1
bonus3,103.5,0.941,2
bonus3,103.5,0.947,1
bonus3,103.5,0.978,1
bonus3,103.6,0.78,1
bonus3,103.6,0.819,1
bonus3,103.7,0.753,1
bonus3,103.7,0.76,1
bonus3,103.7,0.831,1
bonus3,103.7,0.952,1
bonus3,103.8,0.843,1
bonus3,103.8,0.859,1
bonus3,103.8,0.876,1
bonus3,103.8,0.932,2
bonus3,103.9,0.947,1
bonus3,103.9,0.962,1
bonus3,103.9,0.967,1
bonus3,104,0.894,1
bonus3,104,0.908,1
bonus3,104,0.932,1
bonus3,104,0.937,1
bonus3,104,0.941,1
bonus3,104,0.947,2
bonus3,104.1,0.868,1
bonus3,104.1,0.937,1
bonus3,104.1,0.941,1
bonus3,104.1,0.947,1
bonus3,104.1,0.957,1
bonus3,104.2,0.962,1
bonus3,104.3,0.753,1
bonus3,104.3,0.876,1
bonus3,104.3,0.917,1
bonus3,104.3,0.941,1
bonus3,104.3,0.957,1
bonus3,104.4,0.839,1
bonus3,104.4,0.855,1
bonus3,104.4,0.859,1
bonus3,104.4,0.868,1
bonus3,104.4,0.903,1
bonus3,104.4,0.947,1
bonus3,104.4,0.952,1
bonus3,104.5,0.843,1
bonus3,104.5,0.889,1
bonus3,104.5,0.922,1
bonus3,104.5,0.957,1
bonus3,104.6,0.823,1
bonus3,104.6,0.843,1
bonus3,104.6,0.941,2
bonus3,104.6,0.952,1
bonus3,104.7,0.859,1
bonus3,104.7,0.889,1
bonus3,104.7,0.922,1
bonus3,104.7,0.947,2
bonus3,104.7,0.952,2
bonus3,104.8,0.801,1
bonus3,104.8,0.851,1
bonus3,104.8,0.898,1
bonus3,104.8,0.908,1
bonus3,104.8,0.912,1
bonus3,104.8,0.922,1
bonus3,104.8,0.937,1
bonus3,104.8,0.941,1
bonus3,104.8,0.967,2
bonus3,104.9,0.56,1
bonus3,104.9,0.812,1
bonus3,104.9,0.927,1
bonus3,104.9,0.937,1
bonus3,105,0.859,1
bonus3,105,0.947,2
bonus3,105,0.962,1
bonus3,105.1,0.894,1
bonus3,105.1,0.922,1
bonus3,105.2,0.876,1
bonus3,105.2,0.941,1
bonus3,105.3,0.728,1
bonus3,105.3,0.851,1
bonus3,105.3,0.889,1
bonus3,105.3,0.894,1
bonus3,105.3,0.922,1
bonus3,105.3,0.927,1
bonus3,105.3,0.937,1
bonus3,105.3,0.941,1
bonus3,105.4,0.658,1
bonus3,105.4,0.75,1
bonus3,105.4,0.912,2
bonus3,105.4,0.917,2
bonus3,105.5,0.708,1
bonus3,105.5,0.79,1
bonus3,105.5,0.794,1
bonus3,105.5,0.872,1
bonus3,105.5,0.927,1
bonus3,105.5,0.962,2
bonus3,105.6,0.763,1
bonus3,105.6,0.794,1
bonus3,105.6,0.937,1
bonus3,105.6,0.947,1
bonus3,105.7,0.876,1
bonus3,105.7,0.922,1
bonus3,105.7,0.937,1
bonus3,105.7,0.947,1
bonus3,105.7,0.957,1
bonus3,105.8,0.819,1
bonus3,105.8,0.941,1
bonus3,105.8,0.947,1
bonus3,105.8,0.957,1
bonus3,105.9,0.889,1
bonus3,105.9,0.908,1
bonus3,105.9,0.932,1
bonus3,105.9,0.967,1
bonus3,106,0.851,1
bonus3,106,0.922,1
bonus3,106,0.957,1
bonus3,106,0.967,1
bonus3,106.1,0.77,1
bonus3,106.1,0.808,1
bonus3,106.1,0.819,1
bonus3,106.1,0.863,1
bonus3,106.1,0.917,1
bonus3,106.1,0.922,3
bonus3,106.1,0.937,2
bonus3,106.2,0.912,1
bonus3,106.2,0.957,2
bonus3,106.2,0.967,1
bonus3,106.3,0.734,1
bonus3,106.3,0.741,1
bonus3,106.3,0.831,1
bonus3,106.3,0.843,1
bonus3,106.3,0.851,1
bonus3,106.3,0.912,1
bonus3,106.4,0.885,1
bonus3,106.4,0.889,2
bonus3,106.4,0.941,2
bonus3,106.4,0.947,1
bonus3,106.4,0.967,1
bonus3,106.5,0.812,1
bonus3,106.5,0.863,1
bonus3,106.5,0.876,1
bonus3,106.5,0.922,1
bonus3,106.5,0.927,2
bonus3,106.5,0.941,1
bonus3,106.5,0.952,1
bonus3,106.5,0.967,1
bonus3,106.5,0.978,1
bonus3,106.6,0.876,1
bonus3,106.6,0.894,1
bonus3,106.6,0.927,1
bonus3,106.6,0.941,2
bonus3,106.6,0.967,1
bonus3,106.7,0.843,1
bonus3,106.7,0.889,1
bonus3,106.7,0.912,1
bonus3,106.7,0.941,1
bonus3,106.7,0.957,1
bonus3,106.8,0.744,1
bonus3,106.8,0.756,1
bonus3,106.8,0.847,1
bonus3,106.8,0.903,1
bonus3,106.8,0.917,1
bonus3,106.8,0.932,1
bonus3,106.8,0.937,1
bonus3,106.8,0.947,2
bonus3,106.9,0.831,1
bonus3,106.9,0.927,1
bonus3,106.9,0.932,1
bonus3,106.9,0.941,1
bonus3,106.9,0.947,1
bonus3,106.9,0.957,2
bonus3,106.9,0.967,2
bonus3,107,0.903,1
bonus3,107,0.912,1
bonus3,107,0.967,1
bonus3,107,0.978,1
bonus3,107.1,0.577,1
bonus3,107.1,0.816,1
bonus3,107.1,0.843,1
bonus3,107.1,0.885,1
bonus3,107.1,0.894,1
bonus3,107.1,0.941,1
bonus3,107.1,0.967,1
bonus3,107.2,0.872,1
bonus3,107.2,0.903,1
bonus3,107.2,0.937,1
bonus3,107.2,0.941,1
bonus3,107.2,0.947,1
bonus3,107.3,0.922,1
bonus3,107.3,0.941,1
bonus3,107.3,0.957,1
bonus3,107.4,0.835,1
bonus3,107.4,0.903,2
bonus3,107.4,0.917,1
bonus3,107.4,0.967,1
bonus3,107.5,0.863,1
bonus3,107.6,0.863,1
bonus3,107.6,0.922,2
bonus3,107.6,0.927,1
bonus3,107.6,0.937,1
bonus3,107.7,0.843,1
bonus3,107.7,0.932,2
bonus3,107.7,0.937,1
bonus3,107.7,0.957,2
bonus3,107.8,0.63,1
bonus3,107.8,0.731,1
bonus3,107.8,0.756,1
bonus3,107.8,0.851,1
bonus3,107.8,0.903,1
bonus3,107.8,0.917,1
bonus3,107.8,0.937,1
bonus3,107.8,0.957,2
bonus3,107.9,0.847,1
bonus3,107.9,0.903,1
bonus3,107.9,0.937,1
bonus3,107.9,0.941,1
bonus3,107.9,0.947,2
bonus3,108,0.744,1
bonus3,108,0.794,1
bonus3,108,0.816,1
bonus3,108,0.903,1
bonus3,108,0.927,1
bonus3,108,0.937,1
bonus3,108,0.952,1
bonus3,108.1,0.917,1
bonus3,108.1,0.941,2
bonus3,108.1,0.947,1
bonus3,108.1,0.957,1
bonus3,108.1,0.967,1
bonus3,108.2,0.885,1
bonus3,108.2,0.917,1
bonus3,108.2,0.922,1
bonus3,108.2,0.927,1
bonus3,108.3,0.855,1
bonus3,108.3,0.881,1
bonus3,108.3,0.885,1
bonus3,108.3,0.908,1
bonus3,108.3,0.922,1
bonus3,108.4,0.855,1
bonus3,108.4,0.908,1
bonus3,108.4,0.927,1
bonus3,108.4,0.932,1
bonus3,108.5,0.705,1
bonus3,108.5,0.78,1
bonus3,108.5,0.823,1
bonus3,108.5,0.868,1
bonus3,108.5,0.885,1
bonus3,108.5,0.922,1
bonus3,108.5,0.932,2
bonus3,108.5,0.947,1
bonus3,108.5,0.957,2
bonus3,108.6,0.805,1
bonus3,108.6,0.819,1
bonus3,108.6,0.859,1
bonus3,108.6,0.917,2
bonus3,108.6,0.937,2
bonus3,108.6,0.941,1
bonus3,108.6,0.967,1
bonus3,108.7,0.917,1
bonus3,108.7,0.927,2
bonus3,108.7,0.932,1
bonus3,108.8,0.843,1
bonus3,108.8,0.863,2
bonus3,108.8,0.908,1
bonus3,108.8,0.932,2
bonus3,108.8,0.947,1
bonus3,108.8,0.952,1
bonus3,108.9,0.847,1
bonus3,108.9,0.903,1
bonus3,108.9,0.927,1
bonus3,108.9,0.941,1
bonus3,108.9,0.947,1
bonus3,108.9,0.967,1
bonus3,109,0.753,1
bonus3,109,0.823,1
bonus3,109,0.843,1
bonus3,109,0.851,1
bonus3,109,0.885,1
bonus3,109,0.927,2
bonus3,109,0.932,1
bonus3,109,0.937,1
bonus3,109.1,0.823,1
bonus3,109.1,0.839,1
bonus3,109.1,0.885,1
bonus3,109.1,0.908,1
bonus3,109.1,0.912,2
bonus3,109.1,0.947,1
bonus3,109.2,0.876,1
bonus3,109.2,0.889,1
bonus3,109.3,0.816,1
bonus3,109.3,0.937,1
bonus3,109.3,0.947,1
bonus3,109.3,0.952,1
bonus3,109.4,0.908,2
bonus3,109.4,0.927,1
bonus3,109.4,0.932,1
bonus3,109.4,0.941,1
bonus3,109.4,0.947,1
bonus3,109.4,0.952,1
bonus3,109.5,0.714,1
bonus3,109.5,0.855,1
bonus3,109.5,0.932,1
bonus3,109.5,0.941,2
bonus3,109.5,0.947,1
bonus3,109.5,0.957,1
bonus3,109.6,0.889,1
bonus3,109.6,0.898,1
bonus3,109.6,0.908,1
bonus3,109.6,0.957,1
bonus3,109.7,0.881,1
bonus3,109.7,0.894,1
bonus3,109.7,0.922,1
bonus3,109.7,0.927,1
bonus3,109.7,0.941,2
bonus3,109.7,0.967,1
bonus3,109.8,0.855,1
bonus3,109.8,0.872,1
bonus3,109.9,0.783,1
bonus3,109.9,0.835,1
bonus3,109.9,0.912,1
bonus3,109.9,0.941,1
bonus3,109.9,0.947,1
bonus3,109.9,0.952,1
bonus3,110,0.827,1
bonus3,110,0.835,1
bonus3,110,0.872,1
bonus3,110,0.917,2
bonus3,110,0.947,1
bonus3,110,0.957,2
bonus3,110.1,0.763,1
bonus3,110.1,0.863,1
bonus3,110.1,0.881,1
bonus3,110.1,0.894,1
bonus3,110.1,0.898,1
bonus3,110.1,0.912,2
bonus3,110.1,0.922,1
bonus3,110.1,0.932,1
bonus3,110.1,0.957,1
bonus3,110.2,0.78,1
bonus3,110.2,0.868,1
bonus3,110.2,0.889,1
bonus3,110.2,0.927,1
bonus3,110.3,0.827,1
bonus3,110.3,0.872,1
bonus3,110.3,0.903,1
bonus3,110.3,0.917,1
bonus3,110.3,0.922,1
bonus3,110.3,0.932,1
bonus3,110.4,0.816,1
bonus3,110.4,0.827,1
bonus3,110.4,0.912,1
bonus3,110.4,0.917,1
bonus3,110.4,0.941,1
bonus3,110.5,0.819,1
bonus3,110.5,0.894,1
bonus3,110.5,0.912,1
bonus3,110.5,0.937,1
bonus3,110.5,0.941,1
bonus3,110.5,0.947,2
bonus3,110.6,0.868,1
bonus3,110.6,0.876,1
bonus3,110.6,0.932,1
bonus3,110.6,0.947,1
bonus3,110.7,0.783,1
bonus3,110.7,0.876,1
bonus3,110.7,0.903,1
bonus3,110.7,0.917,1
bonus3,110.7,0.957,1
bonus3,110.8,0.702,1
bonus3,110.8,0.927,1
bonus3,110.9,0.859,1
bonus3,110.9,0.912,1
bonus3,110.9,0.941,1
bonus3,110.9,0.952,1
bonus3,110.9,0.957,1
bonus3,111,0.78,1
bonus3,111,0.783,1
bonus3,111,0.898,1
bonus3,111,0.947,1
bonus3,111,0.952,2
bonus3,111.1,0.741,1
bonus3,111.1,0.851,1
bonus3,111.1,0.885,1
bonus3,111.1,0.912,1
bonus3,111.2,0.77,1
bonus3,111.2,0.787,1
bonus3,111.2,0.868,1
bonus3,111.2,0.922,1
bonus3,111.2,0.941,1
bonus3,111.2,0.947,1
bonus3,111.2,0.957,1
bonus3,111.3,0.894,1
bonus3,111.4,0.797,1
bonus3,111.4,0.808,1
bonus3,111.4,0.851,1
bonus3,111.5,0.812,1
bonus3,111.5,0.843,1
bonus3,111.5,0.922,1
bonus3,111.6,0.855,1
bonus3,111.6,0.903,2
bonus3,111.6,0.932,1
bonus3,111.6,0.941,1
bonus3,111.6,0.967,1
bonus3,111.7,0.835,1
bonus3,111.7,0.851,1
bonus3,111.7,0.863,1
bonus3,111.7,0.885,1
bonus3,111.7,0.912,1
bonus3,111.7,0.932,1
bonus3,111.7,0.952,1
bonus3,111.8,0.801,1
bonus3,111.8,0.885,1
bonus3,111.8,0.894,1
bonus3,111.8,0.937,1
bonus3,111.8,0.967,1
bonus3,111.9,0.808,1
bonus3,111.9,0.835,1
bonus3,112,0.851,1
bonus3,112,0.876,1
bonus3,112,0.912,1
bonus3,112,0.917,1
bonus3,112.1,0.872,1
bonus3,112.1,0.917,1
bonus3,112.1,0.967,1
bonus3,112.2,0.843,1
bonus3,112.2,0.859,1
bonus3,112.2,0.868,1
bonus3,112.2,0.927,1
bonus3,112.3,0.868,1
bonus3,112.3,0.898,1
bonus3,112.3,0.917,1
bonus3,112.3,0.952,1
bonus3,112.4,0.903,1
bonus3,112.4,0.932,1
bonus3,112.4,0.947,1
bonus3,112.5,0.776,1
bonus3,112.5,0.898,1
bonus3,112.5,0.912,1
bonus3,112.5,0.947,2
bonus3,112.6,0.835,1
bonus3,112.7,0.855,1
bonus3,112.7,0.885,1
bonus3,112.7,0.908,1
bonus3,112.7,0.937,1
bonus3,112.7,0.947,1
bonus3,112.7,0.978,1
bonus3,112.8,0.756,1
bonus3,112.8,0.843,1
bonus3,112.8,0.859,1
bonus3,112.8,0.932,1
bonus3,112.8,0.941,1
bonus3,112.8,0.947,1
bonus3,112.9,0.843,1
bonus3,112.9,0.868,1
bonus3,112.9,0.941,1
bonus3,112.9,0.947,2
bonus3,113,0.889,1
bonus3,113.1,0.816,1
bonus3,113.1,0.894,1
bonus3,113.1,0.937,1
bonus3,113.1,0.941,1
bonus3,113.1,0.957,1
bonus3,113.2,0.79,1
bonus3,113.2,0.827,1
bonus3,113.2,0.839,1
bonus3,113.2,0.894,1
bonus3,113.2,0.922,1
bonus3,113.2,0.947,1
bonus3,113.3,0.903,1
bonus3,113.3,0.922,1
bonus3,113.3,0.947,1
bonus3,113.4,0.816,1
bonus3,113.4,0.922,1
bonus3,113.4,0.927,2
bonus3,113.4,0.932,1
bonus3,113.4,0.937,1
bonus3,113.4,0.947,1
bonus3,113.5,0.922,1
bonus3,113.6,0.819,1
bonus3,113.6,0.941,1
bonus3,113.6,0.947,2
bonus3,113.6,0.967,1
bonus3,113.6,0.973,1
bonus3,113.7,0.756,1
bonus3,113.7,0.827,1
bonus3,113.7,0.863,1
bonus3,113.7,0.894,1
bonus3,113.7,0.912,1
bonus3,113.7,0.937,1
bonus3,113.9,0.805,1
bonus3,113.9,0.922,1
bonus3,114,0.835,1
bonus3,114,0.839,1
bonus3,114,0.843,1
bonus3,114,0.885,1
bonus3,114,0.908,1
bonus3,114,0.952,1
bonus3,114,0.967,1
bonus3,114.1,0.738,1
bonus3,114.1,0.819,1
bonus3,114.1,0.889,1
bonus3,114.1,0.894,1
bonus3,114.1,0.903,1
bonus3,114.1,0.912,1
bonus3,114.1,0.941,1
bonus3,114.1,0.947,1
bonus3,114.2,0.903,1
bonus3,114.2,0.908,1
bonus3,114.2,0.937,1
bonus3,114.2,0.947,1
bonus3,114.3,0.843,1
bonus3,114.3,0.876,1
bonus3,114.4,0.881,1
bonus3,114.4,0.903,2
bonus3,114.4,0.932,2
bonus3,114.4,0.941,1
bonus3,114.5,0.808,1
bonus3,114.5,0.872,1
bonus3,114.5,0.908,1
bonus3,114.5,0.947,1
bonus3,114.5,0.957,1
bonus3,114.5,0.967,1
bonus3,114.6,0.819,1
bonus3,114.6,0.855,1
bonus3,114.6,0.863,1
bonus3,114.6,0.889,1
bonus3,114.6,0.937,1
bonus3,114.6,0.941,1
bonus3,114.6,0.957,1
bonus3,114.7,0.885,2
bonus3,114.7,0.941,1
bonus3,114.7,0.947,1
bonus3,114.7,0.989,1
bonus3,114.8,0.851,1
bonus3,114.8,0.898,1
bonus3,114.8,0.912,1
bonus3,114.8,0.927,1
bonus3,114.8,0.947,1
bonus3,114.8,0.962,1
bonus3,114.8,0.978,1
bonus3,114.9,0.885,1
bonus3,114.9,0.912,1
bonus3,114.9,0.922,1
bonus3,114.9,0.932,1
bonus3,114.9,0.941,1
bonus3,115,0.898,1
bonus3,115,0.922,1
bonus3,115,0.941,1
bonus3,115,0.957,2
bonus3,115.1,0.79,1
bonus3,115.1,0.912,1
bonus3,115.1,0.922,1
bonus3,115.1,0.941,1
bonus3,115.1,0.952,1
bonus3,115.1,0.957,1
bonus3,115.1,0.962,2
bonus3,115.3,0.794,1
bonus3,115.3,0.912,1
bonus3,115.4,0.912,1
bonus3,115.4,0.927,1
bonus3,115.4,0.937,1
bonus3,115.4,0.947,1
bonus3,115.4,0.952,1
bonus3,115.5,0.889,1
bonus3,115.5,0.903,1
bonus3,115.5,0.922,1
bonus3,115.5,0.927,1
bonus3,115.5,0.941,1
bonus3,115.5,0.947,2
bonus3,115.5,0.957,1
bonus3,115.6,0.851,1
bonus3,115.6,0.898,2
bonus3,115.6,0.908,1
bonus3,115.6,0.952,1
bonus3,115.6,0.967,1
bonus3,115.7,0.868,1
bonus3,115.7,0.917,1
bonus3,115.8,0.868,1
bonus3,115.8,0.912,1
bonus3,115.8,0.941,1
bonus3,115.9,0.801,1
bonus3,115.9,0.898,1
bonus3,115.9,0.903,1
bonus3,115.9,0.922,1
bonus3,115.9,0.937,1
bonus3,115.9,0.957,1
bonus3,116,0.608,1
bonus3,116,0.812,1
bonus3,116,0.835,1
bonus3,116,0.917,1
bonus3,116,0.947,1
bonus3,116,0.952,1
bonus3,116.1,0.903,2
bonus3,116.1,0.922,1
bonus3,116.1,0.932,2
bonus3,116.1,0.967,1
bonus3,116.2,0.863,1
bonus3,116.2,0.912,1
bonus3,116.2,0.932,1
bonus3,116.3,0.805,1
bonus3,116.3,0.885,1
bonus3,116.3,0.908,1
bonus3,116.3,0.937,1
bonus3,116.3,0.947,1
bonus3,116.3,0.978,1
bonus3,116.4,0.816,1
bonus3,116.4,0.894,1
bonus3,116.4,0.912,1
bonus3,116.4,0.952,1
bonus3,116.5,0.872,1
bonus3,116.5,0.957,2
bonus3,116.5,0.962,1
bonus3,116.6,0.863,1
bonus3,116.6,0.894,1
bonus3,116.6,0.932,2
bonus3,116.6,0.947,1
bonus3,116.7,0.885,2
bonus3,116.7,0.922,1
bonus3,116.7,0.927,1
bonus3,116.7,0.932,1
bonus3,116.7,0.941,1
bonus3,116.7,0.967,1
bonus3,116.8,0.898,1
bonus3,116.8,0.917,2
bonus3,116.8,0.932,1
bonus3,116.8,0.941,1
bonus3,116.9,0.937,1
bonus3,116.9,0.941,1
bonus3,116.9,0.952,1
bonus3,117,0.843,1
bonus3,117,0.922,1
bonus3,117,0.932,1
bonus3,117,0.957,2
bonus3,117.1,0.881,1
bonus3,117.1,0.922,1
bonus3,117.1,0.927,1
bonus3,117.1,0.941,1
bonus3,117.2,0.787,1
bonus3,117.2,0.851,1
bonus3,117.2,0.876,1
bonus3,117.2,0.894,2
bonus3,117.2,0.917,1
bonus3,117.2,0.952,2
bonus3,117.2,0.957,1
bonus3,117.3,0.903,1
bonus3,117.3,0.947,1
bonus3,117.4,0.78,1
bonus3,117.4,0.937,1
bonus3,117.4,0.947,1
bonus3,117.4,0.957,1
bonus3,117.5,0.881,2
bonus3,117.5,0.912,1
bonus3,117.5,0.932,1
bonus3,117.6,0.689,1
bonus3,117.6,0.763,1
bonus3,117.6,0.863,1
bonus3,117.6,0.881,1
bonus3,117.6,0.894,1
bonus3,117.6,0.917,1
bonus3,117.7,0.881,1
bonus3,117.8,0.835,1
bonus3,117.8,0.859,1
bonus3,117.8,0.937,1
bonus3,117.9,0.76,1
bonus3,117.9,0.872,1
bonus3,117.9,0.894,1
bonus3,118,0.827,1
bonus3,118,0.859,1
bonus3,118,0.917,1
bonus3,118,0.932,1
bonus3,118.1,0.855,1
bonus3,118.1,0.863,1
bonus3,118.1,0.885,1
bonus3,118.1,0.903,1
bonus3,118.1,0.922,1
bonus3,118.2,0.816,1
bonus3,118.2,0.847,1
bonus3,118.2,0.908,1
bonus3,118.2,0.917,1
bonus3,118.2,0.922,1
bonus3,118.2,0.932,1
bonus3,118.2,0.952,1
bonus3,118.3,0.816,1
bonus3,118.3,0.851,1
bonus3,118.3,0.937,1
bonus3,118.4,0.831,1
bonus3,118.4,0.839,1
bonus3,118.4,0.885,1
bonus3,118.4,0.903,2
bonus3,118.4,0.912,1
bonus3,118.4,0.937,1
bonus3,118.4,0.947,1
bonus3,118.4,0.967,1
bonus3,118.5,0.683,1
bonus3,118.5,0.881,1
bonus3,118.5,0.917,1
bonus3,118.5,0.937,1
bonus3,118.5,0.941,1
bonus3,118.5,0.947,1
bonus3,118.6,0.881,1
bonus3,118.6,0.922,1
bonus3,118.6,0.932,1
bonus3,118.6,0.941,1
bonus3,118.6,0.947,4
bonus3,118.6,0.952,1
bonus3,118.7,0.932,1
bonus3,118.7,0.937,1
bonus3,118.7,0.957,1
bonus3,118.7,0.967,1
bonus3,118.7,0.978,1
bonus3,118.8,0.839,1
bonus3,118.8,0.847,1
bonus3,118.8,0.889,1
bonus3,118.8,0.903,1
bonus3,118.8,0.927,1
bonus3,118.8,0.952,1
bonus3,118.9,0.912,1
bonus3,119,0.859,1
bonus3,119,0.872,1
bonus3,119,0.912,1
bonus3,119,0.922,1
bonus3,119,0.937,1
bonus3,119,0.941,1
bonus3,119.1,0.903,1
bonus3,119.2,0.728,1
bonus3,119.2,0.78,1
bonus3,119.2,0.812,1
bonus3,119.2,0.851,1
bonus3,119.2,0.868,1
bonus3,119.2,0.941,1
bonus3,119.2,0.952,1
bonus3,119.3,0.673,1
bonus3,119.3,0.835,1
bonus3,119.3,0.894,1
bonus3,119.3,0.917,1
bonus3,119.3,0.957,1
bonus3,119.4,0.753,1
bonus3,119.4,0.898,1
bonus3,119.5,0.859,1
bonus3,119.5,0.932,1
bonus3,119.6,0.863,1
bonus3,119.6,0.898,1
bonus3,119.6,0.937,1
bonus3,119.7,0.912,1
bonus3,119.7,0.967,1
bonus3,119.8,0.885,2
bonus3,119.8,0.922,1
bonus3,119.9,0.835,1
bonus3,119.9,0.872,1
bonus3,119.9,0.912,1
bonus3,119.9,0.952,1
bonus3,120,0.835,1
bonus3,120,0.847,1
bonus3,120,0.962,1
bonus3,120.1,0.859,1
bonus3,120.1,0.885,1
bonus3,120.1,0.937,1
bonus3,120.1,0.941,1
bonus3,120.2,0.855,1
bonus3,120.2,0.927,1
bonus3,120.2,0.937,1
bonus3,120.3,0.702,1
bonus3,120.3,0.851,1
bonus3,120.3,0.863,1
bonus3,120.3,0.889,1
bonus3,120.3,0.894,1
bonus3,120.3,0.932,1
bonus3,120.3,0.937,1
bonus3,120.3,0.941,2
bonus3,120.4,0.898,1
bonus3,120.4,0.932,2
bonus3,120.4,0.957,2
bonus3,120.5,0.808,1
bonus3,120.5,0.876,1
bonus3,120.5,0.889,1
bonus3,120.5,0.898,1
bonus3,120.5,0.927,1
bonus3,120.5,0.947,1
bonus3,120.6,0.912,1
bonus3,120.6,0.917,1
bonus3,120.6,0.937,2
bonus3,120.7,0.876,1
bonus3,120.7,0.917,1
bonus3,120.7,0.937,2
bonus3,120.8,0.79,1
bonus3,120.8,0.839,1
bonus3,120.8,0.898,1
bonus3,120.8,0.927,1
bonus3,120.8,0.932,1
bonus3,120.8,0.941,1
bonus3,120.8,0.957,1
bonus3,120.9,0.843,1
bonus3,120.9,0.876,1
bonus3,120.9,0.922,1
bonus3,120.9,0.941,1
bonus3,121,0.859,1
bonus3,121,0.917,1
bonus3,121,0.967,1
bonus3,121.1,0.847,1
bonus3,121.1,0.898,1
bonus3,121.1,0.903,1
bonus3,121.1,0.922,1
bonus3,121.2,0.787,1
bonus3,121.2,0.903,1
bonus3,121.2,0.932,1
bonus3,121.3,0.819,1
bonus3,121.3,0.827,1
bonus3,121.3,0.881,1
bonus3,121.3,0.917,1
bonus3,121.3,0.937,1
bonus3,121.3,0.957,1
bonus3,121.4,0.843,1
bonus3,121.4,0.889,1
bonus3,121.4,0.927,1
bonus3,121.4,0.947,1
bonus3,121.5,0.859,1
bonus3,121.5,0.898,1
bonus3,121.5,0.922,1
bonus3,121.5,0.957,1
bonus3,121.6,0.932,1
bonus3,121.6,0.937,1
bonus3,121.6,0.947,1
bonus3,121.7,0.868,1
bonus3,121.7,0.927,1
bonus3,121.8,0.823,1
bonus3,121.8,0.898,1
bonus3,121.8,0.941,1
bonus3,121.9,0.839,1
bonus3,121.9,0.847,1
bonus3,121.9,0.912,2
bonus3,121.9,0.962,1
bonus3,121.9,0.967,1
bonus3,122,0.872,2
bonus3,122,0.876,1
bonus3,122,0.903,1
bonus3,122,0.932,1
bonus3,122.1,0.872,1
bonus3,122.1,0.932,2
bonus3,122.2,0.908,1
bonus3,122.2,0.912,1
bonus3,122.2,0.922,2
bonus3,122.2,0.937,1
bonus3,122.3,0.855,1
bonus3,122.3,0.889,1
bonus3,122.3,0.917,1
bonus3,122.3,0.937,1
bonus3,122.4,0.868,2
bonus3,122.4,0.876,1
bonus3,122.4,0.894,1
bonus3,122.4,0.903,1
bonus3,122.4,0.908,1
bonus3,122.5,0.812,1
bonus3,122.5,0.908,1
bonus3,122.6,0.863,1
bonus3,122.6,0.917,1
bonus3,122.6,0.932,1
bonus3,122.6,0.947,1
bonus3,122.7,0.644,1
bonus3,122.7,0.937,1
bonus3,122.7,0.941,1
bonus3,122.8,0.859,1
bonus3,122.8,0.868,1
bonus3,122.8,0.885,1
bonus3,122.8,0.889,1
bonus3,122.8,0.941,1
bonus3,122.9,0.847,1
bonus3,122.9,0.876,1
bonus3,122.9,0.922,1
bonus3,122.9,0.927,1
bonus3,122.9,0.947,2
bonus3,122.9,0.967,1
bonus3,123,0.773,1
bonus3,123,0.876,1
bonus3,123,0.881,1
bonus3,123,0.912,1
bonus3,123,0.922,1
bonus3,123,0.927,1
bonus3,123,0.937,2
bonus3,123,0.947,1
bonus3,123.1,0.79,1
bonus3,123.1,0.808,1
bonus3,123.1,0.835,1
bonus3,123.1,0.885,1
bonus3,123.2,0.851,1
bonus3,123.2,0.855,1
bonus3,123.2,0.922,1
bonus3,123.2,0.947,1
bonus3,123.3,0.885,1
bonus3,123.3,0.894,1
bonus3,123.3,0.917,1
bonus3,123.3,0.927,1
bonus3,123.4,0.957,1
bonus3,123.5,0.941,1
bonus3,123.5,0.957,1
bonus3,123.6,0.812,1
bonus3,123.6,0.816,1
bonus3,123.6,0.894,1
bonus3,123.6,0.898,1
bonus3,123.6,0.941,1
bonus3,123.7,0.843,1
bonus3,123.7,0.894,1
bonus3,123.8,0.819,1
bonus3,123.8,0.922,1
bonus3,123.8,0.947,1
bonus3,123.9,0.894,1
bonus3,124,0.794,1
bonus3,124,0.872,1
bonus3,124,0.881,1
bonus3,124,0.917,1
bonus3,124.1,0.927,1
bonus3,124.2,0.763,1
bonus3,124.2,0.859,1
bonus3,124.2,0.863,1
bonus3,124.2,0.881,1
bonus3,124.2,0.889,1
bonus3,124.2,0.903,1
bonus3,124.2,0.937,1
bonus3,124.2,0.962,1
bonus3,124.3,0.766,1
bonus3,124.3,0.847,2
bonus3,124.3,0.881,1
bonus3,124.3,0.917,1
bonus3,124.3,0.927,1
bonus3,124.3,0.937,1
bonus3,124.3,0.957,1
bonus3,124.4,0.957,1
bonus3,124.5,0.868,1
bonus3,124.5,0.908,1
bonus3,124.5,0.922,1
bonus3,124.5,0.932,1
bonus3,124.5,0.937,1
bonus3,124.6,0.835,1
bonus3,124.6,0.843,1
bonus3,124.6,0.868,1
bonus3,124.6,0.957,1
bonus3,124.7,0.819,1
bonus3,124.7,0.872,1
bonus3,124.7,0.889,1
bonus3,124.7,0.917,1
bonus3,124.7,0.947,2
bonus3,124.7,0.967,1
bonus3,124.8,0.903,1
bonus3,124.8,0.937,1
bonus3,124.9,0.843,1
bonus3,125,0.744,1
bonus3,125,0.947,1
bonus3,125,0.967,1
bonus3,125.1,0.708,1
bonus3,125.1,0.808,1
bonus3,125.1,0.889,1
bonus3,125.1,0.927,1
bonus3,125.2,0.859,1
bonus3,125.3,0.876,1
bonus3,125.3,0.917,1
bonus3,125.3,0.922,1
bonus3,125.3,0.937,1
bonus3,125.3,0.967,1
bonus3,125.4,0.839,1
bonus3,125.4,0.863,1
bonus3,125.4,0.912,1
bonus3,125.4,0.927,1
bonus3,125.4,0.952,1
bonus3,125.4,0.957,1
bonus3,125.5,0.763,1
bonus3,125.5,0.859,1
bonus3,125.5,0.868,1
bonus3,125.5,0.952,1
bonus3,125.5,0.957,1
bonus3,125.6,0.894,1
bonus3,125.6,0.912,1
bonus3,125.6,0.947,1
bonus3,125.6,0.967,1
bonus3,125.7,0.823,1
bonus3,125.7,0.835,1
bonus3,125.7,0.922,1
bonus3,125.7,0.932,1
bonus3,125.7,0.947,1
bonus3,125.7,0.967,1
bonus3,125.8,0.843,1
bonus3,125.8,0.912,1
bonus3,125.8,0.947,1
bonus3,125.8,0.957,1
bonus3,125.9,0.843,2
bonus3,125.9,0.885,1
bonus3,125.9,0.937,1
bonus3,125.9,0.967,1
bonus3,126,0.823,1
bonus3,126,0.847,1
bonus3,126,0.889,1
bonus3,126,0.922,2
bonus3,126,0.927,1
bonus3,126,0.967,1
bonus3,126.1,0.835,2
bonus3,126.1,0.843,1
bonus3,126.1,0.885,1
bonus3,126.1,0.941,1
bonus3,126.2,0.908,1
bonus3,126.2,0.912,1
bonus3,126.2,0.927,1
bonus3,126.2,0.941,1
bonus3,126.2,0.952,1
bonus3,126.3,0.805,1
bonus3,126.3,0.978,1
bonus3,126.4,0.808,1
bonus3,126.4,0.855,1
bonus3,126.4,0.937,1
bonus3,126.4,0.952,1
bonus3,126.5,0.835,1
bonus3,126.5,0.912,1
bonus3,126.5,0.967,1
bonus3,126.6,0.868,1
bonus3,126.6,0.947,1
bonus3,126.6,0.952,1
bonus3,126.6,0.957,1
bonus3,126.7,0.835,1
bonus3,126.7,0.917,1
bonus3,126.7,0.922,1
bonus3,126.7,0.952,1
bonus3,126.8,0.898,1
bonus3,126.8,0.957,1
bonus3,126.9,0.881,1
bonus3,127,0.947,2
bonus3,127,0.952,1
bonus3,127,0.957,2
bonus3,127.1,0.79,1
bonus3,127.1,0.922,2
bonus3,127.1,0.932,1
bonus3,127.2,0.859,1
bonus3,127.3,0.912,1
bonus3,127.4,0.912,1
bonus3,127.4,0.947,1
bonus3,127.4,0.952,1
bonus3,127.5,0.894,1
bonus3,127.5,0.903,1
bonus3,127.5,0.908,1
bonus3,127.5,0.932,2
bonus3,127.5,0.937,1
bonus3,127.5,0.973,1
bonus3,127.6,0.859,1
bonus3,127.6,0.894,1
bonus3,127.7,0.794,1
bonus3,127.7,0.855,1
bonus3,127.7,0.868,1
bonus3,127.7,0.912,1
bonus3,127.7,0.957,1
bonus3,127.8,0.575,1
bonus3,127.8,0.912,1
bonus3,127.8,0.927,1
bonus3,127.8,0.932,2
bonus3,127.9,0.876,1
bonus3,127.9,0.912,1
bonus3,127.9,0.932,1
bonus3,127.9,0.947,1
bonus3,127.9,0.957,1
bonus3,128,0.717,1
bonus3,128,0.872,2
bonus3,128,0.881,1
bonus3,128,0.917,1
bonus3,128,0.932,1
bonus3,128,0.941,1
bonus3,128,0.957,1
bonus3,128.1,0.863,1
bonus3,128.1,0.868,2
bonus3,128.1,0.922,1
bonus3,128.1,0.927,1
bonus3,128.2,0.859,1
bonus3,128.2,0.876,1
bonus3,128.2,0.927,1
bonus3,128.2,0.941,1
bonus3,128.2,0.947,2
bonus3,128.2,0.952,1
bonus3,128.3,0.872,1
bonus3,128.3,0.947,1
bonus3,128.4,0.876,1
bonus3,128.4,0.881,1
bonus3,128.4,0.885,1
bonus3,128.4,0.912,1
bonus3,128.4,0.932,1
bonus3,128.5,0.851,1
bonus3,128.5,0.881,1
bonus3,128.5,0.927,1
bonus3,128.5,0.937,1
bonus3,128.6,0.851,1
bonus3,128.6,0.908,1
bonus3,128.6,0.912,1
bonus3,128.6,0.937,1
bonus3,128.7,0.908,1
bonus3,128.7,0.912,2
bonus3,128.7,0.917,1
bonus3,128.7,0.957,2
bonus3,128.8,0.763,1
bonus3,128.8,0.79,1
bonus3,128.8,0.797,1
bonus3,128.8,0.863,1
bonus3,128.8,0.881,1
bonus3,128.8,0.912,1
bonus3,128.8,0.937,1
bonus3,128.8,0.957,1
bonus3,128.9,0.835,1
bonus3,128.9,0.868,1
bonus3,128.9,0.876,1
bonus3,128.9,0.912,1
bonus3,128.9,0.927,1
bonus3,128.9,0.937,2
bonus3,129,0.808,1
bonus3,129,0.847,1
bonus3,129,0.881,1
bonus3,129,0.889,1
bonus3,129,0.908,2
bonus3,129,0.922,1
bonus3,129.1,0.903,1
bonus3,129.1,0.937,1
bonus3,129.2,0.75,1
bonus3,129.2,0.885,1
bonus3,129.2,0.894,2
bonus3,129.3,0.881,1
bonus3,129.3,0.894,1
bonus3,129.3,0.952,1
bonus3,129.4,0.819,1
bonus3,129.4,0.863,1
bonus3,129.4,0.932,1
bonus3,129.4,0.941,1
bonus3,129.5,0.932,1
bonus3,129.5,0.947,1
bonus3,129.6,0.903,1
bonus3,129.6,0.932,2
bonus3,129.6,0.947,1
bonus3,129.6,0.962,1
bonus3,129.7,0.859,1
bonus3,129.7,0.957,1
bonus3,129.7,0.978,1
bonus3,129.8,0.708,1
bonus3,129.8,0.79,1
bonus3,129.8,0.908,1
bonus3,129.8,0.937,1
bonus3,129.8,0.947,1
bonus3,129.9,0.889,1
bonus3,129.9,0.912,1
bonus3,129.9,0.947,1
bonus3,129.9,0.957,1
bonus3,129.9,0.967,1
bonus3,130,0.876,1
bonus3,130,0.881,1
bonus3,130,0.894,2
bonus3,130,0.898,1
bonus3,130.1,0.937,1
bonus3,130.1,0.947,1
bonus3,130.1,0.952,1
bonus3,130.2,0.932,1
bonus3,130.3,0.885,1
bonus3,130.3,0.908,1
bonus3,130.3,0.932,1
bonus3,130.4,0.843,2
bonus3,130.4,0.889,2
bonus3,130.4,0.922,1
bonus3,130.5,0.839,1
bonus3,130.5,0.843,1
bonus3,130.5,0.868,1
bonus3,130.5,0.876,1
bonus3,130.5,0.947,1
bonus3,130.7,0.756,1
bonus3,130.7,0.843,1
bonus3,130.7,0.847,1
bonus3,130.7,0.863,1
bonus3,130.8,0.831,1
bonus3,130.8,0.947,1
bonus3,130.8,0.957,1
bonus3,130.9,0.851,1
bonus3,130.9,0.952,1
bonus3,130.9,0.967,1
bonus3,131,0.876,1
bonus3,131,0.917,2
bonus3,131,0.937,1
bonus3,131,0.941,1
bonus3,131.1,0.937,1
bonus3,131.1,0.957,1
bonus3,131.1,0.967,1
bonus3,131.2,0.947,1
bonus3,131.3,0.812,1
bonus3,131.3,0.831,1
bonus3,131.3,0.839,1
bonus3,131.3,0.868,1
bonus3,131.3,0.894,1
bonus3,131.3,0.912,1
bonus3,131.3,0.922,1
bonus3,131.3,0.941,1
bonus3,131.4,0.823,1
bonus3,131.4,0.894,1
bonus3,131.4,0.932,1
bonus3,131.4,0.947,2
bonus3,131.5,0.827,1
bonus3,131.5,0.851,1
bonus3,131.5,0.922,1
bonus3,131.5,0.932,1
bonus3,131.5,0.937,1
bonus3,131.5,0.962,1
bonus3,131.6,0.859,1
bonus3,131.6,0.941,2
bonus3,131.6,0.978,1
bonus3,131.7,0.889,1
bonus3,131.7,0.894,1
bonus3,131.7,0.937,1
bonus3,131.7,0.947,1
bonus3,131.7,0.967,1
bonus3,131.8,0.756,1
bonus3,131.8,0.835,1
bonus3,131.8,0.912,1
bonus3,131.8,0.917,1
bonus3,131.8,0.927,1
bonus3,131.8,0.941,1
bonus3,131.9,0.868,1
bonus3,131.9,0.957,1
bonus3,132,0.805,1
bonus3,132,0.816,1
bonus3,132,0.872,1
bonus3,132,0.903,2
bonus3,132.1,0.937,1
bonus3,132.1,0.957,1
bonus3,132.2,0.889,2
bonus3,132.2,0.894,1
bonus3,132.2,0.927,1
bonus3,132.3,0.763,1
bonus3,132.3,0.885,1
bonus3,132.3,0.898,1
bonus3,132.3,0.912,1
bonus3,132.3,0.927,1
bonus3,132.3,0.957,1
bonus3,132.4,0.894,1
bonus3,132.5,0.894,1
bonus3,132.5,0.912,2
bonus3,132.5,0.941,2
bonus3,132.6,0.908,1
bonus3,132.6,0.922,1
bonus3,132.6,0.927,1
bonus3,132.6,0.932,2
bonus3,132.7,0.868,1
bonus3,132.7,0.876,1
bonus3,132.7,0.898,1
bonus3,132.7,0.912,1
bonus3,132.7,0.947,1
bonus3,132.7,0.952,1
bonus3,132.8,0.917,1
bonus3,132.8,0.941,1
bonus3,132.8,0.957,1
bonus3,132.8,0.978,1
bonus3,132.9,0.872,1
bonus3,132.9,0.881,1
bonus3,132.9,0.912,1
bonus3,132.9,0.922,1
bonus3,132.9,0.932,1
bonus3,132.9,0.937,1
bonus3,132.9,0.957,1
bonus3,133,0.816,1
bonus3,133,0.843,1
bonus3,133,0.912,1
bonus3,133,0.941,2
bonus3,133,0.947,1
bonus3,133.1,0.967,1
bonus3,133.2,0.947,1
bonus3,133.2,0.957,1
bonus3,133.3,0.908,1
bonus3,133.3,0.937,1
bonus3,133.3,0.941,1
bonus3,133.4,0.872,1
bonus3,133.4,0.894,1
bonus3,133.4,0.922,1
bonus3,133.4,0.957,1
bonus3,133.5,0.855,1
bonus3,133.5,0.978,1
bonus3,133.6,0.823,1
bonus3,133.6,0.917,1
bonus3,133.7,0.797,1
bonus3,133.7,0.855,1
bonus3,133.7,0.947,1
bonus3,133.8,0.787,1
bonus3,133.9,0.855,1
bonus3,133.9,0.868,1
bonus3,133.9,0.927,1
bonus3,134,0.839,1
bonus3,134,0.859,1
bonus3,134,0.898,1
bonus3,134,0.927,1
bonus3,134,0.978,1
bonus3,134.1,0.855,1
bonus3,134.1,0.898,2
bonus3,134.1,0.917,1
bonus3,134.1,0.932,1
bonus3,134.1,0.947,1
bonus3,134.1,0.962,1
bonus3,134.2,0.797,1
bonus3,134.2,0.819,1
bonus3,134.2,0.898,1
bonus3,134.2,0.941,1
bonus3,134.2,0.967,1
bonus3,134.3,0.885,1
bonus3,134.3,0.932,1
bonus3,134.3,0.941,1
bonus3,134.4,0.851,1
bonus3,134.4,0.932,1
bonus3,134.4,0.947,1
bonus3,134.5,0.903,1
bonus3,134.5,0.917,1
bonus3,134.5,0.957,1
bonus3,134.5,0.967,1
bonus3,134.6,0.728,2
bonus3,134.6,0.823,1
bonus3,134.6,0.903,1
bonus3,134.6,0.927,1
bonus3,134.6,0.932,1
bonus3,134.7,0.819,1
bonus3,134.7,0.922,2
bonus3,134.8,0.962,1
bonus3,134.9,0.863,1
bonus3,134.9,0.889,1
bonus3,135,0.787,1
bonus3,135,0.823,1
bonus3,135,0.885,1
bonus3,135,0.941,1
bonus3,135,0.967,1
bonus3,135.1,0.827,1
bonus3,135.2,0.876,1
bonus3,135.2,0.978,1
bonus3,135.3,0.823,1
bonus3,135.3,0.889,1
bonus3,135.3,0.908,1
bonus3,135.4,0.947,1
bonus3,135.4,0.967,1
bonus3,135.5,0.876,1
bonus3,135.5,0.903,1
bonus3,135.5,0.912,1
bonus3,135.6,0.941,1
bonus3,135.7,0.753,1
bonus3,135.7,0.885,1
bonus3,135.7,0.898,1
bonus3,135.7,0.912,1
bonus3,135.7,0.941,2
bonus3,135.8,0.808,1
bonus3,135.8,0.863,1
bonus3,135.8,0.889,1
bonus3,135.8,0.903,1
bonus3,135.8,0.937,1
bonus3,135.8,0.952,1
bonus3,135.8,0.957,1
bonus3,135.9,0.831,1
bonus3,135.9,0.847,1
bonus3,135.9,0.881,1
bonus3,135.9,0.932,1
bonus3,136,0.881,1
bonus3,136,0.885,1
bonus3,136,0.932,1
bonus3,136,0.947,1
bonus3,136.1,0.922,1
bonus3,136.1,0.941,1
bonus3,136.2,0.827,1
bonus3,136.2,0.876,1
bonus3,136.2,0.927,1
bonus3,136.2,0.937,1
bonus3,136.3,0.816,1
bonus3,136.3,0.835,1
bonus3,136.3,0.917,1
bonus3,136.4,0.894,2
bonus3,136.4,0.908,1
bonus3,136.4,0.912,1
bonus3,136.4,0.922,1
bonus3,136.4,0.932,1
bonus3,136.4,0.937,1
bonus3,136.4,0.947,1
bonus3,136.5,0.863,1
bonus3,136.5,0.947,1
bonus3,136.6,0.776,1
bonus3,136.6,0.917,1
bonus3,136.6,0.922,1
bonus3,136.7,0.932,1
bonus3,136.7,0.957,1
bonus3,136.7,0.967,1
bonus3,136.8,0.776,1
bonus3,136.8,0.952,1
bonus3,137,0.773,1
bonus3,137,0.812,1
bonus3,137,0.868,1
bonus3,137.1,0.827,1
bonus3,137.1,0.868,1
bonus3,137.1,0.872,1
bonus3,137.1,0.889,1
bonus3,137.1,0.927,1
bonus3,137.1,0.941,1
bonus3,137.1,0.957,1
bonus3,137.1,0.962,1
bonus3,137.2,0.903,1
bonus3,137.3,0.816,1
bonus3,137.3,0.912,1
bonus3,137.3,0.932,1
bonus3,137.3,0.967,1
bonus3,137.4,0.651,1
bonus3,137.4,0.889,1
bonus3,137.4,0.917,1
bonus3,137.4,0.932,2
bonus3,137.5,0.885,1
bonus3,137.7,0.898,1
bonus3,137.8,0.876,1
bonus3,137.8,0.885,1
bonus3,137.9,0.855,1
bonus3,137.9,0.937,1
bonus3,137.9,0.947,2
bonus3,137.9,0.952,1
bonus3,138,0.908,1
bonus3,138,0.941,1
bonus3,138,0.947,1
bonus3,138.1,0.847,1
bonus3,138.1,0.868,1
bonus3,138.1,0.894,1
bonus3,138.1,0.903,1
bonus3,138.1,0.912,1
bonus3,138.1,0.927,1
bonus3,138.2,0.843,1
bonus3,138.2,0.898,1
bonus3,138.2,0.941,1
bonus3,138.3,0.894,1
bonus3,138.3,0.947,1
bonus3,138.4,0.932,1
bonus3,138.4,0.947,1
bonus3,138.5,0.783,1
bonus3,138.5,0.881,1
bonus3,138.6,0.903,1
bonus3,138.6,0.952,1
bonus3,138.6,0.978,1
bonus3,138.7,0.783,1
bonus3,138.7,0.839,1
bonus3,138.7,0.937,1
bonus3,138.7,0.952,1
bonus3,138.8,0.872,1
bonus3,138.8,0.932,1
bonus3,138.9,0.763,1
bonus3,138.9,0.808,1
bonus3,138.9,0.827,1
bonus3,138.9,0.922,1
bonus3,138.9,0.947,1
bonus3,138.9,0.952,1
bonus3,138.9,0.967,1
bonus3,139.1,0.941,1
bonus3,139.1,0.957,2
bonus3,139.2,0.794,1
bonus3,139.2,0.872,1
bonus3,139.3,0.851,1
bonus3,139.5,0.843,1
bonus3,139.6,0.885,1
bonus3,139.6,0.894,1
bonus3,139.6,0.908,1
bonus3,139.6,0.937,1
bonus3,139.7,0.808,1
bonus3,139.7,0.827,1
bonus3,139.7,0.903,1
bonus3,139.7,0.922,1
bonus3,139.7,0.927,1
bonus3,139.7,0.937,1
bonus3,139.8,0.889,1
bonus3,139.9,0.812,1
bonus3,139.9,0.889,1
bonus3,139.9,0.927,1
bonus3,140,0.868,1
bonus3,140,0.932,1
bonus3,140,0.941,1
bonus3,140,0.957,1
bonus3,140.1,0.898,1
bonus3,140.1,0.917,1
bonus3,140.1,0.927,1
bonus3,140.1,0.967,1
bonus3,140.2,0.831,1
bonus3,140.2,0.941,1
bonus3,140.3,0.978,1
bonus3,140.4,0.868,1
bonus3,140.4,0.912,1
bonus3,140.5,0.885,1
bonus3,140.5,0.898,1
bonus3,140.6,0.957,1
bonus3,140.6,0.962,1
bonus3,140.7,0.843,1
bonus3,140.7,0.922,1
bonus3,140.8,0.908,1
bonus3,140.8,0.932,1
bonus3,141,0.922,1
bonus3,141,0.952,1
bonus3,141,0.967,1
bonus3,141.1,0.932,1
bonus3,141.1,0.947,1
bonus3,141.2,0.835,1
bonus3,141.2,0.937,1
bonus3,141.2,0.941,1
bonus3,141.3,0.912,1
bonus3,141.3,0.927,1
bonus3,141.3,0.932,1
bonus3,141.3,0.947,1
bonus3,141.3,0.957,1
bonus3,141.4,0.927,2
bonus3,141.5,0.894,2
bonus3,141.5,0.917,1
bonus3,141.5,0.937,1
bonus3,141.5,0.978,1
bonus3,141.6,0.908,1
bonus3,141.6,0.912,1
bonus3,141.7,0.885,1
bonus3,141.8,0.823,1
bonus3,141.8,0.908,1
bonus3,141.8,0.922,2
bonus3,141.9,0.876,1
bonus3,141.9,0.927,3
bonus3,141.9,0.957,1
bonus3,142,0.885,1
bonus3,142.1,0.756,1
bonus3,142.1,0.851,1
bonus3,142.1,0.927,1
bonus3,142.1,0.937,1
bonus3,142.3,0.763,1
bonus3,142.3,0.922,2
bonus3,142.3,0.941,1
bonus3,142.4,0.823,1
bonus3,142.4,0.898,1
bonus3,142.4,0.957,1
bonus3,142.5,0.868,1
bonus3,142.5,0.903,1
bonus3,142.5,0.927,1
bonus3,142.5,0.947,1
bonus3,142.6,0.763,1
bonus3,142.6,0.859,1
bonus3,142.7,0.922,1
bonus3,142.7,0.947,1
bonus3,142.7,0.957,1
bonus3,142.8,0.801,1
bonus3,142.8,0.903,1
bonus3,142.9,0.812,1
bonus3,142.9,0.927,1
bonus3,142.9,0.941,1
bonus3,142.9,0.947,1
bonus3,143.1,0.843,1
bonus3,143.1,0.885,1
bonus3,143.2,0.957,1
bonus3,143.2,0.978,1
bonus3,143.3,0.766,1
bonus3,143.3,0.801,1
bonus3,143.4,0.967,1
bonus3,143.5,0.889,1
bonus3,143.5,0.894,1
bonus3,143.6,0.808,1
bonus3,143.6,0.912,1
bonus3,143.6,0.917,1
bonus3,143.7,0.863,1
bonus3,143.7,0.903,1
bonus3,143.7,0.927,1
bonus3,143.7,0.947,1
bonus3,143.8,0.941,1
bonus3,143.9,0.917,1
bonus3,143.9,0.927,1
bonus3,143.9,0.937,1
bonus3,143.9,0.967,1
bonus3,144,0.831,1
bonus3,144,0.835,1
bonus3,144,0.917,1
bonus3,144,0.967,1
bonus3,144.1,0.885,1
bonus3,144.1,0.922,1
bonus3,144.1,0.927,1
bonus3,144.1,0.967,1
bonus3,144.3,0.868,1
bonus3,144.3,0.927,1
bonus3,144.3,0.947,1
bonus3,144.4,0.912,1
bonus3,144.4,0.957,1
bonus3,144.5,0.843,1
bonus3,144.5,0.947,1
bonus3,144.6,0.917,1
bonus3,144.6,0.947,1
bonus3,144.6,0.967,1
bonus3,144.7,0.885,1
bonus3,144.8,0.908,1
bonus3,144.9,0.783,1
bonus3,144.9,0.917,1
bonus3,145,0.927,1
bonus3,145,0.957,1
bonus3,145,0.962,1
bonus3,145.1,0.725,1
bonus3,145.2,0.903,1
bonus3,145.3,0.912,1
bonus3,145.4,0.932,2
bonus3,145.4,0.947,1
bonus3,145.5,0.812,1
bonus3,145.5,0.894,1
bonus3,145.5,0.978,1
bonus3,145.6,0.678,1
bonus3,145.6,0.812,1
bonus3,145.6,0.898,1
bonus3,145.6,0.917,1
bonus3,145.6,0.937,1
bonus3,145.6,0.947,1
bonus3,145.7,0.855,1
bonus3,145.7,0.937,1
bonus3,145.8,0.797,1
bonus3,145.8,0.819,1
bonus3,145.8,0.868,1
bonus3,145.8,0.932,1
bonus3,145.8,0.952,1
bonus3,145.9,0.819,1
bonus3,145.9,0.859,1
bonus3,145.9,0.894,1
bonus3,145.9,0.927,1
bonus3,146,0.898,2
bonus3,146,0.937,1
bonus3,146.1,0.819,1
bonus3,146.1,0.885,2
bonus3,146.1,0.947,1
bonus3,146.2,0.947,1
bonus3,146.2,0.952,1
bonus3,146.3,0.851,1
bonus3,146.3,0.872,1
bonus3,146.3,0.898,1
bonus3,146.3,0.908,1
bonus3,146.3,0.932,1
bonus3,146.4,0.941,1
bonus3,146.5,0.917,1
bonus3,146.5,0.957,1
bonus3,146.5,0.962,1
bonus3,146.6,0.812,1
bonus3,146.6,0.831,1
bonus3,146.6,0.876,1
bonus3,146.6,0.917,1
bonus3,146.7,0.863,1
bonus3,146.7,0.881,1
bonus3,146.7,0.941,1
bonus3,146.7,0.967,1
bonus3,146.8,0.912,1
bonus3,146.8,0.957,1
bonus3,146.9,0.885,1
bonus3,146.9,0.894,1
bonus3,146.9,0.922,1
bonus3,146.9,0.932,1
bonus3,146.9,0.967,1
bonus3,147,0.851,1
bonus3,147,0.885,1
bonus3,147,0.932,1
bonus3,147.1,0.908,1
bonus3,147.1,0.937,2
bonus3,147.1,0.947,1
bonus3,147.1,0.967,1
bonus3,147.3,0.947,1
bonus3,147.4,0.922,1
bonus3,147.4,0.927,1
bonus3,147.4,0.941,1
bonus3,147.6,0.967,1
bonus3,147.7,0.947,1
bonus3,147.7,0.967,1
bonus3,147.8,0.78,1
bonus3,147.8,0.816,1
bonus3,147.8,0.881,1
bonus3,147.8,0.962,1
bonus3,147.9,0.889,1
bonus3,147.9,0.957,1
bonus3,148,0.885,1
bonus3,148,0.947,1
bonus3,148.1,0.881,1
bonus3,148.1,0.927,1
bonus3,148.3,0.756,1
bonus3,148.3,0.872,1
bonus3,148.3,0.922,1
bonus3,148.4,0.835,1
bonus3,148.5,0.898,1
bonus3,148.5,0.927,1
bonus3,148.6,0.947,1
bonus3,148.7,0.937,1
bonus3,148.8,0.801,1
bonus3,148.8,0.855,1
bonus3,148.9,0.889,1
bonus3,148.9,0.917,1
bonus3,148.9,0.978,1
bonus3,149,0.835,1
bonus3,149,0.876,1
bonus3,149,0.932,1
bonus3,149,0.952,1
bonus3,149,0.957,1
bonus3,149.1,0.63,1
bonus3,149.1,0.76,1
bonus3,149.1,0.847,1
bonus3,149.1,0.898,1
bonus3,149.2,0.889,1
bonus3,149.2,0.912,2
bonus3,149.2,0.957,1
bonus3,149.3,0.863,1
bonus3,149.3,0.937,1
bonus3,149.3,0.957,1
bonus3,149.4,0.947,1
bonus3,149.4,0.978,1
bonus3,149.5,0.819,1
bonus3,149.5,0.894,1
bonus3,149.5,0.908,1
bonus3,149.6,0.917,1
bonus3,149.6,0.947,1
bonus3,149.7,0.908,1
bonus3,149.7,0.952,2
bonus3,149.8,0.927,1
bonus3,149.9,0.868,1
bonus3,149.9,0.872,1
bonus3,150.1,0.912,1
bonus3,150.1,0.937,1
bonus3,150.1,0.952,1
bonus3,150.2,0.843,1
bonus3,150.2,0.922,1
bonus3,150.2,0.932,1
bonus3,150.3,0.797,1
bonus3,150.3,0.885,2
bonus3,150.4,0.957,1
bonus3,150.5,0.851,1
bonus3,150.6,0.863,1
bonus3,150.6,0.937,1
bonus3,150.7,0.847,1
bonus3,150.7,0.903,1
bonus3,150.7,0.927,1
bonus3,150.8,0.847,1
bonus3,150.8,0.885,1
bonus3,150.8,0.903,1
bonus3,150.9,0.835,1
bonus3,150.9,0.912,1
bonus3,151,0.859,1
bonus3,151.1,0.783,1
bonus3,151.1,0.787,1
bonus3,151.1,0.859,1
bonus3,151.1,0.885,1
bonus3,151.1,0.957,1
bonus3,151.2,0.937,1
bonus3,151.3,0.912,1
bonus3,151.3,0.917,1
bonus3,151.3,0.937,1
bonus3,151.3,0.957,1
bonus3,151.3,0.978,1
bonus3,151.4,0.889,1
bonus3,151.4,0.952,1
bonus3,151.5,0.797,1
bonus3,151.5,0.876,1
bonus3,151.5,0.917,2
bonus3,151.5,0.947,1
bonus3,151.6,0.766,1
bonus3,151.7,0.903,1
bonus3,151.8,0.941,1
bonus3,151.9,0.855,1
bonus3,151.9,0.917,2
bonus3,151.9,0.927,1
bonus3,151.9,0.947,1
bonus3,152,0.689,1
bonus3,152.1,0.917,1
bonus3,152.1,0.941,1
bonus3,152.1,0.957,1
bonus3,152.2,0.851,1
bonus3,152.2,0.868,1
bonus3,152.2,0.885,1
bonus3,152.2,0.908,1
bonus3,152.2,0.917,1
bonus3,152.3,0.889,1
bonus3,152.3,0.957,1
bonus3,152.3,0.967,1
bonus3,152.4,0.947,1
bonus3,152.5,0.738,1
bonus3,152.5,0.889,1
bonus3,152.5,0.957,1
bonus3,152.6,0.957,1
bonus3,152.7,0.952,1
bonus3,152.8,0.819,1
bonus3,152.9,0.898,1
bonus3,152.9,0.922,1
bonus3,152.9,0.957,1
bonus3,153,0.927,1
bonus3,153.1,0.937,2
bonus3,153.2,0.851,1
bonus3,153.2,0.912,1
bonus3,153.2,0.937,1
bonus3,153.2,0.952,1
bonus3,153.3,0.889,1
bonus3,153.3,0.967,1
bonus3,153.5,0.827,1
bonus3,153.5,0.855,1
bonus3,153.5,0.937,1
bonus3,153.6,0.927,1
bonus3,153.7,0.876,1
bonus3,153.7,0.947,1
bonus3,153.8,0.957,1
bonus3,153.9,0.947,1
bonus3,154,0.912,1
bonus3,154.2,0.885,1
bonus3,154.2,0.894,1
bonus3,154.2,0.903,1
bonus3,154.3,0.868,1
bonus3,154.3,0.903,1
bonus3,154.3,0.927,1
bonus3,154.3,0.937,1
bonus3,154.3,0.947,1
bonus3,154.4,0.881,1
bonus3,154.4,0.917,1
bonus3,154.4,0.957,1
bonus3,154.5,0.885,1
bonus3,154.5,0.947,1
bonus3,154.6,0.957,1
bonus3,154.7,0.908,1
bonus3,154.7,0.952,2
bonus3,154.7,0.962,1
bonus3,154.8,0.932,1
bonus3,154.9,0.851,1
bonus3,155,0.776,1
bonus3,155.1,0.676,1
bonus3,155.1,0.855,1
bonus3,155.1,0.881,1
bonus3,155.1,0.941,1
bonus3,155.1,0.947,1
bonus3,155.1,0.952,1
bonus3,155.2,0.855,1
bonus3,155.2,0.898,1
bonus3,155.2,0.957,1
bonus3,155.3,0.763,1
bonus3,155.3,0.927,1
bonus3,155.5,0.868,1
bonus3,155.6,0.885,1
bonus3,155.6,0.932,1
bonus3,155.7,0.881,1
bonus3,155.7,0.917,1
bonus3,155.7,0.922,1
bonus3,155.7,0.967,1
bonus3,155.8,0.794,1
bonus3,155.8,0.851,1
bonus3,155.8,0.889,1
bonus3,155.8,0.898,1
bonus3,155.8,0.927,1
bonus3,155.9,0.917,1
bonus3,155.9,0.932,1
bonus3,156,0.957,1
bonus3,156.1,0.927,1
bonus3,156.1,0.937,1
bonus3,156.1,0.941,1
bonus3,156.1,0.947,1
bonus3,156.2,0.827,1
bonus3,156.2,0.947,3
bonus3,156.2,0.962,1
bonus3,156.3,0.889,1
bonus3,156.3,0.898,1
bonus3,156.4,0.868,1
bonus3,156.4,0.885,1
bonus3,156.4,0.947,1
bonus3,156.4,0.967,1
bonus3,156.5,0.876,1
bonus3,156.6,0.816,1
bonus3,156.6,0.876,1
bonus3,156.6,0.903,1
bonus3,156.6,0.927,1
bonus3,156.6,0.947,1
bonus3,156.7,0.863,1
bonus3,156.8,0.819,1
bonus3,156.8,0.868,1
bonus3,156.8,0.922,1
bonus3,156.9,0.947,1
bonus3,157,0.927,1
bonus3,157.1,0.847,1
bonus3,157.1,0.898,1
bonus3,157.1,0.957,2
bonus3,157.2,0.937,1
bonus3,157.3,0.738,1
bonus3,157.3,0.812,1
bonus3,157.4,0.885,1
bonus3,157.4,0.894,1
bonus3,157.4,0.898,1
bonus3,157.4,0.941,1
bonus3,157.5,0.876,1
bonus3,157.6,0.827,1
bonus3,157.6,0.941,2
bonus3,157.6,0.952,1
bonus3,157.6,0.962,1
bonus3,157.7,0.843,1
bonus3,157.7,0.917,1
bonus3,157.8,0.868,1
bonus3,157.9,0.835,1
bonus3,157.9,0.957,1
bonus3,158,0.917,1
bonus3,158,0.941,1
bonus3,158.2,0.747,1
bonus3,158.2,0.912,1
bonus3,158.3,0.912,1
bonus3,158.3,0.937,1
bonus3,158.4,0.835,1
bonus3,158.4,0.967,1
bonus3,158.5,0.898,1
bonus3,158.5,0.922,1
bonus3,158.6,0.885,1
bonus3,158.6,0.922,1
bonus3,158.6,0.927,1
bonus3,158.6,0.932,1
bonus3,158.6,0.957,1
bonus3,158.7,0.908,1
bonus3,158.7,0.922,1
bonus3,158.8,0.823,1
bonus3,158.8,0.937,2
bonus3,158.9,0.885,1
bonus3,158.9,0.917,1
bonus3,158.9,0.947,1
bonus3,159,0.819,1
bonus3,159,0.912,1
bonus3,159,0.937,2
bonus3,159.1,0.78,1
bonus3,159.1,0.927,1
bonus3,159.2,0.885,1
bonus3,159.2,0.917,1
bonus3,159.2,0.932,1
bonus3,159.3,0.876,1
bonus3,159.4,0.941,1
bonus3,159.5,0.843,1
bonus3,159.5,0.908,1
bonus3,159.5,0.912,1
bonus3,159.7,0.835,1
bonus3,159.7,0.881,1
bonus3,159.7,0.894,1
bonus3,159.7,0.967,1
bonus3,159.9,0.847,1
bonus3,159.9,0.927,1
bonus3,160,0.766,1
bonus3,160,0.894,1
bonus3,160.1,0.881,1
bonus3,160.1,0.898,1
bonus3,160.1,0.908,1
bonus3,160.1,0.922,1
bonus3,160.1,0.927,1
bonus3,160.1,0.932,1
bonus3,160.1,0.947,1
bonus3,160.2,0.812,1
bonus3,160.2,0.868,1
bonus3,160.2,0.889,1
bonus3,160.2,0.937,1
bonus3,160.3,0.676,1
bonus3,160.3,0.819,1
bonus3,160.3,0.894,1
bonus3,160.4,0.797,1
bonus3,160.4,0.847,1
bonus3,160.4,0.885,1
bonus3,160.4,0.912,1
bonus3,160.4,0.932,1
bonus3,160.4,0.967,1
bonus3,160.5,0.927,2
bonus3,160.5,0.932,1
bonus3,160.6,0.922,1
bonus3,160.6,0.957,2
bonus3,160.7,0.816,1
bonus3,160.7,0.889,1
bonus3,160.7,0.898,2
bonus3,160.7,0.937,1
bonus3,160.8,0.937,1
bonus3,160.8,0.952,1
bonus3,160.9,0.947,1
bonus3,160.9,0.957,1
bonus3,161,0.863,1
bonus3,161,0.957,1
bonus3,161.1,0.941,1
bonus3,161.2,0.863,1
bonus3,161.2,0.947,1
bonus3,161.3,0.937,1
bonus3,161.4,0.783,1
bonus3,161.5,0.937,1
bonus3,161.5,0.941,1
bonus3,161.5,0.947,1
bonus3,161.7,0.957,1
bonus3,161.8,0.744,1
bonus3,161.8,0.894,1
bonus3,161.8,0.947,1
bonus3,161.8,0.957,1
bonus3,162,0.894,1
bonus3,162,0.927,1
bonus3,162.2,0.898,1
bonus3,162.2,0.932,1
bonus3,162.3,0.941,1
bonus3,162.4,0.863,1
bonus3,162.4,0.872,1
bonus3,162.4,0.894,1
bonus3,162.5,0.756,1
bonus3,162.5,0.947,1
bonus3,162.6,0.937,2
bonus3,162.6,0.967,1
bonus3,162.7,0.932,1
bonus3,162.8,0.843,1
bonus3,162.8,0.912,1
bonus3,162.8,0.937,1
bonus3,162.9,0.868,1
bonus3,162.9,0.876,1
bonus3,162.9,0.917,1
bonus3,162.9,0.932,1
bonus3,163,0.927,1
bonus3,163,0.932,1
bonus3,163,0.947,1
bonus3,163.1,0.851,1
bonus3,163.1,0.957,1
bonus3,163.3,0.908,1
bonus3,163.4,0.917,1
bonus3,163.4,0.952,1
bonus3,163.5,0.805,1
bonus3,163.5,0.876,1
bonus3,163.5,0.917,1
bonus3,163.6,0.903,1
bonus3,163.6,0.937,1
bonus3,163.6,0.947,1
bonus3,163.7,0.881,1
bonus3,163.7,0.937,1
bonus3,163.8,0.952,1
bonus3,163.8,0.957,1
bonus3,163.9,0.756,1
bonus3,163.9,0.763,1
bonus3,163.9,0.876,1
bonus3,163.9,0.917,1
bonus3,163.9,0.957,1
bonus3,164,0.908,1
bonus3,164,0.922,1
bonus3,164,0.927,1
bonus3,164.1,0.859,1
bonus3,164.1,0.881,1
bonus3,164.2,0.898,1
bonus3,164.2,0.978,1
bonus3,164.4,0.78,1
bonus3,164.4,0.894,1
bonus3,164.5,0.912,1
bonus3,164.5,0.937,1
bonus3,164.6,0.812,1
bonus3,164.7,0.927,1
bonus3,164.8,0.941,1
bonus3,164.9,0.868,1
bonus3,164.9,0.927,1
bonus3,164.9,0.937,1
bonus3,164.9,0.962,1
bonus3,165,0.72,1
bonus3,165,0.851,1
bonus3,165,0.941,1
bonus3,165.2,0.912,1
bonus3,165.2,0.922,1
bonus3,165.3,0.812,1
bonus3,165.3,0.851,1
bonus3,165.3,0.922,1
bonus3,165.4,0.876,1
bonus3,165.4,0.908,1
bonus3,165.4,0.912,1
bonus3,165.5,0.917,1
bonus3,165.5,0.952,1
bonus3,165.6,0.903,1
bonus3,165.6,0.941,1
bonus3,165.7,0.937,1
bonus3,165.7,0.947,1
bonus3,165.7,0.967,1
bonus3,165.8,0.967,1
bonus3,165.9,0.898,1
bonus3,166,0.889,1
bonus3,166,0.912,2
bonus3,166,0.932,1
bonus3,166.1,0.898,1
bonus3,166.2,0.917,1
bonus3,166.3,0.927,1
bonus3,166.4,0.843,1
bonus3,166.4,0.957,1
bonus3,166.5,0.922,1
bonus3,166.5,0.932,1
bonus3,166.5,0.937,1
bonus3,166.7,0.947,1
bonus3,166.8,0.932,1
bonus3,166.8,0.962,1
bonus3,166.9,0.805,1
bonus3,166.9,0.903,1
bonus3,167.1,0.805,1
bonus3,167.1,0.859,1
bonus3,167.1,0.903,1
bonus3,167.1,0.947,1
bonus3,167.2,0.876,1
bonus3,167.2,0.927,1
bonus3,167.2,0.941,1
bonus3,167.2,0.952,1
bonus3,167.2,0.989,1
bonus3,167.3,0.941,1
bonus3,167.4,0.952,1
bonus3,167.5,0.859,1
bonus3,167.5,0.917,1
bonus3,167.5,0.941,1
bonus3,167.7,0.859,1
bonus3,167.7,0.894,1
bonus3,167.7,0.937,1
bonus3,167.7,0.962,1
bonus3,167.8,0.797,1
bonus3,167.8,0.912,1
bonus3,167.8,0.947,1
bonus3,167.9,0.843,1
bonus3,167.9,0.894,1
bonus3,167.9,0.903,1
bonus3,168,0.872,1
bonus3,168,0.922,1
bonus3,168,0.941,1
bonus3,168,0.947,1
bonus3,168,0.957,1
bonus3,168.1,0.855,1
bonus3,168.1,0.912,2
bonus3,168.2,0.885,1
bonus3,168.2,0.903,1
bonus3,168.2,0.941,1
bonus3,168.3,0.819,1
bonus3,168.3,0.903,1
bonus3,168.3,0.917,1
bonus3,168.4,0.868,1
bonus3,168.4,0.912,1
bonus3,168.4,0.927,1
bonus3,168.4,0.937,1
bonus3,168.6,0.872,1
bonus3,168.6,0.932,1
bonus3,168.7,0.855,1
bonus3,168.7,0.947,1
bonus3,169,0.835,1
bonus3,169.1,0.903,1
bonus3,169.1,0.912,1
bonus3,169.1,0.927,1
bonus3,169.2,0.908,1
bonus3,169.2,0.957,1
bonus3,169.3,0.941,1
bonus3,169.3,0.978,1
bonus3,169.4,0.797,1
bonus3,169.4,0.839,1
bonus3,169.4,0.851,1
bonus3,169.4,0.908,1
bonus3,169.4,0.932,1
bonus3,169.5,0.835,1
bonus3,169.5,0.922,1
bonus3,169.5,0.937,1
bonus3,169.6,0.932,1
bonus3,169.7,0.863,1
bonus3,169.7,0.941,1
bonus3,169.8,0.843,1
bonus3,169.8,0.952,1
bonus3,169.9,0.941,1
bonus3,170,0.863,1
bonus3,170,0.885,1
bonus3,170.1,0.927,1
bonus3,170.1,0.957,1
bonus3,170.1,0.967,1
bonus3,170.2,0.903,1
bonus3,170.2,0.912,1
bonus3,170.2,0.947,1
bonus3,170.2,0.967,1
bonus3,170.3,0.978,1
bonus3,170.4,0.75,1
bonus3,170.5,0.827,1
bonus3,170.6,0.967,1
bonus3,170.7,0.697,1
bonus3,170.7,0.932,1
bonus3,170.7,0.957,1
bonus3,170.8,0.937,1
bonus3,170.8,0.941,1
bonus3,170.8,0.967,1
bonus3,170.9,0.917,1
bonus3,170.9,0.927,1
bonus3,171,0.787,1
bonus3,171,0.805,1
bonus3,171,0.894,1
bonus3,171,0.922,1
bonus3,171,0.937,1
bonus3,171,0.957,1
bonus3,171.2,0.967,1
bonus3,171.3,0.917,1
bonus3,171.3,0.957,1
bonus3,171.3,0.962,1
bonus3,171.3,0.967,1
bonus3,171.4,0.952,1
bonus3,171.5,0.586,1
bonus3,171.7,0.941,1
bonus3,171.8,0.766,1
bonus3,171.8,0.776,1
bonus3,171.8,0.872,1
bonus3,171.8,0.967,2
bonus3,171.9,0.876,1
bonus3,172.1,0.885,1
bonus3,172.1,0.903,1
bonus3,172.1,0.957,1
bonus3,172.2,0.839,1
bonus3,172.4,0.941,1
bonus3,172.5,0.823,1
bonus3,172.5,0.912,1
bonus3,172.5,0.957,1
bonus3,172.6,0.947,1
bonus3,172.7,0.941,1
bonus3,172.8,0.898,1
bonus3,172.8,0.917,1
bonus3,172.8,0.941,1
bonus3,172.8,0.957,1
bonus3,172.9,0.917,1
bonus3,172.9,0.967,1
bonus3,173,0.903,1
bonus3,173,0.922,1
bonus3,173,0.941,1
bonus3,173.1,0.653,1
bonus3,173.1,0.747,1
bonus3,173.1,0.922,1
bonus3,173.2,0.835,1
bonus3,173.2,0.868,1
bonus3,173.2,0.881,1
bonus3,173.3,0.917,1
bonus3,173.3,0.927,1
bonus3,173.4,0.957,1
bonus3,173.4,0.967,1
bonus3,173.6,0.885,1
bonus3,173.6,0.947,1
bonus3,173.8,0.937,1
bonus3,173.8,0.947,1
bonus3,173.9,0.847,1
bonus3,174,0.937,1
bonus3,174.1,0.855,1
bonus3,174.1,0.889,1
bonus3,174.3,0.898,1
bonus3,174.4,0.78,1
bonus3,174.4,0.922,1
bonus3,174.4,0.957,1
bonus3,174.5,0.973,1
bonus3,174.6,0.863,1
bonus3,174.8,0.812,1
bonus3,174.8,0.927,1
bonus3,174.8,0.937,1
bonus3,174.8,0.967,1
bonus3,174.9,0.932,1
bonus3,175.1,0.903,1
bonus3,175.1,0.962,1
bonus3,175.2,0.912,1
bonus3,175.3,0.903,2
bonus3,175.3,0.937,1
bonus3,175.3,0.947,1
bonus3,175.3,0.962,1
bonus3,175.4,0.868,1
bonus3,175.4,0.872,1
bonus3,175.4,0.927,1
bonus3,175.5,0.812,1
bonus3,175.5,0.843,1
bonus3,175.5,0.917,1
bonus3,175.5,0.947,1
bonus3,175.7,0.801,1
bonus3,175.8,0.894,1
bonus3,175.9,0.932,1
bonus3,176,0.917,1
bonus3,176,0.937,2
bonus3,176.1,0.898,1
bonus3,176.1,0.917,1
bonus3,176.1,0.937,2
bonus3,176.2,0.823,1
bonus3,176.2,0.831,1
bonus3,176.2,0.941,1
bonus3,176.3,0.863,1
bonus3,176.4,0.868,1
bonus3,176.4,0.941,1
bonus3,176.5,0.932,1
bonus3,176.7,0.835,1
bonus3,176.7,0.898,1
bonus3,176.8,0.894,1
bonus3,176.8,0.903,1
bonus3,176.9,0.932,1
bonus3,176.9,0.962,1
bonus3,177,0.912,1
bonus3,177.1,0.673,1
bonus3,177.1,0.941,2
bonus3,177.2,0.908,1
bonus3,177.3,0.78,1
bonus3,177.3,0.859,1
bonus3,177.3,0.863,1
bonus3,177.4,0.967,1
bonus3,177.5,0.937,1
bonus3,177.5,0.952,1
bonus3,177.6,0.894,1
bonus3,177.6,0.932,1
bonus3,177.7,0.794,1
bonus3,177.7,0.827,1
bonus3,177.7,0.894,1
bonus3,177.7,0.947,1
bonus3,178,0.876,1
bonus3,178,0.898,1
bonus3,178,0.947,1
bonus3,178.1,0.868,1
bonus3,178.2,0.937,1
bonus3,178.3,0.937,1
bonus3,178.4,0.912,1
bonus3,178.9,0.881,1
bonus3,179,0.851,1
bonus3,179.1,0.773,1
bonus3,179.1,0.912,1
bonus3,179.1,0.978,1
bonus3,179.2,0.932,1
bonus3,179.3,0.835,1
bonus3,179.3,0.947,1
bonus3,179.3,0.952,1
bonus3,179.3,0.957,1
bonus3,179.4,0.816,1
bonus3,179.4,0.941,1
bonus3,179.4,0.947,1
bonus3,179.4,0.967,1
bonus3,179.5,0.937,1
bonus3,179.6,0.908,1
bonus3,179.6,0.937,1
bonus3,179.9,0.908,1
bonus3,179.9,0.941,1
bonus3,180,0.927,1
bonus3,180,0.947,1
bonus3,180.1,0.894,1
bonus3,180.2,0.912,1
bonus3,180.3,0.922,1
bonus3,180.3,0.967,1
bonus3,180.5,0.941,1
bonus3,180.6,0.917,1
bonus3,180.7,0.937,1
bonus3,180.9,0.922,1
bonus3,180.9,0.947,1
bonus3,180.9,0.967,1
bonus3,181,0.903,1
bonus3,181,0.957,1
bonus3,181.2,0.756,1
bonus3,181.2,0.876,1
bonus3,181.2,0.889,1
bonus3,181.3,0.851,1
bonus3,181.3,0.894,1
bonus3,181.3,0.927,1
bonus3,181.3,0.947,1
bonus3,181.3,0.957,1
bonus3,181.4,0.894,1
bonus3,181.4,0.957,1
bonus3,181.5,0.894,1
bonus3,181.6,0.881,1
bonus3,181.6,0.932,1
bonus3,181.6,0.937,1
bonus3,181.7,0.855,1
bonus3,181.7,0.937,1
bonus3,181.8,0.947,1
bonus3,181.9,0.876,1
bonus3,181.9,0.947,1
bonus3,181.9,0.952,1
bonus3,182,0.812,1
bonus3,182.2,0.908,1
bonus3,182.4,0.917,1
bonus3,182.4,0.932,1
bonus3,182.4,0.967,1
bonus3,182.5,0.805,1
bonus3,182.6,0.827,1
bonus3,182.7,0.859,1
bonus3,182.8,0.827,1
bonus3,182.8,0.839,1
bonus3,182.8,0.908,1
bonus3,182.8,0.932,2
bonus3,182.9,0.941,1
bonus3,182.9,0.957,1
bonus3,183,0.941,2
bonus3,183,0.967,1
bonus3,183.1,0.827,1
bonus3,183.1,0.881,1
bonus3,183.2,0.927,1
bonus3,183.3,0.957,1
bonus3,183.4,0.989,1
bonus3,183.5,0.843,1
bonus3,183.5,0.851,1
bonus3,183.5,0.937,1
bonus3,183.5,0.962,1
bonus3,183.6,0.876,1
bonus3,183.6,0.957,1
bonus3,183.7,0.967,1
bonus3,183.8,0.889,1
bonus3,184,0.908,1
bonus3,184,0.927,1
bonus3,184.2,0.868,1
bonus3,184.2,0.881,1
bonus3,184.2,0.912,1
bonus3,184.2,0.922,1
bonus3,184.2,0.927,2
bonus3,184.3,0.917,1
bonus3,184.5,0.876,1
bonus3,184.5,0.927,1
bonus3,184.6,0.868,1
bonus3,184.7,0.941,1
bonus3,184.7,0.947,1
bonus3,184.8,0.917,1
bonus3,184.8,0.947,1
bonus3,184.9,0.868,1
bonus3,185,0.839,1
bonus3,185,0.885,1
bonus3,185,0.903,1
bonus3,185,0.912,1
bonus3,185,0.957,1
bonus3,185.1,0.876,1
bonus3,185.2,0.855,1
bonus3,185.2,0.967,1
bonus3,185.3,0.912,1
bonus3,185.3,0.941,1
bonus3,185.4,0.932,1
bonus3,185.4,0.962,1
bonus3,185.5,0.908,1
bonus3,185.7,0.819,1
bonus3,185.8,0.947,1
bonus3,185.9,0.941,1
bonus3,186,0.947,1
bonus3,186,0.962,1
bonus3,186.1,0.75,1
bonus3,186.1,0.957,1
bonus3,186.2,0.957,1
bonus3,186.3,0.843,1
bonus3,186.6,0.708,1
bonus3,186.7,0.881,1
bonus3,186.7,0.932,1
bonus3,186.8,0.898,1
bonus3,186.8,0.908,1
bonus3,186.8,0.927,1
bonus3,186.8,0.952,1
bonus3,186.9,0.957,1
bonus3,187,0.885,1
bonus3,187,0.889,1
bonus3,187,0.903,1
bonus3,187.4,0.851,1
bonus3,187.5,0.794,1
bonus3,187.8,0.937,1
bonus3,187.8,0.941,1
bonus3,188,0.922,2
bonus3,188,0.937,1
bonus3,188,0.952,1
bonus3,188.1,0.937,2
bonus3,188.2,0.922,1
bonus3,188.2,0.941,1
bonus3,188.3,0.947,1
bonus3,188.3,0.952,1
bonus3,188.4,0.912,1
bonus3,188.5,0.947,1
bonus3,188.7,0.843,1
bonus3,188.7,0.922,1
bonus3,188.7,0.937,1
bonus3,188.7,0.941,1
bonus3,188.7,0.952,1
bonus3,188.8,0.835,1
bonus3,188.9,0.823,1
bonus3,188.9,0.941,1
bonus3,189,0.903,1
bonus3,189.1,0.947,1
bonus3,189.2,0.851,1
bonus3,189.2,0.967,1
bonus3,189.3,0.922,1
bonus3,189.4,0.872,1
bonus3,189.5,0.908,1
bonus3,189.5,0.932,1
bonus3,189.6,0.843,1
bonus3,189.6,0.894,1
bonus3,189.6,0.908,1
bonus3,189.8,0.903,1
bonus3,189.9,0.947,1
bonus3,190,0.941,1
bonus3,190.1,0.801,1
bonus3,190.1,0.917,1
bonus3,190.1,0.937,1
bonus3,190.1,0.947,1
bonus3,190.2,0.932,1
bonus3,190.3,0.908,1
bonus3,190.4,0.859,1
bonus3,190.5,0.917,1
bonus3,190.6,0.908,1
bonus3,190.7,0.912,1
bonus3,190.8,0.881,1
bonus3,190.8,0.967,1
bonus3,190.9,0.898,1
bonus3,190.9,0.947,1
bonus3,191.2,0.885,1
bonus3,191.2,0.947,1
bonus3,191.3,0.917,1
bonus3,191.4,0.947,1
bonus3,191.5,0.932,1
bonus3,191.5,0.941,1
bonus3,191.5,0.952,1
bonus3,191.7,0.903,1
bonus3,191.7,0.957,1
bonus3,191.7,0.978,1
bonus3,191.8,0.787,1
bonus3,191.9,0.967,1
bonus3,192,0.863,1
bonus3,192,0.894,1
bonus3,192.2,0.801,1
bonus3,192.2,0.831,1
bonus3,192.3,0.908,1
bonus3,192.4,0.801,1
bonus3,192.4,0.917,1
bonus3,192.5,0.957,1
bonus3,192.6,0.967,1
bonus3,192.7,0.903,1
bonus3,192.8,0.885,1
bonus3,192.9,0.898,1
bonus3,192.9,0.941,1
bonus3,193,0.922,1
bonus3,193,0.947,1
bonus3,193.2,0.819,1
bonus3,193.2,0.835,1
bonus3,193.2,0.868,1
bonus3,193.3,0.912,1
bonus3,193.4,0.917,1
bonus3,193.5,0.912,1
bonus3,193.7,0.898,1
bonus3,193.8,0.978,1
bonus3,193.9,0.898,1
bonus3,194,0.835,1
bonus3,194,0.868,1
bonus3,194.1,0.885,1
bonus3,194.1,0.894,1
bonus3,194.1,0.927,1
bonus3,194.3,0.702,1
bonus3,194.3,0.898,1
bonus3,194.4,0.847,1
bonus3,194.4,0.868,1
bonus3,194.5,0.932,2
bonus3,194.7,0.937,1
bonus3,194.7,0.941,1
bonus3,194.7,0.957,1
bonus3,194.9,0.805,1
bonus3,194.9,0.839,1
bonus3,195,0.773,1
bonus3,195.1,0.927,1
bonus3,195.1,0.932,1
bonus3,195.1,0.947,1
bonus3,195.3,0.898,1
bonus3,195.3,0.903,1
bonus3,195.3,0.947,1
bonus3,195.4,0.872,1
bonus3,195.4,0.947,1
bonus3,195.6,0.908,1
bonus3,196,0.637,1
bonus3,196,0.947,1
bonus3,196,0.978,1
bonus3,196.5,0.872,1
bonus3,196.5,0.889,1
bonus3,196.5,0.932,1
bonus3,196.7,0.957,2
bonus3,196.8,0.863,1
bonus3,196.8,0.957,1
bonus3,196.9,0.876,1
bonus3,196.9,0.952,1
bonus3,197,0.827,1
bonus3,197,0.881,1
bonus3,197,0.967,1
bonus3,197.1,0.885,1
bonus3,197.1,0.941,1
bonus3,197.3,0.937,1
bonus3,197.5,0.978,1
bonus3,197.6,0.967,1
bonus3,197.8,0.947,1
bonus3,197.9,0.957,2
bonus3,197.9,0.967,1
bonus3,198.1,0.927,1
bonus3,198.1,0.957,1
bonus3,198.2,0.843,1
bonus3,198.3,0.941,1
bonus3,198.4,0.855,1
bonus3,198.4,0.941,1
bonus3,198.6,0.78,1
bonus3,198.6,0.908,1
bonus3,198.6,0.947,1
bonus3,198.7,0.967,1
bonus3,198.8,0.937,1
bonus3,198.8,0.947,1
bonus3,198.9,0.927,1
bonus3,198.9,0.957,1
bonus3,199,0.957,2
bonus3,199.1,0.922,1
bonus3,199.1,0.967,1
bonus3,199.3,0.894,1
bonus3,199.3,0.967,1
bonus3,199.4,0.932,1
bonus3,199.8,0.894,1
bonus3,199.9,0.801,1
bonus3,199.9,0.922,1
bonus3,199.9,0.937,1
bonus3,199.9,0.947,2
bonus3,199.9,0.967,1
bonus3,200.4,0.908,1
bonus3,200.5,0.903,1
bonus3,200.6,0.894,1
bonus3,200.6,0.937,1
bonus3,200.7,0.843,1
bonus3,200.7,0.868,1
bonus3,200.7,0.957,2
bonus3,200.8,0.868,1
bonus3,200.8,0.881,1
bonus3,200.9,0.898,1
bonus3,200.9,0.947,1
bonus3,200.9,0.952,1
bonus3,200.9,0.957,1
bonus3,200.9,0.967,1
bonus3,201,0.908,1
bonus3,201,0.937,1
bonus3,201.2,0.835,1
bonus3,201.2,0.881,1
bonus3,201.2,0.937,1
bonus3,201.4,0.894,1
bonus3,201.5,0.937,1
bonus3,201.5,0.947,1
bonus3,201.6,0.872,1
bonus3,201.6,0.947,1
bonus3,201.8,0.859,1
bonus3,201.8,0.894,1
bonus3,201.8,0.917,1
bonus3,201.8,0.937,1
bonus3,201.9,0.947,1
bonus3,202,0.881,1
bonus3,202,0.903,1
bonus3,202.1,0.898,1
bonus3,202.1,0.957,1
bonus3,202.3,0.922,1
bonus3,202.4,0.885,1
bonus3,202.5,0.908,1
bonus3,202.7,0.957,2
bonus3,202.8,0.78,1
bonus3,202.8,0.908,1
bonus3,203,0.79,1
bonus3,203,0.823,1
bonus3,203.1,0.808,1
bonus3,203.3,0.847,1
bonus3,203.3,0.967,1
bonus3,203.6,0.708,1
bonus3,203.7,0.941,2
bonus3,203.8,0.903,1
bonus3,203.9,0.932,1
bonus3,203.9,0.967,1
bonus3,204.4,0.835,1
bonus3,204.4,0.967,2
bonus3,204.7,0.885,1
bonus3,204.9,0.894,1
bonus3,205.2,0.894,1
bonus3,205.2,0.957,1
bonus3,205.3,0.947,1
bonus3,205.4,0.847,1
bonus3,205.5,0.859,1
bonus3,205.6,0.872,1
bonus3,205.6,0.889,1
bonus3,205.9,0.947,1
bonus3,206.3,0.898,1
bonus3,206.4,0.673,1
bonus3,206.6,0.937,1
bonus3,206.7,0.903,1
bonus3,206.7,0.927,1
bonus3,207,0.962,1
bonus3,207.1,0.819,1
bonus3,207.1,0.957,1
bonus3,207.3,0.827,1
bonus3,207.3,0.843,1
bonus3,207.3,0.917,1
bonus3,207.5,0.967,1
bonus3,207.8,0.872,1
bonus3,207.8,0.917,2
bonus3,207.8,0.967,1
bonus3,207.9,0.898,1
bonus3,207.9,0.957,1
bonus3,208,0.927,1
bonus3,208.2,0.927,1
bonus3,208.2,0.978,1
bonus3,208.4,0.947,1
bonus3,208.5,0.927,1
bonus3,208.5,0.937,1
bonus3,208.6,0.816,1
bonus3,208.7,0.932,1
bonus3,208.7,0.947,2
bonus3,208.8,0.651,1
bonus3,208.9,0.941,1
bonus3,209,0.922,1
bonus3,209.1,0.927,1
bonus3,209.6,0.801,1
bonus3,209.6,0.889,1
bonus3,209.9,0.932,1
bonus3,209.9,0.978,1
bonus3,210.1,0.859,1
bonus3,210.4,0.957,1
bonus3,210.9,0.917,1
bonus3,211,0.912,1
bonus3,211,0.957,1
bonus3,211.3,0.708,1
bonus3,211.3,0.937,1
bonus3,211.5,0.967,1
bonus3,211.6,0.937,1
bonus3,211.7,0.859,1
bonus3,211.8,0.823,1
bonus3,212.3,0.855,1
bonus3,212.4,0.957,1
bonus3,212.5,0.917,1
bonus3,212.6,0.957,1
bonus3,212.8,0.937,1
bonus3,212.8,0.957,2
bonus3,212.9,0.922,1
bonus3,212.9,0.967,1
bonus3,213,0.932,1
bonus3,213.3,0.927,1
bonus3,213.4,0.922,1
bonus3,213.5,0.922,1
bonus3,213.7,0.957,1
bonus3,213.9,0.894,1
bonus3,214,0.868,1
bonus3,214.2,0.908,1
bonus3,214.2,0.922,1
bonus3,214.4,0.903,1
bonus3,214.5,0.922,1
bonus3,214.8,0.927,1
bonus3,215,0.851,1
bonus3,215,0.908,1
bonus3,215.1,0.937,1
bonus3,215.2,0.922,1
bonus3,215.3,0.937,1
bonus3,215.4,0.941,1
bonus3,215.6,0.937,1
bonus3,215.8,0.843,1
bonus3,215.8,0.876,1
bonus3,216.2,0.881,1
bonus3,216.3,0.941,1
bonus3,216.4,0.947,1
bonus3,216.6,0.847,1
bonus3,216.6,0.889,1
bonus3,216.7,0.876,1
bonus3,216.8,0.855,1
bonus3,216.9,0.917,1
bonus3,216.9,0.957,1
bonus3,217,0.978,1
bonus3,217.1,0.957,1
bonus3,217.2,0.947,1
bonus3,217.4,0.805,1
bonus3,217.4,0.876,1
bonus3,217.5,0.872,1
bonus3,217.6,0.967,1
bonus3,217.8,0.937,1
bonus3,217.9,0.708,1
bonus3,217.9,0.957,1
bonus3,217.9,0.967,1
bonus3,218.2,0.947,1
bonus3,218.3,0.816,1
bonus3,218.4,0.835,1
bonus3,218.6,0.808,1
bonus3,218.6,0.947,1
bonus3,218.7,0.863,1
bonus3,218.7,0.922,1
bonus3,219.1,0.885,1
bonus3,219.2,0.978,1
bonus3,219.3,0.932,1
bonus3,219.3,0.957,1
bonus3,219.5,0.876,1
bonus3,219.6,0.941,1
bonus3,219.6,0.947,1
bonus3,219.7,0.881,1
bonus3,219.8,0.513,1
bonus3,219.8,0.922,1
bonus3,219.8,0.937,1
bonus3,219.8,0.941,1
bonus3,219.9,0.847,1
bonus3,220,0.941,1
bonus3,220.1,0.932,1
bonus3,220.2,0.932,1
bonus3,220.3,0.843,1
bonus3,220.3,0.922,1
bonus3,220.5,0.868,1
bonus3,220.5,0.922,1
bonus3,220.6,0.941,1
bonus3,220.7,0.787,1
bonus3,220.8,0.816,1
bonus3,221.1,0.868,1
bonus3,221.2,0.868,1
bonus3,221.3,0.908,1
bonus3,221.5,0.932,1
bonus3,221.5,0.947,1
bonus3,221.5,0.957,1
bonus3,221.6,0.868,1
bonus3,221.6,0.957,1
bonus3,221.8,0.927,1
bonus3,221.8,0.957,1
bonus3,221.9,0.917,1
bonus3,222.1,0.947,1
bonus3,222.4,0.855,1
bonus3,222.8,0.957,1
bonus3,223,0.917,1
bonus3,223.3,0.967,1
bonus3,223.4,0.917,1
bonus3,223.4,0.922,1
bonus3,223.4,0.932,1
bonus3,223.5,0.962,1
bonus3,223.6,0.941,1
bonus3,224,0.967,1
bonus3,224.1,0.876,1
bonus3,224.1,0.967,1
bonus3,224.3,0.835,1
bonus3,224.5,0.741,1
bonus3,224.5,0.967,1
bonus3,225.4,0.922,1
bonus3,225.4,0.957,1
bonus3,225.6,0.763,1
bonus3,225.6,0.847,1
bonus3,225.7,0.957,1
bonus3,226.2,0.894,1
bonus3,226.2,0.957,1
bonus3,226.4,0.947,1
bonus3,226.9,0.859,1
bonus3,227.2,0.783,1
bonus3,227.2,0.912,1
bonus3,227.3,0.773,1
bonus3,227.4,0.889,1
bonus3,227.5,0.898,1
bonus3,227.5,0.957,1
bonus3,227.6,0.947,1
bonus3,227.8,0.794,1
bonus3,228,0.937,1
bonus3,228.4,0.957,1
bonus3,228.5,0.903,1
bonus3,228.7,0.937,1
bonus3,228.7,0.978,1
bonus3,228.9,0.937,1
bonus3,229.1,0.889,1
bonus3,229.1,0.927,1
bonus3,229.1,0.932,1
bonus3,229.2,0.967,1
bonus3,229.4,0.941,1
bonus3,229.6,0.908,1
bonus3,229.9,0.885,1
bonus3,229.9,0.937,1
bonus3,230,0.876,1
bonus3,230.1,0.937,1
bonus3,230.2,0.941,1
bonus3,230.2,0.957,1
bonus3,230.2,0.989,1
bonus3,230.3,0.72,1
bonus3,230.3,0.947,1
bonus3,230.5,0.912,1
bonus3,231.1,0.937,1
bonus3,231.2,0.843,1
bonus3,231.3,0.922,1
bonus3,231.3,0.947,1
bonus3,231.4,0.885,1
bonus3,231.6,0.908,1
bonus3,231.7,0.947,1
bonus3,231.8,0.827,1
bonus3,232.1,0.894,1
bonus3,232.2,0.859,1
bonus3,232.3,0.898,1
bonus3,232.5,0.912,1
bonus3,232.7,0.947,1
bonus3,233,0.868,1
bonus3,233,0.917,1
bonus3,233.1,0.967,1
bonus3,233.5,0.973,1
bonus3,233.7,0.922,1
bonus3,233.9,0.917,1
bonus3,234,0.889,1
bonus3,234,0.957,1
bonus3,234.2,0.908,1
bonus3,234.3,0.947,1
bonus3,234.4,0.835,1
bonus3,234.7,0.927,1
bonus3,235.2,0.898,1
bonus3,235.3,0.941,1
bonus3,235.6,0.927,1
bonus3,235.7,0.957,1
bonus3,236,0.908,1
bonus3,236.2,0.917,1
bonus3,236.5,0.917,1
bonus3,236.6,0.851,1
bonus3,236.9,0.937,1
bonus3,237.3,0.957,1
bonus3,237.4,0.908,1
bonus3,237.6,0.941,1
bonus3,237.6,0.947,1
bonus3,237.8,0.912,1
bonus3,237.8,0.947,1
bonus3,237.9,0.957,1
bonus3,238.3,0.947,1
bonus3,238.3,0.967,1
bonus3,239,0.859,1
bonus3,239.1,0.937,1
bonus3,239.5,0.947,1
bonus3,239.6,0.917,1
bonus3,239.7,0.894,1
bonus3,239.7,0.937,1
bonus3,239.8,0.885,1
bonus3,239.9,0.978,1
bonus3,240.1,0.843,1
bonus3,240.1,0.898,1
bonus3,240.1,0.941,1
bonus3,240.4,0.898,1
bonus3,240.4,0.978,1
bonus3,240.5,0.898,1
bonus3,241,0.967,1
bonus3,241.2,0.952,1
bonus3,241.3,0.978,1
bonus3,241.4,0.962,1
bonus3,241.6,0.967,1
bonus3,241.7,0.903,1
bonus3,241.7,0.908,1
bonus3,241.8,0.937,1
bonus3,242.1,0.868,1
bonus3,242.2,0.917,1
bonus3,242.5,0.843,1
bonus3,242.7,0.876,1
bonus3,243.4,0.941,1
bonus3,243.6,0.917,1
bonus3,243.7,0.947,1
bonus3,243.7,0.957,1
bonus3,244,0.912,1
bonus3,244,0.932,1
bonus3,244.1,0.952,1
bonus3,244.2,0.927,1
bonus3,244.2,0.932,1
bonus3,244.3,0.851,1
bonus3,244.3,0.967,1
bonus3,244.4,0.927,1
bonus3,244.6,0.872,1
bonus3,244.7,0.766,1
bonus3,244.8,0.947,1
bonus3,245.3,0.847,1
bonus3,245.4,0.922,1
bonus3,245.5,0.932,1
bonus3,245.6,0.967,1
bonus3,245.9,0.903,1
bonus3,245.9,0.927,1
bonus3,246.3,0.753,1
bonus3,246.6,0.876,1
bonus3,246.6,0.967,1
bonus3,246.9,0.927,1
bonus3,247.3,0.885,1
bonus3,247.9,0.937,1
bonus3,249,0.922,1
bonus3,249.1,0.894,2
bonus3,249.2,0.947,1
bonus3,249.7,0.937,1
bonus3,249.8,0.843,1
bonus3,250,0.962,1
bonus3,250.1,0.967,1
bonus3,250.5,0.898,1
bonus3,250.6,0.937,1
bonus3,250.8,0.941,1
bonus3,250.9,0.805,1
bonus3,250.9,0.932,1
bonus3,251.5,0.773,1
bonus3,251.6,0.957,1
bonus3,252,0.962,1
bonus3,252.1,0.927,1
bonus3,252.6,0.903,1
bonus3,252.6,0.922,1
bonus3,252.7,0.932,1
bonus3,252.7,0.967,1
bonus3,253.4,0.859,1
bonus3,253.4,0.967,1
bonus3,253.6,0.962,1
bonus3,253.7,0.843,1
bonus3,253.7,0.912,1
bonus3,253.8,0.843,1
bonus3,254.1,0.937,1
bonus3,254.6,0.885,1
bonus3,254.8,0.947,1
bonus3,255.5,0.947,1
bonus3,255.6,0.947,1
bonus3,255.6,0.967,1
bonus3,255.7,0.827,1
bonus3,255.8,0.894,1
bonus3,255.8,0.937,1
bonus3,256,0.898,1
bonus3,256.2,0.805,1
bonus3,256.2,0.947,1
bonus3,256.7,0.932,1
bonus3,256.8,0.932,1
bonus3,256.9,0.894,1
bonus3,257.2,0.805,1
bonus3,258,0.952,1
bonus3,258.2,0.912,1
bonus3,258.3,0.917,1
bonus3,258.9,0.835,1
bonus3,259.4,0.78,1
bonus3,259.7,0.881,1
bonus3,259.8,0.851,1
bonus3,260.1,0.937,1
bonus3,260.1,0.952,1
bonus3,260.4,0.927,1
bonus3,260.5,0.967,1
bonus3,261.2,0.908,1
bonus3,261.3,0.903,1
bonus3,261.5,0.885,1
bonus3,261.5,0.912,1
bonus3,261.5,0.967,1
bonus3,261.5,0.989,1
bonus3,262.3,0.917,1
bonus3,262.4,0.957,1
bonus3,262.5,0.937,1
bonus3,262.5,0.978,1
bonus3,262.7,0.937,1
bonus3,262.9,0.967,1
bonus3,263.3,0.801,1
bonus3,263.4,0.885,1
bonus3,263.8,0.947,1
bonus3,263.9,0.957,1
bonus3,264.7,0.894,1
bonus3,265.2,0.763,1
bonus3,265.6,0.947,1
bonus3,265.8,0.957,1
bonus3,266.1,0.763,1
bonus3,266.1,0.903,1
bonus3,266.1,0.922,1
bonus3,266.6,0.908,1
bonus3,266.6,0.957,1
bonus3,266.7,0.872,1
bonus3,266.8,0.876,1
bonus3,266.9,0.932,1
bonus3,267,0.894,1
bonus3,267.1,0.794,1
bonus3,267.1,0.903,1
bonus3,267.2,0.859,1
bonus3,267.3,0.889,1
bonus3,267.3,0.967,1
bonus3,267.6,0.66,1
bonus3,267.6,0.967,1
bonus3,267.7,0.932,1
bonus3,268,0.932,1
bonus3,268.1,0.827,1
bonus3,268.1,0.894,1
bonus3,268.4,0.912,1
bonus3,268.6,0.912,1
bonus3,268.6,0.967,1
bonus3,268.7,0.927,1
bonus3,268.7,0.947,1
bonus3,268.8,0.819,1
bonus3,269.2,0.766,1
bonus3,269.5,0.898,1
bonus3,269.6,0.957,1
bonus3,269.9,0.847,1
bonus3,270.2,0.978,1
bonus3,270.3,0.908,1
bonus3,270.4,0.932,1
bonus3,271.4,0.967,1
bonus3,271.5,0.967,1
bonus3,271.8,0.885,1
bonus3,271.9,0.922,1
bonus3,272.1,0.937,1
bonus3,272.3,0.714,1
bonus3,272.3,0.937,1
bonus3,272.6,0.851,1
bonus3,272.7,0.872,1
bonus3,272.7,0.927,1
bonus3,272.8,0.885,1
bonus3,273,0.967,1
bonus3,274.6,0.967,1
bonus3,274.7,0.978,1
bonus3,274.8,0.903,1
bonus3,275.6,0.79,1
bonus3,275.6,0.908,1
bonus3,275.6,0.967,1
bonus3,276.5,0.903,1
bonus3,276.7,0.922,1
bonus3,277.4,0.937,1
bonus3,277.5,0.787,1
bonus3,277.6,0.989,1
bonus3,277.8,0.912,1
bonus3,278.3,0.952,1
bonus3,278.5,0.808,1
bonus3,279.1,0.941,1
bonus3,279.5,0.917,1
bonus3,279.9,0.868,1
bonus3,279.9,0.912,1
bonus3,280,0.912,1
bonus3,280.2,0.947,1
bonus3,280.3,0.851,1
bonus3,280.4,0.855,1
bonus3,280.4,0.941,1
bonus3,280.5,0.937,1
bonus3,280.6,0.843,1
bonus3,281.4,0.957,1
bonus3,281.7,0.881,1
bonus3,281.9,0.927,1
bonus3,282.8,0.783,1
bonus3,283,0.894,1
bonus3,283.9,0.957,1
bonus3,285.1,0.927,1
bonus3,285.1,0.957,1
bonus3,285.9,0.889,1
bonus3,286.3,0.903,1
bonus3,286.6,0.952,1
bonus3,286.7,0.912,1
bonus3,287.5,0.903,1
bonus3,287.8,0.922,1
bonus3,288.7,0.876,1
bonus3,289.2,0.957,1
bonus3,289.5,0.663,1
bonus3,289.7,0.937,1
bonus3,289.9,0.922,1
bonus3,290.7,0.967,1
bonus3,291,0.952,1
bonus3,291.3,0.908,1
bonus3,292,0.932,1
bonus3,292,0.937,1
bonus3,292.2,0.947,1
bonus3,292.3,0.805,1
bonus3,292.3,0.989,1
bonus3,292.6,0.937,1
bonus3,292.8,0.922,1
bonus3,293,0.952,1
bonus3,293.1,0.947,1
bonus3,293.5,0.932,1
bonus3,293.6,0.967,1
bonus3,293.7,0.805,1
bonus3,294.1,0.855,1
bonus3,294.5,0.941,1
bonus3,295,0.952,1
bonus3,295.1,0.952,1
bonus3,295.6,0.947,1
bonus3,296,0.839,1
bonus3,296.3,0.947,1
bonus3,296.4,0.885,1
bonus3,296.5,0.908,1
bonus3,296.7,0.947,1
bonus3,297.5,0.78,1
bonus3,298.2,0.932,1
bonus3,298.7,0.912,1
bonus3,299,0.922,1
bonus3,299.5,0.967,1
bonus3,300.4,0.835,1
bonus3,300.8,0.937,1
bonus3,301,0.957,1
bonus3,301.4,0.932,1
bonus3,301.5,0.894,1
bonus3,303.3,0.957,1
bonus3,304.1,0.912,1
bonus3,304.5,0.947,1
bonus3,304.7,0.941,1
bonus3,305.4,0.903,1
bonus3,305.9,0.957,2
bonus3,306.7,0.957,1
bonus3,306.8,0.889,1
bonus3,307.4,0.885,1
bonus3,308.7,0.947,1
bonus3,308.7,0.952,1
bonus3,308.8,0.812,1
bonus3,309.4,0.932,1
bonus3,309.8,0.922,1
bonus3,310.1,0.894,1
bonus3,310.7,0.801,1
bonus3,311,0.947,1
bonus3,311.2,0.932,1
bonus3,311.3,0.952,1
bonus3,311.4,0.863,1
bonus3,311.4,0.941,1
bonus3,313.2,0.967,1
bonus3,313.4,0.868,1
bonus3,314.2,0.947,1
bonus3,315.2,0.819,1
bonus3,316.3,0.827,1
bonus3,317.7,0.808,1
bonus3,318.4,0.952,1
bonus3,319,0.952,1
bonus3,320.6,0.937,1
bonus3,320.7,0.872,1
bonus3,320.7,0.957,1
bonus3,321.8,0.922,1
bonus3,323.3,0.855,1
bonus3,323.6,0.917,1
bonus3,324.2,0.937,1
bonus3,325.8,0.947,1
bonus3,325.9,0.957,1
bonus3,326.5,0.957,1
bonus3,326.6,0.967,1
bonus3,327,0.927,1
bonus3,327,0.952,1
bonus3,327.5,0.927,1
bonus3,327.6,0.831,1
bonus3,328,0.863,1
bonus3,328.6,0.787,1
bonus3,328.9,0.937,1
bonus3,330.5,0.952,1
bonus3,331,0.903,1
bonus3,331.3,0.947,1
bonus3,331.8,0.957,1
bonus3,332.1,0.912,1
bonus3,333.1,0.894,1
bonus3,334.3,0.937,1
bonus3,334.3,0.957,1
bonus3,335.5,0.927,1
bonus3,335.6,0.894,1
bonus3,335.6,0.957,1
bonus3,336.3,0.947,1
bonus3,336.6,0.957,1
bonus3,336.7,0.868,1
bonus3,336.9,0.908,1
bonus3,338.2,0.917,1
bonus3,339.3,0.947,1
bonus3,339.8,0.859,1
bonus3,339.9,0.843,1
bonus3,340.1,0.658,1
bonus3,340.6,0.917,1
bonus3,340.9,0.917,1
bonus3,341.5,0.967,1
bonus3,341.8,0.889,1
bonus3,342.1,0.952,1
bonus3,342.2,0.705,1
bonus3,342.2,0.967,1
bonus3,342.9,0.908,1
bonus3,343.7,0.967,1
bonus3,343.9,0.947,1
bonus3,344,0.978,1
bonus3,344.8,0.957,1
bonus3,344.9,0.868,1
bonus3,346.1,0.912,1
bonus3,346.2,0.889,1
bonus3,346.4,0.947,1
bonus3,346.5,0.957,1
bonus3,347.5,0.967,1
bonus3,347.9,0.957,1
bonus3,348.4,0.941,1
bonus3,349.9,0.947,1
bonus3,350.4,0.922,1
bonus3,350.5,0.957,1
bonus3,350.6,0.947,1
bonus3,350.7,0.917,1
bonus3,351.7,0.941,1
bonus3,352.2,0.885,1
bonus3,352.6,0.947,1
bonus3,353.3,0.917,1
bonus3,355.2,0.917,1
bonus3,355.4,0.885,1
bonus3,358.2,0.937,1
bonus3,359.9,0.908,1
bonus3,359.9,0.957,1
bonus3,360.3,0.917,1
bonus3,360.4,0.957,1
bonus3,360.6,0.937,1
bonus3,360.7,0.978,1
bonus3,361.2,0.967,1
bonus3,361.3,0.863,1
bonus3,361.9,0.741,1
bonus3,364.1,0.908,1
bonus3,366,0.898,1
bonus3,366.1,0.881,1
bonus3,366.6,0.894,1
bonus3,367,0.894,1
bonus3,367.2,0.989,1
bonus3,369.2,0.927,1
bonus3,369.8,0.851,1
bonus3,370.6,0.947,1
bonus3,371.8,0.927,1
bonus3,372.9,0.876,1
bonus3,373.1,0.967,1
bonus3,375.9,0.917,1
bonus3,376.7,0.967,1
bonus3,376.8,0.776,1
bonus3,377.6,0.903,1
bonus3,377.9,0.894,1
bonus3,378.4,0.941,1
bonus3,379.5,0.912,1
bonus3,379.6,0.937,1
bonus3,380.3,0.978,1
bonus3,380.9,0.827,1
bonus3,381.1,0.927,1
bonus3,382.1,0.839,1
bonus3,382.5,0.947,1
bonus3,383.5,0.937,1
bonus3,386,0.831,1
bonus3,386.2,0.947,1
bonus3,387,0.947,1
bonus3,387.1,0.957,1
bonus3,387.9,0.947,1
bonus3,390.8,0.881,1
bonus3,391.1,0.766,1
bonus3,393.7,0.932,1
bonus3,395.2,0.927,1
bonus3,397,0.947,1
bonus3,398.5,0.894,1
bonus3,399.5,0.937,1
bonus3,399.7,0.863,1
bonus3,399.7,0.932,1
bonus3,400.2,0.947,1
bonus3,400.5,0.937,1
bonus3,401.3,0.967,1
bonus3,402.3,0.941,1
bonus3,406.2,0.957,1
bonus3,407.9,0.967,1
bonus3,411.5,0.962,1
bonus3,413.2,0.863,1
bonus3,413.6,0.967,1
bonus3,414,0.889,1
bonus3,415.2,0.927,1
bonus3,415.8,0.978,1
bonus3,416.7,0.957,1
bonus3,417,0.922,1
bonus3,418.6,0.922,1
bonus3,418.8,0.967,1
bonus3,419.1,0.967,1
bonus3,419.3,0.917,1
bonus3,421.5,0.894,1
bonus3,424,0.922,1
bonus3,424.3,0.932,1
bonus3,424.3,0.937,1
bonus3,425.1,0.967,1
bonus3,430.8,0.967,1
bonus3,431.1,0.714,1
bonus3,432.4,0.947,1
bonus3,432.6,0.615,1
bonus3,433.4,0.952,1
bonus3,434.3,0.957,1
bonus3,434.5,0.947,1
bonus3,436.8,0.957,1
bonus3,439.7,0.957,1
bonus3,440.4,0.957,1
bonus3,440.7,0.932,1
bonus3,440.8,0.967,1
bonus3,441.5,0.952,1
bonus3,442.1,0.922,1
bonus3,443,0.694,1
bonus3,445.3,0.927,1
bonus3,446.9,0.941,1
bonus3,452.9,0.967,1
bonus3,455.4,0.947,1
bonus3,456,0.957,1
bonus3,459,0.937,1
bonus3,460.7,0.947,1
bonus3,461.2,0.967,1
bonus3,462.2,0.978,1
bonus3,464.1,0.908,1
bonus3,464.2,0.967,1
bonus3,465.9,0.937,1
bonus3,466.4,0.641,1
bonus3,467.8,0.932,1
bonus3,467.9,0.962,1
bonus3,469,0.885,1
bonus3,475.9,0.957,1
bonus3,476.3,0.801,1
bonus3,477.1,0.898,1
bonus3,482.2,0.922,1
bonus3,485.5,0.967,1
bonus3,490,0.952,1
bonus3,490.3,0.927,1
bonus3,492.6,0.952,1
bonus3,493.2,0.851,1
bonus3,495.2,0.978,1
bonus3,495.5,0.776,1
bonus3,495.5,0.927,1
bonus3,495.9,0.947,1
bonus3,496.4,0.863,1
bonus3,502.5,0.967,1
bonus3,505,0.947,1
bonus3,509.5,0.917,1
bonus3,509.7,0.941,1
bonus3,514.5,0.967,1
bonus3,520.4,0.967,1
bonus3,521.8,0.894,1
bonus3,531.1,0.937,1
bonus3,532.8,0.908,1
bonus3,535.5,0.927,1
bonus3,539.1,0.952,1
bonus3,543.2,0.876,1
bonus3,545.8,0.932,1
bonus3,546,0.947,1
bonus3,549.4,0.908,1
bonus3,559.1,0.978,1
bonus3,560.1,0.957,1
bonus3,563.7,0.894,1
bonus3,570.8,0.967,1
bonus3,571.3,0.927,1
bonus3,574.6,0.947,1
bonus3,575.9,0.831,1
bonus3,581.8,0.927,1
bonus3,583.4,0.947,1
bonus3,584.3,0.868,1
bonus3,584.9,0.978,1
bonus3,592.6,0.903,1
bonus3,595.4,0.912,1
bonus3,596.7,0.947,1
bonus3,597.6,0.967,1
bonus3,604.2,0.978,1
bonus3,608.2,0.881,1
bonus3,608.4,0.978,1
bonus3,614,0.937,1
bonus3,620.3,0.947,1
bonus3,627.8,0.967,1
bonus3,630.8,0.957,1
bonus3,632.7,0.783,1
bonus3,639.1,0.952,1
bonus3,648.2,0.978,1
bonus3,651.3,0.952,1
bonus3,654.1,0.766,1
bonus3,663.2,0.947,1
bonus3,683.6,0.912,1
bonus3,688.8,0.989,1
bonus3,689.2,0.922,1
bonus3,689.9,0.957,1
bonus3,692.9,0.957,1
bonus3,696.2,0.947,1
bonus3,696.8,0.927,1
bonus3,707.5,0.783,1
bonus3,707.9,0.937,1
bonus3,709.3,0.962,1
bonus3,727.2,0.957,1
bonus3,733.1,0.967,1
bonus3,744.9,0.978,1
bonus3,752.4,0.978,1
bonus3,757.4,0.967,1
bonus3,773.6,0.876,1
bonus3,775.4,0.957,1
bonus3,777.9,0.889,1
bonus3,792.5,0.957,1
bonus3,806.1,0.922,1
bonus3,808.5,0.889,1
bonus3,811.8,0.967,1
bonus3,812.6,0.967,1
bonus3,813,0.917,1
bonus3,818.4,0.927,1
bonus3,880.1,0.978,1
bonus3,895.3,0.912,1
bonus3,906.4,0.894,1
bonus3,910.6,0.927,1
bonus3,911.2,0.989,1
bonus3,930.8,0.978,1
bonus3,931.4,0.962,1
bonus3,971.5,0.978,1
bonus3,977.6,0.903,1
bonus3,1006.4,0.894,1
bonus3,1037.1,0.927,1
bonus3,1038,0.903,1
bonus3,1056.6,0.937,1
bonus3,1057.4,0.967,1
bonus3,1076.4,0.989,1
bonus3,1084.7,0.927,1
bonus3,1089.2,0.927,1
bonus3,1112,0.819,1
bonus3,1115,0.903,1
bonus3,1122.7,0.967,1
bonus3,1133.2,0.881,1
bonus3,1256.8,0.978,1
bonus3,1261.4,0.937,1
bonus3,1272,0.947,1
bonus3,1272.1,0.978,1
bonus3,1286,0.927,1
bonus3,1330,0.967,1
bonus3,1342,0.967,1
bonus3,1352.1,0.917,1
bonus3,1368.8,0.922,1
bonus3,1379.8,0.957,1
bonus3,1405.8,0.967,1
bonus3,1412.4,0.967,1
bonus3,1513.9,0.937,1
bonus3,1561.9,0.989,1
bonus3,1600,0.957,1
bonus3,1637.9,0.978,1
bonus3,1642.3,0.967,1
bonus3,1644.1,0.937,1
bonus3,1688,0.851,1
bonus3,1738.5,0.967,1
bonus3,1751.3,0.908,1
bonus3,1819.6,0.978,1
bonus3,1824.5,0.967,1
bonus3,2029.5,0.978,1
bonus3,2059.5,0.978,1
bonus3,2111,0.967,1
bonus3,2192,0.843,1
bonus3,2230,0.957,1
bonus3,2307.5,0.957,1
bonus3,2329.7,0.927,1
bonus3,2371.6,0.978,1
bonus3,2686.7,0.947,1
bonus3,2902.8,0.989,1
bonus3,3014.1,0.908,1
bonus3,3173.6,0.962,1
bonus3,3311.5,0.927,1
bonus3,3739.8,0.967,1
bonus3,4622.2,0.937,1
bonus3,5653.9,0.932,1
bonus3,5876,0.77,1
bonus3,6745.8,0.989,1
bonus3,9431.2,0.978,1
bonus3,12998.1,0.941,1
bonus3,13512.3,0.851,1
bonus3,14945.9,0.967,1
bonus3,15908.1,0.989,1
bonus3,16301.5,0.989,1
bonus3,17905.2,0.989,1
bonus3,18769.1,0.978,1
bonus3,28454,0.957,1
bonus3,37575.6,0.885,1
bonus3,60340.8,0.957,1
bonus3,72945.3,0.957,1
bonus3,86676,0.889,1
bonus3,86822.8,0.937,1
bonus3,157521.1,0.932,1
bonus3,178343.2,0.947,1
bonus3,233593.8,0.989,1
bonus3,354524.6,0.881,1