level,percentile_optimal,percentile_time,count
tutorial,0,62.1,1
tutorial,0,67.5,1
tutorial,0,83.6,1
tutorial,0,86.6,1
tutorial,0,87.9,1
tutorial,0,92.8,1
tutorial,0,95.7,2
tutorial,0,97.9,1
tutorial,0,99,1
tutorial,0,99.3,1
tutorial,0,99.5,1
tutorial,0,99.8,1
tutorial,0.1,4.1,1
tutorial,0.1,28.8,1
tutorial,0.1,34.6,1
tutorial,0.1,51.3,1
tutorial,0.1,57.6,1
tutorial,0.1,67.8,1
tutorial,0.1,72.8,1
tutorial,0.1,73.1,1
tutorial,0.1,76.9,1
tutorial,0.1,77.1,1
tutorial,0.1,80.5,1
tutorial,0.1,81.1,1
tutorial,0.1,83.2,1
tutorial,0.1,84.8,1
tutorial,0.1,85.8,1
tutorial,0.1,86.6,1
tutorial,0.1,90.5,1
tutorial,0.1,91.4,1
tutorial,0.1,94.1,1
tutorial,0.1,98.7,1
tutorial,0.1,99.2,1
tutorial,0.1,99.3,1
tutorial,0.2,20.8,1
tutorial,0.2,21.2,1
tutorial,0.2,33.7,1
tutorial,0.2,35.5,1
tutorial,0.2,36,1
tutorial,0.2,43.5,1
tutorial,0.2,48,1
tutorial,0.2,50.7,1
tutorial,0.2,58.2,1
tutorial,0.2,63.1,1
tutorial,0.2,67.6,1
tutorial,0.2,67.9,1
tutorial,0.2,69,1
tutorial,0.2,73.9,1
tutorial,0.2,83.6,1
tutorial,0.2,86.4,1
tutorial,0.2,87.6,1
tutorial,0.2,88.6,1
tutorial,0.2,91.1,2
tutorial,0.2,91.4,1
tutorial,0.2,91.9,1
tutorial,0.2,94.4,1
tutorial,0.2,96.8,1
tutorial,0.2,96.9,1
tutorial,0.2,97.4,1
tutorial,0.2,99.7,1
tutorial,0.3,12,1
tutorial,0.3,25.7,1
tutorial,0.3,62.9,1
tutorial,0.3,65.2,1
tutorial,0.3,69.9,1
tutorial,0.3,76.4,1
tutorial,0.3,76.6,1
tutorial,0.3,79.1,1
tutorial,0.3,84.7,1
tutorial,0.3,86.3,1
tutorial,0.3,86.5,1
tutorial,0.3,90.9,1
tutorial,0.3,91.5,1
tutorial,0.3,97.5,1
tutorial,0.3,97.6,1
tutorial,0.4,22.2,1
tutorial,0.4,30.5,1
tutorial,0.4,43.1,1
tutorial,0.4,46.9,1
tutorial,0.4,49.7,1
tutorial,0.4,59.1,1
tutorial,0.4,59.9,1
tutorial,0.4,60.8,1
tutorial,0.4,74.7,1
tutorial,0.4,76.5,1
tutorial,0.4,78.8,1
tutorial,0.4,81.3,1
tutorial,0.4,82.4,1
tutorial,0.4,84.6,1
tutorial,0.4,85.5,1
tutorial,0.4,91.3,1
tutorial,0.4,95.3,1
tutorial,0.4,98.9,1
tutorial,0.4,99.2,1
tutorial,0.5,5.7,1
tutorial,0.5,24.1,1
tutorial,0.5,26.4,1
tutorial,0.5,36.7,1
tutorial,0.5,37.3,1
tutorial,0.5,38.3,1
tutorial,0.5,42.7,1
tutorial,0.5,54.9,1
tutorial,0.5,57.8,1
tutorial,0.5,69.8,1
tutorial,0.5,72.7,1
tutorial,0.5,74.1,1
tutorial,0.5,77.8,2
tutorial,0.5,86.2,1
tutorial,0.5,89.3,1
tutorial,0.5,90.6,1
tutorial,0.5,90.8,1
tutorial,0.5,91.9,1
tutorial,0.5,94.1,1
tutorial,0.5,96.8,1
tutorial,0.5,97,1
tutorial,0.5,99.2,1
tutorial,0.5,100,1
tutorial,0.6,12.4,1
tutorial,0.6,17.5,1
tutorial,0.6,18.9,1
tutorial,0.6,32.2,1
tutorial,0.6,34.4,1
tutorial,0.6,35.2,1
tutorial,0.6,49.6,1
tutorial,0.6,50.1,1
tutorial,0.6,56.8,1
tutorial,0.6,59.2,1
tutorial,0.6,60.8,1
tutorial,0.6,63.5,1
tutorial,0.6,64.6,1
tutorial,0.6,69.7,1
tutorial,0.6,70.1,1
tutorial,0.6,70.8,1
tutorial,0.6,75.5,1
tutorial,0.6,77.2,1
tutorial,0.6,78.2,1
tutorial,0.6,80.9,1
tutorial,0.6,83,1
tutorial,0.6,84.5,1
tutorial,0.6,85,1
tutorial,0.6,85.2,1
tutorial,0.6,86,1
tutorial,0.6,87.4,1
tutorial,0.6,87.5,1
tutorial,0.6,87.8,1
tutorial,0.6,89,1
tutorial,0.6,89.3,1
tutorial,0.6,92.2,1
tutorial,0.6,92.6,1
tutorial,0.6,92.7,1
tutorial,0.6,95.6,1
tutorial,0.6,95.7,1
tutorial,0.6,95.9,1
tutorial,0.6,96.3,1
tutorial,0.6,97.9,1
tutorial,0.6,98.9,2
tutorial,0.6,99.3,1
tutorial,0.6,99.5,1
tutorial,0.6,99.8,1
tutorial,0.8,10.9,1
tutorial,0.8,17.1,1
tutorial,0.8,18,1
tutorial,0.8,20,1
tutorial,0.8,22.7,1
tutorial,0.8,38.7,1
tutorial,0.8,44.2,1
tutorial,0.8,46.7,1
tutorial,0.8,47.6,1
tutorial,0.8,49.5,1
tutorial,0.8,52.2,1
tutorial,0.8,54.5,1
tutorial,0.8,59.8,1
tutorial,0.8,60.4,1
tutorial,0.8,61.7,1
tutorial,0.8,62,1
tutorial,0.8,65.1,1
tutorial,0.8,68,1
tutorial,0.8,68.7,1
tutorial,0.8,71.6,1
tutorial,0.8,72.1,1
tutorial,0.8,76.7,1
tutorial,0.8,79.9,1
tutorial,0.8,81.4,1
tutorial,0.8,86.4,1
tutorial,0.8,86.5,1
tutorial,0.8,86.6,1
tutorial,0.8,86.8,1
tutorial,0.8,87.2,1
tutorial,0.8,87.3,1
tutorial,0.8,91.1,1
tutorial,0.8,91.8,1
tutorial,0.8,92.5,1
tutorial,0.8,93.2,1
tutorial,0.8,93.8,1
tutorial,0.8,94.9,1
tutorial,0.8,95.1,1
tutorial,0.8,95.2,1
tutorial,0.8,95.4,1
tutorial,0.8,95.8,1
tutorial,0.8,96.5,1
tutorial,0.8,98.7,1
tutorial,0.8,99.1,1
tutorial,1.1,4,1
tutorial,1.1,5.2,1
tutorial,1.1,5.5,1
tutorial,1.1,6.3,1
tutorial,1.1,7.7,1
tutorial,1.1,8.2,1
tutorial,1.1,10.1,1
tutorial,1.1,10.9,1
tutorial,1.1,16.3,1
tutorial,1.1,18.9,1
tutorial,1.1,19.8,1
tutorial,1.1,21.2,1
tutorial,1.1,21.3,1
tutorial,1.1,21.9,1
tutorial,1.1,24.5,1
tutorial,1.1,29.4,1
tutorial,1.1,30.4,1
tutorial,1.1,37,1
tutorial,1.1,40,1
tutorial,1.1,42.1,1
tutorial,1.1,42.5,1
tutorial,1.1,44.1,1
tutorial,1.1,46.7,1
tutorial,1.1,47,1
tutorial,1.1,49.7,1
tutorial,1.1,51.4,1
tutorial,1.1,52.7,1
tutorial,1.1,56.7,1
tutorial,1.1,57.3,1
tutorial,1.1,58.4,1
tutorial,1.1,58.7,1
tutorial,1.1,59,1
tutorial,1.1,59.7,1
tutorial,1.1,63.5,1
tutorial,1.1,66.6,2
tutorial,1.1,66.7,1
tutorial,1.1,66.9,1
tutorial,1.1,67.7,1
tutorial,1.1,73.9,1
tutorial,1.1,74,1
tutorial,1.1,75,1
tutorial,1.1,77.7,1
tutorial,1.1,78,1
tutorial,1.1,78.4,1
tutorial,1.1,78.5,1
tutorial,1.1,80.4,2
tutorial,1.1,80.7,3
tutorial,1.1,80.8,1
tutorial,1.1,82.1,1
tutorial,1.1,82.4,1
tutorial,1.1,82.5,1
tutorial,1.1,83,1
tutorial,1.1,83.3,1
tutorial,1.1,83.7,1
tutorial,1.1,84.5,1
tutorial,1.1,84.7,1
tutorial,1.1,85.4,1
tutorial,1.1,85.8,1
tutorial,1.1,87.3,1
tutorial,1.1,88.5,1
tutorial,1.1,89.2,1
tutorial,1.1,90.3,1
tutorial,1.1,91.2,1
tutorial,1.1,91.6,1
tutorial,1.1,92.2,2
tutorial,1.1,92.3,1
tutorial,1.1,92.6,1
tutorial,1.1,93.1,1
tutorial,1.1,94.1,1
tutorial,1.1,95.5,1
tutorial,1.1,95.8,1
tutorial,1.1,95.9,2
tutorial,1.1,96.1,1
tutorial,1.1,96.6,1
tutorial,1.1,97.6,1
tutorial,1.1,97.7,1
tutorial,1.1,98,1
tutorial,1.1,98.3,1
tutorial,1.1,98.5,1
tutorial,1.1,98.9,1
tutorial,1.1,99,1
tutorial,1.4,1.8,1
tutorial,1.4,3.1,1
tutorial,1.4,5.3,1
tutorial,1.4,6.1,1
tutorial,1.4,11.5,1
tutorial,1.4,14.2,1
tutorial,1.4,14.9,1
tutorial,1.4,19.4,1
tutorial,1.4,19.8,1
tutorial,1.4,21.4,1
tutorial,1.4,23,1
tutorial,1.4,30.3,1
tutorial,1.4,32,1
tutorial,1.4,35.4,1
tutorial,1.4,36.3,1
tutorial,1.4,39.1,1
tutorial,1.4,43.1,1
tutorial,1.4,44.2,1
tutorial,1.4,45.1,1
tutorial,1.4,45.8,1
tutorial,1.4,46.5,1
tutorial,1.4,48.9,1
tutorial,1.4,49.8,1
tutorial,1.4,50,1
tutorial,1.4,50.7,1
tutorial,1.4,51,1
tutorial,1.4,53.7,1
tutorial,1.4,54.1,1
tutorial,1.4,62,1
tutorial,1.4,65.3,1
tutorial,1.4,65.8,1
tutorial,1.4,66.1,1
tutorial,1.4,67,1
tutorial,1.4,71.1,1
tutorial,1.4,72.5,1
tutorial,1.4,73.1,1
tutorial,1.4,75.8,1
tutorial,1.4,76.2,1
tutorial,1.4,77.6,1
tutorial,1.4,78.3,1
tutorial,1.4,79.8,1
tutorial,1.4,79.9,1
tutorial,1.4,80.4,1
tutorial,1.4,82.9,1
tutorial,1.4,83.4,2
tutorial,1.4,83.6,1
tutorial,1.4,85,1
tutorial,1.4,86.6,1
tutorial,1.4,86.7,1
tutorial,1.4,87.3,1
tutorial,1.4,87.5,1
tutorial,1.4,89,1
tutorial,1.4,89.5,1
tutorial,1.4,89.6,1
tutorial,1.4,90.2,1
tutorial,1.4,90.3,1
tutorial,1.4,93.8,1
tutorial,1.4,94.3,1
tutorial,1.4,95.2,1
tutorial,1.4,95.3,1
tutorial,1.4,95.4,1
tutorial,1.4,95.8,1
tutorial,1.4,96.7,1
tutorial,1.4,97,1
tutorial,1.4,97.1,1
tutorial,1.4,97.3,1
tutorial,1.4,98.1,2
tutorial,1.4,98.8,1
tutorial,1.4,99.4,1
tutorial,2,5.1,1
tutorial,2,6.5,1
tutorial,2,8.4,1
tutorial,2,8.5,1
tutorial,2,9.6,1
tutorial,2,10.4,1
tutorial,2,12.6,1
tutorial,2,13.5,1
tutorial,2,14,1
tutorial,2,16.3,1
tutorial,2,16.8,1
tutorial,2,19,1
tutorial,2,19.7,1
tutorial,2,19.9,1
tutorial,2,20.2,1
tutorial,2,21.9,1
tutorial,2,22.7,1
tutorial,2,23.2,1
tutorial,2,24.9,1
tutorial,2,25.5,1
tutorial,2,25.8,1
tutorial,2,26.1,1
tutorial,2,27.8,1
tutorial,2,29,1
tutorial,2,29.6,1
tutorial,2,29.7,1
tutorial,2,30.9,1
tutorial,2,31.3,1
tutorial,2,32.9,1
tutorial,2,33,1
tutorial,2,33.1,1
tutorial,2,33.7,1
tutorial,2,35.1,1
tutorial,2,35.9,1
tutorial,2,37.4,1
tutorial,2,38.7,1
tutorial,2,40.7,1
tutorial,2,41.1,1
tutorial,2,41.4,1
tutorial,2,42.7,1
tutorial,2,44.4,1
tutorial,2,45.5,1
tutorial,2,46.7,1
tutorial,2,47.4,1
tutorial,2,48.2,1
tutorial,2,48.6,1
tutorial,2,48.8,1
tutorial,2,50.3,1
tutorial,2,50.5,1
tutorial,2,50.6,1
tutorial,2,52.1,1
tutorial,2,54.7,1
tutorial,2,54.9,1
tutorial,2,55.8,1
tutorial,2,56.4,1
tutorial,2,57,1
tutorial,2,57.7,1
tutorial,2,58.8,1
tutorial,2,59.4,1
tutorial,2,59.6,1
tutorial,2,61.1,1
tutorial,2,61.2,1
tutorial,2,61.3,1
tutorial,2,62.5,1
tutorial,2,63.8,1
tutorial,2,64.3,1
tutorial,2,64.7,1
tutorial,2,65.5,1
tutorial,2,65.8,1
tutorial,2,68,1
tutorial,2,68.3,1
tutorial,2,68.6,1
tutorial,2,69.2,1
tutorial,2,69.3,1
tutorial,2,69.6,1
tutorial,2,69.8,1
tutorial,2,70.1,1
tutorial,2,70.5,1
tutorial,2,70.9,1
tutorial,2,71,1
tutorial,2,71.4,1
tutorial,2,71.5,1
tutorial,2,72.2,1
tutorial,2,73.1,1
tutorial,2,73.6,1
tutorial,2,74.1,1
tutorial,2,74.3,1
tutorial,2,76.1,1
tutorial,2,76.7,1
tutorial,2,77.9,2
tutorial,2,78.1,2
tutorial,2,79,1
tutorial,2,79.2,1
tutorial,2,79.3,1
tutorial,2,79.8,1
tutorial,2,80.6,2
tutorial,2,81.2,1
tutorial,2,81.3,1
tutorial,2,82.3,2
tutorial,2,82.4,1
tutorial,2,82.7,1
tutorial,2,82.8,1
tutorial,2,83.9,1
tutorial,2,84,1
tutorial,2,84.1,1
tutorial,2,84.2,1
tutorial,2,84.5,1
tutorial,2,84.7,2
tutorial,2,85,2
tutorial,2,85.1,1
tutorial,2,85.8,1
tutorial,2,86.7,2
tutorial,2,87,1
tutorial,2,87.2,2
tutorial,2,88.4,1
tutorial,2,88.8,1
tutorial,2,89.9,1
tutorial,2,90,1
tutorial,2,90.4,1
tutorial,2,90.5,2
tutorial,2,90.6,1
tutorial,2,91.1,1
tutorial,2,91.3,1
tutorial,2,91.5,1
tutorial,2,91.6,1
tutorial,2,91.7,1
tutorial,2,91.9,1
tutorial,2,93.5,1
tutorial,2,93.6,1
tutorial,2,93.8,1
tutorial,2,94,1
tutorial,2,94.2,1
tutorial,2,94.8,1
tutorial,2,95.1,1
tutorial,2,95.2,1
tutorial,2,95.5,1
tutorial,2,95.6,3
tutorial,2,95.9,1
tutorial,2,96.2,2
tutorial,2,96.4,1
tutorial,2,96.5,1
tutorial,2,97.2,1
tutorial,2,97.3,1
tutorial,2,97.4,1
tutorial,2,97.5,1
tutorial,2,98,1
tutorial,2,98.2,1
tutorial,2,98.8,1
tutorial,2,99.1,1
tutorial,2,99.4,1
tutorial,2,99.6,1
tutorial,2,99.7,1
tutorial,2,99.8,1
tutorial,2,99.9,1
tutorial,2.7,0.5,1
tutorial,2.7,2,1
tutorial,2.7,2.1,1
tutorial,2.7,4.4,1
tutorial,2.7,4.5,1
tutorial,2.7,6.6,1
tutorial,2.7,6.7,1
tutorial,2.7,7.7,1
tutorial,2.7,7.8,1
tutorial,2.7,8.3,1
tutorial,2.7,10,2
tutorial,2.7,10.7,1
tutorial,2.7,11.7,1
tutorial,2.7,13.3,1
tutorial,2.7,14.1,1
tutorial,2.7,14.5,1
tutorial,2.7,15.2,1
tutorial,2.7,16.5,1
tutorial,2.7,18.9,1
tutorial,2.7,19.8,1
tutorial,2.7,20.7,1
tutorial,2.7,20.8,1
tutorial,2.7,21.5,1
tutorial,2.7,24.9,2
tutorial,2.7,26,1
tutorial,2.7,27,1
tutorial,2.7,30.1,1
tutorial,2.7,30.8,1
tutorial,2.7,31.2,1
tutorial,2.7,31.8,1
tutorial,2.7,36.3,1
tutorial,2.7,36.4,1
tutorial,2.7,37.8,1
tutorial,2.7,38.2,1
tutorial,2.7,38.5,1
tutorial,2.7,40.4,1
tutorial,2.7,40.6,1
tutorial,2.7,40.9,1
tutorial,2.7,41.9,1
tutorial,2.7,42,1
tutorial,2.7,44.2,1
tutorial,2.7,44.6,1
tutorial,2.7,45.2,1
tutorial,2.7,45.9,1
tutorial,2.7,46.8,1
tutorial,2.7,47.5,1
tutorial,2.7,47.9,1
tutorial,2.7,48,1
tutorial,2.7,49.5,1
tutorial,2.7,49.6,1
tutorial,2.7,50,1
tutorial,2.7,50.4,1
tutorial,2.7,51,1
tutorial,2.7,51.6,1
tutorial,2.7,53.7,1
tutorial,2.7,54.4,1
tutorial,2.7,54.6,1
tutorial,2.7,55.3,1
tutorial,2.7,56.1,1
tutorial,2.7,56.8,1
tutorial,2.7,56.9,1
tutorial,2.7,58.9,1
tutorial,2.7,59.9,1
tutorial,2.7,61.1,2
tutorial,2.7,61.8,1
tutorial,2.7,62.9,1
tutorial,2.7,65.2,1
tutorial,2.7,65.3,1
tutorial,2.7,66.5,1
tutorial,2.7,66.8,2
tutorial,2.7,66.9,1
tutorial,2.7,67.4,1
tutorial,2.7,68.3,1
tutorial,2.7,68.4,1
tutorial,2.7,70.2,1
tutorial,2.7,71.5,1
tutorial,2.7,71.6,1
tutorial,2.7,72,1
tutorial,2.7,72.4,1
tutorial,2.7,72.5,1
tutorial,2.7,72.8,1
tutorial,2.7,73.5,1
tutorial,2.7,74.2,1
tutorial,2.7,75.1,1
tutorial,2.7,76.5,1
tutorial,2.7,77.7,1
tutorial,2.7,78.7,1
tutorial,2.7,79.1,1
tutorial,2.7,79.7,1
tutorial,2.7,80.3,1
tutorial,2.7,80.4,1
tutorial,2.7,80.5,1
tutorial,2.7,80.8,1
tutorial,2.7,81.7,1
tutorial,2.7,81.8,1
tutorial,2.7,81.9,1
tutorial,2.7,82.2,1
tutorial,2.7,83.5,1
tutorial,2.7,83.9,1
tutorial,2.7,84.1,1
tutorial,2.7,84.6,1
tutorial,2.7,85,1
tutorial,2.7,85.1,1
tutorial,2.7,85.6,2
tutorial,2.7,85.8,1
tutorial,2.7,86.4,1
tutorial,2.7,87,1
tutorial,2.7,87.1,1
tutorial,2.7,87.5,2
tutorial,2.7,87.9,1
tutorial,2.7,88.2,1
tutorial,2.7,88.5,1
tutorial,2.7,88.6,1
tutorial,2.7,89.2,3
tutorial,2.7,89.4,1
tutorial,2.7,90.1,1
tutorial,2.7,90.2,1
tutorial,2.7,90.5,1
tutorial,2.7,90.6,1
tutorial,2.7,90.9,1
tutorial,2.7,91.1,1
tutorial,2.7,91.3,1
tutorial,2.7,91.5,1
tutorial,2.7,91.6,2
tutorial,2.7,92.1,1
tutorial,2.7,92.3,1
tutorial,2.7,92.4,1
tutorial,2.7,92.5,1
tutorial,2.7,92.6,1
tutorial,2.7,92.8,1
tutorial,2.7,93.2,1
tutorial,2.7,93.4,1
tutorial,2.7,94.1,2
tutorial,2.7,94.4,1
tutorial,2.7,95,1
tutorial,2.7,95.4,1
tutorial,2.7,96.1,1
tutorial,2.7,96.3,2
tutorial,2.7,96.6,1
tutorial,2.7,96.7,1
tutorial,2.7,97,1
tutorial,2.7,97.3,1
tutorial,2.7,97.4,1
tutorial,2.7,97.7,1
tutorial,2.7,97.9,1
tutorial,2.7,98.2,2
tutorial,2.7,98.3,1
tutorial,2.7,98.6,1
tutorial,2.7,98.8,1
tutorial,2.7,99,1
tutorial,2.7,99.2,1
tutorial,2.7,99.3,1
tutorial,2.7,99.5,1
tutorial,3.8,2.9,1
tutorial,3.8,3.9,1
tutorial,3.8,5.6,2
tutorial,3.8,7.1,1
tutorial,3.8,7.6,1
tutorial,3.8,9.3,1
tutorial,3.8,9.9,1
tutorial,3.8,10.1,1
tutorial,3.8,10.4,2
tutorial,3.8,10.6,2
tutorial,3.8,11.3,1
tutorial,3.8,11.6,1
tutorial,3.8,11.7,1
tutorial,3.8,11.9,1
tutorial,3.8,13,1
tutorial,3.8,13.2,1
tutorial,3.8,13.7,1
tutorial,3.8,14.8,1
tutorial,3.8,17.2,2
tutorial,3.8,17.3,1
tutorial,3.8,18.2,1
tutorial,3.8,18.6,1
tutorial,3.8,20,1
tutorial,3.8,20.1,1
tutorial,3.8,20.9,1
tutorial,3.8,21.3,1
tutorial,3.8,22.1,1
tutorial,3.8,22.6,1
tutorial,3.8,22.7,1
tutorial,3.8,22.9,1
tutorial,3.8,24.3,2
tutorial,3.8,24.7,2
tutorial,3.8,25,1
tutorial,3.8,25.4,1
tutorial,3.8,25.6,1
tutorial,3.8,26,2
tutorial,3.8,26.2,1
tutorial,3.8,26.9,1
tutorial,3.8,27.1,2
tutorial,3.8,27.2,2
tutorial,3.8,27.5,1
tutorial,3.8,27.6,2
tutorial,3.8,28.3,1
tutorial,3.8,28.6,1
tutorial,3.8,28.8,1
tutorial,3.8,29.1,1
tutorial,3.8,29.7,1
tutorial,3.8,29.9,1
tutorial,3.8,30.1,1
tutorial,3.8,30.7,1
tutorial,3.8,31,1
tutorial,3.8,31.2,2
tutorial,3.8,31.5,1
tutorial,3.8,31.7,1
tutorial,3.8,33.9,1
tutorial,3.8,34.1,2
tutorial,3.8,34.2,1
tutorial,3.8,34.4,1
tutorial,3.8,34.6,1
tutorial,3.8,35.3,1
tutorial,3.8,35.5,1
tutorial,3.8,35.6,1
tutorial,3.8,36,1
tutorial,3.8,36.9,2
tutorial,3.8,37.1,1
tutorial,3.8,38,1
tutorial,3.8,39,1
tutorial,3.8,39.5,1
tutorial,3.8,39.7,1
tutorial,3.8,39.9,1
tutorial,3.8,40.6,1
tutorial,3.8,40.7,1
tutorial,3.8,41,1
tutorial,3.8,41.3,1
tutorial,3.8,41.5,2
tutorial,3.8,41.7,1
tutorial,3.8,42,1
tutorial,3.8,42.3,3
tutorial,3.8,42.5,1
tutorial,3.8,42.7,2
tutorial,3.8,43.3,2
tutorial,3.8,44,1
tutorial,3.8,44.2,1
tutorial,3.8,44.6,1
tutorial,3.8,45.8,1
tutorial,3.8,46.3,1
tutorial,3.8,46.4,1
tutorial,3.8,47,2
tutorial,3.8,47.4,1
tutorial,3.8,47.5,1
tutorial,3.8,48.1,1
tutorial,3.8,48.5,2
tutorial,3.8,48.7,2
tutorial,3.8,49.3,1
tutorial,3.8,49.9,1
tutorial,3.8,50,1
tutorial,3.8,50.2,1
tutorial,3.8,50.4,1
tutorial,3.8,50.6,1
tutorial,3.8,50.7,1
tutorial,3.8,50.8,1
tutorial,3.8,51.8,2
tutorial,3.8,51.9,1
tutorial,3.8,52,1
tutorial,3.8,52.5,1
tutorial,3.8,52.6,1
tutorial,3.8,52.9,1
tutorial,3.8,53.1,1
tutorial,3.8,53.2,1
tutorial,3.8,53.3,1
tutorial,3.8,53.5,1
tutorial,3.8,53.7,2
tutorial,3.8,53.8,2
tutorial,3.8,53.9,1
tutorial,3.8,54.2,1
tutorial,3.8,55.4,2
tutorial,3.8,55.7,1
tutorial,3.8,56.1,1
tutorial,3.8,56.5,1
tutorial,3.8,56.6,1
tutorial,3.8,56.7,1
tutorial,3.8,56.9,1
tutorial,3.8,57.1,1
tutorial,3.8,57.9,1
tutorial,3.8,58.1,1
tutorial,3.8,58.5,1
tutorial,3.8,58.7,1
tutorial,3.8,59.2,2
tutorial,3.8,59.3,2
tutorial,3.8,59.6,1
tutorial,3.8,60.4,1
tutorial,3.8,61.5,1
tutorial,3.8,61.6,1
tutorial,3.8,62.1,1
tutorial,3.8,62.3,1
tutorial,3.8,62.6,1
tutorial,3.8,63.4,1
tutorial,3.8,64.1,2
tutorial,3.8,64.7,1
tutorial,3.8,65.1,1
tutorial,3.8,65.3,1
tutorial,3.8,65.4,1
tutorial,3.8,65.8,1
tutorial,3.8,65.9,1
tutorial,3.8,66,1
tutorial,3.8,66.3,1
tutorial,3.8,66.6,2
tutorial,3.8,67,1
tutorial,3.8,67.1,2
tutorial,3.8,67.3,1
tutorial,3.8,67.5,1
tutorial,3.8,67.9,2
tutorial,3.8,68.1,2
tutorial,3.8,68.2,1
tutorial,3.8,68.3,2
tutorial,3.8,68.4,1
tutorial,3.8,68.5,1
tutorial,3.8,68.6,3
tutorial,3.8,68.8,1
tutorial,3.8,69,1
tutorial,3.8,69.1,1
tutorial,3.8,69.8,1
tutorial,3.8,69.9,1
tutorial,3.8,70,2
tutorial,3.8,70.6,1
tutorial,3.8,70.8,1
tutorial,3.8,71.3,2
tutorial,3.8,71.4,1
tutorial,3.8,71.6,2
tutorial,3.8,71.9,1
tutorial,3.8,72,1
tutorial,3.8,72.1,1
tutorial,3.8,72.4,1
tutorial,3.8,72.5,1
tutorial,3.8,72.6,1
tutorial,3.8,72.9,1
tutorial,3.8,73.4,1
tutorial,3.8,73.5,1
tutorial,3.8,73.9,1
tutorial,3.8,75.4,1
tutorial,3.8,75.5,1
tutorial,3.8,75.7,2
tutorial,3.8,75.9,1
tutorial,3.8,76.4,1
tutorial,3.8,76.5,1
tutorial,3.8,76.7,1
tutorial,3.8,76.8,1
tutorial,3.8,76.9,1
tutorial,3.8,77,2
tutorial,3.8,77.1,1
tutorial,3.8,77.8,2
tutorial,3.8,77.9,1
tutorial,3.8,78,2
tutorial,3.8,78.3,3
tutorial,3.8,78.6,1
tutorial,3.8,78.9,1
tutorial,3.8,79,3
tutorial,3.8,79.1,1
tutorial,3.8,79.4,1
tutorial,3.8,79.6,1
tutorial,3.8,80.6,1
tutorial,3.8,80.7,1
tutorial,3.8,81,1
tutorial,3.8,81.2,2
tutorial,3.8,81.8,1
tutorial,3.8,82,1
tutorial,3.8,82.3,1
tutorial,3.8,82.4,1
tutorial,3.8,82.5,1
tutorial,3.8,82.9,1
tutorial,3.8,83.4,1
tutorial,3.8,83.5,1
tutorial,3.8,83.6,1
tutorial,3.8,83.7,2
tutorial,3.8,83.8,1
tutorial,3.8,84,1
tutorial,3.8,84.6,1
tutorial,3.8,84.8,2
tutorial,3.8,85,1
tutorial,3.8,85.3,1
tutorial,3.8,85.6,1
tutorial,3.8,85.9,2
tutorial,3.8,86,1
tutorial,3.8,86.2,2
tutorial,3.8,86.3,1
tutorial,3.8,86.4,1
tutorial,3.8,86.5,1
tutorial,3.8,86.7,1
tutorial,3.8,86.8,1
tutorial,3.8,87,1
tutorial,3.8,87.1,2
tutorial,3.8,87.6,1
tutorial,3.8,88,1
tutorial,3.8,88.1,1
tutorial,3.8,88.7,1
tutorial,3.8,89,1
tutorial,3.8,89.2,1
tutorial,3.8,89.5,2
tutorial,3.8,89.6,1
tutorial,3.8,89.7,1
tutorial,3.8,89.8,1
tutorial,3.8,89.9,1
tutorial,3.8,90.1,1
tutorial,3.8,90.2,2
tutorial,3.8,90.3,1
tutorial,3.8,90.7,1
tutorial,3.8,90.8,1
tutorial,3.8,91.1,1
tutorial,3.8,91.2,1
tutorial,3.8,91.4,3
tutorial,3.8,91.6,1
tutorial,3.8,91.7,1
tutorial,3.8,91.9,2
tutorial,3.8,92.4,1
tutorial,3.8,92.6,1
tutorial,3.8,92.8,1
tutorial,3.8,93,1
tutorial,3.8,93.2,1
tutorial,3.8,93.3,1
tutorial,3.8,93.6,1
tutorial,3.8,93.7,1
tutorial,3.8,93.8,1
tutorial,3.8,93.9,1
tutorial,3.8,94,1
tutorial,3.8,94.2,1
tutorial,3.8,94.3,2
tutorial,3.8,94.4,1
tutorial,3.8,94.6,1
tutorial,3.8,94.8,1
tutorial,3.8,95,1
tutorial,3.8,95.1,1
tutorial,3.8,95.4,1
tutorial,3.8,95.6,1
tutorial,3.8,95.7,2
tutorial,3.8,95.8,1
tutorial,3.8,96.2,1
tutorial,3.8,96.4,1
tutorial,3.8,96.8,1
tutorial,3.8,96.9,2
tutorial,3.8,97.1,1
tutorial,3.8,97.2,1
tutorial,3.8,97.3,1
tutorial,3.8,97.4,2
tutorial,3.8,97.5,1
tutorial,3.8,97.8,1
tutorial,3.8,97.9,1
tutorial,3.8,98.2,2
tutorial,3.8,98.6,1
tutorial,3.8,98.7,1
tutorial,3.8,99,3
tutorial,3.8,99.4,3
tutorial,3.8,99.5,3
tutorial,3.8,99.6,1
tutorial,3.8,99.8,3
tutorial,3.8,99.9,1
tutorial,5.2,0.8,1
tutorial,5.2,0.9,1
tutorial,5.2,1.2,1
tutorial,5.2,1.8,1
tutorial,5.2,3.2,1
tutorial,5.2,3.5,2
tutorial,5.2,4.1,1
tutorial,5.2,4.2,1
tutorial,5.2,5.2,1
tutorial,5.2,6.2,1
tutorial,5.2,6.3,1
tutorial,5.2,6.9,1
tutorial,5.2,7.2,1
tutorial,5.2,8,1
tutorial,5.2,8.1,2
tutorial,5.2,8.2,1
tutorial,5.2,9.8,1
tutorial,5.2,11.1,1
tutorial,5.2,11.4,1
tutorial,5.2,11.6,1
tutorial,5.2,12,1
tutorial,5.2,13.2,1
tutorial,5.2,13.7,1
tutorial,5.2,14,1
tutorial,5.2,14.4,1
tutorial,5.2,16.1,1
tutorial,5.2,17.8,1
tutorial,5.2,18.4,1
tutorial,5.2,19.1,1
tutorial,5.2,19.9,1
tutorial,5.2,20.2,1
tutorial,5.2,21.1,1
tutorial,5.2,21.3,1
tutorial,5.2,21.8,1
tutorial,5.2,21.9,1
tutorial,5.2,22.1,1
tutorial,5.2,23.2,1
tutorial,5.2,23.8,1
tutorial,5.2,24.7,1
tutorial,5.2,24.8,1
tutorial,5.2,25.1,1
tutorial,5.2,25.6,1
tutorial,5.2,25.8,1
tutorial,5.2,26,1
tutorial,5.2,26.4,1
tutorial,5.2,26.7,1
tutorial,5.2,27.6,1
tutorial,5.2,28.2,1
tutorial,5.2,28.4,1
tutorial,5.2,28.6,1
tutorial,5.2,28.9,1
tutorial,5.2,29,1
tutorial,5.2,29.2,1
tutorial,5.2,29.7,1
tutorial,5.2,30,1
tutorial,5.2,30.2,1
tutorial,5.2,30.7,1
tutorial,5.2,31.4,1
tutorial,5.2,31.9,1
tutorial,5.2,33,1
tutorial,5.2,33.3,1
tutorial,5.2,33.5,1
tutorial,5.2,34,2
tutorial,5.2,34.5,1
tutorial,5.2,34.7,1
tutorial,5.2,34.8,1
tutorial,5.2,36,2
tutorial,5.2,36.1,1
tutorial,5.2,36.2,1
tutorial,5.2,36.7,1
tutorial,5.2,37,1
tutorial,5.2,37.4,1
tutorial,5.2,37.7,1
tutorial,5.2,38.1,1
tutorial,5.2,39,1
tutorial,5.2,39.3,1
tutorial,5.2,39.7,1
tutorial,5.2,40.5,1
tutorial,5.2,41.1,1
tutorial,5.2,42.3,1
tutorial,5.2,42.7,1
tutorial,5.2,42.8,2
tutorial,5.2,43.5,1
tutorial,5.2,43.6,1
tutorial,5.2,44.8,1
tutorial,5.2,45.1,1
tutorial,5.2,45.2,1
tutorial,5.2,45.4,1
tutorial,5.2,45.5,1
tutorial,5.2,45.7,1
tutorial,5.2,46.6,1
tutorial,5.2,46.8,1
tutorial,5.2,47.2,1
tutorial,5.2,47.4,1
tutorial,5.2,48.8,1
tutorial,5.2,48.9,1
tutorial,5.2,49.1,1
tutorial,5.2,49.7,1
tutorial,5.2,50,1
tutorial,5.2,50.2,1
tutorial,5.2,51.3,1
tutorial,5.2,51.4,1
tutorial,5.2,51.8,1
tutorial,5.2,53,1
tutorial,5.2,53.1,1
tutorial,5.2,53.5,1
tutorial,5.2,53.9,1
tutorial,5.2,55.2,1
tutorial,5.2,55.3,2
tutorial,5.2,56,1
tutorial,5.2,56.3,2
tutorial,5.2,57,1
tutorial,5.2,57.1,1
tutorial,5.2,58,1
tutorial,5.2,58.3,2
tutorial,5.2,58.5,1
tutorial,5.2,60.2,1
tutorial,5.2,60.4,1
tutorial,5.2,60.7,2
tutorial,5.2,61,2
tutorial,5.2,61.4,1
tutorial,5.2,61.6,1
tutorial,5.2,61.8,1
tutorial,5.2,61.9,1
tutorial,5.2,62.5,1
tutorial,5.2,62.9,2
tutorial,5.2,63.2,1
tutorial,5.2,64,1
tutorial,5.2,64.3,1
tutorial,5.2,64.5,1
tutorial,5.2,64.8,1
tutorial,5.2,65,1
tutorial,5.2,65.9,1
tutorial,5.2,66,1
tutorial,5.2,67.3,1
tutorial,5.2,67.4,1
tutorial,5.2,67.5,1
tutorial,5.2,68.7,2
tutorial,5.2,69,1
tutorial,5.2,70.3,1
tutorial,5.2,70.4,1
tutorial,5.2,71.1,2
tutorial,5.2,71.6,1
tutorial,5.2,72,1
tutorial,5.2,72.2,1
tutorial,5.2,72.4,1
tutorial,5.2,72.6,1
tutorial,5.2,72.7,2
tutorial,5.2,73.2,1
tutorial,5.2,73.5,1
tutorial,5.2,73.7,1
tutorial,5.2,73.9,1
tutorial,5.2,74.6,1
tutorial,5.2,75.6,1
tutorial,5.2,75.7,2
tutorial,5.2,76.1,2
tutorial,5.2,76.6,1
tutorial,5.2,76.9,1
tutorial,5.2,77.2,1
tutorial,5.2,77.4,2
tutorial,5.2,77.6,1
tutorial,5.2,77.7,1
tutorial,5.2,77.9,1
tutorial,5.2,78,1
tutorial,5.2,78.3,1
tutorial,5.2,78.4,1
tutorial,5.2,78.7,2
tutorial,5.2,79.4,2
tutorial,5.2,79.5,1
tutorial,5.2,80.4,1
tutorial,5.2,80.6,1
tutorial,5.2,80.7,1
tutorial,5.2,81.2,1
tutorial,5.2,81.3,2
tutorial,5.2,81.4,1
tutorial,5.2,81.9,1
tutorial,5.2,82.2,1
tutorial,5.2,82.4,1
tutorial,5.2,82.6,1
tutorial,5.2,82.8,1
tutorial,5.2,82.9,1
tutorial,5.2,83.5,1
tutorial,5.2,83.9,1
tutorial,5.2,84.1,1
tutorial,5.2,84.2,1
tutorial,5.2,84.3,1
tutorial,5.2,84.5,1
tutorial,5.2,85,1
tutorial,5.2,85.7,1
tutorial,5.2,87.2,1
tutorial,5.2,87.6,1
tutorial,5.2,87.9,1
tutorial,5.2,88,1
tutorial,5.2,88.1,1
tutorial,5.2,88.2,1
tutorial,5.2,88.5,2
tutorial,5.2,88.7,1
tutorial,5.2,88.8,1
tutorial,5.2,89.1,2
tutorial,5.2,89.4,1
tutorial,5.2,90.4,2
tutorial,5.2,90.5,1
tutorial,5.2,90.8,3
tutorial,5.2,91,1
tutorial,5.2,91.2,1
tutorial,5.2,91.3,1
tutorial,5.2,91.4,1
tutorial,5.2,91.5,2
tutorial,5.2,91.6,1
tutorial,5.2,91.7,1
tutorial,5.2,92.5,1
tutorial,5.2,92.6,1
tutorial,5.2,92.7,1
tutorial,5.2,93.2,1
tutorial,5.2,93.4,1
tutorial,5.2,93.6,1
tutorial,5.2,94.5,1
tutorial,5.2,94.6,1
tutorial,5.2,94.8,1
tutorial,5.2,95,1
tutorial,5.2,95.5,1
tutorial,5.2,95.6,1
tutorial,5.2,96,2
tutorial,5.2,96.4,1
tutorial,5.2,96.5,1
tutorial,5.2,96.7,1
tutorial,5.2,96.8,1
tutorial,5.2,96.9,1
tutorial,5.2,97,1
tutorial,5.2,97.1,1
tutorial,5.2,97.2,1
tutorial,5.2,97.3,2
tutorial,5.2,97.5,1
tutorial,5.2,97.8,2
tutorial,5.2,97.9,3
tutorial,5.2,98.5,1
tutorial,5.2,98.8,1
tutorial,5.2,98.9,2
tutorial,5.2,99.3,1
tutorial,7.8,1.6,1
tutorial,7.8,1.7,1
tutorial,7.8,1.8,2
tutorial,7.8,2.1,1
tutorial,7.8,2.2,1
tutorial,7.8,2.4,1
tutorial,7.8,2.5,1
tutorial,7.8,2.6,1
tutorial,7.8,2.7,1
tutorial,7.8,3,1
tutorial,7.8,3.1,1
tutorial,7.8,3.9,2
tutorial,7.8,4.2,1
tutorial,7.8,4.3,1
tutorial,7.8,4.5,1
tutorial,7.8,4.6,1
tutorial,7.8,4.8,1
tutorial,7.8,5,1
tutorial,7.8,5.1,1
tutorial,7.8,5.4,1
tutorial,7.8,5.5,1
tutorial,7.8,5.6,1
tutorial,7.8,5.8,1
tutorial,7.8,6,1
tutorial,7.8,6.1,1
tutorial,7.8,6.2,1
tutorial,7.8,6.6,1
tutorial,7.8,6.9,1
tutorial,7.8,7.2,3
tutorial,7.8,7.9,1
tutorial,7.8,8,1
tutorial,7.8,8.2,2
tutorial,7.8,8.5,1
tutorial,7.8,9.2,1
tutorial,7.8,9.6,1
tutorial,7.8,10,1
tutorial,7.8,10.1,2
tutorial,7.8,10.2,2
tutorial,7.8,10.3,1
tutorial,7.8,10.4,1
tutorial,7.8,10.6,1
tutorial,7.8,10.7,2
tutorial,7.8,10.8,1
tutorial,7.8,11,2
tutorial,7.8,11.3,1
tutorial,7.8,11.5,1
tutorial,7.8,11.6,1
tutorial,7.8,11.7,1
tutorial,7.8,11.9,2
tutorial,7.8,12,2
tutorial,7.8,12.2,1
tutorial,7.8,12.7,1
tutorial,7.8,13.1,1
tutorial,7.8,13.3,1
tutorial,7.8,13.6,2
tutorial,7.8,13.7,2
tutorial,7.8,14.1,2
tutorial,7.8,14.3,2
tutorial,7.8,14.6,1
tutorial,7.8,14.8,3
tutorial,7.8,15,2
tutorial,7.8,15.1,1
tutorial,7.8,15.4,1
tutorial,7.8,15.6,2
tutorial,7.8,15.7,1
tutorial,7.8,15.9,1
tutorial,7.8,16,1
tutorial,7.8,16.1,2
tutorial,7.8,16.3,2
tutorial,7.8,16.5,2
tutorial,7.8,16.9,2
tutorial,7.8,17,1
tutorial,7.8,17.2,1
tutorial,7.8,17.4,1
tutorial,7.8,17.5,2
tutorial,7.8,17.7,1
tutorial,7.8,18,1
tutorial,7.8,18.1,1
tutorial,7.8,18.3,1
tutorial,7.8,18.5,1
tutorial,7.8,18.9,1
tutorial,7.8,19,1
tutorial,7.8,19.1,1
tutorial,7.8,19.2,1
tutorial,7.8,19.6,1
tutorial,7.8,20.2,1
tutorial,7.8,20.3,2
tutorial,7.8,20.6,1
tutorial,7.8,20.8,1
tutorial,7.8,21.1,1
tutorial,7.8,21.2,2
tutorial,7.8,21.3,1
tutorial,7.8,21.6,1
tutorial,7.8,21.9,1
tutorial,7.8,22.6,1
tutorial,7.8,22.9,1
tutorial,7.8,23,1
tutorial,7.8,23.2,1
tutorial,7.8,23.6,1
tutorial,7.8,23.7,1
tutorial,7.8,23.9,1
tutorial,7.8,24,1
tutorial,7.8,24.4,1
tutorial,7.8,24.7,3
tutorial,7.8,24.8,2
tutorial,7.8,25,1
tutorial,7.8,25.1,2
tutorial,7.8,25.2,2
tutorial,7.8,25.5,1
tutorial,7.8,25.6,1
tutorial,7.8,25.7,1
tutorial,7.8,25.8,1
tutorial,7.8,26,3
tutorial,7.8,26.2,1
tutorial,7.8,26.3,1
tutorial,7.8,26.4,1
tutorial,7.8,26.5,3
tutorial,7.8,26.6,1
tutorial,7.8,26.8,2
tutorial,7.8,26.9,1
tutorial,7.8,27,1
tutorial,7.8,27.2,2
tutorial,7.8,27.3,2
tutorial,7.8,27.5,1
tutorial,7.8,27.6,2
tutorial,7.8,27.7,1
tutorial,7.8,27.9,1
tutorial,7.8,28.1,3
tutorial,7.8,28.2,2
tutorial,7.8,28.9,1
tutorial,7.8,29,1
tutorial,7.8,29.1,1
tutorial,7.8,29.2,1
tutorial,7.8,29.5,2
tutorial,7.8,29.8,1
tutorial,7.8,30.2,1
tutorial,7.8,30.4,1
tutorial,7.8,30.5,1
tutorial,7.8,30.6,1
tutorial,7.8,30.8,4
tutorial,7.8,31.1,1
tutorial,7.8,31.2,1
tutorial,7.8,31.3,2
tutorial,7.8,31.4,1
tutorial,7.8,31.6,1
tutorial,7.8,31.7,1
tutorial,7.8,31.8,4
tutorial,7.8,32,1
tutorial,7.8,32.2,1
tutorial,7.8,32.5,1
tutorial,7.8,32.6,2
tutorial,7.8,33.1,1
tutorial,7.8,33.2,1
tutorial,7.8,33.3,3
tutorial,7.8,33.6,2
tutorial,7.8,33.7,3
tutorial,7.8,33.8,1
tutorial,7.8,33.9,2
tutorial,7.8,34,1
tutorial,7.8,34.1,2
tutorial,7.8,34.4,1
tutorial,7.8,34.6,2
tutorial,7.8,34.8,1
tutorial,7.8,34.9,1
tutorial,7.8,35.2,1
tutorial,7.8,35.3,2
tutorial,7.8,35.4,1
tutorial,7.8,35.5,1
tutorial,7.8,35.6,2
tutorial,7.8,35.7,1
tutorial,7.8,35.8,1
tutorial,7.8,35.9,2
tutorial,7.8,36.3,2
tutorial,7.8,36.4,1
tutorial,7.8,36.7,1
tutorial,7.8,36.8,1
tutorial,7.8,36.9,1
tutorial,7.8,37.5,1
tutorial,7.8,37.6,3
tutorial,7.8,37.7,1
tutorial,7.8,37.8,1
tutorial,7.8,37.9,1
tutorial,7.8,38.3,1
tutorial,7.8,38.4,2
tutorial,7.8,38.5,1
tutorial,7.8,38.6,2
tutorial,7.8,38.9,1
tutorial,7.8,39.2,1
tutorial,7.8,39.3,1
tutorial,7.8,39.4,3
tutorial,7.8,39.5,1
tutorial,7.8,39.7,1
tutorial,7.8,39.8,2
tutorial,7.8,39.9,1
tutorial,7.8,40,1
tutorial,7.8,40.2,1
tutorial,7.8,40.3,1
tutorial,7.8,40.5,1
tutorial,7.8,40.6,2
tutorial,7.8,40.8,2
tutorial,7.8,40.9,1
tutorial,7.8,41.7,1
tutorial,7.8,41.9,2
tutorial,7.8,42,1
tutorial,7.8,42.2,1
tutorial,7.8,42.6,5
tutorial,7.8,42.7,3
tutorial,7.8,42.9,2
tutorial,7.8,43,1
tutorial,7.8,43.1,1
tutorial,7.8,43.4,1
tutorial,7.8,43.5,1
tutorial,7.8,43.6,4
tutorial,7.8,43.7,3
tutorial,7.8,43.9,1
tutorial,7.8,44,1
tutorial,7.8,44.1,1
tutorial,7.8,44.3,1
tutorial,7.8,44.9,1
tutorial,7.8,45.1,1
tutorial,7.8,45.2,2
tutorial,7.8,45.3,1
tutorial,7.8,45.4,1
tutorial,7.8,45.5,1
tutorial,7.8,45.7,2
tutorial,7.8,46,1
tutorial,7.8,46.2,1
tutorial,7.8,46.4,2
tutorial,7.8,46.5,1
tutorial,7.8,46.6,1
tutorial,7.8,46.8,1
tutorial,7.8,47,1
tutorial,7.8,47.1,1
tutorial,7.8,47.2,1
tutorial,7.8,47.3,1
tutorial,7.8,47.4,2
tutorial,7.8,47.5,1
tutorial,7.8,47.6,1
tutorial,7.8,47.7,1
tutorial,7.8,47.8,1
tutorial,7.8,48,1
tutorial,7.8,48.3,1
tutorial,7.8,48.4,3
tutorial,7.8,48.5,1
tutorial,7.8,48.6,1
tutorial,7.8,48.7,2
tutorial,7.8,48.9,1
tutorial,7.8,49.1,2
tutorial,7.8,49.2,2
tutorial,7.8,49.4,1
tutorial,7.8,49.6,1
tutorial,7.8,49.8,1
tutorial,7.8,50.1,2
tutorial,7.8,50.3,1
tutorial,7.8,50.4,1
tutorial,7.8,50.9,1
tutorial,7.8,51.1,3
tutorial,7.8,51.2,1
tutorial,7.8,51.4,3
tutorial,7.8,51.5,1
tutorial,7.8,51.6,1
tutorial,7.8,51.7,2
tutorial,7.8,51.9,1
tutorial,7.8,52.1,1
tutorial,7.8,52.4,1
tutorial,7.8,52.5,1
tutorial,7.8,52.7,4
tutorial,7.8,52.8,3
tutorial,7.8,52.9,1
tutorial,7.8,53.1,1
tutorial,7.8,53.3,4
tutorial,7.8,53.5,1
tutorial,7.8,53.6,1
tutorial,7.8,53.8,1
tutorial,7.8,54.1,3
tutorial,7.8,54.5,2
tutorial,7.8,54.8,1
tutorial,7.8,55,2
tutorial,7.8,55.1,3
tutorial,7.8,55.2,4
tutorial,7.8,55.5,1
tutorial,7.8,55.6,2
tutorial,7.8,55.7,1
tutorial,7.8,55.8,3
tutorial,7.8,56,3
tutorial,7.8,56.2,3
tutorial,7.8,56.3,1
tutorial,7.8,56.6,1
tutorial,7.8,56.7,1
tutorial,7.8,56.8,1
tutorial,7.8,57.2,1
tutorial,7.8,57.3,1
tutorial,7.8,57.4,1
tutorial,7.8,57.6,2
tutorial,7.8,57.8,1
tutorial,7.8,57.9,2
tutorial,7.8,58.2,1
tutorial,7.8,58.3,2
tutorial,7.8,58.5,1
tutorial,7.8,58.8,2
tutorial,7.8,59,1
tutorial,7.8,59.1,1
tutorial,7.8,59.4,3
tutorial,7.8,59.5,1
tutorial,7.8,59.7,1
tutorial,7.8,60,2
tutorial,7.8,60.2,3
tutorial,7.8,60.3,3
tutorial,7.8,60.6,1
tutorial,7.8,60.9,2
tutorial,7.8,61.1,3
tutorial,7.8,61.2,2
tutorial,7.8,61.3,1
tutorial,7.8,61.4,2
tutorial,7.8,61.5,1
tutorial,7.8,61.7,2
tutorial,7.8,61.8,3
tutorial,7.8,62,1
tutorial,7.8,62.3,1
tutorial,7.8,62.5,1
tutorial,7.8,62.8,2
tutorial,7.8,63.3,1
tutorial,7.8,63.4,1
tutorial,7.8,63.6,2
tutorial,7.8,63.8,1
tutorial,7.8,63.9,2
tutorial,7.8,64,2
tutorial,7.8,64.3,2
tutorial,7.8,64.7,4
tutorial,7.8,64.8,2
tutorial,7.8,65.1,3
tutorial,7.8,65.2,2
tutorial,7.8,65.3,1
tutorial,7.8,65.5,2
tutorial,7.8,65.6,1
tutorial,7.8,65.7,1
tutorial,7.8,65.8,1
tutorial,7.8,65.9,2
tutorial,7.8,66,2
tutorial,7.8,66.1,2
tutorial,7.8,66.5,2
tutorial,7.8,66.8,1
tutorial,7.8,66.9,1
tutorial,7.8,67.2,1
tutorial,7.8,67.4,1
tutorial,7.8,67.5,2
tutorial,7.8,67.8,1
tutorial,7.8,68,3
tutorial,7.8,68.1,2
tutorial,7.8,68.2,1
tutorial,7.8,68.3,1
tutorial,7.8,68.8,2
tutorial,7.8,68.9,2
tutorial,7.8,69,1
tutorial,7.8,69.1,3
tutorial,7.8,69.3,1
tutorial,7.8,69.4,3
tutorial,7.8,69.6,1
tutorial,7.8,69.7,2
tutorial,7.8,69.8,2
tutorial,7.8,69.9,1
tutorial,7.8,70,1
tutorial,7.8,70.2,1
tutorial,7.8,70.3,2
tutorial,7.8,70.4,1
tutorial,7.8,70.7,2
tutorial,7.8,70.9,1
tutorial,7.8,71,4
tutorial,7.8,71.2,3
tutorial,7.8,71.3,3
tutorial,7.8,71.6,1
tutorial,7.8,71.8,1
tutorial,7.8,71.9,1
tutorial,7.8,72.1,1
tutorial,7.8,72.2,3
tutorial,7.8,72.3,1
tutorial,7.8,72.4,1
tutorial,7.8,72.5,1
tutorial,7.8,72.8,2
tutorial,7.8,72.9,1
tutorial,7.8,73,2
tutorial,7.8,73.1,1
tutorial,7.8,73.4,3
tutorial,7.8,73.5,1
tutorial,7.8,73.6,1
tutorial,7.8,73.7,1
tutorial,7.8,73.8,1
tutorial,7.8,74,1
tutorial,7.8,74.3,1
tutorial,7.8,74.4,3
tutorial,7.8,74.5,2
tutorial,7.8,74.6,1
tutorial,7.8,74.7,2
tutorial,7.8,74.9,1
tutorial,7.8,75.2,1
tutorial,7.8,75.3,1
tutorial,7.8,75.5,1
tutorial,7.8,75.6,2
tutorial,7.8,75.9,1
tutorial,7.8,76.1,1
tutorial,7.8,76.3,1
tutorial,7.8,76.5,2
tutorial,7.8,76.7,4
tutorial,7.8,76.8,3
tutorial,7.8,76.9,1
tutorial,7.8,77,1
tutorial,7.8,77.1,1
tutorial,7.8,77.2,1
tutorial,7.8,77.3,1
tutorial,7.8,77.4,1
tutorial,7.8,77.5,3
tutorial,7.8,77.6,2
tutorial,7.8,77.7,1
tutorial,7.8,77.8,3
tutorial,7.8,78.2,2
tutorial,7.8,78.3,1
tutorial,7.8,78.4,3
tutorial,7.8,78.5,1
tutorial,7.8,78.7,3
tutorial,7.8,79,2
tutorial,7.8,79.1,1
tutorial,7.8,79.2,2
tutorial,7.8,79.4,1
tutorial,7.8,79.5,2
tutorial,7.8,79.6,1
tutorial,7.8,79.7,1
tutorial,7.8,79.8,1
tutorial,7.8,79.9,1
tutorial,7.8,80.1,3
tutorial,7.8,80.2,1
tutorial,7.8,80.7,1
tutorial,7.8,81,2
tutorial,7.8,81.1,1
tutorial,7.8,81.2,2
tutorial,7.8,81.3,1
tutorial,7.8,81.4,2
tutorial,7.8,81.5,2
tutorial,7.8,81.6,1
tutorial,7.8,81.8,2
tutorial,7.8,82.1,1
tutorial,7.8,82.3,2
tutorial,7.8,82.5,1
tutorial,7.8,82.8,1
tutorial,7.8,82.9,1
tutorial,7.8,83.1,1
tutorial,7.8,83.3,1
tutorial,7.8,83.4,1
tutorial,7.8,83.5,2
tutorial,7.8,83.9,2
tutorial,7.8,84,1
tutorial,7.8,84.3,1
tutorial,7.8,84.4,1
tutorial,7.8,84.8,1
tutorial,7.8,84.9,2
tutorial,7.8,85,2
tutorial,7.8,85.2,2
tutorial,7.8,85.3,1
tutorial,7.8,85.4,2
tutorial,7.8,85.5,1
tutorial,7.8,85.6,2
tutorial,7.8,85.8,1
tutorial,7.8,85.9,2
tutorial,7.8,86,4
tutorial,7.8,86.1,3
tutorial,7.8,86.4,2
tutorial,7.8,86.5,1
tutorial,7.8,86.6,2
tutorial,7.8,86.7,1
tutorial,7.8,86.8,1
tutorial,7.8,86.9,2
tutorial,7.8,87,1
tutorial,7.8,87.1,2
tutorial,7.8,87.2,1
tutorial,7.8,87.4,1
tutorial,7.8,87.5,1
tutorial,7.8,87.6,3
tutorial,7.8,87.7,3
tutorial,7.8,87.9,1
tutorial,7.8,88,1
tutorial,7.8,88.1,2
tutorial,7.8,88.3,4
tutorial,7.8,88.4,1
tutorial,7.8,88.5,2
tutorial,7.8,88.6,1
tutorial,7.8,88.7,2
tutorial,7.8,88.8,1
tutorial,7.8,88.9,1
tutorial,7.8,89,2
tutorial,7.8,89.1,2
tutorial,7.8,89.2,1
tutorial,7.8,89.4,1
tutorial,7.8,89.5,2
tutorial,7.8,89.6,2
tutorial,7.8,89.8,2
tutorial,7.8,89.9,2
tutorial,7.8,90.1,1
tutorial,7.8,90.3,1
tutorial,7.8,90.5,1
tutorial,7.8,90.6,1
tutorial,7.8,90.7,1
tutorial,7.8,90.8,1
tutorial,7.8,90.9,1
tutorial,7.8,91,2
tutorial,7.8,91.1,2
tutorial,7.8,91.2,2
tutorial,7.8,91.4,1
tutorial,7.8,91.5,2
tutorial,7.8,91.6,1
tutorial,7.8,91.7,2
tutorial,7.8,91.9,2
tutorial,7.8,92,2
tutorial,7.8,92.1,4
tutorial,7.8,92.3,2
tutorial,7.8,92.4,1
tutorial,7.8,92.5,3
tutorial,7.8,92.7,2
tutorial,7.8,92.9,1
tutorial,7.8,93.1,1
tutorial,7.8,93.2,1
tutorial,7.8,93.4,1
tutorial,7.8,93.6,1
tutorial,7.8,93.7,3
tutorial,7.8,93.8,2
tutorial,7.8,93.9,3
tutorial,7.8,94,2
tutorial,7.8,94.6,3
tutorial,7.8,94.7,1
tutorial,7.8,94.8,1
tutorial,7.8,94.9,3
tutorial,7.8,95.1,4
tutorial,7.8,95.2,3
tutorial,7.8,95.3,1
tutorial,7.8,95.4,1
tutorial,7.8,95.5,1
tutorial,7.8,95.7,2
tutorial,7.8,95.8,1
tutorial,7.8,95.9,1
tutorial,7.8,96,1
tutorial,7.8,96.1,4
tutorial,7.8,96.2,2
tutorial,7.8,96.4,1
tutorial,7.8,96.6,2
tutorial,7.8,96.7,1
tutorial,7.8,97,1
tutorial,7.8,97.1,1
tutorial,7.8,97.2,1
tutorial,7.8,97.3,1
tutorial,7.8,97.5,4
tutorial,7.8,97.6,1
tutorial,7.8,97.8,3
tutorial,7.8,97.9,1
tutorial,7.8,98,3
tutorial,7.8,98.1,1
tutorial,7.8,98.2,1
tutorial,7.8,98.4,4
tutorial,7.8,98.5,1
tutorial,7.8,98.6,2
tutorial,7.8,98.7,2
tutorial,7.8,98.8,1
tutorial,7.8,98.9,2
tutorial,7.8,99,3
tutorial,7.8,99.1,1
tutorial,7.8,99.2,3
tutorial,7.8,99.4,3
tutorial,7.8,99.5,1
tutorial,7.8,99.6,1
tutorial,7.8,99.8,3
tutorial,7.8,99.9,1
tutorial,7.8,100,1
tutorial,10.7,1.1,1
tutorial,10.7,1.4,2
tutorial,10.7,1.5,1
tutorial,10.7,1.8,2
tutorial,10.7,1.9,1
tutorial,10.7,2,1
tutorial,10.7,2.5,1
tutorial,10.7,2.7,2
tutorial,10.7,2.8,1
tutorial,10.7,3,1
tutorial,10.7,3.3,1
tutorial,10.7,4.1,1
tutorial,10.7,5.1,1
tutorial,10.7,5.5,1
tutorial,10.7,5.8,1
tutorial,10.7,6.2,1
tutorial,10.7,6.4,1
tutorial,10.7,7,1
tutorial,10.7,7.1,1
tutorial,10.7,7.2,2
tutorial,10.7,7.4,1
tutorial,10.7,7.5,2
tutorial,10.7,7.7,1
tutorial,10.7,7.9,1
tutorial,10.7,8.4,1
tutorial,10.7,8.8,2
tutorial,10.7,9,1
tutorial,10.7,9.3,2
tutorial,10.7,9.4,1
tutorial,10.7,10.9,1
tutorial,10.7,11.5,1
tutorial,10.7,12.7,1
tutorial,10.7,13.6,1
tutorial,10.7,14,1
tutorial,10.7,14.2,1
tutorial,10.7,14.4,1
tutorial,10.7,15.1,1
tutorial,10.7,15.2,1
tutorial,10.7,15.6,1
tutorial,10.7,15.8,2
tutorial,10.7,15.9,1
tutorial,10.7,16.1,1
tutorial,10.7,16.2,1
tutorial,10.7,16.5,1
tutorial,10.7,16.8,1
tutorial,10.7,17,1
tutorial,10.7,17.5,1
tutorial,10.7,18.1,1
tutorial,10.7,18.6,1
tutorial,10.7,18.9,2
tutorial,10.7,19.4,2
tutorial,10.7,20.1,1
tutorial,10.7,20.2,1
tutorial,10.7,20.3,1
tutorial,10.7,20.5,1
tutorial,10.7,20.9,1
tutorial,10.7,21.6,1
tutorial,10.7,22,1
tutorial,10.7,22.1,1
tutorial,10.7,22.2,1
tutorial,10.7,22.7,1
tutorial,10.7,22.8,1
tutorial,10.7,23.6,1
tutorial,10.7,23.8,1
tutorial,10.7,24,1
tutorial,10.7,24.6,2
tutorial,10.7,25.3,1
tutorial,10.7,25.4,1
tutorial,10.7,25.5,1
tutorial,10.7,25.9,2
tutorial,10.7,26.2,1
tutorial,10.7,26.4,1
tutorial,10.7,26.9,1
tutorial,10.7,27.6,1
tutorial,10.7,28.3,2
tutorial,10.7,28.4,2
tutorial,10.7,28.7,1
tutorial,10.7,28.8,1
tutorial,10.7,29.2,1
tutorial,10.7,29.4,1
tutorial,10.7,29.6,1
tutorial,10.7,29.8,2
tutorial,10.7,30.1,1
tutorial,10.7,30.7,1
tutorial,10.7,31.1,1
tutorial,10.7,31.3,1
tutorial,10.7,31.5,1
tutorial,10.7,31.7,1
tutorial,10.7,31.9,1
tutorial,10.7,32,1
tutorial,10.7,32.3,1
tutorial,10.7,33.2,1
tutorial,10.7,33.3,1
tutorial,10.7,33.5,1
tutorial,10.7,33.6,1
tutorial,10.7,34,1
tutorial,10.7,34.1,1
tutorial,10.7,34.2,1
tutorial,10.7,34.3,3
tutorial,10.7,34.5,1
tutorial,10.7,34.6,1
tutorial,10.7,34.7,1
tutorial,10.7,34.8,1
tutorial,10.7,35,1
tutorial,10.7,35.5,2
tutorial,10.7,35.8,2
tutorial,10.7,36,1
tutorial,10.7,36.4,1
tutorial,10.7,36.6,2
tutorial,10.7,37.1,2
tutorial,10.7,37.4,1
tutorial,10.7,38.1,3
tutorial,10.7,38.2,2
tutorial,10.7,38.9,2
tutorial,10.7,39.2,1
tutorial,10.7,39.4,2
tutorial,10.7,39.7,1
tutorial,10.7,39.9,2
tutorial,10.7,40.4,1
tutorial,10.7,40.5,1
tutorial,10.7,40.6,1
tutorial,10.7,41,2
tutorial,10.7,41.3,1
tutorial,10.7,41.4,1
tutorial,10.7,41.8,1
tutorial,10.7,42.6,1
tutorial,10.7,43,1
tutorial,10.7,43.6,1
tutorial,10.7,44,1
tutorial,10.7,44.6,2
tutorial,10.7,44.9,1
tutorial,10.7,45.1,1
tutorial,10.7,45.3,1
tutorial,10.7,45.5,1
tutorial,10.7,45.7,1
tutorial,10.7,45.9,1
tutorial,10.7,46,1
tutorial,10.7,47,2
tutorial,10.7,47.1,1
tutorial,10.7,47.2,1
tutorial,10.7,47.3,1
tutorial,10.7,47.8,1
tutorial,10.7,47.9,2
tutorial,10.7,48,1
tutorial,10.7,48.1,2
tutorial,10.7,48.2,1
tutorial,10.7,48.3,1
tutorial,10.7,49.1,2
tutorial,10.7,49.5,2
tutorial,10.7,49.6,1
tutorial,10.7,49.7,1
tutorial,10.7,50.1,1
tutorial,10.7,50.4,1
tutorial,10.7,50.7,1
tutorial,10.7,50.9,1
tutorial,10.7,51.3,1
tutorial,10.7,51.4,1
tutorial,10.7,51.5,2
tutorial,10.7,51.9,1
tutorial,10.7,52,2
tutorial,10.7,52.1,2
tutorial,10.7,52.5,1
tutorial,10.7,52.7,1
tutorial,10.7,53.1,1
tutorial,10.7,53.2,3
tutorial,10.7,53.3,1
tutorial,10.7,53.6,1
tutorial,10.7,53.8,1
tutorial,10.7,53.9,1
tutorial,10.7,54,1
tutorial,10.7,54.3,1
tutorial,10.7,54.5,1
tutorial,10.7,54.9,1
tutorial,10.7,55.1,1
tutorial,10.7,55.5,1
tutorial,10.7,55.7,1
tutorial,10.7,55.8,1
tutorial,10.7,56,2
tutorial,10.7,56.1,1
tutorial,10.7,56.3,1
tutorial,10.7,56.4,2
tutorial,10.7,56.8,1
tutorial,10.7,57.1,1
tutorial,10.7,57.3,1
tutorial,10.7,57.4,1
tutorial,10.7,58.1,1
tutorial,10.7,58.2,2
tutorial,10.7,58.3,2
tutorial,10.7,58.4,1
tutorial,10.7,59,1
tutorial,10.7,59.1,2
tutorial,10.7,59.4,1
tutorial,10.7,59.6,1
tutorial,10.7,59.7,3
tutorial,10.7,59.8,2
tutorial,10.7,60,1
tutorial,10.7,60.3,1
tutorial,10.7,60.4,1
tutorial,10.7,60.6,1
tutorial,10.7,61.4,3
tutorial,10.7,61.8,1
tutorial,10.7,61.9,1
tutorial,10.7,62.3,2
tutorial,10.7,62.4,1
tutorial,10.7,62.6,1
tutorial,10.7,62.7,1
tutorial,10.7,62.9,2
tutorial,10.7,63,1
tutorial,10.7,63.7,1
tutorial,10.7,63.8,1
tutorial,10.7,63.9,1
tutorial,10.7,64.1,1
tutorial,10.7,64.7,1
tutorial,10.7,65.2,1
tutorial,10.7,65.3,1
tutorial,10.7,65.5,1
tutorial,10.7,65.7,2
tutorial,10.7,65.8,1
tutorial,10.7,66.3,2
tutorial,10.7,66.5,1
tutorial,10.7,66.6,1
tutorial,10.7,66.9,1
tutorial,10.7,67.3,1
tutorial,10.7,67.4,2
tutorial,10.7,67.6,1
tutorial,10.7,68.2,1
tutorial,10.7,68.7,2
tutorial,10.7,69,2
tutorial,10.7,69.3,1
tutorial,10.7,69.5,1
tutorial,10.7,69.7,2
tutorial,10.7,70,1
tutorial,10.7,70.1,2
tutorial,10.7,70.2,1
tutorial,10.7,70.3,1
tutorial,10.7,70.4,1
tutorial,10.7,71.1,1
tutorial,10.7,71.3,1
tutorial,10.7,71.9,1
tutorial,10.7,72.1,1
tutorial,10.7,72.2,1
tutorial,10.7,72.4,1
tutorial,10.7,72.5,1
tutorial,10.7,72.6,1
tutorial,10.7,72.9,1
tutorial,10.7,73,1
tutorial,10.7,73.3,1
tutorial,10.7,73.8,1
tutorial,10.7,74.8,1
tutorial,10.7,74.9,1
tutorial,10.7,75.2,1
tutorial,10.7,75.3,1
tutorial,10.7,75.4,2
tutorial,10.7,75.8,2
tutorial,10.7,76,1
tutorial,10.7,76.3,1
tutorial,10.7,76.4,1
tutorial,10.7,76.5,2
tutorial,10.7,76.7,1
tutorial,10.7,76.8,1
tutorial,10.7,77.5,1
tutorial,10.7,77.6,1
tutorial,10.7,78.3,2
tutorial,10.7,78.4,1
tutorial,10.7,78.7,1
tutorial,10.7,79,1
tutorial,10.7,79.6,1
tutorial,10.7,79.8,2
tutorial,10.7,80.1,1
tutorial,10.7,80.2,1
tutorial,10.7,80.8,1
tutorial,10.7,81.6,1
tutorial,10.7,81.8,1
tutorial,10.7,82,2
tutorial,10.7,82.2,1
tutorial,10.7,82.4,2
tutorial,10.7,83.2,1
tutorial,10.7,83.4,1
tutorial,10.7,83.5,1
tutorial,10.7,83.6,1
tutorial,10.7,83.7,1
tutorial,10.7,83.8,1
tutorial,10.7,83.9,1
tutorial,10.7,84.1,1
tutorial,10.7,84.3,1
tutorial,10.7,84.5,3
tutorial,10.7,84.7,1
tutorial,10.7,84.8,1
tutorial,10.7,84.9,1
tutorial,10.7,85.3,1
tutorial,10.7,85.5,2
tutorial,10.7,85.6,2
tutorial,10.7,85.9,1
tutorial,10.7,86,1
tutorial,10.7,86.1,1
tutorial,10.7,86.3,1
tutorial,10.7,86.4,1
tutorial,10.7,86.5,2
tutorial,10.7,86.7,2
tutorial,10.7,86.9,2
tutorial,10.7,87,1
tutorial,10.7,87.2,1
tutorial,10.7,87.3,1
tutorial,10.7,87.5,2
tutorial,10.7,88.1,1
tutorial,10.7,88.2,2
tutorial,10.7,88.5,1
tutorial,10.7,88.8,2
tutorial,10.7,89,1
tutorial,10.7,89.2,1
tutorial,10.7,89.5,1
tutorial,10.7,89.6,2
tutorial,10.7,89.9,2
tutorial,10.7,90.1,2
tutorial,10.7,90.4,3
tutorial,10.7,90.5,1
tutorial,10.7,90.7,3
tutorial,10.7,90.8,1
tutorial,10.7,91.2,1
tutorial,10.7,91.7,1
tutorial,10.7,91.9,1
tutorial,10.7,92.1,1
tutorial,10.7,92.2,1
tutorial,10.7,92.4,2
tutorial,10.7,92.5,1
tutorial,10.7,92.8,2
tutorial,10.7,92.9,1
tutorial,10.7,93.1,2
tutorial,10.7,93.2,1
tutorial,10.7,93.3,1
tutorial,10.7,93.5,1
tutorial,10.7,93.7,1
tutorial,10.7,93.8,1
tutorial,10.7,93.9,2
tutorial,10.7,94,2
tutorial,10.7,94.1,1
tutorial,10.7,94.2,2
tutorial,10.7,94.7,2
tutorial,10.7,94.8,1
tutorial,10.7,95,3
tutorial,10.7,95.2,2
tutorial,10.7,95.3,1
tutorial,10.7,95.4,1
tutorial,10.7,95.8,1
tutorial,10.7,95.9,2
tutorial,10.7,96.2,2
tutorial,10.7,96.5,2
tutorial,10.7,96.8,1
tutorial,10.7,96.9,2
tutorial,10.7,97,2
tutorial,10.7,97.1,2
tutorial,10.7,97.4,2
tutorial,10.7,97.5,1
tutorial,10.7,98.1,2
tutorial,10.7,98.3,1
tutorial,10.7,98.8,2
tutorial,10.7,98.9,1
tutorial,10.7,99.6,1
tutorial,10.7,99.7,1
tutorial,10.7,99.8,2
tutorial,10.7,100,1
tutorial,17.4,0,1
tutorial,17.4,0.2,2
tutorial,17.4,0.3,1
tutorial,17.4,0.4,2
tutorial,17.4,0.5,1
tutorial,17.4,0.6,2
tutorial,17.4,0.7,2
tutorial,17.4,0.9,3
tutorial,17.4,1,1
tutorial,17.4,1.1,3
tutorial,17.4,1.3,2
tutorial,17.4,1.4,3
tutorial,17.4,1.5,6
tutorial,17.4,1.6,3
tutorial,17.4,1.7,3
tutorial,17.4,1.8,3
tutorial,17.4,1.9,2
tutorial,17.4,2.1,2
tutorial,17.4,2.2,1
tutorial,17.4,2.3,2
tutorial,17.4,2.4,3
tutorial,17.4,2.5,4
tutorial,17.4,2.6,1
tutorial,17.4,2.7,1
tutorial,17.4,2.8,2
tutorial,17.4,3,1
tutorial,17.4,3.1,3
tutorial,17.4,3.2,2
tutorial,17.4,3.3,4
tutorial,17.4,3.4,2
tutorial,17.4,3.5,5
tutorial,17.4,3.6,8
tutorial,17.4,3.7,2
tutorial,17.4,3.8,4
tutorial,17.4,3.9,1
tutorial,17.4,4,3
tutorial,17.4,4.1,1
tutorial,17.4,4.2,4
tutorial,17.4,4.3,2
tutorial,17.4,4.4,3
tutorial,17.4,4.5,2
tutorial,17.4,4.6,3
tutorial,17.4,4.7,2
tutorial,17.4,4.8,1
tutorial,17.4,4.9,1
tutorial,17.4,5,3
tutorial,17.4,5.1,3
tutorial,17.4,5.2,2
tutorial,17.4,5.3,3
tutorial,17.4,5.4,3
tutorial,17.4,5.5,2
tutorial,17.4,5.6,3
tutorial,17.4,5.8,2
tutorial,17.4,5.9,4
tutorial,17.4,6,1
tutorial,17.4,6.1,3
tutorial,17.4,6.2,2
tutorial,17.4,6.3,3
tutorial,17.4,6.4,4
tutorial,17.4,6.6,1
tutorial,17.4,6.7,1
tutorial,17.4,6.8,2
tutorial,17.4,6.9,3
tutorial,17.4,7.1,1
tutorial,17.4,7.2,2
tutorial,17.4,7.3,5
tutorial,17.4,7.4,3
tutorial,17.4,7.5,2
tutorial,17.4,7.6,4
tutorial,17.4,7.7,1
tutorial,17.4,8,1
tutorial,17.4,8.1,5
tutorial,17.4,8.2,3
tutorial,17.4,8.3,2
tutorial,17.4,8.4,2
tutorial,17.4,8.6,1
tutorial,17.4,8.7,1
tutorial,17.4,8.8,2
tutorial,17.4,8.9,2
tutorial,17.4,9,3
tutorial,17.4,9.1,2
tutorial,17.4,9.3,9
tutorial,17.4,9.4,2
tutorial,17.4,9.5,2
tutorial,17.4,9.6,1
tutorial,17.4,9.7,1
tutorial,17.4,9.8,3
tutorial,17.4,9.9,3
tutorial,17.4,10,6
tutorial,17.4,10.1,3
tutorial,17.4,10.2,1
tutorial,17.4,10.3,3
tutorial,17.4,10.4,1
tutorial,17.4,10.5,1
tutorial,17.4,10.6,2
tutorial,17.4,10.7,1
tutorial,17.4,10.8,1
tutorial,17.4,10.9,2
tutorial,17.4,11,4
tutorial,17.4,11.1,4
tutorial,17.4,11.2,3
tutorial,17.4,11.3,1
tutorial,17.4,11.4,4
tutorial,17.4,11.5,5
tutorial,17.4,11.6,4
tutorial,17.4,11.7,5
tutorial,17.4,11.8,3
tutorial,17.4,11.9,3
tutorial,17.4,12,2
tutorial,17.4,12.1,1
tutorial,17.4,12.2,3
tutorial,17.4,12.3,6
tutorial,17.4,12.4,1
tutorial,17.4,12.5,1
tutorial,17.4,12.6,2
tutorial,17.4,12.7,2
tutorial,17.4,12.8,7
tutorial,17.4,12.9,5
tutorial,17.4,13,4
tutorial,17.4,13.1,2
tutorial,17.4,13.2,2
tutorial,17.4,13.3,1
tutorial,17.4,13.4,3
tutorial,17.4,13.5,2
tutorial,17.4,13.6,2
tutorial,17.4,13.7,2
tutorial,17.4,13.8,1
tutorial,17.4,13.9,4
tutorial,17.4,14,2
tutorial,17.4,14.1,2
tutorial,17.4,14.3,1
tutorial,17.4,14.5,4
tutorial,17.4,14.6,3
tutorial,17.4,14.7,5
tutorial,17.4,14.8,1
tutorial,17.4,14.9,4
tutorial,17.4,15,2
tutorial,17.4,15.1,2
tutorial,17.4,15.2,3
tutorial,17.4,15.3,5
tutorial,17.4,15.4,1
tutorial,17.4,15.5,4
tutorial,17.4,15.6,1
tutorial,17.4,15.7,1
tutorial,17.4,15.8,1
tutorial,17.4,15.9,4
tutorial,17.4,16,2
tutorial,17.4,16.1,4
tutorial,17.4,16.2,3
tutorial,17.4,16.4,3
tutorial,17.4,16.5,2
tutorial,17.4,16.7,2
tutorial,17.4,16.8,3
tutorial,17.4,16.9,3
tutorial,17.4,17,3
tutorial,17.4,17.1,3
tutorial,17.4,17.2,5
tutorial,17.4,17.4,1
tutorial,17.4,17.5,3
tutorial,17.4,17.6,3
tutorial,17.4,17.7,3
tutorial,17.4,17.8,2
tutorial,17.4,17.9,2
tutorial,17.4,18,7
tutorial,17.4,18.1,3
tutorial,17.4,18.2,4
tutorial,17.4,18.3,4
tutorial,17.4,18.5,4
tutorial,17.4,18.6,6
tutorial,17.4,18.7,1
tutorial,17.4,18.9,4
tutorial,17.4,19,1
tutorial,17.4,19.1,3
tutorial,17.4,19.2,2
tutorial,17.4,19.3,1
tutorial,17.4,19.4,1
tutorial,17.4,19.5,2
tutorial,17.4,19.6,4
tutorial,17.4,19.7,2
tutorial,17.4,19.9,2
tutorial,17.4,20,1
tutorial,17.4,20.1,1
tutorial,17.4,20.2,3
tutorial,17.4,20.3,3
tutorial,17.4,20.4,1
tutorial,17.4,20.5,4
tutorial,17.4,20.6,5
tutorial,17.4,20.7,2
tutorial,17.4,20.8,1
tutorial,17.4,20.9,5
tutorial,17.4,21,2
tutorial,17.4,21.1,3
tutorial,17.4,21.2,2
tutorial,17.4,21.3,4
tutorial,17.4,21.4,4
tutorial,17.4,21.5,1
tutorial,17.4,21.6,2
tutorial,17.4,21.8,2
tutorial,17.4,22,5
tutorial,17.4,22.1,2
tutorial,17.4,22.2,1
tutorial,17.4,22.3,4
tutorial,17.4,22.4,1
tutorial,17.4,22.5,1
tutorial,17.4,22.6,2
tutorial,17.4,22.7,3
tutorial,17.4,22.9,3
tutorial,17.4,23,2
tutorial,17.4,23.1,2
tutorial,17.4,23.2,3
tutorial,17.4,23.3,2
tutorial,17.4,23.4,4
tutorial,17.4,23.5,2
tutorial,17.4,23.7,3
tutorial,17.4,23.8,5
tutorial,17.4,23.9,2
tutorial,17.4,24,3
tutorial,17.4,24.1,1
tutorial,17.4,24.2,2
tutorial,17.4,24.3,5
tutorial,17.4,24.4,3
tutorial,17.4,24.5,1
tutorial,17.4,24.7,2
tutorial,17.4,24.8,4
tutorial,17.4,24.9,2
tutorial,17.4,25,4
tutorial,17.4,25.1,1
tutorial,17.4,25.2,1
tutorial,17.4,25.3,2
tutorial,17.4,25.4,4
tutorial,17.4,25.5,4
tutorial,17.4,25.6,4
tutorial,17.4,25.7,4
tutorial,17.4,25.8,2
tutorial,17.4,26,2
tutorial,17.4,26.1,1
tutorial,17.4,26.2,1
tutorial,17.4,26.3,2
tutorial,17.4,26.4,1
tutorial,17.4,26.5,1
tutorial,17.4,26.6,2
tutorial,17.4,26.7,1
tutorial,17.4,26.8,5
tutorial,17.4,26.9,5
tutorial,17.4,27,2
tutorial,17.4,27.1,4
tutorial,17.4,27.2,3
tutorial,17.4,27.3,3
tutorial,17.4,27.4,2
tutorial,17.4,27.5,3
tutorial,17.4,27.6,3
tutorial,17.4,27.7,3
tutorial,17.4,27.8,4
tutorial,17.4,27.9,3
tutorial,17.4,28,5
tutorial,17.4,28.1,1
tutorial,17.4,28.2,2
tutorial,17.4,28.3,4
tutorial,17.4,28.4,2
tutorial,17.4,28.5,4
tutorial,17.4,28.6,1
tutorial,17.4,28.7,5
tutorial,17.4,28.8,3
tutorial,17.4,28.9,2
tutorial,17.4,29,3
tutorial,17.4,29.1,4
tutorial,17.4,29.2,1
tutorial,17.4,29.3,2
tutorial,17.4,29.4,6
tutorial,17.4,29.5,1
tutorial,17.4,29.6,5
tutorial,17.4,29.7,2
tutorial,17.4,29.8,1
tutorial,17.4,29.9,4
tutorial,17.4,30,4
tutorial,17.4,30.1,4
tutorial,17.4,30.2,5
tutorial,17.4,30.3,2
tutorial,17.4,30.4,4
tutorial,17.4,30.5,2
tutorial,17.4,30.6,3
tutorial,17.4,30.7,6
tutorial,17.4,30.8,1
tutorial,17.4,30.9,2
tutorial,17.4,31,2
tutorial,17.4,31.1,1
tutorial,17.4,31.3,3
tutorial,17.4,31.4,4
tutorial,17.4,31.5,4
tutorial,17.4,31.7,6
tutorial,17.4,31.9,3
tutorial,17.4,32,3
tutorial,17.4,32.2,1
tutorial,17.4,32.3,3
tutorial,17.4,32.4,2
tutorial,17.4,32.5,2
tutorial,17.4,32.6,3
tutorial,17.4,32.7,4
tutorial,17.4,32.8,3
tutorial,17.4,32.9,4
tutorial,17.4,33,1
tutorial,17.4,33.2,5
tutorial,17.4,33.3,2
tutorial,17.4,33.4,2
tutorial,17.4,33.5,4
tutorial,17.4,33.6,2
tutorial,17.4,33.7,3
tutorial,17.4,33.8,4
tutorial,17.4,33.9,2
tutorial,17.4,34,3
tutorial,17.4,34.1,3
tutorial,17.4,34.2,3
tutorial,17.4,34.3,2
tutorial,17.4,34.4,2
tutorial,17.4,34.5,2
tutorial,17.4,34.6,3
tutorial,17.4,34.7,3
tutorial,17.4,34.8,2
tutorial,17.4,34.9,1
tutorial,17.4,35,2
tutorial,17.4,35.1,3
tutorial,17.4,35.2,1
tutorial,17.4,35.4,2
tutorial,17.4,35.6,2
tutorial,17.4,35.7,1
tutorial,17.4,35.8,4
tutorial,17.4,35.9,1
tutorial,17.4,36,1
tutorial,17.4,36.1,1
tutorial,17.4,36.2,4
tutorial,17.4,36.3,5
tutorial,17.4,36.4,5
tutorial,17.4,36.5,2
tutorial,17.4,36.6,4
tutorial,17.4,36.7,3
tutorial,17.4,36.8,3
tutorial,17.4,36.9,2
tutorial,17.4,37,12
tutorial,17.4,37.1,2
tutorial,17.4,37.2,2
tutorial,17.4,37.3,3
tutorial,17.4,37.4,3
tutorial,17.4,37.5,7
tutorial,17.4,37.6,1
tutorial,17.4,37.7,1
tutorial,17.4,37.8,3
tutorial,17.4,38,3
tutorial,17.4,38.1,1
tutorial,17.4,38.2,3
tutorial,17.4,38.3,3
tutorial,17.4,38.5,4
tutorial,17.4,38.6,1
tutorial,17.4,38.7,5
tutorial,17.4,38.8,2
tutorial,17.4,38.9,1
tutorial,17.4,39,3
tutorial,17.4,39.1,2
tutorial,17.4,39.2,2
tutorial,17.4,39.3,5
tutorial,17.4,39.4,2
tutorial,17.4,39.5,2
tutorial,17.4,39.6,1
tutorial,17.4,39.7,4
tutorial,17.4,39.8,4
tutorial,17.4,39.9,3
tutorial,17.4,40,3
tutorial,17.4,40.1,3
tutorial,17.4,40.2,2
tutorial,17.4,40.3,4
tutorial,17.4,40.4,3
tutorial,17.4,40.5,1
tutorial,17.4,40.6,1
tutorial,17.4,40.9,5
tutorial,17.4,41,3
tutorial,17.4,41.1,4
tutorial,17.4,41.2,2
tutorial,17.4,41.3,3
tutorial,17.4,41.4,3
tutorial,17.4,41.5,1
tutorial,17.4,41.6,3
tutorial,17.4,41.7,3
tutorial,17.4,41.8,1
tutorial,17.4,41.9,2
tutorial,17.4,42,2
tutorial,17.4,42.1,2
tutorial,17.4,42.2,3
tutorial,17.4,42.3,3
tutorial,17.4,42.4,3
tutorial,17.4,42.6,1
tutorial,17.4,42.7,2
tutorial,17.4,42.8,4
tutorial,17.4,42.9,4
tutorial,17.4,43,3
tutorial,17.4,43.1,4
tutorial,17.4,43.2,2
tutorial,17.4,43.3,4
tutorial,17.4,43.4,2
tutorial,17.4,43.5,3
tutorial,17.4,43.6,1
tutorial,17.4,43.7,2
tutorial,17.4,43.8,1
tutorial,17.4,44,2
tutorial,17.4,44.1,3
tutorial,17.4,44.2,3
tutorial,17.4,44.3,2
tutorial,17.4,44.4,1
tutorial,17.4,44.5,4
tutorial,17.4,44.6,1
tutorial,17.4,44.7,4
tutorial,17.4,44.8,3
tutorial,17.4,44.9,3
tutorial,17.4,45,1
tutorial,17.4,45.1,1
tutorial,17.4,45.2,3
tutorial,17.4,45.4,3
tutorial,17.4,45.5,1
tutorial,17.4,45.6,1
tutorial,17.4,45.7,1
tutorial,17.4,45.8,3
tutorial,17.4,45.9,6
tutorial,17.4,46,2
tutorial,17.4,46.1,1
tutorial,17.4,46.2,1
tutorial,17.4,46.3,4
tutorial,17.4,46.4,6
tutorial,17.4,46.5,2
tutorial,17.4,46.6,1
tutorial,17.4,46.7,3
tutorial,17.4,46.9,2
tutorial,17.4,47,3
tutorial,17.4,47.1,1
tutorial,17.4,47.2,5
tutorial,17.4,47.3,4
tutorial,17.4,47.4,1
tutorial,17.4,47.5,1
tutorial,17.4,47.7,2
tutorial,17.4,47.8,3
tutorial,17.4,47.9,3
tutorial,17.4,48,4
tutorial,17.4,48.1,5
tutorial,17.4,48.2,4
tutorial,17.4,48.3,1
tutorial,17.4,48.4,3
tutorial,17.4,48.6,1
tutorial,17.4,48.8,2
tutorial,17.4,48.9,2
tutorial,17.4,49,1
tutorial,17.4,49.1,1
tutorial,17.4,49.2,2
tutorial,17.4,49.3,5
tutorial,17.4,49.4,1
tutorial,17.4,49.5,4
tutorial,17.4,49.6,3
tutorial,17.4,49.7,3
tutorial,17.4,49.8,1
tutorial,17.4,49.9,6
tutorial,17.4,50,1
tutorial,17.4,50.1,3
tutorial,17.4,50.2,3
tutorial,17.4,50.4,1
tutorial,17.4,50.5,3
tutorial,17.4,50.6,4
tutorial,17.4,50.7,2
tutorial,17.4,50.8,1
tutorial,17.4,50.9,3
tutorial,17.4,51,3
tutorial,17.4,51.1,2
tutorial,17.4,51.2,2
tutorial,17.4,51.3,3
tutorial,17.4,51.4,3
tutorial,17.4,51.5,4
tutorial,17.4,51.6,2
tutorial,17.4,51.7,2
tutorial,17.4,51.8,3
tutorial,17.4,51.9,2
tutorial,17.4,52,3
tutorial,17.4,52.1,1
tutorial,17.4,52.2,1
tutorial,17.4,52.3,5
tutorial,17.4,52.4,2
tutorial,17.4,52.5,3
tutorial,17.4,52.6,3
tutorial,17.4,52.7,2
tutorial,17.4,52.8,2
tutorial,17.4,52.9,5
tutorial,17.4,53,2
tutorial,17.4,53.1,1
tutorial,17.4,53.2,2
tutorial,17.4,53.3,2
tutorial,17.4,53.5,2
tutorial,17.4,53.7,2
tutorial,17.4,53.8,1
tutorial,17.4,53.9,3
tutorial,17.4,54,1
tutorial,17.4,54.1,4
tutorial,17.4,54.2,5
tutorial,17.4,54.3,5
tutorial,17.4,54.4,2
tutorial,17.4,54.5,2
tutorial,17.4,54.8,3
tutorial,17.4,55,1
tutorial,17.4,55.1,2
tutorial,17.4,55.2,2
tutorial,17.4,55.3,3
tutorial,17.4,55.4,5
tutorial,17.4,55.5,2
tutorial,17.4,55.6,3
tutorial,17.4,55.7,1
tutorial,17.4,55.8,6
tutorial,17.4,55.9,1
tutorial,17.4,56,2
tutorial,17.4,56.1,1
tutorial,17.4,56.2,2
tutorial,17.4,56.3,4
tutorial,17.4,56.4,1
tutorial,17.4,56.5,1
tutorial,17.4,56.6,2
tutorial,17.4,56.8,4
tutorial,17.4,56.9,1
tutorial,17.4,57,1
tutorial,17.4,57.1,3
tutorial,17.4,57.2,2
tutorial,17.4,57.3,2
tutorial,17.4,57.5,3
tutorial,17.4,57.6,3
tutorial,17.4,57.7,6
tutorial,17.4,57.8,4
tutorial,17.4,57.9,4
tutorial,17.4,58,3
tutorial,17.4,58.1,2
tutorial,17.4,58.2,4
tutorial,17.4,58.3,2
tutorial,17.4,58.4,2
tutorial,17.4,58.5,1
tutorial,17.4,58.6,5
tutorial,17.4,58.7,2
tutorial,17.4,58.8,1
tutorial,17.4,58.9,1
tutorial,17.4,59,1
tutorial,17.4,59.1,2
tutorial,17.4,59.2,2
tutorial,17.4,59.3,1
tutorial,17.4,59.6,3
tutorial,17.4,59.7,1
tutorial,17.4,59.8,3
tutorial,17.4,60,5
tutorial,17.4,60.1,5
tutorial,17.4,60.2,2
tutorial,17.4,60.3,2
tutorial,17.4,60.4,1
tutorial,17.4,60.5,3
tutorial,17.4,60.6,1
tutorial,17.4,60.7,3
tutorial,17.4,60.8,5
tutorial,17.4,60.9,3
tutorial,17.4,61,2
tutorial,17.4,61.1,3
tutorial,17.4,61.2,1
tutorial,17.4,61.4,2
tutorial,17.4,61.5,1
tutorial,17.4,61.6,7
tutorial,17.4,61.7,2
tutorial,17.4,61.8,3
tutorial,17.4,61.9,1
tutorial,17.4,62,2
tutorial,17.4,62.1,6
tutorial,17.4,62.2,2
tutorial,17.4,62.3,4
tutorial,17.4,62.4,2
tutorial,17.4,62.5,2
tutorial,17.4,62.6,4
tutorial,17.4,62.7,4
tutorial,17.4,62.9,1
tutorial,17.4,63,2
tutorial,17.4,63.1,2
tutorial,17.4,63.2,2
tutorial,17.4,63.3,3
tutorial,17.4,63.4,2
tutorial,17.4,63.5,6
tutorial,17.4,63.6,1
tutorial,17.4,63.7,4
tutorial,17.4,63.9,3
tutorial,17.4,64,3
tutorial,17.4,64.1,3
tutorial,17.4,64.2,2
tutorial,17.4,64.3,4
tutorial,17.4,64.4,3
tutorial,17.4,64.5,2
tutorial,17.4,64.6,1
tutorial,17.4,64.7,2
tutorial,17.4,64.8,5
tutorial,17.4,64.9,3
tutorial,17.4,65,5
tutorial,17.4,65.1,2
tutorial,17.4,65.2,3
tutorial,17.4,65.3,5
tutorial,17.4,65.5,2
tutorial,17.4,65.6,3
tutorial,17.4,65.7,1
tutorial,17.4,65.8,2
tutorial,17.4,65.9,4
tutorial,17.4,66,1
tutorial,17.4,66.1,2
tutorial,17.4,66.2,3
tutorial,17.4,66.3,2
tutorial,17.4,66.4,5
tutorial,17.4,66.6,2
tutorial,17.4,66.7,2
tutorial,17.4,66.9,2
tutorial,17.4,67,1
tutorial,17.4,67.1,3
tutorial,17.4,67.2,1
tutorial,17.4,67.3,2
tutorial,17.4,67.4,3
tutorial,17.4,67.5,2
tutorial,17.4,67.6,3
tutorial,17.4,67.7,3
tutorial,17.4,67.8,5
tutorial,17.4,67.9,2
tutorial,17.4,68,2
tutorial,17.4,68.1,4
tutorial,17.4,68.2,2
tutorial,17.4,68.3,3
tutorial,17.4,68.4,3
tutorial,17.4,68.5,3
tutorial,17.4,68.6,3
tutorial,17.4,68.7,3
tutorial,17.4,68.8,3
tutorial,17.4,69,2
tutorial,17.4,69.1,1
tutorial,17.4,69.2,2
tutorial,17.4,69.3,5
tutorial,17.4,69.4,4
tutorial,17.4,69.5,4
tutorial,17.4,69.6,2
tutorial,17.4,69.7,4
tutorial,17.4,69.8,3
tutorial,17.4,69.9,2
tutorial,17.4,70,2
tutorial,17.4,70.2,1
tutorial,17.4,70.4,2
tutorial,17.4,70.5,4
tutorial,17.4,70.6,3
tutorial,17.4,70.7,5
tutorial,17.4,70.8,3
tutorial,17.4,70.9,3
tutorial,17.4,71,4
tutorial,17.4,71.1,2
tutorial,17.4,71.2,3
tutorial,17.4,71.3,1
tutorial,17.4,71.4,6
tutorial,17.4,71.5,2
tutorial,17.4,71.6,2
tutorial,17.4,71.7,3
tutorial,17.4,71.8,5
tutorial,17.4,71.9,4
tutorial,17.4,72,2
tutorial,17.4,72.1,2
tutorial,17.4,72.2,2
tutorial,17.4,72.3,2
tutorial,17.4,72.4,4
tutorial,17.4,72.5,3
tutorial,17.4,72.6,3
tutorial,17.4,72.7,4
tutorial,17.4,72.8,3
tutorial,17.4,72.9,4
tutorial,17.4,73,3
tutorial,17.4,73.2,2
tutorial,17.4,73.3,1
tutorial,17.4,73.4,2
tutorial,17.4,73.5,3
tutorial,17.4,73.6,5
tutorial,17.4,73.7,2
tutorial,17.4,73.8,3
tutorial,17.4,73.9,3
tutorial,17.4,74.1,4
tutorial,17.4,74.2,1
tutorial,17.4,74.3,2
tutorial,17.4,74.4,4
tutorial,17.4,74.5,4
tutorial,17.4,74.6,2
tutorial,17.4,74.7,4
tutorial,17.4,74.8,3
tutorial,17.4,74.9,2
tutorial,17.4,75,5
tutorial,17.4,75.1,4
tutorial,17.4,75.2,3
tutorial,17.4,75.3,2
tutorial,17.4,75.4,1
tutorial,17.4,75.5,1
tutorial,17.4,75.6,3
tutorial,17.4,75.7,2
tutorial,17.4,75.8,2
tutorial,17.4,75.9,3
tutorial,17.4,76,3
tutorial,17.4,76.1,2
tutorial,17.4,76.2,6
tutorial,17.4,76.3,5
tutorial,17.4,76.4,6
tutorial,17.4,76.5,3
tutorial,17.4,76.6,5
tutorial,17.4,76.7,1
tutorial,17.4,76.8,2
tutorial,17.4,76.9,3
tutorial,17.4,77,3
tutorial,17.4,77.1,2
tutorial,17.4,77.2,1
tutorial,17.4,77.3,5
tutorial,17.4,77.4,6
tutorial,17.4,77.6,1
tutorial,17.4,77.7,2
tutorial,17.4,77.8,2
tutorial,17.4,77.9,5
tutorial,17.4,78,3
tutorial,17.4,78.1,3
tutorial,17.4,78.2,7
tutorial,17.4,78.3,5
tutorial,17.4,78.4,3
tutorial,17.4,78.5,2
tutorial,17.4,78.6,3
tutorial,17.4,78.8,2
tutorial,17.4,78.9,2
tutorial,17.4,79,2
tutorial,17.4,79.1,4
tutorial,17.4,79.2,3
tutorial,17.4,79.3,2
tutorial,17.4,79.4,6
tutorial,17.4,79.5,2
tutorial,17.4,79.6,2
tutorial,17.4,79.7,5
tutorial,17.4,79.8,2
tutorial,17.4,79.9,3
tutorial,17.4,80,2
tutorial,17.4,80.1,2
tutorial,17.4,80.3,3
tutorial,17.4,80.4,2
tutorial,17.4,80.5,5
tutorial,17.4,80.6,2
tutorial,17.4,80.7,2
tutorial,17.4,80.8,1
tutorial,17.4,80.9,2
tutorial,17.4,81,3
tutorial,17.4,81.1,4
tutorial,17.4,81.2,3
tutorial,17.4,81.3,4
tutorial,17.4,81.4,5
tutorial,17.4,81.5,4
tutorial,17.4,81.6,5
tutorial,17.4,81.7,2
tutorial,17.4,81.8,2
tutorial,17.4,81.9,5
tutorial,17.4,82,2
tutorial,17.4,82.1,2
tutorial,17.4,82.2,2
tutorial,17.4,82.3,1
tutorial,17.4,82.4,3
tutorial,17.4,82.5,2
tutorial,17.4,82.7,2
tutorial,17.4,82.8,5
tutorial,17.4,82.9,4
tutorial,17.4,83,4
tutorial,17.4,83.1,4
tutorial,17.4,83.2,4
tutorial,17.4,83.3,2
tutorial,17.4,83.4,5
tutorial,17.4,83.5,4
tutorial,17.4,83.6,2
tutorial,17.4,83.7,1
tutorial,17.4,83.8,5
tutorial,17.4,83.9,1
tutorial,17.4,84,2
tutorial,17.4,84.1,1
tutorial,17.4,84.3,1
tutorial,17.4,84.4,2
tutorial,17.4,84.5,5
tutorial,17.4,84.6,2
tutorial,17.4,84.7,3
tutorial,17.4,84.8,3
tutorial,17.4,84.9,4
tutorial,17.4,85,1
tutorial,17.4,85.1,5
tutorial,17.4,85.2,3
tutorial,17.4,85.3,2
tutorial,17.4,85.4,5
tutorial,17.4,85.5,4
tutorial,17.4,85.6,1
tutorial,17.4,85.7,3
tutorial,17.4,85.8,4
tutorial,17.4,85.9,2
tutorial,17.4,86,3
tutorial,17.4,86.1,5
tutorial,17.4,86.2,1
tutorial,17.4,86.3,2
tutorial,17.4,86.4,3
tutorial,17.4,86.5,3
tutorial,17.4,86.6,2
tutorial,17.4,86.7,2
tutorial,17.4,86.8,5
tutorial,17.4,87,3
tutorial,17.4,87.1,4
tutorial,17.4,87.2,2
tutorial,17.4,87.3,2
tutorial,17.4,87.4,3
tutorial,17.4,87.5,3
tutorial,17.4,87.6,1
tutorial,17.4,87.7,3
tutorial,17.4,87.8,3
tutorial,17.4,87.9,3
tutorial,17.4,88,3
tutorial,17.4,88.1,2
tutorial,17.4,88.2,4
tutorial,17.4,88.3,2
tutorial,17.4,88.4,5
tutorial,17.4,88.6,4
tutorial,17.4,88.7,7
tutorial,17.4,88.8,2
tutorial,17.4,88.9,1
tutorial,17.4,89,4
tutorial,17.4,89.1,2
tutorial,17.4,89.2,3
tutorial,17.4,89.3,4
tutorial,17.4,89.4,4
tutorial,17.4,89.5,2
tutorial,17.4,89.6,4
tutorial,17.4,89.7,7
tutorial,17.4,89.8,5
tutorial,17.4,89.9,3
tutorial,17.4,90,5
tutorial,17.4,90.1,5
tutorial,17.4,90.2,3
tutorial,17.4,90.3,3
tutorial,17.4,90.4,1
tutorial,17.4,90.5,1
tutorial,17.4,90.6,5
tutorial,17.4,90.7,1
tutorial,17.4,90.8,4
tutorial,17.4,90.9,7
tutorial,17.4,91,2
tutorial,17.4,91.1,2
tutorial,17.4,91.2,3
tutorial,17.4,91.3,5
tutorial,17.4,91.4,2
tutorial,17.4,91.5,3
tutorial,17.4,91.6,3
tutorial,17.4,91.7,5
tutorial,17.4,91.8,5
tutorial,17.4,91.9,3
tutorial,17.4,92,2
tutorial,17.4,92.1,4
tutorial,17.4,92.2,3
tutorial,17.4,92.3,2
tutorial,17.4,92.4,2
tutorial,17.4,92.5,2
tutorial,17.4,92.6,2
tutorial,17.4,92.7,1
tutorial,17.4,92.8,4
tutorial,17.4,92.9,4
tutorial,17.4,93,2
tutorial,17.4,93.1,4
tutorial,17.4,93.2,1
tutorial,17.4,93.3,8
tutorial,17.4,93.4,4
tutorial,17.4,93.5,5
tutorial,17.4,93.6,4
tutorial,17.4,93.7,1
tutorial,17.4,93.8,1
tutorial,17.4,93.9,4
tutorial,17.4,94,3
tutorial,17.4,94.1,2
tutorial,17.4,94.2,3
tutorial,17.4,94.3,2
tutorial,17.4,94.4,2
tutorial,17.4,94.5,4
tutorial,17.4,94.6,3
tutorial,17.4,94.7,8
tutorial,17.4,94.8,2
tutorial,17.4,94.9,2
tutorial,17.4,95,2
tutorial,17.4,95.1,1
tutorial,17.4,95.2,4
tutorial,17.4,95.3,6
tutorial,17.4,95.4,2
tutorial,17.4,95.5,2
tutorial,17.4,95.6,1
tutorial,17.4,95.7,2
tutorial,17.4,95.8,2
tutorial,17.4,95.9,3
tutorial,17.4,96,3
tutorial,17.4,96.1,5
tutorial,17.4,96.2,3
tutorial,17.4,96.3,5
tutorial,17.4,96.4,5
tutorial,17.4,96.5,4
tutorial,17.4,96.6,8
tutorial,17.4,96.7,3
tutorial,17.4,96.8,6
tutorial,17.4,96.9,2
tutorial,17.4,97,2
tutorial,17.4,97.1,5
tutorial,17.4,97.2,4
tutorial,17.4,97.3,2
tutorial,17.4,97.4,2
tutorial,17.4,97.5,5
tutorial,17.4,97.6,8
tutorial,17.4,97.7,7
tutorial,17.4,97.8,8
tutorial,17.4,97.9,6
tutorial,17.4,98,3
tutorial,17.4,98.1,10
tutorial,17.4,98.2,3
tutorial,17.4,98.3,5
tutorial,17.4,98.4,7
tutorial,17.4,98.5,5
tutorial,17.4,98.6,3
tutorial,17.4,98.7,4
tutorial,17.4,98.8,4
tutorial,17.4,98.9,6
tutorial,17.4,99,3
tutorial,17.4,99.1,2
tutorial,17.4,99.2,4
tutorial,17.4,99.3,3
tutorial,17.4,99.4,1
tutorial,17.4,99.5,2
tutorial,17.4,99.6,4
tutorial,17.4,99.7,5
tutorial,17.4,99.8,1
tutorial,17.4,99.9,1
tutorial,25,0.5,1
tutorial,25,0.9,1
tutorial,25,2.7,2
tutorial,25,3,3
tutorial,25,3.4,1
tutorial,25,3.6,1
tutorial,25,3.7,2
tutorial,25,3.9,2
tutorial,25,4,3
tutorial,25,4.4,1
tutorial,25,4.7,1
tutorial,25,5.4,1
tutorial,25,5.7,1
tutorial,25,6,1
tutorial,25,6.2,1
tutorial,25,6.4,1
tutorial,25,6.5,2
tutorial,25,6.6,1
tutorial,25,6.8,1
tutorial,25,6.9,1
tutorial,25,7.8,1
tutorial,25,7.9,1
tutorial,25,8.2,1
tutorial,25,8.3,1
tutorial,25,8.4,1
tutorial,25,8.9,1
tutorial,25,9.2,2
tutorial,25,9.4,1
tutorial,25,9.5,2
tutorial,25,9.8,1
tutorial,25,10,1
tutorial,25,10.1,1
tutorial,25,10.3,2
tutorial,25,10.5,1
tutorial,25,10.6,1
tutorial,25,10.8,1
tutorial,25,11,2
tutorial,25,11.2,1
tutorial,25,11.3,2
tutorial,25,12,1
tutorial,25,12.1,1
tutorial,25,12.7,1
tutorial,25,12.8,1
tutorial,25,12.9,2
tutorial,25,13.2,1
tutorial,25,13.5,1
tutorial,25,14.1,2
tutorial,25,14.2,2
tutorial,25,15.4,1
tutorial,25,15.5,1
tutorial,25,15.6,3
tutorial,25,16.2,1
tutorial,25,16.3,1
tutorial,25,16.4,2
tutorial,25,16.5,1
tutorial,25,16.7,2
tutorial,25,16.8,1
tutorial,25,17.3,1
tutorial,25,17.4,1
tutorial,25,17.7,2
tutorial,25,17.9,3
tutorial,25,18,1
tutorial,25,18.4,1
tutorial,25,18.6,2
tutorial,25,18.7,1
tutorial,25,18.8,1
tutorial,25,18.9,1
tutorial,25,19,1
tutorial,25,19.1,2
tutorial,25,19.3,1
tutorial,25,19.5,1
tutorial,25,19.6,1
tutorial,25,19.9,1
tutorial,25,20,2
tutorial,25,20.1,1
tutorial,25,20.2,1
tutorial,25,20.3,2
tutorial,25,20.5,2
tutorial,25,20.6,1
tutorial,25,20.8,1
tutorial,25,21.1,2
tutorial,25,21.5,1
tutorial,25,21.8,1
tutorial,25,21.9,1
tutorial,25,22.3,1
tutorial,25,22.4,1
tutorial,25,22.5,1
tutorial,25,22.6,2
tutorial,25,22.9,1
tutorial,25,23,1
tutorial,25,23.1,1
tutorial,25,23.7,1
tutorial,25,23.8,1
tutorial,25,23.9,1
tutorial,25,24,2
tutorial,25,24.2,1
tutorial,25,24.3,1
tutorial,25,24.4,1
tutorial,25,24.6,1
tutorial,25,24.9,2
tutorial,25,25,1
tutorial,25,25.3,2
tutorial,25,25.4,2
tutorial,25,25.7,1
tutorial,25,26,1
tutorial,25,26.1,2
tutorial,25,26.3,1
tutorial,25,26.4,1
tutorial,25,26.5,1
tutorial,25,26.6,2
tutorial,25,26.8,1
tutorial,25,27,3
tutorial,25,27.4,2
tutorial,25,27.5,1
tutorial,25,27.7,1
tutorial,25,28,1
tutorial,25,28.2,1
tutorial,25,28.3,1
tutorial,25,28.7,1
tutorial,25,28.8,1
tutorial,25,28.9,1
tutorial,25,29,1
tutorial,25,29.4,1
tutorial,25,29.7,2
tutorial,25,29.8,1
tutorial,25,30.2,1
tutorial,25,30.3,3
tutorial,25,30.5,2
tutorial,25,30.6,3
tutorial,25,30.8,1
tutorial,25,30.9,1
tutorial,25,31.1,2
tutorial,25,31.6,1
tutorial,25,31.7,1
tutorial,25,31.8,2
tutorial,25,32.2,1
tutorial,25,32.4,4
tutorial,25,32.5,1
tutorial,25,32.6,1
tutorial,25,32.9,3
tutorial,25,33,1
tutorial,25,33.2,1
tutorial,25,33.3,2
tutorial,25,33.4,2
tutorial,25,33.5,2
tutorial,25,33.6,2
tutorial,25,33.7,1
tutorial,25,33.8,1
tutorial,25,33.9,1
tutorial,25,34.2,1
tutorial,25,34.3,1
tutorial,25,34.6,1
tutorial,25,34.8,1
tutorial,25,35.2,1
tutorial,25,35.3,1
tutorial,25,35.4,1
tutorial,25,35.9,1
tutorial,25,36.1,1
tutorial,25,36.2,2
tutorial,25,36.4,1
tutorial,25,36.5,2
tutorial,25,36.7,1
tutorial,25,36.8,1
tutorial,25,36.9,1
tutorial,25,37.2,2
tutorial,25,37.3,2
tutorial,25,37.4,3
tutorial,25,37.6,1
tutorial,25,37.7,1
tutorial,25,38.1,1
tutorial,25,38.3,1
tutorial,25,38.6,2
tutorial,25,38.7,1
tutorial,25,38.8,1
tutorial,25,38.9,1
tutorial,25,39.1,1
tutorial,25,39.6,1
tutorial,25,39.7,1
tutorial,25,39.9,1
tutorial,25,40,1
tutorial,25,40.1,1
tutorial,25,40.2,2
tutorial,25,40.5,1
tutorial,25,40.7,1
tutorial,25,40.8,2
tutorial,25,41,1
tutorial,25,41.1,2
tutorial,25,41.2,2
tutorial,25,41.5,2
tutorial,25,41.6,1
tutorial,25,41.8,1
tutorial,25,42.2,1
tutorial,25,42.4,2
tutorial,25,42.5,1
tutorial,25,42.6,1
tutorial,25,42.7,1
tutorial,25,43,1
tutorial,25,43.2,2
tutorial,25,43.3,2
tutorial,25,43.5,1
tutorial,25,43.8,2
tutorial,25,43.9,2
tutorial,25,44.1,1
tutorial,25,44.3,3
tutorial,25,44.4,2
tutorial,25,44.6,1
tutorial,25,44.7,1
tutorial,25,45.3,1
tutorial,25,45.5,2
tutorial,25,45.6,2
tutorial,25,46.1,1
tutorial,25,46.2,1
tutorial,25,46.4,2
tutorial,25,46.7,1
tutorial,25,46.9,1
tutorial,25,47.1,2
tutorial,25,47.2,1
tutorial,25,47.5,2
tutorial,25,47.6,2
tutorial,25,47.7,2
tutorial,25,48.1,1
tutorial,25,48.3,1
tutorial,25,48.4,1
tutorial,25,48.5,3
tutorial,25,48.6,1
tutorial,25,48.7,1
tutorial,25,48.8,2
tutorial,25,48.9,1
tutorial,25,49.1,1
tutorial,25,49.2,1
tutorial,25,49.3,1
tutorial,25,49.4,3
tutorial,25,49.5,2
tutorial,25,49.7,1
tutorial,25,49.8,1
tutorial,25,49.9,1
tutorial,25,50.1,3
tutorial,25,50.2,1
tutorial,25,50.3,2
tutorial,25,50.8,1
tutorial,25,51,1
tutorial,25,51.1,1
tutorial,25,51.2,1
tutorial,25,51.5,1
tutorial,25,51.6,3
tutorial,25,51.7,1
tutorial,25,51.9,1
tutorial,25,52,1
tutorial,25,52.1,3
tutorial,25,52.4,1
tutorial,25,52.7,1
tutorial,25,52.9,1
tutorial,25,53.1,2
tutorial,25,53.2,1
tutorial,25,53.4,3
tutorial,25,53.5,1
tutorial,25,53.6,1
tutorial,25,54.1,1
tutorial,25,54.3,1
tutorial,25,54.4,1
tutorial,25,54.6,4
tutorial,25,54.8,1
tutorial,25,54.9,2
tutorial,25,55,1
tutorial,25,55.2,1
tutorial,25,55.3,1
tutorial,25,55.4,1
tutorial,25,55.5,3
tutorial,25,55.6,1
tutorial,25,55.8,2
tutorial,25,56,2
tutorial,25,56.5,1
tutorial,25,56.6,2
tutorial,25,56.7,1
tutorial,25,56.9,1
tutorial,25,57,1
tutorial,25,57.1,1
tutorial,25,57.2,1
tutorial,25,57.3,2
tutorial,25,57.4,1
tutorial,25,57.5,1
tutorial,25,58.4,1
tutorial,25,58.7,3
tutorial,25,58.8,1
tutorial,25,58.9,2
tutorial,25,59,1
tutorial,25,59.1,1
tutorial,25,59.2,1
tutorial,25,59.3,1
tutorial,25,59.5,2
tutorial,25,59.9,1
tutorial,25,60,1
tutorial,25,60.2,2
tutorial,25,60.3,1
tutorial,25,60.5,1
tutorial,25,60.6,3
tutorial,25,60.7,1
tutorial,25,60.9,1
tutorial,25,61,2
tutorial,25,61.1,1
tutorial,25,61.5,2
tutorial,25,61.7,1
tutorial,25,62,2
tutorial,25,62.2,1
tutorial,25,62.3,1
tutorial,25,62.6,2
tutorial,25,62.8,1
tutorial,25,63,1
tutorial,25,63.2,1
tutorial,25,63.3,3
tutorial,25,63.4,1
tutorial,25,63.6,1
tutorial,25,63.8,1
tutorial,25,64.2,1
tutorial,25,64.3,1
tutorial,25,64.4,1
tutorial,25,64.5,2
tutorial,25,64.6,2
tutorial,25,64.7,1
tutorial,25,65,1
tutorial,25,65.1,2
tutorial,25,65.3,1
tutorial,25,65.4,2
tutorial,25,65.6,1
tutorial,25,65.9,1
tutorial,25,66.1,1
tutorial,25,66.2,1
tutorial,25,66.4,3
tutorial,25,66.7,1
tutorial,25,66.8,1
tutorial,25,66.9,1
tutorial,25,67,1
tutorial,25,67.1,1
tutorial,25,67.2,2
tutorial,25,67.3,1
tutorial,25,67.4,2
tutorial,25,68,1
tutorial,25,68.2,1
tutorial,25,68.3,1
tutorial,25,68.4,1
tutorial,25,68.6,2
tutorial,25,68.9,1
tutorial,25,69,1
tutorial,25,69.1,1
tutorial,25,69.2,1
tutorial,25,69.5,2
tutorial,25,69.6,2
tutorial,25,69.8,2
tutorial,25,69.9,1
tutorial,25,70,2
tutorial,25,70.1,2
tutorial,25,70.2,1
tutorial,25,70.3,3
tutorial,25,70.5,1
tutorial,25,70.7,2
tutorial,25,71,2
tutorial,25,71.1,2
tutorial,25,71.4,1
tutorial,25,71.5,2
tutorial,25,71.6,1
tutorial,25,71.7,1
tutorial,25,71.8,3
tutorial,25,71.9,2
tutorial,25,72.2,1
tutorial,25,72.3,2
tutorial,25,72.5,2
tutorial,25,72.6,2
tutorial,25,72.7,2
tutorial,25,72.8,1
tutorial,25,73,2
tutorial,25,73.1,3
tutorial,25,73.2,2
tutorial,25,73.3,1
tutorial,25,73.5,2
tutorial,25,73.6,1
tutorial,25,73.7,1
tutorial,25,73.8,2
tutorial,25,73.9,1
tutorial,25,74,2
tutorial,25,74.2,2
tutorial,25,74.3,2
tutorial,25,74.4,1
tutorial,25,74.6,1
tutorial,25,74.8,1
tutorial,25,75.1,2
tutorial,25,75.2,1
tutorial,25,75.3,1
tutorial,25,75.4,1
tutorial,25,75.6,2
tutorial,25,76,3
tutorial,25,76.1,2
tutorial,25,76.3,1
tutorial,25,76.4,1
tutorial,25,76.6,1
tutorial,25,76.7,1
tutorial,25,76.8,1
tutorial,25,77,3
tutorial,25,77.1,1
tutorial,25,77.2,1
tutorial,25,77.3,1
tutorial,25,77.5,3
tutorial,25,77.6,2
tutorial,25,77.7,1
tutorial,25,77.9,1
tutorial,25,78.1,1
tutorial,25,78.4,1
tutorial,25,78.6,2
tutorial,25,78.7,1
tutorial,25,78.8,3
tutorial,25,78.9,1
tutorial,25,79,2
tutorial,25,79.1,2
tutorial,25,79.2,2
tutorial,25,79.3,3
tutorial,25,79.7,1
tutorial,25,79.8,4
tutorial,25,79.9,1
tutorial,25,80.1,2
tutorial,25,80.2,1
tutorial,25,80.3,2
tutorial,25,80.4,1
tutorial,25,80.6,2
tutorial,25,80.7,1
tutorial,25,80.8,3
tutorial,25,80.9,3
tutorial,25,81.1,1
tutorial,25,81.2,2
tutorial,25,81.3,1
tutorial,25,81.4,2
tutorial,25,81.5,3
tutorial,25,81.6,1
tutorial,25,81.7,3
tutorial,25,81.9,3
tutorial,25,82.1,1
tutorial,25,82.2,2
tutorial,25,82.4,1
tutorial,25,82.5,2
tutorial,25,82.6,1
tutorial,25,82.7,1
tutorial,25,82.8,1
tutorial,25,83,1
tutorial,25,83.1,3
tutorial,25,83.2,2
tutorial,25,83.3,1
tutorial,25,83.6,3
tutorial,25,83.7,1
tutorial,25,83.8,3
tutorial,25,84.2,2
tutorial,25,84.4,3
tutorial,25,84.6,2
tutorial,25,84.7,1
tutorial,25,84.8,3
tutorial,25,85,1
tutorial,25,85.1,1
tutorial,25,85.3,2
tutorial,25,85.7,1
tutorial,25,85.9,1
tutorial,25,86.2,2
tutorial,25,86.3,1
tutorial,25,86.4,1
tutorial,25,86.5,1
tutorial,25,86.7,1
tutorial,25,86.9,1
tutorial,25,87.1,1
tutorial,25,87.3,1
tutorial,25,87.6,1
tutorial,25,87.7,1
tutorial,25,87.8,1
tutorial,25,88,1
tutorial,25,88.1,1
tutorial,25,88.2,2
tutorial,25,88.4,2
tutorial,25,88.5,2
tutorial,25,88.8,2
tutorial,25,88.9,1
tutorial,25,89,1
tutorial,25,89.1,4
tutorial,25,89.2,2
tutorial,25,89.4,2
tutorial,25,89.5,3
tutorial,25,89.6,3
tutorial,25,89.7,2
tutorial,25,89.9,2
tutorial,25,90,2
tutorial,25,90.2,1
tutorial,25,90.3,1
tutorial,25,90.6,2
tutorial,25,90.9,1
tutorial,25,91,2
tutorial,25,91.1,1
tutorial,25,91.2,1
tutorial,25,91.3,1
tutorial,25,91.7,1
tutorial,25,91.8,1
tutorial,25,91.9,1
tutorial,25,92.1,2
tutorial,25,92.3,1
tutorial,25,92.4,1
tutorial,25,92.5,1
tutorial,25,92.6,1
tutorial,25,92.7,1
tutorial,25,92.8,2
tutorial,25,93.2,3
tutorial,25,93.3,1
tutorial,25,93.4,2
tutorial,25,93.5,1
tutorial,25,93.6,2
tutorial,25,93.7,5
tutorial,25,93.8,2
tutorial,25,93.9,1
tutorial,25,94,1
tutorial,25,94.1,3
tutorial,25,94.2,1
tutorial,25,94.3,1
tutorial,25,94.4,2
tutorial,25,94.5,2
tutorial,25,94.6,1
tutorial,25,94.7,2
tutorial,25,94.8,3
tutorial,25,95,3
tutorial,25,95.1,2
tutorial,25,95.2,2
tutorial,25,95.3,1
tutorial,25,95.4,2
tutorial,25,95.5,2
tutorial,25,95.6,1
tutorial,25,95.7,2
tutorial,25,95.9,2
tutorial,25,96.2,3
tutorial,25,96.3,1
tutorial,25,96.5,2
tutorial,25,96.7,2
tutorial,25,96.9,1
tutorial,25,97.1,1
tutorial,25,97.2,1
tutorial,25,97.3,1
tutorial,25,97.4,1
tutorial,25,97.5,1
tutorial,25,97.6,2
tutorial,25,97.7,5
tutorial,25,97.9,1
tutorial,25,98.2,2
tutorial,25,98.3,1
tutorial,25,98.4,1
tutorial,25,98.5,3
tutorial,25,98.6,1
tutorial,25,98.7,1
tutorial,25,98.9,2
tutorial,25,99.1,5
tutorial,25,99.3,2
tutorial,25,99.4,2
tutorial,25,99.5,2
tutorial,25,99.6,2
tutorial,25,99.7,3
tutorial,25,99.8,2
tutorial,25,99.9,4
tutorial,63.4,0,11
tutorial,63.4,0.1,23
tutorial,63.4,0.2,21
tutorial,63.4,0.3,21
tutorial,63.4,0.4,21
tutorial,63.4,0.5,20
tutorial,63.4,0.6,21
tutorial,63.4,0.7,21
tutorial,63.4,0.8,21
tutorial,63.4,0.9,18
tutorial,63.4,1,22
tutorial,63.4,1.1,19
tutorial,63.4,1.2,22
tutorial,63.4,1.3,20
tutorial,63.4,1.4,18
tutorial,63.4,1.5,16
tutorial,63.4,1.6,19
tutorial,63.4,1.7,19
tutorial,63.4,1.8,13
tutorial,63.4,1.9,20
tutorial,63.4,2,21
tutorial,63.4,2.1,18
tutorial,63.4,2.2,23
tutorial,63.4,2.3,19
tutorial,63.4,2.4,19
tutorial,63.4,2.5,18
tutorial,63.4,2.6,20
tutorial,63.4,2.7,17
tutorial,63.4,2.8,19
tutorial,63.4,2.9,22
tutorial,63.4,3,17
tutorial,63.4,3.1,17
tutorial,63.4,3.2,21
tutorial,63.4,3.3,18
tutorial,63.4,3.4,20
tutorial,63.4,3.5,15
tutorial,63.4,3.6,14
tutorial,63.4,3.7,19
tutorial,63.4,3.8,19
tutorial,63.4,3.9,16
tutorial,63.4,4,16
tutorial,63.4,4.1,19
tutorial,63.4,4.2,17
tutorial,63.4,4.3,20
tutorial,63.4,4.4,19
tutorial,63.4,4.5,18
tutorial,63.4,4.6,18
tutorial,63.4,4.7,19
tutorial,63.4,4.8,22
tutorial,63.4,4.9,21
tutorial,63.4,5,19
tutorial,63.4,5.1,18
tutorial,63.4,5.2,18
tutorial,63.4,5.3,19
tutorial,63.4,5.4,17
tutorial,63.4,5.5,18
tutorial,63.4,5.6,17
tutorial,63.4,5.7,21
tutorial,63.4,5.8,19
tutorial,63.4,5.9,19
tutorial,63.4,6,19
tutorial,63.4,6.1,19
tutorial,63.4,6.2,16
tutorial,63.4,6.3,18
tutorial,63.4,6.4,17
tutorial,63.4,6.5,19
tutorial,63.4,6.6,20
tutorial,63.4,6.7,21
tutorial,63.4,6.8,19
tutorial,63.4,6.9,16
tutorial,63.4,7,22
tutorial,63.4,7.1,19
tutorial,63.4,7.2,17
tutorial,63.4,7.3,17
tutorial,63.4,7.4,19
tutorial,63.4,7.5,19
tutorial,63.4,7.6,18
tutorial,63.4,7.7,18
tutorial,63.4,7.8,21
tutorial,63.4,7.9,20
tutorial,63.4,8,20
tutorial,63.4,8.1,16
tutorial,63.4,8.2,14
tutorial,63.4,8.3,20
tutorial,63.4,8.4,16
tutorial,63.4,8.5,21
tutorial,63.4,8.6,23
tutorial,63.4,8.7,21
tutorial,63.4,8.8,19
tutorial,63.4,8.9,20
tutorial,63.4,9,20
tutorial,63.4,9.1,20
tutorial,63.4,9.2,18
tutorial,63.4,9.3,11
tutorial,63.4,9.4,20
tutorial,63.4,9.5,19
tutorial,63.4,9.6,20
tutorial,63.4,9.7,21
tutorial,63.4,9.8,18
tutorial,63.4,9.9,19
tutorial,63.4,10,12
tutorial,63.4,10.1,15
tutorial,63.4,10.2,21
tutorial,63.4,10.3,16
tutorial,63.4,10.4,17
tutorial,63.4,10.5,22
tutorial,63.4,10.6,17
tutorial,63.4,10.7,19
tutorial,63.4,10.8,19
tutorial,63.4,10.9,17
tutorial,63.4,11,16
tutorial,63.4,11.1,17
tutorial,63.4,11.2,19
tutorial,63.4,11.3,17
tutorial,63.4,11.4,18
tutorial,63.4,11.5,16
tutorial,63.4,11.6,16
tutorial,63.4,11.7,14
tutorial,63.4,11.8,21
tutorial,63.4,11.9,15
tutorial,63.4,12,17
tutorial,63.4,12.1,20
tutorial,63.4,12.2,19
tutorial,63.4,12.3,17
tutorial,63.4,12.4,21
tutorial,63.4,12.5,21
tutorial,63.4,12.6,21
tutorial,63.4,12.7,17
tutorial,63.4,12.8,16
tutorial,63.4,12.9,15
tutorial,63.4,13,18
tutorial,63.4,13.1,19
tutorial,63.4,13.2,19
tutorial,63.4,13.3,19
tutorial,63.4,13.4,20
tutorial,63.4,13.5,18
tutorial,63.4,13.6,19
tutorial,63.4,13.7,16
tutorial,63.4,13.8,21
tutorial,63.4,13.9,20
tutorial,63.4,14,18
tutorial,63.4,14.1,16
tutorial,63.4,14.2,18
tutorial,63.4,14.3,21
tutorial,63.4,14.4,20
tutorial,63.4,14.5,18
tutorial,63.4,14.6,18
tutorial,63.4,14.7,20
tutorial,63.4,14.8,16
tutorial,63.4,14.9,18
tutorial,63.4,15,18
tutorial,63.4,15.1,20
tutorial,63.4,15.2,18
tutorial,63.4,15.3,17
tutorial,63.4,15.4,20
tutorial,63.4,15.5,18
tutorial,63.4,15.6,16
tutorial,63.4,15.7,21
tutorial,63.4,15.8,20
tutorial,63.4,15.9,16
tutorial,63.4,16,21
tutorial,63.4,16.1,14
tutorial,63.4,16.2,18
tutorial,63.4,16.3,16
tutorial,63.4,16.4,19
tutorial,63.4,16.5,17
tutorial,63.4,16.6,22
tutorial,63.4,16.7,19
tutorial,63.4,16.8,17
tutorial,63.4,16.9,18
tutorial,63.4,17,18
tutorial,63.4,17.1,18
tutorial,63.4,17.2,16
tutorial,63.4,17.3,20
tutorial,63.4,17.4,20
tutorial,63.4,17.5,16
tutorial,63.4,17.6,19
tutorial,63.4,17.7,17
tutorial,63.4,17.8,21
tutorial,63.4,17.9,17
tutorial,63.4,18,13
tutorial,63.4,18.1,17
tutorial,63.4,18.2,18
tutorial,63.4,18.3,18
tutorial,63.4,18.4,19
tutorial,63.4,18.5,19
tutorial,63.4,18.6,15
tutorial,63.4,18.7,18
tutorial,63.4,18.8,23
tutorial,63.4,18.9,11
tutorial,63.4,19,19
tutorial,63.4,19.1,16
tutorial,63.4,19.2,19
tutorial,63.4,19.3,20
tutorial,63.4,19.4,20
tutorial,63.4,19.5,21
tutorial,63.4,19.6,16
tutorial,63.4,19.7,20
tutorial,63.4,19.8,18
tutorial,63.4,19.9,19
tutorial,63.4,20,19
tutorial,63.4,20.1,18
tutorial,63.4,20.2,14
tutorial,63.4,20.3,15
tutorial,63.4,20.4,22
tutorial,63.4,20.5,16
tutorial,63.4,20.6,16
tutorial,63.4,20.7,20
tutorial,63.4,20.8,18
tutorial,63.4,20.9,17
tutorial,63.4,21,20
tutorial,63.4,21.1,15
tutorial,63.4,21.2,17
tutorial,63.4,21.3,15
tutorial,63.4,21.4,18
tutorial,63.4,21.5,19
tutorial,63.4,21.6,19
tutorial,63.4,21.7,23
tutorial,63.4,21.8,19
tutorial,63.4,21.9,18
tutorial,63.4,22,17
tutorial,63.4,22.1,18
tutorial,63.4,22.2,21
tutorial,63.4,22.3,17
tutorial,63.4,22.4,20
tutorial,63.4,22.5,20
tutorial,63.4,22.6,17
tutorial,63.4,22.7,17
tutorial,63.4,22.8,21
tutorial,63.4,22.9,17
tutorial,63.4,23,18
tutorial,63.4,23.1,20
tutorial,63.4,23.2,17
tutorial,63.4,23.3,19
tutorial,63.4,23.4,20
tutorial,63.4,23.5,20
tutorial,63.4,23.6,21
tutorial,63.4,23.7,18
tutorial,63.4,23.8,15
tutorial,63.4,23.9,19
tutorial,63.4,24,16
tutorial,63.4,24.1,20
tutorial,63.4,24.2,21
tutorial,63.4,24.3,14
tutorial,63.4,24.4,18
tutorial,63.4,24.5,21
tutorial,63.4,24.6,20
tutorial,63.4,24.7,14
tutorial,63.4,24.8,16
tutorial,63.4,24.9,16
tutorial,63.4,25,16
tutorial,63.4,25.1,17
tutorial,63.4,25.2,21
tutorial,63.4,25.3,17
tutorial,63.4,25.4,15
tutorial,63.4,25.5,16
tutorial,63.4,25.6,17
tutorial,63.4,25.7,15
tutorial,63.4,25.8,18
tutorial,63.4,25.9,21
tutorial,63.4,26,13
tutorial,63.4,26.1,19
tutorial,63.4,26.2,19
tutorial,63.4,26.3,19
tutorial,63.4,26.4,16
tutorial,63.4,26.5,19
tutorial,63.4,26.6,17
tutorial,63.4,26.7,20
tutorial,63.4,26.8,15
tutorial,63.4,26.9,15
tutorial,63.4,27,16
tutorial,63.4,27.1,18
tutorial,63.4,27.2,14
tutorial,63.4,27.3,18
tutorial,63.4,27.4,19
tutorial,63.4,27.5,17
tutorial,63.4,27.6,13
tutorial,63.4,27.7,18
tutorial,63.4,27.8,18
tutorial,63.4,27.9,19
tutorial,63.4,28,16
tutorial,63.4,28.1,20
tutorial,63.4,28.2,17
tutorial,63.4,28.3,14
tutorial,63.4,28.4,18
tutorial,63.4,28.5,19
tutorial,63.4,28.6,20
tutorial,63.4,28.7,16
tutorial,63.4,28.8,15
tutorial,63.4,28.9,17
tutorial,63.4,29,17
tutorial,63.4,29.1,17
tutorial,63.4,29.2,19
tutorial,63.4,29.3,20
tutorial,63.4,29.4,14
tutorial,63.4,29.5,20
tutorial,63.4,29.6,16
tutorial,63.4,29.7,16
tutorial,63.4,29.8,17
tutorial,63.4,29.9,18
tutorial,63.4,30,19
tutorial,63.4,30.1,15
tutorial,63.4,30.2,15
tutorial,63.4,30.3,17
tutorial,63.4,30.4,16
tutorial,63.4,30.5,16
tutorial,63.4,30.6,17
tutorial,63.4,30.7,14
tutorial,63.4,30.8,16
tutorial,63.4,30.9,18
tutorial,63.4,31,21
tutorial,63.4,31.1,17
tutorial,63.4,31.2,19
tutorial,63.4,31.3,15
tutorial,63.4,31.4,17
tutorial,63.4,31.5,17
tutorial,63.4,31.6,21
tutorial,63.4,31.7,13
tutorial,63.4,31.8,16
tutorial,63.4,31.9,17
tutorial,63.4,32,17
tutorial,63.4,32.1,23
tutorial,63.4,32.2,19
tutorial,63.4,32.3,19
tutorial,63.4,32.4,16
tutorial,63.4,32.5,19
tutorial,63.4,32.6,15
tutorial,63.4,32.7,21
tutorial,63.4,32.8,20
tutorial,63.4,32.9,14
tutorial,63.4,33,19
tutorial,63.4,33.1,21
tutorial,63.4,33.2,15
tutorial,63.4,33.3,13
tutorial,63.4,33.4,19
tutorial,63.4,33.5,16
tutorial,63.4,33.6,14
tutorial,63.4,33.7,15
tutorial,63.4,33.8,17
tutorial,63.4,33.9,16
tutorial,63.4,34,16
tutorial,63.4,34.1,15
tutorial,63.4,34.2,16
tutorial,63.4,34.3,17
tutorial,63.4,34.4,19
tutorial,63.4,34.5,18
tutorial,63.4,34.6,13
tutorial,63.4,34.7,18
tutorial,63.4,34.8,18
tutorial,63.4,34.9,21
tutorial,63.4,35,19
tutorial,63.4,35.1,19
tutorial,63.4,35.2,19
tutorial,63.4,35.3,18
tutorial,63.4,35.4,18
tutorial,63.4,35.5,18
tutorial,63.4,35.6,18
tutorial,63.4,35.7,21
tutorial,63.4,35.8,16
tutorial,63.4,35.9,18
tutorial,63.4,36,16
tutorial,63.4,36.1,20
tutorial,63.4,36.2,16
tutorial,63.4,36.3,14
tutorial,63.4,36.4,13
tutorial,63.4,36.5,19
tutorial,63.4,36.6,17
tutorial,63.4,36.7,16
tutorial,63.4,36.8,18
tutorial,63.4,36.9,16
tutorial,63.4,37,10
tutorial,63.4,37.1,17
tutorial,63.4,37.2,19
tutorial,63.4,37.3,17
tutorial,63.4,37.4,14
tutorial,63.4,37.5,15
tutorial,63.4,37.6,17
tutorial,63.4,37.7,19
tutorial,63.4,37.8,18
tutorial,63.4,37.9,22
tutorial,63.4,38,19
tutorial,63.4,38.1,16
tutorial,63.4,38.2,17
tutorial,63.4,38.3,17
tutorial,63.4,38.4,20
tutorial,63.4,38.5,19
tutorial,63.4,38.6,16
tutorial,63.4,38.7,16
tutorial,63.4,38.8,19
tutorial,63.4,38.9,18
tutorial,63.4,39,19
tutorial,63.4,39.1,17
tutorial,63.4,39.2,19
tutorial,63.4,39.3,16
tutorial,63.4,39.4,15
tutorial,63.4,39.5,20
tutorial,63.4,39.6,20
tutorial,63.4,39.7,14
tutorial,63.4,39.8,16
tutorial,63.4,39.9,15
tutorial,63.4,40,18
tutorial,63.4,40.1,19
tutorial,63.4,40.2,17
tutorial,63.4,40.3,18
tutorial,63.4,40.4,17
tutorial,63.4,40.5,19
tutorial,63.4,40.6,16
tutorial,63.4,40.7,21
tutorial,63.4,40.8,19
tutorial,63.4,40.9,16
tutorial,63.4,41,15
tutorial,63.4,41.1,14
tutorial,63.4,41.2,19
tutorial,63.4,41.3,18
tutorial,63.4,41.4,18
tutorial,63.4,41.5,18
tutorial,63.4,41.6,19
tutorial,63.4,41.7,17
tutorial,63.4,41.8,20
tutorial,63.4,41.9,19
tutorial,63.4,42,17
tutorial,63.4,42.1,20
tutorial,63.4,42.2,18
tutorial,63.4,42.3,15
tutorial,63.4,42.4,19
tutorial,63.4,42.5,19
tutorial,63.4,42.6,14
tutorial,63.4,42.7,12
tutorial,63.4,42.8,17
tutorial,63.4,42.9,18
tutorial,63.4,43,16
tutorial,63.4,43.1,16
tutorial,63.4,43.2,18
tutorial,63.4,43.3,16
tutorial,63.4,43.4,18
tutorial,63.4,43.5,16
tutorial,63.4,43.6,17
tutorial,63.4,43.7,18
tutorial,63.4,43.8,19
tutorial,63.4,43.9,20
tutorial,63.4,44,18
tutorial,63.4,44.1,16
tutorial,63.4,44.2,17
tutorial,63.4,44.3,16
tutorial,63.4,44.4,19
tutorial,63.4,44.5,19
tutorial,63.4,44.6,17
tutorial,63.4,44.7,18
tutorial,63.4,44.8,18
tutorial,63.4,44.9,18
tutorial,63.4,45,21
tutorial,63.4,45.1,19
tutorial,63.4,45.2,15
tutorial,63.4,45.3,20
tutorial,63.4,45.4,18
tutorial,63.4,45.5,16
tutorial,63.4,45.6,20
tutorial,63.4,45.7,17
tutorial,63.4,45.8,19
tutorial,63.4,45.9,15
tutorial,63.4,46,18
tutorial,63.4,46.1,21
tutorial,63.4,46.2,19
tutorial,63.4,46.3,18
tutorial,63.4,46.4,12
tutorial,63.4,46.5,19
tutorial,63.4,46.6,20
tutorial,63.4,46.7,16
tutorial,63.4,46.8,20
tutorial,63.4,46.9,18
tutorial,63.4,47,15
tutorial,63.4,47.1,17
tutorial,63.4,47.2,14
tutorial,63.4,47.3,16
tutorial,63.4,47.4,17
tutorial,63.4,47.5,17
tutorial,63.4,47.6,19
tutorial,63.4,47.7,18
tutorial,63.4,47.8,17
tutorial,63.4,47.9,18
tutorial,63.4,48,15
tutorial,63.4,48.1,14
tutorial,63.4,48.2,16
tutorial,63.4,48.3,19
tutorial,63.4,48.4,15
tutorial,63.4,48.5,18
tutorial,63.4,48.6,18
tutorial,63.4,48.7,19
tutorial,63.4,48.8,16
tutorial,63.4,48.9,16
tutorial,63.4,49,22
tutorial,63.4,49.1,16
tutorial,63.4,49.2,18
tutorial,63.4,49.3,16
tutorial,63.4,49.4,17
tutorial,63.4,49.5,13
tutorial,63.4,49.6,16
tutorial,63.4,49.7,14
tutorial,63.4,49.8,20
tutorial,63.4,49.9,15
tutorial,63.4,50,17
tutorial,63.4,50.1,14
tutorial,63.4,50.2,16
tutorial,63.4,50.3,19
tutorial,63.4,50.4,17
tutorial,63.4,50.5,19
tutorial,63.4,50.6,17
tutorial,63.4,50.7,18
tutorial,63.4,50.8,19
tutorial,63.4,50.9,18
tutorial,63.4,51,15
tutorial,63.4,51.1,18
tutorial,63.4,51.2,19
tutorial,63.4,51.3,17
tutorial,63.4,51.4,14
tutorial,63.4,51.5,14
tutorial,63.4,51.6,16
tutorial,63.4,51.7,18
tutorial,63.4,51.8,16
tutorial,63.4,51.9,18
tutorial,63.4,52,16
tutorial,63.4,52.1,14
tutorial,63.4,52.2,21
tutorial,63.4,52.3,18
tutorial,63.4,52.4,19
tutorial,63.4,52.5,17
tutorial,63.4,52.6,18
tutorial,63.4,52.7,13
tutorial,63.4,52.8,19
tutorial,63.4,52.9,15
tutorial,63.4,53,19
tutorial,63.4,53.1,18
tutorial,63.4,53.2,14
tutorial,63.4,53.3,16
tutorial,63.4,53.4,19
tutorial,63.4,53.5,17
tutorial,63.4,53.6,19
tutorial,63.4,53.7,17
tutorial,63.4,53.8,18
tutorial,63.4,53.9,17
tutorial,63.4,54,21
tutorial,63.4,54.1,14
tutorial,63.4,54.2,16
tutorial,63.4,54.3,17
tutorial,63.4,54.4,19
tutorial,63.4,54.5,15
tutorial,63.4,54.6,19
tutorial,63.4,54.7,20
tutorial,63.4,54.8,19
tutorial,63.4,54.9,18
tutorial,63.4,55,17
tutorial,63.4,55.1,19
tutorial,63.4,55.2,14
tutorial,63.4,55.3,16
tutorial,63.4,55.4,15
tutorial,63.4,55.5,16
tutorial,63.4,55.6,17
tutorial,63.4,55.7,18
tutorial,63.4,55.8,10
tutorial,63.4,55.9,22
tutorial,63.4,56,13
tutorial,63.4,56.1,19
tutorial,63.4,56.2,17
tutorial,63.4,56.3,16
tutorial,63.4,56.4,18
tutorial,63.4,56.5,20
tutorial,63.4,56.6,17
tutorial,63.4,56.7,18
tutorial,63.4,56.8,17
tutorial,63.4,56.9,17
tutorial,63.4,57,18
tutorial,63.4,57.1,18
tutorial,63.4,57.2,18
tutorial,63.4,57.3,15
tutorial,63.4,57.4,20
tutorial,63.4,57.5,18
tutorial,63.4,57.6,18
tutorial,63.4,57.7,16
tutorial,63.4,57.8,17
tutorial,63.4,57.9,15
tutorial,63.4,58,19
tutorial,63.4,58.1,20
tutorial,63.4,58.2,14
tutorial,63.4,58.3,14
tutorial,63.4,58.4,18
tutorial,63.4,58.5,18
tutorial,63.4,58.6,18
tutorial,63.4,58.7,17
tutorial,63.4,58.8,17
tutorial,63.4,58.9,19
tutorial,63.4,59,18
tutorial,63.4,59.1,16
tutorial,63.4,59.2,17
tutorial,63.4,59.3,18
tutorial,63.4,59.4,18
tutorial,63.4,59.5,20
tutorial,63.4,59.6,16
tutorial,63.4,59.7,18
tutorial,63.4,59.8,16
tutorial,63.4,59.9,20
tutorial,63.4,60,14
tutorial,63.4,60.1,18
tutorial,63.4,60.2,15
tutorial,63.4,60.3,15
tutorial,63.4,60.4,18
tutorial,63.4,60.5,19
tutorial,63.4,60.6,17
tutorial,63.4,60.7,17
tutorial,63.4,60.8,16
tutorial,63.4,60.9,15
tutorial,63.4,61,19
tutorial,63.4,61.1,12
tutorial,63.4,61.2,19
tutorial,63.4,61.3,21
tutorial,63.4,61.4,15
tutorial,63.4,61.5,17
tutorial,63.4,61.6,14
tutorial,63.4,61.7,16
tutorial,63.4,61.8,15
tutorial,63.4,61.9,20
tutorial,63.4,62,15
tutorial,63.4,62.1,16
tutorial,63.4,62.2,18
tutorial,63.4,62.3,15
tutorial,63.4,62.4,19
tutorial,63.4,62.5,18
tutorial,63.4,62.6,15
tutorial,63.4,62.7,18
tutorial,63.4,62.8,20
tutorial,63.4,62.9,16
tutorial,63.4,63,18
tutorial,63.4,63.1,20
tutorial,63.4,63.2,19
tutorial,63.4,63.3,16
tutorial,63.4,63.4,18
tutorial,63.4,63.5,14
tutorial,63.4,63.6,19
tutorial,63.4,63.7,20
tutorial,63.4,63.8,17
tutorial,63.4,63.9,17
tutorial,63.4,64,17
tutorial,63.4,64.1,16
tutorial,63.4,64.2,20
tutorial,63.4,64.3,14
tutorial,63.4,64.4,19
tutorial,63.4,64.5,17
tutorial,63.4,64.6,19
tutorial,63.4,64.7,13
tutorial,63.4,64.8,14
tutorial,63.4,64.9,21
tutorial,63.4,65,15
tutorial,63.4,65.1,14
tutorial,63.4,65.2,15
tutorial,63.4,65.3,12
tutorial,63.4,65.4,19
tutorial,63.4,65.5,17
tutorial,63.4,65.6,19
tutorial,63.4,65.7,19
tutorial,63.4,65.8,15
tutorial,63.4,65.9,14
tutorial,63.4,66,18
tutorial,63.4,66.1,17
tutorial,63.4,66.2,18
tutorial,63.4,66.3,18
tutorial,63.4,66.4,15
tutorial,63.4,66.5,19
tutorial,63.4,66.6,15
tutorial,63.4,66.7,19
tutorial,63.4,66.8,19
tutorial,63.4,66.9,16
tutorial,63.4,67,19
tutorial,63.4,67.1,16
tutorial,63.4,67.2,19
tutorial,63.4,67.3,18
tutorial,63.4,67.4,12
tutorial,63.4,67.5,16
tutorial,63.4,67.6,17
tutorial,63.4,67.7,18
tutorial,63.4,67.8,17
tutorial,63.4,67.9,18
tutorial,63.4,68,15
tutorial,63.4,68.1,14
tutorial,63.4,68.2,17
tutorial,63.4,68.3,14
tutorial,63.4,68.4,17
tutorial,63.4,68.5,19
tutorial,63.4,68.6,14
tutorial,63.4,68.7,14
tutorial,63.4,68.8,18
tutorial,63.4,68.9,19
tutorial,63.4,69,14
tutorial,63.4,69.1,17
tutorial,63.4,69.2,18
tutorial,63.4,69.3,15
tutorial,63.4,69.4,16
tutorial,63.4,69.5,17
tutorial,63.4,69.6,17
tutorial,63.4,69.7,13
tutorial,63.4,69.8,13
tutorial,63.4,69.9,16
tutorial,63.4,70,15
tutorial,63.4,70.1,17
tutorial,63.4,70.2,17
tutorial,63.4,70.3,16
tutorial,63.4,70.4,18
tutorial,63.4,70.5,17
tutorial,63.4,70.6,19
tutorial,63.4,70.7,13
tutorial,63.4,70.8,19
tutorial,63.4,70.9,17
tutorial,63.4,71,12
tutorial,63.4,71.1,15
tutorial,63.4,71.2,16
tutorial,63.4,71.3,16
tutorial,63.4,71.4,14
tutorial,63.4,71.5,16
tutorial,63.4,71.6,15
tutorial,63.4,71.7,18
tutorial,63.4,71.8,15
tutorial,63.4,71.9,13
tutorial,63.4,72,18
tutorial,63.4,72.1,17
tutorial,63.4,72.2,14
tutorial,63.4,72.3,18
tutorial,63.4,72.4,14
tutorial,63.4,72.5,13
tutorial,63.4,72.6,14
tutorial,63.4,72.7,14
tutorial,63.4,72.8,14
tutorial,63.4,72.9,16
tutorial,63.4,73,15
tutorial,63.4,73.1,16
tutorial,63.4,73.2,18
tutorial,63.4,73.3,19
tutorial,63.4,73.4,17
tutorial,63.4,73.5,14
tutorial,63.4,73.6,15
tutorial,63.4,73.7,18
tutorial,63.4,73.8,15
tutorial,63.4,73.9,15
tutorial,63.4,74,20
tutorial,63.4,74.1,16
tutorial,63.4,74.2,19
tutorial,63.4,74.3,17
tutorial,63.4,74.4,13
tutorial,63.4,74.5,19
tutorial,63.4,74.6,16
tutorial,63.4,74.7,17
tutorial,63.4,74.8,18
tutorial,63.4,74.9,18
tutorial,63.4,75,17
tutorial,63.4,75.1,16
tutorial,63.4,75.2,17
tutorial,63.4,75.3,18
tutorial,63.4,75.4,17
tutorial,63.4,75.5,20
tutorial,63.4,75.6,14
tutorial,63.4,75.7,17
tutorial,63.4,75.8,18
tutorial,63.4,75.9,17
tutorial,63.4,76,16
tutorial,63.4,76.1,15
tutorial,63.4,76.2,16
tutorial,63.4,76.3,14
tutorial,63.4,76.4,14
tutorial,63.4,76.5,13
tutorial,63.4,76.6,14
tutorial,63.4,76.7,13
tutorial,63.4,76.8,15
tutorial,63.4,76.9,15
tutorial,63.4,77,14
tutorial,63.4,77.1,17
tutorial,63.4,77.2,18
tutorial,63.4,77.3,16
tutorial,63.4,77.4,14
tutorial,63.4,77.5,15
tutorial,63.4,77.6,15
tutorial,63.4,77.7,16
tutorial,63.4,77.8,14
tutorial,63.4,77.9,13
tutorial,63.4,78,15
tutorial,63.4,78.1,17
tutorial,63.4,78.2,13
tutorial,63.4,78.3,10
tutorial,63.4,78.4,13
tutorial,63.4,78.5,18
tutorial,63.4,78.6,17
tutorial,63.4,78.7,15
tutorial,63.4,78.8,17
tutorial,63.4,78.9,19
tutorial,63.4,79,11
tutorial,63.4,79.1,13
tutorial,63.4,79.2,15
tutorial,63.4,79.3,16
tutorial,63.4,79.4,13
tutorial,63.4,79.5,18
tutorial,63.4,79.6,18
tutorial,63.4,79.7,15
tutorial,63.4,79.8,12
tutorial,63.4,79.9,15
tutorial,63.4,80,22
tutorial,63.4,80.1,14
tutorial,63.4,80.2,20
tutorial,63.4,80.3,17
tutorial,63.4,80.4,15
tutorial,63.4,80.5,16
tutorial,63.4,80.6,14
tutorial,63.4,80.7,14
tutorial,63.4,80.8,16
tutorial,63.4,80.9,17
tutorial,63.4,81,17
tutorial,63.4,81.1,15
tutorial,63.4,81.2,13
tutorial,63.4,81.3,12
tutorial,63.4,81.4,12
tutorial,63.4,81.5,14
tutorial,63.4,81.6,14
tutorial,63.4,81.7,17
tutorial,63.4,81.8,16
tutorial,63.4,81.9,13
tutorial,63.4,82,18
tutorial,63.4,82.1,17
tutorial,63.4,82.2,16
tutorial,63.4,82.3,17
tutorial,63.4,82.4,12
tutorial,63.4,82.5,16
tutorial,63.4,82.6,20
tutorial,63.4,82.7,19
tutorial,63.4,82.8,14
tutorial,63.4,82.9,15
tutorial,63.4,83,15
tutorial,63.4,83.1,16
tutorial,63.4,83.2,15
tutorial,63.4,83.3,17
tutorial,63.4,83.4,13
tutorial,63.4,83.5,13
tutorial,63.4,83.6,13
tutorial,63.4,83.7,16
tutorial,63.4,83.8,13
tutorial,63.4,83.9,16
tutorial,63.4,84,18
tutorial,63.4,84.1,18
tutorial,63.4,84.2,19
tutorial,63.4,84.3,18
tutorial,63.4,84.4,17
tutorial,63.4,84.5,11
tutorial,63.4,84.6,16
tutorial,63.4,84.7,13
tutorial,63.4,84.8,12
tutorial,63.4,84.9,16
tutorial,63.4,85,11
tutorial,63.4,85.1,16
tutorial,63.4,85.2,16
tutorial,63.4,85.3,16
tutorial,63.4,85.4,15
tutorial,63.4,85.5,15
tutorial,63.4,85.6,15
tutorial,63.4,85.7,17
tutorial,63.4,85.8,14
tutorial,63.4,85.9,15
tutorial,63.4,86,13
tutorial,63.4,86.1,14
tutorial,63.4,86.2,17
tutorial,63.4,86.3,16
tutorial,63.4,86.4,12
tutorial,63.4,86.5,13
tutorial,63.4,86.6,15
tutorial,63.4,86.7,13
tutorial,63.4,86.8,14
tutorial,63.4,86.9,18
tutorial,63.4,87,15
tutorial,63.4,87.1,13
tutorial,63.4,87.2,15
tutorial,63.4,87.3,15
tutorial,63.4,87.4,18
tutorial,63.4,87.5,13
tutorial,63.4,87.6,15
tutorial,63.4,87.7,16
tutorial,63.4,87.8,17
tutorial,63.4,87.9,16
tutorial,63.4,88,16
tutorial,63.4,88.1,15
tutorial,63.4,88.2,13
tutorial,63.4,88.3,15
tutorial,63.4,88.4,15
tutorial,63.4,88.5,14
tutorial,63.4,88.6,16
tutorial,63.4,88.7,12
tutorial,63.4,88.8,14
tutorial,63.4,88.9,19
tutorial,63.4,89,12
tutorial,63.4,89.1,13
tutorial,63.4,89.2,11
tutorial,63.4,89.3,17
tutorial,63.4,89.4,13
tutorial,63.4,89.5,12
tutorial,63.4,89.6,10
tutorial,63.4,89.7,13
tutorial,63.4,89.8,16
tutorial,63.4,89.9,10
tutorial,63.4,90,15
tutorial,63.4,90.1,13
tutorial,63.4,90.2,15
tutorial,63.4,90.3,15
tutorial,63.4,90.4,15
tutorial,63.4,90.5,15
tutorial,63.4,90.6,12
tutorial,63.4,90.7,17
tutorial,63.4,90.8,11
tutorial,63.4,90.9,12
tutorial,63.4,91,16
tutorial,63.4,91.1,12
tutorial,63.4,91.2,13
tutorial,63.4,91.3,13
tutorial,63.4,91.4,14
tutorial,63.4,91.5,12
tutorial,63.4,91.6,13
tutorial,63.4,91.7,11
tutorial,63.4,91.8,16
tutorial,63.4,91.9,11
tutorial,63.4,92,18
tutorial,63.4,92.1,11
tutorial,63.4,92.2,15
tutorial,63.4,92.3,16
tutorial,63.4,92.4,16
tutorial,63.4,92.5,12
tutorial,63.4,92.6,15
tutorial,63.4,92.7,17
tutorial,63.4,92.8,12
tutorial,63.4,92.9,17
tutorial,63.4,93,19
tutorial,63.4,93.1,15
tutorial,63.4,93.2,13
tutorial,63.4,93.3,12
tutorial,63.4,93.4,14
tutorial,63.4,93.5,14
tutorial,63.4,93.6,13
tutorial,63.4,93.7,12
tutorial,63.4,93.8,13
tutorial,63.4,93.9,12
tutorial,63.4,94,12
tutorial,63.4,94.1,12
tutorial,63.4,94.2,15
tutorial,63.4,94.3,17
tutorial,63.4,94.4,16
tutorial,63.4,94.5,16
tutorial,63.4,94.6,13
tutorial,63.4,94.7,10
tutorial,63.4,94.8,13
tutorial,63.4,94.9,17
tutorial,63.4,95,12
tutorial,63.4,95.1,12
tutorial,63.4,95.2,9
tutorial,63.4,95.3,12
tutorial,63.4,95.4,13
tutorial,63.4,95.5,15
tutorial,63.4,95.6,14
tutorial,63.4,95.7,12
tutorial,63.4,95.8,15
tutorial,63.4,95.9,11
tutorial,63.4,96,17
tutorial,63.4,96.1,11
tutorial,63.4,96.2,10
tutorial,63.4,96.3,14
tutorial,63.4,96.4,14
tutorial,63.4,96.5,12
tutorial,63.4,96.6,11
tutorial,63.4,96.7,13
tutorial,63.4,96.8,12
tutorial,63.4,96.9,14
tutorial,63.4,97,14
tutorial,63.4,97.1,11
tutorial,63.4,97.2,13
tutorial,63.4,97.3,13
tutorial,63.4,97.4,13
tutorial,63.4,97.5,8
tutorial,63.4,97.6,10
tutorial,63.4,97.7,8
tutorial,63.4,97.8,9
tutorial,63.4,97.9,8
tutorial,63.4,98,15
tutorial,63.4,98.1,8
tutorial,63.4,98.2,11
tutorial,63.4,98.3,14
tutorial,63.4,98.4,11
tutorial,63.4,98.5,12
tutorial,63.4,98.6,15
tutorial,63.4,98.7,12
tutorial,63.4,98.8,12
tutorial,63.4,98.9,6
tutorial,63.4,99,11
tutorial,63.4,99.1,13
tutorial,63.4,99.2,11
tutorial,63.4,99.3,13
tutorial,63.4,99.4,12
tutorial,63.4,99.5,12
tutorial,63.4,99.6,13
tutorial,63.4,99.7,11
tutorial,63.4,99.8,9
tutorial,63.4,99.9,15
tutorial,63.4,100,9
round1,0,4,1
round1,0,20.5,1
round1,0,24.1,1
round1,0,35.3,1
round1,0,44.6,1
round1,0,71.5,1
round1,0,73.3,1
round1,0,81,1
round1,0,89,1
round1,0,91.4,1
round1,0,95.9,1
round1,0.1,36.4,1
round1,0.1,36.8,1
round1,0.1,38.3,1
round1,0.1,52.8,1
round1,0.1,56.8,1
round1,0.1,58.7,1
round1,0.1,60.3,2
round1,0.1,61.1,1
round1,0.1,66.9,1
round1,0.1,74.7,1
round1,0.1,75.6,1
round1,0.1,76.3,1
round1,0.1,77,1
round1,0.1,78.2,1
round1,0.1,87.6,1
round1,0.1,88,1
round1,0.1,88.3,1
round1,0.1,88.6,1
round1,0.1,92.7,1
round1,0.1,95.2,1
round1,0.1,98.4,1
round1,0.2,0.3,1
round1,0.2,7.8,1
round1,0.2,8.4,1
round1,0.2,8.5,1
round1,0.2,14.7,1
round1,0.2,25.7,1
round1,0.2,28.1,1
round1,0.2,32.2,1
round1,0.2,39.6,1
round1,0.2,46.1,1
round1,0.2,47.6,1
round1,0.2,50.2,1
round1,0.2,52.9,1
round1,0.2,54.4,1
round1,0.2,56.6,1
round1,0.2,61.2,1
round1,0.2,67.8,1
round1,0.2,72,1
round1,0.2,80.3,1
round1,0.2,84.7,1
round1,0.2,93.1,1
round1,0.3,4.5,1
round1,0.3,10.5,1
round1,0.3,13.9,1
round1,0.3,20.3,1
round1,0.3,26.5,1
round1,0.3,31.7,1
round1,0.3,38.5,1
round1,0.3,51.2,1
round1,0.3,55.2,1
round1,0.3,58.5,1
round1,0.3,65.1,1
round1,0.3,71.8,1
round1,0.3,77.4,1
round1,0.3,85.3,1
round1,0.3,88.4,1
round1,0.4,3.9,1
round1,0.4,7.4,1
round1,0.4,10.9,1
round1,0.4,19.8,1
round1,0.4,28.7,1
round1,0.4,33.5,1
round1,0.4,33.6,1
round1,0.4,39.6,1
round1,0.4,43.1,1
round1,0.4,43.5,1
round1,0.4,48.3,1
round1,0.4,50.2,1
round1,0.4,53.5,1
round1,0.4,63.6,1
round1,0.4,63.7,1
round1,0.4,64.5,1
round1,0.4,65.2,1
round1,0.4,65.5,1
round1,0.4,66.4,1
round1,0.4,70.3,1
round1,0.4,70.9,1
round1,0.4,79.7,1
round1,0.4,80.1,1
round1,0.4,84.2,1
round1,0.4,84.8,1
round1,0.4,85.7,1
round1,0.4,87.5,2
round1,0.4,90.3,1
round1,0.4,91.8,1
round1,0.5,3.4,1
round1,0.5,6.5,1
round1,0.5,7.1,1
round1,0.5,7.3,1
round1,0.5,8.2,1
round1,0.5,13.8,1
round1,0.5,15.8,1
round1,0.5,16.2,1
round1,0.5,19,1
round1,0.5,20.8,1
round1,0.5,21.3,1
round1,0.5,24.4,1
round1,0.5,24.9,1
round1,0.5,25.2,1
round1,0.5,27.4,1
round1,0.5,28.2,1
round1,0.5,30.2,1
round1,0.5,34.9,1
round1,0.5,36.3,1
round1,0.5,37.2,1
round1,0.5,39.1,1
round1,0.5,40.3,1
round1,0.5,40.9,1
round1,0.5,49.8,1
round1,0.5,52.1,1
round1,0.5,53.7,1
round1,0.5,54.3,1
round1,0.5,57.6,1
round1,0.5,67.6,1
round1,0.5,67.9,1
round1,0.5,69,1
round1,0.5,69.3,1
round1,0.5,69.5,1
round1,0.5,70.9,1
round1,0.5,72,1
round1,0.5,78,1
round1,0.5,78.7,1
round1,0.5,78.9,1
round1,0.5,81,1
round1,0.5,81.7,1
round1,0.5,81.9,1
round1,0.5,84.2,1
round1,0.5,84.7,1
round1,0.5,86.3,1
round1,0.5,86.4,1
round1,0.5,88.6,1
round1,0.5,88.9,1
round1,0.5,94.3,1
round1,0.5,95.3,1
round1,0.5,98,1
round1,0.9,1.9,1
round1,0.9,3.3,1
round1,0.9,3.5,1
round1,0.9,5,2
round1,0.9,7.2,1
round1,0.9,8.2,1
round1,0.9,8.6,1
round1,0.9,10.3,1
round1,0.9,10.9,1
round1,0.9,11.3,1
round1,0.9,12.9,1
round1,0.9,14.7,1
round1,0.9,15,1
round1,0.9,15.1,1
round1,0.9,16.1,1
round1,0.9,17,1
round1,0.9,17.8,1
round1,0.9,18.4,1
round1,0.9,18.6,2
round1,0.9,18.8,1
round1,0.9,21,1
round1,0.9,22.1,1
round1,0.9,23,1
round1,0.9,23.5,1
round1,0.9,24.9,1
round1,0.9,26,1
round1,0.9,27.3,1
round1,0.9,28.9,1
round1,0.9,32.6,1
round1,0.9,33.7,1
round1,0.9,34.7,1
round1,0.9,35.5,1
round1,0.9,35.8,1
round1,0.9,37.2,2
round1,0.9,37.5,1
round1,0.9,38.6,1
round1,0.9,38.8,2
round1,0.9,39.9,1
round1,0.9,40.7,1
round1,0.9,41.6,1
round1,0.9,41.9,1
round1,0.9,45.5,1
round1,0.9,46.3,1
round1,0.9,46.6,1
round1,0.9,47.2,1
round1,0.9,48.6,1
round1,0.9,49.2,1
round1,0.9,50.4,1
round1,0.9,51.9,1
round1,0.9,54.8,1
round1,0.9,55.3,1
round1,0.9,55.7,1
round1,0.9,57.7,1
round1,0.9,58.4,1
round1,0.9,58.5,1
round1,0.9,61.2,1
round1,0.9,61.7,1
round1,0.9,62,1
round1,0.9,62.2,1
round1,0.9,62.6,1
round1,0.9,63.7,1
round1,0.9,64.1,1
round1,0.9,64.8,1
round1,0.9,65.2,1
round1,0.9,67,1
round1,0.9,67.2,1
round1,0.9,67.9,1
round1,0.9,68.7,1
round1,0.9,68.8,1
round1,0.9,69.5,1
round1,0.9,69.9,1
round1,0.9,71.3,1
round1,0.9,72.3,1
round1,0.9,73.4,1
round1,0.9,74.4,1
round1,0.9,76.2,1
round1,0.9,76.5,2
round1,0.9,77.9,1
round1,0.9,78.3,1
round1,0.9,79.1,1
round1,0.9,79.2,1
round1,0.9,80.8,1
round1,0.9,81.5,1
round1,0.9,83,1
round1,0.9,83.5,1
round1,0.9,84.5,1
round1,0.9,85.4,1
round1,0.9,86.1,1
round1,0.9,88,1
round1,0.9,88.6,1
round1,0.9,89.9,1
round1,0.9,90.3,1
round1,0.9,90.6,1
round1,0.9,91.2,1
round1,0.9,94.1,1
round1,0.9,96.2,1
round1,0.9,96.4,1
round1,1.4,0.7,1
round1,1.4,0.8,1
round1,1.4,1.3,1
round1,1.4,2.1,1
round1,1.4,4.2,1
round1,1.4,5.5,1
round1,1.4,5.6,1
round1,1.4,7.2,1
round1,1.4,7.4,2
round1,1.4,7.5,1
round1,1.4,7.7,1
round1,1.4,7.9,1
round1,1.4,9,1
round1,1.4,10,1
round1,1.4,10.2,1
round1,1.4,10.5,1
round1,1.4,10.9,2
round1,1.4,12,1
round1,1.4,12.3,2
round1,1.4,12.5,1
round1,1.4,12.9,1
round1,1.4,13.2,1
round1,1.4,13.3,1
round1,1.4,14.3,1
round1,1.4,15.1,1
round1,1.4,16.3,1
round1,1.4,16.7,1
round1,1.4,17.2,1
round1,1.4,17.5,1
round1,1.4,18.2,1
round1,1.4,19.7,2
round1,1.4,19.9,1
round1,1.4,20.3,1
round1,1.4,20.7,1
round1,1.4,21.6,1
round1,1.4,22.5,1
round1,1.4,24.9,1
round1,1.4,26.4,1
round1,1.4,26.6,2
round1,1.4,28,1
round1,1.4,28.8,1
round1,1.4,30.5,1
round1,1.4,32.2,1
round1,1.4,32.3,1
round1,1.4,36,1
round1,1.4,37.4,1
round1,1.4,37.5,1
round1,1.4,38.3,1
round1,1.4,38.7,1
round1,1.4,38.8,1
round1,1.4,39.2,1
round1,1.4,39.4,1
round1,1.4,40.1,1
round1,1.4,41.2,1
round1,1.4,41.5,1
round1,1.4,42.3,1
round1,1.4,42.9,1
round1,1.4,44,1
round1,1.4,45.6,1
round1,1.4,46.1,1
round1,1.4,47.8,1
round1,1.4,48,1
round1,1.4,48.1,2
round1,1.4,48.4,1
round1,1.4,48.8,1
round1,1.4,49.3,1
round1,1.4,50.5,1
round1,1.4,50.7,1
round1,1.4,51.4,1
round1,1.4,52.6,1
round1,1.4,53.1,1
round1,1.4,53.6,2
round1,1.4,54.7,1
round1,1.4,56.9,1
round1,1.4,57.2,1
round1,1.4,57.4,1
round1,1.4,58,1
round1,1.4,59.4,1
round1,1.4,59.5,1
round1,1.4,60,1
round1,1.4,60.9,1
round1,1.4,61.2,1
round1,1.4,62.6,1
round1,1.4,62.9,1
round1,1.4,64.3,1
round1,1.4,65.6,1
round1,1.4,67.6,1
round1,1.4,67.8,1
round1,1.4,68.9,1
round1,1.4,69.5,1
round1,1.4,70.5,1
round1,1.4,70.8,2
round1,1.4,71.1,1
round1,1.4,72.6,1
round1,1.4,72.7,1
round1,1.4,73.1,1
round1,1.4,74.3,1
round1,1.4,75.6,1
round1,1.4,76.6,1
round1,1.4,77.7,1
round1,1.4,78.5,1
round1,1.4,80.5,1
round1,1.4,80.9,1
round1,1.4,84.4,1
round1,1.4,84.7,1
round1,1.4,85.4,1
round1,1.4,85.8,1
round1,1.4,86.6,1
round1,1.4,86.9,1
round1,1.4,87,1
round1,1.4,87.5,1
round1,1.4,87.6,1
round1,1.4,87.7,1
round1,1.4,89.4,1
round1,1.4,89.6,1
round1,1.4,91.4,1
round1,1.4,92.5,1
round1,1.4,93.2,1
round1,1.4,93.3,1
round1,1.4,94.5,1
round1,2.3,0.8,1
round1,2.3,1,1
round1,2.3,1.1,1
round1,2.3,1.9,1
round1,2.3,2,1
round1,2.3,2.6,1
round1,2.3,2.8,1
round1,2.3,4,3
round1,2.3,4.5,1
round1,2.3,4.7,1
round1,2.3,4.9,1
round1,2.3,5,1
round1,2.3,5.1,1
round1,2.3,5.3,1
round1,2.3,5.5,1
round1,2.3,6,1
round1,2.3,6.4,1
round1,2.3,6.7,1
round1,2.3,7.1,1
round1,2.3,7.2,1
round1,2.3,7.4,1
round1,2.3,7.7,1
round1,2.3,7.9,1
round1,2.3,8.2,1
round1,2.3,8.8,1
round1,2.3,8.9,2
round1,2.3,10.4,1
round1,2.3,11.8,1
round1,2.3,12,1
round1,2.3,12.3,1
round1,2.3,12.7,1
round1,2.3,12.8,1
round1,2.3,13,1
round1,2.3,13.2,2
round1,2.3,14.4,2
round1,2.3,14.5,1
round1,2.3,15.5,1
round1,2.3,16.2,2
round1,2.3,17.1,1
round1,2.3,17.3,1
round1,2.3,17.8,1
round1,2.3,17.9,1
round1,2.3,18.2,1
round1,2.3,21,1
round1,2.3,21.1,1
round1,2.3,21.2,1
round1,2.3,21.3,1
round1,2.3,21.4,1
round1,2.3,22,1
round1,2.3,22.6,1
round1,2.3,22.7,1
round1,2.3,22.8,1
round1,2.3,22.9,1
round1,2.3,23,1
round1,2.3,23.2,1
round1,2.3,24.5,1
round1,2.3,24.6,1
round1,2.3,24.7,1
round1,2.3,24.9,1
round1,2.3,25.3,2
round1,2.3,25.5,1
round1,2.3,25.6,1
round1,2.3,25.7,1
round1,2.3,26,1
round1,2.3,26.1,1
round1,2.3,26.6,1
round1,2.3,27,2
round1,2.3,27.4,1
round1,2.3,28.2,2
round1,2.3,28.7,1
round1,2.3,28.9,1
round1,2.3,29.4,1
round1,2.3,29.5,1
round1,2.3,29.7,1
round1,2.3,29.9,1
round1,2.3,30,2
round1,2.3,30.2,2
round1,2.3,30.5,1
round1,2.3,31.8,1
round1,2.3,32.2,2
round1,2.3,32.3,1
round1,2.3,32.5,1
round1,2.3,32.8,1
round1,2.3,32.9,2
round1,2.3,33.1,1
round1,2.3,33.2,1
round1,2.3,33.4,1
round1,2.3,33.6,1
round1,2.3,33.7,1
round1,2.3,33.9,1
round1,2.3,34,1
round1,2.3,34.9,2
round1,2.3,35.7,1
round1,2.3,35.9,1
round1,2.3,36.1,1
round1,2.3,36.3,1
round1,2.3,36.9,1
round1,2.3,37.3,1
round1,2.3,37.5,1
round1,2.3,37.7,1
round1,2.3,37.8,1
round1,2.3,37.9,1
round1,2.3,38,2
round1,2.3,38.3,1
round1,2.3,38.4,1
round1,2.3,39.5,2
round1,2.3,39.6,1
round1,2.3,39.9,1
round1,2.3,40,1
round1,2.3,40.1,1
round1,2.3,40.5,1
round1,2.3,40.8,1
round1,2.3,41.1,1
round1,2.3,41.4,1
round1,2.3,41.5,1
round1,2.3,42.4,3
round1,2.3,42.5,1
round1,2.3,42.6,1
round1,2.3,43.8,1
round1,2.3,44.6,1
round1,2.3,45,1
round1,2.3,45.5,1
round1,2.3,45.7,1
round1,2.3,46,2
round1,2.3,46.7,1
round1,2.3,46.8,1
round1,2.3,47.3,1
round1,2.3,47.5,1
round1,2.3,47.7,1
round1,2.3,48.1,1
round1,2.3,48.5,2
round1,2.3,49.1,2
round1,2.3,49.4,1
round1,2.3,49.6,1
round1,2.3,49.9,1
round1,2.3,50.5,1
round1,2.3,50.6,1
round1,2.3,50.7,1
round1,2.3,50.9,1
round1,2.3,51.2,1
round1,2.3,51.4,1
round1,2.3,51.8,1
round1,2.3,51.9,1
round1,2.3,52.4,1
round1,2.3,52.7,1
round1,2.3,53,1
round1,2.3,53.9,1
round1,2.3,54.2,1
round1,2.3,54.3,1
round1,2.3,54.6,1
round1,2.3,54.7,1
round1,2.3,54.9,1
round1,2.3,56.1,1
round1,2.3,56.6,1
round1,2.3,56.8,1
round1,2.3,57,2
round1,2.3,57.4,1
round1,2.3,57.7,1
round1,2.3,57.8,1
round1,2.3,57.9,1
round1,2.3,58,1
round1,2.3,58.1,1
round1,2.3,58.6,1
round1,2.3,58.8,1
round1,2.3,60.4,1
round1,2.3,60.7,2
round1,2.3,60.8,1
round1,2.3,60.9,1
round1,2.3,61,1
round1,2.3,61.2,1
round1,2.3,61.3,1
round1,2.3,61.5,1
round1,2.3,61.7,1
round1,2.3,62.4,1
round1,2.3,62.8,1
round1,2.3,63,1
round1,2.3,63.4,1
round1,2.3,64,1
round1,2.3,64.1,1
round1,2.3,64.6,1
round1,2.3,64.7,1
round1,2.3,65,1
round1,2.3,65.8,2
round1,2.3,66.2,1
round1,2.3,66.6,1
round1,2.3,66.8,2
round1,2.3,67,1
round1,2.3,67.1,1
round1,2.3,67.3,1
round1,2.3,67.8,1
round1,2.3,67.9,1
round1,2.3,68.4,1
round1,2.3,68.5,2
round1,2.3,68.6,1
round1,2.3,69,1
round1,2.3,69.4,1
round1,2.3,69.7,1
round1,2.3,70.5,1
round1,2.3,70.9,2
round1,2.3,71.2,2
round1,2.3,71.3,1
round1,2.3,71.4,1
round1,2.3,71.6,1
round1,2.3,71.7,1
round1,2.3,71.8,1
round1,2.3,72.1,1
round1,2.3,72.3,1
round1,2.3,72.5,1
round1,2.3,72.9,1
round1,2.3,73,1
round1,2.3,73.1,1
round1,2.3,73.3,1
round1,2.3,74.5,1
round1,2.3,75.6,1
round1,2.3,76.2,1
round1,2.3,76.4,1
round1,2.3,77.4,1
round1,2.3,77.7,1
round1,2.3,78,1
round1,2.3,78.2,1
round1,2.3,78.3,1
round1,2.3,78.7,1
round1,2.3,78.8,2
round1,2.3,79,1
round1,2.3,79.2,1
round1,2.3,79.4,2
round1,2.3,80.2,1
round1,2.3,80.3,2
round1,2.3,80.8,1
round1,2.3,81.3,1
round1,2.3,81.5,1
round1,2.3,81.6,1
round1,2.3,82,1
round1,2.3,82.4,1
round1,2.3,82.5,3
round1,2.3,83.1,1
round1,2.3,83.3,1
round1,2.3,83.9,1
round1,2.3,84,1
round1,2.3,84.1,2
round1,2.3,84.3,1
round1,2.3,85.3,2
round1,2.3,86,1
round1,2.3,86.3,1
round1,2.3,86.9,1
round1,2.3,87.2,1
round1,2.3,87.5,1
round1,2.3,88.3,1
round1,2.3,88.9,1
round1,2.3,89,1
round1,2.3,89.6,1
round1,2.3,90.1,1
round1,2.3,90.6,1
round1,2.3,91.7,1
round1,2.3,92.9,1
round1,2.3,93.6,1
round1,2.3,94,2
round1,2.3,94.3,1
round1,2.3,94.8,1
round1,2.3,95.5,1
round1,2.3,95.9,1
round1,2.3,97.4,1
round1,2.3,97.8,1
round1,2.3,98.1,1
round1,2.3,100,1
round1,3.7,0.1,1
round1,3.7,0.4,1
round1,3.7,1,1
round1,3.7,1.2,1
round1,3.7,1.6,1
round1,3.7,1.7,1
round1,3.7,1.9,2
round1,3.7,2.2,1
round1,3.7,2.3,1
round1,3.7,2.5,1
round1,3.7,2.7,1
round1,3.7,3,1
round1,3.7,3.2,2
round1,3.7,3.5,1
round1,3.7,5,1
round1,3.7,5.8,1
round1,3.7,5.9,1
round1,3.7,6.2,1
round1,3.7,6.3,2
round1,3.7,7,1
round1,3.7,7.5,1
round1,3.7,7.6,1
round1,3.7,7.9,1
round1,3.7,8.1,1
round1,3.7,8.3,2
round1,3.7,8.7,2
round1,3.7,9.1,1
round1,3.7,9.4,1
round1,3.7,9.6,2
round1,3.7,10.2,1
round1,3.7,10.3,1
round1,3.7,11.1,1
round1,3.7,11.6,1
round1,3.7,11.8,1
round1,3.7,12.4,1
round1,3.7,13.7,1
round1,3.7,14.2,1
round1,3.7,14.3,1
round1,3.7,14.7,1
round1,3.7,14.8,1
round1,3.7,15,1
round1,3.7,15.3,1
round1,3.7,15.7,1
round1,3.7,15.9,2
round1,3.7,16.1,1
round1,3.7,17.4,1
round1,3.7,18.4,2
round1,3.7,18.7,2
round1,3.7,18.8,3
round1,3.7,19.2,1
round1,3.7,19.7,1
round1,3.7,19.9,2
round1,3.7,20.2,1
round1,3.7,20.9,2
round1,3.7,21,1
round1,3.7,21.1,1
round1,3.7,21.2,2
round1,3.7,21.5,1
round1,3.7,22,1
round1,3.7,22.4,1
round1,3.7,22.5,2
round1,3.7,22.7,1
round1,3.7,22.8,2
round1,3.7,23,1
round1,3.7,23.4,1
round1,3.7,23.7,3
round1,3.7,24,1
round1,3.7,24.1,1
round1,3.7,24.5,1
round1,3.7,24.6,1
round1,3.7,24.8,1
round1,3.7,25,1
round1,3.7,25.8,1
round1,3.7,25.9,1
round1,3.7,26.4,1
round1,3.7,26.7,1
round1,3.7,26.9,1
round1,3.7,27.7,1
round1,3.7,28.1,1
round1,3.7,29.2,1
round1,3.7,29.4,1
round1,3.7,29.5,1
round1,3.7,29.7,1
round1,3.7,29.8,1
round1,3.7,30.1,2
round1,3.7,30.6,1
round1,3.7,30.9,1
round1,3.7,31,1
round1,3.7,31.3,1
round1,3.7,31.4,1
round1,3.7,31.5,1
round1,3.7,31.6,1
round1,3.7,32.4,1
round1,3.7,32.5,2
round1,3.7,32.8,1
round1,3.7,32.9,2
round1,3.7,33,1
round1,3.7,33.1,1
round1,3.7,33.4,1
round1,3.7,33.6,1
round1,3.7,34.4,1
round1,3.7,34.7,1
round1,3.7,35,1
round1,3.7,35.5,1
round1,3.7,35.6,1
round1,3.7,35.7,1
round1,3.7,35.9,2
round1,3.7,36,1
round1,3.7,36.3,1
round1,3.7,36.4,1
round1,3.7,36.6,1
round1,3.7,36.8,1
round1,3.7,36.9,1
round1,3.7,37.8,1
round1,3.7,38,1
round1,3.7,38.3,1
round1,3.7,38.6,1
round1,3.7,39.3,1
round1,3.7,39.7,1
round1,3.7,40.2,2
round1,3.7,40.3,1
round1,3.7,40.8,1
round1,3.7,41.1,2
round1,3.7,41.6,3
round1,3.7,41.7,1
round1,3.7,41.9,1
round1,3.7,42.3,1
round1,3.7,42.6,1
round1,3.7,42.8,3
round1,3.7,43.1,2
round1,3.7,43.6,1
round1,3.7,43.7,1
round1,3.7,44,1
round1,3.7,44.2,1
round1,3.7,44.3,1
round1,3.7,44.5,1
round1,3.7,44.7,1
round1,3.7,44.8,1
round1,3.7,44.9,1
round1,3.7,45.4,1
round1,3.7,45.8,1
round1,3.7,46,2
round1,3.7,46.1,1
round1,3.7,46.5,1
round1,3.7,46.7,1
round1,3.7,47,1
round1,3.7,47.1,1
round1,3.7,47.3,1
round1,3.7,47.5,2
round1,3.7,47.6,1
round1,3.7,48.8,1
round1,3.7,48.9,1
round1,3.7,49.1,1
round1,3.7,49.4,2
round1,3.7,49.6,1
round1,3.7,49.7,1
round1,3.7,50.4,1
round1,3.7,50.8,1
round1,3.7,51,1
round1,3.7,51.1,1
round1,3.7,51.2,2
round1,3.7,51.3,1
round1,3.7,51.4,1
round1,3.7,51.6,1
round1,3.7,52.3,1
round1,3.7,52.8,1
round1,3.7,54.4,1
round1,3.7,54.5,1
round1,3.7,54.6,2
round1,3.7,55,1
round1,3.7,55.8,1
round1,3.7,56.4,1
round1,3.7,56.6,1
round1,3.7,56.9,1
round1,3.7,57.1,1
round1,3.7,57.2,1
round1,3.7,57.3,1
round1,3.7,57.6,2
round1,3.7,57.8,1
round1,3.7,57.9,1
round1,3.7,58.4,1
round1,3.7,58.5,1
round1,3.7,58.6,1
round1,3.7,58.8,1
round1,3.7,58.9,1
round1,3.7,59.4,1
round1,3.7,59.6,1
round1,3.7,59.9,1
round1,3.7,60.1,1
round1,3.7,60.4,1
round1,3.7,60.5,1
round1,3.7,60.8,1
round1,3.7,61.3,1
round1,3.7,61.6,1
round1,3.7,61.8,1
round1,3.7,62.5,2
round1,3.7,62.6,1
round1,3.7,62.9,1
round1,3.7,63.1,1
round1,3.7,63.3,1
round1,3.7,63.4,1
round1,3.7,64.4,2
round1,3.7,64.5,1
round1,3.7,65.2,2
round1,3.7,65.9,1
round1,3.7,66,1
round1,3.7,66.2,1
round1,3.7,68.4,1
round1,3.7,68.9,1
round1,3.7,69.6,1
round1,3.7,69.7,1
round1,3.7,69.9,1
round1,3.7,70.4,1
round1,3.7,71.3,1
round1,3.7,71.4,2
round1,3.7,71.5,1
round1,3.7,71.6,1
round1,3.7,71.8,1
round1,3.7,72.1,1
round1,3.7,72.2,1
round1,3.7,72.3,1
round1,3.7,73.6,1
round1,3.7,73.7,1
round1,3.7,74.9,1
round1,3.7,75,1
round1,3.7,75.2,1
round1,3.7,75.5,1
round1,3.7,75.8,1
round1,3.7,76,3
round1,3.7,76.1,1
round1,3.7,76.3,1
round1,3.7,76.5,1
round1,3.7,76.6,1
round1,3.7,76.8,1
round1,3.7,77.2,1
round1,3.7,77.4,2
round1,3.7,77.5,1
round1,3.7,77.7,1
round1,3.7,77.8,1
round1,3.7,78,1
round1,3.7,78.2,1
round1,3.7,78.5,1
round1,3.7,78.6,1
round1,3.7,78.8,1
round1,3.7,79.1,1
round1,3.7,79.6,1
round1,3.7,79.7,1
round1,3.7,80.1,2
round1,3.7,80.5,1
round1,3.7,81.2,1
round1,3.7,81.4,1
round1,3.7,81.5,1
round1,3.7,81.6,1
round1,3.7,82.1,1
round1,3.7,82.2,2
round1,3.7,82.3,1
round1,3.7,82.5,1
round1,3.7,82.8,1
round1,3.7,82.9,1
round1,3.7,84.6,1
round1,3.7,87.4,1
round1,3.7,87.7,2
round1,3.7,88.3,1
round1,3.7,88.4,1
round1,3.7,88.5,1
round1,3.7,89.8,1
round1,3.7,90.7,1
round1,3.7,91,1
round1,3.7,91.4,1
round1,3.7,91.8,1
round1,3.7,92.2,1
round1,3.7,92.5,1
round1,3.7,92.6,1
round1,3.7,93.4,1
round1,3.7,93.6,1
round1,3.7,94,1
round1,3.7,95.9,1
round1,3.7,96.3,1
round1,3.7,99.9,1
round1,6.1,0.1,1
round1,6.1,0.4,2
round1,6.1,0.5,1
round1,6.1,0.6,1
round1,6.1,0.7,1
round1,6.1,1.1,1
round1,6.1,1.7,1
round1,6.1,1.8,1
round1,6.1,1.9,1
round1,6.1,2,1
round1,6.1,2.3,2
round1,6.1,2.4,2
round1,6.1,2.6,1
round1,6.1,2.7,2
round1,6.1,3,1
round1,6.1,3.1,3
round1,6.1,3.2,2
round1,6.1,3.4,1
round1,6.1,3.5,1
round1,6.1,3.6,1
round1,6.1,3.7,2
round1,6.1,4,1
round1,6.1,4.1,2
round1,6.1,4.3,1
round1,6.1,4.4,3
round1,6.1,4.5,1
round1,6.1,4.7,1
round1,6.1,4.9,1
round1,6.1,5.3,2
round1,6.1,5.5,1
round1,6.1,5.7,2
round1,6.1,5.9,2
round1,6.1,6.1,1
round1,6.1,6.4,1
round1,6.1,6.6,1
round1,6.1,6.8,3
round1,6.1,7,2
round1,6.1,7.2,1
round1,6.1,7.3,1
round1,6.1,7.4,1
round1,6.1,7.5,2
round1,6.1,7.8,3
round1,6.1,7.9,1
round1,6.1,8,4
round1,6.1,8.4,1
round1,6.1,8.5,2
round1,6.1,8.6,1
round1,6.1,8.7,1
round1,6.1,8.8,2
round1,6.1,9.5,1
round1,6.1,9.6,1
round1,6.1,9.8,1
round1,6.1,9.9,3
round1,6.1,10.1,1
round1,6.1,10.3,2
round1,6.1,10.6,1
round1,6.1,10.8,1
round1,6.1,10.9,1
round1,6.1,11,1
round1,6.1,11.1,1
round1,6.1,11.2,1
round1,6.1,11.3,1
round1,6.1,11.4,2
round1,6.1,11.5,1
round1,6.1,11.6,1
round1,6.1,11.7,2
round1,6.1,12.2,2
round1,6.1,12.4,1
round1,6.1,12.9,1
round1,6.1,13,1
round1,6.1,13.2,1
round1,6.1,13.3,1
round1,6.1,13.6,2
round1,6.1,13.7,1
round1,6.1,14,2
round1,6.1,14.1,2
round1,6.1,14.5,2
round1,6.1,14.6,1
round1,6.1,14.8,1
round1,6.1,15.2,2
round1,6.1,16,3
round1,6.1,16.1,2
round1,6.1,16.2,1
round1,6.1,16.4,1
round1,6.1,16.8,2
round1,6.1,16.9,1
round1,6.1,17.1,2
round1,6.1,17.2,2
round1,6.1,17.3,3
round1,6.1,17.7,1
round1,6.1,17.8,2
round1,6.1,18.4,2
round1,6.1,18.5,1
round1,6.1,18.7,3
round1,6.1,19.1,2
round1,6.1,19.3,2
round1,6.1,19.9,1
round1,6.1,20.1,1
round1,6.1,20.4,1
round1,6.1,20.5,2
round1,6.1,20.7,1
round1,6.1,20.8,1
round1,6.1,20.9,2
round1,6.1,21.3,1
round1,6.1,21.5,1
round1,6.1,21.7,4
round1,6.1,21.8,1
round1,6.1,21.9,1
round1,6.1,22,1
round1,6.1,22.2,1
round1,6.1,22.3,1
round1,6.1,22.4,2
round1,6.1,22.7,1
round1,6.1,22.8,1
round1,6.1,22.9,1
round1,6.1,23,4
round1,6.1,23.1,2
round1,6.1,23.2,2
round1,6.1,23.3,2
round1,6.1,23.4,3
round1,6.1,23.5,2
round1,6.1,23.9,2
round1,6.1,24.2,5
round1,6.1,24.3,1
round1,6.1,24.4,4
round1,6.1,24.6,1
round1,6.1,24.9,2
round1,6.1,25.2,1
round1,6.1,25.4,1
round1,6.1,25.5,3
round1,6.1,25.6,1
round1,6.1,25.7,2
round1,6.1,26,1
round1,6.1,26.1,1
round1,6.1,26.8,1
round1,6.1,27.2,1
round1,6.1,27.4,4
round1,6.1,28,1
round1,6.1,28.1,1
round1,6.1,28.2,1
round1,6.1,28.3,1
round1,6.1,28.4,1
round1,6.1,28.5,1
round1,6.1,28.8,1
round1,6.1,29.1,1
round1,6.1,29.2,2
round1,6.1,29.3,2
round1,6.1,29.5,1
round1,6.1,29.8,1
round1,6.1,30,1
round1,6.1,30.2,2
round1,6.1,30.3,2
round1,6.1,30.5,2
round1,6.1,30.8,2
round1,6.1,31,1
round1,6.1,31.1,2
round1,6.1,31.2,1
round1,6.1,31.6,1
round1,6.1,32,1
round1,6.1,32.1,1
round1,6.1,32.3,1
round1,6.1,32.4,1
round1,6.1,32.5,1
round1,6.1,32.6,1
round1,6.1,33,4
round1,6.1,33.1,1
round1,6.1,33.3,1
round1,6.1,33.4,1
round1,6.1,33.5,2
round1,6.1,33.7,1
round1,6.1,34,1
round1,6.1,34.2,1
round1,6.1,34.3,2
round1,6.1,34.4,2
round1,6.1,34.5,2
round1,6.1,34.6,1
round1,6.1,34.7,1
round1,6.1,34.9,1
round1,6.1,35,1
round1,6.1,35.2,2
round1,6.1,35.3,1
round1,6.1,35.4,2
round1,6.1,35.5,1
round1,6.1,35.7,1
round1,6.1,35.9,1
round1,6.1,36,1
round1,6.1,36.2,1
round1,6.1,36.4,1
round1,6.1,36.5,1
round1,6.1,36.6,1
round1,6.1,36.9,1
round1,6.1,37,1
round1,6.1,37.1,4
round1,6.1,37.2,1
round1,6.1,37.3,1
round1,6.1,37.6,2
round1,6.1,37.7,1
round1,6.1,37.9,1
round1,6.1,38,1
round1,6.1,38.5,1
round1,6.1,38.9,1
round1,6.1,39,3
round1,6.1,39.3,1
round1,6.1,39.6,1
round1,6.1,39.8,1
round1,6.1,40.4,3
round1,6.1,40.5,1
round1,6.1,40.6,1
round1,6.1,40.7,2
round1,6.1,40.9,2
round1,6.1,41.1,1
round1,6.1,41.2,3
round1,6.1,41.3,4
round1,6.1,41.4,1
round1,6.1,41.5,1
round1,6.1,41.6,1
round1,6.1,42.2,1
round1,6.1,42.4,1
round1,6.1,42.5,1
round1,6.1,42.6,1
round1,6.1,42.7,1
round1,6.1,43.3,2
round1,6.1,43.6,1
round1,6.1,43.7,1
round1,6.1,43.9,1
round1,6.1,44.2,2
round1,6.1,44.5,2
round1,6.1,44.6,3
round1,6.1,44.8,1
round1,6.1,44.9,1
round1,6.1,45,1
round1,6.1,45.3,3
round1,6.1,45.5,1
round1,6.1,45.8,4
round1,6.1,46.1,3
round1,6.1,46.5,2
round1,6.1,46.7,2
round1,6.1,46.8,2
round1,6.1,46.9,3
round1,6.1,47,1
round1,6.1,47.1,1
round1,6.1,47.2,2
round1,6.1,47.3,1
round1,6.1,47.6,2
round1,6.1,47.9,1
round1,6.1,48.2,2
round1,6.1,48.4,2
round1,6.1,48.6,2
round1,6.1,48.9,1
round1,6.1,49.1,1
round1,6.1,49.2,1
round1,6.1,49.4,1
round1,6.1,49.5,1
round1,6.1,49.6,3
round1,6.1,49.7,1
round1,6.1,49.8,1
round1,6.1,49.9,2
round1,6.1,50,1
round1,6.1,50.5,3
round1,6.1,50.7,1
round1,6.1,50.8,1
round1,6.1,50.9,1
round1,6.1,51,1
round1,6.1,51.6,2
round1,6.1,51.7,1
round1,6.1,51.9,4
round1,6.1,52,2
round1,6.1,52.1,1
round1,6.1,52.3,1
round1,6.1,52.4,1
round1,6.1,52.8,2
round1,6.1,53,3
round1,6.1,53.3,2
round1,6.1,53.5,1
round1,6.1,53.6,1
round1,6.1,53.8,2
round1,6.1,53.9,1
round1,6.1,54.2,1
round1,6.1,54.3,2
round1,6.1,55,2
round1,6.1,55.2,2
round1,6.1,55.3,2
round1,6.1,55.4,1
round1,6.1,55.6,1
round1,6.1,56,1
round1,6.1,56.2,1
round1,6.1,56.3,1
round1,6.1,56.4,1
round1,6.1,56.5,2
round1,6.1,56.8,2
round1,6.1,56.9,1
round1,6.1,57,2
round1,6.1,58.1,2
round1,6.1,58.3,2
round1,6.1,58.4,1
round1,6.1,58.9,2
round1,6.1,59.1,1
round1,6.1,59.3,3
round1,6.1,59.5,1
round1,6.1,59.6,1
round1,6.1,59.7,1
round1,6.1,59.8,2
round1,6.1,59.9,2
round1,6.1,60.1,4
round1,6.1,60.8,1
round1,6.1,60.9,1
round1,6.1,61.1,1
round1,6.1,61.2,1
round1,6.1,61.3,1
round1,6.1,61.4,2
round1,6.1,61.5,1
round1,6.1,61.6,1
round1,6.1,61.7,1
round1,6.1,61.8,1
round1,6.1,61.9,1
round1,6.1,62,1
round1,6.1,62.1,3
round1,6.1,62.2,1
round1,6.1,62.3,1
round1,6.1,62.4,1
round1,6.1,62.7,1
round1,6.1,62.8,1
round1,6.1,62.9,2
round1,6.1,63,1
round1,6.1,63.4,2
round1,6.1,63.5,4
round1,6.1,63.7,1
round1,6.1,63.9,2
round1,6.1,64,1
round1,6.1,64.1,1
round1,6.1,64.2,1
round1,6.1,64.3,3
round1,6.1,64.6,1
round1,6.1,64.7,3
round1,6.1,64.9,1
round1,6.1,65,1
round1,6.1,65.3,1
round1,6.1,65.5,2
round1,6.1,65.6,1
round1,6.1,65.8,2
round1,6.1,65.9,1
round1,6.1,66.1,2
round1,6.1,66.3,1
round1,6.1,66.6,1
round1,6.1,66.7,2
round1,6.1,67,1
round1,6.1,67.2,1
round1,6.1,67.4,1
round1,6.1,67.5,1
round1,6.1,67.6,1
round1,6.1,67.7,3
round1,6.1,67.9,1
round1,6.1,68.2,1
round1,6.1,68.3,2
round1,6.1,68.6,1
round1,6.1,68.7,1
round1,6.1,68.9,1
round1,6.1,69,2
round1,6.1,69.3,1
round1,6.1,69.4,1
round1,6.1,69.5,1
round1,6.1,69.6,1
round1,6.1,69.7,2
round1,6.1,69.8,1
round1,6.1,70,2
round1,6.1,70.1,1
round1,6.1,70.2,1
round1,6.1,70.3,1
round1,6.1,70.4,2
round1,6.1,70.5,1
round1,6.1,70.6,2
round1,6.1,70.9,1
round1,6.1,71.1,1
round1,6.1,71.2,1
round1,6.1,71.3,1
round1,6.1,71.4,1
round1,6.1,71.5,1
round1,6.1,71.9,1
round1,6.1,72.2,1
round1,6.1,72.4,2
round1,6.1,72.6,2
round1,6.1,72.7,1
round1,6.1,72.8,1
round1,6.1,72.9,1
round1,6.1,73.1,2
round1,6.1,73.2,2
round1,6.1,73.3,2
round1,6.1,73.4,1
round1,6.1,73.7,2
round1,6.1,73.8,2
round1,6.1,74.5,1
round1,6.1,74.6,2
round1,6.1,74.9,1
round1,6.1,75,1
round1,6.1,75.1,1
round1,6.1,75.3,1
round1,6.1,75.5,1
round1,6.1,75.6,1
round1,6.1,75.7,4
round1,6.1,75.9,3
round1,6.1,76,1
round1,6.1,76.2,1
round1,6.1,76.3,1
round1,6.1,76.4,3
round1,6.1,76.6,1
round1,6.1,76.7,1
round1,6.1,77,3
round1,6.1,77.1,2
round1,6.1,77.3,1
round1,6.1,77.8,4
round1,6.1,77.9,2
round1,6.1,78,1
round1,6.1,78.1,2
round1,6.1,78.4,1
round1,6.1,78.5,2
round1,6.1,78.9,1
round1,6.1,79,1
round1,6.1,79.4,2
round1,6.1,79.6,2
round1,6.1,79.8,1
round1,6.1,79.9,3
round1,6.1,80,1
round1,6.1,80.2,2
round1,6.1,80.3,1
round1,6.1,80.5,1
round1,6.1,80.7,1
round1,6.1,80.8,1
round1,6.1,80.9,1
round1,6.1,81.1,1
round1,6.1,81.3,1
round1,6.1,81.4,1
round1,6.1,81.7,1
round1,6.1,81.8,1
round1,6.1,81.9,1
round1,6.1,82,1
round1,6.1,82.3,3
round1,6.1,82.5,1
round1,6.1,82.7,2
round1,6.1,82.8,1
round1,6.1,82.9,1
round1,6.1,83,1
round1,6.1,83.3,2
round1,6.1,83.4,3
round1,6.1,83.5,1
round1,6.1,83.8,1
round1,6.1,84,2
round1,6.1,84.2,1
round1,6.1,84.3,1
round1,6.1,84.4,2
round1,6.1,84.5,1
round1,6.1,84.6,1
round1,6.1,84.7,1
round1,6.1,84.9,1
round1,6.1,85.1,1
round1,6.1,85.5,3
round1,6.1,85.8,1
round1,6.1,85.9,1
round1,6.1,86,1
round1,6.1,86.2,1
round1,6.1,86.3,1
round1,6.1,86.4,2
round1,6.1,86.6,1
round1,6.1,86.7,4
round1,6.1,87.2,1
round1,6.1,87.3,1
round1,6.1,87.4,1
round1,6.1,87.5,2
round1,6.1,87.7,2
round1,6.1,87.8,1
round1,6.1,87.9,1
round1,6.1,88.1,1
round1,6.1,88.2,1
round1,6.1,88.6,2
round1,6.1,89,1
round1,6.1,89.2,1
round1,6.1,89.3,1
round1,6.1,89.6,1
round1,6.1,89.7,2
round1,6.1,89.8,2
round1,6.1,90,2
round1,6.1,90.1,2
round1,6.1,90.2,1
round1,6.1,90.6,1
round1,6.1,90.7,2
round1,6.1,90.9,2
round1,6.1,91.1,1
round1,6.1,91.3,1
round1,6.1,91.7,1
round1,6.1,92,1
round1,6.1,92.3,1
round1,6.1,92.6,2
round1,6.1,92.7,1
round1,6.1,92.8,3
round1,6.1,93,1
round1,6.1,93.1,1
round1,6.1,93.2,1
round1,6.1,93.6,1
round1,6.1,93.7,1
round1,6.1,94,1
round1,6.1,94.7,2
round1,6.1,94.8,1
round1,6.1,95,1
round1,6.1,95.2,1
round1,6.1,95.8,1
round1,6.1,96,1
round1,6.1,96.1,1
round1,6.1,96.2,1
round1,6.1,96.5,1
round1,6.1,96.9,1
round1,6.1,97.1,2
round1,6.1,97.7,1
round1,6.1,98.1,1
round1,6.1,98.6,1
round1,6.1,98.8,1
round1,6.1,99.1,3
round1,6.1,99.3,1
round1,6.1,99.5,1
round1,6.1,99.7,1
round1,6.1,99.8,2
round1,9.8,0.1,2
round1,9.8,0.3,1
round1,9.8,0.4,1
round1,9.8,0.5,1
round1,9.8,0.6,1
round1,9.8,0.8,1
round1,9.8,0.9,1
round1,9.8,1.1,1
round1,9.8,1.2,5
round1,9.8,1.3,2
round1,9.8,1.4,3
round1,9.8,1.5,1
round1,9.8,1.6,2
round1,9.8,1.7,2
round1,9.8,2,3
round1,9.8,2.1,3
round1,9.8,2.2,1
round1,9.8,2.4,2
round1,9.8,2.5,2
round1,9.8,2.7,1
round1,9.8,2.8,2
round1,9.8,3,3
round1,9.8,3.1,1
round1,9.8,3.3,1
round1,9.8,3.4,1
round1,9.8,3.5,1
round1,9.8,3.6,1
round1,9.8,3.7,1
round1,9.8,3.9,2
round1,9.8,4.1,1
round1,9.8,4.2,1
round1,9.8,4.5,1
round1,9.8,4.8,1
round1,9.8,4.9,1
round1,9.8,5.1,2
round1,9.8,5.2,2
round1,9.8,5.3,1
round1,9.8,5.6,2
round1,9.8,5.7,1
round1,9.8,5.8,1
round1,9.8,5.9,2
round1,9.8,6.2,1
round1,9.8,6.3,2
round1,9.8,6.4,1
round1,9.8,6.6,1
round1,9.8,6.7,4
round1,9.8,7,2
round1,9.8,7.2,1
round1,9.8,7.3,1
round1,9.8,7.4,1
round1,9.8,7.6,1
round1,9.8,7.8,1
round1,9.8,7.9,1
round1,9.8,8,1
round1,9.8,8.1,1
round1,9.8,8.2,1
round1,9.8,8.6,1
round1,9.8,9,3
round1,9.8,9.1,2
round1,9.8,9.2,3
round1,9.8,9.3,2
round1,9.8,9.4,1
round1,9.8,9.5,1
round1,9.8,9.6,2
round1,9.8,9.9,2
round1,9.8,10,4
round1,9.8,10.1,2
round1,9.8,10.2,1
round1,9.8,10.4,1
round1,9.8,10.5,2
round1,9.8,10.7,1
round1,9.8,10.9,2
round1,9.8,11,2
round1,9.8,11.2,2
round1,9.8,11.3,2
round1,9.8,11.4,1
round1,9.8,11.6,1
round1,9.8,11.7,1
round1,9.8,11.8,1
round1,9.8,11.9,2
round1,9.8,12,1
round1,9.8,12.1,1
round1,9.8,12.3,1
round1,9.8,12.5,1
round1,9.8,12.6,1
round1,9.8,12.7,1
round1,9.8,12.8,2
round1,9.8,12.9,2
round1,9.8,13,1
round1,9.8,13.1,2
round1,9.8,13.2,1
round1,9.8,13.3,1
round1,9.8,13.4,2
round1,9.8,13.5,1
round1,9.8,13.8,2
round1,9.8,14,3
round1,9.8,14.1,3
round1,9.8,14.2,1
round1,9.8,14.3,1
round1,9.8,14.4,1
round1,9.8,14.7,1
round1,9.8,14.8,2
round1,9.8,14.9,1
round1,9.8,15,3
round1,9.8,15.5,3
round1,9.8,15.6,2
round1,9.8,15.9,2
round1,9.8,16,2
round1,9.8,16.2,2
round1,9.8,16.3,2
round1,9.8,16.4,1
round1,9.8,16.5,2
round1,9.8,16.6,2
round1,9.8,16.9,3
round1,9.8,17.1,1
round1,9.8,17.2,3
round1,9.8,17.3,1
round1,9.8,17.5,2
round1,9.8,17.6,2
round1,9.8,17.8,1
round1,9.8,17.9,1
round1,9.8,18.2,1
round1,9.8,18.3,2
round1,9.8,18.5,2
round1,9.8,18.6,3
round1,9.8,18.7,2
round1,9.8,18.9,1
round1,9.8,19,2
round1,9.8,19.2,2
round1,9.8,19.3,2
round1,9.8,19.4,2
round1,9.8,19.6,1
round1,9.8,19.7,3
round1,9.8,19.9,3
round1,9.8,20.1,1
round1,9.8,20.2,3
round1,9.8,20.3,1
round1,9.8,20.4,1
round1,9.8,20.5,2
round1,9.8,20.6,1
round1,9.8,20.7,2
round1,9.8,20.8,1
round1,9.8,21.1,2
round1,9.8,21.2,2
round1,9.8,21.6,3
round1,9.8,21.7,1
round1,9.8,21.8,1
round1,9.8,21.9,1
round1,9.8,22,1
round1,9.8,22.1,2
round1,9.8,22.2,1
round1,9.8,22.3,2
round1,9.8,22.4,4
round1,9.8,22.5,1
round1,9.8,22.7,1
round1,9.8,22.8,1
round1,9.8,22.9,2
round1,9.8,23,3
round1,9.8,23.2,1
round1,9.8,23.4,1
round1,9.8,23.6,1
round1,9.8,23.7,2
round1,9.8,24,2
round1,9.8,24.1,2
round1,9.8,24.3,1
round1,9.8,24.5,2
round1,9.8,24.7,4
round1,9.8,25,1
round1,9.8,25.1,1
round1,9.8,25.3,2
round1,9.8,25.5,2
round1,9.8,25.6,1
round1,9.8,25.7,3
round1,9.8,25.8,1
round1,9.8,25.9,2
round1,9.8,26,1
round1,9.8,26.2,1
round1,9.8,26.3,2
round1,9.8,26.5,1
round1,9.8,26.6,4
round1,9.8,26.7,1
round1,9.8,26.8,1
round1,9.8,27.1,1
round1,9.8,27.2,2
round1,9.8,27.3,1
round1,9.8,27.8,2
round1,9.8,27.9,2
round1,9.8,28,1
round1,9.8,28.1,1
round1,9.8,28.2,2
round1,9.8,28.3,2
round1,9.8,28.4,1
round1,9.8,28.5,1
round1,9.8,28.7,3
round1,9.8,28.8,1
round1,9.8,28.9,2
round1,9.8,29.1,1
round1,9.8,29.2,1
round1,9.8,29.4,2
round1,9.8,29.5,2
round1,9.8,29.6,1
round1,9.8,29.8,1
round1,9.8,30.1,2
round1,9.8,30.3,1
round1,9.8,30.4,1
round1,9.8,30.5,2
round1,9.8,30.7,1
round1,9.8,30.8,1
round1,9.8,30.9,1
round1,9.8,31,1
round1,9.8,31.3,2
round1,9.8,31.6,1
round1,9.8,31.7,2
round1,9.8,31.8,1
round1,9.8,31.9,1
round1,9.8,32.2,2
round1,9.8,32.3,3
round1,9.8,32.5,1
round1,9.8,32.6,2
round1,9.8,32.7,1
round1,9.8,32.8,1
round1,9.8,32.9,2
round1,9.8,33,1
round1,9.8,33.1,1
round1,9.8,33.3,2
round1,9.8,33.4,2
round1,9.8,33.5,1
round1,9.8,33.7,3
round1,9.8,33.9,3
round1,9.8,34,2
round1,9.8,34.1,1
round1,9.8,34.2,1
round1,9.8,34.3,1
round1,9.8,34.4,2
round1,9.8,34.5,3
round1,9.8,34.8,2
round1,9.8,35,2
round1,9.8,35.1,1
round1,9.8,35.2,2
round1,9.8,35.3,1
round1,9.8,35.4,2
round1,9.8,35.6,1
round1,9.8,35.8,3
round1,9.8,35.9,1
round1,9.8,36,1
round1,9.8,36.1,3
round1,9.8,36.5,2
round1,9.8,36.7,2
round1,9.8,36.8,2
round1,9.8,37,1
round1,9.8,37.1,2
round1,9.8,37.2,1
round1,9.8,37.3,1
round1,9.8,37.4,1
round1,9.8,37.5,1
round1,9.8,37.7,3
round1,9.8,37.8,1
round1,9.8,37.9,1
round1,9.8,38,1
round1,9.8,38.1,2
round1,9.8,38.3,1
round1,9.8,38.4,1
round1,9.8,38.6,1
round1,9.8,38.7,1
round1,9.8,38.8,3
round1,9.8,39,1
round1,9.8,39.3,1
round1,9.8,39.5,3
round1,9.8,39.7,3
round1,9.8,40,1
round1,9.8,40.1,2
round1,9.8,40.2,1
round1,9.8,40.3,1
round1,9.8,40.4,1
round1,9.8,40.5,4
round1,9.8,40.7,2
round1,9.8,40.8,1
round1,9.8,40.9,1
round1,9.8,41.2,1
round1,9.8,41.3,1
round1,9.8,41.5,1
round1,9.8,41.7,1
round1,9.8,41.8,2
round1,9.8,42,3
round1,9.8,42.2,2
round1,9.8,42.3,1
round1,9.8,42.4,1
round1,9.8,42.7,2
round1,9.8,42.8,1
round1,9.8,42.9,1
round1,9.8,43,2
round1,9.8,43.1,1
round1,9.8,43.3,1
round1,9.8,43.4,2
round1,9.8,43.5,2
round1,9.8,43.6,2
round1,9.8,43.7,1
round1,9.8,43.9,1
round1,9.8,44,2
round1,9.8,44.1,2
round1,9.8,44.3,1
round1,9.8,44.7,1
round1,9.8,44.9,1
round1,9.8,45.1,1
round1,9.8,45.5,2
round1,9.8,45.7,2
round1,9.8,45.9,1
round1,9.8,46,1
round1,9.8,46.2,1
round1,9.8,46.3,1
round1,9.8,46.4,1
round1,9.8,46.5,1
round1,9.8,46.6,1
round1,9.8,46.8,1
round1,9.8,46.9,1
round1,9.8,47,3
round1,9.8,47.1,1
round1,9.8,47.2,1
round1,9.8,47.4,1
round1,9.8,47.6,1
round1,9.8,47.7,1
round1,9.8,47.9,1
round1,9.8,48.1,1
round1,9.8,48.3,4
round1,9.8,48.4,1
round1,9.8,48.5,1
round1,9.8,48.6,1
round1,9.8,49,1
round1,9.8,49.1,1
round1,9.8,49.3,2
round1,9.8,49.4,1
round1,9.8,49.5,2
round1,9.8,49.8,1
round1,9.8,49.9,3
round1,9.8,50,1
round1,9.8,50.1,1
round1,9.8,50.3,1
round1,9.8,50.4,1
round1,9.8,50.8,1
round1,9.8,50.9,2
round1,9.8,51,1
round1,9.8,51.1,3
round1,9.8,51.2,1
round1,9.8,51.3,1
round1,9.8,51.5,2
round1,9.8,51.6,1
round1,9.8,51.9,2
round1,9.8,52,1
round1,9.8,52.1,1
round1,9.8,52.2,1
round1,9.8,52.3,2
round1,9.8,52.4,2
round1,9.8,52.6,4
round1,9.8,52.7,1
round1,9.8,52.8,1
round1,9.8,52.9,1
round1,9.8,53.1,1
round1,9.8,53.2,2
round1,9.8,53.3,1
round1,9.8,53.5,1
round1,9.8,53.7,2
round1,9.8,53.8,1
round1,9.8,53.9,1
round1,9.8,54.2,1
round1,9.8,54.3,1
round1,9.8,54.5,2
round1,9.8,54.6,1
round1,9.8,55,3
round1,9.8,55.3,2
round1,9.8,55.5,1
round1,9.8,55.7,1
round1,9.8,55.9,2
round1,9.8,56,1
round1,9.8,56.1,1
round1,9.8,56.5,2
round1,9.8,56.6,2
round1,9.8,56.8,1
round1,9.8,57.1,2
round1,9.8,57.2,1
round1,9.8,57.3,1
round1,9.8,57.4,1
round1,9.8,57.6,1
round1,9.8,58,1
round1,9.8,58.1,2
round1,9.8,58.2,1
round1,9.8,58.5,1
round1,9.8,58.7,2
round1,9.8,58.8,2
round1,9.8,58.9,1
round1,9.8,59.4,2
round1,9.8,59.5,1
round1,9.8,59.6,1
round1,9.8,59.7,1
round1,9.8,60,1
round1,9.8,60.1,1
round1,9.8,60.2,1
round1,9.8,60.3,2
round1,9.8,60.5,1
round1,9.8,60.7,1
round1,9.8,60.8,2
round1,9.8,60.9,2
round1,9.8,61.1,1
round1,9.8,61.3,1
round1,9.8,61.4,1
round1,9.8,61.7,1
round1,9.8,61.8,2
round1,9.8,62,2
round1,9.8,62.1,1
round1,9.8,62.4,1
round1,9.8,62.6,3
round1,9.8,62.7,4
round1,9.8,62.8,1
round1,9.8,62.9,1
round1,9.8,63,1
round1,9.8,63.1,2
round1,9.8,63.2,1
round1,9.8,63.3,3
round1,9.8,63.5,1
round1,9.8,63.6,1
round1,9.8,63.7,1
round1,9.8,63.8,2
round1,9.8,64.1,1
round1,9.8,64.4,1
round1,9.8,64.7,1
round1,9.8,64.8,1
round1,9.8,64.9,2
round1,9.8,65.1,1
round1,9.8,65.3,1
round1,9.8,65.4,1
round1,9.8,65.5,1
round1,9.8,65.8,2
round1,9.8,65.9,1
round1,9.8,66.2,1
round1,9.8,66.3,2
round1,9.8,66.5,1
round1,9.8,66.7,1
round1,9.8,67,1
round1,9.8,67.1,3
round1,9.8,67.3,1
round1,9.8,67.4,1
round1,9.8,67.5,1
round1,9.8,68,2
round1,9.8,68.1,2
round1,9.8,68.2,1
round1,9.8,68.3,1
round1,9.8,68.8,2
round1,9.8,69,1
round1,9.8,69.2,1
round1,9.8,69.4,3
round1,9.8,69.6,1
round1,9.8,69.8,3
round1,9.8,70,1
round1,9.8,70.1,1
round1,9.8,70.3,1
round1,9.8,70.4,1
round1,9.8,70.5,1
round1,9.8,70.6,1
round1,9.8,71.2,1
round1,9.8,71.3,3
round1,9.8,71.4,1
round1,9.8,71.5,1
round1,9.8,71.8,1
round1,9.8,71.9,2
round1,9.8,72,1
round1,9.8,72.2,1
round1,9.8,72.4,1
round1,9.8,72.5,1
round1,9.8,72.6,1
round1,9.8,72.8,1
round1,9.8,72.9,1
round1,9.8,73,1
round1,9.8,73.2,2
round1,9.8,73.3,2
round1,9.8,73.5,2
round1,9.8,73.6,1
round1,9.8,73.8,1
round1,9.8,73.9,1
round1,9.8,74,2
round1,9.8,74.3,2
round1,9.8,74.5,2
round1,9.8,74.9,1
round1,9.8,75.2,1
round1,9.8,75.3,1
round1,9.8,75.7,1
round1,9.8,75.8,2
round1,9.8,75.9,1
round1,9.8,76.1,1
round1,9.8,76.2,2
round1,9.8,76.3,3
round1,9.8,76.4,3
round1,9.8,76.5,1
round1,9.8,76.6,1
round1,9.8,76.7,1
round1,9.8,76.8,1
round1,9.8,77.2,4
round1,9.8,77.3,1
round1,9.8,77.4,1
round1,9.8,77.5,1
round1,9.8,77.6,1
round1,9.8,77.7,3
round1,9.8,77.8,2
round1,9.8,77.9,1
round1,9.8,78.1,1
round1,9.8,78.4,1
round1,9.8,78.7,3
round1,9.8,78.8,1
round1,9.8,79,1
round1,9.8,79.3,1
round1,9.8,79.5,1
round1,9.8,79.6,1
round1,9.8,79.7,1
round1,9.8,79.8,2
round1,9.8,79.9,1
round1,9.8,80.2,1
round1,9.8,80.4,1
round1,9.8,80.7,1
round1,9.8,80.8,2
round1,9.8,80.9,2
round1,9.8,81,1
round1,9.8,81.2,1
round1,9.8,81.5,1
round1,9.8,81.6,1
round1,9.8,81.8,1
round1,9.8,82.2,1
round1,9.8,82.4,1
round1,9.8,82.5,1
round1,9.8,82.6,2
round1,9.8,82.8,1
round1,9.8,82.9,1
round1,9.8,83.1,2
round1,9.8,83.2,1
round1,9.8,83.3,1
round1,9.8,83.5,1
round1,9.8,83.6,1
round1,9.8,83.7,1
round1,9.8,84.1,1
round1,9.8,84.2,1
round1,9.8,84.4,1
round1,9.8,84.7,1
round1,9.8,84.8,1
round1,9.8,84.9,1
round1,9.8,85,2
round1,9.8,85.1,1
round1,9.8,85.7,1
round1,9.8,86,1
round1,9.8,86.3,1
round1,9.8,86.8,1
round1,9.8,87,2
round1,9.8,87.1,1
round1,9.8,87.3,2
round1,9.8,87.5,3
round1,9.8,87.6,1
round1,9.8,87.9,1
round1,9.8,88.1,2
round1,9.8,88.4,1
round1,9.8,89.2,1
round1,9.8,89.3,1
round1,9.8,89.6,1
round1,9.8,89.8,1
round1,9.8,89.9,3
round1,9.8,90.1,1
round1,9.8,90.2,1
round1,9.8,90.4,1
round1,9.8,90.9,2
round1,9.8,91,1
round1,9.8,91.2,1
round1,9.8,91.3,2
round1,9.8,91.7,1
round1,9.8,91.9,1
round1,9.8,92.1,1
round1,9.8,92.2,1
round1,9.8,92.6,1
round1,9.8,93.2,1
round1,9.8,93.4,1
round1,9.8,94,1
round1,9.8,94.1,1
round1,9.8,94.2,1
round1,9.8,94.6,1
round1,9.8,95.2,2
round1,9.8,96.2,1
round1,9.8,96.3,2
round1,9.8,96.7,1
round1,9.8,97.3,1
round1,9.8,99.6,1
round1,16.4,0.3,2
round1,16.4,0.5,2
round1,16.4,0.6,4
round1,16.4,0.7,2
round1,16.4,0.8,1
round1,16.4,0.9,2
round1,16.4,1,1
round1,16.4,1.1,1
round1,16.4,1.3,4
round1,16.4,1.4,2
round1,16.4,1.5,2
round1,16.4,1.6,3
round1,16.4,1.7,1
round1,16.4,1.8,3
round1,16.4,1.9,1
round1,16.4,2,1
round1,16.4,2.1,1
round1,16.4,2.2,3
round1,16.4,2.3,1
round1,16.4,2.4,4
round1,16.4,2.5,2
round1,16.4,2.6,5
round1,16.4,2.7,2
round1,16.4,2.8,2
round1,16.4,2.9,2
round1,16.4,3,4
round1,16.4,3.1,4
round1,16.4,3.2,3
round1,16.4,3.3,1
round1,16.4,3.4,4
round1,16.4,3.5,1
round1,16.4,3.6,1
round1,16.4,3.7,2
round1,16.4,3.8,3
round1,16.4,3.9,3
round1,16.4,4,3
round1,16.4,4.1,5
round1,16.4,4.2,1
round1,16.4,4.3,1
round1,16.4,4.4,1
round1,16.4,4.5,2
round1,16.4,4.6,3
round1,16.4,4.7,2
round1,16.4,4.8,4
round1,16.4,4.9,5
round1,16.4,5.1,4
round1,16.4,5.2,2
round1,16.4,5.3,1
round1,16.4,5.4,4
round1,16.4,5.5,3
round1,16.4,5.7,6
round1,16.4,5.8,4
round1,16.4,5.9,4
round1,16.4,6,2
round1,16.4,6.1,3
round1,16.4,6.2,2
round1,16.4,6.3,2
round1,16.4,6.4,2
round1,16.4,6.5,2
round1,16.4,6.6,2
round1,16.4,6.8,1
round1,16.4,6.9,2
round1,16.4,7,2
round1,16.4,7.1,2
round1,16.4,7.2,2
round1,16.4,7.3,2
round1,16.4,7.4,3
round1,16.4,7.5,4
round1,16.4,7.6,2
round1,16.4,7.7,2
round1,16.4,7.8,1
round1,16.4,7.9,1
round1,16.4,8.2,2
round1,16.4,8.3,4
round1,16.4,8.4,2
round1,16.4,8.5,3
round1,16.4,8.6,3
round1,16.4,8.8,1
round1,16.4,8.9,1
round1,16.4,9,4
round1,16.4,9.1,3
round1,16.4,9.2,1
round1,16.4,9.3,2
round1,16.4,9.4,3
round1,16.4,9.6,3
round1,16.4,9.7,2
round1,16.4,9.8,3
round1,16.4,9.9,3
round1,16.4,10,3
round1,16.4,10.1,4
round1,16.4,10.2,3
round1,16.4,10.3,2
round1,16.4,10.4,3
round1,16.4,10.6,4
round1,16.4,10.8,4
round1,16.4,10.9,4
round1,16.4,11,3
round1,16.4,11.1,1
round1,16.4,11.2,2
round1,16.4,11.3,1
round1,16.4,11.4,2
round1,16.4,11.5,4
round1,16.4,11.6,1
round1,16.4,11.7,2
round1,16.4,11.8,1
round1,16.4,11.9,3
round1,16.4,12,5
round1,16.4,12.1,2
round1,16.4,12.2,6
round1,16.4,12.3,3
round1,16.4,12.4,1
round1,16.4,12.5,5
round1,16.4,12.6,2
round1,16.4,12.7,3
round1,16.4,12.8,2
round1,16.4,12.9,2
round1,16.4,13,1
round1,16.4,13.1,4
round1,16.4,13.2,2
round1,16.4,13.3,2
round1,16.4,13.4,1
round1,16.4,13.5,2
round1,16.4,13.6,1
round1,16.4,13.7,1
round1,16.4,13.8,3
round1,16.4,13.9,4
round1,16.4,14,2
round1,16.4,14.2,1
round1,16.4,14.3,1
round1,16.4,14.4,1
round1,16.4,14.5,3
round1,16.4,14.6,4
round1,16.4,14.7,5
round1,16.4,14.8,4
round1,16.4,14.9,3
round1,16.4,15,4
round1,16.4,15.1,2
round1,16.4,15.2,2
round1,16.4,15.3,1
round1,16.4,15.5,1
round1,16.4,15.6,3
round1,16.4,15.7,1
round1,16.4,15.9,2
round1,16.4,16,1
round1,16.4,16.2,4
round1,16.4,16.3,1
round1,16.4,16.4,4
round1,16.4,16.5,1
round1,16.4,16.6,3
round1,16.4,16.7,5
round1,16.4,16.8,1
round1,16.4,16.9,2
round1,16.4,17,2
round1,16.4,17.1,3
round1,16.4,17.2,2
round1,16.4,17.3,1
round1,16.4,17.4,3
round1,16.4,17.5,1
round1,16.4,17.6,5
round1,16.4,17.7,4
round1,16.4,17.9,2
round1,16.4,18,3
round1,16.4,18.1,3
round1,16.4,18.2,4
round1,16.4,18.3,4
round1,16.4,18.4,1
round1,16.4,18.5,4
round1,16.4,18.6,1
round1,16.4,18.7,3
round1,16.4,18.9,1
round1,16.4,19,1
round1,16.4,19.1,3
round1,16.4,19.2,3
round1,16.4,19.3,2
round1,16.4,19.4,1
round1,16.4,19.5,3
round1,16.4,19.6,4
round1,16.4,19.7,2
round1,16.4,19.8,3
round1,16.4,19.9,5
round1,16.4,20,2
round1,16.4,20.1,2
round1,16.4,20.2,1
round1,16.4,20.3,5
round1,16.4,20.4,2
round1,16.4,20.5,2
round1,16.4,20.6,6
round1,16.4,20.7,1
round1,16.4,20.8,4
round1,16.4,20.9,2
round1,16.4,21.1,3
round1,16.4,21.2,4
round1,16.4,21.3,3
round1,16.4,21.4,3
round1,16.4,21.5,3
round1,16.4,21.6,2
round1,16.4,21.7,1
round1,16.4,21.8,3
round1,16.4,21.9,4
round1,16.4,22,3
round1,16.4,22.1,3
round1,16.4,22.3,2
round1,16.4,22.5,5
round1,16.4,22.6,3
round1,16.4,22.7,1
round1,16.4,22.8,2
round1,16.4,22.9,3
round1,16.4,23,1
round1,16.4,23.1,1
round1,16.4,23.2,2
round1,16.4,23.3,3
round1,16.4,23.4,3
round1,16.4,23.5,1
round1,16.4,23.6,3
round1,16.4,23.7,2
round1,16.4,23.8,2
round1,16.4,23.9,6
round1,16.4,24,4
round1,16.4,24.1,3
round1,16.4,24.2,2
round1,16.4,24.3,2
round1,16.4,24.4,2
round1,16.4,24.6,2
round1,16.4,24.7,2
round1,16.4,24.8,5
round1,16.4,24.9,3
round1,16.4,25,1
round1,16.4,25.1,1
round1,16.4,25.2,2
round1,16.4,25.3,3
round1,16.4,25.4,3
round1,16.4,25.5,3
round1,16.4,25.6,5
round1,16.4,25.7,4
round1,16.4,25.8,3
round1,16.4,25.9,2
round1,16.4,26,1
round1,16.4,26.1,2
round1,16.4,26.2,2
round1,16.4,26.3,3
round1,16.4,26.4,2
round1,16.4,26.6,3
round1,16.4,26.7,5
round1,16.4,26.8,3
round1,16.4,26.9,1
round1,16.4,27,5
round1,16.4,27.1,3
round1,16.4,27.2,7
round1,16.4,27.3,3
round1,16.4,27.4,1
round1,16.4,27.5,3
round1,16.4,27.6,6
round1,16.4,27.7,4
round1,16.4,27.8,4
round1,16.4,28,1
round1,16.4,28.1,1
round1,16.4,28.2,1
round1,16.4,28.3,3
round1,16.4,28.4,3
round1,16.4,28.5,1
round1,16.4,28.6,2
round1,16.4,28.7,3
round1,16.4,28.8,3
round1,16.4,28.9,1
round1,16.4,29,4
round1,16.4,29.1,2
round1,16.4,29.2,2
round1,16.4,29.3,2
round1,16.4,29.4,2
round1,16.4,29.5,1
round1,16.4,29.6,2
round1,16.4,29.7,4
round1,16.4,29.8,2
round1,16.4,30,2
round1,16.4,30.1,2
round1,16.4,30.2,1
round1,16.4,30.3,2
round1,16.4,30.4,4
round1,16.4,30.5,2
round1,16.4,30.6,5
round1,16.4,30.7,4
round1,16.4,30.8,3
round1,16.4,30.9,1
round1,16.4,31,1
round1,16.4,31.1,4
round1,16.4,31.2,2
round1,16.4,31.3,2
round1,16.4,31.4,3
round1,16.4,31.5,2
round1,16.4,31.6,4
round1,16.4,31.7,3
round1,16.4,31.8,1
round1,16.4,31.9,3
round1,16.4,32,2
round1,16.4,32.1,3
round1,16.4,32.2,3
round1,16.4,32.3,2
round1,16.4,32.4,2
round1,16.4,32.6,1
round1,16.4,32.7,3
round1,16.4,32.8,2
round1,16.4,32.9,3
round1,16.4,33,2
round1,16.4,33.1,3
round1,16.4,33.2,4
round1,16.4,33.3,2
round1,16.4,33.4,2
round1,16.4,33.5,1
round1,16.4,33.7,1
round1,16.4,33.8,2
round1,16.4,33.9,2
round1,16.4,34,2
round1,16.4,34.1,1
round1,16.4,34.2,1
round1,16.4,34.3,3
round1,16.4,34.4,2
round1,16.4,34.5,1
round1,16.4,34.6,2
round1,16.4,34.7,2
round1,16.4,34.8,5
round1,16.4,34.9,5
round1,16.4,35,2
round1,16.4,35.1,4
round1,16.4,35.2,1
round1,16.4,35.3,3
round1,16.4,35.4,4
round1,16.4,35.7,3
round1,16.4,35.8,2
round1,16.4,35.9,2
round1,16.4,36,1
round1,16.4,36.1,1
round1,16.4,36.2,4
round1,16.4,36.3,1
round1,16.4,36.4,3
round1,16.4,36.5,3
round1,16.4,36.6,1
round1,16.4,36.7,1
round1,16.4,36.8,1
round1,16.4,36.9,2
round1,16.4,37,1
round1,16.4,37.1,2
round1,16.4,37.2,3
round1,16.4,37.4,3
round1,16.4,37.5,3
round1,16.4,37.6,5
round1,16.4,37.7,2
round1,16.4,37.8,2
round1,16.4,37.9,2
round1,16.4,38,1
round1,16.4,38.1,1
round1,16.4,38.2,2
round1,16.4,38.3,2
round1,16.4,38.4,2
round1,16.4,38.5,1
round1,16.4,38.6,3
round1,16.4,38.7,3
round1,16.4,38.8,1
round1,16.4,38.9,2
round1,16.4,39,1
round1,16.4,39.1,1
round1,16.4,39.2,2
round1,16.4,39.3,4
round1,16.4,39.4,2
round1,16.4,39.5,2
round1,16.4,39.6,3
round1,16.4,39.7,2
round1,16.4,39.8,2
round1,16.4,39.9,1
round1,16.4,40,1
round1,16.4,40.1,3
round1,16.4,40.2,1
round1,16.4,40.3,3
round1,16.4,40.4,1
round1,16.4,40.5,1
round1,16.4,40.6,3
round1,16.4,40.7,2
round1,16.4,40.8,5
round1,16.4,40.9,5
round1,16.4,41.1,2
round1,16.4,41.2,1
round1,16.4,41.3,2
round1,16.4,41.4,3
round1,16.4,41.5,1
round1,16.4,41.6,4
round1,16.4,41.7,4
round1,16.4,41.8,2
round1,16.4,41.9,2
round1,16.4,42,1
round1,16.4,42.1,2
round1,16.4,42.2,4
round1,16.4,42.3,5
round1,16.4,42.4,3
round1,16.4,42.5,2
round1,16.4,42.6,2
round1,16.4,42.7,2
round1,16.4,42.9,5
round1,16.4,43,3
round1,16.4,43.1,1
round1,16.4,43.2,4
round1,16.4,43.3,2
round1,16.4,43.4,2
round1,16.4,43.5,4
round1,16.4,43.6,2
round1,16.4,43.7,1
round1,16.4,43.8,3
round1,16.4,43.9,2
round1,16.4,44,1
round1,16.4,44.2,1
round1,16.4,44.3,1
round1,16.4,44.4,3
round1,16.4,44.5,3
round1,16.4,44.6,1
round1,16.4,44.7,2
round1,16.4,44.8,3
round1,16.4,44.9,3
round1,16.4,45,3
round1,16.4,45.1,4
round1,16.4,45.2,2
round1,16.4,45.4,1
round1,16.4,45.6,1
round1,16.4,45.7,2
round1,16.4,45.8,1
round1,16.4,45.9,3
round1,16.4,46,4
round1,16.4,46.2,3
round1,16.4,46.3,2
round1,16.4,46.4,3
round1,16.4,46.5,2
round1,16.4,46.6,2
round1,16.4,46.7,2
round1,16.4,46.8,2
round1,16.4,46.9,1
round1,16.4,47,3
round1,16.4,47.1,1
round1,16.4,47.3,2
round1,16.4,47.4,4
round1,16.4,47.5,4
round1,16.4,47.6,2
round1,16.4,47.7,2
round1,16.4,47.8,3
round1,16.4,47.9,1
round1,16.4,48,2
round1,16.4,48.1,4
round1,16.4,48.2,4
round1,16.4,48.3,1
round1,16.4,48.4,1
round1,16.4,48.5,3
round1,16.4,48.6,4
round1,16.4,48.7,3
round1,16.4,48.8,3
round1,16.4,48.9,1
round1,16.4,49,2
round1,16.4,49.1,2
round1,16.4,49.2,3
round1,16.4,49.3,3
round1,16.4,49.4,4
round1,16.4,49.5,3
round1,16.4,49.6,5
round1,16.4,49.7,1
round1,16.4,49.8,1
round1,16.4,49.9,2
round1,16.4,50,3
round1,16.4,50.1,5
round1,16.4,50.2,3
round1,16.4,50.4,2
round1,16.4,50.5,2
round1,16.4,50.6,5
round1,16.4,50.7,1
round1,16.4,50.8,2
round1,16.4,50.9,2
round1,16.4,51,3
round1,16.4,51.1,4
round1,16.4,51.2,2
round1,16.4,51.3,3
round1,16.4,51.4,1
round1,16.4,51.5,3
round1,16.4,51.6,2
round1,16.4,51.7,1
round1,16.4,51.8,3
round1,16.4,51.9,3
round1,16.4,52,2
round1,16.4,52.1,2
round1,16.4,52.2,3
round1,16.4,52.3,1
round1,16.4,52.4,2
round1,16.4,52.5,4
round1,16.4,52.7,3
round1,16.4,52.8,2
round1,16.4,52.9,2
round1,16.4,53,1
round1,16.4,53.1,3
round1,16.4,53.3,1
round1,16.4,53.4,2
round1,16.4,53.6,3
round1,16.4,53.7,1
round1,16.4,53.8,1
round1,16.4,53.9,2
round1,16.4,54,5
round1,16.4,54.1,1
round1,16.4,54.2,2
round1,16.4,54.3,3
round1,16.4,54.4,4
round1,16.4,54.5,2
round1,16.4,54.6,3
round1,16.4,54.7,1
round1,16.4,54.8,2
round1,16.4,54.9,2
round1,16.4,55,2
round1,16.4,55.1,1
round1,16.4,55.2,2
round1,16.4,55.3,2
round1,16.4,55.4,2
round1,16.4,55.5,4
round1,16.4,55.6,4
round1,16.4,55.7,3
round1,16.4,55.8,1
round1,16.4,55.9,1
round1,16.4,56,5
round1,16.4,56.1,4
round1,16.4,56.2,2
round1,16.4,56.3,2
round1,16.4,56.4,3
round1,16.4,56.5,2
round1,16.4,56.6,2
round1,16.4,56.7,4
round1,16.4,56.8,2
round1,16.4,56.9,1
round1,16.4,57.1,2
round1,16.4,57.2,3
round1,16.4,57.3,2
round1,16.4,57.4,1
round1,16.4,57.5,3
round1,16.4,57.6,1
round1,16.4,57.7,2
round1,16.4,57.8,3
round1,16.4,57.9,4
round1,16.4,58,3
round1,16.4,58.1,1
round1,16.4,58.2,1
round1,16.4,58.3,4
round1,16.4,58.4,1
round1,16.4,58.5,1
round1,16.4,58.6,4
round1,16.4,58.7,5
round1,16.4,58.8,1
round1,16.4,58.9,3
round1,16.4,59,4
round1,16.4,59.1,4
round1,16.4,59.2,4
round1,16.4,59.3,2
round1,16.4,59.4,2
round1,16.4,59.5,3
round1,16.4,59.7,2
round1,16.4,59.8,5
round1,16.4,60,3
round1,16.4,60.1,3
round1,16.4,60.2,1
round1,16.4,60.3,4
round1,16.4,60.4,2
round1,16.4,60.5,3
round1,16.4,60.6,1
round1,16.4,60.7,2
round1,16.4,60.8,3
round1,16.4,60.9,2
round1,16.4,61.1,3
round1,16.4,61.2,1
round1,16.4,61.3,1
round1,16.4,61.4,1
round1,16.4,61.5,2
round1,16.4,61.6,2
round1,16.4,61.9,2
round1,16.4,62,1
round1,16.4,62.1,1
round1,16.4,62.2,4
round1,16.4,62.3,1
round1,16.4,62.4,2
round1,16.4,62.5,1
round1,16.4,62.6,2
round1,16.4,62.7,2
round1,16.4,62.8,1
round1,16.4,62.9,1
round1,16.4,63,2
round1,16.4,63.1,1
round1,16.4,63.3,2
round1,16.4,63.4,2
round1,16.4,63.5,1
round1,16.4,63.7,3
round1,16.4,63.8,1
round1,16.4,63.9,2
round1,16.4,64,1
round1,16.4,64.1,2
round1,16.4,64.2,3
round1,16.4,64.3,2
round1,16.4,64.4,3
round1,16.4,64.5,2
round1,16.4,64.6,2
round1,16.4,64.7,1
round1,16.4,64.8,2
round1,16.4,64.9,3
round1,16.4,65,5
round1,16.4,65.1,2
round1,16.4,65.2,2
round1,16.4,65.3,3
round1,16.4,65.4,4
round1,16.4,65.5,2
round1,16.4,65.6,1
round1,16.4,65.7,5
round1,16.4,65.8,1
round1,16.4,65.9,3
round1,16.4,66,2
round1,16.4,66.1,2
round1,16.4,66.2,2
round1,16.4,66.3,4
round1,16.4,66.5,3
round1,16.4,66.7,4
round1,16.4,66.9,2
round1,16.4,67,1
round1,16.4,67.1,5
round1,16.4,67.2,2
round1,16.4,67.3,2
round1,16.4,67.4,4
round1,16.4,67.5,2
round1,16.4,67.6,3
round1,16.4,67.7,2
round1,16.4,67.8,3
round1,16.4,67.9,1
round1,16.4,68,3
round1,16.4,68.1,1
round1,16.4,68.2,1
round1,16.4,68.3,1
round1,16.4,68.4,1
round1,16.4,68.5,3
round1,16.4,68.6,7
round1,16.4,68.7,1
round1,16.4,68.8,2
round1,16.4,68.9,4
round1,16.4,69.1,8
round1,16.4,69.2,1
round1,16.4,69.3,5
round1,16.4,69.4,1
round1,16.4,69.5,1
round1,16.4,69.6,5
round1,16.4,69.7,4
round1,16.4,69.8,4
round1,16.4,69.9,1
round1,16.4,70,4
round1,16.4,70.1,3
round1,16.4,70.2,1
round1,16.4,70.3,3
round1,16.4,70.4,3
round1,16.4,70.5,1
round1,16.4,70.6,1
round1,16.4,70.7,2
round1,16.4,70.8,1
round1,16.4,70.9,1
round1,16.4,71,5
round1,16.4,71.1,3
round1,16.4,71.2,2
round1,16.4,71.3,3
round1,16.4,71.4,3
round1,16.4,71.6,4
round1,16.4,71.7,4
round1,16.4,71.8,3
round1,16.4,71.9,2
round1,16.4,72,2
round1,16.4,72.2,3
round1,16.4,72.4,2
round1,16.4,72.5,2
round1,16.4,72.6,4
round1,16.4,72.7,2
round1,16.4,72.8,1
round1,16.4,72.9,2
round1,16.4,73,1
round1,16.4,73.2,4
round1,16.4,73.4,4
round1,16.4,73.5,2
round1,16.4,73.6,1
round1,16.4,73.7,3
round1,16.4,73.8,4
round1,16.4,73.9,2
round1,16.4,74,2
round1,16.4,74.1,2
round1,16.4,74.2,2
round1,16.4,74.3,2
round1,16.4,74.5,4
round1,16.4,74.6,1
round1,16.4,74.7,3
round1,16.4,74.8,2
round1,16.4,74.9,3
round1,16.4,75,3
round1,16.4,75.1,4
round1,16.4,75.2,3
round1,16.4,75.3,3
round1,16.4,75.4,3
round1,16.4,75.5,6
round1,16.4,75.6,2
round1,16.4,75.7,1
round1,16.4,75.9,3
round1,16.4,76,2
round1,16.4,76.1,3
round1,16.4,76.2,1
round1,16.4,76.3,3
round1,16.4,76.4,4
round1,16.4,76.5,2
round1,16.4,76.6,3
round1,16.4,76.7,1
round1,16.4,76.8,3
round1,16.4,77,4
round1,16.4,77.1,1
round1,16.4,77.2,3
round1,16.4,77.3,3
round1,16.4,77.4,2
round1,16.4,77.5,1
round1,16.4,77.6,5
round1,16.4,77.7,4
round1,16.4,77.8,3
round1,16.4,77.9,5
round1,16.4,78,2
round1,16.4,78.1,2
round1,16.4,78.2,1
round1,16.4,78.3,2
round1,16.4,78.5,2
round1,16.4,78.6,3
round1,16.4,78.8,3
round1,16.4,78.9,2
round1,16.4,79,2
round1,16.4,79.1,4
round1,16.4,79.2,2
round1,16.4,79.3,3
round1,16.4,79.4,3
round1,16.4,79.5,3
round1,16.4,79.6,1
round1,16.4,79.7,3
round1,16.4,80,2
round1,16.4,80.1,1
round1,16.4,80.2,2
round1,16.4,80.3,2
round1,16.4,80.5,2
round1,16.4,80.6,4
round1,16.4,80.7,5
round1,16.4,80.8,1
round1,16.4,80.9,4
round1,16.4,81,2
round1,16.4,81.1,3
round1,16.4,81.2,3
round1,16.4,81.3,2
round1,16.4,81.4,4
round1,16.4,81.5,3
round1,16.4,81.6,4
round1,16.4,81.7,2
round1,16.4,81.8,2
round1,16.4,81.9,1
round1,16.4,82,3
round1,16.4,82.1,4
round1,16.4,82.2,2
round1,16.4,82.3,1
round1,16.4,82.4,1
round1,16.4,82.5,2
round1,16.4,82.6,2
round1,16.4,82.7,2
round1,16.4,82.8,1
round1,16.4,82.9,1
round1,16.4,83,2
round1,16.4,83.1,1
round1,16.4,83.2,1
round1,16.4,83.3,1
round1,16.4,83.4,2
round1,16.4,83.5,3
round1,16.4,83.6,1
round1,16.4,83.8,3
round1,16.4,83.9,2
round1,16.4,84,1
round1,16.4,84.1,2
round1,16.4,84.2,1
round1,16.4,84.3,2
round1,16.4,84.4,2
round1,16.4,84.5,3
round1,16.4,84.7,1
round1,16.4,84.8,2
round1,16.4,84.9,1
round1,16.4,85,2
round1,16.4,85.1,1
round1,16.4,85.2,3
round1,16.4,85.4,1
round1,16.4,85.6,2
round1,16.4,85.8,1
round1,16.4,85.9,2
round1,16.4,86,4
round1,16.4,86.1,3
round1,16.4,86.2,3
round1,16.4,86.3,2
round1,16.4,86.5,2
round1,16.4,86.6,3
round1,16.4,86.7,2
round1,16.4,86.8,3
round1,16.4,86.9,3
round1,16.4,87,1
round1,16.4,87.1,4
round1,16.4,87.2,1
round1,16.4,87.3,3
round1,16.4,87.4,1
round1,16.4,87.5,2
round1,16.4,87.7,2
round1,16.4,87.8,2
round1,16.4,88,1
round1,16.4,88.1,1
round1,16.4,88.2,1
round1,16.4,88.3,3
round1,16.4,88.4,3
round1,16.4,88.5,2
round1,16.4,88.7,3
round1,16.4,88.8,1
round1,16.4,88.9,2
round1,16.4,89.1,3
round1,16.4,89.2,1
round1,16.4,89.3,4
round1,16.4,89.4,1
round1,16.4,89.5,1
round1,16.4,89.6,2
round1,16.4,89.7,1
round1,16.4,89.9,1
round1,16.4,90,2
round1,16.4,90.1,1
round1,16.4,90.2,1
round1,16.4,90.3,2
round1,16.4,90.4,3
round1,16.4,90.5,1
round1,16.4,90.7,3
round1,16.4,90.8,1
round1,16.4,90.9,2
round1,16.4,91,1
round1,16.4,91.1,3
round1,16.4,91.2,1
round1,16.4,91.3,5
round1,16.4,91.4,2
round1,16.4,91.5,2
round1,16.4,91.6,2
round1,16.4,91.7,3
round1,16.4,91.8,2
round1,16.4,91.9,3
round1,16.4,92,2
round1,16.4,92.2,1
round1,16.4,92.5,1
round1,16.4,92.6,2
round1,16.4,92.8,1
round1,16.4,92.9,2
round1,16.4,93,4
round1,16.4,93.1,2
round1,16.4,93.2,1
round1,16.4,93.4,2
round1,16.4,93.5,2
round1,16.4,93.6,2
round1,16.4,93.8,1
round1,16.4,93.9,2
round1,16.4,94,1
round1,16.4,94.1,2
round1,16.4,94.3,3
round1,16.4,94.4,2
round1,16.4,94.6,1
round1,16.4,94.7,2
round1,16.4,94.8,3
round1,16.4,95.1,1
round1,16.4,95.2,2
round1,16.4,95.3,3
round1,16.4,95.4,1
round1,16.4,95.7,1
round1,16.4,95.8,1
round1,16.4,96.1,1
round1,16.4,96.2,2
round1,16.4,96.3,1
round1,16.4,96.5,2
round1,16.4,96.6,1
round1,16.4,96.7,2
round1,16.4,96.8,1
round1,16.4,96.9,1
round1,16.4,97,1
round1,16.4,97.1,2
round1,16.4,97.2,2
round1,16.4,97.6,3
round1,16.4,97.8,1
round1,16.4,98,4
round1,16.4,98.2,1
round1,16.4,98.3,2
round1,16.4,98.4,1
round1,16.4,98.6,1
round1,16.4,98.7,2
round1,16.4,98.8,1
round1,16.4,99,2
round1,16.4,99.1,2
round1,16.4,99.2,1
round1,16.4,99.4,1
round1,16.4,99.6,2
round1,16.4,100,1
round1,22,0.1,2
round1,22,0.3,1
round1,22,0.6,1
round1,22,0.7,2
round1,22,0.8,1
round1,22,1.4,1
round1,22,1.5,2
round1,22,1.8,1
round1,22,1.9,1
round1,22,2,1
round1,22,2.2,1
round1,22,2.3,1
round1,22,2.5,2
round1,22,2.7,2
round1,22,2.8,1
round1,22,3.2,1
round1,22,3.5,1
round1,22,3.6,1
round1,22,3.7,1
round1,22,3.9,1
round1,22,4.1,1
round1,22,4.3,1
round1,22,4.6,1
round1,22,4.8,1
round1,22,5,1
round1,22,5.4,2
round1,22,5.5,1
round1,22,5.7,1
round1,22,6,1
round1,22,6.4,2
round1,22,6.7,1
round1,22,7.5,2
round1,22,7.8,1
round1,22,8,2
round1,22,8.1,1
round1,22,8.3,1
round1,22,8.4,2
round1,22,8.9,1
round1,22,9,1
round1,22,9.1,1
round1,22,9.2,2
round1,22,9.4,1
round1,22,9.5,1
round1,22,9.8,1
round1,22,9.9,1
round1,22,10.3,1
round1,22,10.5,2
round1,22,10.7,2
round1,22,10.8,1
round1,22,11,1
round1,22,11.3,1
round1,22,11.7,1
round1,22,11.8,2
round1,22,12.1,2
round1,22,12.3,1
round1,22,12.4,1
round1,22,12.6,1
round1,22,12.9,1
round1,22,13,2
round1,22,13.1,1
round1,22,13.3,1
round1,22,13.4,1
round1,22,13.6,1
round1,22,13.7,1
round1,22,13.9,2
round1,22,14.1,1
round1,22,14.3,1
round1,22,14.4,1
round1,22,14.6,1
round1,22,14.7,1
round1,22,14.9,1
round1,22,15.1,1
round1,22,15.5,1
round1,22,15.7,3
round1,22,15.9,1
round1,22,16,1
round1,22,16.1,1
round1,22,17,1
round1,22,17.1,1
round1,22,17.8,1
round1,22,18.1,1
round1,22,18.6,1
round1,22,18.9,1
round1,22,19.2,1
round1,22,19.5,1
round1,22,19.7,1
round1,22,19.8,2
round1,22,20.1,2
round1,22,20.2,1
round1,22,21,2
round1,22,21.2,1
round1,22,21.3,2
round1,22,21.5,1
round1,22,21.6,1
round1,22,21.7,1
round1,22,22,1
round1,22,22.2,2
round1,22,22.4,1
round1,22,22.5,1
round1,22,22.7,1
round1,22,23,1
round1,22,23.2,1
round1,22,23.3,1
round1,22,23.6,3
round1,22,23.7,2
round1,22,23.8,1
round1,22,24.3,2
round1,22,24.4,2
round1,22,24.8,1
round1,22,25.3,1
round1,22,25.6,1
round1,22,26,1
round1,22,26.1,1
round1,22,26.3,1
round1,22,27,1
round1,22,27.6,1
round1,22,27.9,1
round1,22,28,2
round1,22,28.2,1
round1,22,28.4,1
round1,22,28.5,1
round1,22,28.8,1
round1,22,29.4,1
round1,22,29.5,2
round1,22,30.2,1
round1,22,30.4,1
round1,22,30.6,1
round1,22,31.1,1
round1,22,31.2,1
round1,22,31.5,1
round1,22,31.6,1
round1,22,31.9,1
round1,22,32,2
round1,22,33.3,2
round1,22,34,1
round1,22,34.1,1
round1,22,34.3,2
round1,22,34.5,3
round1,22,34.6,1
round1,22,35.1,2
round1,22,35.3,1
round1,22,36.3,1
round1,22,36.4,1
round1,22,36.5,1
round1,22,36.6,1
round1,22,36.7,1
round1,22,37.5,2
round1,22,37.7,1
round1,22,37.9,1
round1,22,38,1
round1,22,38.2,1
round1,22,38.3,1
round1,22,38.4,1
round1,22,38.5,1
round1,22,38.6,1
round1,22,38.7,2
round1,22,39.1,1
round1,22,39.4,2
round1,22,39.6,2
round1,22,40,1
round1,22,40.1,1
round1,22,40.5,1
round1,22,40.6,2
round1,22,41,2
round1,22,41.1,1
round1,22,41.2,1
round1,22,41.4,1
round1,22,41.5,1
round1,22,41.7,2
round1,22,41.8,1
round1,22,42.3,1
round1,22,42.7,1
round1,22,42.8,1
round1,22,43.3,1
round1,22,43.4,1
round1,22,43.6,2
round1,22,43.7,1
round1,22,44,2
round1,22,44.2,1
round1,22,44.3,2
round1,22,44.4,1
round1,22,45,1
round1,22,45.1,1
round1,22,45.4,1
round1,22,45.8,1
round1,22,45.9,3
round1,22,46.2,2
round1,22,46.3,1
round1,22,46.6,1
round1,22,46.7,1
round1,22,46.8,2
round1,22,47.3,1
round1,22,47.4,1
round1,22,48,1
round1,22,48.2,1
round1,22,48.5,1
round1,22,48.8,2
round1,22,49,1
round1,22,49.1,2
round1,22,49.6,1
round1,22,49.9,1
round1,22,50.3,1
round1,22,50.4,2
round1,22,50.6,1
round1,22,50.9,2
round1,22,51,1
round1,22,51.2,1
round1,22,51.5,1
round1,22,51.7,1
round1,22,52.3,1
round1,22,52.4,1
round1,22,52.5,1
round1,22,52.6,1
round1,22,53.1,1
round1,22,54.6,1
round1,22,55.2,1
round1,22,55.6,2
round1,22,55.7,1
round1,22,56,1
round1,22,56.1,1
round1,22,56.2,1
round1,22,56.5,1
round1,22,56.6,1
round1,22,56.7,1
round1,22,57.2,1
round1,22,57.5,1
round1,22,57.9,2
round1,22,58,1
round1,22,58.1,1
round1,22,58.2,1
round1,22,59.3,1
round1,22,60,1
round1,22,60.2,1
round1,22,60.8,1
round1,22,62.8,2
round1,22,63.3,1
round1,22,64.1,1
round1,22,64.2,1
round1,22,64.3,1
round1,22,64.5,1
round1,22,64.6,1
round1,22,64.9,1
round1,22,65.2,1
round1,22,65.4,1
round1,22,65.5,1
round1,22,65.6,1
round1,22,65.7,1
round1,22,65.8,2
round1,22,65.9,1
round1,22,66,1
round1,22,66.2,1
round1,22,66.4,1
round1,22,66.8,1
round1,22,67,1
round1,22,67.2,1
round1,22,67.3,2
round1,22,67.4,1
round1,22,67.8,1
round1,22,68.6,1
round1,22,68.7,1
round1,22,68.9,1
round1,22,69,1
round1,22,69.4,1
round1,22,70,1
round1,22,70.2,1
round1,22,70.4,2
round1,22,70.9,2
round1,22,71,1
round1,22,71.5,1
round1,22,71.6,1
round1,22,71.7,1
round1,22,71.9,2
round1,22,72.1,1
round1,22,72.3,1
round1,22,72.4,1
round1,22,72.5,1
round1,22,72.7,1
round1,22,73.1,1
round1,22,73.5,1
round1,22,73.8,1
round1,22,73.9,1
round1,22,74.2,1
round1,22,75.5,1
round1,22,76.1,1
round1,22,76.2,2
round1,22,76.5,1
round1,22,76.6,1
round1,22,76.7,1
round1,22,77.1,1
round1,22,77.2,1
round1,22,77.3,1
round1,22,78.2,1
round1,22,78.3,1
round1,22,78.5,2
round1,22,79.4,1
round1,22,80.1,1
round1,22,80.6,1
round1,22,80.9,1
round1,22,81.3,1
round1,22,81.7,1
round1,22,82,1
round1,22,82.5,1
round1,22,83.3,1
round1,22,83.5,2
round1,22,83.7,2
round1,22,83.8,1
round1,22,84.2,2
round1,22,84.8,1
round1,22,85.1,1
round1,22,85.3,1
round1,22,85.5,1
round1,22,85.6,1
round1,22,85.9,1
round1,22,86.2,2
round1,22,86.7,1
round1,22,86.8,1
round1,22,87,1
round1,22,87.1,1
round1,22,87.4,1
round1,22,87.5,1
round1,22,88.1,1
round1,22,88.2,1
round1,22,88.8,1
round1,22,89,1
round1,22,89.2,1
round1,22,89.7,1
round1,22,91,1
round1,22,91.3,1
round1,22,92.3,1
round1,22,93.5,1
round1,22,93.6,1
round1,22,94.1,1
round1,22,95.7,1
round1,22,95.9,1
round1,22,96.2,1
round1,22,96.5,1
round1,22,96.9,1
round1,22,97.1,1
round1,22,97.5,1
round1,22,98.3,1
round1,22,98.7,1
round1,22,98.8,1
round1,36.8,0,6
round1,36.8,0.1,8
round1,36.8,0.2,12
round1,36.8,0.3,8
round1,36.8,0.4,6
round1,36.8,0.5,6
round1,36.8,0.6,4
round1,36.8,0.7,10
round1,36.8,0.8,11
round1,36.8,0.9,9
round1,36.8,1,7
round1,36.8,1.1,11
round1,36.8,1.2,3
round1,36.8,1.3,8
round1,36.8,1.4,4
round1,36.8,1.5,8
round1,36.8,1.6,7
round1,36.8,1.7,8
round1,36.8,1.8,6
round1,36.8,1.9,4
round1,36.8,2,7
round1,36.8,2.1,9
round1,36.8,2.2,7
round1,36.8,2.3,6
round1,36.8,2.4,5
round1,36.8,2.5,6
round1,36.8,2.6,5
round1,36.8,2.7,8
round1,36.8,2.8,6
round1,36.8,2.9,9
round1,36.8,3,2
round1,36.8,3.1,9
round1,36.8,3.2,4
round1,36.8,3.3,8
round1,36.8,3.4,10
round1,36.8,3.5,8
round1,36.8,3.6,5
round1,36.8,3.7,4
round1,36.8,3.8,9
round1,36.8,3.9,6
round1,36.8,4,7
round1,36.8,4.1,7
round1,36.8,4.2,9
round1,36.8,4.3,11
round1,36.8,4.4,7
round1,36.8,4.5,9
round1,36.8,4.6,5
round1,36.8,4.7,5
round1,36.8,4.8,6
round1,36.8,4.9,4
round1,36.8,5,5
round1,36.8,5.1,7
round1,36.8,5.2,5
round1,36.8,5.3,7
round1,36.8,5.4,8
round1,36.8,5.5,6
round1,36.8,5.6,8
round1,36.8,5.7,3
round1,36.8,5.8,4
round1,36.8,5.9,8
round1,36.8,6,9
round1,36.8,6.1,9
round1,36.8,6.2,7
round1,36.8,6.3,5
round1,36.8,6.4,5
round1,36.8,6.5,9
round1,36.8,6.6,10
round1,36.8,6.7,3
round1,36.8,6.8,9
round1,36.8,6.9,7
round1,36.8,7,8
round1,36.8,7.1,8
round1,36.8,7.2,3
round1,36.8,7.3,8
round1,36.8,7.4,8
round1,36.8,7.5,6
round1,36.8,7.6,8
round1,36.8,7.7,13
round1,36.8,7.8,4
round1,36.8,7.9,5
round1,36.8,8,6
round1,36.8,8.1,7
round1,36.8,8.2,2
round1,36.8,8.3,5
round1,36.8,8.4,5
round1,36.8,8.5,4
round1,36.8,8.6,7
round1,36.8,8.7,4
round1,36.8,8.8,9
round1,36.8,8.9,9
round1,36.8,9,5
round1,36.8,9.1,4
round1,36.8,9.2,10
round1,36.8,9.3,4
round1,36.8,9.4,6
round1,36.8,9.5,6
round1,36.8,9.6,7
round1,36.8,9.7,12
round1,36.8,9.8,9
round1,36.8,9.9,8
round1,36.8,10,5
round1,36.8,10.1,6
round1,36.8,10.2,8
round1,36.8,10.3,2
round1,36.8,10.4,8
round1,36.8,10.5,9
round1,36.8,10.6,6
round1,36.8,10.7,6
round1,36.8,10.8,7
round1,36.8,10.9,7
round1,36.8,11,5
round1,36.8,11.1,7
round1,36.8,11.2,8
round1,36.8,11.3,3
round1,36.8,11.4,7
round1,36.8,11.5,11
round1,36.8,11.6,6
round1,36.8,11.7,7
round1,36.8,11.8,2
round1,36.8,11.9,6
round1,36.8,12,5
round1,36.8,12.1,8
round1,36.8,12.2,4
round1,36.8,12.3,3
round1,36.8,12.4,11
round1,36.8,12.5,8
round1,36.8,12.6,5
round1,36.8,12.7,4
round1,36.8,12.8,6
round1,36.8,12.9,5
round1,36.8,13,9
round1,36.8,13.1,8
round1,36.8,13.2,7
round1,36.8,13.3,8
round1,36.8,13.4,7
round1,36.8,13.5,6
round1,36.8,13.6,8
round1,36.8,13.7,6
round1,36.8,13.8,4
round1,36.8,13.9,2
round1,36.8,14,8
round1,36.8,14.1,4
round1,36.8,14.2,6
round1,36.8,14.3,7
round1,36.8,14.4,9
round1,36.8,14.5,5
round1,36.8,14.6,11
round1,36.8,14.7,2
round1,36.8,14.8,4
round1,36.8,14.9,5
round1,36.8,15,8
round1,36.8,15.1,9
round1,36.8,15.2,13
round1,36.8,15.3,9
round1,36.8,15.4,7
round1,36.8,15.5,4
round1,36.8,15.6,8
round1,36.8,15.7,10
round1,36.8,15.8,6
round1,36.8,15.9,8
round1,36.8,16,5
round1,36.8,16.1,9
round1,36.8,16.2,3
round1,36.8,16.3,7
round1,36.8,16.4,4
round1,36.8,16.5,6
round1,36.8,16.6,7
round1,36.8,16.7,5
round1,36.8,16.8,4
round1,36.8,16.9,7
round1,36.8,17,11
round1,36.8,17.1,9
round1,36.8,17.2,7
round1,36.8,17.3,3
round1,36.8,17.4,10
round1,36.8,17.5,6
round1,36.8,17.6,6
round1,36.8,17.7,11
round1,36.8,17.8,7
round1,36.8,17.9,14
round1,36.8,18,10
round1,36.8,18.1,5
round1,36.8,18.2,5
round1,36.8,18.3,4
round1,36.8,18.4,5
round1,36.8,18.5,6
round1,36.8,18.6,7
round1,36.8,18.7,5
round1,36.8,18.8,10
round1,36.8,18.9,8
round1,36.8,19,6
round1,36.8,19.1,4
round1,36.8,19.2,5
round1,36.8,19.3,5
round1,36.8,19.4,10
round1,36.8,19.5,7
round1,36.8,19.6,10
round1,36.8,19.7,6
round1,36.8,19.8,5
round1,36.8,19.9,4
round1,36.8,20,9
round1,36.8,20.1,9
round1,36.8,20.2,6
round1,36.8,20.3,6
round1,36.8,20.4,4
round1,36.8,20.5,9
round1,36.8,20.6,5
round1,36.8,20.7,9
round1,36.8,20.8,6
round1,36.8,20.9,4
round1,36.8,21,10
round1,36.8,21.1,5
round1,36.8,21.2,5
round1,36.8,21.3,5
round1,36.8,21.4,3
round1,36.8,21.5,4
round1,36.8,21.6,7
round1,36.8,21.7,8
round1,36.8,21.8,4
round1,36.8,21.9,6
round1,36.8,22,3
round1,36.8,22.1,11
round1,36.8,22.2,8
round1,36.8,22.3,5
round1,36.8,22.4,4
round1,36.8,22.5,6
round1,36.8,22.6,7
round1,36.8,22.7,11
round1,36.8,22.8,3
round1,36.8,22.9,5
round1,36.8,23,6
round1,36.8,23.1,7
round1,36.8,23.2,9
round1,36.8,23.3,3
round1,36.8,23.4,5
round1,36.8,23.5,8
round1,36.8,23.6,6
round1,36.8,23.7,2
round1,36.8,23.8,7
round1,36.8,23.9,6
round1,36.8,24,6
round1,36.8,24.1,7
round1,36.8,24.2,7
round1,36.8,24.3,6
round1,36.8,24.4,6
round1,36.8,24.5,6
round1,36.8,24.6,4
round1,36.8,24.7,4
round1,36.8,24.8,8
round1,36.8,24.9,3
round1,36.8,25,6
round1,36.8,25.1,7
round1,36.8,25.2,5
round1,36.8,25.3,8
round1,36.8,25.4,5
round1,36.8,25.5,1
round1,36.8,25.6,9
round1,36.8,25.7,3
round1,36.8,25.8,7
round1,36.8,25.9,7
round1,36.8,26,5
round1,36.8,26.1,6
round1,36.8,26.2,7
round1,36.8,26.3,5
round1,36.8,26.4,6
round1,36.8,26.5,5
round1,36.8,26.6,2
round1,36.8,26.7,6
round1,36.8,26.8,6
round1,36.8,26.9,10
round1,36.8,27,4
round1,36.8,27.1,9
round1,36.8,27.2,8
round1,36.8,27.3,3
round1,36.8,27.4,7
round1,36.8,27.5,3
round1,36.8,27.6,4
round1,36.8,27.7,8
round1,36.8,27.8,6
round1,36.8,27.9,6
round1,36.8,28,7
round1,36.8,28.1,8
round1,36.8,28.2,4
round1,36.8,28.3,10
round1,36.8,28.4,7
round1,36.8,28.5,11
round1,36.8,28.6,6
round1,36.8,28.7,5
round1,36.8,28.8,6
round1,36.8,28.9,10
round1,36.8,29,7
round1,36.8,29.1,6
round1,36.8,29.2,8
round1,36.8,29.3,6
round1,36.8,29.4,7
round1,36.8,29.5,5
round1,36.8,29.6,7
round1,36.8,29.7,5
round1,36.8,29.8,7
round1,36.8,29.9,12
round1,36.8,30,6
round1,36.8,30.1,7
round1,36.8,30.2,7
round1,36.8,30.3,6
round1,36.8,30.4,5
round1,36.8,30.5,5
round1,36.8,30.6,5
round1,36.8,30.7,9
round1,36.8,30.8,7
round1,36.8,30.9,6
round1,36.8,31,7
round1,36.8,31.1,6
round1,36.8,31.2,5
round1,36.8,31.3,4
round1,36.8,31.4,8
round1,36.8,31.5,5
round1,36.8,31.6,6
round1,36.8,31.7,5
round1,36.8,31.8,6
round1,36.8,31.9,4
round1,36.8,32,5
round1,36.8,32.1,11
round1,36.8,32.2,8
round1,36.8,32.3,4
round1,36.8,32.4,7
round1,36.8,32.5,4
round1,36.8,32.6,12
round1,36.8,32.7,6
round1,36.8,32.8,4
round1,36.8,32.9,9
round1,36.8,33,7
round1,36.8,33.1,5
round1,36.8,33.2,7
round1,36.8,33.3,5
round1,36.8,33.4,5
round1,36.8,33.5,7
round1,36.8,33.6,3
round1,36.8,33.7,7
round1,36.8,33.8,11
round1,36.8,33.9,3
round1,36.8,34,8
round1,36.8,34.1,5
round1,36.8,34.2,9
round1,36.8,34.3,7
round1,36.8,34.4,6
round1,36.8,34.5,8
round1,36.8,34.6,7
round1,36.8,34.7,8
round1,36.8,34.8,2
round1,36.8,34.9,5
round1,36.8,35,5
round1,36.8,35.1,9
round1,36.8,35.2,9
round1,36.8,35.3,3
round1,36.8,35.4,4
round1,36.8,35.5,10
round1,36.8,35.6,13
round1,36.8,35.7,6
round1,36.8,35.8,5
round1,36.8,35.9,4
round1,36.8,36,13
round1,36.8,36.1,4
round1,36.8,36.2,5
round1,36.8,36.3,7
round1,36.8,36.4,6
round1,36.8,36.5,4
round1,36.8,36.6,11
round1,36.8,36.7,8
round1,36.8,36.8,9
round1,36.8,36.9,4
round1,36.8,37,11
round1,36.8,37.1,7
round1,36.8,37.2,5
round1,36.8,37.3,6
round1,36.8,37.4,6
round1,36.8,37.5,8
round1,36.8,37.6,2
round1,36.8,37.7,6
round1,36.8,37.8,3
round1,36.8,37.9,6
round1,36.8,38,6
round1,36.8,38.1,5
round1,36.8,38.2,8
round1,36.8,38.3,5
round1,36.8,38.4,4
round1,36.8,38.5,5
round1,36.8,38.6,4
round1,36.8,38.7,9
round1,36.8,38.8,8
round1,36.8,38.9,9
round1,36.8,39,4
round1,36.8,39.1,7
round1,36.8,39.2,8
round1,36.8,39.3,6
round1,36.8,39.4,9
round1,36.8,39.5,4
round1,36.8,39.6,6
round1,36.8,39.7,7
round1,36.8,39.8,9
round1,36.8,39.9,7
round1,36.8,40,6
round1,36.8,40.1,9
round1,36.8,40.2,8
round1,36.8,40.3,7
round1,36.8,40.4,10
round1,36.8,40.5,5
round1,36.8,40.6,12
round1,36.8,40.7,9
round1,36.8,40.8,7
round1,36.8,40.9,8
round1,36.8,41,8
round1,36.8,41.1,6
round1,36.8,41.2,8
round1,36.8,41.3,9
round1,36.8,41.4,5
round1,36.8,41.5,7
round1,36.8,41.6,6
round1,36.8,41.7,8
round1,36.8,41.8,9
round1,36.8,41.9,9
round1,36.8,42,8
round1,36.8,42.1,9
round1,36.8,42.2,9
round1,36.8,42.3,8
round1,36.8,42.4,8
round1,36.8,42.5,9
round1,36.8,42.6,6
round1,36.8,42.7,7
round1,36.8,42.8,6
round1,36.8,42.9,4
round1,36.8,43,10
round1,36.8,43.1,4
round1,36.8,43.2,3
round1,36.8,43.3,8
round1,36.8,43.4,9
round1,36.8,43.5,8
round1,36.8,43.6,5
round1,36.8,43.7,6
round1,36.8,43.8,4
round1,36.8,43.9,7
round1,36.8,44,6
round1,36.8,44.1,9
round1,36.8,44.2,8
round1,36.8,44.3,5
round1,36.8,44.4,7
round1,36.8,44.5,6
round1,36.8,44.6,3
round1,36.8,44.7,8
round1,36.8,44.8,10
round1,36.8,44.9,8
round1,36.8,45,5
round1,36.8,45.1,6
round1,36.8,45.2,7
round1,36.8,45.3,6
round1,36.8,45.4,7
round1,36.8,45.5,5
round1,36.8,45.6,7
round1,36.8,45.7,5
round1,36.8,45.8,5
round1,36.8,45.9,8
round1,36.8,46,6
round1,36.8,46.1,4
round1,36.8,46.2,9
round1,36.8,46.3,8
round1,36.8,46.4,8
round1,36.8,46.5,5
round1,36.8,46.6,6
round1,36.8,46.7,2
round1,36.8,46.8,9
round1,36.8,46.9,5
round1,36.8,47,6
round1,36.8,47.1,7
round1,36.8,47.2,7
round1,36.8,47.3,9
round1,36.8,47.4,6
round1,36.8,47.5,3
round1,36.8,47.6,7
round1,36.8,47.7,9
round1,36.8,47.8,6
round1,36.8,47.9,11
round1,36.8,48,6
round1,36.8,48.1,7
round1,36.8,48.2,5
round1,36.8,48.3,8
round1,36.8,48.4,7
round1,36.8,48.5,8
round1,36.8,48.6,1
round1,36.8,48.7,8
round1,36.8,48.8,5
round1,36.8,48.9,10
round1,36.8,49,9
round1,36.8,49.1,8
round1,36.8,49.2,8
round1,36.8,49.3,10
round1,36.8,49.4,5
round1,36.8,49.5,2
round1,36.8,49.6,10
round1,36.8,49.7,6
round1,36.8,49.8,7
round1,36.8,49.9,4
round1,36.8,50,4
round1,36.8,50.1,8
round1,36.8,50.2,8
round1,36.8,50.3,10
round1,36.8,50.4,8
round1,36.8,50.5,4
round1,36.8,50.6,6
round1,36.8,50.7,6
round1,36.8,50.8,5
round1,36.8,50.9,7
round1,36.8,51,6
round1,36.8,51.1,7
round1,36.8,51.2,6
round1,36.8,51.3,9
round1,36.8,51.4,4
round1,36.8,51.5,7
round1,36.8,51.6,3
round1,36.8,51.7,10
round1,36.8,51.8,8
round1,36.8,51.9,4
round1,36.8,52,4
round1,36.8,52.1,7
round1,36.8,52.2,7
round1,36.8,52.3,6
round1,36.8,52.4,8
round1,36.8,52.5,7
round1,36.8,52.6,5
round1,36.8,52.7,6
round1,36.8,52.8,6
round1,36.8,52.9,8
round1,36.8,53,6
round1,36.8,53.1,8
round1,36.8,53.2,9
round1,36.8,53.3,8
round1,36.8,53.4,13
round1,36.8,53.5,7
round1,36.8,53.6,5
round1,36.8,53.7,4
round1,36.8,53.8,8
round1,36.8,53.9,4
round1,36.8,54,7
round1,36.8,54.1,7
round1,36.8,54.2,7
round1,36.8,54.3,5
round1,36.8,54.4,4
round1,36.8,54.5,2
round1,36.8,54.6,6
round1,36.8,54.7,5
round1,36.8,54.8,6
round1,36.8,54.9,5
round1,36.8,55,7
round1,36.8,55.1,8
round1,36.8,55.2,9
round1,36.8,55.3,5
round1,36.8,55.4,6
round1,36.8,55.5,4
round1,36.8,55.6,10
round1,36.8,55.7,5
round1,36.8,55.8,7
round1,36.8,55.9,8
round1,36.8,56,3
round1,36.8,56.1,5
round1,36.8,56.2,6
round1,36.8,56.3,5
round1,36.8,56.4,7
round1,36.8,56.5,5
round1,36.8,56.6,4
round1,36.8,56.7,9
round1,36.8,56.8,5
round1,36.8,56.9,8
round1,36.8,57,9
round1,36.8,57.1,7
round1,36.8,57.2,6
round1,36.8,57.3,10
round1,36.8,57.4,4
round1,36.8,57.5,10
round1,36.8,57.6,7
round1,36.8,57.7,7
round1,36.8,57.8,4
round1,36.8,57.9,5
round1,36.8,58,6
round1,36.8,58.1,9
round1,36.8,58.2,7
round1,36.8,58.3,7
round1,36.8,58.4,11
round1,36.8,58.5,9
round1,36.8,58.6,8
round1,36.8,58.7,4
round1,36.8,58.8,6
round1,36.8,58.9,6
round1,36.8,59,9
round1,36.8,59.1,6
round1,36.8,59.2,8
round1,36.8,59.3,7
round1,36.8,59.4,9
round1,36.8,59.5,5
round1,36.8,59.6,6
round1,36.8,59.7,6
round1,36.8,59.8,4
round1,36.8,59.9,5
round1,36.8,60,7
round1,36.8,60.1,4
round1,36.8,60.2,9
round1,36.8,60.3,8
round1,36.8,60.4,7
round1,36.8,60.5,7
round1,36.8,60.6,13
round1,36.8,60.7,5
round1,36.8,60.8,4
round1,36.8,60.9,5
round1,36.8,61,11
round1,36.8,61.1,8
round1,36.8,61.2,10
round1,36.8,61.3,5
round1,36.8,61.4,6
round1,36.8,61.5,7
round1,36.8,61.6,6
round1,36.8,61.7,5
round1,36.8,61.8,8
round1,36.8,61.9,10
round1,36.8,62,9
round1,36.8,62.1,6
round1,36.8,62.2,6
round1,36.8,62.3,6
round1,36.8,62.4,10
round1,36.8,62.5,11
round1,36.8,62.6,7
round1,36.8,62.7,3
round1,36.8,62.8,5
round1,36.8,62.9,3
round1,36.8,63,6
round1,36.8,63.1,6
round1,36.8,63.2,12
round1,36.8,63.3,4
round1,36.8,63.4,5
round1,36.8,63.5,6
round1,36.8,63.6,7
round1,36.8,63.7,10
round1,36.8,63.8,6
round1,36.8,63.9,7
round1,36.8,64,8
round1,36.8,64.1,9
round1,36.8,64.2,5
round1,36.8,64.3,3
round1,36.8,64.4,4
round1,36.8,64.5,5
round1,36.8,64.6,9
round1,36.8,64.7,7
round1,36.8,64.8,9
round1,36.8,64.9,2
round1,36.8,65,8
round1,36.8,65.1,7
round1,36.8,65.2,5
round1,36.8,65.3,7
round1,36.8,65.4,5
round1,36.8,65.5,5
round1,36.8,65.6,10
round1,36.8,65.7,6
round1,36.8,65.8,8
round1,36.8,65.9,4
round1,36.8,66,7
round1,36.8,66.1,6
round1,36.8,66.2,8
round1,36.8,66.3,5
round1,36.8,66.4,9
round1,36.8,66.5,3
round1,36.8,66.6,9
round1,36.8,66.7,7
round1,36.8,66.8,7
round1,36.8,66.9,6
round1,36.8,67,4
round1,36.8,67.1,3
round1,36.8,67.2,8
round1,36.8,67.3,7
round1,36.8,67.4,7
round1,36.8,67.5,5
round1,36.8,67.6,7
round1,36.8,67.7,12
round1,36.8,67.8,6
round1,36.8,67.9,5
round1,36.8,68,8
round1,36.8,68.1,8
round1,36.8,68.2,10
round1,36.8,68.3,8
round1,36.8,68.4,8
round1,36.8,68.5,9
round1,36.8,68.6,6
round1,36.8,68.7,9
round1,36.8,68.8,6
round1,36.8,68.9,3
round1,36.8,69,4
round1,36.8,69.1,4
round1,36.8,69.2,9
round1,36.8,69.3,7
round1,36.8,69.4,3
round1,36.8,69.5,8
round1,36.8,69.6,9
round1,36.8,69.7,5
round1,36.8,69.8,7
round1,36.8,69.9,4
round1,36.8,70,7
round1,36.8,70.1,8
round1,36.8,70.2,9
round1,36.8,70.3,6
round1,36.8,70.4,3
round1,36.8,70.5,9
round1,36.8,70.6,6
round1,36.8,70.7,6
round1,36.8,70.8,4
round1,36.8,70.9,7
round1,36.8,71,7
round1,36.8,71.1,9
round1,36.8,71.2,8
round1,36.8,71.3,5
round1,36.8,71.4,4
round1,36.8,71.5,3
round1,36.8,71.6,4
round1,36.8,71.7,4
round1,36.8,71.8,6
round1,36.8,71.9,6
round1,36.8,72,4
round1,36.8,72.1,6
round1,36.8,72.2,9
round1,36.8,72.3,2
round1,36.8,72.4,6
round1,36.8,72.5,4
round1,36.8,72.6,6
round1,36.8,72.7,5
round1,36.8,72.8,9
round1,36.8,72.9,5
round1,36.8,73,13
round1,36.8,73.1,7
round1,36.8,73.2,6
round1,36.8,73.3,7
round1,36.8,73.4,4
round1,36.8,73.5,7
round1,36.8,73.6,8
round1,36.8,73.7,4
round1,36.8,73.8,3
round1,36.8,73.9,8
round1,36.8,74,3
round1,36.8,74.1,6
round1,36.8,74.2,5
round1,36.8,74.3,4
round1,36.8,74.4,9
round1,36.8,74.5,7
round1,36.8,74.6,7
round1,36.8,74.7,3
round1,36.8,74.8,6
round1,36.8,74.9,8
round1,36.8,75,7
round1,36.8,75.1,6
round1,36.8,75.2,8
round1,36.8,75.3,9
round1,36.8,75.4,4
round1,36.8,75.5,6
round1,36.8,75.6,6
round1,36.8,75.7,6
round1,36.8,75.8,11
round1,36.8,75.9,4
round1,36.8,76,5
round1,36.8,76.1,6
round1,36.8,76.2,3
round1,36.8,76.3,4
round1,36.8,76.5,3
round1,36.8,76.6,5
round1,36.8,76.7,7
round1,36.8,76.8,8
round1,36.8,76.9,13
round1,36.8,77,5
round1,36.8,77.1,5
round1,36.8,77.2,4
round1,36.8,77.3,6
round1,36.8,77.4,6
round1,36.8,77.5,7
round1,36.8,77.6,5
round1,36.8,77.7,3
round1,36.8,77.8,5
round1,36.8,77.9,5
round1,36.8,78,8
round1,36.8,78.1,6
round1,36.8,78.2,5
round1,36.8,78.3,9
round1,36.8,78.4,10
round1,36.8,78.5,4
round1,36.8,78.6,5
round1,36.8,78.7,7
round1,36.8,78.8,3
round1,36.8,78.9,5
round1,36.8,79,5
round1,36.8,79.1,4
round1,36.8,79.2,10
round1,36.8,79.3,9
round1,36.8,79.4,6
round1,36.8,79.5,6
round1,36.8,79.6,5
round1,36.8,79.7,5
round1,36.8,79.8,5
round1,36.8,79.9,7
round1,36.8,80,9
round1,36.8,80.1,7
round1,36.8,80.2,7
round1,36.8,80.3,8
round1,36.8,80.4,8
round1,36.8,80.5,8
round1,36.8,80.6,6
round1,36.8,80.7,7
round1,36.8,80.8,4
round1,36.8,80.9,4
round1,36.8,81,5
round1,36.8,81.1,8
round1,36.8,81.2,7
round1,36.8,81.3,4
round1,36.8,81.4,6
round1,36.8,81.5,6
round1,36.8,81.6,4
round1,36.8,81.7,7
round1,36.8,81.8,4
round1,36.8,81.9,8
round1,36.8,82,2
round1,36.8,82.1,4
round1,36.8,82.2,5
round1,36.8,82.3,5
round1,36.8,82.4,11
round1,36.8,82.5,1
round1,36.8,82.6,6
round1,36.8,82.7,7
round1,36.8,82.8,8
round1,36.8,82.9,10
round1,36.8,83,7
round1,36.8,83.1,4
round1,36.8,83.2,7
round1,36.8,83.3,4
round1,36.8,83.4,4
round1,36.8,83.5,4
round1,36.8,83.6,5
round1,36.8,83.7,8
round1,36.8,83.8,4
round1,36.8,83.9,8
round1,36.8,84,4
round1,36.8,84.1,5
round1,36.8,84.2,6
round1,36.8,84.3,5
round1,36.8,84.4,5
round1,36.8,84.5,7
round1,36.8,84.6,9
round1,36.8,84.7,8
round1,36.8,84.8,5
round1,36.8,84.9,5
round1,36.8,85,3
round1,36.8,85.1,5
round1,36.8,85.2,7
round1,36.8,85.3,5
round1,36.8,85.4,4
round1,36.8,85.5,9
round1,36.8,85.6,7
round1,36.8,85.7,7
round1,36.8,85.8,4
round1,36.8,85.9,7
round1,36.8,86,3
round1,36.8,86.1,3
round1,36.8,86.2,4
round1,36.8,86.3,2
round1,36.8,86.4,5
round1,36.8,86.5,10
round1,36.8,86.6,6
round1,36.8,86.7,7
round1,36.8,86.8,3
round1,36.8,86.9,3
round1,36.8,87,6
round1,36.8,87.1,3
round1,36.8,87.2,10
round1,36.8,87.3,4
round1,36.8,87.4,9
round1,36.8,87.5,4
round1,36.8,87.6,7
round1,36.8,87.7,4
round1,36.8,87.8,5
round1,36.8,87.9,6
round1,36.8,88,6
round1,36.8,88.1,3
round1,36.8,88.2,8
round1,36.8,88.3,6
round1,36.8,88.4,5
round1,36.8,88.5,6
round1,36.8,88.6,3
round1,36.8,88.7,5
round1,36.8,88.8,8
round1,36.8,88.9,5
round1,36.8,89,9
round1,36.8,89.1,5
round1,36.8,89.2,5
round1,36.8,89.3,5
round1,36.8,89.4,7
round1,36.8,89.5,8
round1,36.8,89.6,8
round1,36.8,89.7,4
round1,36.8,89.8,5
round1,36.8,89.9,6
round1,36.8,90,6
round1,36.8,90.1,7
round1,36.8,90.2,6
round1,36.8,90.3,6
round1,36.8,90.4,3
round1,36.8,90.5,9
round1,36.8,90.6,5
round1,36.8,90.7,2
round1,36.8,90.8,5
round1,36.8,90.9,3
round1,36.8,91,8
round1,36.8,91.1,9
round1,36.8,91.2,6
round1,36.8,91.3,3
round1,36.8,91.4,7
round1,36.8,91.5,2
round1,36.8,91.6,7
round1,36.8,91.7,6
round1,36.8,91.8,5
round1,36.8,91.9,6
round1,36.8,92,5
round1,36.8,92.1,6
round1,36.8,92.2,8
round1,36.8,92.3,5
round1,36.8,92.4,4
round1,36.8,92.5,4
round1,36.8,92.6,2
round1,36.8,92.7,10
round1,36.8,92.8,7
round1,36.8,92.9,2
round1,36.8,93,3
round1,36.8,93.1,5
round1,36.8,93.2,8
round1,36.8,93.3,5
round1,36.8,93.4,5
round1,36.8,93.5,4
round1,36.8,93.6,4
round1,36.8,93.7,10
round1,36.8,93.8,5
round1,36.8,93.9,4
round1,36.8,94,2
round1,36.8,94.1,5
round1,36.8,94.2,7
round1,36.8,94.3,3
round1,36.8,94.4,3
round1,36.8,94.5,2
round1,36.8,94.6,9
round1,36.8,94.7,5
round1,36.8,94.8,1
round1,36.8,94.9,8
round1,36.8,95,5
round1,36.8,95.1,7
round1,36.8,95.2,4
round1,36.8,95.3,5
round1,36.8,95.4,6
round1,36.8,95.5,3
round1,36.8,95.6,5
round1,36.8,95.7,4
round1,36.8,95.8,6
round1,36.8,95.9,2
round1,36.8,96,5
round1,36.8,96.1,3
round1,36.8,96.2,3
round1,36.8,96.3,5
round1,36.8,96.4,3
round1,36.8,96.5,6
round1,36.8,96.6,4
round1,36.8,96.7,4
round1,36.8,96.8,8
round1,36.8,96.9,4
round1,36.8,97,6
round1,36.8,97.1,3
round1,36.8,97.2,6
round1,36.8,97.3,3
round1,36.8,97.4,7
round1,36.8,97.5,4
round1,36.8,97.6,3
round1,36.8,97.7,6
round1,36.8,97.8,6
round1,36.8,97.9,5
round1,36.8,98,2
round1,36.8,98.1,5
round1,36.8,98.2,8
round1,36.8,98.3,5
round1,36.8,98.4,1
round1,36.8,98.5,4
round1,36.8,98.6,4
round1,36.8,98.7,7
round1,36.8,98.8,3
round1,36.8,98.9,3
round1,36.8,99,6
round1,36.8,99.1,6
round1,36.8,99.2,4
round1,36.8,99.3,2
round1,36.8,99.4,3
round1,36.8,99.5,5
round1,36.8,99.6,5
round1,36.8,99.7,6
round1,36.8,99.8,7
round1,36.8,99.9,7
round1,36.8,100,3
round1,51.2,0.2,1
round1,51.2,1,1
round1,51.2,2.6,1
round1,51.2,2.9,2
round1,51.2,3.3,1
round1,51.2,3.6,1
round1,51.2,3.9,1
round1,51.2,4.1,1
round1,51.2,4.7,1
round1,51.2,5,2
round1,51.2,6.1,1
round1,51.2,6.6,1
round1,51.2,6.7,1
round1,51.2,6.9,1
round1,51.2,7,1
round1,51.2,7.5,1
round1,51.2,8,1
round1,51.2,8.2,1
round1,51.2,8.5,1
round1,51.2,9.3,1
round1,51.2,9.8,1
round1,51.2,11.4,1
round1,51.2,11.9,1
round1,51.2,12,1
round1,51.2,12.5,1
round1,51.2,12.8,1
round1,51.2,14.3,2
round1,51.2,15.5,1
round1,51.2,16.8,1
round1,51.2,18.3,1
round1,51.2,19,1
round1,51.2,19.1,1
round1,51.2,19.4,1
round1,51.2,19.5,1
round1,51.2,20,1
round1,51.2,20.1,1
round1,51.2,20.6,1
round1,51.2,21.4,1
round1,51.2,21.5,1
round1,51.2,21.7,1
round1,51.2,21.9,1
round1,51.2,22.6,1
round1,51.2,22.8,1
round1,51.2,23.7,1
round1,51.2,25.4,1
round1,51.2,25.6,1
round1,51.2,26.5,1
round1,51.2,26.7,1
round1,51.2,26.8,1
round1,51.2,26.9,1
round1,51.2,27.3,1
round1,51.2,27.5,1
round1,51.2,28.1,1
round1,51.2,29,1
round1,51.2,29.1,1
round1,51.2,29.3,1
round1,51.2,29.7,1
round1,51.2,30,1
round1,51.2,30.1,1
round1,51.2,31.4,1
round1,51.2,31.7,1
round1,51.2,32.3,2
round1,51.2,32.9,1
round1,51.2,33.6,1
round1,51.2,33.7,1
round1,51.2,34.2,1
round1,51.2,34.3,1
round1,51.2,35,1
round1,51.2,35.6,1
round1,51.2,36.9,1
round1,51.2,37.1,1
round1,51.2,38.5,1
round1,51.2,38.8,2
round1,51.2,39.5,1
round1,51.2,40.4,1
round1,51.2,40.5,1
round1,51.2,41.5,1
round1,51.2,41.6,1
round1,51.2,43,1
round1,51.2,43.1,1
round1,51.2,43.2,1
round1,51.2,44.3,1
round1,51.2,44.5,1
round1,51.2,44.6,1
round1,51.2,45.3,1
round1,51.2,45.9,1
round1,51.2,46.4,2
round1,51.2,46.6,1
round1,51.2,47.4,1
round1,51.2,47.7,1
round1,51.2,48.6,1
round1,51.2,48.8,2
round1,51.2,49.4,1
round1,51.2,49.7,1
round1,51.2,49.9,1
round1,51.2,50,1
round1,51.2,51.5,1
round1,51.2,52.1,1
round1,51.2,52.2,1
round1,51.2,52.9,2
round1,51.2,53.5,1
round1,51.2,55.1,1
round1,51.2,55.4,1
round1,51.2,55.5,1
round1,51.2,56.2,1
round1,51.2,56.3,1
round1,51.2,56.4,1
round1,51.2,56.5,1
round1,51.2,57.4,1
round1,51.2,57.5,1
round1,51.2,58.2,2
round1,51.2,58.5,1
round1,51.2,58.7,1
round1,51.2,59.1,1
round1,51.2,59.2,1
round1,51.2,59.3,1
round1,51.2,60.2,1
round1,51.2,62.2,1
round1,51.2,63.1,1
round1,51.2,63.7,1
round1,51.2,64.5,1
round1,51.2,65.4,1
round1,51.2,66.5,1
round1,51.2,67.2,1
round1,51.2,67.7,1
round1,51.2,68.1,1
round1,51.2,68.3,1
round1,51.2,68.4,1
round1,51.2,69,1
round1,51.2,69.4,1
round1,51.2,70.1,1
round1,51.2,70.7,1
round1,51.2,71.3,1
round1,51.2,71.9,1
round1,51.2,72.2,1
round1,51.2,72.4,1
round1,51.2,72.5,1
round1,51.2,73.9,1
round1,51.2,74,1
round1,51.2,74.3,1
round1,51.2,74.7,1
round1,51.2,75.1,1
round1,51.2,75.3,1
round1,51.2,76,1
round1,51.2,77.7,1
round1,51.2,79.4,1
round1,51.2,79.6,1
round1,51.2,80.6,1
round1,51.2,81.9,1
round1,51.2,82,1
round1,51.2,82.1,2
round1,51.2,82.5,1
round1,51.2,82.7,1
round1,51.2,83.5,1
round1,51.2,83.6,1
round1,51.2,83.9,1
round1,51.2,84.8,1
round1,51.2,85.1,1
round1,51.2,86,1
round1,51.2,87,1
round1,51.2,87.3,1
round1,51.2,87.9,1
round1,51.2,88,1
round1,51.2,88.9,1
round1,51.2,89,1
round1,51.2,90,1
round1,51.2,90.2,1
round1,51.2,90.3,1
round1,51.2,91.8,1
round1,51.2,92.1,1
round1,51.2,92.4,1
round1,51.2,92.5,1
round1,51.2,94.9,1
round1,51.2,95,1
round1,51.2,95.6,1
round1,51.2,95.7,1
round1,51.2,96.4,1
round1,51.2,96.8,1
round1,51.2,97.7,1
round1,51.2,98,1
round1,75.8,0,6
round1,75.8,0.1,8
round1,75.8,0.2,10
round1,75.8,0.3,9
round1,75.8,0.4,13
round1,75.8,0.5,12
round1,75.8,0.6,12
round1,75.8,0.7,7
round1,75.8,0.8,7
round1,75.8,0.9,10
round1,75.8,1,12
round1,75.8,1.1,7
round1,75.8,1.2,14
round1,75.8,1.3,8
round1,75.8,1.4,12
round1,75.8,1.5,10
round1,75.8,1.6,10
round1,75.8,1.7,9
round1,75.8,1.8,12
round1,75.8,1.9,11
round1,75.8,2,9
round1,75.8,2.1,8
round1,75.8,2.2,10
round1,75.8,2.3,11
round1,75.8,2.4,10
round1,75.8,2.5,10
round1,75.8,2.6,10
round1,75.8,2.7,7
round1,75.8,2.8,10
round1,75.8,2.9,9
round1,75.8,3,12
round1,75.8,3.1,6
round1,75.8,3.2,10
round1,75.8,3.3,11
round1,75.8,3.4,5
round1,75.8,3.5,10
round1,75.8,3.6,12
round1,75.8,3.7,13
round1,75.8,3.8,10
round1,75.8,3.9,8
round1,75.8,4,8
round1,75.8,4.1,6
round1,75.8,4.2,11
round1,75.8,4.3,8
round1,75.8,4.4,12
round1,75.8,4.5,7
round1,75.8,4.6,14
round1,75.8,4.7,12
round1,75.8,4.8,11
round1,75.8,4.9,10
round1,75.8,5,11
round1,75.8,5.1,9
round1,75.8,5.2,13
round1,75.8,5.3,11
round1,75.8,5.4,9
round1,75.8,5.5,10
round1,75.8,5.6,10
round1,75.8,5.7,10
round1,75.8,5.8,13
round1,75.8,5.9,5
round1,75.8,6,10
round1,75.8,6.1,9
round1,75.8,6.2,11
round1,75.8,6.3,12
round1,75.8,6.4,10
round1,75.8,6.5,11
round1,75.8,6.6,7
round1,75.8,6.7,14
round1,75.8,6.8,9
round1,75.8,6.9,13
round1,75.8,7,6
round1,75.8,7.1,11
round1,75.8,7.2,13
round1,75.8,7.3,9
round1,75.8,7.4,6
round1,75.8,7.5,6
round1,75.8,7.6,10
round1,75.8,7.7,6
round1,75.8,7.8,11
round1,75.8,7.9,12
round1,75.8,8,9
round1,75.8,8.1,12
round1,75.8,8.2,14
round1,75.8,8.3,10
round1,75.8,8.4,11
round1,75.8,8.5,12
round1,75.8,8.6,12
round1,75.8,8.7,13
round1,75.8,8.8,10
round1,75.8,8.9,10
round1,75.8,9,8
round1,75.8,9.1,12
round1,75.8,9.2,7
round1,75.8,9.3,13
round1,75.8,9.4,11
round1,75.8,9.5,13
round1,75.8,9.6,8
round1,75.8,9.7,9
round1,75.8,9.8,7
round1,75.8,9.9,6
round1,75.8,10,10
round1,75.8,10.1,10
round1,75.8,10.2,8
round1,75.8,10.3,13
round1,75.8,10.4,10
round1,75.8,10.5,7
round1,75.8,10.6,13
round1,75.8,10.7,13
round1,75.8,10.8,9
round1,75.8,10.9,6
round1,75.8,11,9
round1,75.8,11.1,12
round1,75.8,11.2,11
round1,75.8,11.3,13
round1,75.8,11.4,10
round1,75.8,11.5,7
round1,75.8,11.6,12
round1,75.8,11.7,10
round1,75.8,11.8,14
round1,75.8,11.9,11
round1,75.8,12,9
round1,75.8,12.1,8
round1,75.8,12.2,12
round1,75.8,12.3,12
round1,75.8,12.4,7
round1,75.8,12.5,7
round1,75.8,12.6,14
round1,75.8,12.7,13
round1,75.8,12.8,10
round1,75.8,12.9,11
round1,75.8,13,7
round1,75.8,13.1,8
round1,75.8,13.2,8
round1,75.8,13.3,9
round1,75.8,13.4,11
round1,75.8,13.5,14
round1,75.8,13.6,10
round1,75.8,13.7,12
round1,75.8,13.8,14
round1,75.8,13.9,13
round1,75.8,14,8
round1,75.8,14.1,12
round1,75.8,14.2,14
round1,75.8,14.3,9
round1,75.8,14.4,8
round1,75.8,14.5,12
round1,75.8,14.6,5
round1,75.8,14.7,11
round1,75.8,14.8,11
round1,75.8,14.9,12
round1,75.8,15,6
round1,75.8,15.1,8
round1,75.8,15.2,6
round1,75.8,15.3,12
round1,75.8,15.4,15
round1,75.8,15.5,12
round1,75.8,15.6,9
round1,75.8,15.7,8
round1,75.8,15.8,16
round1,75.8,15.9,7
round1,75.8,16,11
round1,75.8,16.1,9
round1,75.8,16.2,10
round1,75.8,16.3,10
round1,75.8,16.4,13
round1,75.8,16.5,13
round1,75.8,16.6,12
round1,75.8,16.7,11
round1,75.8,16.8,14
round1,75.8,16.9,10
round1,75.8,17,8
round1,75.8,17.1,6
round1,75.8,17.2,8
round1,75.8,17.3,13
round1,75.8,17.4,7
round1,75.8,17.5,14
round1,75.8,17.6,10
round1,75.8,17.7,6
round1,75.8,17.8,8
round1,75.8,17.9,7
round1,75.8,18,10
round1,75.8,18.1,13
round1,75.8,18.2,10
round1,75.8,18.3,12
round1,75.8,18.4,12
round1,75.8,18.5,9
round1,75.8,18.6,8
round1,75.8,18.7,8
round1,75.8,18.8,8
round1,75.8,18.9,12
round1,75.8,19,12
round1,75.8,19.1,13
round1,75.8,19.2,10
round1,75.8,19.3,12
round1,75.8,19.4,10
round1,75.8,19.5,9
round1,75.8,19.6,9
round1,75.8,19.7,6
round1,75.8,19.8,11
round1,75.8,19.9,8
round1,75.8,20,10
round1,75.8,20.1,6
round1,75.8,20.2,12
round1,75.8,20.3,9
round1,75.8,20.4,14
round1,75.8,20.5,6
round1,75.8,20.6,10
round1,75.8,20.7,8
round1,75.8,20.8,10
round1,75.8,20.9,13
round1,75.8,21,7
round1,75.8,21.1,11
round1,75.8,21.2,8
round1,75.8,21.3,10
round1,75.8,21.4,14
round1,75.8,21.5,11
round1,75.8,21.6,9
round1,75.8,21.7,7
round1,75.8,21.8,13
round1,75.8,21.9,10
round1,75.8,22,11
round1,75.8,22.1,6
round1,75.8,22.2,11
round1,75.8,22.3,12
round1,75.8,22.4,10
round1,75.8,22.5,7
round1,75.8,22.6,10
round1,75.8,22.7,7
round1,75.8,22.8,11
round1,75.8,22.9,11
round1,75.8,23,5
round1,75.8,23.1,12
round1,75.8,23.2,7
round1,75.8,23.3,13
round1,75.8,23.4,10
round1,75.8,23.5,10
round1,75.8,23.6,10
round1,75.8,23.7,11
round1,75.8,23.8,12
round1,75.8,23.9,9
round1,75.8,24,9
round1,75.8,24.1,9
round1,75.8,24.2,8
round1,75.8,24.3,11
round1,75.8,24.4,8
round1,75.8,24.5,12
round1,75.8,24.6,14
round1,75.8,24.7,11
round1,75.8,24.8,8
round1,75.8,24.9,11
round1,75.8,25,14
round1,75.8,25.1,13
round1,75.8,25.2,14
round1,75.8,25.3,6
round1,75.8,25.4,13
round1,75.8,25.5,13
round1,75.8,25.6,3
round1,75.8,25.7,8
round1,75.8,25.8,12
round1,75.8,25.9,10
round1,75.8,26,12
round1,75.8,26.1,11
round1,75.8,26.2,13
round1,75.8,26.3,11
round1,75.8,26.4,13
round1,75.8,26.5,15
round1,75.8,26.6,11
round1,75.8,26.7,8
round1,75.8,26.8,10
round1,75.8,26.9,10
round1,75.8,27,11
round1,75.8,27.1,9
round1,75.8,27.2,6
round1,75.8,27.3,13
round1,75.8,27.4,9
round1,75.8,27.5,15
round1,75.8,27.6,11
round1,75.8,27.7,11
round1,75.8,27.8,10
round1,75.8,27.9,13
round1,75.8,28,10
round1,75.8,28.1,8
round1,75.8,28.2,11
round1,75.8,28.3,7
round1,75.8,28.4,9
round1,75.8,28.5,9
round1,75.8,28.6,13
round1,75.8,28.7,10
round1,75.8,28.8,9
round1,75.8,28.9,9
round1,75.8,29,10
round1,75.8,29.1,11
round1,75.8,29.2,9
round1,75.8,29.3,12
round1,75.8,29.4,8
round1,75.8,29.5,10
round1,75.8,29.6,12
round1,75.8,29.7,12
round1,75.8,29.8,10
round1,75.8,29.9,9
round1,75.8,30,11
round1,75.8,30.1,9
round1,75.8,30.2,8
round1,75.8,30.3,12
round1,75.8,30.4,11
round1,75.8,30.5,10
round1,75.8,30.6,11
round1,75.8,30.7,8
round1,75.8,30.8,10
round1,75.8,30.9,13
round1,75.8,31,12
round1,75.8,31.1,10
round1,75.8,31.2,14
round1,75.8,31.3,13
round1,75.8,31.4,9
round1,75.8,31.5,13
round1,75.8,31.6,10
round1,75.8,31.7,10
round1,75.8,31.8,14
round1,75.8,31.9,13
round1,75.8,32,13
round1,75.8,32.1,7
round1,75.8,32.2,6
round1,75.8,32.3,9
round1,75.8,32.4,11
round1,75.8,32.5,14
round1,75.8,32.6,6
round1,75.8,32.7,12
round1,75.8,32.8,14
round1,75.8,32.9,4
round1,75.8,33,7
round1,75.8,33.1,10
round1,75.8,33.2,11
round1,75.8,33.3,11
round1,75.8,33.4,11
round1,75.8,33.5,10
round1,75.8,33.6,15
round1,75.8,33.7,8
round1,75.8,33.8,9
round1,75.8,33.9,15
round1,75.8,34,7
round1,75.8,34.1,14
round1,75.8,34.2,11
round1,75.8,34.3,7
round1,75.8,34.4,9
round1,75.8,34.5,6
round1,75.8,34.6,10
round1,75.8,34.7,10
round1,75.8,34.8,15
round1,75.8,34.9,8
round1,75.8,35,9
round1,75.8,35.1,8
round1,75.8,35.2,8
round1,75.8,35.3,13
round1,75.8,35.4,9
round1,75.8,35.5,11
round1,75.8,35.6,7
round1,75.8,35.7,11
round1,75.8,35.8,11
round1,75.8,35.9,11
round1,75.8,36,5
round1,75.8,36.1,14
round1,75.8,36.2,13
round1,75.8,36.3,10
round1,75.8,36.4,10
round1,75.8,36.5,11
round1,75.8,36.6,9
round1,75.8,36.7,9
round1,75.8,36.8,9
round1,75.8,36.9,13
round1,75.8,37,8
round1,75.8,37.1,7
round1,75.8,37.2,10
round1,75.8,37.3,13
round1,75.8,37.4,12
round1,75.8,37.5,5
round1,75.8,37.6,14
round1,75.8,37.7,9
round1,75.8,37.8,14
round1,75.8,37.9,12
round1,75.8,38,8
round1,75.8,38.1,15
round1,75.8,38.2,12
round1,75.8,38.3,9
round1,75.8,38.4,13
round1,75.8,38.5,13
round1,75.8,38.6,12
round1,75.8,38.7,7
round1,75.8,38.8,6
round1,75.8,38.9,10
round1,75.8,39,13
round1,75.8,39.1,13
round1,75.8,39.2,12
round1,75.8,39.3,10
round1,75.8,39.4,8
round1,75.8,39.5,11
round1,75.8,39.6,7
round1,75.8,39.7,10
round1,75.8,39.8,10
round1,75.8,39.9,13
round1,75.8,40,12
round1,75.8,40.1,7
round1,75.8,40.2,10
round1,75.8,40.3,9
round1,75.8,40.4,7
round1,75.8,40.5,8
round1,75.8,40.6,5
round1,75.8,40.7,7
round1,75.8,40.8,7
round1,75.8,40.9,5
round1,75.8,41,14
round1,75.8,41.1,9
round1,75.8,41.2,8
round1,75.8,41.3,6
round1,75.8,41.4,12
round1,75.8,41.5,9
round1,75.8,41.6,6
round1,75.8,41.7,7
round1,75.8,41.8,9
round1,75.8,41.9,9
round1,75.8,42,11
round1,75.8,42.1,11
round1,75.8,42.2,7
round1,75.8,42.3,5
round1,75.8,42.4,8
round1,75.8,42.5,9
round1,75.8,42.6,11
round1,75.8,42.7,9
round1,75.8,42.8,14
round1,75.8,42.9,10
round1,75.8,43,7
round1,75.8,43.1,12
round1,75.8,43.2,15
round1,75.8,43.3,9
round1,75.8,43.4,8
round1,75.8,43.5,8
round1,75.8,43.6,9
round1,75.8,43.7,12
round1,75.8,43.8,15
round1,75.8,43.9,11
round1,75.8,44,10
round1,75.8,44.1,10
round1,75.8,44.2,11
round1,75.8,44.3,12
round1,75.8,44.4,12
round1,75.8,44.5,9
round1,75.8,44.6,13
round1,75.8,44.7,11
round1,75.8,44.8,7
round1,75.8,44.9,8
round1,75.8,45,12
round1,75.8,45.1,11
round1,75.8,45.2,14
round1,75.8,45.3,12
round1,75.8,45.4,12
round1,75.8,45.5,12
round1,75.8,45.6,15
round1,75.8,45.7,12
round1,75.8,45.8,11
round1,75.8,45.9,6
round1,75.8,46,8
round1,75.8,46.1,13
round1,75.8,46.2,7
round1,75.8,46.3,10
round1,75.8,46.4,8
round1,75.8,46.5,12
round1,75.8,46.6,11
round1,75.8,46.7,13
round1,75.8,46.8,6
round1,75.8,46.9,12
round1,75.8,47,9
round1,75.8,47.1,11
round1,75.8,47.2,11
round1,75.8,47.3,9
round1,75.8,47.4,10
round1,75.8,47.5,12
round1,75.8,47.6,9
round1,75.8,47.7,8
round1,75.8,47.8,13
round1,75.8,47.9,9
round1,75.8,48,12
round1,75.8,48.1,8
round1,75.8,48.2,10
round1,75.8,48.3,9
round1,75.8,48.4,11
round1,75.8,48.5,7
round1,75.8,48.6,13
round1,75.8,48.7,11
round1,75.8,48.8,9
round1,75.8,48.9,10
round1,75.8,49,9
round1,75.8,49.1,6
round1,75.8,49.2,8
round1,75.8,49.3,7
round1,75.8,49.4,9
round1,75.8,49.5,13
round1,75.8,49.6,3
round1,75.8,49.7,12
round1,75.8,49.8,12
round1,75.8,49.9,8
round1,75.8,50,13
round1,75.8,50.1,9
round1,75.8,50.2,10
round1,75.8,50.3,10
round1,75.8,50.4,8
round1,75.8,50.5,11
round1,75.8,50.6,9
round1,75.8,50.7,13
round1,75.8,50.8,13
round1,75.8,50.9,8
round1,75.8,51,8
round1,75.8,51.1,9
round1,75.8,51.2,9
round1,75.8,51.3,8
round1,75.8,51.4,15
round1,75.8,51.5,8
round1,75.8,51.6,14
round1,75.8,51.7,10
round1,75.8,51.8,10
round1,75.8,51.9,8
round1,75.8,52,13
round1,75.8,52.1,10
round1,75.8,52.2,11
round1,75.8,52.3,10
round1,75.8,52.4,8
round1,75.8,52.5,10
round1,75.8,52.6,12
round1,75.8,52.7,12
round1,75.8,52.8,9
round1,75.8,52.9,8
round1,75.8,53,13
round1,75.8,53.1,8
round1,75.8,53.2,11
round1,75.8,53.3,11
round1,75.8,53.4,7
round1,75.8,53.5,13
round1,75.8,53.6,11
round1,75.8,53.7,15
round1,75.8,53.8,10
round1,75.8,53.9,14
round1,75.8,54,11
round1,75.8,54.1,14
round1,75.8,54.2,11
round1,75.8,54.3,10
round1,75.8,54.4,12
round1,75.8,54.5,16
round1,75.8,54.6,8
round1,75.8,54.7,15
round1,75.8,54.8,13
round1,75.8,54.9,15
round1,75.8,55,8
round1,75.8,55.1,12
round1,75.8,55.2,8
round1,75.8,55.3,10
round1,75.8,55.4,13
round1,75.8,55.5,12
round1,75.8,55.6,7
round1,75.8,55.7,11
round1,75.8,55.8,14
round1,75.8,55.9,11
round1,75.8,56,12
round1,75.8,56.1,10
round1,75.8,56.2,12
round1,75.8,56.3,13
round1,75.8,56.4,10
round1,75.8,56.5,10
round1,75.8,56.6,10
round1,75.8,56.7,9
round1,75.8,56.8,11
round1,75.8,56.9,10
round1,75.8,57,10
round1,75.8,57.1,10
round1,75.8,57.2,10
round1,75.8,57.3,9
round1,75.8,57.4,13
round1,75.8,57.5,8
round1,75.8,57.6,11
round1,75.8,57.7,11
round1,75.8,57.8,14
round1,75.8,57.9,9
round1,75.8,58,10
round1,75.8,58.1,6
round1,75.8,58.2,11
round1,75.8,58.3,10
round1,75.8,58.4,8
round1,75.8,58.5,7
round1,75.8,58.6,9
round1,75.8,58.7,9
round1,75.8,58.8,12
round1,75.8,58.9,9
round1,75.8,59,10
round1,75.8,59.1,11
round1,75.8,59.2,9
round1,75.8,59.3,9
round1,75.8,59.4,7
round1,75.8,59.5,11
round1,75.8,59.6,15
round1,75.8,59.7,13
round1,75.8,59.8,11
round1,75.8,59.9,14
round1,75.8,60,11
round1,75.8,60.1,9
round1,75.8,60.2,9
round1,75.8,60.3,8
round1,75.8,60.4,10
round1,75.8,60.5,11
round1,75.8,60.6,9
round1,75.8,60.7,12
round1,75.8,60.8,11
round1,75.8,60.9,9
round1,75.8,61,11
round1,75.8,61.1,9
round1,75.8,61.2,7
round1,75.8,61.3,12
round1,75.8,61.4,13
round1,75.8,61.5,11
round1,75.8,61.6,13
round1,75.8,61.7,13
round1,75.8,61.8,11
round1,75.8,61.9,10
round1,75.8,62,8
round1,75.8,62.1,11
round1,75.8,62.2,10
round1,75.8,62.3,15
round1,75.8,62.4,8
round1,75.8,62.5,8
round1,75.8,62.6,8
round1,75.8,62.7,11
round1,75.8,62.8,13
round1,75.8,62.9,14
round1,75.8,63,11
round1,75.8,63.1,12
round1,75.8,63.2,9
round1,75.8,63.3,12
round1,75.8,63.4,11
round1,75.8,63.5,12
round1,75.8,63.6,12
round1,75.8,63.7,5
round1,75.8,63.8,15
round1,75.8,63.9,12
round1,75.8,64,10
round1,75.8,64.1,7
round1,75.8,64.2,12
round1,75.8,64.3,13
round1,75.8,64.4,13
round1,75.8,64.5,11
round1,75.8,64.6,9
round1,75.8,64.7,10
round1,75.8,64.8,9
round1,75.8,64.9,14
round1,75.8,65,8
round1,75.8,65.1,10
round1,75.8,65.2,12
round1,75.8,65.3,10
round1,75.8,65.4,11
round1,75.8,65.5,11
round1,75.8,65.6,8
round1,75.8,65.7,10
round1,75.8,65.8,6
round1,75.8,65.9,12
round1,75.8,66,11
round1,75.8,66.1,13
round1,75.8,66.2,9
round1,75.8,66.3,10
round1,75.8,66.4,12
round1,75.8,66.5,15
round1,75.8,66.6,11
round1,75.8,66.7,9
round1,75.8,66.8,12
round1,75.8,66.9,13
round1,75.8,67,13
round1,75.8,67.1,11
round1,75.8,67.2,9
round1,75.8,67.3,9
round1,75.8,67.4,9
round1,75.8,67.5,14
round1,75.8,67.6,9
round1,75.8,67.7,5
round1,75.8,67.8,10
round1,75.8,67.9,12
round1,75.8,68,10
round1,75.8,68.1,10
round1,75.8,68.2,10
round1,75.8,68.3,9
round1,75.8,68.4,11
round1,75.8,68.5,9
round1,75.8,68.6,6
round1,75.8,68.7,10
round1,75.8,68.8,11
round1,75.8,68.9,12
round1,75.8,69,12
round1,75.8,69.1,10
round1,75.8,69.2,12
round1,75.8,69.3,9
round1,75.8,69.4,11
round1,75.8,69.5,10
round1,75.8,69.6,5
round1,75.8,69.7,10
round1,75.8,69.8,8
round1,75.8,69.9,15
round1,75.8,70,8
round1,75.8,70.1,8
round1,75.8,70.2,11
round1,75.8,70.3,11
round1,75.8,70.4,10
round1,75.8,70.5,9
round1,75.8,70.6,12
round1,75.8,70.7,14
round1,75.8,70.8,16
round1,75.8,70.9,7
round1,75.8,71,10
round1,75.8,71.1,8
round1,75.8,71.2,9
round1,75.8,71.3,7
round1,75.8,71.4,11
round1,75.8,71.5,14
round1,75.8,71.6,11
round1,75.8,71.7,13
round1,75.8,71.8,10
round1,75.8,71.9,8
round1,75.8,72,14
round1,75.8,72.1,13
round1,75.8,72.2,7
round1,75.8,72.3,17
round1,75.8,72.4,9
round1,75.8,72.5,13
round1,75.8,72.6,8
round1,75.8,72.7,13
round1,75.8,72.8,11
round1,75.8,72.9,12
round1,75.8,73,7
round1,75.8,73.1,11
round1,75.8,73.2,8
round1,75.8,73.3,10
round1,75.8,73.4,12
round1,75.8,73.5,11
round1,75.8,73.6,12
round1,75.8,73.7,12
round1,75.8,73.8,12
round1,75.8,73.9,10
round1,75.8,74,14
round1,75.8,74.1,15
round1,75.8,74.2,14
round1,75.8,74.3,13
round1,75.8,74.4,12
round1,75.8,74.5,8
round1,75.8,74.6,13
round1,75.8,74.7,14
round1,75.8,74.8,15
round1,75.8,74.9,8
round1,75.8,75,11
round1,75.8,75.1,11
round1,75.8,75.2,9
round1,75.8,75.3,8
round1,75.8,75.4,15
round1,75.8,75.5,8
round1,75.8,75.6,11
round1,75.8,75.7,10
round1,75.8,75.8,9
round1,75.8,75.9,12
round1,75.8,76,10
round1,75.8,76.1,11
round1,75.8,76.2,12
round1,75.8,76.3,9
round1,75.8,76.4,12
round1,75.8,76.5,12
round1,75.8,76.6,10
round1,75.8,76.7,11
round1,75.8,76.8,10
round1,75.8,76.9,10
round1,75.8,77,9
round1,75.8,77.1,13
round1,75.8,77.2,10
round1,75.8,77.3,11
round1,75.8,77.4,10
round1,75.8,77.5,12
round1,75.8,77.6,12
round1,75.8,77.7,8
round1,75.8,77.8,8
round1,75.8,77.9,9
round1,75.8,78,8
round1,75.8,78.1,12
round1,75.8,78.2,13
round1,75.8,78.3,8
round1,75.8,78.4,11
round1,75.8,78.5,10
round1,75.8,78.6,14
round1,75.8,78.7,11
round1,75.8,78.8,12
round1,75.8,78.9,14
round1,75.8,79,12
round1,75.8,79.1,12
round1,75.8,79.2,10
round1,75.8,79.3,9
round1,75.8,79.4,8
round1,75.8,79.5,12
round1,75.8,79.6,12
round1,75.8,79.7,12
round1,75.8,79.8,14
round1,75.8,79.9,12
round1,75.8,80,10
round1,75.8,80.1,11
round1,75.8,80.2,10
round1,75.8,80.3,8
round1,75.8,80.4,14
round1,75.8,80.5,10
round1,75.8,80.6,11
round1,75.8,80.7,8
round1,75.8,80.8,12
round1,75.8,80.9,10
round1,75.8,81,12
round1,75.8,81.1,11
round1,75.8,81.2,11
round1,75.8,81.3,13
round1,75.8,81.4,11
round1,75.8,81.5,10
round1,75.8,81.6,11
round1,75.8,81.7,10
round1,75.8,81.8,15
round1,75.8,81.9,11
round1,75.8,82,14
round1,75.8,82.1,11
round1,75.8,82.2,13
round1,75.8,82.3,12
round1,75.8,82.4,9
round1,75.8,82.5,11
round1,75.8,82.6,13
round1,75.8,82.7,11
round1,75.8,82.8,10
round1,75.8,82.9,9
round1,75.8,83,12
round1,75.8,83.1,14
round1,75.8,83.2,14
round1,75.8,83.3,12
round1,75.8,83.4,14
round1,75.8,83.5,9
round1,75.8,83.6,15
round1,75.8,83.7,12
round1,75.8,83.8,13
round1,75.8,83.9,11
round1,75.8,84,14
round1,75.8,84.1,13
round1,75.8,84.2,10
round1,75.8,84.3,14
round1,75.8,84.4,11
round1,75.8,84.5,11
round1,75.8,84.6,11
round1,75.8,84.7,8
round1,75.8,84.8,13
round1,75.8,84.9,14
round1,75.8,85,16
round1,75.8,85.1,12
round1,75.8,85.2,13
round1,75.8,85.3,14
round1,75.8,85.4,15
round1,75.8,85.5,10
round1,75.8,85.6,12
round1,75.8,85.7,14
round1,75.8,85.8,16
round1,75.8,85.9,11
round1,75.8,86,12
round1,75.8,86.1,15
round1,75.8,86.2,13
round1,75.8,86.3,15
round1,75.8,86.4,14
round1,75.8,86.5,11
round1,75.8,86.6,11
round1,75.8,86.7,9
round1,75.8,86.8,15
round1,75.8,86.9,14
round1,75.8,87,11
round1,75.8,87.1,14
round1,75.8,87.2,9
round1,75.8,87.3,12
round1,75.8,87.4,9
round1,75.8,87.5,7
round1,75.8,87.6,13
round1,75.8,87.7,11
round1,75.8,87.8,15
round1,75.8,87.9,13
round1,75.8,88,13
round1,75.8,88.1,15
round1,75.8,88.2,11
round1,75.8,88.3,11
round1,75.8,88.4,11
round1,75.8,88.5,14
round1,75.8,88.6,15
round1,75.8,88.7,14
round1,75.8,88.8,13
round1,75.8,88.9,12
round1,75.8,89,9
round1,75.8,89.1,15
round1,75.8,89.2,13
round1,75.8,89.3,12
round1,75.8,89.4,13
round1,75.8,89.5,14
round1,75.8,89.6,9
round1,75.8,89.7,14
round1,75.8,89.8,14
round1,75.8,89.9,11
round1,75.8,90,12
round1,75.8,90.1,11
round1,75.8,90.2,12
round1,75.8,90.3,12
round1,75.8,90.4,16
round1,75.8,90.5,12
round1,75.8,90.6,15
round1,75.8,90.7,14
round1,75.8,90.8,17
round1,75.8,90.9,14
round1,75.8,91,10
round1,75.8,91.1,10
round1,75.8,91.2,13
round1,75.8,91.3,11
round1,75.8,91.4,11
round1,75.8,91.5,18
round1,75.8,91.6,14
round1,75.8,91.7,10
round1,75.8,91.8,13
round1,75.8,91.9,13
round1,75.8,92,14
round1,75.8,92.1,15
round1,75.8,92.2,11
round1,75.8,92.3,16
round1,75.8,92.4,18
round1,75.8,92.5,14
round1,75.8,92.6,15
round1,75.8,92.7,10
round1,75.8,92.8,12
round1,75.8,92.9,18
round1,75.8,93,14
round1,75.8,93.1,14
round1,75.8,93.2,11
round1,75.8,93.3,16
round1,75.8,93.4,14
round1,75.8,93.5,15
round1,75.8,93.6,13
round1,75.8,93.7,12
round1,75.8,93.8,16
round1,75.8,93.9,17
round1,75.8,94,14
round1,75.8,94.1,13
round1,75.8,94.2,15
round1,75.8,94.3,14
round1,75.8,94.4,18
round1,75.8,94.5,19
round1,75.8,94.6,12
round1,75.8,94.7,14
round1,75.8,94.8,16
round1,75.8,94.9,14
round1,75.8,95,15
round1,75.8,95.1,15
round1,75.8,95.2,13
round1,75.8,95.3,13
round1,75.8,95.4,16
round1,75.8,95.5,18
round1,75.8,95.6,17
round1,75.8,95.7,16
round1,75.8,95.8,14
round1,75.8,95.9,17
round1,75.8,96,17
round1,75.8,96.1,17
round1,75.8,96.2,14
round1,75.8,96.3,13
round1,75.8,96.4,18
round1,75.8,96.5,13
round1,75.8,96.6,17
round1,75.8,96.7,16
round1,75.8,96.8,12
round1,75.8,96.9,16
round1,75.8,97,16
round1,75.8,97.1,14
round1,75.8,97.2,15
round1,75.8,97.3,18
round1,75.8,97.4,15
round1,75.8,97.5,18
round1,75.8,97.6,16
round1,75.8,97.7,15
round1,75.8,97.8,14
round1,75.8,97.9,18
round1,75.8,98,15
round1,75.8,98.1,15
round1,75.8,98.2,14
round1,75.8,98.3,14
round1,75.8,98.4,20
round1,75.8,98.5,19
round1,75.8,98.6,16
round1,75.8,98.7,13
round1,75.8,98.8,17
round1,75.8,98.9,19
round1,75.8,99,15
round1,75.8,99.1,11
round1,75.8,99.2,18
round1,75.8,99.3,20
round1,75.8,99.4,18
round1,75.8,99.5,17
round1,75.8,99.6,14
round1,75.8,99.7,16
round1,75.8,99.8,14
round1,75.8,99.9,14
round1,75.8,100,7
round2,0,17.8,1
round2,0,22.8,1
round2,0,27.8,1
round2,0,39.1,1
round2,0,39.5,1
round2,0,49,1
round2,0,72.6,1
round2,0,73.1,1
round2,0,79.2,1
round2,0,81.8,1
round2,0,93.3,1
round2,0,96.9,1
round2,0.1,14.8,1
round2,0.1,14.9,1
round2,0.1,17.2,1
round2,0.1,18.6,1
round2,0.1,39.7,1
round2,0.1,40.1,1
round2,0.1,42.4,1
round2,0.1,55.1,1
round2,0.1,55.5,1
round2,0.1,56.1,1
round2,0.1,56.2,1
round2,0.1,56.5,1
round2,0.1,58.5,1
round2,0.1,69.6,1
round2,0.1,72.6,1
round2,0.1,72.7,2
round2,0.1,78,1
round2,0.1,78.9,1
round2,0.1,81.1,1
round2,0.1,92.8,1
round2,0.1,96.8,1
round2,0.1,98.5,1
round2,0.2,19.2,1
round2,0.2,21.1,1
round2,0.2,31.6,1
round2,0.2,37.9,1
round2,0.2,38.6,1
round2,0.2,45.9,1
round2,0.2,46.7,1
round2,0.2,48.1,1
round2,0.2,52,1
round2,0.2,60.4,1
round2,0.2,60.9,1
round2,0.2,64,1
round2,0.2,79.2,1
round2,0.2,83.1,1
round2,0.2,83.9,1
round2,0.2,86.7,1
round2,0.2,86.8,1
round2,0.2,92.7,1
round2,0.2,94,1
round2,0.2,97.8,1
round2,0.2,98.2,1
round2,0.3,24.2,1
round2,0.3,24.7,1
round2,0.3,35.2,1
round2,0.3,40.1,1
round2,0.3,40.5,1
round2,0.3,41.1,1
round2,0.3,41.5,1
round2,0.3,41.6,1
round2,0.3,43.1,1
round2,0.3,46.7,1
round2,0.3,52.1,1
round2,0.3,71.5,1
round2,0.3,75.7,1
round2,0.3,83.2,1
round2,0.3,93.2,1
round2,0.3,98.2,1
round2,0.4,1.4,1
round2,0.4,2.7,1
round2,0.4,10.9,1
round2,0.4,26,1
round2,0.4,26.2,1
round2,0.4,39,1
round2,0.4,41.8,1
round2,0.4,42.1,1
round2,0.4,43.7,1
round2,0.4,44.9,1
round2,0.4,47.6,1
round2,0.4,48.2,2
round2,0.4,48.8,1
round2,0.4,52.7,1
round2,0.4,54.8,1
round2,0.4,56.2,1
round2,0.4,58.5,1
round2,0.4,62.9,1
round2,0.4,67.8,1
round2,0.4,67.9,1
round2,0.4,73.1,1
round2,0.4,77.3,1
round2,0.4,78.2,1
round2,0.4,82.9,1
round2,0.4,83.9,1
round2,0.4,87.6,1
round2,0.4,87.8,1
round2,0.4,95.1,1
round2,0.4,97.3,1
round2,0.4,99.9,1
round2,0.5,29.5,1
round2,0.5,29.7,1
round2,0.5,30.4,1
round2,0.5,31,1
round2,0.5,31.8,1
round2,0.5,40.1,1
round2,0.5,43.6,1
round2,0.5,45.8,1
round2,0.5,48.1,1
round2,0.5,48.9,1
round2,0.5,50.1,1
round2,0.5,53.9,1
round2,0.5,57.8,1
round2,0.5,66.1,1
round2,0.5,71.4,1
round2,0.5,74.2,1
round2,0.5,75.4,1
round2,0.5,81.7,1
round2,0.5,85.7,1
round2,0.5,89.5,1
round2,0.5,93,1
round2,0.5,95.9,1
round2,0.5,97.4,1
round2,0.6,13.1,1
round2,0.6,23.8,1
round2,0.6,29.4,1
round2,0.6,33.3,1
round2,0.6,36.8,1
round2,0.6,50.1,1
round2,0.6,54.1,1
round2,0.6,62.7,1
round2,0.6,63.1,1
round2,0.6,75.4,1
round2,0.6,97.3,1
round2,0.7,4.7,1
round2,0.7,11.9,1
round2,0.7,13.5,1
round2,0.7,14,1
round2,0.7,22.5,1
round2,0.7,23.7,1
round2,0.7,33.3,1
round2,0.7,35.8,1
round2,0.7,47,1
round2,0.7,47.1,1
round2,0.7,51,1
round2,0.7,51.8,1
round2,0.7,53,1
round2,0.7,55.3,1
round2,0.7,56.3,1
round2,0.7,59,1
round2,0.7,62.7,1
round2,0.7,64.3,1
round2,0.7,65,1
round2,0.7,66.5,1
round2,0.7,70.3,1
round2,0.7,73.3,1
round2,0.7,74.4,1
round2,0.7,74.5,1
round2,0.7,74.7,1
round2,0.7,76.2,2
round2,0.7,76.3,1
round2,0.7,78.6,1
round2,0.7,80.5,1
round2,0.7,83.7,1
round2,0.7,84.6,1
round2,0.7,89.7,1
round2,0.7,89.9,2
round2,0.7,93.7,1
round2,0.7,97.5,1
round2,0.8,8.4,1
round2,0.8,24.9,1
round2,0.8,25.7,1
round2,0.8,27.1,1
round2,0.8,34.5,1
round2,0.8,37.1,1
round2,0.8,46.9,1
round2,0.8,48.4,1
round2,0.8,61.6,1
round2,0.8,67.8,1
round2,0.8,70.5,1
round2,0.8,70.8,1
round2,0.8,78,1
round2,0.8,79,1
round2,0.8,79.8,1
round2,0.8,83.5,1
round2,0.8,84.4,1
round2,0.8,87.1,1
round2,1,5.5,1
round2,1,13.1,1
round2,1,14,1
round2,1,16.4,1
round2,1,16.8,1
round2,1,16.9,1
round2,1,17.3,1
round2,1,20,1
round2,1,20.3,1
round2,1,21.1,1
round2,1,21.5,1
round2,1,23.7,1
round2,1,26,1
round2,1,26.2,1
round2,1,29.7,1
round2,1,30.5,1
round2,1,31.9,1
round2,1,32.4,1
round2,1,35.2,1
round2,1,38.1,1
round2,1,41.7,2
round2,1,42.9,1
round2,1,43.1,1
round2,1,45.6,1
round2,1,45.9,1
round2,1,46.3,1
round2,1,48.6,1
round2,1,51.7,1
round2,1,52.7,1
round2,1,57.8,1
round2,1,59.3,1
round2,1,59.7,1
round2,1,60.4,1
round2,1,61.1,1
round2,1,65.6,1
round2,1,66,1
round2,1,68.8,1
round2,1,70.7,1
round2,1,71.2,1
round2,1,74.5,1
round2,1,78.5,1
round2,1,79.3,1
round2,1,82.4,1
round2,1,83,1
round2,1,86.5,1
round2,1,86.9,1
round2,1,88.8,1
round2,1,88.9,1
round2,1,90.7,1
round2,1,91.2,1
round2,1,94.1,1
round2,1,94.6,1
round2,1.1,11.2,1
round2,1.1,11.3,1
round2,1.1,16,1
round2,1.1,18.5,1
round2,1.1,18.6,1
round2,1.1,18.7,1
round2,1.1,31.6,1
round2,1.1,32.2,1
round2,1.1,40.1,1
round2,1.1,48.4,1
round2,1.1,50.7,1
round2,1.1,53.1,1
round2,1.1,55.4,1
round2,1.1,62.2,1
round2,1.1,63.2,1
round2,1.1,76.6,1
round2,1.1,77.4,1
round2,1.1,79.3,1
round2,1.1,84.5,1
round2,1.1,89.8,1
round2,1.1,91,1
round2,1.1,92.9,1
round2,1.3,5.7,1
round2,1.3,9.3,1
round2,1.3,9.9,1
round2,1.3,11.4,1
round2,1.3,11.8,1
round2,1.3,12.6,1
round2,1.3,14.1,1
round2,1.3,18.9,1
round2,1.3,22.7,1
round2,1.3,23.3,1
round2,1.3,24.4,1
round2,1.3,25.7,1
round2,1.3,25.9,1
round2,1.3,26.8,1
round2,1.3,27,1
round2,1.3,28,1
round2,1.3,28.7,1
round2,1.3,29.2,1
round2,1.3,29.5,1
round2,1.3,31.3,1
round2,1.3,35.5,1
round2,1.3,36.1,1
round2,1.3,38,1
round2,1.3,38.2,1
round2,1.3,39.2,1
round2,1.3,44,1
round2,1.3,45,1
round2,1.3,45.3,1
round2,1.3,46.7,1
round2,1.3,46.8,1
round2,1.3,48,2
round2,1.3,48.9,2
round2,1.3,50.4,1
round2,1.3,53.6,1
round2,1.3,54.2,1
round2,1.3,56,1
round2,1.3,57.4,1
round2,1.3,57.6,1
round2,1.3,57.9,1
round2,1.3,59.2,1
round2,1.3,59.6,1
round2,1.3,60.4,1
round2,1.3,60.5,1
round2,1.3,60.8,1
round2,1.3,61.5,1
round2,1.3,63.4,1
round2,1.3,65.3,1
round2,1.3,65.7,1
round2,1.3,66.3,1
round2,1.3,67,1
round2,1.3,67.6,1
round2,1.3,68.8,1
round2,1.3,70.2,1
round2,1.3,70.3,1
round2,1.3,70.5,1
round2,1.3,71.1,1
round2,1.3,72.7,1
round2,1.3,73.5,1
round2,1.3,73.7,1
round2,1.3,76,1
round2,1.3,78.5,2
round2,1.3,79.1,1
round2,1.3,82.5,1
round2,1.3,82.6,1
round2,1.3,86.2,1
round2,1.3,87.1,1
round2,1.3,87.6,1
round2,1.3,89.6,1
round2,1.3,89.7,1
round2,1.3,91.4,1
round2,1.3,94.5,1
round2,1.3,95.7,1
round2,1.6,2,1
round2,1.6,2.9,1
round2,1.6,10.2,1
round2,1.6,11.6,1
round2,1.6,13.7,1
round2,1.6,14.5,1
round2,1.6,15.6,1
round2,1.6,16.4,1
round2,1.6,23.1,1
round2,1.6,24.4,1
round2,1.6,26,1
round2,1.6,31.3,1
round2,1.6,34.1,1
round2,1.6,39.2,1
round2,1.6,44.1,1
round2,1.6,44.8,1
round2,1.6,47.1,1
round2,1.6,49.1,1
round2,1.6,52,1
round2,1.6,61.8,1
round2,1.6,62.6,1
round2,1.6,66.1,1
round2,1.6,70.9,1
round2,1.6,72.1,1
round2,1.6,74.5,1
round2,1.6,76.2,1
round2,1.6,77.9,1
round2,1.6,79.4,1
round2,1.6,89.4,1
round2,1.6,94,1
round2,1.6,95.7,1
round2,1.8,1.3,1
round2,1.8,2.1,1
round2,1.8,3.7,1
round2,1.8,14.7,1
round2,1.8,16.8,1
round2,1.8,17,1
round2,1.8,18.8,1
round2,1.8,21.5,1
round2,1.8,23.3,1
round2,1.8,23.6,1
round2,1.8,26.5,1
round2,1.8,27,1
round2,1.8,27.8,1
round2,1.8,28.1,1
round2,1.8,28.2,1
round2,1.8,28.9,1
round2,1.8,30.9,1
round2,1.8,31.9,1
round2,1.8,34.8,1
round2,1.8,35,1
round2,1.8,37.7,1
round2,1.8,38.9,1
round2,1.8,40.7,1
round2,1.8,41.2,1
round2,1.8,41.7,1
round2,1.8,42,1
round2,1.8,42.6,1
round2,1.8,43,1
round2,1.8,43.7,1
round2,1.8,46.6,1
round2,1.8,46.7,1
round2,1.8,49.9,1
round2,1.8,50.8,1
round2,1.8,51,1
round2,1.8,51.5,1
round2,1.8,53.6,1
round2,1.8,56,1
round2,1.8,56.1,1
round2,1.8,58.7,1
round2,1.8,62.1,1
round2,1.8,63.3,1
round2,1.8,64.1,1
round2,1.8,64.4,1
round2,1.8,64.7,1
round2,1.8,66,1
round2,1.8,66.2,1
round2,1.8,68.3,1
round2,1.8,70.2,1
round2,1.8,73.3,1
round2,1.8,74.4,1
round2,1.8,75.3,1
round2,1.8,76.5,1
round2,1.8,78.4,1
round2,1.8,78.9,1
round2,1.8,79.8,1
round2,1.8,79.9,1
round2,1.8,81.1,1
round2,1.8,82.3,1
round2,1.8,84,1
round2,1.8,84.2,1
round2,1.8,86.8,1
round2,1.8,88.7,1
round2,1.8,91.4,1
round2,1.8,91.9,1
round2,1.8,92.3,1
round2,1.8,92.5,1
round2,1.8,94,1
round2,1.8,96.7,1
round2,1.8,97.6,1
round2,2,2,1
round2,2,4,1
round2,2,8.3,1
round2,2,8.6,1
round2,2,10.1,1
round2,2,11.3,1
round2,2,19.1,1
round2,2,22.3,1
round2,2,22.7,1
round2,2,25.3,1
round2,2,26.5,1
round2,2,27.2,1
round2,2,29.9,1
round2,2,32.3,1
round2,2,32.4,1
round2,2,34.3,1
round2,2,43.2,1
round2,2,43.8,1
round2,2,44.3,1
round2,2,45.3,1
round2,2,48.4,1
round2,2,49,1
round2,2,55.7,1
round2,2,58.1,1
round2,2,59.9,1
round2,2,60,2
round2,2,64.3,1
round2,2,64.5,1
round2,2,67.9,1
round2,2,68.7,1
round2,2,76.1,1
round2,2,78.5,1
round2,2,80.5,1
round2,2,87,1
round2,2,88.6,1
round2,2,89.1,1
round2,2,92.9,1
round2,2,94,1
round2,2,94.5,1
round2,2,96.2,1
round2,2,96.8,1
round2,2,97,1
round2,2,98.2,1
round2,2,99.8,1
round2,2.4,2.9,1
round2,2.4,13.4,1
round2,2.4,14.1,1
round2,2.4,16.4,1
round2,2.4,16.5,1
round2,2.4,16.7,1
round2,2.4,19.5,1
round2,2.4,21.2,1
round2,2.4,21.6,1
round2,2.4,22.5,1
round2,2.4,22.6,1
round2,2.4,22.9,1
round2,2.4,23.7,1
round2,2.4,27.5,1
round2,2.4,28.1,1
round2,2.4,28.4,2
round2,2.4,28.9,1
round2,2.4,29.7,1
round2,2.4,30.3,1
round2,2.4,32.5,1
round2,2.4,33.1,1
round2,2.4,34,1
round2,2.4,34.1,1
round2,2.4,35.1,1
round2,2.4,35.3,2
round2,2.4,35.8,1
round2,2.4,37.2,1
round2,2.4,37.7,1
round2,2.4,38.4,1
round2,2.4,39.3,1
round2,2.4,40.6,1
round2,2.4,40.9,1
round2,2.4,41.2,1
round2,2.4,41.3,1
round2,2.4,41.8,1
round2,2.4,41.9,1
round2,2.4,42.5,1
round2,2.4,43.7,1
round2,2.4,46.1,1
round2,2.4,46.2,1
round2,2.4,46.3,1
round2,2.4,46.8,1
round2,2.4,47.5,1
round2,2.4,48.2,1
round2,2.4,49.2,2
round2,2.4,50.7,1
round2,2.4,51,1
round2,2.4,51.5,1
round2,2.4,52,1
round2,2.4,52.6,1
round2,2.4,52.9,1
round2,2.4,54.6,1
round2,2.4,55.5,1
round2,2.4,57.1,1
round2,2.4,58.5,2
round2,2.4,59.5,1
round2,2.4,59.9,1
round2,2.4,60.3,1
round2,2.4,61.1,1
round2,2.4,61.7,1
round2,2.4,62,1
round2,2.4,64.4,1
round2,2.4,64.6,1
round2,2.4,66.6,1
round2,2.4,66.8,1
round2,2.4,66.9,1
round2,2.4,67.3,1
round2,2.4,67.5,1
round2,2.4,68,1
round2,2.4,68.7,1
round2,2.4,68.8,1
round2,2.4,69.8,1
round2,2.4,70.2,1
round2,2.4,71,1
round2,2.4,71.3,1
round2,2.4,71.4,1
round2,2.4,71.6,1
round2,2.4,71.9,1
round2,2.4,72,1
round2,2.4,72.1,1
round2,2.4,72.4,1
round2,2.4,72.7,1
round2,2.4,73,1
round2,2.4,73.6,2
round2,2.4,73.8,1
round2,2.4,73.9,1
round2,2.4,74.4,1
round2,2.4,75.1,1
round2,2.4,75.4,1
round2,2.4,75.7,1
round2,2.4,76.1,1
round2,2.4,76.3,1
round2,2.4,77,1
round2,2.4,77.1,1
round2,2.4,77.2,1
round2,2.4,78.8,1
round2,2.4,79.1,1
round2,2.4,79.5,1
round2,2.4,80.6,1
round2,2.4,82,1
round2,2.4,82.4,1
round2,2.4,83,1
round2,2.4,84.5,1
round2,2.4,84.9,1
round2,2.4,87.4,1
round2,2.4,87.5,1
round2,2.4,87.7,1
round2,2.4,88,1
round2,2.4,88.4,1
round2,2.4,89,2
round2,2.4,89.8,1
round2,2.4,90.1,1
round2,2.4,90.6,1
round2,2.4,91.5,1
round2,2.4,91.6,1
round2,2.4,91.8,1
round2,2.4,92.3,1
round2,2.4,92.7,1
round2,2.4,93.1,1
round2,2.4,93.3,1
round2,2.4,93.5,1
round2,2.4,94.8,1
round2,2.4,95,1
round2,2.4,95.6,1
round2,2.4,97.1,1
round2,2.4,97.6,1
round2,2.9,6.8,1
round2,2.9,8,2
round2,2.9,9.4,1
round2,2.9,14.1,1
round2,2.9,15.3,1
round2,2.9,17.9,1
round2,2.9,18,1
round2,2.9,19.4,1
round2,2.9,19.9,1
round2,2.9,25.2,1
round2,2.9,26.5,1
round2,2.9,27,1
round2,2.9,28.6,1
round2,2.9,30.2,1
round2,2.9,32.7,1
round2,2.9,33.4,1
round2,2.9,33.5,1
round2,2.9,33.7,2
round2,2.9,34,1
round2,2.9,34.9,1
round2,2.9,36.3,1
round2,2.9,36.5,1
round2,2.9,37.6,1
round2,2.9,42.3,1
round2,2.9,42.7,1
round2,2.9,43.2,1
round2,2.9,45.7,1
round2,2.9,46.4,1
round2,2.9,47.9,1
round2,2.9,48.1,1
round2,2.9,48.5,1
round2,2.9,49.5,1
round2,2.9,52.5,1
round2,2.9,53.4,1
round2,2.9,54.9,1
round2,2.9,55,1
round2,2.9,55.9,1
round2,2.9,56.9,1
round2,2.9,57.4,1
round2,2.9,57.9,1
round2,2.9,58.9,1
round2,2.9,59.5,1
round2,2.9,60.4,1
round2,2.9,61,1
round2,2.9,61.6,1
round2,2.9,63.9,1
round2,2.9,66.3,1
round2,2.9,66.5,1
round2,2.9,68.1,1
round2,2.9,69.6,1
round2,2.9,70,1
round2,2.9,71.8,1
round2,2.9,72.7,1
round2,2.9,74.8,1
round2,2.9,77.3,1
round2,2.9,77.5,1
round2,2.9,78.4,1
round2,2.9,81.1,1
round2,2.9,82.4,1
round2,2.9,82.7,1
round2,2.9,83.6,1
round2,2.9,83.8,1
round2,2.9,86.4,1
round2,2.9,89.8,1
round2,2.9,90.5,1
round2,2.9,91.2,1
round2,2.9,97.4,1
round2,2.9,99.9,1
round2,3.4,0.6,1
round2,3.4,1.9,1
round2,3.4,5.8,1
round2,3.4,6.1,1
round2,3.4,6.3,1
round2,3.4,9.3,1
round2,3.4,11.6,1
round2,3.4,11.9,1
round2,3.4,12.2,1
round2,3.4,13,1
round2,3.4,13.6,1
round2,3.4,14.5,2
round2,3.4,14.6,1
round2,3.4,15,1
round2,3.4,15.7,1
round2,3.4,16.4,1
round2,3.4,16.6,1
round2,3.4,16.8,1
round2,3.4,18.8,1
round2,3.4,19,1
round2,3.4,21,1
round2,3.4,24.4,1
round2,3.4,25.8,1
round2,3.4,26,1
round2,3.4,26.5,1
round2,3.4,26.7,1
round2,3.4,26.9,1
round2,3.4,27.3,1
round2,3.4,28.4,1
round2,3.4,29.5,1
round2,3.4,30.1,1
round2,3.4,30.2,1
round2,3.4,30.6,1
round2,3.4,31,1
round2,3.4,31.1,1
round2,3.4,31.6,1
round2,3.4,32.5,1
round2,3.4,33.1,1
round2,3.4,33.3,1
round2,3.4,33.4,1
round2,3.4,34.3,1
round2,3.4,34.4,1
round2,3.4,34.9,1
round2,3.4,36.1,1
round2,3.4,36.6,2
round2,3.4,37.1,1
round2,3.4,37.3,2
round2,3.4,38.4,1
round2,3.4,38.6,1
round2,3.4,39.4,1
round2,3.4,39.5,1
round2,3.4,39.6,3
round2,3.4,39.9,1
round2,3.4,41.3,1
round2,3.4,42,1
round2,3.4,42.4,1
round2,3.4,43.2,1
round2,3.4,43.8,1
round2,3.4,43.9,1
round2,3.4,44,1
round2,3.4,44.6,2
round2,3.4,44.7,1
round2,3.4,45,1
round2,3.4,45.4,3
round2,3.4,46.9,1
round2,3.4,49.7,1
round2,3.4,49.9,1
round2,3.4,50.2,2
round2,3.4,50.6,1
round2,3.4,51.3,1
round2,3.4,52.4,2
round2,3.4,52.6,1
round2,3.4,54.2,1
round2,3.4,54.4,1
round2,3.4,54.7,1
round2,3.4,55,1
round2,3.4,55.2,1
round2,3.4,56.3,1
round2,3.4,57,1
round2,3.4,57.2,1
round2,3.4,57.5,1
round2,3.4,57.8,1
round2,3.4,58.4,1
round2,3.4,59,1
round2,3.4,59.6,1
round2,3.4,59.9,1
round2,3.4,60.5,1
round2,3.4,60.8,1
round2,3.4,62.1,1
round2,3.4,62.8,1
round2,3.4,62.9,1
round2,3.4,64,1
round2,3.4,64.1,1
round2,3.4,64.9,1
round2,3.4,65.4,1
round2,3.4,65.5,1
round2,3.4,65.9,1
round2,3.4,66.5,1
round2,3.4,67.7,1
round2,3.4,69.6,1
round2,3.4,70.1,1
round2,3.4,70.2,1
round2,3.4,70.4,1
round2,3.4,70.7,1
round2,3.4,71.9,2
round2,3.4,72.3,1
round2,3.4,72.7,1
round2,3.4,73.2,1
round2,3.4,73.7,1
round2,3.4,73.8,1
round2,3.4,74.2,1
round2,3.4,74.5,2
round2,3.4,74.8,1
round2,3.4,75.5,1
round2,3.4,76.1,1
round2,3.4,76.2,1
round2,3.4,76.5,1
round2,3.4,76.7,1
round2,3.4,77.3,1
round2,3.4,77.4,1
round2,3.4,78.1,1
round2,3.4,78.7,1
round2,3.4,79,1
round2,3.4,79.5,1
round2,3.4,80.9,1
round2,3.4,81.2,1
round2,3.4,81.7,1
round2,3.4,82.1,1
round2,3.4,82.2,1
round2,3.4,82.3,2
round2,3.4,82.7,2
round2,3.4,83.3,1
round2,3.4,83.5,1
round2,3.4,84,1
round2,3.4,84.2,1
round2,3.4,84.5,1
round2,3.4,84.8,1
round2,3.4,85.4,1
round2,3.4,85.8,1
round2,3.4,86.4,1
round2,3.4,86.6,1
round2,3.4,86.8,1
round2,3.4,87,1
round2,3.4,88.3,1
round2,3.4,89.1,1
round2,3.4,89.2,1
round2,3.4,90.1,1
round2,3.4,90.2,1
round2,3.4,91.4,1
round2,3.4,92.1,1
round2,3.4,92.4,1
round2,3.4,93.3,1
round2,3.4,93.4,1
round2,3.4,93.5,1
round2,3.4,94.1,1
round2,3.4,94.3,1
round2,3.4,96.1,1
round2,3.4,96.9,1
round2,3.4,99.8,1
round2,3.4,99.9,1
round2,4.1,0.1,1
round2,4.1,1.5,1
round2,4.1,1.6,1
round2,4.1,7.2,1
round2,4.1,7.6,1
round2,4.1,8.6,1
round2,4.1,9.7,1
round2,4.1,9.9,2
round2,4.1,10.9,1
round2,4.1,11.1,1
round2,4.1,11.8,1
round2,4.1,11.9,1
round2,4.1,12.2,1
round2,4.1,13.5,1
round2,4.1,13.8,1
round2,4.1,14,1
round2,4.1,14.6,1
round2,4.1,15.2,1
round2,4.1,15.7,1
round2,4.1,16.5,1
round2,4.1,18,1
round2,4.1,18.5,1
round2,4.1,18.7,1
round2,4.1,19.5,1
round2,4.1,20,1
round2,4.1,20.4,1
round2,4.1,20.9,1
round2,4.1,21.1,1
round2,4.1,21.3,1
round2,4.1,21.4,1
round2,4.1,22.6,1
round2,4.1,24.5,1
round2,4.1,26.1,1
round2,4.1,28.1,2
round2,4.1,29.4,1
round2,4.1,30,1
round2,4.1,30.3,1
round2,4.1,30.9,1
round2,4.1,31.7,1
round2,4.1,31.9,1
round2,4.1,32.1,2
round2,4.1,32.8,1
round2,4.1,32.9,1
round2,4.1,33.9,1
round2,4.1,34.9,1
round2,4.1,35.8,1
round2,4.1,36.1,1
round2,4.1,36.4,1
round2,4.1,36.5,1
round2,4.1,37.4,1
round2,4.1,37.9,1
round2,4.1,38.5,1
round2,4.1,38.6,1
round2,4.1,39.4,1
round2,4.1,40.2,1
round2,4.1,40.5,1
round2,4.1,41.7,2
round2,4.1,42.3,1
round2,4.1,42.9,1
round2,4.1,44.2,1
round2,4.1,45,1
round2,4.1,45.3,1
round2,4.1,45.5,2
round2,4.1,45.6,1
round2,4.1,45.8,1
round2,4.1,46.3,1
round2,4.1,46.6,1
round2,4.1,47.8,1
round2,4.1,48.6,1
round2,4.1,50.5,1
round2,4.1,51,1
round2,4.1,51.3,1
round2,4.1,51.6,2
round2,4.1,53,1
round2,4.1,53.9,1
round2,4.1,55.3,1
round2,4.1,56.6,1
round2,4.1,57.8,1
round2,4.1,58.4,1
round2,4.1,58.8,1
round2,4.1,59.6,1
round2,4.1,59.8,1
round2,4.1,61.8,2
round2,4.1,63.9,1
round2,4.1,65,1
round2,4.1,65.4,1
round2,4.1,66.7,1
round2,4.1,66.9,1
round2,4.1,67.1,1
round2,4.1,67.3,1
round2,4.1,68.7,1
round2,4.1,68.8,1
round2,4.1,69.5,1
round2,4.1,69.8,2
round2,4.1,71.4,1
round2,4.1,72.1,3
round2,4.1,72.4,1
round2,4.1,73,1
round2,4.1,73.6,1
round2,4.1,73.7,1
round2,4.1,73.9,1
round2,4.1,74.8,1
round2,4.1,75.1,1
round2,4.1,75.8,1
round2,4.1,76.5,1
round2,4.1,77.3,2
round2,4.1,78.4,1
round2,4.1,78.5,1
round2,4.1,78.7,1
round2,4.1,79.2,1
round2,4.1,79.4,1
round2,4.1,79.6,1
round2,4.1,81,1
round2,4.1,81.8,1
round2,4.1,83,1
round2,4.1,85.9,2
round2,4.1,86,1
round2,4.1,89.1,1
round2,4.1,90,1
round2,4.1,90.9,1
round2,4.1,92,1
round2,4.1,93.3,2
round2,4.1,93.8,1
round2,4.1,95.4,1
round2,4.1,97,1
round2,4.9,2.1,1
round2,4.9,4.4,1
round2,4.9,4.6,2
round2,4.9,5.9,1
round2,4.9,6.6,2
round2,4.9,7.1,1
round2,4.9,8.1,1
round2,4.9,8.7,1
round2,4.9,8.8,1
round2,4.9,9.5,1
round2,4.9,10.4,1
round2,4.9,10.6,1
round2,4.9,10.8,1
round2,4.9,10.9,1
round2,4.9,11.3,1
round2,4.9,11.4,1
round2,4.9,12.3,1
round2,4.9,12.9,1
round2,4.9,14.4,1
round2,4.9,14.6,1
round2,4.9,14.7,1
round2,4.9,15.3,2
round2,4.9,15.6,1
round2,4.9,17.3,2
round2,4.9,17.5,1
round2,4.9,19.5,1
round2,4.9,19.9,2
round2,4.9,20.2,1
round2,4.9,20.8,1
round2,4.9,21.1,1
round2,4.9,21.3,1
round2,4.9,21.4,1
round2,4.9,22.2,1
round2,4.9,22.3,2
round2,4.9,23.3,1
round2,4.9,24.9,1
round2,4.9,25.1,1
round2,4.9,25.2,1
round2,4.9,25.4,1
round2,4.9,25.9,1
round2,4.9,26.8,1
round2,4.9,27.1,1
round2,4.9,27.2,1
round2,4.9,27.7,2
round2,4.9,27.8,1
round2,4.9,28,1
round2,4.9,28.6,1
round2,4.9,29.4,1
round2,4.9,29.5,1
round2,4.9,30.4,1
round2,4.9,31.7,1
round2,4.9,32.1,1
round2,4.9,32.7,1
round2,4.9,32.9,1
round2,4.9,34,1
round2,4.9,34.6,1
round2,4.9,35.3,1
round2,4.9,35.4,2
round2,4.9,36.1,1
round2,4.9,37.9,1
round2,4.9,38.6,2
round2,4.9,38.8,1
round2,4.9,40.2,1
round2,4.9,40.3,1
round2,4.9,40.8,1
round2,4.9,41.9,1
round2,4.9,42,1
round2,4.9,42.3,1
round2,4.9,42.7,1
round2,4.9,42.8,2
round2,4.9,43.9,1
round2,4.9,44.1,1
round2,4.9,44.3,1
round2,4.9,44.8,1
round2,4.9,45,1
round2,4.9,46.1,1
round2,4.9,46.2,1
round2,4.9,46.8,1
round2,4.9,47.1,1
round2,4.9,47.7,1
round2,4.9,47.9,1
round2,4.9,48.1,1
round2,4.9,49.2,1
round2,4.9,49.3,1
round2,4.9,49.4,2
round2,4.9,50.2,1
round2,4.9,50.3,1
round2,4.9,50.6,1
round2,4.9,51,1
round2,4.9,51.2,1
round2,4.9,52.3,1
round2,4.9,53,1
round2,4.9,53.3,1
round2,4.9,54.3,1
round2,4.9,54.9,3
round2,4.9,55,1
round2,4.9,55.9,1
round2,4.9,56.1,1
round2,4.9,56.3,1
round2,4.9,57.1,1
round2,4.9,57.2,1
round2,4.9,57.3,1
round2,4.9,57.4,1
round2,4.9,57.8,1
round2,4.9,58.4,1
round2,4.9,58.7,1
round2,4.9,59.3,1
round2,4.9,59.5,1
round2,4.9,59.8,1
round2,4.9,60.7,2
round2,4.9,61.3,2
round2,4.9,61.7,1
round2,4.9,62.1,1
round2,4.9,62.2,2
round2,4.9,64.4,1
round2,4.9,65.6,1
round2,4.9,65.8,1
round2,4.9,66.5,1
round2,4.9,66.6,2
round2,4.9,66.9,1
round2,4.9,67.3,1
round2,4.9,67.6,3
round2,4.9,67.9,1
round2,4.9,68.2,2
round2,4.9,68.6,1
round2,4.9,69.3,1
round2,4.9,69.7,1
round2,4.9,70.4,2
round2,4.9,70.6,1
round2,4.9,71,1
round2,4.9,71.2,1
round2,4.9,71.3,1
round2,4.9,71.4,1
round2,4.9,72.4,1
round2,4.9,72.6,1
round2,4.9,74.8,1
round2,4.9,75.2,1
round2,4.9,75.5,1
round2,4.9,75.7,1
round2,4.9,76,1
round2,4.9,76.1,1
round2,4.9,76.3,2
round2,4.9,76.4,1
round2,4.9,77,1
round2,4.9,77.2,1
round2,4.9,77.8,1
round2,4.9,78.4,1
round2,4.9,78.5,1
round2,4.9,78.8,1
round2,4.9,79.4,1
round2,4.9,79.6,1
round2,4.9,79.9,1
round2,4.9,80,1
round2,4.9,81,1
round2,4.9,81.4,1
round2,4.9,81.5,1
round2,4.9,81.8,1
round2,4.9,82.4,1
round2,4.9,83.1,1
round2,4.9,83.2,1
round2,4.9,84,1
round2,4.9,84.2,1
round2,4.9,84.6,1
round2,4.9,84.9,1
round2,4.9,85.4,1
round2,4.9,86,1
round2,4.9,86.1,1
round2,4.9,86.9,1
round2,4.9,87.4,1
round2,4.9,87.5,1
round2,4.9,87.9,1
round2,4.9,88,1
round2,4.9,88.1,1
round2,4.9,88.4,1
round2,4.9,88.7,1
round2,4.9,89,1
round2,4.9,89.3,1
round2,4.9,89.7,2
round2,4.9,90.1,1
round2,4.9,90.4,1
round2,4.9,90.6,1
round2,4.9,91.3,1
round2,4.9,91.8,1
round2,4.9,92,1
round2,4.9,92.8,1
round2,4.9,95.4,1
round2,4.9,96,1
round2,4.9,96.3,1
round2,4.9,96.8,1
round2,4.9,97,1
round2,4.9,97.6,2
round2,4.9,98.1,1
round2,4.9,98.4,1
round2,5.8,1.6,1
round2,5.8,4.3,1
round2,5.8,5.9,1
round2,5.8,6.2,1
round2,5.8,7.1,1
round2,5.8,7.4,1
round2,5.8,7.5,2
round2,5.8,8.1,1
round2,5.8,8.5,1
round2,5.8,8.7,1
round2,5.8,9,1
round2,5.8,9.3,1
round2,5.8,9.8,1
round2,5.8,10.1,1
round2,5.8,11,1
round2,5.8,12.1,1
round2,5.8,12.2,1
round2,5.8,12.5,1
round2,5.8,12.6,1
round2,5.8,13.7,2
round2,5.8,13.8,1
round2,5.8,14.5,1
round2,5.8,15.2,1
round2,5.8,15.3,1
round2,5.8,15.7,1
round2,5.8,16.1,1
round2,5.8,17.7,1
round2,5.8,18.3,1
round2,5.8,19.1,1
round2,5.8,19.2,1
round2,5.8,20.1,1
round2,5.8,21.8,1
round2,5.8,21.9,1
round2,5.8,22.1,2
round2,5.8,22.2,1
round2,5.8,22.4,1
round2,5.8,22.5,1
round2,5.8,22.8,1
round2,5.8,22.9,2
round2,5.8,25.3,1
round2,5.8,25.6,1
round2,5.8,26.2,1
round2,5.8,26.6,1
round2,5.8,26.9,1
round2,5.8,27.8,1
round2,5.8,28,1
round2,5.8,28.2,1
round2,5.8,28.8,1
round2,5.8,29.2,1
round2,5.8,29.3,1
round2,5.8,29.4,1
round2,5.8,29.6,2
round2,5.8,29.8,1
round2,5.8,30.5,1
round2,5.8,30.7,2
round2,5.8,31.9,1
round2,5.8,32,1
round2,5.8,32.2,1
round2,5.8,33.3,1
round2,5.8,33.4,3
round2,5.8,34.2,1
round2,5.8,34.6,1
round2,5.8,34.7,1
round2,5.8,35.2,1
round2,5.8,35.3,2
round2,5.8,36.1,1
round2,5.8,36.4,1
round2,5.8,37.3,2
round2,5.8,37.9,1
round2,5.8,38,1
round2,5.8,39.8,1
round2,5.8,39.9,1
round2,5.8,40.8,1
round2,5.8,41.7,1
round2,5.8,43.8,1
round2,5.8,44.6,1
round2,5.8,45.4,1
round2,5.8,46.2,1
round2,5.8,46.9,1
round2,5.8,47.4,1
round2,5.8,47.7,1
round2,5.8,48.5,1
round2,5.8,48.6,1
round2,5.8,49,1
round2,5.8,49.3,1
round2,5.8,49.8,2
round2,5.8,49.9,1
round2,5.8,50.5,1
round2,5.8,51.6,1
round2,5.8,51.7,1
round2,5.8,52.3,2
round2,5.8,52.5,1
round2,5.8,52.7,1
round2,5.8,52.8,2
round2,5.8,54.8,1
round2,5.8,56,1
round2,5.8,56.5,1
round2,5.8,57.8,1
round2,5.8,58.3,1
round2,5.8,58.6,1
round2,5.8,59.8,1
round2,5.8,59.9,1
round2,5.8,60.3,1
round2,5.8,60.4,1
round2,5.8,60.6,1
round2,5.8,62.3,1
round2,5.8,63.1,1
round2,5.8,64,1
round2,5.8,64.4,1
round2,5.8,64.5,1
round2,5.8,64.9,1
round2,5.8,66.4,1
round2,5.8,66.6,1
round2,5.8,67.4,2
round2,5.8,68.1,1
round2,5.8,68.2,1
round2,5.8,69.8,1
round2,5.8,70.2,2
round2,5.8,70.8,1
round2,5.8,71.9,1
round2,5.8,72,1
round2,5.8,73.1,1
round2,5.8,73.2,1
round2,5.8,74.2,1
round2,5.8,74.8,1
round2,5.8,76,1
round2,5.8,76.8,1
round2,5.8,77.7,1
round2,5.8,78.4,1
round2,5.8,78.8,1
round2,5.8,79.6,1
round2,5.8,80.3,1
round2,5.8,81.1,1
round2,5.8,81.7,1
round2,5.8,82.2,1
round2,5.8,82.9,1
round2,5.8,83.2,1
round2,5.8,83.4,1
round2,5.8,83.6,1
round2,5.8,84.2,1
round2,5.8,84.3,1
round2,5.8,84.4,1
round2,5.8,84.9,1
round2,5.8,85.4,1
round2,5.8,85.8,1
round2,5.8,87.3,1
round2,5.8,88.6,1
round2,5.8,89.1,1
round2,5.8,89.8,1
round2,5.8,90.3,1
round2,5.8,91.1,1
round2,5.8,91.6,1
round2,5.8,91.8,1
round2,5.8,92,1
round2,5.8,93.9,1
round2,5.8,97.4,1
round2,5.8,98.3,1
round2,5.8,99.7,1
round2,6.8,0.3,1
round2,6.8,1.8,1
round2,6.8,2.2,1
round2,6.8,2.4,1
round2,6.8,3.1,1
round2,6.8,3.3,1
round2,6.8,3.7,2
round2,6.8,4.1,1
round2,6.8,5.5,1
round2,6.8,8.3,1
round2,6.8,9.7,1
round2,6.8,9.8,1
round2,6.8,10,1
round2,6.8,10.1,1
round2,6.8,10.2,1
round2,6.8,10.3,1
round2,6.8,10.4,2
round2,6.8,11,2
round2,6.8,11.2,1
round2,6.8,12.1,1
round2,6.8,12.2,1
round2,6.8,12.3,1
round2,6.8,12.5,1
round2,6.8,14.6,1
round2,6.8,15,2
round2,6.8,15.1,1
round2,6.8,15.4,1
round2,6.8,15.6,1
round2,6.8,16.3,1
round2,6.8,16.7,1
round2,6.8,18.1,1
round2,6.8,18.3,1
round2,6.8,18.4,2
round2,6.8,18.5,1
round2,6.8,18.8,2
round2,6.8,19.4,1
round2,6.8,19.5,1
round2,6.8,19.7,1
round2,6.8,20,1
round2,6.8,20.1,1
round2,6.8,20.4,2
round2,6.8,20.5,1
round2,6.8,20.6,1
round2,6.8,20.9,1
round2,6.8,21.5,1
round2,6.8,21.7,1
round2,6.8,21.8,1
round2,6.8,22.6,1
round2,6.8,22.8,2
round2,6.8,22.9,1
round2,6.8,24,1
round2,6.8,24.5,1
round2,6.8,25.4,1
round2,6.8,25.5,1
round2,6.8,25.7,1
round2,6.8,25.9,1
round2,6.8,26.2,1
round2,6.8,26.4,1
round2,6.8,26.8,1
round2,6.8,27.6,1
round2,6.8,27.8,1
round2,6.8,27.9,1
round2,6.8,28,1
round2,6.8,28.5,1
round2,6.8,28.6,1
round2,6.8,29.1,1
round2,6.8,29.5,2
round2,6.8,29.9,1
round2,6.8,30,2
round2,6.8,30.2,1
round2,6.8,30.4,1
round2,6.8,30.5,2
round2,6.8,30.6,1
round2,6.8,30.7,1
round2,6.8,31.7,2
round2,6.8,31.9,1
round2,6.8,32.1,1
round2,6.8,32.6,1
round2,6.8,33.5,1
round2,6.8,33.9,1
round2,6.8,34.7,2
round2,6.8,35,1
round2,6.8,35.3,1
round2,6.8,35.4,1
round2,6.8,36.2,1
round2,6.8,37.7,1
round2,6.8,38,1
round2,6.8,38.1,1
round2,6.8,38.9,1
round2,6.8,39,2
round2,6.8,39.3,1
round2,6.8,39.4,1
round2,6.8,39.8,1
round2,6.8,40.3,1
round2,6.8,40.6,1
round2,6.8,40.7,1
round2,6.8,40.8,1
round2,6.8,40.9,1
round2,6.8,41.3,1
round2,6.8,41.8,1
round2,6.8,42.1,1
round2,6.8,42.2,1
round2,6.8,42.3,1
round2,6.8,42.5,1
round2,6.8,42.9,1
round2,6.8,43.2,1
round2,6.8,43.8,1
round2,6.8,44.1,1
round2,6.8,44.2,2
round2,6.8,45.1,1
round2,6.8,45.2,1
round2,6.8,45.3,1
round2,6.8,45.5,1
round2,6.8,46.3,1
round2,6.8,46.4,1
round2,6.8,47.1,1
round2,6.8,47.4,1
round2,6.8,47.5,1
round2,6.8,48.2,1
round2,6.8,48.8,2
round2,6.8,49.1,1
round2,6.8,50.2,1
round2,6.8,50.6,1
round2,6.8,51.3,1
round2,6.8,51.6,1
round2,6.8,51.8,2
round2,6.8,52,1
round2,6.8,52.1,1
round2,6.8,52.2,1
round2,6.8,52.4,1
round2,6.8,52.5,2
round2,6.8,52.7,1
round2,6.8,53.5,1
round2,6.8,53.8,1
round2,6.8,54,1
round2,6.8,54.1,1
round2,6.8,54.2,1
round2,6.8,55.8,1
round2,6.8,56.6,1
round2,6.8,57.4,1
round2,6.8,57.7,1
round2,6.8,57.8,1
round2,6.8,57.9,1
round2,6.8,58,1
round2,6.8,58.1,1
round2,6.8,58.8,2
round2,6.8,59.2,2
round2,6.8,59.6,1
round2,6.8,59.9,1
round2,6.8,60.5,1
round2,6.8,60.8,1
round2,6.8,61,1
round2,6.8,61.7,1
round2,6.8,61.8,1
round2,6.8,61.9,1
round2,6.8,62.1,1
round2,6.8,62.3,1
round2,6.8,63.1,1
round2,6.8,63.5,1
round2,6.8,63.6,2
round2,6.8,63.9,1
round2,6.8,64.2,1
round2,6.8,65.1,1
round2,6.8,65.5,2
round2,6.8,65.8,1
round2,6.8,66,1
round2,6.8,66.1,1
round2,6.8,66.3,1
round2,6.8,66.6,1
round2,6.8,67,1
round2,6.8,67.3,2
round2,6.8,68.1,1
round2,6.8,68.2,1
round2,6.8,68.4,1
round2,6.8,68.8,1
round2,6.8,69.1,1
round2,6.8,69.3,1
round2,6.8,69.4,1
round2,6.8,69.5,1
round2,6.8,70.4,1
round2,6.8,70.6,1
round2,6.8,71.5,1
round2,6.8,71.6,1
round2,6.8,71.7,1
round2,6.8,72.1,1
round2,6.8,72.2,1
round2,6.8,72.3,1
round2,6.8,72.8,1
round2,6.8,73.2,2
round2,6.8,73.5,1
round2,6.8,73.9,1
round2,6.8,74.6,1
round2,6.8,74.9,1
round2,6.8,75.1,2
round2,6.8,75.2,2
round2,6.8,75.9,1
round2,6.8,76.8,2
round2,6.8,76.9,2
round2,6.8,77.2,1
round2,6.8,77.9,1
round2,6.8,78,1
round2,6.8,78.3,1
round2,6.8,78.6,1
round2,6.8,78.9,1
round2,6.8,79.6,1
round2,6.8,79.7,2
round2,6.8,80.3,1
round2,6.8,81.2,1
round2,6.8,83.2,1
round2,6.8,83.3,2
round2,6.8,83.8,1
round2,6.8,84,1
round2,6.8,84.1,1
round2,6.8,84.3,1
round2,6.8,84.8,3
round2,6.8,85.1,1
round2,6.8,85.2,1
round2,6.8,85.5,1
round2,6.8,85.6,1
round2,6.8,85.9,1
round2,6.8,86.4,1
round2,6.8,86.6,1
round2,6.8,86.9,1
round2,6.8,88.3,1
round2,6.8,90,1
round2,6.8,90.5,1
round2,6.8,91.1,1
round2,6.8,92,1
round2,6.8,92.6,1
round2,6.8,92.8,1
round2,6.8,92.9,1
round2,6.8,93.1,1
round2,6.8,93.2,1
round2,6.8,93.4,1
round2,6.8,94.2,1
round2,6.8,94.4,2
round2,6.8,94.5,1
round2,6.8,94.9,2
round2,6.8,95.3,2
round2,6.8,95.6,1
round2,6.8,95.9,1
round2,6.8,96,1
round2,6.8,99.5,1
round2,6.8,99.8,1
round2,8,1.2,1
round2,8,2,1
round2,8,2.1,1
round2,8,2.8,1
round2,8,3.1,1
round2,8,3.2,1
round2,8,3.3,1
round2,8,3.7,1
round2,8,3.8,1
round2,8,4.5,2
round2,8,4.6,1
round2,8,4.8,1
round2,8,4.9,1
round2,8,5,1
round2,8,5.2,1
round2,8,5.3,1
round2,8,5.4,1
round2,8,5.5,1
round2,8,5.7,1
round2,8,5.8,1
round2,8,6,1
round2,8,6.1,1
round2,8,6.6,1
round2,8,6.9,1
round2,8,7.4,1
round2,8,7.5,2
round2,8,7.9,1
round2,8,8.5,1
round2,8,9.1,1
round2,8,9.2,1
round2,8,9.3,2
round2,8,9.4,1
round2,8,9.8,1
round2,8,10.9,1
round2,8,11,1
round2,8,11.2,1
round2,8,11.7,2
round2,8,11.9,1
round2,8,12,2
round2,8,12.6,1
round2,8,12.9,1
round2,8,13,1
round2,8,13.2,1
round2,8,13.7,1
round2,8,13.8,2
round2,8,14.1,1
round2,8,14.2,1
round2,8,15.1,2
round2,8,15.2,2
round2,8,15.8,1
round2,8,16.2,1
round2,8,16.5,1
round2,8,16.9,1
round2,8,17.2,1
round2,8,17.5,2
round2,8,17.6,1
round2,8,17.8,1
round2,8,18.5,1
round2,8,18.7,1
round2,8,19.3,1
round2,8,21.3,1
round2,8,21.6,1
round2,8,21.8,1
round2,8,23.2,1
round2,8,23.6,1
round2,8,24.7,1
round2,8,24.8,1
round2,8,24.9,1
round2,8,25.4,1
round2,8,25.5,1
round2,8,25.9,1
round2,8,27.1,1
round2,8,27.3,1
round2,8,27.5,1
round2,8,27.8,1
round2,8,28,1
round2,8,28.3,1
round2,8,29,1
round2,8,29.5,1
round2,8,29.6,1
round2,8,29.7,1
round2,8,29.8,2
round2,8,30,1
round2,8,30.2,1
round2,8,30.5,1
round2,8,30.8,1
round2,8,30.9,1
round2,8,31.5,1
round2,8,31.6,1
round2,8,31.7,1
round2,8,31.8,2
round2,8,31.9,1
round2,8,32.2,1
round2,8,33.5,1
round2,8,33.6,1
round2,8,33.7,1
round2,8,33.8,1
round2,8,33.9,2
round2,8,35.1,1
round2,8,35.4,1
round2,8,35.5,1
round2,8,35.7,1
round2,8,36.1,1
round2,8,36.2,1
round2,8,36.7,1
round2,8,36.8,1
round2,8,37,1
round2,8,37.8,1
round2,8,37.9,1
round2,8,38.7,1
round2,8,39.3,1
round2,8,39.5,1
round2,8,39.9,1
round2,8,40,1
round2,8,40.7,1
round2,8,40.9,1
round2,8,41.1,3
round2,8,41.3,1
round2,8,41.9,2
round2,8,42,2
round2,8,42.2,1
round2,8,42.5,1
round2,8,42.6,1
round2,8,42.7,1
round2,8,43.3,1
round2,8,43.7,2
round2,8,43.9,1
round2,8,44.1,1
round2,8,44.5,1
round2,8,44.8,2
round2,8,45.2,1
round2,8,45.5,1
round2,8,45.6,1
round2,8,45.7,1
round2,8,46.3,1
round2,8,46.6,1
round2,8,47.9,2
round2,8,48.9,1
round2,8,49,1
round2,8,49.8,1
round2,8,50,2
round2,8,50.1,1
round2,8,50.4,1
round2,8,51.1,1
round2,8,51.3,1
round2,8,51.6,1
round2,8,51.8,1
round2,8,52,1
round2,8,52.1,3
round2,8,52.3,1
round2,8,52.8,1
round2,8,53,1
round2,8,53.3,1
round2,8,53.8,1
round2,8,54.8,1
round2,8,55.3,2
round2,8,55.5,1
round2,8,55.8,1
round2,8,56,1
round2,8,56.8,2
round2,8,56.9,1
round2,8,57.5,1
round2,8,57.6,1
round2,8,58,2
round2,8,58.2,2
round2,8,58.4,1
round2,8,58.6,1
round2,8,58.9,2
round2,8,59.6,1
round2,8,59.7,1
round2,8,59.8,1
round2,8,59.9,1
round2,8,60,1
round2,8,60.1,3
round2,8,61.2,2
round2,8,61.6,1
round2,8,62.4,1
round2,8,62.7,1
round2,8,63.3,1
round2,8,64.1,1
round2,8,64.2,1
round2,8,65.9,1
round2,8,66.5,1
round2,8,66.8,1
round2,8,67.5,1
round2,8,67.9,1
round2,8,68,1
round2,8,68.5,1
round2,8,68.9,1
round2,8,69.2,1
round2,8,70.9,1
round2,8,71.6,1
round2,8,71.9,1
round2,8,72.2,2
round2,8,72.5,1
round2,8,72.6,3
round2,8,73,1
round2,8,73.8,1
round2,8,74.3,1
round2,8,74.6,1
round2,8,75.2,1
round2,8,76.1,1
round2,8,76.4,1
round2,8,76.6,1
round2,8,77.2,1
round2,8,77.7,1
round2,8,77.9,1
round2,8,78.2,1
round2,8,78.8,1
round2,8,78.9,1
round2,8,79.3,1
round2,8,79.6,1
round2,8,79.8,1
round2,8,80.1,2
round2,8,80.2,1
round2,8,80.8,1
round2,8,81.3,1
round2,8,81.6,1
round2,8,82.1,2
round2,8,82.7,1
round2,8,82.9,1
round2,8,83.5,1
round2,8,85.6,1
round2,8,86.5,1
round2,8,87.3,1
round2,8,87.4,1
round2,8,87.6,1
round2,8,87.7,1
round2,8,87.9,1
round2,8,89.2,1
round2,8,89.4,1
round2,8,89.7,1
round2,8,89.9,2
round2,8,90.5,1
round2,8,90.8,1
round2,8,90.9,1
round2,8,91.2,1
round2,8,92.1,1
round2,8,92.4,2
round2,8,95.2,2
round2,8,95.4,1
round2,8,96,2
round2,8,96.5,1
round2,8,97.8,1
round2,8,98.5,1
round2,8,99.5,1
round2,8,99.7,1
round2,9.5,0.4,1
round2,9.5,0.6,1
round2,9.5,0.7,2
round2,9.5,1.3,1
round2,9.5,2.5,1
round2,9.5,2.6,1
round2,9.5,3,1
round2,9.5,3.1,1
round2,9.5,3.3,3
round2,9.5,3.5,1
round2,9.5,3.6,1
round2,9.5,3.8,1
round2,9.5,3.9,1
round2,9.5,4.1,1
round2,9.5,4.2,1
round2,9.5,4.4,1
round2,9.5,4.5,1
round2,9.5,4.6,1
round2,9.5,4.9,1
round2,9.5,5,1
round2,9.5,6,1
round2,9.5,6.3,1
round2,9.5,6.5,1
round2,9.5,6.6,1
round2,9.5,6.8,1
round2,9.5,7.5,1
round2,9.5,7.7,1
round2,9.5,8,1
round2,9.5,8.3,1
round2,9.5,9.8,1
round2,9.5,9.9,1
round2,9.5,10.3,1
round2,9.5,10.6,1
round2,9.5,10.9,1
round2,9.5,11.1,1
round2,9.5,11.2,1
round2,9.5,11.4,2
round2,9.5,11.5,1
round2,9.5,11.6,1
round2,9.5,11.8,1
round2,9.5,11.9,1
round2,9.5,12.2,1
round2,9.5,12.3,1
round2,9.5,12.7,1
round2,9.5,12.9,2
round2,9.5,13.3,1
round2,9.5,13.5,1
round2,9.5,13.7,1
round2,9.5,13.8,1
round2,9.5,14.7,1
round2,9.5,14.8,2
round2,9.5,14.9,3
round2,9.5,15.1,1
round2,9.5,15.2,1
round2,9.5,15.3,1
round2,9.5,15.6,1
round2,9.5,15.7,1
round2,9.5,15.8,1
round2,9.5,15.9,1
round2,9.5,16,1
round2,9.5,16.3,1
round2,9.5,16.6,1
round2,9.5,16.7,1
round2,9.5,16.8,1
round2,9.5,17.1,1
round2,9.5,17.2,2
round2,9.5,17.4,1
round2,9.5,17.5,2
round2,9.5,18,1
round2,9.5,18.1,1
round2,9.5,18.2,1
round2,9.5,18.3,1
round2,9.5,18.6,2
round2,9.5,18.7,3
round2,9.5,18.8,1
round2,9.5,18.9,1
round2,9.5,19.4,1
round2,9.5,19.6,2
round2,9.5,19.7,1
round2,9.5,20.3,1
round2,9.5,20.4,2
round2,9.5,20.6,1
round2,9.5,21,1
round2,9.5,21.4,2
round2,9.5,21.6,1
round2,9.5,22.2,1
round2,9.5,22.6,1
round2,9.5,23,1
round2,9.5,23.7,1
round2,9.5,23.8,1
round2,9.5,24.1,1
round2,9.5,24.5,1
round2,9.5,24.6,2
round2,9.5,25.3,1
round2,9.5,25.5,1
round2,9.5,25.6,1
round2,9.5,25.7,1
round2,9.5,25.8,1
round2,9.5,26,1
round2,9.5,26.7,2
round2,9.5,27.5,2
round2,9.5,27.8,1
round2,9.5,27.9,1
round2,9.5,28.2,2
round2,9.5,28.9,1
round2,9.5,29.2,1
round2,9.5,29.7,1
round2,9.5,30.4,2
round2,9.5,30.6,2
round2,9.5,30.7,2
round2,9.5,30.8,1
round2,9.5,31.2,1
round2,9.5,31.3,1
round2,9.5,31.9,2
round2,9.5,32,1
round2,9.5,32.1,1
round2,9.5,32.4,3
round2,9.5,32.5,1
round2,9.5,32.8,1
round2,9.5,32.9,1
round2,9.5,33.5,1
round2,9.5,33.7,1
round2,9.5,33.8,1
round2,9.5,33.9,1
round2,9.5,34.2,2
round2,9.5,34.4,1
round2,9.5,34.5,1
round2,9.5,34.6,1
round2,9.5,35.1,3
round2,9.5,35.4,2
round2,9.5,35.5,1
round2,9.5,35.8,1
round2,9.5,36,1
round2,9.5,36.4,1
round2,9.5,37,1
round2,9.5,37.5,1
round2,9.5,37.8,1
round2,9.5,38.1,2
round2,9.5,38.9,2
round2,9.5,39,2
round2,9.5,39.1,1
round2,9.5,39.4,1
round2,9.5,40,1
round2,9.5,40.1,1
round2,9.5,40.2,1
round2,9.5,40.3,1
round2,9.5,40.6,1
round2,9.5,41,2
round2,9.5,41.5,1
round2,9.5,41.9,1
round2,9.5,42,1
round2,9.5,42.4,1
round2,9.5,42.6,1
round2,9.5,42.7,1
round2,9.5,43.1,2
round2,9.5,43.5,2
round2,9.5,43.6,1
round2,9.5,44,1
round2,9.5,44.2,1
round2,9.5,44.4,1
round2,9.5,44.9,1
round2,9.5,45.1,1
round2,9.5,45.4,2
round2,9.5,45.7,1
round2,9.5,46.1,1
round2,9.5,46.5,1
round2,9.5,46.7,1
round2,9.5,46.9,1
round2,9.5,47,1
round2,9.5,47.3,1
round2,9.5,47.5,1
round2,9.5,47.6,1
round2,9.5,47.9,1
round2,9.5,48.3,2
round2,9.5,48.4,1
round2,9.5,48.7,1
round2,9.5,48.9,2
round2,9.5,49.1,1
round2,9.5,49.5,2
round2,9.5,49.7,1
round2,9.5,50.3,1
round2,9.5,50.4,1
round2,9.5,50.8,1
round2,9.5,50.9,1
round2,9.5,51,2
round2,9.5,51.5,2
round2,9.5,52.1,3
round2,9.5,52.4,2
round2,9.5,52.9,1
round2,9.5,53.1,1
round2,9.5,53.3,1
round2,9.5,53.4,1
round2,9.5,53.9,1
round2,9.5,54.4,1
round2,9.5,54.7,1
round2,9.5,55.4,1
round2,9.5,55.5,1
round2,9.5,55.8,1
round2,9.5,56.6,1
round2,9.5,56.8,1
round2,9.5,57,1
round2,9.5,57.1,1
round2,9.5,57.3,1
round2,9.5,57.5,1
round2,9.5,57.6,1
round2,9.5,58,1
round2,9.5,58.2,1
round2,9.5,58.3,1
round2,9.5,58.6,1
round2,9.5,59.4,1
round2,9.5,59.6,1
round2,9.5,59.8,2
round2,9.5,60.3,1
round2,9.5,60.4,1
round2,9.5,61.7,1
round2,9.5,62,1
round2,9.5,62.1,1
round2,9.5,62.3,1
round2,9.5,62.5,1
round2,9.5,62.7,1
round2,9.5,62.9,1
round2,9.5,63,1
round2,9.5,63.6,1
round2,9.5,64.2,1
round2,9.5,64.5,2
round2,9.5,64.9,1
round2,9.5,65.1,2
round2,9.5,65.6,1
round2,9.5,65.7,1
round2,9.5,65.8,1
round2,9.5,66.3,1
round2,9.5,66.5,2
round2,9.5,66.6,1
round2,9.5,66.7,1
round2,9.5,67.1,1
round2,9.5,67.6,1
round2,9.5,67.7,1
round2,9.5,68.3,1
round2,9.5,68.7,3
round2,9.5,68.9,1
round2,9.5,69.3,1
round2,9.5,69.4,1
round2,9.5,69.5,1
round2,9.5,69.6,1
round2,9.5,69.7,1
round2,9.5,70.1,1
round2,9.5,70.3,2
round2,9.5,71.6,1
round2,9.5,71.9,1
round2,9.5,72,2
round2,9.5,72.4,1
round2,9.5,72.6,1
round2,9.5,72.9,2
round2,9.5,73.2,1
round2,9.5,73.4,1
round2,9.5,73.5,4
round2,9.5,74,1
round2,9.5,74.2,1
round2,9.5,74.5,1
round2,9.5,74.9,1
round2,9.5,75.3,1
round2,9.5,75.4,1
round2,9.5,75.5,1
round2,9.5,75.6,1
round2,9.5,75.7,1
round2,9.5,75.9,1
round2,9.5,76.1,1
round2,9.5,76.2,1
round2,9.5,76.4,1
round2,9.5,77,1
round2,9.5,77.3,1
round2,9.5,77.7,1
round2,9.5,77.8,1
round2,9.5,77.9,1
round2,9.5,78,2
round2,9.5,78.1,1
round2,9.5,78.5,2
round2,9.5,78.6,1
round2,9.5,79,1
round2,9.5,79.1,1
round2,9.5,79.4,1
round2,9.5,79.6,1
round2,9.5,80.3,1
round2,9.5,80.8,1
round2,9.5,80.9,2
round2,9.5,81.7,1
round2,9.5,81.9,2
round2,9.5,82.3,1
round2,9.5,82.8,1
round2,9.5,83.1,1
round2,9.5,83.2,1
round2,9.5,83.6,1
round2,9.5,84.1,2
round2,9.5,84.2,1
round2,9.5,84.7,1
round2,9.5,85,1
round2,9.5,85.4,1
round2,9.5,86.1,2
round2,9.5,86.5,1
round2,9.5,86.6,1
round2,9.5,86.9,1
round2,9.5,87.1,1
round2,9.5,87.5,1
round2,9.5,88.2,1
round2,9.5,88.3,1
round2,9.5,88.5,2
round2,9.5,88.7,2
round2,9.5,88.8,1
round2,9.5,89.1,2
round2,9.5,89.2,2
round2,9.5,89.3,1
round2,9.5,89.5,1
round2,9.5,89.6,1
round2,9.5,90.3,1
round2,9.5,90.6,1
round2,9.5,90.8,3
round2,9.5,90.9,2
round2,9.5,91.1,1
round2,9.5,91.3,1
round2,9.5,92,1
round2,9.5,92.2,1
round2,9.5,92.6,1
round2,9.5,93.3,1
round2,9.5,94.1,2
round2,9.5,94.3,1
round2,9.5,94.4,1
round2,9.5,94.8,1
round2,9.5,95.4,1
round2,9.5,96.1,1
round2,9.5,96.3,1
round2,9.5,97.1,1
round2,9.5,98.2,1
round2,9.5,98.3,1
round2,9.5,98.8,1
round2,9.5,99.1,1
round2,11.5,0.2,1
round2,11.5,0.3,1
round2,11.5,1.2,1
round2,11.5,1.3,1
round2,11.5,1.4,1
round2,11.5,1.5,1
round2,11.5,1.8,1
round2,11.5,2,1
round2,11.5,2.4,1
round2,11.5,2.6,1
round2,11.5,2.7,1
round2,11.5,3,1
round2,11.5,3.1,1
round2,11.5,3.2,1
round2,11.5,3.4,2
round2,11.5,3.9,2
round2,11.5,4.1,1
round2,11.5,4.5,1
round2,11.5,4.6,1
round2,11.5,4.7,1
round2,11.5,4.8,2
round2,11.5,5,1
round2,11.5,5.3,1
round2,11.5,5.5,1
round2,11.5,5.7,3
round2,11.5,5.9,1
round2,11.5,6,1
round2,11.5,6.8,1
round2,11.5,6.9,1
round2,11.5,7.1,1
round2,11.5,7.3,1
round2,11.5,7.6,2
round2,11.5,7.7,1
round2,11.5,8.4,2
round2,11.5,8.7,2
round2,11.5,9.2,4
round2,11.5,9.3,1
round2,11.5,10.4,1
round2,11.5,10.6,1
round2,11.5,11.1,1
round2,11.5,11.2,1
round2,11.5,11.3,1
round2,11.5,11.8,1
round2,11.5,12,2
round2,11.5,12.3,2
round2,11.5,12.4,1
round2,11.5,12.6,1
round2,11.5,12.9,1
round2,11.5,13.1,1
round2,11.5,13.3,1
round2,11.5,13.5,3
round2,11.5,13.6,2
round2,11.5,13.8,1
round2,11.5,14.1,1
round2,11.5,14.2,1
round2,11.5,14.6,2
round2,11.5,14.9,2
round2,11.5,15,2
round2,11.5,15.2,1
round2,11.5,15.3,1
round2,11.5,15.5,1
round2,11.5,15.7,2
round2,11.5,15.8,1
round2,11.5,16.2,3
round2,11.5,16.3,1
round2,11.5,16.4,1
round2,11.5,17,2
round2,11.5,17.1,1
round2,11.5,17.2,1
round2,11.5,17.7,2
round2,11.5,18.4,1
round2,11.5,18.5,1
round2,11.5,18.6,2
round2,11.5,18.8,1
round2,11.5,19,1
round2,11.5,19.1,1
round2,11.5,19.3,1
round2,11.5,19.7,1
round2,11.5,19.8,2
round2,11.5,19.9,1
round2,11.5,20,1
round2,11.5,20.1,1
round2,11.5,20.2,2
round2,11.5,20.6,1
round2,11.5,20.9,1
round2,11.5,21,1
round2,11.5,21.3,1
round2,11.5,21.4,1
round2,11.5,21.5,1
round2,11.5,21.7,1
round2,11.5,21.8,2
round2,11.5,22,2
round2,11.5,22.1,1
round2,11.5,22.4,1
round2,11.5,22.6,1
round2,11.5,22.7,1
round2,11.5,23.1,1
round2,11.5,23.3,1
round2,11.5,23.5,1
round2,11.5,23.6,1
round2,11.5,23.7,2
round2,11.5,23.8,3
round2,11.5,23.9,1
round2,11.5,24,1
round2,11.5,24.2,1
round2,11.5,24.4,1
round2,11.5,24.5,1
round2,11.5,24.6,3
round2,11.5,24.8,2
round2,11.5,24.9,3
round2,11.5,25.1,2
round2,11.5,25.3,1
round2,11.5,25.5,1
round2,11.5,25.6,2
round2,11.5,25.7,2
round2,11.5,25.9,1
round2,11.5,26,1
round2,11.5,26.1,1
round2,11.5,26.2,1
round2,11.5,26.5,2
round2,11.5,26.6,1
round2,11.5,27,1
round2,11.5,27.5,3
round2,11.5,27.6,1
round2,11.5,27.9,2
round2,11.5,28.3,2
round2,11.5,28.5,1
round2,11.5,28.8,1
round2,11.5,28.9,1
round2,11.5,29,1
round2,11.5,29.1,2
round2,11.5,29.5,2
round2,11.5,29.7,2
round2,11.5,29.8,2
round2,11.5,30,1
round2,11.5,30.1,3
round2,11.5,30.7,1
round2,11.5,30.9,1
round2,11.5,31,2
round2,11.5,31.2,1
round2,11.5,31.5,1
round2,11.5,31.8,2
round2,11.5,32,2
round2,11.5,32.1,1
round2,11.5,32.3,2
round2,11.5,32.6,1
round2,11.5,32.7,1
round2,11.5,32.8,2
round2,11.5,33.2,1
round2,11.5,33.8,3
round2,11.5,34,2
round2,11.5,34.1,1
round2,11.5,34.4,1
round2,11.5,34.5,1
round2,11.5,35.1,1
round2,11.5,35.3,2
round2,11.5,35.5,1
round2,11.5,35.6,1
round2,11.5,35.7,1
round2,11.5,35.8,1
round2,11.5,35.9,1
round2,11.5,36.2,1
round2,11.5,36.3,1
round2,11.5,36.4,1
round2,11.5,36.5,1
round2,11.5,36.6,1
round2,11.5,36.7,1
round2,11.5,36.8,1
round2,11.5,36.9,1
round2,11.5,37.1,1
round2,11.5,37.2,3
round2,11.5,37.3,2
round2,11.5,37.5,1
round2,11.5,37.7,1
round2,11.5,37.8,1
round2,11.5,37.9,1
round2,11.5,38.3,1
round2,11.5,38.4,1
round2,11.5,38.5,1
round2,11.5,38.6,1
round2,11.5,39,2
round2,11.5,39.4,1
round2,11.5,39.6,1
round2,11.5,39.9,1
round2,11.5,40.2,1
round2,11.5,40.5,1
round2,11.5,40.7,2
round2,11.5,40.9,2
round2,11.5,41.2,1
round2,11.5,41.3,1
round2,11.5,41.4,1
round2,11.5,41.5,2
round2,11.5,41.7,2
round2,11.5,41.9,1
round2,11.5,42.2,1
round2,11.5,42.4,1
round2,11.5,42.5,1
round2,11.5,43,1
round2,11.5,43.4,1
round2,11.5,43.5,1
round2,11.5,43.6,1
round2,11.5,43.7,1
round2,11.5,43.8,1
round2,11.5,43.9,3
round2,11.5,44.1,1
round2,11.5,44.4,1
round2,11.5,44.6,1
round2,11.5,44.8,1
round2,11.5,45,1
round2,11.5,45.2,1
round2,11.5,45.5,2
round2,11.5,45.7,1
round2,11.5,46.4,1
round2,11.5,47,1
round2,11.5,47.3,1
round2,11.5,47.8,1
round2,11.5,47.9,1
round2,11.5,48.2,2
round2,11.5,48.4,1
round2,11.5,48.5,1
round2,11.5,48.7,2
round2,11.5,48.9,1
round2,11.5,49.3,2
round2,11.5,49.6,1
round2,11.5,49.7,1
round2,11.5,50.3,1
round2,11.5,50.6,1
round2,11.5,51.2,1
round2,11.5,51.4,1
round2,11.5,51.5,1
round2,11.5,51.6,1
round2,11.5,52.2,1
round2,11.5,52.5,1
round2,11.5,52.6,1
round2,11.5,52.9,1
round2,11.5,53.3,1
round2,11.5,53.9,1
round2,11.5,54.6,1
round2,11.5,54.7,1
round2,11.5,55.1,2
round2,11.5,55.3,1
round2,11.5,55.5,1
round2,11.5,55.6,1
round2,11.5,56.5,1
round2,11.5,56.6,2
round2,11.5,56.7,3
round2,11.5,56.8,1
round2,11.5,57,1
round2,11.5,57.1,1
round2,11.5,57.3,1
round2,11.5,57.4,1
round2,11.5,57.5,1
round2,11.5,57.7,1
round2,11.5,57.9,1
round2,11.5,58.3,1
round2,11.5,59.2,2
round2,11.5,59.4,1
round2,11.5,59.7,1
round2,11.5,59.8,2
round2,11.5,60.1,1
round2,11.5,60.2,1
round2,11.5,60.7,1
round2,11.5,61.1,1
round2,11.5,61.2,1
round2,11.5,61.8,1
round2,11.5,61.9,1
round2,11.5,62,1
round2,11.5,62.3,1
round2,11.5,62.6,2
round2,11.5,62.7,1
round2,11.5,63,1
round2,11.5,63.1,1
round2,11.5,63.2,1
round2,11.5,63.3,1
round2,11.5,63.5,1
round2,11.5,63.6,1
round2,11.5,63.7,1
round2,11.5,63.9,1
round2,11.5,64,1
round2,11.5,64.1,2
round2,11.5,64.3,1
round2,11.5,64.6,1
round2,11.5,64.7,1
round2,11.5,64.8,1
round2,11.5,65.2,1
round2,11.5,65.4,2
round2,11.5,65.7,2
round2,11.5,66.1,1
round2,11.5,66.6,1
round2,11.5,66.7,1
round2,11.5,66.8,1
round2,11.5,67.2,1
round2,11.5,67.6,1
round2,11.5,67.7,2
round2,11.5,68.3,1
round2,11.5,68.4,1
round2,11.5,68.5,1
round2,11.5,69,1
round2,11.5,69.1,1
round2,11.5,69.5,1
round2,11.5,69.6,1
round2,11.5,69.7,1
round2,11.5,70.1,1
round2,11.5,71.2,1
round2,11.5,71.3,1
round2,11.5,71.4,1
round2,11.5,71.6,1
round2,11.5,71.9,2
round2,11.5,72,1
round2,11.5,72.1,2
round2,11.5,72.4,1
round2,11.5,72.7,2
round2,11.5,72.8,2
round2,11.5,73.3,1
round2,11.5,73.8,2
round2,11.5,73.9,2
round2,11.5,74.5,1
round2,11.5,74.6,1
round2,11.5,75.3,1
round2,11.5,75.5,1
round2,11.5,75.7,1
round2,11.5,75.9,1
round2,11.5,76.4,2
round2,11.5,76.6,1
round2,11.5,76.8,2
round2,11.5,77.1,1
round2,11.5,77.3,2
round2,11.5,77.7,1
round2,11.5,78.2,1
round2,11.5,78.6,1
round2,11.5,79.1,1
round2,11.5,79.5,1
round2,11.5,79.8,1
round2,11.5,80.1,1
round2,11.5,80.2,1
round2,11.5,80.4,1
round2,11.5,80.6,1
round2,11.5,80.7,3
round2,11.5,80.9,1
round2,11.5,81,1
round2,11.5,81.1,1
round2,11.5,81.7,1
round2,11.5,81.9,1
round2,11.5,82.2,2
round2,11.5,82.3,1
round2,11.5,82.4,2
round2,11.5,82.5,1
round2,11.5,83.1,1
round2,11.5,83.3,1
round2,11.5,84.1,1
round2,11.5,84.3,1
round2,11.5,84.5,2
round2,11.5,85,1
round2,11.5,85.1,1
round2,11.5,85.4,1
round2,11.5,85.9,2
round2,11.5,86.1,1
round2,11.5,87,1
round2,11.5,87.1,2
round2,11.5,88.2,1
round2,11.5,88.5,1
round2,11.5,88.6,1
round2,11.5,89.1,1
round2,11.5,89.6,1
round2,11.5,89.8,1
round2,11.5,90.1,1
round2,11.5,90.7,1
round2,11.5,90.8,2
round2,11.5,91.1,1
round2,11.5,92.1,1
round2,11.5,92.2,1
round2,11.5,92.8,1
round2,11.5,92.9,2
round2,11.5,94.1,1
round2,11.5,94.2,1
round2,11.5,95.1,1
round2,11.5,95.6,1
round2,11.5,96.3,1
round2,11.5,96.8,1
round2,11.5,97,1
round2,11.5,97.1,1
round2,11.5,98.4,1
round2,11.5,99.5,1
round2,13.8,0.1,1
round2,13.8,0.2,1
round2,13.8,0.5,1
round2,13.8,0.6,1
round2,13.8,1,2
round2,13.8,1.1,1
round2,13.8,1.3,1
round2,13.8,1.5,1
round2,13.8,1.6,1
round2,13.8,1.7,2
round2,13.8,1.8,1
round2,13.8,1.9,1
round2,13.8,2.6,1
round2,13.8,3.5,1
round2,13.8,3.6,1
round2,13.8,4.2,2
round2,13.8,4.4,2
round2,13.8,4.8,4
round2,13.8,4.9,1
round2,13.8,5.5,3
round2,13.8,5.8,1
round2,13.8,5.9,1
round2,13.8,6,1
round2,13.8,6.1,1
round2,13.8,6.2,1
round2,13.8,6.7,1
round2,13.8,6.9,1
round2,13.8,7,1
round2,13.8,7.1,1
round2,13.8,7.4,1
round2,13.8,7.5,1
round2,13.8,7.7,1
round2,13.8,8,1
round2,13.8,8.1,1
round2,13.8,8.2,1
round2,13.8,8.4,1
round2,13.8,8.7,1
round2,13.8,8.9,1
round2,13.8,9,2
round2,13.8,9.1,1
round2,13.8,9.2,2
round2,13.8,9.7,2
round2,13.8,9.9,1
round2,13.8,10.1,1
round2,13.8,10.2,3
round2,13.8,10.3,3
round2,13.8,10.4,2
round2,13.8,10.5,1
round2,13.8,10.6,1
round2,13.8,10.8,1
round2,13.8,11.1,1
round2,13.8,11.2,1
round2,13.8,11.4,1
round2,13.8,11.8,1
round2,13.8,11.9,2
round2,13.8,12,1
round2,13.8,12.1,1
round2,13.8,12.2,2
round2,13.8,12.6,2
round2,13.8,12.7,2
round2,13.8,13,1
round2,13.8,13.2,1
round2,13.8,13.4,1
round2,13.8,13.9,1
round2,13.8,14.3,1
round2,13.8,14.5,1
round2,13.8,14.8,1
round2,13.8,14.9,1
round2,13.8,15,1
round2,13.8,15.2,1
round2,13.8,15.3,3
round2,13.8,15.4,1
round2,13.8,15.5,2
round2,13.8,15.8,1
round2,13.8,16,1
round2,13.8,16.1,1
round2,13.8,16.3,2
round2,13.8,16.4,2
round2,13.8,16.5,2
round2,13.8,16.7,1
round2,13.8,16.9,3
round2,13.8,17.2,1
round2,13.8,17.8,1
round2,13.8,17.9,2
round2,13.8,18.1,2
round2,13.8,18.2,1
round2,13.8,18.4,2
round2,13.8,19.1,1
round2,13.8,19.2,1
round2,13.8,19.5,1
round2,13.8,19.8,1
round2,13.8,19.9,1
round2,13.8,20,2
round2,13.8,20.1,2
round2,13.8,20.4,1
round2,13.8,20.6,1
round2,13.8,20.7,3
round2,13.8,20.8,2
round2,13.8,20.9,1
round2,13.8,21,3
round2,13.8,21.1,2
round2,13.8,21.3,1
round2,13.8,21.6,1
round2,13.8,21.7,2
round2,13.8,22.2,1
round2,13.8,22.4,1
round2,13.8,22.5,2
round2,13.8,22.7,3
round2,13.8,23.3,1
round2,13.8,23.5,2
round2,13.8,23.8,1
round2,13.8,23.9,1
round2,13.8,24.4,2
round2,13.8,24.5,2
round2,13.8,24.7,1
round2,13.8,25.3,1
round2,13.8,25.8,2
round2,13.8,26,1
round2,13.8,26.1,2
round2,13.8,26.3,3
round2,13.8,26.4,2
round2,13.8,26.6,1
round2,13.8,26.7,1
round2,13.8,26.8,1
round2,13.8,27,2
round2,13.8,27.1,2
round2,13.8,27.2,1
round2,13.8,27.3,3
round2,13.8,27.5,2
round2,13.8,27.6,1
round2,13.8,27.8,1
round2,13.8,27.9,2
round2,13.8,28,2
round2,13.8,28.1,1
round2,13.8,28.2,2
round2,13.8,28.5,1
round2,13.8,28.8,1
round2,13.8,28.9,1
round2,13.8,29.3,1
round2,13.8,29.4,2
round2,13.8,29.6,1
round2,13.8,29.7,1
round2,13.8,30.1,1
round2,13.8,30.6,2
round2,13.8,31.1,1
round2,13.8,31.2,2
round2,13.8,31.8,2
round2,13.8,32,1
round2,13.8,32.1,2
round2,13.8,32.2,2
round2,13.8,32.5,1
round2,13.8,32.9,5
round2,13.8,33,1
round2,13.8,33.6,1
round2,13.8,34.1,2
round2,13.8,34.2,1
round2,13.8,34.4,1
round2,13.8,34.6,1
round2,13.8,34.7,1
round2,13.8,34.9,1
round2,13.8,35.3,1
round2,13.8,35.4,1
round2,13.8,35.6,1
round2,13.8,35.7,1
round2,13.8,36,2
round2,13.8,36.4,1
round2,13.8,36.5,1
round2,13.8,36.6,1
round2,13.8,36.7,2
round2,13.8,37,2
round2,13.8,37.1,1
round2,13.8,37.3,2
round2,13.8,37.6,1
round2,13.8,37.7,2
round2,13.8,38,1
round2,13.8,38.1,1
round2,13.8,38.3,3
round2,13.8,38.7,2
round2,13.8,38.8,1
round2,13.8,39.2,1
round2,13.8,39.3,2
round2,13.8,39.6,3
round2,13.8,40.3,2
round2,13.8,40.7,2
round2,13.8,40.8,2
round2,13.8,41,1
round2,13.8,41.4,2
round2,13.8,41.5,2
round2,13.8,41.7,2
round2,13.8,41.8,1
round2,13.8,42.4,1
round2,13.8,42.6,2
round2,13.8,43.3,1
round2,13.8,43.4,1
round2,13.8,43.8,4
round2,13.8,44.2,1
round2,13.8,44.3,1
round2,13.8,44.4,1
round2,13.8,45.1,1
round2,13.8,45.2,1
round2,13.8,45.6,1
round2,13.8,45.9,1
round2,13.8,46.1,1
round2,13.8,46.2,1
round2,13.8,46.4,1
round2,13.8,46.5,1
round2,13.8,46.6,2
round2,13.8,46.8,1
round2,13.8,47.2,1
round2,13.8,47.5,2
round2,13.8,47.7,1
round2,13.8,47.9,1
round2,13.8,48,1
round2,13.8,48.3,1
round2,13.8,48.6,1
round2,13.8,48.7,2
round2,13.8,48.8,1
round2,13.8,48.9,1
round2,13.8,49,1
round2,13.8,49.5,1
round2,13.8,49.6,2
round2,13.8,49.8,1
round2,13.8,49.9,1
round2,13.8,50,1
round2,13.8,50.2,1
round2,13.8,50.8,1
round2,13.8,51.2,1
round2,13.8,51.3,1
round2,13.8,51.5,1
round2,13.8,51.7,1
round2,13.8,52.1,2
round2,13.8,52.4,1
round2,13.8,52.5,2
round2,13.8,52.6,2
round2,13.8,52.7,1
round2,13.8,53.1,1
round2,13.8,53.2,1
round2,13.8,53.5,1
round2,13.8,53.7,2
round2,13.8,54.3,2
round2,13.8,54.5,1
round2,13.8,54.8,1
round2,13.8,55,2
round2,13.8,55.1,2
round2,13.8,55.2,1
round2,13.8,55.3,1
round2,13.8,55.4,1
round2,13.8,55.6,2
round2,13.8,55.8,1
round2,13.8,56.3,1
round2,13.8,56.4,1
round2,13.8,56.7,1
round2,13.8,57.2,2
round2,13.8,57.5,1
round2,13.8,57.7,3
round2,13.8,58,1
round2,13.8,58.1,1
round2,13.8,58.2,1
round2,13.8,58.5,2
round2,13.8,58.8,1
round2,13.8,58.9,1
round2,13.8,59.8,2
round2,13.8,60.1,1
round2,13.8,60.3,2
round2,13.8,60.4,1
round2,13.8,60.8,3
round2,13.8,60.9,1
round2,13.8,61,2
round2,13.8,61.4,1
round2,13.8,61.9,4
round2,13.8,62.2,1
round2,13.8,62.7,1
round2,13.8,62.8,1
round2,13.8,63.1,1
round2,13.8,63.3,3
round2,13.8,63.5,2
round2,13.8,63.9,1
round2,13.8,64.4,1
round2,13.8,64.7,1
round2,13.8,65.1,1
round2,13.8,65.6,1
round2,13.8,65.8,1
round2,13.8,66.3,1
round2,13.8,66.4,2
round2,13.8,66.6,1
round2,13.8,66.7,1
round2,13.8,67.6,2
round2,13.8,67.8,1
round2,13.8,67.9,1
round2,13.8,68,1
round2,13.8,68.2,1
round2,13.8,68.6,1
round2,13.8,69.5,2
round2,13.8,70,1
round2,13.8,70.1,1
round2,13.8,70.2,1
round2,13.8,70.4,2
round2,13.8,70.5,1
round2,13.8,70.6,2
round2,13.8,70.8,1
round2,13.8,70.9,2
round2,13.8,71.4,1
round2,13.8,71.7,1
round2,13.8,71.9,1
round2,13.8,72,1
round2,13.8,72.1,1
round2,13.8,72.3,2
round2,13.8,73,2
round2,13.8,73.3,3
round2,13.8,73.4,1
round2,13.8,73.5,2
round2,13.8,74.3,1
round2,13.8,74.4,1
round2,13.8,74.6,1
round2,13.8,74.9,1
round2,13.8,75,1
round2,13.8,75.7,1
round2,13.8,76.5,1
round2,13.8,77.2,1
round2,13.8,77.5,3
round2,13.8,77.6,1
round2,13.8,78,1
round2,13.8,78.1,2
round2,13.8,78.2,1
round2,13.8,78.4,1
round2,13.8,78.6,1
round2,13.8,79,4
round2,13.8,80.2,1
round2,13.8,80.6,1
round2,13.8,81.1,1
round2,13.8,81.2,1
round2,13.8,81.7,1
round2,13.8,81.8,1
round2,13.8,81.9,1
round2,13.8,82,1
round2,13.8,82.1,1
round2,13.8,82.2,1
round2,13.8,82.4,1
round2,13.8,82.5,1
round2,13.8,82.6,1
round2,13.8,82.8,1
round2,13.8,82.9,1
round2,13.8,83.7,1
round2,13.8,84.1,1
round2,13.8,84.2,1
round2,13.8,84.3,1
round2,13.8,84.7,1
round2,13.8,84.8,1
round2,13.8,84.9,2
round2,13.8,85.1,3
round2,13.8,85.2,1
round2,13.8,85.3,1
round2,13.8,85.6,1
round2,13.8,85.7,1
round2,13.8,86.1,1
round2,13.8,86.2,2
round2,13.8,86.3,1
round2,13.8,86.5,1
round2,13.8,86.7,1
round2,13.8,86.8,2
round2,13.8,86.9,1
round2,13.8,87.5,1
round2,13.8,87.6,1
round2,13.8,87.8,1
round2,13.8,87.9,1
round2,13.8,88.1,1
round2,13.8,88.2,3
round2,13.8,89,1
round2,13.8,89.3,1
round2,13.8,89.5,2
round2,13.8,89.6,1
round2,13.8,90,1
round2,13.8,90.3,2
round2,13.8,90.4,1
round2,13.8,90.8,1
round2,13.8,91.1,1
round2,13.8,91.6,2
round2,13.8,91.7,1
round2,13.8,92,3
round2,13.8,92.4,2
round2,13.8,92.6,1
round2,13.8,93.4,1
round2,13.8,93.5,1
round2,13.8,93.6,1
round2,13.8,94,1
round2,13.8,94.4,1
round2,13.8,94.5,1
round2,13.8,95.9,1
round2,13.8,96.2,1
round2,13.8,96.3,1
round2,13.8,96.6,2
round2,13.8,96.7,1
round2,13.8,96.8,1
round2,13.8,96.9,1
round2,13.8,97.4,1
round2,13.8,97.7,1
round2,13.8,97.9,1
round2,13.8,98.1,1
round2,13.8,98.4,1
round2,13.8,98.6,1
round2,13.8,99,1
round2,13.8,99.3,1
round2,16.8,0.2,1
round2,16.8,0.4,1
round2,16.8,0.5,1
round2,16.8,0.6,1
round2,16.8,1.1,1
round2,16.8,1.3,1
round2,16.8,1.6,2
round2,16.8,1.9,1
round2,16.8,2,3
round2,16.8,2.1,1
round2,16.8,2.2,2
round2,16.8,2.3,1
round2,16.8,2.4,1
round2,16.8,2.5,1
round2,16.8,2.6,2
round2,16.8,2.7,2
round2,16.8,3,1
round2,16.8,3.2,1
round2,16.8,3.4,2
round2,16.8,3.5,1
round2,16.8,3.6,4
round2,16.8,3.8,1
round2,16.8,3.9,2
round2,16.8,4,2
round2,16.8,4.1,2
round2,16.8,4.3,3
round2,16.8,4.5,2
round2,16.8,4.7,1
round2,16.8,4.9,1
round2,16.8,5.1,1
round2,16.8,5.2,4
round2,16.8,5.3,1
round2,16.8,5.5,1
round2,16.8,5.7,3
round2,16.8,5.9,1
round2,16.8,6,2
round2,16.8,6.2,1
round2,16.8,6.3,1
round2,16.8,6.6,5
round2,16.8,6.7,2
round2,16.8,6.8,2
round2,16.8,7,2
round2,16.8,7.1,1
round2,16.8,7.2,2
round2,16.8,7.3,1
round2,16.8,7.6,3
round2,16.8,7.7,2
round2,16.8,7.8,1
round2,16.8,8,1
round2,16.8,8.2,1
round2,16.8,8.4,3
round2,16.8,8.5,4
round2,16.8,8.6,1
round2,16.8,8.7,1
round2,16.8,8.8,1
round2,16.8,8.9,1
round2,16.8,9,3
round2,16.8,9.5,2
round2,16.8,9.7,3
round2,16.8,9.9,1
round2,16.8,10,1
round2,16.8,10.1,1
round2,16.8,10.4,1
round2,16.8,10.7,2
round2,16.8,10.9,1
round2,16.8,11.1,3
round2,16.8,11.2,2
round2,16.8,11.3,1
round2,16.8,11.6,1
round2,16.8,11.7,3
round2,16.8,11.8,1
round2,16.8,11.9,2
round2,16.8,12,2
round2,16.8,12.3,1
round2,16.8,12.4,1
round2,16.8,12.5,1
round2,16.8,12.6,1
round2,16.8,12.7,2
round2,16.8,12.8,2
round2,16.8,13.1,2
round2,16.8,13.3,1
round2,16.8,13.5,2
round2,16.8,13.6,1
round2,16.8,13.7,1
round2,16.8,13.9,4
round2,16.8,14.2,1
round2,16.8,14.3,3
round2,16.8,14.4,2
round2,16.8,14.5,2
round2,16.8,14.6,1
round2,16.8,14.9,1
round2,16.8,15.2,5
round2,16.8,15.3,1
round2,16.8,15.5,4
round2,16.8,15.6,2
round2,16.8,15.7,1
round2,16.8,15.8,1
round2,16.8,15.9,5
round2,16.8,16,1
round2,16.8,16.1,2
round2,16.8,16.4,2
round2,16.8,16.5,1
round2,16.8,16.6,2
round2,16.8,16.7,2
round2,16.8,16.8,1
round2,16.8,16.9,1
round2,16.8,17,2
round2,16.8,17.1,1
round2,16.8,17.3,1
round2,16.8,17.4,2
round2,16.8,17.6,1
round2,16.8,17.7,1
round2,16.8,18,2
round2,16.8,18.2,4
round2,16.8,18.3,1
round2,16.8,18.4,1
round2,16.8,18.5,1
round2,16.8,18.6,1
round2,16.8,18.7,1
round2,16.8,18.8,2
round2,16.8,18.9,1
round2,16.8,19,1
round2,16.8,19.3,1
round2,16.8,19.5,3
round2,16.8,20,2
round2,16.8,20.1,2
round2,16.8,20.2,1
round2,16.8,20.3,1
round2,16.8,20.7,1
round2,16.8,20.9,1
round2,16.8,21,1
round2,16.8,21.2,2
round2,16.8,21.5,3
round2,16.8,21.6,3
round2,16.8,21.7,1
round2,16.8,21.9,1
round2,16.8,22,1
round2,16.8,22.1,1
round2,16.8,22.4,5
round2,16.8,22.6,1
round2,16.8,22.7,1
round2,16.8,22.8,1
round2,16.8,22.9,1
round2,16.8,23,1
round2,16.8,23.3,1
round2,16.8,23.4,2
round2,16.8,23.6,2
round2,16.8,24,4
round2,16.8,24.1,1
round2,16.8,24.2,1
round2,16.8,24.3,2
round2,16.8,24.5,1
round2,16.8,24.6,2
round2,16.8,24.7,2
round2,16.8,24.9,2
round2,16.8,25,1
round2,16.8,25.2,1
round2,16.8,25.3,2
round2,16.8,25.4,2
round2,16.8,25.7,1
round2,16.8,26.2,1
round2,16.8,26.3,2
round2,16.8,26.4,1
round2,16.8,26.5,1
round2,16.8,26.7,1
round2,16.8,26.8,1
round2,16.8,26.9,1
round2,16.8,27,3
round2,16.8,27.1,1
round2,16.8,27.3,2
round2,16.8,27.5,1
round2,16.8,27.6,2
round2,16.8,27.7,2
round2,16.8,27.8,3
round2,16.8,27.9,1
round2,16.8,28.1,2
round2,16.8,28.2,1
round2,16.8,28.3,3
round2,16.8,28.5,4
round2,16.8,28.7,1
round2,16.8,28.9,1
round2,16.8,29,1
round2,16.8,29.1,1
round2,16.8,29.2,1
round2,16.8,29.3,3
round2,16.8,29.7,1
round2,16.8,29.8,1
round2,16.8,29.9,2
round2,16.8,30,2
round2,16.8,30.2,2
round2,16.8,30.4,1
round2,16.8,30.5,2
round2,16.8,30.6,1
round2,16.8,30.8,2
round2,16.8,30.9,1
round2,16.8,31,2
round2,16.8,31.1,1
round2,16.8,31.2,3
round2,16.8,31.5,1
round2,16.8,31.8,2
round2,16.8,31.9,2
round2,16.8,32,1
round2,16.8,32.2,1
round2,16.8,32.5,2
round2,16.8,33.1,2
round2,16.8,33.3,1
round2,16.8,33.4,2
round2,16.8,33.5,2
round2,16.8,33.8,1
round2,16.8,33.9,1
round2,16.8,34,2
round2,16.8,34.1,1
round2,16.8,34.2,1
round2,16.8,34.3,2
round2,16.8,34.4,2
round2,16.8,34.6,1
round2,16.8,34.7,2
round2,16.8,34.8,3
round2,16.8,35,1
round2,16.8,35.2,2
round2,16.8,35.4,2
round2,16.8,35.5,1
round2,16.8,35.6,3
round2,16.8,35.7,1
round2,16.8,35.8,1
round2,16.8,35.9,4
round2,16.8,36,1
round2,16.8,36.1,1
round2,16.8,36.2,5
round2,16.8,36.3,1
round2,16.8,36.6,1
round2,16.8,36.7,1
round2,16.8,36.9,1
round2,16.8,37.1,1
round2,16.8,37.2,1
round2,16.8,37.3,1
round2,16.8,37.4,1
round2,16.8,37.5,1
round2,16.8,37.6,2
round2,16.8,37.8,2
round2,16.8,38,3
round2,16.8,38.1,1
round2,16.8,38.3,1
round2,16.8,38.6,1
round2,16.8,38.8,1
round2,16.8,38.9,2
round2,16.8,39.2,2
round2,16.8,39.4,2
round2,16.8,39.5,1
round2,16.8,39.6,2
round2,16.8,39.8,1
round2,16.8,40,1
round2,16.8,40.2,2
round2,16.8,40.3,1
round2,16.8,40.4,2
round2,16.8,40.5,1
round2,16.8,40.6,1
round2,16.8,40.7,3
round2,16.8,41.2,1
round2,16.8,41.3,1
round2,16.8,41.4,1
round2,16.8,41.6,1
round2,16.8,41.7,1
round2,16.8,41.9,2
round2,16.8,42,1
round2,16.8,42.3,2
round2,16.8,42.7,1
round2,16.8,42.8,1
round2,16.8,42.9,2
round2,16.8,43.1,1
round2,16.8,43.2,2
round2,16.8,43.3,1
round2,16.8,43.6,1
round2,16.8,43.7,1
round2,16.8,43.8,1
round2,16.8,43.9,2
round2,16.8,44.1,2
round2,16.8,44.3,1
round2,16.8,44.4,1
round2,16.8,44.5,2
round2,16.8,44.6,1
round2,16.8,44.7,1
round2,16.8,44.8,1
round2,16.8,44.9,1
round2,16.8,45,1
round2,16.8,45.6,1
round2,16.8,45.8,2
round2,16.8,46,1
round2,16.8,46.1,1
round2,16.8,46.2,3
round2,16.8,46.3,1
round2,16.8,46.4,2
round2,16.8,46.5,1
round2,16.8,46.6,1
round2,16.8,46.8,1
round2,16.8,47.1,2
round2,16.8,47.2,2
round2,16.8,47.3,1
round2,16.8,47.5,2
round2,16.8,47.6,1
round2,16.8,47.7,1
round2,16.8,47.9,1
round2,16.8,48,1
round2,16.8,48.1,2
round2,16.8,48.2,2
round2,16.8,48.6,3
round2,16.8,49,2
round2,16.8,49.1,1
round2,16.8,49.3,1
round2,16.8,49.6,1
round2,16.8,50,2
round2,16.8,50.1,2
round2,16.8,50.8,1
round2,16.8,50.9,1
round2,16.8,51,2
round2,16.8,51.1,1
round2,16.8,51.6,1
round2,16.8,51.7,1
round2,16.8,51.9,1
round2,16.8,52,1
round2,16.8,52.3,3
round2,16.8,52.6,2
round2,16.8,52.9,1
round2,16.8,53.2,1
round2,16.8,53.3,1
round2,16.8,53.4,1
round2,16.8,53.5,2
round2,16.8,53.6,1
round2,16.8,53.7,1
round2,16.8,53.8,2
round2,16.8,54,1
round2,16.8,54.3,4
round2,16.8,54.4,1
round2,16.8,54.5,2
round2,16.8,54.6,1
round2,16.8,54.8,1
round2,16.8,54.9,1
round2,16.8,55,1
round2,16.8,55.2,2
round2,16.8,55.4,1
round2,16.8,55.5,1
round2,16.8,55.7,1
round2,16.8,55.8,2
round2,16.8,55.9,2
round2,16.8,56,1
round2,16.8,56.2,1
round2,16.8,56.3,1
round2,16.8,56.4,1
round2,16.8,56.5,1
round2,16.8,56.8,1
round2,16.8,57,1
round2,16.8,57.3,3
round2,16.8,57.6,4
round2,16.8,57.7,1
round2,16.8,57.8,1
round2,16.8,58,1
round2,16.8,58.1,2
round2,16.8,58.2,1
round2,16.8,58.3,2
round2,16.8,58.6,1
round2,16.8,58.7,1
round2,16.8,58.9,2
round2,16.8,59,2
round2,16.8,59.3,2
round2,16.8,59.5,1
round2,16.8,59.7,1
round2,16.8,59.8,2
round2,16.8,60,2
round2,16.8,60.1,1
round2,16.8,60.4,1
round2,16.8,60.6,2
round2,16.8,60.7,2
round2,16.8,60.8,2
round2,16.8,60.9,3
round2,16.8,61.1,1
round2,16.8,61.4,3
round2,16.8,61.6,1
round2,16.8,61.7,1
round2,16.8,61.8,3
round2,16.8,62,2
round2,16.8,62.2,1
round2,16.8,62.5,4
round2,16.8,62.6,2
round2,16.8,62.8,1
round2,16.8,62.9,1
round2,16.8,63,1
round2,16.8,63.1,1
round2,16.8,63.2,2
round2,16.8,63.6,1
round2,16.8,63.7,2
round2,16.8,63.8,2
round2,16.8,64,1
round2,16.8,64.1,1
round2,16.8,64.2,1
round2,16.8,64.4,1
round2,16.8,64.5,1
round2,16.8,64.6,1
round2,16.8,64.7,2
round2,16.8,64.9,3
round2,16.8,65,2
round2,16.8,65.5,1
round2,16.8,65.6,2
round2,16.8,65.9,1
round2,16.8,66.1,1
round2,16.8,66.3,3
round2,16.8,66.5,2
round2,16.8,66.8,3
round2,16.8,67,1
round2,16.8,67.4,1
round2,16.8,67.5,2
round2,16.8,67.7,2
round2,16.8,67.8,1
round2,16.8,67.9,2
round2,16.8,68,1
round2,16.8,68.1,1
round2,16.8,68.3,2
round2,16.8,68.4,1
round2,16.8,68.7,1
round2,16.8,68.9,1
round2,16.8,69.1,2
round2,16.8,69.6,1
round2,16.8,69.9,1
round2,16.8,70.1,2
round2,16.8,70.2,1
round2,16.8,70.3,1
round2,16.8,70.8,1
round2,16.8,71.1,1
round2,16.8,71.4,2
round2,16.8,71.5,1
round2,16.8,71.7,2
round2,16.8,72,1
round2,16.8,72.1,2
round2,16.8,72.2,2
round2,16.8,72.4,1
round2,16.8,72.5,1
round2,16.8,72.8,1
round2,16.8,73.1,1
round2,16.8,73.2,2
round2,16.8,73.5,1
round2,16.8,73.7,1
round2,16.8,73.9,2
round2,16.8,74,3
round2,16.8,74.1,2
round2,16.8,74.3,1
round2,16.8,74.5,1
round2,16.8,74.9,1
round2,16.8,75.3,1
round2,16.8,75.4,1
round2,16.8,75.6,2
round2,16.8,75.7,1
round2,16.8,75.8,2
round2,16.8,76,1
round2,16.8,76.3,2
round2,16.8,76.4,2
round2,16.8,76.7,1
round2,16.8,77.4,1
round2,16.8,77.7,1
round2,16.8,78.4,1
round2,16.8,78.6,2
round2,16.8,78.7,4
round2,16.8,78.8,2
round2,16.8,79,1
round2,16.8,79.3,1
round2,16.8,79.6,1
round2,16.8,79.7,2
round2,16.8,80.1,2
round2,16.8,80.3,1
round2,16.8,80.4,1
round2,16.8,80.5,1
round2,16.8,80.6,1
round2,16.8,80.7,1
round2,16.8,80.8,1
round2,16.8,81,2
round2,16.8,81.1,1
round2,16.8,81.2,1
round2,16.8,81.4,3
round2,16.8,81.5,1
round2,16.8,81.6,1
round2,16.8,82.1,1
round2,16.8,82.3,2
round2,16.8,82.8,1
round2,16.8,83,2
round2,16.8,83.1,1
round2,16.8,83.7,1
round2,16.8,83.9,2
round2,16.8,84.3,1
round2,16.8,84.8,1
round2,16.8,84.9,1
round2,16.8,85,1
round2,16.8,85.1,1
round2,16.8,85.4,1
round2,16.8,85.5,1
round2,16.8,85.6,2
round2,16.8,85.7,1
round2,16.8,85.8,1
round2,16.8,86,1
round2,16.8,86.1,1
round2,16.8,86.2,2
round2,16.8,86.5,2
round2,16.8,87,1
round2,16.8,87.1,1
round2,16.8,87.3,1
round2,16.8,87.4,1
round2,16.8,87.5,1
round2,16.8,88.2,1
round2,16.8,88.3,1
round2,16.8,88.4,1
round2,16.8,88.5,1
round2,16.8,88.6,2
round2,16.8,88.7,1
round2,16.8,89.6,1
round2,16.8,89.9,1
round2,16.8,90,3
round2,16.8,90.1,1
round2,16.8,90.5,2
round2,16.8,90.6,1
round2,16.8,90.7,2
round2,16.8,91,2
round2,16.8,91.2,1
round2,16.8,91.8,2
round2,16.8,91.9,2
round2,16.8,92.1,2
round2,16.8,92.3,2
round2,16.8,92.5,1
round2,16.8,92.6,2
round2,16.8,92.7,1
round2,16.8,92.8,2
round2,16.8,93.1,1
round2,16.8,93.7,1
round2,16.8,93.9,1
round2,16.8,94.2,1
round2,16.8,95.1,2
round2,16.8,95.8,2
round2,16.8,95.9,1
round2,16.8,96.4,1
round2,16.8,97.2,1
round2,16.8,99.2,1
round2,16.8,99.4,1
round2,16.8,99.8,1
round2,16.8,100,2
round2,20.5,0.3,1
round2,20.5,0.7,1
round2,20.5,1,3
round2,20.5,1.1,2
round2,20.5,1.3,1
round2,20.5,1.4,1
round2,20.5,1.5,1
round2,20.5,2,1
round2,20.5,2.1,1
round2,20.5,2.2,3
round2,20.5,2.3,1
round2,20.5,2.5,3
round2,20.5,2.6,1
round2,20.5,2.7,1
round2,20.5,2.8,2
round2,20.5,2.9,1
round2,20.5,3,2
round2,20.5,3.3,2
round2,20.5,3.5,1
round2,20.5,3.6,1
round2,20.5,3.8,3
round2,20.5,3.9,1
round2,20.5,4,3
round2,20.5,4.1,1
round2,20.5,4.3,2
round2,20.5,4.4,1
round2,20.5,4.7,2
round2,20.5,4.9,1
round2,20.5,5,1
round2,20.5,5.1,2
round2,20.5,5.2,1
round2,20.5,5.3,1
round2,20.5,5.4,1
round2,20.5,5.5,1
round2,20.5,5.6,2
round2,20.5,5.9,2
round2,20.5,6.1,1
round2,20.5,6.2,2
round2,20.5,6.3,2
round2,20.5,6.4,1
round2,20.5,6.5,1
round2,20.5,6.9,1
round2,20.5,7.1,2
round2,20.5,7.3,1
round2,20.5,7.5,3
round2,20.5,7.7,1
round2,20.5,7.8,2
round2,20.5,7.9,3
round2,20.5,8,2
round2,20.5,8.1,1
round2,20.5,8.3,1
round2,20.5,8.4,1
round2,20.5,8.5,2
round2,20.5,8.7,1
round2,20.5,8.8,3
round2,20.5,8.9,2
round2,20.5,9.5,2
round2,20.5,9.6,1
round2,20.5,9.7,1
round2,20.5,9.8,1
round2,20.5,10,2
round2,20.5,10.2,1
round2,20.5,10.3,3
round2,20.5,10.4,1
round2,20.5,10.6,1
round2,20.5,10.7,3
round2,20.5,11,1
round2,20.5,11.3,1
round2,20.5,11.5,1
round2,20.5,11.6,2
round2,20.5,11.7,1
round2,20.5,11.8,2
round2,20.5,11.9,1
round2,20.5,12,1
round2,20.5,12.1,1
round2,20.5,12.2,1
round2,20.5,12.3,1
round2,20.5,12.4,4
round2,20.5,12.6,1
round2,20.5,12.7,3
round2,20.5,12.8,1
round2,20.5,12.9,1
round2,20.5,13,2
round2,20.5,13.2,1
round2,20.5,13.4,1
round2,20.5,13.6,3
round2,20.5,13.7,1
round2,20.5,13.8,2
round2,20.5,13.9,3
round2,20.5,14,1
round2,20.5,14.1,1
round2,20.5,14.2,1
round2,20.5,14.4,1
round2,20.5,14.6,1
round2,20.5,14.7,1
round2,20.5,14.8,2
round2,20.5,14.9,3
round2,20.5,15.1,1
round2,20.5,15.3,2
round2,20.5,15.6,2
round2,20.5,15.7,2
round2,20.5,15.8,1
round2,20.5,16.4,1
round2,20.5,16.6,2
round2,20.5,16.7,2
round2,20.5,17,2
round2,20.5,17.2,1
round2,20.5,17.3,1
round2,20.5,17.4,4
round2,20.5,17.6,1
round2,20.5,17.7,2
round2,20.5,17.8,2
round2,20.5,17.9,4
round2,20.5,18.2,2
round2,20.5,18.3,2
round2,20.5,18.8,1
round2,20.5,18.9,3
round2,20.5,19,1
round2,20.5,19.1,1
round2,20.5,19.2,2
round2,20.5,19.4,1
round2,20.5,19.5,1
round2,20.5,19.6,2
round2,20.5,19.7,1
round2,20.5,19.8,1
round2,20.5,20.1,1
round2,20.5,20.2,1
round2,20.5,20.3,1
round2,20.5,20.4,3
round2,20.5,20.5,2
round2,20.5,20.6,1
round2,20.5,20.7,2
round2,20.5,20.8,2
round2,20.5,20.9,3
round2,20.5,21,1
round2,20.5,21.2,4
round2,20.5,21.3,2
round2,20.5,21.4,1
round2,20.5,21.5,1
round2,20.5,21.7,1
round2,20.5,21.8,1
round2,20.5,22.1,2
round2,20.5,22.2,1
round2,20.5,22.5,2
round2,20.5,22.7,1
round2,20.5,22.8,1
round2,20.5,23,1
round2,20.5,23.1,2
round2,20.5,23.4,2
round2,20.5,23.6,1
round2,20.5,23.7,1
round2,20.5,23.8,3
round2,20.5,23.9,1
round2,20.5,24.1,1
round2,20.5,24.3,1
round2,20.5,24.4,1
round2,20.5,24.7,2
round2,20.5,24.8,1
round2,20.5,24.9,1
round2,20.5,25.1,1
round2,20.5,25.2,1
round2,20.5,25.3,1
round2,20.5,25.5,1
round2,20.5,25.9,1
round2,20.5,26,2
round2,20.5,26.1,1
round2,20.5,26.2,1
round2,20.5,26.3,1
round2,20.5,26.4,1
round2,20.5,26.5,1
round2,20.5,26.8,2
round2,20.5,27.1,1
round2,20.5,27.2,1
round2,20.5,27.3,1
round2,20.5,27.7,1
round2,20.5,27.8,1
round2,20.5,27.9,2
round2,20.5,28,2
round2,20.5,28.1,1
round2,20.5,28.5,1
round2,20.5,28.6,4
round2,20.5,28.8,1
round2,20.5,29,1
round2,20.5,29.1,1
round2,20.5,29.2,1
round2,20.5,29.3,1
round2,20.5,29.4,1
round2,20.5,29.5,3
round2,20.5,29.6,2
round2,20.5,29.9,2
round2,20.5,30,3
round2,20.5,30.2,4
round2,20.5,30.3,1
round2,20.5,30.4,2
round2,20.5,30.6,2
round2,20.5,30.7,1
round2,20.5,30.8,1
round2,20.5,30.9,1
round2,20.5,31,1
round2,20.5,31.1,3
round2,20.5,31.3,1
round2,20.5,31.4,2
round2,20.5,31.6,3
round2,20.5,31.8,1
round2,20.5,32,4
round2,20.5,32.1,1
round2,20.5,32.4,1
round2,20.5,32.6,1
round2,20.5,32.7,1
round2,20.5,32.8,1
round2,20.5,33.1,3
round2,20.5,33.2,3
round2,20.5,33.3,1
round2,20.5,33.5,1
round2,20.5,33.8,1
round2,20.5,33.9,1
round2,20.5,34,2
round2,20.5,34.2,1
round2,20.5,34.4,1
round2,20.5,34.6,2
round2,20.5,34.7,1
round2,20.5,34.9,1
round2,20.5,35,2
round2,20.5,35.2,2
round2,20.5,35.4,2
round2,20.5,35.5,1
round2,20.5,35.6,2
round2,20.5,35.7,3
round2,20.5,35.8,1
round2,20.5,35.9,1
round2,20.5,36.2,1
round2,20.5,36.3,1
round2,20.5,36.4,1
round2,20.5,36.5,1
round2,20.5,36.6,1
round2,20.5,36.7,1
round2,20.5,36.8,1
round2,20.5,37.1,1
round2,20.5,37.2,1
round2,20.5,37.3,1
round2,20.5,37.4,1
round2,20.5,37.5,3
round2,20.5,37.7,1
round2,20.5,37.9,1
round2,20.5,38,1
round2,20.5,38.1,1
round2,20.5,38.2,1
round2,20.5,38.3,2
round2,20.5,38.4,1
round2,20.5,38.5,2
round2,20.5,38.6,1
round2,20.5,38.7,1
round2,20.5,38.8,1
round2,20.5,38.9,2
round2,20.5,39.1,1
round2,20.5,39.2,1
round2,20.5,39.3,1
round2,20.5,39.4,1
round2,20.5,39.5,2
round2,20.5,39.6,1
round2,20.5,39.8,2
round2,20.5,39.9,1
round2,20.5,40,1
round2,20.5,40.1,1
round2,20.5,40.2,2
round2,20.5,40.3,1
round2,20.5,40.5,3
round2,20.5,40.7,3
round2,20.5,40.8,2
round2,20.5,40.9,2
round2,20.5,41,1
round2,20.5,41.1,1
round2,20.5,41.6,3
round2,20.5,41.9,2
round2,20.5,42.1,2
round2,20.5,42.2,1
round2,20.5,42.6,2
round2,20.5,42.7,2
round2,20.5,42.8,2
round2,20.5,43,1
round2,20.5,43.1,1
round2,20.5,43.2,1
round2,20.5,43.5,1
round2,20.5,43.7,1
round2,20.5,44,1
round2,20.5,44.2,2
round2,20.5,44.4,2
round2,20.5,44.5,1
round2,20.5,44.6,3
round2,20.5,44.7,1
round2,20.5,44.8,1
round2,20.5,44.9,2
round2,20.5,45.2,1
round2,20.5,45.4,1
round2,20.5,45.5,1
round2,20.5,45.6,3
round2,20.5,45.7,1
round2,20.5,45.8,2
round2,20.5,45.9,2
round2,20.5,46,3
round2,20.5,46.3,2
round2,20.5,46.7,3
round2,20.5,46.8,3
round2,20.5,46.9,1
round2,20.5,47,1
round2,20.5,47.1,2
round2,20.5,47.2,1
round2,20.5,47.3,2
round2,20.5,47.4,1
round2,20.5,47.6,2
round2,20.5,47.7,1
round2,20.5,47.8,2
round2,20.5,47.9,1
round2,20.5,48,1
round2,20.5,48.4,1
round2,20.5,48.6,1
round2,20.5,48.8,2
round2,20.5,49,1
round2,20.5,49.1,1
round2,20.5,49.3,2
round2,20.5,49.4,1
round2,20.5,49.5,1
round2,20.5,49.7,1
round2,20.5,49.8,1
round2,20.5,50,2
round2,20.5,50.1,1
round2,20.5,50.2,2
round2,20.5,50.4,1
round2,20.5,50.5,1
round2,20.5,50.6,3
round2,20.5,50.7,1
round2,20.5,50.8,2
round2,20.5,50.9,1
round2,20.5,51,1
round2,20.5,51.2,2
round2,20.5,51.3,2
round2,20.5,51.4,1
round2,20.5,51.5,2
round2,20.5,51.6,1
round2,20.5,51.9,1
round2,20.5,52,1
round2,20.5,52.1,1
round2,20.5,52.2,2
round2,20.5,52.4,1
round2,20.5,52.9,1
round2,20.5,53,1
round2,20.5,53.6,1
round2,20.5,54,2
round2,20.5,54.1,1
round2,20.5,54.3,3
round2,20.5,54.5,2
round2,20.5,54.6,2
round2,20.5,55,2
round2,20.5,55.1,1
round2,20.5,55.2,1
round2,20.5,55.3,1
round2,20.5,55.5,1
round2,20.5,55.6,1
round2,20.5,55.7,1
round2,20.5,55.8,3
round2,20.5,55.9,1
round2,20.5,56.1,1
round2,20.5,56.2,2
round2,20.5,56.3,1
round2,20.5,56.6,1
round2,20.5,56.9,2
round2,20.5,57.3,2
round2,20.5,57.5,1
round2,20.5,57.8,1
round2,20.5,57.9,1
round2,20.5,58,2
round2,20.5,58.2,2
round2,20.5,58.3,2
round2,20.5,58.5,2
round2,20.5,58.6,1
round2,20.5,58.8,3
round2,20.5,59,1
round2,20.5,59.1,2
round2,20.5,59.2,2
round2,20.5,59.3,1
round2,20.5,59.5,2
round2,20.5,59.7,1
round2,20.5,59.9,1
round2,20.5,60,1
round2,20.5,60.2,2
round2,20.5,60.3,1
round2,20.5,60.6,1
round2,20.5,60.7,2
round2,20.5,60.8,1
round2,20.5,61,1
round2,20.5,61.1,1
round2,20.5,61.5,1
round2,20.5,61.6,1
round2,20.5,61.7,1
round2,20.5,61.9,1
round2,20.5,62,1
round2,20.5,62.3,1
round2,20.5,62.4,2
round2,20.5,62.7,3
round2,20.5,62.8,1
round2,20.5,62.9,3
round2,20.5,63.2,1
round2,20.5,63.4,1
round2,20.5,63.6,1
round2,20.5,63.8,2
round2,20.5,64,1
round2,20.5,64.1,1
round2,20.5,64.2,1
round2,20.5,64.4,1
round2,20.5,64.6,1
round2,20.5,64.7,1
round2,20.5,65,2
round2,20.5,65.2,2
round2,20.5,65.3,1
round2,20.5,65.4,1
round2,20.5,65.5,2
round2,20.5,65.7,1
round2,20.5,66.1,1
round2,20.5,66.2,2
round2,20.5,66.9,2
round2,20.5,67,1
round2,20.5,67.1,3
round2,20.5,67.4,1
round2,20.5,67.5,1
round2,20.5,67.6,1
round2,20.5,67.9,1
round2,20.5,68,2
round2,20.5,68.1,1
round2,20.5,68.2,1
round2,20.5,68.7,1
round2,20.5,68.8,1
round2,20.5,68.9,2
round2,20.5,69,1
round2,20.5,69.4,2
round2,20.5,69.6,1
round2,20.5,69.7,1
round2,20.5,69.8,3
round2,20.5,69.9,1
round2,20.5,70,1
round2,20.5,70.2,1
round2,20.5,70.3,1
round2,20.5,70.4,1
round2,20.5,70.5,1
round2,20.5,70.6,1
round2,20.5,70.7,1
round2,20.5,70.8,1
round2,20.5,71.1,1
round2,20.5,71.2,2
round2,20.5,71.4,1
round2,20.5,71.5,2
round2,20.5,71.7,1
round2,20.5,71.8,2
round2,20.5,71.9,1
round2,20.5,72,1
round2,20.5,72.5,2
round2,20.5,72.6,1
round2,20.5,72.8,1
round2,20.5,72.9,2
round2,20.5,73,2
round2,20.5,73.2,1
round2,20.5,73.6,1
round2,20.5,73.8,1
round2,20.5,73.9,1
round2,20.5,74,2
round2,20.5,74.3,2
round2,20.5,74.5,1
round2,20.5,74.6,1
round2,20.5,74.7,1
round2,20.5,74.9,1
round2,20.5,75.3,2
round2,20.5,75.5,1
round2,20.5,75.7,1
round2,20.5,75.8,2
round2,20.5,75.9,2
round2,20.5,76.2,2
round2,20.5,76.6,1
round2,20.5,76.7,3
round2,20.5,76.8,2
round2,20.5,77.2,1
round2,20.5,77.3,3
round2,20.5,77.5,2
round2,20.5,77.9,1
round2,20.5,78,2
round2,20.5,78.1,2
round2,20.5,78.2,3
round2,20.5,78.3,2
round2,20.5,78.4,1
round2,20.5,78.6,1
round2,20.5,78.9,1
round2,20.5,79.3,1
round2,20.5,79.4,1
round2,20.5,79.5,1
round2,20.5,79.6,2
round2,20.5,79.8,2
round2,20.5,79.9,1
round2,20.5,80,1
round2,20.5,80.1,1
round2,20.5,80.3,1
round2,20.5,80.6,2
round2,20.5,80.7,1
round2,20.5,80.8,1
round2,20.5,81.1,1
round2,20.5,81.4,1
round2,20.5,81.6,1
round2,20.5,81.7,2
round2,20.5,81.8,1
round2,20.5,82.3,1
round2,20.5,82.4,1
round2,20.5,82.6,2
round2,20.5,82.7,2
round2,20.5,82.8,2
round2,20.5,83,2
round2,20.5,83.2,1
round2,20.5,83.4,2
round2,20.5,83.8,1
round2,20.5,83.9,1
round2,20.5,84,1
round2,20.5,84.5,1
round2,20.5,84.7,1
round2,20.5,84.9,1
round2,20.5,85.1,2
round2,20.5,85.2,1
round2,20.5,85.3,1
round2,20.5,85.7,3
round2,20.5,85.8,1
round2,20.5,85.9,1
round2,20.5,86.1,1
round2,20.5,86.9,1
round2,20.5,87.1,1
round2,20.5,87.2,3
round2,20.5,88,1
round2,20.5,88.3,1
round2,20.5,88.6,2
round2,20.5,88.8,1
round2,20.5,88.9,2
round2,20.5,89.1,1
round2,20.5,89.2,2
round2,20.5,89.3,1
round2,20.5,89.4,1
round2,20.5,89.6,1
round2,20.5,89.7,1
round2,20.5,89.8,1
round2,20.5,90,1
round2,20.5,90.4,1
round2,20.5,91,1
round2,20.5,91.3,2
round2,20.5,91.6,1
round2,20.5,91.8,1
round2,20.5,92,1
round2,20.5,92.3,2
round2,20.5,92.4,1
round2,20.5,92.6,1
round2,20.5,92.7,2
round2,20.5,93.2,1
round2,20.5,93.4,1
round2,20.5,93.5,1
round2,20.5,93.6,1
round2,20.5,93.8,1
round2,20.5,93.9,1
round2,20.5,94,1
round2,20.5,94.2,1
round2,20.5,94.5,1
round2,20.5,95.5,1
round2,20.5,95.6,1
round2,20.5,95.7,2
round2,20.5,96.1,1
round2,20.5,96.2,1
round2,20.5,96.6,1
round2,20.5,97.1,1
round2,20.5,98.4,1
round2,20.5,99.5,1
round2,20.5,99.6,1
round2,24.8,0.2,2
round2,24.8,0.5,3
round2,24.8,0.7,1
round2,24.8,0.8,2
round2,24.8,0.9,2
round2,24.8,1,1
round2,24.8,1.1,1
round2,24.8,1.2,2
round2,24.8,1.3,1
round2,24.8,1.7,1
round2,24.8,1.8,2
round2,24.8,2,1
round2,24.8,2.2,2
round2,24.8,2.3,1
round2,24.8,2.5,3
round2,24.8,2.7,2
round2,24.8,2.9,2
round2,24.8,3,1
round2,24.8,3.1,2
round2,24.8,3.2,3
round2,24.8,3.4,1
round2,24.8,3.5,2
round2,24.8,3.7,1
round2,24.8,3.8,1
round2,24.8,3.9,1
round2,24.8,4.1,3
round2,24.8,4.2,2
round2,24.8,4.3,2
round2,24.8,4.4,2
round2,24.8,4.6,1
round2,24.8,4.7,3
round2,24.8,4.8,1
round2,24.8,5,1
round2,24.8,5.1,4
round2,24.8,5.2,1
round2,24.8,5.3,2
round2,24.8,5.4,1
round2,24.8,5.6,1
round2,24.8,5.7,2
round2,24.8,5.8,1
round2,24.8,5.9,1
round2,24.8,6,1
round2,24.8,6.2,2
round2,24.8,6.3,2
round2,24.8,6.4,5
round2,24.8,6.7,2
round2,24.8,6.8,2
round2,24.8,6.9,1
round2,24.8,7,2
round2,24.8,7.1,1
round2,24.8,7.2,3
round2,24.8,7.5,1
round2,24.8,7.6,3
round2,24.8,7.7,3
round2,24.8,7.9,2
round2,24.8,8,1
round2,24.8,8.1,5
round2,24.8,8.2,2
round2,24.8,8.3,1
round2,24.8,8.6,1
round2,24.8,8.7,1
round2,24.8,8.8,1
round2,24.8,8.9,1
round2,24.8,9,3
round2,24.8,9.2,2
round2,24.8,9.3,1
round2,24.8,9.5,1
round2,24.8,9.6,2
round2,24.8,9.7,3
round2,24.8,9.8,2
round2,24.8,9.9,1
round2,24.8,10,3
round2,24.8,10.2,1
round2,24.8,10.4,2
round2,24.8,10.5,3
round2,24.8,10.6,3
round2,24.8,10.7,1
round2,24.8,10.9,1
round2,24.8,11,1
round2,24.8,11.3,1
round2,24.8,11.4,1
round2,24.8,11.5,2
round2,24.8,11.6,3
round2,24.8,11.7,1
round2,24.8,11.9,3
round2,24.8,12,1
round2,24.8,12.1,1
round2,24.8,12.2,1
round2,24.8,12.3,1
round2,24.8,12.4,1
round2,24.8,12.5,3
round2,24.8,12.6,1
round2,24.8,12.7,1
round2,24.8,12.8,2
round2,24.8,12.9,3
round2,24.8,13,2
round2,24.8,13.1,1
round2,24.8,13.3,1
round2,24.8,13.4,2
round2,24.8,13.5,1
round2,24.8,13.6,1
round2,24.8,13.8,2
round2,24.8,13.9,1
round2,24.8,14,2
round2,24.8,14.1,2
round2,24.8,14.2,2
round2,24.8,14.3,5
round2,24.8,14.4,1
round2,24.8,14.5,1
round2,24.8,14.6,2
round2,24.8,14.8,1
round2,24.8,14.9,1
round2,24.8,15,1
round2,24.8,15.1,1
round2,24.8,15.2,3
round2,24.8,15.3,1
round2,24.8,15.5,1
round2,24.8,15.6,1
round2,24.8,15.8,1
round2,24.8,15.9,2
round2,24.8,16,1
round2,24.8,16.2,2
round2,24.8,16.4,3
round2,24.8,16.8,2
round2,24.8,17,2
round2,24.8,17.1,5
round2,24.8,17.2,1
round2,24.8,17.3,2
round2,24.8,17.4,1
round2,24.8,17.5,2
round2,24.8,17.6,2
round2,24.8,17.7,2
round2,24.8,17.8,2
round2,24.8,17.9,1
round2,24.8,18,1
round2,24.8,18.1,1
round2,24.8,18.2,1
round2,24.8,18.4,1
round2,24.8,18.5,1
round2,24.8,18.7,2
round2,24.8,18.8,1
round2,24.8,18.9,1
round2,24.8,19.1,1
round2,24.8,19.3,2
round2,24.8,19.4,1
round2,24.8,19.5,2
round2,24.8,19.8,3
round2,24.8,19.9,1
round2,24.8,20,1
round2,24.8,20.2,3
round2,24.8,20.3,2
round2,24.8,20.4,1
round2,24.8,20.5,3
round2,24.8,20.7,3
round2,24.8,20.9,3
round2,24.8,21,2
round2,24.8,21.1,1
round2,24.8,21.2,1
round2,24.8,21.3,1
round2,24.8,21.4,1
round2,24.8,21.5,1
round2,24.8,21.6,3
round2,24.8,21.7,3
round2,24.8,21.9,3
round2,24.8,22,1
round2,24.8,22.1,1
round2,24.8,22.4,3
round2,24.8,22.6,2
round2,24.8,22.8,2
round2,24.8,22.9,2
round2,24.8,23,1
round2,24.8,23.2,1
round2,24.8,23.3,1
round2,24.8,23.4,1
round2,24.8,23.5,2
round2,24.8,23.6,1
round2,24.8,23.7,2
round2,24.8,24,1
round2,24.8,24.1,1
round2,24.8,24.2,1
round2,24.8,24.3,3
round2,24.8,24.6,2
round2,24.8,24.7,2
round2,24.8,24.8,3
round2,24.8,24.9,2
round2,24.8,25,3
round2,24.8,25.1,1
round2,24.8,25.2,5
round2,24.8,25.3,3
round2,24.8,25.5,3
round2,24.8,25.6,3
round2,24.8,25.7,1
round2,24.8,25.8,1
round2,24.8,26,1
round2,24.8,26.3,3
round2,24.8,26.4,2
round2,24.8,26.5,1
round2,24.8,26.6,1
round2,24.8,26.7,3
round2,24.8,26.8,2
round2,24.8,27,3
round2,24.8,27.2,2
round2,24.8,27.5,1
round2,24.8,27.6,1
round2,24.8,27.7,1
round2,24.8,27.8,1
round2,24.8,28.1,2
round2,24.8,28.2,3
round2,24.8,28.3,2
round2,24.8,28.4,4
round2,24.8,28.6,3
round2,24.8,28.7,1
round2,24.8,28.8,1
round2,24.8,28.9,1
round2,24.8,29,1
round2,24.8,29.1,3
round2,24.8,29.3,2
round2,24.8,29.4,2
round2,24.8,29.5,2
round2,24.8,29.6,1
round2,24.8,29.7,1
round2,24.8,29.9,1
round2,24.8,30,1
round2,24.8,30.1,1
round2,24.8,30.2,1
round2,24.8,30.4,1
round2,24.8,30.5,2
round2,24.8,30.6,1
round2,24.8,30.8,2
round2,24.8,30.9,1
round2,24.8,31.1,3
round2,24.8,31.2,2
round2,24.8,31.3,1
round2,24.8,31.6,2
round2,24.8,31.8,2
round2,24.8,32.2,4
round2,24.8,32.3,1
round2,24.8,32.4,2
round2,24.8,32.5,2
round2,24.8,32.6,1
round2,24.8,32.8,3
round2,24.8,32.9,1
round2,24.8,33,2
round2,24.8,33.1,1
round2,24.8,33.2,3
round2,24.8,33.4,2
round2,24.8,33.5,2
round2,24.8,33.6,2
round2,24.8,33.7,2
round2,24.8,33.8,2
round2,24.8,34,1
round2,24.8,34.1,2
round2,24.8,34.2,3
round2,24.8,34.3,2
round2,24.8,34.4,1
round2,24.8,34.5,2
round2,24.8,34.6,2
round2,24.8,35,2
round2,24.8,35.1,2
round2,24.8,35.2,1
round2,24.8,35.5,4
round2,24.8,35.8,1
round2,24.8,35.9,2
round2,24.8,36,1
round2,24.8,36.1,2
round2,24.8,36.2,1
round2,24.8,36.3,2
round2,24.8,36.4,2
round2,24.8,36.5,1
round2,24.8,36.6,1
round2,24.8,36.8,1
round2,24.8,37.2,1
round2,24.8,37.3,1
round2,24.8,37.4,3
round2,24.8,37.5,2
round2,24.8,37.6,1
round2,24.8,37.7,1
round2,24.8,37.8,3
round2,24.8,37.9,1
round2,24.8,38,3
round2,24.8,38.1,1
round2,24.8,38.2,2
round2,24.8,38.3,1
round2,24.8,38.5,1
round2,24.8,38.6,1
round2,24.8,38.7,1
round2,24.8,38.9,1
round2,24.8,39.1,1
round2,24.8,39.4,1
round2,24.8,39.7,1
round2,24.8,39.8,2
round2,24.8,40,4
round2,24.8,40.2,1
round2,24.8,40.3,3
round2,24.8,40.4,1
round2,24.8,40.5,2
round2,24.8,40.7,1
round2,24.8,40.8,1
round2,24.8,40.9,1
round2,24.8,41,1
round2,24.8,41.1,2
round2,24.8,41.2,1
round2,24.8,41.5,1
round2,24.8,41.6,3
round2,24.8,41.9,1
round2,24.8,42,4
round2,24.8,42.2,3
round2,24.8,42.3,1
round2,24.8,42.4,2
round2,24.8,42.5,1
round2,24.8,42.9,1
round2,24.8,43,1
round2,24.8,43.1,1
round2,24.8,43.2,2
round2,24.8,43.3,3
round2,24.8,43.4,2
round2,24.8,43.6,3
round2,24.8,43.8,1
round2,24.8,43.9,1
round2,24.8,44.3,4
round2,24.8,44.4,1
round2,24.8,44.5,1
round2,24.8,44.7,2
round2,24.8,44.8,1
round2,24.8,45,3
round2,24.8,45.1,1
round2,24.8,45.3,1
round2,24.8,45.4,1
round2,24.8,45.5,4
round2,24.8,45.6,1
round2,24.8,45.8,3
round2,24.8,45.9,1
round2,24.8,46,1
round2,24.8,46.1,1
round2,24.8,46.2,1
round2,24.8,46.4,2
round2,24.8,46.5,1
round2,24.8,46.8,1
round2,24.8,47,1
round2,24.8,47.1,3
round2,24.8,47.2,1
round2,24.8,47.3,3
round2,24.8,47.5,1
round2,24.8,47.7,1
round2,24.8,47.8,2
round2,24.8,48,1
round2,24.8,48.2,1
round2,24.8,48.5,2
round2,24.8,48.6,1
round2,24.8,48.7,1
round2,24.8,48.8,1
round2,24.8,48.9,1
round2,24.8,49,1
round2,24.8,49.1,1
round2,24.8,49.2,1
round2,24.8,49.4,1
round2,24.8,49.5,2
round2,24.8,49.9,3
round2,24.8,50,2
round2,24.8,50.1,1
round2,24.8,50.2,2
round2,24.8,50.3,3
round2,24.8,50.5,1
round2,24.8,50.6,1
round2,24.8,50.7,2
round2,24.8,50.8,2
round2,24.8,50.9,2
round2,24.8,51.1,1
round2,24.8,51.2,1
round2,24.8,51.4,1
round2,24.8,51.6,2
round2,24.8,51.7,1
round2,24.8,51.8,1
round2,24.8,52.1,3
round2,24.8,52.2,1
round2,24.8,52.3,1
round2,24.8,52.4,1
round2,24.8,52.7,1
round2,24.8,53,1
round2,24.8,53.1,3
round2,24.8,53.2,1
round2,24.8,53.3,4
round2,24.8,53.4,2
round2,24.8,53.5,3
round2,24.8,53.6,1
round2,24.8,53.8,1
round2,24.8,54.1,4
round2,24.8,54.2,2
round2,24.8,54.7,2
round2,24.8,54.8,1
round2,24.8,54.9,1
round2,24.8,55,1
round2,24.8,55.1,2
round2,24.8,55.2,1
round2,24.8,55.4,3
round2,24.8,55.5,2
round2,24.8,55.6,1
round2,24.8,55.7,1
round2,24.8,55.8,1
round2,24.8,55.9,5
round2,24.8,56.2,3
round2,24.8,56.3,1
round2,24.8,56.5,2
round2,24.8,56.6,1
round2,24.8,56.7,3
round2,24.8,57.1,1
round2,24.8,57.2,2
round2,24.8,57.4,2
round2,24.8,57.6,1
round2,24.8,57.7,1
round2,24.8,57.8,3
round2,24.8,57.9,1
round2,24.8,58,1
round2,24.8,58.1,2
round2,24.8,58.2,1
round2,24.8,58.3,3
round2,24.8,58.6,2
round2,24.8,58.7,3
round2,24.8,58.8,2
round2,24.8,59,1
round2,24.8,59.1,1
round2,24.8,59.2,1
round2,24.8,59.3,3
round2,24.8,59.5,2
round2,24.8,59.7,1
round2,24.8,59.8,3
round2,24.8,60.1,1
round2,24.8,60.2,1
round2,24.8,60.3,1
round2,24.8,60.4,1
round2,24.8,60.5,2
round2,24.8,60.6,1
round2,24.8,60.8,1
round2,24.8,60.9,1
round2,24.8,61,1
round2,24.8,61.1,3
round2,24.8,61.2,1
round2,24.8,61.6,1
round2,24.8,61.7,2
round2,24.8,61.8,3
round2,24.8,61.9,1
round2,24.8,62,2
round2,24.8,62.1,2
round2,24.8,62.2,1
round2,24.8,62.4,2
round2,24.8,62.6,1
round2,24.8,62.7,2
round2,24.8,63.1,1
round2,24.8,63.3,3
round2,24.8,63.4,1
round2,24.8,63.5,2
round2,24.8,63.6,3
round2,24.8,63.8,2
round2,24.8,63.9,1
round2,24.8,64,3
round2,24.8,64.1,1
round2,24.8,64.2,1
round2,24.8,64.4,2
round2,24.8,64.5,1
round2,24.8,64.6,2
round2,24.8,64.7,1
round2,24.8,64.8,1
round2,24.8,64.9,1
round2,24.8,65,1
round2,24.8,65.1,1
round2,24.8,65.2,2
round2,24.8,65.3,1
round2,24.8,65.4,3
round2,24.8,65.6,1
round2,24.8,65.7,2
round2,24.8,65.8,2
round2,24.8,65.9,2
round2,24.8,66,1
round2,24.8,66.2,2
round2,24.8,66.5,3
round2,24.8,66.6,2
round2,24.8,66.7,1
round2,24.8,66.8,2
round2,24.8,66.9,1
round2,24.8,67,1
round2,24.8,67.2,1
round2,24.8,67.3,3
round2,24.8,67.6,1
round2,24.8,67.7,5
round2,24.8,67.8,1
round2,24.8,67.9,1
round2,24.8,68.1,2
round2,24.8,68.2,1
round2,24.8,68.4,3
round2,24.8,68.5,1
round2,24.8,68.6,1
round2,24.8,68.7,2
round2,24.8,68.9,3
round2,24.8,69,1
round2,24.8,69.1,2
round2,24.8,69.3,1
round2,24.8,69.5,1
round2,24.8,69.6,1
round2,24.8,69.8,1
round2,24.8,69.9,2
round2,24.8,70,2
round2,24.8,70.1,1
round2,24.8,70.2,1
round2,24.8,70.4,2
round2,24.8,70.5,4
round2,24.8,70.6,2
round2,24.8,70.7,2
round2,24.8,70.8,1
round2,24.8,70.9,2
round2,24.8,71.1,2
round2,24.8,71.3,1
round2,24.8,71.6,3
round2,24.8,71.8,2
round2,24.8,72.1,1
round2,24.8,72.5,1
round2,24.8,72.9,1
round2,24.8,73,1
round2,24.8,73.1,1
round2,24.8,73.2,1
round2,24.8,73.3,2
round2,24.8,73.4,2
round2,24.8,73.8,2
round2,24.8,73.9,2
round2,24.8,74,2
round2,24.8,74.1,3
round2,24.8,74.5,1
round2,24.8,74.6,2
round2,24.8,74.8,1
round2,24.8,74.9,2
round2,24.8,75.1,1
round2,24.8,75.2,3
round2,24.8,75.5,3
round2,24.8,75.7,1
round2,24.8,75.8,1
round2,24.8,76,1
round2,24.8,76.2,1
round2,24.8,76.5,1
round2,24.8,76.6,4
round2,24.8,76.7,2
round2,24.8,77.4,2
round2,24.8,77.5,2
round2,24.8,77.6,2
round2,24.8,77.7,1
round2,24.8,77.8,1
round2,24.8,78.6,1
round2,24.8,78.8,1
round2,24.8,78.9,1
round2,24.8,79.3,1
round2,24.8,79.7,2
round2,24.8,79.8,3
round2,24.8,79.9,1
round2,24.8,80.1,1
round2,24.8,80.2,1
round2,24.8,80.3,1
round2,24.8,80.4,3
round2,24.8,80.7,2
round2,24.8,80.8,3
round2,24.8,81,1
round2,24.8,81.1,1
round2,24.8,81.2,1
round2,24.8,81.3,2
round2,24.8,81.4,1
round2,24.8,81.5,2
round2,24.8,81.6,2
round2,24.8,81.8,1
round2,24.8,81.9,1
round2,24.8,82,1
round2,24.8,82.6,2
round2,24.8,82.7,1
round2,24.8,82.8,3
round2,24.8,82.9,1
round2,24.8,83.1,1
round2,24.8,83.2,3
round2,24.8,83.3,2
round2,24.8,83.4,3
round2,24.8,83.5,2
round2,24.8,83.6,2
round2,24.8,83.7,2
round2,24.8,83.9,1
round2,24.8,84,1
round2,24.8,84.1,1
round2,24.8,84.3,1
round2,24.8,84.4,2
round2,24.8,84.6,1
round2,24.8,84.8,1
round2,24.8,84.9,1
round2,24.8,85,2
round2,24.8,85.1,1
round2,24.8,85.2,1
round2,24.8,85.3,2
round2,24.8,85.4,1
round2,24.8,85.6,1
round2,24.8,85.7,1
round2,24.8,85.8,2
round2,24.8,85.9,1
round2,24.8,86,1
round2,24.8,86.2,1
round2,24.8,86.3,2
round2,24.8,86.6,2
round2,24.8,86.8,1
round2,24.8,86.9,1
round2,24.8,87,2
round2,24.8,87.3,2
round2,24.8,87.5,1
round2,24.8,87.8,2
round2,24.8,87.9,1
round2,24.8,88.2,1
round2,24.8,88.4,1
round2,24.8,88.5,1
round2,24.8,88.6,4
round2,24.8,88.7,1
round2,24.8,89.1,2
round2,24.8,89.2,1
round2,24.8,89.4,2
round2,24.8,89.5,4
round2,24.8,89.6,1
round2,24.8,89.9,1
round2,24.8,90.2,1
round2,24.8,90.3,1
round2,24.8,90.7,1
round2,24.8,90.8,1
round2,24.8,90.9,2
round2,24.8,91,1
round2,24.8,91.1,2
round2,24.8,91.2,3
round2,24.8,91.5,1
round2,24.8,91.6,1
round2,24.8,91.7,1
round2,24.8,91.9,1
round2,24.8,92.1,1
round2,24.8,93,1
round2,24.8,93.4,1
round2,24.8,93.8,1
round2,24.8,94.1,1
round2,24.8,94.2,1
round2,24.8,94.4,1
round2,24.8,94.5,1
round2,24.8,94.6,2
round2,24.8,94.7,2
round2,24.8,94.8,1
round2,24.8,95,2
round2,24.8,95.2,1
round2,24.8,95.4,1
round2,24.8,95.7,2
round2,24.8,96,1
round2,24.8,96.3,1
round2,24.8,96.6,1
round2,24.8,96.7,1
round2,24.8,96.8,1
round2,24.8,97.2,1
round2,24.8,97.4,2
round2,24.8,97.7,1
round2,24.8,97.9,3
round2,24.8,98.1,1
round2,24.8,98.2,1
round2,24.8,98.6,1
round2,24.8,99,1
round2,24.8,99.1,1
round2,24.8,99.5,2
round2,24.8,99.6,1
round2,24.8,99.9,1
round2,24.8,100,1
round2,29.8,0.1,1
round2,29.8,0.2,1
round2,29.8,0.3,1
round2,29.8,0.4,2
round2,29.8,0.5,1
round2,29.8,0.6,2
round2,29.8,0.7,2
round2,29.8,0.8,2
round2,29.8,0.9,3
round2,29.8,1.2,3
round2,29.8,1.3,3
round2,29.8,1.4,1
round2,29.8,1.5,1
round2,29.8,1.6,2
round2,29.8,1.7,2
round2,29.8,1.8,2
round2,29.8,1.9,6
round2,29.8,2,1
round2,29.8,2.1,1
round2,29.8,2.2,1
round2,29.8,2.3,1
round2,29.8,2.6,3
round2,29.8,2.7,1
round2,29.8,2.8,4
round2,29.8,2.9,1
round2,29.8,3,1
round2,29.8,3.3,3
round2,29.8,3.4,1
round2,29.8,3.6,3
round2,29.8,3.7,1
round2,29.8,3.8,1
round2,29.8,4,2
round2,29.8,4.1,3
round2,29.8,4.2,1
round2,29.8,4.3,2
round2,29.8,4.4,1
round2,29.8,4.5,1
round2,29.8,4.6,1
round2,29.8,4.7,1
round2,29.8,4.8,2
round2,29.8,4.9,1
round2,29.8,5.2,1
round2,29.8,5.3,2
round2,29.8,5.4,3
round2,29.8,5.8,3
round2,29.8,5.9,3
round2,29.8,6,2
round2,29.8,6.2,2
round2,29.8,6.4,4
round2,29.8,6.5,4
round2,29.8,6.7,1
round2,29.8,6.8,3
round2,29.8,6.9,2
round2,29.8,7,2
round2,29.8,7.3,1
round2,29.8,7.4,4
round2,29.8,7.5,3
round2,29.8,7.8,3
round2,29.8,7.9,1
round2,29.8,8,2
round2,29.8,8.2,1
round2,29.8,8.3,4
round2,29.8,8.4,2
round2,29.8,8.5,2
round2,29.8,8.6,2
round2,29.8,8.9,2
round2,29.8,9,2
round2,29.8,9.1,3
round2,29.8,9.2,1
round2,29.8,9.3,1
round2,29.8,9.4,2
round2,29.8,9.6,2
round2,29.8,9.8,1
round2,29.8,9.9,1
round2,29.8,10,2
round2,29.8,10.1,2
round2,29.8,10.2,1
round2,29.8,10.4,2
round2,29.8,10.5,2
round2,29.8,10.6,2
round2,29.8,10.7,2
round2,29.8,10.8,2
round2,29.8,10.9,1
round2,29.8,11,3
round2,29.8,11.1,2
round2,29.8,11.2,1
round2,29.8,11.3,1
round2,29.8,11.4,1
round2,29.8,11.5,1
round2,29.8,11.6,2
round2,29.8,11.7,1
round2,29.8,11.8,1
round2,29.8,11.9,1
round2,29.8,12.1,1
round2,29.8,12.3,1
round2,29.8,12.4,3
round2,29.8,12.5,1
round2,29.8,12.6,2
round2,29.8,12.7,1
round2,29.8,12.8,3
round2,29.8,12.9,1
round2,29.8,13,2
round2,29.8,13.1,4
round2,29.8,13.2,1
round2,29.8,13.3,1
round2,29.8,13.4,1
round2,29.8,13.5,1
round2,29.8,13.6,1
round2,29.8,13.8,2
round2,29.8,13.9,2
round2,29.8,14,1
round2,29.8,14.1,1
round2,29.8,14.2,1
round2,29.8,14.3,5
round2,29.8,14.4,1
round2,29.8,14.5,2
round2,29.8,14.6,1
round2,29.8,14.7,1
round2,29.8,14.8,1
round2,29.8,14.9,2
round2,29.8,15,1
round2,29.8,15.1,2
round2,29.8,15.3,3
round2,29.8,15.4,2
round2,29.8,15.6,1
round2,29.8,15.7,2
round2,29.8,15.8,2
round2,29.8,16,1
round2,29.8,16.1,2
round2,29.8,16.2,1
round2,29.8,16.4,1
round2,29.8,16.6,1
round2,29.8,16.7,2
round2,29.8,16.8,3
round2,29.8,16.9,2
round2,29.8,17,1
round2,29.8,17.1,1
round2,29.8,17.5,2
round2,29.8,17.6,1
round2,29.8,17.7,2
round2,29.8,17.8,3
round2,29.8,17.9,1
round2,29.8,18,3
round2,29.8,18.1,1
round2,29.8,18.2,2
round2,29.8,18.3,2
round2,29.8,18.5,2
round2,29.8,18.6,2
round2,29.8,18.7,1
round2,29.8,18.8,1
round2,29.8,18.9,2
round2,29.8,19,1
round2,29.8,19.1,1
round2,29.8,19.2,1
round2,29.8,19.4,1
round2,29.8,19.6,1
round2,29.8,19.8,5
round2,29.8,20,2
round2,29.8,20.1,1
round2,29.8,20.5,2
round2,29.8,20.6,1
round2,29.8,20.7,2
round2,29.8,20.8,1
round2,29.8,21,1
round2,29.8,21.1,2
round2,29.8,21.2,1
round2,29.8,21.3,2
round2,29.8,21.4,1
round2,29.8,21.6,1
round2,29.8,21.7,1
round2,29.8,21.8,1
round2,29.8,21.9,5
round2,29.8,22,4
round2,29.8,22.1,2
round2,29.8,22.2,2
round2,29.8,22.3,2
round2,29.8,22.4,4
round2,29.8,22.5,3
round2,29.8,22.6,1
round2,29.8,22.7,2
round2,29.8,22.8,1
round2,29.8,22.9,2
round2,29.8,23.1,1
round2,29.8,23.2,2
round2,29.8,23.4,3
round2,29.8,23.5,3
round2,29.8,23.6,1
round2,29.8,23.7,3
round2,29.8,23.8,1
round2,29.8,24.1,1
round2,29.8,24.2,1
round2,29.8,24.4,2
round2,29.8,24.5,1
round2,29.8,24.6,4
round2,29.8,24.7,1
round2,29.8,25.1,4
round2,29.8,25.2,1
round2,29.8,25.4,2
round2,29.8,25.5,3
round2,29.8,25.6,3
round2,29.8,25.7,1
round2,29.8,25.8,2
round2,29.8,25.9,2
round2,29.8,26.1,3
round2,29.8,26.3,3
round2,29.8,26.4,1
round2,29.8,26.6,4
round2,29.8,26.7,4
round2,29.8,26.9,3
round2,29.8,27.1,4
round2,29.8,27.2,2
round2,29.8,27.3,1
round2,29.8,27.4,2
round2,29.8,27.5,3
round2,29.8,27.8,1
round2,29.8,27.9,1
round2,29.8,28.1,1
round2,29.8,28.2,2
round2,29.8,28.4,3
round2,29.8,28.5,1
round2,29.8,28.7,1
round2,29.8,28.9,1
round2,29.8,29,2
round2,29.8,29.1,1
round2,29.8,29.2,1
round2,29.8,29.3,2
round2,29.8,29.4,1
round2,29.8,29.5,1
round2,29.8,29.6,1
round2,29.8,29.7,1
round2,29.8,29.8,2
round2,29.8,29.9,4
round2,29.8,30.1,1
round2,29.8,30.2,2
round2,29.8,30.4,3
round2,29.8,30.5,1
round2,29.8,30.6,1
round2,29.8,30.7,3
round2,29.8,30.8,2
round2,29.8,30.9,2
round2,29.8,31,1
round2,29.8,31.1,1
round2,29.8,31.4,3
round2,29.8,31.5,2
round2,29.8,31.7,2
round2,29.8,31.8,1
round2,29.8,31.9,3
round2,29.8,32,1
round2,29.8,32.1,2
round2,29.8,32.2,1
round2,29.8,32.3,3
round2,29.8,32.4,3
round2,29.8,32.5,1
round2,29.8,32.7,1
round2,29.8,32.8,3
round2,29.8,33,3
round2,29.8,33.2,2
round2,29.8,33.3,3
round2,29.8,33.5,1
round2,29.8,33.6,2
round2,29.8,33.7,2
round2,29.8,33.8,1
round2,29.8,33.9,2
round2,29.8,34.2,2
round2,29.8,34.3,3
round2,29.8,34.5,2
round2,29.8,34.8,1
round2,29.8,34.9,1
round2,29.8,35,2
round2,29.8,35.1,1
round2,29.8,35.2,3
round2,29.8,35.5,1
round2,29.8,35.6,2
round2,29.8,35.7,3
round2,29.8,36,1
round2,29.8,36.1,1
round2,29.8,36.3,1
round2,29.8,36.5,2
round2,29.8,36.7,1
round2,29.8,36.8,2
round2,29.8,36.9,2
round2,29.8,37,1
round2,29.8,37.1,1
round2,29.8,37.3,1
round2,29.8,37.5,1
round2,29.8,37.7,1
round2,29.8,37.8,1
round2,29.8,37.9,1
round2,29.8,38,2
round2,29.8,38.1,1
round2,29.8,38.2,3
round2,29.8,38.3,2
round2,29.8,38.4,4
round2,29.8,38.6,5
round2,29.8,38.7,4
round2,29.8,38.8,1
round2,29.8,38.9,1
round2,29.8,39,2
round2,29.8,39.1,1
round2,29.8,39.3,3
round2,29.8,39.4,2
round2,29.8,39.5,4
round2,29.8,39.6,2
round2,29.8,39.7,4
round2,29.8,39.9,1
round2,29.8,40.1,2
round2,29.8,40.2,2
round2,29.8,40.3,3
round2,29.8,40.4,3
round2,29.8,40.5,1
round2,29.8,40.6,3
round2,29.8,40.7,3
round2,29.8,40.8,3
round2,29.8,40.9,2
round2,29.8,41,1
round2,29.8,41.1,2
round2,29.8,41.2,1
round2,29.8,41.3,1
round2,29.8,41.4,1
round2,29.8,41.6,2
round2,29.8,41.8,1
round2,29.8,41.9,2
round2,29.8,42.4,1
round2,29.8,42.7,1
round2,29.8,42.8,2
round2,29.8,42.9,2
round2,29.8,43,1
round2,29.8,43.1,2
round2,29.8,43.2,2
round2,29.8,43.4,2
round2,29.8,43.6,1
round2,29.8,43.8,2
round2,29.8,43.9,1
round2,29.8,44,1
round2,29.8,44.1,3
round2,29.8,44.2,1
round2,29.8,44.3,1
round2,29.8,44.4,3
round2,29.8,44.6,1
round2,29.8,44.7,1
round2,29.8,44.9,1
round2,29.8,45,1
round2,29.8,45.1,1
round2,29.8,45.2,2
round2,29.8,45.3,2
round2,29.8,45.4,1
round2,29.8,45.5,1
round2,29.8,45.6,1
round2,29.8,45.8,2
round2,29.8,45.9,3
round2,29.8,46,5
round2,29.8,46.1,1
round2,29.8,46.2,2
round2,29.8,46.3,3
round2,29.8,46.4,1
round2,29.8,46.6,3
round2,29.8,46.7,2
round2,29.8,47,1
round2,29.8,47.2,1
round2,29.8,47.6,2
round2,29.8,47.8,1
round2,29.8,47.9,1
round2,29.8,48,2
round2,29.8,48.1,3
round2,29.8,48.2,3
round2,29.8,48.4,1
round2,29.8,48.5,2
round2,29.8,48.6,3
round2,29.8,48.7,1
round2,29.8,49,1
round2,29.8,49.1,1
round2,29.8,49.2,1
round2,29.8,49.3,2
round2,29.8,49.4,2
round2,29.8,49.6,1
round2,29.8,49.7,2
round2,29.8,49.8,3
round2,29.8,49.9,1
round2,29.8,50,1
round2,29.8,50.1,1
round2,29.8,50.2,1
round2,29.8,50.3,1
round2,29.8,50.4,1
round2,29.8,50.5,2
round2,29.8,50.6,2
round2,29.8,50.7,1
round2,29.8,50.8,1
round2,29.8,50.9,3
round2,29.8,51,2
round2,29.8,51.1,1
round2,29.8,51.2,1
round2,29.8,51.3,1
round2,29.8,51.4,2
round2,29.8,51.5,2
round2,29.8,51.7,3
round2,29.8,52,1
round2,29.8,52.2,1
round2,29.8,52.4,4
round2,29.8,52.5,2
round2,29.8,52.8,2
round2,29.8,52.9,1
round2,29.8,53,2
round2,29.8,53.1,2
round2,29.8,53.3,4
round2,29.8,53.4,1
round2,29.8,53.5,1
round2,29.8,53.7,1
round2,29.8,53.8,1
round2,29.8,53.9,1
round2,29.8,54,1
round2,29.8,54.2,3
round2,29.8,54.3,1
round2,29.8,54.4,2
round2,29.8,54.6,2
round2,29.8,54.7,2
round2,29.8,54.8,1
round2,29.8,54.9,3
round2,29.8,55,1
round2,29.8,55.1,2
round2,29.8,55.2,3
round2,29.8,55.3,1
round2,29.8,55.4,1
round2,29.8,55.5,1
round2,29.8,55.6,2
round2,29.8,55.7,1
round2,29.8,55.8,2
round2,29.8,55.9,1
round2,29.8,56.1,1
round2,29.8,56.3,1
round2,29.8,56.4,3
round2,29.8,56.5,1
round2,29.8,56.7,1
round2,29.8,56.8,1
round2,29.8,57.1,1
round2,29.8,57.3,2
round2,29.8,57.5,1
round2,29.8,57.6,2
round2,29.8,57.7,1
round2,29.8,58,2
round2,29.8,58.4,1
round2,29.8,58.6,3
round2,29.8,58.7,2
round2,29.8,58.8,2
round2,29.8,59,1
round2,29.8,59.1,2
round2,29.8,59.2,1
round2,29.8,59.3,2
round2,29.8,59.4,2
round2,29.8,59.5,1
round2,29.8,59.7,2
round2,29.8,59.9,2
round2,29.8,60,2
round2,29.8,60.1,1
round2,29.8,60.2,3
round2,29.8,60.3,1
round2,29.8,60.4,1
round2,29.8,60.5,3
round2,29.8,60.6,2
round2,29.8,60.8,1
round2,29.8,61,2
round2,29.8,61.1,1
round2,29.8,61.2,1
round2,29.8,61.3,1
round2,29.8,61.4,1
round2,29.8,61.6,3
round2,29.8,61.7,1
round2,29.8,61.9,2
round2,29.8,62,3
round2,29.8,62.1,2
round2,29.8,62.2,1
round2,29.8,62.6,1
round2,29.8,62.7,1
round2,29.8,62.8,1
round2,29.8,62.9,2
round2,29.8,63.2,1
round2,29.8,63.7,3
round2,29.8,63.8,1
round2,29.8,63.9,1
round2,29.8,64,1
round2,29.8,64.1,1
round2,29.8,64.2,2
round2,29.8,64.3,1
round2,29.8,64.5,3
round2,29.8,64.6,1
round2,29.8,64.7,3
round2,29.8,64.8,1
round2,29.8,65.2,2
round2,29.8,65.3,1
round2,29.8,65.5,2
round2,29.8,65.6,1
round2,29.8,65.7,1
round2,29.8,65.8,2
round2,29.8,65.9,1
round2,29.8,66,1
round2,29.8,66.1,1
round2,29.8,66.2,2
round2,29.8,66.3,2
round2,29.8,66.4,1
round2,29.8,66.5,1
round2,29.8,66.7,1
round2,29.8,67,3
round2,29.8,67.1,1
round2,29.8,67.2,2
round2,29.8,67.3,1
round2,29.8,67.4,1
round2,29.8,67.5,1
round2,29.8,67.6,2
round2,29.8,67.8,1
round2,29.8,67.9,2
round2,29.8,68.1,1
round2,29.8,68.2,2
round2,29.8,68.3,3
round2,29.8,68.5,1
round2,29.8,68.6,1
round2,29.8,68.8,1
round2,29.8,68.9,1
round2,29.8,69,1
round2,29.8,69.2,3
round2,29.8,69.3,1
round2,29.8,69.4,2
round2,29.8,69.5,1
round2,29.8,69.6,1
round2,29.8,69.8,1
round2,29.8,69.9,2
round2,29.8,70,1
round2,29.8,70.1,4
round2,29.8,70.3,2
round2,29.8,70.5,2
round2,29.8,70.7,3
round2,29.8,70.8,1
round2,29.8,70.9,1
round2,29.8,71.1,1
round2,29.8,71.3,2
round2,29.8,71.4,1
round2,29.8,71.5,2
round2,29.8,71.8,1
round2,29.8,71.9,1
round2,29.8,72.2,2
round2,29.8,72.3,1
round2,29.8,72.4,1
round2,29.8,72.6,1
round2,29.8,72.8,3
round2,29.8,73,2
round2,29.8,73.1,3
round2,29.8,73.3,1
round2,29.8,73.6,2
round2,29.8,73.8,1
round2,29.8,74,1
round2,29.8,74.1,1
round2,29.8,74.2,1
round2,29.8,74.3,2
round2,29.8,74.5,2
round2,29.8,74.6,1
round2,29.8,74.7,2
round2,29.8,74.8,1
round2,29.8,75,7
round2,29.8,75.3,2
round2,29.8,75.4,1
round2,29.8,75.5,1
round2,29.8,75.7,3
round2,29.8,75.8,1
round2,29.8,76,3
round2,29.8,76.1,1
round2,29.8,76.2,1
round2,29.8,76.3,1
round2,29.8,76.4,2
round2,29.8,76.5,1
round2,29.8,76.7,1
round2,29.8,76.8,1
round2,29.8,76.9,4
round2,29.8,77,1
round2,29.8,77.1,2
round2,29.8,77.2,3
round2,29.8,77.3,3
round2,29.8,77.6,2
round2,29.8,77.7,2
round2,29.8,77.9,1
round2,29.8,78.1,2
round2,29.8,78.2,2
round2,29.8,78.5,1
round2,29.8,78.7,3
round2,29.8,79.2,1
round2,29.8,79.4,3
round2,29.8,79.7,1
round2,29.8,79.8,2
round2,29.8,79.9,3
round2,29.8,80,1
round2,29.8,80.2,1
round2,29.8,80.3,1
round2,29.8,80.4,1
round2,29.8,80.6,3
round2,29.8,80.9,1
round2,29.8,81,3
round2,29.8,81.1,1
round2,29.8,81.3,1
round2,29.8,81.4,1
round2,29.8,81.5,2
round2,29.8,81.6,1
round2,29.8,81.7,1
round2,29.8,81.8,1
round2,29.8,81.9,1
round2,29.8,82,1
round2,29.8,82.1,1
round2,29.8,82.2,2
round2,29.8,82.4,1
round2,29.8,82.5,4
round2,29.8,82.7,1
round2,29.8,82.9,1
round2,29.8,83,2
round2,29.8,83.1,1
round2,29.8,83.3,1
round2,29.8,83.4,2
round2,29.8,83.6,2
round2,29.8,83.8,1
round2,29.8,84,1
round2,29.8,84.1,1
round2,29.8,84.2,2
round2,29.8,84.3,1
round2,29.8,84.4,1
round2,29.8,84.5,1
round2,29.8,84.7,1
round2,29.8,85,1
round2,29.8,85.1,1
round2,29.8,85.2,1
round2,29.8,85.3,2
round2,29.8,85.4,1
round2,29.8,85.6,1
round2,29.8,85.9,1
round2,29.8,86.4,1
round2,29.8,86.5,1
round2,29.8,86.7,2
round2,29.8,86.8,2
round2,29.8,86.9,2
round2,29.8,87.1,1
round2,29.8,87.3,1
round2,29.8,87.4,2
round2,29.8,87.5,1
round2,29.8,87.6,2
round2,29.8,87.7,1
round2,29.8,87.8,3
round2,29.8,88,1
round2,29.8,88.1,1
round2,29.8,88.4,1
round2,29.8,88.5,1
round2,29.8,88.8,2
round2,29.8,89,2
round2,29.8,89.4,1
round2,29.8,89.5,1
round2,29.8,90.1,1
round2,29.8,90.4,1
round2,29.8,90.5,2
round2,29.8,90.6,2
round2,29.8,90.8,1
round2,29.8,91,1
round2,29.8,91.2,1
round2,29.8,91.4,1
round2,29.8,91.7,1
round2,29.8,91.8,1
round2,29.8,92.1,1
round2,29.8,92.3,1
round2,29.8,92.4,2
round2,29.8,92.7,1
round2,29.8,92.8,2
round2,29.8,93.2,1
round2,29.8,93.5,2
round2,29.8,93.6,3
round2,29.8,94.1,1
round2,29.8,94.4,1
round2,29.8,94.5,1
round2,29.8,94.6,2
round2,29.8,94.8,1
round2,29.8,95,1
round2,29.8,95.2,1
round2,29.8,95.3,1
round2,29.8,95.7,1
round2,29.8,95.9,1
round2,29.8,96.2,1
round2,29.8,96.7,1
round2,29.8,96.8,1
round2,29.8,97,1
round2,29.8,97.2,1
round2,29.8,97.6,1
round2,29.8,97.7,1
round2,29.8,97.8,1
round2,29.8,97.9,1
round2,29.8,98,2
round2,29.8,98.4,1
round2,29.8,98.6,1
round2,29.8,98.7,2
round2,29.8,98.9,2
round2,29.8,99.4,1
round2,29.8,99.6,1
round2,29.8,99.7,2
round2,29.8,99.8,1
round2,29.8,99.9,1
round2,35.9,0.1,1
round2,35.9,0.2,3
round2,35.9,0.3,2
round2,35.9,0.4,1
round2,35.9,0.5,2
round2,35.9,0.7,1
round2,35.9,0.8,4
round2,35.9,0.9,2
round2,35.9,1.1,2
round2,35.9,1.2,1
round2,35.9,1.3,1
round2,35.9,1.4,3
round2,35.9,1.6,1
round2,35.9,1.7,2
round2,35.9,1.8,2
round2,35.9,1.9,2
round2,35.9,2.1,1
round2,35.9,2.2,2
round2,35.9,2.3,4
round2,35.9,2.4,5
round2,35.9,2.5,2
round2,35.9,2.6,1
round2,35.9,2.7,1
round2,35.9,2.8,1
round2,35.9,3,2
round2,35.9,3.1,1
round2,35.9,3.2,2
round2,35.9,3.3,2
round2,35.9,3.4,1
round2,35.9,3.5,2
round2,35.9,3.6,2
round2,35.9,3.8,5
round2,35.9,4,1
round2,35.9,4.1,1
round2,35.9,4.2,2
round2,35.9,4.4,2
round2,35.9,4.5,1
round2,35.9,4.6,5
round2,35.9,4.8,1
round2,35.9,4.9,2
round2,35.9,5,2
round2,35.9,5.2,2
round2,35.9,5.3,1
round2,35.9,5.4,3
round2,35.9,5.5,1
round2,35.9,5.6,2
round2,35.9,5.7,3
round2,35.9,5.9,2
round2,35.9,6,2
round2,35.9,6.1,5
round2,35.9,6.2,2
round2,35.9,6.3,3
round2,35.9,6.4,5
round2,35.9,6.5,2
round2,35.9,6.6,1
round2,35.9,6.7,2
round2,35.9,6.8,3
round2,35.9,6.9,1
round2,35.9,7,1
round2,35.9,7.1,2
round2,35.9,7.2,1
round2,35.9,7.3,2
round2,35.9,7.4,1
round2,35.9,7.5,1
round2,35.9,7.6,2
round2,35.9,7.7,3
round2,35.9,7.8,3
round2,35.9,7.9,2
round2,35.9,8.1,3
round2,35.9,8.2,1
round2,35.9,8.3,2
round2,35.9,8.4,3
round2,35.9,8.5,1
round2,35.9,8.7,1
round2,35.9,8.8,2
round2,35.9,8.9,2
round2,35.9,9,1
round2,35.9,9.2,1
round2,35.9,9.3,2
round2,35.9,9.4,2
round2,35.9,9.5,3
round2,35.9,9.6,2
round2,35.9,9.7,2
round2,35.9,9.8,3
round2,35.9,9.9,2
round2,35.9,10,1
round2,35.9,10.1,1
round2,35.9,10.2,2
round2,35.9,10.3,1
round2,35.9,10.4,2
round2,35.9,10.5,4
round2,35.9,10.6,1
round2,35.9,10.8,2
round2,35.9,10.9,1
round2,35.9,11,2
round2,35.9,11.1,5
round2,35.9,11.2,2
round2,35.9,11.3,2
round2,35.9,11.4,2
round2,35.9,11.5,2
round2,35.9,11.6,4
round2,35.9,11.7,4
round2,35.9,11.8,1
round2,35.9,11.9,2
round2,35.9,12.1,5
round2,35.9,12.2,2
round2,35.9,12.3,2
round2,35.9,12.4,2
round2,35.9,12.5,2
round2,35.9,12.7,2
round2,35.9,12.8,1
round2,35.9,12.9,2
round2,35.9,13,1
round2,35.9,13.2,2
round2,35.9,13.3,2
round2,35.9,13.4,1
round2,35.9,13.5,2
round2,35.9,13.7,3
round2,35.9,13.8,1
round2,35.9,13.9,2
round2,35.9,14.1,1
round2,35.9,14.2,2
round2,35.9,14.3,3
round2,35.9,14.4,1
round2,35.9,14.6,1
round2,35.9,14.7,2
round2,35.9,14.9,1
round2,35.9,15,1
round2,35.9,15.1,1
round2,35.9,15.2,1
round2,35.9,15.3,1
round2,35.9,15.4,1
round2,35.9,15.5,2
round2,35.9,15.6,2
round2,35.9,15.7,1
round2,35.9,15.8,1
round2,35.9,15.9,2
round2,35.9,16,4
round2,35.9,16.1,1
round2,35.9,16.2,2
round2,35.9,16.3,2
round2,35.9,16.5,2
round2,35.9,16.6,1
round2,35.9,16.7,2
round2,35.9,16.8,1
round2,35.9,16.9,1
round2,35.9,17,2
round2,35.9,17.2,4
round2,35.9,17.3,1
round2,35.9,17.5,1
round2,35.9,17.6,5
round2,35.9,17.9,3
round2,35.9,18.1,1
round2,35.9,18.2,1
round2,35.9,18.3,2
round2,35.9,18.4,2
round2,35.9,18.5,2
round2,35.9,18.8,3
round2,35.9,18.9,3
round2,35.9,19,1
round2,35.9,19.1,2
round2,35.9,19.2,1
round2,35.9,19.3,4
round2,35.9,19.4,2
round2,35.9,19.5,2
round2,35.9,19.6,2
round2,35.9,19.7,5
round2,35.9,19.9,2
round2,35.9,20,2
round2,35.9,20.1,2
round2,35.9,20.3,3
round2,35.9,20.4,4
round2,35.9,20.5,2
round2,35.9,20.6,4
round2,35.9,20.7,1
round2,35.9,20.8,2
round2,35.9,21,2
round2,35.9,21.1,3
round2,35.9,21.2,1
round2,35.9,21.4,3
round2,35.9,21.5,1
round2,35.9,21.6,1
round2,35.9,21.7,2
round2,35.9,21.8,2
round2,35.9,21.9,3
round2,35.9,22,3
round2,35.9,22.1,2
round2,35.9,22.2,2
round2,35.9,22.3,1
round2,35.9,22.4,4
round2,35.9,22.5,2
round2,35.9,22.6,1
round2,35.9,22.7,1
round2,35.9,22.8,1
round2,35.9,22.9,2
round2,35.9,23.1,3
round2,35.9,23.2,1
round2,35.9,23.3,2
round2,35.9,23.4,6
round2,35.9,23.5,1
round2,35.9,23.6,4
round2,35.9,23.7,1
round2,35.9,23.9,4
round2,35.9,24,1
round2,35.9,24.1,3
round2,35.9,24.2,2
round2,35.9,24.3,3
round2,35.9,24.5,2
round2,35.9,24.6,1
round2,35.9,24.7,1
round2,35.9,24.8,3
round2,35.9,24.9,1
round2,35.9,25,2
round2,35.9,25.1,2
round2,35.9,25.2,1
round2,35.9,25.3,1
round2,35.9,25.7,1
round2,35.9,25.8,2
round2,35.9,25.9,4
round2,35.9,26,2
round2,35.9,26.1,1
round2,35.9,26.2,1
round2,35.9,26.3,3
round2,35.9,26.4,1
round2,35.9,26.5,5
round2,35.9,26.6,1
round2,35.9,26.7,2
round2,35.9,26.8,1
round2,35.9,26.9,2
round2,35.9,27,1
round2,35.9,27.2,2
round2,35.9,27.3,2
round2,35.9,27.4,2
round2,35.9,27.5,1
round2,35.9,27.7,4
round2,35.9,27.9,2
round2,35.9,28.1,1
round2,35.9,28.2,1
round2,35.9,28.3,1
round2,35.9,28.4,3
round2,35.9,28.5,4
round2,35.9,28.7,2
round2,35.9,28.8,2
round2,35.9,28.9,2
round2,35.9,29.1,1
round2,35.9,29.2,1
round2,35.9,29.3,1
round2,35.9,29.4,3
round2,35.9,29.5,1
round2,35.9,29.7,1
round2,35.9,29.8,2
round2,35.9,30,2
round2,35.9,30.1,3
round2,35.9,30.2,1
round2,35.9,30.3,2
round2,35.9,30.4,1
round2,35.9,30.5,1
round2,35.9,30.7,2
round2,35.9,30.8,1
round2,35.9,31.1,1
round2,35.9,31.2,1
round2,35.9,31.3,3
round2,35.9,31.4,3
round2,35.9,31.5,2
round2,35.9,31.6,1
round2,35.9,31.7,6
round2,35.9,31.8,1
round2,35.9,32,2
round2,35.9,32.1,2
round2,35.9,32.2,4
round2,35.9,32.3,2
round2,35.9,32.4,2
round2,35.9,32.5,1
round2,35.9,32.6,3
round2,35.9,32.7,3
round2,35.9,32.8,1
round2,35.9,32.9,1
round2,35.9,33.2,2
round2,35.9,33.3,4
round2,35.9,33.4,1
round2,35.9,33.6,1
round2,35.9,33.8,4
round2,35.9,33.9,2
round2,35.9,34,3
round2,35.9,34.2,2
round2,35.9,34.3,1
round2,35.9,34.4,4
round2,35.9,34.6,1
round2,35.9,34.7,1
round2,35.9,34.8,2
round2,35.9,34.9,4
round2,35.9,35,3
round2,35.9,35.1,1
round2,35.9,35.2,1
round2,35.9,35.3,2
round2,35.9,35.4,2
round2,35.9,35.6,1
round2,35.9,35.7,1
round2,35.9,35.8,1
round2,35.9,35.9,3
round2,35.9,36,2
round2,35.9,36.1,2
round2,35.9,36.2,2
round2,35.9,36.3,1
round2,35.9,36.4,2
round2,35.9,36.5,1
round2,35.9,36.6,2
round2,35.9,36.7,3
round2,35.9,36.8,1
round2,35.9,37,4
round2,35.9,37.4,4
round2,35.9,37.6,2
round2,35.9,37.7,3
round2,35.9,37.8,1
round2,35.9,37.9,1
round2,35.9,38,1
round2,35.9,38.1,2
round2,35.9,38.2,2
round2,35.9,38.4,1
round2,35.9,38.5,3
round2,35.9,38.6,1
round2,35.9,38.7,1
round2,35.9,38.8,3
round2,35.9,38.9,1
round2,35.9,39,4
round2,35.9,39.2,2
round2,35.9,39.3,2
round2,35.9,39.6,1
round2,35.9,39.7,3
round2,35.9,39.8,1
round2,35.9,39.9,2
round2,35.9,40,1
round2,35.9,40.1,4
round2,35.9,40.2,1
round2,35.9,40.3,2
round2,35.9,40.4,1
round2,35.9,40.6,1
round2,35.9,40.7,2
round2,35.9,40.8,2
round2,35.9,40.9,1
round2,35.9,41,1
round2,35.9,41.2,2
round2,35.9,41.4,1
round2,35.9,41.5,3
round2,35.9,41.6,2
round2,35.9,41.7,1
round2,35.9,41.8,6
round2,35.9,41.9,2
round2,35.9,42,2
round2,35.9,42.1,2
round2,35.9,42.2,3
round2,35.9,42.4,2
round2,35.9,42.5,2
round2,35.9,42.6,3
round2,35.9,42.7,1
round2,35.9,42.8,4
round2,35.9,42.9,2
round2,35.9,43,2
round2,35.9,43.1,1
round2,35.9,43.3,1
round2,35.9,43.4,1
round2,35.9,43.5,4
round2,35.9,43.6,2
round2,35.9,43.7,6
round2,35.9,43.9,1
round2,35.9,44,1
round2,35.9,44.1,4
round2,35.9,44.2,1
round2,35.9,44.3,1
round2,35.9,44.4,3
round2,35.9,44.5,4
round2,35.9,44.6,1
round2,35.9,44.7,2
round2,35.9,44.8,3
round2,35.9,44.9,1
round2,35.9,45,3
round2,35.9,45.1,1
round2,35.9,45.3,2
round2,35.9,45.4,2
round2,35.9,45.7,3
round2,35.9,45.9,2
round2,35.9,46.1,2
round2,35.9,46.2,4
round2,35.9,46.3,1
round2,35.9,46.4,4
round2,35.9,46.5,1
round2,35.9,46.6,3
round2,35.9,46.8,3
round2,35.9,46.9,1
round2,35.9,47,2
round2,35.9,47.1,2
round2,35.9,47.2,1
round2,35.9,47.3,1
round2,35.9,47.5,2
round2,35.9,47.6,3
round2,35.9,47.7,2
round2,35.9,47.8,4
round2,35.9,48,3
round2,35.9,48.1,3
round2,35.9,48.2,2
round2,35.9,48.3,3
round2,35.9,48.4,3
round2,35.9,48.5,3
round2,35.9,48.7,2
round2,35.9,48.8,1
round2,35.9,48.9,2
round2,35.9,49,3
round2,35.9,49.3,3
round2,35.9,49.4,1
round2,35.9,49.5,1
round2,35.9,49.6,1
round2,35.9,49.7,1
round2,35.9,49.9,2
round2,35.9,50.1,1
round2,35.9,50.2,2
round2,35.9,50.3,2
round2,35.9,50.4,1
round2,35.9,50.5,1
round2,35.9,50.6,1
round2,35.9,50.7,2
round2,35.9,50.8,2
round2,35.9,50.9,2
round2,35.9,51,2
round2,35.9,51.1,4
round2,35.9,51.2,5
round2,35.9,51.3,4
round2,35.9,51.4,3
round2,35.9,51.5,4
round2,35.9,51.7,2
round2,35.9,51.8,1
round2,35.9,51.9,2
round2,35.9,52,2
round2,35.9,52.2,3
round2,35.9,52.3,2
round2,35.9,52.7,3
round2,35.9,52.8,2
round2,35.9,52.9,3
round2,35.9,53,3
round2,35.9,53.1,2
round2,35.9,53.2,3
round2,35.9,53.3,1
round2,35.9,53.5,3
round2,35.9,53.6,2
round2,35.9,53.7,1
round2,35.9,53.8,2
round2,35.9,53.9,3
round2,35.9,54.1,3
round2,35.9,54.2,1
round2,35.9,54.3,1
round2,35.9,54.4,1
round2,35.9,54.5,3
round2,35.9,54.6,2
round2,35.9,54.7,2
round2,35.9,54.8,4
round2,35.9,54.9,3
round2,35.9,55,2
round2,35.9,55.1,1
round2,35.9,55.2,1
round2,35.9,55.3,1
round2,35.9,55.4,4
round2,35.9,55.5,1
round2,35.9,55.6,1
round2,35.9,55.7,2
round2,35.9,55.9,2
round2,35.9,56,3
round2,35.9,56.2,2
round2,35.9,56.5,1
round2,35.9,56.6,2
round2,35.9,56.7,1
round2,35.9,56.8,3
round2,35.9,56.9,2
round2,35.9,57,5
round2,35.9,57.1,2
round2,35.9,57.3,1
round2,35.9,57.5,2
round2,35.9,57.6,4
round2,35.9,57.7,2
round2,35.9,57.9,4
round2,35.9,58.3,1
round2,35.9,58.4,2
round2,35.9,58.5,1
round2,35.9,58.6,1
round2,35.9,58.7,1
round2,35.9,58.9,2
round2,35.9,59.1,2
round2,35.9,59.2,1
round2,35.9,59.4,3
round2,35.9,59.6,2
round2,35.9,59.7,4
round2,35.9,59.9,3
round2,35.9,60,2
round2,35.9,60.2,2
round2,35.9,60.4,1
round2,35.9,60.5,2
round2,35.9,60.6,3
round2,35.9,60.8,2
round2,35.9,60.9,3
round2,35.9,61,3
round2,35.9,61.1,3
round2,35.9,61.3,1
round2,35.9,61.4,2
round2,35.9,61.5,2
round2,35.9,61.6,1
round2,35.9,61.7,1
round2,35.9,61.8,1
round2,35.9,61.9,2
round2,35.9,62,1
round2,35.9,62.1,1
round2,35.9,62.2,4
round2,35.9,62.3,4
round2,35.9,62.4,2
round2,35.9,62.9,1
round2,35.9,63,1
round2,35.9,63.1,1
round2,35.9,63.2,1
round2,35.9,63.4,3
round2,35.9,63.6,2
round2,35.9,63.7,3
round2,35.9,63.8,7
round2,35.9,63.9,2
round2,35.9,64,5
round2,35.9,64.1,2
round2,35.9,64.2,1
round2,35.9,64.3,1
round2,35.9,64.4,2
round2,35.9,64.5,3
round2,35.9,64.6,4
round2,35.9,64.8,1
round2,35.9,64.9,3
round2,35.9,65,2
round2,35.9,65.1,2
round2,35.9,65.2,3
round2,35.9,65.3,1
round2,35.9,65.4,3
round2,35.9,65.5,5
round2,35.9,65.7,3
round2,35.9,65.8,2
round2,35.9,66,1
round2,35.9,66.1,2
round2,35.9,66.2,1
round2,35.9,66.3,2
round2,35.9,66.5,1
round2,35.9,66.6,1
round2,35.9,66.7,1
round2,35.9,66.8,2
round2,35.9,66.9,2
round2,35.9,67,2
round2,35.9,67.1,2
round2,35.9,67.2,2
round2,35.9,67.3,2
round2,35.9,67.4,1
round2,35.9,67.5,2
round2,35.9,67.6,1
round2,35.9,67.8,4
round2,35.9,67.9,3
round2,35.9,68.1,1
round2,35.9,68.2,1
round2,35.9,68.3,2
round2,35.9,68.4,2
round2,35.9,68.5,2
round2,35.9,68.7,3
round2,35.9,68.8,1
round2,35.9,68.9,3
round2,35.9,69,4
round2,35.9,69.1,1
round2,35.9,69.2,2
round2,35.9,69.3,4
round2,35.9,69.4,2
round2,35.9,69.5,1
round2,35.9,69.6,3
round2,35.9,69.7,3
round2,35.9,69.8,2
round2,35.9,69.9,1
round2,35.9,70,1
round2,35.9,70.1,1
round2,35.9,70.2,1
round2,35.9,70.5,2
round2,35.9,70.6,1
round2,35.9,70.7,1
round2,35.9,70.8,2
round2,35.9,70.9,3
round2,35.9,71,2
round2,35.9,71.2,2
round2,35.9,71.3,1
round2,35.9,71.6,1
round2,35.9,71.7,2
round2,35.9,71.8,1
round2,35.9,71.9,1
round2,35.9,72.1,1
round2,35.9,72.2,1
round2,35.9,72.3,2
round2,35.9,72.8,2
round2,35.9,72.9,3
round2,35.9,73,5
round2,35.9,73.1,2
round2,35.9,73.3,1
round2,35.9,73.4,1
round2,35.9,73.5,3
round2,35.9,73.6,3
round2,35.9,73.8,3
round2,35.9,73.9,2
round2,35.9,74,1
round2,35.9,74.1,3
round2,35.9,74.3,3
round2,35.9,74.4,1
round2,35.9,74.6,2
round2,35.9,74.7,1
round2,35.9,74.8,1
round2,35.9,74.9,2
round2,35.9,75,2
round2,35.9,75.1,2
round2,35.9,75.2,1
round2,35.9,75.3,3
round2,35.9,75.6,1
round2,35.9,75.7,1
round2,35.9,75.8,1
round2,35.9,75.9,3
round2,35.9,76,1
round2,35.9,76.1,2
round2,35.9,76.2,3
round2,35.9,76.3,2
round2,35.9,76.4,1
round2,35.9,76.5,1
round2,35.9,76.8,3
round2,35.9,76.9,1
round2,35.9,77,1
round2,35.9,77.1,2
round2,35.9,77.2,1
round2,35.9,77.3,1
round2,35.9,77.5,1
round2,35.9,77.6,2
round2,35.9,77.8,1
round2,35.9,77.9,1
round2,35.9,78,2
round2,35.9,78.1,3
round2,35.9,78.2,2
round2,35.9,78.3,1
round2,35.9,78.4,2
round2,35.9,78.7,1
round2,35.9,78.9,2
round2,35.9,79,1
round2,35.9,79.1,2
round2,35.9,79.2,1
round2,35.9,79.4,1
round2,35.9,79.5,1
round2,35.9,79.6,1
round2,35.9,79.9,2
round2,35.9,80,1
round2,35.9,80.1,3
round2,35.9,80.2,1
round2,35.9,80.3,2
round2,35.9,80.4,3
round2,35.9,80.5,3
round2,35.9,80.6,2
round2,35.9,80.7,1
round2,35.9,80.9,2
round2,35.9,81,3
round2,35.9,81.1,1
round2,35.9,81.2,1
round2,35.9,81.4,1
round2,35.9,81.5,1
round2,35.9,81.6,4
round2,35.9,81.8,1
round2,35.9,81.9,2
round2,35.9,82,1
round2,35.9,82.1,2
round2,35.9,82.2,3
round2,35.9,82.3,2
round2,35.9,82.4,2
round2,35.9,82.5,3
round2,35.9,82.6,1
round2,35.9,82.8,2
round2,35.9,82.9,1
round2,35.9,83,1
round2,35.9,83.1,3
round2,35.9,83.2,1
round2,35.9,83.4,2
round2,35.9,83.5,2
round2,35.9,83.6,1
round2,35.9,83.7,1
round2,35.9,83.8,2
round2,35.9,84,2
round2,35.9,84.1,1
round2,35.9,84.2,1
round2,35.9,84.3,2
round2,35.9,84.4,1
round2,35.9,84.5,1
round2,35.9,84.6,1
round2,35.9,84.7,2
round2,35.9,85,2
round2,35.9,85.1,1
round2,35.9,85.3,2
round2,35.9,85.4,2
round2,35.9,85.5,2
round2,35.9,85.6,1
round2,35.9,85.7,1
round2,35.9,85.8,3
round2,35.9,85.9,2
round2,35.9,86,1
round2,35.9,86.1,1
round2,35.9,86.2,1
round2,35.9,86.3,2
round2,35.9,86.4,1
round2,35.9,86.5,1
round2,35.9,86.7,1
round2,35.9,86.8,2
round2,35.9,86.9,2
round2,35.9,87,3
round2,35.9,87.1,2
round2,35.9,87.2,1
round2,35.9,87.3,2
round2,35.9,87.4,2
round2,35.9,87.6,2
round2,35.9,87.9,4
round2,35.9,88,2
round2,35.9,88.1,4
round2,35.9,88.2,2
round2,35.9,88.3,1
round2,35.9,88.5,2
round2,35.9,88.7,2
round2,35.9,88.8,1
round2,35.9,88.9,3
round2,35.9,89,1
round2,35.9,89.1,1
round2,35.9,89.3,4
round2,35.9,89.5,2
round2,35.9,89.6,2
round2,35.9,89.7,1
round2,35.9,89.9,2
round2,35.9,90.1,1
round2,35.9,90.2,1
round2,35.9,90.3,2
round2,35.9,90.4,2
round2,35.9,90.5,1
round2,35.9,90.7,1
round2,35.9,91.1,2
round2,35.9,91.2,2
round2,35.9,91.3,2
round2,35.9,91.5,1
round2,35.9,91.6,2
round2,35.9,91.7,1
round2,35.9,91.8,1
round2,35.9,92,1
round2,35.9,92.2,1
round2,35.9,92.4,1
round2,35.9,92.5,3
round2,35.9,92.6,1
round2,35.9,92.7,3
round2,35.9,93,2
round2,35.9,93.2,2
round2,35.9,93.3,2
round2,35.9,93.4,1
round2,35.9,93.5,1
round2,35.9,93.6,1
round2,35.9,93.7,1
round2,35.9,93.8,2
round2,35.9,93.9,2
round2,35.9,94,2
round2,35.9,94.2,1
round2,35.9,94.3,4
round2,35.9,94.4,1
round2,35.9,94.5,1
round2,35.9,94.8,1
round2,35.9,95.1,1
round2,35.9,95.2,2
round2,35.9,95.3,2
round2,35.9,95.4,1
round2,35.9,95.5,1
round2,35.9,95.6,1
round2,35.9,95.7,1
round2,35.9,95.8,4
round2,35.9,96,1
round2,35.9,96.3,3
round2,35.9,96.4,3
round2,35.9,96.5,1
round2,35.9,96.6,2
round2,35.9,96.8,1
round2,35.9,96.9,1
round2,35.9,97,1
round2,35.9,97.1,1
round2,35.9,97.2,1
round2,35.9,97.4,1
round2,35.9,97.8,1
round2,35.9,97.9,1
round2,35.9,98,2
round2,35.9,98.3,2
round2,35.9,98.5,1
round2,35.9,98.6,1
round2,35.9,99,2
round2,35.9,99.2,1
round2,35.9,99.4,1
round2,35.9,99.6,1
round2,42.3,0.1,1
round2,42.3,0.2,1
round2,42.3,0.3,2
round2,42.3,0.4,1
round2,42.3,0.5,1
round2,42.3,0.6,2
round2,42.3,0.7,3
round2,42.3,0.8,3
round2,42.3,0.9,3
round2,42.3,1,3
round2,42.3,1.6,3
round2,42.3,1.7,3
round2,42.3,1.8,2
round2,42.3,2,2
round2,42.3,2.1,1
round2,42.3,2.2,2
round2,42.3,2.3,2
round2,42.3,2.4,3
round2,42.3,2.5,1
round2,42.3,2.6,1
round2,42.3,2.7,1
round2,42.3,2.8,4
round2,42.3,2.9,2
round2,42.3,3,1
round2,42.3,3.1,2
round2,42.3,3.2,2
round2,42.3,3.4,1
round2,42.3,3.5,2
round2,42.3,3.6,2
round2,42.3,3.7,2
round2,42.3,3.9,2
round2,42.3,4,1
round2,42.3,4.1,3
round2,42.3,4.2,1
round2,42.3,4.3,2
round2,42.3,4.4,1
round2,42.3,4.5,2
round2,42.3,4.6,1
round2,42.3,4.8,2
round2,42.3,4.9,2
round2,42.3,5,2
round2,42.3,5.5,2
round2,42.3,5.6,1
round2,42.3,5.8,1
round2,42.3,6,3
round2,42.3,6.1,3
round2,42.3,6.2,3
round2,42.3,6.3,4
round2,42.3,6.5,2
round2,42.3,6.6,2
round2,42.3,6.7,1
round2,42.3,6.8,1
round2,42.3,7,1
round2,42.3,7.1,1
round2,42.3,7.2,1
round2,42.3,7.3,2
round2,42.3,7.4,3
round2,42.3,7.5,2
round2,42.3,7.6,1
round2,42.3,7.7,1
round2,42.3,7.8,2
round2,42.3,7.9,4
round2,42.3,8,1
round2,42.3,8.5,2
round2,42.3,8.6,1
round2,42.3,8.7,2
round2,42.3,8.8,1
round2,42.3,9,2
round2,42.3,9.2,1
round2,42.3,9.3,1
round2,42.3,9.4,1
round2,42.3,9.6,2
round2,42.3,9.7,2
round2,42.3,9.8,1
round2,42.3,9.9,1
round2,42.3,10,3
round2,42.3,10.1,2
round2,42.3,10.3,4
round2,42.3,10.4,3
round2,42.3,10.8,2
round2,42.3,10.9,2
round2,42.3,11,2
round2,42.3,11.1,3
round2,42.3,11.2,2
round2,42.3,11.3,3
round2,42.3,11.4,3
round2,42.3,11.5,4
round2,42.3,11.6,3
round2,42.3,11.8,1
round2,42.3,11.9,1
round2,42.3,12,3
round2,42.3,12.1,1
round2,42.3,12.2,1
round2,42.3,12.7,1
round2,42.3,12.8,3
round2,42.3,12.9,2
round2,42.3,13,3
round2,42.3,13.1,1
round2,42.3,13.2,3
round2,42.3,13.3,1
round2,42.3,13.4,2
round2,42.3,13.5,1
round2,42.3,13.6,1
round2,42.3,13.7,3
round2,42.3,13.9,2
round2,42.3,14,1
round2,42.3,14.1,1
round2,42.3,14.2,3
round2,42.3,14.4,1
round2,42.3,14.6,1
round2,42.3,14.7,1
round2,42.3,14.8,2
round2,42.3,14.9,1
round2,42.3,15.2,1
round2,42.3,15.4,4
round2,42.3,15.6,2
round2,42.3,15.7,1
round2,42.3,15.8,4
round2,42.3,15.9,3
round2,42.3,16,2
round2,42.3,16.1,1
round2,42.3,16.2,1
round2,42.3,16.3,2
round2,42.3,16.4,3
round2,42.3,16.5,2
round2,42.3,16.7,2
round2,42.3,16.9,1
round2,42.3,17,2
round2,42.3,17.4,2
round2,42.3,17.6,2
round2,42.3,17.7,2
round2,42.3,17.8,1
round2,42.3,18,2
round2,42.3,18.1,2
round2,42.3,18.2,3
round2,42.3,18.3,2
round2,42.3,18.5,3
round2,42.3,18.6,3
round2,42.3,18.7,3
round2,42.3,18.8,2
round2,42.3,18.9,3
round2,42.3,19,1
round2,42.3,19.1,1
round2,42.3,19.2,1
round2,42.3,19.3,2
round2,42.3,19.4,2
round2,42.3,19.5,1
round2,42.3,19.7,3
round2,42.3,19.9,2
round2,42.3,20,1
round2,42.3,20.2,2
round2,42.3,20.3,2
round2,42.3,20.4,1
round2,42.3,20.5,1
round2,42.3,20.7,1
round2,42.3,20.8,1
round2,42.3,20.9,3
round2,42.3,21,1
round2,42.3,21.1,1
round2,42.3,21.2,3
round2,42.3,21.3,2
round2,42.3,21.4,1
round2,42.3,21.5,2
round2,42.3,21.6,1
round2,42.3,21.7,1
round2,42.3,21.8,1
round2,42.3,22,1
round2,42.3,22.1,3
round2,42.3,22.2,2
round2,42.3,22.3,2
round2,42.3,22.7,1
round2,42.3,22.8,2
round2,42.3,23,5
round2,42.3,23.1,4
round2,42.3,23.2,1
round2,42.3,23.3,3
round2,42.3,23.4,2
round2,42.3,23.5,3
round2,42.3,23.6,1
round2,42.3,23.7,2
round2,42.3,23.9,2
round2,42.3,24.1,3
round2,42.3,24.2,1
round2,42.3,24.3,1
round2,42.3,24.4,2
round2,42.3,24.5,1
round2,42.3,24.7,3
round2,42.3,24.8,2
round2,42.3,24.9,2
round2,42.3,25.2,1
round2,42.3,25.3,1
round2,42.3,25.4,2
round2,42.3,25.5,2
round2,42.3,25.6,1
round2,42.3,25.7,1
round2,42.3,25.8,2
round2,42.3,25.9,1
round2,42.3,26,2
round2,42.3,26.1,5
round2,42.3,26.2,1
round2,42.3,26.3,1
round2,42.3,26.6,3
round2,42.3,26.8,1
round2,42.3,26.9,3
round2,42.3,27.2,3
round2,42.3,27.3,1
round2,42.3,27.4,4
round2,42.3,27.6,3
round2,42.3,27.7,1
round2,42.3,27.8,1
round2,42.3,27.9,1
round2,42.3,28,1
round2,42.3,28.2,1
round2,42.3,28.3,2
round2,42.3,28.5,1
round2,42.3,28.7,2
round2,42.3,28.8,1
round2,42.3,29,1
round2,42.3,29.1,1
round2,42.3,29.2,1
round2,42.3,29.4,3
round2,42.3,29.5,1
round2,42.3,29.6,2
round2,42.3,29.8,4
round2,42.3,30,1
round2,42.3,30.1,2
round2,42.3,30.2,1
round2,42.3,30.4,1
round2,42.3,30.7,1
round2,42.3,30.8,2
round2,42.3,30.9,4
round2,42.3,31,2
round2,42.3,31.2,2
round2,42.3,31.4,1
round2,42.3,31.5,1
round2,42.3,31.6,3
round2,42.3,31.7,1
round2,42.3,31.8,2
round2,42.3,32,1
round2,42.3,32.1,1
round2,42.3,32.2,2
round2,42.3,32.3,3
round2,42.3,32.4,1
round2,42.3,32.5,2
round2,42.3,32.6,2
round2,42.3,32.7,4
round2,42.3,32.8,2
round2,42.3,32.9,4
round2,42.3,33,1
round2,42.3,33.1,1
round2,42.3,33.2,1
round2,42.3,33.3,2
round2,42.3,33.4,2
round2,42.3,33.5,2
round2,42.3,33.6,1
round2,42.3,33.7,3
round2,42.3,33.9,2
round2,42.3,34,1
round2,42.3,34.3,4
round2,42.3,34.4,2
round2,42.3,34.5,3
round2,42.3,34.6,2
round2,42.3,34.8,2
round2,42.3,35.1,3
round2,42.3,35.2,2
round2,42.3,35.3,1
round2,42.3,35.4,2
round2,42.3,35.5,3
round2,42.3,35.6,2
round2,42.3,35.7,1
round2,42.3,35.8,1
round2,42.3,36,2
round2,42.3,36.1,2
round2,42.3,36.2,4
round2,42.3,36.3,2
round2,42.3,36.6,1
round2,42.3,36.7,1
round2,42.3,36.9,4
round2,42.3,37,1
round2,42.3,37.1,3
round2,42.3,37.3,3
round2,42.3,37.4,2
round2,42.3,37.5,2
round2,42.3,37.6,2
round2,42.3,37.7,1
round2,42.3,37.8,1
round2,42.3,37.9,1
round2,42.3,38,2
round2,42.3,38.1,2
round2,42.3,38.2,1
round2,42.3,38.3,2
round2,42.3,38.4,5
round2,42.3,38.5,1
round2,42.3,38.6,2
round2,42.3,38.7,5
round2,42.3,38.8,4
round2,42.3,38.9,2
round2,42.3,39,1
round2,42.3,39.3,2
round2,42.3,39.4,1
round2,42.3,39.5,3
round2,42.3,39.6,1
round2,42.3,39.7,3
round2,42.3,39.8,2
round2,42.3,39.9,3
round2,42.3,40.1,1
round2,42.3,40.2,2
round2,42.3,40.3,1
round2,42.3,40.4,2
round2,42.3,40.5,2
round2,42.3,40.6,1
round2,42.3,40.8,2
round2,42.3,41.1,1
round2,42.3,41.2,3
round2,42.3,41.3,3
round2,42.3,41.4,1
round2,42.3,41.5,1
round2,42.3,41.6,1
round2,42.3,41.7,1
round2,42.3,41.8,3
round2,42.3,41.9,1
round2,42.3,42,1
round2,42.3,42.1,2
round2,42.3,42.2,1
round2,42.3,42.3,2
round2,42.3,42.4,1
round2,42.3,42.5,4
round2,42.3,42.6,2
round2,42.3,42.7,4
round2,42.3,42.9,3
round2,42.3,43,3
round2,42.3,43.2,2
round2,42.3,43.3,1
round2,42.3,43.4,1
round2,42.3,43.5,1
round2,42.3,43.6,1
round2,42.3,43.9,1
round2,42.3,44,2
round2,42.3,44.2,1
round2,42.3,44.3,3
round2,42.3,44.4,1
round2,42.3,44.5,1
round2,42.3,44.6,4
round2,42.3,44.7,1
round2,42.3,44.8,4
round2,42.3,44.9,2
round2,42.3,45.1,3
round2,42.3,45.2,2
round2,42.3,45.4,3
round2,42.3,45.5,2
round2,42.3,45.7,3
round2,42.3,45.9,2
round2,42.3,46.1,2
round2,42.3,46.5,1
round2,42.3,46.7,3
round2,42.3,46.9,2
round2,42.3,47.2,1
round2,42.3,47.3,2
round2,42.3,47.4,3
round2,42.3,47.5,1
round2,42.3,47.7,3
round2,42.3,47.9,2
round2,42.3,48.2,3
round2,42.3,48.3,2
round2,42.3,48.4,1
round2,42.3,48.6,1
round2,42.3,48.7,2
round2,42.3,48.8,2
round2,42.3,48.9,1
round2,42.3,49,1
round2,42.3,49.1,2
round2,42.3,49.2,3
round2,42.3,49.3,4
round2,42.3,49.4,2
round2,42.3,49.5,3
round2,42.3,49.6,5
round2,42.3,49.7,1
round2,42.3,49.8,3
round2,42.3,49.9,3
round2,42.3,50,2
round2,42.3,50.1,3
round2,42.3,50.3,1
round2,42.3,50.4,1
round2,42.3,50.5,3
round2,42.3,50.6,2
round2,42.3,50.7,1
round2,42.3,50.8,1
round2,42.3,50.9,1
round2,42.3,51,1
round2,42.3,51.2,3
round2,42.3,51.3,1
round2,42.3,51.4,3
round2,42.3,51.7,1
round2,42.3,51.8,2
round2,42.3,51.9,3
round2,42.3,52,2
round2,42.3,52.1,1
round2,42.3,52.2,1
round2,42.3,52.3,2
round2,42.3,52.4,1
round2,42.3,52.5,2
round2,42.3,52.7,2
round2,42.3,52.8,1
round2,42.3,52.9,2
round2,42.3,53.2,2
round2,42.3,53.3,3
round2,42.3,53.4,2
round2,42.3,53.5,2
round2,42.3,53.6,4
round2,42.3,53.7,1
round2,42.3,53.9,2
round2,42.3,54,1
round2,42.3,54.2,1
round2,42.3,54.3,2
round2,42.3,54.4,3
round2,42.3,54.6,1
round2,42.3,54.7,2
round2,42.3,54.8,4
round2,42.3,54.9,3
round2,42.3,55,1
round2,42.3,55.2,1
round2,42.3,55.3,1
round2,42.3,55.4,1
round2,42.3,55.5,1
round2,42.3,55.6,5
round2,42.3,55.7,2
round2,42.3,55.8,3
round2,42.3,56,2
round2,42.3,56.1,3
round2,42.3,56.2,1
round2,42.3,56.3,2
round2,42.3,56.4,2
round2,42.3,56.5,1
round2,42.3,56.7,5
round2,42.3,56.9,2
round2,42.3,57,1
round2,42.3,57.1,3
round2,42.3,57.2,2
round2,42.3,57.3,2
round2,42.3,57.4,4
round2,42.3,57.5,4
round2,42.3,57.7,1
round2,42.3,57.8,1
round2,42.3,57.9,2
round2,42.3,58,2
round2,42.3,58.1,2
round2,42.3,58.2,3
round2,42.3,58.4,2
round2,42.3,58.5,1
round2,42.3,58.7,2
round2,42.3,58.8,1
round2,42.3,58.9,2
round2,42.3,59.1,3
round2,42.3,59.2,2
round2,42.3,59.3,1
round2,42.3,59.4,2
round2,42.3,59.5,5
round2,42.3,59.6,1
round2,42.3,59.7,1
round2,42.3,59.8,1
round2,42.3,59.9,1
round2,42.3,60,1
round2,42.3,60.1,1
round2,42.3,60.2,1
round2,42.3,60.5,2
round2,42.3,60.6,1
round2,42.3,60.7,3
round2,42.3,60.8,1
round2,42.3,60.9,2
round2,42.3,61,1
round2,42.3,61.1,1
round2,42.3,61.2,2
round2,42.3,61.3,6
round2,42.3,61.4,2
round2,42.3,61.5,2
round2,42.3,61.6,4
round2,42.3,61.9,1
round2,42.3,62.2,1
round2,42.3,62.3,1
round2,42.3,62.4,1
round2,42.3,62.5,3
round2,42.3,62.6,2
round2,42.3,62.7,1
round2,42.3,62.8,1
round2,42.3,62.9,1
round2,42.3,63,2
round2,42.3,63.1,1
round2,42.3,63.2,2
round2,42.3,63.3,1
round2,42.3,63.4,3
round2,42.3,63.5,2
round2,42.3,63.7,2
round2,42.3,63.8,1
round2,42.3,63.9,3
round2,42.3,64,1
round2,42.3,64.1,4
round2,42.3,64.2,1
round2,42.3,64.3,2
round2,42.3,64.4,1
round2,42.3,64.5,1
round2,42.3,64.6,1
round2,42.3,64.7,3
round2,42.3,64.8,1
round2,42.3,64.9,1
round2,42.3,65,1
round2,42.3,65.1,1
round2,42.3,65.2,2
round2,42.3,65.3,2
round2,42.3,65.5,1
round2,42.3,65.6,3
round2,42.3,65.7,1
round2,42.3,65.8,1
round2,42.3,65.9,2
round2,42.3,66.1,3
round2,42.3,66.2,1
round2,42.3,66.3,1
round2,42.3,66.4,1
round2,42.3,66.5,1
round2,42.3,66.6,1
round2,42.3,66.7,4
round2,42.3,66.9,3
round2,42.3,67.1,3
round2,42.3,67.2,3
round2,42.3,67.3,2
round2,42.3,67.4,1
round2,42.3,67.5,1
round2,42.3,67.7,1
round2,42.3,67.8,1
round2,42.3,67.9,1
round2,42.3,68,1
round2,42.3,68.4,1
round2,42.3,68.5,1
round2,42.3,68.6,1
round2,42.3,68.7,2
round2,42.3,68.8,1
round2,42.3,68.9,1
round2,42.3,69,1
round2,42.3,69.1,4
round2,42.3,69.2,2
round2,42.3,69.3,1
round2,42.3,69.5,2
round2,42.3,69.6,1
round2,42.3,69.7,1
round2,42.3,69.8,2
round2,42.3,69.9,2
round2,42.3,70.1,1
round2,42.3,70.3,1
round2,42.3,70.4,2
round2,42.3,70.5,2
round2,42.3,70.6,1
round2,42.3,70.7,2
round2,42.3,70.8,1
round2,42.3,70.9,2
round2,42.3,71.1,1
round2,42.3,71.2,1
round2,42.3,71.3,1
round2,42.3,71.5,1
round2,42.3,71.6,2
round2,42.3,71.7,3
round2,42.3,71.8,1
round2,42.3,72,1
round2,42.3,72.1,1
round2,42.3,72.3,3
round2,42.3,72.6,2
round2,42.3,72.7,1
round2,42.3,72.9,1
round2,42.3,73,1
round2,42.3,73.1,2
round2,42.3,73.2,1
round2,42.3,73.3,2
round2,42.3,73.4,3
round2,42.3,73.5,1
round2,42.3,73.7,3
round2,42.3,73.8,1
round2,42.3,73.9,2
round2,42.3,74.1,2
round2,42.3,74.2,1
round2,42.3,74.3,1
round2,42.3,74.4,3
round2,42.3,74.6,1
round2,42.3,74.7,1
round2,42.3,74.8,1
round2,42.3,75.1,2
round2,42.3,75.2,1
round2,42.3,75.3,1
round2,42.3,75.4,2
round2,42.3,75.5,2
round2,42.3,75.6,3
round2,42.3,75.7,1
round2,42.3,75.9,1
round2,42.3,76.2,1
round2,42.3,76.4,2
round2,42.3,76.5,1
round2,42.3,76.6,2
round2,42.3,76.7,1
round2,42.3,76.8,1
round2,42.3,76.9,4
round2,42.3,77,3
round2,42.3,77.1,1
round2,42.3,77.2,2
round2,42.3,77.4,1
round2,42.3,77.5,1
round2,42.3,77.6,2
round2,42.3,77.7,1
round2,42.3,77.9,1
round2,42.3,78,1
round2,42.3,78.1,1
round2,42.3,78.2,1
round2,42.3,78.3,2
round2,42.3,78.4,3
round2,42.3,78.5,2
round2,42.3,78.7,1
round2,42.3,78.8,1
round2,42.3,78.9,1
round2,42.3,79,1
round2,42.3,79.1,2
round2,42.3,79.3,1
round2,42.3,79.4,2
round2,42.3,79.5,2
round2,42.3,79.6,1
round2,42.3,79.7,1
round2,42.3,79.8,3
round2,42.3,79.9,4
round2,42.3,80,2
round2,42.3,80.2,2
round2,42.3,80.3,2
round2,42.3,80.4,2
round2,42.3,80.5,1
round2,42.3,80.6,2
round2,42.3,80.7,1
round2,42.3,80.8,1
round2,42.3,80.9,2
round2,42.3,81.1,1
round2,42.3,81.2,1
round2,42.3,81.4,1
round2,42.3,81.5,1
round2,42.3,81.6,1
round2,42.3,81.9,1
round2,42.3,82,1
round2,42.3,82.1,1
round2,42.3,82.2,3
round2,42.3,82.3,1
round2,42.3,82.4,2
round2,42.3,82.6,4
round2,42.3,82.8,3
round2,42.3,82.9,1
round2,42.3,83,1
round2,42.3,83.1,1
round2,42.3,83.3,3
round2,42.3,83.5,1
round2,42.3,83.6,1
round2,42.3,83.7,1
round2,42.3,83.9,2
round2,42.3,84,1
round2,42.3,84.1,1
round2,42.3,84.2,1
round2,42.3,84.4,1
round2,42.3,84.5,1
round2,42.3,84.7,1
round2,42.3,84.8,1
round2,42.3,84.9,1
round2,42.3,85,1
round2,42.3,85.2,1
round2,42.3,85.3,2
round2,42.3,85.4,1
round2,42.3,85.5,2
round2,42.3,85.6,2
round2,42.3,85.7,2
round2,42.3,85.8,1
round2,42.3,85.9,2
round2,42.3,86,2
round2,42.3,86.1,3
round2,42.3,86.2,1
round2,42.3,86.3,3
round2,42.3,86.6,3
round2,42.3,86.7,1
round2,42.3,86.9,1
round2,42.3,87,1
round2,42.3,87.1,3
round2,42.3,87.3,1
round2,42.3,87.4,1
round2,42.3,87.5,1
round2,42.3,87.6,2
round2,42.3,87.7,3
round2,42.3,87.8,5
round2,42.3,88,3
round2,42.3,88.1,1
round2,42.3,88.2,1
round2,42.3,88.7,1
round2,42.3,88.8,1
round2,42.3,88.9,2
round2,42.3,89.2,2
round2,42.3,89.4,3
round2,42.3,89.7,1
round2,42.3,89.8,1
round2,42.3,90,2
round2,42.3,90.1,1
round2,42.3,90.3,2
round2,42.3,90.4,1
round2,42.3,90.5,4
round2,42.3,90.6,3
round2,42.3,90.7,2
round2,42.3,90.8,1
round2,42.3,90.9,2
round2,42.3,91.1,1
round2,42.3,91.2,1
round2,42.3,91.3,1
round2,42.3,91.4,3
round2,42.3,91.5,1
round2,42.3,91.7,1
round2,42.3,91.9,1
round2,42.3,92,2
round2,42.3,92.2,1
round2,42.3,92.4,1
round2,42.3,92.5,1
round2,42.3,92.8,1
round2,42.3,92.9,2
round2,42.3,93.1,1
round2,42.3,93.2,2
round2,42.3,93.4,3
round2,42.3,93.5,1
round2,42.3,93.6,1
round2,42.3,93.9,1
round2,42.3,94,1
round2,42.3,94.2,1
round2,42.3,94.3,1
round2,42.3,94.4,2
round2,42.3,94.6,2
round2,42.3,94.7,1
round2,42.3,94.8,1
round2,42.3,95.1,1
round2,42.3,95.2,1
round2,42.3,95.4,1
round2,42.3,95.6,2
round2,42.3,95.8,2
round2,42.3,95.9,1
round2,42.3,96.2,1
round2,42.3,96.4,2
round2,42.3,96.9,2
round2,42.3,97,3
round2,42.3,97.1,2
round2,42.3,97.2,1
round2,42.3,97.3,2
round2,42.3,97.5,2
round2,42.3,97.6,1
round2,42.3,97.7,3
round2,42.3,97.8,1
round2,42.3,98.6,1
round2,42.3,98.8,2
round2,42.3,99,1
round2,42.3,99.1,1
round2,42.3,99.2,1
round2,42.3,99.3,1
round2,42.3,99.4,1
round2,42.3,99.5,2
round2,42.3,99.7,1
round2,42.3,99.8,1
round2,42.3,99.9,1
round2,42.3,100,1
round2,50,0,3
round2,50,0.1,1
round2,50,0.2,2
round2,50,0.3,1
round2,50,0.4,2
round2,50,0.5,2
round2,50,0.6,1
round2,50,0.7,2
round2,50,0.8,4
round2,50,0.9,1
round2,50,1,3
round2,50,1.1,2
round2,50,1.2,1
round2,50,1.3,1
round2,50,1.4,3
round2,50,1.5,1
round2,50,1.6,1
round2,50,1.7,2
round2,50,1.8,2
round2,50,1.9,2
round2,50,2,2
round2,50,2.2,3
round2,50,2.3,1
round2,50,2.4,1
round2,50,2.5,4
round2,50,2.6,3
round2,50,2.7,2
round2,50,2.8,1
round2,50,2.9,4
round2,50,3,3
round2,50,3.1,5
round2,50,3.2,2
round2,50,3.3,2
round2,50,3.4,3
round2,50,3.5,2
round2,50,3.6,2
round2,50,3.7,4
round2,50,3.9,1
round2,50,4,2
round2,50,4.1,1
round2,50,4.2,1
round2,50,4.3,5
round2,50,4.4,2
round2,50,4.5,1
round2,50,4.7,2
round2,50,4.8,3
round2,50,4.9,2
round2,50,5,1
round2,50,5.1,5
round2,50,5.2,2
round2,50,5.3,1
round2,50,5.4,2
round2,50,5.6,4
round2,50,5.7,2
round2,50,5.8,4
round2,50,6,2
round2,50,6.1,2
round2,50,6.4,2
round2,50,6.5,2
round2,50,6.6,4
round2,50,6.7,3
round2,50,6.8,2
round2,50,6.9,1
round2,50,7,3
round2,50,7.1,2
round2,50,7.2,2
round2,50,7.3,3
round2,50,7.4,3
round2,50,7.5,1
round2,50,7.6,1
round2,50,7.7,2
round2,50,7.8,2
round2,50,8,5
round2,50,8.1,4
round2,50,8.3,2
round2,50,8.4,1
round2,50,8.5,1
round2,50,8.6,1
round2,50,8.7,1
round2,50,8.8,4
round2,50,8.9,4
round2,50,9,1
round2,50,9.1,5
round2,50,9.2,3
round2,50,9.4,2
round2,50,9.5,1
round2,50,9.6,4
round2,50,9.7,2
round2,50,9.8,2
round2,50,9.9,2
round2,50,10.2,1
round2,50,10.3,1
round2,50,10.4,2
round2,50,10.5,1
round2,50,10.6,2
round2,50,10.8,6
round2,50,10.9,2
round2,50,11,1
round2,50,11.1,1
round2,50,11.3,2
round2,50,11.4,1
round2,50,11.5,4
round2,50,11.6,1
round2,50,11.7,2
round2,50,11.8,2
round2,50,12.1,2
round2,50,12.2,2
round2,50,12.3,1
round2,50,12.4,1
round2,50,12.5,3
round2,50,12.6,7
round2,50,12.7,1
round2,50,12.8,1
round2,50,12.9,1
round2,50,13,1
round2,50,13.1,2
round2,50,13.2,2
round2,50,13.3,2
round2,50,13.4,4
round2,50,13.5,3
round2,50,13.6,2
round2,50,13.7,1
round2,50,13.8,1
round2,50,13.9,4
round2,50,14,6
round2,50,14.1,2
round2,50,14.2,4
round2,50,14.3,1
round2,50,14.4,2
round2,50,14.5,2
round2,50,14.6,2
round2,50,14.7,1
round2,50,14.8,3
round2,50,15,4
round2,50,15.1,1
round2,50,15.2,1
round2,50,15.4,3
round2,50,15.5,2
round2,50,15.6,2
round2,50,15.7,4
round2,50,15.8,1
round2,50,15.9,2
round2,50,16,2
round2,50,16.1,4
round2,50,16.2,3
round2,50,16.3,1
round2,50,16.4,1
round2,50,16.5,5
round2,50,16.6,2
round2,50,16.7,3
round2,50,16.8,2
round2,50,16.9,4
round2,50,17,3
round2,50,17.1,3
round2,50,17.2,2
round2,50,17.3,3
round2,50,17.4,1
round2,50,17.5,1
round2,50,17.6,4
round2,50,17.7,1
round2,50,17.9,1
round2,50,18,1
round2,50,18.1,4
round2,50,18.2,1
round2,50,18.3,1
round2,50,18.4,4
round2,50,18.8,1
round2,50,18.9,1
round2,50,19,3
round2,50,19.1,5
round2,50,19.2,2
round2,50,19.3,5
round2,50,19.6,5
round2,50,19.7,1
round2,50,19.8,3
round2,50,19.9,3
round2,50,20,2
round2,50,20.1,3
round2,50,20.2,3
round2,50,20.3,3
round2,50,20.4,3
round2,50,20.6,2
round2,50,20.7,2
round2,50,20.8,2
round2,50,20.9,1
round2,50,21,1
round2,50,21.1,1
round2,50,21.2,3
round2,50,21.3,1
round2,50,21.4,4
round2,50,21.5,1
round2,50,21.6,1
round2,50,21.7,1
round2,50,21.8,2
round2,50,21.9,2
round2,50,22,4
round2,50,22.2,2
round2,50,22.3,4
round2,50,22.4,1
round2,50,22.6,1
round2,50,22.8,2
round2,50,22.9,3
round2,50,23,2
round2,50,23.1,2
round2,50,23.2,5
round2,50,23.3,5
round2,50,23.4,1
round2,50,23.5,1
round2,50,23.6,2
round2,50,23.7,1
round2,50,23.8,4
round2,50,23.9,4
round2,50,24,1
round2,50,24.1,1
round2,50,24.2,2
round2,50,24.3,4
round2,50,24.4,2
round2,50,24.5,2
round2,50,24.6,4
round2,50,24.7,1
round2,50,24.8,2
round2,50,25,1
round2,50,25.1,1
round2,50,25.2,1
round2,50,25.3,4
round2,50,25.4,2
round2,50,25.5,1
round2,50,25.6,3
round2,50,25.7,3
round2,50,25.8,3
round2,50,25.9,1
round2,50,26,2
round2,50,26.1,3
round2,50,26.2,3
round2,50,26.3,2
round2,50,26.4,1
round2,50,26.6,3
round2,50,26.7,4
round2,50,26.8,2
round2,50,26.9,3
round2,50,27,1
round2,50,27.1,4
round2,50,27.3,1
round2,50,27.4,5
round2,50,27.5,2
round2,50,27.6,1
round2,50,27.7,1
round2,50,27.9,1
round2,50,28,5
round2,50,28.1,2
round2,50,28.2,2
round2,50,28.3,1
round2,50,28.4,1
round2,50,28.5,1
round2,50,28.6,1
round2,50,28.7,2
round2,50,28.8,5
round2,50,28.9,2
round2,50,29,3
round2,50,29.2,4
round2,50,29.3,4
round2,50,29.4,1
round2,50,29.5,1
round2,50,29.7,1
round2,50,29.8,2
round2,50,29.9,2
round2,50,30,1
round2,50,30.1,1
round2,50,30.2,1
round2,50,30.3,3
round2,50,30.4,3
round2,50,30.5,4
round2,50,30.6,2
round2,50,30.7,1
round2,50,30.8,3
round2,50,30.9,2
round2,50,31,5
round2,50,31.1,2
round2,50,31.2,2
round2,50,31.3,2
round2,50,31.4,4
round2,50,31.5,5
round2,50,31.6,1
round2,50,31.7,3
round2,50,31.8,1
round2,50,31.9,3
round2,50,32,2
round2,50,32.2,2
round2,50,32.3,3
round2,50,32.4,2
round2,50,32.6,3
round2,50,32.7,2
round2,50,32.8,2
round2,50,32.9,5
round2,50,33,3
round2,50,33.1,4
round2,50,33.2,3
round2,50,33.3,2
round2,50,33.5,2
round2,50,33.6,5
round2,50,33.7,2
round2,50,33.8,2
round2,50,33.9,1
round2,50,34.1,5
round2,50,34.2,2
round2,50,34.3,3
round2,50,34.4,2
round2,50,34.5,3
round2,50,34.6,2
round2,50,34.7,2
round2,50,34.8,3
round2,50,34.9,1
round2,50,35.1,2
round2,50,35.2,1
round2,50,35.3,1
round2,50,35.4,3
round2,50,35.6,2
round2,50,35.7,3
round2,50,35.8,1
round2,50,35.9,2
round2,50,36,3
round2,50,36.1,4
round2,50,36.2,1
round2,50,36.3,1
round2,50,36.4,4
round2,50,36.5,3
round2,50,36.6,4
round2,50,36.7,1
round2,50,36.8,1
round2,50,36.9,3
round2,50,37,1
round2,50,37.1,4
round2,50,37.2,2
round2,50,37.3,1
round2,50,37.4,5
round2,50,37.5,1
round2,50,37.6,3
round2,50,37.7,2
round2,50,37.8,4
round2,50,37.9,2
round2,50,38,2
round2,50,38.1,1
round2,50,38.3,5
round2,50,38.4,1
round2,50,38.5,2
round2,50,38.6,1
round2,50,38.7,2
round2,50,38.8,1
round2,50,39,2
round2,50,39.1,4
round2,50,39.2,1
round2,50,39.3,2
round2,50,39.4,2
round2,50,39.5,4
round2,50,39.6,1
round2,50,39.7,4
round2,50,39.8,4
round2,50,39.9,2
round2,50,40,2
round2,50,40.1,4
round2,50,40.2,2
round2,50,40.3,1
round2,50,40.4,1
round2,50,40.5,2
round2,50,40.6,3
round2,50,40.7,1
round2,50,40.8,2
round2,50,40.9,2
round2,50,41,3
round2,50,41.1,3
round2,50,41.3,2
round2,50,41.4,6
round2,50,41.5,2
round2,50,41.6,2
round2,50,42,1
round2,50,42.1,2
round2,50,42.2,1
round2,50,42.3,3
round2,50,42.5,2
round2,50,42.6,1
round2,50,42.7,3
round2,50,42.8,2
round2,50,42.9,2
round2,50,43,4
round2,50,43.1,4
round2,50,43.3,7
round2,50,43.4,4
round2,50,43.5,6
round2,50,43.6,2
round2,50,43.7,2
round2,50,43.8,5
round2,50,44,3
round2,50,44.1,1
round2,50,44.2,4
round2,50,44.4,3
round2,50,44.6,3
round2,50,44.7,2
round2,50,44.9,3
round2,50,45,1
round2,50,45.1,2
round2,50,45.2,5
round2,50,45.3,1
round2,50,45.6,3
round2,50,45.7,2
round2,50,45.8,4
round2,50,45.9,4
round2,50,46,5
round2,50,46.1,3
round2,50,46.2,2
round2,50,46.3,1
round2,50,46.5,3
round2,50,46.6,3
round2,50,46.7,4
round2,50,46.8,1
round2,50,46.9,3
round2,50,47,3
round2,50,47.1,5
round2,50,47.2,2
round2,50,47.3,2
round2,50,47.4,2
round2,50,47.5,2
round2,50,47.6,1
round2,50,47.7,4
round2,50,47.8,2
round2,50,47.9,3
round2,50,48,5
round2,50,48.1,4
round2,50,48.2,1
round2,50,48.3,4
round2,50,48.4,5
round2,50,48.5,1
round2,50,48.6,2
round2,50,48.7,3
round2,50,48.8,2
round2,50,48.9,2
round2,50,49,1
round2,50,49.1,1
round2,50,49.2,3
round2,50,49.3,1
round2,50,49.5,3
round2,50,49.6,1
round2,50,49.7,2
round2,50,49.8,2
round2,50,49.9,2
round2,50,50,1
round2,50,50.1,3
round2,50,50.3,1
round2,50,50.4,3
round2,50,50.5,1
round2,50,50.6,2
round2,50,50.7,5
round2,50,50.8,2
round2,50,50.9,2
round2,50,51,1
round2,50,51.1,3
round2,50,51.2,3
round2,50,51.4,3
round2,50,51.5,1
round2,50,51.6,4
round2,50,51.7,2
round2,50,51.8,4
round2,50,51.9,3
round2,50,52.1,1
round2,50,52.2,2
round2,50,52.3,3
round2,50,52.4,2
round2,50,52.5,1
round2,50,52.6,3
round2,50,52.7,5
round2,50,52.8,3
round2,50,52.9,5
round2,50,53,4
round2,50,53.1,2
round2,50,53.2,1
round2,50,53.4,3
round2,50,53.5,2
round2,50,53.6,2
round2,50,53.7,3
round2,50,53.9,1
round2,50,54,4
round2,50,54.1,1
round2,50,54.2,4
round2,50,54.4,3
round2,50,54.5,1
round2,50,54.6,2
round2,50,54.7,4
round2,50,54.8,1
round2,50,54.9,2
round2,50,55,2
round2,50,55.1,2
round2,50,55.2,3
round2,50,55.3,3
round2,50,55.5,2
round2,50,55.6,1
round2,50,55.7,2
round2,50,55.9,3
round2,50,56,3
round2,50,56.1,2
round2,50,56.2,3
round2,50,56.3,1
round2,50,56.4,1
round2,50,56.5,3
round2,50,56.6,3
round2,50,56.7,3
round2,50,56.8,1
round2,50,56.9,2
round2,50,57,2
round2,50,57.1,2
round2,50,57.2,2
round2,50,57.4,3
round2,50,57.5,2
round2,50,57.6,1
round2,50,57.7,1
round2,50,57.8,3
round2,50,57.9,4
round2,50,58,1
round2,50,58.1,3
round2,50,58.2,2
round2,50,58.3,3
round2,50,58.4,2
round2,50,58.6,3
round2,50,58.7,2
round2,50,58.8,1
round2,50,58.9,1
round2,50,59,1
round2,50,59.1,2
round2,50,59.2,2
round2,50,59.3,3
round2,50,59.4,3
round2,50,59.5,2
round2,50,59.6,1
round2,50,59.7,3
round2,50,59.8,1
round2,50,59.9,2
round2,50,60,1
round2,50,60.1,1
round2,50,60.2,3
round2,50,60.3,2
round2,50,60.4,1
round2,50,60.5,1
round2,50,60.6,1
round2,50,60.7,3
round2,50,60.8,1
round2,50,61,1
round2,50,61.1,5
round2,50,61.2,1
round2,50,61.3,1
round2,50,61.4,3
round2,50,61.5,3
round2,50,61.6,1
round2,50,61.7,1
round2,50,61.8,2
round2,50,61.9,1
round2,50,62,2
round2,50,62.1,3
round2,50,62.4,5
round2,50,62.5,5
round2,50,62.6,4
round2,50,62.8,6
round2,50,62.9,2
round2,50,63,2
round2,50,63.1,1
round2,50,63.2,2
round2,50,63.3,1
round2,50,63.4,1
round2,50,63.5,4
round2,50,63.6,3
round2,50,63.7,2
round2,50,63.8,4
round2,50,63.9,4
round2,50,64,3
round2,50,64.1,1
round2,50,64.2,1
round2,50,64.3,3
round2,50,64.4,1
round2,50,64.5,3
round2,50,64.6,1
round2,50,64.7,2
round2,50,64.8,3
round2,50,64.9,3
round2,50,65,4
round2,50,65.1,1
round2,50,65.2,2
round2,50,65.3,2
round2,50,65.4,1
round2,50,65.5,1
round2,50,65.6,4
round2,50,65.7,2
round2,50,65.8,4
round2,50,65.9,2
round2,50,66,1
round2,50,66.1,2
round2,50,66.2,2
round2,50,66.3,2
round2,50,66.4,2
round2,50,66.6,2
round2,50,66.7,2
round2,50,66.9,1
round2,50,67,1
round2,50,67.1,2
round2,50,67.2,4
round2,50,67.3,2
round2,50,67.4,4
round2,50,67.5,5
round2,50,67.6,1
round2,50,67.7,2
round2,50,67.8,2
round2,50,67.9,2
round2,50,68,2
round2,50,68.1,3
round2,50,68.2,3
round2,50,68.3,3
round2,50,68.4,6
round2,50,68.5,1
round2,50,68.6,5
round2,50,68.7,2
round2,50,68.8,1
round2,50,68.9,1
round2,50,69,3
round2,50,69.1,1
round2,50,69.2,2
round2,50,69.3,2
round2,50,69.4,3
round2,50,69.5,5
round2,50,69.6,1
round2,50,69.7,3
round2,50,69.8,3
round2,50,69.9,2
round2,50,70,4
round2,50,70.1,1
round2,50,70.2,3
round2,50,70.3,5
round2,50,70.4,2
round2,50,70.5,2
round2,50,70.6,1
round2,50,70.7,1
round2,50,70.8,2
round2,50,70.9,4
round2,50,71,6
round2,50,71.1,3
round2,50,71.2,1
round2,50,71.3,4
round2,50,71.4,1
round2,50,71.5,3
round2,50,71.6,3
round2,50,71.7,1
round2,50,71.8,5
round2,50,71.9,2
round2,50,72,5
round2,50,72.1,1
round2,50,72.2,3
round2,50,72.3,3
round2,50,72.4,2
round2,50,72.5,3
round2,50,72.6,1
round2,50,72.7,1
round2,50,72.8,2
round2,50,72.9,1
round2,50,73.1,2
round2,50,73.2,1
round2,50,73.4,3
round2,50,73.5,4
round2,50,73.6,2
round2,50,73.7,4
round2,50,73.8,1
round2,50,73.9,2
round2,50,74,3
round2,50,74.1,3
round2,50,74.2,6
round2,50,74.3,3
round2,50,74.4,1
round2,50,74.5,1
round2,50,74.6,7
round2,50,74.7,1
round2,50,74.8,4
round2,50,74.9,1
round2,50,75,2
round2,50,75.1,4
round2,50,75.2,4
round2,50,75.3,1
round2,50,75.4,4
round2,50,75.5,1
round2,50,75.7,1
round2,50,75.8,2
round2,50,75.9,1
round2,50,76,1
round2,50,76.1,5
round2,50,76.2,1
round2,50,76.3,4
round2,50,76.5,2
round2,50,76.6,2
round2,50,76.7,1
round2,50,76.8,3
round2,50,76.9,6
round2,50,77,6
round2,50,77.2,2
round2,50,77.3,2
round2,50,77.5,2
round2,50,77.6,1
round2,50,77.7,1
round2,50,77.8,4
round2,50,77.9,2
round2,50,78,1
round2,50,78.1,2
round2,50,78.2,1
round2,50,78.3,4
round2,50,78.4,2
round2,50,78.5,2
round2,50,78.6,4
round2,50,78.7,2
round2,50,78.8,1
round2,50,78.9,1
round2,50,79,2
round2,50,79.1,3
round2,50,79.2,3
round2,50,79.3,3
round2,50,79.4,4
round2,50,79.5,2
round2,50,79.6,1
round2,50,79.7,3
round2,50,79.8,2
round2,50,79.9,2
round2,50,80,4
round2,50,80.1,3
round2,50,80.2,5
round2,50,80.3,4
round2,50,80.4,1
round2,50,80.5,2
round2,50,80.6,1
round2,50,80.8,3
round2,50,80.9,1
round2,50,81,3
round2,50,81.1,3
round2,50,81.2,3
round2,50,81.3,1
round2,50,81.5,5
round2,50,81.6,4
round2,50,81.7,4
round2,50,81.8,3
round2,50,81.9,5
round2,50,82,4
round2,50,82.1,1
round2,50,82.2,3
round2,50,82.3,4
round2,50,82.5,4
round2,50,82.9,1
round2,50,83,3
round2,50,83.1,1
round2,50,83.2,2
round2,50,83.3,4
round2,50,83.5,3
round2,50,83.6,3
round2,50,83.7,3
round2,50,83.8,2
round2,50,83.9,1
round2,50,84,1
round2,50,84.1,1
round2,50,84.2,2
round2,50,84.3,2
round2,50,84.4,1
round2,50,84.5,2
round2,50,84.6,2
round2,50,84.7,2
round2,50,84.8,1
round2,50,84.9,3
round2,50,85,2
round2,50,85.1,3
round2,50,85.2,1
round2,50,85.3,4
round2,50,85.4,2
round2,50,85.5,3
round2,50,85.6,3
round2,50,85.7,2
round2,50,85.8,1
round2,50,86,1
round2,50,86.1,1
round2,50,86.2,7
round2,50,86.4,1
round2,50,86.5,1
round2,50,86.6,4
round2,50,86.7,1
round2,50,86.8,1
round2,50,87,4
round2,50,87.1,1
round2,50,87.2,3
round2,50,87.4,1
round2,50,87.5,1
round2,50,87.6,2
round2,50,87.7,5
round2,50,87.9,5
round2,50,88,2
round2,50,88.1,6
round2,50,88.2,2
round2,50,88.4,2
round2,50,88.5,1
round2,50,88.6,3
round2,50,88.7,1
round2,50,88.9,3
round2,50,89,1
round2,50,89.1,1
round2,50,89.2,2
round2,50,89.3,1
round2,50,89.5,1
round2,50,89.6,2
round2,50,89.7,3
round2,50,89.8,4
round2,50,89.9,3
round2,50,90,1
round2,50,90.1,3
round2,50,90.2,5
round2,50,90.3,1
round2,50,90.4,1
round2,50,90.5,1
round2,50,90.6,2
round2,50,90.8,2
round2,50,90.9,2
round2,50,91,2
round2,50,91.1,4
round2,50,91.2,1
round2,50,91.3,3
round2,50,91.4,2
round2,50,91.5,3
round2,50,91.6,3
round2,50,91.7,3
round2,50,91.8,2
round2,50,92,2
round2,50,92.1,1
round2,50,92.2,3
round2,50,92.3,1
round2,50,92.4,1
round2,50,92.5,2
round2,50,92.6,2
round2,50,92.8,2
round2,50,92.9,2
round2,50,93,1
round2,50,93.1,3
round2,50,93.2,3
round2,50,93.3,1
round2,50,93.4,1
round2,50,93.5,1
round2,50,93.6,2
round2,50,93.7,3
round2,50,93.8,2
round2,50,93.9,3
round2,50,94,3
round2,50,94.1,1
round2,50,94.2,2
round2,50,94.5,2
round2,50,94.7,1
round2,50,94.8,2
round2,50,94.9,1
round2,50,95,3
round2,50,95.3,2
round2,50,95.4,2
round2,50,95.6,3
round2,50,95.7,3
round2,50,95.9,1
round2,50,96,3
round2,50,96.1,3
round2,50,96.4,1
round2,50,96.5,1
round2,50,96.6,1
round2,50,96.7,2
round2,50,96.8,2
round2,50,96.9,1
round2,50,97.1,2
round2,50,97.2,1
round2,50,97.4,4
round2,50,97.6,1
round2,50,97.7,3
round2,50,97.8,1
round2,50,97.9,3
round2,50,98,1
round2,50,98.1,4
round2,50,98.2,2
round2,50,98.3,1
round2,50,98.6,2
round2,50,98.8,2
round2,50,99,1
round2,50,99.1,1
round2,50,99.2,2
round2,50,99.3,1
round2,50,99.4,2
round2,50,99.6,1
round2,50,99.7,2
round2,50,99.8,2
round2,50,99.9,3
round2,50,100,1
round2,60.1,0,2
round2,60.1,0.1,5
round2,60.1,0.2,1
round2,60.1,0.3,2
round2,60.1,0.4,5
round2,60.1,0.5,4
round2,60.1,0.6,2
round2,60.1,0.7,4
round2,60.1,0.8,6
round2,60.1,1,3
round2,60.1,1.1,3
round2,60.1,1.2,2
round2,60.1,1.3,2
round2,60.1,1.4,1
round2,60.1,1.5,7
round2,60.1,1.6,4
round2,60.1,1.7,1
round2,60.1,1.8,2
round2,60.1,1.9,4
round2,60.1,2,2
round2,60.1,2.1,3
round2,60.1,2.3,3
round2,60.1,2.4,4
round2,60.1,2.5,3
round2,60.1,2.6,1
round2,60.1,2.7,4
round2,60.1,2.8,4
round2,60.1,2.9,4
round2,60.1,3,2
round2,60.1,3.1,1
round2,60.1,3.2,5
round2,60.1,3.3,5
round2,60.1,3.4,4
round2,60.1,3.5,4
round2,60.1,3.7,1
round2,60.1,3.8,4
round2,60.1,3.9,3
round2,60.1,4,4
round2,60.1,4.1,3
round2,60.1,4.2,2
round2,60.1,4.3,2
round2,60.1,4.4,4
round2,60.1,4.5,4
round2,60.1,4.6,3
round2,60.1,4.7,2
round2,60.1,5,3
round2,60.1,5.1,4
round2,60.1,5.2,3
round2,60.1,5.3,3
round2,60.1,5.4,8
round2,60.1,5.5,4
round2,60.1,5.6,2
round2,60.1,5.7,2
round2,60.1,5.8,2
round2,60.1,5.9,4
round2,60.1,6,1
round2,60.1,6.1,1
round2,60.1,6.2,2
round2,60.1,6.3,5
round2,60.1,6.4,2
round2,60.1,6.5,1
round2,60.1,6.6,2
round2,60.1,6.7,2
round2,60.1,6.8,1
round2,60.1,6.9,4
round2,60.1,7,5
round2,60.1,7.1,3
round2,60.1,7.2,2
round2,60.1,7.3,4
round2,60.1,7.4,3
round2,60.1,7.5,2
round2,60.1,7.6,2
round2,60.1,7.7,3
round2,60.1,7.8,1
round2,60.1,7.9,3
round2,60.1,8,5
round2,60.1,8.1,4
round2,60.1,8.2,5
round2,60.1,8.3,3
round2,60.1,8.4,1
round2,60.1,8.5,2
round2,60.1,8.6,5
round2,60.1,8.7,2
round2,60.1,8.8,4
round2,60.1,8.9,2
round2,60.1,9,1
round2,60.1,9.1,5
round2,60.1,9.2,2
round2,60.1,9.3,5
round2,60.1,9.4,5
round2,60.1,9.5,4
round2,60.1,9.6,3
round2,60.1,9.7,3
round2,60.1,9.8,4
round2,60.1,9.9,5
round2,60.1,10,2
round2,60.1,10.1,4
round2,60.1,10.2,3
round2,60.1,10.3,1
round2,60.1,10.4,2
round2,60.1,10.5,6
round2,60.1,10.6,2
round2,60.1,10.7,3
round2,60.1,10.8,2
round2,60.1,10.9,2
round2,60.1,11,3
round2,60.1,11.1,2
round2,60.1,11.2,5
round2,60.1,11.3,3
round2,60.1,11.4,1
round2,60.1,11.5,6
round2,60.1,11.6,1
round2,60.1,11.7,4
round2,60.1,11.8,2
round2,60.1,11.9,3
round2,60.1,12,3
round2,60.1,12.1,3
round2,60.1,12.2,3
round2,60.1,12.3,4
round2,60.1,12.4,4
round2,60.1,12.5,3
round2,60.1,12.7,5
round2,60.1,12.8,3
round2,60.1,12.9,2
round2,60.1,13,3
round2,60.1,13.1,2
round2,60.1,13.2,3
round2,60.1,13.3,3
round2,60.1,13.4,2
round2,60.1,13.5,1
round2,60.1,13.6,4
round2,60.1,13.7,4
round2,60.1,13.8,2
round2,60.1,13.9,2
round2,60.1,14,7
round2,60.1,14.1,5
round2,60.1,14.2,3
round2,60.1,14.3,2
round2,60.1,14.4,4
round2,60.1,14.5,1
round2,60.1,14.6,2
round2,60.1,14.7,3
round2,60.1,14.8,3
round2,60.1,14.9,1
round2,60.1,15,7
round2,60.1,15.1,5
round2,60.1,15.2,1
round2,60.1,15.3,2
round2,60.1,15.4,2
round2,60.1,15.5,4
round2,60.1,15.6,2
round2,60.1,15.7,2
round2,60.1,15.8,3
round2,60.1,15.9,4
round2,60.1,16,3
round2,60.1,16.1,5
round2,60.1,16.2,4
round2,60.1,16.3,2
round2,60.1,16.6,7
round2,60.1,16.7,3
round2,60.1,16.8,4
round2,60.1,16.9,5
round2,60.1,17,1
round2,60.1,17.1,3
round2,60.1,17.2,3
round2,60.1,17.3,7
round2,60.1,17.4,2
round2,60.1,17.5,1
round2,60.1,17.6,1
round2,60.1,17.7,3
round2,60.1,17.8,5
round2,60.1,17.9,2
round2,60.1,18,3
round2,60.1,18.1,2
round2,60.1,18.2,5
round2,60.1,18.3,2
round2,60.1,18.4,4
round2,60.1,18.5,3
round2,60.1,18.6,5
round2,60.1,18.7,4
round2,60.1,18.8,2
round2,60.1,18.9,1
round2,60.1,19,6
round2,60.1,19.1,4
round2,60.1,19.2,4
round2,60.1,19.3,2
round2,60.1,19.4,3
round2,60.1,19.5,5
round2,60.1,19.6,2
round2,60.1,19.7,1
round2,60.1,19.8,7
round2,60.1,19.9,4
round2,60.1,20,4
round2,60.1,20.1,2
round2,60.1,20.2,2
round2,60.1,20.3,6
round2,60.1,20.4,2
round2,60.1,20.5,3
round2,60.1,20.6,5
round2,60.1,20.7,4
round2,60.1,20.8,3
round2,60.1,20.9,2
round2,60.1,21,2
round2,60.1,21.1,1
round2,60.1,21.3,1
round2,60.1,21.4,1
round2,60.1,21.5,3
round2,60.1,21.6,5
round2,60.1,21.7,2
round2,60.1,21.8,4
round2,60.1,21.9,3
round2,60.1,22,2
round2,60.1,22.1,1
round2,60.1,22.2,2
round2,60.1,22.3,2
round2,60.1,22.4,1
round2,60.1,22.5,2
round2,60.1,22.6,6
round2,60.1,22.7,1
round2,60.1,22.8,1
round2,60.1,22.9,3
round2,60.1,23,3
round2,60.1,23.1,3
round2,60.1,23.3,2
round2,60.1,23.4,3
round2,60.1,23.5,3
round2,60.1,23.6,1
round2,60.1,23.7,3
round2,60.1,23.8,5
round2,60.1,23.9,4
round2,60.1,24,4
round2,60.1,24.1,1
round2,60.1,24.2,7
round2,60.1,24.3,3
round2,60.1,24.4,4
round2,60.1,24.5,1
round2,60.1,24.6,2
round2,60.1,24.7,2
round2,60.1,24.9,2
round2,60.1,25,6
round2,60.1,25.1,5
round2,60.1,25.2,2
round2,60.1,25.3,3
round2,60.1,25.4,4
round2,60.1,25.5,2
round2,60.1,25.6,4
round2,60.1,25.7,4
round2,60.1,25.9,3
round2,60.1,26,2
round2,60.1,26.2,2
round2,60.1,26.4,6
round2,60.1,26.5,2
round2,60.1,26.6,3
round2,60.1,26.8,4
round2,60.1,26.9,4
round2,60.1,27,3
round2,60.1,27.2,2
round2,60.1,27.3,2
round2,60.1,27.4,3
round2,60.1,27.5,5
round2,60.1,27.6,3
round2,60.1,27.7,4
round2,60.1,27.8,6
round2,60.1,27.9,1
round2,60.1,28,3
round2,60.1,28.1,2
round2,60.1,28.2,3
round2,60.1,28.3,6
round2,60.1,28.4,2
round2,60.1,28.5,3
round2,60.1,28.6,2
round2,60.1,28.7,3
round2,60.1,28.8,1
round2,60.1,28.9,1
round2,60.1,29,3
round2,60.1,29.1,2
round2,60.1,29.2,3
round2,60.1,29.3,3
round2,60.1,29.4,1
round2,60.1,29.5,1
round2,60.1,29.6,3
round2,60.1,29.7,6
round2,60.1,29.8,3
round2,60.1,29.9,3
round2,60.1,30,4
round2,60.1,30.1,4
round2,60.1,30.2,3
round2,60.1,30.3,5
round2,60.1,30.4,2
round2,60.1,30.5,2
round2,60.1,30.6,4
round2,60.1,30.8,3
round2,60.1,30.9,1
round2,60.1,31,1
round2,60.1,31.1,1
round2,60.1,31.2,4
round2,60.1,31.3,3
round2,60.1,31.4,2
round2,60.1,31.5,1
round2,60.1,31.6,2
round2,60.1,31.8,1
round2,60.1,32,1
round2,60.1,32.1,6
round2,60.1,32.3,4
round2,60.1,32.5,4
round2,60.1,32.6,5
round2,60.1,32.7,4
round2,60.1,32.8,1
round2,60.1,32.9,1
round2,60.1,33,6
round2,60.1,33.1,2
round2,60.1,33.2,3
round2,60.1,33.3,4
round2,60.1,33.4,2
round2,60.1,33.5,4
round2,60.1,33.6,4
round2,60.1,33.7,3
round2,60.1,33.8,1
round2,60.1,33.9,2
round2,60.1,34,1
round2,60.1,34.1,1
round2,60.1,34.2,1
round2,60.1,34.3,2
round2,60.1,34.4,2
round2,60.1,34.5,1
round2,60.1,34.6,1
round2,60.1,34.7,2
round2,60.1,34.8,4
round2,60.1,34.9,6
round2,60.1,35,4
round2,60.1,35.1,5
round2,60.1,35.2,2
round2,60.1,35.3,5
round2,60.1,35.4,2
round2,60.1,35.5,1
round2,60.1,35.6,3
round2,60.1,35.7,1
round2,60.1,35.8,5
round2,60.1,35.9,7
round2,60.1,36,5
round2,60.1,36.1,1
round2,60.1,36.2,1
round2,60.1,36.3,4
round2,60.1,36.5,2
round2,60.1,36.6,1
round2,60.1,36.7,3
round2,60.1,36.8,3
round2,60.1,36.9,2
round2,60.1,37,5
round2,60.1,37.1,2
round2,60.1,37.2,5
round2,60.1,37.5,1
round2,60.1,37.6,3
round2,60.1,37.7,1
round2,60.1,37.8,1
round2,60.1,37.9,5
round2,60.1,38,2
round2,60.1,38.1,3
round2,60.1,38.2,2
round2,60.1,38.3,1
round2,60.1,38.4,3
round2,60.1,38.5,3
round2,60.1,38.6,4
round2,60.1,38.8,2
round2,60.1,38.9,1
round2,60.1,39,1
round2,60.1,39.1,2
round2,60.1,39.2,3
round2,60.1,39.3,1
round2,60.1,39.4,4
round2,60.1,39.5,3
round2,60.1,39.6,1
round2,60.1,39.7,2
round2,60.1,39.8,1
round2,60.1,39.9,4
round2,60.1,40,2
round2,60.1,40.1,3
round2,60.1,40.2,1
round2,60.1,40.3,3
round2,60.1,40.4,4
round2,60.1,40.5,4
round2,60.1,40.6,2
round2,60.1,40.7,1
round2,60.1,40.8,3
round2,60.1,40.9,1
round2,60.1,41,1
round2,60.1,41.1,3
round2,60.1,41.2,4
round2,60.1,41.3,4
round2,60.1,41.4,4
round2,60.1,41.5,2
round2,60.1,41.6,1
round2,60.1,41.7,2
round2,60.1,41.8,2
round2,60.1,41.9,3
round2,60.1,42,3
round2,60.1,42.1,4
round2,60.1,42.2,1
round2,60.1,42.3,6
round2,60.1,42.4,4
round2,60.1,42.5,6
round2,60.1,42.6,7
round2,60.1,42.7,2
round2,60.1,42.8,1
round2,60.1,42.9,2
round2,60.1,43,2
round2,60.1,43.1,5
round2,60.1,43.2,2
round2,60.1,43.3,3
round2,60.1,43.4,3
round2,60.1,43.5,2
round2,60.1,43.6,4
round2,60.1,43.7,4
round2,60.1,43.8,3
round2,60.1,43.9,3
round2,60.1,44.1,1
round2,60.1,44.2,2
round2,60.1,44.3,2
round2,60.1,44.4,1
round2,60.1,44.5,2
round2,60.1,44.6,1
round2,60.1,44.7,3
round2,60.1,44.8,1
round2,60.1,44.9,3
round2,60.1,45,3
round2,60.1,45.1,3
round2,60.1,45.2,1
round2,60.1,45.3,3
round2,60.1,45.4,2
round2,60.1,45.5,2
round2,60.1,45.6,4
round2,60.1,45.7,2
round2,60.1,45.8,2
round2,60.1,46,1
round2,60.1,46.1,3
round2,60.1,46.2,2
round2,60.1,46.3,3
round2,60.1,46.4,2
round2,60.1,46.5,6
round2,60.1,46.6,1
round2,60.1,46.7,2
round2,60.1,46.8,4
round2,60.1,46.9,2
round2,60.1,47,1
round2,60.1,47.2,3
round2,60.1,47.3,3
round2,60.1,47.4,3
round2,60.1,47.5,4
round2,60.1,47.6,2
round2,60.1,47.7,2
round2,60.1,47.8,6
round2,60.1,47.9,2
round2,60.1,48,3
round2,60.1,48.2,3
round2,60.1,48.3,3
round2,60.1,48.4,2
round2,60.1,48.5,1
round2,60.1,48.6,2
round2,60.1,48.7,3
round2,60.1,48.8,1
round2,60.1,48.9,4
round2,60.1,49,3
round2,60.1,49.1,5
round2,60.1,49.2,4
round2,60.1,49.3,1
round2,60.1,49.4,6
round2,60.1,49.5,3
round2,60.1,49.6,6
round2,60.1,49.7,5
round2,60.1,49.8,2
round2,60.1,49.9,2
round2,60.1,50,3
round2,60.1,50.1,1
round2,60.1,50.2,1
round2,60.1,50.3,2
round2,60.1,50.4,3
round2,60.1,50.5,6
round2,60.1,50.6,1
round2,60.1,50.7,1
round2,60.1,50.8,2
round2,60.1,50.9,2
round2,60.1,51.1,5
round2,60.1,51.2,1
round2,60.1,51.3,4
round2,60.1,51.4,1
round2,60.1,51.5,3
round2,60.1,51.6,1
round2,60.1,51.7,1
round2,60.1,51.8,4
round2,60.1,51.9,4
round2,60.1,52,1
round2,60.1,52.1,2
round2,60.1,52.2,4
round2,60.1,52.3,2
round2,60.1,52.4,3
round2,60.1,52.5,2
round2,60.1,52.6,3
round2,60.1,52.7,2
round2,60.1,52.8,5
round2,60.1,52.9,2
round2,60.1,53,2
round2,60.1,53.1,1
round2,60.1,53.2,2
round2,60.1,53.3,1
round2,60.1,53.4,2
round2,60.1,53.5,3
round2,60.1,53.6,3
round2,60.1,53.7,6
round2,60.1,53.8,6
round2,60.1,53.9,4
round2,60.1,54,2
round2,60.1,54.1,6
round2,60.1,54.2,2
round2,60.1,54.3,2
round2,60.1,54.4,3
round2,60.1,54.5,2
round2,60.1,54.6,4
round2,60.1,54.7,1
round2,60.1,54.8,1
round2,60.1,54.9,2
round2,60.1,55,1
round2,60.1,55.1,3
round2,60.1,55.2,3
round2,60.1,55.3,3
round2,60.1,55.4,2
round2,60.1,55.5,2
round2,60.1,55.6,1
round2,60.1,55.7,1
round2,60.1,55.8,2
round2,60.1,55.9,2
round2,60.1,56,1
round2,60.1,56.1,5
round2,60.1,56.2,3
round2,60.1,56.3,8
round2,60.1,56.4,5
round2,60.1,56.5,3
round2,60.1,56.6,2
round2,60.1,56.7,1
round2,60.1,56.8,4
round2,60.1,56.9,2
round2,60.1,57,1
round2,60.1,57.1,2
round2,60.1,57.2,5
round2,60.1,57.3,3
round2,60.1,57.4,3
round2,60.1,57.5,3
round2,60.1,57.6,4
round2,60.1,57.7,3
round2,60.1,57.9,1
round2,60.1,58,2
round2,60.1,58.1,3
round2,60.1,58.2,2
round2,60.1,58.3,3
round2,60.1,58.4,2
round2,60.1,58.5,5
round2,60.1,58.6,3
round2,60.1,58.7,4
round2,60.1,58.8,2
round2,60.1,58.9,3
round2,60.1,59,7
round2,60.1,59.1,2
round2,60.1,59.2,4
round2,60.1,59.3,3
round2,60.1,59.4,1
round2,60.1,59.5,2
round2,60.1,59.6,3
round2,60.1,59.8,1
round2,60.1,59.9,2
round2,60.1,60,3
round2,60.1,60.1,4
round2,60.1,60.2,2
round2,60.1,60.3,1
round2,60.1,60.4,2
round2,60.1,60.5,1
round2,60.1,60.6,5
round2,60.1,60.7,1
round2,60.1,60.8,1
round2,60.1,60.9,3
round2,60.1,61,5
round2,60.1,61.1,2
round2,60.1,61.2,2
round2,60.1,61.3,4
round2,60.1,61.4,1
round2,60.1,61.5,3
round2,60.1,61.6,1
round2,60.1,61.7,1
round2,60.1,61.8,1
round2,60.1,61.9,2
round2,60.1,62,1
round2,60.1,62.1,1
round2,60.1,62.2,4
round2,60.1,62.3,5
round2,60.1,62.4,3
round2,60.1,62.5,5
round2,60.1,62.6,2
round2,60.1,62.7,4
round2,60.1,62.8,2
round2,60.1,62.9,1
round2,60.1,63,6
round2,60.1,63.1,7
round2,60.1,63.2,3
round2,60.1,63.3,2
round2,60.1,63.4,2
round2,60.1,63.5,5
round2,60.1,63.6,2
round2,60.1,63.7,2
round2,60.1,63.8,1
round2,60.1,63.9,1
round2,60.1,64,1
round2,60.1,64.1,4
round2,60.1,64.2,2
round2,60.1,64.3,3
round2,60.1,64.4,2
round2,60.1,64.5,1
round2,60.1,64.6,2
round2,60.1,64.7,1
round2,60.1,64.8,7
round2,60.1,64.9,5
round2,60.1,65,2
round2,60.1,65.1,2
round2,60.1,65.2,1
round2,60.1,65.3,4
round2,60.1,65.4,2
round2,60.1,65.5,2
round2,60.1,65.6,4
round2,60.1,65.7,2
round2,60.1,65.8,2
round2,60.1,65.9,2
round2,60.1,66,3
round2,60.1,66.1,3
round2,60.1,66.2,2
round2,60.1,66.3,1
round2,60.1,66.4,5
round2,60.1,66.5,3
round2,60.1,66.6,1
round2,60.1,66.7,4
round2,60.1,66.8,4
round2,60.1,67,3
round2,60.1,67.1,4
round2,60.1,67.2,3
round2,60.1,67.4,3
round2,60.1,67.5,4
round2,60.1,67.6,4
round2,60.1,67.7,1
round2,60.1,67.8,3
round2,60.1,67.9,1
round2,60.1,68,1
round2,60.1,68.1,4
round2,60.1,68.2,3
round2,60.1,68.3,3
round2,60.1,68.4,3
round2,60.1,68.5,6
round2,60.1,68.6,2
round2,60.1,68.7,3
round2,60.1,68.8,4
round2,60.1,68.9,1
round2,60.1,69,2
round2,60.1,69.1,1
round2,60.1,69.2,2
round2,60.1,69.3,3
round2,60.1,69.4,3
round2,60.1,69.5,2
round2,60.1,69.6,1
round2,60.1,69.7,2
round2,60.1,69.9,2
round2,60.1,70,1
round2,60.1,70.1,1
round2,60.1,70.3,1
round2,60.1,70.4,2
round2,60.1,70.5,2
round2,60.1,70.6,1
round2,60.1,70.8,3
round2,60.1,70.9,4
round2,60.1,71,3
round2,60.1,71.1,2
round2,60.1,71.2,3
round2,60.1,71.3,1
round2,60.1,71.4,1
round2,60.1,71.5,3
round2,60.1,71.7,3
round2,60.1,71.8,2
round2,60.1,71.9,4
round2,60.1,72,2
round2,60.1,72.1,3
round2,60.1,72.2,1
round2,60.1,72.4,5
round2,60.1,72.5,3
round2,60.1,72.6,2
round2,60.1,72.7,1
round2,60.1,72.8,3
round2,60.1,72.9,1
round2,60.1,73,3
round2,60.1,73.1,3
round2,60.1,73.2,2
round2,60.1,73.3,2
round2,60.1,73.4,4
round2,60.1,73.5,1
round2,60.1,73.6,2
round2,60.1,73.7,3
round2,60.1,73.8,2
round2,60.1,73.9,2
round2,60.1,74,2
round2,60.1,74.1,4
round2,60.1,74.3,4
round2,60.1,74.4,3
round2,60.1,74.5,2
round2,60.1,74.7,1
round2,60.1,74.8,4
round2,60.1,74.9,5
round2,60.1,75,2
round2,60.1,75.1,5
round2,60.1,75.2,3
round2,60.1,75.3,2
round2,60.1,75.4,3
round2,60.1,75.5,1
round2,60.1,75.6,1
round2,60.1,75.7,2
round2,60.1,75.8,4
round2,60.1,75.9,1
round2,60.1,76,4
round2,60.1,76.1,2
round2,60.1,76.2,1
round2,60.1,76.3,1
round2,60.1,76.4,2
round2,60.1,76.5,5
round2,60.1,76.6,3
round2,60.1,76.7,2
round2,60.1,76.8,1
round2,60.1,77,2
round2,60.1,77.1,4
round2,60.1,77.3,1
round2,60.1,77.4,3
round2,60.1,77.5,5
round2,60.1,77.6,1
round2,60.1,77.7,2
round2,60.1,77.8,5
round2,60.1,77.9,6
round2,60.1,78,1
round2,60.1,78.2,1
round2,60.1,78.3,3
round2,60.1,78.4,2
round2,60.1,78.5,2
round2,60.1,78.6,3
round2,60.1,78.8,5
round2,60.1,78.9,5
round2,60.1,79,3
round2,60.1,79.1,3
round2,60.1,79.2,2
round2,60.1,79.3,2
round2,60.1,79.4,1
round2,60.1,79.5,3
round2,60.1,79.7,3
round2,60.1,79.8,1
round2,60.1,79.9,2
round2,60.1,80,5
round2,60.1,80.1,3
round2,60.1,80.2,1
round2,60.1,80.3,3
round2,60.1,80.4,3
round2,60.1,80.5,1
round2,60.1,80.6,3
round2,60.1,80.7,3
round2,60.1,80.8,1
round2,60.1,80.9,2
round2,60.1,81,4
round2,60.1,81.2,2
round2,60.1,81.3,2
round2,60.1,81.4,3
round2,60.1,81.5,2
round2,60.1,81.6,1
round2,60.1,81.7,4
round2,60.1,81.9,2
round2,60.1,82.3,4
round2,60.1,82.4,3
round2,60.1,82.5,1
round2,60.1,82.6,2
round2,60.1,82.7,4
round2,60.1,82.8,4
round2,60.1,82.9,4
round2,60.1,83,1
round2,60.1,83.1,2
round2,60.1,83.2,4
round2,60.1,83.3,2
round2,60.1,83.4,3
round2,60.1,83.5,4
round2,60.1,83.6,2
round2,60.1,83.8,4
round2,60.1,83.9,3
round2,60.1,84,2
round2,60.1,84.1,2
round2,60.1,84.2,2
round2,60.1,84.3,6
round2,60.1,84.4,1
round2,60.1,84.5,3
round2,60.1,84.6,3
round2,60.1,84.8,3
round2,60.1,84.9,2
round2,60.1,85,4
round2,60.1,85.1,4
round2,60.1,85.2,3
round2,60.1,85.3,3
round2,60.1,85.4,1
round2,60.1,85.5,3
round2,60.1,85.6,3
round2,60.1,85.7,3
round2,60.1,86,1
round2,60.1,86.1,1
round2,60.1,86.2,2
round2,60.1,86.3,2
round2,60.1,86.4,6
round2,60.1,86.5,4
round2,60.1,86.6,1
round2,60.1,86.7,2
round2,60.1,86.8,2
round2,60.1,86.9,1
round2,60.1,87,4
round2,60.1,87.2,2
round2,60.1,87.3,2
round2,60.1,87.4,1
round2,60.1,87.5,5
round2,60.1,87.6,3
round2,60.1,87.7,4
round2,60.1,87.8,2
round2,60.1,87.9,3
round2,60.1,88,2
round2,60.1,88.2,3
round2,60.1,88.3,4
round2,60.1,88.4,1
round2,60.1,88.5,2
round2,60.1,88.6,2
round2,60.1,88.8,1
round2,60.1,88.9,3
round2,60.1,89,1
round2,60.1,89.1,3
round2,60.1,89.2,1
round2,60.1,89.3,3
round2,60.1,89.4,2
round2,60.1,89.5,1
round2,60.1,89.6,2
round2,60.1,89.7,4
round2,60.1,89.8,3
round2,60.1,89.9,2
round2,60.1,90,4
round2,60.1,90.1,3
round2,60.1,90.2,1
round2,60.1,90.3,3
round2,60.1,90.4,3
round2,60.1,90.7,4
round2,60.1,90.8,1
round2,60.1,90.9,5
round2,60.1,91,2
round2,60.1,91.3,2
round2,60.1,91.4,2
round2,60.1,91.5,6
round2,60.1,91.6,1
round2,60.1,91.7,3
round2,60.1,91.8,5
round2,60.1,91.9,7
round2,60.1,92,2
round2,60.1,92.1,2
round2,60.1,92.2,2
round2,60.1,92.3,1
round2,60.1,92.4,1
round2,60.1,92.5,5
round2,60.1,92.6,1
round2,60.1,92.7,1
round2,60.1,92.8,1
round2,60.1,92.9,4
round2,60.1,93,4
round2,60.1,93.1,3
round2,60.1,93.2,1
round2,60.1,93.3,2
round2,60.1,93.4,1
round2,60.1,93.5,2
round2,60.1,93.7,2
round2,60.1,93.8,1
round2,60.1,93.9,1
round2,60.1,94,1
round2,60.1,94.1,4
round2,60.1,94.2,2
round2,60.1,94.3,3
round2,60.1,94.4,3
round2,60.1,94.5,1
round2,60.1,94.6,2
round2,60.1,94.7,1
round2,60.1,94.8,3
round2,60.1,94.9,1
round2,60.1,95,1
round2,60.1,95.1,3
round2,60.1,95.2,2
round2,60.1,95.3,4
round2,60.1,95.4,1
round2,60.1,95.5,2
round2,60.1,95.6,1
round2,60.1,95.7,1
round2,60.1,95.8,3
round2,60.1,95.9,1
round2,60.1,96,3
round2,60.1,96.1,1
round2,60.1,96.2,3
round2,60.1,96.3,1
round2,60.1,96.4,1
round2,60.1,96.5,2
round2,60.1,96.7,2
round2,60.1,97.1,2
round2,60.1,97.3,1
round2,60.1,97.8,1
round2,60.1,97.9,2
round2,60.1,98,2
round2,60.1,98.1,1
round2,60.1,98.2,1
round2,60.1,98.3,1
round2,60.1,98.4,2
round2,60.1,98.5,2
round2,60.1,98.7,2
round2,60.1,98.8,1
round2,60.1,98.9,3
round2,60.1,99.1,2
round2,60.1,99.2,2
round2,60.1,99.3,2
round2,60.1,99.4,2
round2,60.1,99.6,2
round2,60.1,99.7,5
round2,60.1,99.9,2
round2,69.7,0,1
round2,69.7,0.1,2
round2,69.7,0.2,4
round2,69.7,0.3,3
round2,69.7,0.4,1
round2,69.7,0.6,4
round2,69.7,0.7,3
round2,69.7,0.8,2
round2,69.7,0.9,2
round2,69.7,1,3
round2,69.7,1.1,3
round2,69.7,1.2,2
round2,69.7,1.3,1
round2,69.7,1.4,2
round2,69.7,1.5,4
round2,69.7,1.6,2
round2,69.7,1.7,3
round2,69.7,1.8,4
round2,69.7,1.9,1
round2,69.7,2,3
round2,69.7,2.1,2
round2,69.7,2.2,4
round2,69.7,2.3,2
round2,69.7,2.6,3
round2,69.7,2.7,2
round2,69.7,2.8,1
round2,69.7,2.9,2
round2,69.7,3,1
round2,69.7,3.1,2
round2,69.7,3.2,3
round2,69.7,3.3,2
round2,69.7,3.4,3
round2,69.7,3.5,2
round2,69.7,3.7,2
round2,69.7,3.8,2
round2,69.7,3.9,5
round2,69.7,4,1
round2,69.7,4.1,1
round2,69.7,4.2,4
round2,69.7,4.3,1
round2,69.7,4.4,1
round2,69.7,4.5,2
round2,69.7,4.6,1
round2,69.7,4.7,4
round2,69.7,4.9,3
round2,69.7,5,3
round2,69.7,5.1,2
round2,69.7,5.2,1
round2,69.7,5.3,3
round2,69.7,5.4,1
round2,69.7,5.5,2
round2,69.7,5.6,3
round2,69.7,5.7,2
round2,69.7,5.8,3
round2,69.7,5.9,1
round2,69.7,6,4
round2,69.7,6.1,4
round2,69.7,6.2,1
round2,69.7,6.3,2
round2,69.7,6.4,3
round2,69.7,6.5,3
round2,69.7,6.7,1
round2,69.7,6.8,3
round2,69.7,6.9,1
round2,69.7,7,1
round2,69.7,7.1,1
round2,69.7,7.2,2
round2,69.7,7.3,1
round2,69.7,7.4,1
round2,69.7,7.7,2
round2,69.7,7.8,1
round2,69.7,7.9,1
round2,69.7,8.1,1
round2,69.7,8.2,2
round2,69.7,8.3,3
round2,69.7,8.4,3
round2,69.7,8.5,2
round2,69.7,8.6,2
round2,69.7,8.7,5
round2,69.7,8.8,2
round2,69.7,8.9,6
round2,69.7,9,1
round2,69.7,9.1,2
round2,69.7,9.2,3
round2,69.7,9.3,1
round2,69.7,9.5,2
round2,69.7,9.6,1
round2,69.7,9.8,1
round2,69.7,9.9,2
round2,69.7,10,2
round2,69.7,10.1,3
round2,69.7,10.2,2
round2,69.7,10.3,2
round2,69.7,10.4,1
round2,69.7,10.5,3
round2,69.7,10.6,1
round2,69.7,10.7,4
round2,69.7,10.8,2
round2,69.7,10.9,4
round2,69.7,11,1
round2,69.7,11.1,2
round2,69.7,11.2,1
round2,69.7,11.4,3
round2,69.7,11.7,1
round2,69.7,11.8,3
round2,69.7,11.9,1
round2,69.7,12,2
round2,69.7,12.1,3
round2,69.7,12.2,1
round2,69.7,12.3,1
round2,69.7,12.4,2
round2,69.7,12.5,4
round2,69.7,12.6,1
round2,69.7,12.7,1
round2,69.7,12.8,3
round2,69.7,12.9,3
round2,69.7,13,2
round2,69.7,13.1,3
round2,69.7,13.2,3
round2,69.7,13.4,4
round2,69.7,13.5,2
round2,69.7,13.6,3
round2,69.7,13.7,2
round2,69.7,13.8,3
round2,69.7,14.1,1
round2,69.7,14.2,1
round2,69.7,14.3,1
round2,69.7,14.4,4
round2,69.7,14.5,1
round2,69.7,14.6,2
round2,69.7,14.7,2
round2,69.7,14.8,3
round2,69.7,14.9,4
round2,69.7,15.2,1
round2,69.7,15.3,1
round2,69.7,15.4,3
round2,69.7,15.5,3
round2,69.7,15.6,2
round2,69.7,15.7,2
round2,69.7,15.9,1
round2,69.7,16.1,1
round2,69.7,16.2,2
round2,69.7,16.3,3
round2,69.7,16.4,3
round2,69.7,16.5,2
round2,69.7,16.6,1
round2,69.7,16.7,1
round2,69.7,16.8,2
round2,69.7,16.9,1
round2,69.7,17,1
round2,69.7,17.1,4
round2,69.7,17.2,2
round2,69.7,17.4,3
round2,69.7,17.5,3
round2,69.7,17.6,2
round2,69.7,17.7,2
round2,69.7,17.8,2
round2,69.7,17.9,4
round2,69.7,18,1
round2,69.7,18.1,2
round2,69.7,18.3,1
round2,69.7,18.4,2
round2,69.7,18.5,1
round2,69.7,18.6,1
round2,69.7,18.7,2
round2,69.7,18.8,1
round2,69.7,19,1
round2,69.7,19.1,1
round2,69.7,19.2,3
round2,69.7,19.3,1
round2,69.7,19.4,4
round2,69.7,19.5,1
round2,69.7,19.6,1
round2,69.7,19.7,3
round2,69.7,19.8,1
round2,69.7,20.1,4
round2,69.7,20.2,1
round2,69.7,20.3,1
round2,69.7,20.4,1
round2,69.7,20.5,1
round2,69.7,20.6,2
round2,69.7,20.7,2
round2,69.7,20.8,2
round2,69.7,20.9,4
round2,69.7,21.1,3
round2,69.7,21.2,2
round2,69.7,21.3,5
round2,69.7,21.4,1
round2,69.7,21.5,1
round2,69.7,21.6,3
round2,69.7,21.8,1
round2,69.7,21.9,1
round2,69.7,22.1,3
round2,69.7,22.2,3
round2,69.7,22.3,2
round2,69.7,22.4,1
round2,69.7,22.5,1
round2,69.7,22.7,8
round2,69.7,22.8,3
round2,69.7,23,3
round2,69.7,23.1,3
round2,69.7,23.2,4
round2,69.7,23.3,2
round2,69.7,23.4,1
round2,69.7,23.5,1
round2,69.7,23.6,3
round2,69.7,23.7,3
round2,69.7,24,4
round2,69.7,24.1,6
round2,69.7,24.3,1
round2,69.7,24.4,1
round2,69.7,24.8,2
round2,69.7,24.9,2
round2,69.7,25,2
round2,69.7,25.1,4
round2,69.7,25.2,1
round2,69.7,25.3,1
round2,69.7,25.4,3
round2,69.7,25.6,3
round2,69.7,25.8,1
round2,69.7,26,1
round2,69.7,26.1,3
round2,69.7,26.2,3
round2,69.7,26.3,1
round2,69.7,26.4,2
round2,69.7,26.5,3
round2,69.7,26.6,2
round2,69.7,26.7,1
round2,69.7,26.8,2
round2,69.7,26.9,2
round2,69.7,27,1
round2,69.7,27.1,2
round2,69.7,27.2,2
round2,69.7,27.3,1
round2,69.7,27.4,3
round2,69.7,27.5,1
round2,69.7,27.6,2
round2,69.7,27.7,2
round2,69.7,27.8,1
round2,69.7,27.9,1
round2,69.7,28,3
round2,69.7,28.1,1
round2,69.7,28.2,1
round2,69.7,28.4,1
round2,69.7,28.5,1
round2,69.7,28.6,5
round2,69.7,28.7,1
round2,69.7,28.8,2
round2,69.7,28.9,6
round2,69.7,29,3
round2,69.7,29.1,1
round2,69.7,29.2,1
round2,69.7,29.4,3
round2,69.7,29.6,4
round2,69.7,29.9,1
round2,69.7,30,2
round2,69.7,30.3,4
round2,69.7,30.4,3
round2,69.7,30.5,2
round2,69.7,30.6,2
round2,69.7,30.7,2
round2,69.7,30.8,2
round2,69.7,30.9,2
round2,69.7,31,1
round2,69.7,31.1,2
round2,69.7,31.2,3
round2,69.7,31.3,2
round2,69.7,31.4,2
round2,69.7,31.5,4
round2,69.7,31.7,1
round2,69.7,31.8,1
round2,69.7,31.9,1
round2,69.7,32,3
round2,69.7,32.1,1
round2,69.7,32.2,3
round2,69.7,32.3,1
round2,69.7,32.4,1
round2,69.7,32.5,2
round2,69.7,32.6,2
round2,69.7,32.7,2
round2,69.7,32.8,3
round2,69.7,33,3
round2,69.7,33.2,2
round2,69.7,33.4,3
round2,69.7,33.5,2
round2,69.7,33.6,2
round2,69.7,33.7,1
round2,69.7,33.8,1
round2,69.7,33.9,3
round2,69.7,34,2
round2,69.7,34.1,3
round2,69.7,34.2,3
round2,69.7,34.3,1
round2,69.7,34.4,1
round2,69.7,34.6,4
round2,69.7,34.7,3
round2,69.7,34.9,4
round2,69.7,35,3
round2,69.7,35.3,1
round2,69.7,35.5,1
round2,69.7,35.6,2
round2,69.7,35.7,2
round2,69.7,35.9,2
round2,69.7,36,3
round2,69.7,36.2,1
round2,69.7,36.3,1
round2,69.7,36.4,1
round2,69.7,36.5,1
round2,69.7,36.6,1
round2,69.7,36.7,1
round2,69.7,36.8,5
round2,69.7,36.9,3
round2,69.7,37,1
round2,69.7,37.1,2
round2,69.7,37.2,2
round2,69.7,37.3,1
round2,69.7,37.4,1
round2,69.7,37.6,2
round2,69.7,37.7,4
round2,69.7,37.8,3
round2,69.7,38.2,1
round2,69.7,38.3,2
round2,69.7,38.5,1
round2,69.7,38.6,1
round2,69.7,38.7,2
round2,69.7,38.8,3
round2,69.7,38.9,1
round2,69.7,39,2
round2,69.7,39.1,4
round2,69.7,39.2,3
round2,69.7,39.3,2
round2,69.7,39.4,1
round2,69.7,39.6,2
round2,69.7,39.7,2
round2,69.7,39.8,4
round2,69.7,40,2
round2,69.7,40.1,1
round2,69.7,40.4,2
round2,69.7,40.5,1
round2,69.7,40.6,2
round2,69.7,40.7,1
round2,69.7,40.9,1
round2,69.7,41,4
round2,69.7,41.1,3
round2,69.7,41.2,1
round2,69.7,41.3,1
round2,69.7,41.4,2
round2,69.7,41.5,2
round2,69.7,41.7,1
round2,69.7,41.8,4
round2,69.7,41.9,2
round2,69.7,42,1
round2,69.7,42.1,2
round2,69.7,42.2,2
round2,69.7,42.4,2
round2,69.7,42.6,2
round2,69.7,42.7,2
round2,69.7,42.8,2
round2,69.7,43,1
round2,69.7,43.1,2
round2,69.7,43.2,2
round2,69.7,43.3,1
round2,69.7,43.4,3
round2,69.7,43.5,2
round2,69.7,43.6,2
round2,69.7,43.7,1
round2,69.7,43.8,1
round2,69.7,43.9,5
round2,69.7,44,5
round2,69.7,44.1,2
round2,69.7,44.2,1
round2,69.7,44.3,1
round2,69.7,44.4,1
round2,69.7,44.5,4
round2,69.7,44.6,1
round2,69.7,44.7,3
round2,69.7,44.8,2
round2,69.7,44.9,2
round2,69.7,45,1
round2,69.7,45.1,3
round2,69.7,45.2,2
round2,69.7,45.3,5
round2,69.7,45.5,1
round2,69.7,45.6,2
round2,69.7,45.7,1
round2,69.7,45.8,2
round2,69.7,45.9,1
round2,69.7,46,1
round2,69.7,46.2,2
round2,69.7,46.3,2
round2,69.7,46.4,3
round2,69.7,46.5,2
round2,69.7,46.6,2
round2,69.7,46.7,3
round2,69.7,46.8,1
round2,69.7,46.9,2
round2,69.7,47,6
round2,69.7,47.1,1
round2,69.7,47.2,2
round2,69.7,47.3,1
round2,69.7,47.4,2
round2,69.7,47.5,3
round2,69.7,47.6,1
round2,69.7,47.7,4
round2,69.7,47.8,1
round2,69.7,47.9,2
round2,69.7,48,2
round2,69.7,48.1,2
round2,69.7,48.3,3
round2,69.7,48.4,1
round2,69.7,48.5,6
round2,69.7,48.6,2
round2,69.7,48.7,2
round2,69.7,48.8,2
round2,69.7,48.9,3
round2,69.7,49,1
round2,69.7,49.1,3
round2,69.7,49.2,3
round2,69.7,49.4,3
round2,69.7,49.5,3
round2,69.7,49.7,3
round2,69.7,49.8,1
round2,69.7,49.9,3
round2,69.7,50,2
round2,69.7,50.1,1
round2,69.7,50.2,3
round2,69.7,50.3,1
round2,69.7,50.4,3
round2,69.7,50.5,1
round2,69.7,50.6,1
round2,69.7,50.7,3
round2,69.7,50.8,3
round2,69.7,50.9,2
round2,69.7,51,1
round2,69.7,51.1,4
round2,69.7,51.3,2
round2,69.7,51.4,1
round2,69.7,51.5,1
round2,69.7,51.6,3
round2,69.7,51.7,2
round2,69.7,51.8,1
round2,69.7,51.9,3
round2,69.7,52,1
round2,69.7,52.1,2
round2,69.7,52.2,1
round2,69.7,52.3,1
round2,69.7,52.4,1
round2,69.7,52.5,1
round2,69.7,52.6,2
round2,69.7,53,3
round2,69.7,53.1,1
round2,69.7,53.4,4
round2,69.7,53.6,1
round2,69.7,53.7,2
round2,69.7,53.8,2
round2,69.7,53.9,3
round2,69.7,54,4
round2,69.7,54.1,1
round2,69.7,54.2,3
round2,69.7,54.4,3
round2,69.7,54.5,4
round2,69.7,54.6,2
round2,69.7,54.7,3
round2,69.7,54.9,1
round2,69.7,55,1
round2,69.7,55.1,1
round2,69.7,55.2,2
round2,69.7,55.3,1
round2,69.7,55.4,1
round2,69.7,55.5,2
round2,69.7,55.6,1
round2,69.7,55.7,1
round2,69.7,55.8,1
round2,69.7,55.9,1
round2,69.7,56,5
round2,69.7,56.1,2
round2,69.7,56.2,1
round2,69.7,56.3,2
round2,69.7,56.4,3
round2,69.7,56.5,2
round2,69.7,56.6,1
round2,69.7,56.7,2
round2,69.7,56.8,1
round2,69.7,56.9,2
round2,69.7,57,2
round2,69.7,57.1,2
round2,69.7,57.2,1
round2,69.7,57.3,1
round2,69.7,57.4,1
round2,69.7,57.5,1
round2,69.7,57.6,1
round2,69.7,57.7,2
round2,69.7,57.8,2
round2,69.7,57.9,1
round2,69.7,58,2
round2,69.7,58.1,1
round2,69.7,58.2,4
round2,69.7,58.3,1
round2,69.7,58.4,1
round2,69.7,58.5,1
round2,69.7,58.6,1
round2,69.7,58.7,3
round2,69.7,58.8,2
round2,69.7,58.9,3
round2,69.7,59,1
round2,69.7,59.1,4
round2,69.7,59.2,1
round2,69.7,59.3,2
round2,69.7,59.4,2
round2,69.7,59.5,1
round2,69.7,59.6,2
round2,69.7,59.7,2
round2,69.7,59.9,3
round2,69.7,60,2
round2,69.7,60.1,2
round2,69.7,60.2,3
round2,69.7,60.3,2
round2,69.7,60.4,2
round2,69.7,60.5,1
round2,69.7,60.6,3
round2,69.7,60.8,2
round2,69.7,60.9,1
round2,69.7,61.1,1
round2,69.7,61.2,3
round2,69.7,61.3,3
round2,69.7,61.4,3
round2,69.7,61.5,3
round2,69.7,61.6,4
round2,69.7,61.7,2
round2,69.7,61.8,3
round2,69.7,61.9,1
round2,69.7,62,3
round2,69.7,62.1,3
round2,69.7,62.2,4
round2,69.7,62.3,1
round2,69.7,62.4,3
round2,69.7,62.5,2
round2,69.7,62.6,3
round2,69.7,62.7,1
round2,69.7,62.8,3
round2,69.7,62.9,4
round2,69.7,63,5
round2,69.7,63.1,1
round2,69.7,63.2,4
round2,69.7,63.3,4
round2,69.7,63.4,2
round2,69.7,63.6,2
round2,69.7,63.8,1
round2,69.7,63.9,1
round2,69.7,64,1
round2,69.7,64.1,1
round2,69.7,64.2,2
round2,69.7,64.3,4
round2,69.7,64.4,2
round2,69.7,64.5,1
round2,69.7,64.7,1
round2,69.7,64.8,2
round2,69.7,64.9,1
round2,69.7,65,1
round2,69.7,65.1,2
round2,69.7,65.2,1
round2,69.7,65.3,2
round2,69.7,65.5,2
round2,69.7,65.6,1
round2,69.7,65.8,2
round2,69.7,65.9,4
round2,69.7,66,1
round2,69.7,66.1,1
round2,69.7,66.2,6
round2,69.7,66.3,1
round2,69.7,66.4,3
round2,69.7,66.6,4
round2,69.7,66.7,1
round2,69.7,66.8,3
round2,69.7,66.9,2
round2,69.7,67,3
round2,69.7,67.1,2
round2,69.7,67.3,1
round2,69.7,67.4,1
round2,69.7,67.5,1
round2,69.7,67.6,1
round2,69.7,67.7,2
round2,69.7,67.8,2
round2,69.7,67.9,1
round2,69.7,68,2
round2,69.7,68.1,2
round2,69.7,68.2,1
round2,69.7,68.3,2
round2,69.7,68.4,1
round2,69.7,68.5,1
round2,69.7,68.6,2
round2,69.7,68.8,2
round2,69.7,69,3
round2,69.7,69.2,1
round2,69.7,69.4,4
round2,69.7,69.5,3
round2,69.7,69.7,3
round2,69.7,69.8,1
round2,69.7,69.9,2
round2,69.7,70,3
round2,69.7,70.1,4
round2,69.7,70.2,1
round2,69.7,70.3,2
round2,69.7,70.4,1
round2,69.7,70.6,1
round2,69.7,70.7,3
round2,69.7,70.8,2
round2,69.7,70.9,1
round2,69.7,71,4
round2,69.7,71.1,3
round2,69.7,71.2,1
round2,69.7,71.3,1
round2,69.7,71.4,1
round2,69.7,71.5,3
round2,69.7,71.6,1
round2,69.7,71.8,3
round2,69.7,71.9,1
round2,69.7,72,2
round2,69.7,72.1,2
round2,69.7,72.2,2
round2,69.7,72.3,2
round2,69.7,72.4,2
round2,69.7,72.5,3
round2,69.7,72.6,3
round2,69.7,72.7,3
round2,69.7,72.8,1
round2,69.7,72.9,1
round2,69.7,73,3
round2,69.7,73.1,2
round2,69.7,73.3,2
round2,69.7,73.5,2
round2,69.7,73.6,1
round2,69.7,73.7,1
round2,69.7,73.9,1
round2,69.7,74,1
round2,69.7,74.2,2
round2,69.7,74.3,2
round2,69.7,74.4,2
round2,69.7,74.5,1
round2,69.7,74.7,4
round2,69.7,74.8,1
round2,69.7,74.9,1
round2,69.7,75,4
round2,69.7,75.2,1
round2,69.7,75.3,3
round2,69.7,75.4,1
round2,69.7,75.5,3
round2,69.7,75.6,1
round2,69.7,75.7,1
round2,69.7,75.8,3
round2,69.7,75.9,2
round2,69.7,76.1,3
round2,69.7,76.2,2
round2,69.7,76.3,4
round2,69.7,76.4,1
round2,69.7,76.5,1
round2,69.7,76.6,2
round2,69.7,76.7,1
round2,69.7,76.8,1
round2,69.7,77,1
round2,69.7,77.1,2
round2,69.7,77.2,1
round2,69.7,77.3,2
round2,69.7,77.4,6
round2,69.7,77.5,1
round2,69.7,77.6,3
round2,69.7,77.7,1
round2,69.7,77.8,2
round2,69.7,78,3
round2,69.7,78.1,1
round2,69.7,78.2,1
round2,69.7,78.3,1
round2,69.7,78.4,1
round2,69.7,78.5,3
round2,69.7,78.6,3
round2,69.7,78.7,3
round2,69.7,78.8,2
round2,69.7,78.9,2
round2,69.7,79.1,1
round2,69.7,79.2,2
round2,69.7,79.3,1
round2,69.7,79.4,2
round2,69.7,79.5,2
round2,69.7,79.6,2
round2,69.7,79.7,3
round2,69.7,79.8,1
round2,69.7,79.9,1
round2,69.7,80.1,2
round2,69.7,80.2,2
round2,69.7,80.4,2
round2,69.7,80.7,3
round2,69.7,80.8,1
round2,69.7,80.9,2
round2,69.7,81,2
round2,69.7,81.1,1
round2,69.7,81.2,4
round2,69.7,81.3,6
round2,69.7,81.4,3
round2,69.7,81.5,4
round2,69.7,81.7,1
round2,69.7,81.8,1
round2,69.7,81.9,3
round2,69.7,82,3
round2,69.7,82.1,4
round2,69.7,82.2,1
round2,69.7,82.4,2
round2,69.7,82.5,1
round2,69.7,82.6,2
round2,69.7,82.7,2
round2,69.7,82.8,3
round2,69.7,82.9,1
round2,69.7,83,1
round2,69.7,83.1,2
round2,69.7,83.2,4
round2,69.7,83.3,1
round2,69.7,83.4,1
round2,69.7,83.6,1
round2,69.7,83.7,1
round2,69.7,83.8,1
round2,69.7,83.9,3
round2,69.7,84,4
round2,69.7,84.1,2
round2,69.7,84.2,1
round2,69.7,84.3,1
round2,69.7,84.4,3
round2,69.7,84.5,1
round2,69.7,84.6,4
round2,69.7,84.7,6
round2,69.7,84.8,2
round2,69.7,84.9,2
round2,69.7,85,2
round2,69.7,85.1,2
round2,69.7,85.2,3
round2,69.7,85.3,3
round2,69.7,85.4,1
round2,69.7,85.5,1
round2,69.7,85.6,1
round2,69.7,85.7,1
round2,69.7,85.8,2
round2,69.7,85.9,2
round2,69.7,86,3
round2,69.7,86.1,1
round2,69.7,86.3,2
round2,69.7,86.4,4
round2,69.7,86.5,2
round2,69.7,86.6,2
round2,69.7,86.7,6
round2,69.7,86.8,2
round2,69.7,86.9,2
round2,69.7,87,1
round2,69.7,87.2,1
round2,69.7,87.4,2
round2,69.7,87.5,1
round2,69.7,87.6,3
round2,69.7,87.7,1
round2,69.7,87.9,1
round2,69.7,88,1
round2,69.7,88.3,3
round2,69.7,88.4,4
round2,69.7,88.5,1
round2,69.7,88.7,3
round2,69.7,88.9,1
round2,69.7,89,1
round2,69.7,89.2,1
round2,69.7,89.3,1
round2,69.7,89.6,4
round2,69.7,89.7,1
round2,69.7,89.8,1
round2,69.7,89.9,3
round2,69.7,90,2
round2,69.7,90.2,1
round2,69.7,90.3,2
round2,69.7,90.4,2
round2,69.7,90.5,2
round2,69.7,90.6,2
round2,69.7,90.7,2
round2,69.7,90.8,1
round2,69.7,90.9,2
round2,69.7,91.1,3
round2,69.7,91.2,4
round2,69.7,91.3,1
round2,69.7,91.4,1
round2,69.7,91.5,3
round2,69.7,91.6,3
round2,69.7,91.7,1
round2,69.7,91.8,1
round2,69.7,92,1
round2,69.7,92.1,3
round2,69.7,92.3,3
round2,69.7,92.4,2
round2,69.7,92.5,3
round2,69.7,92.7,2
round2,69.7,92.8,1
round2,69.7,92.9,3
round2,69.7,93,2
round2,69.7,93.1,1
round2,69.7,93.2,1
round2,69.7,93.4,1
round2,69.7,93.5,1
round2,69.7,93.6,2
round2,69.7,93.7,5
round2,69.7,93.8,2
round2,69.7,93.9,3
round2,69.7,94,1
round2,69.7,94.2,2
round2,69.7,94.3,1
round2,69.7,94.4,1
round2,69.7,94.5,5
round2,69.7,94.6,2
round2,69.7,94.7,3
round2,69.7,94.8,3
round2,69.7,94.9,3
round2,69.7,95,3
round2,69.7,95.1,1
round2,69.7,95.2,2
round2,69.7,95.3,2
round2,69.7,95.4,3
round2,69.7,95.5,1
round2,69.7,95.6,2
round2,69.7,95.7,2
round2,69.7,95.8,3
round2,69.7,95.9,3
round2,69.7,96,2
round2,69.7,96.1,3
round2,69.7,96.2,2
round2,69.7,96.3,1
round2,69.7,96.4,1
round2,69.7,96.5,3
round2,69.7,96.6,2
round2,69.7,96.9,2
round2,69.7,97,2
round2,69.7,97.1,6
round2,69.7,97.2,2
round2,69.7,97.3,4
round2,69.7,97.4,2
round2,69.7,97.5,3
round2,69.7,97.6,5
round2,69.7,97.7,3
round2,69.7,97.8,2
round2,69.7,97.9,3
round2,69.7,98,4
round2,69.7,98.2,1
round2,69.7,98.3,1
round2,69.7,98.4,2
round2,69.7,98.5,2
round2,69.7,98.6,4
round2,69.7,98.7,2
round2,69.7,98.8,1
round2,69.7,99.1,1
round2,69.7,99.3,3
round2,69.7,99.4,3
round2,69.7,99.5,2
round2,69.7,99.7,1
round2,69.7,99.8,1
round2,69.7,99.9,1
round2,76.4,0,1
round2,76.4,0.3,1
round2,76.4,0.4,2
round2,76.4,0.5,2
round2,76.4,0.6,1
round2,76.4,0.7,1
round2,76.4,0.9,5
round2,76.4,1,1
round2,76.4,1.1,1
round2,76.4,1.2,1
round2,76.4,1.3,2
round2,76.4,1.4,1
round2,76.4,1.5,1
round2,76.4,1.6,1
round2,76.4,1.7,2
round2,76.4,2,1
round2,76.4,2.1,1
round2,76.4,2.3,1
round2,76.4,2.4,1
round2,76.4,2.5,2
round2,76.4,2.6,1
round2,76.4,2.7,1
round2,76.4,2.9,1
round2,76.4,3.1,1
round2,76.4,3.4,1
round2,76.4,3.5,2
round2,76.4,3.6,1
round2,76.4,3.8,1
round2,76.4,4.2,2
round2,76.4,4.6,1
round2,76.4,4.7,2
round2,76.4,4.8,2
round2,76.4,4.9,2
round2,76.4,5,3
round2,76.4,5.1,1
round2,76.4,5.2,2
round2,76.4,5.4,1
round2,76.4,5.5,1
round2,76.4,5.6,1
round2,76.4,5.8,3
round2,76.4,5.9,1
round2,76.4,6.1,2
round2,76.4,6.2,1
round2,76.4,6.3,1
round2,76.4,6.5,2
round2,76.4,6.7,3
round2,76.4,6.8,1
round2,76.4,7,1
round2,76.4,7.1,1
round2,76.4,7.2,3
round2,76.4,7.3,1
round2,76.4,7.4,1
round2,76.4,7.5,1
round2,76.4,7.6,2
round2,76.4,7.7,1
round2,76.4,7.8,3
round2,76.4,8.1,1
round2,76.4,8.2,3
round2,76.4,8.3,2
round2,76.4,8.4,1
round2,76.4,8.5,1
round2,76.4,8.6,3
round2,76.4,8.7,1
round2,76.4,8.8,1
round2,76.4,9.1,2
round2,76.4,9.3,2
round2,76.4,9.4,3
round2,76.4,9.5,2
round2,76.4,9.6,1
round2,76.4,9.7,1
round2,76.4,10.1,2
round2,76.4,10.2,1
round2,76.4,10.5,1
round2,76.4,10.6,1
round2,76.4,10.7,1
round2,76.4,10.9,1
round2,76.4,11.2,1
round2,76.4,11.4,1
round2,76.4,11.6,2
round2,76.4,11.7,1
round2,76.4,12,1
round2,76.4,12.1,1
round2,76.4,12.2,1
round2,76.4,12.3,1
round2,76.4,12.4,3
round2,76.4,12.6,2
round2,76.4,12.7,1
round2,76.4,12.8,2
round2,76.4,12.9,2
round2,76.4,13,1
round2,76.4,13.1,1
round2,76.4,13.2,1
round2,76.4,13.3,3
round2,76.4,13.5,2
round2,76.4,14,1
round2,76.4,14.1,2
round2,76.4,14.2,1
round2,76.4,14.4,1
round2,76.4,14.5,2
round2,76.4,14.7,2
round2,76.4,15,2
round2,76.4,15.1,2
round2,76.4,15.2,2
round2,76.4,15.4,2
round2,76.4,15.5,2
round2,76.4,15.6,1
round2,76.4,15.7,1
round2,76.4,15.8,1
round2,76.4,16,2
round2,76.4,16.1,2
round2,76.4,16.2,1
round2,76.4,16.3,2
round2,76.4,16.5,1
round2,76.4,16.8,1
round2,76.4,16.9,1
round2,76.4,17,1
round2,76.4,17.2,1
round2,76.4,17.3,1
round2,76.4,17.4,4
round2,76.4,17.6,1
round2,76.4,17.8,1
round2,76.4,17.9,2
round2,76.4,18,1
round2,76.4,18.2,1
round2,76.4,18.3,3
round2,76.4,18.4,2
round2,76.4,18.5,4
round2,76.4,18.6,1
round2,76.4,18.7,2
round2,76.4,18.9,2
round2,76.4,19.2,1
round2,76.4,19.3,1
round2,76.4,19.4,1
round2,76.4,19.5,2
round2,76.4,19.7,2
round2,76.4,20.1,2
round2,76.4,20.2,2
round2,76.4,20.5,3
round2,76.4,20.6,1
round2,76.4,20.8,3
round2,76.4,21,2
round2,76.4,21.2,1
round2,76.4,21.3,1
round2,76.4,21.4,1
round2,76.4,21.5,2
round2,76.4,21.6,1
round2,76.4,21.7,1
round2,76.4,21.8,2
round2,76.4,22,1
round2,76.4,22.1,1
round2,76.4,22.2,2
round2,76.4,22.3,1
round2,76.4,22.5,1
round2,76.4,22.7,1
round2,76.4,22.9,3
round2,76.4,23,2
round2,76.4,23.1,1
round2,76.4,23.2,1
round2,76.4,23.4,1
round2,76.4,23.5,2
round2,76.4,23.6,1
round2,76.4,23.7,1
round2,76.4,23.8,1
round2,76.4,23.9,1
round2,76.4,24,2
round2,76.4,24.1,3
round2,76.4,24.3,2
round2,76.4,24.4,1
round2,76.4,24.5,3
round2,76.4,24.7,1
round2,76.4,24.8,3
round2,76.4,24.9,2
round2,76.4,25,2
round2,76.4,25.1,2
round2,76.4,25.2,4
round2,76.4,25.4,3
round2,76.4,25.7,2
round2,76.4,25.8,3
round2,76.4,25.9,2
round2,76.4,26,1
round2,76.4,26.2,1
round2,76.4,26.3,2
round2,76.4,26.4,1
round2,76.4,26.5,1
round2,76.4,26.6,1
round2,76.4,27,2
round2,76.4,27.1,2
round2,76.4,27.2,3
round2,76.4,27.4,2
round2,76.4,27.6,1
round2,76.4,28.1,1
round2,76.4,28.2,1
round2,76.4,28.4,2
round2,76.4,28.5,1
round2,76.4,28.6,1
round2,76.4,28.7,4
round2,76.4,28.8,4
round2,76.4,28.9,2
round2,76.4,29,1
round2,76.4,29.2,1
round2,76.4,29.4,1
round2,76.4,29.5,1
round2,76.4,29.6,3
round2,76.4,29.8,1
round2,76.4,29.9,1
round2,76.4,30.1,1
round2,76.4,30.2,1
round2,76.4,30.3,2
round2,76.4,30.7,2
round2,76.4,30.9,1
round2,76.4,31,1
round2,76.4,31.2,1
round2,76.4,31.3,1
round2,76.4,31.4,2
round2,76.4,31.5,1
round2,76.4,31.6,1
round2,76.4,31.7,1
round2,76.4,31.8,1
round2,76.4,31.9,1
round2,76.4,32.4,1
round2,76.4,32.6,1
round2,76.4,33,1
round2,76.4,33.1,3
round2,76.4,33.2,1
round2,76.4,33.3,1
round2,76.4,33.4,3
round2,76.4,33.6,1
round2,76.4,33.7,2
round2,76.4,33.8,2
round2,76.4,33.9,1
round2,76.4,34,1
round2,76.4,34.2,1
round2,76.4,34.4,1
round2,76.4,34.6,1
round2,76.4,34.7,2
round2,76.4,34.8,3
round2,76.4,34.9,2
round2,76.4,35,1
round2,76.4,35.1,1
round2,76.4,35.2,1
round2,76.4,35.4,1
round2,76.4,35.5,3
round2,76.4,35.6,1
round2,76.4,35.7,1
round2,76.4,35.8,1
round2,76.4,36,1
round2,76.4,36.1,1
round2,76.4,36.3,2
round2,76.4,36.4,1
round2,76.4,36.5,3
round2,76.4,36.6,1
round2,76.4,36.7,1
round2,76.4,36.8,3
round2,76.4,36.9,2
round2,76.4,37.1,1
round2,76.4,37.2,4
round2,76.4,37.3,1
round2,76.4,37.7,1
round2,76.4,37.9,2
round2,76.4,38,2
round2,76.4,38.1,2
round2,76.4,38.2,3
round2,76.4,38.5,2
round2,76.4,38.7,1
round2,76.4,38.8,1
round2,76.4,38.9,2
round2,76.4,39,1
round2,76.4,39.1,1
round2,76.4,39.2,2
round2,76.4,39.4,2
round2,76.4,39.6,2
round2,76.4,39.7,1
round2,76.4,39.8,2
round2,76.4,39.9,2
round2,76.4,40,2
round2,76.4,40.4,1
round2,76.4,40.5,1
round2,76.4,40.6,1
round2,76.4,40.9,1
round2,76.4,41,2
round2,76.4,41.1,2
round2,76.4,41.2,3
round2,76.4,41.3,1
round2,76.4,41.4,1
round2,76.4,41.6,1
round2,76.4,41.7,2
round2,76.4,41.8,1
round2,76.4,41.9,1
round2,76.4,42,2
round2,76.4,42.1,1
round2,76.4,42.2,4
round2,76.4,42.3,2
round2,76.4,42.4,2
round2,76.4,42.5,1
round2,76.4,42.7,1
round2,76.4,42.8,3
round2,76.4,42.9,1
round2,76.4,43,2
round2,76.4,43.1,1
round2,76.4,43.2,3
round2,76.4,43.3,1
round2,76.4,43.5,1
round2,76.4,43.6,1
round2,76.4,43.9,1
round2,76.4,44,5
round2,76.4,44.2,1
round2,76.4,44.4,1
round2,76.4,44.5,2
round2,76.4,44.7,2
round2,76.4,44.8,1
round2,76.4,45,1
round2,76.4,45.1,3
round2,76.4,45.3,2
round2,76.4,45.6,1
round2,76.4,45.7,2
round2,76.4,45.8,1
round2,76.4,45.9,2
round2,76.4,46.1,2
round2,76.4,46.2,2
round2,76.4,46.4,1
round2,76.4,46.6,2
round2,76.4,46.8,2
round2,76.4,47,2
round2,76.4,47.1,2
round2,76.4,47.2,2
round2,76.4,47.3,2
round2,76.4,47.4,4
round2,76.4,47.5,1
round2,76.4,47.6,2
round2,76.4,47.7,1
round2,76.4,47.9,1
round2,76.4,48.2,1
round2,76.4,48.4,2
round2,76.4,48.7,2
round2,76.4,48.8,3
round2,76.4,48.9,1
round2,76.4,49,1
round2,76.4,49.1,3
round2,76.4,49.2,1
round2,76.4,49.4,1
round2,76.4,49.5,1
round2,76.4,49.6,1
round2,76.4,49.7,1
round2,76.4,49.8,1
round2,76.4,50,1
round2,76.4,50.1,1
round2,76.4,50.2,2
round2,76.4,50.3,4
round2,76.4,50.4,2
round2,76.4,50.5,2
round2,76.4,50.6,1
round2,76.4,50.7,1
round2,76.4,51,4
round2,76.4,51.2,1
round2,76.4,51.4,1
round2,76.4,51.5,1
round2,76.4,51.7,2
round2,76.4,51.8,1
round2,76.4,52,2
round2,76.4,52.4,2
round2,76.4,52.5,3
round2,76.4,52.6,1
round2,76.4,52.7,1
round2,76.4,52.8,2
round2,76.4,52.9,1
round2,76.4,53,1
round2,76.4,53.1,2
round2,76.4,53.2,5
round2,76.4,53.3,2
round2,76.4,53.4,1
round2,76.4,53.6,2
round2,76.4,53.7,1
round2,76.4,53.8,1
round2,76.4,53.9,1
round2,76.4,54,1
round2,76.4,54.1,1
round2,76.4,54.2,1
round2,76.4,54.3,2
round2,76.4,54.4,3
round2,76.4,54.5,1
round2,76.4,54.7,1
round2,76.4,55,2
round2,76.4,55.3,2
round2,76.4,55.4,2
round2,76.4,55.7,3
round2,76.4,55.8,1
round2,76.4,56,1
round2,76.4,56.1,1
round2,76.4,56.2,1
round2,76.4,56.4,2
round2,76.4,56.5,5
round2,76.4,56.6,1
round2,76.4,56.7,2
round2,76.4,56.8,2
round2,76.4,56.9,1
round2,76.4,57,2
round2,76.4,57.2,2
round2,76.4,57.3,1
round2,76.4,57.4,2
round2,76.4,57.7,2
round2,76.4,57.8,1
round2,76.4,57.9,2
round2,76.4,58,1
round2,76.4,58.1,2
round2,76.4,58.2,2
round2,76.4,58.3,3
round2,76.4,58.4,2
round2,76.4,58.5,1
round2,76.4,58.6,1
round2,76.4,58.8,1
round2,76.4,58.9,1
round2,76.4,59,2
round2,76.4,59.1,2
round2,76.4,59.3,2
round2,76.4,59.4,3
round2,76.4,59.5,1
round2,76.4,59.6,2
round2,76.4,59.8,2
round2,76.4,59.9,1
round2,76.4,60,1
round2,76.4,60.1,2
round2,76.4,60.2,1
round2,76.4,60.3,3
round2,76.4,60.4,1
round2,76.4,60.5,1
round2,76.4,60.8,2
round2,76.4,61.1,2
round2,76.4,61.2,3
round2,76.4,61.3,2
round2,76.4,61.4,1
round2,76.4,61.5,1
round2,76.4,61.7,2
round2,76.4,61.9,3
round2,76.4,62,2
round2,76.4,62.1,1
round2,76.4,62.3,2
round2,76.4,62.5,2
round2,76.4,62.6,1
round2,76.4,62.7,3
round2,76.4,63.1,3
round2,76.4,63.2,2
round2,76.4,63.3,1
round2,76.4,63.4,3
round2,76.4,63.5,2
round2,76.4,63.6,1
round2,76.4,63.7,3
round2,76.4,64.2,3
round2,76.4,64.3,2
round2,76.4,64.4,2
round2,76.4,64.5,3
round2,76.4,64.6,3
round2,76.4,64.7,2
round2,76.4,64.8,2
round2,76.4,64.9,1
round2,76.4,65,1
round2,76.4,65.1,2
round2,76.4,65.2,3
round2,76.4,65.3,2
round2,76.4,65.4,1
round2,76.4,65.5,2
round2,76.4,65.7,3
round2,76.4,65.8,1
round2,76.4,65.9,3
round2,76.4,66,3
round2,76.4,66.2,2
round2,76.4,66.3,1
round2,76.4,66.4,1
round2,76.4,66.8,2
round2,76.4,66.9,3
round2,76.4,67.1,1
round2,76.4,67.2,1
round2,76.4,67.8,2
round2,76.4,67.9,2
round2,76.4,68,2
round2,76.4,68.2,2
round2,76.4,68.5,2
round2,76.4,68.6,1
round2,76.4,68.7,1
round2,76.4,68.8,3
round2,76.4,68.9,2
round2,76.4,69,1
round2,76.4,69.1,2
round2,76.4,69.2,2
round2,76.4,69.3,1
round2,76.4,69.7,2
round2,76.4,69.8,1
round2,76.4,69.9,2
round2,76.4,70,3
round2,76.4,70.1,3
round2,76.4,70.3,1
round2,76.4,70.6,1
round2,76.4,70.7,1
round2,76.4,71,2
round2,76.4,71.1,1
round2,76.4,71.2,3
round2,76.4,71.3,2
round2,76.4,71.4,2
round2,76.4,71.5,1
round2,76.4,71.7,4
round2,76.4,71.8,1
round2,76.4,72,2
round2,76.4,72.2,3
round2,76.4,72.3,2
round2,76.4,72.4,4
round2,76.4,72.5,2
round2,76.4,72.7,1
round2,76.4,72.8,1
round2,76.4,73.1,1
round2,76.4,73.2,3
round2,76.4,73.3,3
round2,76.4,73.6,2
round2,76.4,73.7,3
round2,76.4,73.8,2
round2,76.4,74,1
round2,76.4,74.2,1
round2,76.4,74.4,2
round2,76.4,74.5,2
round2,76.4,74.6,1
round2,76.4,74.7,3
round2,76.4,74.9,2
round2,76.4,75,2
round2,76.4,75.3,2
round2,76.4,75.4,1
round2,76.4,75.5,1
round2,76.4,75.6,3
round2,76.4,75.7,2
round2,76.4,75.8,1
round2,76.4,75.9,2
round2,76.4,76.2,2
round2,76.4,76.3,2
round2,76.4,76.4,1
round2,76.4,76.5,1
round2,76.4,76.6,1
round2,76.4,76.7,4
round2,76.4,76.8,1
round2,76.4,76.9,1
round2,76.4,77,1
round2,76.4,77.1,2
round2,76.4,77.2,1
round2,76.4,77.4,1
round2,76.4,77.6,1
round2,76.4,77.7,3
round2,76.4,77.8,1
round2,76.4,77.9,1
round2,76.4,78,3
round2,76.4,78.2,2
round2,76.4,78.3,3
round2,76.4,78.4,1
round2,76.4,78.6,1
round2,76.4,78.7,3
round2,76.4,78.8,2
round2,76.4,78.9,1
round2,76.4,79,3
round2,76.4,79.1,1
round2,76.4,79.2,2
round2,76.4,79.3,4
round2,76.4,79.4,2
round2,76.4,79.5,2
round2,76.4,79.6,1
round2,76.4,80,1
round2,76.4,80.2,2
round2,76.4,80.4,1
round2,76.4,80.5,3
round2,76.4,80.7,1
round2,76.4,80.8,3
round2,76.4,80.9,1
round2,76.4,81.1,1
round2,76.4,81.2,1
round2,76.4,81.3,3
round2,76.4,81.4,1
round2,76.4,81.5,1
round2,76.4,81.6,1
round2,76.4,81.7,1
round2,76.4,81.8,2
round2,76.4,81.9,1
round2,76.4,82.1,2
round2,76.4,82.2,2
round2,76.4,82.3,1
round2,76.4,82.5,3
round2,76.4,82.8,1
round2,76.4,82.9,3
round2,76.4,83,1
round2,76.4,83.1,1
round2,76.4,83.2,1
round2,76.4,83.4,1
round2,76.4,83.6,2
round2,76.4,83.7,2
round2,76.4,83.8,1
round2,76.4,83.9,1
round2,76.4,84,1
round2,76.4,84.1,1
round2,76.4,84.2,1
round2,76.4,84.3,1
round2,76.4,84.4,1
round2,76.4,84.5,2
round2,76.4,84.6,1
round2,76.4,84.7,1
round2,76.4,85,2
round2,76.4,85.1,1
round2,76.4,85.2,3
round2,76.4,85.3,1
round2,76.4,85.4,1
round2,76.4,85.5,1
round2,76.4,85.6,1
round2,76.4,85.8,1
round2,76.4,85.9,1
round2,76.4,86,1
round2,76.4,86.2,1
round2,76.4,86.3,2
round2,76.4,86.5,2
round2,76.4,86.7,1
round2,76.4,86.8,2
round2,76.4,86.9,2
round2,76.4,87,2
round2,76.4,87.1,1
round2,76.4,87.3,3
round2,76.4,87.5,2
round2,76.4,87.6,1
round2,76.4,87.7,1
round2,76.4,87.8,3
round2,76.4,88,3
round2,76.4,88.1,4
round2,76.4,88.2,3
round2,76.4,88.3,1
round2,76.4,88.4,3
round2,76.4,88.5,2
round2,76.4,88.6,3
round2,76.4,88.7,1
round2,76.4,88.9,1
round2,76.4,89,1
round2,76.4,89.1,1
round2,76.4,89.2,2
round2,76.4,89.3,1
round2,76.4,89.4,1
round2,76.4,89.5,1
round2,76.4,89.7,2
round2,76.4,89.9,2
round2,76.4,90.1,1
round2,76.4,90.3,2
round2,76.4,90.4,2
round2,76.4,90.5,2
round2,76.4,90.7,2
round2,76.4,90.8,2
round2,76.4,90.9,3
round2,76.4,91,2
round2,76.4,91.1,2
round2,76.4,91.2,1
round2,76.4,91.3,1
round2,76.4,91.4,4
round2,76.4,91.5,3
round2,76.4,91.7,1
round2,76.4,91.9,2
round2,76.4,92,2
round2,76.4,92.1,1
round2,76.4,92.2,2
round2,76.4,92.3,2
round2,76.4,92.5,1
round2,76.4,92.6,2
round2,76.4,92.7,2
round2,76.4,92.9,2
round2,76.4,93,4
round2,76.4,93.1,1
round2,76.4,93.2,1
round2,76.4,93.3,2
round2,76.4,93.5,2
round2,76.4,93.6,3
round2,76.4,93.7,2
round2,76.4,93.8,4
round2,76.4,93.9,2
round2,76.4,94,1
round2,76.4,94.1,3
round2,76.4,94.2,2
round2,76.4,94.3,5
round2,76.4,94.4,2
round2,76.4,94.6,1
round2,76.4,94.7,3
round2,76.4,94.8,2
round2,76.4,95,1
round2,76.4,95.1,1
round2,76.4,95.2,2
round2,76.4,95.3,2
round2,76.4,95.4,6
round2,76.4,95.5,5
round2,76.4,95.6,3
round2,76.4,95.7,3
round2,76.4,95.8,4
round2,76.4,95.9,1
round2,76.4,96,4
round2,76.4,96.1,2
round2,76.4,96.3,5
round2,76.4,96.4,3
round2,76.4,96.5,1
round2,76.4,96.6,2
round2,76.4,96.7,3
round2,76.4,96.8,2
round2,76.4,96.9,2
round2,76.4,97,1
round2,76.4,97.1,2
round2,76.4,97.2,3
round2,76.4,97.3,4
round2,76.4,97.4,1
round2,76.4,97.5,1
round2,76.4,97.6,1
round2,76.4,97.7,1
round2,76.4,97.8,3
round2,76.4,98,3
round2,76.4,98.1,4
round2,76.4,98.2,2
round2,76.4,98.3,2
round2,76.4,98.4,2
round2,76.4,98.5,1
round2,76.4,98.6,3
round2,76.4,98.7,2
round2,76.4,98.8,1
round2,76.4,98.9,2
round2,76.4,99,6
round2,76.4,99.1,1
round2,76.4,99.2,2
round2,76.4,99.3,1
round2,76.4,99.4,1
round2,76.4,99.5,3
round2,76.4,99.6,1
round2,76.4,99.7,2
round2,76.4,99.8,3
round2,80.7,0.2,1
round2,80.7,0.3,1
round2,80.7,0.4,1
round2,80.7,0.5,2
round2,80.7,0.8,1
round2,80.7,0.9,1
round2,80.7,1,1
round2,80.7,1.1,3
round2,80.7,1.3,2
round2,80.7,1.4,2
round2,80.7,1.5,1
round2,80.7,1.8,1
round2,80.7,2,1
round2,80.7,2.1,1
round2,80.7,2.2,1
round2,80.7,2.5,1
round2,80.7,2.6,2
round2,80.7,2.7,2
round2,80.7,3,1
round2,80.7,3.1,1
round2,80.7,3.3,1
round2,80.7,3.4,1
round2,80.7,3.6,2
round2,80.7,3.7,1
round2,80.7,3.9,1
round2,80.7,4,3
round2,80.7,4.5,1
round2,80.7,4.7,1
round2,80.7,5.2,1
round2,80.7,5.3,1
round2,80.7,5.4,1
round2,80.7,5.5,2
round2,80.7,5.6,3
round2,80.7,5.9,1
round2,80.7,6.2,1
round2,80.7,6.6,1
round2,80.7,6.7,2
round2,80.7,7,1
round2,80.7,7.1,1
round2,80.7,7.2,1
round2,80.7,7.4,2
round2,80.7,7.5,1
round2,80.7,7.8,1
round2,80.7,8.2,1
round2,80.7,8.4,1
round2,80.7,8.7,1
round2,80.7,9.3,2
round2,80.7,9.5,1
round2,80.7,9.9,1
round2,80.7,10,2
round2,80.7,10.1,1
round2,80.7,10.3,1
round2,80.7,10.5,1
round2,80.7,10.6,1
round2,80.7,10.7,1
round2,80.7,10.8,2
round2,80.7,11.4,1
round2,80.7,11.8,2
round2,80.7,12.2,2
round2,80.7,12.5,1
round2,80.7,12.6,1
round2,80.7,12.8,1
round2,80.7,13,1
round2,80.7,13.2,1
round2,80.7,13.3,1
round2,80.7,13.4,1
round2,80.7,13.6,1
round2,80.7,13.8,2
round2,80.7,14.2,1
round2,80.7,14.3,1
round2,80.7,14.6,1
round2,80.7,14.7,3
round2,80.7,14.9,1
round2,80.7,15.2,1
round2,80.7,15.3,1
round2,80.7,15.6,1
round2,80.7,16.1,1
round2,80.7,16.7,1
round2,80.7,17,1
round2,80.7,17.1,1
round2,80.7,17.2,1
round2,80.7,17.3,1
round2,80.7,17.5,1
round2,80.7,17.6,2
round2,80.7,18,1
round2,80.7,18.1,1
round2,80.7,18.3,2
round2,80.7,18.5,1
round2,80.7,18.6,1
round2,80.7,19.1,1
round2,80.7,19.3,2
round2,80.7,19.4,2
round2,80.7,19.6,2
round2,80.7,19.8,1
round2,80.7,19.9,2
round2,80.7,20,1
round2,80.7,20.3,1
round2,80.7,20.5,1
round2,80.7,21,1
round2,80.7,21.1,1
round2,80.7,21.4,1
round2,80.7,21.7,1
round2,80.7,21.9,2
round2,80.7,22,1
round2,80.7,22.1,1
round2,80.7,22.2,1
round2,80.7,22.3,1
round2,80.7,22.5,1
round2,80.7,22.8,1
round2,80.7,22.9,2
round2,80.7,23.5,1
round2,80.7,23.7,1
round2,80.7,23.9,1
round2,80.7,24,1
round2,80.7,24.2,1
round2,80.7,24.7,1
round2,80.7,24.8,1
round2,80.7,25,3
round2,80.7,25.2,1
round2,80.7,25.3,1
round2,80.7,25.8,1
round2,80.7,26,1
round2,80.7,26.2,1
round2,80.7,26.4,2
round2,80.7,26.8,1
round2,80.7,27.1,1
round2,80.7,27.6,1
round2,80.7,27.9,1
round2,80.7,28.1,1
round2,80.7,28.3,1
round2,80.7,28.5,1
round2,80.7,28.7,1
round2,80.7,29.8,1
round2,80.7,29.9,1
round2,80.7,30,1
round2,80.7,30.1,1
round2,80.7,30.3,2
round2,80.7,30.4,1
round2,80.7,30.5,1
round2,80.7,30.7,2
round2,80.7,30.8,1
round2,80.7,31.2,1
round2,80.7,31.5,3
round2,80.7,32.1,1
round2,80.7,32.4,1
round2,80.7,32.5,1
round2,80.7,32.6,1
round2,80.7,33,1
round2,80.7,33.4,1
round2,80.7,33.5,1
round2,80.7,33.7,1
round2,80.7,33.9,1
round2,80.7,34,1
round2,80.7,34.1,1
round2,80.7,34.5,2
round2,80.7,34.7,1
round2,80.7,34.8,1
round2,80.7,35,1
round2,80.7,35.5,2
round2,80.7,35.7,1
round2,80.7,35.8,1
round2,80.7,36.2,1
round2,80.7,36.3,1
round2,80.7,36.5,1
round2,80.7,36.6,1
round2,80.7,36.7,2
round2,80.7,37.1,1
round2,80.7,37.2,1
round2,80.7,37.4,1
round2,80.7,37.5,1
round2,80.7,37.8,1
round2,80.7,38.1,2
round2,80.7,38.3,1
round2,80.7,38.4,1
round2,80.7,38.5,1
round2,80.7,39.1,1
round2,80.7,39.2,3
round2,80.7,39.3,1
round2,80.7,39.4,1
round2,80.7,39.5,1
round2,80.7,39.6,2
round2,80.7,39.8,2
round2,80.7,39.9,1
round2,80.7,40,1
round2,80.7,40.3,1
round2,80.7,40.5,2
round2,80.7,40.9,1
round2,80.7,41.1,1
round2,80.7,41.2,1
round2,80.7,41.3,1
round2,80.7,41.5,1
round2,80.7,41.6,2
round2,80.7,41.7,1
round2,80.7,41.8,1
round2,80.7,42.1,2
round2,80.7,42.3,2
round2,80.7,43,1
round2,80.7,43.2,1
round2,80.7,43.3,1
round2,80.7,43.9,1
round2,80.7,44.1,1
round2,80.7,44.2,1
round2,80.7,44.3,1
round2,80.7,44.5,1
round2,80.7,44.9,1
round2,80.7,45,1
round2,80.7,45.3,1
round2,80.7,45.6,1
round2,80.7,45.7,2
round2,80.7,46,2
round2,80.7,46.1,1
round2,80.7,46.5,1
round2,80.7,46.6,2
round2,80.7,47.1,1
round2,80.7,47.3,1
round2,80.7,47.4,2
round2,80.7,47.6,2
round2,80.7,47.9,1
round2,80.7,48.1,2
round2,80.7,48.5,1
round2,80.7,48.7,1
round2,80.7,48.8,1
round2,80.7,49,1
round2,80.7,49.4,1
round2,80.7,49.6,1
round2,80.7,49.9,1
round2,80.7,50,1
round2,80.7,50.3,1
round2,80.7,51.6,1
round2,80.7,51.8,1
round2,80.7,52.2,1
round2,80.7,52.3,1
round2,80.7,52.6,1
round2,80.7,52.7,1
round2,80.7,52.9,2
round2,80.7,53.1,3
round2,80.7,53.5,1
round2,80.7,53.8,1
round2,80.7,54,2
round2,80.7,54.1,1
round2,80.7,54.6,1
round2,80.7,54.7,1
round2,80.7,54.8,1
round2,80.7,54.9,1
round2,80.7,55.2,1
round2,80.7,55.3,1
round2,80.7,55.8,3
round2,80.7,56.1,2
round2,80.7,56.5,1
round2,80.7,56.6,1
round2,80.7,56.8,1
round2,80.7,56.9,1
round2,80.7,57,2
round2,80.7,57.1,1
round2,80.7,57.3,3
round2,80.7,57.8,1
round2,80.7,57.9,1
round2,80.7,58,2
round2,80.7,58.2,1
round2,80.7,58.7,3
round2,80.7,58.8,2
round2,80.7,58.9,1
round2,80.7,59.2,1
round2,80.7,59.4,2
round2,80.7,59.6,1
round2,80.7,59.8,1
round2,80.7,60.2,1
round2,80.7,60.4,1
round2,80.7,60.5,2
round2,80.7,60.7,1
round2,80.7,61.3,2
round2,80.7,61.4,1
round2,80.7,61.5,1
round2,80.7,62.4,1
round2,80.7,62.8,2
round2,80.7,63,1
round2,80.7,63.1,1
round2,80.7,63.5,1
round2,80.7,63.6,2
round2,80.7,63.9,1
round2,80.7,64.2,1
round2,80.7,64.3,1
round2,80.7,64.4,1
round2,80.7,64.5,1
round2,80.7,64.9,1
round2,80.7,65,1
round2,80.7,65.1,2
round2,80.7,65.3,1
round2,80.7,65.4,1
round2,80.7,65.6,1
round2,80.7,65.8,2
round2,80.7,66,1
round2,80.7,66.5,1
round2,80.7,66.6,1
round2,80.7,66.8,1
round2,80.7,66.9,1
round2,80.7,67,1
round2,80.7,67.2,2
round2,80.7,67.3,1
round2,80.7,67.5,1
round2,80.7,67.7,3
round2,80.7,67.8,2
round2,80.7,68,1
round2,80.7,68.2,2
round2,80.7,68.3,2
round2,80.7,68.4,1
round2,80.7,68.5,1
round2,80.7,68.9,2
round2,80.7,69,1
round2,80.7,69.2,2
round2,80.7,69.6,1
round2,80.7,69.9,1
round2,80.7,70.3,1
round2,80.7,70.4,2
round2,80.7,70.5,1
round2,80.7,70.6,4
round2,80.7,70.7,1
round2,80.7,71,1
round2,80.7,71.2,1
round2,80.7,71.3,1
round2,80.7,71.5,2
round2,80.7,71.6,1
round2,80.7,71.7,1
round2,80.7,71.9,1
round2,80.7,72,1
round2,80.7,72.5,2
round2,80.7,72.6,1
round2,80.7,72.7,4
round2,80.7,72.9,2
round2,80.7,73,2
round2,80.7,73.2,2
round2,80.7,73.4,3
round2,80.7,73.6,3
round2,80.7,73.7,1
round2,80.7,73.9,1
round2,80.7,74,3
round2,80.7,74.1,1
round2,80.7,74.2,2
round2,80.7,74.3,1
round2,80.7,74.4,1
round2,80.7,74.5,1
round2,80.7,74.7,2
round2,80.7,74.8,1
round2,80.7,74.9,2
round2,80.7,75.1,1
round2,80.7,75.2,1
round2,80.7,75.3,1
round2,80.7,75.5,3
round2,80.7,75.6,3
round2,80.7,75.8,2
round2,80.7,75.9,2
round2,80.7,76,1
round2,80.7,76.1,1
round2,80.7,76.3,1
round2,80.7,76.4,1
round2,80.7,76.5,1
round2,80.7,76.7,1
round2,80.7,76.9,4
round2,80.7,77,1
round2,80.7,77.1,1
round2,80.7,77.2,1
round2,80.7,77.4,1
round2,80.7,77.5,2
round2,80.7,77.7,2
round2,80.7,77.8,1
round2,80.7,77.9,1
round2,80.7,78,1
round2,80.7,78.1,1
round2,80.7,78.2,1
round2,80.7,78.3,1
round2,80.7,78.5,1
round2,80.7,78.7,1
round2,80.7,78.8,2
round2,80.7,78.9,1
round2,80.7,79.2,3
round2,80.7,79.3,3
round2,80.7,79.4,1
round2,80.7,79.7,1
round2,80.7,79.9,1
round2,80.7,80,2
round2,80.7,80.1,1
round2,80.7,80.2,1
round2,80.7,80.4,2
round2,80.7,80.5,4
round2,80.7,80.6,1
round2,80.7,80.7,1
round2,80.7,80.9,1
round2,80.7,81.1,1
round2,80.7,81.2,2
round2,80.7,81.3,1
round2,80.7,81.9,1
round2,80.7,82,2
round2,80.7,82.1,1
round2,80.7,82.2,1
round2,80.7,82.4,1
round2,80.7,82.5,2
round2,80.7,82.6,1
round2,80.7,82.8,1
round2,80.7,82.9,1
round2,80.7,83,1
round2,80.7,83.1,1
round2,80.7,83.3,1
round2,80.7,83.4,1
round2,80.7,83.5,1
round2,80.7,83.6,1
round2,80.7,83.7,2
round2,80.7,83.9,1
round2,80.7,84,1
round2,80.7,84.1,2
round2,80.7,84.2,2
round2,80.7,84.3,1
round2,80.7,84.5,1
round2,80.7,84.9,1
round2,80.7,85,1
round2,80.7,85.2,1
round2,80.7,85.3,1
round2,80.7,85.6,1
round2,80.7,85.7,1
round2,80.7,86,1
round2,80.7,86.2,1
round2,80.7,86.3,1
round2,80.7,86.4,2
round2,80.7,86.5,1
round2,80.7,86.7,2
round2,80.7,86.8,1
round2,80.7,86.9,1
round2,80.7,87,1
round2,80.7,87.1,2
round2,80.7,87.2,1
round2,80.7,87.4,1
round2,80.7,87.5,2
round2,80.7,87.6,1
round2,80.7,87.8,1
round2,80.7,87.9,1
round2,80.7,88,1
round2,80.7,88.1,1
round2,80.7,88.2,1
round2,80.7,88.4,2
round2,80.7,88.7,1
round2,80.7,88.8,2
round2,80.7,88.9,3
round2,80.7,89.4,2
round2,80.7,89.5,1
round2,80.7,89.7,1
round2,80.7,89.8,2
round2,80.7,90,1
round2,80.7,90.1,2
round2,80.7,90.2,1
round2,80.7,90.3,1
round2,80.7,90.7,3
round2,80.7,90.9,1
round2,80.7,91,2
round2,80.7,91.1,1
round2,80.7,91.2,1
round2,80.7,91.3,1
round2,80.7,91.4,1
round2,80.7,91.5,1
round2,80.7,91.6,4
round2,80.7,91.7,2
round2,80.7,91.8,3
round2,80.7,91.9,1
round2,80.7,92.1,2
round2,80.7,92.2,1
round2,80.7,92.6,1
round2,80.7,92.8,1
round2,80.7,93,1
round2,80.7,93.1,2
round2,80.7,93.2,1
round2,80.7,93.3,1
round2,80.7,93.5,1
round2,80.7,93.6,1
round2,80.7,93.7,1
round2,80.7,93.8,2
round2,80.7,93.9,1
round2,80.7,94,1
round2,80.7,94.2,1
round2,80.7,94.4,1
round2,80.7,94.7,2
round2,80.7,94.8,1
round2,80.7,95,1
round2,80.7,95.1,1
round2,80.7,95.2,2
round2,80.7,95.3,1
round2,80.7,95.5,1
round2,80.7,96.1,1
round2,80.7,96.2,1
round2,80.7,96.4,2
round2,80.7,96.5,2
round2,80.7,96.6,1
round2,80.7,96.8,1
round2,80.7,96.9,1
round2,80.7,97,2
round2,80.7,97.1,1
round2,80.7,97.2,2
round2,80.7,97.3,1
round2,80.7,97.5,1
round2,80.7,97.7,2
round2,80.7,98,1
round2,80.7,98.1,4
round2,80.7,98.2,1
round2,80.7,98.4,2
round2,80.7,98.5,1
round2,80.7,98.7,2
round2,80.7,98.8,4
round2,80.7,98.9,1
round2,80.7,99,2
round2,80.7,99.2,3
round2,80.7,99.3,2
round2,80.7,99.4,1
round2,80.7,99.6,2
round2,80.7,99.8,3
round2,80.7,100,2
round2,91.1,0,5
round2,91.1,0.1,9
round2,91.1,0.2,5
round2,91.1,0.3,7
round2,91.1,0.4,5
round2,91.1,0.5,4
round2,91.1,0.6,7
round2,91.1,0.7,2
round2,91.1,0.9,3
round2,91.1,1,2
round2,91.1,1.1,5
round2,91.1,1.2,8
round2,91.1,1.3,3
round2,91.1,1.4,7
round2,91.1,1.5,4
round2,91.1,1.6,3
round2,91.1,1.7,5
round2,91.1,1.8,3
round2,91.1,1.9,4
round2,91.1,2,2
round2,91.1,2.1,7
round2,91.1,2.2,2
round2,91.1,2.3,6
round2,91.1,2.4,5
round2,91.1,2.5,2
round2,91.1,2.6,2
round2,91.1,2.7,2
round2,91.1,2.8,4
round2,91.1,2.9,4
round2,91.1,3,5
round2,91.1,3.1,4
round2,91.1,3.2,3
round2,91.1,3.3,1
round2,91.1,3.4,2
round2,91.1,3.5,3
round2,91.1,3.6,4
round2,91.1,3.7,6
round2,91.1,3.8,3
round2,91.1,3.9,3
round2,91.1,4,3
round2,91.1,4.1,2
round2,91.1,4.2,4
round2,91.1,4.3,3
round2,91.1,4.4,5
round2,91.1,4.5,4
round2,91.1,4.6,5
round2,91.1,4.7,3
round2,91.1,4.8,4
round2,91.1,4.9,6
round2,91.1,5,3
round2,91.1,5.1,4
round2,91.1,5.2,4
round2,91.1,5.3,5
round2,91.1,5.4,1
round2,91.1,5.5,2
round2,91.1,5.6,3
round2,91.1,5.7,4
round2,91.1,5.8,3
round2,91.1,5.9,2
round2,91.1,6,2
round2,91.1,6.1,2
round2,91.1,6.2,3
round2,91.1,6.3,1
round2,91.1,6.4,1
round2,91.1,6.5,4
round2,91.1,6.6,4
round2,91.1,6.7,3
round2,91.1,6.8,1
round2,91.1,6.9,8
round2,91.1,7,4
round2,91.1,7.1,4
round2,91.1,7.2,4
round2,91.1,7.3,5
round2,91.1,7.4,2
round2,91.1,7.5,2
round2,91.1,7.6,5
round2,91.1,7.7,2
round2,91.1,7.8,4
round2,91.1,7.9,5
round2,91.1,8,2
round2,91.1,8.1,1
round2,91.1,8.2,5
round2,91.1,8.3,2
round2,91.1,8.4,2
round2,91.1,8.5,4
round2,91.1,8.6,5
round2,91.1,8.7,2
round2,91.1,8.8,2
round2,91.1,8.9,2
round2,91.1,9,5
round2,91.1,9.1,4
round2,91.1,9.2,3
round2,91.1,9.3,2
round2,91.1,9.4,5
round2,91.1,9.5,4
round2,91.1,9.6,5
round2,91.1,9.7,2
round2,91.1,9.8,2
round2,91.1,9.9,2
round2,91.1,10,4
round2,91.1,10.1,3
round2,91.1,10.2,5
round2,91.1,10.3,5
round2,91.1,10.4,1
round2,91.1,10.6,6
round2,91.1,10.7,5
round2,91.1,10.8,2
round2,91.1,10.9,3
round2,91.1,11,5
round2,91.1,11.2,3
round2,91.1,11.3,5
round2,91.1,11.4,3
round2,91.1,11.5,2
round2,91.1,11.6,2
round2,91.1,11.7,1
round2,91.1,11.8,3
round2,91.1,11.9,2
round2,91.1,12,4
round2,91.1,12.1,1
round2,91.1,12.2,2
round2,91.1,12.3,5
round2,91.1,12.4,1
round2,91.1,12.5,2
round2,91.1,12.6,1
round2,91.1,12.7,1
round2,91.1,12.8,2
round2,91.1,12.9,1
round2,91.1,13,1
round2,91.1,13.1,3
round2,91.1,13.2,4
round2,91.1,13.3,6
round2,91.1,13.4,2
round2,91.1,13.5,2
round2,91.1,13.6,3
round2,91.1,13.7,3
round2,91.1,13.8,1
round2,91.1,13.9,1
round2,91.1,14.1,3
round2,91.1,14.2,1
round2,91.1,14.3,1
round2,91.1,14.4,3
round2,91.1,14.5,7
round2,91.1,14.6,2
round2,91.1,14.7,4
round2,91.1,14.8,4
round2,91.1,14.9,1
round2,91.1,15,1
round2,91.1,15.1,4
round2,91.1,15.3,2
round2,91.1,15.4,4
round2,91.1,15.5,1
round2,91.1,15.6,1
round2,91.1,15.7,1
round2,91.1,15.8,3
round2,91.1,15.9,2
round2,91.1,16,4
round2,91.1,16.1,2
round2,91.1,16.2,3
round2,91.1,16.3,5
round2,91.1,16.4,2
round2,91.1,16.5,5
round2,91.1,16.6,4
round2,91.1,16.7,1
round2,91.1,16.8,2
round2,91.1,16.9,2
round2,91.1,17,2
round2,91.1,17.1,2
round2,91.1,17.2,2
round2,91.1,17.3,3
round2,91.1,17.4,2
round2,91.1,17.5,7
round2,91.1,17.7,4
round2,91.1,17.8,4
round2,91.1,17.9,2
round2,91.1,18,4
round2,91.1,18.1,5
round2,91.1,18.2,1
round2,91.1,18.3,2
round2,91.1,18.5,1
round2,91.1,18.6,2
round2,91.1,18.7,2
round2,91.1,18.8,4
round2,91.1,18.9,2
round2,91.1,19,6
round2,91.1,19.1,1
round2,91.1,19.2,5
round2,91.1,19.3,1
round2,91.1,19.4,3
round2,91.1,19.6,6
round2,91.1,19.7,3
round2,91.1,19.9,3
round2,91.1,20,1
round2,91.1,20.1,1
round2,91.1,20.2,4
round2,91.1,20.3,2
round2,91.1,20.4,2
round2,91.1,20.5,3
round2,91.1,20.6,2
round2,91.1,20.7,2
round2,91.1,20.8,4
round2,91.1,20.9,2
round2,91.1,21,2
round2,91.1,21.1,4
round2,91.1,21.2,3
round2,91.1,21.3,4
round2,91.1,21.4,2
round2,91.1,21.5,3
round2,91.1,21.7,5
round2,91.1,21.8,3
round2,91.1,21.9,2
round2,91.1,22,3
round2,91.1,22.1,2
round2,91.1,22.2,2
round2,91.1,22.3,4
round2,91.1,22.4,2
round2,91.1,22.5,5
round2,91.1,22.6,5
round2,91.1,22.7,1
round2,91.1,22.8,4
round2,91.1,23,4
round2,91.1,23.1,2
round2,91.1,23.2,6
round2,91.1,23.3,1
round2,91.1,23.4,2
round2,91.1,23.5,2
round2,91.1,23.6,2
round2,91.1,23.8,2
round2,91.1,23.9,4
round2,91.1,24,3
round2,91.1,24.2,4
round2,91.1,24.3,4
round2,91.1,24.4,3
round2,91.1,24.5,6
round2,91.1,24.6,2
round2,91.1,24.7,5
round2,91.1,24.8,2
round2,91.1,24.9,2
round2,91.1,25,3
round2,91.1,25.2,1
round2,91.1,25.3,1
round2,91.1,25.4,2
round2,91.1,25.5,6
round2,91.1,25.6,2
round2,91.1,25.7,3
round2,91.1,25.8,3
round2,91.1,25.9,4
round2,91.1,26,2
round2,91.1,26.1,2
round2,91.1,26.2,4
round2,91.1,26.3,2
round2,91.1,26.4,1
round2,91.1,26.5,3
round2,91.1,26.6,2
round2,91.1,26.7,3
round2,91.1,26.8,3
round2,91.1,26.9,3
round2,91.1,27,3
round2,91.1,27.1,2
round2,91.1,27.2,3
round2,91.1,27.3,6
round2,91.1,27.4,1
round2,91.1,27.5,1
round2,91.1,27.6,5
round2,91.1,27.7,5
round2,91.1,27.9,6
round2,91.1,28,2
round2,91.1,28.1,3
round2,91.1,28.2,2
round2,91.1,28.3,4
round2,91.1,28.4,3
round2,91.1,28.5,2
round2,91.1,28.6,4
round2,91.1,28.7,3
round2,91.1,28.8,3
round2,91.1,28.9,2
round2,91.1,29,5
round2,91.1,29.1,8
round2,91.1,29.2,5
round2,91.1,29.3,5
round2,91.1,29.5,3
round2,91.1,29.6,3
round2,91.1,29.7,3
round2,91.1,29.8,2
round2,91.1,29.9,3
round2,91.1,30,2
round2,91.1,30.1,3
round2,91.1,30.2,3
round2,91.1,30.3,1
round2,91.1,30.4,1
round2,91.1,30.5,1
round2,91.1,30.6,5
round2,91.1,30.7,2
round2,91.1,30.8,2
round2,91.1,30.9,4
round2,91.1,31,4
round2,91.1,31.1,6
round2,91.1,31.2,1
round2,91.1,31.3,6
round2,91.1,31.4,4
round2,91.1,31.5,1
round2,91.1,31.6,5
round2,91.1,31.7,4
round2,91.1,31.8,2
round2,91.1,31.9,5
round2,91.1,32,3
round2,91.1,32.2,1
round2,91.1,32.3,3
round2,91.1,32.4,4
round2,91.1,32.5,4
round2,91.1,32.6,1
round2,91.1,32.7,2
round2,91.1,32.8,4
round2,91.1,32.9,2
round2,91.1,33,1
round2,91.1,33.1,5
round2,91.1,33.2,1
round2,91.1,33.3,2
round2,91.1,33.4,1
round2,91.1,33.5,2
round2,91.1,33.6,2
round2,91.1,33.7,2
round2,91.1,33.8,4
round2,91.1,34,5
round2,91.1,34.1,4
round2,91.1,34.2,3
round2,91.1,34.3,2
round2,91.1,34.4,3
round2,91.1,34.5,7
round2,91.1,34.6,3
round2,91.1,34.7,4
round2,91.1,34.8,3
round2,91.1,35,1
round2,91.1,35.1,2
round2,91.1,35.2,4
round2,91.1,35.3,4
round2,91.1,35.4,2
round2,91.1,35.5,2
round2,91.1,35.6,2
round2,91.1,35.7,3
round2,91.1,35.8,5
round2,91.1,35.9,1
round2,91.1,36,1
round2,91.1,36.1,2
round2,91.1,36.2,3
round2,91.1,36.3,3
round2,91.1,36.4,7
round2,91.1,36.5,4
round2,91.1,36.6,4
round2,91.1,36.7,3
round2,91.1,36.8,3
round2,91.1,36.9,5
round2,91.1,37,5
round2,91.1,37.1,3
round2,91.1,37.2,2
round2,91.1,37.3,4
round2,91.1,37.4,4
round2,91.1,37.5,9
round2,91.1,37.6,4
round2,91.1,37.7,3
round2,91.1,37.8,2
round2,91.1,37.9,2
round2,91.1,38,2
round2,91.1,38.1,2
round2,91.1,38.2,6
round2,91.1,38.3,2
round2,91.1,38.4,4
round2,91.1,38.5,3
round2,91.1,38.6,1
round2,91.1,38.7,2
round2,91.1,38.8,4
round2,91.1,38.9,6
round2,91.1,39,2
round2,91.1,39.1,6
round2,91.1,39.2,3
round2,91.1,39.3,3
round2,91.1,39.4,1
round2,91.1,39.5,2
round2,91.1,39.6,1
round2,91.1,39.7,1
round2,91.1,39.9,3
round2,91.1,40,4
round2,91.1,40.1,1
round2,91.1,40.2,6
round2,91.1,40.3,2
round2,91.1,40.4,5
round2,91.1,40.5,1
round2,91.1,40.6,6
round2,91.1,40.7,1
round2,91.1,40.8,2
round2,91.1,40.9,6
round2,91.1,41,6
round2,91.1,41.1,1
round2,91.1,41.2,2
round2,91.1,41.3,3
round2,91.1,41.4,3
round2,91.1,41.5,5
round2,91.1,41.6,3
round2,91.1,41.7,4
round2,91.1,41.8,1
round2,91.1,41.9,1
round2,91.1,42,1
round2,91.1,42.1,4
round2,91.1,42.2,3
round2,91.1,42.3,1
round2,91.1,42.4,4
round2,91.1,42.5,2
round2,91.1,42.6,1
round2,91.1,42.7,2
round2,91.1,42.8,3
round2,91.1,42.9,4
round2,91.1,43,3
round2,91.1,43.1,2
round2,91.1,43.2,1
round2,91.1,43.3,2
round2,91.1,43.4,4
round2,91.1,43.5,3
round2,91.1,43.6,3
round2,91.1,43.7,1
round2,91.1,43.8,1
round2,91.1,43.9,1
round2,91.1,44,2
round2,91.1,44.1,3
round2,91.1,44.2,4
round2,91.1,44.3,5
round2,91.1,44.4,3
round2,91.1,44.5,3
round2,91.1,44.6,4
round2,91.1,44.7,4
round2,91.1,44.8,3
round2,91.1,44.9,5
round2,91.1,45,3
round2,91.1,45.1,2
round2,91.1,45.2,6
round2,91.1,45.3,2
round2,91.1,45.4,6
round2,91.1,45.5,5
round2,91.1,45.6,3
round2,91.1,45.7,2
round2,91.1,45.8,3
round2,91.1,45.9,3
round2,91.1,46,3
round2,91.1,46.1,2
round2,91.1,46.2,2
round2,91.1,46.3,4
round2,91.1,46.4,3
round2,91.1,46.5,5
round2,91.1,46.6,1
round2,91.1,46.7,1
round2,91.1,46.8,2
round2,91.1,46.9,8
round2,91.1,47,3
round2,91.1,47.1,1
round2,91.1,47.2,5
round2,91.1,47.3,3
round2,91.1,47.4,1
round2,91.1,47.5,4
round2,91.1,47.6,5
round2,91.1,47.8,3
round2,91.1,47.9,2
round2,91.1,48,2
round2,91.1,48.1,1
round2,91.1,48.2,2
round2,91.1,48.3,4
round2,91.1,48.4,2
round2,91.1,48.5,4
round2,91.1,48.6,3
round2,91.1,48.7,1
round2,91.1,48.8,3
round2,91.1,48.9,1
round2,91.1,49,2
round2,91.1,49.1,1
round2,91.1,49.2,4
round2,91.1,49.3,4
round2,91.1,49.4,3
round2,91.1,49.5,2
round2,91.1,49.6,3
round2,91.1,49.7,3
round2,91.1,49.8,6
round2,91.1,49.9,2
round2,91.1,50,2
round2,91.1,50.1,5
round2,91.1,50.2,5
round2,91.1,50.3,3
round2,91.1,50.4,5
round2,91.1,50.5,3
round2,91.1,50.6,4
round2,91.1,50.7,4
round2,91.1,50.8,4
round2,91.1,50.9,5
round2,91.1,51,2
round2,91.1,51.1,2
round2,91.1,51.2,3
round2,91.1,51.3,4
round2,91.1,51.4,5
round2,91.1,51.5,3
round2,91.1,51.6,3
round2,91.1,51.7,5
round2,91.1,51.8,5
round2,91.1,51.9,5
round2,91.1,52,6
round2,91.1,52.1,3
round2,91.1,52.2,5
round2,91.1,52.3,3
round2,91.1,52.4,2
round2,91.1,52.5,5
round2,91.1,52.6,5
round2,91.1,52.7,4
round2,91.1,52.8,3
round2,91.1,52.9,2
round2,91.1,53,2
round2,91.1,53.1,4
round2,91.1,53.2,6
round2,91.1,53.3,3
round2,91.1,53.4,5
round2,91.1,53.5,4
round2,91.1,53.6,3
round2,91.1,53.7,4
round2,91.1,53.8,5
round2,91.1,53.9,4
round2,91.1,54,4
round2,91.1,54.1,2
round2,91.1,54.2,3
round2,91.1,54.3,4
round2,91.1,54.4,2
round2,91.1,54.5,7
round2,91.1,54.6,3
round2,91.1,54.7,2
round2,91.1,54.8,4
round2,91.1,54.9,2
round2,91.1,55,4
round2,91.1,55.1,6
round2,91.1,55.2,3
round2,91.1,55.3,2
round2,91.1,55.4,4
round2,91.1,55.5,5
round2,91.1,55.6,6
round2,91.1,55.7,7
round2,91.1,55.8,2
round2,91.1,55.9,3
round2,91.1,56,3
round2,91.1,56.1,2
round2,91.1,56.2,4
round2,91.1,56.3,1
round2,91.1,56.4,5
round2,91.1,56.6,5
round2,91.1,56.7,1
round2,91.1,56.8,5
round2,91.1,56.9,6
round2,91.1,57,4
round2,91.1,57.1,4
round2,91.1,57.2,5
round2,91.1,57.3,2
round2,91.1,57.4,3
round2,91.1,57.5,3
round2,91.1,57.6,3
round2,91.1,57.7,4
round2,91.1,57.8,2
round2,91.1,57.9,2
round2,91.1,58,2
round2,91.1,58.1,4
round2,91.1,58.2,1
round2,91.1,58.3,2
round2,91.1,58.4,6
round2,91.1,58.5,5
round2,91.1,58.6,4
round2,91.1,58.7,1
round2,91.1,58.8,2
round2,91.1,58.9,3
round2,91.1,59,5
round2,91.1,59.1,3
round2,91.1,59.2,2
round2,91.1,59.3,2
round2,91.1,59.4,3
round2,91.1,59.5,2
round2,91.1,59.6,5
round2,91.1,59.7,5
round2,91.1,59.8,1
round2,91.1,59.9,2
round2,91.1,60,4
round2,91.1,60.1,5
round2,91.1,60.2,3
round2,91.1,60.3,7
round2,91.1,60.4,5
round2,91.1,60.5,4
round2,91.1,60.6,3
round2,91.1,60.7,7
round2,91.1,60.8,3
round2,91.1,60.9,8
round2,91.1,61,4
round2,91.1,61.2,6
round2,91.1,61.3,1
round2,91.1,61.4,5
round2,91.1,61.5,5
round2,91.1,61.6,3
round2,91.1,61.7,7
round2,91.1,61.8,4
round2,91.1,61.9,3
round2,91.1,62,3
round2,91.1,62.1,4
round2,91.1,62.2,2
round2,91.1,62.3,5
round2,91.1,62.4,3
round2,91.1,62.5,1
round2,91.1,62.6,4
round2,91.1,62.7,1
round2,91.1,62.8,4
round2,91.1,62.9,5
round2,91.1,63,2
round2,91.1,63.1,1
round2,91.1,63.2,3
round2,91.1,63.3,4
round2,91.1,63.4,6
round2,91.1,63.5,2
round2,91.1,63.6,2
round2,91.1,63.7,5
round2,91.1,63.8,1
round2,91.1,63.9,4
round2,91.1,64,2
round2,91.1,64.1,1
round2,91.1,64.2,5
round2,91.1,64.3,2
round2,91.1,64.4,2
round2,91.1,64.5,1
round2,91.1,64.6,5
round2,91.1,64.7,3
round2,91.1,64.8,4
round2,91.1,64.9,1
round2,91.1,65,3
round2,91.1,65.1,6
round2,91.1,65.2,4
round2,91.1,65.3,4
round2,91.1,65.4,7
round2,91.1,65.5,2
round2,91.1,65.6,1
round2,91.1,65.7,4
round2,91.1,65.8,1
round2,91.1,65.9,4
round2,91.1,66,6
round2,91.1,66.1,5
round2,91.1,66.2,3
round2,91.1,66.3,4
round2,91.1,66.4,6
round2,91.1,66.5,4
round2,91.1,66.6,3
round2,91.1,66.7,4
round2,91.1,66.8,3
round2,91.1,66.9,5
round2,91.1,67,4
round2,91.1,67.1,3
round2,91.1,67.2,4
round2,91.1,67.3,5
round2,91.1,67.4,8
round2,91.1,67.5,3
round2,91.1,67.6,3
round2,91.1,67.7,3
round2,91.1,67.8,1
round2,91.1,67.9,1
round2,91.1,68,8
round2,91.1,68.1,5
round2,91.1,68.2,1
round2,91.1,68.3,2
round2,91.1,68.4,3
round2,91.1,68.5,5
round2,91.1,68.6,7
round2,91.1,68.7,2
round2,91.1,68.8,4
round2,91.1,68.9,4
round2,91.1,69,3
round2,91.1,69.1,9
round2,91.1,69.2,5
round2,91.1,69.3,6
round2,91.1,69.4,5
round2,91.1,69.5,2
round2,91.1,69.6,6
round2,91.1,69.7,4
round2,91.1,69.8,6
round2,91.1,69.9,4
round2,91.1,70,4
round2,91.1,70.1,2
round2,91.1,70.2,7
round2,91.1,70.3,4
round2,91.1,70.4,5
round2,91.1,70.5,3
round2,91.1,70.6,6
round2,91.1,70.7,6
round2,91.1,70.8,5
round2,91.1,70.9,2
round2,91.1,71,3
round2,91.1,71.1,6
round2,91.1,71.2,6
round2,91.1,71.3,5
round2,91.1,71.4,8
round2,91.1,71.5,3
round2,91.1,71.6,6
round2,91.1,71.7,4
round2,91.1,71.8,4
round2,91.1,71.9,2
round2,91.1,72,2
round2,91.1,72.1,3
round2,91.1,72.2,5
round2,91.1,72.3,6
round2,91.1,72.4,3
round2,91.1,72.5,5
round2,91.1,72.6,4
round2,91.1,72.7,4
round2,91.1,72.8,5
round2,91.1,72.9,8
round2,91.1,73.1,2
round2,91.1,73.2,5
round2,91.1,73.3,3
round2,91.1,73.4,5
round2,91.1,73.5,3
round2,91.1,73.6,3
round2,91.1,73.7,4
round2,91.1,73.8,4
round2,91.1,73.9,3
round2,91.1,74,3
round2,91.1,74.1,4
round2,91.1,74.2,4
round2,91.1,74.3,3
round2,91.1,74.4,6
round2,91.1,74.5,3
round2,91.1,74.6,4
round2,91.1,74.7,6
round2,91.1,74.8,3
round2,91.1,74.9,3
round2,91.1,75,3
round2,91.1,75.1,3
round2,91.1,75.2,4
round2,91.1,75.3,3
round2,91.1,75.4,5
round2,91.1,75.5,3
round2,91.1,75.6,6
round2,91.1,75.7,4
round2,91.1,75.8,3
round2,91.1,75.9,5
round2,91.1,76,8
round2,91.1,76.1,3
round2,91.1,76.2,3
round2,91.1,76.3,2
round2,91.1,76.4,6
round2,91.1,76.5,4
round2,91.1,76.6,5
round2,91.1,76.7,5
round2,91.1,76.8,4
round2,91.1,76.9,1
round2,91.1,77,4
round2,91.1,77.1,6
round2,91.1,77.2,6
round2,91.1,77.3,3
round2,91.1,77.4,5
round2,91.1,77.5,3
round2,91.1,77.6,8
round2,91.1,77.7,4
round2,91.1,77.8,6
round2,91.1,77.9,5
round2,91.1,78,3
round2,91.1,78.1,6
round2,91.1,78.2,4
round2,91.1,78.3,5
round2,91.1,78.4,4
round2,91.1,78.5,3
round2,91.1,78.6,3
round2,91.1,78.7,3
round2,91.1,78.8,2
round2,91.1,78.9,4
round2,91.1,79,5
round2,91.1,79.1,6
round2,91.1,79.2,6
round2,91.1,79.3,3
round2,91.1,79.4,1
round2,91.1,79.5,7
round2,91.1,79.6,8
round2,91.1,79.7,4
round2,91.1,79.8,5
round2,91.1,79.9,4
round2,91.1,80,4
round2,91.1,80.1,4
round2,91.1,80.2,4
round2,91.1,80.3,5
round2,91.1,80.4,2
round2,91.1,80.5,5
round2,91.1,80.6,5
round2,91.1,80.7,6
round2,91.1,80.8,6
round2,91.1,80.9,7
round2,91.1,81,2
round2,91.1,81.1,4
round2,91.1,81.2,4
round2,91.1,81.3,6
round2,91.1,81.4,7
round2,91.1,81.5,2
round2,91.1,81.6,6
round2,91.1,81.7,4
round2,91.1,81.8,8
round2,91.1,81.9,2
round2,91.1,82,7
round2,91.1,82.1,5
round2,91.1,82.2,4
round2,91.1,82.3,2
round2,91.1,82.4,4
round2,91.1,82.5,2
round2,91.1,82.6,6
round2,91.1,82.7,9
round2,91.1,82.8,1
round2,91.1,82.9,4
round2,91.1,83,5
round2,91.1,83.1,4
round2,91.1,83.2,2
round2,91.1,83.3,5
round2,91.1,83.4,6
round2,91.1,83.5,7
round2,91.1,83.6,5
round2,91.1,83.7,7
round2,91.1,83.8,9
round2,91.1,83.9,6
round2,91.1,84,3
round2,91.1,84.1,6
round2,91.1,84.2,5
round2,91.1,84.3,2
round2,91.1,84.4,10
round2,91.1,84.5,5
round2,91.1,84.6,8
round2,91.1,84.7,7
round2,91.1,84.8,9
round2,91.1,84.9,5
round2,91.1,85,3
round2,91.1,85.1,2
round2,91.1,85.2,5
round2,91.1,85.3,1
round2,91.1,85.4,7
round2,91.1,85.5,8
round2,91.1,85.6,4
round2,91.1,85.7,5
round2,91.1,85.8,9
round2,91.1,85.9,8
round2,91.1,86,8
round2,91.1,86.1,9
round2,91.1,86.2,4
round2,91.1,86.3,7
round2,91.1,86.4,5
round2,91.1,86.5,5
round2,91.1,86.6,7
round2,91.1,86.7,5
round2,91.1,86.8,5
round2,91.1,86.9,4
round2,91.1,87,1
round2,91.1,87.1,6
round2,91.1,87.2,11
round2,91.1,87.3,9
round2,91.1,87.4,9
round2,91.1,87.5,3
round2,91.1,87.6,3
round2,91.1,87.7,6
round2,91.1,87.8,4
round2,91.1,87.9,5
round2,91.1,88,4
round2,91.1,88.1,4
round2,91.1,88.2,4
round2,91.1,88.3,8
round2,91.1,88.4,6
round2,91.1,88.5,8
round2,91.1,88.6,4
round2,91.1,88.7,8
round2,91.1,88.8,13
round2,91.1,88.9,3
round2,91.1,89,12
round2,91.1,89.1,7
round2,91.1,89.2,7
round2,91.1,89.3,9
round2,91.1,89.4,9
round2,91.1,89.5,7
round2,91.1,89.6,6
round2,91.1,89.7,4
round2,91.1,89.8,5
round2,91.1,89.9,5
round2,91.1,90,6
round2,91.1,90.1,5
round2,91.1,90.2,12
round2,91.1,90.3,4
round2,91.1,90.4,8
round2,91.1,90.5,6
round2,91.1,90.6,9
round2,91.1,90.7,5
round2,91.1,90.8,6
round2,91.1,90.9,1
round2,91.1,91,9
round2,91.1,91.1,3
round2,91.1,91.2,4
round2,91.1,91.3,8
round2,91.1,91.4,6
round2,91.1,91.5,2
round2,91.1,91.6,4
round2,91.1,91.7,8
round2,91.1,91.8,3
round2,91.1,91.9,8
round2,91.1,92,4
round2,91.1,92.1,6
round2,91.1,92.2,11
round2,91.1,92.3,9
round2,91.1,92.4,8
round2,91.1,92.5,6
round2,91.1,92.6,10
round2,91.1,92.7,8
round2,91.1,92.8,9
round2,91.1,92.9,4
round2,91.1,93,7
round2,91.1,93.1,9
round2,91.1,93.2,7
round2,91.1,93.3,9
round2,91.1,93.4,11
round2,91.1,93.5,7
round2,91.1,93.6,8
round2,91.1,93.7,7
round2,91.1,93.8,6
round2,91.1,93.9,7
round2,91.1,94,7
round2,91.1,94.1,7
round2,91.1,94.2,7
round2,91.1,94.3,7
round2,91.1,94.4,6
round2,91.1,94.5,7
round2,91.1,94.6,11
round2,91.1,94.7,9
round2,91.1,94.8,6
round2,91.1,94.9,16
round2,91.1,95,9
round2,91.1,95.1,11
round2,91.1,95.2,7
round2,91.1,95.3,7
round2,91.1,95.4,4
round2,91.1,95.5,11
round2,91.1,95.6,7
round2,91.1,95.7,6
round2,91.1,95.8,4
round2,91.1,95.9,11
round2,91.1,96,5
round2,91.1,96.1,9
round2,91.1,96.2,12
round2,91.1,96.3,8
round2,91.1,96.4,8
round2,91.1,96.5,12
round2,91.1,96.6,11
round2,91.1,96.7,11
round2,91.1,96.8,10
round2,91.1,96.9,11
round2,91.1,97,8
round2,91.1,97.1,3
round2,91.1,97.2,10
round2,91.1,97.3,8
round2,91.1,97.4,9
round2,91.1,97.5,15
round2,91.1,97.6,9
round2,91.1,97.7,8
round2,91.1,97.8,10
round2,91.1,97.9,9
round2,91.1,98,8
round2,91.1,98.1,6
round2,91.1,98.2,11
round2,91.1,98.3,14
round2,91.1,98.4,9
round2,91.1,98.5,14
round2,91.1,98.6,9
round2,91.1,98.7,12
round2,91.1,98.8,11
round2,91.1,98.9,15
round2,91.1,99,8
round2,91.1,99.1,15
round2,91.1,99.2,11
round2,91.1,99.3,11
round2,91.1,99.4,10
round2,91.1,99.5,10
round2,91.1,99.6,12
round2,91.1,99.7,8
round2,91.1,99.8,8
round2,91.1,99.9,10
round2,91.1,100,5
bonus1,0,4,1
bonus1,0,13.1,1
bonus1,0,37.1,1
bonus1,0,40.5,1
bonus1,0,81.3,1
bonus1,0.1,3.9,1
bonus1,0.1,8.9,1
bonus1,0.1,42.8,1
bonus1,0.1,67.2,1
bonus1,0.1,71.4,1
bonus1,0.1,89.7,1
bonus1,0.1,95.5,1
bonus1,0.1,95.9,1
bonus1,0.1,96.1,1
bonus1,0.1,97,1
bonus1,0.2,7.2,1
bonus1,0.2,22.8,1
bonus1,0.2,26.6,1
bonus1,0.2,32,1
bonus1,0.2,38.7,1
bonus1,0.2,39.9,1
bonus1,0.2,66.7,1
bonus1,0.2,67.5,1
bonus1,0.2,97.7,1
bonus1,0.3,5.5,1
bonus1,0.3,37.6,1
bonus1,0.3,46.6,1
bonus1,0.3,66.6,1
bonus1,0.3,75.5,1
bonus1,0.3,80.3,1
bonus1,0.3,82.4,1
bonus1,0.3,94.9,1
bonus1,0.4,13.4,1
bonus1,0.4,14.8,1
bonus1,0.4,33.6,1
bonus1,0.4,36.4,1
bonus1,0.4,44.9,1
bonus1,0.4,45,1
bonus1,0.4,46.1,1
bonus1,0.4,69.2,1
bonus1,0.4,71.2,1
bonus1,0.4,80.3,1
bonus1,0.5,21.1,1
bonus1,0.5,24,1
bonus1,0.5,24.9,1
bonus1,0.5,29.4,1
bonus1,0.5,34.3,1
bonus1,0.5,38.4,1
bonus1,0.5,41.6,1
bonus1,0.5,51.5,1
bonus1,0.5,53.1,1
bonus1,0.5,91,1
bonus1,0.5,94.2,1
bonus1,0.5,94.9,1
bonus1,0.6,12.6,1
bonus1,0.6,20,1
bonus1,0.6,33.7,1
bonus1,0.6,52.5,1
bonus1,0.7,2.8,1
bonus1,0.7,5.1,1
bonus1,0.7,21.2,1
bonus1,0.7,29.7,1
bonus1,0.7,35.1,1
bonus1,0.7,45.2,1
bonus1,0.7,48,1
bonus1,0.7,55.9,1
bonus1,0.7,78.1,1
bonus1,0.8,28.5,1
bonus1,0.8,29.2,1
bonus1,0.8,36.2,1
bonus1,0.8,36.5,1
bonus1,0.8,43,1
bonus1,0.8,46.1,1
bonus1,0.8,46.6,1
bonus1,0.8,47.2,1
bonus1,0.8,48.3,1
bonus1,0.8,50.5,1
bonus1,0.8,64.6,1
bonus1,0.8,69.5,1
bonus1,0.8,96.3,1
bonus1,0.9,13.8,1
bonus1,0.9,17.1,1
bonus1,0.9,26,1
bonus1,0.9,32.9,1
bonus1,0.9,46.8,1
bonus1,0.9,54.6,1
bonus1,0.9,55.2,1
bonus1,0.9,71.3,1
bonus1,0.9,83.3,1
bonus1,0.9,92.4,1
bonus1,0.9,99.2,1
bonus1,1,29.6,1
bonus1,1,69.3,1
bonus1,1,71.7,1
bonus1,1,83.1,1
bonus1,1,86.8,1
bonus1,1.1,18.4,1
bonus1,1.1,32,1
bonus1,1.1,46.4,1
bonus1,1.1,49.9,1
bonus1,1.1,55.2,1
bonus1,1.1,56.8,1
bonus1,1.1,63.2,1
bonus1,1.1,64.7,1
bonus1,1.1,66.2,1
bonus1,1.1,96.6,1
bonus1,1.1,96.7,1
bonus1,1.2,16.2,1
bonus1,1.2,20.4,1
bonus1,1.2,28.6,1
bonus1,1.2,56.8,1
bonus1,1.2,62.9,1
bonus1,1.2,63.6,1
bonus1,1.2,75.1,1
bonus1,1.2,82.6,1
bonus1,1.2,94.2,1
bonus1,1.3,3,1
bonus1,1.3,15.4,1
bonus1,1.3,18.7,1
bonus1,1.3,19.5,1
bonus1,1.3,22.4,1
bonus1,1.3,31.3,1
bonus1,1.3,35.6,1
bonus1,1.3,36,1
bonus1,1.3,37.8,1
bonus1,1.3,42.5,1
bonus1,1.3,68.7,1
bonus1,1.4,29.8,1
bonus1,1.4,33.3,1
bonus1,1.4,53.2,1
bonus1,1.4,54.8,1
bonus1,1.4,64.5,1
bonus1,1.4,71.1,1
bonus1,1.4,72.8,1
bonus1,1.5,2,1
bonus1,1.5,8.6,1
bonus1,1.5,20.6,1
bonus1,1.5,28.5,1
bonus1,1.5,31,1
bonus1,1.5,32.7,1
bonus1,1.5,35.3,1
bonus1,1.5,35.4,1
bonus1,1.5,35.7,1
bonus1,1.5,42.2,1
bonus1,1.5,42.8,1
bonus1,1.5,44.6,1
bonus1,1.5,49.6,1
bonus1,1.5,50.3,1
bonus1,1.5,58.2,1
bonus1,1.5,59.9,1
bonus1,1.5,60.1,1
bonus1,1.5,66.1,1
bonus1,1.5,67.4,1
bonus1,1.5,82.2,1
bonus1,1.5,96,1
bonus1,1.7,0.6,1
bonus1,1.7,12.5,1
bonus1,1.7,14.1,1
bonus1,1.7,16.1,1
bonus1,1.7,27.8,1
bonus1,1.7,38.1,1
bonus1,1.7,43.5,1
bonus1,1.7,52.4,1
bonus1,1.7,59.3,1
bonus1,1.7,59.8,1
bonus1,1.7,69.3,1
bonus1,1.7,73.9,1
bonus1,1.7,98,1
bonus1,2,5.7,1
bonus1,2,10.4,1
bonus1,2,12.4,1
bonus1,2,14.6,1
bonus1,2,17.3,1
bonus1,2,20.6,1
bonus1,2,21.6,1
bonus1,2,22.4,1
bonus1,2,23.2,1
bonus1,2,24.8,1
bonus1,2,27.9,1
bonus1,2,33.1,1
bonus1,2,34.9,1
bonus1,2,41.6,1
bonus1,2,44,1
bonus1,2,45.7,1
bonus1,2,45.9,1
bonus1,2,47.7,1
bonus1,2,49.3,1
bonus1,2,50.5,1
bonus1,2,52.1,1
bonus1,2,53.9,1
bonus1,2,55,1
bonus1,2,59.3,1
bonus1,2,60.4,3
bonus1,2,62.3,1
bonus1,2,62.8,1
bonus1,2,63.1,1
bonus1,2,72.6,1
bonus1,2,76.8,1
bonus1,2,80.1,1
bonus1,2,83.5,1
bonus1,2,89.4,1
bonus1,2.2,1.7,1
bonus1,2.2,4.8,1
bonus1,2.2,20.5,1
bonus1,2.2,27.6,1
bonus1,2.2,42.3,1
bonus1,2.2,44,1
bonus1,2.2,48.9,1
bonus1,2.2,53.4,1
bonus1,2.2,54.7,1
bonus1,2.2,57.9,1
bonus1,2.2,59.4,1
bonus1,2.2,59.5,1
bonus1,2.2,62.9,1
bonus1,2.2,70.6,1
bonus1,2.2,75.8,1
bonus1,2.2,77.8,1
bonus1,2.2,91,1
bonus1,2.5,2.4,1
bonus1,2.5,9.2,1
bonus1,2.5,10.5,1
bonus1,2.5,12,1
bonus1,2.5,13.2,1
bonus1,2.5,15,1
bonus1,2.5,17,1
bonus1,2.5,17.1,1
bonus1,2.5,17.5,1
bonus1,2.5,19.9,1
bonus1,2.5,27.2,1
bonus1,2.5,28.5,1
bonus1,2.5,29,1
bonus1,2.5,29.9,2
bonus1,2.5,35.3,1
bonus1,2.5,35.7,1
bonus1,2.5,38.3,1
bonus1,2.5,38.8,1
bonus1,2.5,46.4,1
bonus1,2.5,47.8,1
bonus1,2.5,48.9,1
bonus1,2.5,51.5,1
bonus1,2.5,53,1
bonus1,2.5,64.9,1
bonus1,2.5,67,1
bonus1,2.5,71.6,1
bonus1,2.5,72.3,1
bonus1,2.5,76.4,1
bonus1,2.5,81.4,1
bonus1,2.5,82.3,1
bonus1,2.5,84.7,1
bonus1,2.5,84.8,1
bonus1,2.5,85.8,1
bonus1,2.5,86.1,1
bonus1,2.5,86.7,1
bonus1,2.5,87.1,1
bonus1,2.5,89.9,1
bonus1,2.5,92.3,1
bonus1,2.5,95.4,1
bonus1,2.9,9.1,1
bonus1,2.9,22.1,1
bonus1,2.9,25.8,1
bonus1,2.9,49.8,1
bonus1,2.9,52.3,1
bonus1,2.9,55,1
bonus1,2.9,62.9,1
bonus1,2.9,64.2,1
bonus1,2.9,65.1,1
bonus1,2.9,67.6,1
bonus1,2.9,70.2,1
bonus1,2.9,71.2,1
bonus1,2.9,75.3,1
bonus1,2.9,76.7,1
bonus1,2.9,78,1
bonus1,2.9,81.3,1
bonus1,2.9,86,1
bonus1,2.9,86.6,1
bonus1,2.9,87.4,1
bonus1,3.2,3.4,1
bonus1,3.2,4.2,1
bonus1,3.2,7.8,1
bonus1,3.2,8.1,1
bonus1,3.2,11,1
bonus1,3.2,12.6,1
bonus1,3.2,16.9,1
bonus1,3.2,19.8,1
bonus1,3.2,24,1
bonus1,3.2,26.1,1
bonus1,3.2,26.6,1
bonus1,3.2,27.4,1
bonus1,3.2,28.2,1
bonus1,3.2,29.4,1
bonus1,3.2,30.1,1
bonus1,3.2,30.5,1
bonus1,3.2,31.6,1
bonus1,3.2,45,1
bonus1,3.2,45.2,1
bonus1,3.2,45.3,1
bonus1,3.2,46.2,1
bonus1,3.2,46.9,1
bonus1,3.2,48,1
bonus1,3.2,48.7,1
bonus1,3.2,50,1
bonus1,3.2,51.1,1
bonus1,3.2,51.6,1
bonus1,3.2,53.1,1
bonus1,3.2,53.8,1
bonus1,3.2,56.5,1
bonus1,3.2,62.4,1
bonus1,3.2,62.8,1
bonus1,3.2,64.1,1
bonus1,3.2,65.3,1
bonus1,3.2,66.6,1
bonus1,3.2,67.5,1
bonus1,3.2,75.1,1
bonus1,3.2,76.9,1
bonus1,3.2,78,1
bonus1,3.2,79.6,1
bonus1,3.2,82.8,1
bonus1,3.2,83.2,1
bonus1,3.2,85.2,1
bonus1,3.2,88.4,1
bonus1,3.2,91,1
bonus1,3.2,97.2,1
bonus1,3.2,99.8,1
bonus1,3.6,8.1,1
bonus1,3.6,10.9,1
bonus1,3.6,18,1
bonus1,3.6,24.9,1
bonus1,3.6,25.4,1
bonus1,3.6,26.9,1
bonus1,3.6,30.6,1
bonus1,3.6,37.4,1
bonus1,3.6,38.8,1
bonus1,3.6,40.6,1
bonus1,3.6,45.4,1
bonus1,3.6,46.7,1
bonus1,3.6,48.9,1
bonus1,3.6,49.8,1
bonus1,3.6,57,1
bonus1,3.6,61.5,1
bonus1,3.6,63.6,1
bonus1,3.6,65.7,1
bonus1,3.6,73.8,1
bonus1,3.6,78.1,1
bonus1,3.6,79.8,1
bonus1,3.6,81,1
bonus1,3.6,84.4,1
bonus1,3.6,90.3,1
bonus1,3.6,95.2,1
bonus1,3.6,95.8,1
bonus1,4.1,1.7,1
bonus1,4.1,1.9,1
bonus1,4.1,4.1,1
bonus1,4.1,5.8,1
bonus1,4.1,7.2,1
bonus1,4.1,9.2,1
bonus1,4.1,10.1,1
bonus1,4.1,10.6,1
bonus1,4.1,14.2,1
bonus1,4.1,15.1,1
bonus1,4.1,17.4,1
bonus1,4.1,18.2,1
bonus1,4.1,18.6,1
bonus1,4.1,20.4,1
bonus1,4.1,20.6,1
bonus1,4.1,23.3,1
bonus1,4.1,26.4,1
bonus1,4.1,27.7,1
bonus1,4.1,28,1
bonus1,4.1,31.4,1
bonus1,4.1,31.7,1
bonus1,4.1,35.6,1
bonus1,4.1,37.4,1
bonus1,4.1,37.9,1
bonus1,4.1,41.9,1
bonus1,4.1,42.4,1
bonus1,4.1,45.5,1
bonus1,4.1,46.1,1
bonus1,4.1,46.6,1
bonus1,4.1,46.7,1
bonus1,4.1,48.5,1
bonus1,4.1,49.4,1
bonus1,4.1,49.7,1
bonus1,4.1,50.2,1
bonus1,4.1,50.6,1
bonus1,4.1,52,1
bonus1,4.1,54.1,1
bonus1,4.1,54.8,1
bonus1,4.1,55.5,1
bonus1,4.1,56,1
bonus1,4.1,56.3,1
bonus1,4.1,56.5,1
bonus1,4.1,57.6,1
bonus1,4.1,58.3,1
bonus1,4.1,58.4,1
bonus1,4.1,60.5,1
bonus1,4.1,60.6,1
bonus1,4.1,60.9,1
bonus1,4.1,62.3,1
bonus1,4.1,63.2,1
bonus1,4.1,64.4,1
bonus1,4.1,64.9,1
bonus1,4.1,67.8,1
bonus1,4.1,69.3,1
bonus1,4.1,69.5,1
bonus1,4.1,72.8,1
bonus1,4.1,73,1
bonus1,4.1,74.4,1
bonus1,4.1,77,1
bonus1,4.1,78.5,1
bonus1,4.1,80.6,1
bonus1,4.1,83.3,1
bonus1,4.1,85.7,1
bonus1,4.1,86.5,1
bonus1,4.1,93.9,1
bonus1,4.6,1.1,1
bonus1,4.6,3.6,1
bonus1,4.6,5.7,1
bonus1,4.6,7.6,1
bonus1,4.6,11.8,1
bonus1,4.6,15.3,1
bonus1,4.6,18.8,1
bonus1,4.6,19.5,1
bonus1,4.6,22.2,1
bonus1,4.6,26.5,1
bonus1,4.6,30.8,1
bonus1,4.6,32.3,1
bonus1,4.6,33.8,1
bonus1,4.6,34.4,1
bonus1,4.6,36.5,1
bonus1,4.6,39,1
bonus1,4.6,39.7,1
bonus1,4.6,40.6,1
bonus1,4.6,41.6,1
bonus1,4.6,42.1,1
bonus1,4.6,43.8,1
bonus1,4.6,44.6,1
bonus1,4.6,46.9,1
bonus1,4.6,48.6,1
bonus1,4.6,54,1
bonus1,4.6,56.7,1
bonus1,4.6,59.1,1
bonus1,4.6,59.4,1
bonus1,4.6,60.1,1
bonus1,4.6,61.1,1
bonus1,4.6,68,1
bonus1,4.6,68.5,1
bonus1,4.6,73.1,1
bonus1,4.6,76.2,1
bonus1,4.6,77,1
bonus1,4.6,80.5,1
bonus1,4.6,80.8,1
bonus1,4.6,88,1
bonus1,4.6,92,1
bonus1,4.6,95.8,1
bonus1,5.3,2.4,1
bonus1,5.3,4.1,1
bonus1,5.3,4.9,1
bonus1,5.3,5.5,1
bonus1,5.3,5.6,2
bonus1,5.3,5.7,1
bonus1,5.3,6.2,1
bonus1,5.3,7.8,1
bonus1,5.3,7.9,2
bonus1,5.3,9.1,1
bonus1,5.3,12.1,1
bonus1,5.3,12.3,1
bonus1,5.3,12.5,1
bonus1,5.3,12.8,1
bonus1,5.3,14.7,1
bonus1,5.3,15,1
bonus1,5.3,15.1,1
bonus1,5.3,15.7,1
bonus1,5.3,17.8,1
bonus1,5.3,20.2,1
bonus1,5.3,20.7,1
bonus1,5.3,21,1
bonus1,5.3,21.1,1
bonus1,5.3,21.8,1
bonus1,5.3,22.9,1
bonus1,5.3,24.2,1
bonus1,5.3,25.6,1
bonus1,5.3,25.7,1
bonus1,5.3,27.8,1
bonus1,5.3,28.1,1
bonus1,5.3,29.4,1
bonus1,5.3,31.6,1
bonus1,5.3,32.7,1
bonus1,5.3,33,1
bonus1,5.3,33.3,1
bonus1,5.3,35,1
bonus1,5.3,35.8,1
bonus1,5.3,38.8,1
bonus1,5.3,38.9,1
bonus1,5.3,40.8,1
bonus1,5.3,42.6,1
bonus1,5.3,42.7,1
bonus1,5.3,44.9,1
bonus1,5.3,45.1,1
bonus1,5.3,46.6,1
bonus1,5.3,47.7,1
bonus1,5.3,48.3,1
bonus1,5.3,49.4,1
bonus1,5.3,53.5,1
bonus1,5.3,57.4,1
bonus1,5.3,60.7,1
bonus1,5.3,61.1,2
bonus1,5.3,61.8,1
bonus1,5.3,63.9,1
bonus1,5.3,64.6,1
bonus1,5.3,64.7,1
bonus1,5.3,65.6,1
bonus1,5.3,66.1,2
bonus1,5.3,73,1
bonus1,5.3,74.2,1
bonus1,5.3,74.4,1
bonus1,5.3,74.7,1
bonus1,5.3,77,1
bonus1,5.3,79.5,1
bonus1,5.3,79.6,1
bonus1,5.3,80,1
bonus1,5.3,83.3,1
bonus1,5.3,84.8,1
bonus1,5.3,87.8,1
bonus1,5.3,90,1
bonus1,5.3,91.6,1
bonus1,5.3,94.2,1
bonus1,5.3,95.2,1
bonus1,5.3,97.5,1
bonus1,6,1.4,1
bonus1,6,8.2,1
bonus1,6,9.7,1
bonus1,6,11.5,1
bonus1,6,20.1,1
bonus1,6,21.6,1
bonus1,6,26.4,1
bonus1,6,31.2,1
bonus1,6,31.9,2
bonus1,6,33.8,1
bonus1,6,36.4,1
bonus1,6,36.9,1
bonus1,6,38.3,1
bonus1,6,38.4,1
bonus1,6,40.4,1
bonus1,6,41.2,1
bonus1,6,41.5,1
bonus1,6,42,1
bonus1,6,42.7,2
bonus1,6,43.4,1
bonus1,6,46.4,1
bonus1,6,49.8,1
bonus1,6,50.7,1
bonus1,6,55.7,1
bonus1,6,56.8,1
bonus1,6,58.2,1
bonus1,6,59,1
bonus1,6,61.2,1
bonus1,6,62,1
bonus1,6,64,1
bonus1,6,64.5,1
bonus1,6,65.6,1
bonus1,6,65.7,1
bonus1,6,67.8,1
bonus1,6,72.4,2
bonus1,6,72.5,1
bonus1,6,74.1,1
bonus1,6,74.4,1
bonus1,6,75.6,1
bonus1,6,76.7,1
bonus1,6,77,1
bonus1,6,78,1
bonus1,6,78.8,1
bonus1,6,79.4,2
bonus1,6,81.9,1
bonus1,6,83.4,1
bonus1,6,83.8,1
bonus1,6,87.5,1
bonus1,6,87.9,1
bonus1,6,89.5,1
bonus1,6,91.8,1
bonus1,6,96.4,1
bonus1,6,97.4,1
bonus1,6.9,0.5,1
bonus1,6.9,0.9,1
bonus1,6.9,1.2,1
bonus1,6.9,1.8,1
bonus1,6.9,2.2,1
bonus1,6.9,4,1
bonus1,6.9,5.3,1
bonus1,6.9,6.8,1
bonus1,6.9,7.6,1
bonus1,6.9,7.7,1
bonus1,6.9,7.9,1
bonus1,6.9,8,1
bonus1,6.9,8.6,1
bonus1,6.9,11.5,1
bonus1,6.9,12.5,1
bonus1,6.9,12.7,1
bonus1,6.9,13.9,1
bonus1,6.9,14.2,1
bonus1,6.9,15.5,1
bonus1,6.9,15.6,2
bonus1,6.9,17.8,1
bonus1,6.9,17.9,1
bonus1,6.9,20.4,1
bonus1,6.9,20.6,1
bonus1,6.9,21.7,1
bonus1,6.9,22,1
bonus1,6.9,24,1
bonus1,6.9,25.6,1
bonus1,6.9,27,1
bonus1,6.9,27.5,1
bonus1,6.9,28.9,1
bonus1,6.9,29,1
bonus1,6.9,29.3,2
bonus1,6.9,29.7,1
bonus1,6.9,29.8,1
bonus1,6.9,32.8,1
bonus1,6.9,33.3,1
bonus1,6.9,33.8,1
bonus1,6.9,33.9,1
bonus1,6.9,34.2,1
bonus1,6.9,36.7,1
bonus1,6.9,37.2,1
bonus1,6.9,37.5,1
bonus1,6.9,37.9,1
bonus1,6.9,38.9,1
bonus1,6.9,39.3,1
bonus1,6.9,39.8,1
bonus1,6.9,40.4,1
bonus1,6.9,40.5,1
bonus1,6.9,40.8,1
bonus1,6.9,41.3,1
bonus1,6.9,41.4,1
bonus1,6.9,41.6,1
bonus1,6.9,42,1
bonus1,6.9,42.2,1
bonus1,6.9,42.3,1
bonus1,6.9,42.7,1
bonus1,6.9,43.4,1
bonus1,6.9,43.8,1
bonus1,6.9,44.8,1
bonus1,6.9,44.9,1
bonus1,6.9,45,1
bonus1,6.9,45.6,1
bonus1,6.9,46.2,1
bonus1,6.9,46.5,1
bonus1,6.9,46.6,1
bonus1,6.9,46.7,1
bonus1,6.9,47.2,1
bonus1,6.9,47.4,1
bonus1,6.9,49.7,1
bonus1,6.9,50.3,1
bonus1,6.9,52.6,1
bonus1,6.9,52.7,1
bonus1,6.9,55.1,1
bonus1,6.9,55.8,1
bonus1,6.9,56.2,1
bonus1,6.9,57.1,1
bonus1,6.9,57.2,1
bonus1,6.9,58.9,2
bonus1,6.9,60.4,1
bonus1,6.9,62,1
bonus1,6.9,62.7,1
bonus1,6.9,63.7,2
bonus1,6.9,64,1
bonus1,6.9,64.1,1
bonus1,6.9,65.2,1
bonus1,6.9,65.8,1
bonus1,6.9,65.9,1
bonus1,6.9,66,1
bonus1,6.9,67.8,1
bonus1,6.9,70.1,1
bonus1,6.9,72.8,1
bonus1,6.9,74.9,1
bonus1,6.9,75,1
bonus1,6.9,76,1
bonus1,6.9,76.2,1
bonus1,6.9,76.8,1
bonus1,6.9,77.1,1
bonus1,6.9,77.6,1
bonus1,6.9,82.6,1
bonus1,6.9,85.4,1
bonus1,6.9,88.2,1
bonus1,6.9,90.8,1
bonus1,6.9,90.9,1
bonus1,6.9,92.7,1
bonus1,6.9,94.8,1
bonus1,6.9,95.7,1
bonus1,6.9,98.6,1
bonus1,7.9,0.5,1
bonus1,7.9,0.8,1
bonus1,7.9,1.7,1
bonus1,7.9,2.4,1
bonus1,7.9,3.9,1
bonus1,7.9,9,1
bonus1,7.9,13.1,1
bonus1,7.9,13.2,1
bonus1,7.9,13.7,1
bonus1,7.9,14.6,1
bonus1,7.9,15.7,1
bonus1,7.9,15.8,1
bonus1,7.9,16.1,1
bonus1,7.9,18.3,1
bonus1,7.9,19.9,1
bonus1,7.9,21.6,1
bonus1,7.9,23.3,1
bonus1,7.9,23.7,1
bonus1,7.9,24.3,1
bonus1,7.9,25.2,1
bonus1,7.9,25.8,1
bonus1,7.9,27.1,1
bonus1,7.9,28.3,1
bonus1,7.9,28.4,1
bonus1,7.9,30.6,1
bonus1,7.9,30.8,1
bonus1,7.9,31.4,1
bonus1,7.9,32.4,1
bonus1,7.9,33.7,1
bonus1,7.9,33.9,1
bonus1,7.9,34.8,1
bonus1,7.9,36.3,1
bonus1,7.9,40.1,1
bonus1,7.9,40.5,1
bonus1,7.9,40.7,1
bonus1,7.9,42,1
bonus1,7.9,43.9,1
bonus1,7.9,44.3,1
bonus1,7.9,50.8,1
bonus1,7.9,51.8,1
bonus1,7.9,52.6,1
bonus1,7.9,53.8,1
bonus1,7.9,54.1,1
bonus1,7.9,55.1,1
bonus1,7.9,55.2,1
bonus1,7.9,56.9,1
bonus1,7.9,59.9,1
bonus1,7.9,60.6,1
bonus1,7.9,60.7,1
bonus1,7.9,62.6,1
bonus1,7.9,63,1
bonus1,7.9,63.9,1
bonus1,7.9,66,1
bonus1,7.9,66.1,1
bonus1,7.9,66.2,1
bonus1,7.9,67.7,1
bonus1,7.9,69.1,1
bonus1,7.9,70,1
bonus1,7.9,70.1,1
bonus1,7.9,70.2,1
bonus1,7.9,70.5,1
bonus1,7.9,72,1
bonus1,7.9,72.9,1
bonus1,7.9,74.2,1
bonus1,7.9,74.7,1
bonus1,7.9,77.5,1
bonus1,7.9,77.8,1
bonus1,7.9,79.3,1
bonus1,7.9,80.5,1
bonus1,7.9,82.7,1
bonus1,7.9,82.9,1
bonus1,7.9,84.5,2
bonus1,7.9,85.4,1
bonus1,7.9,90.9,1
bonus1,7.9,91.9,1
bonus1,7.9,96.8,1
bonus1,7.9,99.9,1
bonus1,8.9,0.7,1
bonus1,8.9,1.6,1
bonus1,8.9,2.4,1
bonus1,8.9,3,1
bonus1,8.9,3.1,1
bonus1,8.9,3.3,1
bonus1,8.9,4.2,1
bonus1,8.9,5.1,1
bonus1,8.9,5.2,1
bonus1,8.9,6.5,1
bonus1,8.9,7.8,1
bonus1,8.9,8.5,1
bonus1,8.9,8.9,1
bonus1,8.9,9,1
bonus1,8.9,9.8,1
bonus1,8.9,10.1,1
bonus1,8.9,10.6,1
bonus1,8.9,11,1
bonus1,8.9,11.4,1
bonus1,8.9,12.2,1
bonus1,8.9,13.1,1
bonus1,8.9,14.8,1
bonus1,8.9,14.9,1
bonus1,8.9,15.5,1
bonus1,8.9,16.2,1
bonus1,8.9,17,1
bonus1,8.9,17.1,1
bonus1,8.9,19.1,1
bonus1,8.9,20.1,1
bonus1,8.9,21.3,1
bonus1,8.9,22.3,1
bonus1,8.9,23.7,1
bonus1,8.9,24.4,1
bonus1,8.9,24.7,1
bonus1,8.9,25.9,1
bonus1,8.9,26,1
bonus1,8.9,26.6,1
bonus1,8.9,29.7,1
bonus1,8.9,29.9,1
bonus1,8.9,31.2,1
bonus1,8.9,31.8,1
bonus1,8.9,31.9,1
bonus1,8.9,32.4,1
bonus1,8.9,35,1
bonus1,8.9,35.1,1
bonus1,8.9,35.6,1
bonus1,8.9,37,1
bonus1,8.9,37.6,1
bonus1,8.9,38.9,1
bonus1,8.9,40.3,1
bonus1,8.9,43.6,1
bonus1,8.9,44.4,1
bonus1,8.9,44.5,3
bonus1,8.9,44.9,1
bonus1,8.9,45.3,1
bonus1,8.9,45.8,1
bonus1,8.9,46.2,1
bonus1,8.9,47,1
bonus1,8.9,47.3,1
bonus1,8.9,48.4,1
bonus1,8.9,48.5,1
bonus1,8.9,48.8,1
bonus1,8.9,49.4,1
bonus1,8.9,49.6,1
bonus1,8.9,50,1
bonus1,8.9,52.2,1
bonus1,8.9,52.6,1
bonus1,8.9,54.2,1
bonus1,8.9,54.3,1
bonus1,8.9,54.4,1
bonus1,8.9,55.2,1
bonus1,8.9,55.3,1
bonus1,8.9,55.9,2
bonus1,8.9,56.9,1
bonus1,8.9,57.3,1
bonus1,8.9,57.8,1
bonus1,8.9,58.1,1
bonus1,8.9,59.4,1
bonus1,8.9,59.5,1
bonus1,8.9,62.9,1
bonus1,8.9,63.1,1
bonus1,8.9,63.3,1
bonus1,8.9,65.7,1
bonus1,8.9,68.2,1
bonus1,8.9,68.3,1
bonus1,8.9,69.2,2
bonus1,8.9,69.5,1
bonus1,8.9,69.6,1
bonus1,8.9,70.6,1
bonus1,8.9,72.1,1
bonus1,8.9,72.4,1
bonus1,8.9,72.7,1
bonus1,8.9,73.5,1
bonus1,8.9,74.5,2
bonus1,8.9,75.6,1
bonus1,8.9,76.7,1
bonus1,8.9,77.6,1
bonus1,8.9,78.1,1
bonus1,8.9,78.5,1
bonus1,8.9,78.6,1
bonus1,8.9,81.3,1
bonus1,8.9,83.4,1
bonus1,8.9,87,1
bonus1,8.9,88.2,1
bonus1,8.9,88.7,1
bonus1,8.9,90.5,1
bonus1,8.9,90.7,1
bonus1,8.9,91.2,1
bonus1,8.9,91.8,2
bonus1,8.9,94,1
bonus1,8.9,94.2,1
bonus1,10,1.3,1
bonus1,10,1.7,1
bonus1,10,1.8,1
bonus1,10,1.9,1
bonus1,10,2,1
bonus1,10,2.5,1
bonus1,10,5,1
bonus1,10,5.4,1
bonus1,10,6.2,1
bonus1,10,8.2,1
bonus1,10,8.6,1
bonus1,10,9,1
bonus1,10,10.1,1
bonus1,10,10.5,1
bonus1,10,11.2,1
bonus1,10,11.4,1
bonus1,10,12,1
bonus1,10,16.4,1
bonus1,10,17.9,1
bonus1,10,18.7,1
bonus1,10,20.4,1
bonus1,10,21.3,1
bonus1,10,21.8,1
bonus1,10,22.6,2
bonus1,10,24.6,1
bonus1,10,25.5,1
bonus1,10,28.8,1
bonus1,10,30.4,1
bonus1,10,31.8,1
bonus1,10,32,1
bonus1,10,32.1,1
bonus1,10,32.3,1
bonus1,10,32.7,1
bonus1,10,34.6,1
bonus1,10,38.2,1
bonus1,10,39.8,1
bonus1,10,41.6,1
bonus1,10,43.5,3
bonus1,10,44.3,1
bonus1,10,45.1,1
bonus1,10,46.2,1
bonus1,10,47.4,1
bonus1,10,48.6,1
bonus1,10,49.7,1
bonus1,10,50.5,1
bonus1,10,51.4,1
bonus1,10,53.9,1
bonus1,10,55.7,1
bonus1,10,57.1,1
bonus1,10,58.6,1
bonus1,10,58.7,1
bonus1,10,59.5,1
bonus1,10,60.3,1
bonus1,10,60.4,1
bonus1,10,61.3,1
bonus1,10,62,1
bonus1,10,63.1,1
bonus1,10,63.5,1
bonus1,10,65,1
bonus1,10,67,1
bonus1,10,67.7,1
bonus1,10,67.8,1
bonus1,10,70.2,1
bonus1,10,71.1,1
bonus1,10,74.3,1
bonus1,10,75.9,1
bonus1,10,76.2,1
bonus1,10,76.4,1
bonus1,10,79.6,1
bonus1,10,80.1,1
bonus1,10,80.8,1
bonus1,10,81.4,1
bonus1,10,84,1
bonus1,10,84.3,1
bonus1,10,87.4,1
bonus1,10,88.1,1
bonus1,10,89.6,1
bonus1,10,90.1,1
bonus1,10,91.3,1
bonus1,10,95.7,1
bonus1,10,96.8,1
bonus1,10,96.9,1
bonus1,11.4,0.1,1
bonus1,11.4,0.3,1
bonus1,11.4,1.6,1
bonus1,11.4,2.4,2
bonus1,11.4,2.7,1
bonus1,11.4,2.8,1
bonus1,11.4,2.9,1
bonus1,11.4,3.1,1
bonus1,11.4,4.3,1
bonus1,11.4,5,1
bonus1,11.4,5.6,1
bonus1,11.4,5.9,1
bonus1,11.4,6.1,1
bonus1,11.4,6.5,1
bonus1,11.4,9.3,1
bonus1,11.4,9.5,1
bonus1,11.4,9.8,1
bonus1,11.4,10.9,1
bonus1,11.4,11.5,1
bonus1,11.4,11.7,1
bonus1,11.4,11.9,1
bonus1,11.4,12.6,2
bonus1,11.4,12.9,1
bonus1,11.4,13.3,1
bonus1,11.4,13.5,1
bonus1,11.4,13.7,1
bonus1,11.4,13.8,1
bonus1,11.4,14.3,1
bonus1,11.4,15.2,1
bonus1,11.4,15.3,1
bonus1,11.4,16.7,1
bonus1,11.4,17.9,1
bonus1,11.4,18.1,1
bonus1,11.4,18.7,1
bonus1,11.4,18.9,1
bonus1,11.4,19.2,1
bonus1,11.4,19.3,1
bonus1,11.4,20,1
bonus1,11.4,20.1,2
bonus1,11.4,20.6,1
bonus1,11.4,20.8,1
bonus1,11.4,23,1
bonus1,11.4,23.8,1
bonus1,11.4,23.9,1
bonus1,11.4,24.5,1
bonus1,11.4,24.6,1
bonus1,11.4,25.9,1
bonus1,11.4,26,1
bonus1,11.4,26.4,1
bonus1,11.4,26.6,1
bonus1,11.4,26.9,1
bonus1,11.4,27.1,1
bonus1,11.4,27.9,2
bonus1,11.4,29.1,1
bonus1,11.4,29.2,1
bonus1,11.4,29.3,1
bonus1,11.4,30.1,1
bonus1,11.4,30.2,2
bonus1,11.4,30.6,1
bonus1,11.4,31.1,1
bonus1,11.4,31.6,1
bonus1,11.4,32,1
bonus1,11.4,32.6,1
bonus1,11.4,32.8,1
bonus1,11.4,33.3,1
bonus1,11.4,33.6,1
bonus1,11.4,34.1,1
bonus1,11.4,35.3,1
bonus1,11.4,35.5,1
bonus1,11.4,35.6,1
bonus1,11.4,35.8,1
bonus1,11.4,36,1
bonus1,11.4,37.8,1
bonus1,11.4,40.7,1
bonus1,11.4,40.8,1
bonus1,11.4,41.1,1
bonus1,11.4,41.2,1
bonus1,11.4,41.3,1
bonus1,11.4,41.4,1
bonus1,11.4,41.5,1
bonus1,11.4,41.7,1
bonus1,11.4,42.6,1
bonus1,11.4,44.1,1
bonus1,11.4,44.9,2
bonus1,11.4,45.5,1
bonus1,11.4,46.7,1
bonus1,11.4,47.1,1
bonus1,11.4,48.1,1
bonus1,11.4,48.2,1
bonus1,11.4,48.6,1
bonus1,11.4,49.4,1
bonus1,11.4,49.6,1
bonus1,11.4,49.9,1
bonus1,11.4,50.9,1
bonus1,11.4,51.2,1
bonus1,11.4,51.3,1
bonus1,11.4,52.8,1
bonus1,11.4,53.9,1
bonus1,11.4,56.2,1
bonus1,11.4,56.6,1
bonus1,11.4,57.4,1
bonus1,11.4,57.7,1
bonus1,11.4,58.9,1
bonus1,11.4,59.2,1
bonus1,11.4,60.1,1
bonus1,11.4,60.3,1
bonus1,11.4,60.7,1
bonus1,11.4,60.8,1
bonus1,11.4,61.7,1
bonus1,11.4,61.9,1
bonus1,11.4,62.5,1
bonus1,11.4,63.1,1
bonus1,11.4,63.3,1
bonus1,11.4,63.9,1
bonus1,11.4,64.2,1
bonus1,11.4,64.6,1
bonus1,11.4,65.4,1
bonus1,11.4,65.8,1
bonus1,11.4,66.7,1
bonus1,11.4,66.9,1
bonus1,11.4,68.7,1
bonus1,11.4,68.8,1
bonus1,11.4,69.7,2
bonus1,11.4,70.1,1
bonus1,11.4,70.4,2
bonus1,11.4,72.5,2
bonus1,11.4,72.7,2
bonus1,11.4,73.2,1
bonus1,11.4,73.5,1
bonus1,11.4,73.8,2
bonus1,11.4,75.8,1
bonus1,11.4,76.6,1
bonus1,11.4,76.7,1
bonus1,11.4,77,1
bonus1,11.4,77.1,1
bonus1,11.4,77.7,1
bonus1,11.4,80.5,1
bonus1,11.4,80.9,1
bonus1,11.4,81.5,1
bonus1,11.4,81.6,1
bonus1,11.4,81.7,1
bonus1,11.4,82.5,1
bonus1,11.4,82.8,2
bonus1,11.4,83.1,1
bonus1,11.4,83.6,1
bonus1,11.4,85,1
bonus1,11.4,88.3,1
bonus1,11.4,89.7,1
bonus1,11.4,90.2,1
bonus1,11.4,90.8,1
bonus1,11.4,92.4,1
bonus1,11.4,93.4,1
bonus1,11.4,93.9,1
bonus1,11.4,94.5,1
bonus1,11.4,95.9,1
bonus1,12.8,1.5,1
bonus1,12.8,2.5,1
bonus1,12.8,2.6,1
bonus1,12.8,2.9,1
bonus1,12.8,3,1
bonus1,12.8,4.8,1
bonus1,12.8,6.1,1
bonus1,12.8,6.9,1
bonus1,12.8,7.1,1
bonus1,12.8,8.3,1
bonus1,12.8,9.7,1
bonus1,12.8,10,1
bonus1,12.8,10.3,1
bonus1,12.8,11.4,1
bonus1,12.8,12.2,1
bonus1,12.8,12.5,1
bonus1,12.8,12.7,1
bonus1,12.8,13.5,1
bonus1,12.8,14.2,1
bonus1,12.8,16.2,1
bonus1,12.8,16.6,1
bonus1,12.8,16.8,1
bonus1,12.8,17.8,1
bonus1,12.8,18.1,1
bonus1,12.8,18.7,1
bonus1,12.8,18.8,1
bonus1,12.8,19.7,1
bonus1,12.8,20.2,2
bonus1,12.8,23.6,1
bonus1,12.8,24.6,2
bonus1,12.8,27.7,1
bonus1,12.8,28.6,1
bonus1,12.8,29.2,1
bonus1,12.8,29.3,1
bonus1,12.8,30.8,1
bonus1,12.8,30.9,1
bonus1,12.8,31.4,1
bonus1,12.8,31.5,1
bonus1,12.8,31.7,1
bonus1,12.8,32.7,1
bonus1,12.8,33,1
bonus1,12.8,33.2,1
bonus1,12.8,34.3,1
bonus1,12.8,35.3,1
bonus1,12.8,36.1,1
bonus1,12.8,36.2,1
bonus1,12.8,37.2,1
bonus1,12.8,38.3,1
bonus1,12.8,38.5,1
bonus1,12.8,38.9,1
bonus1,12.8,40.4,1
bonus1,12.8,41.3,1
bonus1,12.8,43.6,1
bonus1,12.8,43.8,1
bonus1,12.8,44.6,1
bonus1,12.8,45.1,1
bonus1,12.8,45.7,1
bonus1,12.8,47.1,1
bonus1,12.8,47.5,1
bonus1,12.8,49.2,1
bonus1,12.8,49.9,1
bonus1,12.8,50,1
bonus1,12.8,50.2,1
bonus1,12.8,50.3,1
bonus1,12.8,50.5,1
bonus1,12.8,50.6,1
bonus1,12.8,52.5,1
bonus1,12.8,55.4,1
bonus1,12.8,56.4,1
bonus1,12.8,57.5,1
bonus1,12.8,62.4,1
bonus1,12.8,64.8,1
bonus1,12.8,65.5,1
bonus1,12.8,66.5,1
bonus1,12.8,67.4,1
bonus1,12.8,67.6,1
bonus1,12.8,68.3,1
bonus1,12.8,68.6,1
bonus1,12.8,69,1
bonus1,12.8,70.3,1
bonus1,12.8,71,1
bonus1,12.8,71.3,1
bonus1,12.8,72.2,1
bonus1,12.8,75.3,2
bonus1,12.8,75.9,1
bonus1,12.8,79.8,1
bonus1,12.8,81.5,1
bonus1,12.8,82.7,1
bonus1,12.8,84.1,1
bonus1,12.8,87.5,1
bonus1,12.8,87.6,1
bonus1,12.8,88,1
bonus1,12.8,88.3,1
bonus1,12.8,89.4,2
bonus1,12.8,89.5,1
bonus1,12.8,91.1,1
bonus1,12.8,93.3,1
bonus1,12.8,94.5,1
bonus1,12.8,94.6,1
bonus1,12.8,96.1,1
bonus1,14.4,1.4,1
bonus1,14.4,2.1,2
bonus1,14.4,3.6,1
bonus1,14.4,4.8,1
bonus1,14.4,5,1
bonus1,14.4,5.6,1
bonus1,14.4,6.3,1
bonus1,14.4,7.5,2
bonus1,14.4,7.7,2
bonus1,14.4,8,2
bonus1,14.4,8.1,1
bonus1,14.4,8.7,1
bonus1,14.4,8.9,1
bonus1,14.4,9.5,1
bonus1,14.4,9.9,2
bonus1,14.4,10.1,1
bonus1,14.4,10.3,1
bonus1,14.4,10.4,1
bonus1,14.4,11.7,1
bonus1,14.4,11.8,1
bonus1,14.4,11.9,1
bonus1,14.4,12.1,1
bonus1,14.4,12.6,1
bonus1,14.4,13.2,1
bonus1,14.4,13.5,1
bonus1,14.4,14.4,1
bonus1,14.4,15.4,1
bonus1,14.4,15.6,2
bonus1,14.4,16,1
bonus1,14.4,16.1,1
bonus1,14.4,16.2,1
bonus1,14.4,16.8,1
bonus1,14.4,16.9,1
bonus1,14.4,17.1,1
bonus1,14.4,17.6,1
bonus1,14.4,18,2
bonus1,14.4,18.4,1
bonus1,14.4,18.8,1
bonus1,14.4,18.9,1
bonus1,14.4,19,1
bonus1,14.4,19.4,1
bonus1,14.4,19.8,1
bonus1,14.4,19.9,1
bonus1,14.4,20.4,1
bonus1,14.4,20.9,1
bonus1,14.4,23.1,1
bonus1,14.4,25.1,1
bonus1,14.4,25.3,1
bonus1,14.4,25.5,1
bonus1,14.4,26.2,1
bonus1,14.4,26.3,1
bonus1,14.4,27.3,1
bonus1,14.4,27.8,1
bonus1,14.4,28,2
bonus1,14.4,28.3,1
bonus1,14.4,29,1
bonus1,14.4,29.2,1
bonus1,14.4,29.5,1
bonus1,14.4,29.9,1
bonus1,14.4,30.3,1
bonus1,14.4,31.4,2
bonus1,14.4,32.4,1
bonus1,14.4,32.5,1
bonus1,14.4,33.1,1
bonus1,14.4,33.3,1
bonus1,14.4,34,1
bonus1,14.4,34.3,1
bonus1,14.4,34.5,1
bonus1,14.4,34.7,1
bonus1,14.4,35.4,2
bonus1,14.4,35.9,1
bonus1,14.4,36.4,1
bonus1,14.4,36.6,1
bonus1,14.4,36.7,1
bonus1,14.4,37.2,1
bonus1,14.4,37.6,1
bonus1,14.4,38.4,2
bonus1,14.4,38.5,1
bonus1,14.4,38.6,1
bonus1,14.4,38.7,1
bonus1,14.4,39.1,2
bonus1,14.4,39.7,1
bonus1,14.4,40.6,1
bonus1,14.4,42.6,1
bonus1,14.4,42.8,1
bonus1,14.4,43.3,1
bonus1,14.4,43.5,1
bonus1,14.4,43.6,1
bonus1,14.4,43.7,1
bonus1,14.4,43.9,2
bonus1,14.4,44,1
bonus1,14.4,44.8,1
bonus1,14.4,45.1,1
bonus1,14.4,45.7,1
bonus1,14.4,45.9,1
bonus1,14.4,47,1
bonus1,14.4,47.1,1
bonus1,14.4,47.4,1
bonus1,14.4,47.9,1
bonus1,14.4,48.4,1
bonus1,14.4,49.4,1
bonus1,14.4,49.8,1
bonus1,14.4,50.8,1
bonus1,14.4,50.9,2
bonus1,14.4,51,1
bonus1,14.4,51.2,1
bonus1,14.4,51.4,1
bonus1,14.4,53.4,1
bonus1,14.4,54.1,1
bonus1,14.4,54.6,1
bonus1,14.4,55.4,1
bonus1,14.4,55.5,1
bonus1,14.4,55.7,1
bonus1,14.4,56.3,1
bonus1,14.4,56.5,2
bonus1,14.4,57,2
bonus1,14.4,57.6,1
bonus1,14.4,57.9,1
bonus1,14.4,60,2
bonus1,14.4,60.2,1
bonus1,14.4,60.9,2
bonus1,14.4,61.5,1
bonus1,14.4,61.6,1
bonus1,14.4,62,1
bonus1,14.4,62.3,1
bonus1,14.4,63,1
bonus1,14.4,64.6,1
bonus1,14.4,66.3,1
bonus1,14.4,66.7,1
bonus1,14.4,67.1,1
bonus1,14.4,67.3,1
bonus1,14.4,68.3,1
bonus1,14.4,69.3,1
bonus1,14.4,69.9,1
bonus1,14.4,70.7,1
bonus1,14.4,71.4,1
bonus1,14.4,72.3,1
bonus1,14.4,73.1,1
bonus1,14.4,74,1
bonus1,14.4,74.4,1
bonus1,14.4,75.1,1
bonus1,14.4,75.5,1
bonus1,14.4,76.3,1
bonus1,14.4,77,1
bonus1,14.4,77.1,1
bonus1,14.4,77.3,1
bonus1,14.4,77.4,1
bonus1,14.4,77.5,1
bonus1,14.4,77.6,1
bonus1,14.4,77.7,1
bonus1,14.4,78.2,1
bonus1,14.4,79.9,1
bonus1,14.4,80,1
bonus1,14.4,80.1,1
bonus1,14.4,80.3,1
bonus1,14.4,80.4,1
bonus1,14.4,80.5,1
bonus1,14.4,81.2,2
bonus1,14.4,81.3,1
bonus1,14.4,82.4,1
bonus1,14.4,82.8,1
bonus1,14.4,84.2,1
bonus1,14.4,84.9,1
bonus1,14.4,85,1
bonus1,14.4,86.4,1
bonus1,14.4,86.5,1
bonus1,14.4,86.9,1
bonus1,14.4,87.4,1
bonus1,14.4,87.5,1
bonus1,14.4,88.5,1
bonus1,14.4,90.9,1
bonus1,14.4,91.3,1
bonus1,14.4,92.7,1
bonus1,14.4,94.1,1
bonus1,14.4,94.4,1
bonus1,14.4,94.7,1
bonus1,14.4,97.4,1
bonus1,14.4,99.9,1
bonus1,16.1,1.4,1
bonus1,16.1,1.7,1
bonus1,16.1,1.9,1
bonus1,16.1,3.2,1
bonus1,16.1,3.9,1
bonus1,16.1,6.3,1
bonus1,16.1,7.5,1
bonus1,16.1,7.6,1
bonus1,16.1,8.7,1
bonus1,16.1,8.8,1
bonus1,16.1,9.1,1
bonus1,16.1,10,1
bonus1,16.1,11.1,1
bonus1,16.1,11.3,1
bonus1,16.1,11.6,1
bonus1,16.1,12,1
bonus1,16.1,12.3,1
bonus1,16.1,12.7,1
bonus1,16.1,13.1,1
bonus1,16.1,13.6,1
bonus1,16.1,16.1,1
bonus1,16.1,16.4,1
bonus1,16.1,17.1,1
bonus1,16.1,18,1
bonus1,16.1,18.3,2
bonus1,16.1,19.4,1
bonus1,16.1,20.4,1
bonus1,16.1,21,1
bonus1,16.1,21.3,1
bonus1,16.1,21.9,1
bonus1,16.1,22.1,1
bonus1,16.1,23.5,2
bonus1,16.1,23.9,1
bonus1,16.1,25,2
bonus1,16.1,25.7,2
bonus1,16.1,25.8,1
bonus1,16.1,28.2,1
bonus1,16.1,29.1,1
bonus1,16.1,29.9,1
bonus1,16.1,30.2,1
bonus1,16.1,30.3,1
bonus1,16.1,31.4,1
bonus1,16.1,31.7,1
bonus1,16.1,32.6,2
bonus1,16.1,34.1,1
bonus1,16.1,34.2,1
bonus1,16.1,35.5,1
bonus1,16.1,36.7,1
bonus1,16.1,38.5,1
bonus1,16.1,39,1
bonus1,16.1,39.9,1
bonus1,16.1,40.1,1
bonus1,16.1,40.5,1
bonus1,16.1,40.6,2
bonus1,16.1,41,1
bonus1,16.1,42.7,1
bonus1,16.1,44.4,1
bonus1,16.1,49.5,1
bonus1,16.1,49.9,1
bonus1,16.1,50.3,1
bonus1,16.1,50.6,1
bonus1,16.1,51,1
bonus1,16.1,51.1,1
bonus1,16.1,52,1
bonus1,16.1,53.3,1
bonus1,16.1,54.3,1
bonus1,16.1,54.4,1
bonus1,16.1,55,1
bonus1,16.1,56.2,1
bonus1,16.1,56.3,1
bonus1,16.1,57.4,1
bonus1,16.1,59,1
bonus1,16.1,60.5,1
bonus1,16.1,61,1
bonus1,16.1,61.5,1
bonus1,16.1,61.7,1
bonus1,16.1,61.9,1
bonus1,16.1,62.6,1
bonus1,16.1,62.8,1
bonus1,16.1,63.5,1
bonus1,16.1,64.5,1
bonus1,16.1,65.3,1
bonus1,16.1,65.6,1
bonus1,16.1,67.2,1
bonus1,16.1,67.9,1
bonus1,16.1,68.2,1
bonus1,16.1,68.6,1
bonus1,16.1,69.5,1
bonus1,16.1,69.7,1
bonus1,16.1,69.9,1
bonus1,16.1,70.8,1
bonus1,16.1,71.4,1
bonus1,16.1,72.9,1
bonus1,16.1,73.4,1
bonus1,16.1,73.8,1
bonus1,16.1,74.7,1
bonus1,16.1,75.4,1
bonus1,16.1,76.1,1
bonus1,16.1,76.2,1
bonus1,16.1,76.3,1
bonus1,16.1,79.4,1
bonus1,16.1,79.7,1
bonus1,16.1,81.6,1
bonus1,16.1,83,1
bonus1,16.1,83.3,1
bonus1,16.1,84,1
bonus1,16.1,84.5,1
bonus1,16.1,84.8,1
bonus1,16.1,85.9,1
bonus1,16.1,86.4,1
bonus1,16.1,87.6,1
bonus1,16.1,87.7,1
bonus1,16.1,87.8,2
bonus1,16.1,90,1
bonus1,16.1,90.4,1
bonus1,16.1,90.5,1
bonus1,16.1,91.8,1
bonus1,16.1,92.2,1
bonus1,16.1,92.4,1
bonus1,16.1,93.1,1
bonus1,16.1,96.7,1
bonus1,18.1,0.6,1
bonus1,18.1,2.1,1
bonus1,18.1,2.6,2
bonus1,18.1,3.3,3
bonus1,18.1,4,1
bonus1,18.1,4.1,1
bonus1,18.1,4.2,1
bonus1,18.1,4.4,2
bonus1,18.1,4.6,1
bonus1,18.1,4.9,1
bonus1,18.1,5.5,1
bonus1,18.1,6.2,1
bonus1,18.1,6.4,1
bonus1,18.1,6.6,1
bonus1,18.1,7.3,1
bonus1,18.1,8.3,1
bonus1,18.1,8.7,1
bonus1,18.1,8.8,2
bonus1,18.1,9.1,1
bonus1,18.1,9.4,1
bonus1,18.1,9.6,1
bonus1,18.1,9.7,1
bonus1,18.1,9.9,1
bonus1,18.1,10.4,1
bonus1,18.1,10.6,1
bonus1,18.1,12.3,1
bonus1,18.1,12.5,1
bonus1,18.1,13.1,1
bonus1,18.1,13.4,1
bonus1,18.1,14.3,1
bonus1,18.1,14.4,1
bonus1,18.1,14.6,1
bonus1,18.1,14.7,1
bonus1,18.1,15.1,1
bonus1,18.1,15.5,1
bonus1,18.1,15.6,1
bonus1,18.1,16,1
bonus1,18.1,16.3,1
bonus1,18.1,16.5,1
bonus1,18.1,16.9,2
bonus1,18.1,17,1
bonus1,18.1,17.7,3
bonus1,18.1,18.2,1
bonus1,18.1,19.1,1
bonus1,18.1,20,1
bonus1,18.1,20.1,1
bonus1,18.1,20.8,1
bonus1,18.1,21.2,1
bonus1,18.1,22,1
bonus1,18.1,22.1,1
bonus1,18.1,22.4,1
bonus1,18.1,22.5,1
bonus1,18.1,22.9,1
bonus1,18.1,23.4,1
bonus1,18.1,24.2,1
bonus1,18.1,24.7,1
bonus1,18.1,26,1
bonus1,18.1,26.7,1
bonus1,18.1,26.8,2
bonus1,18.1,27.1,1
bonus1,18.1,27.2,1
bonus1,18.1,27.3,1
bonus1,18.1,27.6,1
bonus1,18.1,28.5,1
bonus1,18.1,28.6,1
bonus1,18.1,29.6,2
bonus1,18.1,30,1
bonus1,18.1,30.4,2
bonus1,18.1,30.5,1
bonus1,18.1,31.1,1
bonus1,18.1,32.2,1
bonus1,18.1,32.6,2
bonus1,18.1,32.9,1
bonus1,18.1,33.1,2
bonus1,18.1,34,2
bonus1,18.1,34.1,1
bonus1,18.1,34.2,1
bonus1,18.1,34.9,1
bonus1,18.1,35.7,1
bonus1,18.1,36.1,1
bonus1,18.1,37,1
bonus1,18.1,37.2,1
bonus1,18.1,37.8,1
bonus1,18.1,38.6,1
bonus1,18.1,38.8,1
bonus1,18.1,40.4,1
bonus1,18.1,40.6,1
bonus1,18.1,41.5,1
bonus1,18.1,41.7,1
bonus1,18.1,41.8,1
bonus1,18.1,43.1,1
bonus1,18.1,43.2,1
bonus1,18.1,43.7,1
bonus1,18.1,44.1,1
bonus1,18.1,44.2,1
bonus1,18.1,44.3,1
bonus1,18.1,44.4,1
bonus1,18.1,44.5,1
bonus1,18.1,45.4,1
bonus1,18.1,46.3,1
bonus1,18.1,46.4,1
bonus1,18.1,46.6,1
bonus1,18.1,46.8,1
bonus1,18.1,46.9,1
bonus1,18.1,47,1
bonus1,18.1,47.4,1
bonus1,18.1,47.5,2
bonus1,18.1,48.1,1
bonus1,18.1,48.2,1
bonus1,18.1,49.1,1
bonus1,18.1,49.9,1
bonus1,18.1,50.1,1
bonus1,18.1,50.2,1
bonus1,18.1,50.5,2
bonus1,18.1,51.3,1
bonus1,18.1,51.6,2
bonus1,18.1,52,1
bonus1,18.1,52.8,1
bonus1,18.1,53.9,1
bonus1,18.1,54.5,1
bonus1,18.1,54.6,2
bonus1,18.1,55,1
bonus1,18.1,55.3,1
bonus1,18.1,55.5,1
bonus1,18.1,55.6,1
bonus1,18.1,55.8,2
bonus1,18.1,56.3,1
bonus1,18.1,56.6,1
bonus1,18.1,57.3,2
bonus1,18.1,57.5,1
bonus1,18.1,58.4,1
bonus1,18.1,59.1,1
bonus1,18.1,59.7,1
bonus1,18.1,59.8,1
bonus1,18.1,61,1
bonus1,18.1,61.6,1
bonus1,18.1,62.1,1
bonus1,18.1,62.2,1
bonus1,18.1,62.5,1
bonus1,18.1,63.3,1
bonus1,18.1,64.5,1
bonus1,18.1,65.3,1
bonus1,18.1,65.4,1
bonus1,18.1,67.1,1
bonus1,18.1,67.6,1
bonus1,18.1,68,1
bonus1,18.1,68.4,1
bonus1,18.1,68.6,2
bonus1,18.1,68.8,1
bonus1,18.1,69.1,1
bonus1,18.1,69.4,1
bonus1,18.1,70.2,1
bonus1,18.1,70.7,1
bonus1,18.1,70.9,1
bonus1,18.1,71.1,1
bonus1,18.1,71.4,1
bonus1,18.1,71.9,1
bonus1,18.1,72.3,1
bonus1,18.1,72.7,1
bonus1,18.1,73,1
bonus1,18.1,73.2,1
bonus1,18.1,73.8,1
bonus1,18.1,74.7,1
bonus1,18.1,74.8,2
bonus1,18.1,75.7,1
bonus1,18.1,76.1,1
bonus1,18.1,76.3,1
bonus1,18.1,76.4,1
bonus1,18.1,76.7,1
bonus1,18.1,76.9,1
bonus1,18.1,78.6,1
bonus1,18.1,78.7,1
bonus1,18.1,80.1,1
bonus1,18.1,80.5,1
bonus1,18.1,80.6,1
bonus1,18.1,80.7,1
bonus1,18.1,81,1
bonus1,18.1,81.1,1
bonus1,18.1,81.2,1
bonus1,18.1,81.4,1
bonus1,18.1,81.6,1
bonus1,18.1,81.8,1
bonus1,18.1,82.2,1
bonus1,18.1,83,2
bonus1,18.1,83.9,1
bonus1,18.1,84.4,3
bonus1,18.1,84.7,1
bonus1,18.1,84.8,1
bonus1,18.1,85.3,1
bonus1,18.1,85.7,1
bonus1,18.1,86.4,1
bonus1,18.1,86.6,1
bonus1,18.1,87.5,1
bonus1,18.1,88.2,1
bonus1,18.1,89.1,1
bonus1,18.1,89.5,1
bonus1,18.1,89.6,1
bonus1,18.1,90,1
bonus1,18.1,90.2,1
bonus1,18.1,91.3,1
bonus1,18.1,91.4,1
bonus1,18.1,91.7,1
bonus1,18.1,92.8,1
bonus1,18.1,93.1,1
bonus1,18.1,94,1
bonus1,18.1,94.3,1
bonus1,18.1,94.4,1
bonus1,18.1,95.3,1
bonus1,18.1,96,1
bonus1,18.1,96.1,1
bonus1,18.1,97.7,1
bonus1,18.1,98.1,1
bonus1,18.1,99.6,1
bonus1,18.1,99.7,1
bonus1,20.3,0.2,1
bonus1,20.3,0.3,2
bonus1,20.3,1,1
bonus1,20.3,1.4,1
bonus1,20.3,2.4,2
bonus1,20.3,2.6,1
bonus1,20.3,2.8,1
bonus1,20.3,3.2,1
bonus1,20.3,5.5,1
bonus1,20.3,5.7,1
bonus1,20.3,6.4,1
bonus1,20.3,6.7,1
bonus1,20.3,7,1
bonus1,20.3,7.1,1
bonus1,20.3,7.2,1
bonus1,20.3,7.8,1
bonus1,20.3,8.4,2
bonus1,20.3,9.3,1
bonus1,20.3,9.6,1
bonus1,20.3,10.5,1
bonus1,20.3,11.1,1
bonus1,20.3,11.3,1
bonus1,20.3,11.8,1
bonus1,20.3,12,1
bonus1,20.3,12.3,1
bonus1,20.3,12.4,1
bonus1,20.3,13.1,1
bonus1,20.3,14.4,1
bonus1,20.3,15.2,1
bonus1,20.3,15.3,1
bonus1,20.3,15.5,1
bonus1,20.3,16,1
bonus1,20.3,17,1
bonus1,20.3,17.4,1
bonus1,20.3,17.6,1
bonus1,20.3,18,1
bonus1,20.3,18.3,1
bonus1,20.3,19.5,1
bonus1,20.3,20.2,1
bonus1,20.3,21.2,2
bonus1,20.3,23.9,1
bonus1,20.3,24,1
bonus1,20.3,24.1,1
bonus1,20.3,24.5,1
bonus1,20.3,25,1
bonus1,20.3,25.5,1
bonus1,20.3,26.1,1
bonus1,20.3,26.2,1
bonus1,20.3,26.4,1
bonus1,20.3,26.5,1
bonus1,20.3,27.3,1
bonus1,20.3,27.6,2
bonus1,20.3,27.7,1
bonus1,20.3,28,1
bonus1,20.3,28.5,1
bonus1,20.3,29,1
bonus1,20.3,29.2,1
bonus1,20.3,29.5,1
bonus1,20.3,29.7,1
bonus1,20.3,29.9,1
bonus1,20.3,30,2
bonus1,20.3,30.6,2
bonus1,20.3,31.7,1
bonus1,20.3,32.5,1
bonus1,20.3,33,1
bonus1,20.3,33.1,1
bonus1,20.3,33.5,1
bonus1,20.3,34.2,1
bonus1,20.3,34.6,1
bonus1,20.3,34.8,1
bonus1,20.3,36.5,1
bonus1,20.3,37.2,1
bonus1,20.3,37.4,1
bonus1,20.3,38.2,1
bonus1,20.3,38.5,1
bonus1,20.3,38.9,1
bonus1,20.3,39.8,1
bonus1,20.3,40.1,1
bonus1,20.3,40.3,1
bonus1,20.3,41.9,1
bonus1,20.3,42,3
bonus1,20.3,43.9,1
bonus1,20.3,45.1,1
bonus1,20.3,45.6,1
bonus1,20.3,45.8,1
bonus1,20.3,47.7,1
bonus1,20.3,47.9,1
bonus1,20.3,49.6,1
bonus1,20.3,50.2,1
bonus1,20.3,50.3,1
bonus1,20.3,50.8,1
bonus1,20.3,51.8,1
bonus1,20.3,52,1
bonus1,20.3,52.4,2
bonus1,20.3,52.5,1
bonus1,20.3,52.9,1
bonus1,20.3,53.2,1
bonus1,20.3,53.3,1
bonus1,20.3,53.5,1
bonus1,20.3,57.7,1
bonus1,20.3,58.1,1
bonus1,20.3,58.4,1
bonus1,20.3,59.3,2
bonus1,20.3,59.4,1
bonus1,20.3,59.8,1
bonus1,20.3,62.1,1
bonus1,20.3,63,1
bonus1,20.3,64,1
bonus1,20.3,64.4,1
bonus1,20.3,64.8,1
bonus1,20.3,65,1
bonus1,20.3,65.4,1
bonus1,20.3,65.8,1
bonus1,20.3,66.3,1
bonus1,20.3,66.7,1
bonus1,20.3,67.4,1
bonus1,20.3,67.5,1
bonus1,20.3,67.7,1
bonus1,20.3,68.2,1
bonus1,20.3,69.1,1
bonus1,20.3,69.7,1
bonus1,20.3,70.4,1
bonus1,20.3,70.7,1
bonus1,20.3,70.9,1
bonus1,20.3,71.2,1
bonus1,20.3,72.2,1
bonus1,20.3,73.3,1
bonus1,20.3,73.7,2
bonus1,20.3,74.2,1
bonus1,20.3,75.9,1
bonus1,20.3,76,1
bonus1,20.3,76.5,1
bonus1,20.3,76.8,1
bonus1,20.3,77.7,2
bonus1,20.3,78,1
bonus1,20.3,78.2,1
bonus1,20.3,79.7,1
bonus1,20.3,80,1
bonus1,20.3,80.1,2
bonus1,20.3,80.7,1
bonus1,20.3,82.6,1
bonus1,20.3,84.3,1
bonus1,20.3,85.2,1
bonus1,20.3,86.5,2
bonus1,20.3,86.6,1
bonus1,20.3,87,1
bonus1,20.3,88.4,1
bonus1,20.3,88.6,1
bonus1,20.3,89.5,1
bonus1,20.3,89.7,1
bonus1,20.3,89.8,1
bonus1,20.3,91.1,1
bonus1,20.3,91.6,1
bonus1,20.3,92.9,1
bonus1,20.3,93,1
bonus1,20.3,94.7,1
bonus1,20.3,94.9,1
bonus1,20.3,97,1
bonus1,20.3,99.4,1
bonus1,22.8,1.3,1
bonus1,22.8,1.5,1
bonus1,22.8,1.9,1
bonus1,22.8,2.1,2
bonus1,22.8,3.5,2
bonus1,22.8,3.6,1
bonus1,22.8,3.8,1
bonus1,22.8,4,2
bonus1,22.8,4.4,1
bonus1,22.8,4.8,1
bonus1,22.8,5.1,1
bonus1,22.8,5.2,1
bonus1,22.8,6,1
bonus1,22.8,6.1,1
bonus1,22.8,6.3,1
bonus1,22.8,6.4,1
bonus1,22.8,6.9,2
bonus1,22.8,7.8,1
bonus1,22.8,7.9,1
bonus1,22.8,8,1
bonus1,22.8,8.2,1
bonus1,22.8,8.5,1
bonus1,22.8,8.6,1
bonus1,22.8,9,1
bonus1,22.8,9.3,1
bonus1,22.8,9.4,1
bonus1,22.8,9.5,1
bonus1,22.8,9.9,1
bonus1,22.8,10,1
bonus1,22.8,10.2,1
bonus1,22.8,10.5,1
bonus1,22.8,10.6,1
bonus1,22.8,10.7,1
bonus1,22.8,10.9,1
bonus1,22.8,11.2,2
bonus1,22.8,11.3,1
bonus1,22.8,11.8,1
bonus1,22.8,12.4,1
bonus1,22.8,12.6,1
bonus1,22.8,12.9,1
bonus1,22.8,13.3,2
bonus1,22.8,13.4,1
bonus1,22.8,13.7,1
bonus1,22.8,13.9,1
bonus1,22.8,14,1
bonus1,22.8,14.1,1
bonus1,22.8,14.4,2
bonus1,22.8,14.7,1
bonus1,22.8,14.9,1
bonus1,22.8,15.3,1
bonus1,22.8,15.6,1
bonus1,22.8,16.6,1
bonus1,22.8,16.7,1
bonus1,22.8,16.9,1
bonus1,22.8,17.4,1
bonus1,22.8,17.5,2
bonus1,22.8,17.6,2
bonus1,22.8,17.9,1
bonus1,22.8,19,1
bonus1,22.8,19.7,1
bonus1,22.8,19.8,1
bonus1,22.8,19.9,1
bonus1,22.8,20,1
bonus1,22.8,20.5,1
bonus1,22.8,20.6,1
bonus1,22.8,20.8,1
bonus1,22.8,21,1
bonus1,22.8,21.2,1
bonus1,22.8,21.4,2
bonus1,22.8,21.9,1
bonus1,22.8,22,1
bonus1,22.8,22.4,1
bonus1,22.8,22.5,1
bonus1,22.8,23,1
bonus1,22.8,23.1,1
bonus1,22.8,23.2,1
bonus1,22.8,23.6,1
bonus1,22.8,23.8,1
bonus1,22.8,24.1,1
bonus1,22.8,24.7,1
bonus1,22.8,26.7,1
bonus1,22.8,27.4,1
bonus1,22.8,27.6,1
bonus1,22.8,28.4,1
bonus1,22.8,28.9,1
bonus1,22.8,29.3,1
bonus1,22.8,30.5,1
bonus1,22.8,30.9,1
bonus1,22.8,31.1,1
bonus1,22.8,31.3,2
bonus1,22.8,31.5,1
bonus1,22.8,31.6,2
bonus1,22.8,31.7,1
bonus1,22.8,32.1,1
bonus1,22.8,32.3,1
bonus1,22.8,32.6,1
bonus1,22.8,33.1,1
bonus1,22.8,33.4,1
bonus1,22.8,34.5,1
bonus1,22.8,35.4,1
bonus1,22.8,35.6,1
bonus1,22.8,35.7,1
bonus1,22.8,35.9,1
bonus1,22.8,36,1
bonus1,22.8,36.4,1
bonus1,22.8,37.4,1
bonus1,22.8,37.8,1
bonus1,22.8,38,3
bonus1,22.8,38.1,1
bonus1,22.8,38.3,2
bonus1,22.8,38.6,1
bonus1,22.8,39,1
bonus1,22.8,39.1,1
bonus1,22.8,39.2,1
bonus1,22.8,39.6,1
bonus1,22.8,39.9,2
bonus1,22.8,40.7,1
bonus1,22.8,40.8,1
bonus1,22.8,40.9,1
bonus1,22.8,41,1
bonus1,22.8,41.8,1
bonus1,22.8,42.2,1
bonus1,22.8,42.9,1
bonus1,22.8,43.2,1
bonus1,22.8,43.3,1
bonus1,22.8,43.7,1
bonus1,22.8,44.2,1
bonus1,22.8,44.3,1
bonus1,22.8,44.4,1
bonus1,22.8,44.6,1
bonus1,22.8,44.7,1
bonus1,22.8,44.8,1
bonus1,22.8,44.9,1
bonus1,22.8,45.9,1
bonus1,22.8,46.3,2
bonus1,22.8,46.4,1
bonus1,22.8,46.5,1
bonus1,22.8,46.9,1
bonus1,22.8,47.8,1
bonus1,22.8,48.2,1
bonus1,22.8,48.9,1
bonus1,22.8,49.5,1
bonus1,22.8,50.2,1
bonus1,22.8,50.4,1
bonus1,22.8,50.7,1
bonus1,22.8,51.1,1
bonus1,22.8,51.7,1
bonus1,22.8,52.2,1
bonus1,22.8,52.3,1
bonus1,22.8,52.6,1
bonus1,22.8,52.7,1
bonus1,22.8,52.9,1
bonus1,22.8,53.2,1
bonus1,22.8,53.5,1
bonus1,22.8,53.6,1
bonus1,22.8,54.2,1
bonus1,22.8,54.4,1
bonus1,22.8,54.5,1
bonus1,22.8,55.6,1
bonus1,22.8,55.8,1
bonus1,22.8,56.1,3
bonus1,22.8,56.3,1
bonus1,22.8,56.4,1
bonus1,22.8,56.5,1
bonus1,22.8,56.6,1
bonus1,22.8,56.8,1
bonus1,22.8,56.9,1
bonus1,22.8,57.8,2
bonus1,22.8,58.2,1
bonus1,22.8,58.9,1
bonus1,22.8,59,1
bonus1,22.8,59.5,1
bonus1,22.8,59.9,1
bonus1,22.8,60.3,2
bonus1,22.8,60.5,1
bonus1,22.8,60.6,1
bonus1,22.8,60.7,2
bonus1,22.8,61.1,1
bonus1,22.8,61.2,1
bonus1,22.8,62,2
bonus1,22.8,62.1,1
bonus1,22.8,62.4,1
bonus1,22.8,63.2,1
bonus1,22.8,63.9,1
bonus1,22.8,64.1,1
bonus1,22.8,64.4,1
bonus1,22.8,64.5,1
bonus1,22.8,64.8,1
bonus1,22.8,65.8,1
bonus1,22.8,65.9,1
bonus1,22.8,66.1,1
bonus1,22.8,66.2,2
bonus1,22.8,66.9,1
bonus1,22.8,67.2,1
bonus1,22.8,68,1
bonus1,22.8,68.2,1
bonus1,22.8,68.5,1
bonus1,22.8,69.3,1
bonus1,22.8,70.3,1
bonus1,22.8,70.5,1
bonus1,22.8,70.6,1
bonus1,22.8,70.7,1
bonus1,22.8,71,2
bonus1,22.8,71.4,1
bonus1,22.8,71.7,1
bonus1,22.8,71.8,3
bonus1,22.8,72,1
bonus1,22.8,72.5,2
bonus1,22.8,73,1
bonus1,22.8,73.1,1
bonus1,22.8,73.2,2
bonus1,22.8,73.4,1
bonus1,22.8,73.5,1
bonus1,22.8,74,1
bonus1,22.8,74.1,1
bonus1,22.8,74.7,1
bonus1,22.8,75,1
bonus1,22.8,75.1,1
bonus1,22.8,75.2,1
bonus1,22.8,75.4,1
bonus1,22.8,75.6,1
bonus1,22.8,75.8,1
bonus1,22.8,75.9,1
bonus1,22.8,76.8,1
bonus1,22.8,76.9,1
bonus1,22.8,77.2,1
bonus1,22.8,77.9,1
bonus1,22.8,78.4,1
bonus1,22.8,78.6,1
bonus1,22.8,79.5,1
bonus1,22.8,79.8,1
bonus1,22.8,80.9,1
bonus1,22.8,81.9,2
bonus1,22.8,82.2,1
bonus1,22.8,82.4,1
bonus1,22.8,82.5,1
bonus1,22.8,83.2,1
bonus1,22.8,84.3,1
bonus1,22.8,85.5,1
bonus1,22.8,85.6,2
bonus1,22.8,86.5,1
bonus1,22.8,87,1
bonus1,22.8,87.2,1
bonus1,22.8,87.7,1
bonus1,22.8,87.9,1
bonus1,22.8,88.8,1
bonus1,22.8,88.9,1
bonus1,22.8,89.2,2
bonus1,22.8,90.1,1
bonus1,22.8,90.4,2
bonus1,22.8,91.1,2
bonus1,22.8,93.5,1
bonus1,22.8,93.6,1
bonus1,22.8,93.7,1
bonus1,22.8,94.7,1
bonus1,22.8,94.9,1
bonus1,22.8,95.1,1
bonus1,22.8,96.7,1
bonus1,22.8,96.9,1
bonus1,22.8,97.3,1
bonus1,22.8,98.5,1
bonus1,25.4,0.1,1
bonus1,25.4,0.2,1
bonus1,25.4,0.9,1
bonus1,25.4,1.3,1
bonus1,25.4,1.6,2
bonus1,25.4,1.8,1
bonus1,25.4,3.2,1
bonus1,25.4,4.1,1
bonus1,25.4,4.3,1
bonus1,25.4,5.1,1
bonus1,25.4,5.5,1
bonus1,25.4,6.5,1
bonus1,25.4,7.2,1
bonus1,25.4,7.5,1
bonus1,25.4,8.3,1
bonus1,25.4,9.4,1
bonus1,25.4,9.7,1
bonus1,25.4,10.9,1
bonus1,25.4,11.5,1
bonus1,25.4,12.1,1
bonus1,25.4,12.5,1
bonus1,25.4,13.9,1
bonus1,25.4,14.3,1
bonus1,25.4,14.5,1
bonus1,25.4,15.4,1
bonus1,25.4,15.7,1
bonus1,25.4,16.5,1
bonus1,25.4,17.5,1
bonus1,25.4,17.9,1
bonus1,25.4,18.1,1
bonus1,25.4,18.5,1
bonus1,25.4,18.6,2
bonus1,25.4,19.1,1
bonus1,25.4,20.3,1
bonus1,25.4,20.9,1
bonus1,25.4,21,1
bonus1,25.4,21.7,1
bonus1,25.4,21.9,1
bonus1,25.4,22.1,2
bonus1,25.4,22.5,1
bonus1,25.4,22.7,1
bonus1,25.4,22.8,1
bonus1,25.4,23.2,1
bonus1,25.4,23.5,1
bonus1,25.4,23.6,1
bonus1,25.4,24.2,1
bonus1,25.4,24.8,3
bonus1,25.4,25.7,1
bonus1,25.4,25.9,1
bonus1,25.4,27.6,1
bonus1,25.4,27.9,1
bonus1,25.4,28.9,2
bonus1,25.4,29,1
bonus1,25.4,29.3,1
bonus1,25.4,29.6,1
bonus1,25.4,30.7,2
bonus1,25.4,31.1,1
bonus1,25.4,31.8,1
bonus1,25.4,32.2,1
bonus1,25.4,32.4,1
bonus1,25.4,32.7,1
bonus1,25.4,33.1,1
bonus1,25.4,33.3,1
bonus1,25.4,33.9,1
bonus1,25.4,34.4,1
bonus1,25.4,34.8,1
bonus1,25.4,35.6,1
bonus1,25.4,35.7,1
bonus1,25.4,35.9,1
bonus1,25.4,36,1
bonus1,25.4,36.3,1
bonus1,25.4,36.6,1
bonus1,25.4,37.5,1
bonus1,25.4,37.7,1
bonus1,25.4,38,1
bonus1,25.4,39.1,3
bonus1,25.4,39.4,1
bonus1,25.4,39.5,1
bonus1,25.4,39.6,1
bonus1,25.4,40,1
bonus1,25.4,40.3,1
bonus1,25.4,41.2,1
bonus1,25.4,42.3,1
bonus1,25.4,42.6,2
bonus1,25.4,42.7,1
bonus1,25.4,43,1
bonus1,25.4,43.1,2
bonus1,25.4,43.2,1
bonus1,25.4,43.6,1
bonus1,25.4,44.4,1
bonus1,25.4,45.1,1
bonus1,25.4,45.5,1
bonus1,25.4,45.6,1
bonus1,25.4,47.7,1
bonus1,25.4,48.1,1
bonus1,25.4,48.4,1
bonus1,25.4,48.6,1
bonus1,25.4,48.9,1
bonus1,25.4,50.8,2
bonus1,25.4,51.1,1
bonus1,25.4,51.4,1
bonus1,25.4,51.5,1
bonus1,25.4,51.9,2
bonus1,25.4,52.5,1
bonus1,25.4,53.7,1
bonus1,25.4,53.8,2
bonus1,25.4,54.1,1
bonus1,25.4,54.3,1
bonus1,25.4,54.9,1
bonus1,25.4,56,1
bonus1,25.4,56.6,1
bonus1,25.4,57,1
bonus1,25.4,57.1,1
bonus1,25.4,57.3,1
bonus1,25.4,57.4,1
bonus1,25.4,58.1,1
bonus1,25.4,58.2,1
bonus1,25.4,58.7,1
bonus1,25.4,58.8,1
bonus1,25.4,59.6,2
bonus1,25.4,59.7,1
bonus1,25.4,60.3,1
bonus1,25.4,61,1
bonus1,25.4,61.3,1
bonus1,25.4,61.8,1
bonus1,25.4,61.9,2
bonus1,25.4,62.2,1
bonus1,25.4,62.6,1
bonus1,25.4,62.7,2
bonus1,25.4,62.8,1
bonus1,25.4,63.3,1
bonus1,25.4,63.6,1
bonus1,25.4,63.7,1
bonus1,25.4,63.9,1
bonus1,25.4,64.2,1
bonus1,25.4,65.1,1
bonus1,25.4,65.3,1
bonus1,25.4,65.5,1
bonus1,25.4,65.8,1
bonus1,25.4,66,2
bonus1,25.4,67.1,1
bonus1,25.4,67.8,1
bonus1,25.4,68.4,1
bonus1,25.4,68.8,1
bonus1,25.4,69,1
bonus1,25.4,70,1
bonus1,25.4,70.3,1
bonus1,25.4,71.9,1
bonus1,25.4,73,1
bonus1,25.4,74,1
bonus1,25.4,76.3,1
bonus1,25.4,78.4,1
bonus1,25.4,78.5,1
bonus1,25.4,78.9,1
bonus1,25.4,79.2,1
bonus1,25.4,79.8,1
bonus1,25.4,80.2,1
bonus1,25.4,80.4,1
bonus1,25.4,81.1,1
bonus1,25.4,81.5,1
bonus1,25.4,82.1,1
bonus1,25.4,83,1
bonus1,25.4,84,1
bonus1,25.4,85.4,1
bonus1,25.4,86.7,1
bonus1,25.4,87,1
bonus1,25.4,88.2,1
bonus1,25.4,88.8,1
bonus1,25.4,89.3,3
bonus1,25.4,89.6,1
bonus1,25.4,90,2
bonus1,25.4,90.6,1
bonus1,25.4,92.3,1
bonus1,25.4,92.5,1
bonus1,25.4,92.7,1
bonus1,25.4,92.9,1
bonus1,25.4,93.7,1
bonus1,25.4,94,1
bonus1,25.4,96.6,1
bonus1,25.4,97.8,1
bonus1,28.3,0.2,1
bonus1,28.3,0.5,1
bonus1,28.3,0.7,1
bonus1,28.3,0.9,2
bonus1,28.3,1.2,1
bonus1,28.3,1.5,1
bonus1,28.3,2.1,1
bonus1,28.3,3.2,1
bonus1,28.3,3.4,1
bonus1,28.3,3.9,3
bonus1,28.3,4.4,1
bonus1,28.3,4.5,1
bonus1,28.3,4.9,1
bonus1,28.3,5.1,1
bonus1,28.3,5.2,1
bonus1,28.3,5.6,1
bonus1,28.3,6,2
bonus1,28.3,6.1,1
bonus1,28.3,6.2,1
bonus1,28.3,6.7,1
bonus1,28.3,7.3,1
bonus1,28.3,7.4,1
bonus1,28.3,7.8,2
bonus1,28.3,8.1,1
bonus1,28.3,8.2,1
bonus1,28.3,8.3,1
bonus1,28.3,8.5,1
bonus1,28.3,8.7,1
bonus1,28.3,8.9,1
bonus1,28.3,9,1
bonus1,28.3,9.2,2
bonus1,28.3,9.7,1
bonus1,28.3,9.8,1
bonus1,28.3,10.7,2
bonus1,28.3,11,1
bonus1,28.3,11.1,2
bonus1,28.3,11.2,2
bonus1,28.3,11.6,2
bonus1,28.3,11.7,1
bonus1,28.3,11.8,1
bonus1,28.3,12,1
bonus1,28.3,12.2,2
bonus1,28.3,12.3,1
bonus1,28.3,12.4,2
bonus1,28.3,12.5,1
bonus1,28.3,13.2,1
bonus1,28.3,13.5,1
bonus1,28.3,13.9,1
bonus1,28.3,14,2
bonus1,28.3,14.5,1
bonus1,28.3,14.7,1
bonus1,28.3,15,1
bonus1,28.3,15.1,1
bonus1,28.3,15.2,1
bonus1,28.3,15.4,1
bonus1,28.3,15.5,2
bonus1,28.3,15.9,1
bonus1,28.3,16.1,2
bonus1,28.3,16.2,1
bonus1,28.3,16.4,1
bonus1,28.3,16.5,1
bonus1,28.3,17.1,1
bonus1,28.3,17.3,1
bonus1,28.3,17.9,2
bonus1,28.3,18.2,1
bonus1,28.3,18.3,2
bonus1,28.3,18.4,2
bonus1,28.3,18.7,1
bonus1,28.3,18.8,1
bonus1,28.3,18.9,1
bonus1,28.3,19.2,1
bonus1,28.3,19.5,1
bonus1,28.3,19.9,1
bonus1,28.3,20,2
bonus1,28.3,20.5,2
bonus1,28.3,20.8,2
bonus1,28.3,20.9,2
bonus1,28.3,21.1,1
bonus1,28.3,21.2,1
bonus1,28.3,21.4,1
bonus1,28.3,22,1
bonus1,28.3,22.8,2
bonus1,28.3,22.9,1
bonus1,28.3,23.5,1
bonus1,28.3,23.6,1
bonus1,28.3,24.1,1
bonus1,28.3,24.4,1
bonus1,28.3,24.9,1
bonus1,28.3,25.1,1
bonus1,28.3,25.5,1
bonus1,28.3,25.6,1
bonus1,28.3,25.7,1
bonus1,28.3,25.8,1
bonus1,28.3,25.9,1
bonus1,28.3,26.2,1
bonus1,28.3,26.5,1
bonus1,28.3,26.7,1
bonus1,28.3,26.8,1
bonus1,28.3,27,1
bonus1,28.3,27.1,1
bonus1,28.3,27.9,1
bonus1,28.3,28.1,1
bonus1,28.3,28.3,1
bonus1,28.3,28.4,1
bonus1,28.3,28.7,1
bonus1,28.3,29.5,1
bonus1,28.3,29.7,1
bonus1,28.3,30.1,2
bonus1,28.3,30.3,1
bonus1,28.3,30.7,1
bonus1,28.3,30.8,1
bonus1,28.3,31,3
bonus1,28.3,31.9,1
bonus1,28.3,32.5,1
bonus1,28.3,33.3,1
bonus1,28.3,33.6,2
bonus1,28.3,34,1
bonus1,28.3,34.2,1
bonus1,28.3,34.7,1
bonus1,28.3,34.9,3
bonus1,28.3,35.4,1
bonus1,28.3,36.1,1
bonus1,28.3,36.6,1
bonus1,28.3,36.8,1
bonus1,28.3,37.6,1
bonus1,28.3,38.4,1
bonus1,28.3,39.2,2
bonus1,28.3,39.5,1
bonus1,28.3,39.6,1
bonus1,28.3,40,2
bonus1,28.3,40.1,1
bonus1,28.3,40.2,1
bonus1,28.3,40.8,1
bonus1,28.3,41.1,1
bonus1,28.3,41.2,1
bonus1,28.3,41.5,1
bonus1,28.3,41.6,1
bonus1,28.3,42.1,1
bonus1,28.3,42.5,1
bonus1,28.3,42.8,1
bonus1,28.3,43.3,1
bonus1,28.3,43.6,1
bonus1,28.3,43.7,1
bonus1,28.3,43.9,2
bonus1,28.3,44,2
bonus1,28.3,44.4,1
bonus1,28.3,45,2
bonus1,28.3,45.3,1
bonus1,28.3,45.8,1
bonus1,28.3,45.9,1
bonus1,28.3,46.2,1
bonus1,28.3,46.5,1
bonus1,28.3,46.6,1
bonus1,28.3,46.7,1
bonus1,28.3,47.1,1
bonus1,28.3,47.4,1
bonus1,28.3,48.5,2
bonus1,28.3,48.8,1
bonus1,28.3,49.4,2
bonus1,28.3,49.7,1
bonus1,28.3,50.2,1
bonus1,28.3,50.4,1
bonus1,28.3,50.5,1
bonus1,28.3,51.5,2
bonus1,28.3,52,2
bonus1,28.3,52.1,1
bonus1,28.3,52.6,1
bonus1,28.3,52.7,1
bonus1,28.3,53,1
bonus1,28.3,53.3,2
bonus1,28.3,53.7,2
bonus1,28.3,54.9,1
bonus1,28.3,55.4,1
bonus1,28.3,55.7,1
bonus1,28.3,55.8,1
bonus1,28.3,55.9,1
bonus1,28.3,56,3
bonus1,28.3,56.3,1
bonus1,28.3,56.4,1
bonus1,28.3,56.7,1
bonus1,28.3,57.2,1
bonus1,28.3,57.4,1
bonus1,28.3,57.5,1
bonus1,28.3,57.6,2
bonus1,28.3,57.7,1
bonus1,28.3,58.6,1
bonus1,28.3,58.8,1
bonus1,28.3,59,1
bonus1,28.3,59.3,1
bonus1,28.3,59.6,1
bonus1,28.3,59.7,1
bonus1,28.3,59.8,1
bonus1,28.3,60.1,1
bonus1,28.3,60.6,1
bonus1,28.3,60.9,1
bonus1,28.3,61.8,1
bonus1,28.3,62.1,1
bonus1,28.3,62.2,1
bonus1,28.3,62.7,1
bonus1,28.3,63.5,1
bonus1,28.3,63.6,1
bonus1,28.3,64.6,1
bonus1,28.3,64.7,1
bonus1,28.3,65,1
bonus1,28.3,65.2,1
bonus1,28.3,65.3,1
bonus1,28.3,65.4,1
bonus1,28.3,65.8,1
bonus1,28.3,65.9,1
bonus1,28.3,66.9,2
bonus1,28.3,67.7,1
bonus1,28.3,67.9,2
bonus1,28.3,68.3,1
bonus1,28.3,68.4,1
bonus1,28.3,68.5,1
bonus1,28.3,68.6,1
bonus1,28.3,68.8,1
bonus1,28.3,69.5,1
bonus1,28.3,69.8,2
bonus1,28.3,70.2,1
bonus1,28.3,70.3,1
bonus1,28.3,70.7,1
bonus1,28.3,71,2
bonus1,28.3,71.5,1
bonus1,28.3,71.9,1
bonus1,28.3,72.6,1
bonus1,28.3,73.3,2
bonus1,28.3,73.7,1
bonus1,28.3,73.9,1
bonus1,28.3,74,1
bonus1,28.3,75,1
bonus1,28.3,75.7,1
bonus1,28.3,76,1
bonus1,28.3,76.3,2
bonus1,28.3,76.6,1
bonus1,28.3,76.7,1
bonus1,28.3,77.1,1
bonus1,28.3,77.4,1
bonus1,28.3,77.6,1
bonus1,28.3,77.7,1
bonus1,28.3,78,1
bonus1,28.3,79.3,2
bonus1,28.3,79.5,1
bonus1,28.3,79.7,1
bonus1,28.3,81.1,1
bonus1,28.3,81.6,1
bonus1,28.3,82.1,1
bonus1,28.3,82.9,1
bonus1,28.3,83.1,1
bonus1,28.3,83.8,1
bonus1,28.3,84.1,1
bonus1,28.3,85,1
bonus1,28.3,85.2,1
bonus1,28.3,85.4,2
bonus1,28.3,85.6,1
bonus1,28.3,85.7,1
bonus1,28.3,85.9,1
bonus1,28.3,86.1,1
bonus1,28.3,86.4,1
bonus1,28.3,86.7,1
bonus1,28.3,86.9,1
bonus1,28.3,87.1,2
bonus1,28.3,87.6,2
bonus1,28.3,88.2,1
bonus1,28.3,88.3,1
bonus1,28.3,88.6,1
bonus1,28.3,88.9,1
bonus1,28.3,89.3,1
bonus1,28.3,89.9,1
bonus1,28.3,90,1
bonus1,28.3,91.5,2
bonus1,28.3,91.6,1
bonus1,28.3,93.7,2
bonus1,28.3,94.5,1
bonus1,28.3,96.1,1
bonus1,28.3,96.6,1
bonus1,28.3,97.1,1
bonus1,28.3,98.8,1
bonus1,28.3,99.3,1
bonus1,31.3,0.4,1
bonus1,31.3,0.7,1
bonus1,31.3,0.8,1
bonus1,31.3,1,1
bonus1,31.3,1.3,1
bonus1,31.3,1.4,1
bonus1,31.3,1.6,1
bonus1,31.3,1.9,1
bonus1,31.3,2.5,1
bonus1,31.3,2.8,1
bonus1,31.3,3.5,1
bonus1,31.3,3.7,1
bonus1,31.3,3.8,1
bonus1,31.3,4.8,1
bonus1,31.3,5.9,2
bonus1,31.3,6.3,1
bonus1,31.3,6.7,1
bonus1,31.3,7.5,2
bonus1,31.3,7.9,1
bonus1,31.3,8,1
bonus1,31.3,8.4,2
bonus1,31.3,8.5,1
bonus1,31.3,8.6,1
bonus1,31.3,8.8,1
bonus1,31.3,8.9,1
bonus1,31.3,9.1,1
bonus1,31.3,9.5,1
bonus1,31.3,9.6,1
bonus1,31.3,10.2,1
bonus1,31.3,10.5,1
bonus1,31.3,10.8,1
bonus1,31.3,10.9,1
bonus1,31.3,11.8,1
bonus1,31.3,12.2,1
bonus1,31.3,13.9,1
bonus1,31.3,14.4,1
bonus1,31.3,14.8,1
bonus1,31.3,16.1,1
bonus1,31.3,16.2,1
bonus1,31.3,16.3,1
bonus1,31.3,17.1,2
bonus1,31.3,17.3,1
bonus1,31.3,17.4,1
bonus1,31.3,17.8,1
bonus1,31.3,18.3,1
bonus1,31.3,18.5,1
bonus1,31.3,18.9,1
bonus1,31.3,19,1
bonus1,31.3,19.4,1
bonus1,31.3,19.5,3
bonus1,31.3,19.9,1
bonus1,31.3,21.3,1
bonus1,31.3,22.3,1
bonus1,31.3,22.4,1
bonus1,31.3,22.6,1
bonus1,31.3,22.7,1
bonus1,31.3,23,1
bonus1,31.3,23.2,1
bonus1,31.3,23.4,1
bonus1,31.3,24.3,1
bonus1,31.3,24.5,1
bonus1,31.3,24.6,1
bonus1,31.3,25,1
bonus1,31.3,25.1,2
bonus1,31.3,26.6,1
bonus1,31.3,27.8,1
bonus1,31.3,28.2,1
bonus1,31.3,28.3,1
bonus1,31.3,28.8,1
bonus1,31.3,29.3,1
bonus1,31.3,30.1,2
bonus1,31.3,30.7,1
bonus1,31.3,31,1
bonus1,31.3,31.5,1
bonus1,31.3,31.8,1
bonus1,31.3,32.5,1
bonus1,31.3,32.7,2
bonus1,31.3,33,1
bonus1,31.3,33.3,1
bonus1,31.3,33.8,1
bonus1,31.3,34.6,1
bonus1,31.3,35.8,1
bonus1,31.3,36.5,1
bonus1,31.3,36.9,2
bonus1,31.3,37.3,1
bonus1,31.3,37.7,1
bonus1,31.3,38.1,1
bonus1,31.3,38.2,1
bonus1,31.3,39.3,1
bonus1,31.3,41,1
bonus1,31.3,41.1,2
bonus1,31.3,41.3,1
bonus1,31.3,41.4,1
bonus1,31.3,41.5,1
bonus1,31.3,41.8,1
bonus1,31.3,41.9,1
bonus1,31.3,42.2,1
bonus1,31.3,42.5,1
bonus1,31.3,42.6,1
bonus1,31.3,43,1
bonus1,31.3,43.3,1
bonus1,31.3,43.9,1
bonus1,31.3,44.3,1
bonus1,31.3,44.6,2
bonus1,31.3,44.7,1
bonus1,31.3,44.9,1
bonus1,31.3,45.1,1
bonus1,31.3,45.5,1
bonus1,31.3,45.6,1
bonus1,31.3,46.6,1
bonus1,31.3,47.1,1
bonus1,31.3,47.3,1
bonus1,31.3,47.4,1
bonus1,31.3,47.8,1
bonus1,31.3,48,1
bonus1,31.3,48.3,2
bonus1,31.3,48.4,1
bonus1,31.3,49.8,1
bonus1,31.3,49.9,1
bonus1,31.3,50.6,2
bonus1,31.3,51,1
bonus1,31.3,51.1,1
bonus1,31.3,51.8,2
bonus1,31.3,51.9,1
bonus1,31.3,52.3,1
bonus1,31.3,52.6,1
bonus1,31.3,53.6,1
bonus1,31.3,54,1
bonus1,31.3,54.1,1
bonus1,31.3,54.4,1
bonus1,31.3,54.7,1
bonus1,31.3,54.9,1
bonus1,31.3,55.1,1
bonus1,31.3,55.3,1
bonus1,31.3,55.6,1
bonus1,31.3,55.7,1
bonus1,31.3,56.8,1
bonus1,31.3,57.2,1
bonus1,31.3,57.5,2
bonus1,31.3,58,2
bonus1,31.3,58.5,1
bonus1,31.3,59.7,1
bonus1,31.3,59.9,1
bonus1,31.3,60.3,1
bonus1,31.3,60.6,1
bonus1,31.3,61.1,1
bonus1,31.3,61.2,1
bonus1,31.3,61.7,1
bonus1,31.3,62,1
bonus1,31.3,62.1,1
bonus1,31.3,62.2,1
bonus1,31.3,62.4,1
bonus1,31.3,62.5,1
bonus1,31.3,62.7,1
bonus1,31.3,62.8,1
bonus1,31.3,63.6,1
bonus1,31.3,63.7,1
bonus1,31.3,64.4,1
bonus1,31.3,64.8,2
bonus1,31.3,65.4,1
bonus1,31.3,65.5,1
bonus1,31.3,65.6,1
bonus1,31.3,66.1,1
bonus1,31.3,66.8,1
bonus1,31.3,67.3,1
bonus1,31.3,68,2
bonus1,31.3,68.9,1
bonus1,31.3,69.1,1
bonus1,31.3,69.3,1
bonus1,31.3,70.5,1
bonus1,31.3,71.1,1
bonus1,31.3,71.7,1
bonus1,31.3,72,1
bonus1,31.3,72.4,1
bonus1,31.3,72.8,2
bonus1,31.3,74,1
bonus1,31.3,74.9,2
bonus1,31.3,75.3,1
bonus1,31.3,75.6,2
bonus1,31.3,76.2,1
bonus1,31.3,77.1,1
bonus1,31.3,77.3,1
bonus1,31.3,77.5,1
bonus1,31.3,78.3,2
bonus1,31.3,78.5,1
bonus1,31.3,79.1,1
bonus1,31.3,79.5,1
bonus1,31.3,80.2,1
bonus1,31.3,80.5,1
bonus1,31.3,80.6,1
bonus1,31.3,81.6,1
bonus1,31.3,82.4,1
bonus1,31.3,82.8,1
bonus1,31.3,83.9,1
bonus1,31.3,84,1
bonus1,31.3,84.4,1
bonus1,31.3,84.5,1
bonus1,31.3,85,1
bonus1,31.3,86.1,1
bonus1,31.3,87.3,1
bonus1,31.3,87.6,1
bonus1,31.3,88,1
bonus1,31.3,88.3,1
bonus1,31.3,88.4,1
bonus1,31.3,88.6,1
bonus1,31.3,90.2,1
bonus1,31.3,90.3,1
bonus1,31.3,91.5,1
bonus1,31.3,91.8,1
bonus1,31.3,92.6,3
bonus1,31.3,93.3,1
bonus1,31.3,93.5,2
bonus1,31.3,94,1
bonus1,31.3,94.8,1
bonus1,31.3,95.1,1
bonus1,31.3,95.9,1
bonus1,31.3,97.5,1
bonus1,31.3,99.5,1
bonus1,35,0.2,2
bonus1,35,0.3,1
bonus1,35,0.4,1
bonus1,35,0.5,2
bonus1,35,0.8,1
bonus1,35,1,3
bonus1,35,1.1,1
bonus1,35,1.4,1
bonus1,35,1.5,1
bonus1,35,1.8,1
bonus1,35,2,1
bonus1,35,2.2,1
bonus1,35,2.4,1
bonus1,35,2.5,1
bonus1,35,3.1,2
bonus1,35,3.2,1
bonus1,35,3.8,1
bonus1,35,3.9,1
bonus1,35,4,1
bonus1,35,4.1,1
bonus1,35,4.4,1
bonus1,35,4.5,2
bonus1,35,4.7,3
bonus1,35,5.2,1
bonus1,35,5.8,1
bonus1,35,6,2
bonus1,35,6.2,1
bonus1,35,6.3,1
bonus1,35,6.5,1
bonus1,35,6.6,1
bonus1,35,6.8,2
bonus1,35,7,1
bonus1,35,7.1,1
bonus1,35,7.2,1
bonus1,35,7.3,1
bonus1,35,7.4,2
bonus1,35,7.7,1
bonus1,35,8,2
bonus1,35,8.1,3
bonus1,35,8.2,1
bonus1,35,8.6,1
bonus1,35,8.8,1
bonus1,35,9.2,2
bonus1,35,9.3,2
bonus1,35,9.5,1
bonus1,35,9.6,1
bonus1,35,9.8,1
bonus1,35,9.9,1
bonus1,35,10,1
bonus1,35,10.5,1
bonus1,35,10.7,1
bonus1,35,11,1
bonus1,35,11.1,1
bonus1,35,11.2,2
bonus1,35,11.3,1
bonus1,35,11.6,1
bonus1,35,11.7,1
bonus1,35,12,1
bonus1,35,12.1,1
bonus1,35,12.4,1
bonus1,35,12.7,1
bonus1,35,12.8,1
bonus1,35,13.1,1
bonus1,35,13.2,1
bonus1,35,13.8,1
bonus1,35,14.1,2
bonus1,35,14.3,1
bonus1,35,14.4,1
bonus1,35,14.6,1
bonus1,35,14.7,2
bonus1,35,14.8,2
bonus1,35,15,1
bonus1,35,15.1,2
bonus1,35,15.3,1
bonus1,35,15.4,2
bonus1,35,15.5,1
bonus1,35,15.6,2
bonus1,35,15.7,1
bonus1,35,16,1
bonus1,35,16.5,1
bonus1,35,16.7,1
bonus1,35,16.8,1
bonus1,35,16.9,1
bonus1,35,17.6,2
bonus1,35,17.8,2
bonus1,35,18.2,1
bonus1,35,18.4,1
bonus1,35,18.8,1
bonus1,35,19.1,1
bonus1,35,19.2,1
bonus1,35,19.3,1
bonus1,35,19.5,1
bonus1,35,19.6,1
bonus1,35,19.7,4
bonus1,35,19.8,1
bonus1,35,20,1
bonus1,35,20.2,1
bonus1,35,20.3,1
bonus1,35,20.4,1
bonus1,35,20.5,2
bonus1,35,20.8,1
bonus1,35,20.9,1
bonus1,35,21,1
bonus1,35,21.2,2
bonus1,35,21.3,1
bonus1,35,21.6,1
bonus1,35,21.7,1
bonus1,35,22.1,2
bonus1,35,22.3,1
bonus1,35,22.4,1
bonus1,35,22.7,1
bonus1,35,22.8,1
bonus1,35,22.9,1
bonus1,35,23,1
bonus1,35,23.2,2
bonus1,35,23.4,1
bonus1,35,23.7,1
bonus1,35,23.8,1
bonus1,35,23.9,2
bonus1,35,24.3,1
bonus1,35,24.4,1
bonus1,35,24.5,1
bonus1,35,24.9,1
bonus1,35,25,2
bonus1,35,25.4,1
bonus1,35,25.5,2
bonus1,35,25.6,1
bonus1,35,25.9,1
bonus1,35,26,2
bonus1,35,26.2,1
bonus1,35,26.8,1
bonus1,35,27.1,1
bonus1,35,27.2,1
bonus1,35,27.3,2
bonus1,35,27.4,1
bonus1,35,27.7,1
bonus1,35,28.1,1
bonus1,35,28.3,1
bonus1,35,28.5,1
bonus1,35,28.7,2
bonus1,35,28.8,1
bonus1,35,29,1
bonus1,35,29.1,1
bonus1,35,29.2,1
bonus1,35,29.9,1
bonus1,35,30.2,1
bonus1,35,30.3,1
bonus1,35,30.4,2
bonus1,35,30.9,2
bonus1,35,31.2,1
bonus1,35,31.4,1
bonus1,35,31.5,1
bonus1,35,32.2,2
bonus1,35,32.4,1
bonus1,35,32.5,2
bonus1,35,32.7,1
bonus1,35,32.9,1
bonus1,35,33.5,2
bonus1,35,34.1,1
bonus1,35,34.3,3
bonus1,35,34.4,1
bonus1,35,34.5,1
bonus1,35,34.7,1
bonus1,35,35,1
bonus1,35,35.3,1
bonus1,35,35.4,1
bonus1,35,35.7,1
bonus1,35,35.9,1
bonus1,35,36,1
bonus1,35,36.1,1
bonus1,35,36.2,1
bonus1,35,36.3,1
bonus1,35,36.5,2
bonus1,35,36.6,1
bonus1,35,36.7,1
bonus1,35,37,1
bonus1,35,37.4,1
bonus1,35,37.9,1
bonus1,35,38.7,2
bonus1,35,39.3,1
bonus1,35,39.6,3
bonus1,35,39.7,1
bonus1,35,40.1,1
bonus1,35,40.3,1
bonus1,35,40.6,1
bonus1,35,40.9,2
bonus1,35,41.4,1
bonus1,35,42,1
bonus1,35,42.1,1
bonus1,35,42.4,1
bonus1,35,42.5,1
bonus1,35,43.2,2
bonus1,35,43.6,2
bonus1,35,44.4,2
bonus1,35,44.5,2
bonus1,35,44.6,1
bonus1,35,45.3,2
bonus1,35,45.9,1
bonus1,35,46,1
bonus1,35,46.2,1
bonus1,35,46.3,2
bonus1,35,46.5,1
bonus1,35,46.6,1
bonus1,35,46.7,1
bonus1,35,47.1,1
bonus1,35,47.3,1
bonus1,35,47.5,1
bonus1,35,48,1
bonus1,35,48.2,1
bonus1,35,49.2,1
bonus1,35,49.8,1
bonus1,35,50.1,1
bonus1,35,50.7,2
bonus1,35,51,1
bonus1,35,51.2,1
bonus1,35,51.4,1
bonus1,35,51.5,1
bonus1,35,51.6,2
bonus1,35,52.2,2
bonus1,35,52.5,1
bonus1,35,52.9,1
bonus1,35,53.1,1
bonus1,35,53.2,1
bonus1,35,53.8,1
bonus1,35,54.2,2
bonus1,35,54.6,2
bonus1,35,54.9,1
bonus1,35,55.1,1
bonus1,35,55.2,1
bonus1,35,56.9,1
bonus1,35,57.1,1
bonus1,35,57.4,1
bonus1,35,57.6,2
bonus1,35,57.7,1
bonus1,35,58.2,1
bonus1,35,58.4,1
bonus1,35,58.6,2
bonus1,35,58.7,1
bonus1,35,59,2
bonus1,35,59.1,1
bonus1,35,59.5,1
bonus1,35,59.6,1
bonus1,35,60,1
bonus1,35,60.1,2
bonus1,35,60.6,1
bonus1,35,61,2
bonus1,35,61.5,1
bonus1,35,61.7,1
bonus1,35,61.9,1
bonus1,35,62.3,2
bonus1,35,62.6,1
bonus1,35,62.9,1
bonus1,35,63.5,2
bonus1,35,63.8,1
bonus1,35,63.9,1
bonus1,35,64,1
bonus1,35,64.2,1
bonus1,35,64.4,1
bonus1,35,64.5,1
bonus1,35,64.6,1
bonus1,35,64.7,1
bonus1,35,65.3,1
bonus1,35,66.8,2
bonus1,35,66.9,1
bonus1,35,67,1
bonus1,35,67.2,1
bonus1,35,67.3,1
bonus1,35,67.4,1
bonus1,35,67.5,1
bonus1,35,67.9,1
bonus1,35,68.5,1
bonus1,35,68.9,2
bonus1,35,69,1
bonus1,35,69.1,1
bonus1,35,69.3,1
bonus1,35,69.6,2
bonus1,35,69.8,3
bonus1,35,70.1,2
bonus1,35,70.3,1
bonus1,35,71.3,1
bonus1,35,71.7,1
bonus1,35,72.2,2
bonus1,35,72.5,1
bonus1,35,74.1,1
bonus1,35,74.2,1
bonus1,35,74.3,2
bonus1,35,74.4,2
bonus1,35,74.8,1
bonus1,35,74.9,1
bonus1,35,75,1
bonus1,35,75.1,1
bonus1,35,75.4,1
bonus1,35,75.6,1
bonus1,35,75.8,1
bonus1,35,76,1
bonus1,35,76.4,1
bonus1,35,76.5,1
bonus1,35,76.7,1
bonus1,35,76.8,1
bonus1,35,76.9,2
bonus1,35,77.2,2
bonus1,35,77.3,1
bonus1,35,77.4,1
bonus1,35,77.5,2
bonus1,35,77.8,2
bonus1,35,78.7,1
bonus1,35,79,1
bonus1,35,79.1,1
bonus1,35,79.3,1
bonus1,35,79.9,1
bonus1,35,80,1
bonus1,35,80.1,1
bonus1,35,80.3,1
bonus1,35,80.4,1
bonus1,35,80.8,1
bonus1,35,81,1
bonus1,35,81.2,1
bonus1,35,81.6,2
bonus1,35,81.7,2
bonus1,35,81.8,1
bonus1,35,82.4,1
bonus1,35,82.7,1
bonus1,35,83.1,1
bonus1,35,83.9,1
bonus1,35,84.1,1
bonus1,35,84.2,1
bonus1,35,84.6,1
bonus1,35,85.6,2
bonus1,35,85.9,1
bonus1,35,86.7,1
bonus1,35,86.8,1
bonus1,35,87.3,1
bonus1,35,87.7,1
bonus1,35,88.7,1
bonus1,35,89.1,1
bonus1,35,89.2,2
bonus1,35,89.9,1
bonus1,35,90,1
bonus1,35,90.6,1
bonus1,35,90.7,1
bonus1,35,91.6,1
bonus1,35,91.7,1
bonus1,35,91.8,1
bonus1,35,92,1
bonus1,35,92.1,1
bonus1,35,92.8,1
bonus1,35,93,1
bonus1,35,93.1,1
bonus1,35,93.4,1
bonus1,35,93.6,1
bonus1,35,93.8,1
bonus1,35,94,1
bonus1,35,94.3,1
bonus1,35,94.4,1
bonus1,35,94.5,1
bonus1,35,94.8,1
bonus1,35,95.5,1
bonus1,35,96,2
bonus1,35,96.1,1
bonus1,35,96.4,1
bonus1,35,97.8,1
bonus1,35,97.9,1
bonus1,35,98,1
bonus1,35,98.3,1
bonus1,35,98.8,2
bonus1,35,99.2,1
bonus1,38.9,0.1,1
bonus1,38.9,0.3,1
bonus1,38.9,1.1,1
bonus1,38.9,2,1
bonus1,38.9,2.5,1
bonus1,38.9,2.6,1
bonus1,38.9,2.8,1
bonus1,38.9,3.5,1
bonus1,38.9,3.6,1
bonus1,38.9,3.8,1
bonus1,38.9,4.1,1
bonus1,38.9,4.6,1
bonus1,38.9,4.7,2
bonus1,38.9,5.3,1
bonus1,38.9,5.4,3
bonus1,38.9,5.8,1
bonus1,38.9,5.9,1
bonus1,38.9,7.3,1
bonus1,38.9,7.7,1
bonus1,38.9,8.2,1
bonus1,38.9,8.4,1
bonus1,38.9,8.7,1
bonus1,38.9,9.1,1
bonus1,38.9,10.2,1
bonus1,38.9,10.3,1
bonus1,38.9,10.4,1
bonus1,38.9,11,1
bonus1,38.9,11.4,1
bonus1,38.9,11.7,1
bonus1,38.9,12.1,2
bonus1,38.9,12.2,1
bonus1,38.9,12.8,2
bonus1,38.9,12.9,1
bonus1,38.9,13.4,2
bonus1,38.9,13.5,1
bonus1,38.9,13.8,1
bonus1,38.9,14.3,1
bonus1,38.9,14.4,1
bonus1,38.9,15.3,1
bonus1,38.9,15.5,1
bonus1,38.9,15.9,2
bonus1,38.9,16,1
bonus1,38.9,16.3,1
bonus1,38.9,16.7,1
bonus1,38.9,17.4,1
bonus1,38.9,17.8,1
bonus1,38.9,17.9,1
bonus1,38.9,18.1,1
bonus1,38.9,18.6,1
bonus1,38.9,18.8,1
bonus1,38.9,19.2,1
bonus1,38.9,19.4,1
bonus1,38.9,20.5,1
bonus1,38.9,20.7,3
bonus1,38.9,20.9,1
bonus1,38.9,21.5,1
bonus1,38.9,21.7,1
bonus1,38.9,21.8,1
bonus1,38.9,21.9,1
bonus1,38.9,22.3,2
bonus1,38.9,22.8,3
bonus1,38.9,22.9,2
bonus1,38.9,23,1
bonus1,38.9,23.7,2
bonus1,38.9,24.5,1
bonus1,38.9,24.8,1
bonus1,38.9,25.2,2
bonus1,38.9,25.5,1
bonus1,38.9,25.8,1
bonus1,38.9,26.1,1
bonus1,38.9,26.3,1
bonus1,38.9,26.5,1
bonus1,38.9,26.9,3
bonus1,38.9,27,1
bonus1,38.9,27.5,1
bonus1,38.9,28,1
bonus1,38.9,28.2,1
bonus1,38.9,28.4,1
bonus1,38.9,28.9,1
bonus1,38.9,30,1
bonus1,38.9,31,1
bonus1,38.9,31.3,1
bonus1,38.9,32.1,2
bonus1,38.9,32.6,1
bonus1,38.9,33.1,1
bonus1,38.9,33.4,2
bonus1,38.9,33.9,1
bonus1,38.9,34.6,1
bonus1,38.9,35.1,1
bonus1,38.9,35.8,1
bonus1,38.9,35.9,1
bonus1,38.9,36.1,1
bonus1,38.9,36.3,1
bonus1,38.9,36.4,1
bonus1,38.9,36.5,1
bonus1,38.9,36.6,1
bonus1,38.9,36.9,1
bonus1,38.9,37.2,1
bonus1,38.9,37.5,2
bonus1,38.9,38.2,1
bonus1,38.9,38.4,1
bonus1,38.9,38.5,1
bonus1,38.9,39.2,3
bonus1,38.9,39.3,1
bonus1,38.9,39.4,1
bonus1,38.9,40,1
bonus1,38.9,40.5,1
bonus1,38.9,40.8,1
bonus1,38.9,40.9,1
bonus1,38.9,41.3,1
bonus1,38.9,41.5,1
bonus1,38.9,42.3,1
bonus1,38.9,42.4,1
bonus1,38.9,43.2,1
bonus1,38.9,44.2,2
bonus1,38.9,44.5,1
bonus1,38.9,45.3,1
bonus1,38.9,45.4,1
bonus1,38.9,45.5,1
bonus1,38.9,45.6,1
bonus1,38.9,46,1
bonus1,38.9,46.1,1
bonus1,38.9,47,1
bonus1,38.9,47.1,1
bonus1,38.9,47.9,1
bonus1,38.9,48.4,1
bonus1,38.9,48.5,1
bonus1,38.9,48.6,1
bonus1,38.9,48.9,1
bonus1,38.9,49,1
bonus1,38.9,49.3,2
bonus1,38.9,49.6,1
bonus1,38.9,49.8,1
bonus1,38.9,50.4,1
bonus1,38.9,50.9,1
bonus1,38.9,51.1,1
bonus1,38.9,51.2,1
bonus1,38.9,52.5,1
bonus1,38.9,52.8,1
bonus1,38.9,53.6,1
bonus1,38.9,53.8,1
bonus1,38.9,56.4,1
bonus1,38.9,56.7,1
bonus1,38.9,58,1
bonus1,38.9,58.1,1
bonus1,38.9,58.2,1
bonus1,38.9,58.7,1
bonus1,38.9,59,1
bonus1,38.9,59.3,1
bonus1,38.9,59.6,2
bonus1,38.9,59.7,1
bonus1,38.9,60.2,1
bonus1,38.9,60.8,2
bonus1,38.9,60.9,1
bonus1,38.9,62.4,1
bonus1,38.9,62.6,1
bonus1,38.9,63.2,1
bonus1,38.9,63.3,2
bonus1,38.9,63.4,1
bonus1,38.9,64.1,1
bonus1,38.9,64.3,1
bonus1,38.9,64.4,1
bonus1,38.9,64.8,1
bonus1,38.9,65.1,2
bonus1,38.9,65.9,2
bonus1,38.9,66,1
bonus1,38.9,66.5,1
bonus1,38.9,66.8,1
bonus1,38.9,67.4,1
bonus1,38.9,67.6,1
bonus1,38.9,67.7,1
bonus1,38.9,67.9,1
bonus1,38.9,68.3,1
bonus1,38.9,68.5,1
bonus1,38.9,68.7,1
bonus1,38.9,68.8,1
bonus1,38.9,69.3,1
bonus1,38.9,69.5,1
bonus1,38.9,69.6,1
bonus1,38.9,69.7,1
bonus1,38.9,70,1
bonus1,38.9,70.1,1
bonus1,38.9,70.3,1
bonus1,38.9,70.8,1
bonus1,38.9,71,1
bonus1,38.9,71.3,1
bonus1,38.9,71.5,1
bonus1,38.9,71.7,1
bonus1,38.9,71.9,1
bonus1,38.9,72.7,1
bonus1,38.9,72.9,1
bonus1,38.9,73.7,1
bonus1,38.9,73.8,1
bonus1,38.9,73.9,1
bonus1,38.9,74,1
bonus1,38.9,74.5,1
bonus1,38.9,74.6,1
bonus1,38.9,74.9,1
bonus1,38.9,75.1,1
bonus1,38.9,75.3,1
bonus1,38.9,75.9,1
bonus1,38.9,78.3,1
bonus1,38.9,78.6,2
bonus1,38.9,79,1
bonus1,38.9,79.1,1
bonus1,38.9,80.6,1
bonus1,38.9,80.7,1
bonus1,38.9,81.6,2
bonus1,38.9,81.8,1
bonus1,38.9,83.2,1
bonus1,38.9,83.6,1
bonus1,38.9,84.5,1
bonus1,38.9,84.6,1
bonus1,38.9,84.9,1
bonus1,38.9,85.8,2
bonus1,38.9,86,1
bonus1,38.9,86.3,1
bonus1,38.9,86.4,1
bonus1,38.9,86.7,1
bonus1,38.9,86.8,1
bonus1,38.9,87.2,1
bonus1,38.9,87.3,1
bonus1,38.9,87.8,1
bonus1,38.9,89,1
bonus1,38.9,89.1,1
bonus1,38.9,89.5,1
bonus1,38.9,90.2,1
bonus1,38.9,90.5,1
bonus1,38.9,91.2,1
bonus1,38.9,92.5,1
bonus1,38.9,94.1,1
bonus1,38.9,94.6,1
bonus1,38.9,95,1
bonus1,38.9,95.1,1
bonus1,38.9,95.3,1
bonus1,38.9,95.6,1
bonus1,38.9,95.8,1
bonus1,38.9,95.9,1
bonus1,38.9,96.2,1
bonus1,38.9,98,1
bonus1,38.9,99,1
bonus1,38.9,99.4,2
bonus1,38.9,99.8,1
bonus1,43.5,0,1
bonus1,43.5,0.1,1
bonus1,43.5,0.4,2
bonus1,43.5,0.5,1
bonus1,43.5,0.6,1
bonus1,43.5,0.7,1
bonus1,43.5,0.8,1
bonus1,43.5,0.9,1
bonus1,43.5,1.1,1
bonus1,43.5,1.2,1
bonus1,43.5,1.3,3
bonus1,43.5,1.5,2
bonus1,43.5,1.9,1
bonus1,43.5,2,1
bonus1,43.5,2.1,1
bonus1,43.5,2.2,3
bonus1,43.5,2.6,1
bonus1,43.5,2.7,3
bonus1,43.5,2.8,2
bonus1,43.5,3,2
bonus1,43.5,3.2,2
bonus1,43.5,3.4,1
bonus1,43.5,3.5,1
bonus1,43.5,3.6,1
bonus1,43.5,3.7,1
bonus1,43.5,3.8,2
bonus1,43.5,3.9,1
bonus1,43.5,4.1,1
bonus1,43.5,4.2,2
bonus1,43.5,4.4,2
bonus1,43.5,4.5,3
bonus1,43.5,4.6,1
bonus1,43.5,4.7,1
bonus1,43.5,5,2
bonus1,43.5,5.2,2
bonus1,43.5,5.3,1
bonus1,43.5,5.8,4
bonus1,43.5,5.9,1
bonus1,43.5,6.1,1
bonus1,43.5,6.4,3
bonus1,43.5,6.5,2
bonus1,43.5,6.6,3
bonus1,43.5,6.8,2
bonus1,43.5,6.9,2
bonus1,43.5,7.3,2
bonus1,43.5,7.4,3
bonus1,43.5,7.7,1
bonus1,43.5,7.8,1
bonus1,43.5,7.9,1
bonus1,43.5,8,1
bonus1,43.5,8.5,3
bonus1,43.5,8.6,1
bonus1,43.5,8.8,1
bonus1,43.5,9,2
bonus1,43.5,9.4,2
bonus1,43.5,9.7,1
bonus1,43.5,9.9,1
bonus1,43.5,10,1
bonus1,43.5,10.1,1
bonus1,43.5,10.7,1
bonus1,43.5,10.9,1
bonus1,43.5,11,1
bonus1,43.5,11.2,1
bonus1,43.5,11.3,1
bonus1,43.5,11.4,3
bonus1,43.5,11.6,1
bonus1,43.5,12,1
bonus1,43.5,12.1,1
bonus1,43.5,12.4,1
bonus1,43.5,12.5,1
bonus1,43.5,12.6,1
bonus1,43.5,12.7,1
bonus1,43.5,12.8,1
bonus1,43.5,13,1
bonus1,43.5,13.1,1
bonus1,43.5,13.4,1
bonus1,43.5,13.8,1
bonus1,43.5,13.9,2
bonus1,43.5,14,1
bonus1,43.5,14.4,1
bonus1,43.5,14.7,1
bonus1,43.5,14.8,1
bonus1,43.5,14.9,1
bonus1,43.5,15,1
bonus1,43.5,15.3,1
bonus1,43.5,15.4,1
bonus1,43.5,15.6,1
bonus1,43.5,16,2
bonus1,43.5,16.3,1
bonus1,43.5,16.4,1
bonus1,43.5,16.5,1
bonus1,43.5,16.6,1
bonus1,43.5,16.7,1
bonus1,43.5,17,3
bonus1,43.5,17.2,1
bonus1,43.5,17.3,2
bonus1,43.5,17.4,1
bonus1,43.5,17.5,2
bonus1,43.5,17.9,1
bonus1,43.5,18.5,1
bonus1,43.5,18.8,1
bonus1,43.5,18.9,1
bonus1,43.5,19,1
bonus1,43.5,19.2,2
bonus1,43.5,19.3,1
bonus1,43.5,19.4,1
bonus1,43.5,19.6,1
bonus1,43.5,19.9,3
bonus1,43.5,20.1,1
bonus1,43.5,20.3,1
bonus1,43.5,20.4,1
bonus1,43.5,20.6,1
bonus1,43.5,20.8,1
bonus1,43.5,21,1
bonus1,43.5,21.3,1
bonus1,43.5,21.4,4
bonus1,43.5,21.5,1
bonus1,43.5,21.6,1
bonus1,43.5,21.9,4
bonus1,43.5,22,2
bonus1,43.5,22.3,1
bonus1,43.5,22.9,2
bonus1,43.5,23.1,1
bonus1,43.5,23.4,1
bonus1,43.5,23.6,1
bonus1,43.5,23.7,2
bonus1,43.5,23.9,1
bonus1,43.5,24.2,2
bonus1,43.5,24.3,1
bonus1,43.5,24.4,1
bonus1,43.5,24.8,1
bonus1,43.5,24.9,1
bonus1,43.5,25.2,1
bonus1,43.5,25.6,1
bonus1,43.5,25.7,1
bonus1,43.5,26.1,1
bonus1,43.5,26.2,1
bonus1,43.5,26.3,1
bonus1,43.5,26.4,1
bonus1,43.5,26.6,1
bonus1,43.5,26.7,1
bonus1,43.5,26.8,1
bonus1,43.5,27,1
bonus1,43.5,27.1,1
bonus1,43.5,27.2,1
bonus1,43.5,27.4,4
bonus1,43.5,27.5,1
bonus1,43.5,27.9,1
bonus1,43.5,28.1,2
bonus1,43.5,28.3,1
bonus1,43.5,28.4,1
bonus1,43.5,28.5,1
bonus1,43.5,28.8,2
bonus1,43.5,29.1,1
bonus1,43.5,29.3,1
bonus1,43.5,29.4,2
bonus1,43.5,29.8,1
bonus1,43.5,30,2
bonus1,43.5,30.3,2
bonus1,43.5,30.6,1
bonus1,43.5,30.8,1
bonus1,43.5,31.1,1
bonus1,43.5,31.2,2
bonus1,43.5,31.3,1
bonus1,43.5,31.4,1
bonus1,43.5,31.7,1
bonus1,43.5,32.1,1
bonus1,43.5,32.3,2
bonus1,43.5,32.8,2
bonus1,43.5,33.2,1
bonus1,43.5,33.5,1
bonus1,43.5,33.7,1
bonus1,43.5,33.8,1
bonus1,43.5,33.9,1
bonus1,43.5,34.7,1
bonus1,43.5,35.3,1
bonus1,43.5,35.6,2
bonus1,43.5,36.1,1
bonus1,43.5,36.2,1
bonus1,43.5,36.4,1
bonus1,43.5,36.5,2
bonus1,43.5,36.6,1
bonus1,43.5,36.7,2
bonus1,43.5,36.8,1
bonus1,43.5,37.2,1
bonus1,43.5,37.3,2
bonus1,43.5,37.4,1
bonus1,43.5,37.9,4
bonus1,43.5,38,1
bonus1,43.5,38.1,1
bonus1,43.5,38.2,1
bonus1,43.5,38.3,1
bonus1,43.5,38.7,2
bonus1,43.5,39,1
bonus1,43.5,39.1,1
bonus1,43.5,39.4,2
bonus1,43.5,39.6,1
bonus1,43.5,40.2,1
bonus1,43.5,40.3,1
bonus1,43.5,40.9,1
bonus1,43.5,41,1
bonus1,43.5,41.1,1
bonus1,43.5,41.7,1
bonus1,43.5,41.8,2
bonus1,43.5,42.2,1
bonus1,43.5,42.3,1
bonus1,43.5,42.5,2
bonus1,43.5,42.9,1
bonus1,43.5,43,2
bonus1,43.5,43.3,1
bonus1,43.5,43.5,1
bonus1,43.5,43.7,1
bonus1,43.5,43.8,1
bonus1,43.5,44.4,1
bonus1,43.5,44.9,2
bonus1,43.5,45.4,1
bonus1,43.5,45.5,1
bonus1,43.5,45.6,2
bonus1,43.5,45.7,1
bonus1,43.5,45.8,1
bonus1,43.5,46,2
bonus1,43.5,46.1,2
bonus1,43.5,46.2,1
bonus1,43.5,46.8,1
bonus1,43.5,47,1
bonus1,43.5,47.3,1
bonus1,43.5,47.7,1
bonus1,43.5,47.8,2
bonus1,43.5,47.9,1
bonus1,43.5,48.1,1
bonus1,43.5,48.3,1
bonus1,43.5,48.5,2
bonus1,43.5,48.7,1
bonus1,43.5,49,1
bonus1,43.5,49.3,2
bonus1,43.5,49.4,1
bonus1,43.5,49.5,1
bonus1,43.5,49.6,1
bonus1,43.5,49.9,1
bonus1,43.5,50.3,2
bonus1,43.5,50.4,1
bonus1,43.5,50.5,1
bonus1,43.5,51.2,1
bonus1,43.5,51.4,1
bonus1,43.5,51.5,1
bonus1,43.5,51.6,1
bonus1,43.5,51.7,1
bonus1,43.5,52,1
bonus1,43.5,52.2,2
bonus1,43.5,52.3,1
bonus1,43.5,52.4,1
bonus1,43.5,52.6,1
bonus1,43.5,52.7,1
bonus1,43.5,52.8,1
bonus1,43.5,53.2,1
bonus1,43.5,53.3,2
bonus1,43.5,53.4,2
bonus1,43.5,53.5,1
bonus1,43.5,53.7,2
bonus1,43.5,54,2
bonus1,43.5,54.2,1
bonus1,43.5,54.3,1
bonus1,43.5,54.5,3
bonus1,43.5,54.9,1
bonus1,43.5,55.1,1
bonus1,43.5,55.2,1
bonus1,43.5,55.4,1
bonus1,43.5,55.7,1
bonus1,43.5,55.8,1
bonus1,43.5,55.9,1
bonus1,43.5,56.1,1
bonus1,43.5,56.3,1
bonus1,43.5,56.4,1
bonus1,43.5,56.7,1
bonus1,43.5,57,2
bonus1,43.5,57.1,2
bonus1,43.5,57.8,1
bonus1,43.5,57.9,2
bonus1,43.5,58,1
bonus1,43.5,58.3,1
bonus1,43.5,58.4,1
bonus1,43.5,58.7,2
bonus1,43.5,58.8,1
bonus1,43.5,59.3,1
bonus1,43.5,59.9,1
bonus1,43.5,60,1
bonus1,43.5,60.7,1
bonus1,43.5,61.3,1
bonus1,43.5,61.4,2
bonus1,43.5,61.5,1
bonus1,43.5,61.8,2
bonus1,43.5,62.4,1
bonus1,43.5,62.6,1
bonus1,43.5,62.7,2
bonus1,43.5,62.8,1
bonus1,43.5,62.9,1
bonus1,43.5,63.2,1
bonus1,43.5,63.4,2
bonus1,43.5,63.5,1
bonus1,43.5,63.6,2
bonus1,43.5,63.8,1
bonus1,43.5,64,1
bonus1,43.5,64.1,2
bonus1,43.5,64.3,3
bonus1,43.5,64.4,1
bonus1,43.5,64.7,1
bonus1,43.5,64.8,1
bonus1,43.5,64.9,2
bonus1,43.5,65,1
bonus1,43.5,65.1,1
bonus1,43.5,65.3,1
bonus1,43.5,65.7,1
bonus1,43.5,66.3,1
bonus1,43.5,66.6,1
bonus1,43.5,66.8,1
bonus1,43.5,66.9,1
bonus1,43.5,67,1
bonus1,43.5,67.8,1
bonus1,43.5,67.9,1
bonus1,43.5,68.1,1
bonus1,43.5,68.6,1
bonus1,43.5,68.7,1
bonus1,43.5,68.8,2
bonus1,43.5,69,1
bonus1,43.5,69.1,1
bonus1,43.5,69.2,1
bonus1,43.5,69.6,1
bonus1,43.5,69.7,1
bonus1,43.5,69.8,1
bonus1,43.5,69.9,1
bonus1,43.5,70.2,1
bonus1,43.5,70.4,1
bonus1,43.5,70.6,1
bonus1,43.5,71.1,1
bonus1,43.5,71.5,1
bonus1,43.5,71.6,3
bonus1,43.5,71.7,2
bonus1,43.5,71.9,1
bonus1,43.5,72.1,1
bonus1,43.5,72.9,2
bonus1,43.5,73.2,2
bonus1,43.5,73.4,1
bonus1,43.5,73.5,1
bonus1,43.5,73.6,1
bonus1,43.5,73.9,1
bonus1,43.5,74,1
bonus1,43.5,74.2,1
bonus1,43.5,74.5,1
bonus1,43.5,74.6,1
bonus1,43.5,74.8,1
bonus1,43.5,75.4,2
bonus1,43.5,75.5,2
bonus1,43.5,76,1
bonus1,43.5,76.1,2
bonus1,43.5,76.4,1
bonus1,43.5,76.5,1
bonus1,43.5,76.6,1
bonus1,43.5,76.8,1
bonus1,43.5,76.9,1
bonus1,43.5,77.2,1
bonus1,43.5,77.4,1
bonus1,43.5,77.5,1
bonus1,43.5,77.7,1
bonus1,43.5,77.9,1
bonus1,43.5,78.7,1
bonus1,43.5,78.9,1
bonus1,43.5,79,1
bonus1,43.5,79.2,3
bonus1,43.5,79.6,2
bonus1,43.5,80.4,2
bonus1,43.5,80.5,1
bonus1,43.5,80.7,1
bonus1,43.5,81.6,1
bonus1,43.5,81.8,1
bonus1,43.5,81.9,1
bonus1,43.5,82,1
bonus1,43.5,82.1,3
bonus1,43.5,82.2,2
bonus1,43.5,82.3,1
bonus1,43.5,82.4,1
bonus1,43.5,82.9,1
bonus1,43.5,84.1,1
bonus1,43.5,84.5,1
bonus1,43.5,84.7,1
bonus1,43.5,84.9,1
bonus1,43.5,85.1,2
bonus1,43.5,85.5,2
bonus1,43.5,85.7,1
bonus1,43.5,85.8,1
bonus1,43.5,85.9,1
bonus1,43.5,86,2
bonus1,43.5,86.2,1
bonus1,43.5,86.8,1
bonus1,43.5,87.3,1
bonus1,43.5,87.6,2
bonus1,43.5,87.9,2
bonus1,43.5,88.4,1
bonus1,43.5,88.5,1
bonus1,43.5,88.9,1
bonus1,43.5,89.1,1
bonus1,43.5,89.2,1
bonus1,43.5,89.4,1
bonus1,43.5,89.5,1
bonus1,43.5,89.6,2
bonus1,43.5,89.8,2
bonus1,43.5,90.1,1
bonus1,43.5,90.3,1
bonus1,43.5,90.5,1
bonus1,43.5,90.6,1
bonus1,43.5,90.7,1
bonus1,43.5,90.8,2
bonus1,43.5,91.1,1
bonus1,43.5,91.2,2
bonus1,43.5,91.3,2
bonus1,43.5,91.4,2
bonus1,43.5,91.5,1
bonus1,43.5,91.7,2
bonus1,43.5,92.1,1
bonus1,43.5,92.4,1
bonus1,43.5,92.5,1
bonus1,43.5,92.7,1
bonus1,43.5,92.9,1
bonus1,43.5,93.1,1
bonus1,43.5,93.4,1
bonus1,43.5,93.6,1
bonus1,43.5,94.3,1
bonus1,43.5,94.7,1
bonus1,43.5,94.9,1
bonus1,43.5,95,1
bonus1,43.5,95.1,1
bonus1,43.5,95.4,1
bonus1,43.5,95.6,1
bonus1,43.5,95.7,1
bonus1,43.5,96.6,1
bonus1,43.5,96.7,1
bonus1,43.5,97,1
bonus1,43.5,97.6,1
bonus1,43.5,97.9,1
bonus1,43.5,98.1,1
bonus1,43.5,98.5,1
bonus1,43.5,98.6,1
bonus1,43.5,99,1
bonus1,43.5,99.3,1
bonus1,43.5,99.5,1
bonus1,43.5,99.7,1
bonus1,48.5,0.1,1
bonus1,48.5,0.2,1
bonus1,48.5,0.4,1
bonus1,48.5,0.5,2
bonus1,48.5,0.8,2
bonus1,48.5,1.1,1
bonus1,48.5,1.2,1
bonus1,48.5,1.5,1
bonus1,48.5,1.8,1
bonus1,48.5,2.1,1
bonus1,48.5,2.2,2
bonus1,48.5,2.3,1
bonus1,48.5,2.6,1
bonus1,48.5,2.9,2
bonus1,48.5,3.1,1
bonus1,48.5,3.4,1
bonus1,48.5,3.8,1
bonus1,48.5,4.3,1
bonus1,48.5,4.4,1
bonus1,48.5,4.6,1
bonus1,48.5,4.8,2
bonus1,48.5,5,2
bonus1,48.5,5.3,2
bonus1,48.5,5.6,1
bonus1,48.5,5.9,2
bonus1,48.5,6,1
bonus1,48.5,6.1,2
bonus1,48.5,6.2,1
bonus1,48.5,6.3,1
bonus1,48.5,6.6,1
bonus1,48.5,6.7,1
bonus1,48.5,6.8,1
bonus1,48.5,6.9,1
bonus1,48.5,7,1
bonus1,48.5,7.6,2
bonus1,48.5,7.7,1
bonus1,48.5,8,2
bonus1,48.5,9.1,1
bonus1,48.5,9.9,1
bonus1,48.5,10.4,1
bonus1,48.5,10.8,1
bonus1,48.5,10.9,1
bonus1,48.5,11,1
bonus1,48.5,11.2,1
bonus1,48.5,11.3,1
bonus1,48.5,11.8,1
bonus1,48.5,12,1
bonus1,48.5,13,1
bonus1,48.5,13.3,2
bonus1,48.5,13.4,1
bonus1,48.5,13.5,1
bonus1,48.5,13.6,1
bonus1,48.5,15.1,1
bonus1,48.5,15.2,1
bonus1,48.5,15.7,1
bonus1,48.5,15.9,1
bonus1,48.5,16.6,1
bonus1,48.5,16.7,2
bonus1,48.5,17.2,1
bonus1,48.5,17.5,1
bonus1,48.5,17.7,1
bonus1,48.5,18.4,1
bonus1,48.5,18.7,1
bonus1,48.5,18.8,1
bonus1,48.5,19.1,1
bonus1,48.5,19.4,1
bonus1,48.5,19.6,1
bonus1,48.5,19.8,2
bonus1,48.5,21.3,1
bonus1,48.5,21.4,1
bonus1,48.5,21.7,1
bonus1,48.5,22.5,3
bonus1,48.5,22.8,1
bonus1,48.5,23,1
bonus1,48.5,23.1,1
bonus1,48.5,23.5,1
bonus1,48.5,23.7,1
bonus1,48.5,24,1
bonus1,48.5,24.9,1
bonus1,48.5,25.2,2
bonus1,48.5,25.3,1
bonus1,48.5,25.7,1
bonus1,48.5,26.1,1
bonus1,48.5,26.4,2
bonus1,48.5,26.5,2
bonus1,48.5,27,1
bonus1,48.5,27.1,2
bonus1,48.5,27.2,1
bonus1,48.5,28,1
bonus1,48.5,28.7,3
bonus1,48.5,28.9,1
bonus1,48.5,29.1,2
bonus1,48.5,30.4,1
bonus1,48.5,30.7,1
bonus1,48.5,30.8,1
bonus1,48.5,31.3,1
bonus1,48.5,31.5,1
bonus1,48.5,31.7,1
bonus1,48.5,31.8,3
bonus1,48.5,31.9,1
bonus1,48.5,32.2,1
bonus1,48.5,32.3,1
bonus1,48.5,32.5,1
bonus1,48.5,32.9,1
bonus1,48.5,33.1,1
bonus1,48.5,33.2,1
bonus1,48.5,33.3,1
bonus1,48.5,34.5,2
bonus1,48.5,34.6,1
bonus1,48.5,34.7,1
bonus1,48.5,34.8,1
bonus1,48.5,35.1,2
bonus1,48.5,35.2,3
bonus1,48.5,36,1
bonus1,48.5,36.7,1
bonus1,48.5,36.9,1
bonus1,48.5,37.1,1
bonus1,48.5,37.4,1
bonus1,48.5,37.8,1
bonus1,48.5,38.1,1
bonus1,48.5,38.6,1
bonus1,48.5,38.8,3
bonus1,48.5,38.9,1
bonus1,48.5,39,1
bonus1,48.5,39.6,1
bonus1,48.5,39.7,1
bonus1,48.5,40.2,1
bonus1,48.5,40.4,1
bonus1,48.5,40.6,1
bonus1,48.5,40.7,1
bonus1,48.5,41,2
bonus1,48.5,41.2,1
bonus1,48.5,41.4,1
bonus1,48.5,41.5,1
bonus1,48.5,41.9,1
bonus1,48.5,42,1
bonus1,48.5,42.1,1
bonus1,48.5,42.4,2
bonus1,48.5,42.7,1
bonus1,48.5,42.8,1
bonus1,48.5,42.9,1
bonus1,48.5,43,1
bonus1,48.5,43.3,1
bonus1,48.5,43.4,2
bonus1,48.5,43.8,1
bonus1,48.5,44.1,1
bonus1,48.5,44.2,1
bonus1,48.5,44.4,1
bonus1,48.5,44.8,1
bonus1,48.5,45.1,1
bonus1,48.5,45.4,1
bonus1,48.5,45.7,1
bonus1,48.5,45.8,1
bonus1,48.5,46,1
bonus1,48.5,46.1,1
bonus1,48.5,46.3,1
bonus1,48.5,46.4,1
bonus1,48.5,46.5,3
bonus1,48.5,46.7,1
bonus1,48.5,47.2,2
bonus1,48.5,47.5,1
bonus1,48.5,47.6,2
bonus1,48.5,48,2
bonus1,48.5,48.3,1
bonus1,48.5,48.4,1
bonus1,48.5,48.6,1
bonus1,48.5,48.7,1
bonus1,48.5,48.9,1
bonus1,48.5,49.4,1
bonus1,48.5,49.6,1
bonus1,48.5,50,1
bonus1,48.5,50.5,1
bonus1,48.5,50.6,1
bonus1,48.5,50.8,1
bonus1,48.5,50.9,2
bonus1,48.5,51,1
bonus1,48.5,51.1,1
bonus1,48.5,51.3,1
bonus1,48.5,51.8,2
bonus1,48.5,52,1
bonus1,48.5,52.2,1
bonus1,48.5,52.4,1
bonus1,48.5,52.6,2
bonus1,48.5,52.7,2
bonus1,48.5,53.3,1
bonus1,48.5,53.9,1
bonus1,48.5,54.2,1
bonus1,48.5,54.4,1
bonus1,48.5,54.5,1
bonus1,48.5,54.9,1
bonus1,48.5,55.1,1
bonus1,48.5,56.3,1
bonus1,48.5,56.4,1
bonus1,48.5,56.8,1
bonus1,48.5,57.1,1
bonus1,48.5,57.2,1
bonus1,48.5,57.3,1
bonus1,48.5,57.5,1
bonus1,48.5,57.7,1
bonus1,48.5,57.8,1
bonus1,48.5,57.9,3
bonus1,48.5,58.6,1
bonus1,48.5,58.9,1
bonus1,48.5,59.4,1
bonus1,48.5,59.7,1
bonus1,48.5,60,1
bonus1,48.5,60.5,1
bonus1,48.5,60.8,1
bonus1,48.5,61.4,1
bonus1,48.5,61.5,1
bonus1,48.5,61.7,1
bonus1,48.5,62.1,1
bonus1,48.5,62.8,1
bonus1,48.5,63.1,1
bonus1,48.5,63.2,1
bonus1,48.5,63.4,1
bonus1,48.5,63.7,1
bonus1,48.5,63.9,1
bonus1,48.5,64.1,1
bonus1,48.5,64.3,1
bonus1,48.5,64.5,1
bonus1,48.5,64.8,1
bonus1,48.5,65,1
bonus1,48.5,65.2,3
bonus1,48.5,65.5,1
bonus1,48.5,65.9,1
bonus1,48.5,66.3,1
bonus1,48.5,67.3,1
bonus1,48.5,67.5,1
bonus1,48.5,68.3,1
bonus1,48.5,68.6,1
bonus1,48.5,68.7,1
bonus1,48.5,70.1,1
bonus1,48.5,70.6,1
bonus1,48.5,72.2,1
bonus1,48.5,73,1
bonus1,48.5,73.1,1
bonus1,48.5,73.3,1
bonus1,48.5,73.4,1
bonus1,48.5,73.9,1
bonus1,48.5,74.1,1
bonus1,48.5,74.6,1
bonus1,48.5,74.7,1
bonus1,48.5,74.8,1
bonus1,48.5,75.9,1
bonus1,48.5,76.8,1
bonus1,48.5,76.9,1
bonus1,48.5,77.4,1
bonus1,48.5,77.8,1
bonus1,48.5,77.9,2
bonus1,48.5,78,3
bonus1,48.5,78.1,1
bonus1,48.5,78.3,1
bonus1,48.5,78.4,1
bonus1,48.5,78.5,1
bonus1,48.5,78.7,1
bonus1,48.5,78.8,1
bonus1,48.5,79.2,1
bonus1,48.5,79.3,1
bonus1,48.5,79.5,1
bonus1,48.5,79.6,1
bonus1,48.5,79.7,1
bonus1,48.5,80,1
bonus1,48.5,80.2,2
bonus1,48.5,80.5,1
bonus1,48.5,81.2,1
bonus1,48.5,81.3,1
bonus1,48.5,81.8,1
bonus1,48.5,82.1,1
bonus1,48.5,82.4,1
bonus1,48.5,82.6,1
bonus1,48.5,82.7,1
bonus1,48.5,82.9,1
bonus1,48.5,83,1
bonus1,48.5,83.1,1
bonus1,48.5,83.4,1
bonus1,48.5,84.1,1
bonus1,48.5,84.3,1
bonus1,48.5,84.7,1
bonus1,48.5,84.8,1
bonus1,48.5,85.5,3
bonus1,48.5,85.6,1
bonus1,48.5,86,1
bonus1,48.5,86.6,1
bonus1,48.5,87.1,1
bonus1,48.5,87.3,1
bonus1,48.5,87.4,1
bonus1,48.5,87.5,2
bonus1,48.5,87.7,2
bonus1,48.5,88.2,1
bonus1,48.5,88.6,1
bonus1,48.5,88.7,1
bonus1,48.5,88.8,2
bonus1,48.5,88.9,1
bonus1,48.5,89,1
bonus1,48.5,89.2,1
bonus1,48.5,89.4,1
bonus1,48.5,89.7,1
bonus1,48.5,89.8,1
bonus1,48.5,90.2,1
bonus1,48.5,90.3,1
bonus1,48.5,91.2,1
bonus1,48.5,91.3,1
bonus1,48.5,91.4,1
bonus1,48.5,91.5,1
bonus1,48.5,91.7,1
bonus1,48.5,92.8,1
bonus1,48.5,93.5,1
bonus1,48.5,96.2,1
bonus1,48.5,96.4,1
bonus1,48.5,96.5,1
bonus1,48.5,97.3,1
bonus1,48.5,98,1
bonus1,48.5,98.2,1
bonus1,48.5,98.9,1
bonus1,48.5,99,1
bonus1,48.5,99.4,2
bonus1,48.5,99.5,1
bonus1,48.5,99.7,1
bonus1,54.2,0,1
bonus1,54.2,0.1,2
bonus1,54.2,0.2,1
bonus1,54.2,0.4,3
bonus1,54.2,0.7,2
bonus1,54.2,0.8,1
bonus1,54.2,1.1,2
bonus1,54.2,1.2,1
bonus1,54.2,1.3,1
bonus1,54.2,1.5,1
bonus1,54.2,1.6,1
bonus1,54.2,1.8,2
bonus1,54.2,1.9,2
bonus1,54.2,2,1
bonus1,54.2,2.3,3
bonus1,54.2,2.6,1
bonus1,54.2,2.7,1
bonus1,54.2,2.8,1
bonus1,54.2,2.9,1
bonus1,54.2,3,2
bonus1,54.2,3.2,1
bonus1,54.2,3.3,2
bonus1,54.2,3.4,2
bonus1,54.2,3.5,1
bonus1,54.2,3.6,3
bonus1,54.2,4.3,2
bonus1,54.2,4.8,2
bonus1,54.2,5,1
bonus1,54.2,5.1,2
bonus1,54.2,5.2,1
bonus1,54.2,5.3,1
bonus1,54.2,5.4,1
bonus1,54.2,5.5,1
bonus1,54.2,5.6,1
bonus1,54.2,5.9,1
bonus1,54.2,6.1,1
bonus1,54.2,6.2,2
bonus1,54.2,6.6,1
bonus1,54.2,6.7,1
bonus1,54.2,7,3
bonus1,54.2,7.2,3
bonus1,54.2,7.3,1
bonus1,54.2,7.4,2
bonus1,54.2,7.5,1
bonus1,54.2,7.6,2
bonus1,54.2,7.9,2
bonus1,54.2,8.2,2
bonus1,54.2,8.3,1
bonus1,54.2,8.6,1
bonus1,54.2,8.9,1
bonus1,54.2,9,1
bonus1,54.2,9.5,1
bonus1,54.2,9.6,1
bonus1,54.2,9.7,1
bonus1,54.2,9.9,1
bonus1,54.2,10,2
bonus1,54.2,10.2,2
bonus1,54.2,10.3,2
bonus1,54.2,10.4,1
bonus1,54.2,10.5,1
bonus1,54.2,10.7,3
bonus1,54.2,10.8,1
bonus1,54.2,10.9,2
bonus1,54.2,11.4,1
bonus1,54.2,11.5,2
bonus1,54.2,11.6,1
bonus1,54.2,11.7,1
bonus1,54.2,11.8,1
bonus1,54.2,11.9,1
bonus1,54.2,12.2,1
bonus1,54.2,12.7,1
bonus1,54.2,13,1
bonus1,54.2,13.2,1
bonus1,54.2,13.3,2
bonus1,54.2,13.4,2
bonus1,54.2,13.6,4
bonus1,54.2,13.7,3
bonus1,54.2,14,2
bonus1,54.2,14.1,1
bonus1,54.2,14.2,1
bonus1,54.2,14.3,1
bonus1,54.2,14.6,1
bonus1,54.2,14.8,2
bonus1,54.2,15,1
bonus1,54.2,15.2,2
bonus1,54.2,15.3,1
bonus1,54.2,15.4,1
bonus1,54.2,15.7,2
bonus1,54.2,15.8,1
bonus1,54.2,15.9,2
bonus1,54.2,16,1
bonus1,54.2,16.3,2
bonus1,54.2,16.4,2
bonus1,54.2,16.5,1
bonus1,54.2,16.6,1
bonus1,54.2,16.7,1
bonus1,54.2,16.8,2
bonus1,54.2,17.2,3
bonus1,54.2,17.4,1
bonus1,54.2,17.5,1
bonus1,54.2,17.8,1
bonus1,54.2,18,4
bonus1,54.2,18.1,2
bonus1,54.2,18.3,1
bonus1,54.2,18.4,2
bonus1,54.2,18.5,1
bonus1,54.2,18.6,1
bonus1,54.2,18.7,1
bonus1,54.2,18.8,1
bonus1,54.2,18.9,1
bonus1,54.2,19.1,2
bonus1,54.2,19.4,1
bonus1,54.2,19.6,1
bonus1,54.2,19.7,1
bonus1,54.2,19.8,1
bonus1,54.2,20.1,1
bonus1,54.2,20.4,1
bonus1,54.2,20.5,1
bonus1,54.2,20.8,1
bonus1,54.2,21.1,1
bonus1,54.2,21.5,2
bonus1,54.2,21.6,2
bonus1,54.2,22.1,1
bonus1,54.2,22.3,1
bonus1,54.2,22.4,1
bonus1,54.2,22.6,2
bonus1,54.2,22.7,1
bonus1,54.2,22.9,1
bonus1,54.2,23,1
bonus1,54.2,23.2,1
bonus1,54.2,23.3,1
bonus1,54.2,23.4,1
bonus1,54.2,23.5,1
bonus1,54.2,23.6,2
bonus1,54.2,24,1
bonus1,54.2,24.1,2
bonus1,54.2,24.2,2
bonus1,54.2,24.3,1
bonus1,54.2,24.6,2
bonus1,54.2,24.8,1
bonus1,54.2,24.9,1
bonus1,54.2,25,1
bonus1,54.2,25.3,1
bonus1,54.2,25.4,1
bonus1,54.2,25.6,2
bonus1,54.2,26.1,1
bonus1,54.2,26.6,1
bonus1,54.2,26.8,2
bonus1,54.2,26.9,2
bonus1,54.2,27.1,1
bonus1,54.2,27.4,2
bonus1,54.2,27.5,1
bonus1,54.2,27.9,1
bonus1,54.2,28.1,1
bonus1,54.2,28.2,2
bonus1,54.2,28.3,1
bonus1,54.2,28.5,1
bonus1,54.2,28.6,1
bonus1,54.2,29.1,1
bonus1,54.2,29.3,1
bonus1,54.2,29.4,1
bonus1,54.2,29.5,1
bonus1,54.2,29.6,2
bonus1,54.2,29.7,1
bonus1,54.2,29.8,1
bonus1,54.2,30.2,1
bonus1,54.2,30.5,1
bonus1,54.2,30.8,1
bonus1,54.2,30.9,2
bonus1,54.2,31.2,1
bonus1,54.2,31.3,2
bonus1,54.2,31.4,1
bonus1,54.2,31.5,1
bonus1,54.2,31.6,2
bonus1,54.2,31.7,1
bonus1,54.2,31.9,1
bonus1,54.2,32,3
bonus1,54.2,32.1,1
bonus1,54.2,32.2,1
bonus1,54.2,32.3,1
bonus1,54.2,32.5,2
bonus1,54.2,32.8,1
bonus1,54.2,32.9,2
bonus1,54.2,33,2
bonus1,54.2,33.2,1
bonus1,54.2,33.4,3
bonus1,54.2,33.6,1
bonus1,54.2,33.7,1
bonus1,54.2,33.9,1
bonus1,54.2,34,2
bonus1,54.2,34.1,1
bonus1,54.2,34.2,1
bonus1,54.2,34.3,1
bonus1,54.2,34.6,1
bonus1,54.2,34.8,2
bonus1,54.2,34.9,1
bonus1,54.2,35.1,1
bonus1,54.2,35.3,1
bonus1,54.2,35.6,1
bonus1,54.2,35.7,1
bonus1,54.2,35.8,1
bonus1,54.2,36.2,1
bonus1,54.2,36.3,2
bonus1,54.2,36.4,2
bonus1,54.2,36.7,1
bonus1,54.2,36.8,1
bonus1,54.2,36.9,2
bonus1,54.2,37.1,1
bonus1,54.2,37.5,1
bonus1,54.2,37.6,1
bonus1,54.2,37.7,1
bonus1,54.2,37.9,2
bonus1,54.2,38,2
bonus1,54.2,38.2,1
bonus1,54.2,38.3,2
bonus1,54.2,38.4,1
bonus1,54.2,38.5,1
bonus1,54.2,39,2
bonus1,54.2,39.3,1
bonus1,54.2,39.4,2
bonus1,54.2,39.8,1
bonus1,54.2,40,1
bonus1,54.2,40.1,1
bonus1,54.2,40.4,2
bonus1,54.2,40.5,1
bonus1,54.2,40.6,1
bonus1,54.2,40.7,1
bonus1,54.2,41,1
bonus1,54.2,41.2,2
bonus1,54.2,41.9,2
bonus1,54.2,42.1,1
bonus1,54.2,42.2,1
bonus1,54.2,42.3,2
bonus1,54.2,42.6,1
bonus1,54.2,42.9,2
bonus1,54.2,43.1,2
bonus1,54.2,43.8,2
bonus1,54.2,44,1
bonus1,54.2,44.1,1
bonus1,54.2,44.7,1
bonus1,54.2,44.8,1
bonus1,54.2,45.2,1
bonus1,54.2,45.4,1
bonus1,54.2,46,1
bonus1,54.2,46.4,1
bonus1,54.2,46.5,1
bonus1,54.2,46.8,1
bonus1,54.2,47,1
bonus1,54.2,47.1,1
bonus1,54.2,47.2,1
bonus1,54.2,47.4,1
bonus1,54.2,47.6,2
bonus1,54.2,47.9,1
bonus1,54.2,48.1,2
bonus1,54.2,48.6,2
bonus1,54.2,48.7,2
bonus1,54.2,48.8,1
bonus1,54.2,49,1
bonus1,54.2,49.1,5
bonus1,54.2,49.3,1
bonus1,54.2,49.5,1
bonus1,54.2,49.9,1
bonus1,54.2,50,1
bonus1,54.2,50.1,2
bonus1,54.2,50.2,1
bonus1,54.2,50.4,1
bonus1,54.2,50.9,1
bonus1,54.2,51.2,1
bonus1,54.2,51.3,1
bonus1,54.2,51.4,2
bonus1,54.2,51.7,1
bonus1,54.2,51.8,1
bonus1,54.2,52.1,1
bonus1,54.2,52.2,1
bonus1,54.2,52.3,1
bonus1,54.2,52.9,1
bonus1,54.2,53,2
bonus1,54.2,53.3,1
bonus1,54.2,53.4,2
bonus1,54.2,53.5,1
bonus1,54.2,53.7,1
bonus1,54.2,53.8,1
bonus1,54.2,53.9,1
bonus1,54.2,54.1,2
bonus1,54.2,54.4,1
bonus1,54.2,54.5,1
bonus1,54.2,54.6,1
bonus1,54.2,54.8,2
bonus1,54.2,55,1
bonus1,54.2,55.2,1
bonus1,54.2,55.3,2
bonus1,54.2,55.7,1
bonus1,54.2,55.8,1
bonus1,54.2,55.9,1
bonus1,54.2,56,1
bonus1,54.2,56.2,1
bonus1,54.2,56.5,1
bonus1,54.2,56.6,1
bonus1,54.2,56.7,1
bonus1,54.2,57.2,3
bonus1,54.2,57.3,1
bonus1,54.2,57.4,1
bonus1,54.2,57.5,1
bonus1,54.2,57.6,2
bonus1,54.2,57.7,1
bonus1,54.2,58,1
bonus1,54.2,58.1,1
bonus1,54.2,58.3,2
bonus1,54.2,58.4,2
bonus1,54.2,58.6,1
bonus1,54.2,58.8,1
bonus1,54.2,58.9,1
bonus1,54.2,59.2,1
bonus1,54.2,59.4,1
bonus1,54.2,59.6,2
bonus1,54.2,59.8,2
bonus1,54.2,60.2,1
bonus1,54.2,60.4,2
bonus1,54.2,60.7,1
bonus1,54.2,60.9,1
bonus1,54.2,61,1
bonus1,54.2,61.2,1
bonus1,54.2,61.3,1
bonus1,54.2,61.4,1
bonus1,54.2,61.8,2
bonus1,54.2,62,1
bonus1,54.2,62.1,2
bonus1,54.2,62.2,2
bonus1,54.2,62.4,1
bonus1,54.2,62.7,2
bonus1,54.2,63,1
bonus1,54.2,63.2,1
bonus1,54.2,63.3,1
bonus1,54.2,63.6,1
bonus1,54.2,63.8,1
bonus1,54.2,63.9,1
bonus1,54.2,64,1
bonus1,54.2,64.2,1
bonus1,54.2,64.3,1
bonus1,54.2,64.4,2
bonus1,54.2,64.7,1
bonus1,54.2,64.9,1
bonus1,54.2,65.1,2
bonus1,54.2,65.4,1
bonus1,54.2,65.6,2
bonus1,54.2,66,1
bonus1,54.2,66.1,1
bonus1,54.2,66.2,2
bonus1,54.2,66.3,1
bonus1,54.2,66.4,2
bonus1,54.2,66.6,1
bonus1,54.2,66.8,1
bonus1,54.2,67,1
bonus1,54.2,67.1,1
bonus1,54.2,67.5,2
bonus1,54.2,67.6,2
bonus1,54.2,68.1,2
bonus1,54.2,68.3,1
bonus1,54.2,68.4,1
bonus1,54.2,68.6,1
bonus1,54.2,68.7,1
bonus1,54.2,68.8,1
bonus1,54.2,68.9,2
bonus1,54.2,69.2,1
bonus1,54.2,69.4,1
bonus1,54.2,69.7,1
bonus1,54.2,70,3
bonus1,54.2,70.5,1
bonus1,54.2,70.6,2
bonus1,54.2,70.9,1
bonus1,54.2,71,1
bonus1,54.2,71.2,2
bonus1,54.2,71.4,1
bonus1,54.2,72,2
bonus1,54.2,72.1,1
bonus1,54.2,72.2,1
bonus1,54.2,72.3,1
bonus1,54.2,72.7,1
bonus1,54.2,72.9,1
bonus1,54.2,73,1
bonus1,54.2,73.1,1
bonus1,54.2,73.2,1
bonus1,54.2,73.5,1
bonus1,54.2,73.6,4
bonus1,54.2,73.7,1
bonus1,54.2,74.1,1
bonus1,54.2,74.2,1
bonus1,54.2,74.4,1
bonus1,54.2,74.6,3
bonus1,54.2,74.7,1
bonus1,54.2,74.9,1
bonus1,54.2,75.2,2
bonus1,54.2,75.3,1
bonus1,54.2,75.4,1
bonus1,54.2,75.5,2
bonus1,54.2,75.6,1
bonus1,54.2,75.7,2
bonus1,54.2,76,1
bonus1,54.2,76.1,1
bonus1,54.2,77,1
bonus1,54.2,77.2,2
bonus1,54.2,77.3,1
bonus1,54.2,77.5,2
bonus1,54.2,77.7,2
bonus1,54.2,78.1,1
bonus1,54.2,78.2,2
bonus1,54.2,78.3,1
bonus1,54.2,78.4,1
bonus1,54.2,78.5,1
bonus1,54.2,78.8,1
bonus1,54.2,78.9,2
bonus1,54.2,79,1
bonus1,54.2,79.1,2
bonus1,54.2,79.2,1
bonus1,54.2,79.4,1
bonus1,54.2,79.9,1
bonus1,54.2,80,1
bonus1,54.2,80.1,2
bonus1,54.2,80.3,1
bonus1,54.2,80.4,2
bonus1,54.2,80.6,1
bonus1,54.2,81,2
bonus1,54.2,81.2,1
bonus1,54.2,81.3,1
bonus1,54.2,81.7,2
bonus1,54.2,82,2
bonus1,54.2,82.2,1
bonus1,54.2,82.5,3
bonus1,54.2,82.6,2
bonus1,54.2,82.7,1
bonus1,54.2,82.8,1
bonus1,54.2,83,1
bonus1,54.2,83.1,1
bonus1,54.2,83.2,1
bonus1,54.2,83.4,1
bonus1,54.2,83.7,2
bonus1,54.2,84.1,1
bonus1,54.2,84.2,3
bonus1,54.2,84.3,1
bonus1,54.2,84.4,1
bonus1,54.2,84.7,1
bonus1,54.2,84.9,1
bonus1,54.2,85,1
bonus1,54.2,85.1,1
bonus1,54.2,85.2,1
bonus1,54.2,85.6,1
bonus1,54.2,85.9,1
bonus1,54.2,86.1,1
bonus1,54.2,86.2,1
bonus1,54.2,86.3,1
bonus1,54.2,87,1
bonus1,54.2,87.1,1
bonus1,54.2,87.2,1
bonus1,54.2,87.9,1
bonus1,54.2,88,1
bonus1,54.2,88.1,2
bonus1,54.2,88.2,2
bonus1,54.2,88.3,1
bonus1,54.2,88.4,1
bonus1,54.2,88.7,1
bonus1,54.2,88.8,1
bonus1,54.2,89.3,1
bonus1,54.2,89.4,1
bonus1,54.2,89.5,2
bonus1,54.2,89.8,1
bonus1,54.2,89.9,1
bonus1,54.2,90.2,1
bonus1,54.2,90.4,1
bonus1,54.2,90.6,1
bonus1,54.2,90.8,1
bonus1,54.2,90.9,2
bonus1,54.2,91.4,1
bonus1,54.2,91.6,1
bonus1,54.2,91.9,2
bonus1,54.2,92,1
bonus1,54.2,92.2,1
bonus1,54.2,92.3,1
bonus1,54.2,92.4,2
bonus1,54.2,92.6,1
bonus1,54.2,92.7,1
bonus1,54.2,92.9,1
bonus1,54.2,93,1
bonus1,54.2,93.2,1
bonus1,54.2,93.3,1
bonus1,54.2,93.4,1
bonus1,54.2,93.6,4
bonus1,54.2,93.8,1
bonus1,54.2,94.1,1
bonus1,54.2,94.3,4
bonus1,54.2,94.6,1
bonus1,54.2,94.8,1
bonus1,54.2,94.9,1
bonus1,54.2,95,1
bonus1,54.2,95.1,1
bonus1,54.2,95.3,1
bonus1,54.2,95.5,1
bonus1,54.2,95.8,1
bonus1,54.2,96,1
bonus1,54.2,96.2,1
bonus1,54.2,96.4,1
bonus1,54.2,96.7,1
bonus1,54.2,96.8,1
bonus1,54.2,97,1
bonus1,54.2,97.1,1
bonus1,54.2,97.2,2
bonus1,54.2,97.3,1
bonus1,54.2,97.9,2
bonus1,54.2,98.1,2
bonus1,54.2,98.2,1
bonus1,54.2,98.4,1
bonus1,54.2,98.6,1
bonus1,54.2,98.7,1
bonus1,54.2,99.9,1
bonus1,59.9,0.1,1
bonus1,59.9,0.3,1
bonus1,59.9,0.4,1
bonus1,59.9,0.7,1
bonus1,59.9,0.9,2
bonus1,59.9,1.6,1
bonus1,59.9,1.8,1
bonus1,59.9,1.9,1
bonus1,59.9,2,1
bonus1,59.9,2.3,2
bonus1,59.9,2.9,3
bonus1,59.9,3,1
bonus1,59.9,3.1,2
bonus1,59.9,3.3,2
bonus1,59.9,3.4,1
bonus1,59.9,4.1,1
bonus1,59.9,4.2,1
bonus1,59.9,5.2,1
bonus1,59.9,5.7,2
bonus1,59.9,5.9,1
bonus1,59.9,6.4,1
bonus1,59.9,6.5,2
bonus1,59.9,6.7,1
bonus1,59.9,6.9,1
bonus1,59.9,7.1,1
bonus1,59.9,7.2,1
bonus1,59.9,7.5,1
bonus1,59.9,8.7,1
bonus1,59.9,8.8,2
bonus1,59.9,8.9,1
bonus1,59.9,9.1,1
bonus1,59.9,9.5,1
bonus1,59.9,9.6,2
bonus1,59.9,9.8,1
bonus1,59.9,10,1
bonus1,59.9,10.1,1
bonus1,59.9,10.5,1
bonus1,59.9,10.6,2
bonus1,59.9,11.1,1
bonus1,59.9,11.3,1
bonus1,59.9,12.4,1
bonus1,59.9,12.6,1
bonus1,59.9,12.8,1
bonus1,59.9,13,1
bonus1,59.9,13.5,1
bonus1,59.9,13.6,1
bonus1,59.9,13.7,1
bonus1,59.9,14.1,2
bonus1,59.9,14.2,1
bonus1,59.9,14.6,1
bonus1,59.9,14.9,1
bonus1,59.9,16.3,1
bonus1,59.9,16.6,2
bonus1,59.9,17.4,2
bonus1,59.9,17.6,1
bonus1,59.9,17.9,1
bonus1,59.9,18.1,1
bonus1,59.9,18.3,1
bonus1,59.9,18.6,1
bonus1,59.9,18.9,2
bonus1,59.9,19,1
bonus1,59.9,19.1,1
bonus1,59.9,19.4,1
bonus1,59.9,19.5,1
bonus1,59.9,19.6,1
bonus1,59.9,19.7,1
bonus1,59.9,20.1,1
bonus1,59.9,20.3,1
bonus1,59.9,20.5,1
bonus1,59.9,20.7,2
bonus1,59.9,21,1
bonus1,59.9,21.8,1
bonus1,59.9,22.2,1
bonus1,59.9,22.4,1
bonus1,59.9,22.7,1
bonus1,59.9,23.1,3
bonus1,59.9,23.4,1
bonus1,59.9,24.1,2
bonus1,59.9,24.2,1
bonus1,59.9,24.3,1
bonus1,59.9,24.4,1
bonus1,59.9,24.5,1
bonus1,59.9,24.8,1
bonus1,59.9,24.9,1
bonus1,59.9,25.3,2
bonus1,59.9,26,1
bonus1,59.9,26.2,2
bonus1,59.9,26.7,1
bonus1,59.9,27.3,1
bonus1,59.9,28,1
bonus1,59.9,28.2,2
bonus1,59.9,28.4,1
bonus1,59.9,28.6,2
bonus1,59.9,28.7,1
bonus1,59.9,28.8,1
bonus1,59.9,28.9,1
bonus1,59.9,29.5,1
bonus1,59.9,29.6,1
bonus1,59.9,30.1,1
bonus1,59.9,30.4,2
bonus1,59.9,30.5,1
bonus1,59.9,30.6,1
bonus1,59.9,31,1
bonus1,59.9,31.8,1
bonus1,59.9,32.1,1
bonus1,59.9,32.6,1
bonus1,59.9,32.8,1
bonus1,59.9,33.5,1
bonus1,59.9,33.7,1
bonus1,59.9,34,1
bonus1,59.9,34.6,1
bonus1,59.9,35,2
bonus1,59.9,35.2,1
bonus1,59.9,35.3,1
bonus1,59.9,35.8,1
bonus1,59.9,35.9,1
bonus1,59.9,36.1,2
bonus1,59.9,36.9,1
bonus1,59.9,37,1
bonus1,59.9,37.4,1
bonus1,59.9,37.7,1
bonus1,59.9,37.8,1
bonus1,59.9,38.6,1
bonus1,59.9,38.7,1
bonus1,59.9,39.1,1
bonus1,59.9,39.3,1
bonus1,59.9,39.4,1
bonus1,59.9,39.6,1
bonus1,59.9,39.8,1
bonus1,59.9,39.9,2
bonus1,59.9,40.2,1
bonus1,59.9,40.4,1
bonus1,59.9,40.7,1
bonus1,59.9,40.8,1
bonus1,59.9,40.9,1
bonus1,59.9,41.3,1
bonus1,59.9,41.4,1
bonus1,59.9,41.8,1
bonus1,59.9,41.9,1
bonus1,59.9,42.1,2
bonus1,59.9,42.4,1
bonus1,59.9,43.1,1
bonus1,59.9,43.3,2
bonus1,59.9,44,1
bonus1,59.9,44.1,2
bonus1,59.9,44.5,2
bonus1,59.9,44.7,1
bonus1,59.9,44.8,1
bonus1,59.9,45.1,1
bonus1,59.9,45.2,1
bonus1,59.9,45.4,1
bonus1,59.9,45.5,1
bonus1,59.9,45.8,1
bonus1,59.9,46,1
bonus1,59.9,46.1,1
bonus1,59.9,46.8,1
bonus1,59.9,47,1
bonus1,59.9,47.6,1
bonus1,59.9,48.3,1
bonus1,59.9,48.4,1
bonus1,59.9,48.5,1
bonus1,59.9,48.7,1
bonus1,59.9,48.8,1
bonus1,59.9,49.1,1
bonus1,59.9,49.2,1
bonus1,59.9,49.3,1
bonus1,59.9,49.5,1
bonus1,59.9,50.1,1
bonus1,59.9,50.6,1
bonus1,59.9,50.7,1
bonus1,59.9,50.8,1
bonus1,59.9,51.1,1
bonus1,59.9,51.2,1
bonus1,59.9,51.4,2
bonus1,59.9,51.7,2
bonus1,59.9,52.1,1
bonus1,59.9,52.7,1
bonus1,59.9,53.3,1
bonus1,59.9,53.4,1
bonus1,59.9,54,1
bonus1,59.9,54.4,1
bonus1,59.9,54.6,1
bonus1,59.9,55,1
bonus1,59.9,55.2,1
bonus1,59.9,55.6,1
bonus1,59.9,55.8,2
bonus1,59.9,56,1
bonus1,59.9,56.7,1
bonus1,59.9,57.1,2
bonus1,59.9,57.2,1
bonus1,59.9,57.3,1
bonus1,59.9,57.5,1
bonus1,59.9,58,1
bonus1,59.9,58.1,1
bonus1,59.9,58.5,1
bonus1,59.9,59,2
bonus1,59.9,59.8,3
bonus1,59.9,59.9,1
bonus1,59.9,60.2,1
bonus1,59.9,60.5,1
bonus1,59.9,60.9,1
bonus1,59.9,61,1
bonus1,59.9,61.4,1
bonus1,59.9,61.6,2
bonus1,59.9,61.7,1
bonus1,59.9,61.9,3
bonus1,59.9,62.3,1
bonus1,59.9,63,1
bonus1,59.9,63.1,2
bonus1,59.9,63.2,1
bonus1,59.9,63.5,1
bonus1,59.9,64.1,1
bonus1,59.9,64.6,1
bonus1,59.9,65.2,1
bonus1,59.9,65.4,1
bonus1,59.9,65.5,1
bonus1,59.9,65.7,1
bonus1,59.9,65.8,1
bonus1,59.9,66.1,1
bonus1,59.9,66.4,1
bonus1,59.9,66.5,2
bonus1,59.9,66.6,1
bonus1,59.9,67.6,2
bonus1,59.9,67.8,1
bonus1,59.9,68,1
bonus1,59.9,68.1,1
bonus1,59.9,68.4,1
bonus1,59.9,68.7,2
bonus1,59.9,68.9,1
bonus1,59.9,69.1,1
bonus1,59.9,69.2,2
bonus1,59.9,69.8,1
bonus1,59.9,70.1,1
bonus1,59.9,70.2,1
bonus1,59.9,70.4,2
bonus1,59.9,70.5,1
bonus1,59.9,70.6,1
bonus1,59.9,70.8,1
bonus1,59.9,71.2,1
bonus1,59.9,71.3,2
bonus1,59.9,71.4,1
bonus1,59.9,71.7,1
bonus1,59.9,72.1,1
bonus1,59.9,72.4,1
bonus1,59.9,72.6,1
bonus1,59.9,72.7,1
bonus1,59.9,73.1,1
bonus1,59.9,73.4,1
bonus1,59.9,73.6,1
bonus1,59.9,73.8,1
bonus1,59.9,74.5,1
bonus1,59.9,75.2,1
bonus1,59.9,75.3,1
bonus1,59.9,75.7,1
bonus1,59.9,75.8,1
bonus1,59.9,76.1,1
bonus1,59.9,76.6,2
bonus1,59.9,76.9,1
bonus1,59.9,77.2,1
bonus1,59.9,77.9,1
bonus1,59.9,78.1,2
bonus1,59.9,78.2,1
bonus1,59.9,78.3,1
bonus1,59.9,78.6,1
bonus1,59.9,78.7,1
bonus1,59.9,79.7,1
bonus1,59.9,80.6,1
bonus1,59.9,80.8,1
bonus1,59.9,80.9,1
bonus1,59.9,81.3,1
bonus1,59.9,82.1,1
bonus1,59.9,82.4,1
bonus1,59.9,82.8,1
bonus1,59.9,83,1
bonus1,59.9,83.5,2
bonus1,59.9,84.3,2
bonus1,59.9,84.6,1
bonus1,59.9,84.7,1
bonus1,59.9,84.9,1
bonus1,59.9,85.4,1
bonus1,59.9,85.7,1
bonus1,59.9,85.9,1
bonus1,59.9,86.3,1
bonus1,59.9,86.7,1
bonus1,59.9,87,1
bonus1,59.9,87.3,1
bonus1,59.9,87.4,1
bonus1,59.9,87.7,1
bonus1,59.9,87.8,1
bonus1,59.9,88.3,1
bonus1,59.9,88.9,2
bonus1,59.9,89.2,1
bonus1,59.9,89.3,1
bonus1,59.9,89.7,1
bonus1,59.9,90.1,1
bonus1,59.9,90.3,2
bonus1,59.9,90.4,1
bonus1,59.9,90.5,1
bonus1,59.9,91.7,2
bonus1,59.9,91.9,1
bonus1,59.9,92,2
bonus1,59.9,92.1,1
bonus1,59.9,92.2,1
bonus1,59.9,92.3,1
bonus1,59.9,92.4,1
bonus1,59.9,92.8,1
bonus1,59.9,93.1,1
bonus1,59.9,94.5,1
bonus1,59.9,95.1,1
bonus1,59.9,95.3,3
bonus1,59.9,95.5,1
bonus1,59.9,95.8,2
bonus1,59.9,96.1,1
bonus1,59.9,96.3,1
bonus1,59.9,96.7,1
bonus1,59.9,96.9,1
bonus1,59.9,97,1
bonus1,59.9,99.8,2
bonus1,65.9,0,1
bonus1,65.9,0.5,1
bonus1,65.9,0.6,3
bonus1,65.9,0.9,1
bonus1,65.9,1,2
bonus1,65.9,1.1,1
bonus1,65.9,1.2,3
bonus1,65.9,1.3,1
bonus1,65.9,1.4,1
bonus1,65.9,1.7,1
bonus1,65.9,1.9,1
bonus1,65.9,2.2,1
bonus1,65.9,2.3,2
bonus1,65.9,2.5,1
bonus1,65.9,2.6,1
bonus1,65.9,2.7,1
bonus1,65.9,3.1,1
bonus1,65.9,3.4,1
bonus1,65.9,3.7,1
bonus1,65.9,3.8,2
bonus1,65.9,4,1
bonus1,65.9,4.1,1
bonus1,65.9,4.2,1
bonus1,65.9,4.3,3
bonus1,65.9,4.7,1
bonus1,65.9,4.9,1
bonus1,65.9,5.2,1
bonus1,65.9,5.4,1
bonus1,65.9,5.5,1
bonus1,65.9,5.6,2
bonus1,65.9,5.7,2
bonus1,65.9,6.2,1
bonus1,65.9,6.4,1
bonus1,65.9,6.7,2
bonus1,65.9,6.9,1
bonus1,65.9,7.4,1
bonus1,65.9,7.5,1
bonus1,65.9,7.8,1
bonus1,65.9,8.3,3
bonus1,65.9,8.4,3
bonus1,65.9,8.7,1
bonus1,65.9,8.9,1
bonus1,65.9,9.2,2
bonus1,65.9,9.4,1
bonus1,65.9,9.5,1
bonus1,65.9,9.8,1
bonus1,65.9,9.9,1
bonus1,65.9,10,1
bonus1,65.9,10.4,2
bonus1,65.9,10.6,1
bonus1,65.9,10.8,2
bonus1,65.9,11.1,1
bonus1,65.9,11.5,2
bonus1,65.9,11.7,2
bonus1,65.9,11.9,1
bonus1,65.9,12.1,2
bonus1,65.9,12.3,1
bonus1,65.9,12.7,1
bonus1,65.9,12.8,1
bonus1,65.9,12.9,2
bonus1,65.9,13,4
bonus1,65.9,13.1,2
bonus1,65.9,13.2,1
bonus1,65.9,13.7,1
bonus1,65.9,14,1
bonus1,65.9,14.2,2
bonus1,65.9,14.3,1
bonus1,65.9,14.5,2
bonus1,65.9,14.6,2
bonus1,65.9,14.9,1
bonus1,65.9,15.2,1
bonus1,65.9,15.5,2
bonus1,65.9,15.7,1
bonus1,65.9,15.8,3
bonus1,65.9,16,1
bonus1,65.9,16.2,1
bonus1,65.9,16.3,1
bonus1,65.9,16.6,2
bonus1,65.9,16.7,1
bonus1,65.9,16.8,1
bonus1,65.9,16.9,1
bonus1,65.9,17,2
bonus1,65.9,17.2,3
bonus1,65.9,17.3,1
bonus1,65.9,17.4,1
bonus1,65.9,17.6,1
bonus1,65.9,17.7,1
bonus1,65.9,18,1
bonus1,65.9,18.6,2
bonus1,65.9,19,1
bonus1,65.9,19.1,2
bonus1,65.9,19.2,2
bonus1,65.9,19.3,3
bonus1,65.9,19.8,1
bonus1,65.9,20,1
bonus1,65.9,20.2,1
bonus1,65.9,20.3,1
bonus1,65.9,20.6,1
bonus1,65.9,20.9,2
bonus1,65.9,21,1
bonus1,65.9,21.1,2
bonus1,65.9,21.9,1
bonus1,65.9,22.2,3
bonus1,65.9,22.3,1
bonus1,65.9,22.6,2
bonus1,65.9,22.7,1
bonus1,65.9,23.2,1
bonus1,65.9,23.3,2
bonus1,65.9,23.6,1
bonus1,65.9,23.8,1
bonus1,65.9,24.2,1
bonus1,65.9,24.3,1
bonus1,65.9,24.4,2
bonus1,65.9,24.6,1
bonus1,65.9,24.7,1
bonus1,65.9,24.8,1
bonus1,65.9,25,1
bonus1,65.9,25.2,1
bonus1,65.9,25.3,2
bonus1,65.9,25.4,1
bonus1,65.9,25.5,2
bonus1,65.9,25.6,1
bonus1,65.9,25.9,1
bonus1,65.9,26.1,2
bonus1,65.9,26.3,3
bonus1,65.9,26.4,1
bonus1,65.9,26.5,1
bonus1,65.9,27,2
bonus1,65.9,27.3,1
bonus1,65.9,27.5,1
bonus1,65.9,27.6,1
bonus1,65.9,27.8,2
bonus1,65.9,27.9,1
bonus1,65.9,28.3,1
bonus1,65.9,28.7,1
bonus1,65.9,28.8,1
bonus1,65.9,28.9,1
bonus1,65.9,29,1
bonus1,65.9,29.4,1
bonus1,65.9,29.7,1
bonus1,65.9,29.8,1
bonus1,65.9,29.9,1
bonus1,65.9,30,1
bonus1,65.9,30.1,1
bonus1,65.9,30.2,1
bonus1,65.9,30.3,2
bonus1,65.9,30.7,4
bonus1,65.9,30.9,1
bonus1,65.9,31.2,2
bonus1,65.9,31.5,1
bonus1,65.9,31.6,1
bonus1,65.9,32.2,1
bonus1,65.9,32.3,2
bonus1,65.9,32.4,1
bonus1,65.9,32.8,3
bonus1,65.9,32.9,3
bonus1,65.9,33.1,1
bonus1,65.9,33.2,1
bonus1,65.9,33.3,1
bonus1,65.9,33.4,2
bonus1,65.9,33.5,2
bonus1,65.9,33.6,2
bonus1,65.9,33.7,1
bonus1,65.9,33.8,1
bonus1,65.9,33.9,1
bonus1,65.9,34,1
bonus1,65.9,34.1,2
bonus1,65.9,34.2,1
bonus1,65.9,34.4,3
bonus1,65.9,34.5,1
bonus1,65.9,34.6,1
bonus1,65.9,34.7,1
bonus1,65.9,34.8,2
bonus1,65.9,35,1
bonus1,65.9,35.5,1
bonus1,65.9,35.8,1
bonus1,65.9,36.1,1
bonus1,65.9,36.4,1
bonus1,65.9,36.7,1
bonus1,65.9,36.8,3
bonus1,65.9,36.9,1
bonus1,65.9,37,2
bonus1,65.9,37.5,2
bonus1,65.9,37.6,1
bonus1,65.9,37.7,2
bonus1,65.9,37.8,1
bonus1,65.9,38,2
bonus1,65.9,38.1,1
bonus1,65.9,38.2,1
bonus1,65.9,38.3,1
bonus1,65.9,38.5,1
bonus1,65.9,38.6,1
bonus1,65.9,38.7,1
bonus1,65.9,38.9,2
bonus1,65.9,39.1,1
bonus1,65.9,39.2,1
bonus1,65.9,39.3,1
bonus1,65.9,39.4,1
bonus1,65.9,39.5,2
bonus1,65.9,39.9,1
bonus1,65.9,40.2,2
bonus1,65.9,40.5,1
bonus1,65.9,40.8,2
bonus1,65.9,41,1
bonus1,65.9,41.1,2
bonus1,65.9,41.7,2
bonus1,65.9,41.8,1
bonus1,65.9,41.9,1
bonus1,65.9,42.1,1
bonus1,65.9,42.4,1
bonus1,65.9,42.5,1
bonus1,65.9,42.7,1
bonus1,65.9,42.8,2
bonus1,65.9,43,1
bonus1,65.9,43.1,2
bonus1,65.9,43.4,1
bonus1,65.9,43.6,1
bonus1,65.9,43.7,2
bonus1,65.9,44.1,1
bonus1,65.9,44.2,1
bonus1,65.9,44.3,1
bonus1,65.9,44.8,1
bonus1,65.9,45.1,1
bonus1,65.9,45.2,2
bonus1,65.9,45.3,1
bonus1,65.9,45.4,1
bonus1,65.9,45.5,2
bonus1,65.9,45.8,1
bonus1,65.9,45.9,1
bonus1,65.9,46.1,1
bonus1,65.9,46.6,1
bonus1,65.9,46.8,1
bonus1,65.9,46.9,2
bonus1,65.9,47.1,1
bonus1,65.9,47.2,1
bonus1,65.9,47.3,2
bonus1,65.9,47.4,2
bonus1,65.9,47.7,1
bonus1,65.9,47.8,2
bonus1,65.9,47.9,2
bonus1,65.9,48,2
bonus1,65.9,48.2,1
bonus1,65.9,48.7,1
bonus1,65.9,48.8,1
bonus1,65.9,49,1
bonus1,65.9,49.2,1
bonus1,65.9,49.5,1
bonus1,65.9,49.6,1
bonus1,65.9,49.7,1
bonus1,65.9,49.8,1
bonus1,65.9,50.1,1
bonus1,65.9,50.2,1
bonus1,65.9,50.3,1
bonus1,65.9,50.4,2
bonus1,65.9,50.6,2
bonus1,65.9,50.9,1
bonus1,65.9,51,1
bonus1,65.9,51.2,1
bonus1,65.9,51.4,1
bonus1,65.9,51.5,1
bonus1,65.9,51.8,1
bonus1,65.9,51.9,2
bonus1,65.9,52.2,1
bonus1,65.9,52.3,1
bonus1,65.9,52.4,2
bonus1,65.9,52.5,2
bonus1,65.9,52.8,2
bonus1,65.9,52.9,3
bonus1,65.9,53,1
bonus1,65.9,53.1,4
bonus1,65.9,53.3,1
bonus1,65.9,53.6,1
bonus1,65.9,53.7,1
bonus1,65.9,53.9,1
bonus1,65.9,54,3
bonus1,65.9,54.1,1
bonus1,65.9,54.3,1
bonus1,65.9,54.5,1
bonus1,65.9,54.6,2
bonus1,65.9,54.7,1
bonus1,65.9,54.8,1
bonus1,65.9,54.9,1
bonus1,65.9,55,2
bonus1,65.9,55.1,1
bonus1,65.9,55.3,1
bonus1,65.9,55.4,2
bonus1,65.9,55.5,1
bonus1,65.9,55.6,1
bonus1,65.9,55.7,1
bonus1,65.9,55.9,1
bonus1,65.9,56,1
bonus1,65.9,56.1,2
bonus1,65.9,56.3,1
bonus1,65.9,56.4,1
bonus1,65.9,56.5,1
bonus1,65.9,56.6,2
bonus1,65.9,56.7,1
bonus1,65.9,56.8,1
bonus1,65.9,56.9,2
bonus1,65.9,57,2
bonus1,65.9,57.6,1
bonus1,65.9,57.8,1
bonus1,65.9,57.9,1
bonus1,65.9,58,1
bonus1,65.9,58.1,2
bonus1,65.9,58.2,2
bonus1,65.9,58.4,1
bonus1,65.9,58.5,1
bonus1,65.9,58.6,1
bonus1,65.9,58.7,1
bonus1,65.9,58.8,1
bonus1,65.9,59.1,3
bonus1,65.9,59.2,2
bonus1,65.9,59.4,1
bonus1,65.9,59.5,2
bonus1,65.9,59.9,1
bonus1,65.9,60.1,1
bonus1,65.9,60.6,2
bonus1,65.9,60.7,2
bonus1,65.9,60.9,1
bonus1,65.9,61.1,3
bonus1,65.9,61.2,2
bonus1,65.9,61.3,3
bonus1,65.9,61.5,1
bonus1,65.9,61.6,2
bonus1,65.9,61.8,1
bonus1,65.9,62.2,1
bonus1,65.9,62.3,1
bonus1,65.9,62.5,1
bonus1,65.9,62.8,1
bonus1,65.9,63,1
bonus1,65.9,63.1,1
bonus1,65.9,63.3,1
bonus1,65.9,63.4,2
bonus1,65.9,63.6,1
bonus1,65.9,63.7,1
bonus1,65.9,63.9,1
bonus1,65.9,64,1
bonus1,65.9,64.3,1
bonus1,65.9,64.4,1
bonus1,65.9,64.6,2
bonus1,65.9,64.9,1
bonus1,65.9,65,1
bonus1,65.9,65.4,1
bonus1,65.9,65.5,1
bonus1,65.9,65.7,1
bonus1,65.9,66.1,1
bonus1,65.9,66.4,4
bonus1,65.9,66.5,1
bonus1,65.9,66.6,1
bonus1,65.9,66.7,2
bonus1,65.9,66.9,1
bonus1,65.9,67.1,2
bonus1,65.9,67.2,1
bonus1,65.9,67.3,1
bonus1,65.9,67.4,1
bonus1,65.9,67.7,3
bonus1,65.9,67.8,1
bonus1,65.9,67.9,2
bonus1,65.9,68.1,2
bonus1,65.9,68.2,2
bonus1,65.9,68.4,1
bonus1,65.9,69,2
bonus1,65.9,69.5,1
bonus1,65.9,70.1,1
bonus1,65.9,70.2,1
bonus1,65.9,70.8,2
bonus1,65.9,70.9,2
bonus1,65.9,71.1,1
bonus1,65.9,71.2,2
bonus1,65.9,71.4,1
bonus1,65.9,71.5,3
bonus1,65.9,71.6,1
bonus1,65.9,72.2,1
bonus1,65.9,72.3,2
bonus1,65.9,72.5,1
bonus1,65.9,72.6,1
bonus1,65.9,72.9,2
bonus1,65.9,73.1,1
bonus1,65.9,73.3,2
bonus1,65.9,73.4,1
bonus1,65.9,73.5,2
bonus1,65.9,73.7,1
bonus1,65.9,73.8,1
bonus1,65.9,73.9,1
bonus1,65.9,74,1
bonus1,65.9,74.1,1
bonus1,65.9,74.2,1
bonus1,65.9,74.3,2
bonus1,65.9,74.4,1
bonus1,65.9,74.5,1
bonus1,65.9,74.6,1
bonus1,65.9,74.7,1
bonus1,65.9,74.8,1
bonus1,65.9,74.9,1
bonus1,65.9,75.1,2
bonus1,65.9,75.2,3
bonus1,65.9,75.5,1
bonus1,65.9,75.8,1
bonus1,65.9,76,1
bonus1,65.9,76.1,1
bonus1,65.9,76.4,1
bonus1,65.9,76.5,1
bonus1,65.9,76.6,1
bonus1,65.9,76.7,1
bonus1,65.9,76.8,1
bonus1,65.9,77,1
bonus1,65.9,77.1,1
bonus1,65.9,77.3,1
bonus1,65.9,77.4,1
bonus1,65.9,77.6,1
bonus1,65.9,77.7,1
bonus1,65.9,77.8,1
bonus1,65.9,77.9,2
bonus1,65.9,78.4,1
bonus1,65.9,78.5,1
bonus1,65.9,78.7,2
bonus1,65.9,78.9,2
bonus1,65.9,79.1,1
bonus1,65.9,79.4,2
bonus1,65.9,79.5,2
bonus1,65.9,79.7,1
bonus1,65.9,79.9,2
bonus1,65.9,80.2,1
bonus1,65.9,80.3,2
bonus1,65.9,80.4,1
bonus1,65.9,80.7,2
bonus1,65.9,80.8,1
bonus1,65.9,81.1,1
bonus1,65.9,81.2,1
bonus1,65.9,81.4,2
bonus1,65.9,81.5,1
bonus1,65.9,81.8,3
bonus1,65.9,81.9,1
bonus1,65.9,82,1
bonus1,65.9,82.3,1
bonus1,65.9,82.7,1
bonus1,65.9,82.9,2
bonus1,65.9,83.1,1
bonus1,65.9,83.3,2
bonus1,65.9,83.5,2
bonus1,65.9,83.6,2
bonus1,65.9,83.8,3
bonus1,65.9,83.9,1
bonus1,65.9,84,1
bonus1,65.9,84.1,1
bonus1,65.9,84.5,2
bonus1,65.9,84.6,1
bonus1,65.9,84.9,2
bonus1,65.9,85.1,2
bonus1,65.9,85.3,2
bonus1,65.9,85.4,1
bonus1,65.9,85.5,1
bonus1,65.9,85.7,2
bonus1,65.9,85.8,2
bonus1,65.9,85.9,1
bonus1,65.9,86.2,1
bonus1,65.9,86.3,1
bonus1,65.9,86.4,1
bonus1,65.9,86.5,2
bonus1,65.9,86.6,2
bonus1,65.9,86.9,2
bonus1,65.9,87.1,1
bonus1,65.9,87.2,2
bonus1,65.9,87.3,1
bonus1,65.9,87.4,1
bonus1,65.9,87.5,1
bonus1,65.9,87.6,1
bonus1,65.9,87.8,1
bonus1,65.9,87.9,1
bonus1,65.9,88,1
bonus1,65.9,88.1,1
bonus1,65.9,88.3,1
bonus1,65.9,88.4,1
bonus1,65.9,88.6,1
bonus1,65.9,88.7,1
bonus1,65.9,88.8,2
bonus1,65.9,89,2
bonus1,65.9,89.1,1
bonus1,65.9,89.3,1
bonus1,65.9,89.7,1
bonus1,65.9,89.9,3
bonus1,65.9,90.3,2
bonus1,65.9,90.4,1
bonus1,65.9,90.6,1
bonus1,65.9,90.8,1
bonus1,65.9,90.9,1
bonus1,65.9,91,2
bonus1,65.9,91.1,1
bonus1,65.9,91.2,2
bonus1,65.9,91.3,1
bonus1,65.9,91.4,1
bonus1,65.9,91.5,1
bonus1,65.9,91.6,2
bonus1,65.9,91.7,1
bonus1,65.9,92,2
bonus1,65.9,92.1,2
bonus1,65.9,92.2,2
bonus1,65.9,92.3,1
bonus1,65.9,92.4,1
bonus1,65.9,92.5,1
bonus1,65.9,92.6,2
bonus1,65.9,92.7,3
bonus1,65.9,92.8,2
bonus1,65.9,92.9,1
bonus1,65.9,93,1
bonus1,65.9,93.1,2
bonus1,65.9,93.2,3
bonus1,65.9,93.4,1
bonus1,65.9,93.6,1
bonus1,65.9,94,1
bonus1,65.9,94.1,1
bonus1,65.9,94.4,1
bonus1,65.9,94.5,2
bonus1,65.9,94.6,1
bonus1,65.9,94.8,1
bonus1,65.9,94.9,1
bonus1,65.9,95.1,1
bonus1,65.9,95.4,2
bonus1,65.9,95.5,2
bonus1,65.9,95.6,2
bonus1,65.9,96.1,1
bonus1,65.9,96.2,1
bonus1,65.9,96.3,1
bonus1,65.9,96.4,1
bonus1,65.9,96.5,2
bonus1,65.9,96.6,1
bonus1,65.9,97.1,1
bonus1,65.9,97.2,1
bonus1,65.9,97.4,1
bonus1,65.9,97.6,2
bonus1,65.9,97.7,1
bonus1,65.9,97.8,1
bonus1,65.9,97.9,1
bonus1,65.9,99.3,3
bonus1,65.9,99.6,1
bonus1,72,0.3,1
bonus1,72,0.4,1
bonus1,72,0.7,1
bonus1,72,0.9,1
bonus1,72,1.2,1
bonus1,72,2.3,1
bonus1,72,2.7,1
bonus1,72,3.7,2
bonus1,72,3.9,1
bonus1,72,4.6,1
bonus1,72,4.9,1
bonus1,72,5.3,1
bonus1,72,5.4,2
bonus1,72,5.6,1
bonus1,72,6,1
bonus1,72,6.1,1
bonus1,72,6.4,1
bonus1,72,7.1,1
bonus1,72,7.2,1
bonus1,72,7.4,1
bonus1,72,7.6,1
bonus1,72,7.9,1
bonus1,72,8.1,1
bonus1,72,8.2,1
bonus1,72,8.3,1
bonus1,72,8.4,1
bonus1,72,8.6,2
bonus1,72,8.8,1
bonus1,72,9.3,1
bonus1,72,9.6,1
bonus1,72,10.2,1
bonus1,72,10.6,1
bonus1,72,10.8,1
bonus1,72,11.9,1
bonus1,72,12.3,2
bonus1,72,12.6,1
bonus1,72,12.8,1
bonus1,72,12.9,1
bonus1,72,13.5,2
bonus1,72,13.8,1
bonus1,72,14.1,1
bonus1,72,14.2,1
bonus1,72,14.5,2
bonus1,72,14.7,1
bonus1,72,14.8,1
bonus1,72,14.9,2
bonus1,72,15,1
bonus1,72,15.4,1
bonus1,72,15.7,1
bonus1,72,15.8,2
bonus1,72,15.9,1
bonus1,72,16.1,1
bonus1,72,16.2,1
bonus1,72,16.8,1
bonus1,72,16.9,1
bonus1,72,17.1,1
bonus1,72,17.3,1
bonus1,72,18.3,1
bonus1,72,18.5,1
bonus1,72,18.7,1
bonus1,72,19.2,1
bonus1,72,19.6,2
bonus1,72,19.8,1
bonus1,72,20.2,1
bonus1,72,20.3,1
bonus1,72,20.9,1
bonus1,72,21.1,1
bonus1,72,21.3,1
bonus1,72,21.5,1
bonus1,72,21.6,1
bonus1,72,21.7,2
bonus1,72,21.8,1
bonus1,72,22,1
bonus1,72,22.5,1
bonus1,72,22.6,2
bonus1,72,22.9,1
bonus1,72,23.1,1
bonus1,72,23.2,1
bonus1,72,23.4,1
bonus1,72,23.6,1
bonus1,72,24,1
bonus1,72,24.5,2
bonus1,72,25.1,2
bonus1,72,25.2,1
bonus1,72,25.4,3
bonus1,72,25.6,1
bonus1,72,25.7,1
bonus1,72,26.1,1
bonus1,72,26.4,1
bonus1,72,26.6,1
bonus1,72,26.8,1
bonus1,72,27.5,2
bonus1,72,27.7,1
bonus1,72,27.8,1
bonus1,72,28.1,1
bonus1,72,28.2,1
bonus1,72,28.5,1
bonus1,72,29.4,1
bonus1,72,29.6,1
bonus1,72,29.9,1
bonus1,72,30.4,1
bonus1,72,31,2
bonus1,72,31.1,1
bonus1,72,31.3,1
bonus1,72,31.7,1
bonus1,72,32,1
bonus1,72,32.1,1
bonus1,72,32.4,1
bonus1,72,33.6,2
bonus1,72,33.8,1
bonus1,72,34.1,2
bonus1,72,34.2,1
bonus1,72,34.4,1
bonus1,72,34.5,1
bonus1,72,34.6,1
bonus1,72,34.7,1
bonus1,72,35.4,1
bonus1,72,35.5,2
bonus1,72,36.8,2
bonus1,72,36.9,1
bonus1,72,37.1,1
bonus1,72,37.4,1
bonus1,72,38.2,2
bonus1,72,38.4,1
bonus1,72,38.6,1
bonus1,72,38.7,1
bonus1,72,39.2,1
bonus1,72,39.3,1
bonus1,72,39.4,1
bonus1,72,39.5,1
bonus1,72,39.7,2
bonus1,72,39.8,1
bonus1,72,39.9,1
bonus1,72,40.1,1
bonus1,72,41.3,1
bonus1,72,41.5,1
bonus1,72,41.7,2
bonus1,72,42,1
bonus1,72,42.2,2
bonus1,72,42.3,1
bonus1,72,43,1
bonus1,72,43.2,1
bonus1,72,43.8,1
bonus1,72,43.9,1
bonus1,72,44.2,1
bonus1,72,44.6,1
bonus1,72,44.7,1
bonus1,72,45.3,1
bonus1,72,45.5,1
bonus1,72,45.7,1
bonus1,72,45.9,1
bonus1,72,46.3,1
bonus1,72,46.9,2
bonus1,72,47.6,2
bonus1,72,47.8,1
bonus1,72,47.9,2
bonus1,72,48.2,1
bonus1,72,48.4,2
bonus1,72,48.8,2
bonus1,72,49,1
bonus1,72,49.1,1
bonus1,72,49.2,1
bonus1,72,49.3,1
bonus1,72,49.5,3
bonus1,72,49.8,1
bonus1,72,49.9,1
bonus1,72,50.2,1
bonus1,72,50.3,1
bonus1,72,51,1
bonus1,72,51.7,4
bonus1,72,51.9,1
bonus1,72,52.1,1
bonus1,72,52.2,1
bonus1,72,52.5,1
bonus1,72,53,1
bonus1,72,53.1,1
bonus1,72,53.6,1
bonus1,72,53.8,1
bonus1,72,53.9,1
bonus1,72,54.4,1
bonus1,72,54.8,1
bonus1,72,55.6,1
bonus1,72,56.2,1
bonus1,72,58.2,1
bonus1,72,58.3,1
bonus1,72,58.4,1
bonus1,72,58.5,1
bonus1,72,58.9,2
bonus1,72,59.1,1
bonus1,72,59.2,1
bonus1,72,59.3,1
bonus1,72,59.4,1
bonus1,72,60,1
bonus1,72,60.2,1
bonus1,72,60.4,1
bonus1,72,60.5,1
bonus1,72,61.2,1
bonus1,72,61.7,2
bonus1,72,61.9,1
bonus1,72,62.5,3
bonus1,72,62.9,1
bonus1,72,63.1,1
bonus1,72,63.4,2
bonus1,72,63.5,2
bonus1,72,63.8,1
bonus1,72,64.6,1
bonus1,72,64.8,1
bonus1,72,65.6,1
bonus1,72,65.8,1
bonus1,72,66.2,1
bonus1,72,66.3,1
bonus1,72,66.4,1
bonus1,72,66.5,1
bonus1,72,66.6,2
bonus1,72,67,2
bonus1,72,67.2,1
bonus1,72,68.3,1
bonus1,72,68.4,1
bonus1,72,68.9,1
bonus1,72,69,1
bonus1,72,69.1,1
bonus1,72,69.4,1
bonus1,72,69.9,2
bonus1,72,70,1
bonus1,72,70.6,2
bonus1,72,70.7,2
bonus1,72,70.9,2
bonus1,72,71,1
bonus1,72,71.1,1
bonus1,72,71.4,1
bonus1,72,71.9,1
bonus1,72,72.1,1
bonus1,72,72.4,3
bonus1,72,72.5,1
bonus1,72,72.6,2
bonus1,72,72.7,1
bonus1,72,72.8,1
bonus1,72,73.1,1
bonus1,72,73.3,1
bonus1,72,73.4,1
bonus1,72,73.6,1
bonus1,72,73.7,1
bonus1,72,73.9,2
bonus1,72,74,1
bonus1,72,74.3,1
bonus1,72,74.5,1
bonus1,72,74.9,1
bonus1,72,75,2
bonus1,72,75.3,1
bonus1,72,75.5,1
bonus1,72,75.6,1
bonus1,72,75.8,1
bonus1,72,76.2,1
bonus1,72,76.6,1
bonus1,72,76.9,1
bonus1,72,77.1,1
bonus1,72,77.6,1
bonus1,72,78.2,1
bonus1,72,78.6,1
bonus1,72,78.8,1
bonus1,72,79.1,1
bonus1,72,79.4,1
bonus1,72,79.6,1
bonus1,72,79.8,1
bonus1,72,79.9,1
bonus1,72,80,1
bonus1,72,81.1,1
bonus1,72,81.2,1
bonus1,72,81.7,1
bonus1,72,81.9,1
bonus1,72,82,1
bonus1,72,82.2,1
bonus1,72,82.3,1
bonus1,72,82.4,1
bonus1,72,82.5,2
bonus1,72,82.7,1
bonus1,72,82.8,1
bonus1,72,82.9,1
bonus1,72,83.1,1
bonus1,72,83.2,1
bonus1,72,83.5,1
bonus1,72,83.7,1
bonus1,72,83.8,1
bonus1,72,83.9,1
bonus1,72,84,2
bonus1,72,84.3,1
bonus1,72,84.8,1
bonus1,72,85.2,1
bonus1,72,85.3,2
bonus1,72,85.6,1
bonus1,72,86,1
bonus1,72,86.1,2
bonus1,72,86.3,1
bonus1,72,86.4,1
bonus1,72,86.5,1
bonus1,72,87.3,1
bonus1,72,88.1,1
bonus1,72,88.5,2
bonus1,72,88.6,2
bonus1,72,89,1
bonus1,72,89.1,2
bonus1,72,89.6,1
bonus1,72,89.7,1
bonus1,72,89.8,1
bonus1,72,89.9,1
bonus1,72,90.2,1
bonus1,72,90.5,1
bonus1,72,90.6,1
bonus1,72,90.8,1
bonus1,72,91.1,1
bonus1,72,91.3,1
bonus1,72,91.6,1
bonus1,72,91.9,1
bonus1,72,92.1,3
bonus1,72,92.3,1
bonus1,72,92.5,1
bonus1,72,92.6,2
bonus1,72,92.8,1
bonus1,72,93,1
bonus1,72,93.7,1
bonus1,72,93.8,1
bonus1,72,94.3,1
bonus1,72,95.1,1
bonus1,72,95.4,1
bonus1,72,95.6,1
bonus1,72,95.7,1
bonus1,72,95.8,2
bonus1,72,96.5,1
bonus1,72,96.7,1
bonus1,72,96.9,2
bonus1,72,97.8,1
bonus1,72,98.3,1
bonus1,72,98.4,1
bonus1,72,98.5,3
bonus1,72,98.7,1
bonus1,72,99.6,1
bonus1,72,100,1
bonus1,78.4,0,1
bonus1,78.4,0.1,1
bonus1,78.4,0.2,1
bonus1,78.4,0.3,1
bonus1,78.4,0.6,3
bonus1,78.4,0.8,1
bonus1,78.4,1,1
bonus1,78.4,1.5,1
bonus1,78.4,1.7,1
bonus1,78.4,2,1
bonus1,78.4,2.2,1
bonus1,78.4,2.5,1
bonus1,78.4,2.6,1
bonus1,78.4,2.7,1
bonus1,78.4,2.9,1
bonus1,78.4,3.1,2
bonus1,78.4,3.3,1
bonus1,78.4,3.4,1
bonus1,78.4,3.5,2
bonus1,78.4,3.6,1
bonus1,78.4,3.7,1
bonus1,78.4,4.1,1
bonus1,78.4,4.2,1
bonus1,78.4,4.3,1
bonus1,78.4,4.4,1
bonus1,78.4,4.6,2
bonus1,78.4,4.7,1
bonus1,78.4,4.9,5
bonus1,78.4,5,1
bonus1,78.4,5.1,2
bonus1,78.4,5.2,1
bonus1,78.4,5.5,2
bonus1,78.4,6.1,1
bonus1,78.4,6.3,1
bonus1,78.4,6.7,1
bonus1,78.4,6.8,1
bonus1,78.4,6.9,1
bonus1,78.4,7,2
bonus1,78.4,7.1,1
bonus1,78.4,7.3,1
bonus1,78.4,7.6,1
bonus1,78.4,8.4,1
bonus1,78.4,8.5,2
bonus1,78.4,8.9,1
bonus1,78.4,9,1
bonus1,78.4,9.2,1
bonus1,78.4,9.4,3
bonus1,78.4,9.6,1
bonus1,78.4,9.8,1
bonus1,78.4,10.1,2
bonus1,78.4,10.2,2
bonus1,78.4,10.3,2
bonus1,78.4,10.4,1
bonus1,78.4,10.5,1
bonus1,78.4,10.7,1
bonus1,78.4,10.8,1
bonus1,78.4,10.9,1
bonus1,78.4,11,2
bonus1,78.4,11.1,1
bonus1,78.4,11.3,2
bonus1,78.4,11.4,2
bonus1,78.4,11.6,2
bonus1,78.4,11.9,1
bonus1,78.4,12,1
bonus1,78.4,12.2,1
bonus1,78.4,12.4,2
bonus1,78.4,12.7,1
bonus1,78.4,12.8,1
bonus1,78.4,12.9,1
bonus1,78.4,13,1
bonus1,78.4,13.2,2
bonus1,78.4,13.3,2
bonus1,78.4,13.4,1
bonus1,78.4,13.6,1
bonus1,78.4,13.8,2
bonus1,78.4,13.9,1
bonus1,78.4,14.3,1
bonus1,78.4,14.4,1
bonus1,78.4,14.5,1
bonus1,78.4,14.6,1
bonus1,78.4,14.7,1
bonus1,78.4,14.9,1
bonus1,78.4,15.1,1
bonus1,78.4,15.2,1
bonus1,78.4,15.4,1
bonus1,78.4,15.8,1
bonus1,78.4,15.9,1
bonus1,78.4,16.1,2
bonus1,78.4,16.2,1
bonus1,78.4,16.4,2
bonus1,78.4,16.5,2
bonus1,78.4,16.6,1
bonus1,78.4,16.8,1
bonus1,78.4,17.3,2
bonus1,78.4,17.5,1
bonus1,78.4,17.6,1
bonus1,78.4,17.7,2
bonus1,78.4,18.2,1
bonus1,78.4,18.5,1
bonus1,78.4,18.6,1
bonus1,78.4,18.7,1
bonus1,78.4,19,1
bonus1,78.4,19.3,2
bonus1,78.4,19.4,1
bonus1,78.4,19.6,1
bonus1,78.4,19.9,1
bonus1,78.4,20,1
bonus1,78.4,20.2,2
bonus1,78.4,20.3,2
bonus1,78.4,20.4,1
bonus1,78.4,20.7,1
bonus1,78.4,21,1
bonus1,78.4,21.1,1
bonus1,78.4,21.7,1
bonus1,78.4,21.8,2
bonus1,78.4,22,1
bonus1,78.4,22.1,1
bonus1,78.4,22.2,2
bonus1,78.4,22.3,1
bonus1,78.4,22.5,1
bonus1,78.4,22.6,1
bonus1,78.4,22.7,1
bonus1,78.4,23.1,2
bonus1,78.4,23.3,3
bonus1,78.4,23.5,1
bonus1,78.4,23.8,5
bonus1,78.4,23.9,1
bonus1,78.4,24,1
bonus1,78.4,24.1,2
bonus1,78.4,24.4,1
bonus1,78.4,24.6,1
bonus1,78.4,24.7,3
bonus1,78.4,24.9,1
bonus1,78.4,25,1
bonus1,78.4,25.1,2
bonus1,78.4,25.4,2
bonus1,78.4,25.6,1
bonus1,78.4,25.7,1
bonus1,78.4,25.8,4
bonus1,78.4,25.9,1
bonus1,78.4,26.1,1
bonus1,78.4,26.3,2
bonus1,78.4,26.4,1
bonus1,78.4,26.5,1
bonus1,78.4,26.6,1
bonus1,78.4,26.7,2
bonus1,78.4,26.9,2
bonus1,78.4,27,1
bonus1,78.4,27.5,2
bonus1,78.4,27.6,1
bonus1,78.4,27.7,1
bonus1,78.4,27.8,1
bonus1,78.4,27.9,1
bonus1,78.4,28,1
bonus1,78.4,28.1,1
bonus1,78.4,28.4,1
bonus1,78.4,28.8,1
bonus1,78.4,28.9,2
bonus1,78.4,29,1
bonus1,78.4,29.1,1
bonus1,78.4,29.5,2
bonus1,78.4,29.7,1
bonus1,78.4,29.8,2
bonus1,78.4,30.1,1
bonus1,78.4,30.2,1
bonus1,78.4,30.3,1
bonus1,78.4,30.4,1
bonus1,78.4,30.5,1
bonus1,78.4,30.6,1
bonus1,78.4,31.1,2
bonus1,78.4,31.5,1
bonus1,78.4,31.9,2
bonus1,78.4,32.4,2
bonus1,78.4,32.9,1
bonus1,78.4,33.2,2
bonus1,78.4,33.5,2
bonus1,78.4,33.6,1
bonus1,78.4,33.7,1
bonus1,78.4,33.9,2
bonus1,78.4,34,1
bonus1,78.4,34.3,1
bonus1,78.4,34.5,1
bonus1,78.4,34.8,1
bonus1,78.4,35.1,2
bonus1,78.4,35.2,1
bonus1,78.4,35.6,1
bonus1,78.4,35.9,2
bonus1,78.4,36,2
bonus1,78.4,36.1,1
bonus1,78.4,36.2,3
bonus1,78.4,36.3,1
bonus1,78.4,36.4,1
bonus1,78.4,36.5,1
bonus1,78.4,36.6,1
bonus1,78.4,37,1
bonus1,78.4,37.1,2
bonus1,78.4,37.2,2
bonus1,78.4,37.3,4
bonus1,78.4,37.4,1
bonus1,78.4,37.6,1
bonus1,78.4,37.7,1
bonus1,78.4,38.1,2
bonus1,78.4,38.5,1
bonus1,78.4,38.6,1
bonus1,78.4,38.7,1
bonus1,78.4,38.9,2
bonus1,78.4,39,1
bonus1,78.4,39.1,1
bonus1,78.4,39.2,1
bonus1,78.4,39.5,1
bonus1,78.4,39.6,1
bonus1,78.4,39.7,2
bonus1,78.4,40,1
bonus1,78.4,40.1,2
bonus1,78.4,40.2,1
bonus1,78.4,40.3,1
bonus1,78.4,40.4,2
bonus1,78.4,40.5,1
bonus1,78.4,40.6,1
bonus1,78.4,40.7,1
bonus1,78.4,40.9,2
bonus1,78.4,41,1
bonus1,78.4,41.1,1
bonus1,78.4,41.2,1
bonus1,78.4,41.4,3
bonus1,78.4,41.6,2
bonus1,78.4,41.7,2
bonus1,78.4,41.8,2
bonus1,78.4,42.1,1
bonus1,78.4,42.4,2
bonus1,78.4,42.7,1
bonus1,78.4,42.9,2
bonus1,78.4,43,1
bonus1,78.4,43.1,2
bonus1,78.4,43.4,1
bonus1,78.4,43.5,1
bonus1,78.4,43.9,1
bonus1,78.4,44.2,1
bonus1,78.4,44.7,2
bonus1,78.4,44.8,1
bonus1,78.4,45,1
bonus1,78.4,45.2,1
bonus1,78.4,45.3,1
bonus1,78.4,45.4,2
bonus1,78.4,45.7,1
bonus1,78.4,45.8,1
bonus1,78.4,46.1,1
bonus1,78.4,46.3,1
bonus1,78.4,46.4,1
bonus1,78.4,46.5,1
bonus1,78.4,46.8,2
bonus1,78.4,47,2
bonus1,78.4,47.2,1
bonus1,78.4,47.3,2
bonus1,78.4,47.5,2
bonus1,78.4,47.7,3
bonus1,78.4,48.1,1
bonus1,78.4,48.2,1
bonus1,78.4,48.3,1
bonus1,78.4,48.7,1
bonus1,78.4,48.8,1
bonus1,78.4,48.9,2
bonus1,78.4,49,1
bonus1,78.4,49.2,3
bonus1,78.4,49.3,1
bonus1,78.4,49.6,1
bonus1,78.4,49.7,1
bonus1,78.4,50,2
bonus1,78.4,50.1,1
bonus1,78.4,50.4,1
bonus1,78.4,50.7,2
bonus1,78.4,50.8,1
bonus1,78.4,50.9,1
bonus1,78.4,51,1
bonus1,78.4,51.1,1
bonus1,78.4,51.2,1
bonus1,78.4,51.3,1
bonus1,78.4,51.6,2
bonus1,78.4,51.9,1
bonus1,78.4,52,1
bonus1,78.4,52.1,2
bonus1,78.4,52.3,2
bonus1,78.4,52.4,1
bonus1,78.4,52.7,2
bonus1,78.4,52.8,1
bonus1,78.4,53,2
bonus1,78.4,53.4,3
bonus1,78.4,53.6,2
bonus1,78.4,53.7,1
bonus1,78.4,53.8,1
bonus1,78.4,54.1,2
bonus1,78.4,54.2,1
bonus1,78.4,54.3,3
bonus1,78.4,54.4,1
bonus1,78.4,54.7,2
bonus1,78.4,54.8,1
bonus1,78.4,54.9,1
bonus1,78.4,55.2,2
bonus1,78.4,55.3,1
bonus1,78.4,55.4,1
bonus1,78.4,55.5,4
bonus1,78.4,55.9,1
bonus1,78.4,56.1,1
bonus1,78.4,56.2,2
bonus1,78.4,56.5,2
bonus1,78.4,56.6,1
bonus1,78.4,56.8,2
bonus1,78.4,56.9,1
bonus1,78.4,57,1
bonus1,78.4,57.3,1
bonus1,78.4,57.4,2
bonus1,78.4,58,1
bonus1,78.4,58.1,1
bonus1,78.4,58.3,1
bonus1,78.4,58.4,1
bonus1,78.4,58.5,2
bonus1,78.4,58.6,1
bonus1,78.4,58.8,2
bonus1,78.4,58.9,1
bonus1,78.4,59.1,1
bonus1,78.4,59.2,1
bonus1,78.4,59.3,1
bonus1,78.4,59.4,2
bonus1,78.4,59.6,1
bonus1,78.4,59.7,1
bonus1,78.4,59.9,1
bonus1,78.4,60.1,1
bonus1,78.4,60.5,1
bonus1,78.4,60.6,1
bonus1,78.4,60.9,1
bonus1,78.4,61.4,1
bonus1,78.4,61.5,2
bonus1,78.4,61.6,1
bonus1,78.4,61.8,1
bonus1,78.4,62,1
bonus1,78.4,62.2,1
bonus1,78.4,62.3,1
bonus1,78.4,62.5,1
bonus1,78.4,62.6,1
bonus1,78.4,62.9,2
bonus1,78.4,63,1
bonus1,78.4,63.1,1
bonus1,78.4,63.2,1
bonus1,78.4,63.4,1
bonus1,78.4,63.7,1
bonus1,78.4,63.8,4
bonus1,78.4,64.1,2
bonus1,78.4,64.3,2
bonus1,78.4,64.7,1
bonus1,78.4,65.1,1
bonus1,78.4,65.2,1
bonus1,78.4,65.4,2
bonus1,78.4,65.5,1
bonus1,78.4,65.6,1
bonus1,78.4,65.7,1
bonus1,78.4,65.9,2
bonus1,78.4,66.1,1
bonus1,78.4,66.3,2
bonus1,78.4,66.6,2
bonus1,78.4,66.7,1
bonus1,78.4,66.8,1
bonus1,78.4,66.9,1
bonus1,78.4,67.1,2
bonus1,78.4,67.2,1
bonus1,78.4,67.3,2
bonus1,78.4,67.4,2
bonus1,78.4,67.5,2
bonus1,78.4,67.6,1
bonus1,78.4,68,1
bonus1,78.4,68.1,1
bonus1,78.4,68.2,2
bonus1,78.4,68.3,1
bonus1,78.4,68.4,2
bonus1,78.4,68.5,1
bonus1,78.4,68.6,2
bonus1,78.4,68.8,1
bonus1,78.4,69.1,2
bonus1,78.4,69.2,1
bonus1,78.4,69.3,1
bonus1,78.4,69.4,4
bonus1,78.4,69.6,1
bonus1,78.4,69.7,1
bonus1,78.4,69.9,1
bonus1,78.4,70,2
bonus1,78.4,70.1,1
bonus1,78.4,70.3,2
bonus1,78.4,70.4,1
bonus1,78.4,70.5,1
bonus1,78.4,70.9,1
bonus1,78.4,71.4,1
bonus1,78.4,71.5,1
bonus1,78.4,71.6,2
bonus1,78.4,71.8,1
bonus1,78.4,72,2
bonus1,78.4,72.1,2
bonus1,78.4,72.3,2
bonus1,78.4,72.4,1
bonus1,78.4,72.6,2
bonus1,78.4,72.7,2
bonus1,78.4,72.8,1
bonus1,78.4,72.9,1
bonus1,78.4,73.5,1
bonus1,78.4,73.7,2
bonus1,78.4,73.8,1
bonus1,78.4,73.9,1
bonus1,78.4,74.1,2
bonus1,78.4,74.3,3
bonus1,78.4,74.6,1
bonus1,78.4,74.7,1
bonus1,78.4,74.8,1
bonus1,78.4,75.1,2
bonus1,78.4,75.2,1
bonus1,78.4,75.4,1
bonus1,78.4,75.6,1
bonus1,78.4,75.7,1
bonus1,78.4,75.8,1
bonus1,78.4,75.9,2
bonus1,78.4,76,1
bonus1,78.4,76.1,1
bonus1,78.4,76.2,1
bonus1,78.4,76.3,1
bonus1,78.4,76.4,2
bonus1,78.4,76.5,2
bonus1,78.4,76.6,1
bonus1,78.4,76.7,1
bonus1,78.4,76.9,1
bonus1,78.4,77,1
bonus1,78.4,77.1,1
bonus1,78.4,77.3,2
bonus1,78.4,77.6,2
bonus1,78.4,77.8,3
bonus1,78.4,77.9,1
bonus1,78.4,78.1,1
bonus1,78.4,78.3,2
bonus1,78.4,78.5,2
bonus1,78.4,78.6,1
bonus1,78.4,78.7,1
bonus1,78.4,78.8,3
bonus1,78.4,78.9,2
bonus1,78.4,79,3
bonus1,78.4,79.1,1
bonus1,78.4,79.2,1
bonus1,78.4,79.3,2
bonus1,78.4,79.4,1
bonus1,78.4,79.7,2
bonus1,78.4,79.8,3
bonus1,78.4,79.9,2
bonus1,78.4,80,1
bonus1,78.4,80.2,1
bonus1,78.4,80.3,1
bonus1,78.4,80.6,1
bonus1,78.4,80.8,1
bonus1,78.4,80.9,4
bonus1,78.4,81,1
bonus1,78.4,81.1,1
bonus1,78.4,81.2,1
bonus1,78.4,81.3,1
bonus1,78.4,81.4,2
bonus1,78.4,81.5,2
bonus1,78.4,81.7,3
bonus1,78.4,81.9,1
bonus1,78.4,82,2
bonus1,78.4,82.1,3
bonus1,78.4,82.3,2
bonus1,78.4,82.4,1
bonus1,78.4,82.7,1
bonus1,78.4,82.9,1
bonus1,78.4,83.2,3
bonus1,78.4,83.3,1
bonus1,78.4,83.4,1
bonus1,78.4,83.5,1
bonus1,78.4,83.6,1
bonus1,78.4,83.7,2
bonus1,78.4,83.9,3
bonus1,78.4,84.2,2
bonus1,78.4,84.4,1
bonus1,78.4,84.5,1
bonus1,78.4,84.6,2
bonus1,78.4,84.9,1
bonus1,78.4,85,1
bonus1,78.4,85.1,2
bonus1,78.4,85.2,1
bonus1,78.4,85.3,1
bonus1,78.4,85.4,1
bonus1,78.4,85.5,1
bonus1,78.4,85.8,2
bonus1,78.4,86,1
bonus1,78.4,86.1,4
bonus1,78.4,86.2,1
bonus1,78.4,86.3,1
bonus1,78.4,86.6,2
bonus1,78.4,86.7,1
bonus1,78.4,86.8,1
bonus1,78.4,86.9,3
bonus1,78.4,87.2,1
bonus1,78.4,87.4,1
bonus1,78.4,87.6,1
bonus1,78.4,87.8,1
bonus1,78.4,87.9,3
bonus1,78.4,88,1
bonus1,78.4,88.3,1
bonus1,78.4,88.4,2
bonus1,78.4,88.5,1
bonus1,78.4,88.7,2
bonus1,78.4,88.9,2
bonus1,78.4,89.1,1
bonus1,78.4,89.4,1
bonus1,78.4,89.5,1
bonus1,78.4,89.6,1
bonus1,78.4,89.7,2
bonus1,78.4,89.9,1
bonus1,78.4,90,2
bonus1,78.4,90.1,2
bonus1,78.4,90.2,1
bonus1,78.4,90.4,1
bonus1,78.4,90.6,3
bonus1,78.4,90.7,2
bonus1,78.4,90.9,1
bonus1,78.4,91.5,2
bonus1,78.4,91.7,1
bonus1,78.4,91.8,2
bonus1,78.4,91.9,1
bonus1,78.4,92.2,1
bonus1,78.4,92.8,2
bonus1,78.4,93,1
bonus1,78.4,93.2,2
bonus1,78.4,93.4,1
bonus1,78.4,93.6,1
bonus1,78.4,93.7,1
bonus1,78.4,93.8,2
bonus1,78.4,93.9,1
bonus1,78.4,94.1,1
bonus1,78.4,94.2,3
bonus1,78.4,94.4,1
bonus1,78.4,94.5,1
bonus1,78.4,94.6,1
bonus1,78.4,94.7,2
bonus1,78.4,94.8,1
bonus1,78.4,94.9,1
bonus1,78.4,95,3
bonus1,78.4,95.2,3
bonus1,78.4,95.3,1
bonus1,78.4,95.4,3
bonus1,78.4,95.6,4
bonus1,78.4,95.8,1
bonus1,78.4,96,1
bonus1,78.4,96.3,2
bonus1,78.4,96.4,3
bonus1,78.4,96.5,2
bonus1,78.4,97.1,3
bonus1,78.4,97.4,1
bonus1,78.4,97.6,1
bonus1,78.4,97.7,2
bonus1,78.4,97.9,1
bonus1,78.4,98,1
bonus1,78.4,98.1,1
bonus1,78.4,98.3,2
bonus1,78.4,98.4,1
bonus1,78.4,98.5,1
bonus1,78.4,98.8,1
bonus1,78.4,98.9,1
bonus1,78.4,99.2,2
bonus1,78.4,99.5,1
bonus1,78.4,99.6,1
bonus1,78.4,99.7,2
bonus1,78.4,99.8,1
bonus1,84.5,0.1,1
bonus1,84.5,0.2,1
bonus1,84.5,0.7,1
bonus1,84.5,0.9,1
bonus1,84.5,1,1
bonus1,84.5,1.4,2
bonus1,84.5,2.5,1
bonus1,84.5,3.7,2
bonus1,84.5,4,1
bonus1,84.5,4.5,2
bonus1,84.5,4.6,1
bonus1,84.5,5.4,2
bonus1,84.5,6.3,2
bonus1,84.5,6.4,1
bonus1,84.5,6.5,1
bonus1,84.5,7.1,1
bonus1,84.5,7.7,1
bonus1,84.5,7.9,1
bonus1,84.5,9.1,2
bonus1,84.5,9.3,1
bonus1,84.5,9.4,1
bonus1,84.5,9.5,1
bonus1,84.5,9.7,1
bonus1,84.5,9.8,1
bonus1,84.5,10.2,1
bonus1,84.5,10.6,2
bonus1,84.5,11.1,1
bonus1,84.5,11.5,1
bonus1,84.5,11.6,1
bonus1,84.5,11.7,1
bonus1,84.5,12.2,1
bonus1,84.5,12.5,1
bonus1,84.5,13.5,1
bonus1,84.5,14,1
bonus1,84.5,14.2,1
bonus1,84.5,14.3,1
bonus1,84.5,14.9,1
bonus1,84.5,16.5,1
bonus1,84.5,16.9,1
bonus1,84.5,17.7,1
bonus1,84.5,17.8,1
bonus1,84.5,18.1,1
bonus1,84.5,18.2,1
bonus1,84.5,18.5,1
bonus1,84.5,18.9,2
bonus1,84.5,19,1
bonus1,84.5,19.4,1
bonus1,84.5,19.6,2
bonus1,84.5,19.7,1
bonus1,84.5,20.8,1
bonus1,84.5,21.5,1
bonus1,84.5,21.7,1
bonus1,84.5,21.8,1
bonus1,84.5,21.9,1
bonus1,84.5,22.2,1
bonus1,84.5,23,1
bonus1,84.5,23.4,1
bonus1,84.5,23.5,1
bonus1,84.5,23.8,1
bonus1,84.5,24.3,2
bonus1,84.5,24.6,1
bonus1,84.5,25.1,1
bonus1,84.5,25.3,1
bonus1,84.5,25.9,1
bonus1,84.5,27.2,1
bonus1,84.5,27.3,1
bonus1,84.5,27.8,1
bonus1,84.5,28,1
bonus1,84.5,28.1,1
bonus1,84.5,28.4,1
bonus1,84.5,28.7,1
bonus1,84.5,29,1
bonus1,84.5,29.1,1
bonus1,84.5,29.8,1
bonus1,84.5,29.9,1
bonus1,84.5,30,1
bonus1,84.5,30.1,1
bonus1,84.5,30.8,1
bonus1,84.5,30.9,1
bonus1,84.5,31.2,1
bonus1,84.5,31.8,1
bonus1,84.5,32.1,1
bonus1,84.5,32.2,1
bonus1,84.5,32.4,1
bonus1,84.5,33.7,1
bonus1,84.5,35,1
bonus1,84.5,35.2,1
bonus1,84.5,35.4,1
bonus1,84.5,35.5,1
bonus1,84.5,35.7,1
bonus1,84.5,36,1
bonus1,84.5,36.2,1
bonus1,84.5,36.3,1
bonus1,84.5,37.1,1
bonus1,84.5,37.2,1
bonus1,84.5,37.3,1
bonus1,84.5,37.5,1
bonus1,84.5,37.6,1
bonus1,84.5,38.1,1
bonus1,84.5,38.4,1
bonus1,84.5,38.8,1
bonus1,84.5,39.5,1
bonus1,84.5,40.2,2
bonus1,84.5,40.9,1
bonus1,84.5,41.1,1
bonus1,84.5,41.3,1
bonus1,84.5,41.6,1
bonus1,84.5,41.9,1
bonus1,84.5,42.5,1
bonus1,84.5,42.6,1
bonus1,84.5,42.9,1
bonus1,84.5,43.2,1
bonus1,84.5,43.5,1
bonus1,84.5,43.8,1
bonus1,84.5,44,1
bonus1,84.5,44.2,1
bonus1,84.5,45.6,1
bonus1,84.5,45.9,1
bonus1,84.5,46,2
bonus1,84.5,46.2,1
bonus1,84.5,46.4,2
bonus1,84.5,47.1,1
bonus1,84.5,47.8,1
bonus1,84.5,48,1
bonus1,84.5,48.6,1
bonus1,84.5,48.8,1
bonus1,84.5,50,1
bonus1,84.5,50.4,1
bonus1,84.5,51.3,1
bonus1,84.5,51.5,1
bonus1,84.5,51.6,1
bonus1,84.5,52.1,2
bonus1,84.5,52.3,1
bonus1,84.5,52.6,1
bonus1,84.5,52.8,1
bonus1,84.5,52.9,1
bonus1,84.5,53.2,1
bonus1,84.5,53.5,1
bonus1,84.5,53.6,1
bonus1,84.5,54.2,2
bonus1,84.5,54.7,1
bonus1,84.5,54.8,1
bonus1,84.5,55.3,1
bonus1,84.5,55.4,1
bonus1,84.5,55.5,1
bonus1,84.5,55.6,2
bonus1,84.5,55.9,1
bonus1,84.5,56.2,1
bonus1,84.5,56.7,1
bonus1,84.5,57.7,3
bonus1,84.5,57.8,2
bonus1,84.5,57.9,1
bonus1,84.5,58,1
bonus1,84.5,58.1,1
bonus1,84.5,58.5,1
bonus1,84.5,58.6,1
bonus1,84.5,58.8,1
bonus1,84.5,59.7,2
bonus1,84.5,59.9,1
bonus1,84.5,60,1
bonus1,84.5,60.2,2
bonus1,84.5,60.3,2
bonus1,84.5,60.4,2
bonus1,84.5,60.5,1
bonus1,84.5,60.8,3
bonus1,84.5,61.1,2
bonus1,84.5,61.4,1
bonus1,84.5,61.7,1
bonus1,84.5,62.1,1
bonus1,84.5,62.9,1
bonus1,84.5,63,1
bonus1,84.5,63.4,1
bonus1,84.5,63.7,1
bonus1,84.5,64,2
bonus1,84.5,64.7,1
bonus1,84.5,64.9,1
bonus1,84.5,65,1
bonus1,84.5,65.6,1
bonus1,84.5,65.8,1
bonus1,84.5,66.4,1
bonus1,84.5,66.5,1
bonus1,84.5,66.8,1
bonus1,84.5,67,2
bonus1,84.5,67.2,2
bonus1,84.5,67.7,1
bonus1,84.5,67.9,1
bonus1,84.5,68.1,1
bonus1,84.5,69,1
bonus1,84.5,69.2,1
bonus1,84.5,69.4,1
bonus1,84.5,69.5,1
bonus1,84.5,70.4,1
bonus1,84.5,70.5,1
bonus1,84.5,71.3,1
bonus1,84.5,71.7,1
bonus1,84.5,71.9,2
bonus1,84.5,72,2
bonus1,84.5,72.1,1
bonus1,84.5,72.2,1
bonus1,84.5,72.3,1
bonus1,84.5,72.8,2
bonus1,84.5,73.1,1
bonus1,84.5,73.3,1
bonus1,84.5,73.4,1
bonus1,84.5,73.5,1
bonus1,84.5,73.6,1
bonus1,84.5,74.4,1
bonus1,84.5,74.5,1
bonus1,84.5,74.8,1
bonus1,84.5,75,1
bonus1,84.5,75.3,1
bonus1,84.5,76.2,1
bonus1,84.5,76.4,1
bonus1,84.5,76.6,1
bonus1,84.5,78,1
bonus1,84.5,78.2,1
bonus1,84.5,78.3,1
bonus1,84.5,78.4,2
bonus1,84.5,78.6,1
bonus1,84.5,78.9,1
bonus1,84.5,79,1
bonus1,84.5,79.8,1
bonus1,84.5,80.4,1
bonus1,84.5,80.8,1
bonus1,84.5,81.1,1
bonus1,84.5,81.5,3
bonus1,84.5,81.9,1
bonus1,84.5,82.6,2
bonus1,84.5,83,1
bonus1,84.5,83.4,1
bonus1,84.5,83.8,1
bonus1,84.5,84,1
bonus1,84.5,84.1,1
bonus1,84.5,84.2,1
bonus1,84.5,84.4,1
bonus1,84.5,84.8,1
bonus1,84.5,85,2
bonus1,84.5,85.1,2
bonus1,84.5,85.2,1
bonus1,84.5,85.6,1
bonus1,84.5,85.7,1
bonus1,84.5,85.9,2
bonus1,84.5,86,1
bonus1,84.5,86.2,2
bonus1,84.5,86.4,2
bonus1,84.5,86.6,1
bonus1,84.5,86.9,1
bonus1,84.5,87,1
bonus1,84.5,88,1
bonus1,84.5,88.5,3
bonus1,84.5,89.1,1
bonus1,84.5,89.4,2
bonus1,84.5,90.1,1
bonus1,84.5,90.4,1
bonus1,84.5,90.9,1
bonus1,84.5,91,1
bonus1,84.5,91.1,1
bonus1,84.5,91.4,2
bonus1,84.5,92,1
bonus1,84.5,92.2,2
bonus1,84.5,92.9,1
bonus1,84.5,93.3,1
bonus1,84.5,93.5,1
bonus1,84.5,93.6,1
bonus1,84.5,93.8,1
bonus1,84.5,94.1,1
bonus1,84.5,94.6,1
bonus1,84.5,95,1
bonus1,84.5,95.2,1
bonus1,84.5,95.9,2
bonus1,84.5,96.3,1
bonus1,84.5,96.8,2
bonus1,84.5,97,1
bonus1,84.5,97.3,1
bonus1,84.5,97.4,1
bonus1,84.5,97.5,1
bonus1,84.5,97.6,1
bonus1,84.5,97.7,1
bonus1,84.5,98,1
bonus1,84.5,98.2,1
bonus1,84.5,98.3,1
bonus1,84.5,98.6,1
bonus1,84.5,99,1
bonus1,84.5,99.1,1
bonus1,84.5,99.7,1
bonus1,84.5,99.8,1
bonus1,84.5,99.9,1
bonus1,84.5,100,1
bonus1,90,0,1
bonus1,90,0.8,1
bonus1,90,1.6,2
bonus1,90,1.8,1
bonus1,90,2,1
bonus1,90,2.1,1
bonus1,90,2.5,1
bonus1,90,2.7,1
bonus1,90,2.8,1
bonus1,90,2.9,1
bonus1,90,3,1
bonus1,90,3.5,1
bonus1,90,3.6,1
bonus1,90,3.9,1
bonus1,90,4,1
bonus1,90,4.2,1
bonus1,90,4.6,1
bonus1,90,4.7,1
bonus1,90,5.3,2
bonus1,90,5.9,1
bonus1,90,6,2
bonus1,90,6.6,1
bonus1,90,6.7,1
bonus1,90,6.8,1
bonus1,90,6.9,1
bonus1,90,7,1
bonus1,90,7.1,1
bonus1,90,7.6,1
bonus1,90,7.7,1
bonus1,90,8.7,1
bonus1,90,9.6,1
bonus1,90,9.7,1
bonus1,90,9.8,1
bonus1,90,9.9,1
bonus1,90,10.1,2
bonus1,90,10.3,2
bonus1,90,10.4,1
bonus1,90,10.8,1
bonus1,90,11.6,1
bonus1,90,11.8,2
bonus1,90,11.9,2
bonus1,90,12,1
bonus1,90,12.1,1
bonus1,90,12.3,1
bonus1,90,12.7,1
bonus1,90,12.9,2
bonus1,90,13.6,1
bonus1,90,13.7,1
bonus1,90,13.8,1
bonus1,90,13.9,2
bonus1,90,14,1
bonus1,90,14.1,2
bonus1,90,14.5,2
bonus1,90,15,1
bonus1,90,15.1,1
bonus1,90,15.2,1
bonus1,90,15.8,1
bonus1,90,15.9,1
bonus1,90,16.8,1
bonus1,90,17.6,1
bonus1,90,18.1,1
bonus1,90,18.2,1
bonus1,90,18.4,2
bonus1,90,18.5,1
bonus1,90,18.6,1
bonus1,90,19,1
bonus1,90,20.1,2
bonus1,90,20.5,1
bonus1,90,20.7,1
bonus1,90,21.1,1
bonus1,90,21.3,1
bonus1,90,21.4,2
bonus1,90,21.5,2
bonus1,90,21.6,2
bonus1,90,22,1
bonus1,90,22.1,1
bonus1,90,22.3,1
bonus1,90,22.4,1
bonus1,90,22.7,2
bonus1,90,23,1
bonus1,90,23.3,1
bonus1,90,23.4,1
bonus1,90,23.5,1
bonus1,90,23.6,1
bonus1,90,23.9,1
bonus1,90,24,1
bonus1,90,24.1,1
bonus1,90,24.4,2
bonus1,90,24.5,1
bonus1,90,24.7,1
bonus1,90,25.1,1
bonus1,90,25.4,1
bonus1,90,25.9,1
bonus1,90,26.2,1
bonus1,90,26.5,1
bonus1,90,26.6,1
bonus1,90,26.7,1
bonus1,90,26.8,1
bonus1,90,26.9,1
bonus1,90,27,1
bonus1,90,27.2,3
bonus1,90,27.4,1
bonus1,90,27.6,2
bonus1,90,27.7,2
bonus1,90,27.9,1
bonus1,90,28.4,2
bonus1,90,28.6,2
bonus1,90,28.8,1
bonus1,90,29.2,2
bonus1,90,29.3,1
bonus1,90,29.4,1
bonus1,90,29.6,2
bonus1,90,29.8,1
bonus1,90,30,1
bonus1,90,30.2,2
bonus1,90,30.5,1
bonus1,90,30.6,1
bonus1,90,30.9,2
bonus1,90,31.4,1
bonus1,90,31.5,1
bonus1,90,31.6,2
bonus1,90,31.9,2
bonus1,90,32.1,1
bonus1,90,32.2,1
bonus1,90,32.6,1
bonus1,90,32.7,1
bonus1,90,33,2
bonus1,90,33.2,1
bonus1,90,33.4,1
bonus1,90,33.7,1
bonus1,90,33.8,1
bonus1,90,33.9,1
bonus1,90,34.1,1
bonus1,90,34.2,1
bonus1,90,34.4,1
bonus1,90,34.7,1
bonus1,90,34.8,1
bonus1,90,34.9,2
bonus1,90,35,2
bonus1,90,35.1,2
bonus1,90,35.2,3
bonus1,90,35.5,2
bonus1,90,35.8,2
bonus1,90,35.9,1
bonus1,90,36.6,2
bonus1,90,37.1,1
bonus1,90,37.3,1
bonus1,90,37.6,2
bonus1,90,37.7,1
bonus1,90,37.8,2
bonus1,90,37.9,1
bonus1,90,38.1,1
bonus1,90,38.8,1
bonus1,90,39,1
bonus1,90,39.3,1
bonus1,90,39.4,1
bonus1,90,39.5,1
bonus1,90,39.7,1
bonus1,90,39.8,3
bonus1,90,39.9,2
bonus1,90,40,1
bonus1,90,40.1,1
bonus1,90,40.3,2
bonus1,90,40.5,1
bonus1,90,40.7,2
bonus1,90,41.2,1
bonus1,90,41.4,1
bonus1,90,41.6,1
bonus1,90,41.8,1
bonus1,90,42.1,1
bonus1,90,42.2,1
bonus1,90,42.4,1
bonus1,90,42.5,1
bonus1,90,42.8,1
bonus1,90,43.2,1
bonus1,90,43.3,1
bonus1,90,43.4,1
bonus1,90,43.7,2
bonus1,90,44,1
bonus1,90,44.1,2
bonus1,90,44.3,1
bonus1,90,44.6,2
bonus1,90,44.7,2
bonus1,90,45,3
bonus1,90,45.2,1
bonus1,90,45.6,1
bonus1,90,45.7,1
bonus1,90,45.8,1
bonus1,90,46.3,1
bonus1,90,46.7,1
bonus1,90,46.8,1
bonus1,90,46.9,1
bonus1,90,47,1
bonus1,90,47.5,1
bonus1,90,47.6,3
bonus1,90,48.3,1
bonus1,90,48.6,1
bonus1,90,48.7,1
bonus1,90,49,2
bonus1,90,49.2,1
bonus1,90,49.4,1
bonus1,90,50,1
bonus1,90,50.1,3
bonus1,90,50.7,2
bonus1,90,50.8,1
bonus1,90,51,1
bonus1,90,51.3,2
bonus1,90,51.6,1
bonus1,90,51.8,1
bonus1,90,51.9,3
bonus1,90,52.4,2
bonus1,90,52.8,1
bonus1,90,52.9,1
bonus1,90,53.1,1
bonus1,90,53.2,1
bonus1,90,53.5,2
bonus1,90,53.6,1
bonus1,90,53.7,1
bonus1,90,53.9,2
bonus1,90,54.5,2
bonus1,90,54.7,1
bonus1,90,54.9,1
bonus1,90,55,1
bonus1,90,55.1,1
bonus1,90,55.4,2
bonus1,90,55.6,1
bonus1,90,55.9,1
bonus1,90,56,1
bonus1,90,56.1,1
bonus1,90,56.2,1
bonus1,90,56.3,1
bonus1,90,56.4,1
bonus1,90,56.6,1
bonus1,90,56.7,1
bonus1,90,56.9,2
bonus1,90,57.1,1
bonus1,90,57.3,1
bonus1,90,57.5,1
bonus1,90,58.3,1
bonus1,90,58.5,1
bonus1,90,58.6,1
bonus1,90,58.7,1
bonus1,90,59.1,1
bonus1,90,59.2,2
bonus1,90,59.3,1
bonus1,90,59.5,1
bonus1,90,59.6,1
bonus1,90,59.9,1
bonus1,90,60,2
bonus1,90,60.1,2
bonus1,90,60.2,1
bonus1,90,60.3,2
bonus1,90,60.6,1
bonus1,90,60.8,1
bonus1,90,61,2
bonus1,90,61.2,2
bonus1,90,61.3,3
bonus1,90,61.4,2
bonus1,90,61.6,1
bonus1,90,61.7,1
bonus1,90,61.9,1
bonus1,90,62.1,1
bonus1,90,62.3,1
bonus1,90,62.4,2
bonus1,90,62.6,1
bonus1,90,63,1
bonus1,90,63.3,1
bonus1,90,63.7,1
bonus1,90,63.8,1
bonus1,90,64,1
bonus1,90,64.2,2
bonus1,90,64.3,1
bonus1,90,64.5,2
bonus1,90,64.9,1
bonus1,90,65,1
bonus1,90,65.1,1
bonus1,90,65.2,1
bonus1,90,65.3,1
bonus1,90,65.5,1
bonus1,90,65.6,1
bonus1,90,65.7,2
bonus1,90,65.9,1
bonus1,90,66,3
bonus1,90,66.2,2
bonus1,90,66.5,1
bonus1,90,66.9,1
bonus1,90,67.1,1
bonus1,90,67.3,1
bonus1,90,67.4,2
bonus1,90,67.6,1
bonus1,90,67.8,1
bonus1,90,68,2
bonus1,90,68.1,2
bonus1,90,68.2,1
bonus1,90,68.5,3
bonus1,90,68.7,1
bonus1,90,68.9,3
bonus1,90,69,1
bonus1,90,69.4,1
bonus1,90,69.5,1
bonus1,90,69.6,1
bonus1,90,69.7,1
bonus1,90,69.8,1
bonus1,90,69.9,2
bonus1,90,70.2,1
bonus1,90,70.3,1
bonus1,90,70.4,1
bonus1,90,70.5,1
bonus1,90,70.7,1
bonus1,90,70.8,4
bonus1,90,70.9,2
bonus1,90,71,1
bonus1,90,71.1,2
bonus1,90,71.3,2
bonus1,90,71.5,1
bonus1,90,71.6,2
bonus1,90,71.8,2
bonus1,90,71.9,1
bonus1,90,72.2,2
bonus1,90,72.6,1
bonus1,90,73,1
bonus1,90,73.2,2
bonus1,90,73.9,1
bonus1,90,74.1,1
bonus1,90,74.4,1
bonus1,90,74.5,1
bonus1,90,74.6,2
bonus1,90,74.8,1
bonus1,90,74.9,1
bonus1,90,75,1
bonus1,90,75.2,1
bonus1,90,75.4,1
bonus1,90,75.5,1
bonus1,90,76.1,1
bonus1,90,76.2,1
bonus1,90,76.3,1
bonus1,90,76.4,1
bonus1,90,76.5,2
bonus1,90,76.6,1
bonus1,90,76.8,1
bonus1,90,77.2,1
bonus1,90,77.3,1
bonus1,90,77.4,2
bonus1,90,77.5,1
bonus1,90,77.9,2
bonus1,90,78.2,2
bonus1,90,78.6,1
bonus1,90,78.7,1
bonus1,90,78.8,2
bonus1,90,79.1,1
bonus1,90,79.2,1
bonus1,90,79.3,2
bonus1,90,79.4,2
bonus1,90,79.5,2
bonus1,90,79.6,2
bonus1,90,79.9,1
bonus1,90,80.3,2
bonus1,90,80.6,1
bonus1,90,80.7,1
bonus1,90,80.9,2
bonus1,90,81,1
bonus1,90,81.1,1
bonus1,90,81.3,1
bonus1,90,81.4,1
bonus1,90,81.9,1
bonus1,90,82,1
bonus1,90,82.2,1
bonus1,90,82.3,1
bonus1,90,82.5,1
bonus1,90,82.6,1
bonus1,90,82.9,2
bonus1,90,83.1,2
bonus1,90,83.4,3
bonus1,90,83.5,2
bonus1,90,83.6,2
bonus1,90,83.7,2
bonus1,90,83.8,2
bonus1,90,84,1
bonus1,90,84.1,1
bonus1,90,84.2,1
bonus1,90,84.6,3
bonus1,90,84.7,1
bonus1,90,84.8,1
bonus1,90,85.2,1
bonus1,90,85.3,1
bonus1,90,85.4,1
bonus1,90,85.5,1
bonus1,90,85.6,1
bonus1,90,85.8,1
bonus1,90,86.2,3
bonus1,90,86.3,2
bonus1,90,86.4,1
bonus1,90,86.7,1
bonus1,90,86.8,1
bonus1,90,87,1
bonus1,90,87.1,3
bonus1,90,87.2,2
bonus1,90,87.3,1
bonus1,90,87.4,1
bonus1,90,87.6,1
bonus1,90,87.7,1
bonus1,90,87.8,1
bonus1,90,87.9,1
bonus1,90,88.1,4
bonus1,90,88.2,1
bonus1,90,88.3,1
bonus1,90,88.4,1
bonus1,90,88.5,1
bonus1,90,88.6,1
bonus1,90,88.7,1
bonus1,90,88.8,1
bonus1,90,88.9,2
bonus1,90,89,2
bonus1,90,89.1,1
bonus1,90,89.3,1
bonus1,90,89.6,2
bonus1,90,89.8,3
bonus1,90,90.1,3
bonus1,90,90.2,1
bonus1,90,90.4,1
bonus1,90,90.5,2
bonus1,90,90.6,1
bonus1,90,90.7,3
bonus1,90,90.8,1
bonus1,90,91,1
bonus1,90,91.1,1
bonus1,90,91.3,1
bonus1,90,91.4,1
bonus1,90,91.5,1
bonus1,90,91.6,1
bonus1,90,91.9,4
bonus1,90,92,1
bonus1,90,92.4,2
bonus1,90,92.5,2
bonus1,90,92.6,1
bonus1,90,92.7,1
bonus1,90,92.9,1
bonus1,90,93,1
bonus1,90,93.1,1
bonus1,90,93.3,1
bonus1,90,93.4,2
bonus1,90,93.5,3
bonus1,90,93.7,1
bonus1,90,93.8,2
bonus1,90,93.9,3
bonus1,90,94,2
bonus1,90,94.1,2
bonus1,90,94.4,4
bonus1,90,94.6,2
bonus1,90,94.7,1
bonus1,90,94.9,2
bonus1,90,95,1
bonus1,90,95.1,2
bonus1,90,95.2,3
bonus1,90,95.3,1
bonus1,90,95.5,2
bonus1,90,95.6,1
bonus1,90,95.7,3
bonus1,90,95.9,3
bonus1,90,96,2
bonus1,90,96.2,2
bonus1,90,96.3,2
bonus1,90,96.4,2
bonus1,90,96.5,1
bonus1,90,96.6,4
bonus1,90,96.8,1
bonus1,90,96.9,2
bonus1,90,97,1
bonus1,90,97.1,3
bonus1,90,97.2,2
bonus1,90,97.3,1
bonus1,90,97.4,4
bonus1,90,97.5,2
bonus1,90,97.6,2
bonus1,90,97.8,4
bonus1,90,97.9,2
bonus1,90,98,1
bonus1,90,98.1,1
bonus1,90,98.2,3
bonus1,90,98.3,4
bonus1,90,98.4,2
bonus1,90,98.6,1
bonus1,90,98.7,2
bonus1,90,98.8,1
bonus1,90,98.9,1
bonus1,90,99,2
bonus1,90,99.1,1
bonus1,90,99.2,1
bonus1,90,99.3,1
bonus1,90,99.4,1
bonus1,90,99.5,1
bonus1,90,99.6,1
bonus1,90,99.8,1
bonus1,90,99.9,2
bonus1,94.8,0.3,1
bonus1,94.8,0.6,1
bonus1,94.8,2.4,1
bonus1,94.8,3.2,1
bonus1,94.8,3.4,1
bonus1,94.8,4.4,1
bonus1,94.8,6.6,1
bonus1,94.8,6.8,1
bonus1,94.8,7.1,1
bonus1,94.8,8.7,1
bonus1,94.8,8.9,1
bonus1,94.8,9.3,2
bonus1,94.8,10.8,1
bonus1,94.8,11.1,1
bonus1,94.8,15.9,1
bonus1,94.8,16.3,1
bonus1,94.8,16.4,1
bonus1,94.8,16.9,1
bonus1,94.8,17.1,1
bonus1,94.8,17.2,1
bonus1,94.8,17.7,1
bonus1,94.8,20.3,1
bonus1,94.8,22.5,1
bonus1,94.8,23.9,1
bonus1,94.8,24.9,1
bonus1,94.8,25.9,1
bonus1,94.8,26.3,2
bonus1,94.8,27.1,1
bonus1,94.8,27.3,1
bonus1,94.8,28.1,1
bonus1,94.8,29.1,1
bonus1,94.8,30.5,1
bonus1,94.8,30.6,1
bonus1,94.8,31,1
bonus1,94.8,32.5,1
bonus1,94.8,33.8,1
bonus1,94.8,34.3,1
bonus1,94.8,34.4,2
bonus1,94.8,34.6,1
bonus1,94.8,35.3,1
bonus1,94.8,35.7,1
bonus1,94.8,35.9,1
bonus1,94.8,36.3,1
bonus1,94.8,37.1,1
bonus1,94.8,37.5,1
bonus1,94.8,37.7,1
bonus1,94.8,39.5,1
bonus1,94.8,40,2
bonus1,94.8,40.9,1
bonus1,94.8,41.5,1
bonus1,94.8,42.6,1
bonus1,94.8,42.8,1
bonus1,94.8,43.4,3
bonus1,94.8,43.6,1
bonus1,94.8,44.1,1
bonus1,94.8,45.9,1
bonus1,94.8,46.7,1
bonus1,94.8,47.2,1
bonus1,94.8,47.4,1
bonus1,94.8,47.9,1
bonus1,94.8,48.1,1
bonus1,94.8,49,1
bonus1,94.8,49.7,2
bonus1,94.8,50.4,1
bonus1,94.8,51.3,1
bonus1,94.8,52.8,1
bonus1,94.8,53.1,1
bonus1,94.8,53.5,1
bonus1,94.8,54.3,1
bonus1,94.8,55.6,1
bonus1,94.8,55.7,1
bonus1,94.8,57.8,1
bonus1,94.8,57.9,1
bonus1,94.8,58.3,2
bonus1,94.8,59,1
bonus1,94.8,59.5,1
bonus1,94.8,60.5,1
bonus1,94.8,60.9,1
bonus1,94.8,62.4,1
bonus1,94.8,62.5,1
bonus1,94.8,62.6,1
bonus1,94.8,62.8,1
bonus1,94.8,63.7,1
bonus1,94.8,64.7,1
bonus1,94.8,64.9,1
bonus1,94.8,65,1
bonus1,94.8,65.2,1
bonus1,94.8,65.9,1
bonus1,94.8,66.5,1
bonus1,94.8,66.7,1
bonus1,94.8,66.8,1
bonus1,94.8,66.9,1
bonus1,94.8,67.1,1
bonus1,94.8,67.3,1
bonus1,94.8,67.9,1
bonus1,94.8,68.4,1
bonus1,94.8,69.4,1
bonus1,94.8,69.6,1
bonus1,94.8,69.9,1
bonus1,94.8,70.7,1
bonus1,94.8,71.1,1
bonus1,94.8,71.2,1
bonus1,94.8,71.8,1
bonus1,94.8,71.9,1
bonus1,94.8,72.4,1
bonus1,94.8,73.4,1
bonus1,94.8,73.6,1
bonus1,94.8,74.2,1
bonus1,94.8,74.9,1
bonus1,94.8,75,1
bonus1,94.8,75.4,1
bonus1,94.8,75.6,1
bonus1,94.8,75.7,1
bonus1,94.8,75.8,1
bonus1,94.8,75.9,1
bonus1,94.8,76.3,1
bonus1,94.8,77.1,1
bonus1,94.8,77.6,1
bonus1,94.8,78.1,1
bonus1,94.8,78.4,2
bonus1,94.8,78.9,1
bonus1,94.8,79.1,1
bonus1,94.8,80.6,1
bonus1,94.8,81,1
bonus1,94.8,81.1,1
bonus1,94.8,81.4,1
bonus1,94.8,82,1
bonus1,94.8,82.2,1
bonus1,94.8,83,1
bonus1,94.8,83.2,1
bonus1,94.8,83.3,1
bonus1,94.8,83.6,2
bonus1,94.8,83.9,1
bonus1,94.8,84.3,1
bonus1,94.8,84.4,1
bonus1,94.8,84.7,1
bonus1,94.8,84.8,1
bonus1,94.8,85.3,1
bonus1,94.8,86.5,1
bonus1,94.8,86.6,1
bonus1,94.8,86.8,2
bonus1,94.8,86.9,1
bonus1,94.8,87,1
bonus1,94.8,87.4,2
bonus1,94.8,87.5,1
bonus1,94.8,87.7,1
bonus1,94.8,87.8,1
bonus1,94.8,88,1
bonus1,94.8,88.4,1
bonus1,94.8,88.7,1
bonus1,94.8,88.8,1
bonus1,94.8,89.2,1
bonus1,94.8,89.4,1
bonus1,94.8,89.6,1
bonus1,94.8,91,1
bonus1,94.8,91.4,1
bonus1,94.8,91.8,1
bonus1,94.8,92.2,1
bonus1,94.8,92.3,2
bonus1,94.8,92.9,1
bonus1,94.8,93,2
bonus1,94.8,93.2,1
bonus1,94.8,93.3,1
bonus1,94.8,93.7,1
bonus1,94.8,93.8,1
bonus1,94.8,94.1,1
bonus1,94.8,94.5,1
bonus1,94.8,94.6,1
bonus1,94.8,94.7,1
bonus1,94.8,94.8,1
bonus1,94.8,96.2,1
bonus1,94.8,96.3,1
bonus1,94.8,96.5,1
bonus1,94.8,96.6,1
bonus1,94.8,96.8,1
bonus1,94.8,96.9,2
bonus1,94.8,97.1,1
bonus1,94.8,97.3,1
bonus1,94.8,97.5,2
bonus1,94.8,97.7,1
bonus1,94.8,97.8,1
bonus1,94.8,97.9,1
bonus1,94.8,98.2,2
bonus1,94.8,98.5,1
bonus1,94.8,98.6,1
bonus1,94.8,98.8,1
bonus1,94.8,98.9,1
bonus1,94.8,99.1,1
bonus1,94.8,99.5,1
bonus1,94.8,99.6,2
bonus1,94.8,99.8,2
bonus1,94.8,99.9,1
bonus1,94.8,100,2
bonus1,97.4,1.1,2
bonus1,97.4,1.4,1
bonus1,97.4,1.6,1
bonus1,97.4,1.7,1
bonus1,97.4,2.1,1
bonus1,97.4,3.7,1
bonus1,97.4,4.5,1
bonus1,97.4,4.6,1
bonus1,97.4,5.7,1
bonus1,97.4,5.8,2
bonus1,97.4,7.3,1
bonus1,97.4,8.1,1
bonus1,97.4,12.6,1
bonus1,97.4,12.9,1
bonus1,97.4,14.5,1
bonus1,97.4,14.9,1
bonus1,97.4,15,1
bonus1,97.4,15.1,1
bonus1,97.4,15.3,1
bonus1,97.4,16.4,1
bonus1,97.4,18.2,1
bonus1,97.4,18.6,1
bonus1,97.4,19.3,1
bonus1,97.4,20.6,1
bonus1,97.4,20.9,1
bonus1,97.4,21.1,1
bonus1,97.4,21.2,1
bonus1,97.4,21.5,1
bonus1,97.4,21.8,1
bonus1,97.4,22.2,1
bonus1,97.4,23.9,1
bonus1,97.4,24.7,1
bonus1,97.4,25.2,1
bonus1,97.4,25.3,1
bonus1,97.4,26,2
bonus1,97.4,26.7,1
bonus1,97.4,28.6,1
bonus1,97.4,29.5,2
bonus1,97.4,29.7,1
bonus1,97.4,30.5,1
bonus1,97.4,31.2,1
bonus1,97.4,32,1
bonus1,97.4,33.2,1
bonus1,97.4,34.5,1
bonus1,97.4,34.9,1
bonus1,97.4,35.3,1
bonus1,97.4,35.4,1
bonus1,97.4,35.5,1
bonus1,97.4,36.8,1
bonus1,97.4,38.4,1
bonus1,97.4,38.6,1
bonus1,97.4,40.3,1
bonus1,97.4,41.1,1
bonus1,97.4,41.3,1
bonus1,97.4,42.6,1
bonus1,97.4,42.9,1
bonus1,97.4,43,1
bonus1,97.4,43.5,1
bonus1,97.4,43.9,1
bonus1,97.4,44.3,1
bonus1,97.4,44.8,1
bonus1,97.4,45.2,1
bonus1,97.4,45.7,1
bonus1,97.4,45.9,1
bonus1,97.4,46.2,1
bonus1,97.4,47.3,1
bonus1,97.4,47.5,1
bonus1,97.4,48.1,2
bonus1,97.4,48.2,1
bonus1,97.4,48.4,1
bonus1,97.4,48.5,1
bonus1,97.4,48.9,1
bonus1,97.4,49.1,2
bonus1,97.4,49.6,1
bonus1,97.4,49.7,1
bonus1,97.4,49.9,1
bonus1,97.4,50.6,1
bonus1,97.4,50.9,1
bonus1,97.4,51.1,1
bonus1,97.4,53,1
bonus1,97.4,53.2,1
bonus1,97.4,53.6,1
bonus1,97.4,54,1
bonus1,97.4,54.7,2
bonus1,97.4,54.8,1
bonus1,97.4,54.9,1
bonus1,97.4,55.1,1
bonus1,97.4,55.3,1
bonus1,97.4,56.1,1
bonus1,97.4,56.4,1
bonus1,97.4,56.6,1
bonus1,97.4,56.9,1
bonus1,97.4,57.2,1
bonus1,97.4,57.4,1
bonus1,97.4,57.6,1
bonus1,97.4,58.7,1
bonus1,97.4,58.8,1
bonus1,97.4,58.9,1
bonus1,97.4,60.8,1
bonus1,97.4,62.6,1
bonus1,97.4,64.2,1
bonus1,97.4,64.9,1
bonus1,97.4,65,1
bonus1,97.4,65.3,1
bonus1,97.4,65.5,1
bonus1,97.4,66.3,1
bonus1,97.4,66.4,1
bonus1,97.4,69.6,2
bonus1,97.4,69.8,1
bonus1,97.4,69.9,1
bonus1,97.4,70.4,1
bonus1,97.4,71.5,1
bonus1,97.4,71.7,1
bonus1,97.4,71.8,2
bonus1,97.4,72.1,1
bonus1,97.4,72.5,1
bonus1,97.4,73,1
bonus1,97.4,73.1,1
bonus1,97.4,73.4,1
bonus1,97.4,73.6,1
bonus1,97.4,74.2,1
bonus1,97.4,75.7,2
bonus1,97.4,76,1
bonus1,97.4,76.1,1
bonus1,97.4,77.1,1
bonus1,97.4,77.4,2
bonus1,97.4,77.6,1
bonus1,97.4,79,1
bonus1,97.4,79.6,1
bonus1,97.4,79.9,1
bonus1,97.4,80,1
bonus1,97.4,80.1,1
bonus1,97.4,80.2,2
bonus1,97.4,80.4,1
bonus1,97.4,80.5,1
bonus1,97.4,80.6,1
bonus1,97.4,80.7,1
bonus1,97.4,80.8,2
bonus1,97.4,80.9,1
bonus1,97.4,81,1
bonus1,97.4,81.1,1
bonus1,97.4,81.4,1
bonus1,97.4,81.8,1
bonus1,97.4,81.9,1
bonus1,97.4,82.3,1
bonus1,97.4,82.5,1
bonus1,97.4,82.7,1
bonus1,97.4,83.3,1
bonus1,97.4,83.4,1
bonus1,97.4,83.6,1
bonus1,97.4,83.7,2
bonus1,97.4,83.9,1
bonus1,97.4,84.1,1
bonus1,97.4,84.4,1
bonus1,97.4,84.6,1
bonus1,97.4,84.9,1
bonus1,97.4,85,1
bonus1,97.4,85.1,1
bonus1,97.4,85.3,1
bonus1,97.4,85.4,1
bonus1,97.4,85.9,1
bonus1,97.4,86.7,1
bonus1,97.4,86.9,1
bonus1,97.4,87.1,1
bonus1,97.4,87.2,1
bonus1,97.4,87.5,1
bonus1,97.4,88,1
bonus1,97.4,88.6,2
bonus1,97.4,89,1
bonus1,97.4,89.2,1
bonus1,97.4,89.9,1
bonus1,97.4,90.3,1
bonus1,97.4,90.4,1
bonus1,97.4,90.5,1
bonus1,97.4,90.7,1
bonus1,97.4,90.9,2
bonus1,97.4,91,1
bonus1,97.4,91.1,1
bonus1,97.4,91.2,1
bonus1,97.4,91.6,1
bonus1,97.4,92.1,1
bonus1,97.4,92.3,1
bonus1,97.4,92.5,1
bonus1,97.4,92.6,1
bonus1,97.4,92.9,1
bonus1,97.4,93.1,2
bonus1,97.4,93.2,1
bonus1,97.4,93.3,1
bonus1,97.4,93.4,2
bonus1,97.4,93.7,1
bonus1,97.4,93.9,2
bonus1,97.4,94.1,1
bonus1,97.4,94.2,2
bonus1,97.4,94.3,1
bonus1,97.4,94.4,1
bonus1,97.4,94.6,1
bonus1,97.4,94.7,1
bonus1,97.4,94.8,1
bonus1,97.4,95,1
bonus1,97.4,95.4,2
bonus1,97.4,95.5,1
bonus1,97.4,95.7,2
bonus1,97.4,95.9,1
bonus1,97.4,96,1
bonus1,97.4,96.1,2
bonus1,97.4,96.2,1
bonus1,97.4,96.5,1
bonus1,97.4,96.7,2
bonus1,97.4,96.8,1
bonus1,97.4,96.9,1
bonus1,97.4,97,1
bonus1,97.4,97.2,2
bonus1,97.4,97.3,1
bonus1,97.4,97.5,1
bonus1,97.4,97.6,3
bonus1,97.4,97.7,2
bonus1,97.4,98,1
bonus1,97.4,98.1,2
bonus1,97.4,98.2,1
bonus1,97.4,98.4,1
bonus1,97.4,98.5,2
bonus1,97.4,98.6,1
bonus1,97.4,98.7,3
bonus1,97.4,98.8,3
bonus1,97.4,98.9,4
bonus1,97.4,99,2
bonus1,97.4,99.1,1
bonus1,97.4,99.2,1
bonus1,97.4,99.4,1
bonus1,97.4,99.5,2
bonus1,97.4,99.6,2
bonus1,97.4,99.9,2
bonus1,99.4,1.7,1
bonus1,99.4,20.8,1
bonus1,99.4,23.4,1
bonus1,99.4,27.7,1
bonus1,99.4,28.3,1
bonus1,99.4,28.6,1
bonus1,99.4,29.1,1
bonus1,99.4,30.8,1
bonus1,99.4,33,1
bonus1,99.4,34.7,1
bonus1,99.4,37,2
bonus1,99.4,38.5,1
bonus1,99.4,42.3,1
bonus1,99.4,43.6,1
bonus1,99.4,44.3,1
bonus1,99.4,47.3,1
bonus1,99.4,48.2,1
bonus1,99.4,56.1,1
bonus1,99.4,58.5,1
bonus1,99.4,61.6,1
bonus1,99.4,62.2,1
bonus1,99.4,66.7,1
bonus1,99.4,70.5,1
bonus1,99.4,72.9,1
bonus1,99.4,73.3,1
bonus1,99.4,74.1,1
bonus1,99.4,75.9,1
bonus1,99.4,76.5,1
bonus1,99.4,77.2,1
bonus1,99.4,77.3,1
bonus1,99.4,78.1,1
bonus1,99.4,78.4,1
bonus1,99.4,79.2,1
bonus1,99.4,80.7,1
bonus1,99.4,82.3,1
bonus1,99.4,82.6,1
bonus1,99.4,82.8,1
bonus1,99.4,84.7,1
bonus1,99.4,84.9,1
bonus1,99.4,85.2,1
bonus1,99.4,85.7,1
bonus1,99.4,86,1
bonus1,99.4,86.3,1
bonus1,99.4,86.8,1
bonus1,99.4,87.7,1
bonus1,99.4,88.1,1
bonus1,99.4,89,1
bonus1,99.4,89.3,1
bonus1,99.4,90.8,1
bonus1,99.4,91.2,1
bonus1,99.4,92.1,1
bonus1,99.4,92.5,1
bonus1,99.4,92.9,1
bonus1,99.4,93.2,1
bonus1,99.4,93.3,2
bonus1,99.4,93.5,1
bonus1,99.4,93.9,2
bonus1,99.4,94,1
bonus1,99.4,94.8,1
bonus1,99.4,95.3,1
bonus1,99.4,96.1,1
bonus1,99.4,96.2,1
bonus1,99.4,96.8,1
bonus1,99.4,97,1
bonus1,99.4,97.2,1
bonus1,99.4,97.3,2
bonus1,99.4,97.4,1
bonus1,99.4,97.5,1
bonus1,99.4,97.9,1
bonus1,99.4,98,1
bonus1,99.4,98.1,2
bonus1,99.4,98.4,4
bonus1,99.4,98.6,3
bonus1,99.4,98.7,2
bonus1,99.4,98.9,1
bonus1,99.4,99,1
bonus1,99.4,99.1,6
bonus1,99.4,99.2,3
bonus1,99.4,99.3,1
bonus1,99.4,99.4,2
bonus1,99.4,99.5,1
bonus1,99.4,99.6,1
bonus1,99.4,99.7,2
bonus1,99.4,99.9,1
bonus1,99.4,100,1
bonus1,100,75.4,1
bonus1,100,79.7,1
bonus1,100,98.9,1
bonus1,100,99.3,2
bonus1,100,99.4,1
bonus1,100,99.7,1
bonus2,0,5.2,1
bonus2,0,51,1
bonus2,0,55.8,1
bonus2,0,64.1,1
bonus2,0,99.7,1
bonus2,0.1,10.8,1
bonus2,0.1,25.7,1
bonus2,0.1,43.6,1
bonus2,0.1,64.7,1
bonus2,0.1,69.3,1
bonus2,0.1,95.9,1
bonus2,0.1,96.3,1
bonus2,0.1,97.8,1
bonus2,0.2,23.7,1
bonus2,0.2,25.5,1
bonus2,0.2,68.2,1
bonus2,0.2,71.6,1
bonus2,0.2,76.3,1
bonus2,0.2,85.8,1
bonus2,0.2,91.4,1
bonus2,0.2,96.4,1
bonus2,0.3,10.9,1
bonus2,0.3,14.8,1
bonus2,0.3,41.7,1
bonus2,0.3,47.6,1
bonus2,0.3,53.8,1
bonus2,0.3,67.1,1
bonus2,0.3,77.6,1
bonus2,0.3,86.9,1
bonus2,0.4,4.7,1
bonus2,0.4,17.3,1
bonus2,0.4,22.6,1
bonus2,0.4,30.5,2
bonus2,0.4,59.2,1
bonus2,0.4,89.7,1
bonus2,0.4,99.7,1
bonus2,0.5,15.3,1
bonus2,0.5,28.1,1
bonus2,0.5,42.4,1
bonus2,0.5,45.3,1
bonus2,0.5,47.2,1
bonus2,0.5,52.5,1
bonus2,0.5,60.6,1
bonus2,0.5,62.8,1
bonus2,0.5,66.5,1
bonus2,0.5,73.5,1
bonus2,0.6,16.3,1
bonus2,0.6,21.9,1
bonus2,0.6,26.5,1
bonus2,0.6,46.2,1
bonus2,0.6,52.9,1
bonus2,0.6,69.4,1
bonus2,0.6,86.5,1
bonus2,0.6,95,1
bonus2,0.6,97.9,1
bonus2,0.7,21.1,1
bonus2,0.7,22.4,1
bonus2,0.7,26.4,1
bonus2,0.7,31.8,1
bonus2,0.7,33.8,1
bonus2,0.8,23.2,1
bonus2,0.8,23.7,1
bonus2,0.8,27.4,1
bonus2,0.8,35.4,1
bonus2,0.8,44.2,1
bonus2,0.8,54.4,1
bonus2,0.8,56.7,1
bonus2,0.8,63.8,1
bonus2,0.8,80.4,1
bonus2,0.8,89.4,1
bonus2,0.9,4.8,1
bonus2,0.9,23.7,1
bonus2,0.9,29.9,1
bonus2,0.9,36.1,1
bonus2,0.9,49.7,1
bonus2,0.9,56.5,1
bonus2,0.9,73.4,1
bonus2,0.9,74.9,1
bonus2,0.9,83.3,1
bonus2,0.9,84.3,1
bonus2,0.9,87.4,1
bonus2,0.9,93.3,1
bonus2,1,21.6,1
bonus2,1,52.5,1
bonus2,1.1,2.9,1
bonus2,1.1,10.1,1
bonus2,1.1,16.8,1
bonus2,1.1,21.3,1
bonus2,1.1,33.3,1
bonus2,1.1,33.8,1
bonus2,1.1,35.1,1
bonus2,1.1,39,1
bonus2,1.1,51.9,1
bonus2,1.1,55.6,1
bonus2,1.1,84.2,1
bonus2,1.1,85,1
bonus2,1.1,92.8,1
bonus2,1.2,36.3,1
bonus2,1.2,46,1
bonus2,1.2,48,1
bonus2,1.3,10.7,1
bonus2,1.3,22.1,1
bonus2,1.3,26.3,1
bonus2,1.3,27.6,1
bonus2,1.3,38.6,1
bonus2,1.3,55.7,1
bonus2,1.3,56.4,1
bonus2,1.3,59.4,1
bonus2,1.3,73.2,1
bonus2,1.3,77.6,1
bonus2,1.3,87.2,1
bonus2,1.3,90.5,1
bonus2,1.3,94.4,1
bonus2,1.4,17.6,1
bonus2,1.4,31.3,1
bonus2,1.4,33.9,1
bonus2,1.4,35.8,1
bonus2,1.4,47.4,1
bonus2,1.4,78.2,1
bonus2,1.6,1.2,1
bonus2,1.6,4.1,1
bonus2,1.6,4.5,1
bonus2,1.6,6.8,1
bonus2,1.6,16.9,1
bonus2,1.6,20.2,1
bonus2,1.6,22.3,1
bonus2,1.6,36.8,1
bonus2,1.6,39,1
bonus2,1.6,40.8,1
bonus2,1.6,46.9,1
bonus2,1.6,49.2,1
bonus2,1.6,49.4,1
bonus2,1.6,65,1
bonus2,1.6,69.1,1
bonus2,1.6,71.1,1
bonus2,1.6,73.2,1
bonus2,1.6,74.3,1
bonus2,1.6,75.2,1
bonus2,1.6,80.5,1
bonus2,1.6,88.9,1
bonus2,1.6,95,1
bonus2,1.8,19.8,1
bonus2,1.8,20.6,1
bonus2,1.8,35.3,1
bonus2,1.8,62.6,1
bonus2,1.8,64.1,1
bonus2,1.8,82.1,1
bonus2,1.9,13.6,1
bonus2,1.9,13.7,1
bonus2,1.9,16.9,1
bonus2,1.9,21,1
bonus2,1.9,21.1,1
bonus2,1.9,21.6,1
bonus2,1.9,33.9,1
bonus2,1.9,35.9,2
bonus2,1.9,40.8,1
bonus2,1.9,41.1,1
bonus2,1.9,48.7,1
bonus2,1.9,52.1,1
bonus2,1.9,59.6,1
bonus2,1.9,61.5,1
bonus2,1.9,64.4,1
bonus2,1.9,78,1
bonus2,1.9,78.1,1
bonus2,1.9,80.3,1
bonus2,1.9,90.8,1
bonus2,1.9,97.7,1
bonus2,2.1,8.6,1
bonus2,2.1,22.8,1
bonus2,2.1,51.1,1
bonus2,2.1,52.6,1
bonus2,2.1,73.4,1
bonus2,2.1,74.8,1
bonus2,2.1,78.6,1
bonus2,2.1,82.5,1
bonus2,2.1,85.6,1
bonus2,2.1,100,1
bonus2,2.3,1.9,1
bonus2,2.3,13.7,1
bonus2,2.3,13.8,1
bonus2,2.3,18.6,1
bonus2,2.3,21.9,1
bonus2,2.3,34.4,1
bonus2,2.3,34.9,1
bonus2,2.3,37.3,1
bonus2,2.3,38.2,1
bonus2,2.3,42,1
bonus2,2.3,42.5,1
bonus2,2.3,44.4,1
bonus2,2.3,48.1,1
bonus2,2.3,51.1,1
bonus2,2.3,54.1,1
bonus2,2.3,58.4,1
bonus2,2.3,59.3,1
bonus2,2.3,59.5,2
bonus2,2.3,59.9,1
bonus2,2.3,74,1
bonus2,2.3,77.8,1
bonus2,2.3,83,1
bonus2,2.3,91.3,1
bonus2,2.3,94.9,1
bonus2,2.3,96.5,1
bonus2,2.3,99.7,1
bonus2,2.6,4.2,1
bonus2,2.6,15,1
bonus2,2.6,24.2,1
bonus2,2.6,46.7,1
bonus2,2.6,47.2,1
bonus2,2.6,61,1
bonus2,2.6,70.9,1
bonus2,2.6,82.2,1
bonus2,2.8,0.8,1
bonus2,2.8,2.9,1
bonus2,2.8,5.2,1
bonus2,2.8,8.5,1
bonus2,2.8,8.7,1
bonus2,2.8,9,1
bonus2,2.8,12.9,1
bonus2,2.8,14.1,1
bonus2,2.8,14.4,1
bonus2,2.8,19.1,1
bonus2,2.8,24.1,1
bonus2,2.8,36.9,1
bonus2,2.8,49.7,2
bonus2,2.8,50.3,1
bonus2,2.8,52.3,1
bonus2,2.8,67.2,1
bonus2,2.8,67.6,1
bonus2,2.8,76.4,1
bonus2,2.8,77.5,1
bonus2,2.8,78.1,1
bonus2,2.8,95.3,1
bonus2,2.8,96.7,1
bonus2,2.8,98.9,1
bonus2,3,8.5,1
bonus2,3,23.8,1
bonus2,3,27.5,1
bonus2,3,32.5,1
bonus2,3,35.1,1
bonus2,3,47.9,1
bonus2,3,55.8,1
bonus2,3,56.2,1
bonus2,3,66.9,1
bonus2,3,67.8,1
bonus2,3,68.3,1
bonus2,3,69.2,1
bonus2,3,74.5,1
bonus2,3,77.6,1
bonus2,3,86.6,1
bonus2,3,89,1
bonus2,3.3,4.8,1
bonus2,3.3,6.1,1
bonus2,3.3,7,1
bonus2,3.3,9.6,1
bonus2,3.3,10.3,1
bonus2,3.3,17.8,2
bonus2,3.3,20.2,1
bonus2,3.3,22.6,1
bonus2,3.3,24.4,1
bonus2,3.3,28.5,1
bonus2,3.3,29,1
bonus2,3.3,31.3,1
bonus2,3.3,32.4,1
bonus2,3.3,34.4,1
bonus2,3.3,36.4,1
bonus2,3.3,37.9,1
bonus2,3.3,42.9,1
bonus2,3.3,46.1,1
bonus2,3.3,50.1,1
bonus2,3.3,52.5,1
bonus2,3.3,55.2,1
bonus2,3.3,57.9,1
bonus2,3.3,59.9,1
bonus2,3.3,68.9,1
bonus2,3.3,77,1
bonus2,3.3,79.7,1
bonus2,3.3,80.5,1
bonus2,3.3,81,1
bonus2,3.3,84,1
bonus2,3.3,88.5,1
bonus2,3.3,88.9,1
bonus2,3.3,89.9,1
bonus2,3.3,91.9,1
bonus2,3.3,92.5,1
bonus2,3.3,93.7,1
bonus2,3.3,99.2,1
bonus2,3.7,13.8,1
bonus2,3.7,18,1
bonus2,3.7,18.4,1
bonus2,3.7,25.8,1
bonus2,3.7,27.4,1
bonus2,3.7,44.8,1
bonus2,3.7,50.3,1
bonus2,3.7,60.3,1
bonus2,3.7,62.8,1
bonus2,3.7,71.7,1
bonus2,3.7,74.5,1
bonus2,3.7,75.4,1
bonus2,3.7,78.9,1
bonus2,3.7,79.5,1
bonus2,3.7,86.5,1
bonus2,3.7,86.7,1
bonus2,3.7,90.2,1
bonus2,3.7,95.9,1
bonus2,4.1,2.7,1
bonus2,4.1,5.4,1
bonus2,4.1,7.4,1
bonus2,4.1,7.9,1
bonus2,4.1,12.5,1
bonus2,4.1,12.6,1
bonus2,4.1,13.6,1
bonus2,4.1,13.8,1
bonus2,4.1,16.2,1
bonus2,4.1,16.9,1
bonus2,4.1,18.2,1
bonus2,4.1,23.1,1
bonus2,4.1,27.3,1
bonus2,4.1,27.9,1
bonus2,4.1,28.3,1
bonus2,4.1,30.9,1
bonus2,4.1,31.9,1
bonus2,4.1,33.1,1
bonus2,4.1,34.8,1
bonus2,4.1,37.2,2
bonus2,4.1,38.4,1
bonus2,4.1,38.7,1
bonus2,4.1,39.1,1
bonus2,4.1,39.4,1
bonus2,4.1,48.5,1
bonus2,4.1,49.5,1
bonus2,4.1,50.9,1
bonus2,4.1,51.7,1
bonus2,4.1,55.9,1
bonus2,4.1,56.8,1
bonus2,4.1,57.2,1
bonus2,4.1,58,1
bonus2,4.1,58.6,1
bonus2,4.1,61.3,1
bonus2,4.1,73.4,1
bonus2,4.1,77.7,1
bonus2,4.1,83.2,1
bonus2,4.1,83.7,1
bonus2,4.1,85.4,1
bonus2,4.1,87.6,1
bonus2,4.1,87.7,1
bonus2,4.1,88.1,1
bonus2,4.1,88.3,1
bonus2,4.1,90.2,1
bonus2,4.1,99.8,1
bonus2,4.5,2.3,1
bonus2,4.5,2.4,1
bonus2,4.5,2.9,1
bonus2,4.5,5.9,1
bonus2,4.5,9,1
bonus2,4.5,10.7,1
bonus2,4.5,11.5,1
bonus2,4.5,16.6,1
bonus2,4.5,20.6,1
bonus2,4.5,26,1
bonus2,4.5,38.5,1
bonus2,4.5,42.6,1
bonus2,4.5,45.3,1
bonus2,4.5,45.5,1
bonus2,4.5,45.9,1
bonus2,4.5,48.2,1
bonus2,4.5,54.9,1
bonus2,4.5,60.9,1
bonus2,4.5,72.2,1
bonus2,4.5,80.8,1
bonus2,4.5,94.6,1
bonus2,5,4.2,1
bonus2,5,5.2,1
bonus2,5,5.6,1
bonus2,5,6.9,1
bonus2,5,10.1,2
bonus2,5,10.8,1
bonus2,5,11.1,1
bonus2,5,12.5,1
bonus2,5,13.1,2
bonus2,5,20.4,1
bonus2,5,21.6,1
bonus2,5,25.5,1
bonus2,5,27.6,1
bonus2,5,29,1
bonus2,5,31,1
bonus2,5,31.6,1
bonus2,5,33,1
bonus2,5,33.1,1
bonus2,5,34.1,1
bonus2,5,34.8,1
bonus2,5,37,1
bonus2,5,37.7,1
bonus2,5,38.4,1
bonus2,5,40.1,1
bonus2,5,41.2,1
bonus2,5,41.5,1
bonus2,5,42.5,1
bonus2,5,43.5,1
bonus2,5,44.5,1
bonus2,5,48.8,1
bonus2,5,50,1
bonus2,5,50.7,1
bonus2,5,51.4,1
bonus2,5,51.5,1
bonus2,5,53.7,1
bonus2,5,56,1
bonus2,5,58.3,1
bonus2,5,60.3,1
bonus2,5,60.7,1
bonus2,5,61,1
bonus2,5,62.7,1
bonus2,5,67.4,1
bonus2,5,67.6,1
bonus2,5,70.5,1
bonus2,5,73.7,1
bonus2,5,76.2,1
bonus2,5,79.6,1
bonus2,5,80.9,1
bonus2,5,82.3,1
bonus2,5,82.6,1
bonus2,5,83.3,1
bonus2,5,83.8,1
bonus2,5,85.9,1
bonus2,5,86.1,1
bonus2,5,90.2,1
bonus2,5,93.9,1
bonus2,5,95.5,1
bonus2,5,96.1,1
bonus2,5.4,2.2,1
bonus2,5.4,7.8,1
bonus2,5.4,10.4,1
bonus2,5.4,11.2,1
bonus2,5.4,12.3,1
bonus2,5.4,17.5,1
bonus2,5.4,18.3,1
bonus2,5.4,19.8,1
bonus2,5.4,22.8,1
bonus2,5.4,31.8,1
bonus2,5.4,37.3,1
bonus2,5.4,38,1
bonus2,5.4,39.4,1
bonus2,5.4,43.9,1
bonus2,5.4,46.5,1
bonus2,5.4,59.3,1
bonus2,5.4,61.8,1
bonus2,5.4,62.2,1
bonus2,5.4,79.2,1
bonus2,5.4,87.2,1
bonus2,5.9,0.4,1
bonus2,5.9,0.9,1
bonus2,5.9,1.8,1
bonus2,5.9,4.5,1
bonus2,5.9,6.5,1
bonus2,5.9,7.4,1
bonus2,5.9,8.7,1
bonus2,5.9,9,1
bonus2,5.9,9.1,1
bonus2,5.9,10.3,2
bonus2,5.9,11.7,1
bonus2,5.9,13.3,1
bonus2,5.9,14.5,1
bonus2,5.9,14.6,1
bonus2,5.9,17.6,1
bonus2,5.9,18.7,1
bonus2,5.9,21.8,1
bonus2,5.9,22.7,1
bonus2,5.9,26.9,1
bonus2,5.9,28.7,1
bonus2,5.9,31.4,1
bonus2,5.9,33.4,1
bonus2,5.9,36.9,1
bonus2,5.9,37.4,1
bonus2,5.9,37.9,1
bonus2,5.9,43.8,1
bonus2,5.9,44.1,1
bonus2,5.9,47,1
bonus2,5.9,50.4,1
bonus2,5.9,53,1
bonus2,5.9,54.2,1
bonus2,5.9,56,1
bonus2,5.9,57.6,1
bonus2,5.9,60.2,1
bonus2,5.9,61,1
bonus2,5.9,63.8,1
bonus2,5.9,64.5,1
bonus2,5.9,65.5,1
bonus2,5.9,65.6,1
bonus2,5.9,66.3,1
bonus2,5.9,67.7,1
bonus2,5.9,67.8,1
bonus2,5.9,70.7,1
bonus2,5.9,73,1
bonus2,5.9,75.9,1
bonus2,5.9,77.8,1
bonus2,5.9,80.4,1
bonus2,5.9,82.4,1
bonus2,5.9,82.9,1
bonus2,5.9,83.6,1
bonus2,5.9,86.6,1
bonus2,5.9,88.4,1
bonus2,5.9,90.5,1
bonus2,5.9,93.6,2
bonus2,5.9,95.4,1
bonus2,6.4,4.3,1
bonus2,6.4,13.6,1
bonus2,6.4,15,1
bonus2,6.4,15.7,1
bonus2,6.4,15.8,1
bonus2,6.4,18.3,1
bonus2,6.4,22,1
bonus2,6.4,27,1
bonus2,6.4,31.2,1
bonus2,6.4,32.3,1
bonus2,6.4,32.4,1
bonus2,6.4,32.5,1
bonus2,6.4,38.2,1
bonus2,6.4,40.8,1
bonus2,6.4,41.6,1
bonus2,6.4,52.2,1
bonus2,6.4,52.8,1
bonus2,6.4,55.7,1
bonus2,6.4,61.4,1
bonus2,6.4,61.7,1
bonus2,6.4,62.3,1
bonus2,6.4,68.4,1
bonus2,6.4,68.9,1
bonus2,6.4,69.8,1
bonus2,6.4,80,1
bonus2,6.4,92.9,1
bonus2,6.4,93.4,1
bonus2,7.1,0.4,1
bonus2,7.1,2,1
bonus2,7.1,2.9,1
bonus2,7.1,3.1,1
bonus2,7.1,7.7,2
bonus2,7.1,8,1
bonus2,7.1,8.3,1
bonus2,7.1,9,1
bonus2,7.1,10.2,1
bonus2,7.1,10.5,1
bonus2,7.1,10.6,1
bonus2,7.1,11.6,1
bonus2,7.1,11.8,1
bonus2,7.1,12.4,1
bonus2,7.1,12.8,1
bonus2,7.1,14.3,1
bonus2,7.1,15.3,1
bonus2,7.1,15.7,1
bonus2,7.1,19.2,3
bonus2,7.1,19.7,1
bonus2,7.1,20.1,1
bonus2,7.1,20.3,1
bonus2,7.1,20.5,1
bonus2,7.1,22.1,1
bonus2,7.1,22.4,1
bonus2,7.1,23.5,1
bonus2,7.1,23.7,1
bonus2,7.1,24.2,1
bonus2,7.1,25.9,1
bonus2,7.1,26.3,1
bonus2,7.1,27.8,1
bonus2,7.1,28.8,1
bonus2,7.1,28.9,1
bonus2,7.1,31.2,1
bonus2,7.1,32,1
bonus2,7.1,35.6,1
bonus2,7.1,36.6,1
bonus2,7.1,37.1,1
bonus2,7.1,38.2,1
bonus2,7.1,40.9,1
bonus2,7.1,41,1
bonus2,7.1,41.3,1
bonus2,7.1,43.4,1
bonus2,7.1,47.4,1
bonus2,7.1,49.4,1
bonus2,7.1,49.9,1
bonus2,7.1,50.4,2
bonus2,7.1,50.6,1
bonus2,7.1,51.5,1
bonus2,7.1,51.6,1
bonus2,7.1,54.7,1
bonus2,7.1,56.5,1
bonus2,7.1,57,1
bonus2,7.1,57.2,1
bonus2,7.1,59.8,1
bonus2,7.1,60.1,1
bonus2,7.1,60.4,1
bonus2,7.1,61.6,1
bonus2,7.1,63.9,1
bonus2,7.1,64.5,1
bonus2,7.1,64.8,1
bonus2,7.1,65.7,1
bonus2,7.1,65.9,1
bonus2,7.1,67.6,2
bonus2,7.1,74.9,1
bonus2,7.1,75.1,1
bonus2,7.1,78.1,1
bonus2,7.1,78.4,1
bonus2,7.1,79.5,1
bonus2,7.1,80.2,1
bonus2,7.1,80.5,1
bonus2,7.1,83.6,1
bonus2,7.1,84.3,1
bonus2,7.1,87.4,1
bonus2,7.1,87.6,1
bonus2,7.1,88.1,1
bonus2,7.1,89.4,1
bonus2,7.1,91.2,1
bonus2,7.1,92.6,1
bonus2,7.1,93.2,1
bonus2,7.1,93.3,1
bonus2,7.1,94.8,1
bonus2,7.1,94.9,1
bonus2,7.1,97.6,1
bonus2,7.9,0.2,1
bonus2,7.9,0.4,1
bonus2,7.9,6,1
bonus2,7.9,6.8,2
bonus2,7.9,14.1,1
bonus2,7.9,14.9,1
bonus2,7.9,15.5,1
bonus2,7.9,16.5,1
bonus2,7.9,19.3,1
bonus2,7.9,20.7,1
bonus2,7.9,21.4,1
bonus2,7.9,24.4,1
bonus2,7.9,29.8,1
bonus2,7.9,30.5,1
bonus2,7.9,31.4,1
bonus2,7.9,33.2,1
bonus2,7.9,35,1
bonus2,7.9,37.6,1
bonus2,7.9,39,1
bonus2,7.9,45.4,1
bonus2,7.9,46.6,1
bonus2,7.9,47.6,1
bonus2,7.9,49.6,1
bonus2,7.9,54.3,1
bonus2,7.9,60,1
bonus2,7.9,65.3,1
bonus2,7.9,72,1
bonus2,7.9,72.1,1
bonus2,7.9,72.3,1
bonus2,7.9,77.3,1
bonus2,7.9,78.6,1
bonus2,7.9,78.8,1
bonus2,7.9,79.6,1
bonus2,7.9,80.2,1
bonus2,7.9,82.7,1
bonus2,7.9,83.7,1
bonus2,7.9,86.3,1
bonus2,7.9,87.7,1
bonus2,7.9,91.4,1
bonus2,7.9,94,1
bonus2,8.8,0.5,1
bonus2,8.8,1.2,1
bonus2,8.8,2.7,1
bonus2,8.8,2.8,1
bonus2,8.8,4.2,1
bonus2,8.8,5.6,1
bonus2,8.8,7.7,1
bonus2,8.8,8,1
bonus2,8.8,8.9,1
bonus2,8.8,9.1,1
bonus2,8.8,9.8,1
bonus2,8.8,9.9,1
bonus2,8.8,11.8,1
bonus2,8.8,12.8,1
bonus2,8.8,13.2,1
bonus2,8.8,13.5,1
bonus2,8.8,14.3,1
bonus2,8.8,14.4,1
bonus2,8.8,15.2,1
bonus2,8.8,15.9,1
bonus2,8.8,18.8,1
bonus2,8.8,21.5,1
bonus2,8.8,22.8,1
bonus2,8.8,24.7,1
bonus2,8.8,25,1
bonus2,8.8,26,1
bonus2,8.8,26.8,1
bonus2,8.8,27,1
bonus2,8.8,27.4,1
bonus2,8.8,29.7,1
bonus2,8.8,31,1
bonus2,8.8,32.7,1
bonus2,8.8,32.9,1
bonus2,8.8,35.2,1
bonus2,8.8,36.1,1
bonus2,8.8,38.7,1
bonus2,8.8,39.3,1
bonus2,8.8,39.9,1
bonus2,8.8,43.3,1
bonus2,8.8,46.7,1
bonus2,8.8,47.3,1
bonus2,8.8,47.8,1
bonus2,8.8,48.9,1
bonus2,8.8,49,1
bonus2,8.8,49.3,1
bonus2,8.8,50.9,1
bonus2,8.8,51.6,1
bonus2,8.8,51.9,2
bonus2,8.8,53.5,1
bonus2,8.8,54,1
bonus2,8.8,55.7,1
bonus2,8.8,56.4,1
bonus2,8.8,57.5,1
bonus2,8.8,59,1
bonus2,8.8,59.7,1
bonus2,8.8,60.8,1
bonus2,8.8,61.9,1
bonus2,8.8,62.3,1
bonus2,8.8,63.4,2
bonus2,8.8,64.5,1
bonus2,8.8,65,1
bonus2,8.8,65.1,2
bonus2,8.8,66.9,1
bonus2,8.8,68.3,1
bonus2,8.8,69.2,1
bonus2,8.8,69.6,1
bonus2,8.8,70,1
bonus2,8.8,71.7,1
bonus2,8.8,72.2,1
bonus2,8.8,72.3,1
bonus2,8.8,72.9,1
bonus2,8.8,75.4,1
bonus2,8.8,75.6,1
bonus2,8.8,75.8,1
bonus2,8.8,76,1
bonus2,8.8,76.4,1
bonus2,8.8,76.5,1
bonus2,8.8,76.6,1
bonus2,8.8,78.3,1
bonus2,8.8,79.4,1
bonus2,8.8,80.8,1
bonus2,8.8,81.4,1
bonus2,8.8,81.6,1
bonus2,8.8,82.6,1
bonus2,8.8,84.7,1
bonus2,8.8,85.5,1
bonus2,8.8,85.9,1
bonus2,8.8,86.6,1
bonus2,8.8,87.3,1
bonus2,8.8,89.6,1
bonus2,8.8,91.7,1
bonus2,8.8,94.1,1
bonus2,8.8,94.2,1
bonus2,8.8,95.8,1
bonus2,8.8,96.3,2
bonus2,8.8,98.8,1
bonus2,9.7,0.7,1
bonus2,9.7,2.4,1
bonus2,9.7,6.3,1
bonus2,9.7,6.9,1
bonus2,9.7,9.7,1
bonus2,9.7,17.9,1
bonus2,9.7,18.1,1
bonus2,9.7,26.8,2
bonus2,9.7,27.6,1
bonus2,9.7,28.2,2
bonus2,9.7,29.1,1
bonus2,9.7,34,1
bonus2,9.7,35.3,1
bonus2,9.7,38.5,1
bonus2,9.7,40.5,1
bonus2,9.7,43,2
bonus2,9.7,45.7,1
bonus2,9.7,49.5,1
bonus2,9.7,52.4,1
bonus2,9.7,53.2,1
bonus2,9.7,55.1,1
bonus2,9.7,57.3,1
bonus2,9.7,58.7,1
bonus2,9.7,60.1,1
bonus2,9.7,65.8,1
bonus2,9.7,70,1
bonus2,9.7,71.3,1
bonus2,9.7,73.7,1
bonus2,9.7,74.5,1
bonus2,9.7,79.7,1
bonus2,9.7,80.6,1
bonus2,9.7,81.3,1
bonus2,9.7,83,1
bonus2,9.7,83.8,1
bonus2,9.7,85.4,1
bonus2,9.7,88.2,1
bonus2,9.7,88.9,1
bonus2,9.7,89.3,2
bonus2,9.7,92.3,1
bonus2,9.7,94.4,1
bonus2,9.7,94.7,1
bonus2,9.7,96.9,1
bonus2,10.7,0.5,1
bonus2,10.7,3.2,1
bonus2,10.7,3.5,1
bonus2,10.7,4.5,1
bonus2,10.7,5.5,2
bonus2,10.7,6.1,1
bonus2,10.7,7,1
bonus2,10.7,9.9,1
bonus2,10.7,10.6,1
bonus2,10.7,12.2,1
bonus2,10.7,12.3,1
bonus2,10.7,12.5,1
bonus2,10.7,12.7,1
bonus2,10.7,12.8,1
bonus2,10.7,14.5,1
bonus2,10.7,16.2,1
bonus2,10.7,17.2,1
bonus2,10.7,17.7,1
bonus2,10.7,18.6,1
bonus2,10.7,18.9,1
bonus2,10.7,19.4,1
bonus2,10.7,20.3,1
bonus2,10.7,22.9,1
bonus2,10.7,24.3,1
bonus2,10.7,24.9,1
bonus2,10.7,25.2,1
bonus2,10.7,26.5,1
bonus2,10.7,29.5,1
bonus2,10.7,29.6,1
bonus2,10.7,30.3,1
bonus2,10.7,31,1
bonus2,10.7,31.5,1
bonus2,10.7,32.1,1
bonus2,10.7,32.5,1
bonus2,10.7,33.2,1
bonus2,10.7,33.7,1
bonus2,10.7,34,1
bonus2,10.7,34.5,1
bonus2,10.7,34.9,2
bonus2,10.7,35.6,1
bonus2,10.7,35.8,1
bonus2,10.7,36.3,1
bonus2,10.7,36.9,1
bonus2,10.7,38,1
bonus2,10.7,38.2,1
bonus2,10.7,38.6,1
bonus2,10.7,39.8,1
bonus2,10.7,40.5,3
bonus2,10.7,40.7,1
bonus2,10.7,40.9,1
bonus2,10.7,41.3,2
bonus2,10.7,41.7,1
bonus2,10.7,42,1
bonus2,10.7,42.1,1
bonus2,10.7,42.5,1
bonus2,10.7,44,1
bonus2,10.7,44.6,1
bonus2,10.7,44.9,1
bonus2,10.7,45.4,1
bonus2,10.7,48.7,1
bonus2,10.7,49.3,1
bonus2,10.7,50.2,1
bonus2,10.7,50.8,1
bonus2,10.7,51,1
bonus2,10.7,51.3,1
bonus2,10.7,51.7,1
bonus2,10.7,54,1
bonus2,10.7,56.8,1
bonus2,10.7,57.3,1
bonus2,10.7,57.8,1
bonus2,10.7,57.9,2
bonus2,10.7,58.1,1
bonus2,10.7,59,1
bonus2,10.7,59.1,1
bonus2,10.7,59.5,1
bonus2,10.7,60.9,1
bonus2,10.7,61.3,1
bonus2,10.7,64.6,1
bonus2,10.7,65.2,1
bonus2,10.7,65.4,1
bonus2,10.7,66.8,1
bonus2,10.7,67.4,1
bonus2,10.7,68,1
bonus2,10.7,69.3,1
bonus2,10.7,71.7,1
bonus2,10.7,71.9,1
bonus2,10.7,72.1,1
bonus2,10.7,72.2,1
bonus2,10.7,72.4,1
bonus2,10.7,72.9,1
bonus2,10.7,73.2,1
bonus2,10.7,74,1
bonus2,10.7,75,1
bonus2,10.7,76,1
bonus2,10.7,78.3,1
bonus2,10.7,79.9,1
bonus2,10.7,81.9,1
bonus2,10.7,82,1
bonus2,10.7,82.8,1
bonus2,10.7,83,1
bonus2,10.7,83.7,1
bonus2,10.7,83.9,1
bonus2,10.7,84.3,1
bonus2,10.7,85.3,1
bonus2,10.7,86.1,1
bonus2,10.7,87.1,1
bonus2,10.7,89.8,1
bonus2,10.7,90.3,1
bonus2,10.7,92.1,1
bonus2,10.7,92.2,1
bonus2,10.7,92.7,1
bonus2,10.7,93.5,1
bonus2,10.7,93.8,1
bonus2,10.7,94.3,1
bonus2,10.7,96.4,1
bonus2,10.7,97.2,1
bonus2,10.7,98.8,1
bonus2,11.8,2.6,2
bonus2,11.8,5.9,1
bonus2,11.8,7.2,2
bonus2,11.8,8.2,1
bonus2,11.8,8.6,1
bonus2,11.8,10.3,1
bonus2,11.8,11.9,1
bonus2,11.8,12.3,1
bonus2,11.8,16,1
bonus2,11.8,16.3,1
bonus2,11.8,16.6,1
bonus2,11.8,19.6,1
bonus2,11.8,20.9,1
bonus2,11.8,21.4,1
bonus2,11.8,22.1,1
bonus2,11.8,22.2,1
bonus2,11.8,22.3,1
bonus2,11.8,23.5,1
bonus2,11.8,24.6,1
bonus2,11.8,25.4,1
bonus2,11.8,34.3,1
bonus2,11.8,34.4,1
bonus2,11.8,36.5,1
bonus2,11.8,38.3,1
bonus2,11.8,42.2,1
bonus2,11.8,45.5,1
bonus2,11.8,49.5,1
bonus2,11.8,50.9,1
bonus2,11.8,52.6,1
bonus2,11.8,52.7,1
bonus2,11.8,55.1,1
bonus2,11.8,55.9,1
bonus2,11.8,57.3,1
bonus2,11.8,59.1,1
bonus2,11.8,60.6,1
bonus2,11.8,61.8,1
bonus2,11.8,62,1
bonus2,11.8,63.5,1
bonus2,11.8,63.9,1
bonus2,11.8,71.5,1
bonus2,11.8,72.8,1
bonus2,11.8,76,1
bonus2,11.8,77.6,1
bonus2,11.8,79.2,1
bonus2,11.8,79.3,1
bonus2,11.8,80.4,1
bonus2,11.8,81.6,1
bonus2,11.8,83.9,1
bonus2,11.8,84.5,2
bonus2,11.8,87,1
bonus2,11.8,90.7,1
bonus2,11.8,91.1,1
bonus2,11.8,92.7,1
bonus2,12.8,0.4,1
bonus2,12.8,1.1,1
bonus2,12.8,2.1,1
bonus2,12.8,2.6,1
bonus2,12.8,2.9,1
bonus2,12.8,3.4,1
bonus2,12.8,5,1
bonus2,12.8,6.8,1
bonus2,12.8,7,1
bonus2,12.8,8.2,1
bonus2,12.8,8.3,1
bonus2,12.8,8.7,1
bonus2,12.8,9.7,1
bonus2,12.8,9.8,1
bonus2,12.8,10.2,1
bonus2,12.8,11.4,1
bonus2,12.8,12.6,1
bonus2,12.8,12.7,1
bonus2,12.8,13.2,1
bonus2,12.8,13.6,1
bonus2,12.8,14,1
bonus2,12.8,14.7,1
bonus2,12.8,16.8,1
bonus2,12.8,19.5,1
bonus2,12.8,19.9,1
bonus2,12.8,21.1,1
bonus2,12.8,23.5,1
bonus2,12.8,24.4,1
bonus2,12.8,24.5,1
bonus2,12.8,25.3,2
bonus2,12.8,26.1,1
bonus2,12.8,27,1
bonus2,12.8,27.6,1
bonus2,12.8,27.7,1
bonus2,12.8,29.3,1
bonus2,12.8,30.1,1
bonus2,12.8,31.1,1
bonus2,12.8,31.2,1
bonus2,12.8,33.3,1
bonus2,12.8,34.2,1
bonus2,12.8,34.8,1
bonus2,12.8,35.4,1
bonus2,12.8,37,1
bonus2,12.8,37.2,1
bonus2,12.8,37.4,1
bonus2,12.8,37.9,1
bonus2,12.8,39.1,1
bonus2,12.8,39.4,1
bonus2,12.8,40,1
bonus2,12.8,40.1,1
bonus2,12.8,40.4,1
bonus2,12.8,41,1
bonus2,12.8,41.8,1
bonus2,12.8,43.2,1
bonus2,12.8,43.6,1
bonus2,12.8,45.5,1
bonus2,12.8,45.7,1
bonus2,12.8,46.9,1
bonus2,12.8,47.2,1
bonus2,12.8,48.8,1
bonus2,12.8,49.2,1
bonus2,12.8,50.1,1
bonus2,12.8,51.7,1
bonus2,12.8,54.2,1
bonus2,12.8,54.5,1
bonus2,12.8,54.6,1
bonus2,12.8,55,1
bonus2,12.8,56.1,1
bonus2,12.8,56.5,1
bonus2,12.8,60,1
bonus2,12.8,62,1
bonus2,12.8,63.1,1
bonus2,12.8,63.3,1
bonus2,12.8,66.4,1
bonus2,12.8,66.6,1
bonus2,12.8,67,1
bonus2,12.8,67.5,1
bonus2,12.8,69.4,1
bonus2,12.8,69.8,1
bonus2,12.8,70.4,1
bonus2,12.8,70.7,1
bonus2,12.8,74.1,1
bonus2,12.8,75.1,2
bonus2,12.8,79.1,1
bonus2,12.8,80.3,1
bonus2,12.8,81.9,1
bonus2,12.8,82.7,1
bonus2,12.8,82.9,1
bonus2,12.8,83.4,1
bonus2,12.8,84.9,1
bonus2,12.8,85.4,1
bonus2,12.8,86.2,1
bonus2,12.8,87.1,2
bonus2,12.8,87.4,1
bonus2,12.8,88.7,1
bonus2,12.8,88.8,1
bonus2,12.8,89.2,2
bonus2,12.8,90.1,1
bonus2,12.8,93,1
bonus2,12.8,93.3,1
bonus2,12.8,94.1,1
bonus2,12.8,95.5,1
bonus2,12.8,97.1,1
bonus2,12.8,98.7,1
bonus2,13.9,5.3,1
bonus2,13.9,5.7,1
bonus2,13.9,7.3,1
bonus2,13.9,8.7,1
bonus2,13.9,9.3,1
bonus2,13.9,10.4,1
bonus2,13.9,14.9,1
bonus2,13.9,18.4,1
bonus2,13.9,19,1
bonus2,13.9,19.1,1
bonus2,13.9,20.1,1
bonus2,13.9,21.9,1
bonus2,13.9,22.2,1
bonus2,13.9,22.5,1
bonus2,13.9,22.7,1
bonus2,13.9,25.1,1
bonus2,13.9,31.4,1
bonus2,13.9,32.6,1
bonus2,13.9,33.1,1
bonus2,13.9,33.8,1
bonus2,13.9,35.5,1
bonus2,13.9,36.6,1
bonus2,13.9,36.7,1
bonus2,13.9,36.8,1
bonus2,13.9,42.8,1
bonus2,13.9,44.1,1
bonus2,13.9,46.3,1
bonus2,13.9,48,1
bonus2,13.9,48.6,1
bonus2,13.9,48.9,1
bonus2,13.9,50.2,1
bonus2,13.9,50.7,1
bonus2,13.9,51.2,1
bonus2,13.9,51.8,1
bonus2,13.9,52.1,1
bonus2,13.9,53.3,1
bonus2,13.9,54.1,1
bonus2,13.9,54.9,1
bonus2,13.9,55.5,1
bonus2,13.9,56.7,1
bonus2,13.9,57.8,1
bonus2,13.9,58.3,1
bonus2,13.9,60.8,1
bonus2,13.9,60.9,1
bonus2,13.9,61.6,1
bonus2,13.9,62,1
bonus2,13.9,62.6,1
bonus2,13.9,62.9,1
bonus2,13.9,65.3,1
bonus2,13.9,66.6,1
bonus2,13.9,68.2,1
bonus2,13.9,69.2,1
bonus2,13.9,71.5,1
bonus2,13.9,71.7,1
bonus2,13.9,73.8,1
bonus2,13.9,76.5,1
bonus2,13.9,76.6,1
bonus2,13.9,78.9,1
bonus2,13.9,79.1,1
bonus2,13.9,79.2,1
bonus2,13.9,84.7,1
bonus2,13.9,86.9,1
bonus2,13.9,89.7,1
bonus2,13.9,90.1,1
bonus2,13.9,90.8,1
bonus2,13.9,91,1
bonus2,13.9,92.3,1
bonus2,13.9,97.3,1
bonus2,15.1,0.5,1
bonus2,15.1,0.6,1
bonus2,15.1,2.1,1
bonus2,15.1,3.2,1
bonus2,15.1,3.6,1
bonus2,15.1,3.8,1
bonus2,15.1,4,2
bonus2,15.1,4.1,1
bonus2,15.1,4.5,1
bonus2,15.1,4.8,1
bonus2,15.1,5.1,1
bonus2,15.1,5.5,1
bonus2,15.1,6.1,1
bonus2,15.1,8.7,1
bonus2,15.1,9.3,1
bonus2,15.1,10.3,1
bonus2,15.1,10.9,1
bonus2,15.1,11.1,1
bonus2,15.1,12.1,1
bonus2,15.1,14.2,1
bonus2,15.1,14.3,1
bonus2,15.1,14.6,1
bonus2,15.1,15.6,1
bonus2,15.1,15.8,1
bonus2,15.1,16.2,1
bonus2,15.1,17.7,1
bonus2,15.1,19.2,1
bonus2,15.1,20,1
bonus2,15.1,20.1,1
bonus2,15.1,21.2,1
bonus2,15.1,21.4,2
bonus2,15.1,22.7,1
bonus2,15.1,23.8,1
bonus2,15.1,24.6,1
bonus2,15.1,24.9,1
bonus2,15.1,25.8,1
bonus2,15.1,28.4,1
bonus2,15.1,28.6,1
bonus2,15.1,29,1
bonus2,15.1,29.6,1
bonus2,15.1,30.2,1
bonus2,15.1,30.3,1
bonus2,15.1,31.9,1
bonus2,15.1,32.5,1
bonus2,15.1,33.5,2
bonus2,15.1,35,1
bonus2,15.1,36.4,1
bonus2,15.1,36.6,1
bonus2,15.1,37,1
bonus2,15.1,37.2,1
bonus2,15.1,37.6,1
bonus2,15.1,38,1
bonus2,15.1,38.1,1
bonus2,15.1,38.3,1
bonus2,15.1,39.3,1
bonus2,15.1,39.5,1
bonus2,15.1,40.8,1
bonus2,15.1,41.5,1
bonus2,15.1,44.6,1
bonus2,15.1,45.1,1
bonus2,15.1,45.3,1
bonus2,15.1,47.4,1
bonus2,15.1,47.6,1
bonus2,15.1,47.7,1
bonus2,15.1,48.3,1
bonus2,15.1,48.6,1
bonus2,15.1,49.1,1
bonus2,15.1,49.2,2
bonus2,15.1,49.8,1
bonus2,15.1,50.8,1
bonus2,15.1,52,1
bonus2,15.1,53.5,1
bonus2,15.1,54.7,1
bonus2,15.1,55.4,1
bonus2,15.1,56.3,1
bonus2,15.1,59.1,1
bonus2,15.1,59.8,1
bonus2,15.1,60.9,1
bonus2,15.1,61.5,1
bonus2,15.1,61.9,1
bonus2,15.1,62.3,1
bonus2,15.1,64,1
bonus2,15.1,64.1,1
bonus2,15.1,64.2,1
bonus2,15.1,64.6,1
bonus2,15.1,65.4,1
bonus2,15.1,65.8,1
bonus2,15.1,66.3,1
bonus2,15.1,67.7,1
bonus2,15.1,68.6,1
bonus2,15.1,68.9,1
bonus2,15.1,69.9,1
bonus2,15.1,70.6,1
bonus2,15.1,71.6,1
bonus2,15.1,71.7,2
bonus2,15.1,72.5,1
bonus2,15.1,73.1,1
bonus2,15.1,74.2,1
bonus2,15.1,74.8,1
bonus2,15.1,75,1
bonus2,15.1,75.2,1
bonus2,15.1,75.7,1
bonus2,15.1,77,1
bonus2,15.1,77.1,1
bonus2,15.1,77.9,1
bonus2,15.1,78.5,1
bonus2,15.1,78.7,1
bonus2,15.1,79.7,1
bonus2,15.1,80.1,2
bonus2,15.1,80.2,1
bonus2,15.1,81.5,1
bonus2,15.1,81.6,1
bonus2,15.1,82.2,1
bonus2,15.1,82.6,1
bonus2,15.1,82.8,1
bonus2,15.1,83.1,1
bonus2,15.1,85,1
bonus2,15.1,86.4,1
bonus2,15.1,86.7,1
bonus2,15.1,89.7,1
bonus2,15.1,91.3,1
bonus2,15.1,91.9,1
bonus2,15.1,92.5,1
bonus2,15.1,95.6,1
bonus2,15.1,95.8,1
bonus2,15.1,96,1
bonus2,16.4,1.1,1
bonus2,16.4,1.3,1
bonus2,16.4,2.3,1
bonus2,16.4,4.5,1
bonus2,16.4,6.3,1
bonus2,16.4,8.2,1
bonus2,16.4,8.6,1
bonus2,16.4,11.1,1
bonus2,16.4,15.2,1
bonus2,16.4,16.3,1
bonus2,16.4,17.8,1
bonus2,16.4,17.9,1
bonus2,16.4,18.7,1
bonus2,16.4,21.2,1
bonus2,16.4,21.3,1
bonus2,16.4,22.1,1
bonus2,16.4,22.6,1
bonus2,16.4,23.5,1
bonus2,16.4,23.7,1
bonus2,16.4,24,1
bonus2,16.4,24.1,1
bonus2,16.4,27.4,1
bonus2,16.4,29.1,1
bonus2,16.4,29.8,1
bonus2,16.4,31.7,1
bonus2,16.4,34.1,1
bonus2,16.4,34.2,1
bonus2,16.4,34.6,1
bonus2,16.4,35.7,1
bonus2,16.4,35.9,1
bonus2,16.4,36.2,1
bonus2,16.4,37.2,1
bonus2,16.4,37.7,1
bonus2,16.4,37.8,1
bonus2,16.4,39.5,1
bonus2,16.4,40,1
bonus2,16.4,41,1
bonus2,16.4,42.1,1
bonus2,16.4,42.6,1
bonus2,16.4,43.8,1
bonus2,16.4,44.9,1
bonus2,16.4,45,1
bonus2,16.4,46.5,1
bonus2,16.4,46.8,1
bonus2,16.4,47.3,1
bonus2,16.4,48.6,1
bonus2,16.4,49.5,2
bonus2,16.4,50.4,1
bonus2,16.4,51.6,1
bonus2,16.4,52.4,1
bonus2,16.4,53.1,1
bonus2,16.4,53.2,1
bonus2,16.4,54.9,1
bonus2,16.4,59.1,1
bonus2,16.4,59.8,1
bonus2,16.4,67,1
bonus2,16.4,67.9,1
bonus2,16.4,68.4,1
bonus2,16.4,69.3,1
bonus2,16.4,70.7,1
bonus2,16.4,71.5,1
bonus2,16.4,72.8,1
bonus2,16.4,73.6,1
bonus2,16.4,73.9,1
bonus2,16.4,74.6,1
bonus2,16.4,75.3,1
bonus2,16.4,76.2,1
bonus2,16.4,76.3,1
bonus2,16.4,77.1,1
bonus2,16.4,77.8,1
bonus2,16.4,78.4,1
bonus2,16.4,79.4,1
bonus2,16.4,80.8,1
bonus2,16.4,81.3,1
bonus2,16.4,88.1,1
bonus2,16.4,90.3,1
bonus2,16.4,91.8,1
bonus2,16.4,91.9,1
bonus2,16.4,97.3,1
bonus2,16.4,98.1,1
bonus2,16.4,98.4,1
bonus2,18.1,0.7,1
bonus2,18.1,1.5,1
bonus2,18.1,2.1,1
bonus2,18.1,3.7,1
bonus2,18.1,5.5,1
bonus2,18.1,5.7,2
bonus2,18.1,5.9,1
bonus2,18.1,6.2,1
bonus2,18.1,6.6,1
bonus2,18.1,6.7,1
bonus2,18.1,7.6,1
bonus2,18.1,7.9,2
bonus2,18.1,8.5,1
bonus2,18.1,8.9,1
bonus2,18.1,9.2,1
bonus2,18.1,9.4,1
bonus2,18.1,9.5,1
bonus2,18.1,9.6,1
bonus2,18.1,9.9,1
bonus2,18.1,11.1,1
bonus2,18.1,11.2,1
bonus2,18.1,13.9,1
bonus2,18.1,14,1
bonus2,18.1,14.4,1
bonus2,18.1,14.9,1
bonus2,18.1,15.5,1
bonus2,18.1,15.7,1
bonus2,18.1,15.8,3
bonus2,18.1,17,1
bonus2,18.1,17.2,1
bonus2,18.1,18,1
bonus2,18.1,18.2,2
bonus2,18.1,19.9,1
bonus2,18.1,20,1
bonus2,18.1,20.3,1
bonus2,18.1,20.9,1
bonus2,18.1,21,1
bonus2,18.1,21.3,1
bonus2,18.1,22.2,1
bonus2,18.1,23.4,1
bonus2,18.1,23.5,1
bonus2,18.1,25.2,1
bonus2,18.1,25.4,1
bonus2,18.1,25.8,2
bonus2,18.1,25.9,2
bonus2,18.1,26.3,1
bonus2,18.1,26.5,1
bonus2,18.1,26.6,1
bonus2,18.1,26.8,2
bonus2,18.1,28.2,1
bonus2,18.1,28.3,1
bonus2,18.1,29.3,2
bonus2,18.1,29.4,3
bonus2,18.1,30.2,1
bonus2,18.1,30.8,1
bonus2,18.1,31.6,1
bonus2,18.1,31.8,1
bonus2,18.1,32.8,1
bonus2,18.1,33.4,1
bonus2,18.1,33.7,1
bonus2,18.1,35.4,1
bonus2,18.1,35.5,1
bonus2,18.1,35.7,1
bonus2,18.1,36.3,1
bonus2,18.1,36.6,1
bonus2,18.1,37.1,1
bonus2,18.1,37.5,1
bonus2,18.1,38.9,1
bonus2,18.1,39.5,1
bonus2,18.1,39.8,1
bonus2,18.1,40.4,1
bonus2,18.1,41.1,1
bonus2,18.1,41.3,2
bonus2,18.1,41.8,1
bonus2,18.1,42.2,1
bonus2,18.1,42.6,1
bonus2,18.1,43,1
bonus2,18.1,44.2,1
bonus2,18.1,44.3,1
bonus2,18.1,44.5,2
bonus2,18.1,45.2,1
bonus2,18.1,45.8,1
bonus2,18.1,46.2,1
bonus2,18.1,46.6,1
bonus2,18.1,46.9,1
bonus2,18.1,47.9,1
bonus2,18.1,48.3,1
bonus2,18.1,50.3,1
bonus2,18.1,50.6,1
bonus2,18.1,52.8,2
bonus2,18.1,53.1,1
bonus2,18.1,53.8,1
bonus2,18.1,54.2,1
bonus2,18.1,54.4,1
bonus2,18.1,54.5,1
bonus2,18.1,55.1,1
bonus2,18.1,55.3,3
bonus2,18.1,56,1
bonus2,18.1,56.1,1
bonus2,18.1,56.4,1
bonus2,18.1,56.9,1
bonus2,18.1,57.7,1
bonus2,18.1,58.5,2
bonus2,18.1,58.7,1
bonus2,18.1,58.8,1
bonus2,18.1,59,2
bonus2,18.1,59.4,1
bonus2,18.1,60.2,1
bonus2,18.1,62,1
bonus2,18.1,62.2,1
bonus2,18.1,62.6,1
bonus2,18.1,63.3,1
bonus2,18.1,63.5,1
bonus2,18.1,64.5,1
bonus2,18.1,64.7,1
bonus2,18.1,64.9,1
bonus2,18.1,65.5,1
bonus2,18.1,67.5,1
bonus2,18.1,68.5,1
bonus2,18.1,68.6,1
bonus2,18.1,69,1
bonus2,18.1,70.1,1
bonus2,18.1,70.8,1
bonus2,18.1,71,1
bonus2,18.1,71.6,1
bonus2,18.1,72,1
bonus2,18.1,72.1,1
bonus2,18.1,73.3,1
bonus2,18.1,73.7,2
bonus2,18.1,74.2,1
bonus2,18.1,75,1
bonus2,18.1,77.3,2
bonus2,18.1,78.6,1
bonus2,18.1,79.4,1
bonus2,18.1,79.6,1
bonus2,18.1,80,1
bonus2,18.1,80.9,1
bonus2,18.1,81,1
bonus2,18.1,82.6,1
bonus2,18.1,83,1
bonus2,18.1,83.7,1
bonus2,18.1,83.9,1
bonus2,18.1,84,1
bonus2,18.1,84.1,1
bonus2,18.1,84.8,1
bonus2,18.1,85.3,2
bonus2,18.1,85.7,1
bonus2,18.1,85.9,1
bonus2,18.1,86.2,1
bonus2,18.1,86.5,1
bonus2,18.1,87.1,1
bonus2,18.1,87.6,1
bonus2,18.1,88,1
bonus2,18.1,88.8,1
bonus2,18.1,89,1
bonus2,18.1,90.7,1
bonus2,18.1,90.8,1
bonus2,18.1,91.1,1
bonus2,18.1,91.7,1
bonus2,18.1,92.1,1
bonus2,18.1,92.8,1
bonus2,18.1,93.4,1
bonus2,18.1,93.8,1
bonus2,18.1,94.8,1
bonus2,18.1,96.6,1
bonus2,18.1,98.4,1
bonus2,18.1,99.9,1
bonus2,19.8,0.9,1
bonus2,19.8,3.1,1
bonus2,19.8,3.2,1
bonus2,19.8,5.9,1
bonus2,19.8,9.1,1
bonus2,19.8,9.2,2
bonus2,19.8,9.8,1
bonus2,19.8,10.1,1
bonus2,19.8,10.5,1
bonus2,19.8,12,1
bonus2,19.8,12.2,1
bonus2,19.8,12.6,1
bonus2,19.8,12.8,1
bonus2,19.8,13.6,1
bonus2,19.8,13.7,1
bonus2,19.8,15.9,1
bonus2,19.8,16.4,1
bonus2,19.8,17.4,1
bonus2,19.8,19,1
bonus2,19.8,21.8,1
bonus2,19.8,22.4,1
bonus2,19.8,23.8,1
bonus2,19.8,24.1,1
bonus2,19.8,25.4,1
bonus2,19.8,25.7,1
bonus2,19.8,25.8,1
bonus2,19.8,26.8,1
bonus2,19.8,27.9,1
bonus2,19.8,31.9,1
bonus2,19.8,32.4,1
bonus2,19.8,33,1
bonus2,19.8,33.6,1
bonus2,19.8,34.2,1
bonus2,19.8,34.5,1
bonus2,19.8,37.6,1
bonus2,19.8,39.1,1
bonus2,19.8,41.4,1
bonus2,19.8,43.6,1
bonus2,19.8,43.7,1
bonus2,19.8,44.1,1
bonus2,19.8,44.7,1
bonus2,19.8,46.4,1
bonus2,19.8,49.1,1
bonus2,19.8,49.8,1
bonus2,19.8,50.8,1
bonus2,19.8,52.8,1
bonus2,19.8,52.9,1
bonus2,19.8,53.1,1
bonus2,19.8,57.7,1
bonus2,19.8,57.8,1
bonus2,19.8,58.6,1
bonus2,19.8,62.3,1
bonus2,19.8,62.5,1
bonus2,19.8,62.8,1
bonus2,19.8,63.3,1
bonus2,19.8,64.2,1
bonus2,19.8,64.3,1
bonus2,19.8,64.8,1
bonus2,19.8,64.9,1
bonus2,19.8,65.6,1
bonus2,19.8,66,1
bonus2,19.8,66.3,1
bonus2,19.8,66.6,1
bonus2,19.8,67.1,1
bonus2,19.8,67.9,1
bonus2,19.8,68,1
bonus2,19.8,68.3,1
bonus2,19.8,68.8,1
bonus2,19.8,69.8,1
bonus2,19.8,71.2,1
bonus2,19.8,71.9,1
bonus2,19.8,72,2
bonus2,19.8,73.3,1
bonus2,19.8,74.7,1
bonus2,19.8,74.9,1
bonus2,19.8,75.2,1
bonus2,19.8,76.1,1
bonus2,19.8,81,1
bonus2,19.8,82.4,1
bonus2,19.8,84.2,1
bonus2,19.8,85.8,1
bonus2,19.8,87.2,1
bonus2,19.8,87.5,1
bonus2,19.8,89,1
bonus2,19.8,89.4,1
bonus2,19.8,90.1,1
bonus2,19.8,90.7,2
bonus2,19.8,91,1
bonus2,19.8,92,1
bonus2,19.8,92.2,1
bonus2,19.8,92.3,1
bonus2,19.8,94.2,1
bonus2,19.8,94.7,1
bonus2,19.8,95.3,1
bonus2,19.8,95.8,1
bonus2,19.8,97,1
bonus2,19.8,98.9,1
bonus2,19.8,99.6,1
bonus2,21.8,0.3,1
bonus2,21.8,0.7,1
bonus2,21.8,1,1
bonus2,21.8,1.8,1
bonus2,21.8,1.9,1
bonus2,21.8,2.5,1
bonus2,21.8,3.8,1
bonus2,21.8,4.4,1
bonus2,21.8,5,1
bonus2,21.8,5.1,1
bonus2,21.8,6.4,1
bonus2,21.8,6.5,1
bonus2,21.8,7.1,1
bonus2,21.8,7.4,1
bonus2,21.8,7.5,1
bonus2,21.8,7.6,1
bonus2,21.8,7.7,1
bonus2,21.8,8.4,1
bonus2,21.8,8.7,1
bonus2,21.8,9.6,1
bonus2,21.8,9.7,1
bonus2,21.8,10.5,1
bonus2,21.8,12.4,1
bonus2,21.8,12.5,1
bonus2,21.8,12.6,1
bonus2,21.8,13,1
bonus2,21.8,13.2,1
bonus2,21.8,13.9,1
bonus2,21.8,14.4,1
bonus2,21.8,15.9,1
bonus2,21.8,16,1
bonus2,21.8,16.3,1
bonus2,21.8,16.5,2
bonus2,21.8,17.3,1
bonus2,21.8,17.7,1
bonus2,21.8,17.9,1
bonus2,21.8,18.3,2
bonus2,21.8,18.5,1
bonus2,21.8,18.7,1
bonus2,21.8,19.5,1
bonus2,21.8,19.6,1
bonus2,21.8,19.8,1
bonus2,21.8,19.9,1
bonus2,21.8,20.6,1
bonus2,21.8,21.3,1
bonus2,21.8,21.7,1
bonus2,21.8,22.2,1
bonus2,21.8,22.5,1
bonus2,21.8,23.6,1
bonus2,21.8,23.9,2
bonus2,21.8,24.1,2
bonus2,21.8,24.3,1
bonus2,21.8,24.8,1
bonus2,21.8,24.9,1
bonus2,21.8,25.1,1
bonus2,21.8,25.9,1
bonus2,21.8,26.1,1
bonus2,21.8,26.2,1
bonus2,21.8,26.5,1
bonus2,21.8,26.6,1
bonus2,21.8,27.1,1
bonus2,21.8,28,2
bonus2,21.8,28.1,1
bonus2,21.8,29.2,1
bonus2,21.8,29.4,1
bonus2,21.8,29.9,1
bonus2,21.8,30,1
bonus2,21.8,30.2,1
bonus2,21.8,30.6,1
bonus2,21.8,31.3,2
bonus2,21.8,31.5,1
bonus2,21.8,31.6,1
bonus2,21.8,31.7,1
bonus2,21.8,31.8,1
bonus2,21.8,32.1,1
bonus2,21.8,32.7,1
bonus2,21.8,33.1,1
bonus2,21.8,33.7,1
bonus2,21.8,34.1,1
bonus2,21.8,34.2,1
bonus2,21.8,34.8,1
bonus2,21.8,34.9,1
bonus2,21.8,35.7,1
bonus2,21.8,36.5,1
bonus2,21.8,36.7,1
bonus2,21.8,36.8,1
bonus2,21.8,37.3,1
bonus2,21.8,37.4,1
bonus2,21.8,38,1
bonus2,21.8,38.1,1
bonus2,21.8,38.6,1
bonus2,21.8,38.7,1
bonus2,21.8,39.2,2
bonus2,21.8,39.6,1
bonus2,21.8,40.2,1
bonus2,21.8,40.3,1
bonus2,21.8,40.5,1
bonus2,21.8,41.4,1
bonus2,21.8,41.8,1
bonus2,21.8,42.9,1
bonus2,21.8,44.8,1
bonus2,21.8,45,1
bonus2,21.8,45.7,1
bonus2,21.8,46.7,1
bonus2,21.8,47.7,1
bonus2,21.8,47.8,1
bonus2,21.8,48.5,1
bonus2,21.8,48.8,1
bonus2,21.8,49,1
bonus2,21.8,49.2,1
bonus2,21.8,49.8,1
bonus2,21.8,50.5,1
bonus2,21.8,50.6,3
bonus2,21.8,51.2,1
bonus2,21.8,51.9,1
bonus2,21.8,52.5,1
bonus2,21.8,53,1
bonus2,21.8,53.2,1
bonus2,21.8,53.6,1
bonus2,21.8,54.2,2
bonus2,21.8,54.6,1
bonus2,21.8,56,2
bonus2,21.8,56.1,1
bonus2,21.8,56.2,1
bonus2,21.8,56.4,1
bonus2,21.8,56.5,1
bonus2,21.8,56.6,1
bonus2,21.8,56.7,1
bonus2,21.8,56.9,2
bonus2,21.8,57.5,1
bonus2,21.8,57.8,1
bonus2,21.8,58.9,1
bonus2,21.8,59.1,1
bonus2,21.8,59.2,1
bonus2,21.8,59.5,1
bonus2,21.8,59.8,1
bonus2,21.8,60.5,1
bonus2,21.8,60.8,1
bonus2,21.8,61.1,1
bonus2,21.8,62.1,1
bonus2,21.8,62.8,1
bonus2,21.8,62.9,2
bonus2,21.8,63.9,1
bonus2,21.8,64.5,1
bonus2,21.8,64.6,1
bonus2,21.8,65.3,1
bonus2,21.8,66.1,1
bonus2,21.8,66.4,2
bonus2,21.8,67.1,1
bonus2,21.8,67.2,1
bonus2,21.8,67.4,1
bonus2,21.8,67.8,2
bonus2,21.8,68,2
bonus2,21.8,69,1
bonus2,21.8,69.2,1
bonus2,21.8,70.2,1
bonus2,21.8,70.8,1
bonus2,21.8,70.9,1
bonus2,21.8,71.2,1
bonus2,21.8,71.9,1
bonus2,21.8,72.1,1
bonus2,21.8,72.4,1
bonus2,21.8,72.7,1
bonus2,21.8,73.5,1
bonus2,21.8,73.8,1
bonus2,21.8,74,1
bonus2,21.8,74.3,1
bonus2,21.8,74.6,1
bonus2,21.8,75.1,1
bonus2,21.8,76.9,1
bonus2,21.8,77.4,1
bonus2,21.8,78.4,1
bonus2,21.8,79,1
bonus2,21.8,79.9,2
bonus2,21.8,80.4,1
bonus2,21.8,82.1,1
bonus2,21.8,82.2,1
bonus2,21.8,82.9,1
bonus2,21.8,83,1
bonus2,21.8,83.2,1
bonus2,21.8,83.8,1
bonus2,21.8,84,1
bonus2,21.8,84.2,1
bonus2,21.8,84.6,1
bonus2,21.8,85.1,1
bonus2,21.8,85.4,1
bonus2,21.8,86.6,2
bonus2,21.8,87.5,1
bonus2,21.8,88.8,1
bonus2,21.8,88.9,1
bonus2,21.8,89.3,1
bonus2,21.8,91.3,1
bonus2,21.8,92,2
bonus2,21.8,92.1,1
bonus2,21.8,92.3,1
bonus2,21.8,92.4,3
bonus2,21.8,95.5,1
bonus2,21.8,96.4,1
bonus2,21.8,97.4,1
bonus2,21.8,98,1
bonus2,21.8,98.3,1
bonus2,21.8,98.4,1
bonus2,21.8,98.8,1
bonus2,23.9,1,1
bonus2,23.9,1.1,1
bonus2,23.9,1.4,1
bonus2,23.9,1.6,1
bonus2,23.9,3.6,1
bonus2,23.9,3.9,1
bonus2,23.9,4.5,1
bonus2,23.9,4.8,1
bonus2,23.9,5.6,1
bonus2,23.9,6.7,1
bonus2,23.9,7.2,2
bonus2,23.9,7.9,1
bonus2,23.9,8.4,1
bonus2,23.9,8.9,1
bonus2,23.9,9.6,1
bonus2,23.9,12.4,1
bonus2,23.9,12.7,1
bonus2,23.9,14,1
bonus2,23.9,14.8,1
bonus2,23.9,16.9,1
bonus2,23.9,17.6,1
bonus2,23.9,18.3,1
bonus2,23.9,18.9,1
bonus2,23.9,19.2,1
bonus2,23.9,20.7,1
bonus2,23.9,20.8,1
bonus2,23.9,21.1,1
bonus2,23.9,21.4,1
bonus2,23.9,22.6,1
bonus2,23.9,23,1
bonus2,23.9,24,1
bonus2,23.9,24.4,1
bonus2,23.9,25.9,1
bonus2,23.9,26.7,2
bonus2,23.9,27.2,1
bonus2,23.9,28.5,1
bonus2,23.9,29.6,1
bonus2,23.9,30.3,1
bonus2,23.9,30.6,1
bonus2,23.9,31.4,1
bonus2,23.9,31.6,1
bonus2,23.9,32.2,1
bonus2,23.9,33.3,1
bonus2,23.9,33.7,1
bonus2,23.9,36.3,1
bonus2,23.9,37.8,1
bonus2,23.9,38.4,1
bonus2,23.9,38.8,1
bonus2,23.9,39.4,1
bonus2,23.9,40.4,1
bonus2,23.9,40.9,1
bonus2,23.9,41,1
bonus2,23.9,41.2,1
bonus2,23.9,41.4,1
bonus2,23.9,41.9,1
bonus2,23.9,42,1
bonus2,23.9,42.1,1
bonus2,23.9,42.7,1
bonus2,23.9,44.3,1
bonus2,23.9,44.5,1
bonus2,23.9,45.7,1
bonus2,23.9,47.5,1
bonus2,23.9,48.1,1
bonus2,23.9,48.6,1
bonus2,23.9,49.2,1
bonus2,23.9,51.7,1
bonus2,23.9,52.8,1
bonus2,23.9,54.2,1
bonus2,23.9,55.4,1
bonus2,23.9,55.5,1
bonus2,23.9,57.4,1
bonus2,23.9,57.7,1
bonus2,23.9,59.2,1
bonus2,23.9,59.4,1
bonus2,23.9,60,2
bonus2,23.9,60.2,1
bonus2,23.9,62.4,1
bonus2,23.9,63.1,1
bonus2,23.9,63.2,2
bonus2,23.9,63.7,2
bonus2,23.9,64.2,1
bonus2,23.9,65.7,1
bonus2,23.9,66.4,1
bonus2,23.9,67.3,1
bonus2,23.9,69,2
bonus2,23.9,69.5,1
bonus2,23.9,71.2,1
bonus2,23.9,72.4,1
bonus2,23.9,73.1,1
bonus2,23.9,73.9,1
bonus2,23.9,74.2,1
bonus2,23.9,76.2,1
bonus2,23.9,76.3,1
bonus2,23.9,78.7,1
bonus2,23.9,79,2
bonus2,23.9,79.3,1
bonus2,23.9,82.5,1
bonus2,23.9,83.2,1
bonus2,23.9,83.4,1
bonus2,23.9,83.6,1
bonus2,23.9,85.6,1
bonus2,23.9,86,1
bonus2,23.9,87,1
bonus2,23.9,87.6,1
bonus2,23.9,89.6,1
bonus2,23.9,90,1
bonus2,23.9,90.8,1
bonus2,23.9,91.2,1
bonus2,23.9,93.8,1
bonus2,23.9,95.5,1
bonus2,23.9,97,1
bonus2,23.9,97.2,1
bonus2,23.9,97.3,1
bonus2,23.9,98,1
bonus2,23.9,98.8,1
bonus2,26.4,0.9,1
bonus2,26.4,1.2,1
bonus2,26.4,1.7,1
bonus2,26.4,1.8,1
bonus2,26.4,2,1
bonus2,26.4,2.1,1
bonus2,26.4,2.2,1
bonus2,26.4,2.3,1
bonus2,26.4,3.5,3
bonus2,26.4,3.9,1
bonus2,26.4,4.1,1
bonus2,26.4,4.2,1
bonus2,26.4,4.3,1
bonus2,26.4,5.1,1
bonus2,26.4,5.3,2
bonus2,26.4,6.3,2
bonus2,26.4,6.4,2
bonus2,26.4,6.5,1
bonus2,26.4,7,3
bonus2,26.4,7.6,2
bonus2,26.4,8.2,2
bonus2,26.4,8.4,1
bonus2,26.4,8.8,1
bonus2,26.4,8.9,1
bonus2,26.4,9.2,1
bonus2,26.4,9.8,1
bonus2,26.4,10,1
bonus2,26.4,10.9,2
bonus2,26.4,11.2,1
bonus2,26.4,12,1
bonus2,26.4,12.6,2
bonus2,26.4,13,1
bonus2,26.4,13.4,1
bonus2,26.4,13.5,1
bonus2,26.4,13.6,1
bonus2,26.4,15.6,1
bonus2,26.4,15.9,1
bonus2,26.4,16.3,1
bonus2,26.4,17,3
bonus2,26.4,17.2,1
bonus2,26.4,17.7,1
bonus2,26.4,17.8,1
bonus2,26.4,17.9,1
bonus2,26.4,18.3,1
bonus2,26.4,18.4,1
bonus2,26.4,19.1,1
bonus2,26.4,19.2,1
bonus2,26.4,19.7,2
bonus2,26.4,20.7,2
bonus2,26.4,20.8,1
bonus2,26.4,21.2,1
bonus2,26.4,21.3,2
bonus2,26.4,21.6,1
bonus2,26.4,21.7,1
bonus2,26.4,21.8,2
bonus2,26.4,21.9,1
bonus2,26.4,22,1
bonus2,26.4,22.8,1
bonus2,26.4,23.2,1
bonus2,26.4,23.8,1
bonus2,26.4,24.2,1
bonus2,26.4,24.7,1
bonus2,26.4,25,1
bonus2,26.4,25.2,1
bonus2,26.4,26,1
bonus2,26.4,27.1,1
bonus2,26.4,27.2,2
bonus2,26.4,27.4,1
bonus2,26.4,27.6,1
bonus2,26.4,27.9,1
bonus2,26.4,28.2,1
bonus2,26.4,28.8,1
bonus2,26.4,29.6,1
bonus2,26.4,30.2,1
bonus2,26.4,30.4,1
bonus2,26.4,30.6,2
bonus2,26.4,30.7,1
bonus2,26.4,30.8,1
bonus2,26.4,31.2,2
bonus2,26.4,31.3,1
bonus2,26.4,31.4,1
bonus2,26.4,31.7,2
bonus2,26.4,31.8,2
bonus2,26.4,32.4,1
bonus2,26.4,32.7,1
bonus2,26.4,32.9,1
bonus2,26.4,33.1,1
bonus2,26.4,33.2,1
bonus2,26.4,33.3,1
bonus2,26.4,33.7,1
bonus2,26.4,34.1,1
bonus2,26.4,34.4,1
bonus2,26.4,34.6,2
bonus2,26.4,34.9,1
bonus2,26.4,35.1,1
bonus2,26.4,35.5,1
bonus2,26.4,35.6,1
bonus2,26.4,35.8,1
bonus2,26.4,36,1
bonus2,26.4,36.1,1
bonus2,26.4,36.3,1
bonus2,26.4,36.6,1
bonus2,26.4,36.8,1
bonus2,26.4,37.1,1
bonus2,26.4,37.3,1
bonus2,26.4,37.4,2
bonus2,26.4,38.2,1
bonus2,26.4,38.5,1
bonus2,26.4,38.7,1
bonus2,26.4,38.9,1
bonus2,26.4,39.3,1
bonus2,26.4,39.4,1
bonus2,26.4,39.7,1
bonus2,26.4,39.9,1
bonus2,26.4,40.5,1
bonus2,26.4,40.9,1
bonus2,26.4,41.1,1
bonus2,26.4,41.7,1
bonus2,26.4,42.2,1
bonus2,26.4,42.3,1
bonus2,26.4,42.6,1
bonus2,26.4,42.8,1
bonus2,26.4,43,1
bonus2,26.4,43.4,1
bonus2,26.4,43.7,1
bonus2,26.4,44,1
bonus2,26.4,44.1,1
bonus2,26.4,45,1
bonus2,26.4,46.1,2
bonus2,26.4,46.3,1
bonus2,26.4,46.4,1
bonus2,26.4,46.6,1
bonus2,26.4,47.6,1
bonus2,26.4,47.7,1
bonus2,26.4,47.9,1
bonus2,26.4,48.4,1
bonus2,26.4,48.7,1
bonus2,26.4,48.9,1
bonus2,26.4,50.5,1
bonus2,26.4,50.8,1
bonus2,26.4,51.5,1
bonus2,26.4,51.7,1
bonus2,26.4,51.8,1
bonus2,26.4,53.9,1
bonus2,26.4,54.5,2
bonus2,26.4,55.1,1
bonus2,26.4,55.5,1
bonus2,26.4,55.6,1
bonus2,26.4,55.8,1
bonus2,26.4,56.4,2
bonus2,26.4,56.7,1
bonus2,26.4,57.3,1
bonus2,26.4,57.5,1
bonus2,26.4,57.6,1
bonus2,26.4,57.7,1
bonus2,26.4,58,2
bonus2,26.4,58.8,1
bonus2,26.4,58.9,1
bonus2,26.4,59.2,1
bonus2,26.4,59.3,1
bonus2,26.4,59.5,1
bonus2,26.4,59.8,1
bonus2,26.4,59.9,2
bonus2,26.4,60,1
bonus2,26.4,60.1,1
bonus2,26.4,60.8,1
bonus2,26.4,61.1,1
bonus2,26.4,61.3,1
bonus2,26.4,62.2,2
bonus2,26.4,62.3,1
bonus2,26.4,63,1
bonus2,26.4,63.7,1
bonus2,26.4,64,1
bonus2,26.4,64.4,1
bonus2,26.4,64.9,1
bonus2,26.4,65.1,2
bonus2,26.4,65.5,1
bonus2,26.4,65.9,1
bonus2,26.4,66.2,1
bonus2,26.4,66.5,1
bonus2,26.4,66.7,1
bonus2,26.4,67.2,1
bonus2,26.4,67.5,1
bonus2,26.4,67.9,1
bonus2,26.4,68.8,1
bonus2,26.4,69.3,1
bonus2,26.4,69.7,1
bonus2,26.4,69.9,1
bonus2,26.4,70.3,1
bonus2,26.4,70.5,1
bonus2,26.4,71.1,1
bonus2,26.4,71.3,2
bonus2,26.4,71.5,1
bonus2,26.4,71.9,2
bonus2,26.4,72.3,1
bonus2,26.4,72.7,1
bonus2,26.4,73.1,1
bonus2,26.4,74,1
bonus2,26.4,74.3,1
bonus2,26.4,74.4,1
bonus2,26.4,74.6,1
bonus2,26.4,76,1
bonus2,26.4,76.7,1
bonus2,26.4,77.2,1
bonus2,26.4,77.7,1
bonus2,26.4,78.3,1
bonus2,26.4,79,1
bonus2,26.4,79.5,1
bonus2,26.4,79.8,1
bonus2,26.4,80.3,2
bonus2,26.4,81.7,1
bonus2,26.4,82.6,1
bonus2,26.4,82.8,1
bonus2,26.4,84.3,1
bonus2,26.4,84.6,2
bonus2,26.4,85.5,1
bonus2,26.4,85.9,1
bonus2,26.4,86.1,1
bonus2,26.4,86.3,1
bonus2,26.4,86.9,1
bonus2,26.4,87.3,1
bonus2,26.4,87.6,1
bonus2,26.4,87.7,1
bonus2,26.4,87.8,1
bonus2,26.4,88.2,1
bonus2,26.4,88.4,1
bonus2,26.4,88.6,1
bonus2,26.4,88.8,1
bonus2,26.4,89,1
bonus2,26.4,89.2,1
bonus2,26.4,89.5,1
bonus2,26.4,90.6,1
bonus2,26.4,91.5,1
bonus2,26.4,91.6,1
bonus2,26.4,92.1,1
bonus2,26.4,92.4,2
bonus2,26.4,92.6,1
bonus2,26.4,93,1
bonus2,26.4,93.6,1
bonus2,26.4,94.1,2
bonus2,26.4,94.8,1
bonus2,26.4,95.8,1
bonus2,26.4,96.9,1
bonus2,26.4,97.8,1
bonus2,26.4,98.7,1
bonus2,29.1,1.9,1
bonus2,29.1,2.3,1
bonus2,29.1,2.6,1
bonus2,29.1,4.2,1
bonus2,29.1,4.9,1
bonus2,29.1,5.3,1
bonus2,29.1,5.4,1
bonus2,29.1,5.5,1
bonus2,29.1,7.3,1
bonus2,29.1,7.9,1
bonus2,29.1,8.7,1
bonus2,29.1,9.4,1
bonus2,29.1,10,1
bonus2,29.1,10.2,2
bonus2,29.1,10.4,1
bonus2,29.1,10.7,1
bonus2,29.1,11.9,1
bonus2,29.1,12.4,1
bonus2,29.1,12.7,1
bonus2,29.1,14,1
bonus2,29.1,16.2,1
bonus2,29.1,16.3,1
bonus2,29.1,16.4,1
bonus2,29.1,17.3,1
bonus2,29.1,18.3,1
bonus2,29.1,18.4,1
bonus2,29.1,18.5,1
bonus2,29.1,18.8,1
bonus2,29.1,19.3,1
bonus2,29.1,20.3,1
bonus2,29.1,22.6,1
bonus2,29.1,24.6,1
bonus2,29.1,25.1,1
bonus2,29.1,25.5,1
bonus2,29.1,26.1,1
bonus2,29.1,26.4,1
bonus2,29.1,26.5,1
bonus2,29.1,26.6,1
bonus2,29.1,27,1
bonus2,29.1,28.1,1
bonus2,29.1,29.4,1
bonus2,29.1,29.9,1
bonus2,29.1,30,2
bonus2,29.1,30.1,1
bonus2,29.1,30.9,1
bonus2,29.1,31.3,1
bonus2,29.1,33.9,1
bonus2,29.1,35.2,1
bonus2,29.1,35.4,1
bonus2,29.1,35.9,1
bonus2,29.1,36.1,1
bonus2,29.1,36.2,1
bonus2,29.1,37.7,1
bonus2,29.1,38.1,1
bonus2,29.1,40.2,1
bonus2,29.1,40.7,1
bonus2,29.1,41.5,2
bonus2,29.1,41.7,1
bonus2,29.1,41.9,1
bonus2,29.1,42,1
bonus2,29.1,42.6,1
bonus2,29.1,43.1,1
bonus2,29.1,43.7,1
bonus2,29.1,44.5,1
bonus2,29.1,44.9,1
bonus2,29.1,45.5,1
bonus2,29.1,45.8,1
bonus2,29.1,46.3,1
bonus2,29.1,47.1,1
bonus2,29.1,47.5,1
bonus2,29.1,49.8,1
bonus2,29.1,50.2,1
bonus2,29.1,51.3,1
bonus2,29.1,53.6,1
bonus2,29.1,54.3,1
bonus2,29.1,57.1,2
bonus2,29.1,57.8,1
bonus2,29.1,58.3,1
bonus2,29.1,59.5,1
bonus2,29.1,60.3,1
bonus2,29.1,60.5,1
bonus2,29.1,60.9,1
bonus2,29.1,61,1
bonus2,29.1,61.1,1
bonus2,29.1,62.2,1
bonus2,29.1,62.7,1
bonus2,29.1,63,1
bonus2,29.1,63.3,1
bonus2,29.1,64.1,1
bonus2,29.1,64.2,1
bonus2,29.1,64.6,1
bonus2,29.1,64.8,1
bonus2,29.1,66,1
bonus2,29.1,66.1,1
bonus2,29.1,66.3,1
bonus2,29.1,66.9,1
bonus2,29.1,67,1
bonus2,29.1,67.3,1
bonus2,29.1,68.1,1
bonus2,29.1,68.6,2
bonus2,29.1,69.5,1
bonus2,29.1,69.7,1
bonus2,29.1,69.8,1
bonus2,29.1,70.1,2
bonus2,29.1,70.9,1
bonus2,29.1,71.8,1
bonus2,29.1,72,2
bonus2,29.1,72.4,1
bonus2,29.1,72.9,1
bonus2,29.1,73.8,1
bonus2,29.1,74,1
bonus2,29.1,74.1,1
bonus2,29.1,75.7,1
bonus2,29.1,77.4,1
bonus2,29.1,77.7,1
bonus2,29.1,78.9,1
bonus2,29.1,79.3,1
bonus2,29.1,79.5,1
bonus2,29.1,80.2,1
bonus2,29.1,81.1,1
bonus2,29.1,82,1
bonus2,29.1,82.3,2
bonus2,29.1,84.2,1
bonus2,29.1,84.7,2
bonus2,29.1,84.8,1
bonus2,29.1,85,1
bonus2,29.1,85.2,1
bonus2,29.1,85.3,1
bonus2,29.1,85.7,1
bonus2,29.1,86,1
bonus2,29.1,86.4,1
bonus2,29.1,87,1
bonus2,29.1,87.2,1
bonus2,29.1,88.2,1
bonus2,29.1,89.1,1
bonus2,29.1,89.5,1
bonus2,29.1,90,1
bonus2,29.1,90.4,1
bonus2,29.1,90.6,1
bonus2,29.1,90.9,1
bonus2,29.1,91.2,1
bonus2,29.1,91.4,1
bonus2,29.1,92,1
bonus2,29.1,92.5,1
bonus2,29.1,94.4,1
bonus2,29.1,95.3,1
bonus2,29.1,95.7,1
bonus2,29.1,96,1
bonus2,29.1,97.1,1
bonus2,32.1,0.3,1
bonus2,32.1,0.4,1
bonus2,32.1,1,1
bonus2,32.1,1.2,1
bonus2,32.1,1.5,1
bonus2,32.1,1.7,1
bonus2,32.1,1.8,1
bonus2,32.1,1.9,1
bonus2,32.1,2,3
bonus2,32.1,2.2,1
bonus2,32.1,2.7,1
bonus2,32.1,2.9,2
bonus2,32.1,3.1,2
bonus2,32.1,3.3,2
bonus2,32.1,3.4,2
bonus2,32.1,3.6,1
bonus2,32.1,3.7,1
bonus2,32.1,4.5,1
bonus2,32.1,4.8,1
bonus2,32.1,5.1,1
bonus2,32.1,5.5,1
bonus2,32.1,5.6,1
bonus2,32.1,5.7,1
bonus2,32.1,5.9,1
bonus2,32.1,6.4,1
bonus2,32.1,6.7,1
bonus2,32.1,6.9,1
bonus2,32.1,7.4,1
bonus2,32.1,8.1,1
bonus2,32.1,8.3,1
bonus2,32.1,8.9,1
bonus2,32.1,9.2,1
bonus2,32.1,9.3,1
bonus2,32.1,10.2,1
bonus2,32.1,10.8,1
bonus2,32.1,11,1
bonus2,32.1,11.3,1
bonus2,32.1,11.5,1
bonus2,32.1,12,1
bonus2,32.1,12.1,1
bonus2,32.1,12.4,1
bonus2,32.1,12.8,1
bonus2,32.1,13.2,1
bonus2,32.1,13.6,1
bonus2,32.1,13.9,1
bonus2,32.1,15.2,1
bonus2,32.1,15.6,1
bonus2,32.1,16.4,1
bonus2,32.1,16.5,1
bonus2,32.1,16.6,1
bonus2,32.1,16.8,1
bonus2,32.1,16.9,1
bonus2,32.1,18.4,1
bonus2,32.1,18.5,1
bonus2,32.1,18.6,1
bonus2,32.1,19.3,1
bonus2,32.1,19.9,1
bonus2,32.1,20,1
bonus2,32.1,20.3,1
bonus2,32.1,20.4,1
bonus2,32.1,20.5,1
bonus2,32.1,20.7,1
bonus2,32.1,20.8,1
bonus2,32.1,21,1
bonus2,32.1,21.1,1
bonus2,32.1,21.3,1
bonus2,32.1,21.5,2
bonus2,32.1,22.2,2
bonus2,32.1,22.3,1
bonus2,32.1,22.4,1
bonus2,32.1,22.5,1
bonus2,32.1,22.9,1
bonus2,32.1,23,1
bonus2,32.1,23.1,1
bonus2,32.1,23.2,1
bonus2,32.1,24.5,1
bonus2,32.1,24.6,1
bonus2,32.1,24.7,1
bonus2,32.1,25.1,1
bonus2,32.1,25.2,1
bonus2,32.1,25.7,1
bonus2,32.1,26,1
bonus2,32.1,26.1,2
bonus2,32.1,26.2,1
bonus2,32.1,27.1,1
bonus2,32.1,27.5,1
bonus2,32.1,27.8,1
bonus2,32.1,28.2,2
bonus2,32.1,29.7,2
bonus2,32.1,29.9,1
bonus2,32.1,30.3,2
bonus2,32.1,30.4,2
bonus2,32.1,31.5,1
bonus2,32.1,31.6,1
bonus2,32.1,32.2,1
bonus2,32.1,32.4,1
bonus2,32.1,32.5,1
bonus2,32.1,33,1
bonus2,32.1,33.2,1
bonus2,32.1,33.3,1
bonus2,32.1,33.6,1
bonus2,32.1,33.8,2
bonus2,32.1,34,1
bonus2,32.1,34.2,1
bonus2,32.1,34.5,1
bonus2,32.1,34.7,1
bonus2,32.1,34.8,1
bonus2,32.1,35.1,1
bonus2,32.1,35.3,3
bonus2,32.1,35.5,1
bonus2,32.1,35.8,1
bonus2,32.1,36.2,1
bonus2,32.1,36.3,1
bonus2,32.1,36.6,1
bonus2,32.1,36.7,2
bonus2,32.1,36.8,1
bonus2,32.1,37,1
bonus2,32.1,37.2,1
bonus2,32.1,37.9,1
bonus2,32.1,38.2,1
bonus2,32.1,39.1,1
bonus2,32.1,39.2,1
bonus2,32.1,39.7,1
bonus2,32.1,39.8,2
bonus2,32.1,39.9,1
bonus2,32.1,40.4,1
bonus2,32.1,40.8,2
bonus2,32.1,40.9,1
bonus2,32.1,41.6,1
bonus2,32.1,41.7,1
bonus2,32.1,43,1
bonus2,32.1,43.5,1
bonus2,32.1,43.6,1
bonus2,32.1,43.9,1
bonus2,32.1,44.6,1
bonus2,32.1,44.9,1
bonus2,32.1,45.1,1
bonus2,32.1,45.2,1
bonus2,32.1,45.8,1
bonus2,32.1,46,1
bonus2,32.1,46.1,1
bonus2,32.1,46.2,1
bonus2,32.1,46.3,1
bonus2,32.1,46.6,1
bonus2,32.1,47.1,1
bonus2,32.1,47.2,1
bonus2,32.1,47.4,1
bonus2,32.1,47.6,1
bonus2,32.1,47.8,2
bonus2,32.1,48.4,2
bonus2,32.1,48.7,1
bonus2,32.1,48.8,2
bonus2,32.1,49.4,1
bonus2,32.1,50.2,1
bonus2,32.1,51,1
bonus2,32.1,51.2,1
bonus2,32.1,51.3,1
bonus2,32.1,51.5,1
bonus2,32.1,51.6,2
bonus2,32.1,52.4,1
bonus2,32.1,52.6,1
bonus2,32.1,53.3,1
bonus2,32.1,53.7,1
bonus2,32.1,53.8,2
bonus2,32.1,53.9,2
bonus2,32.1,55,1
bonus2,32.1,56.3,1
bonus2,32.1,56.6,1
bonus2,32.1,56.7,2
bonus2,32.1,56.8,1
bonus2,32.1,57,1
bonus2,32.1,57.1,1
bonus2,32.1,57.3,1
bonus2,32.1,57.6,1
bonus2,32.1,58.7,1
bonus2,32.1,58.9,2
bonus2,32.1,59.3,1
bonus2,32.1,59.7,1
bonus2,32.1,61.5,1
bonus2,32.1,61.6,1
bonus2,32.1,61.7,1
bonus2,32.1,61.9,2
bonus2,32.1,62.3,1
bonus2,32.1,62.5,1
bonus2,32.1,62.9,1
bonus2,32.1,63.2,1
bonus2,32.1,63.3,1
bonus2,32.1,63.5,1
bonus2,32.1,63.6,1
bonus2,32.1,64.8,2
bonus2,32.1,65.2,2
bonus2,32.1,65.8,1
bonus2,32.1,66,1
bonus2,32.1,66.1,1
bonus2,32.1,66.3,1
bonus2,32.1,66.5,1
bonus2,32.1,66.8,1
bonus2,32.1,66.9,1
bonus2,32.1,67,1
bonus2,32.1,67.3,1
bonus2,32.1,68,1
bonus2,32.1,68.1,1
bonus2,32.1,68.2,1
bonus2,32.1,68.5,1
bonus2,32.1,68.8,1
bonus2,32.1,69.6,1
bonus2,32.1,70.2,2
bonus2,32.1,70.8,1
bonus2,32.1,71.1,1
bonus2,32.1,71.2,1
bonus2,32.1,71.3,2
bonus2,32.1,72.2,1
bonus2,32.1,72.3,1
bonus2,32.1,72.7,1
bonus2,32.1,72.8,2
bonus2,32.1,73.2,1
bonus2,32.1,73.3,1
bonus2,32.1,73.4,1
bonus2,32.1,73.5,1
bonus2,32.1,73.6,1
bonus2,32.1,74.1,1
bonus2,32.1,74.6,1
bonus2,32.1,74.8,1
bonus2,32.1,75.1,1
bonus2,32.1,75.2,1
bonus2,32.1,75.4,1
bonus2,32.1,75.5,1
bonus2,32.1,75.7,1
bonus2,32.1,75.9,2
bonus2,32.1,76.2,2
bonus2,32.1,76.4,1
bonus2,32.1,76.5,1
bonus2,32.1,76.6,1
bonus2,32.1,78.1,1
bonus2,32.1,78.5,1
bonus2,32.1,79.2,1
bonus2,32.1,79.3,1
bonus2,32.1,79.5,2
bonus2,32.1,79.7,1
bonus2,32.1,80,1
bonus2,32.1,80.2,1
bonus2,32.1,80.5,1
bonus2,32.1,80.7,1
bonus2,32.1,81.1,1
bonus2,32.1,81.2,1
bonus2,32.1,81.7,2
bonus2,32.1,82.1,1
bonus2,32.1,82.2,1
bonus2,32.1,82.8,1
bonus2,32.1,83.1,1
bonus2,32.1,83.3,1
bonus2,32.1,83.6,1
bonus2,32.1,83.8,1
bonus2,32.1,84.4,1
bonus2,32.1,84.5,1
bonus2,32.1,84.9,1
bonus2,32.1,85.1,2
bonus2,32.1,85.2,2
bonus2,32.1,85.8,1
bonus2,32.1,86.7,1
bonus2,32.1,87.3,1
bonus2,32.1,88.1,1
bonus2,32.1,88.2,2
bonus2,32.1,88.6,1
bonus2,32.1,89.1,1
bonus2,32.1,89.5,1
bonus2,32.1,89.9,1
bonus2,32.1,90,1
bonus2,32.1,91.2,2
bonus2,32.1,91.3,1
bonus2,32.1,91.5,2
bonus2,32.1,92.7,1
bonus2,32.1,92.8,1
bonus2,32.1,93.5,1
bonus2,32.1,93.7,1
bonus2,32.1,93.9,1
bonus2,32.1,94,2
bonus2,32.1,94.5,1
bonus2,32.1,95.7,1
bonus2,32.1,96.1,1
bonus2,32.1,96.6,1
bonus2,32.1,97,1
bonus2,32.1,97.1,1
bonus2,32.1,97.3,1
bonus2,32.1,98,1
bonus2,32.1,99.2,1
bonus2,35.2,0.1,1
bonus2,35.2,1,1
bonus2,35.2,1.4,1
bonus2,35.2,1.7,1
bonus2,35.2,2.5,1
bonus2,35.2,3.4,1
bonus2,35.2,5.1,2
bonus2,35.2,5.8,1
bonus2,35.2,6.6,1
bonus2,35.2,6.7,1
bonus2,35.2,7.5,1
bonus2,35.2,7.8,1
bonus2,35.2,9.7,1
bonus2,35.2,10.4,1
bonus2,35.2,10.8,1
bonus2,35.2,10.9,1
bonus2,35.2,11.2,1
bonus2,35.2,11.7,1
bonus2,35.2,11.8,1
bonus2,35.2,12.3,1
bonus2,35.2,12.4,1
bonus2,35.2,12.9,2
bonus2,35.2,13.4,1
bonus2,35.2,14.2,2
bonus2,35.2,14.6,1
bonus2,35.2,14.7,1
bonus2,35.2,15.1,2
bonus2,35.2,15.6,1
bonus2,35.2,17.3,1
bonus2,35.2,17.7,1
bonus2,35.2,18.9,1
bonus2,35.2,19.1,1
bonus2,35.2,19.2,1
bonus2,35.2,19.4,1
bonus2,35.2,19.6,1
bonus2,35.2,19.7,1
bonus2,35.2,20.4,1
bonus2,35.2,20.7,1
bonus2,35.2,20.9,1
bonus2,35.2,21.6,1
bonus2,35.2,21.7,1
bonus2,35.2,21.8,1
bonus2,35.2,23.6,2
bonus2,35.2,23.9,1
bonus2,35.2,24,1
bonus2,35.2,24.3,1
bonus2,35.2,24.7,1
bonus2,35.2,25.3,1
bonus2,35.2,26,1
bonus2,35.2,27.3,1
bonus2,35.2,27.5,1
bonus2,35.2,27.7,1
bonus2,35.2,28.1,1
bonus2,35.2,28.2,1
bonus2,35.2,28.3,1
bonus2,35.2,28.8,1
bonus2,35.2,30,1
bonus2,35.2,30.7,1
bonus2,35.2,32.3,1
bonus2,35.2,32.6,2
bonus2,35.2,32.9,1
bonus2,35.2,35.3,1
bonus2,35.2,35.6,1
bonus2,35.2,35.8,1
bonus2,35.2,36.1,1
bonus2,35.2,37.3,1
bonus2,35.2,37.5,1
bonus2,35.2,37.6,1
bonus2,35.2,37.7,1
bonus2,35.2,38.1,2
bonus2,35.2,38.5,1
bonus2,35.2,39.2,1
bonus2,35.2,39.7,1
bonus2,35.2,41,1
bonus2,35.2,42.9,1
bonus2,35.2,43.2,1
bonus2,35.2,44.6,1
bonus2,35.2,44.7,1
bonus2,35.2,45.2,1
bonus2,35.2,45.5,1
bonus2,35.2,45.8,1
bonus2,35.2,47.5,1
bonus2,35.2,48.8,1
bonus2,35.2,49.3,1
bonus2,35.2,49.4,1
bonus2,35.2,50.1,1
bonus2,35.2,50.5,1
bonus2,35.2,52.3,1
bonus2,35.2,52.4,1
bonus2,35.2,52.7,1
bonus2,35.2,53,1
bonus2,35.2,53.3,1
bonus2,35.2,53.9,1
bonus2,35.2,56,1
bonus2,35.2,56.6,1
bonus2,35.2,57,1
bonus2,35.2,57.9,1
bonus2,35.2,58.2,1
bonus2,35.2,58.3,1
bonus2,35.2,59.1,1
bonus2,35.2,59.3,1
bonus2,35.2,59.7,1
bonus2,35.2,60.6,1
bonus2,35.2,61,1
bonus2,35.2,61.2,1
bonus2,35.2,61.6,1
bonus2,35.2,61.8,1
bonus2,35.2,62.9,1
bonus2,35.2,63.1,1
bonus2,35.2,63.2,1
bonus2,35.2,63.7,1
bonus2,35.2,64,1
bonus2,35.2,64.1,1
bonus2,35.2,64.2,1
bonus2,35.2,64.6,1
bonus2,35.2,64.7,1
bonus2,35.2,64.8,1
bonus2,35.2,66.1,1
bonus2,35.2,66.2,2
bonus2,35.2,66.5,1
bonus2,35.2,66.9,1
bonus2,35.2,67.9,1
bonus2,35.2,68.3,1
bonus2,35.2,68.5,1
bonus2,35.2,68.8,1
bonus2,35.2,68.9,2
bonus2,35.2,69.4,1
bonus2,35.2,69.5,1
bonus2,35.2,69.8,2
bonus2,35.2,70.9,1
bonus2,35.2,73.5,1
bonus2,35.2,74.3,1
bonus2,35.2,74.7,1
bonus2,35.2,75.5,1
bonus2,35.2,76.4,1
bonus2,35.2,77,1
bonus2,35.2,77.1,1
bonus2,35.2,77.5,1
bonus2,35.2,78.4,1
bonus2,35.2,81.5,1
bonus2,35.2,83.5,1
bonus2,35.2,83.9,1
bonus2,35.2,84.4,1
bonus2,35.2,84.9,1
bonus2,35.2,86.3,1
bonus2,35.2,86.8,1
bonus2,35.2,87.2,1
bonus2,35.2,87.7,1
bonus2,35.2,88.3,1
bonus2,35.2,88.7,1
bonus2,35.2,88.8,1
bonus2,35.2,89.3,1
bonus2,35.2,89.7,1
bonus2,35.2,90.7,1
bonus2,35.2,91,1
bonus2,35.2,91.1,1
bonus2,35.2,91.4,1
bonus2,35.2,92.7,1
bonus2,35.2,94.2,1
bonus2,35.2,95.7,1
bonus2,35.2,98,1
bonus2,35.2,98.1,1
bonus2,35.2,99.9,1
bonus2,38.6,0.2,1
bonus2,38.6,0.6,4
bonus2,38.6,0.7,1
bonus2,38.6,1.1,2
bonus2,38.6,1.4,3
bonus2,38.6,1.5,2
bonus2,38.6,1.6,1
bonus2,38.6,1.7,1
bonus2,38.6,1.8,1
bonus2,38.6,1.9,1
bonus2,38.6,2.3,1
bonus2,38.6,2.5,1
bonus2,38.6,3.3,1
bonus2,38.6,3.4,3
bonus2,38.6,3.7,1
bonus2,38.6,3.8,1
bonus2,38.6,4.1,1
bonus2,38.6,4.4,1
bonus2,38.6,4.9,1
bonus2,38.6,5.5,1
bonus2,38.6,5.6,1
bonus2,38.6,5.7,1
bonus2,38.6,5.8,2
bonus2,38.6,5.9,1
bonus2,38.6,6.8,2
bonus2,38.6,7.2,1
bonus2,38.6,7.3,1
bonus2,38.6,7.5,1
bonus2,38.6,7.7,1
bonus2,38.6,7.8,2
bonus2,38.6,8,1
bonus2,38.6,8.1,1
bonus2,38.6,8.8,1
bonus2,38.6,9.6,2
bonus2,38.6,10,2
bonus2,38.6,10.3,1
bonus2,38.6,10.4,1
bonus2,38.6,11,1
bonus2,38.6,11.2,1
bonus2,38.6,11.3,1
bonus2,38.6,11.4,1
bonus2,38.6,11.5,1
bonus2,38.6,11.9,2
bonus2,38.6,12.1,1
bonus2,38.6,12.5,1
bonus2,38.6,12.6,1
bonus2,38.6,12.8,1
bonus2,38.6,13,2
bonus2,38.6,13.2,1
bonus2,38.6,13.3,1
bonus2,38.6,13.4,2
bonus2,38.6,13.5,1
bonus2,38.6,13.7,1
bonus2,38.6,14.5,2
bonus2,38.6,14.7,1
bonus2,38.6,14.8,1
bonus2,38.6,14.9,2
bonus2,38.6,15.1,1
bonus2,38.6,15.2,1
bonus2,38.6,15.4,2
bonus2,38.6,15.5,1
bonus2,38.6,15.6,1
bonus2,38.6,16.2,1
bonus2,38.6,16.6,1
bonus2,38.6,16.8,1
bonus2,38.6,17.1,2
bonus2,38.6,17.2,2
bonus2,38.6,17.4,1
bonus2,38.6,17.9,1
bonus2,38.6,18,2
bonus2,38.6,18.1,1
bonus2,38.6,18.4,1
bonus2,38.6,18.5,1
bonus2,38.6,18.6,1
bonus2,38.6,19,1
bonus2,38.6,19.1,1
bonus2,38.6,19.3,1
bonus2,38.6,19.4,1
bonus2,38.6,19.5,2
bonus2,38.6,19.6,2
bonus2,38.6,19.7,1
bonus2,38.6,19.9,1
bonus2,38.6,20.2,2
bonus2,38.6,20.5,1
bonus2,38.6,20.9,1
bonus2,38.6,21.5,1
bonus2,38.6,21.8,1
bonus2,38.6,22,1
bonus2,38.6,22.7,2
bonus2,38.6,22.9,1
bonus2,38.6,23,1
bonus2,38.6,23.3,2
bonus2,38.6,23.6,1
bonus2,38.6,23.8,1
bonus2,38.6,24.5,1
bonus2,38.6,24.8,1
bonus2,38.6,24.9,2
bonus2,38.6,25.2,1
bonus2,38.6,25.6,1
bonus2,38.6,26.2,1
bonus2,38.6,26.3,1
bonus2,38.6,26.5,1
bonus2,38.6,26.7,1
bonus2,38.6,26.8,1
bonus2,38.6,26.9,1
bonus2,38.6,27.1,2
bonus2,38.6,27.3,1
bonus2,38.6,27.5,1
bonus2,38.6,28.1,1
bonus2,38.6,28.4,1
bonus2,38.6,28.5,2
bonus2,38.6,28.7,3
bonus2,38.6,29.4,1
bonus2,38.6,29.6,3
bonus2,38.6,29.7,1
bonus2,38.6,29.9,1
bonus2,38.6,30,1
bonus2,38.6,30.4,1
bonus2,38.6,30.5,1
bonus2,38.6,30.8,1
bonus2,38.6,31,1
bonus2,38.6,31.2,1
bonus2,38.6,31.5,1
bonus2,38.6,32,2
bonus2,38.6,32.2,1
bonus2,38.6,32.4,1
bonus2,38.6,32.6,1
bonus2,38.6,32.8,1
bonus2,38.6,33,1
bonus2,38.6,34.1,1
bonus2,38.6,34.2,1
bonus2,38.6,34.3,1
bonus2,38.6,35.4,1
bonus2,38.6,35.6,1
bonus2,38.6,35.7,1
bonus2,38.6,35.8,1
bonus2,38.6,36,1
bonus2,38.6,36.8,1
bonus2,38.6,36.9,2
bonus2,38.6,37.3,1
bonus2,38.6,38,1
bonus2,38.6,38.3,1
bonus2,38.6,38.6,1
bonus2,38.6,38.7,1
bonus2,38.6,38.9,1
bonus2,38.6,39.1,1
bonus2,38.6,39.6,1
bonus2,38.6,39.8,1
bonus2,38.6,40.2,1
bonus2,38.6,40.3,2
bonus2,38.6,40.5,1
bonus2,38.6,40.6,1
bonus2,38.6,41.3,2
bonus2,38.6,41.4,1
bonus2,38.6,41.7,2
bonus2,38.6,41.8,1
bonus2,38.6,41.9,1
bonus2,38.6,42.6,1
bonus2,38.6,42.7,2
bonus2,38.6,43,1
bonus2,38.6,43.2,1
bonus2,38.6,43.3,2
bonus2,38.6,43.5,1
bonus2,38.6,43.8,1
bonus2,38.6,43.9,1
bonus2,38.6,44,1
bonus2,38.6,44.2,2
bonus2,38.6,44.4,1
bonus2,38.6,45.3,1
bonus2,38.6,45.5,1
bonus2,38.6,45.6,2
bonus2,38.6,45.8,1
bonus2,38.6,46.6,1
bonus2,38.6,46.7,1
bonus2,38.6,47.1,1
bonus2,38.6,47.2,1
bonus2,38.6,47.8,1
bonus2,38.6,47.9,1
bonus2,38.6,48,1
bonus2,38.6,48.4,1
bonus2,38.6,48.5,1
bonus2,38.6,48.9,1
bonus2,38.6,49,1
bonus2,38.6,49.3,1
bonus2,38.6,49.6,2
bonus2,38.6,50,1
bonus2,38.6,50.9,1
bonus2,38.6,51.1,1
bonus2,38.6,51.5,1
bonus2,38.6,51.7,1
bonus2,38.6,52.4,1
bonus2,38.6,52.8,2
bonus2,38.6,53,1
bonus2,38.6,53.2,1
bonus2,38.6,53.6,1
bonus2,38.6,53.8,2
bonus2,38.6,54.1,2
bonus2,38.6,54.3,1
bonus2,38.6,54.6,1
bonus2,38.6,54.7,1
bonus2,38.6,54.9,2
bonus2,38.6,55.1,1
bonus2,38.6,55.2,1
bonus2,38.6,56.5,1
bonus2,38.6,56.6,1
bonus2,38.6,56.8,1
bonus2,38.6,57,1
bonus2,38.6,57.5,1
bonus2,38.6,57.6,1
bonus2,38.6,57.7,1
bonus2,38.6,58.1,1
bonus2,38.6,58.3,1
bonus2,38.6,58.5,1
bonus2,38.6,58.6,1
bonus2,38.6,58.9,1
bonus2,38.6,59.1,1
bonus2,38.6,59.4,1
bonus2,38.6,59.7,1
bonus2,38.6,60.1,1
bonus2,38.6,60.7,1
bonus2,38.6,60.8,1
bonus2,38.6,61,1
bonus2,38.6,61.8,1
bonus2,38.6,62.4,1
bonus2,38.6,62.5,1
bonus2,38.6,63,1
bonus2,38.6,63.3,1
bonus2,38.6,63.4,1
bonus2,38.6,63.7,1
bonus2,38.6,63.9,2
bonus2,38.6,64,1
bonus2,38.6,64.5,1
bonus2,38.6,64.7,2
bonus2,38.6,64.9,1
bonus2,38.6,65.4,1
bonus2,38.6,65.9,1
bonus2,38.6,66,1
bonus2,38.6,66.4,1
bonus2,38.6,66.7,1
bonus2,38.6,67.6,1
bonus2,38.6,67.7,2
bonus2,38.6,68.2,1
bonus2,38.6,68.3,1
bonus2,38.6,68.5,1
bonus2,38.6,68.7,1
bonus2,38.6,69.5,1
bonus2,38.6,69.6,1
bonus2,38.6,69.7,1
bonus2,38.6,70.5,1
bonus2,38.6,70.7,1
bonus2,38.6,70.8,1
bonus2,38.6,71.2,1
bonus2,38.6,71.5,1
bonus2,38.6,71.6,1
bonus2,38.6,71.9,1
bonus2,38.6,72.1,1
bonus2,38.6,72.5,2
bonus2,38.6,73.5,1
bonus2,38.6,73.6,1
bonus2,38.6,74,1
bonus2,38.6,74.2,1
bonus2,38.6,74.3,2
bonus2,38.6,74.4,1
bonus2,38.6,74.7,1
bonus2,38.6,75.2,1
bonus2,38.6,75.6,2
bonus2,38.6,76.3,2
bonus2,38.6,76.5,1
bonus2,38.6,76.6,1
bonus2,38.6,76.8,2
bonus2,38.6,77.1,1
bonus2,38.6,77.4,1
bonus2,38.6,78,1
bonus2,38.6,78.1,1
bonus2,38.6,78.2,1
bonus2,38.6,78.5,1
bonus2,38.6,78.8,1
bonus2,38.6,79,1
bonus2,38.6,79.1,1
bonus2,38.6,79.7,1
bonus2,38.6,80.1,1
bonus2,38.6,80.2,1
bonus2,38.6,80.5,1
bonus2,38.6,81,1
bonus2,38.6,81.3,1
bonus2,38.6,81.5,1
bonus2,38.6,81.6,2
bonus2,38.6,82.3,1
bonus2,38.6,82.5,1
bonus2,38.6,82.6,1
bonus2,38.6,82.7,1
bonus2,38.6,83,1
bonus2,38.6,83.3,1
bonus2,38.6,83.5,1
bonus2,38.6,84,1
bonus2,38.6,84.3,1
bonus2,38.6,84.7,1
bonus2,38.6,84.8,1
bonus2,38.6,84.9,1
bonus2,38.6,85.1,1
bonus2,38.6,85.4,1
bonus2,38.6,85.8,1
bonus2,38.6,85.9,2
bonus2,38.6,87.8,1
bonus2,38.6,88.6,1
bonus2,38.6,88.7,1
bonus2,38.6,89.5,1
bonus2,38.6,90.4,1
bonus2,38.6,90.5,1
bonus2,38.6,90.8,1
bonus2,38.6,90.9,1
bonus2,38.6,91.4,1
bonus2,38.6,92.3,1
bonus2,38.6,92.8,1
bonus2,38.6,92.9,2
bonus2,38.6,93.1,1
bonus2,38.6,93.3,1
bonus2,38.6,93.5,2
bonus2,38.6,93.9,1
bonus2,38.6,95.6,1
bonus2,38.6,96.6,1
bonus2,38.6,96.8,1
bonus2,38.6,97.1,1
bonus2,38.6,97.3,1
bonus2,38.6,97.4,1
bonus2,38.6,97.5,1
bonus2,38.6,98.6,1
bonus2,38.6,99.5,1
bonus2,38.6,99.8,1
bonus2,42.1,0.8,1
bonus2,42.1,1.1,1
bonus2,42.1,2.4,1
bonus2,42.1,2.5,2
bonus2,42.1,2.7,1
bonus2,42.1,2.8,1
bonus2,42.1,3,1
bonus2,42.1,3.8,1
bonus2,42.1,3.9,1
bonus2,42.1,4.3,2
bonus2,42.1,4.9,1
bonus2,42.1,6,1
bonus2,42.1,6.6,1
bonus2,42.1,8.3,2
bonus2,42.1,8.4,1
bonus2,42.1,9.5,1
bonus2,42.1,10.5,1
bonus2,42.1,10.9,1
bonus2,42.1,11,1
bonus2,42.1,11.6,1
bonus2,42.1,12.2,2
bonus2,42.1,12.3,3
bonus2,42.1,12.8,1
bonus2,42.1,13,1
bonus2,42.1,14,2
bonus2,42.1,15.6,1
bonus2,42.1,15.9,1
bonus2,42.1,16.1,1
bonus2,42.1,16.2,1
bonus2,42.1,17.4,1
bonus2,42.1,17.5,1
bonus2,42.1,18,1
bonus2,42.1,18.1,1
bonus2,42.1,18.2,1
bonus2,42.1,18.4,1
bonus2,42.1,19.5,1
bonus2,42.1,19.8,1
bonus2,42.1,20.2,1
bonus2,42.1,20.4,1
bonus2,42.1,22.4,1
bonus2,42.1,23.1,1
bonus2,42.1,24,1
bonus2,42.1,25.1,1
bonus2,42.1,25.4,1
bonus2,42.1,25.7,1
bonus2,42.1,26.2,1
bonus2,42.1,26.4,1
bonus2,42.1,26.7,1
bonus2,42.1,26.9,1
bonus2,42.1,27.3,1
bonus2,42.1,27.4,1
bonus2,42.1,27.7,2
bonus2,42.1,28.6,2
bonus2,42.1,30.2,1
bonus2,42.1,30.9,1
bonus2,42.1,32,1
bonus2,42.1,32.2,1
bonus2,42.1,32.8,1
bonus2,42.1,32.9,1
bonus2,42.1,33.7,1
bonus2,42.1,35.5,1
bonus2,42.1,36.8,1
bonus2,42.1,38.1,2
bonus2,42.1,38.5,1
bonus2,42.1,38.8,1
bonus2,42.1,39.6,1
bonus2,42.1,39.8,1
bonus2,42.1,40.6,2
bonus2,42.1,40.9,1
bonus2,42.1,41.1,1
bonus2,42.1,41.4,1
bonus2,42.1,42.1,1
bonus2,42.1,42.7,1
bonus2,42.1,43,1
bonus2,42.1,43.5,1
bonus2,42.1,43.8,1
bonus2,42.1,45.3,1
bonus2,42.1,45.4,1
bonus2,42.1,46,1
bonus2,42.1,46.8,1
bonus2,42.1,47.3,1
bonus2,42.1,47.6,1
bonus2,42.1,49.1,1
bonus2,42.1,49.3,1
bonus2,42.1,49.4,1
bonus2,42.1,49.9,1
bonus2,42.1,51.2,1
bonus2,42.1,51.9,1
bonus2,42.1,52.6,1
bonus2,42.1,53.5,1
bonus2,42.1,53.9,1
bonus2,42.1,54,1
bonus2,42.1,54.1,1
bonus2,42.1,54.9,1
bonus2,42.1,55,1
bonus2,42.1,55.3,1
bonus2,42.1,55.5,1
bonus2,42.1,55.8,1
bonus2,42.1,56.4,1
bonus2,42.1,57.1,1
bonus2,42.1,57.4,2
bonus2,42.1,58.1,1
bonus2,42.1,58.6,1
bonus2,42.1,59.2,1
bonus2,42.1,59.8,1
bonus2,42.1,59.9,2
bonus2,42.1,60.1,1
bonus2,42.1,60.2,1
bonus2,42.1,60.5,1
bonus2,42.1,61.1,1
bonus2,42.1,61.7,1
bonus2,42.1,61.9,1
bonus2,42.1,62,1
bonus2,42.1,64.1,1
bonus2,42.1,65.9,1
bonus2,42.1,66.2,1
bonus2,42.1,66.6,1
bonus2,42.1,67,1
bonus2,42.1,68.2,1
bonus2,42.1,68.7,1
bonus2,42.1,69.6,1
bonus2,42.1,69.9,1
bonus2,42.1,70.9,2
bonus2,42.1,71.4,2
bonus2,42.1,71.8,1
bonus2,42.1,71.9,1
bonus2,42.1,72.5,1
bonus2,42.1,73.8,1
bonus2,42.1,74.4,1
bonus2,42.1,74.9,1
bonus2,42.1,75.3,1
bonus2,42.1,75.4,1
bonus2,42.1,76.4,1
bonus2,42.1,77,1
bonus2,42.1,78.4,1
bonus2,42.1,78.8,2
bonus2,42.1,79.5,1
bonus2,42.1,80,1
bonus2,42.1,80.1,1
bonus2,42.1,80.3,1
bonus2,42.1,81.9,1
bonus2,42.1,82,1
bonus2,42.1,83.2,1
bonus2,42.1,83.9,2
bonus2,42.1,84.1,1
bonus2,42.1,84.4,1
bonus2,42.1,84.6,1
bonus2,42.1,86,1
bonus2,42.1,86.3,1
bonus2,42.1,86.8,1
bonus2,42.1,87,1
bonus2,42.1,88.5,1
bonus2,42.1,89.3,1
bonus2,42.1,89.7,1
bonus2,42.1,89.8,1
bonus2,42.1,89.9,1
bonus2,42.1,90.4,1
bonus2,42.1,90.9,1
bonus2,42.1,91.4,1
bonus2,42.1,91.9,1
bonus2,42.1,92,1
bonus2,42.1,92.2,1
bonus2,42.1,92.6,1
bonus2,42.1,93.1,1
bonus2,42.1,96.6,1
bonus2,42.1,96.7,1
bonus2,42.1,97.7,1
bonus2,42.1,98.1,2
bonus2,42.1,98.2,1
bonus2,42.1,99.2,1
bonus2,45.8,0.3,1
bonus2,45.8,0.9,2
bonus2,45.8,1,1
bonus2,45.8,1.1,1
bonus2,45.8,1.6,1
bonus2,45.8,1.8,1
bonus2,45.8,2.2,1
bonus2,45.8,2.4,1
bonus2,45.8,2.6,2
bonus2,45.8,2.7,1
bonus2,45.8,2.8,2
bonus2,45.8,2.9,1
bonus2,45.8,3,1
bonus2,45.8,3.2,2
bonus2,45.8,3.3,1
bonus2,45.8,3.4,1
bonus2,45.8,3.6,1
bonus2,45.8,3.7,1
bonus2,45.8,4.3,1
bonus2,45.8,4.4,1
bonus2,45.8,4.5,1
bonus2,45.8,4.8,1
bonus2,45.8,4.9,1
bonus2,45.8,5,1
bonus2,45.8,5.2,1
bonus2,45.8,5.3,1
bonus2,45.8,6.1,1
bonus2,45.8,6.2,4
bonus2,45.8,7.1,2
bonus2,45.8,7.2,1
bonus2,45.8,7.4,3
bonus2,45.8,7.6,1
bonus2,45.8,7.8,1
bonus2,45.8,8,1
bonus2,45.8,8.1,1
bonus2,45.8,8.2,1
bonus2,45.8,8.3,1
bonus2,45.8,8.4,2
bonus2,45.8,9.3,2
bonus2,45.8,9.5,1
bonus2,45.8,9.6,2
bonus2,45.8,10.2,2
bonus2,45.8,10.5,1
bonus2,45.8,10.6,2
bonus2,45.8,10.7,1
bonus2,45.8,11.1,2
bonus2,45.8,11.2,1
bonus2,45.8,11.3,2
bonus2,45.8,11.4,1
bonus2,45.8,11.8,1
bonus2,45.8,12.2,1
bonus2,45.8,12.6,1
bonus2,45.8,13,1
bonus2,45.8,13.1,2
bonus2,45.8,13.4,1
bonus2,45.8,13.7,1
bonus2,45.8,14.3,2
bonus2,45.8,15.1,1
bonus2,45.8,15.3,1
bonus2,45.8,15.4,1
bonus2,45.8,15.5,1
bonus2,45.8,15.6,1
bonus2,45.8,16.1,3
bonus2,45.8,16.2,1
bonus2,45.8,16.4,1
bonus2,45.8,16.5,1
bonus2,45.8,16.6,1
bonus2,45.8,16.8,1
bonus2,45.8,16.9,2
bonus2,45.8,17.1,1
bonus2,45.8,17.5,1
bonus2,45.8,17.8,1
bonus2,45.8,18,1
bonus2,45.8,18.4,1
bonus2,45.8,18.7,1
bonus2,45.8,18.9,1
bonus2,45.8,19.4,1
bonus2,45.8,20.1,1
bonus2,45.8,20.4,2
bonus2,45.8,20.5,2
bonus2,45.8,20.9,1
bonus2,45.8,21,1
bonus2,45.8,21.5,1
bonus2,45.8,21.7,1
bonus2,45.8,22.1,1
bonus2,45.8,22.3,1
bonus2,45.8,22.6,1
bonus2,45.8,23.3,1
bonus2,45.8,23.5,1
bonus2,45.8,23.6,1
bonus2,45.8,24,1
bonus2,45.8,24.4,2
bonus2,45.8,24.9,1
bonus2,45.8,25.1,1
bonus2,45.8,25.2,2
bonus2,45.8,25.3,1
bonus2,45.8,25.6,1
bonus2,45.8,25.8,1
bonus2,45.8,26,1
bonus2,45.8,26.3,1
bonus2,45.8,26.9,2
bonus2,45.8,27.2,1
bonus2,45.8,27.6,1
bonus2,45.8,28.1,1
bonus2,45.8,28.3,2
bonus2,45.8,28.4,2
bonus2,45.8,29.1,1
bonus2,45.8,29.3,1
bonus2,45.8,29.5,1
bonus2,45.8,29.8,3
bonus2,45.8,30.3,1
bonus2,45.8,30.5,2
bonus2,45.8,30.7,1
bonus2,45.8,31,1
bonus2,45.8,31.2,1
bonus2,45.8,31.4,1
bonus2,45.8,31.7,1
bonus2,45.8,32.6,1
bonus2,45.8,32.9,1
bonus2,45.8,33.5,1
bonus2,45.8,33.6,1
bonus2,45.8,34,1
bonus2,45.8,34.5,2
bonus2,45.8,34.6,2
bonus2,45.8,35,2
bonus2,45.8,35.1,1
bonus2,45.8,35.2,1
bonus2,45.8,35.3,1
bonus2,45.8,35.4,2
bonus2,45.8,35.7,1
bonus2,45.8,36.2,1
bonus2,45.8,36.7,1
bonus2,45.8,37,1
bonus2,45.8,37.4,1
bonus2,45.8,37.5,1
bonus2,45.8,37.8,1
bonus2,45.8,37.9,1
bonus2,45.8,38.3,1
bonus2,45.8,38.4,2
bonus2,45.8,38.7,1
bonus2,45.8,39.2,1
bonus2,45.8,39.6,1
bonus2,45.8,40,2
bonus2,45.8,40.2,1
bonus2,45.8,41.9,2
bonus2,45.8,42,1
bonus2,45.8,42.1,2
bonus2,45.8,42.3,2
bonus2,45.8,42.4,2
bonus2,45.8,42.5,2
bonus2,45.8,42.6,1
bonus2,45.8,42.7,1
bonus2,45.8,43.2,1
bonus2,45.8,43.6,1
bonus2,45.8,43.8,1
bonus2,45.8,44.1,2
bonus2,45.8,44.3,1
bonus2,45.8,44.9,2
bonus2,45.8,45,1
bonus2,45.8,45.2,1
bonus2,45.8,45.3,1
bonus2,45.8,45.4,1
bonus2,45.8,45.5,1
bonus2,45.8,45.6,1
bonus2,45.8,45.8,1
bonus2,45.8,45.9,1
bonus2,45.8,46.1,2
bonus2,45.8,46.2,1
bonus2,45.8,46.3,2
bonus2,45.8,46.5,1
bonus2,45.8,46.7,1
bonus2,45.8,46.9,1
bonus2,45.8,47,1
bonus2,45.8,47.1,1
bonus2,45.8,47.2,1
bonus2,45.8,47.4,1
bonus2,45.8,47.7,1
bonus2,45.8,48,2
bonus2,45.8,48.1,1
bonus2,45.8,48.2,1
bonus2,45.8,48.5,1
bonus2,45.8,48.9,1
bonus2,45.8,49.3,1
bonus2,45.8,49.5,2
bonus2,45.8,50,1
bonus2,45.8,50.2,1
bonus2,45.8,50.3,1
bonus2,45.8,50.6,1
bonus2,45.8,50.7,1
bonus2,45.8,50.9,1
bonus2,45.8,51.6,2
bonus2,45.8,51.8,1
bonus2,45.8,52.5,3
bonus2,45.8,53,1
bonus2,45.8,53.3,1
bonus2,45.8,53.6,1
bonus2,45.8,53.7,1
bonus2,45.8,54.2,1
bonus2,45.8,54.4,2
bonus2,45.8,54.7,2
bonus2,45.8,54.8,1
bonus2,45.8,55.1,1
bonus2,45.8,55.3,1
bonus2,45.8,55.4,2
bonus2,45.8,55.5,1
bonus2,45.8,56.2,1
bonus2,45.8,56.5,1
bonus2,45.8,56.7,1
bonus2,45.8,57,1
bonus2,45.8,57.2,1
bonus2,45.8,57.5,1
bonus2,45.8,57.7,1
bonus2,45.8,57.8,1
bonus2,45.8,58.8,2
bonus2,45.8,58.9,1
bonus2,45.8,59,1
bonus2,45.8,59.2,1
bonus2,45.8,59.6,1
bonus2,45.8,59.8,1
bonus2,45.8,60,1
bonus2,45.8,60.2,1
bonus2,45.8,60.4,1
bonus2,45.8,61.2,1
bonus2,45.8,61.3,2
bonus2,45.8,61.5,1
bonus2,45.8,61.6,1
bonus2,45.8,61.7,1
bonus2,45.8,61.9,1
bonus2,45.8,62,1
bonus2,45.8,62.3,1
bonus2,45.8,62.4,2
bonus2,45.8,62.5,1
bonus2,45.8,62.7,2
bonus2,45.8,63.8,2
bonus2,45.8,64.1,1
bonus2,45.8,64.4,1
bonus2,45.8,65.6,1
bonus2,45.8,65.7,1
bonus2,45.8,65.8,1
bonus2,45.8,66.1,1
bonus2,45.8,66.8,1
bonus2,45.8,66.9,1
bonus2,45.8,67,1
bonus2,45.8,67.1,1
bonus2,45.8,67.2,1
bonus2,45.8,67.4,1
bonus2,45.8,67.5,1
bonus2,45.8,68.4,1
bonus2,45.8,68.6,1
bonus2,45.8,68.7,1
bonus2,45.8,68.8,1
bonus2,45.8,69.2,1
bonus2,45.8,69.4,1
bonus2,45.8,70,1
bonus2,45.8,70.3,1
bonus2,45.8,70.7,1
bonus2,45.8,72.3,1
bonus2,45.8,72.6,1
bonus2,45.8,72.7,1
bonus2,45.8,73.6,1
bonus2,45.8,73.9,1
bonus2,45.8,74.1,1
bonus2,45.8,74.7,1
bonus2,45.8,74.8,1
bonus2,45.8,75,1
bonus2,45.8,75.3,1
bonus2,45.8,75.5,1
bonus2,45.8,75.6,1
bonus2,45.8,75.7,2
bonus2,45.8,76,2
bonus2,45.8,76.4,1
bonus2,45.8,77.1,1
bonus2,45.8,77.3,1
bonus2,45.8,77.6,1
bonus2,45.8,77.8,1
bonus2,45.8,78,1
bonus2,45.8,78.1,1
bonus2,45.8,78.7,1
bonus2,45.8,79.3,1
bonus2,45.8,79.8,1
bonus2,45.8,80.3,1
bonus2,45.8,80.4,1
bonus2,45.8,80.6,2
bonus2,45.8,80.7,1
bonus2,45.8,81.4,2
bonus2,45.8,81.5,1
bonus2,45.8,81.7,1
bonus2,45.8,81.8,1
bonus2,45.8,82.7,1
bonus2,45.8,83.1,1
bonus2,45.8,83.2,1
bonus2,45.8,83.6,2
bonus2,45.8,83.7,1
bonus2,45.8,84.2,1
bonus2,45.8,84.4,1
bonus2,45.8,84.5,1
bonus2,45.8,84.8,1
bonus2,45.8,85.4,1
bonus2,45.8,85.5,1
bonus2,45.8,85.6,1
bonus2,45.8,85.7,1
bonus2,45.8,86,1
bonus2,45.8,86.2,1
bonus2,45.8,86.4,1
bonus2,45.8,86.8,3
bonus2,45.8,87.1,1
bonus2,45.8,87.4,1
bonus2,45.8,87.7,1
bonus2,45.8,88.4,1
bonus2,45.8,88.8,1
bonus2,45.8,88.9,1
bonus2,45.8,89,1
bonus2,45.8,89.1,1
bonus2,45.8,89.6,1
bonus2,45.8,89.7,1
bonus2,45.8,89.8,1
bonus2,45.8,90.3,1
bonus2,45.8,90.4,2
bonus2,45.8,90.5,2
bonus2,45.8,90.7,1
bonus2,45.8,91.1,1
bonus2,45.8,91.6,2
bonus2,45.8,91.8,2
bonus2,45.8,92.7,1
bonus2,45.8,93.3,1
bonus2,45.8,93.8,1
bonus2,45.8,94,1
bonus2,45.8,94.8,1
bonus2,45.8,95.2,1
bonus2,45.8,95.3,1
bonus2,45.8,95.8,1
bonus2,45.8,96,1
bonus2,45.8,96.2,1
bonus2,45.8,96.9,1
bonus2,45.8,97,1
bonus2,45.8,97.6,1
bonus2,45.8,97.7,2
bonus2,45.8,97.9,2
bonus2,45.8,98.4,1
bonus2,45.8,98.5,1
bonus2,45.8,98.6,1
bonus2,45.8,98.7,1
bonus2,45.8,98.9,1
bonus2,45.8,99.5,1
bonus2,45.8,99.7,2
bonus2,45.8,99.8,2
bonus2,49.9,0.5,1
bonus2,49.9,0.6,2
bonus2,49.9,0.7,1
bonus2,49.9,0.9,1
bonus2,49.9,2.4,1
bonus2,49.9,2.7,1
bonus2,49.9,3,1
bonus2,49.9,4,1
bonus2,49.9,5.8,1
bonus2,49.9,6.3,1
bonus2,49.9,6.9,1
bonus2,49.9,7.6,1
bonus2,49.9,8,1
bonus2,49.9,8.6,1
bonus2,49.9,8.8,1
bonus2,49.9,9.2,1
bonus2,49.9,11.4,1
bonus2,49.9,11.7,1
bonus2,49.9,12.1,1
bonus2,49.9,12.5,1
bonus2,49.9,12.7,1
bonus2,49.9,12.9,1
bonus2,49.9,13.3,1
bonus2,49.9,13.4,1
bonus2,49.9,13.5,1
bonus2,49.9,13.8,1
bonus2,49.9,14.3,1
bonus2,49.9,14.4,1
bonus2,49.9,14.5,1
bonus2,49.9,14.8,1
bonus2,49.9,15,1
bonus2,49.9,15.4,1
bonus2,49.9,16.4,1
bonus2,49.9,16.5,1
bonus2,49.9,17.9,1
bonus2,49.9,18.6,1
bonus2,49.9,18.8,1
bonus2,49.9,19.5,1
bonus2,49.9,19.6,1
bonus2,49.9,20.2,1
bonus2,49.9,21.1,1
bonus2,49.9,21.5,1
bonus2,49.9,21.6,1
bonus2,49.9,21.7,1
bonus2,49.9,22,2
bonus2,49.9,22.2,1
bonus2,49.9,22.3,2
bonus2,49.9,22.5,1
bonus2,49.9,22.8,1
bonus2,49.9,23,1
bonus2,49.9,23.6,1
bonus2,49.9,23.9,1
bonus2,49.9,25,1
bonus2,49.9,25.7,1
bonus2,49.9,26.2,2
bonus2,49.9,28,1
bonus2,49.9,28.3,1
bonus2,49.9,28.5,1
bonus2,49.9,28.7,1
bonus2,49.9,28.9,1
bonus2,49.9,29.2,2
bonus2,49.9,30.4,1
bonus2,49.9,31,1
bonus2,49.9,31.5,1
bonus2,49.9,31.9,2
bonus2,49.9,32.4,1
bonus2,49.9,32.6,1
bonus2,49.9,33.3,1
bonus2,49.9,33.6,1
bonus2,49.9,33.8,1
bonus2,49.9,34.1,1
bonus2,49.9,34.2,1
bonus2,49.9,34.4,2
bonus2,49.9,35.2,1
bonus2,49.9,35.6,1
bonus2,49.9,36.9,1
bonus2,49.9,37.8,1
bonus2,49.9,39,1
bonus2,49.9,39.3,1
bonus2,49.9,39.6,1
bonus2,49.9,39.7,1
bonus2,49.9,39.9,2
bonus2,49.9,40,1
bonus2,49.9,40.1,2
bonus2,49.9,40.2,1
bonus2,49.9,41,1
bonus2,49.9,41.3,1
bonus2,49.9,41.6,1
bonus2,49.9,41.8,1
bonus2,49.9,42.7,1
bonus2,49.9,42.9,1
bonus2,49.9,43.7,1
bonus2,49.9,43.9,1
bonus2,49.9,44.7,1
bonus2,49.9,44.8,1
bonus2,49.9,44.9,1
bonus2,49.9,45.1,1
bonus2,49.9,45.7,1
bonus2,49.9,45.8,2
bonus2,49.9,46.5,1
bonus2,49.9,46.6,1
bonus2,49.9,47.5,1
bonus2,49.9,48.2,1
bonus2,49.9,48.3,1
bonus2,49.9,48.6,1
bonus2,49.9,48.7,1
bonus2,49.9,49,1
bonus2,49.9,49.6,2
bonus2,49.9,49.8,1
bonus2,49.9,49.9,1
bonus2,49.9,50.6,1
bonus2,49.9,51.1,2
bonus2,49.9,52.2,1
bonus2,49.9,52.4,1
bonus2,49.9,52.6,1
bonus2,49.9,52.7,1
bonus2,49.9,53.4,1
bonus2,49.9,53.7,1
bonus2,49.9,54.6,1
bonus2,49.9,54.8,1
bonus2,49.9,55.2,1
bonus2,49.9,55.9,1
bonus2,49.9,56.1,3
bonus2,49.9,56.6,1
bonus2,49.9,57,1
bonus2,49.9,57.9,1
bonus2,49.9,58.4,1
bonus2,49.9,58.7,2
bonus2,49.9,59.5,1
bonus2,49.9,59.8,1
bonus2,49.9,60,1
bonus2,49.9,60.6,2
bonus2,49.9,61.8,1
bonus2,49.9,62.7,2
bonus2,49.9,63,1
bonus2,49.9,63.4,1
bonus2,49.9,64.5,1
bonus2,49.9,64.9,1
bonus2,49.9,65,1
bonus2,49.9,65.1,1
bonus2,49.9,65.2,1
bonus2,49.9,65.3,1
bonus2,49.9,65.5,1
bonus2,49.9,65.6,2
bonus2,49.9,66,1
bonus2,49.9,66.1,1
bonus2,49.9,67.3,1
bonus2,49.9,67.9,1
bonus2,49.9,68.2,1
bonus2,49.9,69.2,1
bonus2,49.9,69.3,2
bonus2,49.9,70.1,1
bonus2,49.9,70.6,1
bonus2,49.9,71,1
bonus2,49.9,71.5,1
bonus2,49.9,72.1,1
bonus2,49.9,72.3,1
bonus2,49.9,73.8,1
bonus2,49.9,74,1
bonus2,49.9,75.2,1
bonus2,49.9,75.4,1
bonus2,49.9,75.5,1
bonus2,49.9,75.9,1
bonus2,49.9,76,1
bonus2,49.9,76.3,1
bonus2,49.9,76.8,1
bonus2,49.9,77.1,1
bonus2,49.9,77.5,1
bonus2,49.9,77.9,1
bonus2,49.9,78.7,1
bonus2,49.9,78.9,1
bonus2,49.9,79.9,1
bonus2,49.9,80.4,1
bonus2,49.9,80.6,2
bonus2,49.9,80.7,1
bonus2,49.9,81.2,2
bonus2,49.9,81.9,1
bonus2,49.9,83.1,1
bonus2,49.9,84,1
bonus2,49.9,86,1
bonus2,49.9,86.8,1
bonus2,49.9,87.2,1
bonus2,49.9,87.3,1
bonus2,49.9,87.9,1
bonus2,49.9,88,1
bonus2,49.9,88.3,1
bonus2,49.9,88.4,1
bonus2,49.9,89.6,1
bonus2,49.9,89.8,1
bonus2,49.9,90.2,1
bonus2,49.9,91.1,1
bonus2,49.9,91.5,1
bonus2,49.9,92.1,1
bonus2,49.9,92.2,1
bonus2,49.9,92.3,1
bonus2,49.9,92.4,1
bonus2,49.9,92.5,1
bonus2,49.9,93.2,1
bonus2,49.9,93.5,1
bonus2,49.9,93.7,1
bonus2,49.9,93.8,1
bonus2,49.9,93.9,1
bonus2,49.9,94,2
bonus2,49.9,94.3,1
bonus2,49.9,94.5,1
bonus2,49.9,94.7,1
bonus2,49.9,95.1,1
bonus2,49.9,97,1
bonus2,49.9,97.6,1
bonus2,49.9,97.8,1
bonus2,49.9,99,1
bonus2,49.9,99.5,1
bonus2,54.2,0,1
bonus2,54.2,0.1,1
bonus2,54.2,0.4,1
bonus2,54.2,0.7,1
bonus2,54.2,0.8,1
bonus2,54.2,0.9,1
bonus2,54.2,1.2,2
bonus2,54.2,1.4,1
bonus2,54.2,1.5,1
bonus2,54.2,1.7,3
bonus2,54.2,2.2,1
bonus2,54.2,2.6,1
bonus2,54.2,2.8,1
bonus2,54.2,3.1,1
bonus2,54.2,3.3,1
bonus2,54.2,3.4,1
bonus2,54.2,3.6,1
bonus2,54.2,3.7,1
bonus2,54.2,3.8,1
bonus2,54.2,3.9,2
bonus2,54.2,4,3
bonus2,54.2,4.2,2
bonus2,54.2,4.3,1
bonus2,54.2,4.4,1
bonus2,54.2,4.6,1
bonus2,54.2,4.8,1
bonus2,54.2,5.9,1
bonus2,54.2,6.2,1
bonus2,54.2,6.3,1
bonus2,54.2,6.5,1
bonus2,54.2,6.6,1
bonus2,54.2,6.8,1
bonus2,54.2,7.3,2
bonus2,54.2,7.4,1
bonus2,54.2,7.5,1
bonus2,54.2,7.7,1
bonus2,54.2,8.1,1
bonus2,54.2,8.8,1
bonus2,54.2,9,1
bonus2,54.2,9.1,2
bonus2,54.2,9.3,1
bonus2,54.2,10,1
bonus2,54.2,10.4,2
bonus2,54.2,10.7,1
bonus2,54.2,11,1
bonus2,54.2,11.2,1
bonus2,54.2,11.5,1
bonus2,54.2,11.6,1
bonus2,54.2,11.8,3
bonus2,54.2,11.9,1
bonus2,54.2,12.2,1
bonus2,54.2,12.4,1
bonus2,54.2,12.5,1
bonus2,54.2,12.9,1
bonus2,54.2,13,1
bonus2,54.2,13.1,1
bonus2,54.2,13.3,2
bonus2,54.2,13.5,1
bonus2,54.2,14.2,1
bonus2,54.2,14.4,1
bonus2,54.2,14.7,1
bonus2,54.2,14.8,1
bonus2,54.2,15,3
bonus2,54.2,15.3,2
bonus2,54.2,15.4,1
bonus2,54.2,15.5,2
bonus2,54.2,15.7,2
bonus2,54.2,16,2
bonus2,54.2,16.1,1
bonus2,54.2,16.2,1
bonus2,54.2,16.7,3
bonus2,54.2,17,1
bonus2,54.2,17.1,2
bonus2,54.2,17.3,1
bonus2,54.2,17.4,2
bonus2,54.2,17.6,1
bonus2,54.2,17.9,1
bonus2,54.2,18.2,1
bonus2,54.2,19,1
bonus2,54.2,19.1,1
bonus2,54.2,19.4,1
bonus2,54.2,19.8,1
bonus2,54.2,19.9,1
bonus2,54.2,20,2
bonus2,54.2,20.1,1
bonus2,54.2,20.7,1
bonus2,54.2,21.2,2
bonus2,54.2,21.7,1
bonus2,54.2,21.8,1
bonus2,54.2,22,2
bonus2,54.2,22.1,1
bonus2,54.2,22.9,1
bonus2,54.2,23.1,2
bonus2,54.2,23.4,1
bonus2,54.2,23.7,1
bonus2,54.2,24.2,1
bonus2,54.2,24.6,1
bonus2,54.2,24.8,1
bonus2,54.2,24.9,1
bonus2,54.2,25.3,2
bonus2,54.2,25.5,2
bonus2,54.2,26,2
bonus2,54.2,26.1,2
bonus2,54.2,26.3,1
bonus2,54.2,26.7,1
bonus2,54.2,27.2,1
bonus2,54.2,27.3,1
bonus2,54.2,27.4,1
bonus2,54.2,27.5,1
bonus2,54.2,27.6,1
bonus2,54.2,27.7,1
bonus2,54.2,27.8,1
bonus2,54.2,28.1,1
bonus2,54.2,28.4,1
bonus2,54.2,28.8,3
bonus2,54.2,28.9,1
bonus2,54.2,29.1,1
bonus2,54.2,29.4,1
bonus2,54.2,29.5,1
bonus2,54.2,29.6,1
bonus2,54.2,29.9,1
bonus2,54.2,30,1
bonus2,54.2,30.1,1
bonus2,54.2,30.4,1
bonus2,54.2,30.7,2
bonus2,54.2,31.6,1
bonus2,54.2,31.7,1
bonus2,54.2,32,1
bonus2,54.2,32.1,1
bonus2,54.2,32.3,2
bonus2,54.2,32.4,1
bonus2,54.2,32.7,2
bonus2,54.2,32.8,1
bonus2,54.2,33,2
bonus2,54.2,33.2,1
bonus2,54.2,33.6,1
bonus2,54.2,33.7,1
bonus2,54.2,33.9,1
bonus2,54.2,34.2,1
bonus2,54.2,34.3,1
bonus2,54.2,34.6,1
bonus2,54.2,34.9,2
bonus2,54.2,35,1
bonus2,54.2,35.2,1
bonus2,54.2,36,1
bonus2,54.2,36.2,1
bonus2,54.2,36.4,1
bonus2,54.2,36.5,1
bonus2,54.2,37.5,1
bonus2,54.2,37.6,2
bonus2,54.2,38.9,1
bonus2,54.2,39.1,1
bonus2,54.2,39.5,3
bonus2,54.2,39.6,1
bonus2,54.2,39.7,1
bonus2,54.2,40.1,1
bonus2,54.2,40.2,1
bonus2,54.2,40.3,1
bonus2,54.2,40.4,2
bonus2,54.2,40.6,2
bonus2,54.2,41.1,2
bonus2,54.2,41.6,2
bonus2,54.2,41.7,1
bonus2,54.2,41.9,1
bonus2,54.2,42,1
bonus2,54.2,42.2,1
bonus2,54.2,42.3,1
bonus2,54.2,42.4,1
bonus2,54.2,42.5,1
bonus2,54.2,42.8,2
bonus2,54.2,43,1
bonus2,54.2,43.1,1
bonus2,54.2,43.2,2
bonus2,54.2,43.4,1
bonus2,54.2,43.7,2
bonus2,54.2,44.2,1
bonus2,54.2,44.3,1
bonus2,54.2,44.4,1
bonus2,54.2,44.8,1
bonus2,54.2,45,1
bonus2,54.2,45.1,1
bonus2,54.2,45.3,1
bonus2,54.2,45.9,1
bonus2,54.2,46,1
bonus2,54.2,46.8,1
bonus2,54.2,47.1,1
bonus2,54.2,47.3,1
bonus2,54.2,47.6,1
bonus2,54.2,47.7,1
bonus2,54.2,48,1
bonus2,54.2,48.3,1
bonus2,54.2,48.5,1
bonus2,54.2,48.7,1
bonus2,54.2,49.1,1
bonus2,54.2,49.7,1
bonus2,54.2,49.8,1
bonus2,54.2,50,3
bonus2,54.2,50.2,1
bonus2,54.2,50.4,1
bonus2,54.2,50.5,1
bonus2,54.2,50.8,1
bonus2,54.2,50.9,1
bonus2,54.2,51.1,1
bonus2,54.2,51.2,1
bonus2,54.2,51.3,2
bonus2,54.2,51.4,1
bonus2,54.2,51.5,1
bonus2,54.2,51.8,1
bonus2,54.2,52.2,3
bonus2,54.2,52.3,1
bonus2,54.2,52.6,1
bonus2,54.2,52.9,1
bonus2,54.2,53.1,2
bonus2,54.2,53.2,2
bonus2,54.2,53.4,1
bonus2,54.2,53.6,2
bonus2,54.2,53.8,1
bonus2,54.2,54,1
bonus2,54.2,54.3,1
bonus2,54.2,54.4,1
bonus2,54.2,54.7,1
bonus2,54.2,54.8,1
bonus2,54.2,55.2,1
bonus2,54.2,55.3,1
bonus2,54.2,55.4,1
bonus2,54.2,55.8,1
bonus2,54.2,56.3,1
bonus2,54.2,56.8,1
bonus2,54.2,57.1,1
bonus2,54.2,57.2,2
bonus2,54.2,57.5,1
bonus2,54.2,57.6,1
bonus2,54.2,57.7,1
bonus2,54.2,57.9,1
bonus2,54.2,58,1
bonus2,54.2,58.1,1
bonus2,54.2,58.3,1
bonus2,54.2,58.4,1
bonus2,54.2,58.5,1
bonus2,54.2,58.6,1
bonus2,54.2,58.8,3
bonus2,54.2,59.6,1
bonus2,54.2,60.2,1
bonus2,54.2,60.4,1
bonus2,54.2,60.5,2
bonus2,54.2,60.6,1
bonus2,54.2,60.8,1
bonus2,54.2,61.3,1
bonus2,54.2,61.4,2
bonus2,54.2,61.5,1
bonus2,54.2,61.6,1
bonus2,54.2,61.9,1
bonus2,54.2,62.1,2
bonus2,54.2,62.2,2
bonus2,54.2,62.5,1
bonus2,54.2,62.6,2
bonus2,54.2,62.8,1
bonus2,54.2,63,1
bonus2,54.2,63.1,2
bonus2,54.2,63.2,1
bonus2,54.2,63.5,1
bonus2,54.2,63.6,4
bonus2,54.2,63.7,1
bonus2,54.2,63.8,1
bonus2,54.2,63.9,1
bonus2,54.2,64.2,1
bonus2,54.2,64.3,3
bonus2,54.2,64.4,1
bonus2,54.2,64.6,2
bonus2,54.2,65,1
bonus2,54.2,65.1,1
bonus2,54.2,65.2,1
bonus2,54.2,65.4,1
bonus2,54.2,65.5,1
bonus2,54.2,65.8,1
bonus2,54.2,65.9,1
bonus2,54.2,66.3,1
bonus2,54.2,66.4,1
bonus2,54.2,66.6,1
bonus2,54.2,66.9,1
bonus2,54.2,67,2
bonus2,54.2,67.1,1
bonus2,54.2,67.3,1
bonus2,54.2,67.5,1
bonus2,54.2,68.8,1
bonus2,54.2,69,2
bonus2,54.2,69.1,2
bonus2,54.2,69.3,1
bonus2,54.2,69.8,1
bonus2,54.2,69.9,1
bonus2,54.2,70.7,1
bonus2,54.2,71,1
bonus2,54.2,71.1,1
bonus2,54.2,71.6,1
bonus2,54.2,71.8,2
bonus2,54.2,72,1
bonus2,54.2,72.3,1
bonus2,54.2,72.4,1
bonus2,54.2,72.7,1
bonus2,54.2,72.8,1
bonus2,54.2,73,1
bonus2,54.2,73.1,1
bonus2,54.2,73.3,1
bonus2,54.2,73.5,1
bonus2,54.2,73.7,1
bonus2,54.2,73.8,1
bonus2,54.2,74.1,1
bonus2,54.2,74.3,1
bonus2,54.2,75,2
bonus2,54.2,75.3,1
bonus2,54.2,75.8,1
bonus2,54.2,75.9,1
bonus2,54.2,76,1
bonus2,54.2,76.1,3
bonus2,54.2,76.5,1
bonus2,54.2,76.7,1
bonus2,54.2,76.8,2
bonus2,54.2,76.9,2
bonus2,54.2,77,1
bonus2,54.2,77.2,1
bonus2,54.2,77.3,1
bonus2,54.2,77.4,1
bonus2,54.2,78.2,1
bonus2,54.2,78.5,1
bonus2,54.2,78.8,1
bonus2,54.2,79.3,1
bonus2,54.2,79.4,1
bonus2,54.2,79.5,1
bonus2,54.2,79.6,1
bonus2,54.2,79.7,1
bonus2,54.2,80.5,1
bonus2,54.2,80.7,1
bonus2,54.2,80.9,1
bonus2,54.2,81.4,1
bonus2,54.2,81.8,2
bonus2,54.2,82.2,1
bonus2,54.2,82.4,1
bonus2,54.2,82.5,2
bonus2,54.2,82.8,1
bonus2,54.2,83.1,1
bonus2,54.2,83.4,1
bonus2,54.2,83.5,1
bonus2,54.2,83.6,1
bonus2,54.2,84.4,2
bonus2,54.2,84.8,2
bonus2,54.2,86,1
bonus2,54.2,86.1,1
bonus2,54.2,86.2,2
bonus2,54.2,86.8,1
bonus2,54.2,86.9,2
bonus2,54.2,87.6,1
bonus2,54.2,87.9,1
bonus2,54.2,88,1
bonus2,54.2,88.1,2
bonus2,54.2,88.2,1
bonus2,54.2,88.4,1
bonus2,54.2,88.6,1
bonus2,54.2,88.7,1
bonus2,54.2,89.1,1
bonus2,54.2,89.2,1
bonus2,54.2,89.5,1
bonus2,54.2,89.6,2
bonus2,54.2,89.9,1
bonus2,54.2,90.2,1
bonus2,54.2,90.5,1
bonus2,54.2,91.5,1
bonus2,54.2,91.6,1
bonus2,54.2,91.8,1
bonus2,54.2,91.9,1
bonus2,54.2,92.2,1
bonus2,54.2,92.5,1
bonus2,54.2,92.8,1
bonus2,54.2,92.9,1
bonus2,54.2,93.1,1
bonus2,54.2,93.2,1
bonus2,54.2,93.5,1
bonus2,54.2,93.9,1
bonus2,54.2,94.4,2
bonus2,54.2,94.7,1
bonus2,54.2,95.1,1
bonus2,54.2,95.3,1
bonus2,54.2,95.4,1
bonus2,54.2,95.7,1
bonus2,54.2,96.1,1
bonus2,54.2,96.4,1
bonus2,54.2,96.6,2
bonus2,54.2,97.5,1
bonus2,54.2,97.8,1
bonus2,54.2,98.9,2
bonus2,54.2,99.3,1
bonus2,54.2,99.6,1
bonus2,58.4,0,1
bonus2,58.4,0.1,1
bonus2,58.4,2,1
bonus2,58.4,2.3,1
bonus2,58.4,3.2,1
bonus2,58.4,3.3,1
bonus2,58.4,3.5,2
bonus2,58.4,3.6,1
bonus2,58.4,4.6,1
bonus2,58.4,4.7,2
bonus2,58.4,5,1
bonus2,58.4,5.2,1
bonus2,58.4,6.8,1
bonus2,58.4,6.9,1
bonus2,58.4,7.1,1
bonus2,58.4,7.5,1
bonus2,58.4,8.1,1
bonus2,58.4,8.3,1
bonus2,58.4,8.5,1
bonus2,58.4,9.1,1
bonus2,58.4,9.7,1
bonus2,58.4,11.9,1
bonus2,58.4,12,1
bonus2,58.4,12.2,1
bonus2,58.4,13.9,1
bonus2,58.4,14.2,1
bonus2,58.4,15.1,1
bonus2,58.4,15.8,1
bonus2,58.4,16,1
bonus2,58.4,16.4,1
bonus2,58.4,16.7,1
bonus2,58.4,17.4,1
bonus2,58.4,18.5,1
bonus2,58.4,18.8,1
bonus2,58.4,19.3,1
bonus2,58.4,19.5,1
bonus2,58.4,19.9,1
bonus2,58.4,20.5,1
bonus2,58.4,20.6,1
bonus2,58.4,21.7,1
bonus2,58.4,22.4,1
bonus2,58.4,22.7,1
bonus2,58.4,22.8,1
bonus2,58.4,22.9,1
bonus2,58.4,24,1
bonus2,58.4,24.6,1
bonus2,58.4,24.8,1
bonus2,58.4,24.9,1
bonus2,58.4,25,1
bonus2,58.4,25.6,1
bonus2,58.4,26.3,1
bonus2,58.4,27,1
bonus2,58.4,27.2,1
bonus2,58.4,27.8,1
bonus2,58.4,28.5,1
bonus2,58.4,29.2,2
bonus2,58.4,29.7,1
bonus2,58.4,30.4,1
bonus2,58.4,30.5,1
bonus2,58.4,31.1,1
bonus2,58.4,31.9,1
bonus2,58.4,33.5,1
bonus2,58.4,33.9,1
bonus2,58.4,34.7,1
bonus2,58.4,35.6,1
bonus2,58.4,35.9,1
bonus2,58.4,36,2
bonus2,58.4,36.6,1
bonus2,58.4,38.6,1
bonus2,58.4,38.9,2
bonus2,58.4,39.1,1
bonus2,58.4,39.3,1
bonus2,58.4,39.7,1
bonus2,58.4,39.8,1
bonus2,58.4,40,1
bonus2,58.4,40.8,1
bonus2,58.4,41.8,1
bonus2,58.4,42.3,1
bonus2,58.4,42.7,1
bonus2,58.4,43.4,1
bonus2,58.4,43.5,1
bonus2,58.4,43.6,1
bonus2,58.4,43.8,1
bonus2,58.4,44.2,1
bonus2,58.4,44.4,1
bonus2,58.4,44.7,2
bonus2,58.4,44.8,1
bonus2,58.4,45,1
bonus2,58.4,45.9,1
bonus2,58.4,46.4,1
bonus2,58.4,46.5,1
bonus2,58.4,46.8,1
bonus2,58.4,46.9,1
bonus2,58.4,47.1,1
bonus2,58.4,47.4,1
bonus2,58.4,47.5,1
bonus2,58.4,47.6,1
bonus2,58.4,47.8,1
bonus2,58.4,48.3,1
bonus2,58.4,50,1
bonus2,58.4,50.1,1
bonus2,58.4,50.5,1
bonus2,58.4,51.1,1
bonus2,58.4,51.4,2
bonus2,58.4,51.7,1
bonus2,58.4,53.3,1
bonus2,58.4,53.6,1
bonus2,58.4,54.7,1
bonus2,58.4,55.7,1
bonus2,58.4,56.1,1
bonus2,58.4,56.8,1
bonus2,58.4,57,1
bonus2,58.4,57.4,1
bonus2,58.4,57.7,1
bonus2,58.4,57.9,1
bonus2,58.4,59.7,1
bonus2,58.4,60.3,1
bonus2,58.4,60.5,1
bonus2,58.4,60.9,1
bonus2,58.4,61,1
bonus2,58.4,61.1,1
bonus2,58.4,62.3,1
bonus2,58.4,62.9,1
bonus2,58.4,64.4,1
bonus2,58.4,64.5,1
bonus2,58.4,65.3,2
bonus2,58.4,65.4,1
bonus2,58.4,65.6,1
bonus2,58.4,65.7,1
bonus2,58.4,66,1
bonus2,58.4,66.3,1
bonus2,58.4,66.4,1
bonus2,58.4,67.1,1
bonus2,58.4,67.9,1
bonus2,58.4,68.1,1
bonus2,58.4,69.9,1
bonus2,58.4,70,1
bonus2,58.4,70.3,1
bonus2,58.4,70.4,1
bonus2,58.4,70.6,4
bonus2,58.4,71.9,1
bonus2,58.4,72.6,1
bonus2,58.4,73.4,1
bonus2,58.4,73.7,1
bonus2,58.4,74.6,1
bonus2,58.4,75.4,1
bonus2,58.4,77.5,1
bonus2,58.4,77.9,1
bonus2,58.4,78.5,1
bonus2,58.4,78.6,1
bonus2,58.4,78.7,1
bonus2,58.4,81.1,1
bonus2,58.4,81.8,1
bonus2,58.4,82.9,1
bonus2,58.4,83.9,1
bonus2,58.4,84.1,1
bonus2,58.4,84.3,1
bonus2,58.4,85.1,1
bonus2,58.4,85.2,1
bonus2,58.4,85.5,1
bonus2,58.4,86.2,2
bonus2,58.4,86.7,1
bonus2,58.4,87.2,1
bonus2,58.4,88.2,1
bonus2,58.4,88.3,1
bonus2,58.4,88.8,1
bonus2,58.4,89.3,1
bonus2,58.4,91.3,1
bonus2,58.4,91.7,1
bonus2,58.4,91.8,1
bonus2,58.4,92.1,1
bonus2,58.4,93.1,1
bonus2,58.4,94.6,1
bonus2,58.4,94.9,1
bonus2,58.4,95.2,1
bonus2,58.4,95.3,1
bonus2,58.4,95.6,1
bonus2,58.4,95.9,1
bonus2,58.4,98.1,1
bonus2,58.4,99.7,1
bonus2,62.8,0,2
bonus2,62.8,0.2,1
bonus2,62.8,0.3,2
bonus2,62.8,1.2,1
bonus2,62.8,1.3,2
bonus2,62.8,1.4,1
bonus2,62.8,2.1,1
bonus2,62.8,2.2,1
bonus2,62.8,2.4,2
bonus2,62.8,3,1
bonus2,62.8,3.2,1
bonus2,62.8,3.5,1
bonus2,62.8,3.8,2
bonus2,62.8,3.9,1
bonus2,62.8,4,2
bonus2,62.8,4.1,1
bonus2,62.8,4.4,1
bonus2,62.8,4.6,1
bonus2,62.8,4.7,1
bonus2,62.8,4.9,1
bonus2,62.8,5.3,1
bonus2,62.8,5.4,3
bonus2,62.8,5.7,1
bonus2,62.8,5.8,1
bonus2,62.8,6.5,1
bonus2,62.8,6.9,1
bonus2,62.8,7,1
bonus2,62.8,7.1,1
bonus2,62.8,7.3,2
bonus2,62.8,7.4,1
bonus2,62.8,7.6,1
bonus2,62.8,7.8,1
bonus2,62.8,7.9,1
bonus2,62.8,8.1,2
bonus2,62.8,8.6,3
bonus2,62.8,8.7,2
bonus2,62.8,8.8,1
bonus2,62.8,9,1
bonus2,62.8,9.1,2
bonus2,62.8,9.2,1
bonus2,62.8,9.4,2
bonus2,62.8,9.5,1
bonus2,62.8,10.1,2
bonus2,62.8,10.6,2
bonus2,62.8,10.7,1
bonus2,62.8,10.9,2
bonus2,62.8,11,1
bonus2,62.8,11.1,1
bonus2,62.8,11.3,1
bonus2,62.8,11.4,1
bonus2,62.8,11.7,2
bonus2,62.8,12,1
bonus2,62.8,12.1,1
bonus2,62.8,12.3,1
bonus2,62.8,12.8,1
bonus2,62.8,12.9,2
bonus2,62.8,13.4,1
bonus2,62.8,13.5,1
bonus2,62.8,13.6,1
bonus2,62.8,13.9,2
bonus2,62.8,14,1
bonus2,62.8,14.1,1
bonus2,62.8,14.4,1
bonus2,62.8,14.5,1
bonus2,62.8,14.7,1
bonus2,62.8,15.1,1
bonus2,62.8,15.3,2
bonus2,62.8,15.6,1
bonus2,62.8,15.7,1
bonus2,62.8,15.8,1
bonus2,62.8,15.9,1
bonus2,62.8,16.3,1
bonus2,62.8,16.7,2
bonus2,62.8,16.8,1
bonus2,62.8,17,2
bonus2,62.8,17.2,1
bonus2,62.8,17.3,1
bonus2,62.8,17.7,2
bonus2,62.8,17.8,1
bonus2,62.8,18,1
bonus2,62.8,18.1,3
bonus2,62.8,18.5,1
bonus2,62.8,18.9,1
bonus2,62.8,19.1,1
bonus2,62.8,19.4,1
bonus2,62.8,19.5,1
bonus2,62.8,19.8,1
bonus2,62.8,20,1
bonus2,62.8,20.1,1
bonus2,62.8,20.5,1
bonus2,62.8,20.6,1
bonus2,62.8,20.8,1
bonus2,62.8,20.9,2
bonus2,62.8,21.1,1
bonus2,62.8,21.4,1
bonus2,62.8,21.8,1
bonus2,62.8,21.9,1
bonus2,62.8,22.2,1
bonus2,62.8,22.3,1
bonus2,62.8,22.7,1
bonus2,62.8,22.8,1
bonus2,62.8,22.9,1
bonus2,62.8,23.1,1
bonus2,62.8,23.2,1
bonus2,62.8,23.3,2
bonus2,62.8,23.5,1
bonus2,62.8,23.8,2
bonus2,62.8,24,1
bonus2,62.8,24.2,1
bonus2,62.8,24.3,2
bonus2,62.8,24.5,1
bonus2,62.8,24.6,2
bonus2,62.8,24.7,2
bonus2,62.8,24.8,1
bonus2,62.8,25,1
bonus2,62.8,25.1,1
bonus2,62.8,25.2,1
bonus2,62.8,25.3,1
bonus2,62.8,25.5,1
bonus2,62.8,25.7,1
bonus2,62.8,25.9,1
bonus2,62.8,26.6,2
bonus2,62.8,27.1,1
bonus2,62.8,27.5,1
bonus2,62.8,27.7,2
bonus2,62.8,27.8,1
bonus2,62.8,28,2
bonus2,62.8,28.2,1
bonus2,62.8,28.6,1
bonus2,62.8,28.7,1
bonus2,62.8,28.9,1
bonus2,62.8,29,1
bonus2,62.8,29.1,1
bonus2,62.8,29.3,3
bonus2,62.8,30.2,2
bonus2,62.8,30.7,2
bonus2,62.8,30.8,2
bonus2,62.8,30.9,1
bonus2,62.8,31,1
bonus2,62.8,31.2,1
bonus2,62.8,31.4,1
bonus2,62.8,31.5,1
bonus2,62.8,31.6,1
bonus2,62.8,31.8,2
bonus2,62.8,32,1
bonus2,62.8,32.1,1
bonus2,62.8,32.2,2
bonus2,62.8,32.5,1
bonus2,62.8,32.8,1
bonus2,62.8,33,1
bonus2,62.8,33.4,2
bonus2,62.8,33.6,1
bonus2,62.8,33.7,1
bonus2,62.8,33.9,1
bonus2,62.8,34.5,1
bonus2,62.8,34.6,2
bonus2,62.8,34.7,2
bonus2,62.8,34.9,2
bonus2,62.8,35.2,1
bonus2,62.8,35.6,1
bonus2,62.8,35.9,1
bonus2,62.8,36.2,1
bonus2,62.8,36.5,1
bonus2,62.8,37,1
bonus2,62.8,37.2,1
bonus2,62.8,37.4,1
bonus2,62.8,37.5,3
bonus2,62.8,37.7,1
bonus2,62.8,37.9,1
bonus2,62.8,38.3,1
bonus2,62.8,38.5,2
bonus2,62.8,38.8,1
bonus2,62.8,39.3,2
bonus2,62.8,39.4,1
bonus2,62.8,39.8,1
bonus2,62.8,39.9,1
bonus2,62.8,40.2,1
bonus2,62.8,40.3,1
bonus2,62.8,40.7,2
bonus2,62.8,41.1,1
bonus2,62.8,41.8,1
bonus2,62.8,42.1,1
bonus2,62.8,42.2,2
bonus2,62.8,42.3,1
bonus2,62.8,42.5,1
bonus2,62.8,43.3,1
bonus2,62.8,43.4,2
bonus2,62.8,43.5,2
bonus2,62.8,43.7,1
bonus2,62.8,43.8,1
bonus2,62.8,44.1,1
bonus2,62.8,44.5,1
bonus2,62.8,44.6,1
bonus2,62.8,44.9,1
bonus2,62.8,45,1
bonus2,62.8,45.1,1
bonus2,62.8,45.6,1
bonus2,62.8,45.7,1
bonus2,62.8,45.8,1
bonus2,62.8,45.9,1
bonus2,62.8,46,1
bonus2,62.8,46.1,1
bonus2,62.8,46.3,1
bonus2,62.8,46.4,1
bonus2,62.8,46.5,1
bonus2,62.8,46.7,1
bonus2,62.8,46.8,1
bonus2,62.8,47,1
bonus2,62.8,47.2,1
bonus2,62.8,47.7,1
bonus2,62.8,47.8,1
bonus2,62.8,48,2
bonus2,62.8,48.2,1
bonus2,62.8,48.3,1
bonus2,62.8,48.8,2
bonus2,62.8,49.1,1
bonus2,62.8,49.2,1
bonus2,62.8,49.4,1
bonus2,62.8,49.9,3
bonus2,62.8,50,1
bonus2,62.8,50.1,1
bonus2,62.8,50.6,1
bonus2,62.8,50.8,3
bonus2,62.8,51,1
bonus2,62.8,51.1,1
bonus2,62.8,51.2,2
bonus2,62.8,51.3,2
bonus2,62.8,51.4,1
bonus2,62.8,51.5,1
bonus2,62.8,51.6,1
bonus2,62.8,52,2
bonus2,62.8,52.3,1
bonus2,62.8,52.7,1
bonus2,62.8,52.9,1
bonus2,62.8,53,1
bonus2,62.8,53.1,1
bonus2,62.8,53.4,2
bonus2,62.8,53.5,1
bonus2,62.8,53.7,1
bonus2,62.8,53.9,1
bonus2,62.8,54.5,1
bonus2,62.8,54.7,1
bonus2,62.8,54.8,3
bonus2,62.8,55,1
bonus2,62.8,55.3,1
bonus2,62.8,55.5,1
bonus2,62.8,55.7,1
bonus2,62.8,55.9,1
bonus2,62.8,56.3,1
bonus2,62.8,56.6,1
bonus2,62.8,56.8,2
bonus2,62.8,56.9,1
bonus2,62.8,57.1,2
bonus2,62.8,57.2,2
bonus2,62.8,57.4,1
bonus2,62.8,57.5,3
bonus2,62.8,57.6,1
bonus2,62.8,58,1
bonus2,62.8,58.2,1
bonus2,62.8,58.4,2
bonus2,62.8,58.5,1
bonus2,62.8,58.6,1
bonus2,62.8,58.7,1
bonus2,62.8,58.9,1
bonus2,62.8,59.2,1
bonus2,62.8,59.3,1
bonus2,62.8,59.6,2
bonus2,62.8,60.3,1
bonus2,62.8,60.4,1
bonus2,62.8,60.5,1
bonus2,62.8,60.7,1
bonus2,62.8,61.1,1
bonus2,62.8,61.4,1
bonus2,62.8,61.6,1
bonus2,62.8,61.8,1
bonus2,62.8,62,1
bonus2,62.8,62.1,2
bonus2,62.8,62.4,1
bonus2,62.8,62.5,1
bonus2,62.8,62.9,1
bonus2,62.8,63.1,1
bonus2,62.8,63.4,1
bonus2,62.8,63.5,2
bonus2,62.8,63.7,1
bonus2,62.8,64,1
bonus2,62.8,64.2,2
bonus2,62.8,64.8,2
bonus2,62.8,64.9,2
bonus2,62.8,65.1,1
bonus2,62.8,66.2,1
bonus2,62.8,66.5,1
bonus2,62.8,66.6,1
bonus2,62.8,67.1,1
bonus2,62.8,67.2,1
bonus2,62.8,67.4,1
bonus2,62.8,67.5,1
bonus2,62.8,67.6,1
bonus2,62.8,67.7,2
bonus2,62.8,67.8,1
bonus2,62.8,68.5,1
bonus2,62.8,68.7,1
bonus2,62.8,69.1,2
bonus2,62.8,69.3,1
bonus2,62.8,69.4,1
bonus2,62.8,69.5,1
bonus2,62.8,69.7,1
bonus2,62.8,70,2
bonus2,62.8,70.1,1
bonus2,62.8,70.3,1
bonus2,62.8,70.4,2
bonus2,62.8,70.5,1
bonus2,62.8,70.6,1
bonus2,62.8,70.8,2
bonus2,62.8,71.1,2
bonus2,62.8,71.2,2
bonus2,62.8,72,1
bonus2,62.8,72.2,1
bonus2,62.8,72.4,1
bonus2,62.8,72.6,2
bonus2,62.8,72.7,1
bonus2,62.8,72.8,1
bonus2,62.8,73.5,1
bonus2,62.8,74.6,1
bonus2,62.8,74.8,2
bonus2,62.8,74.9,1
bonus2,62.8,75.4,3
bonus2,62.8,75.5,1
bonus2,62.8,75.6,1
bonus2,62.8,75.7,1
bonus2,62.8,75.8,1
bonus2,62.8,75.9,1
bonus2,62.8,76.1,1
bonus2,62.8,76.9,1
bonus2,62.8,77.2,3
bonus2,62.8,77.7,1
bonus2,62.8,77.8,1
bonus2,62.8,77.9,2
bonus2,62.8,78.2,1
bonus2,62.8,78.3,2
bonus2,62.8,78.5,1
bonus2,62.8,78.7,1
bonus2,62.8,79.6,1
bonus2,62.8,80.1,1
bonus2,62.8,80.4,2
bonus2,62.8,80.6,2
bonus2,62.8,80.8,1
bonus2,62.8,80.9,1
bonus2,62.8,81.1,1
bonus2,62.8,81.2,1
bonus2,62.8,81.3,1
bonus2,62.8,81.5,1
bonus2,62.8,81.6,1
bonus2,62.8,82.4,1
bonus2,62.8,82.7,1
bonus2,62.8,83.3,1
bonus2,62.8,83.7,1
bonus2,62.8,83.8,1
bonus2,62.8,84.2,1
bonus2,62.8,84.7,1
bonus2,62.8,85,2
bonus2,62.8,85.5,2
bonus2,62.8,85.6,1
bonus2,62.8,85.9,1
bonus2,62.8,86,1
bonus2,62.8,86.3,1
bonus2,62.8,86.4,1
bonus2,62.8,86.5,2
bonus2,62.8,86.6,1
bonus2,62.8,86.7,1
bonus2,62.8,86.9,1
bonus2,62.8,87.8,1
bonus2,62.8,87.9,1
bonus2,62.8,88,2
bonus2,62.8,88.6,1
bonus2,62.8,88.7,1
bonus2,62.8,89,1
bonus2,62.8,89.2,1
bonus2,62.8,89.4,1
bonus2,62.8,89.6,2
bonus2,62.8,89.8,1
bonus2,62.8,90.1,2
bonus2,62.8,90.3,3
bonus2,62.8,90.6,2
bonus2,62.8,91,1
bonus2,62.8,91.1,2
bonus2,62.8,91.2,1
bonus2,62.8,91.6,1
bonus2,62.8,91.7,1
bonus2,62.8,92,3
bonus2,62.8,92.7,1
bonus2,62.8,92.9,1
bonus2,62.8,93.3,1
bonus2,62.8,93.4,3
bonus2,62.8,94.2,1
bonus2,62.8,94.3,1
bonus2,62.8,94.4,1
bonus2,62.8,94.7,2
bonus2,62.8,94.8,1
bonus2,62.8,95,1
bonus2,62.8,95.4,2
bonus2,62.8,95.9,1
bonus2,62.8,96,1
bonus2,62.8,96.1,1
bonus2,62.8,96.2,1
bonus2,62.8,96.3,1
bonus2,62.8,96.5,1
bonus2,62.8,96.9,1
bonus2,62.8,97.5,1
bonus2,62.8,97.8,1
bonus2,62.8,98.3,1
bonus2,62.8,98.9,1
bonus2,62.8,99,1
bonus2,62.8,99.3,2
bonus2,62.8,99.8,2
bonus2,62.8,99.9,1
bonus2,66.9,0.1,1
bonus2,66.9,0.2,1
bonus2,66.9,0.5,1
bonus2,66.9,0.6,1
bonus2,66.9,1.6,1
bonus2,66.9,2.8,1
bonus2,66.9,3.7,1
bonus2,66.9,4.3,1
bonus2,66.9,7,1
bonus2,66.9,7.2,1
bonus2,66.9,7.3,1
bonus2,66.9,8.5,1
bonus2,66.9,8.8,1
bonus2,66.9,9.2,1
bonus2,66.9,9.4,1
bonus2,66.9,10.5,1
bonus2,66.9,10.7,1
bonus2,66.9,12.7,1
bonus2,66.9,15.7,2
bonus2,66.9,16.3,1
bonus2,66.9,17.3,1
bonus2,66.9,18.6,1
bonus2,66.9,18.8,1
bonus2,66.9,19.6,1
bonus2,66.9,20,1
bonus2,66.9,20.2,1
bonus2,66.9,22.3,1
bonus2,66.9,23.4,1
bonus2,66.9,23.5,1
bonus2,66.9,23.9,1
bonus2,66.9,24.4,1
bonus2,66.9,26.4,1
bonus2,66.9,26.9,2
bonus2,66.9,27.1,1
bonus2,66.9,27.9,1
bonus2,66.9,28.6,1
bonus2,66.9,29.1,1
bonus2,66.9,29.2,1
bonus2,66.9,30.1,1
bonus2,66.9,30.6,2
bonus2,66.9,30.7,1
bonus2,66.9,30.9,1
bonus2,66.9,31.9,1
bonus2,66.9,32.8,1
bonus2,66.9,33.8,1
bonus2,66.9,34.3,1
bonus2,66.9,34.6,1
bonus2,66.9,34.7,1
bonus2,66.9,35.1,1
bonus2,66.9,35.5,1
bonus2,66.9,37,1
bonus2,66.9,37.7,1
bonus2,66.9,37.9,1
bonus2,66.9,38.8,1
bonus2,66.9,40.6,1
bonus2,66.9,40.7,1
bonus2,66.9,41,2
bonus2,66.9,41.6,1
bonus2,66.9,42.3,2
bonus2,66.9,43.1,1
bonus2,66.9,44,1
bonus2,66.9,45.2,1
bonus2,66.9,45.3,1
bonus2,66.9,45.4,1
bonus2,66.9,46.1,1
bonus2,66.9,46.6,1
bonus2,66.9,46.9,1
bonus2,66.9,47,1
bonus2,66.9,47.5,1
bonus2,66.9,47.7,1
bonus2,66.9,48.2,1
bonus2,66.9,48.5,1
bonus2,66.9,49.6,1
bonus2,66.9,52,1
bonus2,66.9,52.1,1
bonus2,66.9,52.2,1
bonus2,66.9,52.3,1
bonus2,66.9,53.6,1
bonus2,66.9,54.8,1
bonus2,66.9,55.2,1
bonus2,66.9,55.8,1
bonus2,66.9,55.9,2
bonus2,66.9,56.9,1
bonus2,66.9,57.4,1
bonus2,66.9,57.6,1
bonus2,66.9,59.2,1
bonus2,66.9,59.7,1
bonus2,66.9,60.1,1
bonus2,66.9,60.2,1
bonus2,66.9,60.7,1
bonus2,66.9,61.2,1
bonus2,66.9,62.1,1
bonus2,66.9,63,1
bonus2,66.9,63.6,1
bonus2,66.9,65.2,1
bonus2,66.9,65.4,1
bonus2,66.9,65.7,2
bonus2,66.9,65.9,1
bonus2,66.9,66.2,1
bonus2,66.9,66.7,1
bonus2,66.9,67.1,1
bonus2,66.9,69.5,1
bonus2,66.9,69.7,2
bonus2,66.9,70.1,1
bonus2,66.9,71,1
bonus2,66.9,71.4,1
bonus2,66.9,71.8,1
bonus2,66.9,72.3,1
bonus2,66.9,73.1,1
bonus2,66.9,73.2,1
bonus2,66.9,74.1,1
bonus2,66.9,75.1,1
bonus2,66.9,76.1,1
bonus2,66.9,76.4,1
bonus2,66.9,76.5,1
bonus2,66.9,77,1
bonus2,66.9,77.4,1
bonus2,66.9,77.8,2
bonus2,66.9,79,1
bonus2,66.9,79.1,1
bonus2,66.9,79.4,1
bonus2,66.9,79.6,1
bonus2,66.9,79.8,1
bonus2,66.9,81.2,1
bonus2,66.9,81.7,1
bonus2,66.9,82.4,1
bonus2,66.9,83.8,1
bonus2,66.9,84.4,1
bonus2,66.9,84.6,1
bonus2,66.9,86.1,1
bonus2,66.9,86.5,2
bonus2,66.9,87.5,1
bonus2,66.9,87.7,1
bonus2,66.9,88.1,1
bonus2,66.9,89.4,1
bonus2,66.9,91.5,1
bonus2,66.9,92.5,1
bonus2,66.9,93.1,1
bonus2,66.9,94,1
bonus2,66.9,95.9,1
bonus2,66.9,96,1
bonus2,66.9,97.7,1
bonus2,66.9,97.8,1
bonus2,66.9,98.3,1
bonus2,66.9,98.5,1
bonus2,66.9,99.4,1
bonus2,70.6,0.3,1
bonus2,70.6,0.7,1
bonus2,70.6,0.8,1
bonus2,70.6,1,1
bonus2,70.6,1.6,1
bonus2,70.6,1.9,2
bonus2,70.6,2.5,2
bonus2,70.6,3,1
bonus2,70.6,3.1,1
bonus2,70.6,3.3,1
bonus2,70.6,3.5,1
bonus2,70.6,3.9,1
bonus2,70.6,4.4,1
bonus2,70.6,4.6,2
bonus2,70.6,4.7,1
bonus2,70.6,5.3,1
bonus2,70.6,5.6,1
bonus2,70.6,5.8,1
bonus2,70.6,6,3
bonus2,70.6,6.3,1
bonus2,70.6,6.4,1
bonus2,70.6,6.5,1
bonus2,70.6,6.7,2
bonus2,70.6,6.8,1
bonus2,70.6,7.2,1
bonus2,70.6,7.5,1
bonus2,70.6,7.6,2
bonus2,70.6,7.7,1
bonus2,70.6,8,1
bonus2,70.6,8.2,1
bonus2,70.6,8.3,1
bonus2,70.6,8.5,1
bonus2,70.6,8.9,1
bonus2,70.6,9.4,1
bonus2,70.6,9.5,1
bonus2,70.6,9.8,2
bonus2,70.6,10,1
bonus2,70.6,10.8,1
bonus2,70.6,11,2
bonus2,70.6,11.4,1
bonus2,70.6,11.5,2
bonus2,70.6,11.6,1
bonus2,70.6,12,1
bonus2,70.6,12.1,1
bonus2,70.6,12.7,1
bonus2,70.6,13,1
bonus2,70.6,13.4,1
bonus2,70.6,13.8,1
bonus2,70.6,13.9,1
bonus2,70.6,14,1
bonus2,70.6,14.1,3
bonus2,70.6,14.2,2
bonus2,70.6,14.5,1
bonus2,70.6,15.2,1
bonus2,70.6,15.3,1
bonus2,70.6,15.4,2
bonus2,70.6,15.5,1
bonus2,70.6,15.9,1
bonus2,70.6,16.5,2
bonus2,70.6,16.7,1
bonus2,70.6,16.8,1
bonus2,70.6,17,1
bonus2,70.6,17.2,1
bonus2,70.6,17.3,1
bonus2,70.6,17.5,2
bonus2,70.6,17.6,1
bonus2,70.6,17.8,1
bonus2,70.6,18.2,1
bonus2,70.6,18.4,1
bonus2,70.6,18.5,1
bonus2,70.6,18.8,2
bonus2,70.6,18.9,1
bonus2,70.6,19.7,1
bonus2,70.6,19.9,1
bonus2,70.6,20.4,2
bonus2,70.6,20.5,1
bonus2,70.6,20.6,1
bonus2,70.6,21,1
bonus2,70.6,21.2,2
bonus2,70.6,21.6,1
bonus2,70.6,21.8,1
bonus2,70.6,22,1
bonus2,70.6,22.5,3
bonus2,70.6,22.6,2
bonus2,70.6,23,1
bonus2,70.6,23.2,2
bonus2,70.6,23.5,1
bonus2,70.6,23.8,1
bonus2,70.6,23.9,1
bonus2,70.6,24.2,1
bonus2,70.6,24.5,1
bonus2,70.6,24.7,1
bonus2,70.6,25,1
bonus2,70.6,25.6,3
bonus2,70.6,25.7,2
bonus2,70.6,26,1
bonus2,70.6,26.4,1
bonus2,70.6,26.6,1
bonus2,70.6,27,1
bonus2,70.6,27.2,1
bonus2,70.6,27.6,1
bonus2,70.6,27.8,1
bonus2,70.6,27.9,2
bonus2,70.6,28,1
bonus2,70.6,28.6,2
bonus2,70.6,28.7,1
bonus2,70.6,28.9,1
bonus2,70.6,29.5,1
bonus2,70.6,29.6,1
bonus2,70.6,29.9,1
bonus2,70.6,30.1,1
bonus2,70.6,30.4,1
bonus2,70.6,30.9,1
bonus2,70.6,31.1,3
bonus2,70.6,31.9,1
bonus2,70.6,32.1,1
bonus2,70.6,32.3,1
bonus2,70.6,32.6,2
bonus2,70.6,32.7,2
bonus2,70.6,32.9,1
bonus2,70.6,33.1,1
bonus2,70.6,33.2,1
bonus2,70.6,33.3,2
bonus2,70.6,33.5,2
bonus2,70.6,33.6,1
bonus2,70.6,33.9,1
bonus2,70.6,34,1
bonus2,70.6,34.1,1
bonus2,70.6,34.3,1
bonus2,70.6,35.1,1
bonus2,70.6,35.2,1
bonus2,70.6,35.3,1
bonus2,70.6,36.2,1
bonus2,70.6,36.3,1
bonus2,70.6,36.4,2
bonus2,70.6,37.1,2
bonus2,70.6,37.2,1
bonus2,70.6,37.3,1
bonus2,70.6,37.8,1
bonus2,70.6,38.1,2
bonus2,70.6,38.3,1
bonus2,70.6,38.8,1
bonus2,70.6,38.9,1
bonus2,70.6,39,1
bonus2,70.6,39.1,1
bonus2,70.6,39.2,1
bonus2,70.6,39.5,1
bonus2,70.6,39.6,1
bonus2,70.6,39.9,1
bonus2,70.6,40,1
bonus2,70.6,40.9,1
bonus2,70.6,41.2,1
bonus2,70.6,41.4,1
bonus2,70.6,41.5,1
bonus2,70.6,42,1
bonus2,70.6,42.8,1
bonus2,70.6,43.1,1
bonus2,70.6,43.3,2
bonus2,70.6,43.4,1
bonus2,70.6,43.5,1
bonus2,70.6,43.6,1
bonus2,70.6,43.9,1
bonus2,70.6,44,2
bonus2,70.6,44.4,1
bonus2,70.6,44.8,2
bonus2,70.6,45,1
bonus2,70.6,45.6,1
bonus2,70.6,45.7,1
bonus2,70.6,45.9,2
bonus2,70.6,46,1
bonus2,70.6,46.6,1
bonus2,70.6,46.7,1
bonus2,70.6,46.8,2
bonus2,70.6,46.9,1
bonus2,70.6,47,1
bonus2,70.6,47.9,2
bonus2,70.6,48.1,1
bonus2,70.6,48.3,1
bonus2,70.6,49,1
bonus2,70.6,49.2,1
bonus2,70.6,49.4,1
bonus2,70.6,49.7,2
bonus2,70.6,50.4,1
bonus2,70.6,51.8,3
bonus2,70.6,52,1
bonus2,70.6,52.1,2
bonus2,70.6,52.3,1
bonus2,70.6,52.7,2
bonus2,70.6,52.8,1
bonus2,70.6,52.9,1
bonus2,70.6,53.1,1
bonus2,70.6,53.3,1
bonus2,70.6,53.4,2
bonus2,70.6,53.6,1
bonus2,70.6,54.6,1
bonus2,70.6,55,1
bonus2,70.6,55.1,1
bonus2,70.6,55.4,1
bonus2,70.6,55.6,1
bonus2,70.6,55.7,2
bonus2,70.6,56.2,1
bonus2,70.6,56.3,1
bonus2,70.6,56.4,1
bonus2,70.6,58,1
bonus2,70.6,58.1,3
bonus2,70.6,58.2,2
bonus2,70.6,58.9,1
bonus2,70.6,59.3,1
bonus2,70.6,59.9,1
bonus2,70.6,60.1,1
bonus2,70.6,60.4,2
bonus2,70.6,60.6,1
bonus2,70.6,60.7,1
bonus2,70.6,61.2,1
bonus2,70.6,61.4,2
bonus2,70.6,61.7,1
bonus2,70.6,61.8,2
bonus2,70.6,62,1
bonus2,70.6,62.4,1
bonus2,70.6,62.5,2
bonus2,70.6,62.8,1
bonus2,70.6,62.9,1
bonus2,70.6,63.2,1
bonus2,70.6,63.3,1
bonus2,70.6,63.4,1
bonus2,70.6,63.7,1
bonus2,70.6,64,1
bonus2,70.6,64.3,2
bonus2,70.6,64.4,1
bonus2,70.6,64.5,1
bonus2,70.6,64.9,1
bonus2,70.6,65.5,1
bonus2,70.6,65.7,1
bonus2,70.6,65.8,1
bonus2,70.6,65.9,3
bonus2,70.6,66.2,1
bonus2,70.6,66.5,1
bonus2,70.6,66.6,2
bonus2,70.6,66.7,1
bonus2,70.6,66.8,2
bonus2,70.6,67.3,2
bonus2,70.6,67.5,1
bonus2,70.6,67.7,1
bonus2,70.6,68,1
bonus2,70.6,68.1,1
bonus2,70.6,68.5,1
bonus2,70.6,68.7,2
bonus2,70.6,69.4,1
bonus2,70.6,69.8,1
bonus2,70.6,70.2,1
bonus2,70.6,70.3,1
bonus2,70.6,70.5,1
bonus2,70.6,70.8,1
bonus2,70.6,70.9,1
bonus2,70.6,71,1
bonus2,70.6,71.7,1
bonus2,70.6,71.8,2
bonus2,70.6,72.2,1
bonus2,70.6,72.5,1
bonus2,70.6,72.6,2
bonus2,70.6,72.8,1
bonus2,70.6,72.9,1
bonus2,70.6,73,1
bonus2,70.6,73.4,1
bonus2,70.6,74.4,1
bonus2,70.6,74.5,1
bonus2,70.6,74.6,1
bonus2,70.6,75.3,1
bonus2,70.6,75.8,2
bonus2,70.6,76,1
bonus2,70.6,76.1,1
bonus2,70.6,76.9,1
bonus2,70.6,77,1
bonus2,70.6,77.5,2
bonus2,70.6,77.7,1
bonus2,70.6,78,1
bonus2,70.6,78.1,1
bonus2,70.6,78.3,1
bonus2,70.6,78.5,1
bonus2,70.6,78.6,1
bonus2,70.6,78.8,1
bonus2,70.6,78.9,1
bonus2,70.6,79,1
bonus2,70.6,79.1,1
bonus2,70.6,79.2,1
bonus2,70.6,79.3,1
bonus2,70.6,79.4,2
bonus2,70.6,79.9,2
bonus2,70.6,80.1,1
bonus2,70.6,80.5,2
bonus2,70.6,80.9,1
bonus2,70.6,81,2
bonus2,70.6,81.3,1
bonus2,70.6,81.7,1
bonus2,70.6,81.9,1
bonus2,70.6,82,1
bonus2,70.6,82.1,2
bonus2,70.6,82.3,1
bonus2,70.6,82.4,1
bonus2,70.6,82.5,2
bonus2,70.6,82.6,2
bonus2,70.6,82.8,2
bonus2,70.6,82.9,1
bonus2,70.6,83.1,1
bonus2,70.6,83.3,1
bonus2,70.6,83.4,1
bonus2,70.6,83.5,2
bonus2,70.6,85,1
bonus2,70.6,85.2,1
bonus2,70.6,85.3,1
bonus2,70.6,85.4,1
bonus2,70.6,85.6,2
bonus2,70.6,85.8,1
bonus2,70.6,86.1,1
bonus2,70.6,86.7,1
bonus2,70.6,86.8,1
bonus2,70.6,87,1
bonus2,70.6,87.1,1
bonus2,70.6,87.3,2
bonus2,70.6,87.5,1
bonus2,70.6,88.1,1
bonus2,70.6,88.5,1
bonus2,70.6,89.1,1
bonus2,70.6,89.4,2
bonus2,70.6,90.2,1
bonus2,70.6,90.5,1
bonus2,70.6,90.6,2
bonus2,70.6,90.9,3
bonus2,70.6,91.3,1
bonus2,70.6,91.6,2
bonus2,70.6,91.7,1
bonus2,70.6,91.8,1
bonus2,70.6,91.9,1
bonus2,70.6,92.3,1
bonus2,70.6,92.6,1
bonus2,70.6,93,2
bonus2,70.6,93.2,2
bonus2,70.6,93.5,1
bonus2,70.6,93.6,1
bonus2,70.6,94.4,2
bonus2,70.6,94.5,1
bonus2,70.6,94.7,1
bonus2,70.6,95,1
bonus2,70.6,95.1,2
bonus2,70.6,95.5,1
bonus2,70.6,95.7,1
bonus2,70.6,96.4,1
bonus2,70.6,96.5,2
bonus2,70.6,96.9,1
bonus2,70.6,97.3,1
bonus2,70.6,97.7,1
bonus2,70.6,97.8,1
bonus2,70.6,98.1,1
bonus2,70.6,98.2,1
bonus2,70.6,98.5,1
bonus2,70.6,99.9,1
bonus2,74,1.4,1
bonus2,74,3,1
bonus2,74,4.7,1
bonus2,74,4.9,1
bonus2,74,5.2,1
bonus2,74,5.7,1
bonus2,74,6.5,1
bonus2,74,8.8,1
bonus2,74,9.8,1
bonus2,74,11.1,1
bonus2,74,11.3,1
bonus2,74,11.9,1
bonus2,74,14.6,2
bonus2,74,17.1,1
bonus2,74,17.9,1
bonus2,74,20.1,1
bonus2,74,21.4,1
bonus2,74,23.7,1
bonus2,74,25.1,1
bonus2,74,26.4,1
bonus2,74,26.6,1
bonus2,74,28.4,2
bonus2,74,28.5,1
bonus2,74,29.5,1
bonus2,74,30.5,1
bonus2,74,30.8,1
bonus2,74,30.9,1
bonus2,74,31.7,1
bonus2,74,32.1,1
bonus2,74,32.3,1
bonus2,74,32.9,1
bonus2,74,33.4,1
bonus2,74,34.4,1
bonus2,74,36.2,1
bonus2,74,36.7,1
bonus2,74,38,1
bonus2,74,42.8,2
bonus2,74,42.9,1
bonus2,74,43.3,1
bonus2,74,44.7,1
bonus2,74,45.1,1
bonus2,74,45.9,1
bonus2,74,49.7,1
bonus2,74,50.4,1
bonus2,74,50.7,1
bonus2,74,52.4,1
bonus2,74,52.6,1
bonus2,74,52.9,1
bonus2,74,53.1,1
bonus2,74,53.7,1
bonus2,74,54,2
bonus2,74,54.8,1
bonus2,74,55.2,1
bonus2,74,55.8,1
bonus2,74,56.5,1
bonus2,74,57.4,1
bonus2,74,58.2,1
bonus2,74,60.6,1
bonus2,74,63.1,1
bonus2,74,65.6,1
bonus2,74,68.3,1
bonus2,74,68.4,2
bonus2,74,68.5,1
bonus2,74,68.9,1
bonus2,74,69.7,1
bonus2,74,70.2,1
bonus2,74,72.7,1
bonus2,74,73,1
bonus2,74,73.6,1
bonus2,74,74.5,2
bonus2,74,75.6,1
bonus2,74,76.7,1
bonus2,74,77.1,1
bonus2,74,77.5,1
bonus2,74,77.7,1
bonus2,74,78.9,1
bonus2,74,79.1,1
bonus2,74,79.3,1
bonus2,74,79.6,1
bonus2,74,79.9,1
bonus2,74,80,1
bonus2,74,80.3,1
bonus2,74,80.7,1
bonus2,74,81.5,1
bonus2,74,82.1,1
bonus2,74,83.2,1
bonus2,74,84.6,1
bonus2,74,85,1
bonus2,74,87.7,1
bonus2,74,87.9,1
bonus2,74,90.9,1
bonus2,74,92.6,1
bonus2,74,93.2,1
bonus2,74,94.3,1
bonus2,74,95.6,1
bonus2,74,95.9,1
bonus2,74,96.1,1
bonus2,74,97.1,1
bonus2,74,97.9,1
bonus2,74,99.4,1
bonus2,77.4,0,1
bonus2,77.4,0.1,3
bonus2,77.4,0.3,1
bonus2,77.4,0.5,1
bonus2,77.4,0.8,2
bonus2,77.4,1,1
bonus2,77.4,1.1,1
bonus2,77.4,1.3,1
bonus2,77.4,1.5,2
bonus2,77.4,1.6,1
bonus2,77.4,1.9,1
bonus2,77.4,2.1,1
bonus2,77.4,2.2,1
bonus2,77.4,2.7,2
bonus2,77.4,3,1
bonus2,77.4,3.1,1
bonus2,77.4,3.8,1
bonus2,77.4,3.9,1
bonus2,77.4,4.2,1
bonus2,77.4,4.6,1
bonus2,77.4,5,3
bonus2,77.4,5.2,2
bonus2,77.4,5.3,1
bonus2,77.4,5.4,1
bonus2,77.4,5.6,2
bonus2,77.4,6.1,2
bonus2,77.4,6.2,1
bonus2,77.4,6.4,3
bonus2,77.4,6.6,1
bonus2,77.4,6.9,1
bonus2,77.4,7.5,1
bonus2,77.4,7.8,2
bonus2,77.4,7.9,1
bonus2,77.4,8.6,1
bonus2,77.4,8.9,2
bonus2,77.4,10.1,1
bonus2,77.4,10.3,2
bonus2,77.4,10.6,1
bonus2,77.4,10.7,1
bonus2,77.4,11.2,1
bonus2,77.4,11.4,2
bonus2,77.4,11.5,1
bonus2,77.4,11.6,1
bonus2,77.4,11.7,1
bonus2,77.4,11.9,1
bonus2,77.4,12.1,1
bonus2,77.4,12.8,1
bonus2,77.4,13.1,1
bonus2,77.4,13.2,1
bonus2,77.4,13.8,2
bonus2,77.4,13.9,1
bonus2,77.4,14.1,2
bonus2,77.4,14.4,1
bonus2,77.4,14.7,1
bonus2,77.4,14.8,1
bonus2,77.4,14.9,1
bonus2,77.4,15,1
bonus2,77.4,15.4,1
bonus2,77.4,15.5,1
bonus2,77.4,16.1,1
bonus2,77.4,16.2,1
bonus2,77.4,16.4,1
bonus2,77.4,16.7,1
bonus2,77.4,16.8,1
bonus2,77.4,17.1,1
bonus2,77.4,17.2,1
bonus2,77.4,17.5,2
bonus2,77.4,17.7,1
bonus2,77.4,18.1,1
bonus2,77.4,18.5,1
bonus2,77.4,18.7,1
bonus2,77.4,18.9,1
bonus2,77.4,19,1
bonus2,77.4,19.7,1
bonus2,77.4,20.1,1
bonus2,77.4,20.8,2
bonus2,77.4,21,1
bonus2,77.4,21.2,2
bonus2,77.4,21.6,1
bonus2,77.4,21.7,1
bonus2,77.4,21.9,1
bonus2,77.4,22.3,1
bonus2,77.4,22.4,2
bonus2,77.4,23.2,1
bonus2,77.4,23.3,2
bonus2,77.4,23.4,2
bonus2,77.4,23.9,1
bonus2,77.4,24,2
bonus2,77.4,24.1,2
bonus2,77.4,24.2,1
bonus2,77.4,24.3,1
bonus2,77.4,24.5,1
bonus2,77.4,25.1,1
bonus2,77.4,25.4,1
bonus2,77.4,25.9,1
bonus2,77.4,26.2,1
bonus2,77.4,26.7,1
bonus2,77.4,26.8,1
bonus2,77.4,27.1,1
bonus2,77.4,27.2,1
bonus2,77.4,27.3,1
bonus2,77.4,27.4,2
bonus2,77.4,27.5,1
bonus2,77.4,27.7,1
bonus2,77.4,27.8,1
bonus2,77.4,27.9,2
bonus2,77.4,28.1,1
bonus2,77.4,28.3,2
bonus2,77.4,28.4,1
bonus2,77.4,28.6,1
bonus2,77.4,28.8,2
bonus2,77.4,28.9,1
bonus2,77.4,29,3
bonus2,77.4,29.3,1
bonus2,77.4,29.7,1
bonus2,77.4,29.9,1
bonus2,77.4,30,1
bonus2,77.4,30.6,1
bonus2,77.4,31.3,2
bonus2,77.4,31.8,1
bonus2,77.4,32.3,1
bonus2,77.4,32.4,1
bonus2,77.4,33.1,1
bonus2,77.4,33.2,1
bonus2,77.4,33.4,1
bonus2,77.4,33.5,1
bonus2,77.4,33.6,1
bonus2,77.4,33.8,1
bonus2,77.4,33.9,1
bonus2,77.4,34,2
bonus2,77.4,34.1,1
bonus2,77.4,34.3,1
bonus2,77.4,34.5,2
bonus2,77.4,35.2,1
bonus2,77.4,36.1,2
bonus2,77.4,36.3,1
bonus2,77.4,36.5,1
bonus2,77.4,36.7,1
bonus2,77.4,36.8,1
bonus2,77.4,36.9,1
bonus2,77.4,37.2,1
bonus2,77.4,37.7,2
bonus2,77.4,37.8,1
bonus2,77.4,38.6,1
bonus2,77.4,38.8,1
bonus2,77.4,39,1
bonus2,77.4,39.1,1
bonus2,77.4,39.4,1
bonus2,77.4,39.7,1
bonus2,77.4,39.9,1
bonus2,77.4,40,1
bonus2,77.4,40.1,1
bonus2,77.4,40.4,1
bonus2,77.4,40.8,2
bonus2,77.4,41.6,1
bonus2,77.4,41.9,1
bonus2,77.4,42.3,1
bonus2,77.4,42.5,1
bonus2,77.4,42.6,1
bonus2,77.4,42.7,1
bonus2,77.4,43.1,2
bonus2,77.4,43.2,1
bonus2,77.4,43.4,1
bonus2,77.4,44,1
bonus2,77.4,44.1,1
bonus2,77.4,44.3,1
bonus2,77.4,44.4,1
bonus2,77.4,44.5,1
bonus2,77.4,44.7,1
bonus2,77.4,44.8,1
bonus2,77.4,45.1,1
bonus2,77.4,45.4,1
bonus2,77.4,45.5,1
bonus2,77.4,46.2,2
bonus2,77.4,46.3,1
bonus2,77.4,46.4,1
bonus2,77.4,46.5,1
bonus2,77.4,46.7,1
bonus2,77.4,47,1
bonus2,77.4,47.1,1
bonus2,77.4,47.3,1
bonus2,77.4,47.7,1
bonus2,77.4,47.9,1
bonus2,77.4,48.1,2
bonus2,77.4,48.4,2
bonus2,77.4,48.6,1
bonus2,77.4,49,2
bonus2,77.4,49.4,1
bonus2,77.4,49.6,1
bonus2,77.4,49.8,1
bonus2,77.4,49.9,1
bonus2,77.4,50.2,1
bonus2,77.4,50.3,2
bonus2,77.4,50.5,2
bonus2,77.4,50.7,2
bonus2,77.4,50.9,1
bonus2,77.4,51.4,1
bonus2,77.4,51.9,1
bonus2,77.4,52,2
bonus2,77.4,52.1,1
bonus2,77.4,52.4,1
bonus2,77.4,52.5,1
bonus2,77.4,52.7,1
bonus2,77.4,52.9,1
bonus2,77.4,53.3,1
bonus2,77.4,53.4,1
bonus2,77.4,53.5,1
bonus2,77.4,54,2
bonus2,77.4,54.1,1
bonus2,77.4,54.2,1
bonus2,77.4,54.4,1
bonus2,77.4,54.5,2
bonus2,77.4,54.7,1
bonus2,77.4,54.9,1
bonus2,77.4,55,1
bonus2,77.4,55.3,1
bonus2,77.4,55.4,2
bonus2,77.4,55.6,1
bonus2,77.4,56.2,1
bonus2,77.4,56.3,1
bonus2,77.4,56.4,1
bonus2,77.4,56.6,1
bonus2,77.4,56.9,1
bonus2,77.4,57,2
bonus2,77.4,57.4,1
bonus2,77.4,57.6,1
bonus2,77.4,57.8,1
bonus2,77.4,58.1,1
bonus2,77.4,58.2,1
bonus2,77.4,58.4,1
bonus2,77.4,58.6,1
bonus2,77.4,59.3,1
bonus2,77.4,60.3,1
bonus2,77.4,60.7,1
bonus2,77.4,61.2,1
bonus2,77.4,61.5,2
bonus2,77.4,61.6,1
bonus2,77.4,61.7,1
bonus2,77.4,62.1,1
bonus2,77.4,62.4,1
bonus2,77.4,62.6,1
bonus2,77.4,62.8,1
bonus2,77.4,63.1,1
bonus2,77.4,63.2,1
bonus2,77.4,64.3,1
bonus2,77.4,65.3,1
bonus2,77.4,65.6,1
bonus2,77.4,65.7,1
bonus2,77.4,66.7,1
bonus2,77.4,66.8,1
bonus2,77.4,67,1
bonus2,77.4,67.6,1
bonus2,77.4,67.8,1
bonus2,77.4,67.9,2
bonus2,77.4,68,1
bonus2,77.4,68.1,2
bonus2,77.4,68.4,3
bonus2,77.4,68.7,1
bonus2,77.4,68.9,1
bonus2,77.4,69.2,1
bonus2,77.4,69.3,1
bonus2,77.4,69.4,1
bonus2,77.4,69.6,2
bonus2,77.4,69.7,1
bonus2,77.4,69.9,1
bonus2,77.4,70.1,1
bonus2,77.4,70.4,1
bonus2,77.4,70.5,1
bonus2,77.4,71,1
bonus2,77.4,71.3,2
bonus2,77.4,71.4,1
bonus2,77.4,71.5,1
bonus2,77.4,71.6,1
bonus2,77.4,71.7,1
bonus2,77.4,72.4,1
bonus2,77.4,72.5,1
bonus2,77.4,72.7,1
bonus2,77.4,72.8,1
bonus2,77.4,72.9,2
bonus2,77.4,73.6,1
bonus2,77.4,73.7,1
bonus2,77.4,74.2,2
bonus2,77.4,74.4,1
bonus2,77.4,74.6,1
bonus2,77.4,74.7,2
bonus2,77.4,74.9,1
bonus2,77.4,75.2,1
bonus2,77.4,75.5,2
bonus2,77.4,75.7,1
bonus2,77.4,75.9,1
bonus2,77.4,76.2,2
bonus2,77.4,76.5,1
bonus2,77.4,76.6,1
bonus2,77.4,76.7,1
bonus2,77.4,76.8,1
bonus2,77.4,77.1,1
bonus2,77.4,77.3,1
bonus2,77.4,77.7,1
bonus2,77.4,77.9,1
bonus2,77.4,78,2
bonus2,77.4,78.2,2
bonus2,77.4,78.7,1
bonus2,77.4,78.9,1
bonus2,77.4,79,1
bonus2,77.4,79.2,1
bonus2,77.4,80.1,1
bonus2,77.4,80.8,1
bonus2,77.4,81.1,1
bonus2,77.4,81.2,1
bonus2,77.4,81.4,1
bonus2,77.4,81.6,2
bonus2,77.4,82.2,1
bonus2,77.4,82.3,2
bonus2,77.4,83.6,1
bonus2,77.4,83.7,1
bonus2,77.4,84.1,2
bonus2,77.4,84.5,1
bonus2,77.4,84.9,1
bonus2,77.4,85.1,1
bonus2,77.4,85.2,1
bonus2,77.4,85.3,1
bonus2,77.4,85.5,1
bonus2,77.4,86,2
bonus2,77.4,86.1,1
bonus2,77.4,86.4,1
bonus2,77.4,86.6,1
bonus2,77.4,86.9,1
bonus2,77.4,87.4,2
bonus2,77.4,87.5,1
bonus2,77.4,87.9,1
bonus2,77.4,88.2,1
bonus2,77.4,88.4,1
bonus2,77.4,88.8,1
bonus2,77.4,89,1
bonus2,77.4,89.8,1
bonus2,77.4,89.9,1
bonus2,77.4,90.1,1
bonus2,77.4,90.5,1
bonus2,77.4,90.7,1
bonus2,77.4,91,1
bonus2,77.4,91.2,2
bonus2,77.4,91.5,2
bonus2,77.4,91.8,2
bonus2,77.4,91.9,1
bonus2,77.4,92.2,1
bonus2,77.4,92.7,2
bonus2,77.4,92.9,2
bonus2,77.4,93.1,1
bonus2,77.4,93.2,1
bonus2,77.4,93.6,1
bonus2,77.4,93.7,2
bonus2,77.4,94,1
bonus2,77.4,94.1,2
bonus2,77.4,94.3,1
bonus2,77.4,94.6,2
bonus2,77.4,95,1
bonus2,77.4,95.3,1
bonus2,77.4,95.4,2
bonus2,77.4,96.7,2
bonus2,77.4,96.8,1
bonus2,77.4,97,1
bonus2,77.4,97.2,1
bonus2,77.4,97.3,1
bonus2,77.4,97.4,2
bonus2,77.4,97.5,1
bonus2,77.4,97.6,1
bonus2,77.4,98.2,2
bonus2,77.4,98.3,1
bonus2,77.4,98.8,1
bonus2,77.4,99.1,2
bonus2,77.4,99.3,1
bonus2,77.4,99.6,1
bonus2,77.4,99.9,2
bonus2,80.3,2.8,1
bonus2,80.3,12.3,1
bonus2,80.3,13.7,1
bonus2,80.3,22.8,1
bonus2,80.3,23.7,1
bonus2,80.3,24.3,1
bonus2,80.3,36.5,1
bonus2,80.3,42,1
bonus2,80.3,48.9,1
bonus2,80.3,59.2,1
bonus2,80.3,60.3,1
bonus2,80.3,70.2,1
bonus2,80.3,70.9,1
bonus2,80.3,71.2,1
bonus2,80.3,75.6,1
bonus2,80.3,77.4,1
bonus2,80.3,86.4,1
bonus2,80.3,87.8,1
bonus2,80.3,89.2,1
bonus2,80.3,99.6,1
bonus2,83.4,0.2,2
bonus2,83.4,0.5,2
bonus2,83.4,0.8,1
bonus2,83.4,0.9,1
bonus2,83.4,1.3,1
bonus2,83.4,1.5,1
bonus2,83.4,1.6,1
bonus2,83.4,1.8,1
bonus2,83.4,2,1
bonus2,83.4,3.2,1
bonus2,83.4,3.6,2
bonus2,83.4,3.7,1
bonus2,83.4,4.1,2
bonus2,83.4,4.6,1
bonus2,83.4,5.1,1
bonus2,83.4,5.4,1
bonus2,83.4,5.6,1
bonus2,83.4,5.8,2
bonus2,83.4,6,1
bonus2,83.4,6.1,1
bonus2,83.4,6.2,1
bonus2,83.4,6.5,1
bonus2,83.4,6.6,1
bonus2,83.4,7.1,1
bonus2,83.4,7.5,1
bonus2,83.4,7.8,1
bonus2,83.4,8.4,1
bonus2,83.4,8.5,1
bonus2,83.4,8.9,1
bonus2,83.4,9.1,1
bonus2,83.4,9.3,2
bonus2,83.4,9.4,1
bonus2,83.4,9.7,2
bonus2,83.4,9.9,3
bonus2,83.4,10,1
bonus2,83.4,10.1,1
bonus2,83.4,10.5,2
bonus2,83.4,10.8,3
bonus2,83.4,11,1
bonus2,83.4,11.3,1
bonus2,83.4,11.6,1
bonus2,83.4,11.7,1
bonus2,83.4,11.8,1
bonus2,83.4,12,2
bonus2,83.4,12.1,1
bonus2,83.4,12.2,1
bonus2,83.4,13.1,1
bonus2,83.4,13.2,1
bonus2,83.4,13.3,2
bonus2,83.4,13.4,1
bonus2,83.4,13.5,1
bonus2,83.4,13.7,1
bonus2,83.4,14.2,1
bonus2,83.4,14.3,1
bonus2,83.4,14.6,2
bonus2,83.4,14.8,1
bonus2,83.4,15.2,1
bonus2,83.4,15.8,1
bonus2,83.4,16.1,1
bonus2,83.4,16.6,1
bonus2,83.4,17.1,1
bonus2,83.4,17.4,2
bonus2,83.4,17.5,1
bonus2,83.4,17.6,1
bonus2,83.4,17.8,1
bonus2,83.4,18.1,1
bonus2,83.4,18.2,2
bonus2,83.4,18.7,1
bonus2,83.4,18.9,1
bonus2,83.4,19,1
bonus2,83.4,19.2,1
bonus2,83.4,19.3,2
bonus2,83.4,19.4,1
bonus2,83.4,19.6,1
bonus2,83.4,19.8,1
bonus2,83.4,20.1,1
bonus2,83.4,21,1
bonus2,83.4,22.9,2
bonus2,83.4,23,2
bonus2,83.4,23.1,1
bonus2,83.4,23.4,1
bonus2,83.4,24.3,1
bonus2,83.4,24.5,1
bonus2,83.4,25,1
bonus2,83.4,25.4,2
bonus2,83.4,25.6,1
bonus2,83.4,25.8,1
bonus2,83.4,26.1,1
bonus2,83.4,26.3,1
bonus2,83.4,26.4,1
bonus2,83.4,26.5,2
bonus2,83.4,26.6,1
bonus2,83.4,26.7,1
bonus2,83.4,27,1
bonus2,83.4,27.3,1
bonus2,83.4,27.5,1
bonus2,83.4,27.9,1
bonus2,83.4,28,2
bonus2,83.4,28.7,1
bonus2,83.4,29,1
bonus2,83.4,29.1,1
bonus2,83.4,29.2,1
bonus2,83.4,29.5,1
bonus2,83.4,29.7,1
bonus2,83.4,29.8,2
bonus2,83.4,30.2,1
bonus2,83.4,30.3,1
bonus2,83.4,30.6,1
bonus2,83.4,30.8,1
bonus2,83.4,30.9,1
bonus2,83.4,31.1,2
bonus2,83.4,31.6,1
bonus2,83.4,32,1
bonus2,83.4,32.1,2
bonus2,83.4,32.5,1
bonus2,83.4,32.8,1
bonus2,83.4,32.9,1
bonus2,83.4,33,1
bonus2,83.4,33.2,1
bonus2,83.4,33.4,1
bonus2,83.4,33.5,2
bonus2,83.4,34.1,1
bonus2,83.4,34.3,1
bonus2,83.4,34.7,1
bonus2,83.4,34.8,1
bonus2,83.4,35.4,1
bonus2,83.4,35.5,1
bonus2,83.4,35.7,1
bonus2,83.4,35.8,1
bonus2,83.4,36,1
bonus2,83.4,36.4,2
bonus2,83.4,37,1
bonus2,83.4,37.1,1
bonus2,83.4,37.3,1
bonus2,83.4,37.8,1
bonus2,83.4,37.9,1
bonus2,83.4,38.2,1
bonus2,83.4,38.4,1
bonus2,83.4,38.5,1
bonus2,83.4,38.8,1
bonus2,83.4,38.9,1
bonus2,83.4,39.2,1
bonus2,83.4,39.3,1
bonus2,83.4,39.5,1
bonus2,83.4,39.6,1
bonus2,83.4,40.1,1
bonus2,83.4,40.2,1
bonus2,83.4,40.3,1
bonus2,83.4,40.5,1
bonus2,83.4,40.6,1
bonus2,83.4,40.7,1
bonus2,83.4,41.2,3
bonus2,83.4,41.3,1
bonus2,83.4,41.4,2
bonus2,83.4,41.5,1
bonus2,83.4,41.6,1
bonus2,83.4,41.9,2
bonus2,83.4,42.1,1
bonus2,83.4,42.9,1
bonus2,83.4,43,1
bonus2,83.4,43.6,2
bonus2,83.4,43.7,1
bonus2,83.4,43.9,2
bonus2,83.4,44.2,1
bonus2,83.4,44.3,1
bonus2,83.4,44.4,2
bonus2,83.4,44.6,1
bonus2,83.4,45.1,1
bonus2,83.4,45.2,2
bonus2,83.4,45.3,1
bonus2,83.4,45.4,1
bonus2,83.4,45.6,1
bonus2,83.4,46,2
bonus2,83.4,46.4,1
bonus2,83.4,46.8,1
bonus2,83.4,46.9,1
bonus2,83.4,47,1
bonus2,83.4,47.3,3
bonus2,83.4,47.5,1
bonus2,83.4,48.2,2
bonus2,83.4,48.5,1
bonus2,83.4,48.7,1
bonus2,83.4,48.9,2
bonus2,83.4,49.1,1
bonus2,83.4,49.6,1
bonus2,83.4,49.7,1
bonus2,83.4,49.9,1
bonus2,83.4,50.1,3
bonus2,83.4,50.3,2
bonus2,83.4,51,1
bonus2,83.4,51.2,1
bonus2,83.4,51.4,1
bonus2,83.4,51.8,1
bonus2,83.4,52,1
bonus2,83.4,52.1,2
bonus2,83.4,52.3,1
bonus2,83.4,52.5,1
bonus2,83.4,53,1
bonus2,83.4,53.2,1
bonus2,83.4,53.5,2
bonus2,83.4,53.9,1
bonus2,83.4,54.1,1
bonus2,83.4,54.3,2
bonus2,83.4,54.6,2
bonus2,83.4,54.9,1
bonus2,83.4,55.1,1
bonus2,83.4,55.2,1
bonus2,83.4,55.5,1
bonus2,83.4,55.8,1
bonus2,83.4,56.1,1
bonus2,83.4,56.2,3
bonus2,83.4,56.3,1
bonus2,83.4,58,1
bonus2,83.4,58.3,1
bonus2,83.4,58.4,1
bonus2,83.4,58.7,1
bonus2,83.4,59.1,1
bonus2,83.4,59.4,2
bonus2,83.4,59.8,1
bonus2,83.4,59.9,1
bonus2,83.4,60.1,1
bonus2,83.4,60.2,1
bonus2,83.4,60.4,1
bonus2,83.4,60.5,1
bonus2,83.4,60.7,1
bonus2,83.4,61.2,1
bonus2,83.4,61.4,1
bonus2,83.4,62.7,1
bonus2,83.4,62.8,1
bonus2,83.4,63.5,1
bonus2,83.4,63.6,1
bonus2,83.4,64,1
bonus2,83.4,64.3,1
bonus2,83.4,64.7,2
bonus2,83.4,65,3
bonus2,83.4,65.3,1
bonus2,83.4,65.4,1
bonus2,83.4,65.8,1
bonus2,83.4,66,1
bonus2,83.4,66.5,1
bonus2,83.4,66.8,1
bonus2,83.4,67.3,1
bonus2,83.4,67.7,1
bonus2,83.4,67.8,1
bonus2,83.4,68.1,1
bonus2,83.4,68.2,2
bonus2,83.4,68.5,1
bonus2,83.4,68.6,2
bonus2,83.4,68.7,1
bonus2,83.4,68.9,1
bonus2,83.4,69,2
bonus2,83.4,69.1,2
bonus2,83.4,69.5,2
bonus2,83.4,69.8,1
bonus2,83.4,70,1
bonus2,83.4,70.2,2
bonus2,83.4,70.3,1
bonus2,83.4,70.4,2
bonus2,83.4,70.6,1
bonus2,83.4,70.7,2
bonus2,83.4,70.8,1
bonus2,83.4,70.9,1
bonus2,83.4,71.1,1
bonus2,83.4,71.3,1
bonus2,83.4,71.4,2
bonus2,83.4,71.5,1
bonus2,83.4,71.6,1
bonus2,83.4,72.2,1
bonus2,83.4,72.4,1
bonus2,83.4,72.5,1
bonus2,83.4,72.6,1
bonus2,83.4,73,1
bonus2,83.4,73.1,1
bonus2,83.4,73.2,1
bonus2,83.4,73.3,2
bonus2,83.4,73.4,1
bonus2,83.4,73.6,1
bonus2,83.4,73.9,1
bonus2,83.4,74.2,1
bonus2,83.4,74.9,1
bonus2,83.4,75,1
bonus2,83.4,75.1,1
bonus2,83.4,75.3,1
bonus2,83.4,75.6,1
bonus2,83.4,75.8,1
bonus2,83.4,75.9,1
bonus2,83.4,76.3,1
bonus2,83.4,76.4,1
bonus2,83.4,76.5,1
bonus2,83.4,76.6,1
bonus2,83.4,76.9,1
bonus2,83.4,77,1
bonus2,83.4,77.1,1
bonus2,83.4,77.2,2
bonus2,83.4,77.5,1
bonus2,83.4,77.6,1
bonus2,83.4,78.1,1
bonus2,83.4,78.5,1
bonus2,83.4,78.6,1
bonus2,83.4,78.8,1
bonus2,83.4,79.2,1
bonus2,83.4,79.4,1
bonus2,83.4,79.6,1
bonus2,83.4,79.9,1
bonus2,83.4,80.3,1
bonus2,83.4,80.4,1
bonus2,83.4,80.9,1
bonus2,83.4,81,1
bonus2,83.4,81.1,3
bonus2,83.4,81.9,1
bonus2,83.4,82,2
bonus2,83.4,82.1,1
bonus2,83.4,82.2,1
bonus2,83.4,82.7,1
bonus2,83.4,82.9,1
bonus2,83.4,83.1,2
bonus2,83.4,83.2,1
bonus2,83.4,83.3,1
bonus2,83.4,83.4,2
bonus2,83.4,83.9,1
bonus2,83.4,84,1
bonus2,83.4,84.1,1
bonus2,83.4,84.2,1
bonus2,83.4,84.6,1
bonus2,83.4,85.1,1
bonus2,83.4,85.5,1
bonus2,83.4,85.7,1
bonus2,83.4,85.9,1
bonus2,83.4,86.1,1
bonus2,83.4,86.6,2
bonus2,83.4,86.9,1
bonus2,83.4,87,1
bonus2,83.4,87.1,1
bonus2,83.4,87.2,1
bonus2,83.4,87.5,1
bonus2,83.4,87.6,1
bonus2,83.4,87.7,2
bonus2,83.4,87.8,1
bonus2,83.4,87.9,1
bonus2,83.4,88,2
bonus2,83.4,88.3,4
bonus2,83.4,88.4,1
bonus2,83.4,88.5,1
bonus2,83.4,88.6,1
bonus2,83.4,88.7,2
bonus2,83.4,88.8,1
bonus2,83.4,88.9,2
bonus2,83.4,89,1
bonus2,83.4,89.1,1
bonus2,83.4,89.3,1
bonus2,83.4,89.4,2
bonus2,83.4,89.7,1
bonus2,83.4,89.8,2
bonus2,83.4,89.9,1
bonus2,83.4,90,2
bonus2,83.4,90.1,1
bonus2,83.4,90.4,1
bonus2,83.4,90.7,2
bonus2,83.4,90.9,1
bonus2,83.4,91.1,1
bonus2,83.4,91.3,1
bonus2,83.4,91.4,1
bonus2,83.4,91.6,1
bonus2,83.4,92.2,1
bonus2,83.4,92.3,1
bonus2,83.4,92.5,1
bonus2,83.4,92.8,1
bonus2,83.4,93.1,1
bonus2,83.4,93.2,1
bonus2,83.4,93.3,1
bonus2,83.4,93.4,1
bonus2,83.4,93.7,1
bonus2,83.4,93.8,1
bonus2,83.4,93.9,2
bonus2,83.4,94.2,1
bonus2,83.4,94.5,1
bonus2,83.4,94.9,1
bonus2,83.4,95,2
bonus2,83.4,95.1,2
bonus2,83.4,95.2,1
bonus2,83.4,95.5,2
bonus2,83.4,95.6,1
bonus2,83.4,96,1
bonus2,83.4,96.2,1
bonus2,83.4,96.3,1
bonus2,83.4,98.1,1
bonus2,83.4,98.4,1
bonus2,83.4,98.5,1
bonus2,83.4,99.2,1
bonus2,83.4,99.4,1
bonus2,83.4,99.6,1
bonus2,83.4,100,1
bonus2,86.3,61.7,1
bonus2,88.9,0.1,1
bonus2,88.9,0.2,1
bonus2,88.9,0.4,1
bonus2,88.9,0.7,1
bonus2,88.9,1,1
bonus2,88.9,1.1,1
bonus2,88.9,1.3,1
bonus2,88.9,1.6,1
bonus2,88.9,1.8,1
bonus2,88.9,2.1,1
bonus2,88.9,2.3,2
bonus2,88.9,2.4,1
bonus2,88.9,2.5,1
bonus2,88.9,2.8,1
bonus2,88.9,3.7,1
bonus2,88.9,3.9,1
bonus2,88.9,4.1,1
bonus2,88.9,4.3,1
bonus2,88.9,4.7,1
bonus2,88.9,5,2
bonus2,88.9,5.4,1
bonus2,88.9,5.5,1
bonus2,88.9,5.7,1
bonus2,88.9,5.9,1
bonus2,88.9,6.1,2
bonus2,88.9,6.7,1
bonus2,88.9,6.9,1
bonus2,88.9,7.1,1
bonus2,88.9,8,2
bonus2,88.9,8.4,2
bonus2,88.9,9,1
bonus2,88.9,9.5,2
bonus2,88.9,9.8,1
bonus2,88.9,9.9,2
bonus2,88.9,10,1
bonus2,88.9,10.1,1
bonus2,88.9,11.3,1
bonus2,88.9,11.6,1
bonus2,88.9,11.7,1
bonus2,88.9,13.1,1
bonus2,88.9,13.2,1
bonus2,88.9,13.3,1
bonus2,88.9,13.5,1
bonus2,88.9,13.8,1
bonus2,88.9,14,1
bonus2,88.9,14.6,1
bonus2,88.9,14.7,1
bonus2,88.9,14.8,1
bonus2,88.9,14.9,1
bonus2,88.9,15,1
bonus2,88.9,15.1,2
bonus2,88.9,15.2,1
bonus2,88.9,15.9,1
bonus2,88.9,16,2
bonus2,88.9,16.8,1
bonus2,88.9,17.6,2
bonus2,88.9,18,1
bonus2,88.9,18.3,1
bonus2,88.9,19.1,1
bonus2,88.9,19.3,1
bonus2,88.9,19.4,1
bonus2,88.9,19.6,1
bonus2,88.9,19.8,1
bonus2,88.9,20,1
bonus2,88.9,20.2,1
bonus2,88.9,20.3,2
bonus2,88.9,20.4,1
bonus2,88.9,20.6,2
bonus2,88.9,20.8,2
bonus2,88.9,21,1
bonus2,88.9,21.4,1
bonus2,88.9,21.5,1
bonus2,88.9,21.9,1
bonus2,88.9,22.1,1
bonus2,88.9,22.5,1
bonus2,88.9,22.7,1
bonus2,88.9,23.6,1
bonus2,88.9,24.4,1
bonus2,88.9,24.5,1
bonus2,88.9,24.8,1
bonus2,88.9,25,1
bonus2,88.9,25.4,1
bonus2,88.9,25.5,2
bonus2,88.9,25.6,1
bonus2,88.9,25.7,1
bonus2,88.9,26.2,1
bonus2,88.9,26.3,1
bonus2,88.9,26.9,1
bonus2,88.9,28.9,1
bonus2,88.9,29.4,1
bonus2,88.9,29.5,1
bonus2,88.9,29.7,1
bonus2,88.9,30.1,2
bonus2,88.9,30.2,1
bonus2,88.9,30.8,1
bonus2,88.9,31,1
bonus2,88.9,31.1,1
bonus2,88.9,31.3,1
bonus2,88.9,31.4,1
bonus2,88.9,31.5,1
bonus2,88.9,32.2,1
bonus2,88.9,32.5,1
bonus2,88.9,33,1
bonus2,88.9,34.7,1
bonus2,88.9,35,1
bonus2,88.9,35.1,1
bonus2,88.9,35.6,1
bonus2,88.9,35.8,1
bonus2,88.9,35.9,2
bonus2,88.9,36,2
bonus2,88.9,36.1,1
bonus2,88.9,36.4,1
bonus2,88.9,36.5,1
bonus2,88.9,37.1,1
bonus2,88.9,37.4,2
bonus2,88.9,37.5,1
bonus2,88.9,37.9,1
bonus2,88.9,38.5,1
bonus2,88.9,38.6,1
bonus2,88.9,39,1
bonus2,88.9,39.4,1
bonus2,88.9,39.7,1
bonus2,88.9,40.1,1
bonus2,88.9,40.2,1
bonus2,88.9,40.3,1
bonus2,88.9,40.6,1
bonus2,88.9,40.7,2
bonus2,88.9,40.9,1
bonus2,88.9,41.5,2
bonus2,88.9,42.2,1
bonus2,88.9,42.4,2
bonus2,88.9,42.8,1
bonus2,88.9,43.1,2
bonus2,88.9,44.1,1
bonus2,88.9,44.2,1
bonus2,88.9,44.6,1
bonus2,88.9,44.7,1
bonus2,88.9,45.4,1
bonus2,88.9,45.7,1
bonus2,88.9,47,1
bonus2,88.9,47.8,1
bonus2,88.9,47.9,1
bonus2,88.9,48.5,1
bonus2,88.9,48.6,1
bonus2,88.9,49,1
bonus2,88.9,49.2,1
bonus2,88.9,49.3,1
bonus2,88.9,49.5,1
bonus2,88.9,49.7,1
bonus2,88.9,50.5,1
bonus2,88.9,50.7,1
bonus2,88.9,50.9,1
bonus2,88.9,51,2
bonus2,88.9,51.3,1
bonus2,88.9,51.4,1
bonus2,88.9,51.5,1
bonus2,88.9,51.7,1
bonus2,88.9,51.8,1
bonus2,88.9,51.9,1
bonus2,88.9,52,1
bonus2,88.9,52.6,1
bonus2,88.9,52.7,1
bonus2,88.9,53,1
bonus2,88.9,53.2,1
bonus2,88.9,53.3,1
bonus2,88.9,53.7,2
bonus2,88.9,54.1,1
bonus2,88.9,54.3,1
bonus2,88.9,55.6,3
bonus2,88.9,55.7,1
bonus2,88.9,55.9,3
bonus2,88.9,56,1
bonus2,88.9,56.3,1
bonus2,88.9,56.6,1
bonus2,88.9,57.1,1
bonus2,88.9,57.2,1
bonus2,88.9,57.8,1
bonus2,88.9,57.9,1
bonus2,88.9,58.2,2
bonus2,88.9,58.5,1
bonus2,88.9,58.7,1
bonus2,88.9,58.8,1
bonus2,88.9,59,1
bonus2,88.9,59.4,1
bonus2,88.9,59.6,2
bonus2,88.9,59.7,1
bonus2,88.9,60.3,1
bonus2,88.9,60.4,1
bonus2,88.9,60.8,1
bonus2,88.9,60.9,1
bonus2,88.9,61.1,1
bonus2,88.9,61.4,1
bonus2,88.9,61.5,1
bonus2,88.9,62.1,1
bonus2,88.9,62.4,1
bonus2,88.9,62.6,2
bonus2,88.9,63,1
bonus2,88.9,63.3,1
bonus2,88.9,63.4,1
bonus2,88.9,63.5,1
bonus2,88.9,63.8,2
bonus2,88.9,63.9,2
bonus2,88.9,64.1,1
bonus2,88.9,64.2,1
bonus2,88.9,64.4,1
bonus2,88.9,64.9,1
bonus2,88.9,65.4,1
bonus2,88.9,65.5,1
bonus2,88.9,66.7,2
bonus2,88.9,66.9,1
bonus2,88.9,67.2,2
bonus2,88.9,67.5,1
bonus2,88.9,67.6,1
bonus2,88.9,68,1
bonus2,88.9,68.1,1
bonus2,88.9,68.3,1
bonus2,88.9,69.2,1
bonus2,88.9,69.4,1
bonus2,88.9,69.6,1
bonus2,88.9,69.9,1
bonus2,88.9,70,1
bonus2,88.9,70.1,1
bonus2,88.9,70.3,1
bonus2,88.9,70.4,2
bonus2,88.9,71.4,1
bonus2,88.9,71.8,1
bonus2,88.9,72.1,1
bonus2,88.9,72.2,1
bonus2,88.9,72.5,1
bonus2,88.9,72.6,2
bonus2,88.9,72.9,1
bonus2,88.9,73,3
bonus2,88.9,73.1,1
bonus2,88.9,73.2,1
bonus2,88.9,73.3,1
bonus2,88.9,73.5,1
bonus2,88.9,73.8,1
bonus2,88.9,73.9,1
bonus2,88.9,74.1,2
bonus2,88.9,74.3,1
bonus2,88.9,74.4,2
bonus2,88.9,74.5,1
bonus2,88.9,74.7,1
bonus2,88.9,74.9,2
bonus2,88.9,75,1
bonus2,88.9,75.1,1
bonus2,88.9,75.3,1
bonus2,88.9,75.5,1
bonus2,88.9,76.2,1
bonus2,88.9,76.6,2
bonus2,88.9,76.7,2
bonus2,88.9,76.8,2
bonus2,88.9,76.9,2
bonus2,88.9,77.3,2
bonus2,88.9,77.4,1
bonus2,88.9,78.3,2
bonus2,88.9,78.4,1
bonus2,88.9,78.6,1
bonus2,88.9,78.9,1
bonus2,88.9,79.8,2
bonus2,88.9,79.9,1
bonus2,88.9,80.2,1
bonus2,88.9,80.6,1
bonus2,88.9,80.7,3
bonus2,88.9,80.8,1
bonus2,88.9,81,1
bonus2,88.9,81.3,1
bonus2,88.9,81.4,1
bonus2,88.9,81.6,1
bonus2,88.9,81.7,1
bonus2,88.9,81.8,2
bonus2,88.9,82,2
bonus2,88.9,82.2,1
bonus2,88.9,82.4,1
bonus2,88.9,82.7,1
bonus2,88.9,83,1
bonus2,88.9,83.3,1
bonus2,88.9,83.4,1
bonus2,88.9,83.5,1
bonus2,88.9,83.7,1
bonus2,88.9,84,2
bonus2,88.9,84.1,2
bonus2,88.9,84.2,1
bonus2,88.9,84.6,1
bonus2,88.9,84.9,2
bonus2,88.9,85.4,1
bonus2,88.9,85.6,1
bonus2,88.9,85.8,1
bonus2,88.9,86.2,1
bonus2,88.9,86.3,1
bonus2,88.9,86.4,1
bonus2,88.9,86.7,1
bonus2,88.9,87,1
bonus2,88.9,87.2,1
bonus2,88.9,87.4,1
bonus2,88.9,88.5,2
bonus2,88.9,89.1,1
bonus2,88.9,89.2,1
bonus2,88.9,89.5,2
bonus2,88.9,89.9,1
bonus2,88.9,90,1
bonus2,88.9,90.3,1
bonus2,88.9,90.4,1
bonus2,88.9,90.6,1
bonus2,88.9,90.8,3
bonus2,88.9,91,1
bonus2,88.9,91.4,1
bonus2,88.9,91.7,1
bonus2,88.9,92.1,1
bonus2,88.9,92.5,1
bonus2,88.9,92.8,2
bonus2,88.9,93,1
bonus2,88.9,93.3,1
bonus2,88.9,93.8,2
bonus2,88.9,93.9,1
bonus2,88.9,94.1,1
bonus2,88.9,94.2,1
bonus2,88.9,94.3,1
bonus2,88.9,94.6,1
bonus2,88.9,94.9,1
bonus2,88.9,95,1
bonus2,88.9,95.1,1
bonus2,88.9,95.2,3
bonus2,88.9,95.4,1
bonus2,88.9,95.5,1
bonus2,88.9,95.7,1
bonus2,88.9,95.8,1
bonus2,88.9,95.9,1
bonus2,88.9,96.1,3
bonus2,88.9,96.2,3
bonus2,88.9,96.3,1
bonus2,88.9,96.4,1
bonus2,88.9,96.5,2
bonus2,88.9,96.7,2
bonus2,88.9,96.8,2
bonus2,88.9,96.9,1
bonus2,88.9,97,1
bonus2,88.9,97.1,1
bonus2,88.9,97.2,1
bonus2,88.9,97.4,1
bonus2,88.9,97.5,1
bonus2,88.9,97.7,1
bonus2,88.9,97.9,1
bonus2,88.9,98,1
bonus2,88.9,98.2,1
bonus2,88.9,98.5,1
bonus2,88.9,98.6,2
bonus2,88.9,98.7,1
bonus2,88.9,98.9,1
bonus2,88.9,99.1,2
bonus2,88.9,99.2,2
bonus2,88.9,99.4,1
bonus2,88.9,99.6,1
bonus2,88.9,99.7,1
bonus2,88.9,100,1
bonus2,93.9,0.2,1
bonus2,93.9,0.3,1
bonus2,93.9,0.6,1
bonus2,93.9,1.3,2
bonus2,93.9,1.7,2
bonus2,93.9,2.1,1
bonus2,93.9,2.2,1
bonus2,93.9,2.6,1
bonus2,93.9,3,1
bonus2,93.9,4.4,1
bonus2,93.9,4.6,1
bonus2,93.9,4.8,1
bonus2,93.9,4.9,1
bonus2,93.9,5.1,1
bonus2,93.9,6,2
bonus2,93.9,6.4,1
bonus2,93.9,6.5,1
bonus2,93.9,6.6,1
bonus2,93.9,6.7,1
bonus2,93.9,7.1,1
bonus2,93.9,7.9,1
bonus2,93.9,8.2,1
bonus2,93.9,8.5,1
bonus2,93.9,9.4,1
bonus2,93.9,9.5,1
bonus2,93.9,9.7,1
bonus2,93.9,10.4,1
bonus2,93.9,10.6,1
bonus2,93.9,11.2,1
bonus2,93.9,11.5,1
bonus2,93.9,11.6,1
bonus2,93.9,12.4,1
bonus2,93.9,12.7,1
bonus2,93.9,13.7,1
bonus2,93.9,14.3,1
bonus2,93.9,14.5,2
bonus2,93.9,14.7,1
bonus2,93.9,14.9,1
bonus2,93.9,15.1,1
bonus2,93.9,15.6,1
bonus2,93.9,16.1,1
bonus2,93.9,16.4,1
bonus2,93.9,16.6,1
bonus2,93.9,16.9,1
bonus2,93.9,17.3,1
bonus2,93.9,17.9,1
bonus2,93.9,18.6,1
bonus2,93.9,18.7,1
bonus2,93.9,19,1
bonus2,93.9,19.7,1
bonus2,93.9,20.7,1
bonus2,93.9,20.9,1
bonus2,93.9,21.1,1
bonus2,93.9,21.3,1
bonus2,93.9,22,1
bonus2,93.9,23.1,1
bonus2,93.9,23.2,1
bonus2,93.9,23.4,1
bonus2,93.9,23.6,1
bonus2,93.9,24.1,1
bonus2,93.9,24.2,1
bonus2,93.9,24.7,1
bonus2,93.9,25.3,1
bonus2,93.9,25.8,1
bonus2,93.9,26.7,1
bonus2,93.9,27.1,1
bonus2,93.9,28.6,1
bonus2,93.9,28.9,1
bonus2,93.9,29.1,1
bonus2,93.9,29.2,1
bonus2,93.9,29.5,1
bonus2,93.9,29.8,1
bonus2,93.9,30.1,1
bonus2,93.9,31.5,1
bonus2,93.9,31.7,1
bonus2,93.9,32.3,1
bonus2,93.9,34.3,1
bonus2,93.9,34.4,1
bonus2,93.9,34.7,1
bonus2,93.9,35,1
bonus2,93.9,35.2,1
bonus2,93.9,35.7,1
bonus2,93.9,35.8,1
bonus2,93.9,36.6,1
bonus2,93.9,36.9,1
bonus2,93.9,37.6,1
bonus2,93.9,38,1
bonus2,93.9,38.2,1
bonus2,93.9,38.4,1
bonus2,93.9,38.6,1
bonus2,93.9,38.7,1
bonus2,93.9,38.8,1
bonus2,93.9,39,1
bonus2,93.9,39.2,1
bonus2,93.9,40.3,1
bonus2,93.9,40.4,1
bonus2,93.9,41.2,1
bonus2,93.9,41.7,1
bonus2,93.9,42.2,1
bonus2,93.9,42.4,1
bonus2,93.9,42.9,2
bonus2,93.9,43.2,1
bonus2,93.9,43.3,1
bonus2,93.9,44.3,1
bonus2,93.9,44.4,1
bonus2,93.9,44.6,1
bonus2,93.9,44.7,1
bonus2,93.9,45.2,1
bonus2,93.9,45.5,1
bonus2,93.9,46.2,1
bonus2,93.9,46.5,1
bonus2,93.9,46.8,1
bonus2,93.9,47.2,1
bonus2,93.9,48,1
bonus2,93.9,48.2,1
bonus2,93.9,48.4,1
bonus2,93.9,48.7,1
bonus2,93.9,49.1,1
bonus2,93.9,49.3,1
bonus2,93.9,49.8,1
bonus2,93.9,50.2,1
bonus2,93.9,50.4,1
bonus2,93.9,50.8,1
bonus2,93.9,51,1
bonus2,93.9,52.2,1
bonus2,93.9,52.3,1
bonus2,93.9,53.1,1
bonus2,93.9,53.5,1
bonus2,93.9,53.8,1
bonus2,93.9,53.9,1
bonus2,93.9,54.3,1
bonus2,93.9,54.4,1
bonus2,93.9,54.5,1
bonus2,93.9,55,1
bonus2,93.9,55.2,1
bonus2,93.9,55.3,1
bonus2,93.9,55.5,1
bonus2,93.9,55.6,1
bonus2,93.9,56.5,1
bonus2,93.9,56.7,1
bonus2,93.9,56.9,1
bonus2,93.9,57.3,2
bonus2,93.9,58,1
bonus2,93.9,58.1,1
bonus2,93.9,58.6,1
bonus2,93.9,58.7,1
bonus2,93.9,59.4,1
bonus2,93.9,59.5,1
bonus2,93.9,60,1
bonus2,93.9,60.3,1
bonus2,93.9,61.2,1
bonus2,93.9,61.3,2
bonus2,93.9,61.5,1
bonus2,93.9,61.7,1
bonus2,93.9,61.9,1
bonus2,93.9,62,1
bonus2,93.9,62.2,1
bonus2,93.9,62.6,1
bonus2,93.9,62.7,1
bonus2,93.9,63,1
bonus2,93.9,63.7,1
bonus2,93.9,63.8,1
bonus2,93.9,65.2,2
bonus2,93.9,65.5,1
bonus2,93.9,65.8,1
bonus2,93.9,66,1
bonus2,93.9,66.1,1
bonus2,93.9,66.2,1
bonus2,93.9,66.3,1
bonus2,93.9,66.4,1
bonus2,93.9,66.8,1
bonus2,93.9,67.4,2
bonus2,93.9,67.6,1
bonus2,93.9,68.6,1
bonus2,93.9,68.7,1
bonus2,93.9,70.5,1
bonus2,93.9,71,2
bonus2,93.9,71.1,1
bonus2,93.9,71.4,1
bonus2,93.9,71.5,1
bonus2,93.9,71.6,1
bonus2,93.9,72.1,2
bonus2,93.9,72.9,1
bonus2,93.9,73.1,1
bonus2,93.9,73.2,2
bonus2,93.9,73.6,1
bonus2,93.9,73.7,2
bonus2,93.9,73.8,1
bonus2,93.9,73.9,2
bonus2,93.9,74,1
bonus2,93.9,74.2,1
bonus2,93.9,74.3,1
bonus2,93.9,74.4,1
bonus2,93.9,74.5,1
bonus2,93.9,74.8,1
bonus2,93.9,75.8,1
bonus2,93.9,76.1,1
bonus2,93.9,76.7,2
bonus2,93.9,77.2,1
bonus2,93.9,77.6,1
bonus2,93.9,77.7,1
bonus2,93.9,77.9,1
bonus2,93.9,78,2
bonus2,93.9,78.2,2
bonus2,93.9,78.3,1
bonus2,93.9,78.4,1
bonus2,93.9,78.7,1
bonus2,93.9,78.8,1
bonus2,93.9,79.1,1
bonus2,93.9,79.3,1
bonus2,93.9,79.7,2
bonus2,93.9,80,3
bonus2,93.9,80.1,1
bonus2,93.9,80.2,1
bonus2,93.9,80.8,1
bonus2,93.9,80.9,1
bonus2,93.9,81,1
bonus2,93.9,81.2,1
bonus2,93.9,81.3,2
bonus2,93.9,81.5,2
bonus2,93.9,81.7,1
bonus2,93.9,81.8,1
bonus2,93.9,81.9,1
bonus2,93.9,82.3,1
bonus2,93.9,82.4,1
bonus2,93.9,82.7,2
bonus2,93.9,82.8,1
bonus2,93.9,82.9,1
bonus2,93.9,83.2,1
bonus2,93.9,83.5,1
bonus2,93.9,83.8,2
bonus2,93.9,84.4,1
bonus2,93.9,84.6,1
bonus2,93.9,84.9,1
bonus2,93.9,85.2,2
bonus2,93.9,85.3,2
bonus2,93.9,85.5,1
bonus2,93.9,85.6,1
bonus2,93.9,85.7,2
bonus2,93.9,85.8,1
bonus2,93.9,86.3,1
bonus2,93.9,86.4,1
bonus2,93.9,86.5,1
bonus2,93.9,87.3,2
bonus2,93.9,87.4,1
bonus2,93.9,87.6,1
bonus2,93.9,87.8,2
bonus2,93.9,87.9,1
bonus2,93.9,88.3,1
bonus2,93.9,88.5,2
bonus2,93.9,88.6,1
bonus2,93.9,88.9,1
bonus2,93.9,89.2,1
bonus2,93.9,89.3,1
bonus2,93.9,89.5,1
bonus2,93.9,89.9,1
bonus2,93.9,90.2,1
bonus2,93.9,90.3,1
bonus2,93.9,90.4,1
bonus2,93.9,91,2
bonus2,93.9,91.1,1
bonus2,93.9,91.3,1
bonus2,93.9,91.6,1
bonus2,93.9,92.2,1
bonus2,93.9,92.4,1
bonus2,93.9,92.6,1
bonus2,93.9,92.7,1
bonus2,93.9,92.9,1
bonus2,93.9,93,3
bonus2,93.9,93.3,1
bonus2,93.9,93.4,1
bonus2,93.9,93.5,1
bonus2,93.9,93.6,1
bonus2,93.9,93.7,1
bonus2,93.9,93.9,1
bonus2,93.9,94.3,2
bonus2,93.9,94.4,1
bonus2,93.9,94.5,2
bonus2,93.9,94.6,2
bonus2,93.9,94.8,2
bonus2,93.9,94.9,2
bonus2,93.9,95,1
bonus2,93.9,95.1,1
bonus2,93.9,95.2,1
bonus2,93.9,95.4,1
bonus2,93.9,95.6,3
bonus2,93.9,95.7,2
bonus2,93.9,95.8,2
bonus2,93.9,96,2
bonus2,93.9,96.1,1
bonus2,93.9,96.2,1
bonus2,93.9,96.4,2
bonus2,93.9,96.6,2
bonus2,93.9,96.7,2
bonus2,93.9,96.8,1
bonus2,93.9,97,1
bonus2,93.9,97.1,1
bonus2,93.9,97.2,3
bonus2,93.9,97.4,2
bonus2,93.9,97.9,2
bonus2,93.9,98,2
bonus2,93.9,98.1,1
bonus2,93.9,98.2,1
bonus2,93.9,98.4,1
bonus2,93.9,98.5,1
bonus2,93.9,98.6,3
bonus2,93.9,98.7,3
bonus2,93.9,98.8,1
bonus2,93.9,99,4
bonus2,93.9,99.1,1
bonus2,93.9,99.2,1
bonus2,93.9,99.3,2
bonus2,93.9,99.4,2
bonus2,93.9,99.5,1
bonus2,93.9,99.6,2
bonus2,93.9,99.7,1
bonus2,93.9,99.9,2
bonus2,93.9,100,2
bonus2,98.1,0.4,1
bonus2,98.1,0.8,1
bonus2,98.1,1.2,1
bonus2,98.1,2,1
bonus2,98.1,2.2,1
bonus2,98.1,2.8,1
bonus2,98.1,3.1,1
bonus2,98.1,3.3,1
bonus2,98.1,4.4,1
bonus2,98.1,4.5,1
bonus2,98.1,4.7,1
bonus2,98.1,4.9,1
bonus2,98.1,8.1,1
bonus2,98.1,9.5,1
bonus2,98.1,10.2,1
bonus2,98.1,10.6,1
bonus2,98.1,11.7,1
bonus2,98.1,12.5,1
bonus2,98.1,12.9,1
bonus2,98.1,15.2,1
bonus2,98.1,16,1
bonus2,98.1,16.6,1
bonus2,98.1,18.6,1
bonus2,98.1,18.7,1
bonus2,98.1,18.8,1
bonus2,98.1,19,2
bonus2,98.1,20.7,1
bonus2,98.1,21.5,1
bonus2,98.1,22.1,1
bonus2,98.1,22.9,1
bonus2,98.1,23,1
bonus2,98.1,23.3,1
bonus2,98.1,23.4,1
bonus2,98.1,23.9,1
bonus2,98.1,24.6,1
bonus2,98.1,24.8,2
bonus2,98.1,26.4,1
bonus2,98.1,26.8,1
bonus2,98.1,27.3,1
bonus2,98.1,27.8,1
bonus2,98.1,28.5,1
bonus2,98.1,29.1,1
bonus2,98.1,30,1
bonus2,98.1,30.4,1
bonus2,98.1,30.7,1
bonus2,98.1,32,1
bonus2,98.1,32.2,1
bonus2,98.1,32.7,1
bonus2,98.1,32.8,1
bonus2,98.1,33.1,1
bonus2,98.1,33.4,1
bonus2,98.1,34,1
bonus2,98.1,34.8,1
bonus2,98.1,35,1
bonus2,98.1,35.5,1
bonus2,98.1,36.3,1
bonus2,98.1,36.6,1
bonus2,98.1,36.7,1
bonus2,98.1,36.9,1
bonus2,98.1,37.6,1
bonus2,98.1,37.8,1
bonus2,98.1,38.3,2
bonus2,98.1,38.4,1
bonus2,98.1,38.7,1
bonus2,98.1,39.7,1
bonus2,98.1,41.1,1
bonus2,98.1,41.2,1
bonus2,98.1,42.5,1
bonus2,98.1,43.9,2
bonus2,98.1,44,1
bonus2,98.1,44.5,1
bonus2,98.1,45.6,1
bonus2,98.1,46.2,1
bonus2,98.1,46.4,3
bonus2,98.1,47.1,1
bonus2,98.1,47.4,2
bonus2,98.1,47.5,2
bonus2,98.1,48.1,2
bonus2,98.1,48.3,1
bonus2,98.1,48.4,1
bonus2,98.1,48.6,2
bonus2,98.1,49.1,1
bonus2,98.1,50.3,1
bonus2,98.1,50.7,1
bonus2,98.1,51.4,1
bonus2,98.1,52.2,1
bonus2,98.1,52.9,1
bonus2,98.1,53.4,1
bonus2,98.1,54.2,1
bonus2,98.1,54.4,1
bonus2,98.1,54.6,1
bonus2,98.1,55,1
bonus2,98.1,56,1
bonus2,98.1,56.9,1
bonus2,98.1,57.3,1
bonus2,98.1,58.3,1
bonus2,98.1,58.4,1
bonus2,98.1,58.5,2
bonus2,98.1,59,2
bonus2,98.1,59.6,1
bonus2,98.1,59.7,1
bonus2,98.1,60.7,1
bonus2,98.1,60.8,1
bonus2,98.1,60.9,2
bonus2,98.1,61.1,2
bonus2,98.1,61.2,1
bonus2,98.1,63.1,1
bonus2,98.1,63.2,1
bonus2,98.1,63.4,1
bonus2,98.1,63.6,1
bonus2,98.1,64,1
bonus2,98.1,64.6,1
bonus2,98.1,64.7,1
bonus2,98.1,65,1
bonus2,98.1,65.1,1
bonus2,98.1,65.4,1
bonus2,98.1,66.1,1
bonus2,98.1,66.5,2
bonus2,98.1,66.7,1
bonus2,98.1,67.2,1
bonus2,98.1,67.4,1
bonus2,98.1,67.8,1
bonus2,98.1,68.2,1
bonus2,98.1,68.3,1
bonus2,98.1,68.8,2
bonus2,98.1,69.1,1
bonus2,98.1,69.6,1
bonus2,98.1,69.9,1
bonus2,98.1,70.3,1
bonus2,98.1,70.5,1
bonus2,98.1,73.3,1
bonus2,98.1,73.4,1
bonus2,98.1,73.9,1
bonus2,98.1,74.7,1
bonus2,98.1,74.8,1
bonus2,98.1,75.2,1
bonus2,98.1,75.3,1
bonus2,98.1,75.7,1
bonus2,98.1,75.8,1
bonus2,98.1,76.3,1
bonus2,98.1,76.5,1
bonus2,98.1,77.4,1
bonus2,98.1,77.6,1
bonus2,98.1,77.7,1
bonus2,98.1,77.8,1
bonus2,98.1,77.9,1
bonus2,98.1,78.4,1
bonus2,98.1,78.6,1
bonus2,98.1,78.8,1
bonus2,98.1,79.1,1
bonus2,98.1,79.2,1
bonus2,98.1,79.8,3
bonus2,98.1,80.8,1
bonus2,98.1,80.9,1
bonus2,98.1,81.2,1
bonus2,98.1,81.4,2
bonus2,98.1,81.8,1
bonus2,98.1,81.9,1
bonus2,98.1,82.1,2
bonus2,98.1,82.5,1
bonus2,98.1,82.9,1
bonus2,98.1,83,1
bonus2,98.1,83.2,1
bonus2,98.1,83.4,1
bonus2,98.1,83.5,1
bonus2,98.1,83.8,1
bonus2,98.1,84.3,2
bonus2,98.1,84.4,1
bonus2,98.1,84.5,3
bonus2,98.1,84.7,1
bonus2,98.1,84.8,2
bonus2,98.1,84.9,1
bonus2,98.1,85,1
bonus2,98.1,85.1,1
bonus2,98.1,85.7,2
bonus2,98.1,85.8,1
bonus2,98.1,86.3,1
bonus2,98.1,86.7,1
bonus2,98.1,87,1
bonus2,98.1,87.1,1
bonus2,98.1,87.5,2
bonus2,98.1,87.8,1
bonus2,98.1,87.9,1
bonus2,98.1,88,1
bonus2,98.1,88.4,1
bonus2,98.1,88.6,1
bonus2,98.1,88.7,1
bonus2,98.1,89.1,1
bonus2,98.1,89.7,1
bonus2,98.1,89.9,1
bonus2,98.1,90,2
bonus2,98.1,90.1,1
bonus2,98.1,90.2,1
bonus2,98.1,90.5,1
bonus2,98.1,91.7,2
bonus2,98.1,91.9,1
bonus2,98.1,92.1,1
bonus2,98.1,92.2,1
bonus2,98.1,92.4,1
bonus2,98.1,92.6,2
bonus2,98.1,93.1,1
bonus2,98.1,93.4,1
bonus2,98.1,93.6,2
bonus2,98.1,93.7,1
bonus2,98.1,94.1,1
bonus2,98.1,94.2,2
bonus2,98.1,94.5,2
bonus2,98.1,94.6,1
bonus2,98.1,94.7,1
bonus2,98.1,94.8,1
bonus2,98.1,94.9,1
bonus2,98.1,95.2,1
bonus2,98.1,95.3,1
bonus2,98.1,95.5,1
bonus2,98.1,95.9,1
bonus2,98.1,96.2,1
bonus2,98.1,96.3,2
bonus2,98.1,96.5,2
bonus2,98.1,96.6,1
bonus2,98.1,96.8,3
bonus2,98.1,96.9,2
bonus2,98.1,97.1,1
bonus2,98.1,97.2,2
bonus2,98.1,97.3,1
bonus2,98.1,97.4,1
bonus2,98.1,97.5,3
bonus2,98.1,97.6,4
bonus2,98.1,97.7,1
bonus2,98.1,97.8,2
bonus2,98.1,97.9,1
bonus2,98.1,98,1
bonus2,98.1,98.2,2
bonus2,98.1,98.3,5
bonus2,98.1,98.4,2
bonus2,98.1,98.5,2
bonus2,98.1,98.6,1
bonus2,98.1,98.7,1
bonus2,98.1,98.8,2
bonus2,98.1,98.9,2
bonus2,98.1,99,2
bonus2,98.1,99.1,3
bonus2,98.1,99.2,1
bonus2,98.1,99.3,2
bonus2,98.1,99.4,3
bonus2,98.1,99.5,4
bonus2,98.1,99.8,2
bonus3,0,21.6,1
bonus3,0,25.6,1
bonus3,0,48.1,1
bonus3,0,90,1
bonus3,0.1,23.1,1
bonus3,0.1,42.9,1
bonus3,0.1,44,1
bonus3,0.1,49.1,1
bonus3,0.1,51.7,1
bonus3,0.1,53.4,1
bonus3,0.1,66.1,1
bonus3,0.1,82,1
bonus3,0.2,4.1,1
bonus3,0.2,15.9,1
bonus3,0.2,17.4,1
bonus3,0.2,19.8,1
bonus3,0.2,50.5,1
bonus3,0.2,59.4,1
bonus3,0.2,97.4,1
bonus3,0.3,4.9,1
bonus3,0.3,9.9,1
bonus3,0.3,24.8,1
bonus3,0.3,26.4,1
bonus3,0.3,27.4,1
bonus3,0.3,36,1
bonus3,0.3,53.9,1
bonus3,0.3,75.2,1
bonus3,0.4,23.2,1
bonus3,0.4,27.9,1
bonus3,0.4,32.2,1
bonus3,0.4,32.6,1
bonus3,0.4,63.4,1
bonus3,0.4,86.9,1
bonus3,0.4,97.8,1
bonus3,0.5,0.9,1
bonus3,0.5,14.1,1
bonus3,0.5,15.8,1
bonus3,0.5,25.9,1
bonus3,0.5,71.2,1
bonus3,0.5,88.9,1
bonus3,0.6,5.7,1
bonus3,0.6,36.4,1
bonus3,0.6,37.1,1
bonus3,0.6,41.4,1
bonus3,0.6,49.4,1
bonus3,0.6,52,1
bonus3,0.6,82.3,1
bonus3,0.6,96,1
bonus3,0.7,4,1
bonus3,0.7,12.5,1
bonus3,0.7,20.4,1
bonus3,0.7,30.1,1
bonus3,0.7,42.1,1
bonus3,0.7,93.6,1
bonus3,0.7,94.6,1
bonus3,0.8,1.3,1
bonus3,0.8,7.9,1
bonus3,0.8,13.7,1
bonus3,0.8,24.1,1
bonus3,0.8,26,1
bonus3,0.8,44.3,1
bonus3,0.8,61.6,1
bonus3,0.8,83.3,1
bonus3,0.8,88.5,1
bonus3,0.9,5.2,1
bonus3,0.9,15,1
bonus3,0.9,25.4,1
bonus3,0.9,25.8,1
bonus3,0.9,36.3,1
bonus3,0.9,47.4,1
bonus3,0.9,77,1
bonus3,0.9,78.7,1
bonus3,1,20.2,1
bonus3,1,38.4,1
bonus3,1,60.5,1
bonus3,1,61,1
bonus3,1,73.9,1
bonus3,1,76.1,1
bonus3,1.1,12.8,1
bonus3,1.1,27.3,1
bonus3,1.1,32.7,1
bonus3,1.1,34.2,1
bonus3,1.1,37.3,1
bonus3,1.1,97.6,1
bonus3,1.2,0.7,1
bonus3,1.2,7.6,1
bonus3,1.2,8.6,1
bonus3,1.2,14.7,1
bonus3,1.2,31,1
bonus3,1.2,43.6,1
bonus3,1.2,81.7,1
bonus3,1.3,14.4,1
bonus3,1.3,20.2,1
bonus3,1.3,22.3,1
bonus3,1.3,38,1
bonus3,1.3,38.1,1
bonus3,1.3,39.7,1
bonus3,1.3,54.4,1
bonus3,1.3,56.3,1
bonus3,1.3,62.1,1
bonus3,1.3,86.6,1
bonus3,1.3,96.1,1
bonus3,1.5,26.9,1
bonus3,1.5,29.3,1
bonus3,1.5,39.3,1
bonus3,1.5,44.4,1
bonus3,1.5,45.5,1
bonus3,1.5,52.1,1
bonus3,1.5,64.7,1
bonus3,1.5,67.4,1
bonus3,1.5,85.2,1
bonus3,1.5,88.2,1
bonus3,1.5,89.1,1
bonus3,1.5,89.8,1
bonus3,1.6,2.4,1
bonus3,1.6,14.2,1
bonus3,1.6,19.7,1
bonus3,1.6,30.6,1
bonus3,1.6,34.5,1
bonus3,1.6,36,1
bonus3,1.6,43.4,1
bonus3,1.6,55.3,1
bonus3,1.6,93.9,1
bonus3,1.6,97.4,1
bonus3,1.7,3.2,1
bonus3,1.7,10,1
bonus3,1.7,21.4,1
bonus3,1.7,66.3,1
bonus3,1.8,6.8,1
bonus3,1.8,11.4,1
bonus3,1.8,13.1,1
bonus3,1.8,41.9,1
bonus3,1.8,42.1,1
bonus3,1.8,47.5,1
bonus3,1.8,48.1,1
bonus3,1.8,80.1,1
bonus3,1.8,91.1,1
bonus3,1.9,3.1,1
bonus3,1.9,9.7,1
bonus3,1.9,12.6,1
bonus3,1.9,32.9,1
bonus3,1.9,34.9,1
bonus3,1.9,37.7,1
bonus3,1.9,38.6,1
bonus3,1.9,73.8,1
bonus3,2,7.7,1
bonus3,2,17.3,1
bonus3,2,42.8,1
bonus3,2,51.9,1
bonus3,2,61.5,1
bonus3,2,69.9,2
bonus3,2.1,3.4,1
bonus3,2.1,15.3,1
bonus3,2.1,46.7,1
bonus3,2.1,48.3,1
bonus3,2.1,53.8,1
bonus3,2.2,0.5,1
bonus3,2.2,2.7,1
bonus3,2.2,6,1
bonus3,2.2,6.6,1
bonus3,2.2,10.3,1
bonus3,2.2,20,1
bonus3,2.2,32.9,1
bonus3,2.2,52.7,1
bonus3,2.3,10.5,1
bonus3,2.3,16,1
bonus3,2.3,20.8,1
bonus3,2.3,26.1,1
bonus3,2.3,42.8,1
bonus3,2.3,58.1,1
bonus3,2.3,76.3,1
bonus3,2.3,77.8,1
bonus3,2.4,2.2,1
bonus3,2.4,12,1
bonus3,2.4,16.4,1
bonus3,2.4,18.5,1
bonus3,2.4,22.2,1
bonus3,2.4,30.4,1
bonus3,2.4,36.9,1
bonus3,2.4,47.2,1
bonus3,2.4,52.6,1
bonus3,2.4,56.5,1
bonus3,2.4,90.6,1
bonus3,2.4,96.5,1
bonus3,2.6,13.9,1
bonus3,2.6,19.3,1
bonus3,2.6,25.1,1
bonus3,2.6,28.7,1
bonus3,2.6,43.7,1
bonus3,2.6,50.3,1
bonus3,2.6,53.1,1
bonus3,2.6,54.1,1
bonus3,2.6,64.6,1
bonus3,2.6,79.3,1
bonus3,2.7,4.5,1
bonus3,2.7,13.8,1
bonus3,2.7,17.8,1
bonus3,2.7,18.3,1
bonus3,2.7,26.1,1
bonus3,2.7,43,1
bonus3,2.7,48.3,1
bonus3,2.7,78,1
bonus3,2.7,82.3,1
bonus3,2.9,2.9,1
bonus3,2.9,12.7,1
bonus3,2.9,13.4,1
bonus3,2.9,20.2,1
bonus3,2.9,24.4,1
bonus3,2.9,28.4,1
bonus3,2.9,35.2,1
bonus3,2.9,36.7,1
bonus3,2.9,41.3,1
bonus3,2.9,48.9,1
bonus3,2.9,50.1,1
bonus3,2.9,52,1
bonus3,2.9,67.1,1
bonus3,2.9,81.7,1
bonus3,2.9,85.2,1
bonus3,3,13.4,1
bonus3,3,16.6,1
bonus3,3,38.1,1
bonus3,3,38.7,1
bonus3,3,45.1,1
bonus3,3,50.8,1
bonus3,3,51.2,1
bonus3,3,54.9,1
bonus3,3,61.6,1
bonus3,3,70.3,1
bonus3,3,92.3,1
bonus3,3.2,11.2,1
bonus3,3.2,26.4,1
bonus3,3.2,34.2,1
bonus3,3.2,34.3,1
bonus3,3.2,43,1
bonus3,3.2,48.4,1
bonus3,3.2,53.1,1
bonus3,3.2,53.8,1
bonus3,3.2,57.4,1
bonus3,3.2,58,1
bonus3,3.2,67.8,1
bonus3,3.2,68.5,1
bonus3,3.2,72.9,1
bonus3,3.2,74.9,1
bonus3,3.2,79.4,1
bonus3,3.2,79.8,1
bonus3,3.2,84,1
bonus3,3.4,2.5,1
bonus3,3.4,27.1,2
bonus3,3.4,31.2,1
bonus3,3.4,32,1
bonus3,3.4,37.3,1
bonus3,3.4,39.3,1
bonus3,3.4,47.6,1
bonus3,3.4,48.6,1
bonus3,3.4,50.9,1
bonus3,3.4,60.6,1
bonus3,3.4,75.2,1
bonus3,3.7,0.7,1
bonus3,3.7,0.9,1
bonus3,3.7,3.9,1
bonus3,3.7,8.7,1
bonus3,3.7,12.1,1
bonus3,3.7,14.5,1
bonus3,3.7,22.6,1
bonus3,3.7,34.5,1
bonus3,3.7,39.5,1
bonus3,3.7,44.9,1
bonus3,3.7,49.3,1
bonus3,3.7,52.2,1
bonus3,3.7,55.8,1
bonus3,3.7,60.5,1
bonus3,3.7,64.1,1
bonus3,3.7,64.9,1
bonus3,3.7,66.8,1
bonus3,3.7,68.8,1
bonus3,3.7,71.8,1
bonus3,3.7,72.9,1
bonus3,3.7,73,1
bonus3,3.7,77.1,1
bonus3,3.7,79.8,1
bonus3,3.7,90.6,1
bonus3,3.7,93.4,2
bonus3,3.9,5.9,1
bonus3,3.9,9.1,1
bonus3,3.9,13,1
bonus3,3.9,15.1,1
bonus3,3.9,24.6,1
bonus3,3.9,39.9,1
bonus3,3.9,64.3,1
bonus3,3.9,73.2,1
bonus3,3.9,76,1
bonus3,3.9,78.6,1
bonus3,3.9,82.1,1
bonus3,3.9,92.2,1
bonus3,3.9,93.8,1
bonus3,3.9,97,1
bonus3,3.9,98.6,1
bonus3,4.2,5.2,1
bonus3,4.2,6.6,1
bonus3,4.2,7.9,1
bonus3,4.2,16.1,1
bonus3,4.2,20.6,1
bonus3,4.2,21.9,1
bonus3,4.2,23.3,1
bonus3,4.2,24.1,1
bonus3,4.2,27,1
bonus3,4.2,27.7,1
bonus3,4.2,28.8,1
bonus3,4.2,36.5,1
bonus3,4.2,37.5,1
bonus3,4.2,39.1,1
bonus3,4.2,39.2,1
bonus3,4.2,41.4,1
bonus3,4.2,42.9,1
bonus3,4.2,46.5,1
bonus3,4.2,48.2,1
bonus3,4.2,52.5,1
bonus3,4.2,56.6,1
bonus3,4.2,99.7,1
bonus3,4.5,1.9,1
bonus3,4.5,2.9,1
bonus3,4.5,4.5,1
bonus3,4.5,6,1
bonus3,4.5,14.6,1
bonus3,4.5,14.7,1
bonus3,4.5,15.7,1
bonus3,4.5,19.5,1
bonus3,4.5,27,1
bonus3,4.5,29.2,1
bonus3,4.5,31.3,1
bonus3,4.5,35.4,1
bonus3,4.5,40,1
bonus3,4.5,43.9,1
bonus3,4.5,48.3,1
bonus3,4.5,63.6,1
bonus3,4.5,71,1
bonus3,4.5,83.6,1
bonus3,4.5,86.8,1
bonus3,4.5,90.7,1
bonus3,4.5,92.6,1
bonus3,4.8,12.2,1
bonus3,4.8,17.4,1
bonus3,4.8,19.6,1
bonus3,4.8,24.3,1
bonus3,4.8,29.3,1
bonus3,4.8,29.4,1
bonus3,4.8,34.9,1
bonus3,4.8,35.2,1
bonus3,4.8,35.7,1
bonus3,4.8,35.8,1
bonus3,4.8,42,1
bonus3,4.8,48.5,1
bonus3,4.8,57.3,1
bonus3,4.8,70.9,2
bonus3,4.8,77,1
bonus3,4.8,82,1
bonus3,4.8,96.7,1
bonus3,4.8,98,1
bonus3,5,8.3,1
bonus3,5,30.6,1
bonus3,5,41.5,1
bonus3,5,42.5,1
bonus3,5,43.5,1
bonus3,5,46.2,1
bonus3,5,48.4,1
bonus3,5,50.8,1
bonus3,5,54.5,1
bonus3,5,55.9,1
bonus3,5,56.4,1
bonus3,5,60.3,1
bonus3,5,61.5,1
bonus3,5,74.8,1
bonus3,5,78.4,1
bonus3,5,80,1
bonus3,5,82.6,1
bonus3,5,83.3,1
bonus3,5,87.3,1
bonus3,5,88.2,1
bonus3,5,93,1
bonus3,5,94.9,1
bonus3,5.4,3,1
bonus3,5.4,4.2,1
bonus3,5.4,7.1,1
bonus3,5.4,11.6,1
bonus3,5.4,20.8,1
bonus3,5.4,24.6,1
bonus3,5.4,25.6,1
bonus3,5.4,26.4,1
bonus3,5.4,30.3,1
bonus3,5.4,31.7,1
bonus3,5.4,38.8,1
bonus3,5.4,40.6,1
bonus3,5.4,41.9,1
bonus3,5.4,42.2,1
bonus3,5.4,46.5,1
bonus3,5.4,47.6,1
bonus3,5.4,55.6,1
bonus3,5.4,56.3,1
bonus3,5.4,56.4,1
bonus3,5.4,71.6,2
bonus3,5.4,73.7,1
bonus3,5.4,75.8,1
bonus3,5.4,79.1,1
bonus3,5.4,90.7,1
bonus3,5.4,94.4,1
bonus3,5.4,98.5,1
bonus3,5.4,98.7,1
bonus3,5.7,1.9,1
bonus3,5.7,4.2,1
bonus3,5.7,17.1,1
bonus3,5.7,27.1,1
bonus3,5.7,35.9,1
bonus3,5.7,36.2,1
bonus3,5.7,36.4,1
bonus3,5.7,39.3,1
bonus3,5.7,40.5,1
bonus3,5.7,47.9,1
bonus3,5.7,49,1
bonus3,5.7,56.6,1
bonus3,5.7,60.3,1
bonus3,5.7,62.6,1
bonus3,5.7,69.5,1
bonus3,5.7,70.1,1
bonus3,5.7,75.8,1
bonus3,5.7,81.9,1
bonus3,5.7,86.2,1
bonus3,5.7,90.2,1
bonus3,5.7,94.1,1
bonus3,5.7,95.7,1
bonus3,6.1,4.4,1
bonus3,6.1,11,1
bonus3,6.1,15.3,1
bonus3,6.1,17.3,1
bonus3,6.1,20.3,1
bonus3,6.1,24,1
bonus3,6.1,29,1
bonus3,6.1,35.3,1
bonus3,6.1,36.5,1
bonus3,6.1,37.5,1
bonus3,6.1,39.7,1
bonus3,6.1,42.4,1
bonus3,6.1,43.5,1
bonus3,6.1,46.3,1
bonus3,6.1,46.9,1
bonus3,6.1,47.5,1
bonus3,6.1,49.7,1
bonus3,6.1,50.6,2
bonus3,6.1,52.1,1
bonus3,6.1,57.7,1
bonus3,6.1,58.9,1
bonus3,6.1,62.4,1
bonus3,6.1,63.7,1
bonus3,6.1,65.8,1
bonus3,6.1,66.8,1
bonus3,6.1,67.4,1
bonus3,6.1,88.2,1
bonus3,6.1,94.1,1
bonus3,6.4,1.5,1
bonus3,6.4,2.6,1
bonus3,6.4,3.6,1
bonus3,6.4,9,1
bonus3,6.4,10.9,1
bonus3,6.4,19.4,1
bonus3,6.4,23.5,1
bonus3,6.4,24.9,1
bonus3,6.4,26.9,1
bonus3,6.4,27.3,1
bonus3,6.4,36.3,1
bonus3,6.4,37.9,1
bonus3,6.4,43.2,1
bonus3,6.4,43.6,1
bonus3,6.4,49.2,1
bonus3,6.4,49.9,1
bonus3,6.4,52.1,2
bonus3,6.4,54,1
bonus3,6.4,59,1
bonus3,6.4,64.1,1
bonus3,6.4,66,1
bonus3,6.4,71.9,1
bonus3,6.4,77.2,1
bonus3,6.4,83.4,1
bonus3,6.4,85.4,1
bonus3,6.4,90.8,1
bonus3,6.4,93.5,1
bonus3,6.9,3.1,1
bonus3,6.9,4.1,1
bonus3,6.9,6.2,1
bonus3,6.9,8.5,1
bonus3,6.9,9.9,1
bonus3,6.9,10.4,1
bonus3,6.9,12.5,1
bonus3,6.9,14.8,1
bonus3,6.9,15.3,1
bonus3,6.9,16.1,1
bonus3,6.9,17.9,1
bonus3,6.9,18,1
bonus3,6.9,18.5,1
bonus3,6.9,19.1,1
bonus3,6.9,19.2,2
bonus3,6.9,19.8,1
bonus3,6.9,26.9,1
bonus3,6.9,31.3,1
bonus3,6.9,33.3,1
bonus3,6.9,36.6,1
bonus3,6.9,37.9,1
bonus3,6.9,38.3,1
bonus3,6.9,39.8,1
bonus3,6.9,40,1
bonus3,6.9,40.2,1
bonus3,6.9,40.8,1
bonus3,6.9,41.4,1
bonus3,6.9,44.2,1
bonus3,6.9,46.7,1
bonus3,6.9,47.1,1
bonus3,6.9,49.3,1
bonus3,6.9,56.6,1
bonus3,6.9,66.8,1
bonus3,6.9,69.4,1
bonus3,6.9,69.7,1
bonus3,6.9,74.1,1
bonus3,6.9,75.6,1
bonus3,6.9,76,1
bonus3,6.9,78.8,1
bonus3,6.9,80.8,1
bonus3,6.9,81.3,1
bonus3,7.4,1.1,1
bonus3,7.4,3.6,1
bonus3,7.4,4.1,1
bonus3,7.4,7.1,1
bonus3,7.4,8,1
bonus3,7.4,8.6,1
bonus3,7.4,9.1,1
bonus3,7.4,10.8,1
bonus3,7.4,11.4,1
bonus3,7.4,13.5,1
bonus3,7.4,21.7,1
bonus3,7.4,24.6,1
bonus3,7.4,26.2,1
bonus3,7.4,29.6,1
bonus3,7.4,29.7,1
bonus3,7.4,30,1
bonus3,7.4,31.5,1
bonus3,7.4,33.6,1
bonus3,7.4,35.2,1
bonus3,7.4,45.1,1
bonus3,7.4,51.7,1
bonus3,7.4,56.9,1
bonus3,7.4,59.3,1
bonus3,7.4,73.1,1
bonus3,7.4,73.2,1
bonus3,7.4,75.1,1
bonus3,7.4,82.9,1
bonus3,7.4,85.9,1
bonus3,7.4,86.3,2
bonus3,7.4,87.6,1
bonus3,7.4,88.9,1
bonus3,7.4,93.3,1
bonus3,7.4,95.3,1
bonus3,7.4,97.8,1
bonus3,7.9,4.1,1
bonus3,7.9,5.7,1
bonus3,7.9,10.3,1
bonus3,7.9,12.8,1
bonus3,7.9,19,1
bonus3,7.9,20.3,1
bonus3,7.9,21.2,1
bonus3,7.9,21.8,1
bonus3,7.9,22,1
bonus3,7.9,24.1,1
bonus3,7.9,25.5,1
bonus3,7.9,26.7,1
bonus3,7.9,28,1
bonus3,7.9,28.3,1
bonus3,7.9,29.8,2
bonus3,7.9,30,1
bonus3,7.9,44.3,1
bonus3,7.9,47.3,1
bonus3,7.9,47.7,1
bonus3,7.9,48.7,1
bonus3,7.9,49.1,1
bonus3,7.9,50.4,1
bonus3,7.9,54.6,1
bonus3,7.9,58,1
bonus3,7.9,59.6,1
bonus3,7.9,65.4,1
bonus3,7.9,68.6,1
bonus3,7.9,79.7,1
bonus3,7.9,80.6,2
bonus3,7.9,81.8,1
bonus3,7.9,84.3,1
bonus3,7.9,86.8,1
bonus3,7.9,89.7,1
bonus3,7.9,92.6,1
bonus3,7.9,92.9,1
bonus3,7.9,93,1
bonus3,7.9,94.7,1
bonus3,7.9,94.8,1
bonus3,8.5,0.1,2
bonus3,8.5,0.5,1
bonus3,8.5,1.9,1
bonus3,8.5,3.8,1
bonus3,8.5,6.1,1
bonus3,8.5,8.2,1
bonus3,8.5,8.3,1
bonus3,8.5,8.5,1
bonus3,8.5,9.1,1
bonus3,8.5,9.6,1
bonus3,8.5,11.7,1
bonus3,8.5,15,1
bonus3,8.5,21.3,1
bonus3,8.5,21.5,1
bonus3,8.5,21.7,1
bonus3,8.5,23.1,1
bonus3,8.5,24.9,1
bonus3,8.5,30.6,1
bonus3,8.5,32.4,1
bonus3,8.5,45.2,1
bonus3,8.5,46.7,2
bonus3,8.5,52.5,1
bonus3,8.5,56.6,1
bonus3,8.5,56.9,1
bonus3,8.5,58.4,1
bonus3,8.5,62.2,1
bonus3,8.5,63.7,1
bonus3,8.5,64.7,1
bonus3,8.5,65.5,1
bonus3,8.5,67,1
bonus3,8.5,70.4,1
bonus3,8.5,71.8,1
bonus3,8.5,72,1
bonus3,8.5,73.3,1
bonus3,8.5,88.2,1
bonus3,8.5,89.8,1
bonus3,8.5,94.2,1
bonus3,8.5,95.4,1
bonus3,9.1,1.2,1
bonus3,9.1,1.7,1
bonus3,9.1,6.4,1
bonus3,9.1,6.8,1
bonus3,9.1,7.5,1
bonus3,9.1,7.8,1
bonus3,9.1,7.9,1
bonus3,9.1,9.4,1
bonus3,9.1,11.3,1
bonus3,9.1,12.8,1
bonus3,9.1,12.9,1
bonus3,9.1,13.7,1
bonus3,9.1,15.7,1
bonus3,9.1,19.2,1
bonus3,9.1,20.8,1
bonus3,9.1,21.9,1
bonus3,9.1,23.4,1
bonus3,9.1,23.7,1
bonus3,9.1,28.6,1
bonus3,9.1,30.9,1
bonus3,9.1,31,1
bonus3,9.1,31.1,1
bonus3,9.1,37.2,1
bonus3,9.1,37.3,1
bonus3,9.1,37.9,1
bonus3,9.1,38,1
bonus3,9.1,39.4,1
bonus3,9.1,44.7,1
bonus3,9.1,46.4,1
bonus3,9.1,51.7,1
bonus3,9.1,52.9,1
bonus3,9.1,56.7,1
bonus3,9.1,59.5,1
bonus3,9.1,61.5,1
bonus3,9.1,63.3,1
bonus3,9.1,63.9,1
bonus3,9.1,68.2,1
bonus3,9.1,71,1
bonus3,9.1,72.1,1
bonus3,9.1,73.1,1
bonus3,9.1,73.9,2
bonus3,9.1,74.4,1
bonus3,9.1,77.8,1
bonus3,9.1,78.7,1
bonus3,9.1,80,1
bonus3,9.1,80.2,1
bonus3,9.1,82.7,1
bonus3,9.1,82.9,1
bonus3,9.1,84.3,1
bonus3,9.1,95.2,1
bonus3,9.7,1.8,1
bonus3,9.7,2.1,1
bonus3,9.7,6.2,1
bonus3,9.7,7.6,1
bonus3,9.7,9.5,1
bonus3,9.7,9.7,1
bonus3,9.7,11.1,1
bonus3,9.7,13.7,1
bonus3,9.7,15.4,1
bonus3,9.7,18.3,1
bonus3,9.7,23.8,1
bonus3,9.7,28.7,1
bonus3,9.7,33.5,1
bonus3,9.7,35,1
bonus3,9.7,36.9,1
bonus3,9.7,40.6,1
bonus3,9.7,41.1,1
bonus3,9.7,44.1,1
bonus3,9.7,49.3,1
bonus3,9.7,53.4,1
bonus3,9.7,54.1,1
bonus3,9.7,55.1,1
bonus3,9.7,56,1
bonus3,9.7,57.6,1
bonus3,9.7,57.8,1
bonus3,9.7,59.7,1
bonus3,9.7,60.8,2
bonus3,9.7,64,1
bonus3,9.7,68.6,1
bonus3,9.7,69.2,1
bonus3,9.7,70.7,1
bonus3,9.7,71.1,1
bonus3,9.7,74.8,1
bonus3,9.7,77.6,1
bonus3,9.7,79,1
bonus3,9.7,83.7,1
bonus3,9.7,88.8,1
bonus3,9.7,89.8,1
bonus3,9.7,90.2,1
bonus3,10.4,0.1,1
bonus3,10.4,0.4,1
bonus3,10.4,2.8,1
bonus3,10.4,5.8,1
bonus3,10.4,9.1,1
bonus3,10.4,10.3,1
bonus3,10.4,10.9,1
bonus3,10.4,11,1
bonus3,10.4,12.4,1
bonus3,10.4,13.9,1
bonus3,10.4,14,1
bonus3,10.4,15.1,1
bonus3,10.4,18.7,1
bonus3,10.4,21.1,1
bonus3,10.4,23.1,1
bonus3,10.4,27,1
bonus3,10.4,27.4,1
bonus3,10.4,29.1,1
bonus3,10.4,30.4,1
bonus3,10.4,30.9,1
bonus3,10.4,31.8,1
bonus3,10.4,31.9,1
bonus3,10.4,34.3,1
bonus3,10.4,38.3,1
bonus3,10.4,38.9,1
bonus3,10.4,39.1,1
bonus3,10.4,39.3,1
bonus3,10.4,40.2,1
bonus3,10.4,40.3,1
bonus3,10.4,40.5,1
bonus3,10.4,42.7,1
bonus3,10.4,43.6,1
bonus3,10.4,44.1,1
bonus3,10.4,44.2,1
bonus3,10.4,48.2,1
bonus3,10.4,50.2,1
bonus3,10.4,50.8,1
bonus3,10.4,52.3,1
bonus3,10.4,52.5,1
bonus3,10.4,54.5,1
bonus3,10.4,56.1,1
bonus3,10.4,57.9,1
bonus3,10.4,58.2,1
bonus3,10.4,58.5,1
bonus3,10.4,62.7,1
bonus3,10.4,64,1
bonus3,10.4,64.5,1
bonus3,10.4,67.2,1
bonus3,10.4,69.7,1
bonus3,10.4,70,1
bonus3,10.4,74.1,2
bonus3,10.4,74.2,1
bonus3,10.4,75.4,1
bonus3,10.4,76.4,1
bonus3,10.4,77.6,1
bonus3,10.4,78.3,1
bonus3,10.4,78.8,1
bonus3,10.4,81.1,1
bonus3,10.4,85.1,1
bonus3,10.4,86.5,1
bonus3,10.4,88.6,1
bonus3,10.4,93.7,1
bonus3,10.4,95.4,1
bonus3,10.4,99.2,1
bonus3,11.2,4.6,1
bonus3,11.2,5.1,1
bonus3,11.2,5.4,1
bonus3,11.2,5.5,1
bonus3,11.2,10,1
bonus3,11.2,10.4,1
bonus3,11.2,13.8,1
bonus3,11.2,16.2,1
bonus3,11.2,16.9,1
bonus3,11.2,17,1
bonus3,11.2,17.2,1
bonus3,11.2,17.4,1
bonus3,11.2,18.3,1
bonus3,11.2,19,1
bonus3,11.2,19.1,1
bonus3,11.2,19.3,1
bonus3,11.2,21.4,1
bonus3,11.2,21.6,1
bonus3,11.2,24.2,1
bonus3,11.2,26.3,1
bonus3,11.2,26.8,1
bonus3,11.2,27,1
bonus3,11.2,27.6,1
bonus3,11.2,29.5,1
bonus3,11.2,30.2,1
bonus3,11.2,42.1,1
bonus3,11.2,44.2,1
bonus3,11.2,45.2,1
bonus3,11.2,46.6,1
bonus3,11.2,46.9,1
bonus3,11.2,47.6,1
bonus3,11.2,51.4,1
bonus3,11.2,54.4,1
bonus3,11.2,54.9,1
bonus3,11.2,55,1
bonus3,11.2,62.9,1
bonus3,11.2,65.1,1
bonus3,11.2,65.2,1
bonus3,11.2,68.2,1
bonus3,11.2,69.4,1
bonus3,11.2,70,1
bonus3,11.2,70.1,1
bonus3,11.2,70.2,1
bonus3,11.2,72.7,1
bonus3,11.2,73,1
bonus3,11.2,78.2,1
bonus3,11.2,82.1,1
bonus3,11.2,83.1,1
bonus3,11.2,85.7,1
bonus3,11.2,88.2,1
bonus3,11.2,89.1,1
bonus3,12,0.2,1
bonus3,12,0.7,1
bonus3,12,2.2,1
bonus3,12,2.4,1
bonus3,12,4.6,1
bonus3,12,6.4,1
bonus3,12,6.7,1
bonus3,12,7.2,1
bonus3,12,7.6,1
bonus3,12,10.8,1
bonus3,12,12.8,1
bonus3,12,13.2,1
bonus3,12,15.6,1
bonus3,12,18,1
bonus3,12,19.8,1
bonus3,12,21.6,1
bonus3,12,23.6,1
bonus3,12,24.4,1
bonus3,12,24.8,1
bonus3,12,26.3,2
bonus3,12,30.5,1
bonus3,12,31.9,1
bonus3,12,36,1
bonus3,12,36.5,1
bonus3,12,36.7,1
bonus3,12,37.4,1
bonus3,12,38.5,1
bonus3,12,38.8,1
bonus3,12,39.1,1
bonus3,12,40.2,1
bonus3,12,40.3,1
bonus3,12,55.7,1
bonus3,12,55.9,1
bonus3,12,56,1
bonus3,12,57.6,1
bonus3,12,57.9,1
bonus3,12,60.6,1
bonus3,12,62.7,1
bonus3,12,68.3,1
bonus3,12,70.1,1
bonus3,12,70.6,1
bonus3,12,71.1,1
bonus3,12,71.7,1
bonus3,12,72,1
bonus3,12,76.6,1
bonus3,12,77.4,1
bonus3,12,77.9,1
bonus3,12,81.7,1
bonus3,12,83.4,1
bonus3,12,84.4,2
bonus3,12,84.5,1
bonus3,12,87.1,1
bonus3,12,88.6,1
bonus3,12,91.2,1
bonus3,12,92.9,1
bonus3,12,93.7,1
bonus3,12,95.4,1
bonus3,12,96.8,1
bonus3,12.7,2.3,1
bonus3,12.7,3.1,1
bonus3,12.7,3.6,1
bonus3,12.7,4.1,1
bonus3,12.7,4.2,1
bonus3,12.7,7,1
bonus3,12.7,7.8,1
bonus3,12.7,8.8,1
bonus3,12.7,12,1
bonus3,12.7,12.3,1
bonus3,12.7,14.3,1
bonus3,12.7,15.1,1
bonus3,12.7,16.1,1
bonus3,12.7,16.6,1
bonus3,12.7,18.1,1
bonus3,12.7,18.7,1
bonus3,12.7,19.9,1
bonus3,12.7,21.2,1
bonus3,12.7,25.7,1
bonus3,12.7,26.1,1
bonus3,12.7,27.5,1
bonus3,12.7,28.9,1
bonus3,12.7,31.2,1
bonus3,12.7,31.4,1
bonus3,12.7,31.8,1
bonus3,12.7,34,1
bonus3,12.7,35.5,1
bonus3,12.7,36.9,1
bonus3,12.7,39.1,1
bonus3,12.7,40.1,1
bonus3,12.7,45.9,1
bonus3,12.7,50.9,1
bonus3,12.7,52.7,1
bonus3,12.7,53.3,1
bonus3,12.7,61,1
bonus3,12.7,67.9,1
bonus3,12.7,68.1,1
bonus3,12.7,70.5,1
bonus3,12.7,72.2,1
bonus3,12.7,73.5,1
bonus3,12.7,74.4,1
bonus3,12.7,83.1,1
bonus3,12.7,86.3,1
bonus3,12.7,95.7,1
bonus3,12.7,96.9,1
bonus3,12.7,98.3,1
bonus3,13.6,0.4,1
bonus3,13.6,6,1
bonus3,13.6,6.1,1
bonus3,13.6,6.9,1
bonus3,13.6,7.3,1
bonus3,13.6,7.9,1
bonus3,13.6,8.6,1
bonus3,13.6,9.3,1
bonus3,13.6,9.4,1
bonus3,13.6,10,1
bonus3,13.6,12,1
bonus3,13.6,12.6,1
bonus3,13.6,12.9,1
bonus3,13.6,17.7,1
bonus3,13.6,18,1
bonus3,13.6,18.8,1
bonus3,13.6,23.3,1
bonus3,13.6,24.4,1
bonus3,13.6,24.7,1
bonus3,13.6,26.3,1
bonus3,13.6,28,1
bonus3,13.6,30,1
bonus3,13.6,30.1,1
bonus3,13.6,31.1,1
bonus3,13.6,31.6,1
bonus3,13.6,33.9,1
bonus3,13.6,34.4,1
bonus3,13.6,35.7,2
bonus3,13.6,37,1
bonus3,13.6,40,1
bonus3,13.6,41.2,1
bonus3,13.6,41.4,1
bonus3,13.6,43.6,1
bonus3,13.6,43.7,1
bonus3,13.6,45.3,1
bonus3,13.6,46.2,1
bonus3,13.6,49.5,1
bonus3,13.6,49.6,1
bonus3,13.6,49.8,1
bonus3,13.6,50.7,1
bonus3,13.6,53.6,1
bonus3,13.6,55.6,1
bonus3,13.6,55.7,1
bonus3,13.6,56.8,1
bonus3,13.6,57,1
bonus3,13.6,57.3,1
bonus3,13.6,58,1
bonus3,13.6,59.4,1
bonus3,13.6,60.6,1
bonus3,13.6,61.6,1
bonus3,13.6,61.8,2
bonus3,13.6,63.8,1
bonus3,13.6,64.5,1
bonus3,13.6,65.1,1
bonus3,13.6,65.3,2
bonus3,13.6,65.5,1
bonus3,13.6,65.6,1
bonus3,13.6,66.9,1
bonus3,13.6,68.5,1
bonus3,13.6,70.7,1
bonus3,13.6,72.5,1
bonus3,13.6,73.5,1
bonus3,13.6,75,1
bonus3,13.6,75.1,1
bonus3,13.6,75.8,1
bonus3,13.6,78,1
bonus3,13.6,78.1,1
bonus3,13.6,78.5,1
bonus3,13.6,81.2,1
bonus3,13.6,81.4,1
bonus3,13.6,82.4,1
bonus3,13.6,83.2,1
bonus3,13.6,83.7,1
bonus3,13.6,85.7,1
bonus3,13.6,86.4,1
bonus3,13.6,86.6,1
bonus3,13.6,87.8,1
bonus3,13.6,88.3,1
bonus3,13.6,89.8,1
bonus3,13.6,90.5,1
bonus3,13.6,91.4,1
bonus3,13.6,93,1
bonus3,13.6,95,1
bonus3,14.5,0.4,1
bonus3,14.5,2.5,1
bonus3,14.5,3.8,1
bonus3,14.5,7.1,1
bonus3,14.5,9,1
bonus3,14.5,11.9,2
bonus3,14.5,13.3,1
bonus3,14.5,13.6,1
bonus3,14.5,14.5,1
bonus3,14.5,14.6,1
bonus3,14.5,19.2,1
bonus3,14.5,20.9,1
bonus3,14.5,22.1,1
bonus3,14.5,23.3,1
bonus3,14.5,23.9,1
bonus3,14.5,27.5,1
bonus3,14.5,28.5,1
bonus3,14.5,31.9,1
bonus3,14.5,33.4,1
bonus3,14.5,33.5,1
bonus3,14.5,34.9,1
bonus3,14.5,36.1,1
bonus3,14.5,37.8,1
bonus3,14.5,39,1
bonus3,14.5,39.8,1
bonus3,14.5,40.4,1
bonus3,14.5,43.9,1
bonus3,14.5,44.2,1
bonus3,14.5,44.9,1
bonus3,14.5,45,1
bonus3,14.5,45.8,1
bonus3,14.5,51.3,1
bonus3,14.5,55.1,1
bonus3,14.5,57.6,1
bonus3,14.5,58,1
bonus3,14.5,61,1
bonus3,14.5,61.3,1
bonus3,14.5,62.4,1
bonus3,14.5,63,1
bonus3,14.5,64.9,1
bonus3,14.5,67.8,1
bonus3,14.5,68.2,1
bonus3,14.5,69.5,1
bonus3,14.5,71.6,1
bonus3,14.5,81.4,1
bonus3,14.5,82.1,1
bonus3,14.5,84.4,1
bonus3,14.5,85,1
bonus3,14.5,86.8,1
bonus3,14.5,94.9,1
bonus3,14.5,96.9,1
bonus3,15.7,0,1
bonus3,15.7,0.1,1
bonus3,15.7,0.6,2
bonus3,15.7,0.9,1
bonus3,15.7,1.9,1
bonus3,15.7,2.3,1
bonus3,15.7,2.4,1
bonus3,15.7,2.5,1
bonus3,15.7,4.2,1
bonus3,15.7,4.3,1
bonus3,15.7,4.6,1
bonus3,15.7,5.9,1
bonus3,15.7,7.6,1
bonus3,15.7,7.8,1
bonus3,15.7,7.9,1
bonus3,15.7,8.7,1
bonus3,15.7,9.4,1
bonus3,15.7,10.6,1
bonus3,15.7,11.3,1
bonus3,15.7,11.5,1
bonus3,15.7,12.9,1
bonus3,15.7,13.4,1
bonus3,15.7,13.9,1
bonus3,15.7,15.2,2
bonus3,15.7,17.6,2
bonus3,15.7,19.1,1
bonus3,15.7,20,1
bonus3,15.7,20.3,1
bonus3,15.7,20.4,1
bonus3,15.7,21.9,1
bonus3,15.7,22.1,1
bonus3,15.7,22.4,1
bonus3,15.7,22.8,1
bonus3,15.7,23.2,1
bonus3,15.7,24.2,1
bonus3,15.7,25.3,1
bonus3,15.7,25.4,1
bonus3,15.7,25.5,1
bonus3,15.7,28.4,1
bonus3,15.7,29,1
bonus3,15.7,30.2,1
bonus3,15.7,30.3,2
bonus3,15.7,30.9,1
bonus3,15.7,31.1,1
bonus3,15.7,32.7,1
bonus3,15.7,34.8,1
bonus3,15.7,35.4,1
bonus3,15.7,37.1,1
bonus3,15.7,37.2,1
bonus3,15.7,37.6,1
bonus3,15.7,40.4,1
bonus3,15.7,42.5,2
bonus3,15.7,43.6,1
bonus3,15.7,44.3,1
bonus3,15.7,45,1
bonus3,15.7,45.9,1
bonus3,15.7,48.1,1
bonus3,15.7,48.9,1
bonus3,15.7,49.6,1
bonus3,15.7,49.7,1
bonus3,15.7,50.7,1
bonus3,15.7,50.9,1
bonus3,15.7,51.4,2
bonus3,15.7,52.6,1
bonus3,15.7,53.1,1
bonus3,15.7,53.4,1
bonus3,15.7,53.7,1
bonus3,15.7,54.8,1
bonus3,15.7,55,1
bonus3,15.7,56.7,1
bonus3,15.7,57.1,1
bonus3,15.7,57.4,1
bonus3,15.7,57.5,1
bonus3,15.7,58.1,1
bonus3,15.7,58.3,1
bonus3,15.7,60.1,1
bonus3,15.7,62.4,1
bonus3,15.7,62.8,1
bonus3,15.7,64,1
bonus3,15.7,64.5,1
bonus3,15.7,64.6,1
bonus3,15.7,65.1,2
bonus3,15.7,65.2,1
bonus3,15.7,65.4,1
bonus3,15.7,67.7,2
bonus3,15.7,67.8,1
bonus3,15.7,67.9,1
bonus3,15.7,69.2,1
bonus3,15.7,71.5,1
bonus3,15.7,71.9,1
bonus3,15.7,72.3,1
bonus3,15.7,73.2,1
bonus3,15.7,73.6,1
bonus3,15.7,75.5,1
bonus3,15.7,77.9,1
bonus3,15.7,78.5,1
bonus3,15.7,79.5,1
bonus3,15.7,80.5,1
bonus3,15.7,80.9,1
bonus3,15.7,81.5,1
bonus3,15.7,82.9,1
bonus3,15.7,84.6,1
bonus3,15.7,85.2,1
bonus3,15.7,85.6,1
bonus3,15.7,85.8,1
bonus3,15.7,87.3,1
bonus3,15.7,87.7,1
bonus3,15.7,88.6,1
bonus3,15.7,89.5,1
bonus3,15.7,90.1,1
bonus3,15.7,91.1,1
bonus3,15.7,91.8,1
bonus3,15.7,92,1
bonus3,15.7,92.5,1
bonus3,15.7,92.7,1
bonus3,15.7,92.8,1
bonus3,15.7,94.3,1
bonus3,15.7,96,1
bonus3,15.7,99.6,1
bonus3,17,0.3,1
bonus3,17,2.9,1
bonus3,17,4.9,1
bonus3,17,6.9,1
bonus3,17,8,2
bonus3,17,11.9,1
bonus3,17,13.3,1
bonus3,17,13.5,1
bonus3,17,14.9,1
bonus3,17,15.4,1
bonus3,17,15.5,1
bonus3,17,15.9,1
bonus3,17,16.3,1
bonus3,17,17.3,1
bonus3,17,20,1
bonus3,17,20.8,1
bonus3,17,21.8,1
bonus3,17,22.5,1
bonus3,17,26.7,1
bonus3,17,27.3,1
bonus3,17,27.9,1
bonus3,17,29.9,1
bonus3,17,30.9,1
bonus3,17,31.4,1
bonus3,17,32,1
bonus3,17,33.9,1
bonus3,17,39,1
bonus3,17,39.5,1
bonus3,17,39.8,1
bonus3,17,44.7,1
bonus3,17,47.8,1
bonus3,17,48.8,1
bonus3,17,50.1,1
bonus3,17,53.2,1
bonus3,17,54,1
bonus3,17,54.8,1
bonus3,17,60.8,1
bonus3,17,61.3,1
bonus3,17,61.8,1
bonus3,17,62.6,1
bonus3,17,62.9,1
bonus3,17,63.5,1
bonus3,17,64.3,2
bonus3,17,65.3,1
bonus3,17,67.1,1
bonus3,17,67.8,1
bonus3,17,70.5,1
bonus3,17,71.4,1
bonus3,17,75.2,1
bonus3,17,75.7,2
bonus3,17,77.7,1
bonus3,17,78.6,1
bonus3,17,78.8,1
bonus3,17,82.5,1
bonus3,17,86.7,1
bonus3,17,88.2,1
bonus3,17,88.4,1
bonus3,17,89.6,1
bonus3,17,90.1,1
bonus3,17,90.6,1
bonus3,17,92.2,1
bonus3,17,93.8,1
bonus3,18.2,1.8,1
bonus3,18.2,3,1
bonus3,18.2,3.3,1
bonus3,18.2,4.4,1
bonus3,18.2,4.5,1
bonus3,18.2,5.2,1
bonus3,18.2,5.5,1
bonus3,18.2,6.7,1
bonus3,18.2,10.7,1
bonus3,18.2,10.8,1
bonus3,18.2,12.1,1
bonus3,18.2,12.9,1
bonus3,18.2,14.1,1
bonus3,18.2,14.2,1
bonus3,18.2,14.8,1
bonus3,18.2,15.8,1
bonus3,18.2,16.3,1
bonus3,18.2,16.5,1
bonus3,18.2,19.4,2
bonus3,18.2,19.6,1
bonus3,18.2,19.7,1
bonus3,18.2,21.2,1
bonus3,18.2,21.9,1
bonus3,18.2,22.1,1
bonus3,18.2,23.9,1
bonus3,18.2,24.6,1
bonus3,18.2,26.4,1
bonus3,18.2,28.2,1
bonus3,18.2,29.2,1
bonus3,18.2,29.7,1
bonus3,18.2,30.4,1
bonus3,18.2,31.7,1
bonus3,18.2,33.4,1
bonus3,18.2,33.9,1
bonus3,18.2,34.2,1
bonus3,18.2,35.7,1
bonus3,18.2,36.5,1
bonus3,18.2,36.8,1
bonus3,18.2,37.6,1
bonus3,18.2,39.5,1
bonus3,18.2,40.1,1
bonus3,18.2,41.6,2
bonus3,18.2,44.5,1
bonus3,18.2,44.7,1
bonus3,18.2,45.6,1
bonus3,18.2,46.2,1
bonus3,18.2,46.6,1
bonus3,18.2,47,1
bonus3,18.2,47.2,1
bonus3,18.2,47.4,1
bonus3,18.2,47.5,1
bonus3,18.2,47.7,1
bonus3,18.2,49.8,1
bonus3,18.2,51.7,1
bonus3,18.2,51.9,1
bonus3,18.2,52.4,1
bonus3,18.2,52.7,1
bonus3,18.2,53.9,1
bonus3,18.2,54.9,1
bonus3,18.2,56.5,1
bonus3,18.2,56.6,1
bonus3,18.2,56.8,1
bonus3,18.2,57,1
bonus3,18.2,58.7,1
bonus3,18.2,59.2,1
bonus3,18.2,60.2,1
bonus3,18.2,60.9,1
bonus3,18.2,61.5,1
bonus3,18.2,62,1
bonus3,18.2,63.8,1
bonus3,18.2,66.6,1
bonus3,18.2,66.7,1
bonus3,18.2,67.9,1
bonus3,18.2,68.3,1
bonus3,18.2,69.8,1
bonus3,18.2,71.9,1
bonus3,18.2,72.8,1
bonus3,18.2,74.3,1
bonus3,18.2,74.6,1
bonus3,18.2,75.6,1
bonus3,18.2,76.3,1
bonus3,18.2,76.5,1
bonus3,18.2,76.9,1
bonus3,18.2,77.2,1
bonus3,18.2,79.6,1
bonus3,18.2,80.1,1
bonus3,18.2,80.2,1
bonus3,18.2,81.3,1
bonus3,18.2,83.6,1
bonus3,18.2,84.1,1
bonus3,18.2,84.6,1
bonus3,18.2,85.4,1
bonus3,18.2,85.7,1
bonus3,18.2,89.4,1
bonus3,18.2,91.5,1
bonus3,18.2,92.2,1
bonus3,18.2,93.1,1
bonus3,18.2,93.9,1
bonus3,18.2,94.3,1
bonus3,18.2,96.6,1
bonus3,18.2,97.9,1
bonus3,18.2,99.5,1
bonus3,18.2,99.8,1
bonus3,19.4,0,1
bonus3,19.4,1.2,1
bonus3,19.4,1.4,1
bonus3,19.4,2.3,1
bonus3,19.4,3.3,1
bonus3,19.4,4.4,1
bonus3,19.4,4.8,1
bonus3,19.4,5.6,1
bonus3,19.4,9.3,1
bonus3,19.4,10.5,1
bonus3,19.4,11.7,1
bonus3,19.4,12.8,1
bonus3,19.4,14.4,1
bonus3,19.4,17.7,1
bonus3,19.4,17.8,1
bonus3,19.4,18,1
bonus3,19.4,23,1
bonus3,19.4,23.7,1
bonus3,19.4,28.5,1
bonus3,19.4,29.7,1
bonus3,19.4,31.5,1
bonus3,19.4,32.6,1
bonus3,19.4,33.3,1
bonus3,19.4,34,1
bonus3,19.4,36.6,1
bonus3,19.4,38.1,1
bonus3,19.4,38.7,1
bonus3,19.4,39.7,1
bonus3,19.4,40.3,1
bonus3,19.4,41.2,1
bonus3,19.4,42,1
bonus3,19.4,42.7,1
bonus3,19.4,44.9,1
bonus3,19.4,46.8,1
bonus3,19.4,49.7,2
bonus3,19.4,51.3,1
bonus3,19.4,54.3,2
bonus3,19.4,55.3,1
bonus3,19.4,55.5,1
bonus3,19.4,56.8,1
bonus3,19.4,57.3,1
bonus3,19.4,58.5,1
bonus3,19.4,60.7,1
bonus3,19.4,61.9,1
bonus3,19.4,63.2,1
bonus3,19.4,63.8,1
bonus3,19.4,65.5,1
bonus3,19.4,66.1,1
bonus3,19.4,69.4,1
bonus3,19.4,69.5,2
bonus3,19.4,69.6,1
bonus3,19.4,71.3,1
bonus3,19.4,74,1
bonus3,19.4,75,1
bonus3,19.4,76.1,1
bonus3,19.4,76.6,1
bonus3,19.4,77,1
bonus3,19.4,77.1,1
bonus3,19.4,81,1
bonus3,19.4,81.2,1
bonus3,19.4,82.6,1
bonus3,19.4,84.2,1
bonus3,19.4,85,1
bonus3,19.4,87.3,1
bonus3,19.4,89.1,1
bonus3,19.4,89.6,1
bonus3,19.4,90.4,1
bonus3,19.4,94.3,1
bonus3,19.4,94.8,1
bonus3,19.4,95.5,1
bonus3,20.6,0.8,1
bonus3,20.6,1.3,2
bonus3,20.6,2.4,1
bonus3,20.6,3.8,1
bonus3,20.6,6,1
bonus3,20.6,7.2,1
bonus3,20.6,8.1,1
bonus3,20.6,8.4,1
bonus3,20.6,9.6,1
bonus3,20.6,10.9,1
bonus3,20.6,11.1,1
bonus3,20.6,13.2,2
bonus3,20.6,13.3,1
bonus3,20.6,14,1
bonus3,20.6,15.8,1
bonus3,20.6,16.5,1
bonus3,20.6,18.8,1
bonus3,20.6,19,1
bonus3,20.6,19.8,1
bonus3,20.6,20.1,1
bonus3,20.6,20.3,1
bonus3,20.6,20.7,1
bonus3,20.6,20.9,1
bonus3,20.6,23.3,1
bonus3,20.6,24.6,1
bonus3,20.6,24.8,1
bonus3,20.6,26.5,1
bonus3,20.6,27.7,1
bonus3,20.6,29.3,1
bonus3,20.6,30.5,1
bonus3,20.6,32.4,1
bonus3,20.6,34.6,1
bonus3,20.6,35,1
bonus3,20.6,35.3,1
bonus3,20.6,35.8,3
bonus3,20.6,35.9,1
bonus3,20.6,36.2,1
bonus3,20.6,36.3,1
bonus3,20.6,37,1
bonus3,20.6,37.9,1
bonus3,20.6,38.3,1
bonus3,20.6,40.7,1
bonus3,20.6,41,1
bonus3,20.6,43.2,1
bonus3,20.6,43.7,1
bonus3,20.6,45.6,1
bonus3,20.6,45.9,1
bonus3,20.6,46,1
bonus3,20.6,46.2,1
bonus3,20.6,46.3,1
bonus3,20.6,46.5,1
bonus3,20.6,47.9,2
bonus3,20.6,48,1
bonus3,20.6,49.1,1
bonus3,20.6,50.9,1
bonus3,20.6,51.3,1
bonus3,20.6,51.5,1
bonus3,20.6,51.8,1
bonus3,20.6,54.6,1
bonus3,20.6,56.4,1
bonus3,20.6,57.1,1
bonus3,20.6,57.4,1
bonus3,20.6,60.5,1
bonus3,20.6,60.6,1
bonus3,20.6,61.4,1
bonus3,20.6,61.7,1
bonus3,20.6,61.9,1
bonus3,20.6,62.5,1
bonus3,20.6,62.8,1
bonus3,20.6,63.5,1
bonus3,20.6,64.2,1
bonus3,20.6,64.7,1
bonus3,20.6,64.9,1
bonus3,20.6,65.8,1
bonus3,20.6,66,1
bonus3,20.6,66.4,1
bonus3,20.6,67.4,1
bonus3,20.6,68.4,1
bonus3,20.6,69.6,1
bonus3,20.6,73,1
bonus3,20.6,74.1,1
bonus3,20.6,75.8,2
bonus3,20.6,79.9,1
bonus3,20.6,80.6,1
bonus3,20.6,80.8,2
bonus3,20.6,83.3,1
bonus3,20.6,84.4,1
bonus3,20.6,86,1
bonus3,20.6,88,1
bonus3,20.6,88.4,1
bonus3,20.6,89,1
bonus3,20.6,89.1,1
bonus3,20.6,90.7,1
bonus3,20.6,91.2,1
bonus3,20.6,91.7,1
bonus3,20.6,92.7,1
bonus3,20.6,93.6,1
bonus3,20.6,96,1
bonus3,22,0.4,1
bonus3,22,0.9,1
bonus3,22,2.5,1
bonus3,22,3.7,1
bonus3,22,5,2
bonus3,22,5.4,1
bonus3,22,5.8,1
bonus3,22,5.9,1
bonus3,22,7.2,1
bonus3,22,7.5,1
bonus3,22,8.3,1
bonus3,22,8.4,1
bonus3,22,9.2,1
bonus3,22,10.1,1
bonus3,22,11.1,1
bonus3,22,11.4,1
bonus3,22,14.5,1
bonus3,22,16.2,1
bonus3,22,16.6,1
bonus3,22,17.1,1
bonus3,22,18.2,1
bonus3,22,18.7,1
bonus3,22,21.5,1
bonus3,22,21.7,1
bonus3,22,22.2,1
bonus3,22,22.3,1
bonus3,22,23.7,1
bonus3,22,23.8,1
bonus3,22,25.5,1
bonus3,22,25.9,1
bonus3,22,26.1,1
bonus3,22,27.2,1
bonus3,22,28,1
bonus3,22,28.2,1
bonus3,22,29.2,1
bonus3,22,30.9,1
bonus3,22,32.4,1
bonus3,22,32.5,1
bonus3,22,33.2,1
bonus3,22,34.8,1
bonus3,22,35.6,1
bonus3,22,37.9,1
bonus3,22,39.7,1
bonus3,22,40.5,1
bonus3,22,41.7,1
bonus3,22,42.3,1
bonus3,22,44.5,1
bonus3,22,44.7,1
bonus3,22,45.1,1
bonus3,22,46.5,1
bonus3,22,49.5,2
bonus3,22,49.9,1
bonus3,22,52.5,1
bonus3,22,52.8,1
bonus3,22,53.6,1
bonus3,22,53.7,1
bonus3,22,54.7,2
bonus3,22,55.8,1
bonus3,22,56.8,1
bonus3,22,57.9,1
bonus3,22,58.5,1
bonus3,22,59.6,1
bonus3,22,59.8,1
bonus3,22,60.4,1
bonus3,22,60.7,1
bonus3,22,61.7,1
bonus3,22,62,1
bonus3,22,63.4,1
bonus3,22,64.2,1
bonus3,22,64.8,1
bonus3,22,66.4,1
bonus3,22,66.9,1
bonus3,22,67.2,1
bonus3,22,67.8,1
bonus3,22,70.1,1
bonus3,22,70.4,1
bonus3,22,70.8,1
bonus3,22,73.4,1
bonus3,22,74.5,1
bonus3,22,75.3,1
bonus3,22,75.7,1
bonus3,22,77.6,1
bonus3,22,79.1,2
bonus3,22,79.3,1
bonus3,22,81.5,2
bonus3,22,82.6,1
bonus3,22,83.1,1
bonus3,22,83.3,1
bonus3,22,86.2,1
bonus3,22,87,1
bonus3,22,89.9,1
bonus3,22,95.4,1
bonus3,22,95.7,1
bonus3,22,96.5,1
bonus3,22,97.1,1
bonus3,22,97.2,1
bonus3,22,98,1
bonus3,23.7,0.5,1
bonus3,23.7,1.7,2
bonus3,23.7,4.6,1
bonus3,23.7,4.8,1
bonus3,23.7,5,1
bonus3,23.7,5.2,1
bonus3,23.7,5.4,1
bonus3,23.7,5.9,1
bonus3,23.7,6.6,1
bonus3,23.7,6.7,2
bonus3,23.7,7.4,1
bonus3,23.7,8.4,1
bonus3,23.7,9.5,1
bonus3,23.7,9.6,1
bonus3,23.7,10.3,1
bonus3,23.7,12.4,1
bonus3,23.7,12.7,2
bonus3,23.7,12.9,1
bonus3,23.7,14.2,1
bonus3,23.7,15.2,1
bonus3,23.7,15.6,1
bonus3,23.7,15.8,1
bonus3,23.7,17.6,1
bonus3,23.7,17.8,1
bonus3,23.7,18.4,1
bonus3,23.7,18.7,1
bonus3,23.7,18.9,3
bonus3,23.7,19.4,1
bonus3,23.7,20,1
bonus3,23.7,20.8,1
bonus3,23.7,21.7,1
bonus3,23.7,22.7,2
bonus3,23.7,22.8,1
bonus3,23.7,23,1
bonus3,23.7,23.8,1
bonus3,23.7,24.3,1
bonus3,23.7,25,1
bonus3,23.7,25.5,1
bonus3,23.7,26.2,1
bonus3,23.7,27.1,1
bonus3,23.7,27.2,1
bonus3,23.7,27.5,1
bonus3,23.7,28,1
bonus3,23.7,28.8,1
bonus3,23.7,29.5,1
bonus3,23.7,30.7,1
bonus3,23.7,31.3,1
bonus3,23.7,31.4,1
bonus3,23.7,32.1,1
bonus3,23.7,32.6,1
bonus3,23.7,32.7,1
bonus3,23.7,33.2,1
bonus3,23.7,35.1,1
bonus3,23.7,35.6,1
bonus3,23.7,35.7,1
bonus3,23.7,36,1
bonus3,23.7,36.7,1
bonus3,23.7,36.9,1
bonus3,23.7,38,1
bonus3,23.7,38.2,1
bonus3,23.7,38.4,1
bonus3,23.7,41.1,1
bonus3,23.7,41.8,2
bonus3,23.7,44.9,1
bonus3,23.7,45.4,1
bonus3,23.7,46.4,1
bonus3,23.7,46.6,1
bonus3,23.7,46.8,1
bonus3,23.7,47,1
bonus3,23.7,49.4,1
bonus3,23.7,49.6,1
bonus3,23.7,51.2,1
bonus3,23.7,51.3,1
bonus3,23.7,54.5,1
bonus3,23.7,55.9,1
bonus3,23.7,56.2,1
bonus3,23.7,56.5,1
bonus3,23.7,57.1,1
bonus3,23.7,57.2,1
bonus3,23.7,57.5,1
bonus3,23.7,59.3,2
bonus3,23.7,61.5,1
bonus3,23.7,62.9,1
bonus3,23.7,63.3,2
bonus3,23.7,63.5,1
bonus3,23.7,64.4,2
bonus3,23.7,64.9,1
bonus3,23.7,65.6,1
bonus3,23.7,66,1
bonus3,23.7,66.3,1
bonus3,23.7,66.4,1
bonus3,23.7,66.9,1
bonus3,23.7,67.8,1
bonus3,23.7,68.1,1
bonus3,23.7,68.5,1
bonus3,23.7,69,1
bonus3,23.7,69.5,1
bonus3,23.7,70.9,1
bonus3,23.7,71,1
bonus3,23.7,71.4,1
bonus3,23.7,72.1,1
bonus3,23.7,72.2,1
bonus3,23.7,73,1
bonus3,23.7,73.6,1
bonus3,23.7,74,1
bonus3,23.7,75.5,1
bonus3,23.7,76.2,1
bonus3,23.7,76.8,1
bonus3,23.7,77.1,1
bonus3,23.7,77.5,1
bonus3,23.7,77.6,1
bonus3,23.7,77.9,1
bonus3,23.7,78.7,1
bonus3,23.7,79.5,1
bonus3,23.7,80.1,1
bonus3,23.7,81.1,1
bonus3,23.7,82.4,1
bonus3,23.7,82.9,1
bonus3,23.7,83.1,1
bonus3,23.7,83.5,1
bonus3,23.7,84.7,1
bonus3,23.7,84.8,1
bonus3,23.7,84.9,1
bonus3,23.7,86.5,1
bonus3,23.7,86.6,1
bonus3,23.7,86.7,1
bonus3,23.7,87.7,2
bonus3,23.7,89.3,1
bonus3,23.7,90.1,1
bonus3,23.7,90.2,2
bonus3,23.7,90.3,1
bonus3,23.7,91.3,1
bonus3,23.7,92,1
bonus3,23.7,94.2,1
bonus3,23.7,95.4,1
bonus3,23.7,95.9,1
bonus3,23.7,96.2,1
bonus3,23.7,98.3,1
bonus3,25.3,0.1,1
bonus3,25.3,0.2,1
bonus3,25.3,3,1
bonus3,25.3,3.5,1
bonus3,25.3,3.7,2
bonus3,25.3,7.4,1
bonus3,25.3,7.7,1
bonus3,25.3,8.1,1
bonus3,25.3,8.9,1
bonus3,25.3,9.1,1
bonus3,25.3,14.7,1
bonus3,25.3,15.5,1
bonus3,25.3,16,1
bonus3,25.3,16.9,1
bonus3,25.3,17,1
bonus3,25.3,18.5,1
bonus3,25.3,19.6,1
bonus3,25.3,20.7,1
bonus3,25.3,21.2,1
bonus3,25.3,22.5,1
bonus3,25.3,23.2,1
bonus3,25.3,23.3,1
bonus3,25.3,24.5,1
bonus3,25.3,25,1
bonus3,25.3,28,1
bonus3,25.3,31,1
bonus3,25.3,33.1,1
bonus3,25.3,33.5,1
bonus3,25.3,34.6,1
bonus3,25.3,34.7,1
bonus3,25.3,35.4,1
bonus3,25.3,40.9,1
bonus3,25.3,41.3,1
bonus3,25.3,43.1,1
bonus3,25.3,43.3,1
bonus3,25.3,43.9,1
bonus3,25.3,44.5,1
bonus3,25.3,44.7,1
bonus3,25.3,45.7,1
bonus3,25.3,46,1
bonus3,25.3,46.1,1
bonus3,25.3,46.7,1
bonus3,25.3,47.2,1
bonus3,25.3,47.8,1
bonus3,25.3,49.4,1
bonus3,25.3,50.5,1
bonus3,25.3,50.6,1
bonus3,25.3,52.1,1
bonus3,25.3,53.5,1
bonus3,25.3,55.5,1
bonus3,25.3,55.7,1
bonus3,25.3,56,1
bonus3,25.3,57,1
bonus3,25.3,58.4,1
bonus3,25.3,59.8,1
bonus3,25.3,60.6,1
bonus3,25.3,61.4,1
bonus3,25.3,61.8,1
bonus3,25.3,63,1
bonus3,25.3,63.1,2
bonus3,25.3,64.1,1
bonus3,25.3,64.5,1
bonus3,25.3,66.2,1
bonus3,25.3,66.3,1
bonus3,25.3,66.5,1
bonus3,25.3,68.6,1
bonus3,25.3,69.2,1
bonus3,25.3,69.3,1
bonus3,25.3,71,1
bonus3,25.3,71.7,1
bonus3,25.3,71.8,1
bonus3,25.3,74.3,1
bonus3,25.3,75,1
bonus3,25.3,75.5,1
bonus3,25.3,79.4,1
bonus3,25.3,80.9,1
bonus3,25.3,81.2,1
bonus3,25.3,82,1
bonus3,25.3,82.8,1
bonus3,25.3,85.8,1
bonus3,25.3,86.9,1
bonus3,25.3,87,1
bonus3,25.3,87.9,1
bonus3,25.3,88.5,1
bonus3,25.3,88.7,1
bonus3,25.3,89.7,1
bonus3,25.3,92.2,1
bonus3,25.3,93.5,1
bonus3,25.3,94,1
bonus3,25.3,95.5,1
bonus3,26.9,0.4,1
bonus3,26.9,0.9,1
bonus3,26.9,1.1,1
bonus3,26.9,1.4,1
bonus3,26.9,1.5,1
bonus3,26.9,1.8,1
bonus3,26.9,2.8,1
bonus3,26.9,3.1,1
bonus3,26.9,3.5,1
bonus3,26.9,3.7,1
bonus3,26.9,5.1,1
bonus3,26.9,6.3,1
bonus3,26.9,6.5,1
bonus3,26.9,6.7,1
bonus3,26.9,7,1
bonus3,26.9,8.2,1
bonus3,26.9,9.4,3
bonus3,26.9,10.1,1
bonus3,26.9,12.3,1
bonus3,26.9,12.8,1
bonus3,26.9,13.5,1
bonus3,26.9,14.7,1
bonus3,26.9,15.9,1
bonus3,26.9,16,1
bonus3,26.9,16.3,2
bonus3,26.9,17,1
bonus3,26.9,17.2,1
bonus3,26.9,17.7,1
bonus3,26.9,19.3,1
bonus3,26.9,19.6,1
bonus3,26.9,20.4,1
bonus3,26.9,21.8,1
bonus3,26.9,22.2,1
bonus3,26.9,22.5,2
bonus3,26.9,22.7,1
bonus3,26.9,22.9,1
bonus3,26.9,24.9,1
bonus3,26.9,25.5,1
bonus3,26.9,26.6,1
bonus3,26.9,26.7,2
bonus3,26.9,27.3,1
bonus3,26.9,28.4,1
bonus3,26.9,29,1
bonus3,26.9,29.3,1
bonus3,26.9,29.4,1
bonus3,26.9,32.5,1
bonus3,26.9,33,1
bonus3,26.9,33.4,1
bonus3,26.9,33.5,1
bonus3,26.9,33.8,1
bonus3,26.9,34.2,1
bonus3,26.9,34.4,1
bonus3,26.9,35.7,1
bonus3,26.9,37.2,1
bonus3,26.9,37.5,1
bonus3,26.9,38.5,1
bonus3,26.9,39.1,1
bonus3,26.9,40.8,1
bonus3,26.9,41.7,1
bonus3,26.9,42.4,1
bonus3,26.9,42.6,2
bonus3,26.9,44,2
bonus3,26.9,45.1,1
bonus3,26.9,45.5,1
bonus3,26.9,45.8,1
bonus3,26.9,45.9,1
bonus3,26.9,47.7,1
bonus3,26.9,48.1,1
bonus3,26.9,49.1,1
bonus3,26.9,49.6,1
bonus3,26.9,50.2,1
bonus3,26.9,50.7,1
bonus3,26.9,50.9,1
bonus3,26.9,51.2,1
bonus3,26.9,51.8,1
bonus3,26.9,52.2,1
bonus3,26.9,52.9,2
bonus3,26.9,55.1,1
bonus3,26.9,56.2,2
bonus3,26.9,57,1
bonus3,26.9,58.3,1
bonus3,26.9,60.2,1
bonus3,26.9,62.2,1
bonus3,26.9,62.3,1
bonus3,26.9,62.5,1
bonus3,26.9,63,1
bonus3,26.9,63.2,1
bonus3,26.9,63.5,1
bonus3,26.9,63.7,1
bonus3,26.9,64.7,1
bonus3,26.9,66.2,1
bonus3,26.9,66.4,1
bonus3,26.9,66.6,1
bonus3,26.9,66.9,1
bonus3,26.9,67.5,1
bonus3,26.9,67.8,1
bonus3,26.9,68,1
bonus3,26.9,69,1
bonus3,26.9,70.1,1
bonus3,26.9,70.3,1
bonus3,26.9,70.6,1
bonus3,26.9,71.3,1
bonus3,26.9,72.8,1
bonus3,26.9,74.4,1
bonus3,26.9,75.1,1
bonus3,26.9,76,1
bonus3,26.9,76.6,1
bonus3,26.9,77.5,1
bonus3,26.9,77.6,1
bonus3,26.9,77.8,1
bonus3,26.9,78.4,1
bonus3,26.9,79.5,1
bonus3,26.9,79.7,1
bonus3,26.9,79.8,1
bonus3,26.9,80.2,1
bonus3,26.9,80.7,1
bonus3,26.9,82.1,1
bonus3,26.9,83.5,1
bonus3,26.9,84,1
bonus3,26.9,84.3,1
bonus3,26.9,84.6,1
bonus3,26.9,84.8,1
bonus3,26.9,85,1
bonus3,26.9,87.1,1
bonus3,26.9,89.5,1
bonus3,26.9,89.6,1
bonus3,26.9,89.7,1
bonus3,26.9,90,1
bonus3,26.9,90.5,1
bonus3,26.9,91,1
bonus3,26.9,92,1
bonus3,26.9,92.4,1
bonus3,26.9,93.5,1
bonus3,26.9,94.5,1
bonus3,26.9,96.7,1
bonus3,26.9,98.2,1
bonus3,26.9,98.8,1
bonus3,28.6,3.7,1
bonus3,28.6,3.8,1
bonus3,28.6,4,2
bonus3,28.6,4.3,1
bonus3,28.6,4.6,1
bonus3,28.6,4.7,1
bonus3,28.6,6.1,1
bonus3,28.6,8.4,1
bonus3,28.6,8.5,1
bonus3,28.6,9,1
bonus3,28.6,9.7,1
bonus3,28.6,13.4,1
bonus3,28.6,13.8,2
bonus3,28.6,14.8,1
bonus3,28.6,15.4,1
bonus3,28.6,17.5,1
bonus3,28.6,17.9,1
bonus3,28.6,18.1,1
bonus3,28.6,20.4,1
bonus3,28.6,20.7,1
bonus3,28.6,20.9,1
bonus3,28.6,22,1
bonus3,28.6,22.7,1
bonus3,28.6,23,1
bonus3,28.6,23.5,1
bonus3,28.6,24.3,1
bonus3,28.6,25.8,1
bonus3,28.6,26.3,1
bonus3,28.6,28.3,1
bonus3,28.6,28.4,1
bonus3,28.6,30.1,1
bonus3,28.6,30.3,1
bonus3,28.6,32.8,1
bonus3,28.6,33.3,1
bonus3,28.6,34.4,1
bonus3,28.6,34.5,1
bonus3,28.6,35.6,1
bonus3,28.6,37.5,1
bonus3,28.6,37.8,1
bonus3,28.6,39.5,1
bonus3,28.6,41.2,1
bonus3,28.6,41.5,1
bonus3,28.6,42,1
bonus3,28.6,42.6,1
bonus3,28.6,44.8,1
bonus3,28.6,46.9,2
bonus3,28.6,47,1
bonus3,28.6,50.2,1
bonus3,28.6,50.4,1
bonus3,28.6,54.2,1
bonus3,28.6,55.4,1
bonus3,28.6,55.8,1
bonus3,28.6,58.4,1
bonus3,28.6,60.1,1
bonus3,28.6,60.4,2
bonus3,28.6,60.5,2
bonus3,28.6,61,1
bonus3,28.6,61.1,1
bonus3,28.6,62.7,1
bonus3,28.6,63.7,1
bonus3,28.6,64.1,1
bonus3,28.6,64.2,1
bonus3,28.6,64.3,1
bonus3,28.6,65.7,1
bonus3,28.6,66.2,1
bonus3,28.6,66.5,1
bonus3,28.6,66.6,1
bonus3,28.6,66.8,1
bonus3,28.6,67,1
bonus3,28.6,67.2,1
bonus3,28.6,67.6,1
bonus3,28.6,69.1,1
bonus3,28.6,70.5,1
bonus3,28.6,70.6,1
bonus3,28.6,71.6,1
bonus3,28.6,74.4,1
bonus3,28.6,74.8,1
bonus3,28.6,74.9,1
bonus3,28.6,76.8,1
bonus3,28.6,77,1
bonus3,28.6,77.2,1
bonus3,28.6,78.5,1
bonus3,28.6,78.6,1
bonus3,28.6,79.8,1
bonus3,28.6,79.9,1
bonus3,28.6,82.4,1
bonus3,28.6,83.6,1
bonus3,28.6,84.2,1
bonus3,28.6,84.5,1
bonus3,28.6,84.8,1
bonus3,28.6,85.3,1
bonus3,28.6,86,1
bonus3,28.6,87.1,1
bonus3,28.6,87.7,1
bonus3,28.6,87.9,1
bonus3,28.6,88,1
bonus3,28.6,89.5,1
bonus3,28.6,90,1
bonus3,28.6,93.1,1
bonus3,28.6,94.4,1
bonus3,28.6,96.6,1
bonus3,28.6,97,1
bonus3,28.6,98.4,1
bonus3,28.6,99.2,1
bonus3,28.6,100,1
bonus3,30.8,0.5,1
bonus3,30.8,1.4,1
bonus3,30.8,1.7,1
bonus3,30.8,2.4,1
bonus3,30.8,2.5,1
bonus3,30.8,2.6,1
bonus3,30.8,2.8,2
bonus3,30.8,3,1
bonus3,30.8,3.3,1
bonus3,30.8,4.9,1
bonus3,30.8,5,1
bonus3,30.8,5.4,1
bonus3,30.8,5.8,1
bonus3,30.8,6.6,1
bonus3,30.8,7.9,1
bonus3,30.8,9.6,1
bonus3,30.8,9.8,1
bonus3,30.8,10,1
bonus3,30.8,10.3,1
bonus3,30.8,10.4,1
bonus3,30.8,10.5,2
bonus3,30.8,10.7,1
bonus3,30.8,11,1
bonus3,30.8,11.1,1
bonus3,30.8,11.5,1
bonus3,30.8,12.1,1
bonus3,30.8,12.5,1
bonus3,30.8,13.3,1
bonus3,30.8,14.7,1
bonus3,30.8,16.1,2
bonus3,30.8,16.3,1
bonus3,30.8,16.7,1
bonus3,30.8,16.8,1
bonus3,30.8,17.2,1
bonus3,30.8,17.6,1
bonus3,30.8,17.8,1
bonus3,30.8,17.9,1
bonus3,30.8,18.4,1
bonus3,30.8,18.6,1
bonus3,30.8,19.6,1
bonus3,30.8,20,1
bonus3,30.8,20.4,1
bonus3,30.8,20.5,1
bonus3,30.8,22,1
bonus3,30.8,23.1,1
bonus3,30.8,23.2,1
bonus3,30.8,24.3,1
bonus3,30.8,24.7,1
bonus3,30.8,25,2
bonus3,30.8,25.8,1
bonus3,30.8,26,1
bonus3,30.8,26.1,2
bonus3,30.8,26.6,1
bonus3,30.8,26.7,1
bonus3,30.8,26.9,1
bonus3,30.8,27.7,1
bonus3,30.8,27.8,1
bonus3,30.8,27.9,1
bonus3,30.8,28.4,1
bonus3,30.8,28.9,1
bonus3,30.8,29.1,1
bonus3,30.8,29.2,1
bonus3,30.8,31.3,1
bonus3,30.8,31.4,1
bonus3,30.8,31.8,1
bonus3,30.8,32.4,1
bonus3,30.8,32.8,1
bonus3,30.8,33.7,1
bonus3,30.8,33.8,1
bonus3,30.8,34.5,1
bonus3,30.8,34.6,1
bonus3,30.8,35.8,1
bonus3,30.8,36.1,1
bonus3,30.8,36.3,1
bonus3,30.8,36.6,1
bonus3,30.8,36.9,1
bonus3,30.8,37,1
bonus3,30.8,37.5,1
bonus3,30.8,37.8,1
bonus3,30.8,39.2,1
bonus3,30.8,39.4,1
bonus3,30.8,40.6,1
bonus3,30.8,40.9,1
bonus3,30.8,41.1,1
bonus3,30.8,41.4,1
bonus3,30.8,41.8,1
bonus3,30.8,42.5,1
bonus3,30.8,43.6,1
bonus3,30.8,43.8,2
bonus3,30.8,44.1,2
bonus3,30.8,45.2,2
bonus3,30.8,46,1
bonus3,30.8,46.8,1
bonus3,30.8,47,1
bonus3,30.8,47.4,1
bonus3,30.8,47.8,1
bonus3,30.8,48,1
bonus3,30.8,48.1,1
bonus3,30.8,48.6,1
bonus3,30.8,48.7,1
bonus3,30.8,49.1,1
bonus3,30.8,49.2,2
bonus3,30.8,49.4,1
bonus3,30.8,49.5,1
bonus3,30.8,49.8,1
bonus3,30.8,50.5,1
bonus3,30.8,50.6,1
bonus3,30.8,52.7,1
bonus3,30.8,53.4,1
bonus3,30.8,54.2,1
bonus3,30.8,54.3,1
bonus3,30.8,54.4,1
bonus3,30.8,54.9,1
bonus3,30.8,55.1,1
bonus3,30.8,56.5,1
bonus3,30.8,56.8,1
bonus3,30.8,56.9,1
bonus3,30.8,57.3,1
bonus3,30.8,58.1,1
bonus3,30.8,58.6,2
bonus3,30.8,58.8,1
bonus3,30.8,59.7,1
bonus3,30.8,59.9,2
bonus3,30.8,60.7,1
bonus3,30.8,60.9,1
bonus3,30.8,61.8,2
bonus3,30.8,61.9,1
bonus3,30.8,63.4,1
bonus3,30.8,63.8,1
bonus3,30.8,63.9,1
bonus3,30.8,65.2,1
bonus3,30.8,65.3,1
bonus3,30.8,66.5,1
bonus3,30.8,67.1,1
bonus3,30.8,67.7,1
bonus3,30.8,68.8,1
bonus3,30.8,69.8,1
bonus3,30.8,70.1,1
bonus3,30.8,70.3,1
bonus3,30.8,70.6,1
bonus3,30.8,71.2,1
bonus3,30.8,71.3,1
bonus3,30.8,71.9,1
bonus3,30.8,72.3,1
bonus3,30.8,72.7,1
bonus3,30.8,72.8,1
bonus3,30.8,73.2,1
bonus3,30.8,73.5,1
bonus3,30.8,73.7,1
bonus3,30.8,74.2,2
bonus3,30.8,74.6,2
bonus3,30.8,74.9,1
bonus3,30.8,75.6,2
bonus3,30.8,75.7,1
bonus3,30.8,75.8,1
bonus3,30.8,76.2,1
bonus3,30.8,76.7,1
bonus3,30.8,76.8,1
bonus3,30.8,77.1,1
bonus3,30.8,77.5,1
bonus3,30.8,77.8,1
bonus3,30.8,78.1,1
bonus3,30.8,78.3,1
bonus3,30.8,78.4,1
bonus3,30.8,78.8,1
bonus3,30.8,81.1,1
bonus3,30.8,81.5,1
bonus3,30.8,82.1,1
bonus3,30.8,82.5,1
bonus3,30.8,84.9,1
bonus3,30.8,85.3,1
bonus3,30.8,86.1,1
bonus3,30.8,86.4,1
bonus3,30.8,86.6,1
bonus3,30.8,87.1,1
bonus3,30.8,88.1,1
bonus3,30.8,88.4,1
bonus3,30.8,89.9,1
bonus3,30.8,91,1
bonus3,30.8,91.2,1
bonus3,30.8,91.8,1
bonus3,30.8,92.4,1
bonus3,30.8,92.8,1
bonus3,30.8,93.2,1
bonus3,30.8,93.3,1
bonus3,30.8,93.9,1
bonus3,30.8,94,1
bonus3,30.8,94.9,1
bonus3,30.8,95.2,1
bonus3,30.8,96.4,2
bonus3,30.8,97.8,1
bonus3,30.8,99.9,1
bonus3,33.1,1.8,1
bonus3,33.1,2,1
bonus3,33.1,3.2,1
bonus3,33.1,3.4,1
bonus3,33.1,4.7,1
bonus3,33.1,5.8,1
bonus3,33.1,5.9,1
bonus3,33.1,6.3,1
bonus3,33.1,7.4,1
bonus3,33.1,7.5,1
bonus3,33.1,8.1,1
bonus3,33.1,9.2,1
bonus3,33.1,9.6,1
bonus3,33.1,9.8,1
bonus3,33.1,10.1,1
bonus3,33.1,12.3,1
bonus3,33.1,12.5,1
bonus3,33.1,12.6,1
bonus3,33.1,14,1
bonus3,33.1,14.2,1
bonus3,33.1,14.8,1
bonus3,33.1,15.5,1
bonus3,33.1,16.4,1
bonus3,33.1,16.8,1
bonus3,33.1,17.3,1
bonus3,33.1,17.9,1
bonus3,33.1,18.2,1
bonus3,33.1,19.9,1
bonus3,33.1,21.7,1
bonus3,33.1,21.8,1
bonus3,33.1,23.1,1
bonus3,33.1,23.2,1
bonus3,33.1,24.5,1
bonus3,33.1,24.9,1
bonus3,33.1,25.7,1
bonus3,33.1,26.2,1
bonus3,33.1,27.7,1
bonus3,33.1,28.8,1
bonus3,33.1,29.1,1
bonus3,33.1,31.7,1
bonus3,33.1,31.8,1
bonus3,33.1,32.6,1
bonus3,33.1,33.7,1
bonus3,33.1,34.1,1
bonus3,33.1,35.6,1
bonus3,33.1,37.2,1
bonus3,33.1,37.3,1
bonus3,33.1,37.7,1
bonus3,33.1,37.9,1
bonus3,33.1,38.6,1
bonus3,33.1,40.7,1
bonus3,33.1,41.1,1
bonus3,33.1,41.6,1
bonus3,33.1,41.7,1
bonus3,33.1,43,1
bonus3,33.1,44.4,1
bonus3,33.1,47.9,1
bonus3,33.1,51.4,1
bonus3,33.1,51.5,1
bonus3,33.1,51.9,1
bonus3,33.1,52.3,1
bonus3,33.1,52.7,2
bonus3,33.1,53,1
bonus3,33.1,55.1,1
bonus3,33.1,55.4,1
bonus3,33.1,55.9,1
bonus3,33.1,57.5,1
bonus3,33.1,58.2,1
bonus3,33.1,58.5,1
bonus3,33.1,59.1,1
bonus3,33.1,61.3,1
bonus3,33.1,62,1
bonus3,33.1,62.2,1
bonus3,33.1,62.7,1
bonus3,33.1,63.2,1
bonus3,33.1,63.5,1
bonus3,33.1,64.2,1
bonus3,33.1,64.5,1
bonus3,33.1,64.7,1
bonus3,33.1,65.3,1
bonus3,33.1,67,1
bonus3,33.1,67.5,1
bonus3,33.1,67.7,2
bonus3,33.1,68.4,1
bonus3,33.1,68.7,2
bonus3,33.1,70,1
bonus3,33.1,70.2,1
bonus3,33.1,70.4,1
bonus3,33.1,71.1,1
bonus3,33.1,71.2,1
bonus3,33.1,72,1
bonus3,33.1,72.1,1
bonus3,33.1,73.3,1
bonus3,33.1,74.9,1
bonus3,33.1,75.1,1
bonus3,33.1,75.2,1
bonus3,33.1,75.9,1
bonus3,33.1,76.3,2
bonus3,33.1,76.6,1
bonus3,33.1,77.2,1
bonus3,33.1,77.4,1
bonus3,33.1,78.7,1
bonus3,33.1,79,1
bonus3,33.1,80.4,1
bonus3,33.1,82.6,1
bonus3,33.1,84,1
bonus3,33.1,84.7,1
bonus3,33.1,85.3,1
bonus3,33.1,87,1
bonus3,33.1,88.5,1
bonus3,33.1,88.9,1
bonus3,33.1,89.6,1
bonus3,33.1,90.7,1
bonus3,33.1,90.9,1
bonus3,33.1,91.4,1
bonus3,33.1,93.6,1
bonus3,33.1,94.5,1
bonus3,33.1,95.2,1
bonus3,33.1,96,1
bonus3,33.1,96.2,1
bonus3,33.1,97.2,1
bonus3,33.1,98.8,1
bonus3,33.1,98.9,1
bonus3,33.1,99.9,1
bonus3,35.5,0,1
bonus3,35.5,0.3,1
bonus3,35.5,0.4,1
bonus3,35.5,0.5,1
bonus3,35.5,1.1,1
bonus3,35.5,1.4,1
bonus3,35.5,1.5,1
bonus3,35.5,1.6,1
bonus3,35.5,1.7,1
bonus3,35.5,1.9,1
bonus3,35.5,2.3,1
bonus3,35.5,2.4,1
bonus3,35.5,2.6,1
bonus3,35.5,2.8,1
bonus3,35.5,3.2,1
bonus3,35.5,3.4,1
bonus3,35.5,3.5,1
bonus3,35.5,3.8,2
bonus3,35.5,4,1
bonus3,35.5,4.1,1
bonus3,35.5,4.6,1
bonus3,35.5,4.7,1
bonus3,35.5,5.1,2
bonus3,35.5,5.3,1
bonus3,35.5,5.8,1
bonus3,35.5,6.2,1
bonus3,35.5,6.4,1
bonus3,35.5,6.5,1
bonus3,35.5,8.4,1
bonus3,35.5,8.9,1
bonus3,35.5,9.6,1
bonus3,35.5,9.8,1
bonus3,35.5,10.7,1
bonus3,35.5,10.8,1
bonus3,35.5,11.6,1
bonus3,35.5,12.3,1
bonus3,35.5,12.6,1
bonus3,35.5,12.8,1
bonus3,35.5,13.1,1
bonus3,35.5,13.5,1
bonus3,35.5,14,1
bonus3,35.5,14.2,1
bonus3,35.5,15.1,1
bonus3,35.5,15.5,1
bonus3,35.5,15.8,1
bonus3,35.5,15.9,1
bonus3,35.5,16.8,1
bonus3,35.5,17.5,1
bonus3,35.5,18.3,1
bonus3,35.5,19.1,1
bonus3,35.5,19.5,1
bonus3,35.5,19.6,1
bonus3,35.5,20.9,1
bonus3,35.5,21,2
bonus3,35.5,21.4,2
bonus3,35.5,21.5,1
bonus3,35.5,21.6,1
bonus3,35.5,22,1
bonus3,35.5,22.2,1
bonus3,35.5,22.4,1
bonus3,35.5,22.8,1
bonus3,35.5,23.2,1
bonus3,35.5,24.2,1
bonus3,35.5,25,1
bonus3,35.5,25.4,1
bonus3,35.5,26,1
bonus3,35.5,26.1,1
bonus3,35.5,26.6,1
bonus3,35.5,26.7,1
bonus3,35.5,27,1
bonus3,35.5,27.3,1
bonus3,35.5,28.5,1
bonus3,35.5,28.6,1
bonus3,35.5,28.9,1
bonus3,35.5,29.7,1
bonus3,35.5,30.1,1
bonus3,35.5,30.2,1
bonus3,35.5,30.5,1
bonus3,35.5,30.8,1
bonus3,35.5,31.3,1
bonus3,35.5,31.5,1
bonus3,35.5,32,1
bonus3,35.5,32.3,1
bonus3,35.5,32.8,1
bonus3,35.5,33.1,1
bonus3,35.5,33.3,1
bonus3,35.5,33.7,1
bonus3,35.5,33.8,1
bonus3,35.5,34,1
bonus3,35.5,34.1,1
bonus3,35.5,34.5,1
bonus3,35.5,34.9,1
bonus3,35.5,35.1,1
bonus3,35.5,35.8,1
bonus3,35.5,37.7,1
bonus3,35.5,38,1
bonus3,35.5,39.4,1
bonus3,35.5,40.5,1
bonus3,35.5,40.9,1
bonus3,35.5,41.6,2
bonus3,35.5,43.5,1
bonus3,35.5,43.7,1
bonus3,35.5,43.8,1
bonus3,35.5,43.9,1
bonus3,35.5,44.2,1
bonus3,35.5,44.5,1
bonus3,35.5,45.6,1
bonus3,35.5,46.4,1
bonus3,35.5,46.5,1
bonus3,35.5,47.2,1
bonus3,35.5,47.3,1
bonus3,35.5,47.4,1
bonus3,35.5,48.1,1
bonus3,35.5,48.2,1
bonus3,35.5,48.5,1
bonus3,35.5,51,1
bonus3,35.5,51.8,1
bonus3,35.5,51.9,1
bonus3,35.5,52.9,1
bonus3,35.5,53.4,1
bonus3,35.5,55.4,1
bonus3,35.5,55.8,1
bonus3,35.5,56.1,1
bonus3,35.5,56.6,1
bonus3,35.5,56.9,1
bonus3,35.5,57.5,1
bonus3,35.5,57.7,1
bonus3,35.5,57.9,1
bonus3,35.5,58.2,1
bonus3,35.5,59.7,1
bonus3,35.5,59.8,1
bonus3,35.5,60.2,1
bonus3,35.5,60.3,1
bonus3,35.5,60.5,1
bonus3,35.5,60.6,1
bonus3,35.5,61.6,1
bonus3,35.5,62,1
bonus3,35.5,63.3,1
bonus3,35.5,63.8,1
bonus3,35.5,64,2
bonus3,35.5,64.1,1
bonus3,35.5,65,1
bonus3,35.5,65.9,1
bonus3,35.5,66,1
bonus3,35.5,67.1,2
bonus3,35.5,67.2,1
bonus3,35.5,67.5,1
bonus3,35.5,67.6,1
bonus3,35.5,68.1,1
bonus3,35.5,68.2,1
bonus3,35.5,68.4,1
bonus3,35.5,68.7,1
bonus3,35.5,68.8,2
bonus3,35.5,69.3,1
bonus3,35.5,70.7,1
bonus3,35.5,70.8,1
bonus3,35.5,71.4,1
bonus3,35.5,71.5,1
bonus3,35.5,71.9,1
bonus3,35.5,72.6,2
bonus3,35.5,73.3,1
bonus3,35.5,73.9,1
bonus3,35.5,74.1,1
bonus3,35.5,74.6,1
bonus3,35.5,75.4,1
bonus3,35.5,76.7,1
bonus3,35.5,77.8,1
bonus3,35.5,78.5,1
bonus3,35.5,78.6,1
bonus3,35.5,78.8,1
bonus3,35.5,79.2,1
bonus3,35.5,79.3,2
bonus3,35.5,80,1
bonus3,35.5,80.8,1
bonus3,35.5,80.9,1
bonus3,35.5,81.8,1
bonus3,35.5,82.9,1
bonus3,35.5,83.2,1
bonus3,35.5,83.4,1
bonus3,35.5,83.5,1
bonus3,35.5,83.8,1
bonus3,35.5,84.1,3
bonus3,35.5,85.8,1
bonus3,35.5,86.3,1
bonus3,35.5,86.6,1
bonus3,35.5,87.5,2
bonus3,35.5,87.7,1
bonus3,35.5,87.9,1
bonus3,35.5,88,1
bonus3,35.5,88.4,2
bonus3,35.5,89.3,1
bonus3,35.5,90.6,1
bonus3,35.5,91.2,1
bonus3,35.5,91.8,1
bonus3,35.5,92.4,2
bonus3,35.5,92.9,1
bonus3,35.5,93,1
bonus3,35.5,93.4,1
bonus3,35.5,93.5,1
bonus3,35.5,93.6,1
bonus3,35.5,94.4,1
bonus3,35.5,95.1,1
bonus3,35.5,95.3,1
bonus3,35.5,95.8,1
bonus3,35.5,95.9,1
bonus3,35.5,96.6,2
bonus3,35.5,96.8,1
bonus3,35.5,97,1
bonus3,35.5,97.3,1
bonus3,35.5,98.1,1
bonus3,35.5,98.2,1
bonus3,35.5,99,1
bonus3,35.5,99.1,1
bonus3,38.2,0.2,1
bonus3,38.2,0.7,1
bonus3,38.2,0.8,1
bonus3,38.2,1.2,1
bonus3,38.2,2,1
bonus3,38.2,4.4,1
bonus3,38.2,4.8,1
bonus3,38.2,5.5,1
bonus3,38.2,5.7,1
bonus3,38.2,7.1,1
bonus3,38.2,10.6,1
bonus3,38.2,10.8,2
bonus3,38.2,11.2,1
bonus3,38.2,11.6,1
bonus3,38.2,12.7,1
bonus3,38.2,12.9,1
bonus3,38.2,13,1
bonus3,38.2,14,1
bonus3,38.2,14.4,2
bonus3,38.2,14.5,1
bonus3,38.2,15.1,1
bonus3,38.2,15.4,1
bonus3,38.2,15.6,1
bonus3,38.2,15.9,1
bonus3,38.2,16.4,1
bonus3,38.2,16.5,1
bonus3,38.2,17,1
bonus3,38.2,17.8,1
bonus3,38.2,18.1,1
bonus3,38.2,18.2,1
bonus3,38.2,18.9,1
bonus3,38.2,19.8,1
bonus3,38.2,19.9,1
bonus3,38.2,20.1,1
bonus3,38.2,20.5,1
bonus3,38.2,20.7,1
bonus3,38.2,20.9,1
bonus3,38.2,21,1
bonus3,38.2,23.1,1
bonus3,38.2,23.6,1
bonus3,38.2,24.2,1
bonus3,38.2,24.4,1
bonus3,38.2,25.3,1
bonus3,38.2,25.4,1
bonus3,38.2,25.8,1
bonus3,38.2,26.2,1
bonus3,38.2,26.8,1
bonus3,38.2,27.1,1
bonus3,38.2,27.8,1
bonus3,38.2,27.9,2
bonus3,38.2,29.6,3
bonus3,38.2,29.7,1
bonus3,38.2,30.1,1
bonus3,38.2,30.4,2
bonus3,38.2,31.1,1
bonus3,38.2,32.5,1
bonus3,38.2,33.4,1
bonus3,38.2,33.6,1
bonus3,38.2,33.9,1
bonus3,38.2,35.3,1
bonus3,38.2,35.4,1
bonus3,38.2,36.2,1
bonus3,38.2,36.4,1
bonus3,38.2,37.2,1
bonus3,38.2,38.2,1
bonus3,38.2,38.7,1
bonus3,38.2,38.8,1
bonus3,38.2,39.5,1
bonus3,38.2,39.9,1
bonus3,38.2,40.7,1
bonus3,38.2,41.3,1
bonus3,38.2,41.8,1
bonus3,38.2,41.9,1
bonus3,38.2,42.5,1
bonus3,38.2,42.8,1
bonus3,38.2,43.1,1
bonus3,38.2,44.2,1
bonus3,38.2,44.5,1
bonus3,38.2,45,1
bonus3,38.2,45.1,2
bonus3,38.2,45.4,1
bonus3,38.2,45.7,1
bonus3,38.2,45.8,1
bonus3,38.2,46.2,1
bonus3,38.2,47.4,1
bonus3,38.2,47.8,1
bonus3,38.2,49.7,1
bonus3,38.2,49.8,1
bonus3,38.2,50.1,1
bonus3,38.2,50.3,1
bonus3,38.2,50.7,1
bonus3,38.2,51.6,1
bonus3,38.2,55.4,1
bonus3,38.2,55.8,1
bonus3,38.2,56.4,1
bonus3,38.2,57.1,1
bonus3,38.2,57.2,1
bonus3,38.2,58.7,1
bonus3,38.2,58.8,1
bonus3,38.2,59.2,2
bonus3,38.2,59.3,1
bonus3,38.2,60,1
bonus3,38.2,61.6,1
bonus3,38.2,61.7,1
bonus3,38.2,62.1,1
bonus3,38.2,62.2,1
bonus3,38.2,62.4,1
bonus3,38.2,62.5,1
bonus3,38.2,62.8,1
bonus3,38.2,62.9,1
bonus3,38.2,64,1
bonus3,38.2,65.7,1
bonus3,38.2,67.5,1
bonus3,38.2,68.7,1
bonus3,38.2,69,1
bonus3,38.2,69.5,1
bonus3,38.2,69.6,1
bonus3,38.2,69.7,1
bonus3,38.2,69.8,1
bonus3,38.2,70.3,1
bonus3,38.2,71.2,1
bonus3,38.2,71.5,1
bonus3,38.2,72.1,1
bonus3,38.2,72.3,1
bonus3,38.2,72.9,1
bonus3,38.2,74,1
bonus3,38.2,74.2,2
bonus3,38.2,74.3,1
bonus3,38.2,75,1
bonus3,38.2,75.2,1
bonus3,38.2,76.4,1
bonus3,38.2,77.1,1
bonus3,38.2,77.3,1
bonus3,38.2,77.5,1
bonus3,38.2,77.7,1
bonus3,38.2,77.8,1
bonus3,38.2,78.1,1
bonus3,38.2,78.6,1
bonus3,38.2,78.9,1
bonus3,38.2,79,1
bonus3,38.2,79.3,1
bonus3,38.2,79.9,1
bonus3,38.2,80.4,2
bonus3,38.2,82.2,1
bonus3,38.2,82.6,1
bonus3,38.2,83,1
bonus3,38.2,83.2,1
bonus3,38.2,83.5,1
bonus3,38.2,85.3,1
bonus3,38.2,86.1,1
bonus3,38.2,86.4,1
bonus3,38.2,86.5,1
bonus3,38.2,86.6,2
bonus3,38.2,86.8,1
bonus3,38.2,87.8,1
bonus3,38.2,88.1,1
bonus3,38.2,88.5,1
bonus3,38.2,88.7,1
bonus3,38.2,90.8,1
bonus3,38.2,91.2,1
bonus3,38.2,91.4,1
bonus3,38.2,91.8,2
bonus3,38.2,91.9,1
bonus3,38.2,92.5,1
bonus3,38.2,92.9,1
bonus3,38.2,93.8,1
bonus3,38.2,96.6,1
bonus3,38.2,97.9,1
bonus3,41,0.1,1
bonus3,41,0.6,2
bonus3,41,0.7,1
bonus3,41,1,1
bonus3,41,1.1,1
bonus3,41,1.6,1
bonus3,41,1.8,2
bonus3,41,1.9,1
bonus3,41,2.2,2
bonus3,41,2.4,1
bonus3,41,2.6,1
bonus3,41,3.7,1
bonus3,41,4.2,1
bonus3,41,4.3,1
bonus3,41,4.5,2
bonus3,41,5,1
bonus3,41,5.3,1
bonus3,41,5.6,1
bonus3,41,6,1
bonus3,41,7,1
bonus3,41,7.4,1
bonus3,41,8.7,1
bonus3,41,8.8,2
bonus3,41,8.9,1
bonus3,41,9,1
bonus3,41,9.5,1
bonus3,41,9.6,2
bonus3,41,9.8,1
bonus3,41,10.2,1
bonus3,41,10.3,1
bonus3,41,10.6,1
bonus3,41,11.2,1
bonus3,41,11.6,1
bonus3,41,12.3,1
bonus3,41,12.4,2
bonus3,41,12.5,1
bonus3,41,12.6,1
bonus3,41,14.9,1
bonus3,41,15.3,1
bonus3,41,16.2,1
bonus3,41,17,1
bonus3,41,17.1,1
bonus3,41,17.2,1
bonus3,41,17.7,1
bonus3,41,18.3,1
bonus3,41,18.5,1
bonus3,41,19,1
bonus3,41,19.5,1
bonus3,41,20.5,1
bonus3,41,21.3,1
bonus3,41,22.5,1
bonus3,41,22.6,1
bonus3,41,23.3,1
bonus3,41,23.9,1
bonus3,41,24.8,1
bonus3,41,25.5,1
bonus3,41,25.9,2
bonus3,41,26.7,1
bonus3,41,27,1
bonus3,41,27.4,1
bonus3,41,27.6,1
bonus3,41,27.8,2
bonus3,41,28.1,1
bonus3,41,29.3,1
bonus3,41,29.4,1
bonus3,41,29.5,1
bonus3,41,29.9,1
bonus3,41,31,1
bonus3,41,31.1,1
bonus3,41,31.5,1
bonus3,41,32.2,1
bonus3,41,32.4,1
bonus3,41,32.5,2
bonus3,41,33.2,1
bonus3,41,33.8,1
bonus3,41,34.1,1
bonus3,41,34.3,1
bonus3,41,34.8,1
bonus3,41,35,1
bonus3,41,35.4,1
bonus3,41,35.5,1
bonus3,41,35.6,1
bonus3,41,36.1,1
bonus3,41,36.4,1
bonus3,41,37.7,2
bonus3,41,38.2,1
bonus3,41,38.8,1
bonus3,41,39,1
bonus3,41,40.1,1
bonus3,41,40.3,1
bonus3,41,40.4,1
bonus3,41,40.7,1
bonus3,41,40.9,1
bonus3,41,41,1
bonus3,41,41.3,1
bonus3,41,41.4,1
bonus3,41,41.5,1
bonus3,41,42,1
bonus3,41,42.2,1
bonus3,41,42.3,1
bonus3,41,42.4,1
bonus3,41,42.6,1
bonus3,41,42.7,1
bonus3,41,42.8,1
bonus3,41,43,1
bonus3,41,43.2,1
bonus3,41,43.4,2
bonus3,41,43.7,1
bonus3,41,44.6,1
bonus3,41,45.7,1
bonus3,41,46,1
bonus3,41,47.1,2
bonus3,41,47.5,1
bonus3,41,48.1,1
bonus3,41,48.2,2
bonus3,41,48.8,1
bonus3,41,48.9,1
bonus3,41,50.7,1
bonus3,41,51.3,1
bonus3,41,53.1,1
bonus3,41,53.4,1
bonus3,41,53.5,1
bonus3,41,53.6,2
bonus3,41,53.9,1
bonus3,41,54,2
bonus3,41,54.8,1
bonus3,41,56,1
bonus3,41,56.3,1
bonus3,41,56.7,2
bonus3,41,57.2,1
bonus3,41,57.7,1
bonus3,41,58.2,2
bonus3,41,58.3,1
bonus3,41,58.4,1
bonus3,41,59.1,1
bonus3,41,59.3,1
bonus3,41,59.5,2
bonus3,41,60.3,1
bonus3,41,60.7,1
bonus3,41,60.9,2
bonus3,41,61.3,1
bonus3,41,61.4,1
bonus3,41,62.5,1
bonus3,41,62.6,1
bonus3,41,63,1
bonus3,41,63.3,1
bonus3,41,64.2,1
bonus3,41,64.6,1
bonus3,41,65.9,1
bonus3,41,67.1,1
bonus3,41,67.3,1
bonus3,41,68.6,2
bonus3,41,69.9,2
bonus3,41,70.3,1
bonus3,41,70.4,1
bonus3,41,71.1,1
bonus3,41,71.5,1
bonus3,41,71.6,1
bonus3,41,72,1
bonus3,41,73,1
bonus3,41,73.1,1
bonus3,41,73.3,1
bonus3,41,73.8,1
bonus3,41,75.7,2
bonus3,41,76.1,1
bonus3,41,76.7,2
bonus3,41,77.6,1
bonus3,41,79.7,1
bonus3,41,80.3,1
bonus3,41,80.6,2
bonus3,41,80.9,1
bonus3,41,81.1,2
bonus3,41,81.2,1
bonus3,41,81.6,1
bonus3,41,82.1,1
bonus3,41,82.3,1
bonus3,41,82.7,1
bonus3,41,82.8,2
bonus3,41,83.2,1
bonus3,41,84,1
bonus3,41,85,1
bonus3,41,85.4,1
bonus3,41,85.7,1
bonus3,41,85.8,1
bonus3,41,86.2,1
bonus3,41,86.4,1
bonus3,41,86.9,1
bonus3,41,87.6,1
bonus3,41,88,1
bonus3,41,88.3,1
bonus3,41,88.6,1
bonus3,41,89.4,1
bonus3,41,90.8,1
bonus3,41,91.9,1
bonus3,41,92.3,1
bonus3,41,92.6,1
bonus3,41,93.1,1
bonus3,41,93.4,1
bonus3,41,93.5,1
bonus3,41,94,1
bonus3,41,94.1,1
bonus3,41,94.5,2
bonus3,41,95.1,1
bonus3,41,95.7,1
bonus3,41,96.8,1
bonus3,41,98.4,1
bonus3,41,99,1
bonus3,41,99.1,1
bonus3,41,99.2,1
bonus3,44,0.5,1
bonus3,44,0.6,1
bonus3,44,0.8,1
bonus3,44,0.9,1
bonus3,44,2.1,1
bonus3,44,2.3,1
bonus3,44,2.7,1
bonus3,44,2.8,1
bonus3,44,3.4,1
bonus3,44,3.6,1
bonus3,44,4,1
bonus3,44,4.2,1
bonus3,44,4.8,1
bonus3,44,6.2,1
bonus3,44,7.3,1
bonus3,44,7.7,1
bonus3,44,8.1,1
bonus3,44,8.5,1
bonus3,44,8.7,1
bonus3,44,8.8,1
bonus3,44,9.5,1
bonus3,44,9.8,1
bonus3,44,10.7,1
bonus3,44,11.1,1
bonus3,44,11.2,1
bonus3,44,11.4,1
bonus3,44,11.7,2
bonus3,44,12.5,1
bonus3,44,12.7,1
bonus3,44,13.6,1
bonus3,44,15.4,1
bonus3,44,15.8,1
bonus3,44,16.6,1
bonus3,44,18.1,1
bonus3,44,18.5,1
bonus3,44,18.6,1
bonus3,44,19.3,1
bonus3,44,19.5,1
bonus3,44,19.7,1
bonus3,44,20.3,1
bonus3,44,20.6,1
bonus3,44,20.8,1
bonus3,44,20.9,1
bonus3,44,21.2,1
bonus3,44,21.5,2
bonus3,44,21.6,1
bonus3,44,21.7,1
bonus3,44,22.6,1
bonus3,44,22.7,1
bonus3,44,23.8,1
bonus3,44,24.5,1
bonus3,44,24.7,1
bonus3,44,26,1
bonus3,44,26.4,1
bonus3,44,26.5,1
bonus3,44,27.7,1
bonus3,44,28.8,1
bonus3,44,29.2,1
bonus3,44,29.3,1
bonus3,44,29.9,1
bonus3,44,31.1,1
bonus3,44,31.8,1
bonus3,44,32,1
bonus3,44,32.1,1
bonus3,44,32.2,1
bonus3,44,33.1,1
bonus3,44,33.5,1
bonus3,44,33.7,1
bonus3,44,34,1
bonus3,44,34.7,2
bonus3,44,35.1,1
bonus3,44,36.2,2
bonus3,44,36.6,1
bonus3,44,36.8,2
bonus3,44,37.2,1
bonus3,44,37.5,1
bonus3,44,37.8,1
bonus3,44,38,2
bonus3,44,38.5,1
bonus3,44,39.2,1
bonus3,44,39.3,1
bonus3,44,40.7,1
bonus3,44,41.5,1
bonus3,44,41.9,1
bonus3,44,42,1
bonus3,44,42.7,1
bonus3,44,43,1
bonus3,44,43.1,1
bonus3,44,43.2,1
bonus3,44,43.3,1
bonus3,44,43.5,1
bonus3,44,44.9,1
bonus3,44,45.5,1
bonus3,44,45.7,1
bonus3,44,47,1
bonus3,44,47.5,1
bonus3,44,48.4,1
bonus3,44,48.6,1
bonus3,44,48.8,1
bonus3,44,50.5,2
bonus3,44,51.1,1
bonus3,44,51.6,1
bonus3,44,52.4,1
bonus3,44,54.3,2
bonus3,44,54.7,1
bonus3,44,55,1
bonus3,44,55.2,2
bonus3,44,55.4,1
bonus3,44,57.3,1
bonus3,44,58.1,1
bonus3,44,58.3,1
bonus3,44,58.4,1
bonus3,44,59.2,1
bonus3,44,59.7,1
bonus3,44,60.7,1
bonus3,44,63.1,1
bonus3,44,63.3,2
bonus3,44,64.4,1
bonus3,44,65.4,1
bonus3,44,65.9,1
bonus3,44,66.6,1
bonus3,44,66.8,1
bonus3,44,67,2
bonus3,44,67.4,1
bonus3,44,67.7,1
bonus3,44,68.9,1
bonus3,44,69.3,1
bonus3,44,70.2,1
bonus3,44,70.8,1
bonus3,44,71.4,1
bonus3,44,71.9,1
bonus3,44,72.4,1
bonus3,44,72.6,1
bonus3,44,72.7,1
bonus3,44,73.7,1
bonus3,44,74.3,1
bonus3,44,74.7,1
bonus3,44,75.3,1
bonus3,44,75.4,1
bonus3,44,76.2,1
bonus3,44,76.9,1
bonus3,44,78.2,1
bonus3,44,78.4,1
bonus3,44,78.7,1
bonus3,44,79.6,1
bonus3,44,79.9,1
bonus3,44,80.2,1
bonus3,44,81.3,1
bonus3,44,81.4,1
bonus3,44,83.3,1
bonus3,44,83.8,2
bonus3,44,84.3,1
bonus3,44,84.4,1
bonus3,44,84.7,1
bonus3,44,85.1,1
bonus3,44,85.3,1
bonus3,44,85.8,2
bonus3,44,86,2
bonus3,44,86.3,1
bonus3,44,86.9,1
bonus3,44,87.3,1
bonus3,44,87.6,1
bonus3,44,87.8,1
bonus3,44,88.1,2
bonus3,44,89.4,2
bonus3,44,90.2,1
bonus3,44,91,1
bonus3,44,91.2,1
bonus3,44,91.4,1
bonus3,44,91.5,1
bonus3,44,91.6,1
bonus3,44,92,1
bonus3,44,93.1,1
bonus3,44,93.5,1
bonus3,44,93.8,1
bonus3,44,94.1,1
bonus3,44,94.6,1
bonus3,44,94.9,1
bonus3,44,95.9,1
bonus3,44,96.1,1
bonus3,44,96.4,1
bonus3,44,96.6,1
bonus3,44,97.7,1
bonus3,44,98.1,1
bonus3,44,98.2,1
bonus3,44,99.5,1
bonus3,44,99.7,1
bonus3,47.4,0.3,1
bonus3,47.4,1.1,1
bonus3,47.4,1.6,1
bonus3,47.4,2.1,3
bonus3,47.4,2.2,1
bonus3,47.4,2.9,1
bonus3,47.4,3,1
bonus3,47.4,3.1,2
bonus3,47.4,3.2,2
bonus3,47.4,4.3,1
bonus3,47.4,4.7,2
bonus3,47.4,5.6,1
bonus3,47.4,5.9,1
bonus3,47.4,6,1
bonus3,47.4,6.3,2
bonus3,47.4,6.4,1
bonus3,47.4,6.7,1
bonus3,47.4,7.1,1
bonus3,47.4,7.3,1
bonus3,47.4,7.5,1
bonus3,47.4,8,1
bonus3,47.4,8.2,1
bonus3,47.4,8.4,1
bonus3,47.4,9.7,1
bonus3,47.4,9.9,1
bonus3,47.4,10.5,1
bonus3,47.4,11,1
bonus3,47.4,11.1,1
bonus3,47.4,11.8,1
bonus3,47.4,12,2
bonus3,47.4,13,1
bonus3,47.4,13.6,1
bonus3,47.4,13.7,2
bonus3,47.4,14.6,1
bonus3,47.4,14.7,1
bonus3,47.4,15.9,1
bonus3,47.4,16,2
bonus3,47.4,16.1,1
bonus3,47.4,16.8,1
bonus3,47.4,16.9,1
bonus3,47.4,17.5,1
bonus3,47.4,17.8,1
bonus3,47.4,17.9,1
bonus3,47.4,18.3,1
bonus3,47.4,18.4,1
bonus3,47.4,18.8,1
bonus3,47.4,19.2,1
bonus3,47.4,19.7,1
bonus3,47.4,20,1
bonus3,47.4,20.3,1
bonus3,47.4,20.4,1
bonus3,47.4,20.6,1
bonus3,47.4,21.8,2
bonus3,47.4,22.1,1
bonus3,47.4,22.2,1
bonus3,47.4,22.4,1
bonus3,47.4,22.8,2
bonus3,47.4,23,1
bonus3,47.4,23.4,1
bonus3,47.4,23.5,1
bonus3,47.4,23.8,2
bonus3,47.4,24.1,1
bonus3,47.4,24.2,1
bonus3,47.4,24.4,1
bonus3,47.4,24.6,1
bonus3,47.4,24.8,1
bonus3,47.4,25.1,1
bonus3,47.4,25.2,1
bonus3,47.4,25.3,1
bonus3,47.4,25.5,1
bonus3,47.4,26.7,1
bonus3,47.4,27.1,1
bonus3,47.4,27.2,1
bonus3,47.4,27.4,1
bonus3,47.4,27.5,1
bonus3,47.4,27.7,1
bonus3,47.4,28.5,1
bonus3,47.4,28.7,1
bonus3,47.4,28.8,2
bonus3,47.4,29.1,1
bonus3,47.4,29.4,1
bonus3,47.4,29.5,1
bonus3,47.4,29.6,1
bonus3,47.4,29.8,1
bonus3,47.4,30.6,1
bonus3,47.4,30.7,1
bonus3,47.4,31.3,1
bonus3,47.4,32.1,1
bonus3,47.4,32.3,2
bonus3,47.4,32.7,1
bonus3,47.4,32.8,1
bonus3,47.4,33.2,1
bonus3,47.4,33.3,1
bonus3,47.4,33.9,1
bonus3,47.4,34,1
bonus3,47.4,34.7,1
bonus3,47.4,35.2,1
bonus3,47.4,35.9,1
bonus3,47.4,36.1,1
bonus3,47.4,36.6,1
bonus3,47.4,36.7,1
bonus3,47.4,36.8,1
bonus3,47.4,38.4,1
bonus3,47.4,38.6,1
bonus3,47.4,38.7,1
bonus3,47.4,38.9,1
bonus3,47.4,39.4,2
bonus3,47.4,39.8,1
bonus3,47.4,39.9,1
bonus3,47.4,40.1,1
bonus3,47.4,40.3,1
bonus3,47.4,40.5,1
bonus3,47.4,40.6,1
bonus3,47.4,40.8,1
bonus3,47.4,41,1
bonus3,47.4,41.3,1
bonus3,47.4,41.5,1
bonus3,47.4,42,1
bonus3,47.4,42.2,1
bonus3,47.4,42.3,2
bonus3,47.4,42.6,1
bonus3,47.4,42.9,1
bonus3,47.4,43,1
bonus3,47.4,43.1,1
bonus3,47.4,43.2,1
bonus3,47.4,43.8,1
bonus3,47.4,44,1
bonus3,47.4,44.5,1
bonus3,47.4,45.3,1
bonus3,47.4,45.4,1
bonus3,47.4,45.7,1
bonus3,47.4,45.8,1
bonus3,47.4,46.6,1
bonus3,47.4,47.1,1
bonus3,47.4,47.2,1
bonus3,47.4,48,2
bonus3,47.4,48.5,1
bonus3,47.4,48.8,1
bonus3,47.4,48.9,2
bonus3,47.4,49.5,1
bonus3,47.4,49.7,1
bonus3,47.4,49.9,1
bonus3,47.4,50,1
bonus3,47.4,50.3,2
bonus3,47.4,50.7,1
bonus3,47.4,51.6,1
bonus3,47.4,52,2
bonus3,47.4,52.6,2
bonus3,47.4,53,1
bonus3,47.4,53.3,1
bonus3,47.4,55,2
bonus3,47.4,55.6,1
bonus3,47.4,55.7,1
bonus3,47.4,55.8,1
bonus3,47.4,56,1
bonus3,47.4,56.1,1
bonus3,47.4,56.3,1
bonus3,47.4,56.5,1
bonus3,47.4,56.9,1
bonus3,47.4,57,1
bonus3,47.4,57.3,1
bonus3,47.4,58,1
bonus3,47.4,58.1,1
bonus3,47.4,58.6,1
bonus3,47.4,58.7,1
bonus3,47.4,58.9,1
bonus3,47.4,59,2
bonus3,47.4,59.3,1
bonus3,47.4,59.6,1
bonus3,47.4,59.7,1
bonus3,47.4,60.4,1
bonus3,47.4,60.9,1
bonus3,47.4,61.3,1
bonus3,47.4,61.4,1
bonus3,47.4,61.7,1
bonus3,47.4,61.8,1
bonus3,47.4,62.3,1
bonus3,47.4,62.9,1
bonus3,47.4,63,1
bonus3,47.4,63.1,1
bonus3,47.4,63.7,1
bonus3,47.4,64.8,1
bonus3,47.4,65,1
bonus3,47.4,65.1,1
bonus3,47.4,65.4,1
bonus3,47.4,65.5,1
bonus3,47.4,65.8,1
bonus3,47.4,65.9,1
bonus3,47.4,66.1,2
bonus3,47.4,66.2,1
bonus3,47.4,66.6,1
bonus3,47.4,66.7,3
bonus3,47.4,66.9,2
bonus3,47.4,67.5,1
bonus3,47.4,68.1,1
bonus3,47.4,68.5,1
bonus3,47.4,68.7,1
bonus3,47.4,68.8,2
bonus3,47.4,68.9,1
bonus3,47.4,69.1,1
bonus3,47.4,69.2,1
bonus3,47.4,70.2,1
bonus3,47.4,70.4,1
bonus3,47.4,70.7,1
bonus3,47.4,71.1,1
bonus3,47.4,71.4,1
bonus3,47.4,72.3,1
bonus3,47.4,72.5,1
bonus3,47.4,72.7,1
bonus3,47.4,73.3,1
bonus3,47.4,73.6,1
bonus3,47.4,73.8,1
bonus3,47.4,74.5,1
bonus3,47.4,75.2,1
bonus3,47.4,75.3,1
bonus3,47.4,75.5,1
bonus3,47.4,75.8,1
bonus3,47.4,75.9,1
bonus3,47.4,76.5,1
bonus3,47.4,76.7,1
bonus3,47.4,78,1
bonus3,47.4,78.1,1
bonus3,47.4,78.3,1
bonus3,47.4,78.5,1
bonus3,47.4,78.8,1
bonus3,47.4,79.5,1
bonus3,47.4,80,1
bonus3,47.4,80.2,2
bonus3,47.4,80.4,2
bonus3,47.4,80.9,1
bonus3,47.4,81,2
bonus3,47.4,81.1,1
bonus3,47.4,81.3,1
bonus3,47.4,81.6,1
bonus3,47.4,82.2,1
bonus3,47.4,82.8,1
bonus3,47.4,83.2,1
bonus3,47.4,83.6,2
bonus3,47.4,83.9,1
bonus3,47.4,84.8,1
bonus3,47.4,84.9,1
bonus3,47.4,85,1
bonus3,47.4,85.6,1
bonus3,47.4,86,1
bonus3,47.4,86.5,2
bonus3,47.4,89,1
bonus3,47.4,90.7,1
bonus3,47.4,91.1,1
bonus3,47.4,91.3,1
bonus3,47.4,91.6,1
bonus3,47.4,92.1,1
bonus3,47.4,92.7,1
bonus3,47.4,93,1
bonus3,47.4,93.2,1
bonus3,47.4,93.7,2
bonus3,47.4,94.2,2
bonus3,47.4,94.3,1
bonus3,47.4,94.5,1
bonus3,47.4,95,1
bonus3,47.4,95.1,1
bonus3,47.4,95.8,1
bonus3,47.4,96.2,1
bonus3,47.4,96.8,1
bonus3,47.4,98.4,1
bonus3,47.4,98.6,1
bonus3,47.4,98.9,1
bonus3,51.3,0.6,1
bonus3,51.3,1,1
bonus3,51.3,1.1,1
bonus3,51.3,1.7,1
bonus3,51.3,2.6,1
bonus3,51.3,2.7,1
bonus3,51.3,2.9,1
bonus3,51.3,3.3,1
bonus3,51.3,3.9,1
bonus3,51.3,4.4,1
bonus3,51.3,4.8,1
bonus3,51.3,5.3,1
bonus3,51.3,5.4,1
bonus3,51.3,5.7,1
bonus3,51.3,6.4,1
bonus3,51.3,6.7,1
bonus3,51.3,6.8,1
bonus3,51.3,7.2,1
bonus3,51.3,7.5,1
bonus3,51.3,8.8,1
bonus3,51.3,9.9,2
bonus3,51.3,10,1
bonus3,51.3,10.1,1
bonus3,51.3,10.2,1
bonus3,51.3,10.8,1
bonus3,51.3,11.6,2
bonus3,51.3,11.7,1
bonus3,51.3,12.2,1
bonus3,51.3,12.4,1
bonus3,51.3,12.7,1
bonus3,51.3,12.9,1
bonus3,51.3,13,1
bonus3,51.3,13.1,2
bonus3,51.3,13.2,1
bonus3,51.3,13.4,1
bonus3,51.3,13.6,1
bonus3,51.3,13.8,1
bonus3,51.3,14.1,1
bonus3,51.3,14.4,1
bonus3,51.3,15.1,1
bonus3,51.3,15.2,1
bonus3,51.3,15.4,1
bonus3,51.3,15.5,1
bonus3,51.3,15.6,2
bonus3,51.3,16.4,2
bonus3,51.3,16.5,1
bonus3,51.3,16.6,1
bonus3,51.3,17.1,2
bonus3,51.3,19.1,1
bonus3,51.3,20.2,1
bonus3,51.3,20.9,1
bonus3,51.3,21.1,1
bonus3,51.3,21.2,1
bonus3,51.3,21.4,2
bonus3,51.3,21.7,1
bonus3,51.3,21.9,1
bonus3,51.3,22.9,2
bonus3,51.3,23.2,1
bonus3,51.3,23.5,1
bonus3,51.3,23.6,1
bonus3,51.3,24,1
bonus3,51.3,25,1
bonus3,51.3,25.2,1
bonus3,51.3,25.4,1
bonus3,51.3,25.7,1
bonus3,51.3,26.2,1
bonus3,51.3,26.8,1
bonus3,51.3,26.9,1
bonus3,51.3,27.6,1
bonus3,51.3,28.1,1
bonus3,51.3,28.3,1
bonus3,51.3,28.4,1
bonus3,51.3,30.5,1
bonus3,51.3,30.9,1
bonus3,51.3,31.2,3
bonus3,51.3,31.3,1
bonus3,51.3,32.7,1
bonus3,51.3,32.8,1
bonus3,51.3,33.2,1
bonus3,51.3,33.4,1
bonus3,51.3,34.1,1
bonus3,51.3,34.4,2
bonus3,51.3,34.7,1
bonus3,51.3,34.8,1
bonus3,51.3,34.9,1
bonus3,51.3,35,1
bonus3,51.3,35.5,1
bonus3,51.3,35.9,1
bonus3,51.3,36,1
bonus3,51.3,36.4,1
bonus3,51.3,37.1,2
bonus3,51.3,37.4,1
bonus3,51.3,38.2,1
bonus3,51.3,38.3,1
bonus3,51.3,38.4,1
bonus3,51.3,38.5,3
bonus3,51.3,38.7,1
bonus3,51.3,39,1
bonus3,51.3,39.2,1
bonus3,51.3,39.7,1
bonus3,51.3,40.1,1
bonus3,51.3,40.3,1
bonus3,51.3,40.8,1
bonus3,51.3,40.9,1
bonus3,51.3,43.1,1
bonus3,51.3,43.3,1
bonus3,51.3,43.4,1
bonus3,51.3,43.7,1
bonus3,51.3,44.9,1
bonus3,51.3,45.6,1
bonus3,51.3,45.9,1
bonus3,51.3,46.1,1
bonus3,51.3,46.2,1
bonus3,51.3,46.3,1
bonus3,51.3,46.5,1
bonus3,51.3,47.2,1
bonus3,51.3,47.5,1
bonus3,51.3,48.6,1
bonus3,51.3,49,1
bonus3,51.3,49.4,1
bonus3,51.3,49.6,1
bonus3,51.3,49.9,1
bonus3,51.3,50.5,1
bonus3,51.3,50.6,1
bonus3,51.3,50.8,1
bonus3,51.3,51.2,1
bonus3,51.3,52,2
bonus3,51.3,52.5,1
bonus3,51.3,53.1,1
bonus3,51.3,53.6,1
bonus3,51.3,53.9,1
bonus3,51.3,54.2,2
bonus3,51.3,54.5,1
bonus3,51.3,54.6,2
bonus3,51.3,55.6,1
bonus3,51.3,55.7,1
bonus3,51.3,55.9,1
bonus3,51.3,56,1
bonus3,51.3,56.2,1
bonus3,51.3,57,2
bonus3,51.3,57.1,1
bonus3,51.3,59.3,1
bonus3,51.3,59.4,1
bonus3,51.3,60,2
bonus3,51.3,60.3,1
bonus3,51.3,60.5,1
bonus3,51.3,60.6,1
bonus3,51.3,60.8,1
bonus3,51.3,61,1
bonus3,51.3,61.6,1
bonus3,51.3,62.3,2
bonus3,51.3,62.5,1
bonus3,51.3,62.6,1
bonus3,51.3,63.2,1
bonus3,51.3,63.4,1
bonus3,51.3,63.9,1
bonus3,51.3,64.1,1
bonus3,51.3,64.3,1
bonus3,51.3,64.5,1
bonus3,51.3,64.8,1
bonus3,51.3,65.6,1
bonus3,51.3,66.3,1
bonus3,51.3,66.7,1
bonus3,51.3,68,2
bonus3,51.3,68.5,1
bonus3,51.3,69,1
bonus3,51.3,69.4,1
bonus3,51.3,69.6,1
bonus3,51.3,69.9,1
bonus3,51.3,70.7,1
bonus3,51.3,70.8,1
bonus3,51.3,71.2,1
bonus3,51.3,72.2,1
bonus3,51.3,72.6,1
bonus3,51.3,73.3,1
bonus3,51.3,73.4,1
bonus3,51.3,73.5,1
bonus3,51.3,73.7,2
bonus3,51.3,74,1
bonus3,51.3,74.3,1
bonus3,51.3,74.4,1
bonus3,51.3,75.1,1
bonus3,51.3,75.4,1
bonus3,51.3,75.9,1
bonus3,51.3,76,2
bonus3,51.3,76.1,2
bonus3,51.3,76.2,2
bonus3,51.3,76.8,1
bonus3,51.3,77.2,1
bonus3,51.3,77.3,1
bonus3,51.3,77.9,1
bonus3,51.3,78,1
bonus3,51.3,78.3,1
bonus3,51.3,78.4,1
bonus3,51.3,79.5,1
bonus3,51.3,79.6,1
bonus3,51.3,79.7,1
bonus3,51.3,79.8,1
bonus3,51.3,80.3,1
bonus3,51.3,80.4,1
bonus3,51.3,80.8,1
bonus3,51.3,81.1,1
bonus3,51.3,81.8,1
bonus3,51.3,81.9,1
bonus3,51.3,82.3,2
bonus3,51.3,82.4,1
bonus3,51.3,82.9,1
bonus3,51.3,83,2
bonus3,51.3,83.9,1
bonus3,51.3,84.3,1
bonus3,51.3,84.8,1
bonus3,51.3,84.9,1
bonus3,51.3,85.9,1
bonus3,51.3,86,1
bonus3,51.3,86.1,1
bonus3,51.3,86.3,1
bonus3,51.3,86.5,1
bonus3,51.3,88,1
bonus3,51.3,88.6,1
bonus3,51.3,88.7,2
bonus3,51.3,89,1
bonus3,51.3,89.2,1
bonus3,51.3,89.6,1
bonus3,51.3,90.4,3
bonus3,51.3,91.3,1
bonus3,51.3,91.4,1
bonus3,51.3,91.5,2
bonus3,51.3,91.7,1
bonus3,51.3,92,1
bonus3,51.3,92.1,1
bonus3,51.3,93,1
bonus3,51.3,93.2,1
bonus3,51.3,94.2,1
bonus3,51.3,95.6,1
bonus3,51.3,95.9,1
bonus3,51.3,96,2
bonus3,51.3,96.3,1
bonus3,51.3,96.4,2
bonus3,51.3,96.5,1
bonus3,51.3,96.7,1
bonus3,51.3,97.3,1
bonus3,51.3,98,1
bonus3,51.3,98.9,1
bonus3,51.3,99.3,1
bonus3,55.6,0.2,1
bonus3,55.6,0.4,1
bonus3,55.6,0.8,1
bonus3,55.6,1,1
bonus3,55.6,1.2,2
bonus3,55.6,1.8,1
bonus3,55.6,2.1,1
bonus3,55.6,2.3,1
bonus3,55.6,3.2,1
bonus3,55.6,3.3,1
bonus3,55.6,3.4,1
bonus3,55.6,3.5,1
bonus3,55.6,4.2,1
bonus3,55.6,4.3,1
bonus3,55.6,4.7,1
bonus3,55.6,4.8,1
bonus3,55.6,5.1,1
bonus3,55.6,5.4,1
bonus3,55.6,5.6,2
bonus3,55.6,6.1,2
bonus3,55.6,6.5,2
bonus3,55.6,6.6,1
bonus3,55.6,6.8,1
bonus3,55.6,6.9,2
bonus3,55.6,7.1,1
bonus3,55.6,7.2,1
bonus3,55.6,7.3,2
bonus3,55.6,8.1,1
bonus3,55.6,8.8,1
bonus3,55.6,9,1
bonus3,55.6,9.2,1
bonus3,55.6,9.5,1
bonus3,55.6,9.7,1
bonus3,55.6,10,1
bonus3,55.6,10.2,1
bonus3,55.6,10.5,1
bonus3,55.6,10.7,2
bonus3,55.6,11.2,1
bonus3,55.6,11.8,1
bonus3,55.6,11.9,1
bonus3,55.6,12,1
bonus3,55.6,12.1,1
bonus3,55.6,12.2,1
bonus3,55.6,12.6,1
bonus3,55.6,13.3,1
bonus3,55.6,13.6,1
bonus3,55.6,13.7,1
bonus3,55.6,14,1
bonus3,55.6,14.4,1
bonus3,55.6,14.5,1
bonus3,55.6,14.8,1
bonus3,55.6,15,1
bonus3,55.6,15.3,2
bonus3,55.6,15.5,1
bonus3,55.6,15.6,1
bonus3,55.6,15.7,1
bonus3,55.6,16.4,1
bonus3,55.6,16.5,1
bonus3,55.6,16.7,2
bonus3,55.6,17.1,1
bonus3,55.6,18,1
bonus3,55.6,18.6,1
bonus3,55.6,18.8,1
bonus3,55.6,18.9,2
bonus3,55.6,19.5,1
bonus3,55.6,19.6,1
bonus3,55.6,19.7,2
bonus3,55.6,19.9,1
bonus3,55.6,20.5,1
bonus3,55.6,20.7,1
bonus3,55.6,21.3,2
bonus3,55.6,21.4,1
bonus3,55.6,21.7,1
bonus3,55.6,22,1
bonus3,55.6,22.1,2
bonus3,55.6,22.2,2
bonus3,55.6,22.3,1
bonus3,55.6,22.6,1
bonus3,55.6,22.7,2
bonus3,55.6,22.9,1
bonus3,55.6,23,1
bonus3,55.6,23.2,1
bonus3,55.6,23.7,2
bonus3,55.6,23.9,3
bonus3,55.6,24.1,2
bonus3,55.6,24.6,1
bonus3,55.6,25.7,1
bonus3,55.6,26,1
bonus3,55.6,26.8,1
bonus3,55.6,26.9,1
bonus3,55.6,27.3,1
bonus3,55.6,27.5,1
bonus3,55.6,27.6,1
bonus3,55.6,27.8,1
bonus3,55.6,28,1
bonus3,55.6,28.2,1
bonus3,55.6,28.4,1
bonus3,55.6,28.6,1
bonus3,55.6,28.7,2
bonus3,55.6,28.8,1
bonus3,55.6,29.5,1
bonus3,55.6,29.8,2
bonus3,55.6,30.5,2
bonus3,55.6,30.6,1
bonus3,55.6,30.7,1
bonus3,55.6,31.5,1
bonus3,55.6,31.7,2
bonus3,55.6,31.9,1
bonus3,55.6,32.3,1
bonus3,55.6,32.5,1
bonus3,55.6,32.6,1
bonus3,55.6,32.7,1
bonus3,55.6,32.9,1
bonus3,55.6,33,1
bonus3,55.6,33.1,2
bonus3,55.6,33.5,1
bonus3,55.6,34.1,1
bonus3,55.6,34.4,1
bonus3,55.6,34.7,1
bonus3,55.6,34.8,2
bonus3,55.6,36.1,1
bonus3,55.6,36.8,1
bonus3,55.6,37,2
bonus3,55.6,37.2,1
bonus3,55.6,37.3,2
bonus3,55.6,37.4,3
bonus3,55.6,37.8,1
bonus3,55.6,38,1
bonus3,55.6,38.7,1
bonus3,55.6,39.2,2
bonus3,55.6,39.3,1
bonus3,55.6,39.5,1
bonus3,55.6,39.9,2
bonus3,55.6,40.4,2
bonus3,55.6,40.6,1
bonus3,55.6,41,1
bonus3,55.6,41.2,1
bonus3,55.6,41.6,1
bonus3,55.6,41.8,1
bonus3,55.6,42,2
bonus3,55.6,42.2,1
bonus3,55.6,42.5,1
bonus3,55.6,42.7,1
bonus3,55.6,42.9,1
bonus3,55.6,43.7,1
bonus3,55.6,44.2,1
bonus3,55.6,44.6,1
bonus3,55.6,44.8,1
bonus3,55.6,45.4,1
bonus3,55.6,45.9,1
bonus3,55.6,46.2,1
bonus3,55.6,46.5,1
bonus3,55.6,46.7,1
bonus3,55.6,47.5,1
bonus3,55.6,47.7,1
bonus3,55.6,47.8,1
bonus3,55.6,48.2,1
bonus3,55.6,48.5,1
bonus3,55.6,48.9,1
bonus3,55.6,49.1,1
bonus3,55.6,49.2,1
bonus3,55.6,49.4,1
bonus3,55.6,49.7,1
bonus3,55.6,49.8,1
bonus3,55.6,50.1,1
bonus3,55.6,50.4,2
bonus3,55.6,51.4,1
bonus3,55.6,51.5,1
bonus3,55.6,51.6,1
bonus3,55.6,51.8,1
bonus3,55.6,51.9,1
bonus3,55.6,52.2,1
bonus3,55.6,52.4,2
bonus3,55.6,52.5,2
bonus3,55.6,52.8,1
bonus3,55.6,53.6,1
bonus3,55.6,53.7,2
bonus3,55.6,54.2,1
bonus3,55.6,54.3,1
bonus3,55.6,54.4,1
bonus3,55.6,55.4,1
bonus3,55.6,55.8,1
bonus3,55.6,55.9,1
bonus3,55.6,56.5,1
bonus3,55.6,56.7,1
bonus3,55.6,57.6,1
bonus3,55.6,57.7,1
bonus3,55.6,57.8,2
bonus3,55.6,58,1
bonus3,55.6,58.8,2
bonus3,55.6,58.9,1
bonus3,55.6,59.1,1
bonus3,55.6,59.4,1
bonus3,55.6,59.5,1
bonus3,55.6,59.9,1
bonus3,55.6,60.1,1
bonus3,55.6,60.2,1
bonus3,55.6,60.7,1
bonus3,55.6,60.8,1
bonus3,55.6,61.1,1
bonus3,55.6,61.4,1
bonus3,55.6,61.7,1
bonus3,55.6,62.5,1
bonus3,55.6,62.6,1
bonus3,55.6,62.8,1
bonus3,55.6,63.1,1
bonus3,55.6,63.2,1
bonus3,55.6,63.5,1
bonus3,55.6,63.7,1
bonus3,55.6,63.8,1
bonus3,55.6,64,1
bonus3,55.6,64.4,1
bonus3,55.6,64.8,1
bonus3,55.6,65,1
bonus3,55.6,65.2,2
bonus3,55.6,65.6,1
bonus3,55.6,65.8,2
bonus3,55.6,66.4,1
bonus3,55.6,67,1
bonus3,55.6,67.7,1
bonus3,55.6,68.1,1
bonus3,55.6,68.3,1
bonus3,55.6,68.9,1
bonus3,55.6,69.1,1
bonus3,55.6,69.4,1
bonus3,55.6,70,2
bonus3,55.6,70.6,1
bonus3,55.6,70.7,1
bonus3,55.6,70.8,1
bonus3,55.6,71.7,1
bonus3,55.6,72,1
bonus3,55.6,72.3,1
bonus3,55.6,72.4,1
bonus3,55.6,72.7,2
bonus3,55.6,72.9,2
bonus3,55.6,73.1,1
bonus3,55.6,73.5,1
bonus3,55.6,74.6,1
bonus3,55.6,74.7,1
bonus3,55.6,74.9,1
bonus3,55.6,75.6,1
bonus3,55.6,76.4,1
bonus3,55.6,77.2,1
bonus3,55.6,77.6,1
bonus3,55.6,78.1,1
bonus3,55.6,78.2,2
bonus3,55.6,78.6,1
bonus3,55.6,78.9,1
bonus3,55.6,79.9,1
bonus3,55.6,80.1,1
bonus3,55.6,80.2,1
bonus3,55.6,80.5,1
bonus3,55.6,80.9,1
bonus3,55.6,81.4,1
bonus3,55.6,81.8,1
bonus3,55.6,82.3,1
bonus3,55.6,82.4,1
bonus3,55.6,82.6,1
bonus3,55.6,83.9,2
bonus3,55.6,84.8,1
bonus3,55.6,85.4,1
bonus3,55.6,85.5,2
bonus3,55.6,85.6,1
bonus3,55.6,85.8,1
bonus3,55.6,86.4,1
bonus3,55.6,87.5,1
bonus3,55.6,87.6,1
bonus3,55.6,88.1,1
bonus3,55.6,88.9,1
bonus3,55.6,89.2,1
bonus3,55.6,89.3,3
bonus3,55.6,89.4,1
bonus3,55.6,89.5,1
bonus3,55.6,89.9,1
bonus3,55.6,90,1
bonus3,55.6,90.1,1
bonus3,55.6,90.2,1
bonus3,55.6,90.4,1
bonus3,55.6,90.6,1
bonus3,55.6,91.1,1
bonus3,55.6,91.3,1
bonus3,55.6,92.3,1
bonus3,55.6,92.4,1
bonus3,55.6,92.6,1
bonus3,55.6,93.4,1
bonus3,55.6,93.9,1
bonus3,55.6,94.1,1
bonus3,55.6,94.5,1
bonus3,55.6,94.6,1
bonus3,55.6,94.7,1
bonus3,55.6,95,1
bonus3,55.6,95.3,1
bonus3,55.6,95.5,1
bonus3,55.6,96.3,1
bonus3,55.6,97.3,2
bonus3,55.6,97.4,1
bonus3,55.6,97.6,1
bonus3,55.6,97.9,1
bonus3,55.6,98.6,1
bonus3,55.6,98.9,1
bonus3,55.6,99.3,1
bonus3,60.3,0.3,1
bonus3,60.3,0.8,2
bonus3,60.3,1,1
bonus3,60.3,1.5,1
bonus3,60.3,1.9,2
bonus3,60.3,2.8,1
bonus3,60.3,3,1
bonus3,60.3,3.1,1
bonus3,60.3,3.4,1
bonus3,60.3,3.9,1
bonus3,60.3,4.3,1
bonus3,60.3,4.9,1
bonus3,60.3,5,1
bonus3,60.3,5.1,1
bonus3,60.3,5.4,1
bonus3,60.3,5.5,2
bonus3,60.3,6,1
bonus3,60.3,6.1,1
bonus3,60.3,6.4,1
bonus3,60.3,6.6,1
bonus3,60.3,6.8,1
bonus3,60.3,6.9,2
bonus3,60.3,7,1
bonus3,60.3,7.3,1
bonus3,60.3,7.4,1
bonus3,60.3,7.5,1
bonus3,60.3,8,1
bonus3,60.3,8.2,1
bonus3,60.3,8.6,1
bonus3,60.3,9.2,1
bonus3,60.3,9.8,1
bonus3,60.3,9.9,1
bonus3,60.3,10.1,1
bonus3,60.3,10.4,1
bonus3,60.3,11,1
bonus3,60.3,11.3,1
bonus3,60.3,11.4,1
bonus3,60.3,11.5,1
bonus3,60.3,11.8,1
bonus3,60.3,11.9,1
bonus3,60.3,12.1,1
bonus3,60.3,12.2,1
bonus3,60.3,12.4,1
bonus3,60.3,12.7,2
bonus3,60.3,13,1
bonus3,60.3,13.5,1
bonus3,60.3,13.9,1
bonus3,60.3,15,1
bonus3,60.3,15.2,1
bonus3,60.3,15.8,1
bonus3,60.3,16.7,1
bonus3,60.3,16.8,1
bonus3,60.3,16.9,1
bonus3,60.3,17.3,1
bonus3,60.3,17.4,1
bonus3,60.3,17.8,1
bonus3,60.3,18.2,2
bonus3,60.3,18.6,2
bonus3,60.3,18.8,1
bonus3,60.3,19,2
bonus3,60.3,19.1,1
bonus3,60.3,19.2,1
bonus3,60.3,19.3,1
bonus3,60.3,19.9,1
bonus3,60.3,20,1
bonus3,60.3,20.3,1
bonus3,60.3,20.6,1
bonus3,60.3,20.9,1
bonus3,60.3,21,2
bonus3,60.3,21.9,1
bonus3,60.3,22.4,1
bonus3,60.3,22.5,1
bonus3,60.3,23.3,1
bonus3,60.3,23.6,1
bonus3,60.3,24,1
bonus3,60.3,24.1,1
bonus3,60.3,24.4,1
bonus3,60.3,25.2,1
bonus3,60.3,25.5,1
bonus3,60.3,25.6,2
bonus3,60.3,25.7,1
bonus3,60.3,26.5,1
bonus3,60.3,26.6,1
bonus3,60.3,27.4,1
bonus3,60.3,27.6,1
bonus3,60.3,28.3,1
bonus3,60.3,28.6,2
bonus3,60.3,28.7,1
bonus3,60.3,28.9,1
bonus3,60.3,29,1
bonus3,60.3,29.1,1
bonus3,60.3,29.2,1
bonus3,60.3,29.4,1
bonus3,60.3,29.6,1
bonus3,60.3,29.7,1
bonus3,60.3,29.8,1
bonus3,60.3,29.9,1
bonus3,60.3,30.1,1
bonus3,60.3,30.2,2
bonus3,60.3,30.3,1
bonus3,60.3,30.8,1
bonus3,60.3,30.9,1
bonus3,60.3,31.5,1
bonus3,60.3,31.9,1
bonus3,60.3,32.2,1
bonus3,60.3,32.3,1
bonus3,60.3,32.8,1
bonus3,60.3,32.9,1
bonus3,60.3,33,2
bonus3,60.3,33.3,1
bonus3,60.3,33.4,1
bonus3,60.3,33.5,1
bonus3,60.3,33.7,1
bonus3,60.3,33.8,1
bonus3,60.3,34.2,1
bonus3,60.3,35,1
bonus3,60.3,35.1,1
bonus3,60.3,35.2,1
bonus3,60.3,35.3,1
bonus3,60.3,35.5,1
bonus3,60.3,35.8,1
bonus3,60.3,35.9,1
bonus3,60.3,36.5,1
bonus3,60.3,36.6,1
bonus3,60.3,36.9,1
bonus3,60.3,37,1
bonus3,60.3,37.6,1
bonus3,60.3,37.7,1
bonus3,60.3,38.4,1
bonus3,60.3,38.8,1
bonus3,60.3,39,2
bonus3,60.3,39.6,1
bonus3,60.3,39.8,1
bonus3,60.3,40.2,1
bonus3,60.3,40.4,1
bonus3,60.3,41.7,1
bonus3,60.3,41.9,2
bonus3,60.3,42.4,2
bonus3,60.3,42.8,1
bonus3,60.3,43,1
bonus3,60.3,43.2,1
bonus3,60.3,43.3,1
bonus3,60.3,43.4,1
bonus3,60.3,44,1
bonus3,60.3,44.1,2
bonus3,60.3,44.4,1
bonus3,60.3,44.5,1
bonus3,60.3,44.6,1
bonus3,60.3,44.8,2
bonus3,60.3,45.3,1
bonus3,60.3,46.6,1
bonus3,60.3,46.7,1
bonus3,60.3,46.9,1
bonus3,60.3,47.1,1
bonus3,60.3,47.3,2
bonus3,60.3,47.6,1
bonus3,60.3,47.8,1
bonus3,60.3,48,2
bonus3,60.3,48.5,1
bonus3,60.3,48.6,1
bonus3,60.3,49.2,1
bonus3,60.3,49.3,1
bonus3,60.3,49.6,1
bonus3,60.3,49.9,1
bonus3,60.3,50.2,3
bonus3,60.3,51.7,1
bonus3,60.3,51.9,1
bonus3,60.3,52.1,1
bonus3,60.3,52.8,1
bonus3,60.3,52.9,1
bonus3,60.3,53,1
bonus3,60.3,53.2,1
bonus3,60.3,53.7,1
bonus3,60.3,54,1
bonus3,60.3,54.2,1
bonus3,60.3,54.3,1
bonus3,60.3,54.6,1
bonus3,60.3,54.7,1
bonus3,60.3,54.8,1
bonus3,60.3,54.9,1
bonus3,60.3,55,1
bonus3,60.3,55.2,1
bonus3,60.3,55.5,1
bonus3,60.3,55.9,1
bonus3,60.3,56.3,1
bonus3,60.3,57.1,1
bonus3,60.3,57.7,1
bonus3,60.3,57.8,1
bonus3,60.3,58.7,1
bonus3,60.3,59,1
bonus3,60.3,59.2,1
bonus3,60.3,59.9,1
bonus3,60.3,60.1,1
bonus3,60.3,61.3,1
bonus3,60.3,61.9,1
bonus3,60.3,62.2,1
bonus3,60.3,62.4,1
bonus3,60.3,62.7,1
bonus3,60.3,62.9,1
bonus3,60.3,63.6,2
bonus3,60.3,63.8,1
bonus3,60.3,64.1,1
bonus3,60.3,64.3,1
bonus3,60.3,64.7,1
bonus3,60.3,64.9,1
bonus3,60.3,65.3,1
bonus3,60.3,65.4,1
bonus3,60.3,66.1,1
bonus3,60.3,66.3,1
bonus3,60.3,66.5,1
bonus3,60.3,66.6,1
bonus3,60.3,67,1
bonus3,60.3,68.5,1
bonus3,60.3,68.7,2
bonus3,60.3,68.9,1
bonus3,60.3,69.5,1
bonus3,60.3,69.6,1
bonus3,60.3,70,1
bonus3,60.3,70.6,1
bonus3,60.3,71,1
bonus3,60.3,71.4,1
bonus3,60.3,72,1
bonus3,60.3,72.1,1
bonus3,60.3,72.2,1
bonus3,60.3,72.5,1
bonus3,60.3,72.6,2
bonus3,60.3,72.8,4
bonus3,60.3,73,1
bonus3,60.3,73.1,1
bonus3,60.3,73.3,1
bonus3,60.3,73.4,1
bonus3,60.3,73.5,1
bonus3,60.3,73.6,1
bonus3,60.3,73.8,1
bonus3,60.3,74.1,1
bonus3,60.3,74.7,1
bonus3,60.3,74.9,1
bonus3,60.3,75,1
bonus3,60.3,75.5,1
bonus3,60.3,75.7,1
bonus3,60.3,76.1,1
bonus3,60.3,76.4,1
bonus3,60.3,76.6,1
bonus3,60.3,76.8,1
bonus3,60.3,77.1,1
bonus3,60.3,77.3,2
bonus3,60.3,77.6,1
bonus3,60.3,77.7,1
bonus3,60.3,78.2,1
bonus3,60.3,78.3,1
bonus3,60.3,78.5,1
bonus3,60.3,78.7,1
bonus3,60.3,78.9,2
bonus3,60.3,79.3,1
bonus3,60.3,79.6,1
bonus3,60.3,79.9,1
bonus3,60.3,80,1
bonus3,60.3,80.1,1
bonus3,60.3,80.5,1
bonus3,60.3,80.7,1
bonus3,60.3,81.2,1
bonus3,60.3,81.3,1
bonus3,60.3,81.6,1
bonus3,60.3,81.8,1
bonus3,60.3,82.4,1
bonus3,60.3,82.7,1
bonus3,60.3,82.8,1
bonus3,60.3,83.8,1
bonus3,60.3,84.1,1
bonus3,60.3,84.6,1
bonus3,60.3,84.7,2
bonus3,60.3,84.8,2
bonus3,60.3,85.3,1
bonus3,60.3,86.6,1
bonus3,60.3,86.8,1
bonus3,60.3,87.2,1
bonus3,60.3,87.4,1
bonus3,60.3,88.5,1
bonus3,60.3,88.7,1
bonus3,60.3,88.8,2
bonus3,60.3,88.9,1
bonus3,60.3,89.3,1
bonus3,60.3,89.4,1
bonus3,60.3,90.3,1
bonus3,60.3,90.9,1
bonus3,60.3,91.4,1
bonus3,60.3,91.5,1
bonus3,60.3,92.1,1
bonus3,60.3,92.2,1
bonus3,60.3,92.3,1
bonus3,60.3,92.4,1
bonus3,60.3,92.6,1
bonus3,60.3,93.1,1
bonus3,60.3,93.7,1
bonus3,60.3,94,1
bonus3,60.3,94.4,2
bonus3,60.3,95.6,1
bonus3,60.3,95.7,1
bonus3,60.3,95.8,1
bonus3,60.3,96.6,1
bonus3,60.3,96.7,1
bonus3,60.3,96.9,1
bonus3,60.3,97,1
bonus3,60.3,97.2,1
bonus3,60.3,97.6,1
bonus3,60.3,97.9,1
bonus3,60.3,98,1
bonus3,60.3,98.1,1
bonus3,60.3,98.3,2
bonus3,60.3,98.7,1
bonus3,60.3,98.9,1
bonus3,60.3,99,1
bonus3,60.3,99.1,3
bonus3,60.3,99.3,1
bonus3,60.3,99.6,1
bonus3,60.3,99.7,1
bonus3,65.4,0.2,1
bonus3,65.4,1,1
bonus3,65.4,1.3,1
bonus3,65.4,1.4,1
bonus3,65.4,1.5,1
bonus3,65.4,2,1
bonus3,65.4,2.2,1
bonus3,65.4,2.6,1
bonus3,65.4,2.7,1
bonus3,65.4,3.3,1
bonus3,65.4,4.1,1
bonus3,65.4,4.4,1
bonus3,65.4,4.5,2
bonus3,65.4,4.9,2
bonus3,65.4,5.2,2
bonus3,65.4,5.3,1
bonus3,65.4,5.7,2
bonus3,65.4,5.8,1
bonus3,65.4,5.9,2
bonus3,65.4,6.1,1
bonus3,65.4,6.2,2
bonus3,65.4,6.3,1
bonus3,65.4,6.4,1
bonus3,65.4,6.5,1
bonus3,65.4,6.6,1
bonus3,65.4,6.8,1
bonus3,65.4,6.9,1
bonus3,65.4,7.1,1
bonus3,65.4,7.2,1
bonus3,65.4,7.3,1
bonus3,65.4,7.4,1
bonus3,65.4,7.6,1
bonus3,65.4,7.8,1
bonus3,65.4,7.9,1
bonus3,65.4,8,1
bonus3,65.4,8.2,1
bonus3,65.4,8.3,1
bonus3,65.4,8.6,1
bonus3,65.4,8.8,1
bonus3,65.4,8.9,2
bonus3,65.4,9.1,1
bonus3,65.4,9.2,1
bonus3,65.4,9.3,1
bonus3,65.4,9.5,1
bonus3,65.4,9.9,1
bonus3,65.4,10.4,2
bonus3,65.4,10.6,2
bonus3,65.4,10.9,2
bonus3,65.4,11.3,1
bonus3,65.4,11.7,1
bonus3,65.4,12.5,1
bonus3,65.4,12.6,1
bonus3,65.4,13.2,1
bonus3,65.4,13.4,1
bonus3,65.4,13.7,2
bonus3,65.4,13.8,1
bonus3,65.4,14.2,2
bonus3,65.4,14.3,2
bonus3,65.4,14.5,1
bonus3,65.4,14.7,1
bonus3,65.4,15,1
bonus3,65.4,15.7,2
bonus3,65.4,15.8,1
bonus3,65.4,15.9,1
bonus3,65.4,16,1
bonus3,65.4,16.2,1
bonus3,65.4,16.4,1
bonus3,65.4,16.5,1
bonus3,65.4,16.6,1
bonus3,65.4,16.8,1
bonus3,65.4,17,1
bonus3,65.4,17.2,1
bonus3,65.4,17.3,1
bonus3,65.4,17.4,2
bonus3,65.4,17.6,1
bonus3,65.4,17.7,2
bonus3,65.4,18,1
bonus3,65.4,18.1,1
bonus3,65.4,18.2,1
bonus3,65.4,18.4,1
bonus3,65.4,18.5,1
bonus3,65.4,18.7,1
bonus3,65.4,19,1
bonus3,65.4,19.4,1
bonus3,65.4,20.1,1
bonus3,65.4,20.2,2
bonus3,65.4,20.5,1
bonus3,65.4,20.7,1
bonus3,65.4,21.1,1
bonus3,65.4,21.5,1
bonus3,65.4,21.8,1
bonus3,65.4,22,1
bonus3,65.4,23.1,1
bonus3,65.4,23.4,1
bonus3,65.4,23.5,1
bonus3,65.4,23.6,1
bonus3,65.4,23.7,1
bonus3,65.4,23.9,1
bonus3,65.4,24.2,1
bonus3,65.4,24.7,1
bonus3,65.4,24.8,1
bonus3,65.4,25.1,2
bonus3,65.4,25.2,3
bonus3,65.4,25.3,2
bonus3,65.4,25.7,1
bonus3,65.4,26.3,2
bonus3,65.4,26.6,1
bonus3,65.4,27.2,2
bonus3,65.4,27.6,2
bonus3,65.4,27.8,1
bonus3,65.4,28.1,1
bonus3,65.4,28.2,1
bonus3,65.4,28.5,1
bonus3,65.4,28.6,2
bonus3,65.4,28.9,1
bonus3,65.4,29.4,1
bonus3,65.4,29.8,1
bonus3,65.4,30,1
bonus3,65.4,30.6,1
bonus3,65.4,30.7,2
bonus3,65.4,31,1
bonus3,65.4,31.2,2
bonus3,65.4,31.5,1
bonus3,65.4,31.6,1
bonus3,65.4,31.7,1
bonus3,65.4,31.8,1
bonus3,65.4,32.1,1
bonus3,65.4,32.2,1
bonus3,65.4,32.6,1
bonus3,65.4,33,1
bonus3,65.4,33.2,1
bonus3,65.4,33.8,1
bonus3,65.4,34.3,2
bonus3,65.4,34.5,1
bonus3,65.4,35,2
bonus3,65.4,35.2,2
bonus3,65.4,36.3,1
bonus3,65.4,36.5,1
bonus3,65.4,36.7,1
bonus3,65.4,36.8,1
bonus3,65.4,37.5,2
bonus3,65.4,37.7,1
bonus3,65.4,38.2,1
bonus3,65.4,38.7,1
bonus3,65.4,38.9,1
bonus3,65.4,39.6,2
bonus3,65.4,39.7,2
bonus3,65.4,40,1
bonus3,65.4,40.1,1
bonus3,65.4,40.4,1
bonus3,65.4,41,1
bonus3,65.4,41.2,1
bonus3,65.4,41.5,1
bonus3,65.4,41.7,1
bonus3,65.4,41.8,1
bonus3,65.4,42.5,1
bonus3,65.4,42.6,1
bonus3,65.4,43.2,1
bonus3,65.4,43.5,1
bonus3,65.4,43.9,1
bonus3,65.4,44,1
bonus3,65.4,44.3,1
bonus3,65.4,44.9,1
bonus3,65.4,45.2,1
bonus3,65.4,45.3,1
bonus3,65.4,45.4,1
bonus3,65.4,45.5,2
bonus3,65.4,45.6,1
bonus3,65.4,45.7,2
bonus3,65.4,45.9,1
bonus3,65.4,46,1
bonus3,65.4,46.1,1
bonus3,65.4,46.2,1
bonus3,65.4,46.3,2
bonus3,65.4,46.4,1
bonus3,65.4,46.8,1
bonus3,65.4,47.3,1
bonus3,65.4,47.4,1
bonus3,65.4,47.7,1
bonus3,65.4,47.9,1
bonus3,65.4,48,1
bonus3,65.4,48.3,1
bonus3,65.4,48.4,1
bonus3,65.4,49,1
bonus3,65.4,49.5,2
bonus3,65.4,49.9,1
bonus3,65.4,50.9,1
bonus3,65.4,51,2
bonus3,65.4,52.3,1
bonus3,65.4,53.1,1
bonus3,65.4,53.3,1
bonus3,65.4,53.8,2
bonus3,65.4,54.3,1
bonus3,65.4,54.4,1
bonus3,65.4,54.5,1
bonus3,65.4,54.7,2
bonus3,65.4,54.8,1
bonus3,65.4,54.9,1
bonus3,65.4,55.3,2
bonus3,65.4,55.7,1
bonus3,65.4,56,1
bonus3,65.4,56.2,1
bonus3,65.4,56.8,2
bonus3,65.4,57.2,1
bonus3,65.4,57.4,1
bonus3,65.4,57.8,1
bonus3,65.4,58.3,2
bonus3,65.4,58.7,1
bonus3,65.4,59.5,2
bonus3,65.4,59.6,1
bonus3,65.4,59.8,2
bonus3,65.4,59.9,1
bonus3,65.4,60,1
bonus3,65.4,60.1,1
bonus3,65.4,60.4,1
bonus3,65.4,60.7,1
bonus3,65.4,60.8,1
bonus3,65.4,61.1,1
bonus3,65.4,61.2,1
bonus3,65.4,61.6,1
bonus3,65.4,62,1
bonus3,65.4,62.1,2
bonus3,65.4,62.3,1
bonus3,65.4,62.6,1
bonus3,65.4,62.8,1
bonus3,65.4,63,1
bonus3,65.4,63.1,2
bonus3,65.4,63.4,1
bonus3,65.4,64.4,1
bonus3,65.4,65,1
bonus3,65.4,65.8,1
bonus3,65.4,65.9,1
bonus3,65.4,66,1
bonus3,65.4,66.1,2
bonus3,65.4,66.2,1
bonus3,65.4,66.3,1
bonus3,65.4,66.5,1
bonus3,65.4,67.2,1
bonus3,65.4,67.3,3
bonus3,65.4,67.6,2
bonus3,65.4,68.2,1
bonus3,65.4,68.3,1
bonus3,65.4,68.9,2
bonus3,65.4,69.1,1
bonus3,65.4,69.7,1
bonus3,65.4,69.8,2
bonus3,65.4,69.9,1
bonus3,65.4,70.5,2
bonus3,65.4,70.8,1
bonus3,65.4,70.9,1
bonus3,65.4,71.1,1
bonus3,65.4,71.2,2
bonus3,65.4,71.6,1
bonus3,65.4,71.7,1
bonus3,65.4,72.1,1
bonus3,65.4,72.3,1
bonus3,65.4,72.4,1
bonus3,65.4,72.5,1
bonus3,65.4,73.8,1
bonus3,65.4,73.9,1
bonus3,65.4,74.1,1
bonus3,65.4,74.3,1
bonus3,65.4,74.5,1
bonus3,65.4,74.6,1
bonus3,65.4,75.1,1
bonus3,65.4,75.6,1
bonus3,65.4,76.9,1
bonus3,65.4,77.1,1
bonus3,65.4,77.3,1
bonus3,65.4,78.1,1
bonus3,65.4,78.4,1
bonus3,65.4,78.6,1
bonus3,65.4,78.8,1
bonus3,65.4,78.9,1
bonus3,65.4,79.3,1
bonus3,65.4,79.4,1
bonus3,65.4,79.5,1
bonus3,65.4,79.6,1
bonus3,65.4,80.4,1
bonus3,65.4,80.5,1
bonus3,65.4,80.6,1
bonus3,65.4,81.2,1
bonus3,65.4,81.4,2
bonus3,65.4,81.7,1
bonus3,65.4,82.7,1
bonus3,65.4,83,1
bonus3,65.4,83.1,1
bonus3,65.4,83.2,1
bonus3,65.4,83.4,1
bonus3,65.4,83.6,1
bonus3,65.4,84.2,1
bonus3,65.4,84.3,1
bonus3,65.4,84.4,2
bonus3,65.4,85.1,1
bonus3,65.4,85.2,1
bonus3,65.4,85.8,1
bonus3,65.4,85.9,1
bonus3,65.4,86.1,1
bonus3,65.4,86.7,2
bonus3,65.4,86.8,1
bonus3,65.4,87,1
bonus3,65.4,87.5,1
bonus3,65.4,88.3,1
bonus3,65.4,88.9,1
bonus3,65.4,89,1
bonus3,65.4,89.3,1
bonus3,65.4,89.9,1
bonus3,65.4,90.1,2
bonus3,65.4,90.3,1
bonus3,65.4,90.5,1
bonus3,65.4,90.9,1
bonus3,65.4,92.1,2
bonus3,65.4,92.3,1
bonus3,65.4,92.6,1
bonus3,65.4,92.7,1
bonus3,65.4,92.9,2
bonus3,65.4,93.5,1
bonus3,65.4,93.6,2
bonus3,65.4,93.8,1
bonus3,65.4,94.7,1
bonus3,65.4,94.8,1
bonus3,65.4,95,1
bonus3,65.4,95.1,1
bonus3,65.4,95.3,2
bonus3,65.4,97,1
bonus3,65.4,97.1,1
bonus3,65.4,97.4,1
bonus3,65.4,97.5,1
bonus3,65.4,97.8,1
bonus3,65.4,98.2,1
bonus3,65.4,99.7,1
bonus3,65.4,100,1
bonus3,70.9,0.1,1
bonus3,70.9,0.3,1
bonus3,70.9,0.6,1
bonus3,70.9,1.1,1
bonus3,70.9,1.3,2
bonus3,70.9,1.5,1
bonus3,70.9,1.7,1
bonus3,70.9,2,1
bonus3,70.9,2.7,1
bonus3,70.9,2.9,1
bonus3,70.9,3.4,1
bonus3,70.9,3.6,2
bonus3,70.9,3.8,1
bonus3,70.9,3.9,2
bonus3,70.9,4.3,1
bonus3,70.9,5.5,2
bonus3,70.9,5.6,2
bonus3,70.9,5.7,1
bonus3,70.9,6.4,1
bonus3,70.9,6.6,1
bonus3,70.9,6.9,1
bonus3,70.9,7.8,1
bonus3,70.9,8.3,1
bonus3,70.9,8.5,2
bonus3,70.9,8.6,1
bonus3,70.9,8.7,1
bonus3,70.9,9.3,2
bonus3,70.9,9.4,1
bonus3,70.9,9.8,1
bonus3,70.9,10.5,1
bonus3,70.9,10.6,1
bonus3,70.9,11,1
bonus3,70.9,11.1,1
bonus3,70.9,11.2,1
bonus3,70.9,11.3,1
bonus3,70.9,11.4,1
bonus3,70.9,11.5,1
bonus3,70.9,11.8,2
bonus3,70.9,12.4,1
bonus3,70.9,12.9,1
bonus3,70.9,13.9,2
bonus3,70.9,14.3,3
bonus3,70.9,15.5,1
bonus3,70.9,15.9,1
bonus3,70.9,16.2,1
bonus3,70.9,16.7,2
bonus3,70.9,16.9,1
bonus3,70.9,17.2,1
bonus3,70.9,17.5,3
bonus3,70.9,17.9,2
bonus3,70.9,18.1,2
bonus3,70.9,18.2,1
bonus3,70.9,18.4,2
bonus3,70.9,18.6,1
bonus3,70.9,19.2,1
bonus3,70.9,19.8,1
bonus3,70.9,20.1,1
bonus3,70.9,20.6,1
bonus3,70.9,21.2,2
bonus3,70.9,21.3,1
bonus3,70.9,21.4,1
bonus3,70.9,21.6,1
bonus3,70.9,22.3,1
bonus3,70.9,22.4,1
bonus3,70.9,22.5,1
bonus3,70.9,23.4,1
bonus3,70.9,23.8,1
bonus3,70.9,24,1
bonus3,70.9,25.2,1
bonus3,70.9,25.4,1
bonus3,70.9,25.9,1
bonus3,70.9,26.2,1
bonus3,70.9,26.5,1
bonus3,70.9,27.4,1
bonus3,70.9,27.9,1
bonus3,70.9,28.3,1
bonus3,70.9,28.5,1
bonus3,70.9,28.9,1
bonus3,70.9,29,1
bonus3,70.9,29.7,1
bonus3,70.9,30,1
bonus3,70.9,30.1,1
bonus3,70.9,30.3,1
bonus3,70.9,30.4,1
bonus3,70.9,30.5,2
bonus3,70.9,30.6,1
bonus3,70.9,30.7,1
bonus3,70.9,31,2
bonus3,70.9,31.1,1
bonus3,70.9,31.2,1
bonus3,70.9,31.5,1
bonus3,70.9,31.6,2
bonus3,70.9,31.8,1
bonus3,70.9,31.9,1
bonus3,70.9,32.1,1
bonus3,70.9,33.1,1
bonus3,70.9,33.6,2
bonus3,70.9,33.9,1
bonus3,70.9,34,1
bonus3,70.9,34.2,2
bonus3,70.9,34.3,1
bonus3,70.9,34.5,1
bonus3,70.9,34.6,1
bonus3,70.9,34.8,1
bonus3,70.9,35,1
bonus3,70.9,35.5,1
bonus3,70.9,36,1
bonus3,70.9,36.2,1
bonus3,70.9,37,1
bonus3,70.9,37.1,1
bonus3,70.9,37.3,1
bonus3,70.9,38.1,2
bonus3,70.9,38.2,2
bonus3,70.9,38.6,2
bonus3,70.9,38.7,1
bonus3,70.9,38.9,1
bonus3,70.9,39.6,1
bonus3,70.9,39.9,1
bonus3,70.9,40.2,3
bonus3,70.9,40.6,1
bonus3,70.9,40.7,1
bonus3,70.9,40.9,2
bonus3,70.9,41,1
bonus3,70.9,41.5,1
bonus3,70.9,42.1,2
bonus3,70.9,42.6,1
bonus3,70.9,42.8,1
bonus3,70.9,43.4,1
bonus3,70.9,43.5,2
bonus3,70.9,43.6,1
bonus3,70.9,44,1
bonus3,70.9,44.6,1
bonus3,70.9,45,1
bonus3,70.9,45.1,1
bonus3,70.9,45.5,1
bonus3,70.9,45.6,1
bonus3,70.9,45.8,1
bonus3,70.9,46.1,1
bonus3,70.9,46.3,1
bonus3,70.9,46.7,1
bonus3,70.9,46.8,3
bonus3,70.9,46.9,1
bonus3,70.9,47,1
bonus3,70.9,47.3,1
bonus3,70.9,47.7,3
bonus3,70.9,47.9,1
bonus3,70.9,48.4,2
bonus3,70.9,48.7,3
bonus3,70.9,48.8,1
bonus3,70.9,49,1
bonus3,70.9,49.1,1
bonus3,70.9,49.2,2
bonus3,70.9,49.3,2
bonus3,70.9,49.4,1
bonus3,70.9,49.5,1
bonus3,70.9,50,1
bonus3,70.9,50.3,1
bonus3,70.9,50.4,1
bonus3,70.9,50.5,1
bonus3,70.9,50.8,1
bonus3,70.9,51,1
bonus3,70.9,51.1,1
bonus3,70.9,51.6,1
bonus3,70.9,51.7,1
bonus3,70.9,52,1
bonus3,70.9,52.2,1
bonus3,70.9,52.3,1
bonus3,70.9,52.4,1
bonus3,70.9,52.5,1
bonus3,70.9,53.1,1
bonus3,70.9,53.5,1
bonus3,70.9,53.7,1
bonus3,70.9,53.8,2
bonus3,70.9,54,2
bonus3,70.9,54.5,1
bonus3,70.9,54.6,1
bonus3,70.9,55,1
bonus3,70.9,55.1,1
bonus3,70.9,56.1,1
bonus3,70.9,56.9,1
bonus3,70.9,57.3,1
bonus3,70.9,57.5,1
bonus3,70.9,57.7,1
bonus3,70.9,58,1
bonus3,70.9,58.2,1
bonus3,70.9,58.5,1
bonus3,70.9,59,1
bonus3,70.9,59.4,1
bonus3,70.9,59.6,1
bonus3,70.9,60,1
bonus3,70.9,60.4,1
bonus3,70.9,60.5,1
bonus3,70.9,60.8,1
bonus3,70.9,60.9,1
bonus3,70.9,61,1
bonus3,70.9,61.3,1
bonus3,70.9,61.4,1
bonus3,70.9,61.7,1
bonus3,70.9,61.9,1
bonus3,70.9,62,2
bonus3,70.9,62.2,1
bonus3,70.9,62.3,3
bonus3,70.9,62.6,1
bonus3,70.9,62.8,1
bonus3,70.9,63.2,2
bonus3,70.9,63.4,1
bonus3,70.9,63.6,1
bonus3,70.9,63.7,1
bonus3,70.9,64.2,1
bonus3,70.9,64.3,1
bonus3,70.9,64.4,1
bonus3,70.9,64.6,1
bonus3,70.9,64.8,1
bonus3,70.9,65.2,1
bonus3,70.9,65.5,1
bonus3,70.9,66,1
bonus3,70.9,66.6,1
bonus3,70.9,66.7,1
bonus3,70.9,66.8,1
bonus3,70.9,66.9,1
bonus3,70.9,67,1
bonus3,70.9,67.1,1
bonus3,70.9,67.4,1
bonus3,70.9,67.6,1
bonus3,70.9,68,2
bonus3,70.9,68.3,1
bonus3,70.9,68.4,1
bonus3,70.9,68.6,1
bonus3,70.9,69.1,1
bonus3,70.9,69.3,1
bonus3,70.9,70.5,1
bonus3,70.9,70.6,1
bonus3,70.9,70.7,1
bonus3,70.9,71.3,1
bonus3,70.9,71.7,1
bonus3,70.9,71.9,1
bonus3,70.9,72,1
bonus3,70.9,72.4,1
bonus3,70.9,72.6,1
bonus3,70.9,72.8,1
bonus3,70.9,73.4,1
bonus3,70.9,73.9,1
bonus3,70.9,74,1
bonus3,70.9,74.1,1
bonus3,70.9,74.6,2
bonus3,70.9,75,1
bonus3,70.9,75.3,1
bonus3,70.9,75.5,1
bonus3,70.9,75.6,1
bonus3,70.9,75.9,2
bonus3,70.9,76.5,3
bonus3,70.9,76.6,1
bonus3,70.9,76.7,1
bonus3,70.9,77.3,1
bonus3,70.9,77.7,1
bonus3,70.9,78,1
bonus3,70.9,78.2,2
bonus3,70.9,78.3,2
bonus3,70.9,78.7,1
bonus3,70.9,79,2
bonus3,70.9,79.1,1
bonus3,70.9,79.2,1
bonus3,70.9,79.4,2
bonus3,70.9,79.5,1
bonus3,70.9,79.7,2
bonus3,70.9,80,1
bonus3,70.9,80.1,1
bonus3,70.9,80.3,1
bonus3,70.9,80.5,1
bonus3,70.9,80.8,1
bonus3,70.9,81.1,1
bonus3,70.9,81.4,1
bonus3,70.9,81.8,1
bonus3,70.9,81.9,1
bonus3,70.9,82.5,2
bonus3,70.9,82.7,1
bonus3,70.9,82.8,1
bonus3,70.9,83,3
bonus3,70.9,83.1,1
bonus3,70.9,83.4,1
bonus3,70.9,83.5,2
bonus3,70.9,83.8,2
bonus3,70.9,83.9,1
bonus3,70.9,84.2,2
bonus3,70.9,84.6,1
bonus3,70.9,85.4,1
bonus3,70.9,85.5,3
bonus3,70.9,85.6,1
bonus3,70.9,85.9,1
bonus3,70.9,86.7,1
bonus3,70.9,87.1,1
bonus3,70.9,87.4,1
bonus3,70.9,87.6,2
bonus3,70.9,87.8,1
bonus3,70.9,87.9,2
bonus3,70.9,88,1
bonus3,70.9,88.5,1
bonus3,70.9,88.8,1
bonus3,70.9,89.1,2
bonus3,70.9,89.2,1
bonus3,70.9,89.4,1
bonus3,70.9,89.5,2
bonus3,70.9,89.8,1
bonus3,70.9,90.1,1
bonus3,70.9,90.8,1
bonus3,70.9,90.9,2
bonus3,70.9,91,2
bonus3,70.9,91.1,1
bonus3,70.9,91.6,1
bonus3,70.9,91.7,2
bonus3,70.9,92,1
bonus3,70.9,92.4,1
bonus3,70.9,92.5,2
bonus3,70.9,92.8,1
bonus3,70.9,92.9,1
bonus3,70.9,93.1,1
bonus3,70.9,93.2,1
bonus3,70.9,93.3,1
bonus3,70.9,93.9,2
bonus3,70.9,94.1,1
bonus3,70.9,94.3,1
bonus3,70.9,94.6,2
bonus3,70.9,94.7,1
bonus3,70.9,95,1
bonus3,70.9,95.5,1
bonus3,70.9,95.6,1
bonus3,70.9,95.7,1
bonus3,70.9,95.8,1
bonus3,70.9,96.4,1
bonus3,70.9,96.5,1
bonus3,70.9,96.8,1
bonus3,70.9,96.9,1
bonus3,70.9,97.1,2
bonus3,70.9,97.4,1
bonus3,70.9,97.7,1
bonus3,70.9,97.8,1
bonus3,70.9,98.1,1
bonus3,70.9,98.5,1
bonus3,70.9,98.7,1
bonus3,70.9,99.1,1
bonus3,70.9,99.2,1
bonus3,70.9,99.4,2
bonus3,70.9,99.7,1
bonus3,70.9,99.9,1
bonus3,76.4,0.4,1
bonus3,76.4,0.6,1
bonus3,76.4,0.7,1
bonus3,76.4,0.8,1
bonus3,76.4,0.9,1
bonus3,76.4,1.2,2
bonus3,76.4,1.3,1
bonus3,76.4,1.4,1
bonus3,76.4,1.6,2
bonus3,76.4,2,2
bonus3,76.4,2.5,2
bonus3,76.4,2.7,2
bonus3,76.4,2.9,1
bonus3,76.4,3.3,1
bonus3,76.4,3.5,2
bonus3,76.4,3.9,1
bonus3,76.4,4,1
bonus3,76.4,4.6,1
bonus3,76.4,4.7,1
bonus3,76.4,5.1,1
bonus3,76.4,6.2,1
bonus3,76.4,6.3,1
bonus3,76.4,6.8,1
bonus3,76.4,7,1
bonus3,76.4,7.2,1
bonus3,76.4,7.3,1
bonus3,76.4,7.4,1
bonus3,76.4,7.5,1
bonus3,76.4,7.6,2
bonus3,76.4,7.7,2
bonus3,76.4,7.8,1
bonus3,76.4,8.6,1
bonus3,76.4,8.9,1
bonus3,76.4,9.7,1
bonus3,76.4,9.9,1
bonus3,76.4,10.2,2
bonus3,76.4,10.6,1
bonus3,76.4,11.7,1
bonus3,76.4,11.9,1
bonus3,76.4,12,1
bonus3,76.4,12.1,1
bonus3,76.4,12.3,1
bonus3,76.4,13.4,1
bonus3,76.4,13.5,1
bonus3,76.4,13.9,1
bonus3,76.4,14.5,1
bonus3,76.4,14.6,3
bonus3,76.4,14.8,1
bonus3,76.4,14.9,2
bonus3,76.4,16.2,2
bonus3,76.4,16.3,1
bonus3,76.4,16.6,1
bonus3,76.4,16.9,1
bonus3,76.4,17.7,2
bonus3,76.4,18,1
bonus3,76.4,18.8,1
bonus3,76.4,18.9,2
bonus3,76.4,19.4,1
bonus3,76.4,19.5,1
bonus3,76.4,19.8,1
bonus3,76.4,19.9,1
bonus3,76.4,20.1,1
bonus3,76.4,20.2,1
bonus3,76.4,20.5,1
bonus3,76.4,21,1
bonus3,76.4,21.6,1
bonus3,76.4,22.1,1
bonus3,76.4,22.2,1
bonus3,76.4,22.4,1
bonus3,76.4,22.6,2
bonus3,76.4,22.8,1
bonus3,76.4,23,1
bonus3,76.4,23.5,1
bonus3,76.4,23.7,1
bonus3,76.4,24,1
bonus3,76.4,24.2,1
bonus3,76.4,24.5,1
bonus3,76.4,24.7,3
bonus3,76.4,24.9,1
bonus3,76.4,25.1,1
bonus3,76.4,25.3,2
bonus3,76.4,25.7,1
bonus3,76.4,25.8,1
bonus3,76.4,26,1
bonus3,76.4,26.5,2
bonus3,76.4,27.8,1
bonus3,76.4,27.9,1
bonus3,76.4,28,1
bonus3,76.4,28.1,2
bonus3,76.4,28.2,1
bonus3,76.4,28.3,1
bonus3,76.4,28.7,1
bonus3,76.4,29.7,1
bonus3,76.4,29.9,3
bonus3,76.4,30.8,1
bonus3,76.4,31.4,1
bonus3,76.4,31.6,1
bonus3,76.4,31.9,1
bonus3,76.4,32.2,2
bonus3,76.4,32.3,1
bonus3,76.4,32.4,2
bonus3,76.4,32.6,1
bonus3,76.4,32.7,1
bonus3,76.4,32.9,1
bonus3,76.4,33,2
bonus3,76.4,33.2,1
bonus3,76.4,33.3,1
bonus3,76.4,33.6,1
bonus3,76.4,33.7,1
bonus3,76.4,33.9,1
bonus3,76.4,34.5,1
bonus3,76.4,34.6,1
bonus3,76.4,34.7,1
bonus3,76.4,35.1,2
bonus3,76.4,35.3,2
bonus3,76.4,35.5,2
bonus3,76.4,35.6,1
bonus3,76.4,35.7,1
bonus3,76.4,36.6,1
bonus3,76.4,36.8,1
bonus3,76.4,37.1,1
bonus3,76.4,37.6,1
bonus3,76.4,38,1
bonus3,76.4,38.1,1
bonus3,76.4,38.8,1
bonus3,76.4,38.9,2
bonus3,76.4,39.6,1
bonus3,76.4,39.8,1
bonus3,76.4,40.6,1
bonus3,76.4,40.7,1
bonus3,76.4,40.8,1
bonus3,76.4,41,1
bonus3,76.4,41.1,1
bonus3,76.4,41.5,1
bonus3,76.4,41.6,1
bonus3,76.4,41.7,2
bonus3,76.4,42.1,2
bonus3,76.4,42.2,1
bonus3,76.4,42.4,1
bonus3,76.4,42.5,1
bonus3,76.4,42.9,1
bonus3,76.4,43.1,1
bonus3,76.4,43.3,1
bonus3,76.4,43.5,1
bonus3,76.4,43.8,1
bonus3,76.4,44.2,1
bonus3,76.4,44.3,1
bonus3,76.4,44.7,1
bonus3,76.4,44.8,2
bonus3,76.4,45.2,1
bonus3,76.4,45.3,1
bonus3,76.4,46,2
bonus3,76.4,46.1,2
bonus3,76.4,46.3,1
bonus3,76.4,47.2,1
bonus3,76.4,47.3,1
bonus3,76.4,48,1
bonus3,76.4,48.3,2
bonus3,76.4,48.5,2
bonus3,76.4,48.6,1
bonus3,76.4,50,2
bonus3,76.4,50.1,1
bonus3,76.4,50.2,1
bonus3,76.4,50.3,1
bonus3,76.4,50.4,1
bonus3,76.4,50.8,2
bonus3,76.4,51.1,2
bonus3,76.4,51.2,1
bonus3,76.4,51.4,2
bonus3,76.4,51.6,1
bonus3,76.4,51.8,1
bonus3,76.4,51.9,1
bonus3,76.4,52.3,1
bonus3,76.4,52.8,3
bonus3,76.4,52.9,1
bonus3,76.4,53,2
bonus3,76.4,53.2,1
bonus3,76.4,53.4,1
bonus3,76.4,53.5,1
bonus3,76.4,53.6,1
bonus3,76.4,53.9,1
bonus3,76.4,54.1,2
bonus3,76.4,54.6,1
bonus3,76.4,54.9,1
bonus3,76.4,55.2,1
bonus3,76.4,55.3,2
bonus3,76.4,55.5,2
bonus3,76.4,55.6,1
bonus3,76.4,56,1
bonus3,76.4,56.1,1
bonus3,76.4,56.3,1
bonus3,76.4,56.5,1
bonus3,76.4,56.7,1
bonus3,76.4,57.4,1
bonus3,76.4,57.5,1
bonus3,76.4,57.6,1
bonus3,76.4,57.8,1
bonus3,76.4,58.1,1
bonus3,76.4,58.3,1
bonus3,76.4,58.5,1
bonus3,76.4,58.6,1
bonus3,76.4,58.8,2
bonus3,76.4,58.9,1
bonus3,76.4,59.1,1
bonus3,76.4,59.3,1
bonus3,76.4,59.9,1
bonus3,76.4,60,2
bonus3,76.4,60.2,1
bonus3,76.4,61.1,2
bonus3,76.4,61.4,1
bonus3,76.4,61.5,1
bonus3,76.4,61.9,1
bonus3,76.4,62,1
bonus3,76.4,62.1,1
bonus3,76.4,62.4,1
bonus3,76.4,62.5,1
bonus3,76.4,62.9,1
bonus3,76.4,63.4,1
bonus3,76.4,63.5,1
bonus3,76.4,63.9,2
bonus3,76.4,65.3,1
bonus3,76.4,65.4,1
bonus3,76.4,66.3,1
bonus3,76.4,66.5,1
bonus3,76.4,67.2,1
bonus3,76.4,68,1
bonus3,76.4,68.1,1
bonus3,76.4,68.3,2
bonus3,76.4,68.5,1
bonus3,76.4,68.8,1
bonus3,76.4,68.9,1
bonus3,76.4,69,1
bonus3,76.4,69.2,2
bonus3,76.4,69.3,1
bonus3,76.4,69.7,1
bonus3,76.4,69.8,1
bonus3,76.4,70.1,1
bonus3,76.4,70.3,3
bonus3,76.4,70.6,1
bonus3,76.4,71,1
bonus3,76.4,71.4,1
bonus3,76.4,71.5,1
bonus3,76.4,71.8,1
bonus3,76.4,72.1,1
bonus3,76.4,72.2,1
bonus3,76.4,72.5,1
bonus3,76.4,72.9,1
bonus3,76.4,73.1,1
bonus3,76.4,73.4,1
bonus3,76.4,74.3,1
bonus3,76.4,74.5,1
bonus3,76.4,74.7,1
bonus3,76.4,76.1,1
bonus3,76.4,76.2,1
bonus3,76.4,77,1
bonus3,76.4,77.4,1
bonus3,76.4,77.8,1
bonus3,76.4,77.9,2
bonus3,76.4,78,1
bonus3,76.4,78.4,1
bonus3,76.4,79.1,1
bonus3,76.4,79.2,1
bonus3,76.4,79.3,1
bonus3,76.4,80,1
bonus3,76.4,80.1,1
bonus3,76.4,80.3,1
bonus3,76.4,80.7,2
bonus3,76.4,80.8,1
bonus3,76.4,81,2
bonus3,76.4,81.3,1
bonus3,76.4,81.5,2
bonus3,76.4,81.7,1
bonus3,76.4,82,1
bonus3,76.4,82.1,1
bonus3,76.4,82.2,2
bonus3,76.4,82.3,1
bonus3,76.4,83.1,2
bonus3,76.4,83.3,2
bonus3,76.4,83.7,1
bonus3,76.4,83.8,1
bonus3,76.4,83.9,1
bonus3,76.4,84.5,3
bonus3,76.4,84.9,1
bonus3,76.4,85.1,2
bonus3,76.4,85.4,1
bonus3,76.4,85.5,1
bonus3,76.4,85.6,1
bonus3,76.4,85.7,1
bonus3,76.4,85.9,1
bonus3,76.4,86.1,1
bonus3,76.4,86.4,1
bonus3,76.4,86.7,1
bonus3,76.4,87.1,1
bonus3,76.4,87.3,2
bonus3,76.4,88.3,2
bonus3,76.4,88.9,1
bonus3,76.4,89.5,1
bonus3,76.4,89.6,1
bonus3,76.4,90,2
bonus3,76.4,90.1,1
bonus3,76.4,90.2,1
bonus3,76.4,90.5,1
bonus3,76.4,90.9,1
bonus3,76.4,91,1
bonus3,76.4,91.5,1
bonus3,76.4,91.6,1
bonus3,76.4,91.8,1
bonus3,76.4,92,1
bonus3,76.4,92.5,1
bonus3,76.4,94.2,1
bonus3,76.4,94.3,1
bonus3,76.4,94.8,1
bonus3,76.4,95.1,1
bonus3,76.4,95.4,1
bonus3,76.4,96.3,2
bonus3,76.4,96.8,1
bonus3,76.4,97.1,1
bonus3,76.4,97.6,1
bonus3,76.4,98.1,1
bonus3,76.4,99.8,1
bonus3,82.1,0.1,1
bonus3,82.1,0.2,1
bonus3,82.1,0.3,1
bonus3,82.1,0.7,1
bonus3,82.1,0.9,1
bonus3,82.1,1,1
bonus3,82.1,1.6,2
bonus3,82.1,2.4,1
bonus3,82.1,2.6,1
bonus3,82.1,2.9,1
bonus3,82.1,3.1,1
bonus3,82.1,3.5,1
bonus3,82.1,4.1,1
bonus3,82.1,4.8,1
bonus3,82.1,5,1
bonus3,82.1,5.3,1
bonus3,82.1,5.6,1
bonus3,82.1,7,1
bonus3,82.1,7.7,2
bonus3,82.1,8.1,2
bonus3,82.1,8.2,1
bonus3,82.1,8.3,1
bonus3,82.1,8.9,1
bonus3,82.1,9.1,1
bonus3,82.1,9.2,1
bonus3,82.1,9.3,1
bonus3,82.1,10.1,1
bonus3,82.1,10.2,1
bonus3,82.1,10.9,2
bonus3,82.1,11.6,1
bonus3,82.1,11.8,1
bonus3,82.1,11.9,1
bonus3,82.1,12.2,1
bonus3,82.1,12.4,1
bonus3,82.1,13.1,1
bonus3,82.1,13.3,1
bonus3,82.1,13.5,1
bonus3,82.1,13.9,1
bonus3,82.1,14,1
bonus3,82.1,14.1,1
bonus3,82.1,14.3,1
bonus3,82.1,14.7,1
bonus3,82.1,15,1
bonus3,82.1,15.2,2
bonus3,82.1,15.4,1
bonus3,82.1,15.7,1
bonus3,82.1,16.7,1
bonus3,82.1,17,1
bonus3,82.1,17.1,1
bonus3,82.1,17.2,1
bonus3,82.1,17.3,1
bonus3,82.1,17.4,2
bonus3,82.1,17.5,1
bonus3,82.1,18.2,1
bonus3,82.1,18.3,1
bonus3,82.1,18.4,1
bonus3,82.1,18.6,1
bonus3,82.1,18.7,1
bonus3,82.1,19,1
bonus3,82.1,19.4,1
bonus3,82.1,19.5,1
bonus3,82.1,19.7,1
bonus3,82.1,19.9,1
bonus3,82.1,20.2,1
bonus3,82.1,20.7,1
bonus3,82.1,21,1
bonus3,82.1,21.1,2
bonus3,82.1,21.3,1
bonus3,82.1,21.5,1
bonus3,82.1,21.9,1
bonus3,82.1,22.1,1
bonus3,82.1,22.3,2
bonus3,82.1,22.8,1
bonus3,82.1,22.9,1
bonus3,82.1,23,1
bonus3,82.1,23.4,1
bonus3,82.1,23.6,1
bonus3,82.1,23.7,1
bonus3,82.1,24,1
bonus3,82.1,24.3,1
bonus3,82.1,24.4,1
bonus3,82.1,24.9,1
bonus3,82.1,25.1,1
bonus3,82.1,25.4,1
bonus3,82.1,25.9,1
bonus3,82.1,26.4,2
bonus3,82.1,26.8,1
bonus3,82.1,27.1,1
bonus3,82.1,27.2,1
bonus3,82.1,27.5,1
bonus3,82.1,27.7,1
bonus3,82.1,27.8,1
bonus3,82.1,28.1,1
bonus3,82.1,28.2,2
bonus3,82.1,28.9,2
bonus3,82.1,29,1
bonus3,82.1,29.1,1
bonus3,82.1,29.3,1
bonus3,82.1,29.5,1
bonus3,82.1,29.9,1
bonus3,82.1,30.7,1
bonus3,82.1,30.8,1
bonus3,82.1,31.4,1
bonus3,82.1,31.9,1
bonus3,82.1,32.1,1
bonus3,82.1,32.2,1
bonus3,82.1,32.3,1
bonus3,82.1,32.5,1
bonus3,82.1,32.8,1
bonus3,82.1,33,1
bonus3,82.1,33.8,1
bonus3,82.1,34.1,1
bonus3,82.1,34.4,1
bonus3,82.1,35.2,1
bonus3,82.1,36,1
bonus3,82.1,36.3,1
bonus3,82.1,36.4,1
bonus3,82.1,36.7,2
bonus3,82.1,37.8,1
bonus3,82.1,38.1,1
bonus3,82.1,38.2,1
bonus3,82.1,38.3,1
bonus3,82.1,39,1
bonus3,82.1,39.1,1
bonus3,82.1,39.3,1
bonus3,82.1,39.5,1
bonus3,82.1,39.6,1
bonus3,82.1,40,1
bonus3,82.1,40.5,1
bonus3,82.1,40.8,1
bonus3,82.1,41.2,1
bonus3,82.1,42.2,1
bonus3,82.1,42.4,1
bonus3,82.1,42.7,2
bonus3,82.1,42.9,2
bonus3,82.1,43.1,1
bonus3,82.1,43.2,1
bonus3,82.1,43.8,1
bonus3,82.1,43.9,1
bonus3,82.1,44.4,1
bonus3,82.1,44.6,2
bonus3,82.1,45,2
bonus3,82.1,45.6,1
bonus3,82.1,45.8,1
bonus3,82.1,46.4,2
bonus3,82.1,46.6,1
bonus3,82.1,46.9,1
bonus3,82.1,47,2
bonus3,82.1,47.1,1
bonus3,82.1,47.2,1
bonus3,82.1,47.4,1
bonus3,82.1,47.8,1
bonus3,82.1,48.2,2
bonus3,82.1,48.3,1
bonus3,82.1,48.7,3
bonus3,82.1,49.8,1
bonus3,82.1,50,3
bonus3,82.1,50.1,2
bonus3,82.1,50.3,1
bonus3,82.1,50.6,2
bonus3,82.1,50.8,1
bonus3,82.1,51,2
bonus3,82.1,51.1,2
bonus3,82.1,51.3,1
bonus3,82.1,51.5,2
bonus3,82.1,51.8,2
bonus3,82.1,52.2,2
bonus3,82.1,52.3,1
bonus3,82.1,52.7,1
bonus3,82.1,53.2,3
bonus3,82.1,53.5,1
bonus3,82.1,53.9,1
bonus3,82.1,54,1
bonus3,82.1,54.1,1
bonus3,82.1,54.5,1
bonus3,82.1,54.8,2
bonus3,82.1,55,1
bonus3,82.1,55.1,1
bonus3,82.1,55.2,1
bonus3,82.1,55.3,1
bonus3,82.1,55.5,1
bonus3,82.1,55.6,1
bonus3,82.1,56.1,2
bonus3,82.1,56.2,1
bonus3,82.1,56.4,1
bonus3,82.1,56.6,1
bonus3,82.1,57.2,3
bonus3,82.1,57.4,2
bonus3,82.1,57.5,2
bonus3,82.1,57.6,1
bonus3,82.1,57.7,1
bonus3,82.1,57.8,1
bonus3,82.1,57.9,2
bonus3,82.1,58.2,1
bonus3,82.1,58.3,1
bonus3,82.1,58.4,1
bonus3,82.1,58.6,1
bonus3,82.1,58.7,1
bonus3,82.1,59,1
bonus3,82.1,59.1,2
bonus3,82.1,59.4,1
bonus3,82.1,59.6,1
bonus3,82.1,59.8,1
bonus3,82.1,60.3,1
bonus3,82.1,60.4,1
bonus3,82.1,61,2
bonus3,82.1,61.1,2
bonus3,82.1,61.2,2
bonus3,82.1,62.2,1
bonus3,82.1,62.7,1
bonus3,82.1,62.8,1
bonus3,82.1,63.3,1
bonus3,82.1,63.5,1
bonus3,82.1,63.6,2
bonus3,82.1,63.8,1
bonus3,82.1,64,1
bonus3,82.1,64.6,3
bonus3,82.1,65,2
bonus3,82.1,65.1,1
bonus3,82.1,65.6,1
bonus3,82.1,65.7,1
bonus3,82.1,65.8,1
bonus3,82.1,65.9,1
bonus3,82.1,66.2,1
bonus3,82.1,66.4,1
bonus3,82.1,66.5,2
bonus3,82.1,67.3,2
bonus3,82.1,67.4,1
bonus3,82.1,67.5,1
bonus3,82.1,67.6,1
bonus3,82.1,67.8,1
bonus3,82.1,67.9,1
bonus3,82.1,68.1,1
bonus3,82.1,68.2,2
bonus3,82.1,68.4,1
bonus3,82.1,69,1
bonus3,82.1,69.2,1
bonus3,82.1,69.3,1
bonus3,82.1,69.5,1
bonus3,82.1,69.6,1
bonus3,82.1,69.8,1
bonus3,82.1,70.2,1
bonus3,82.1,70.5,1
bonus3,82.1,70.8,2
bonus3,82.1,71.3,3
bonus3,82.1,71.5,2
bonus3,82.1,71.8,1
bonus3,82.1,72.4,1
bonus3,82.1,72.5,1
bonus3,82.1,73,1
bonus3,82.1,73.1,1
bonus3,82.1,73.2,1
bonus3,82.1,73.4,1
bonus3,82.1,73.6,2
bonus3,82.1,73.7,1
bonus3,82.1,73.8,1
bonus3,82.1,74,1
bonus3,82.1,74.2,1
bonus3,82.1,74.3,1
bonus3,82.1,74.7,2
bonus3,82.1,74.8,1
bonus3,82.1,74.9,1
bonus3,82.1,75,1
bonus3,82.1,75.3,1
bonus3,82.1,75.4,1
bonus3,82.1,76,1
bonus3,82.1,76.1,1
bonus3,82.1,76.3,1
bonus3,82.1,76.6,1
bonus3,82.1,76.7,1
bonus3,82.1,76.8,2
bonus3,82.1,77,1
bonus3,82.1,77.3,1
bonus3,82.1,77.4,3
bonus3,82.1,77.5,2
bonus3,82.1,77.7,1
bonus3,82.1,78.3,1
bonus3,82.1,78.6,1
bonus3,82.1,79.1,2
bonus3,82.1,79.2,2
bonus3,82.1,79.4,1
bonus3,82.1,79.6,1
bonus3,82.1,79.7,1
bonus3,82.1,80.3,1
bonus3,82.1,80.5,1
bonus3,82.1,80.6,1
bonus3,82.1,80.9,1
bonus3,82.1,81,1
bonus3,82.1,81.2,1
bonus3,82.1,81.6,1
bonus3,82.1,82.2,1
bonus3,82.1,82.5,2
bonus3,82.1,82.8,1
bonus3,82.1,82.9,1
bonus3,82.1,83.4,1
bonus3,82.1,83.5,1
bonus3,82.1,83.7,2
bonus3,82.1,83.8,1
bonus3,82.1,84,1
bonus3,82.1,84.1,1
bonus3,82.1,84.2,1
bonus3,82.1,84.3,1
bonus3,82.1,84.9,2
bonus3,82.1,85.1,1
bonus3,82.1,85.2,1
bonus3,82.1,85.6,2
bonus3,82.1,85.7,1
bonus3,82.1,85.9,2
bonus3,82.1,86.1,3
bonus3,82.1,86.4,1
bonus3,82.1,86.8,2
bonus3,82.1,86.9,2
bonus3,82.1,87.2,1
bonus3,82.1,87.3,1
bonus3,82.1,87.4,1
bonus3,82.1,87.5,1
bonus3,82.1,87.6,1
bonus3,82.1,87.8,1
bonus3,82.1,87.9,2
bonus3,82.1,88,1
bonus3,82.1,88.4,1
bonus3,82.1,88.5,1
bonus3,82.1,88.8,3
bonus3,82.1,89.6,1
bonus3,82.1,89.7,1
bonus3,82.1,89.8,1
bonus3,82.1,89.9,1
bonus3,82.1,90,1
bonus3,82.1,90.3,1
bonus3,82.1,90.4,1
bonus3,82.1,90.7,1
bonus3,82.1,90.8,1
bonus3,82.1,91.1,2
bonus3,82.1,91.2,1
bonus3,82.1,91.3,1
bonus3,82.1,91.4,1
bonus3,82.1,91.6,2
bonus3,82.1,91.7,2
bonus3,82.1,92.1,1
bonus3,82.1,92.2,1
bonus3,82.1,92.4,1
bonus3,82.1,92.8,3
bonus3,82.1,92.9,1
bonus3,82.1,93.3,1
bonus3,82.1,93.4,1
bonus3,82.1,93.7,1
bonus3,82.1,94.3,1
bonus3,82.1,94.7,1
bonus3,82.1,94.8,1
bonus3,82.1,94.9,3
bonus3,82.1,95.1,1
bonus3,82.1,95.2,1
bonus3,82.1,95.3,1
bonus3,82.1,95.4,1
bonus3,82.1,95.6,1
bonus3,82.1,95.8,1
bonus3,82.1,95.9,2
bonus3,82.1,96.1,1
bonus3,82.1,96.2,1
bonus3,82.1,96.3,2
bonus3,82.1,96.4,1
bonus3,82.1,96.7,1
bonus3,82.1,96.9,3
bonus3,82.1,97,2
bonus3,82.1,97.1,1
bonus3,82.1,97.4,1
bonus3,82.1,97.5,1
bonus3,82.1,97.6,1
bonus3,82.1,97.7,1
bonus3,82.1,98,2
bonus3,82.1,98.2,1
bonus3,82.1,98.3,2
bonus3,82.1,98.4,1
bonus3,82.1,98.5,1
bonus3,82.1,98.6,1
bonus3,82.1,98.7,1
bonus3,82.1,99.2,1
bonus3,82.1,99.6,1
bonus3,82.1,100,1
bonus3,86.8,1,1
bonus3,86.8,1.1,1
bonus3,86.8,1.4,1
bonus3,86.8,1.6,1
bonus3,86.8,3,1
bonus3,86.8,3.2,1
bonus3,86.8,3.6,2
bonus3,86.8,3.9,1
bonus3,86.8,4,1
bonus3,86.8,4.6,1
bonus3,86.8,4.9,2
bonus3,86.8,5.1,1
bonus3,86.8,5.3,1
bonus3,86.8,6.3,1
bonus3,86.8,6.5,1
bonus3,86.8,7.1,1
bonus3,86.8,7.8,1
bonus3,86.8,7.9,1
bonus3,86.8,8.1,1
bonus3,86.8,8.3,1
bonus3,86.8,9,1
bonus3,86.8,9.1,1
bonus3,86.8,9.2,1
bonus3,86.8,9.3,1
bonus3,86.8,10.2,1
bonus3,86.8,10.7,1
bonus3,86.8,11.4,1
bonus3,86.8,11.5,1
bonus3,86.8,11.7,1
bonus3,86.8,11.9,1
bonus3,86.8,12.2,1
bonus3,86.8,12.3,1
bonus3,86.8,13.1,1
bonus3,86.8,13.3,1
bonus3,86.8,13.4,1
bonus3,86.8,14.1,1
bonus3,86.8,14.4,1
bonus3,86.8,14.9,1
bonus3,86.8,15.1,1
bonus3,86.8,16.5,1
bonus3,86.8,16.8,1
bonus3,86.8,16.9,1
bonus3,86.8,17.2,1
bonus3,86.8,17.6,1
bonus3,86.8,18.5,1
bonus3,86.8,19.3,1
bonus3,86.8,19.4,1
bonus3,86.8,20.4,1
bonus3,86.8,20.5,1
bonus3,86.8,20.7,1
bonus3,86.8,22.4,2
bonus3,86.8,22.9,2
bonus3,86.8,23.5,1
bonus3,86.8,23.6,1
bonus3,86.8,24.5,1
bonus3,86.8,25,1
bonus3,86.8,25.2,1
bonus3,86.8,25.8,1
bonus3,86.8,26.2,1
bonus3,86.8,26.6,2
bonus3,86.8,26.9,1
bonus3,86.8,27.2,1
bonus3,86.8,27.3,1
bonus3,86.8,27.4,1
bonus3,86.8,27.5,1
bonus3,86.8,28.2,1
bonus3,86.8,28.4,1
bonus3,86.8,28.5,1
bonus3,86.8,28.7,1
bonus3,86.8,29.1,1
bonus3,86.8,29.2,1
bonus3,86.8,29.4,1
bonus3,86.8,30.2,1
bonus3,86.8,30.8,1
bonus3,86.8,33.1,1
bonus3,86.8,33.4,1
bonus3,86.8,33.5,1
bonus3,86.8,33.7,1
bonus3,86.8,34,1
bonus3,86.8,34.2,1
bonus3,86.8,34.3,1
bonus3,86.8,34.6,2
bonus3,86.8,34.9,1
bonus3,86.8,36.7,1
bonus3,86.8,37.6,2
bonus3,86.8,37.9,1
bonus3,86.8,38.3,1
bonus3,86.8,38.4,1
bonus3,86.8,39.5,1
bonus3,86.8,39.7,1
bonus3,86.8,40.7,1
bonus3,86.8,41.1,1
bonus3,86.8,41.3,1
bonus3,86.8,41.8,1
bonus3,86.8,42.3,2
bonus3,86.8,43,1
bonus3,86.8,43.3,1
bonus3,86.8,43.8,1
bonus3,86.8,44.5,1
bonus3,86.8,44.7,1
bonus3,86.8,45,1
bonus3,86.8,45.2,1
bonus3,86.8,45.4,1
bonus3,86.8,46,1
bonus3,86.8,47.6,2
bonus3,86.8,48.9,1
bonus3,86.8,49.7,1
bonus3,86.8,50.4,1
bonus3,86.8,50.5,1
bonus3,86.8,50.9,1
bonus3,86.8,51.3,1
bonus3,86.8,51.5,3
bonus3,86.8,52.8,1
bonus3,86.8,54.1,1
bonus3,86.8,54.7,1
bonus3,86.8,55.2,2
bonus3,86.8,55.6,1
bonus3,86.8,56.3,1
bonus3,86.8,56.4,2
bonus3,86.8,56.8,1
bonus3,86.8,57.1,1
bonus3,86.8,58,1
bonus3,86.8,59,2
bonus3,86.8,59.2,1
bonus3,86.8,59.5,1
bonus3,86.8,59.7,1
bonus3,86.8,60,1
bonus3,86.8,60.2,1
bonus3,86.8,60.3,1
bonus3,86.8,60.8,1
bonus3,86.8,61.2,1
bonus3,86.8,61.3,1
bonus3,86.8,61.5,1
bonus3,86.8,61.8,1
bonus3,86.8,64.8,1
bonus3,86.8,64.9,1
bonus3,86.8,65.4,1
bonus3,86.8,65.5,1
bonus3,86.8,65.6,1
bonus3,86.8,65.7,2
bonus3,86.8,65.9,1
bonus3,86.8,66.4,1
bonus3,86.8,67.2,1
bonus3,86.8,67.6,1
bonus3,86.8,67.9,1
bonus3,86.8,69,1
bonus3,86.8,70.4,1
bonus3,86.8,70.9,1
bonus3,86.8,71.3,1
bonus3,86.8,71.6,1
bonus3,86.8,71.7,2
bonus3,86.8,72.4,1
bonus3,86.8,74,1
bonus3,86.8,74.2,1
bonus3,86.8,75.1,1
bonus3,86.8,75.4,2
bonus3,86.8,75.5,1
bonus3,86.8,76,1
bonus3,86.8,76.4,1
bonus3,86.8,76.5,1
bonus3,86.8,76.9,2
bonus3,86.8,77,1
bonus3,86.8,77.8,1
bonus3,86.8,79,1
bonus3,86.8,79.6,1
bonus3,86.8,79.8,1
bonus3,86.8,80.3,1
bonus3,86.8,80.7,2
bonus3,86.8,81.5,1
bonus3,86.8,82,1
bonus3,86.8,83.4,1
bonus3,86.8,83.7,1
bonus3,86.8,84.2,1
bonus3,86.8,85.3,1
bonus3,86.8,85.4,1
bonus3,86.8,85.5,1
bonus3,86.8,85.6,1
bonus3,86.8,86.2,1
bonus3,86.8,87.1,1
bonus3,86.8,87.8,1
bonus3,86.8,91.9,1
bonus3,86.8,92.1,1
bonus3,86.8,93,1
bonus3,86.8,93.1,1
bonus3,86.8,94.2,1
bonus3,86.8,94.5,1
bonus3,86.8,94.6,1
bonus3,86.8,94.7,1
bonus3,86.8,94.8,1
bonus3,86.8,94.9,1
bonus3,86.8,95.2,1
bonus3,86.8,95.3,1
bonus3,86.8,95.5,2
bonus3,86.8,95.6,1
bonus3,86.8,95.7,1
bonus3,86.8,96.1,1
bonus3,86.8,97.5,1
bonus3,86.8,97.6,1
bonus3,86.8,97.9,2
bonus3,86.8,98.1,1
bonus3,86.8,98.5,1
bonus3,86.8,98.6,1
bonus3,91.1,0.5,1
bonus3,91.1,1.4,1
bonus3,91.1,1.5,1
bonus3,91.1,2.1,2
bonus3,91.1,2.3,1
bonus3,91.1,2.6,1
bonus3,91.1,3.4,1
bonus3,91.1,3.7,1
bonus3,91.1,4,1
bonus3,91.1,4.4,1
bonus3,91.1,4.5,1
bonus3,91.1,5.2,1
bonus3,91.1,5.4,1
bonus3,91.1,5.8,1
bonus3,91.1,6.5,1
bonus3,91.1,7,1
bonus3,91.1,7.6,1
bonus3,91.1,8.6,1
bonus3,91.1,8.7,1
bonus3,91.1,9.4,1
bonus3,91.1,9.7,1
bonus3,91.1,10,1
bonus3,91.1,10.2,1
bonus3,91.1,10.4,1
bonus3,91.1,11,1
bonus3,91.1,11.3,1
bonus3,91.1,11.4,1
bonus3,91.1,11.5,2
bonus3,91.1,12.1,1
bonus3,91.1,12.2,2
bonus3,91.1,13,1
bonus3,91.1,13.2,2
bonus3,91.1,14.1,1
bonus3,91.1,14.2,1
bonus3,91.1,14.4,1
bonus3,91.1,14.8,1
bonus3,91.1,14.9,2
bonus3,91.1,15,1
bonus3,91.1,15.2,1
bonus3,91.1,15.3,1
bonus3,91.1,16,1
bonus3,91.1,16.1,1
bonus3,91.1,16.2,1
bonus3,91.1,17.6,1
bonus3,91.1,18.4,1
bonus3,91.1,18.7,2
bonus3,91.1,19.2,1
bonus3,91.1,19.7,1
bonus3,91.1,20.1,1
bonus3,91.1,20.4,1
bonus3,91.1,20.6,1
bonus3,91.1,20.8,1
bonus3,91.1,21.1,2
bonus3,91.1,21.3,1
bonus3,91.1,22.3,1
bonus3,91.1,22.6,1
bonus3,91.1,22.9,1
bonus3,91.1,23.4,2
bonus3,91.1,23.9,1
bonus3,91.1,24,1
bonus3,91.1,24.3,2
bonus3,91.1,24.5,2
bonus3,91.1,24.7,1
bonus3,91.1,24.8,1
bonus3,91.1,24.9,1
bonus3,91.1,25.6,2
bonus3,91.1,26.5,1
bonus3,91.1,26.8,1
bonus3,91.1,29,1
bonus3,91.1,29.2,1
bonus3,91.1,29.4,1
bonus3,91.1,29.5,1
bonus3,91.1,30.2,1
bonus3,91.1,30.3,1
bonus3,91.1,30.4,1
bonus3,91.1,30.7,1
bonus3,91.1,30.8,2
bonus3,91.1,31.7,2
bonus3,91.1,32,2
bonus3,91.1,32.1,1
bonus3,91.1,33.2,1
bonus3,91.1,33.6,2
bonus3,91.1,34,1
bonus3,91.1,34.7,1
bonus3,91.1,34.9,1
bonus3,91.1,35.1,1
bonus3,91.1,35.4,1
bonus3,91.1,35.9,1
bonus3,91.1,36.2,1
bonus3,91.1,36.3,1
bonus3,91.1,36.4,1
bonus3,91.1,36.5,1
bonus3,91.1,37,1
bonus3,91.1,37.4,1
bonus3,91.1,37.6,1
bonus3,91.1,38.3,1
bonus3,91.1,38.5,1
bonus3,91.1,38.6,1
bonus3,91.1,38.8,1
bonus3,91.1,38.9,1
bonus3,91.1,39,1
bonus3,91.1,39.1,1
bonus3,91.1,39.2,2
bonus3,91.1,39.4,1
bonus3,91.1,39.6,1
bonus3,91.1,39.8,1
bonus3,91.1,40,1
bonus3,91.1,40.2,1
bonus3,91.1,40.8,1
bonus3,91.1,41.1,1
bonus3,91.1,41.2,2
bonus3,91.1,41.3,1
bonus3,91.1,41.4,1
bonus3,91.1,41.7,1
bonus3,91.1,41.9,1
bonus3,91.1,42.2,2
bonus3,91.1,42.3,1
bonus3,91.1,42.7,1
bonus3,91.1,42.8,1
bonus3,91.1,43.3,1
bonus3,91.1,43.7,1
bonus3,91.1,44.4,2
bonus3,91.1,44.6,1
bonus3,91.1,44.8,1
bonus3,91.1,45.3,2
bonus3,91.1,45.4,1
bonus3,91.1,45.7,1
bonus3,91.1,46.1,1
bonus3,91.1,46.4,1
bonus3,91.1,47.1,1
bonus3,91.1,47.9,1
bonus3,91.1,48.5,1
bonus3,91.1,48.6,1
bonus3,91.1,48.8,2
bonus3,91.1,49,1
bonus3,91.1,49.2,1
bonus3,91.1,49.3,1
bonus3,91.1,49.6,1
bonus3,91.1,49.9,1
bonus3,91.1,50,1
bonus3,91.1,51.1,1
bonus3,91.1,51.2,1
bonus3,91.1,51.3,1
bonus3,91.1,52.2,1
bonus3,91.1,52.3,1
bonus3,91.1,52.4,1
bonus3,91.1,52.6,2
bonus3,91.1,53,1
bonus3,91.1,53.3,2
bonus3,91.1,53.5,1
bonus3,91.1,53.7,1
bonus3,91.1,53.8,1
bonus3,91.1,53.9,2
bonus3,91.1,54.1,1
bonus3,91.1,54.4,2
bonus3,91.1,55.3,1
bonus3,91.1,55.4,1
bonus3,91.1,55.6,1
bonus3,91.1,55.7,1
bonus3,91.1,55.8,1
bonus3,91.1,56.2,1
bonus3,91.1,56.3,1
bonus3,91.1,56.5,1
bonus3,91.1,57.6,1
bonus3,91.1,58.5,2
bonus3,91.1,58.8,2
bonus3,91.1,58.9,1
bonus3,91.1,59.1,1
bonus3,91.1,59.4,1
bonus3,91.1,59.7,1
bonus3,91.1,59.8,1
bonus3,91.1,60.1,2
bonus3,91.1,60.2,1
bonus3,91.1,60.3,1
bonus3,91.1,61.2,1
bonus3,91.1,61.5,1
bonus3,91.1,62.1,2
bonus3,91.1,62.4,1
bonus3,91.1,62.7,1
bonus3,91.1,62.8,1
bonus3,91.1,63.9,2
bonus3,91.1,64.3,1
bonus3,91.1,64.4,2
bonus3,91.1,64.8,1
bonus3,91.1,64.9,1
bonus3,91.1,65.1,1
bonus3,91.1,65.6,1
bonus3,91.1,65.7,2
bonus3,91.1,65.8,1
bonus3,91.1,66,1
bonus3,91.1,66.2,1
bonus3,91.1,66.3,1
bonus3,91.1,66.7,1
bonus3,91.1,66.8,2
bonus3,91.1,67.3,1
bonus3,91.1,67.5,1
bonus3,91.1,67.9,1
bonus3,91.1,68,1
bonus3,91.1,68.5,1
bonus3,91.1,68.6,1
bonus3,91.1,68.8,1
bonus3,91.1,69,1
bonus3,91.1,69.1,1
bonus3,91.1,69.3,1
bonus3,91.1,69.4,1
bonus3,91.1,69.9,1
bonus3,91.1,70.4,1
bonus3,91.1,70.9,1
bonus3,91.1,71.1,1
bonus3,91.1,71.8,2
bonus3,91.1,72.1,1
bonus3,91.1,72.3,1
bonus3,91.1,72.5,1
bonus3,91.1,72.7,1
bonus3,91.1,72.9,1
bonus3,91.1,73.1,1
bonus3,91.1,73.2,1
bonus3,91.1,73.6,1
bonus3,91.1,73.8,1
bonus3,91.1,74.4,1
bonus3,91.1,74.5,1
bonus3,91.1,74.8,1
bonus3,91.1,75.2,1
bonus3,91.1,75.3,2
bonus3,91.1,75.6,1
bonus3,91.1,75.8,1
bonus3,91.1,75.9,1
bonus3,91.1,76.2,1
bonus3,91.1,76.3,2
bonus3,91.1,76.4,2
bonus3,91.1,76.6,1
bonus3,91.1,76.8,1
bonus3,91.1,76.9,1
bonus3,91.1,77.1,1
bonus3,91.1,77.3,1
bonus3,91.1,77.7,2
bonus3,91.1,78,1
bonus3,91.1,78.1,1
bonus3,91.1,78.9,2
bonus3,91.1,79,1
bonus3,91.1,79.1,1
bonus3,91.1,79.2,2
bonus3,91.1,79.6,1
bonus3,91.1,79.8,2
bonus3,91.1,80.5,1
bonus3,91.1,81,1
bonus3,91.1,81.3,1
bonus3,91.1,81.6,1
bonus3,91.1,81.7,1
bonus3,91.1,81.8,1
bonus3,91.1,81.9,1
bonus3,91.1,82.1,1
bonus3,91.1,82.2,2
bonus3,91.1,82.5,1
bonus3,91.1,82.6,1
bonus3,91.1,83.6,1
bonus3,91.1,84,1
bonus3,91.1,84.1,2
bonus3,91.1,84.5,1
bonus3,91.1,84.6,1
bonus3,91.1,84.7,1
bonus3,91.1,85,1
bonus3,91.1,85.2,2
bonus3,91.1,85.3,1
bonus3,91.1,86.2,1
bonus3,91.1,86.3,1
bonus3,91.1,86.7,1
bonus3,91.1,87,3
bonus3,91.1,87.2,2
bonus3,91.1,87.3,1
bonus3,91.1,87.4,3
bonus3,91.1,87.7,2
bonus3,91.1,87.8,1
bonus3,91.1,88.1,3
bonus3,91.1,88.4,1
bonus3,91.1,88.6,1
bonus3,91.1,88.7,1
bonus3,91.1,89,2
bonus3,91.1,89.1,1
bonus3,91.1,89.2,3
bonus3,91.1,89.3,1
bonus3,91.1,89.6,1
bonus3,91.1,89.7,1
bonus3,91.1,89.8,1
bonus3,91.1,89.9,1
bonus3,91.1,90.3,3
bonus3,91.1,90.4,1
bonus3,91.1,90.6,2
bonus3,91.1,90.7,1
bonus3,91.1,90.8,2
bonus3,91.1,91.1,1
bonus3,91.1,91.4,1
bonus3,91.1,91.5,1
bonus3,91.1,91.6,2
bonus3,91.1,92.1,1
bonus3,91.1,92.6,1
bonus3,91.1,93.2,1
bonus3,91.1,93.3,1
bonus3,91.1,93.4,2
bonus3,91.1,93.8,1
bonus3,91.1,94.4,3
bonus3,91.1,94.6,1
bonus3,91.1,95,1
bonus3,91.1,95.1,2
bonus3,91.1,95.2,2
bonus3,91.1,95.5,1
bonus3,91.1,95.6,2
bonus3,91.1,95.8,2
bonus3,91.1,95.9,2
bonus3,91.1,96.1,1
bonus3,91.1,96.2,2
bonus3,91.1,96.3,1
bonus3,91.1,96.4,1
bonus3,91.1,96.5,1
bonus3,91.1,96.9,1
bonus3,91.1,97.1,1
bonus3,91.1,97.3,1
bonus3,91.1,97.5,4
bonus3,91.1,97.7,1
bonus3,91.1,97.8,1
bonus3,91.1,98.2,1
bonus3,91.1,98.5,1
bonus3,91.1,98.6,2
bonus3,91.1,98.7,1
bonus3,91.1,98.8,2
bonus3,91.1,99.3,1
bonus3,91.1,99.4,1
bonus3,91.1,99.6,2
bonus3,91.1,99.9,3
bonus3,94.5,0.2,1
bonus3,94.5,0.3,1
bonus3,94.5,2,1
bonus3,94.5,2.2,1
bonus3,94.5,5.3,1
bonus3,94.5,8,1
bonus3,94.5,8.4,1
bonus3,94.5,8.7,1
bonus3,94.5,10.1,1
bonus3,94.5,10.3,1
bonus3,94.5,10.7,1
bonus3,94.5,11.8,1
bonus3,94.5,13.1,1
bonus3,94.5,14.6,1
bonus3,94.5,15.4,1
bonus3,94.5,16.3,1
bonus3,94.5,16.4,1
bonus3,94.5,16.9,1
bonus3,94.5,17.9,1
bonus3,94.5,18.8,1
bonus3,94.5,19.3,1
bonus3,94.5,19.9,1
bonus3,94.5,20.1,1
bonus3,94.5,20.6,1
bonus3,94.5,23.5,1
bonus3,94.5,25.1,1
bonus3,94.5,25.6,1
bonus3,94.5,25.7,1
bonus3,94.5,25.9,1
bonus3,94.5,26,1
bonus3,94.5,26.4,1
bonus3,94.5,26.8,1
bonus3,94.5,27,1
bonus3,94.5,28.3,1
bonus3,94.5,30,1
bonus3,94.5,31,1
bonus3,94.5,31.6,1
bonus3,94.5,32.5,1
bonus3,94.5,32.9,1
bonus3,94.5,35.4,1
bonus3,94.5,35.6,1
bonus3,94.5,37.4,1
bonus3,94.5,38.4,1
bonus3,94.5,38.6,1
bonus3,94.5,40,1
bonus3,94.5,41,1
bonus3,94.5,43.4,1
bonus3,94.5,43.9,1
bonus3,94.5,44.1,1
bonus3,94.5,44.3,1
bonus3,94.5,45.8,1
bonus3,94.5,46.5,1
bonus3,94.5,49,1
bonus3,94.5,51,1
bonus3,94.5,51.2,1
bonus3,94.5,51.8,1
bonus3,94.5,52,1
bonus3,94.5,52.1,1
bonus3,94.5,58.6,1
bonus3,94.5,58.9,2
bonus3,94.5,59.8,1
bonus3,94.5,61.9,1
bonus3,94.5,63,1
bonus3,94.5,64.2,1
bonus3,94.5,67.3,1
bonus3,94.5,68.3,1
bonus3,94.5,69.7,1
bonus3,94.5,70,1
bonus3,94.5,71,1
bonus3,94.5,72.3,1
bonus3,94.5,73.8,1
bonus3,94.5,74.4,1
bonus3,94.5,74.8,1
bonus3,94.5,76.9,1
bonus3,94.5,77.4,1
bonus3,94.5,77.9,1
bonus3,94.5,80.1,1
bonus3,94.5,80.6,1
bonus3,94.5,80.8,1
bonus3,94.5,81.9,1
bonus3,94.5,82.7,1
bonus3,94.5,82.8,1
bonus3,94.5,83.2,1
bonus3,94.5,84.6,1
bonus3,94.5,85.1,2
bonus3,94.5,88.6,1
bonus3,94.5,90.5,1
bonus3,94.5,91.9,1
bonus3,94.5,92.5,1
bonus3,94.5,92.6,1
bonus3,94.5,92.7,1
bonus3,94.5,97.2,1
bonus3,94.5,97.8,1
bonus3,94.5,98.7,1
bonus3,94.5,99,1
bonus3,94.5,99.7,1
bonus3,96.9,6.1,1
bonus3,96.9,8.2,1
bonus3,96.9,8.4,1
bonus3,96.9,8.5,1
bonus3,96.9,8.9,1
bonus3,96.9,9,1
bonus3,96.9,9.5,1
bonus3,96.9,10.4,1
bonus3,96.9,11.2,2
bonus3,96.9,11.3,1
bonus3,96.9,13,1
bonus3,96.9,13.2,1
bonus3,96.9,13.6,2
bonus3,96.9,13.8,1
bonus3,96.9,14.1,1
bonus3,96.9,14.9,1
bonus3,96.9,15.6,1
bonus3,96.9,15.7,1
bonus3,96.9,21.9,1
bonus3,96.9,22.7,1
bonus3,96.9,24.2,1
bonus3,96.9,24.4,1
bonus3,96.9,24.9,1
bonus3,96.9,25.8,1
bonus3,96.9,25.9,1
bonus3,96.9,26.9,1
bonus3,96.9,27.1,1
bonus3,96.9,27.4,1
bonus3,96.9,27.7,1
bonus3,96.9,28.1,1
bonus3,96.9,29.6,1
bonus3,96.9,30,1
bonus3,96.9,30.2,1
bonus3,96.9,31.4,1
bonus3,96.9,31.6,1
bonus3,96.9,32,1
bonus3,96.9,32.7,1
bonus3,96.9,32.9,1
bonus3,96.9,34.1,1
bonus3,96.9,35.3,1
bonus3,96.9,35.5,1
bonus3,96.9,35.7,1
bonus3,96.9,35.9,1
bonus3,96.9,36,1
bonus3,96.9,36.1,2
bonus3,96.9,36.2,1
bonus3,96.9,36.5,1
bonus3,96.9,36.9,1
bonus3,96.9,37.1,1
bonus3,96.9,37.7,1
bonus3,96.9,37.8,1
bonus3,96.9,38.5,1
bonus3,96.9,39.9,1
bonus3,96.9,40,1
bonus3,96.9,40.1,1
bonus3,96.9,40.5,1
bonus3,96.9,44,1
bonus3,96.9,44.3,1
bonus3,96.9,44.7,1
bonus3,96.9,45,1
bonus3,96.9,45.5,2
bonus3,96.9,46.6,1
bonus3,96.9,47.5,1
bonus3,96.9,47.6,1
bonus3,96.9,48.4,1
bonus3,96.9,49,1
bonus3,96.9,49.8,1
bonus3,96.9,50.3,1
bonus3,96.9,51,1
bonus3,96.9,51.6,1
bonus3,96.9,51.7,1
bonus3,96.9,52.3,1
bonus3,96.9,52.4,1
bonus3,96.9,52.6,1
bonus3,96.9,52.8,1
bonus3,96.9,52.9,1
bonus3,96.9,53,1
bonus3,96.9,53.2,1
bonus3,96.9,53.3,2
bonus3,96.9,53.4,1
bonus3,96.9,53.6,1
bonus3,96.9,54.2,1
bonus3,96.9,54.5,1
bonus3,96.9,54.8,1
bonus3,96.9,55.5,1
bonus3,96.9,56.7,1
bonus3,96.9,56.9,1
bonus3,96.9,57,1
bonus3,96.9,57.8,1
bonus3,96.9,58.1,1
bonus3,96.9,58.4,1
bonus3,96.9,59.2,1
bonus3,96.9,59.5,1
bonus3,96.9,59.9,1
bonus3,96.9,60.9,1
bonus3,96.9,61.2,1
bonus3,96.9,61.7,1
bonus3,96.9,62.5,1
bonus3,96.9,63,1
bonus3,96.9,63.6,1
bonus3,96.9,64.5,1
bonus3,96.9,64.7,1
bonus3,96.9,64.8,1
bonus3,96.9,65,2
bonus3,96.9,65.2,1
bonus3,96.9,65.3,1
bonus3,96.9,65.5,1
bonus3,96.9,67.5,1
bonus3,96.9,67.9,1
bonus3,96.9,68,1
bonus3,96.9,68.4,1
bonus3,96.9,69.3,1
bonus3,96.9,69.7,1
bonus3,96.9,69.8,1
bonus3,96.9,70.1,1
bonus3,96.9,70.2,1
bonus3,96.9,70.9,1
bonus3,96.9,71.1,1
bonus3,96.9,71.8,1
bonus3,96.9,72.2,1
bonus3,96.9,72.4,1
bonus3,96.9,73.3,1
bonus3,96.9,73.4,1
bonus3,96.9,73.5,1
bonus3,96.9,73.6,1
bonus3,96.9,73.7,1
bonus3,96.9,74.5,2
bonus3,96.9,74.7,1
bonus3,96.9,74.8,2
bonus3,96.9,76.3,1
bonus3,96.9,76.5,1
bonus3,96.9,77.2,1
bonus3,96.9,77.5,1
bonus3,96.9,78.1,1
bonus3,96.9,78.5,1
bonus3,96.9,78.8,1
bonus3,96.9,79.4,1
bonus3,96.9,80.3,2
bonus3,96.9,81.6,2
bonus3,96.9,81.7,1
bonus3,96.9,81.8,1
bonus3,96.9,81.9,2
bonus3,96.9,82,2
bonus3,96.9,82.3,1
bonus3,96.9,82.4,1
bonus3,96.9,82.7,1
bonus3,96.9,83.3,1
bonus3,96.9,83.7,1
bonus3,96.9,83.9,1
bonus3,96.9,84,1
bonus3,96.9,84.3,1
bonus3,96.9,84.5,1
bonus3,96.9,84.7,1
bonus3,96.9,85,1
bonus3,96.9,85.7,1
bonus3,96.9,86,1
bonus3,96.9,86.2,1
bonus3,96.9,86.3,1
bonus3,96.9,87.1,1
bonus3,96.9,87.2,2
bonus3,96.9,87.4,1
bonus3,96.9,87.5,2
bonus3,96.9,87.6,1
bonus3,96.9,87.8,1
bonus3,96.9,88.2,1
bonus3,96.9,88.3,3
bonus3,96.9,88.6,1
bonus3,96.9,88.7,1
bonus3,96.9,89.1,1
bonus3,96.9,89.2,1
bonus3,96.9,89.7,1
bonus3,96.9,89.8,1
bonus3,96.9,90.4,1
bonus3,96.9,90.5,2
bonus3,96.9,90.6,1
bonus3,96.9,90.9,1
bonus3,96.9,91.3,1
bonus3,96.9,91.7,1
bonus3,96.9,91.9,2
bonus3,96.9,92.2,1
bonus3,96.9,92.3,2
bonus3,96.9,92.5,1
bonus3,96.9,92.7,2
bonus3,96.9,92.8,1
bonus3,96.9,93.1,1
bonus3,96.9,93.2,1
bonus3,96.9,93.3,1
bonus3,96.9,93.6,2
bonus3,96.9,93.7,1
bonus3,96.9,93.9,2
bonus3,96.9,94,2
bonus3,96.9,94.1,1
bonus3,96.9,94.6,1
bonus3,96.9,94.8,1
bonus3,96.9,95,1
bonus3,96.9,95.4,1
bonus3,96.9,95.6,1
bonus3,96.9,96,1
bonus3,96.9,96.1,2
bonus3,96.9,96.2,1
bonus3,96.9,96.5,1
bonus3,96.9,96.7,2
bonus3,96.9,97.1,1
bonus3,96.9,97.2,2
bonus3,96.9,97.3,2
bonus3,96.9,97.4,2
bonus3,96.9,97.6,2
bonus3,96.9,97.7,2
bonus3,96.9,97.9,1
bonus3,96.9,98,1
bonus3,96.9,98.1,2
bonus3,96.9,98.3,1
bonus3,96.9,98.4,1
bonus3,96.9,98.5,1
bonus3,96.9,98.7,1
bonus3,96.9,98.8,1
bonus3,96.9,98.9,2
bonus3,96.9,99.1,1
bonus3,96.9,99.2,1
bonus3,96.9,99.3,2
bonus3,96.9,99.4,3
bonus3,96.9,99.5,2
bonus3,96.9,99.6,1
bonus3,96.9,99.7,1
bonus3,96.9,99.8,1
bonus3,98.7,57.9,1
bonus3,98.7,66,1
bonus3,98.7,82.6,1
bonus3,98.7,91.3,1
bonus3,99.2,16.7,1
bonus3,99.2,26.2,1
bonus3,99.2,33.7,1
bonus3,99.2,37.2,1
bonus3,99.2,40.3,1
bonus3,99.2,40.5,1
bonus3,99.2,44.4,1
bonus3,99.2,45.2,1
bonus3,99.2,49,1
bonus3,99.2,50.7,1
bonus3,99.2,52.9,1
bonus3,99.2,53.3,1
bonus3,99.2,57.3,1
bonus3,99.2,58.7,1
bonus3,99.2,59.6,1
bonus3,99.2,61.2,1
bonus3,99.2,65.5,1
bonus3,99.2,67.4,1
bonus3,99.2,68.4,1
bonus3,99.2,69.1,1
bonus3,99.2,69.4,1
bonus3,99.2,69.6,1
bonus3,99.2,70.2,1
bonus3,99.2,71.6,1
bonus3,99.2,72.2,1
bonus3,99.2,72.6,1
bonus3,99.2,73.2,1
bonus3,99.2,73.9,1
bonus3,99.2,75.1,1
bonus3,99.2,75.3,1
bonus3,99.2,75.9,1
bonus3,99.2,79.9,1
bonus3,99.2,81.3,1
bonus3,99.2,81.6,1
bonus3,99.2,83.6,1
bonus3,99.2,86.2,1
bonus3,99.2,86.5,1
bonus3,99.2,86.9,1
bonus3,99.2,87.2,1
bonus3,99.2,88.8,1
bonus3,99.2,89,1
bonus3,99.2,89.7,1
bonus3,99.2,89.9,1
bonus3,99.2,90.9,1
bonus3,99.2,91.8,1
bonus3,99.2,91.9,2
bonus3,99.2,93.3,1
bonus3,99.2,93.8,1
bonus3,99.2,94,1
bonus3,99.2,96.1,1
bonus3,99.2,96.5,1
bonus3,99.2,96.8,1
bonus3,99.2,97.2,1
bonus3,99.2,97.7,1
bonus3,99.2,97.9,1
bonus3,99.2,98.2,1
bonus3,99.2,98.4,3
bonus3,99.2,98.5,1
bonus3,99.2,98.8,2
bonus3,99.2,98.9,1
bonus3,99.2,99,2
bonus3,99.2,99.2,1
bonus3,99.2,99.3,1
bonus3,99.2,99.4,1
bonus3,99.2,99.5,3
bonus3,99.2,99.6,1
bonus3,99.2,99.8,1
bonus3,99.2,99.9,1
bonus3,99.9,0,1
bonus3,99.9,10.9,1
bonus3,99.9,39.4,1
bonus3,99.9,58.6,1
bonus3,99.9,80.7,1
bonus3,99.9,84.6,1
bonus3,99.9,91,1
bonus3,99.9,93.2,1
bonus3,99.9,94.1,1
bonus3,99.9,94.7,1
bonus3,99.9,96.6,1
bonus3,99.9,98.6,1
bonus3,99.9,99,1
bonus3,99.9,99.1,1
bonus3,99.9,99.4,1
bonus3,99.9,99.6,1
bonus3,99.9,99.8,3
bonus3,99.9,99.9,1
bonus3,99.9,100,1