user_id,path
n4q67kg1j0,"[{""x"":0,""y"":0,""t"":0},{""x"":1,""y"":0,""t"":9782},{""x"":2,""y"":0,""t"":9978},{""x"":3,""y"":0,""t"":10203},{""x"":4,""y"":0,""t"":10676},{""x"":4,""y"":1,""t"":11117},{""x"":5,""y"":1,""t"":11427},{""x"":5,""y"":0,""t"":11848},{""x"":6,""y"":0,""t"":12212},{""x"":6,""y"":1,""t"":12816},{""x"":6,""y"":2,""t"":13680},{""x"":7,""y"":2,""t"":14019},{""x"":7,""y"":3,""t"":15311},{""x"":7,""y"":4,""t"":15524},{""x"":7,""y"":5,""t"":15765},{""x"":7,""y"":6,""t"":15981},{""x"":7,""y"":7,""t"":16467},{""x"":6,""y"":7,""t"":17849},{""x"":6,""y"":6,""t"":18729},{""x"":6,""y"":5,""t"":26367},{""x"":5,""y"":5,""t"":26796},{""x"":5,""y"":4,""t"":27169},{""x"":6,""y"":4,""t"":27581},{""x"":6,""y"":3,""t"":27974},{""x"":5,""y"":3,""t"":28394},{""x"":5,""y"":2,""t"":28813},{""x"":4,""y"":2,""t"":29541},{""x"":4,""y"":3,""t"":31711},{""x"":4,""y"":4,""t"":32162},{""x"":3,""y"":4,""t"":32447},{""x"":3,""y"":3,""t"":32819},{""x"":3,""y"":2,""t"":33243},{""x"":2,""y"":2,""t"":33624},{""x"":2,""y"":3,""t"":34173},{""x"":1,""y"":3,""t"":35732},{""x"":0,""y"":3,""t"":36144},{""x"":0,""y"":4,""t"":36564},{""x"":1,""y"":4,""t"":36988},{""x"":1,""y"":5,""t"":55615},{""x"":0,""y"":5,""t"":55972},{""x"":0,""y"":6,""t"":56646},{""x"":0,""y"":7,""t"":57165},{""x"":1,""y"":7,""t"":57504},{""x"":1,""y"":6,""t"":57914},{""x"":2,""y"":6,""t"":58357},{""x"":2,""y"":7,""t"":58784},{""x"":3,""y"":7,""t"":59233},{""x"":3,""y"":6,""t"":59643},{""x"":4,""y"":6,""t"":59978}]"
hnhf4t8jg0,"[{""x"":0,""y"":0,""t"":0},{""x"":1,""y"":0,""t"":2028},{""x"":2,""y"":0,""t"":2312},{""x"":3,""y"":0,""t"":2588},{""x"":4,""y"":0,""t"":6675},{""x"":4,""y"":1,""t"":9121},{""x"":5,""y"":1,""t"":9387},{""x"":5,""y"":0,""t"":9776},{""x"":6,""y"":0,""t"":10117},{""x"":6,""y"":1,""t"":10444},{""x"":6,""y"":2,""t"":12155},{""x"":7,""y"":2,""t"":12430},{""x"":7,""y"":3,""t"":12710},{""x"":6,""y"":3,""t"":13088},{""x"":6,""y"":4,""t"":13339},{""x"":7,""y"":4,""t"":13661},{""x"":7,""y"":5,""t"":14021},{""x"":7,""y"":6,""t"":14850},{""x"":7,""y"":7,""t"":15209},{""x"":6,""y"":7,""t"":15510},{""x"":6,""y"":6,""t"":15850},{""x"":6,""y"":5,""t"":16222},{""x"":5,""y"":5,""t"":16576},{""x"":5,""y"":4,""t"":17604},{""x"":4,""y"":4,""t"":20914},{""x"":4,""y"":3,""t"":21185},{""x"":5,""y"":3,""t"":21468},{""x"":5,""y"":2,""t"":21735},{""x"":4,""y"":2,""t"":22164},{""x"":3,""y"":2,""t"":23545},{""x"":3,""y"":3,""t"":28189},{""x"":3,""y"":4,""t"":28478},{""x"":3,""y"":3,""t"":28810},{""x"":3,""y"":2,""t"":29328},{""x"":2,""y"":2,""t"":29769},{""x"":2,""y"":3,""t"":30102},{""x"":1,""y"":3,""t"":30394},{""x"":0,""y"":3,""t"":32701},{""x"":0,""y"":4,""t"":33995},{""x"":1,""y"":4,""t"":36039},{""x"":1,""y"":5,""t"":36476},{""x"":0,""y"":5,""t"":36900},{""x"":0,""y"":6,""t"":37391},{""x"":0,""y"":7,""t"":38734},{""x"":1,""y"":7,""t"":39030},{""x"":1,""y"":6,""t"":39340},{""x"":2,""y"":6,""t"":39704},{""x"":2,""y"":7,""t"":40227},{""x"":3,""y"":7,""t"":40535},{""x"":3,""y"":6,""t"":40878},{""x"":4,""y"":6,""t"":41163}]"
pront1bmaa,"[{""x"":0,""y"":0,""t"":0},{""x"":1,""y"":0,""t"":2280},{""x"":2,""y"":0,""t"":2561},{""x"":3,""y"":0,""t"":2895},{""x"":4,""y"":0,""t"":3257},{""x"":4,""y"":1,""t"":6915},{""x"":5,""y"":1,""t"":7262},{""x"":5,""y"":0,""t"":7697},{""x"":6,""y"":0,""t"":8090},{""x"":6,""y"":1,""t"":8474},{""x"":6,""y"":2,""t"":15800},{""x"":7,""y"":2,""t"":16326},{""x"":7,""y"":3,""t"":20345},{""x"":7,""y"":4,""t"":20640},{""x"":7,""y"":5,""t"":20923},{""x"":7,""y"":6,""t"":21228},{""x"":7,""y"":7,""t"":21592},{""x"":6,""y"":7,""t"":22096},{""x"":6,""y"":6,""t"":22490},{""x"":6,""y"":5,""t"":23352},{""x"":5,""y"":5,""t"":25563},{""x"":5,""y"":4,""t"":25964},{""x"":6,""y"":4,""t"":26861},{""x"":6,""y"":3,""t"":27213},{""x"":5,""y"":3,""t"":27623},{""x"":5,""y"":2,""t"":28090},{""x"":4,""y"":2,""t"":33957},{""x"":4,""y"":3,""t"":34322},{""x"":4,""y"":4,""t"":34589},{""x"":3,""y"":4,""t"":34905},{""x"":3,""y"":3,""t"":35246},{""x"":3,""y"":2,""t"":35545},{""x"":2,""y"":2,""t"":35922},{""x"":2,""y"":3,""t"":36312},{""x"":1,""y"":3,""t"":39538},{""x"":0,""y"":3,""t"":41331},{""x"":0,""y"":4,""t"":41633},{""x"":1,""y"":4,""t"":41939},{""x"":0,""y"":4,""t"":44580},{""x"":0,""y"":5,""t"":45232},{""x"":1,""y"":5,""t"":45605},{""x"":1,""y"":6,""t"":45928},{""x"":0,""y"":6,""t"":46261},{""x"":0,""y"":7,""t"":46625},{""x"":1,""y"":7,""t"":46959},{""x"":2,""y"":7,""t"":47928},{""x"":2,""y"":6,""t"":49143},{""x"":3,""y"":6,""t"":49510},{""x"":3,""y"":7,""t"":50426},{""x"":3,""y"":6,""t"":50830},{""x"":4,""y"":6,""t"":51163}]"
dgojeog4ry,"[{""x"":0,""y"":0,""t"":0},{""x"":1,""y"":0,""t"":1148},{""x"":2,""y"":0,""t"":1226},{""x"":3,""y"":0,""t"":1409},{""x"":4,""y"":0,""t"":1697},{""x"":4,""y"":1,""t"":2011},{""x"":4,""y"":2,""t"":2193},{""x"":5,""y"":2,""t"":7338},{""x"":5,""y"":1,""t"":8935},{""x"":5,""y"":0,""t"":9241},{""x"":6,""y"":0,""t"":9588},{""x"":6,""y"":1,""t"":10021},{""x"":6,""y"":2,""t"":10200},{""x"":7,""y"":2,""t"":10729},{""x"":7,""y"":3,""t"":10910},{""x"":7,""y"":4,""t"":11081},{""x"":7,""y"":5,""t"":11248},{""x"":7,""y"":6,""t"":11424},{""x"":7,""y"":7,""t"":11695},{""x"":6,""y"":7,""t"":11901},{""x"":6,""y"":6,""t"":12427},{""x"":6,""y"":5,""t"":12728},{""x"":6,""y"":4,""t"":12968},{""x"":5,""y"":4,""t"":14616},{""x"":5,""y"":5,""t"":14756},{""x"":5,""y"":4,""t"":14972},{""x"":5,""y"":3,""t"":15590},{""x"":6,""y"":3,""t"":15741},{""x"":5,""y"":3,""t"":15964},{""x"":4,""y"":3,""t"":16684},{""x"":4,""y"":4,""t"":16802},{""x"":3,""y"":4,""t"":17028},{""x"":3,""y"":3,""t"":17333},{""x"":3,""y"":2,""t"":17709},{""x"":2,""y"":2,""t"":17880},{""x"":2,""y"":3,""t"":18083},{""x"":1,""y"":3,""t"":18309},{""x"":0,""y"":3,""t"":18682},{""x"":0,""y"":4,""t"":18904},{""x"":1,""y"":4,""t"":19149},{""x"":1,""y"":5,""t"":19317},{""x"":0,""y"":5,""t"":19531},{""x"":0,""y"":6,""t"":19778},{""x"":0,""y"":7,""t"":20393},{""x"":1,""y"":7,""t"":20647},{""x"":1,""y"":6,""t"":20795},{""x"":2,""y"":6,""t"":21068},{""x"":2,""y"":7,""t"":21295},{""x"":3,""y"":7,""t"":21505},{""x"":3,""y"":6,""t"":21712},{""x"":4,""y"":6,""t"":21963}]"
evf2479lrg,"[{""x"":0,""y"":0,""t"":0},{""x"":1,""y"":0,""t"":4705},{""x"":2,""y"":0,""t"":5038},{""x"":3,""y"":0,""t"":5388},{""x"":4,""y"":0,""t"":6842},{""x"":5,""y"":0,""t"":7375},{""x"":6,""y"":0,""t"":7839},{""x"":6,""y"":1,""t"":8943},{""x"":6,""y"":2,""t"":9375},{""x"":7,""y"":2,""t"":10210},{""x"":7,""y"":3,""t"":11011},{""x"":7,""y"":4,""t"":11275},{""x"":7,""y"":5,""t"":11479},{""x"":7,""y"":6,""t"":11694},{""x"":7,""y"":7,""t"":11979},{""x"":6,""y"":7,""t"":13016},{""x"":6,""y"":6,""t"":14231},{""x"":6,""y"":5,""t"":15431},{""x"":6,""y"":4,""t"":17082},{""x"":6,""y"":3,""t"":17650},{""x"":5,""y"":3,""t"":22434},{""x"":5,""y"":4,""t"":25085},{""x"":5,""y"":5,""t"":29940},{""x"":5,""y"":4,""t"":30767},{""x"":4,""y"":4,""t"":31918},{""x"":3,""y"":4,""t"":32218},{""x"":3,""y"":3,""t"":42249},{""x"":4,""y"":3,""t"":43118},{""x"":4,""y"":2,""t"":44669},{""x"":4,""y"":1,""t"":46836},{""x"":5,""y"":1,""t"":47669},{""x"":5,""y"":2,""t"":48704},{""x"":4,""y"":2,""t"":49971},{""x"":3,""y"":2,""t"":50238},{""x"":2,""y"":2,""t"":50455},{""x"":2,""y"":3,""t"":51543},{""x"":1,""y"":3,""t"":53407},{""x"":0,""y"":3,""t"":53640},{""x"":0,""y"":4,""t"":55174},{""x"":1,""y"":4,""t"":56474},{""x"":1,""y"":5,""t"":57959},{""x"":0,""y"":5,""t"":59258},{""x"":0,""y"":6,""t"":60925},{""x"":1,""y"":6,""t"":61759},{""x"":2,""y"":6,""t"":62059},{""x"":3,""y"":6,""t"":63292},{""x"":4,""y"":6,""t"":63591},{""x"":3,""y"":6,""t"":64591},{""x"":3,""y"":7,""t"":65394},{""x"":2,""y"":7,""t"":65809},{""x"":1,""y"":7,""t"":66026},{""x"":0,""y"":7,""t"":66242}]"
ox5840lera,"[{""x"":0,""y"":0,""t"":0},{""x"":1,""y"":0,""t"":11634},{""x"":2,""y"":0,""t"":11906},{""x"":3,""y"":0,""t"":12165},{""x"":4,""y"":0,""t"":12455},{""x"":4,""y"":1,""t"":13175},{""x"":5,""y"":1,""t"":13506},{""x"":5,""y"":0,""t"":13942},{""x"":6,""y"":0,""t"":14294},{""x"":6,""y"":1,""t"":14742},{""x"":6,""y"":2,""t"":15721},{""x"":7,""y"":2,""t"":16077},{""x"":7,""y"":3,""t"":17448},{""x"":7,""y"":4,""t"":17724},{""x"":7,""y"":5,""t"":18023},{""x"":7,""y"":6,""t"":18324},{""x"":7,""y"":7,""t"":18595},{""x"":6,""y"":7,""t"":19063},{""x"":6,""y"":6,""t"":19909},{""x"":6,""y"":5,""t"":20195},{""x"":6,""y"":4,""t"":20453},{""x"":6,""y"":3,""t"":20940},{""x"":5,""y"":3,""t"":23204},{""x"":5,""y"":2,""t"":23523},{""x"":4,""y"":2,""t"":23904},{""x"":4,""y"":3,""t"":37687},{""x"":4,""y"":4,""t"":37962},{""x"":5,""y"":4,""t"":38320},{""x"":5,""y"":5,""t"":38634},{""x"":5,""y"":4,""t"":39048},{""x"":4,""y"":4,""t"":39553},{""x"":3,""y"":4,""t"":39801},{""x"":3,""y"":3,""t"":40889},{""x"":3,""y"":2,""t"":41170},{""x"":2,""y"":2,""t"":41668},{""x"":2,""y"":3,""t"":42051},{""x"":1,""y"":3,""t"":44118},{""x"":1,""y"":4,""t"":46715},{""x"":1,""y"":5,""t"":46985},{""x"":1,""y"":6,""t"":47394},{""x"":2,""y"":6,""t"":47874},{""x"":3,""y"":6,""t"":48773},{""x"":4,""y"":6,""t"":49431},{""x"":3,""y"":6,""t"":49691},{""x"":3,""y"":7,""t"":49979},{""x"":2,""y"":7,""t"":50339},{""x"":1,""y"":7,""t"":50509},{""x"":0,""y"":7,""t"":50699},{""x"":0,""y"":6,""t"":51051},{""x"":0,""y"":5,""t"":51228},{""x"":0,""y"":4,""t"":51392},{""x"":0,""y"":3,""t"":51571}]"
te4xmm90ts,"[{""x"":0,""y"":0,""t"":0},{""x"":1,""y"":0,""t"":7330},{""x"":2,""y"":0,""t"":7804},{""x"":3,""y"":0,""t"":8604},{""x"":4,""y"":0,""t"":9000},{""x"":5,""y"":0,""t"":9387},{""x"":6,""y"":0,""t"":9970},{""x"":6,""y"":1,""t"":13737},{""x"":6,""y"":2,""t"":17254},{""x"":7,""y"":2,""t"":18351},{""x"":7,""y"":3,""t"":19571},{""x"":7,""y"":4,""t"":19970},{""x"":7,""y"":5,""t"":20422},{""x"":7,""y"":6,""t"":20887},{""x"":7,""y"":7,""t"":21772},{""x"":6,""y"":7,""t"":25622},{""x"":6,""y"":6,""t"":31323},{""x"":6,""y"":5,""t"":32007},{""x"":6,""y"":4,""t"":39242},{""x"":6,""y"":3,""t"":39791},{""x"":5,""y"":3,""t"":55191},{""x"":4,""y"":3,""t"":60790},{""x"":3,""y"":3,""t"":61406},{""x"":3,""y"":4,""t"":69458},{""x"":4,""y"":4,""t"":70705},{""x"":5,""y"":4,""t"":71241},{""x"":5,""y"":5,""t"":73908},{""x"":5,""y"":4,""t"":77476},{""x"":5,""y"":3,""t"":77876},{""x"":5,""y"":2,""t"":78462},{""x"":5,""y"":1,""t"":79794},{""x"":4,""y"":1,""t"":81093},{""x"":4,""y"":2,""t"":82293},{""x"":3,""y"":2,""t"":84427},{""x"":2,""y"":2,""t"":85944},{""x"":2,""y"":3,""t"":88110},{""x"":1,""y"":3,""t"":89894},{""x"":0,""y"":3,""t"":90410},{""x"":0,""y"":4,""t"":93110},{""x"":1,""y"":4,""t"":94710},{""x"":1,""y"":5,""t"":97161},{""x"":0,""y"":5,""t"":98093},{""x"":0,""y"":6,""t"":100811},{""x"":0,""y"":7,""t"":105111},{""x"":1,""y"":7,""t"":106160},{""x"":2,""y"":7,""t"":106661},{""x"":3,""y"":7,""t"":107278},{""x"":3,""y"":6,""t"":108344},{""x"":4,""y"":6,""t"":109312},{""x"":3,""y"":6,""t"":110261},{""x"":2,""y"":6,""t"":110493},{""x"":1,""y"":6,""t"":110961}]"
jo74z2kaxx,"[{""x"":0,""y"":0,""t"":0},{""x"":1,""y"":0,""t"":1891},{""x"":2,""y"":0,""t"":2146},{""x"":3,""y"":0,""t"":2331},{""x"":4,""y"":0,""t"":3323},{""x"":4,""y"":1,""t"":4356},{""x"":5,""y"":1,""t"":4747},{""x"":5,""y"":0,""t"":5115},{""x"":6,""y"":0,""t"":5468},{""x"":6,""y"":1,""t"":5883},{""x"":6,""y"":2,""t"":8394},{""x"":7,""y"":2,""t"":8867},{""x"":7,""y"":3,""t"":9819},{""x"":7,""y"":4,""t"":10027},{""x"":7,""y"":5,""t"":10226},{""x"":7,""y"":6,""t"":10419},{""x"":7,""y"":7,""t"":10651},{""x"":6,""y"":7,""t"":11075},{""x"":6,""y"":6,""t"":11740},{""x"":6,""y"":5,""t"":12211},{""x"":6,""y"":4,""t"":15347},{""x"":6,""y"":3,""t"":18459},{""x"":5,""y"":3,""t"":22356},{""x"":5,""y"":2,""t"":22739},{""x"":4,""y"":2,""t"":23283},{""x"":3,""y"":2,""t"":23820},{""x"":2,""y"":2,""t"":24378},{""x"":3,""y"":2,""t"":32940},{""x"":4,""y"":2,""t"":33163},{""x"":4,""y"":3,""t"":33515},{""x"":5,""y"":3,""t"":35044},{""x"":5,""y"":4,""t"":35363},{""x"":5,""y"":5,""t"":35819},{""x"":5,""y"":4,""t"":36259},{""x"":4,""y"":4,""t"":36644},{""x"":3,""y"":4,""t"":36899},{""x"":3,""y"":3,""t"":37363},{""x"":2,""y"":3,""t"":37763},{""x"":1,""y"":3,""t"":38011},{""x"":0,""y"":3,""t"":41107},{""x"":0,""y"":4,""t"":42179},{""x"":1,""y"":4,""t"":42443},{""x"":1,""y"":5,""t"":43019},{""x"":0,""y"":5,""t"":43330},{""x"":0,""y"":6,""t"":45475},{""x"":0,""y"":7,""t"":45867},{""x"":1,""y"":7,""t"":48348},{""x"":1,""y"":6,""t"":48723},{""x"":2,""y"":6,""t"":49228},{""x"":2,""y"":7,""t"":49716},{""x"":3,""y"":7,""t"":50052},{""x"":3,""y"":6,""t"":50476},{""x"":4,""y"":6,""t"":50859}]"
7nhbcvrb5v,"[{""x"":0,""y"":0,""t"":0},{""x"":1,""y"":0,""t"":2769},{""x"":2,""y"":0,""t"":3279},{""x"":3,""y"":0,""t"":3314},{""x"":4,""y"":0,""t"":3345},{""x"":5,""y"":0,""t"":3374},{""x"":6,""y"":0,""t"":3413},{""x"":6,""y"":1,""t"":4115},{""x"":6,""y"":2,""t"":4414},{""x"":7,""y"":2,""t"":4722},{""x"":7,""y"":3,""t"":5488},{""x"":7,""y"":4,""t"":5989},{""x"":7,""y"":5,""t"":6019},{""x"":7,""y"":6,""t"":6052},{""x"":7,""y"":7,""t"":6080},{""x"":6,""y"":7,""t"":6579},{""x"":6,""y"":6,""t"":7963},{""x"":6,""y"":5,""t"":8269},{""x"":5,""y"":5,""t"":8604},{""x"":5,""y"":4,""t"":9767},{""x"":6,""y"":4,""t"":10148},{""x"":6,""y"":3,""t"":10497},{""x"":5,""y"":3,""t"":11127},{""x"":5,""y"":2,""t"":11642},{""x"":5,""y"":1,""t"":12150},{""x"":4,""y"":1,""t"":12582},{""x"":4,""y"":2,""t"":12969},{""x"":3,""y"":2,""t"":13438},{""x"":3,""y"":3,""t"":17294},{""x"":4,""y"":3,""t"":17622},{""x"":4,""y"":4,""t"":18037},{""x"":3,""y"":4,""t"":18376},{""x"":3,""y"":3,""t"":19629},{""x"":3,""y"":2,""t"":19871},{""x"":2,""y"":2,""t"":20214},{""x"":2,""y"":3,""t"":20525},{""x"":1,""y"":3,""t"":20892},{""x"":0,""y"":3,""t"":22537},{""x"":0,""y"":4,""t"":22959},{""x"":0,""y"":5,""t"":23468},{""x"":0,""y"":6,""t"":23497},{""x"":0,""y"":7,""t"":23530},{""x"":1,""y"":7,""t"":25033},{""x"":1,""y"":6,""t"":25469},{""x"":1,""y"":5,""t"":25976},{""x"":1,""y"":4,""t"":26007},{""x"":1,""y"":5,""t"":26411},{""x"":1,""y"":6,""t"":26628},{""x"":2,""y"":6,""t"":29139},{""x"":2,""y"":7,""t"":29574},{""x"":3,""y"":7,""t"":29811},{""x"":3,""y"":6,""t"":30108},{""x"":4,""y"":6,""t"":30349}]"
jzhuty2vta,"[{""x"":0,""y"":0,""t"":0},{""x"":1,""y"":0,""t"":6941},{""x"":2,""y"":0,""t"":8274},{""x"":3,""y"":0,""t"":8659},{""x"":4,""y"":0,""t"":8844},{""x"":5,""y"":0,""t"":8991},{""x"":6,""y"":0,""t"":9142},{""x"":6,""y"":1,""t"":9812},{""x"":6,""y"":2,""t"":10144},{""x"":7,""y"":2,""t"":11076},{""x"":7,""y"":3,""t"":11479},{""x"":7,""y"":4,""t"":11729},{""x"":7,""y"":5,""t"":11911},{""x"":7,""y"":6,""t"":12077},{""x"":7,""y"":7,""t"":12227},{""x"":6,""y"":7,""t"":12847},{""x"":6,""y"":6,""t"":13097},{""x"":6,""y"":5,""t"":13279},{""x"":6,""y"":4,""t"":13497},{""x"":6,""y"":3,""t"":13896},{""x"":5,""y"":3,""t"":14296},{""x"":5,""y"":2,""t"":14703},{""x"":5,""y"":1,""t"":15032},{""x"":4,""y"":1,""t"":15799},{""x"":4,""y"":2,""t"":17135},{""x"":4,""y"":3,""t"":17568},{""x"":4,""y"":4,""t"":18018},{""x"":5,""y"":4,""t"":18418},{""x"":5,""y"":5,""t"":18935},{""x"":5,""y"":4,""t"":19850},{""x"":4,""y"":4,""t"":20234},{""x"":3,""y"":4,""t"":20485},{""x"":3,""y"":3,""t"":21168},{""x"":3,""y"":2,""t"":21535},{""x"":2,""y"":2,""t"":21922},{""x"":2,""y"":3,""t"":23037},{""x"":1,""y"":3,""t"":24120},{""x"":0,""y"":3,""t"":24488},{""x"":0,""y"":4,""t"":25239},{""x"":1,""y"":4,""t"":25588},{""x"":0,""y"":4,""t"":25974},{""x"":0,""y"":5,""t"":27257},{""x"":1,""y"":5,""t"":28241},{""x"":1,""y"":6,""t"":28673},{""x"":0,""y"":6,""t"":29041},{""x"":0,""y"":7,""t"":29476},{""x"":1,""y"":7,""t"":30226},{""x"":2,""y"":7,""t"":30577},{""x"":3,""y"":7,""t"":31244},{""x"":3,""y"":6,""t"":31745},{""x"":2,""y"":6,""t"":32044},{""x"":3,""y"":6,""t"":32327},{""x"":4,""y"":6,""t"":32677}]"
a8getgjnzd,"[{""x"":0,""y"":0,""t"":0},{""x"":1,""y"":0,""t"":9555},{""x"":2,""y"":0,""t"":9912},{""x"":3,""y"":0,""t"":10269},{""x"":4,""y"":0,""t"":10689},{""x"":4,""y"":1,""t"":11660},{""x"":5,""y"":1,""t"":35416},{""x"":5,""y"":0,""t"":35974},{""x"":6,""y"":0,""t"":36417},{""x"":6,""y"":1,""t"":37014},{""x"":6,""y"":2,""t"":48609},{""x"":7,""y"":2,""t"":49356},{""x"":7,""y"":3,""t"":50502},{""x"":7,""y"":4,""t"":51026},{""x"":7,""y"":5,""t"":51502},{""x"":7,""y"":6,""t"":51995},{""x"":7,""y"":7,""t"":52706},{""x"":6,""y"":7,""t"":53489},{""x"":6,""y"":6,""t"":55131},{""x"":6,""y"":5,""t"":55694},{""x"":5,""y"":5,""t"":58785},{""x"":5,""y"":4,""t"":63868},{""x"":4,""y"":4,""t"":64676},{""x"":3,""y"":4,""t"":65216},{""x"":3,""y"":3,""t"":72869},{""x"":2,""y"":3,""t"":73587},{""x"":1,""y"":3,""t"":74090},{""x"":1,""y"":4,""t"":76357},{""x"":1,""y"":5,""t"":76746},{""x"":1,""y"":6,""t"":77256},{""x"":2,""y"":6,""t"":77799},{""x"":3,""y"":6,""t"":78509},{""x"":4,""y"":6,""t"":79090},{""x"":3,""y"":6,""t"":79915},{""x"":3,""y"":7,""t"":80568},{""x"":2,""y"":7,""t"":81488},{""x"":1,""y"":7,""t"":82040},{""x"":0,""y"":7,""t"":82372},{""x"":0,""y"":6,""t"":83276},{""x"":0,""y"":5,""t"":83559},{""x"":0,""y"":4,""t"":83779},{""x"":0,""y"":3,""t"":83989},{""x"":1,""y"":3,""t"":85406},{""x"":2,""y"":3,""t"":85716},{""x"":2,""y"":2,""t"":86560},{""x"":3,""y"":2,""t"":87954},{""x"":4,""y"":2,""t"":88378},{""x"":4,""y"":3,""t"":88995},{""x"":5,""y"":3,""t"":89619},{""x"":5,""y"":2,""t"":91549},{""x"":5,""y"":3,""t"":93504},{""x"":6,""y"":3,""t"":93944},{""x"":6,""y"":4,""t"":94450}]"
3kwm1e3eyr,"[{""x"":0,""y"":0,""t"":0},{""x"":1,""y"":0,""t"":1384},{""x"":2,""y"":0,""t"":1513},{""x"":3,""y"":0,""t"":1643},{""x"":4,""y"":0,""t"":1776},{""x"":4,""y"":1,""t"":2479},{""x"":5,""y"":1,""t"":2672},{""x"":5,""y"":0,""t"":2880},{""x"":6,""y"":0,""t"":3097},{""x"":6,""y"":1,""t"":3351},{""x"":6,""y"":2,""t"":3754},{""x"":7,""y"":2,""t"":4078},{""x"":7,""y"":3,""t"":4316},{""x"":7,""y"":4,""t"":4443},{""x"":7,""y"":5,""t"":4569},{""x"":7,""y"":6,""t"":4700},{""x"":7,""y"":7,""t"":4917},{""x"":6,""y"":7,""t"":5184},{""x"":6,""y"":6,""t"":5384},{""x"":6,""y"":5,""t"":5529},{""x"":5,""y"":5,""t"":6091},{""x"":5,""y"":4,""t"":6298},{""x"":6,""y"":4,""t"":6553},{""x"":6,""y"":3,""t"":6756},{""x"":5,""y"":3,""t"":6936},{""x"":5,""y"":2,""t"":7122},{""x"":4,""y"":2,""t"":7433},{""x"":3,""y"":2,""t"":7575},{""x"":2,""y"":2,""t"":7756},{""x"":2,""y"":3,""t"":8130},{""x"":3,""y"":3,""t"":8402},{""x"":4,""y"":3,""t"":8550},{""x"":5,""y"":3,""t"":8840},{""x"":4,""y"":3,""t"":9540},{""x"":4,""y"":4,""t"":9747},{""x"":3,""y"":4,""t"":9949},{""x"":3,""y"":3,""t"":10194},{""x"":2,""y"":3,""t"":10504},{""x"":1,""y"":3,""t"":10659},{""x"":0,""y"":3,""t"":10985},{""x"":0,""y"":4,""t"":11231},{""x"":1,""y"":4,""t"":11447},{""x"":1,""y"":5,""t"":11716},{""x"":0,""y"":5,""t"":11997},{""x"":0,""y"":6,""t"":13205},{""x"":0,""y"":7,""t"":13409},{""x"":1,""y"":7,""t"":13681},{""x"":1,""y"":6,""t"":14194},{""x"":2,""y"":6,""t"":14423},{""x"":2,""y"":7,""t"":15293},{""x"":3,""y"":7,""t"":15552},{""x"":3,""y"":6,""t"":15812},{""x"":4,""y"":6,""t"":15999}]"
2y9vqh1n9w,"[{""x"":0,""y"":0,""t"":0},{""x"":1,""y"":0,""t"":5887},{""x"":2,""y"":0,""t"":6049},{""x"":3,""y"":0,""t"":6201},{""x"":4,""y"":0,""t"":6338},{""x"":5,""y"":0,""t"":6482},{""x"":6,""y"":0,""t"":6670},{""x"":6,""y"":1,""t"":6941},{""x"":5,""y"":1,""t"":7136},{""x"":4,""y"":1,""t"":7292},{""x"":4,""y"":2,""t"":7594},{""x"":3,""y"":2,""t"":8047},{""x"":2,""y"":2,""t"":8192},{""x"":2,""y"":3,""t"":8433},{""x"":1,""y"":3,""t"":8570},{""x"":0,""y"":3,""t"":8754},{""x"":0,""y"":4,""t"":9005},{""x"":0,""y"":5,""t"":9166},{""x"":0,""y"":6,""t"":9318},{""x"":0,""y"":7,""t"":9482},{""x"":1,""y"":7,""t"":9985},{""x"":2,""y"":7,""t"":10138},{""x"":3,""y"":7,""t"":10305},{""x"":3,""y"":6,""t"":10671},{""x"":4,""y"":6,""t"":11000},{""x"":3,""y"":6,""t"":11514},{""x"":2,""y"":6,""t"":11677},{""x"":1,""y"":6,""t"":11833},{""x"":1,""y"":5,""t"":11961},{""x"":1,""y"":4,""t"":12106},{""x"":1,""y"":3,""t"":12287},{""x"":2,""y"":3,""t"":12643},{""x"":3,""y"":3,""t"":12805},{""x"":3,""y"":4,""t"":13021},{""x"":4,""y"":4,""t"":13171},{""x"":4,""y"":3,""t"":13321},{""x"":5,""y"":3,""t"":13633},{""x"":5,""y"":2,""t"":13788},{""x"":6,""y"":2,""t"":13998},{""x"":7,""y"":2,""t"":14193},{""x"":7,""y"":3,""t"":14600},{""x"":7,""y"":4,""t"":14740},{""x"":6,""y"":4,""t"":15917},{""x"":5,""y"":4,""t"":16276},{""x"":5,""y"":5,""t"":16473},{""x"":6,""y"":5,""t"":16645},{""x"":7,""y"":5,""t"":16824},{""x"":7,""y"":6,""t"":17205},{""x"":7,""y"":7,""t"":17373},{""x"":6,""y"":7,""t"":17507},{""x"":6,""y"":6,""t"":17922},{""x"":6,""y"":5,""t"":18106},{""x"":6,""y"":4,""t"":18271},{""x"":6,""y"":3,""t"":18404}]"
tkd0s43vff,"[{""x"":0,""y"":0,""t"":0},{""x"":1,""y"":0,""t"":18969},{""x"":2,""y"":0,""t"":19376},{""x"":3,""y"":0,""t"":19568},{""x"":4,""y"":0,""t"":20272},{""x"":4,""y"":1,""t"":21136},{""x"":5,""y"":1,""t"":21384},{""x"":5,""y"":0,""t"":21688},{""x"":6,""y"":0,""t"":21952},{""x"":6,""y"":1,""t"":22248},{""x"":6,""y"":2,""t"":23280},{""x"":7,""y"":2,""t"":23591},{""x"":7,""y"":3,""t"":23968},{""x"":6,""y"":3,""t"":24297},{""x"":5,""y"":3,""t"":25329},{""x"":5,""y"":2,""t"":25672},{""x"":4,""y"":2,""t"":26088},{""x"":3,""y"":2,""t"":26304},{""x"":2,""y"":2,""t"":26745},{""x"":2,""y"":3,""t"":27168},{""x"":1,""y"":3,""t"":28473},{""x"":0,""y"":3,""t"":28808},{""x"":0,""y"":4,""t"":29161},{""x"":0,""y"":5,""t"":29433},{""x"":0,""y"":6,""t"":29632},{""x"":0,""y"":7,""t"":29832},{""x"":1,""y"":7,""t"":30128},{""x"":2,""y"":7,""t"":30328},{""x"":3,""y"":7,""t"":30512},{""x"":3,""y"":6,""t"":31120},{""x"":4,""y"":6,""t"":31449},{""x"":3,""y"":6,""t"":31720},{""x"":2,""y"":6,""t"":32009},{""x"":1,""y"":6,""t"":32233},{""x"":1,""y"":5,""t"":32520},{""x"":1,""y"":4,""t"":32736},{""x"":1,""y"":3,""t"":33288},{""x"":2,""y"":3,""t"":33600},{""x"":3,""y"":3,""t"":33872},{""x"":3,""y"":4,""t"":35064},{""x"":4,""y"":4,""t"":35360},{""x"":4,""y"":3,""t"":35632},{""x"":5,""y"":3,""t"":35928},{""x"":5,""y"":4,""t"":36408},{""x"":5,""y"":5,""t"":36649},{""x"":6,""y"":5,""t"":37041},{""x"":6,""y"":4,""t"":37969},{""x"":6,""y"":5,""t"":38432},{""x"":6,""y"":6,""t"":38632},{""x"":6,""y"":7,""t"":38784},{""x"":7,""y"":7,""t"":39185},{""x"":7,""y"":6,""t"":39456},{""x"":7,""y"":5,""t"":39608},{""x"":7,""y"":4,""t"":39759}]"
po01wrzodx,"[{""x"":0,""y"":0,""t"":0},{""x"":1,""y"":0,""t"":7052},{""x"":2,""y"":0,""t"":7351},{""x"":3,""y"":0,""t"":7601},{""x"":4,""y"":0,""t"":8369},{""x"":5,""y"":0,""t"":9702},{""x"":6,""y"":0,""t"":10633},{""x"":6,""y"":1,""t"":12836},{""x"":6,""y"":2,""t"":13102},{""x"":7,""y"":2,""t"":14587},{""x"":7,""y"":3,""t"":15186},{""x"":7,""y"":4,""t"":15487},{""x"":7,""y"":5,""t"":15769},{""x"":7,""y"":6,""t"":16003},{""x"":7,""y"":7,""t"":16303},{""x"":6,""y"":7,""t"":16887},{""x"":7,""y"":7,""t"":18103},{""x"":6,""y"":7,""t"":18937},{""x"":6,""y"":6,""t"":19520},{""x"":6,""y"":5,""t"":19870},{""x"":6,""y"":4,""t"":20220},{""x"":6,""y"":3,""t"":20621},{""x"":5,""y"":3,""t"":25855},{""x"":5,""y"":4,""t"":26288},{""x"":5,""y"":5,""t"":27589},{""x"":5,""y"":4,""t"":28107},{""x"":5,""y"":3,""t"":29356},{""x"":5,""y"":2,""t"":29720},{""x"":5,""y"":1,""t"":30089},{""x"":4,""y"":1,""t"":30605},{""x"":4,""y"":2,""t"":30989},{""x"":4,""y"":3,""t"":31240},{""x"":4,""y"":4,""t"":31522},{""x"":3,""y"":4,""t"":32406},{""x"":3,""y"":3,""t"":32807},{""x"":3,""y"":2,""t"":33124},{""x"":2,""y"":2,""t"":34107},{""x"":2,""y"":3,""t"":34790},{""x"":1,""y"":3,""t"":35306},{""x"":0,""y"":3,""t"":36040},{""x"":0,""y"":4,""t"":38640},{""x"":1,""y"":4,""t"":40074},{""x"":1,""y"":5,""t"":40474},{""x"":1,""y"":6,""t"":40973},{""x"":2,""y"":6,""t"":41740},{""x"":3,""y"":6,""t"":43091},{""x"":4,""y"":6,""t"":43475},{""x"":3,""y"":6,""t"":44039},{""x"":3,""y"":7,""t"":44422},{""x"":2,""y"":7,""t"":44891},{""x"":1,""y"":7,""t"":45224},{""x"":0,""y"":7,""t"":45592},{""x"":0,""y"":6,""t"":46075},{""x"":0,""y"":5,""t"":46392}]"
576q3wrtxj,"[{""x"":0,""y"":0,""t"":0},{""x"":1,""y"":0,""t"":2938},{""x"":2,""y"":0,""t"":3134},{""x"":3,""y"":0,""t"":3303},{""x"":4,""y"":0,""t"":3431},{""x"":5,""y"":0,""t"":3602},{""x"":6,""y"":0,""t"":4004},{""x"":6,""y"":1,""t"":5205},{""x"":5,""y"":1,""t"":10322},{""x"":4,""y"":1,""t"":10653},{""x"":4,""y"":2,""t"":11504},{""x"":3,""y"":2,""t"":12104},{""x"":2,""y"":2,""t"":12455},{""x"":2,""y"":3,""t"":13201},{""x"":1,""y"":3,""t"":13587},{""x"":0,""y"":3,""t"":14121},{""x"":0,""y"":4,""t"":17722},{""x"":0,""y"":5,""t"":18135},{""x"":0,""y"":6,""t"":18471},{""x"":0,""y"":7,""t"":18888},{""x"":1,""y"":7,""t"":19536},{""x"":2,""y"":7,""t"":20520},{""x"":3,""y"":7,""t"":20871},{""x"":3,""y"":6,""t"":23870},{""x"":4,""y"":6,""t"":25135},{""x"":3,""y"":6,""t"":27102},{""x"":2,""y"":6,""t"":27337},{""x"":1,""y"":6,""t"":27537},{""x"":1,""y"":5,""t"":28220},{""x"":1,""y"":4,""t"":28471},{""x"":1,""y"":3,""t"":29198},{""x"":2,""y"":3,""t"":31689},{""x"":3,""y"":3,""t"":32103},{""x"":3,""y"":4,""t"":33068},{""x"":4,""y"":4,""t"":35453},{""x"":5,""y"":4,""t"":37736},{""x"":5,""y"":5,""t"":38686},{""x"":6,""y"":5,""t"":41152},{""x"":6,""y"":6,""t"":41801},{""x"":6,""y"":7,""t"":42302},{""x"":7,""y"":7,""t"":43586},{""x"":7,""y"":6,""t"":44284},{""x"":7,""y"":5,""t"":44652},{""x"":7,""y"":4,""t"":45103},{""x"":6,""y"":4,""t"":46452},{""x"":6,""y"":3,""t"":52483},{""x"":6,""y"":2,""t"":52714},{""x"":7,""y"":2,""t"":54883},{""x"":7,""y"":3,""t"":55718},{""x"":6,""y"":3,""t"":57166},{""x"":5,""y"":3,""t"":58017},{""x"":4,""y"":3,""t"":60833},{""x"":4,""y"":2,""t"":61836},{""x"":5,""y"":2,""t"":63232}]"
0acz2uca4n,"[{""x"":0,""y"":0,""t"":0},{""x"":1,""y"":0,""t"":1515},{""x"":2,""y"":0,""t"":1748},{""x"":3,""y"":0,""t"":1915},{""x"":4,""y"":0,""t"":2097},{""x"":5,""y"":0,""t"":2298},{""x"":6,""y"":0,""t"":2697},{""x"":6,""y"":1,""t"":3548},{""x"":6,""y"":2,""t"":4181},{""x"":7,""y"":2,""t"":4531},{""x"":7,""y"":3,""t"":4898},{""x"":7,""y"":4,""t"":5098},{""x"":7,""y"":5,""t"":5515},{""x"":7,""y"":6,""t"":5864},{""x"":7,""y"":7,""t"":6231},{""x"":6,""y"":7,""t"":6665},{""x"":6,""y"":6,""t"":7048},{""x"":6,""y"":5,""t"":7432},{""x"":5,""y"":5,""t"":7882},{""x"":5,""y"":4,""t"":8215},{""x"":4,""y"":4,""t"":8582},{""x"":3,""y"":4,""t"":9182},{""x"":3,""y"":3,""t"":9515},{""x"":2,""y"":3,""t"":9932},{""x"":1,""y"":3,""t"":11002},{""x"":0,""y"":3,""t"":11466},{""x"":0,""y"":4,""t"":12716},{""x"":0,""y"":5,""t"":13016},{""x"":0,""y"":6,""t"":13366},{""x"":0,""y"":7,""t"":13733},{""x"":1,""y"":7,""t"":14066},{""x"":2,""y"":7,""t"":14383},{""x"":3,""y"":7,""t"":14783},{""x"":3,""y"":6,""t"":15283},{""x"":4,""y"":6,""t"":15583},{""x"":3,""y"":6,""t"":16000},{""x"":2,""y"":6,""t"":16266},{""x"":1,""y"":6,""t"":16733},{""x"":1,""y"":5,""t"":17100},{""x"":1,""y"":4,""t"":17450},{""x"":1,""y"":3,""t"":18050},{""x"":2,""y"":3,""t"":19985},{""x"":2,""y"":2,""t"":20419},{""x"":3,""y"":2,""t"":21618},{""x"":4,""y"":2,""t"":21967},{""x"":4,""y"":1,""t"":22351},{""x"":5,""y"":1,""t"":23435},{""x"":5,""y"":2,""t"":23817},{""x"":6,""y"":2,""t"":24802},{""x"":6,""y"":3,""t"":25835},{""x"":6,""y"":4,""t"":26335},{""x"":6,""y"":3,""t"":27001},{""x"":5,""y"":3,""t"":27318},{""x"":4,""y"":3,""t"":27601}]"
zzos9ptpzz,"[{""x"":0,""y"":0,""t"":0},{""x"":1,""y"":0,""t"":6241},{""x"":2,""y"":0,""t"":6596},{""x"":3,""y"":0,""t"":7489},{""x"":4,""y"":0,""t"":7948},{""x"":5,""y"":0,""t"":8324},{""x"":6,""y"":0,""t"":8809},{""x"":6,""y"":1,""t"":9172},{""x"":5,""y"":1,""t"":9629},{""x"":4,""y"":1,""t"":10180},{""x"":4,""y"":2,""t"":10544},{""x"":3,""y"":2,""t"":10984},{""x"":2,""y"":2,""t"":16964},{""x"":3,""y"":2,""t"":22323},{""x"":3,""y"":3,""t"":22809},{""x"":4,""y"":3,""t"":23284},{""x"":5,""y"":3,""t"":23864},{""x"":5,""y"":2,""t"":24212},{""x"":6,""y"":2,""t"":24596},{""x"":7,""y"":2,""t"":24964},{""x"":7,""y"":3,""t"":25428},{""x"":6,""y"":3,""t"":27372},{""x"":7,""y"":3,""t"":33330},{""x"":7,""y"":4,""t"":33676},{""x"":7,""y"":5,""t"":34053},{""x"":7,""y"":6,""t"":34364},{""x"":7,""y"":7,""t"":34672},{""x"":6,""y"":7,""t"":35017},{""x"":6,""y"":6,""t"":35352},{""x"":6,""y"":5,""t"":35788},{""x"":6,""y"":4,""t"":40096},{""x"":5,""y"":4,""t"":40900},{""x"":5,""y"":5,""t"":41489},{""x"":5,""y"":4,""t"":41881},{""x"":4,""y"":4,""t"":42301},{""x"":3,""y"":4,""t"":42685},{""x"":3,""y"":3,""t"":42992},{""x"":2,""y"":3,""t"":43320},{""x"":1,""y"":3,""t"":43675},{""x"":0,""y"":3,""t"":44064},{""x"":0,""y"":4,""t"":44365},{""x"":1,""y"":4,""t"":44812},{""x"":1,""y"":5,""t"":45202},{""x"":0,""y"":5,""t"":45556},{""x"":0,""y"":6,""t"":45868},{""x"":1,""y"":6,""t"":46240},{""x"":2,""y"":6,""t"":48069},{""x"":3,""y"":6,""t"":48477},{""x"":4,""y"":6,""t"":48845},{""x"":3,""y"":6,""t"":49204},{""x"":3,""y"":7,""t"":49460},{""x"":2,""y"":7,""t"":49757},{""x"":1,""y"":7,""t"":50085},{""x"":0,""y"":7,""t"":51132}]"
o3s9vqh613,"[{""x"":0,""y"":0,""t"":0},{""x"":1,""y"":0,""t"":4288},{""x"":2,""y"":0,""t"":4723},{""x"":3,""y"":0,""t"":5165},{""x"":4,""y"":0,""t"":7345},{""x"":4,""y"":1,""t"":10254},{""x"":4,""y"":2,""t"":11840},{""x"":3,""y"":2,""t"":12540},{""x"":2,""y"":2,""t"":12879},{""x"":2,""y"":3,""t"":15400},{""x"":1,""y"":3,""t"":17101},{""x"":0,""y"":3,""t"":17343},{""x"":0,""y"":4,""t"":20642},{""x"":0,""y"":5,""t"":20927},{""x"":0,""y"":6,""t"":21314},{""x"":0,""y"":7,""t"":27291},{""x"":1,""y"":7,""t"":29039},{""x"":2,""y"":7,""t"":31502},{""x"":3,""y"":7,""t"":32075},{""x"":3,""y"":6,""t"":34664},{""x"":4,""y"":6,""t"":35474},{""x"":3,""y"":6,""t"":36350},{""x"":2,""y"":6,""t"":36513},{""x"":1,""y"":6,""t"":37139},{""x"":1,""y"":5,""t"":38179},{""x"":1,""y"":4,""t"":38647},{""x"":1,""y"":3,""t"":40313},{""x"":2,""y"":3,""t"":43776},{""x"":3,""y"":3,""t"":44216},{""x"":3,""y"":4,""t"":49657},{""x"":4,""y"":4,""t"":50968},{""x"":5,""y"":4,""t"":62796},{""x"":5,""y"":3,""t"":70012},{""x"":5,""y"":2,""t"":70528},{""x"":5,""y"":1,""t"":71459},{""x"":5,""y"":0,""t"":71977},{""x"":6,""y"":0,""t"":73002},{""x"":6,""y"":1,""t"":74159},{""x"":6,""y"":2,""t"":75159},{""x"":7,""y"":2,""t"":76128},{""x"":7,""y"":3,""t"":77606},{""x"":7,""y"":4,""t"":77809},{""x"":7,""y"":5,""t"":78016},{""x"":7,""y"":6,""t"":78238},{""x"":7,""y"":7,""t"":78755},{""x"":6,""y"":7,""t"":79525},{""x"":6,""y"":6,""t"":80689},{""x"":6,""y"":5,""t"":81315},{""x"":5,""y"":5,""t"":82382},{""x"":6,""y"":5,""t"":83401},{""x"":6,""y"":4,""t"":84575},{""x"":6,""y"":3,""t"":85066},{""x"":5,""y"":3,""t"":86615},{""x"":4,""y"":3,""t"":86819}]"
ga00sgrx9e,"[{""x"":0,""y"":0,""t"":0},{""x"":1,""y"":0,""t"":9167},{""x"":2,""y"":0,""t"":9619},{""x"":3,""y"":0,""t"":10153},{""x"":4,""y"":0,""t"":10771},{""x"":4,""y"":1,""t"":11637},{""x"":4,""y"":2,""t"":14070},{""x"":3,""y"":2,""t"":14883},{""x"":2,""y"":2,""t"":16368},{""x"":2,""y"":3,""t"":19484},{""x"":1,""y"":3,""t"":20338},{""x"":0,""y"":3,""t"":20850},{""x"":0,""y"":4,""t"":23100},{""x"":1,""y"":4,""t"":24684},{""x"":1,""y"":5,""t"":26850},{""x"":1,""y"":6,""t"":32200},{""x"":2,""y"":6,""t"":35221},{""x"":3,""y"":6,""t"":35687},{""x"":4,""y"":6,""t"":36200},{""x"":3,""y"":6,""t"":36987},{""x"":3,""y"":7,""t"":37553},{""x"":2,""y"":7,""t"":38387},{""x"":1,""y"":7,""t"":39634},{""x"":0,""y"":7,""t"":40083},{""x"":0,""y"":6,""t"":41167},{""x"":0,""y"":5,""t"":42637},{""x"":0,""y"":4,""t"":43333},{""x"":0,""y"":3,""t"":44421},{""x"":1,""y"":3,""t"":46600},{""x"":2,""y"":3,""t"":47687},{""x"":3,""y"":3,""t"":48670},{""x"":3,""y"":4,""t"":49534},{""x"":4,""y"":4,""t"":52800},{""x"":4,""y"":3,""t"":53850},{""x"":5,""y"":3,""t"":55487},{""x"":5,""y"":2,""t"":57100},{""x"":5,""y"":1,""t"":57554},{""x"":5,""y"":0,""t"":58037},{""x"":6,""y"":0,""t"":58734},{""x"":6,""y"":1,""t"":59883},{""x"":6,""y"":2,""t"":60454},{""x"":7,""y"":2,""t"":63804},{""x"":7,""y"":3,""t"":65017},{""x"":7,""y"":4,""t"":66153},{""x"":7,""y"":5,""t"":68838},{""x"":7,""y"":6,""t"":69520},{""x"":7,""y"":7,""t"":70087},{""x"":6,""y"":7,""t"":70817},{""x"":6,""y"":6,""t"":72123},{""x"":6,""y"":5,""t"":73301},{""x"":5,""y"":5,""t"":74354},{""x"":5,""y"":4,""t"":75350},{""x"":6,""y"":4,""t"":76167},{""x"":6,""y"":3,""t"":77004}]"
l6caz605ea,"[{""x"":0,""y"":0,""t"":0},{""x"":1,""y"":0,""t"":4146},{""x"":2,""y"":0,""t"":4645},{""x"":3,""y"":0,""t"":4724},{""x"":4,""y"":0,""t"":4808},{""x"":5,""y"":0,""t"":4892},{""x"":6,""y"":0,""t"":4977},{""x"":6,""y"":1,""t"":7346},{""x"":6,""y"":2,""t"":15130},{""x"":7,""y"":2,""t"":15531},{""x"":7,""y"":3,""t"":20726},{""x"":7,""y"":4,""t"":21226},{""x"":7,""y"":5,""t"":21305},{""x"":7,""y"":6,""t"":21392},{""x"":7,""y"":7,""t"":21472},{""x"":6,""y"":7,""t"":22520},{""x"":6,""y"":6,""t"":23219},{""x"":6,""y"":5,""t"":23719},{""x"":6,""y"":4,""t"":23801},{""x"":6,""y"":3,""t"":23886},{""x"":6,""y"":4,""t"":28973},{""x"":6,""y"":5,""t"":29275},{""x"":5,""y"":5,""t"":30275},{""x"":5,""y"":4,""t"":31676},{""x"":5,""y"":3,""t"":32176},{""x"":5,""y"":2,""t"":32254},{""x"":5,""y"":1,""t"":32604},{""x"":4,""y"":1,""t"":34609},{""x"":4,""y"":2,""t"":35157},{""x"":4,""y"":3,""t"":35592},{""x"":4,""y"":4,""t"":36116},{""x"":3,""y"":4,""t"":37461},{""x"":3,""y"":3,""t"":38081},{""x"":3,""y"":2,""t"":38377},{""x"":2,""y"":2,""t"":39140},{""x"":2,""y"":3,""t"":39713},{""x"":2,""y"":2,""t"":41409},{""x"":2,""y"":3,""t"":42189},{""x"":1,""y"":3,""t"":42739},{""x"":0,""y"":3,""t"":43160},{""x"":0,""y"":4,""t"":44093},{""x"":0,""y"":5,""t"":44596},{""x"":0,""y"":6,""t"":44673},{""x"":0,""y"":7,""t"":44757},{""x"":1,""y"":7,""t"":46490},{""x"":2,""y"":7,""t"":46772},{""x"":3,""y"":7,""t"":47059},{""x"":3,""y"":6,""t"":48881},{""x"":4,""y"":6,""t"":49774},{""x"":3,""y"":6,""t"":50554},{""x"":2,""y"":6,""t"":50886},{""x"":1,""y"":6,""t"":51290},{""x"":1,""y"":5,""t"":52210},{""x"":1,""y"":4,""t"":52450}]"
ii041gtpoz,"[{""x"":0,""y"":0,""t"":0},{""x"":1,""y"":0,""t"":4736},{""x"":2,""y"":0,""t"":4911},{""x"":3,""y"":0,""t"":5071},{""x"":4,""y"":0,""t"":5231},{""x"":5,""y"":0,""t"":5400},{""x"":6,""y"":0,""t"":5568},{""x"":6,""y"":1,""t"":6695},{""x"":6,""y"":2,""t"":7383},{""x"":7,""y"":2,""t"":7623},{""x"":7,""y"":3,""t"":8056},{""x"":7,""y"":4,""t"":8223},{""x"":7,""y"":5,""t"":8385},{""x"":7,""y"":6,""t"":8527},{""x"":7,""y"":7,""t"":8695},{""x"":6,""y"":7,""t"":10112},{""x"":6,""y"":6,""t"":13392},{""x"":6,""y"":5,""t"":13736},{""x"":6,""y"":4,""t"":13951},{""x"":6,""y"":3,""t"":14279},{""x"":6,""y"":2,""t"":15160},{""x"":6,""y"":1,""t"":15439},{""x"":5,""y"":1,""t"":15983},{""x"":4,""y"":1,""t"":16328},{""x"":5,""y"":1,""t"":21552},{""x"":5,""y"":2,""t"":22073},{""x"":4,""y"":2,""t"":23233},{""x"":3,""y"":2,""t"":23431},{""x"":2,""y"":2,""t"":23641},{""x"":2,""y"":3,""t"":29617},{""x"":1,""y"":3,""t"":29952},{""x"":0,""y"":3,""t"":30160},{""x"":0,""y"":4,""t"":30689},{""x"":0,""y"":5,""t"":30881},{""x"":0,""y"":6,""t"":31048},{""x"":0,""y"":7,""t"":31289},{""x"":1,""y"":7,""t"":32463},{""x"":2,""y"":7,""t"":32674},{""x"":3,""y"":7,""t"":33257},{""x"":3,""y"":6,""t"":34320},{""x"":4,""y"":6,""t"":34696},{""x"":3,""y"":6,""t"":35752},{""x"":2,""y"":6,""t"":36057},{""x"":1,""y"":6,""t"":36416},{""x"":1,""y"":5,""t"":36808},{""x"":1,""y"":4,""t"":37121},{""x"":1,""y"":3,""t"":37615},{""x"":2,""y"":3,""t"":37943},{""x"":3,""y"":3,""t"":38200},{""x"":3,""y"":4,""t"":38961},{""x"":4,""y"":4,""t"":39328},{""x"":4,""y"":3,""t"":40368},{""x"":5,""y"":3,""t"":41007},{""x"":5,""y"":4,""t"":41689},{""x"":5,""y"":5,""t"":42121}]"
3t2kphthps,"[{""x"":0,""y"":0,""t"":0},{""x"":1,""y"":0,""t"":848},{""x"":2,""y"":0,""t"":1025},{""x"":3,""y"":0,""t"":1182},{""x"":4,""y"":0,""t"":1340},{""x"":5,""y"":0,""t"":1543},{""x"":6,""y"":0,""t"":2040},{""x"":6,""y"":1,""t"":2287},{""x"":6,""y"":2,""t"":2512},{""x"":7,""y"":2,""t"":2714},{""x"":7,""y"":3,""t"":3075},{""x"":7,""y"":4,""t"":3230},{""x"":7,""y"":5,""t"":3410},{""x"":7,""y"":6,""t"":3593},{""x"":7,""y"":7,""t"":4109},{""x"":6,""y"":7,""t"":4402},{""x"":6,""y"":6,""t"":4897},{""x"":6,""y"":5,""t"":5190},{""x"":5,""y"":5,""t"":6473},{""x"":5,""y"":4,""t"":6764},{""x"":4,""y"":4,""t"":7082},{""x"":3,""y"":4,""t"":7393},{""x"":3,""y"":3,""t"":7822},{""x"":4,""y"":3,""t"":8523},{""x"":5,""y"":3,""t"":8722},{""x"":6,""y"":3,""t"":8923},{""x"":6,""y"":4,""t"":9215},{""x"":6,""y"":3,""t"":9580},{""x"":6,""y"":2,""t"":9780},{""x"":6,""y"":1,""t"":10162},{""x"":5,""y"":1,""t"":10453},{""x"":4,""y"":1,""t"":10790},{""x"":4,""y"":2,""t"":11944},{""x"":5,""y"":2,""t"":12141},{""x"":4,""y"":2,""t"":12432},{""x"":3,""y"":2,""t"":12793},{""x"":2,""y"":2,""t"":12973},{""x"":2,""y"":3,""t"":13220},{""x"":1,""y"":3,""t"":13491},{""x"":0,""y"":3,""t"":13917},{""x"":0,""y"":4,""t"":14187},{""x"":1,""y"":4,""t"":14458},{""x"":1,""y"":5,""t"":14840},{""x"":0,""y"":5,""t"":15114},{""x"":0,""y"":6,""t"":15403},{""x"":1,""y"":6,""t"":15695},{""x"":1,""y"":7,""t"":16348},{""x"":0,""y"":7,""t"":16753},{""x"":1,""y"":7,""t"":17001},{""x"":2,""y"":7,""t"":17203},{""x"":3,""y"":7,""t"":17383},{""x"":3,""y"":6,""t"":17676},{""x"":2,""y"":6,""t"":17968},{""x"":3,""y"":6,""t"":18148},{""x"":4,""y"":6,""t"":18328}]"
zzmrd6cr4x,"[{""x"":0,""y"":0,""t"":0},{""x"":1,""y"":0,""t"":2090},{""x"":2,""y"":0,""t"":2280},{""x"":3,""y"":0,""t"":2447},{""x"":4,""y"":0,""t"":2596},{""x"":5,""y"":0,""t"":2790},{""x"":6,""y"":0,""t"":3018},{""x"":6,""y"":1,""t"":3756},{""x"":5,""y"":1,""t"":4086},{""x"":4,""y"":1,""t"":4290},{""x"":4,""y"":2,""t"":4878},{""x"":3,""y"":2,""t"":5038},{""x"":2,""y"":2,""t"":5480},{""x"":3,""y"":2,""t"":7280},{""x"":4,""y"":2,""t"":7397},{""x"":5,""y"":2,""t"":7546},{""x"":6,""y"":2,""t"":7710},{""x"":7,""y"":2,""t"":8147},{""x"":7,""y"":3,""t"":8795},{""x"":7,""y"":4,""t"":10667},{""x"":7,""y"":5,""t"":10876},{""x"":7,""y"":6,""t"":11114},{""x"":7,""y"":7,""t"":11313},{""x"":6,""y"":7,""t"":11599},{""x"":6,""y"":6,""t"":11856},{""x"":6,""y"":5,""t"":12545},{""x"":6,""y"":4,""t"":13491},{""x"":6,""y"":3,""t"":13791},{""x"":5,""y"":3,""t"":14090},{""x"":5,""y"":4,""t"":14482},{""x"":5,""y"":5,""t"":15275},{""x"":5,""y"":4,""t"":15589},{""x"":4,""y"":4,""t"":15796},{""x"":3,""y"":4,""t"":16357},{""x"":3,""y"":3,""t"":16606},{""x"":4,""y"":3,""t"":17001},{""x"":3,""y"":3,""t"":17206},{""x"":2,""y"":3,""t"":17371},{""x"":1,""y"":3,""t"":18336},{""x"":0,""y"":3,""t"":18966},{""x"":0,""y"":4,""t"":19326},{""x"":1,""y"":4,""t"":19701},{""x"":1,""y"":5,""t"":20497},{""x"":0,""y"":5,""t"":20658},{""x"":0,""y"":6,""t"":21514},{""x"":1,""y"":6,""t"":21739},{""x"":1,""y"":7,""t"":22490},{""x"":0,""y"":7,""t"":22667},{""x"":1,""y"":7,""t"":23059},{""x"":2,""y"":7,""t"":23205},{""x"":3,""y"":7,""t"":23857},{""x"":3,""y"":6,""t"":24215},{""x"":4,""y"":6,""t"":24739},{""x"":3,""y"":6,""t"":24932},{""x"":2,""y"":6,""t"":25097}]"
7bger51qgs,"[{""x"":0,""y"":0,""t"":0},{""x"":1,""y"":0,""t"":8385},{""x"":2,""y"":0,""t"":8747},{""x"":3,""y"":0,""t"":9103},{""x"":4,""y"":0,""t"":9853},{""x"":5,""y"":0,""t"":10365},{""x"":6,""y"":0,""t"":10779},{""x"":6,""y"":1,""t"":11547},{""x"":6,""y"":2,""t"":12161},{""x"":7,""y"":2,""t"":12869},{""x"":7,""y"":3,""t"":13528},{""x"":7,""y"":4,""t"":13891},{""x"":7,""y"":5,""t"":14242},{""x"":7,""y"":6,""t"":14644},{""x"":7,""y"":7,""t"":15311},{""x"":6,""y"":7,""t"":15800},{""x"":6,""y"":6,""t"":16237},{""x"":6,""y"":5,""t"":16960},{""x"":6,""y"":4,""t"":17576},{""x"":6,""y"":3,""t"":18137},{""x"":5,""y"":3,""t"":18777},{""x"":5,""y"":4,""t"":19802},{""x"":5,""y"":5,""t"":20814},{""x"":5,""y"":4,""t"":21108},{""x"":4,""y"":4,""t"":25547},{""x"":4,""y"":3,""t"":26201},{""x"":4,""y"":2,""t"":27752},{""x"":5,""y"":2,""t"":28409},{""x"":5,""y"":1,""t"":29185},{""x"":4,""y"":1,""t"":29617},{""x"":4,""y"":2,""t"":30452},{""x"":3,""y"":2,""t"":30807},{""x"":3,""y"":3,""t"":32974},{""x"":3,""y"":4,""t"":33807},{""x"":3,""y"":3,""t"":34323},{""x"":3,""y"":2,""t"":37232},{""x"":2,""y"":2,""t"":37498},{""x"":2,""y"":3,""t"":37944},{""x"":1,""y"":3,""t"":38357},{""x"":0,""y"":3,""t"":39125},{""x"":0,""y"":4,""t"":39815},{""x"":0,""y"":5,""t"":40171},{""x"":1,""y"":5,""t"":44664},{""x"":1,""y"":4,""t"":45554},{""x"":1,""y"":5,""t"":46096},{""x"":0,""y"":5,""t"":49415},{""x"":0,""y"":6,""t"":50445},{""x"":0,""y"":7,""t"":51896},{""x"":1,""y"":7,""t"":52326},{""x"":1,""y"":6,""t"":52771},{""x"":2,""y"":6,""t"":53183},{""x"":2,""y"":7,""t"":53693},{""x"":3,""y"":7,""t"":54237},{""x"":3,""y"":6,""t"":54656},{""x"":4,""y"":6,""t"":55130}]"
gxj485z1ph,"[{""x"":0,""y"":0,""t"":0},{""x"":1,""y"":0,""t"":2224},{""x"":2,""y"":0,""t"":2506},{""x"":3,""y"":0,""t"":2733},{""x"":4,""y"":0,""t"":2965},{""x"":5,""y"":0,""t"":3220},{""x"":6,""y"":0,""t"":3494},{""x"":6,""y"":1,""t"":3891},{""x"":6,""y"":2,""t"":4805},{""x"":7,""y"":2,""t"":5078},{""x"":7,""y"":3,""t"":5731},{""x"":7,""y"":4,""t"":6052},{""x"":7,""y"":5,""t"":6361},{""x"":7,""y"":6,""t"":6613},{""x"":7,""y"":7,""t"":6868},{""x"":6,""y"":7,""t"":7160},{""x"":6,""y"":6,""t"":7418},{""x"":6,""y"":5,""t"":7670},{""x"":6,""y"":4,""t"":7945},{""x"":6,""y"":3,""t"":8282},{""x"":5,""y"":3,""t"":10156},{""x"":5,""y"":2,""t"":10464},{""x"":5,""y"":1,""t"":10706},{""x"":4,""y"":1,""t"":11001},{""x"":4,""y"":2,""t"":11297},{""x"":3,""y"":2,""t"":11571},{""x"":2,""y"":2,""t"":11837},{""x"":2,""y"":3,""t"":12189},{""x"":1,""y"":3,""t"":12386},{""x"":2,""y"":3,""t"":12944},{""x"":1,""y"":3,""t"":13290},{""x"":0,""y"":3,""t"":13574},{""x"":0,""y"":4,""t"":13930},{""x"":0,""y"":5,""t"":14244},{""x"":0,""y"":6,""t"":14472},{""x"":0,""y"":7,""t"":14702},{""x"":1,""y"":7,""t"":14937},{""x"":2,""y"":7,""t"":15178},{""x"":3,""y"":7,""t"":15455},{""x"":3,""y"":6,""t"":15915},{""x"":4,""y"":6,""t"":16217},{""x"":3,""y"":6,""t"":16423},{""x"":2,""y"":6,""t"":16725},{""x"":1,""y"":6,""t"":16962},{""x"":1,""y"":5,""t"":17304},{""x"":1,""y"":4,""t"":17650},{""x"":1,""y"":3,""t"":18636},{""x"":2,""y"":3,""t"":18786},{""x"":3,""y"":3,""t"":19063},{""x"":4,""y"":3,""t"":19358},{""x"":3,""y"":3,""t"":20159},{""x"":3,""y"":4,""t"":20416},{""x"":4,""y"":4,""t"":20526},{""x"":5,""y"":4,""t"":20862},{""x"":5,""y"":5,""t"":21441}]"
vpd61l3wm1,"[{""x"":0,""y"":0,""t"":0},{""x"":1,""y"":0,""t"":10223},{""x"":2,""y"":0,""t"":10722},{""x"":3,""y"":0,""t"":11120},{""x"":4,""y"":0,""t"":12051},{""x"":5,""y"":0,""t"":15148},{""x"":6,""y"":0,""t"":15563},{""x"":6,""y"":1,""t"":16096},{""x"":6,""y"":2,""t"":16546},{""x"":7,""y"":2,""t"":17478},{""x"":7,""y"":3,""t"":18976},{""x"":7,""y"":4,""t"":19376},{""x"":7,""y"":5,""t"":19575},{""x"":7,""y"":6,""t"":19808},{""x"":7,""y"":7,""t"":20842},{""x"":6,""y"":7,""t"":21587},{""x"":7,""y"":7,""t"":22204},{""x"":6,""y"":7,""t"":23103},{""x"":6,""y"":6,""t"":23785},{""x"":6,""y"":5,""t"":27779},{""x"":5,""y"":5,""t"":30238},{""x"":5,""y"":4,""t"":31741},{""x"":4,""y"":4,""t"":32156},{""x"":3,""y"":4,""t"":32506},{""x"":3,""y"":3,""t"":33121},{""x"":2,""y"":3,""t"":33587},{""x"":1,""y"":3,""t"":33953},{""x"":1,""y"":4,""t"":36300},{""x"":1,""y"":5,""t"":36749},{""x"":1,""y"":6,""t"":37133},{""x"":2,""y"":6,""t"":37614},{""x"":3,""y"":6,""t"":37948},{""x"":4,""y"":6,""t"":39296},{""x"":3,""y"":6,""t"":39914},{""x"":3,""y"":7,""t"":40328},{""x"":2,""y"":7,""t"":40911},{""x"":1,""y"":7,""t"":41144},{""x"":0,""y"":7,""t"":41493},{""x"":0,""y"":6,""t"":42675},{""x"":0,""y"":5,""t"":42874},{""x"":0,""y"":4,""t"":43125},{""x"":0,""y"":3,""t"":44440},{""x"":1,""y"":3,""t"":45321},{""x"":2,""y"":3,""t"":46303},{""x"":2,""y"":2,""t"":46803},{""x"":3,""y"":2,""t"":49049},{""x"":4,""y"":2,""t"":52910},{""x"":4,""y"":1,""t"":53492},{""x"":5,""y"":1,""t"":54008},{""x"":5,""y"":2,""t"":54657},{""x"":5,""y"":3,""t"":55501},{""x"":4,""y"":3,""t"":56654},{""x"":5,""y"":3,""t"":57187},{""x"":6,""y"":3,""t"":59868},{""x"":6,""y"":4,""t"":61998}]"
152laa12sg,"[{""x"":0,""y"":0,""t"":0},{""x"":1,""y"":0,""t"":2388},{""x"":2,""y"":0,""t"":2630},{""x"":3,""y"":0,""t"":2873},{""x"":4,""y"":0,""t"":3082},{""x"":5,""y"":0,""t"":3298},{""x"":6,""y"":0,""t"":3508},{""x"":6,""y"":1,""t"":4608},{""x"":5,""y"":1,""t"":5703},{""x"":4,""y"":1,""t"":6171},{""x"":4,""y"":2,""t"":10001},{""x"":5,""y"":2,""t"":12286},{""x"":6,""y"":2,""t"":12596},{""x"":7,""y"":2,""t"":12864},{""x"":7,""y"":3,""t"":14030},{""x"":7,""y"":4,""t"":14524},{""x"":7,""y"":5,""t"":14800},{""x"":7,""y"":6,""t"":15100},{""x"":7,""y"":7,""t"":15409},{""x"":6,""y"":7,""t"":16578},{""x"":6,""y"":6,""t"":17769},{""x"":6,""y"":5,""t"":19334},{""x"":6,""y"":4,""t"":19689},{""x"":6,""y"":3,""t"":19962},{""x"":5,""y"":3,""t"":21250},{""x"":5,""y"":4,""t"":22168},{""x"":5,""y"":5,""t"":24322},{""x"":5,""y"":4,""t"":25668},{""x"":4,""y"":4,""t"":27118},{""x"":4,""y"":3,""t"":29983},{""x"":3,""y"":3,""t"":32483},{""x"":3,""y"":2,""t"":33691},{""x"":2,""y"":2,""t"":34884},{""x"":2,""y"":3,""t"":36236},{""x"":3,""y"":3,""t"":38768},{""x"":3,""y"":4,""t"":39585},{""x"":3,""y"":3,""t"":40754},{""x"":2,""y"":3,""t"":41860},{""x"":1,""y"":3,""t"":42404},{""x"":0,""y"":3,""t"":42873},{""x"":0,""y"":4,""t"":44066},{""x"":1,""y"":4,""t"":45135},{""x"":1,""y"":5,""t"":46260},{""x"":1,""y"":6,""t"":47998},{""x"":0,""y"":6,""t"":50934},{""x"":0,""y"":5,""t"":51844},{""x"":0,""y"":6,""t"":52725},{""x"":0,""y"":7,""t"":53081},{""x"":1,""y"":7,""t"":54247},{""x"":2,""y"":7,""t"":54714},{""x"":3,""y"":7,""t"":55183},{""x"":3,""y"":6,""t"":56775},{""x"":4,""y"":6,""t"":58013},{""x"":3,""y"":6,""t"":59174},{""x"":2,""y"":6,""t"":59675}]"
fpm905miyh,"[{""x"":0,""y"":0,""t"":0},{""x"":1,""y"":0,""t"":4828},{""x"":2,""y"":0,""t"":6187},{""x"":3,""y"":0,""t"":6591},{""x"":4,""y"":0,""t"":6937},{""x"":4,""y"":1,""t"":7266},{""x"":4,""y"":2,""t"":7605},{""x"":3,""y"":2,""t"":7907},{""x"":2,""y"":2,""t"":8577},{""x"":2,""y"":3,""t"":8934},{""x"":1,""y"":3,""t"":9246},{""x"":0,""y"":3,""t"":17116},{""x"":0,""y"":4,""t"":19011},{""x"":1,""y"":4,""t"":19269},{""x"":1,""y"":5,""t"":20844},{""x"":0,""y"":5,""t"":21148},{""x"":0,""y"":6,""t"":28177},{""x"":0,""y"":7,""t"":28967},{""x"":1,""y"":7,""t"":29252},{""x"":2,""y"":7,""t"":29448},{""x"":3,""y"":7,""t"":29933},{""x"":3,""y"":6,""t"":30486},{""x"":4,""y"":6,""t"":30723},{""x"":3,""y"":6,""t"":30916},{""x"":2,""y"":6,""t"":31172},{""x"":1,""y"":6,""t"":31577},{""x"":1,""y"":5,""t"":31900},{""x"":1,""y"":4,""t"":32187},{""x"":1,""y"":3,""t"":32369},{""x"":2,""y"":3,""t"":33172},{""x"":3,""y"":3,""t"":33551},{""x"":3,""y"":4,""t"":33997},{""x"":4,""y"":4,""t"":34280},{""x"":4,""y"":3,""t"":34790},{""x"":5,""y"":3,""t"":35913},{""x"":5,""y"":4,""t"":36266},{""x"":5,""y"":5,""t"":36670},{""x"":6,""y"":5,""t"":37087},{""x"":6,""y"":6,""t"":37441},{""x"":6,""y"":7,""t"":37848},{""x"":7,""y"":7,""t"":38176},{""x"":7,""y"":6,""t"":38658},{""x"":7,""y"":5,""t"":38940},{""x"":7,""y"":4,""t"":39397},{""x"":7,""y"":3,""t"":39884},{""x"":7,""y"":2,""t"":40424},{""x"":6,""y"":2,""t"":40906},{""x"":5,""y"":2,""t"":41271},{""x"":5,""y"":1,""t"":41578},{""x"":5,""y"":0,""t"":41940},{""x"":6,""y"":0,""t"":42252},{""x"":6,""y"":1,""t"":42615},{""x"":6,""y"":2,""t"":42997},{""x"":6,""y"":3,""t"":43348},{""x"":6,""y"":4,""t"":43662}]"
tf7sk8oawl,"[{""x"":0,""y"":0,""t"":0},{""x"":1,""y"":0,""t"":1769},{""x"":2,""y"":0,""t"":2017},{""x"":3,""y"":0,""t"":2167},{""x"":4,""y"":0,""t"":2351},{""x"":5,""y"":0,""t"":2500},{""x"":6,""y"":0,""t"":2684},{""x"":6,""y"":1,""t"":3451},{""x"":5,""y"":1,""t"":4035},{""x"":4,""y"":1,""t"":4201},{""x"":4,""y"":2,""t"":6401},{""x"":3,""y"":2,""t"":6815},{""x"":2,""y"":2,""t"":7119},{""x"":2,""y"":3,""t"":9785},{""x"":1,""y"":3,""t"":11968},{""x"":0,""y"":3,""t"":12168},{""x"":0,""y"":4,""t"":14836},{""x"":0,""y"":5,""t"":15052},{""x"":0,""y"":6,""t"":15235},{""x"":0,""y"":7,""t"":15602},{""x"":1,""y"":7,""t"":16653},{""x"":2,""y"":7,""t"":16868},{""x"":3,""y"":7,""t"":17185},{""x"":3,""y"":6,""t"":17752},{""x"":4,""y"":6,""t"":18069},{""x"":3,""y"":6,""t"":18569},{""x"":2,""y"":6,""t"":18786},{""x"":1,""y"":6,""t"":18969},{""x"":1,""y"":5,""t"":19366},{""x"":1,""y"":4,""t"":19536},{""x"":1,""y"":3,""t"":19720},{""x"":2,""y"":3,""t"":22237},{""x"":2,""y"":2,""t"":22519},{""x"":3,""y"":2,""t"":23085},{""x"":4,""y"":2,""t"":23253},{""x"":5,""y"":2,""t"":23419},{""x"":6,""y"":2,""t"":23568},{""x"":7,""y"":2,""t"":24602},{""x"":7,""y"":3,""t"":26270},{""x"":6,""y"":3,""t"":27019},{""x"":5,""y"":3,""t"":27236},{""x"":4,""y"":3,""t"":27420},{""x"":3,""y"":3,""t"":28520},{""x"":3,""y"":4,""t"":28853},{""x"":4,""y"":4,""t"":29370},{""x"":5,""y"":4,""t"":29536},{""x"":6,""y"":4,""t"":29719},{""x"":7,""y"":4,""t"":30165},{""x"":7,""y"":5,""t"":30754},{""x"":6,""y"":5,""t"":32154},{""x"":5,""y"":5,""t"":32319},{""x"":6,""y"":5,""t"":33055},{""x"":6,""y"":6,""t"":33421},{""x"":6,""y"":7,""t"":33970},{""x"":7,""y"":7,""t"":34287},{""x"":7,""y"":6,""t"":34787}]"
4m1pcmsrf4,"[{""x"":0,""y"":0,""t"":0},{""x"":1,""y"":0,""t"":18236},{""x"":2,""y"":0,""t"":18536},{""x"":3,""y"":0,""t"":18753},{""x"":4,""y"":0,""t"":19018},{""x"":5,""y"":0,""t"":19218},{""x"":6,""y"":0,""t"":20133},{""x"":6,""y"":1,""t"":20863},{""x"":6,""y"":2,""t"":22313},{""x"":7,""y"":2,""t"":23362},{""x"":7,""y"":3,""t"":23827},{""x"":7,""y"":4,""t"":24077},{""x"":7,""y"":5,""t"":24294},{""x"":7,""y"":6,""t"":24494},{""x"":7,""y"":7,""t"":24676},{""x"":6,""y"":7,""t"":25258},{""x"":6,""y"":6,""t"":26022},{""x"":6,""y"":5,""t"":26357},{""x"":6,""y"":4,""t"":26790},{""x"":6,""y"":5,""t"":28703},{""x"":5,""y"":5,""t"":29069},{""x"":5,""y"":4,""t"":29985},{""x"":5,""y"":3,""t"":31001},{""x"":6,""y"":3,""t"":32466},{""x"":5,""y"":3,""t"":33879},{""x"":5,""y"":4,""t"":35843},{""x"":4,""y"":4,""t"":36358},{""x"":3,""y"":4,""t"":37923},{""x"":3,""y"":3,""t"":38973},{""x"":2,""y"":3,""t"":39587},{""x"":1,""y"":3,""t"":40252},{""x"":1,""y"":4,""t"":41045},{""x"":1,""y"":5,""t"":41434},{""x"":1,""y"":6,""t"":42017},{""x"":2,""y"":6,""t"":42981},{""x"":3,""y"":6,""t"":44729},{""x"":4,""y"":6,""t"":45129},{""x"":3,""y"":6,""t"":45728},{""x"":3,""y"":7,""t"":46277},{""x"":2,""y"":7,""t"":46693},{""x"":1,""y"":7,""t"":46927},{""x"":0,""y"":7,""t"":47159},{""x"":0,""y"":6,""t"":47691},{""x"":0,""y"":5,""t"":47957},{""x"":0,""y"":4,""t"":48224},{""x"":0,""y"":3,""t"":48457},{""x"":1,""y"":3,""t"":50088},{""x"":2,""y"":3,""t"":50504},{""x"":2,""y"":2,""t"":51271},{""x"":3,""y"":2,""t"":53085},{""x"":4,""y"":2,""t"":53483},{""x"":4,""y"":3,""t"":53882},{""x"":4,""y"":2,""t"":55279},{""x"":5,""y"":2,""t"":55712},{""x"":5,""y"":1,""t"":56329},{""x"":4,""y"":1,""t"":56712}]"
1hbyf0r7be,"[{""x"":0,""y"":0,""t"":0},{""x"":1,""y"":0,""t"":1527},{""x"":2,""y"":0,""t"":1832},{""x"":3,""y"":0,""t"":2119},{""x"":4,""y"":0,""t"":2364},{""x"":4,""y"":1,""t"":2950},{""x"":4,""y"":2,""t"":3359},{""x"":3,""y"":2,""t"":3841},{""x"":2,""y"":2,""t"":4150},{""x"":2,""y"":3,""t"":4527},{""x"":1,""y"":3,""t"":4868},{""x"":0,""y"":3,""t"":5423},{""x"":0,""y"":4,""t"":7371},{""x"":0,""y"":5,""t"":7744},{""x"":0,""y"":6,""t"":8019},{""x"":0,""y"":7,""t"":8655},{""x"":1,""y"":7,""t"":9944},{""x"":2,""y"":7,""t"":10583},{""x"":3,""y"":7,""t"":11658},{""x"":3,""y"":6,""t"":12803},{""x"":4,""y"":6,""t"":13154},{""x"":3,""y"":6,""t"":13489},{""x"":2,""y"":6,""t"":13702},{""x"":1,""y"":6,""t"":13894},{""x"":1,""y"":5,""t"":14372},{""x"":1,""y"":4,""t"":14567},{""x"":1,""y"":3,""t"":15008},{""x"":2,""y"":3,""t"":15479},{""x"":3,""y"":3,""t"":15705},{""x"":3,""y"":4,""t"":16255},{""x"":4,""y"":4,""t"":16518},{""x"":5,""y"":4,""t"":17438},{""x"":5,""y"":5,""t"":17744},{""x"":6,""y"":5,""t"":18239},{""x"":6,""y"":6,""t"":18607},{""x"":6,""y"":7,""t"":19040},{""x"":7,""y"":7,""t"":19256},{""x"":7,""y"":6,""t"":19731},{""x"":7,""y"":7,""t"":19733},{""x"":7,""y"":6,""t"":20177},{""x"":7,""y"":5,""t"":20546},{""x"":7,""y"":4,""t"":20742},{""x"":6,""y"":4,""t"":21163},{""x"":6,""y"":3,""t"":22046},{""x"":5,""y"":3,""t"":22309},{""x"":4,""y"":3,""t"":22919},{""x"":5,""y"":3,""t"":23145},{""x"":6,""y"":3,""t"":23360},{""x"":7,""y"":3,""t"":23517},{""x"":7,""y"":2,""t"":23903},{""x"":6,""y"":2,""t"":24202},{""x"":5,""y"":2,""t"":24406},{""x"":5,""y"":1,""t"":24769},{""x"":5,""y"":0,""t"":25370},{""x"":6,""y"":0,""t"":25639},{""x"":6,""y"":1,""t"":25862}]"
nu3r3kbfgc,"[{""x"":0,""y"":0,""t"":0},{""x"":1,""y"":0,""t"":2297},{""x"":2,""y"":0,""t"":2788},{""x"":3,""y"":0,""t"":2820},{""x"":4,""y"":0,""t"":2854},{""x"":5,""y"":0,""t"":3179},{""x"":6,""y"":0,""t"":3529},{""x"":6,""y"":1,""t"":4447},{""x"":5,""y"":1,""t"":4895},{""x"":4,""y"":1,""t"":5290},{""x"":4,""y"":2,""t"":6883},{""x"":3,""y"":2,""t"":7280},{""x"":2,""y"":2,""t"":7694},{""x"":2,""y"":3,""t"":9040},{""x"":1,""y"":3,""t"":9419},{""x"":0,""y"":3,""t"":9759},{""x"":0,""y"":4,""t"":10288},{""x"":0,""y"":5,""t"":10780},{""x"":0,""y"":6,""t"":10814},{""x"":0,""y"":7,""t"":10844},{""x"":1,""y"":7,""t"":14878},{""x"":2,""y"":7,""t"":15275},{""x"":3,""y"":7,""t"":15633},{""x"":3,""y"":6,""t"":17323},{""x"":4,""y"":6,""t"":18581},{""x"":3,""y"":6,""t"":19193},{""x"":2,""y"":6,""t"":19491},{""x"":1,""y"":6,""t"":19830},{""x"":1,""y"":5,""t"":20512},{""x"":1,""y"":4,""t"":21011},{""x"":1,""y"":3,""t"":21805},{""x"":2,""y"":3,""t"":22931},{""x"":3,""y"":3,""t"":23293},{""x"":4,""y"":3,""t"":23786},{""x"":5,""y"":3,""t"":23813},{""x"":6,""y"":3,""t"":23844},{""x"":7,""y"":3,""t"":23875},{""x"":7,""y"":4,""t"":24499},{""x"":7,""y"":5,""t"":24788},{""x"":7,""y"":6,""t"":25055},{""x"":7,""y"":7,""t"":25506},{""x"":6,""y"":7,""t"":26241},{""x"":6,""y"":6,""t"":26883},{""x"":6,""y"":5,""t"":27244},{""x"":5,""y"":5,""t"":27957},{""x"":5,""y"":4,""t"":28800},{""x"":6,""y"":4,""t"":29792},{""x"":5,""y"":4,""t"":30210},{""x"":4,""y"":4,""t"":30562},{""x"":3,""y"":4,""t"":30912},{""x"":3,""y"":3,""t"":31499},{""x"":3,""y"":2,""t"":31784},{""x"":4,""y"":2,""t"":32233},{""x"":5,""y"":2,""t"":32516},{""x"":6,""y"":2,""t"":32798},{""x"":7,""y"":2,""t"":33086}]"
kyvqdjfcl6,"[{""x"":0,""y"":0,""t"":0},{""x"":1,""y"":0,""t"":1169},{""x"":2,""y"":0,""t"":1332},{""x"":3,""y"":0,""t"":1481},{""x"":4,""y"":0,""t"":1618},{""x"":5,""y"":0,""t"":1764},{""x"":6,""y"":0,""t"":1872},{""x"":6,""y"":1,""t"":2478},{""x"":6,""y"":2,""t"":3887},{""x"":6,""y"":3,""t"":4007},{""x"":6,""y"":4,""t"":4182},{""x"":6,""y"":5,""t"":4331},{""x"":6,""y"":6,""t"":4448},{""x"":6,""y"":7,""t"":4630},{""x"":7,""y"":7,""t"":5182},{""x"":7,""y"":6,""t"":5787},{""x"":7,""y"":5,""t"":5985},{""x"":7,""y"":4,""t"":6130},{""x"":7,""y"":3,""t"":6265},{""x"":7,""y"":2,""t"":6614},{""x"":6,""y"":2,""t"":7300},{""x"":5,""y"":2,""t"":7805},{""x"":5,""y"":1,""t"":8290},{""x"":4,""y"":1,""t"":9537},{""x"":4,""y"":2,""t"":9945},{""x"":3,""y"":2,""t"":11674},{""x"":2,""y"":2,""t"":12120},{""x"":2,""y"":3,""t"":12721},{""x"":3,""y"":3,""t"":13730},{""x"":4,""y"":3,""t"":13896},{""x"":5,""y"":3,""t"":14574},{""x"":5,""y"":4,""t"":15018},{""x"":5,""y"":5,""t"":15261},{""x"":5,""y"":4,""t"":15787},{""x"":4,""y"":4,""t"":16159},{""x"":3,""y"":4,""t"":16434},{""x"":3,""y"":3,""t"":17051},{""x"":2,""y"":3,""t"":18383},{""x"":1,""y"":3,""t"":18714},{""x"":0,""y"":3,""t"":18833},{""x"":0,""y"":4,""t"":19418},{""x"":0,""y"":5,""t"":19866},{""x"":0,""y"":6,""t"":20035},{""x"":0,""y"":7,""t"":20209},{""x"":1,""y"":7,""t"":20904},{""x"":2,""y"":7,""t"":21226},{""x"":3,""y"":7,""t"":21376},{""x"":3,""y"":6,""t"":21806},{""x"":4,""y"":6,""t"":22224},{""x"":3,""y"":6,""t"":22692},{""x"":2,""y"":6,""t"":22853},{""x"":1,""y"":6,""t"":23043},{""x"":0,""y"":6,""t"":23504},{""x"":1,""y"":6,""t"":24045},{""x"":1,""y"":5,""t"":24634},{""x"":1,""y"":4,""t"":24875}]"
o6c4ledoph,"[{""x"":0,""y"":0,""t"":0},{""x"":1,""y"":0,""t"":1791},{""x"":2,""y"":0,""t"":1993},{""x"":3,""y"":0,""t"":2218},{""x"":4,""y"":0,""t"":2437},{""x"":5,""y"":0,""t"":2660},{""x"":6,""y"":0,""t"":2905},{""x"":6,""y"":1,""t"":3543},{""x"":5,""y"":1,""t"":3851},{""x"":4,""y"":1,""t"":4276},{""x"":4,""y"":2,""t"":11561},{""x"":5,""y"":2,""t"":12907},{""x"":6,""y"":2,""t"":13176},{""x"":7,""y"":2,""t"":13638},{""x"":7,""y"":3,""t"":14215},{""x"":7,""y"":4,""t"":14473},{""x"":7,""y"":5,""t"":14673},{""x"":7,""y"":6,""t"":14923},{""x"":7,""y"":7,""t"":15439},{""x"":6,""y"":7,""t"":15857},{""x"":6,""y"":6,""t"":16479},{""x"":6,""y"":5,""t"":16751},{""x"":6,""y"":4,""t"":17036},{""x"":6,""y"":3,""t"":17334},{""x"":5,""y"":3,""t"":18057},{""x"":5,""y"":4,""t"":18877},{""x"":5,""y"":5,""t"":19411},{""x"":5,""y"":4,""t"":21921},{""x"":4,""y"":4,""t"":25553},{""x"":4,""y"":3,""t"":26281},{""x"":3,""y"":3,""t"":27926},{""x"":3,""y"":2,""t"":29273},{""x"":2,""y"":2,""t"":29842},{""x"":2,""y"":3,""t"":30436},{""x"":1,""y"":3,""t"":30856},{""x"":0,""y"":3,""t"":31315},{""x"":0,""y"":4,""t"":36133},{""x"":0,""y"":5,""t"":36546},{""x"":0,""y"":6,""t"":36983},{""x"":0,""y"":7,""t"":37396},{""x"":1,""y"":7,""t"":38185},{""x"":2,""y"":7,""t"":38602},{""x"":3,""y"":7,""t"":40787},{""x"":3,""y"":6,""t"":41293},{""x"":4,""y"":6,""t"":41664},{""x"":3,""y"":6,""t"":42186},{""x"":2,""y"":6,""t"":42428},{""x"":1,""y"":6,""t"":42663},{""x"":0,""y"":6,""t"":42909},{""x"":0,""y"":5,""t"":43781},{""x"":1,""y"":5,""t"":44193},{""x"":1,""y"":4,""t"":44668},{""x"":1,""y"":3,""t"":45321},{""x"":2,""y"":3,""t"":46187},{""x"":3,""y"":3,""t"":46604},{""x"":3,""y"":4,""t"":47157}]"
p5zgrsnepo,"[{""x"":0,""y"":0,""t"":0},{""x"":1,""y"":0,""t"":2392},{""x"":2,""y"":0,""t"":2802},{""x"":3,""y"":0,""t"":3035},{""x"":4,""y"":0,""t"":3269},{""x"":5,""y"":0,""t"":3624},{""x"":6,""y"":0,""t"":4120},{""x"":6,""y"":1,""t"":6244},{""x"":6,""y"":2,""t"":8195},{""x"":7,""y"":2,""t"":9696},{""x"":7,""y"":3,""t"":10313},{""x"":7,""y"":4,""t"":11964},{""x"":7,""y"":5,""t"":12298},{""x"":7,""y"":6,""t"":12649},{""x"":7,""y"":7,""t"":13165},{""x"":6,""y"":7,""t"":13612},{""x"":6,""y"":6,""t"":14900},{""x"":6,""y"":5,""t"":17319},{""x"":6,""y"":4,""t"":18337},{""x"":6,""y"":3,""t"":18586},{""x"":6,""y"":2,""t"":22955},{""x"":6,""y"":1,""t"":23218},{""x"":5,""y"":1,""t"":24303},{""x"":4,""y"":1,""t"":24803},{""x"":4,""y"":2,""t"":27105},{""x"":5,""y"":2,""t"":27839},{""x"":5,""y"":3,""t"":28650},{""x"":5,""y"":4,""t"":29156},{""x"":5,""y"":5,""t"":29673},{""x"":5,""y"":4,""t"":31125},{""x"":4,""y"":4,""t"":31926},{""x"":4,""y"":3,""t"":32642},{""x"":3,""y"":3,""t"":34761},{""x"":3,""y"":2,""t"":35345},{""x"":2,""y"":2,""t"":35979},{""x"":2,""y"":3,""t"":36911},{""x"":1,""y"":3,""t"":37629},{""x"":0,""y"":3,""t"":37996},{""x"":0,""y"":4,""t"":38631},{""x"":0,""y"":5,""t"":38980},{""x"":0,""y"":6,""t"":39319},{""x"":0,""y"":7,""t"":39780},{""x"":1,""y"":7,""t"":40500},{""x"":2,""y"":7,""t"":40983},{""x"":3,""y"":7,""t"":41484},{""x"":3,""y"":6,""t"":42568},{""x"":4,""y"":6,""t"":43218},{""x"":3,""y"":6,""t"":43869},{""x"":2,""y"":6,""t"":44068},{""x"":1,""y"":6,""t"":44285},{""x"":1,""y"":5,""t"":44852},{""x"":1,""y"":4,""t"":45603},{""x"":1,""y"":3,""t"":46654},{""x"":2,""y"":3,""t"":47342},{""x"":3,""y"":3,""t"":47571},{""x"":3,""y"":4,""t"":48222}]"
a8wibtkxq2,"[{""x"":0,""y"":0,""t"":0},{""x"":1,""y"":0,""t"":5685},{""x"":2,""y"":0,""t"":5966},{""x"":3,""y"":0,""t"":6356},{""x"":4,""y"":0,""t"":8180},{""x"":4,""y"":1,""t"":9384},{""x"":4,""y"":2,""t"":10066},{""x"":3,""y"":2,""t"":10982},{""x"":2,""y"":2,""t"":11562},{""x"":2,""y"":3,""t"":13344},{""x"":1,""y"":3,""t"":14013},{""x"":0,""y"":3,""t"":14545},{""x"":0,""y"":4,""t"":15689},{""x"":0,""y"":5,""t"":15972},{""x"":0,""y"":6,""t"":16297},{""x"":0,""y"":7,""t"":16562},{""x"":1,""y"":7,""t"":17807},{""x"":2,""y"":7,""t"":18193},{""x"":3,""y"":7,""t"":18550},{""x"":3,""y"":6,""t"":20013},{""x"":4,""y"":6,""t"":22145},{""x"":3,""y"":6,""t"":23171},{""x"":2,""y"":6,""t"":23640},{""x"":1,""y"":6,""t"":23884},{""x"":1,""y"":5,""t"":24710},{""x"":1,""y"":4,""t"":25378},{""x"":1,""y"":3,""t"":27080},{""x"":2,""y"":3,""t"":28499},{""x"":3,""y"":3,""t"":29024},{""x"":3,""y"":4,""t"":29891},{""x"":4,""y"":4,""t"":30405},{""x"":4,""y"":3,""t"":31252},{""x"":4,""y"":2,""t"":33848},{""x"":4,""y"":1,""t"":34479},{""x"":4,""y"":0,""t"":34730},{""x"":5,""y"":0,""t"":36015},{""x"":6,""y"":0,""t"":36900},{""x"":6,""y"":1,""t"":39103},{""x"":5,""y"":1,""t"":40146},{""x"":5,""y"":2,""t"":40689},{""x"":6,""y"":2,""t"":41267},{""x"":7,""y"":2,""t"":42483},{""x"":7,""y"":3,""t"":43926},{""x"":6,""y"":3,""t"":45161},{""x"":5,""y"":3,""t"":45712},{""x"":5,""y"":4,""t"":46754},{""x"":6,""y"":4,""t"":47296},{""x"":7,""y"":4,""t"":47805},{""x"":7,""y"":5,""t"":48929},{""x"":6,""y"":5,""t"":49431},{""x"":5,""y"":5,""t"":49956},{""x"":6,""y"":5,""t"":51870},{""x"":6,""y"":6,""t"":52678},{""x"":6,""y"":7,""t"":53168},{""x"":7,""y"":7,""t"":53628},{""x"":7,""y"":6,""t"":54326}]"
lk1z1cs8zu,"[{""x"":0,""y"":0,""t"":0},{""x"":1,""y"":0,""t"":16810},{""x"":2,""y"":0,""t"":17071},{""x"":3,""y"":0,""t"":17316},{""x"":4,""y"":0,""t"":17595},{""x"":4,""y"":1,""t"":17925},{""x"":4,""y"":2,""t"":18237},{""x"":3,""y"":2,""t"":18600},{""x"":2,""y"":2,""t"":19182},{""x"":2,""y"":3,""t"":19530},{""x"":1,""y"":3,""t"":19850},{""x"":0,""y"":3,""t"":20229},{""x"":0,""y"":4,""t"":20552},{""x"":1,""y"":4,""t"":20936},{""x"":1,""y"":5,""t"":21192},{""x"":0,""y"":5,""t"":21426},{""x"":0,""y"":6,""t"":21863},{""x"":0,""y"":7,""t"":22695},{""x"":1,""y"":7,""t"":22973},{""x"":1,""y"":6,""t"":23241},{""x"":2,""y"":6,""t"":23472},{""x"":3,""y"":6,""t"":28338},{""x"":4,""y"":6,""t"":28896},{""x"":3,""y"":6,""t"":29612},{""x"":3,""y"":7,""t"":29893},{""x"":2,""y"":7,""t"":30192},{""x"":2,""y"":6,""t"":30560},{""x"":1,""y"":6,""t"":31064},{""x"":1,""y"":5,""t"":31255},{""x"":1,""y"":4,""t"":31442},{""x"":1,""y"":3,""t"":31644},{""x"":2,""y"":3,""t"":32146},{""x"":3,""y"":3,""t"":32960},{""x"":3,""y"":4,""t"":33950},{""x"":4,""y"":4,""t"":34219},{""x"":4,""y"":3,""t"":34565},{""x"":5,""y"":3,""t"":35473},{""x"":5,""y"":4,""t"":35831},{""x"":5,""y"":5,""t"":36079},{""x"":6,""y"":5,""t"":36878},{""x"":6,""y"":6,""t"":37209},{""x"":6,""y"":7,""t"":37418},{""x"":7,""y"":7,""t"":37636},{""x"":7,""y"":6,""t"":37893},{""x"":7,""y"":5,""t"":38106},{""x"":7,""y"":4,""t"":38345},{""x"":6,""y"":4,""t"":38800},{""x"":6,""y"":3,""t"":38996},{""x"":7,""y"":3,""t"":39449},{""x"":7,""y"":2,""t"":39671},{""x"":6,""y"":2,""t"":39876},{""x"":5,""y"":2,""t"":40159},{""x"":5,""y"":1,""t"":40416},{""x"":6,""y"":1,""t"":40669},{""x"":6,""y"":0,""t"":40826},{""x"":5,""y"":0,""t"":41035}]"
oyu63rtv5r,"[{""x"":0,""y"":0,""t"":0},{""x"":1,""y"":0,""t"":4475},{""x"":2,""y"":0,""t"":4916},{""x"":3,""y"":0,""t"":5541},{""x"":4,""y"":0,""t"":8258},{""x"":5,""y"":0,""t"":10359},{""x"":6,""y"":0,""t"":11207},{""x"":6,""y"":1,""t"":12175},{""x"":5,""y"":1,""t"":13041},{""x"":4,""y"":1,""t"":13575},{""x"":4,""y"":2,""t"":14709},{""x"":3,""y"":2,""t"":15876},{""x"":2,""y"":2,""t"":17026},{""x"":2,""y"":3,""t"":20975},{""x"":1,""y"":3,""t"":22459},{""x"":0,""y"":3,""t"":22926},{""x"":0,""y"":4,""t"":23759},{""x"":1,""y"":4,""t"":24758},{""x"":1,""y"":5,""t"":25893},{""x"":0,""y"":5,""t"":26709},{""x"":0,""y"":6,""t"":28510},{""x"":0,""y"":7,""t"":29209},{""x"":1,""y"":7,""t"":29893},{""x"":1,""y"":6,""t"":31959},{""x"":2,""y"":6,""t"":32893},{""x"":2,""y"":7,""t"":33960},{""x"":3,""y"":7,""t"":34626},{""x"":3,""y"":6,""t"":35343},{""x"":4,""y"":6,""t"":37093},{""x"":3,""y"":6,""t"":39693},{""x"":2,""y"":6,""t"":40144},{""x"":1,""y"":6,""t"":40477},{""x"":1,""y"":5,""t"":41444},{""x"":1,""y"":4,""t"":41676},{""x"":1,""y"":3,""t"":41856},{""x"":2,""y"":3,""t"":43561},{""x"":3,""y"":3,""t"":43898},{""x"":3,""y"":4,""t"":44777},{""x"":4,""y"":4,""t"":45743},{""x"":4,""y"":3,""t"":46297},{""x"":4,""y"":2,""t"":50710},{""x"":5,""y"":2,""t"":51910},{""x"":5,""y"":3,""t"":55162},{""x"":5,""y"":4,""t"":55577},{""x"":5,""y"":5,""t"":56178},{""x"":6,""y"":5,""t"":57527},{""x"":6,""y"":4,""t"":58410},{""x"":6,""y"":3,""t"":58661},{""x"":6,""y"":2,""t"":59061},{""x"":7,""y"":2,""t"":59761},{""x"":7,""y"":3,""t"":60628},{""x"":7,""y"":4,""t"":60928},{""x"":7,""y"":5,""t"":61462},{""x"":7,""y"":6,""t"":62178},{""x"":7,""y"":7,""t"":62893},{""x"":6,""y"":7,""t"":63828},{""x"":6,""y"":6,""t"":64427}]"
5qckhb33er,"[{""x"":0,""y"":0,""t"":0},{""x"":1,""y"":0,""t"":15288},{""x"":2,""y"":0,""t"":15521},{""x"":3,""y"":0,""t"":15699},{""x"":4,""y"":0,""t"":15900},{""x"":5,""y"":0,""t"":16120},{""x"":6,""y"":0,""t"":16971},{""x"":6,""y"":1,""t"":17922},{""x"":6,""y"":2,""t"":18788},{""x"":7,""y"":2,""t"":19154},{""x"":7,""y"":3,""t"":20154},{""x"":7,""y"":4,""t"":20348},{""x"":7,""y"":5,""t"":20532},{""x"":7,""y"":6,""t"":20753},{""x"":7,""y"":7,""t"":21139},{""x"":6,""y"":7,""t"":21821},{""x"":6,""y"":6,""t"":22255},{""x"":6,""y"":5,""t"":22485},{""x"":6,""y"":4,""t"":22701},{""x"":6,""y"":3,""t"":26971},{""x"":6,""y"":2,""t"":27318},{""x"":6,""y"":1,""t"":28390},{""x"":5,""y"":1,""t"":28701},{""x"":5,""y"":2,""t"":29621},{""x"":5,""y"":3,""t"":29798},{""x"":5,""y"":4,""t"":30271},{""x"":5,""y"":5,""t"":30771},{""x"":5,""y"":4,""t"":31237},{""x"":4,""y"":4,""t"":32854},{""x"":3,""y"":4,""t"":35086},{""x"":3,""y"":3,""t"":35588},{""x"":2,""y"":3,""t"":36609},{""x"":1,""y"":3,""t"":36953},{""x"":1,""y"":4,""t"":39370},{""x"":1,""y"":5,""t"":39585},{""x"":1,""y"":6,""t"":39802},{""x"":2,""y"":6,""t"":40485},{""x"":3,""y"":6,""t"":40681},{""x"":4,""y"":6,""t"":40845},{""x"":3,""y"":6,""t"":41836},{""x"":3,""y"":7,""t"":42101},{""x"":2,""y"":7,""t"":42686},{""x"":1,""y"":7,""t"":42882},{""x"":0,""y"":7,""t"":43100},{""x"":0,""y"":6,""t"":44015},{""x"":0,""y"":5,""t"":44199},{""x"":0,""y"":4,""t"":44377},{""x"":0,""y"":3,""t"":44636},{""x"":1,""y"":3,""t"":45286},{""x"":2,""y"":3,""t"":45427},{""x"":3,""y"":3,""t"":45662},{""x"":4,""y"":3,""t"":45827},{""x"":4,""y"":2,""t"":47439},{""x"":4,""y"":1,""t"":48479},{""x"":4,""y"":2,""t"":48969},{""x"":3,""y"":2,""t"":50300},{""x"":2,""y"":2,""t"":50481}]"
9veqdzbor3,"[{""x"":0,""y"":0,""t"":0},{""x"":1,""y"":0,""t"":2708},{""x"":2,""y"":0,""t"":2988},{""x"":3,""y"":0,""t"":3184},{""x"":4,""y"":0,""t"":3447},{""x"":5,""y"":0,""t"":3906},{""x"":6,""y"":0,""t"":4178},{""x"":6,""y"":1,""t"":4518},{""x"":5,""y"":1,""t"":4766},{""x"":4,""y"":1,""t"":5026},{""x"":4,""y"":2,""t"":5286},{""x"":5,""y"":2,""t"":5743},{""x"":6,""y"":2,""t"":5982},{""x"":7,""y"":2,""t"":6231},{""x"":7,""y"":3,""t"":6490},{""x"":6,""y"":3,""t"":6740},{""x"":5,""y"":3,""t"":6999},{""x"":4,""y"":3,""t"":7235},{""x"":4,""y"":4,""t"":7472},{""x"":5,""y"":4,""t"":7720},{""x"":6,""y"":4,""t"":7972},{""x"":7,""y"":4,""t"":8202},{""x"":7,""y"":5,""t"":8533},{""x"":6,""y"":5,""t"":8794},{""x"":5,""y"":5,""t"":9060},{""x"":6,""y"":5,""t"":9427},{""x"":6,""y"":6,""t"":9733},{""x"":7,""y"":6,""t"":9910},{""x"":7,""y"":7,""t"":10214},{""x"":6,""y"":7,""t"":10497},{""x"":6,""y"":6,""t"":10730},{""x"":6,""y"":5,""t"":10972},{""x"":5,""y"":5,""t"":11200},{""x"":5,""y"":4,""t"":11425},{""x"":4,""y"":4,""t"":11654},{""x"":3,""y"":4,""t"":11926},{""x"":3,""y"":3,""t"":12120},{""x"":3,""y"":2,""t"":12360},{""x"":2,""y"":2,""t"":12592},{""x"":2,""y"":3,""t"":12828},{""x"":1,""y"":3,""t"":13100},{""x"":0,""y"":3,""t"":13336},{""x"":0,""y"":4,""t"":13560},{""x"":1,""y"":4,""t"":13771},{""x"":1,""y"":5,""t"":14266},{""x"":0,""y"":5,""t"":14481},{""x"":0,""y"":6,""t"":14714},{""x"":1,""y"":6,""t"":14943},{""x"":1,""y"":7,""t"":15198},{""x"":0,""y"":7,""t"":15474},{""x"":1,""y"":7,""t"":15781},{""x"":2,""y"":7,""t"":16012},{""x"":2,""y"":6,""t"":16204},{""x"":3,""y"":6,""t"":16403},{""x"":3,""y"":7,""t"":16627},{""x"":3,""y"":6,""t"":16986},{""x"":4,""y"":6,""t"":17122}]"
vls3396h15,"[{""x"":0,""y"":0,""t"":0},{""x"":1,""y"":0,""t"":3797},{""x"":2,""y"":0,""t"":4043},{""x"":3,""y"":0,""t"":4260},{""x"":4,""y"":0,""t"":6075},{""x"":5,""y"":0,""t"":9809},{""x"":6,""y"":0,""t"":10255},{""x"":6,""y"":1,""t"":10833},{""x"":5,""y"":1,""t"":11336},{""x"":4,""y"":1,""t"":11996},{""x"":4,""y"":2,""t"":12460},{""x"":3,""y"":2,""t"":12938},{""x"":2,""y"":2,""t"":13750},{""x"":2,""y"":3,""t"":14104},{""x"":1,""y"":3,""t"":14583},{""x"":0,""y"":3,""t"":15517},{""x"":0,""y"":4,""t"":16123},{""x"":1,""y"":4,""t"":16497},{""x"":1,""y"":5,""t"":17086},{""x"":0,""y"":5,""t"":17479},{""x"":0,""y"":6,""t"":18281},{""x"":0,""y"":7,""t"":26298},{""x"":1,""y"":7,""t"":27372},{""x"":1,""y"":6,""t"":27876},{""x"":2,""y"":6,""t"":28542},{""x"":2,""y"":7,""t"":35607},{""x"":3,""y"":7,""t"":36557},{""x"":3,""y"":6,""t"":37560},{""x"":4,""y"":6,""t"":37989},{""x"":3,""y"":6,""t"":39412},{""x"":2,""y"":6,""t"":39952},{""x"":1,""y"":6,""t"":40399},{""x"":1,""y"":5,""t"":41423},{""x"":1,""y"":4,""t"":41766},{""x"":1,""y"":3,""t"":42184},{""x"":2,""y"":3,""t"":42742},{""x"":3,""y"":3,""t"":43182},{""x"":3,""y"":4,""t"":43632},{""x"":3,""y"":3,""t"":43642},{""x"":4,""y"":3,""t"":48723},{""x"":5,""y"":3,""t"":49225},{""x"":5,""y"":2,""t"":49675},{""x"":6,""y"":2,""t"":50078},{""x"":7,""y"":2,""t"":50736},{""x"":7,""y"":3,""t"":51809},{""x"":6,""y"":3,""t"":52837},{""x"":6,""y"":4,""t"":64196},{""x"":7,""y"":4,""t"":64591},{""x"":7,""y"":5,""t"":65992},{""x"":7,""y"":6,""t"":67263},{""x"":7,""y"":7,""t"":67896},{""x"":6,""y"":7,""t"":68170},{""x"":6,""y"":6,""t"":68603},{""x"":6,""y"":5,""t"":69017},{""x"":5,""y"":5,""t"":69360},{""x"":5,""y"":4,""t"":69682},{""x"":4,""y"":4,""t"":69984}]"
srx7gb7e2h,"[{""x"":0,""y"":0,""t"":0},{""x"":1,""y"":0,""t"":2466},{""x"":2,""y"":0,""t"":2799},{""x"":3,""y"":0,""t"":3399},{""x"":4,""y"":0,""t"":4232},{""x"":5,""y"":0,""t"":4682},{""x"":6,""y"":0,""t"":7166},{""x"":6,""y"":1,""t"":8683},{""x"":5,""y"":1,""t"":10983},{""x"":4,""y"":1,""t"":11416},{""x"":5,""y"":1,""t"":13350},{""x"":6,""y"":1,""t"":14285},{""x"":6,""y"":2,""t"":14834},{""x"":7,""y"":2,""t"":16101},{""x"":7,""y"":3,""t"":16671},{""x"":7,""y"":4,""t"":17051},{""x"":7,""y"":5,""t"":17385},{""x"":7,""y"":6,""t"":17767},{""x"":7,""y"":7,""t"":18184},{""x"":6,""y"":7,""t"":18984},{""x"":6,""y"":6,""t"":20768},{""x"":6,""y"":5,""t"":21135},{""x"":6,""y"":4,""t"":23069},{""x"":6,""y"":3,""t"":23619},{""x"":6,""y"":2,""t"":25338},{""x"":5,""y"":2,""t"":26453},{""x"":4,""y"":2,""t"":26803},{""x"":3,""y"":2,""t"":27102},{""x"":4,""y"":2,""t"":31654},{""x"":5,""y"":2,""t"":32053},{""x"":5,""y"":3,""t"":32822},{""x"":5,""y"":4,""t"":33187},{""x"":5,""y"":5,""t"":34303},{""x"":5,""y"":4,""t"":35204},{""x"":4,""y"":4,""t"":35787},{""x"":3,""y"":4,""t"":36320},{""x"":3,""y"":3,""t"":37604},{""x"":4,""y"":3,""t"":39755},{""x"":3,""y"":3,""t"":40322},{""x"":3,""y"":2,""t"":41788},{""x"":2,""y"":2,""t"":42358},{""x"":2,""y"":3,""t"":43872},{""x"":1,""y"":3,""t"":44572},{""x"":0,""y"":3,""t"":45139},{""x"":0,""y"":4,""t"":46306},{""x"":1,""y"":4,""t"":46889},{""x"":1,""y"":5,""t"":47705},{""x"":0,""y"":5,""t"":48306},{""x"":0,""y"":6,""t"":50856},{""x"":0,""y"":7,""t"":52223},{""x"":1,""y"":7,""t"":53290},{""x"":1,""y"":6,""t"":54156},{""x"":2,""y"":6,""t"":55123},{""x"":2,""y"":7,""t"":55907},{""x"":3,""y"":7,""t"":56689},{""x"":3,""y"":6,""t"":57374},{""x"":4,""y"":6,""t"":57940}]"
b3zg83y1kx,"[{""x"":0,""y"":0,""t"":0},{""x"":1,""y"":0,""t"":24937},{""x"":2,""y"":0,""t"":26875},{""x"":3,""y"":0,""t"":27274},{""x"":4,""y"":0,""t"":27591},{""x"":5,""y"":0,""t"":27874},{""x"":6,""y"":0,""t"":28291},{""x"":6,""y"":1,""t"":31895},{""x"":6,""y"":2,""t"":34942},{""x"":7,""y"":2,""t"":35325},{""x"":7,""y"":3,""t"":35925},{""x"":7,""y"":4,""t"":36175},{""x"":7,""y"":5,""t"":36406},{""x"":7,""y"":6,""t"":36656},{""x"":7,""y"":7,""t"":37092},{""x"":6,""y"":7,""t"":37509},{""x"":6,""y"":6,""t"":38442},{""x"":6,""y"":5,""t"":38809},{""x"":5,""y"":5,""t"":42310},{""x"":5,""y"":4,""t"":42709},{""x"":4,""y"":4,""t"":43260},{""x"":3,""y"":4,""t"":44393},{""x"":3,""y"":3,""t"":47211},{""x"":2,""y"":3,""t"":47760},{""x"":1,""y"":3,""t"":48128},{""x"":0,""y"":3,""t"":48544},{""x"":0,""y"":4,""t"":49027},{""x"":0,""y"":5,""t"":49310},{""x"":0,""y"":6,""t"":49561},{""x"":0,""y"":7,""t"":49778},{""x"":1,""y"":7,""t"":50261},{""x"":2,""y"":7,""t"":50544},{""x"":3,""y"":7,""t"":50794},{""x"":3,""y"":6,""t"":51444},{""x"":4,""y"":6,""t"":51827},{""x"":3,""y"":6,""t"":52361},{""x"":2,""y"":6,""t"":52711},{""x"":1,""y"":6,""t"":53094},{""x"":1,""y"":5,""t"":53545},{""x"":1,""y"":4,""t"":53878},{""x"":1,""y"":3,""t"":54461},{""x"":2,""y"":3,""t"":55095},{""x"":3,""y"":3,""t"":55362},{""x"":4,""y"":3,""t"":57645},{""x"":5,""y"":3,""t"":60397},{""x"":5,""y"":2,""t"":62697},{""x"":5,""y"":1,""t"":62929},{""x"":4,""y"":1,""t"":63380},{""x"":4,""y"":2,""t"":63797},{""x"":3,""y"":2,""t"":64179},{""x"":2,""y"":2,""t"":64496},{""x"":3,""y"":2,""t"":65196},{""x"":4,""y"":2,""t"":65363},{""x"":5,""y"":2,""t"":65563},{""x"":6,""y"":2,""t"":65746},{""x"":6,""y"":3,""t"":66230},{""x"":6,""y"":4,""t"":66447}]"
0xbzimuuw4,"[{""x"":0,""y"":0,""t"":0},{""x"":1,""y"":0,""t"":1608},{""x"":2,""y"":0,""t"":1798},{""x"":3,""y"":0,""t"":1961},{""x"":4,""y"":0,""t"":2126},{""x"":5,""y"":0,""t"":2314},{""x"":6,""y"":0,""t"":2461},{""x"":6,""y"":1,""t"":3087},{""x"":5,""y"":1,""t"":3552},{""x"":4,""y"":1,""t"":3706},{""x"":4,""y"":2,""t"":5386},{""x"":3,""y"":2,""t"":6681},{""x"":2,""y"":2,""t"":6836},{""x"":2,""y"":3,""t"":7526},{""x"":3,""y"":3,""t"":7815},{""x"":4,""y"":3,""t"":8005},{""x"":5,""y"":3,""t"":8144},{""x"":5,""y"":2,""t"":8500},{""x"":6,""y"":2,""t"":8812},{""x"":7,""y"":2,""t"":9056},{""x"":7,""y"":3,""t"":9386},{""x"":6,""y"":3,""t"":9660},{""x"":6,""y"":4,""t"":10229},{""x"":7,""y"":4,""t"":10579},{""x"":7,""y"":5,""t"":11031},{""x"":6,""y"":5,""t"":11688},{""x"":6,""y"":6,""t"":12897},{""x"":7,""y"":6,""t"":13208},{""x"":7,""y"":7,""t"":13470},{""x"":6,""y"":7,""t"":13714},{""x"":6,""y"":6,""t"":13949},{""x"":6,""y"":5,""t"":14161},{""x"":5,""y"":5,""t"":14461},{""x"":5,""y"":4,""t"":14778},{""x"":4,""y"":4,""t"":15035},{""x"":3,""y"":4,""t"":15387},{""x"":3,""y"":3,""t"":15688},{""x"":2,""y"":3,""t"":15949},{""x"":1,""y"":3,""t"":16136},{""x"":0,""y"":3,""t"":16463},{""x"":0,""y"":4,""t"":16750},{""x"":1,""y"":4,""t"":17037},{""x"":1,""y"":5,""t"":17309},{""x"":0,""y"":5,""t"":17558},{""x"":0,""y"":6,""t"":17829},{""x"":1,""y"":6,""t"":18100},{""x"":2,""y"":6,""t"":18283},{""x"":3,""y"":6,""t"":18432},{""x"":3,""y"":7,""t"":18752},{""x"":2,""y"":7,""t"":18978},{""x"":1,""y"":7,""t"":19443},{""x"":0,""y"":7,""t"":19746},{""x"":0,""y"":6,""t"":20363},{""x"":1,""y"":6,""t"":20583},{""x"":2,""y"":6,""t"":20753},{""x"":3,""y"":6,""t"":20921},{""x"":4,""y"":6,""t"":21093}]"
7vea42ck91,"[{""x"":0,""y"":0,""t"":0},{""x"":1,""y"":0,""t"":612},{""x"":2,""y"":0,""t"":788},{""x"":3,""y"":0,""t"":968},{""x"":4,""y"":0,""t"":1162},{""x"":5,""y"":0,""t"":1382},{""x"":6,""y"":0,""t"":1645},{""x"":6,""y"":1,""t"":2024},{""x"":6,""y"":2,""t"":2685},{""x"":7,""y"":2,""t"":3024},{""x"":7,""y"":3,""t"":3361},{""x"":7,""y"":4,""t"":3644},{""x"":7,""y"":5,""t"":3870},{""x"":7,""y"":6,""t"":4051},{""x"":7,""y"":7,""t"":4260},{""x"":6,""y"":7,""t"":4568},{""x"":6,""y"":6,""t"":4909},{""x"":6,""y"":5,""t"":5162},{""x"":6,""y"":4,""t"":5321},{""x"":6,""y"":3,""t"":5718},{""x"":6,""y"":2,""t"":6232},{""x"":6,""y"":1,""t"":6426},{""x"":5,""y"":1,""t"":6685},{""x"":5,""y"":2,""t"":7098},{""x"":5,""y"":3,""t"":7350},{""x"":5,""y"":4,""t"":7544},{""x"":5,""y"":5,""t"":7738},{""x"":5,""y"":4,""t"":8341},{""x"":4,""y"":4,""t"":8620},{""x"":4,""y"":3,""t"":9002},{""x"":4,""y"":2,""t"":9238},{""x"":4,""y"":1,""t"":9769},{""x"":4,""y"":2,""t"":10067},{""x"":3,""y"":2,""t"":10207},{""x"":2,""y"":2,""t"":10838},{""x"":3,""y"":2,""t"":11813},{""x"":3,""y"":3,""t"":12068},{""x"":3,""y"":4,""t"":13093},{""x"":3,""y"":3,""t"":13413},{""x"":2,""y"":3,""t"":13552},{""x"":1,""y"":3,""t"":13902},{""x"":0,""y"":3,""t"":14290},{""x"":0,""y"":4,""t"":14634},{""x"":1,""y"":4,""t"":15083},{""x"":1,""y"":5,""t"":15393},{""x"":0,""y"":5,""t"":15667},{""x"":0,""y"":6,""t"":15977},{""x"":1,""y"":6,""t"":16254},{""x"":1,""y"":7,""t"":17509},{""x"":0,""y"":7,""t"":17786},{""x"":1,""y"":7,""t"":18008},{""x"":2,""y"":7,""t"":18265},{""x"":3,""y"":7,""t"":18488},{""x"":3,""y"":6,""t"":18985},{""x"":4,""y"":6,""t"":19117},{""x"":3,""y"":6,""t"":19467},{""x"":2,""y"":6,""t"":19735}]"
bq3c5p9zq9,"[{""x"":0,""y"":0,""t"":0},{""x"":1,""y"":0,""t"":2255},{""x"":2,""y"":0,""t"":2527},{""x"":3,""y"":0,""t"":2743},{""x"":4,""y"":0,""t"":2942},{""x"":5,""y"":0,""t"":3151},{""x"":6,""y"":0,""t"":3545},{""x"":6,""y"":1,""t"":3867},{""x"":5,""y"":1,""t"":4274},{""x"":4,""y"":1,""t"":4565},{""x"":4,""y"":2,""t"":7595},{""x"":3,""y"":2,""t"":8049},{""x"":2,""y"":2,""t"":8446},{""x"":2,""y"":3,""t"":8885},{""x"":1,""y"":3,""t"":9359},{""x"":0,""y"":3,""t"":9911},{""x"":0,""y"":4,""t"":10298},{""x"":1,""y"":4,""t"":10622},{""x"":1,""y"":5,""t"":12960},{""x"":0,""y"":5,""t"":13336},{""x"":0,""y"":6,""t"":13700},{""x"":0,""y"":7,""t"":14348},{""x"":1,""y"":7,""t"":14741},{""x"":1,""y"":6,""t"":15645},{""x"":2,""y"":6,""t"":16275},{""x"":2,""y"":7,""t"":16716},{""x"":3,""y"":7,""t"":17127},{""x"":3,""y"":6,""t"":17862},{""x"":4,""y"":6,""t"":19073},{""x"":3,""y"":6,""t"":22805},{""x"":2,""y"":6,""t"":23143},{""x"":1,""y"":6,""t"":23519},{""x"":1,""y"":5,""t"":23893},{""x"":1,""y"":4,""t"":24228},{""x"":1,""y"":3,""t"":24578},{""x"":2,""y"":3,""t"":26715},{""x"":3,""y"":3,""t"":28336},{""x"":3,""y"":4,""t"":28768},{""x"":4,""y"":4,""t"":29094},{""x"":4,""y"":3,""t"":29475},{""x"":4,""y"":2,""t"":30057},{""x"":5,""y"":2,""t"":30455},{""x"":6,""y"":2,""t"":30808},{""x"":7,""y"":2,""t"":31098},{""x"":7,""y"":3,""t"":31527},{""x"":6,""y"":3,""t"":31969},{""x"":5,""y"":3,""t"":32287},{""x"":5,""y"":4,""t"":32612},{""x"":6,""y"":4,""t"":33043},{""x"":7,""y"":4,""t"":33377},{""x"":7,""y"":5,""t"":33662},{""x"":6,""y"":5,""t"":34075},{""x"":5,""y"":5,""t"":34549},{""x"":6,""y"":5,""t"":34899},{""x"":6,""y"":6,""t"":35199},{""x"":6,""y"":7,""t"":35576},{""x"":7,""y"":7,""t"":35910},{""x"":7,""y"":6,""t"":36245}]"
pwxv8o5z61,"[{""x"":0,""y"":0,""t"":0},{""x"":1,""y"":0,""t"":3449},{""x"":2,""y"":0,""t"":3793},{""x"":3,""y"":0,""t"":4100},{""x"":4,""y"":0,""t"":4417},{""x"":5,""y"":0,""t"":4801},{""x"":6,""y"":0,""t"":5224},{""x"":6,""y"":1,""t"":5557},{""x"":5,""y"":1,""t"":5911},{""x"":4,""y"":1,""t"":6423},{""x"":4,""y"":2,""t"":10161},{""x"":3,""y"":2,""t"":10568},{""x"":2,""y"":2,""t"":11324},{""x"":2,""y"":3,""t"":12007},{""x"":1,""y"":3,""t"":12684},{""x"":0,""y"":3,""t"":13548},{""x"":0,""y"":4,""t"":15106},{""x"":1,""y"":4,""t"":15499},{""x"":1,""y"":5,""t"":15976},{""x"":0,""y"":5,""t"":16471},{""x"":0,""y"":6,""t"":22294},{""x"":0,""y"":7,""t"":22777},{""x"":1,""y"":7,""t"":23204},{""x"":1,""y"":6,""t"":23873},{""x"":2,""y"":6,""t"":24313},{""x"":2,""y"":7,""t"":24862},{""x"":3,""y"":7,""t"":25250},{""x"":3,""y"":6,""t"":26178},{""x"":4,""y"":6,""t"":34582},{""x"":3,""y"":6,""t"":40081},{""x"":2,""y"":6,""t"":40313},{""x"":1,""y"":6,""t"":40509},{""x"":1,""y"":5,""t"":40842},{""x"":1,""y"":4,""t"":41030},{""x"":1,""y"":3,""t"":41229},{""x"":2,""y"":3,""t"":41738},{""x"":3,""y"":3,""t"":43146},{""x"":3,""y"":4,""t"":43353},{""x"":4,""y"":4,""t"":43745},{""x"":5,""y"":4,""t"":44356},{""x"":5,""y"":5,""t"":44602},{""x"":6,""y"":5,""t"":45013},{""x"":6,""y"":6,""t"":45559},{""x"":6,""y"":7,""t"":45992},{""x"":7,""y"":7,""t"":46282},{""x"":7,""y"":6,""t"":46628},{""x"":7,""y"":5,""t"":46970},{""x"":7,""y"":4,""t"":47465},{""x"":6,""y"":4,""t"":49542},{""x"":7,""y"":4,""t"":52038},{""x"":7,""y"":3,""t"":52239},{""x"":6,""y"":3,""t"":52650},{""x"":5,""y"":3,""t"":52859},{""x"":4,""y"":3,""t"":53143},{""x"":4,""y"":2,""t"":53672},{""x"":5,""y"":2,""t"":53921},{""x"":6,""y"":2,""t"":54278},{""x"":7,""y"":2,""t"":54523}]"
33fz1ntbh0,"[{""x"":0,""y"":0,""t"":0},{""x"":1,""y"":0,""t"":887},{""x"":2,""y"":0,""t"":1399},{""x"":3,""y"":0,""t"":1433},{""x"":4,""y"":0,""t"":1463},{""x"":5,""y"":0,""t"":1498},{""x"":6,""y"":0,""t"":1529},{""x"":6,""y"":1,""t"":2186},{""x"":6,""y"":2,""t"":2695},{""x"":6,""y"":3,""t"":2729},{""x"":6,""y"":4,""t"":2760},{""x"":6,""y"":5,""t"":2794},{""x"":6,""y"":6,""t"":2825},{""x"":6,""y"":7,""t"":2861},{""x"":7,""y"":7,""t"":3367},{""x"":7,""y"":6,""t"":3575},{""x"":7,""y"":5,""t"":4087},{""x"":7,""y"":4,""t"":4119},{""x"":7,""y"":3,""t"":4152},{""x"":7,""y"":2,""t"":4185},{""x"":6,""y"":2,""t"":4627},{""x"":5,""y"":2,""t"":5138},{""x"":4,""y"":2,""t"":5169},{""x"":3,""y"":2,""t"":5204},{""x"":2,""y"":2,""t"":5234},{""x"":3,""y"":2,""t"":5816},{""x"":4,""y"":2,""t"":6396},{""x"":4,""y"":1,""t"":6659},{""x"":5,""y"":1,""t"":7040},{""x"":5,""y"":2,""t"":7568},{""x"":5,""y"":3,""t"":8079},{""x"":5,""y"":4,""t"":8111},{""x"":5,""y"":5,""t"":8144},{""x"":5,""y"":4,""t"":8593},{""x"":4,""y"":4,""t"":8761},{""x"":3,""y"":4,""t"":9274},{""x"":3,""y"":3,""t"":9792},{""x"":4,""y"":3,""t"":10043},{""x"":3,""y"":3,""t"":10397},{""x"":2,""y"":3,""t"":10910},{""x"":1,""y"":3,""t"":10942},{""x"":0,""y"":3,""t"":10976},{""x"":0,""y"":4,""t"":11233},{""x"":1,""y"":4,""t"":11578},{""x"":1,""y"":5,""t"":11836},{""x"":1,""y"":6,""t"":12346},{""x"":1,""y"":7,""t"":12378},{""x"":0,""y"":7,""t"":12568},{""x"":0,""y"":6,""t"":12792},{""x"":0,""y"":5,""t"":13215},{""x"":1,""y"":5,""t"":13428},{""x"":1,""y"":6,""t"":13674},{""x"":2,""y"":6,""t"":13927},{""x"":3,""y"":6,""t"":14439},{""x"":4,""y"":6,""t"":14471},{""x"":3,""y"":6,""t"":15081},{""x"":3,""y"":7,""t"":15236},{""x"":2,""y"":7,""t"":15538}]"
ldffuid7w1,"[{""x"":0,""y"":0,""t"":0},{""x"":1,""y"":0,""t"":3278},{""x"":2,""y"":0,""t"":3787},{""x"":3,""y"":0,""t"":3818},{""x"":4,""y"":0,""t"":3847},{""x"":5,""y"":0,""t"":3877},{""x"":6,""y"":0,""t"":3907},{""x"":6,""y"":1,""t"":4850},{""x"":5,""y"":1,""t"":6112},{""x"":4,""y"":1,""t"":6324},{""x"":4,""y"":2,""t"":14423},{""x"":3,""y"":2,""t"":15511},{""x"":2,""y"":2,""t"":15870},{""x"":2,""y"":3,""t"":17900},{""x"":1,""y"":3,""t"":18733},{""x"":0,""y"":3,""t"":19009},{""x"":1,""y"":3,""t"":20128},{""x"":2,""y"":3,""t"":20640},{""x"":3,""y"":3,""t"":20669},{""x"":4,""y"":3,""t"":20699},{""x"":5,""y"":3,""t"":20729},{""x"":6,""y"":3,""t"":20764},{""x"":7,""y"":3,""t"":20795},{""x"":7,""y"":2,""t"":22164},{""x"":6,""y"":2,""t"":22698},{""x"":5,""y"":2,""t"":22985},{""x"":5,""y"":3,""t"":27578},{""x"":5,""y"":4,""t"":27910},{""x"":6,""y"":4,""t"":29305},{""x"":7,""y"":4,""t"":29923},{""x"":7,""y"":5,""t"":30594},{""x"":7,""y"":6,""t"":31104},{""x"":7,""y"":7,""t"":31137},{""x"":6,""y"":7,""t"":31932},{""x"":6,""y"":6,""t"":32536},{""x"":6,""y"":5,""t"":32806},{""x"":5,""y"":5,""t"":34358},{""x"":5,""y"":4,""t"":35029},{""x"":4,""y"":4,""t"":35457},{""x"":3,""y"":4,""t"":35918},{""x"":3,""y"":3,""t"":36544},{""x"":2,""y"":3,""t"":37005},{""x"":1,""y"":3,""t"":37350},{""x"":1,""y"":4,""t"":38109},{""x"":0,""y"":4,""t"":39008},{""x"":0,""y"":5,""t"":42562},{""x"":1,""y"":5,""t"":44059},{""x"":0,""y"":5,""t"":45082},{""x"":0,""y"":6,""t"":46211},{""x"":1,""y"":6,""t"":46811},{""x"":2,""y"":6,""t"":47321},{""x"":3,""y"":6,""t"":47351},{""x"":4,""y"":6,""t"":47381},{""x"":3,""y"":6,""t"":49114},{""x"":3,""y"":7,""t"":49680},{""x"":2,""y"":7,""t"":50361},{""x"":1,""y"":7,""t"":50869},{""x"":0,""y"":7,""t"":50901}]"
wj1gptsiuy,"[{""x"":0,""y"":0,""t"":0},{""x"":1,""y"":0,""t"":1784},{""x"":2,""y"":0,""t"":2216},{""x"":3,""y"":0,""t"":2668},{""x"":4,""y"":0,""t"":5001},{""x"":5,""y"":0,""t"":12837},{""x"":6,""y"":0,""t"":13236},{""x"":6,""y"":1,""t"":14153},{""x"":5,""y"":1,""t"":14587},{""x"":4,""y"":1,""t"":15020},{""x"":4,""y"":2,""t"":15670},{""x"":3,""y"":2,""t"":16070},{""x"":2,""y"":2,""t"":16486},{""x"":2,""y"":3,""t"":17270},{""x"":1,""y"":3,""t"":17704},{""x"":0,""y"":3,""t"":18170},{""x"":0,""y"":4,""t"":18820},{""x"":0,""y"":5,""t"":19304},{""x"":0,""y"":4,""t"":23004},{""x"":1,""y"":4,""t"":23437},{""x"":1,""y"":5,""t"":25072},{""x"":0,""y"":5,""t"":31740},{""x"":0,""y"":6,""t"":32539},{""x"":0,""y"":7,""t"":33056},{""x"":1,""y"":7,""t"":33456},{""x"":2,""y"":7,""t"":33691},{""x"":3,""y"":7,""t"":33923},{""x"":3,""y"":6,""t"":35290},{""x"":4,""y"":6,""t"":35740},{""x"":3,""y"":6,""t"":36441},{""x"":2,""y"":6,""t"":36690},{""x"":1,""y"":6,""t"":36957},{""x"":1,""y"":5,""t"":37475},{""x"":1,""y"":4,""t"":37774},{""x"":1,""y"":3,""t"":38041},{""x"":2,""y"":3,""t"":38774},{""x"":3,""y"":3,""t"":39242},{""x"":3,""y"":4,""t"":40057},{""x"":4,""y"":4,""t"":40473},{""x"":5,""y"":4,""t"":40907},{""x"":5,""y"":5,""t"":41674},{""x"":6,""y"":5,""t"":42174},{""x"":6,""y"":6,""t"":42908},{""x"":6,""y"":7,""t"":43492},{""x"":7,""y"":7,""t"":43975},{""x"":7,""y"":6,""t"":44608},{""x"":7,""y"":5,""t"":45058},{""x"":7,""y"":4,""t"":45492},{""x"":6,""y"":4,""t"":46592},{""x"":7,""y"":4,""t"":50543},{""x"":7,""y"":3,""t"":51010},{""x"":7,""y"":2,""t"":51392},{""x"":6,""y"":2,""t"":52122},{""x"":6,""y"":3,""t"":55928},{""x"":5,""y"":3,""t"":57260},{""x"":5,""y"":2,""t"":58306},{""x"":4,""y"":2,""t"":59446},{""x"":4,""y"":3,""t"":59694}]"
xyfqwb76nc,"[{""x"":0,""y"":0,""t"":0},{""x"":1,""y"":0,""t"":4375},{""x"":2,""y"":0,""t"":4606},{""x"":3,""y"":0,""t"":4823},{""x"":4,""y"":0,""t"":9210},{""x"":4,""y"":1,""t"":10126},{""x"":4,""y"":2,""t"":11031},{""x"":4,""y"":3,""t"":14099},{""x"":4,""y"":4,""t"":15160},{""x"":3,""y"":4,""t"":15913},{""x"":3,""y"":3,""t"":16798},{""x"":3,""y"":2,""t"":17264},{""x"":2,""y"":2,""t"":17999},{""x"":2,""y"":3,""t"":18814},{""x"":1,""y"":3,""t"":28187},{""x"":0,""y"":3,""t"":28539},{""x"":0,""y"":4,""t"":29555},{""x"":1,""y"":4,""t"":30883},{""x"":1,""y"":5,""t"":31639},{""x"":0,""y"":5,""t"":32419},{""x"":0,""y"":6,""t"":35275},{""x"":0,""y"":7,""t"":44029},{""x"":1,""y"":7,""t"":44531},{""x"":1,""y"":6,""t"":45163},{""x"":2,""y"":6,""t"":46116},{""x"":2,""y"":7,""t"":47414},{""x"":3,""y"":7,""t"":47964},{""x"":3,""y"":6,""t"":48847},{""x"":4,""y"":6,""t"":53180},{""x"":3,""y"":6,""t"":58120},{""x"":2,""y"":6,""t"":58417},{""x"":1,""y"":6,""t"":58768},{""x"":1,""y"":5,""t"":59286},{""x"":1,""y"":4,""t"":59533},{""x"":1,""y"":3,""t"":59852},{""x"":2,""y"":3,""t"":60985},{""x"":3,""y"":3,""t"":61319},{""x"":4,""y"":3,""t"":61669},{""x"":5,""y"":3,""t"":63069},{""x"":5,""y"":2,""t"":64322},{""x"":5,""y"":1,""t"":64588},{""x"":5,""y"":0,""t"":64954},{""x"":6,""y"":0,""t"":65803},{""x"":6,""y"":1,""t"":66271},{""x"":6,""y"":2,""t"":66589},{""x"":6,""y"":3,""t"":67238},{""x"":6,""y"":4,""t"":68351},{""x"":5,""y"":4,""t"":70156},{""x"":5,""y"":5,""t"":71356},{""x"":6,""y"":5,""t"":72371},{""x"":6,""y"":6,""t"":73623},{""x"":6,""y"":7,""t"":74369},{""x"":7,""y"":7,""t"":74658},{""x"":7,""y"":6,""t"":75074},{""x"":7,""y"":5,""t"":75238},{""x"":7,""y"":4,""t"":75424},{""x"":7,""y"":3,""t"":75588},{""x"":7,""y"":2,""t"":76042}]"
rsu5v0dwnb,"[{""x"":0,""y"":0,""t"":0},{""x"":1,""y"":0,""t"":5612},{""x"":2,""y"":0,""t"":5862},{""x"":3,""y"":0,""t"":6047},{""x"":4,""y"":0,""t"":12656},{""x"":5,""y"":0,""t"":12864},{""x"":6,""y"":0,""t"":13038},{""x"":6,""y"":1,""t"":13467},{""x"":5,""y"":1,""t"":13951},{""x"":4,""y"":1,""t"":14281},{""x"":4,""y"":2,""t"":14781},{""x"":3,""y"":2,""t"":15103},{""x"":2,""y"":2,""t"":15389},{""x"":2,""y"":3,""t"":15837},{""x"":1,""y"":3,""t"":17434},{""x"":0,""y"":3,""t"":18098},{""x"":0,""y"":4,""t"":18664},{""x"":1,""y"":4,""t"":18946},{""x"":1,""y"":5,""t"":19244},{""x"":0,""y"":5,""t"":19604},{""x"":0,""y"":6,""t"":19991},{""x"":0,""y"":7,""t"":21395},{""x"":1,""y"":7,""t"":22339},{""x"":1,""y"":6,""t"":22702},{""x"":2,""y"":6,""t"":27280},{""x"":2,""y"":7,""t"":27722},{""x"":2,""y"":6,""t"":28116},{""x"":3,""y"":6,""t"":31091},{""x"":4,""y"":6,""t"":31449},{""x"":3,""y"":6,""t"":31966},{""x"":3,""y"":7,""t"":32293},{""x"":2,""y"":7,""t"":32676},{""x"":1,""y"":7,""t"":33350},{""x"":1,""y"":6,""t"":33685},{""x"":1,""y"":5,""t"":33866},{""x"":1,""y"":4,""t"":34033},{""x"":1,""y"":3,""t"":34214},{""x"":2,""y"":3,""t"":34674},{""x"":3,""y"":3,""t"":34872},{""x"":4,""y"":3,""t"":35474},{""x"":5,""y"":3,""t"":35821},{""x"":5,""y"":2,""t"":36182},{""x"":6,""y"":2,""t"":36532},{""x"":7,""y"":2,""t"":36831},{""x"":7,""y"":3,""t"":37720},{""x"":6,""y"":3,""t"":38070},{""x"":6,""y"":4,""t"":38690},{""x"":7,""y"":4,""t"":39032},{""x"":7,""y"":5,""t"":39538},{""x"":7,""y"":6,""t"":39889},{""x"":7,""y"":7,""t"":41085},{""x"":6,""y"":7,""t"":41988},{""x"":6,""y"":6,""t"":42334},{""x"":6,""y"":5,""t"":42582},{""x"":5,""y"":5,""t"":42930},{""x"":5,""y"":4,""t"":43294},{""x"":4,""y"":4,""t"":43599},{""x"":3,""y"":4,""t"":43811}]"
1mvbzzw0x1,"[{""x"":0,""y"":0,""t"":0},{""x"":1,""y"":0,""t"":1581},{""x"":2,""y"":0,""t"":1844},{""x"":3,""y"":0,""t"":2504},{""x"":4,""y"":0,""t"":2813},{""x"":5,""y"":0,""t"":3705},{""x"":6,""y"":0,""t"":3972},{""x"":6,""y"":1,""t"":4402},{""x"":5,""y"":1,""t"":4890},{""x"":4,""y"":1,""t"":5178},{""x"":4,""y"":2,""t"":5579},{""x"":3,""y"":2,""t"":5919},{""x"":2,""y"":2,""t"":6197},{""x"":2,""y"":3,""t"":6777},{""x"":1,""y"":3,""t"":7087},{""x"":0,""y"":3,""t"":7375},{""x"":0,""y"":4,""t"":7728},{""x"":1,""y"":4,""t"":8116},{""x"":1,""y"":5,""t"":8549},{""x"":0,""y"":5,""t"":9691},{""x"":0,""y"":6,""t"":9991},{""x"":1,""y"":6,""t"":10638},{""x"":2,""y"":6,""t"":10823},{""x"":3,""y"":6,""t"":10989},{""x"":4,""y"":6,""t"":11625},{""x"":3,""y"":6,""t"":11998},{""x"":3,""y"":7,""t"":12269},{""x"":2,""y"":7,""t"":12630},{""x"":1,""y"":7,""t"":12782},{""x"":0,""y"":7,""t"":12929},{""x"":0,""y"":6,""t"":13330},{""x"":0,""y"":5,""t"":13510},{""x"":0,""y"":4,""t"":13657},{""x"":0,""y"":3,""t"":13840},{""x"":1,""y"":3,""t"":14194},{""x"":2,""y"":3,""t"":14474},{""x"":3,""y"":3,""t"":14716},{""x"":3,""y"":4,""t"":16319},{""x"":4,""y"":4,""t"":16643},{""x"":5,""y"":4,""t"":17083},{""x"":4,""y"":4,""t"":17974},{""x"":4,""y"":3,""t"":18236},{""x"":5,""y"":3,""t"":18646},{""x"":5,""y"":2,""t"":18953},{""x"":6,""y"":2,""t"":19393},{""x"":7,""y"":2,""t"":19580},{""x"":7,""y"":3,""t"":20396},{""x"":7,""y"":4,""t"":20587},{""x"":7,""y"":5,""t"":20749},{""x"":7,""y"":6,""t"":20875},{""x"":7,""y"":7,""t"":21035},{""x"":6,""y"":7,""t"":22106},{""x"":6,""y"":6,""t"":22443},{""x"":6,""y"":5,""t"":22639},{""x"":5,""y"":5,""t"":23074},{""x"":6,""y"":5,""t"":23583},{""x"":6,""y"":4,""t"":23974},{""x"":6,""y"":3,""t"":24117}]"
5yaa08278f,"[{""x"":0,""y"":0,""t"":0},{""x"":1,""y"":0,""t"":1944},{""x"":2,""y"":0,""t"":2109},{""x"":3,""y"":0,""t"":2288},{""x"":4,""y"":0,""t"":2414},{""x"":5,""y"":0,""t"":2642},{""x"":6,""y"":0,""t"":3014},{""x"":6,""y"":1,""t"":4518},{""x"":5,""y"":1,""t"":4738},{""x"":4,""y"":1,""t"":5105},{""x"":4,""y"":2,""t"":5929},{""x"":3,""y"":2,""t"":6167},{""x"":2,""y"":2,""t"":6445},{""x"":2,""y"":3,""t"":6735},{""x"":1,""y"":3,""t"":6944},{""x"":0,""y"":3,""t"":7285},{""x"":0,""y"":4,""t"":8144},{""x"":1,""y"":4,""t"":8393},{""x"":1,""y"":5,""t"":8720},{""x"":0,""y"":5,""t"":9123},{""x"":0,""y"":6,""t"":9539},{""x"":0,""y"":7,""t"":10585},{""x"":1,""y"":7,""t"":10909},{""x"":1,""y"":6,""t"":11285},{""x"":2,""y"":6,""t"":11597},{""x"":2,""y"":7,""t"":11888},{""x"":3,""y"":7,""t"":12207},{""x"":3,""y"":6,""t"":12588},{""x"":4,""y"":6,""t"":13297},{""x"":3,""y"":6,""t"":13551},{""x"":2,""y"":6,""t"":13738},{""x"":1,""y"":6,""t"":13972},{""x"":0,""y"":6,""t"":14063},{""x"":0,""y"":5,""t"":14960},{""x"":0,""y"":4,""t"":15123},{""x"":0,""y"":3,""t"":15342},{""x"":1,""y"":3,""t"":15969},{""x"":2,""y"":3,""t"":16253},{""x"":3,""y"":3,""t"":16530},{""x"":3,""y"":4,""t"":17330},{""x"":4,""y"":4,""t"":18153},{""x"":4,""y"":3,""t"":20647},{""x"":5,""y"":3,""t"":24768},{""x"":5,""y"":4,""t"":25042},{""x"":5,""y"":5,""t"":25888},{""x"":6,""y"":5,""t"":26509},{""x"":6,""y"":6,""t"":26857},{""x"":6,""y"":7,""t"":27034},{""x"":7,""y"":7,""t"":27268},{""x"":7,""y"":6,""t"":27556},{""x"":7,""y"":5,""t"":27988},{""x"":7,""y"":4,""t"":28318},{""x"":7,""y"":3,""t"":28712},{""x"":7,""y"":2,""t"":31463},{""x"":6,""y"":2,""t"":32003},{""x"":5,""y"":2,""t"":32359},{""x"":5,""y"":3,""t"":32771},{""x"":6,""y"":3,""t"":33006},{""x"":6,""y"":4,""t"":33192}]"
xj0y8csw9f,"[{""x"":0,""y"":0,""t"":0},{""x"":1,""y"":0,""t"":8867},{""x"":2,""y"":0,""t"":9214},{""x"":3,""y"":0,""t"":9429},{""x"":4,""y"":0,""t"":9578},{""x"":5,""y"":0,""t"":9711},{""x"":6,""y"":0,""t"":9879},{""x"":6,""y"":1,""t"":17134},{""x"":6,""y"":2,""t"":20373},{""x"":7,""y"":2,""t"":21121},{""x"":7,""y"":3,""t"":21852},{""x"":7,""y"":4,""t"":22081},{""x"":7,""y"":5,""t"":22230},{""x"":7,""y"":6,""t"":22345},{""x"":7,""y"":7,""t"":22848},{""x"":6,""y"":7,""t"":23621},{""x"":6,""y"":6,""t"":24783},{""x"":6,""y"":5,""t"":25049},{""x"":6,""y"":4,""t"":25448},{""x"":6,""y"":3,""t"":26038},{""x"":5,""y"":3,""t"":27137},{""x"":5,""y"":2,""t"":27805},{""x"":5,""y"":1,""t"":28101},{""x"":4,""y"":1,""t"":28918},{""x"":4,""y"":2,""t"":31556},{""x"":3,""y"":2,""t"":31917},{""x"":2,""y"":2,""t"":32333},{""x"":3,""y"":2,""t"":36120},{""x"":4,""y"":2,""t"":36435},{""x"":5,""y"":2,""t"":36957},{""x"":6,""y"":2,""t"":37368},{""x"":5,""y"":2,""t"":38122},{""x"":5,""y"":3,""t"":38970},{""x"":5,""y"":4,""t"":39519},{""x"":5,""y"":5,""t"":40673},{""x"":5,""y"":4,""t"":42369},{""x"":4,""y"":4,""t"":43073},{""x"":4,""y"":3,""t"":43419},{""x"":3,""y"":3,""t"":44457},{""x"":3,""y"":4,""t"":44899},{""x"":3,""y"":3,""t"":45659},{""x"":2,""y"":3,""t"":46003},{""x"":1,""y"":3,""t"":46570},{""x"":0,""y"":3,""t"":46802},{""x"":0,""y"":4,""t"":48457},{""x"":1,""y"":4,""t"":48767},{""x"":0,""y"":4,""t"":49887},{""x"":0,""y"":5,""t"":50500},{""x"":0,""y"":6,""t"":50951},{""x"":0,""y"":7,""t"":52236},{""x"":1,""y"":7,""t"":52968},{""x"":2,""y"":7,""t"":53117},{""x"":3,""y"":7,""t"":53335},{""x"":3,""y"":6,""t"":54106},{""x"":4,""y"":6,""t"":54387},{""x"":3,""y"":6,""t"":55074},{""x"":2,""y"":6,""t"":55251},{""x"":1,""y"":6,""t"":55435},{""x"":1,""y"":5,""t"":55905}]"
6fjwnxarzg,"[{""x"":0,""y"":0,""t"":0},{""x"":1,""y"":0,""t"":997},{""x"":2,""y"":0,""t"":1205},{""x"":3,""y"":0,""t"":1406},{""x"":4,""y"":0,""t"":1707},{""x"":5,""y"":0,""t"":1901},{""x"":6,""y"":0,""t"":2088},{""x"":6,""y"":1,""t"":2788},{""x"":6,""y"":2,""t"":3146},{""x"":7,""y"":2,""t"":3353},{""x"":7,""y"":3,""t"":3725},{""x"":7,""y"":4,""t"":3937},{""x"":7,""y"":5,""t"":4122},{""x"":7,""y"":6,""t"":4313},{""x"":7,""y"":7,""t"":4498},{""x"":6,""y"":7,""t"":4902},{""x"":6,""y"":6,""t"":5190},{""x"":6,""y"":5,""t"":5386},{""x"":6,""y"":4,""t"":5585},{""x"":6,""y"":3,""t"":5947},{""x"":5,""y"":3,""t"":6678},{""x"":5,""y"":2,""t"":6902},{""x"":5,""y"":1,""t"":7173},{""x"":4,""y"":1,""t"":7521},{""x"":4,""y"":2,""t"":7848},{""x"":3,""y"":2,""t"":8131},{""x"":2,""y"":2,""t"":8421},{""x"":2,""y"":3,""t"":8744},{""x"":1,""y"":3,""t"":9051},{""x"":0,""y"":3,""t"":9417},{""x"":0,""y"":4,""t"":9725},{""x"":1,""y"":4,""t"":10104},{""x"":1,""y"":5,""t"":10491},{""x"":0,""y"":5,""t"":10808},{""x"":0,""y"":6,""t"":11092},{""x"":1,""y"":6,""t"":11402},{""x"":1,""y"":7,""t"":11780},{""x"":0,""y"":7,""t"":12093},{""x"":1,""y"":7,""t"":12533},{""x"":2,""y"":7,""t"":12799},{""x"":2,""y"":6,""t"":13540},{""x"":3,""y"":6,""t"":13818},{""x"":3,""y"":7,""t"":14244},{""x"":3,""y"":6,""t"":14603},{""x"":4,""y"":6,""t"":14878},{""x"":3,""y"":6,""t"":16421},{""x"":2,""y"":6,""t"":16640},{""x"":1,""y"":6,""t"":16861},{""x"":1,""y"":5,""t"":17125},{""x"":1,""y"":4,""t"":17350},{""x"":1,""y"":3,""t"":17596},{""x"":2,""y"":3,""t"":18145},{""x"":3,""y"":3,""t"":18363},{""x"":3,""y"":4,""t"":18743},{""x"":4,""y"":4,""t"":18999},{""x"":4,""y"":3,""t"":19199},{""x"":4,""y"":4,""t"":19648},{""x"":5,""y"":4,""t"":19846},{""x"":5,""y"":5,""t"":20260}]"
g7xjeih2hl,"[{""x"":0,""y"":0,""t"":0},{""x"":1,""y"":0,""t"":2470},{""x"":2,""y"":0,""t"":2620},{""x"":3,""y"":0,""t"":2772},{""x"":4,""y"":0,""t"":2925},{""x"":5,""y"":0,""t"":3087},{""x"":6,""y"":0,""t"":3240},{""x"":6,""y"":1,""t"":3856},{""x"":5,""y"":1,""t"":4193},{""x"":4,""y"":1,""t"":4340},{""x"":4,""y"":2,""t"":5323},{""x"":3,""y"":2,""t"":5700},{""x"":2,""y"":2,""t"":5834},{""x"":2,""y"":3,""t"":7507},{""x"":1,""y"":3,""t"":8230},{""x"":0,""y"":3,""t"":8411},{""x"":0,""y"":4,""t"":9295},{""x"":1,""y"":4,""t"":9999},{""x"":1,""y"":5,""t"":10591},{""x"":0,""y"":5,""t"":11024},{""x"":0,""y"":6,""t"":11456},{""x"":1,""y"":6,""t"":12101},{""x"":2,""y"":6,""t"":12662},{""x"":3,""y"":6,""t"":12819},{""x"":4,""y"":6,""t"":13000},{""x"":3,""y"":6,""t"":13706},{""x"":3,""y"":7,""t"":14017},{""x"":2,""y"":7,""t"":14321},{""x"":1,""y"":7,""t"":14483},{""x"":0,""y"":7,""t"":14653},{""x"":0,""y"":6,""t"":17558},{""x"":0,""y"":5,""t"":17727},{""x"":0,""y"":4,""t"":17887},{""x"":0,""y"":3,""t"":18053},{""x"":1,""y"":3,""t"":19976},{""x"":2,""y"":3,""t"":20133},{""x"":3,""y"":3,""t"":20287},{""x"":4,""y"":3,""t"":20463},{""x"":4,""y"":4,""t"":20785},{""x"":3,""y"":4,""t"":21209},{""x"":4,""y"":4,""t"":22543},{""x"":5,""y"":4,""t"":22741},{""x"":5,""y"":5,""t"":23229},{""x"":6,""y"":5,""t"":23656},{""x"":6,""y"":6,""t"":24305},{""x"":6,""y"":7,""t"":25332},{""x"":7,""y"":7,""t"":25768},{""x"":7,""y"":6,""t"":26902},{""x"":7,""y"":5,""t"":27066},{""x"":7,""y"":4,""t"":27237},{""x"":7,""y"":3,""t"":27399},{""x"":7,""y"":2,""t"":27557},{""x"":6,""y"":2,""t"":28131},{""x"":6,""y"":3,""t"":28480},{""x"":5,""y"":3,""t"":28952},{""x"":5,""y"":2,""t"":29310},{""x"":5,""y"":3,""t"":29615},{""x"":5,""y"":4,""t"":29763},{""x"":6,""y"":4,""t"":31189}]"
c8rg0kw2it,"[{""x"":0,""y"":0,""t"":0},{""x"":1,""y"":0,""t"":1713},{""x"":2,""y"":0,""t"":1864},{""x"":3,""y"":0,""t"":2016},{""x"":4,""y"":0,""t"":2169},{""x"":4,""y"":1,""t"":3472},{""x"":5,""y"":1,""t"":3665},{""x"":5,""y"":0,""t"":3864},{""x"":6,""y"":0,""t"":4256},{""x"":6,""y"":1,""t"":4464},{""x"":6,""y"":2,""t"":5745},{""x"":7,""y"":2,""t"":5936},{""x"":7,""y"":3,""t"":7089},{""x"":7,""y"":4,""t"":7257},{""x"":7,""y"":5,""t"":7401},{""x"":7,""y"":6,""t"":7553},{""x"":7,""y"":7,""t"":7721},{""x"":6,""y"":7,""t"":7969},{""x"":6,""y"":6,""t"":8121},{""x"":6,""y"":5,""t"":8288},{""x"":6,""y"":4,""t"":9761},{""x"":6,""y"":3,""t"":9937},{""x"":5,""y"":3,""t"":10217},{""x"":5,""y"":2,""t"":10368},{""x"":4,""y"":2,""t"":10513},{""x"":3,""y"":2,""t"":10673},{""x"":2,""y"":2,""t"":10889},{""x"":2,""y"":3,""t"":11253},{""x"":1,""y"":3,""t"":11378},{""x"":0,""y"":3,""t"":11561},{""x"":0,""y"":4,""t"":12209},{""x"":1,""y"":4,""t"":12441},{""x"":1,""y"":5,""t"":12609},{""x"":0,""y"":5,""t"":12801},{""x"":0,""y"":6,""t"":12997},{""x"":0,""y"":7,""t"":14145},{""x"":1,""y"":7,""t"":14410},{""x"":1,""y"":6,""t"":14573},{""x"":2,""y"":6,""t"":15109},{""x"":2,""y"":7,""t"":15313},{""x"":1,""y"":7,""t"":15557},{""x"":2,""y"":7,""t"":16042},{""x"":3,""y"":7,""t"":16189},{""x"":3,""y"":6,""t"":16461},{""x"":4,""y"":6,""t"":16710},{""x"":3,""y"":6,""t"":17105},{""x"":2,""y"":6,""t"":17281},{""x"":1,""y"":6,""t"":17426},{""x"":1,""y"":5,""t"":17569},{""x"":1,""y"":4,""t"":17745},{""x"":1,""y"":3,""t"":17890},{""x"":2,""y"":3,""t"":18134},{""x"":3,""y"":3,""t"":18282},{""x"":3,""y"":4,""t"":18665},{""x"":4,""y"":4,""t"":18845},{""x"":4,""y"":3,""t"":18966},{""x"":5,""y"":3,""t"":19398},{""x"":5,""y"":4,""t"":19478},{""x"":5,""y"":5,""t"":19653}]"
fh9cj6us95,"[{""x"":0,""y"":0,""t"":0},{""x"":1,""y"":0,""t"":3220},{""x"":2,""y"":0,""t"":3466},{""x"":3,""y"":0,""t"":3685},{""x"":4,""y"":0,""t"":3882},{""x"":5,""y"":0,""t"":5802},{""x"":6,""y"":0,""t"":6148},{""x"":6,""y"":1,""t"":7047},{""x"":6,""y"":2,""t"":8088},{""x"":7,""y"":2,""t"":8938},{""x"":7,""y"":3,""t"":9505},{""x"":7,""y"":4,""t"":9787},{""x"":7,""y"":5,""t"":10020},{""x"":7,""y"":6,""t"":10254},{""x"":7,""y"":7,""t"":10471},{""x"":6,""y"":7,""t"":11355},{""x"":6,""y"":6,""t"":12004},{""x"":6,""y"":5,""t"":12287},{""x"":6,""y"":4,""t"":12505},{""x"":6,""y"":3,""t"":13005},{""x"":6,""y"":2,""t"":14223},{""x"":6,""y"":1,""t"":14601},{""x"":5,""y"":1,""t"":15480},{""x"":4,""y"":1,""t"":15851},{""x"":4,""y"":2,""t"":17073},{""x"":4,""y"":3,""t"":17468},{""x"":5,""y"":3,""t"":19547},{""x"":5,""y"":2,""t"":20495},{""x"":4,""y"":2,""t"":22262},{""x"":3,""y"":2,""t"":22509},{""x"":2,""y"":2,""t"":22900},{""x"":2,""y"":3,""t"":25124},{""x"":3,""y"":3,""t"":27141},{""x"":2,""y"":3,""t"":27855},{""x"":1,""y"":3,""t"":28156},{""x"":0,""y"":3,""t"":28508},{""x"":0,""y"":4,""t"":29799},{""x"":0,""y"":5,""t"":30399},{""x"":0,""y"":6,""t"":30931},{""x"":0,""y"":7,""t"":31448},{""x"":1,""y"":7,""t"":33032},{""x"":2,""y"":7,""t"":33597},{""x"":3,""y"":7,""t"":34090},{""x"":3,""y"":6,""t"":34966},{""x"":2,""y"":6,""t"":35791},{""x"":3,""y"":6,""t"":37107},{""x"":4,""y"":6,""t"":38420},{""x"":3,""y"":6,""t"":39306},{""x"":2,""y"":6,""t"":39756},{""x"":1,""y"":6,""t"":40119},{""x"":1,""y"":5,""t"":40970},{""x"":1,""y"":4,""t"":41338},{""x"":1,""y"":3,""t"":42568},{""x"":2,""y"":3,""t"":43748},{""x"":3,""y"":3,""t"":44262},{""x"":3,""y"":4,""t"":44982},{""x"":4,""y"":4,""t"":45362},{""x"":5,""y"":4,""t"":45645},{""x"":5,""y"":5,""t"":46465}]"
u4qdkjrxl7,"[{""x"":0,""y"":0,""t"":0},{""x"":1,""y"":0,""t"":1163},{""x"":2,""y"":0,""t"":1369},{""x"":3,""y"":0,""t"":1553},{""x"":4,""y"":0,""t"":1814},{""x"":5,""y"":0,""t"":4268},{""x"":6,""y"":0,""t"":4473},{""x"":6,""y"":1,""t"":5375},{""x"":5,""y"":1,""t"":5842},{""x"":4,""y"":1,""t"":6162},{""x"":4,""y"":2,""t"":8829},{""x"":3,""y"":2,""t"":9279},{""x"":2,""y"":2,""t"":9823},{""x"":2,""y"":3,""t"":10557},{""x"":1,""y"":3,""t"":10847},{""x"":0,""y"":3,""t"":11067},{""x"":0,""y"":4,""t"":13305},{""x"":1,""y"":4,""t"":13759},{""x"":1,""y"":5,""t"":14333},{""x"":0,""y"":5,""t"":14674},{""x"":0,""y"":6,""t"":15117},{""x"":1,""y"":6,""t"":15570},{""x"":0,""y"":6,""t"":17964},{""x"":0,""y"":7,""t"":18655},{""x"":1,""y"":7,""t"":19383},{""x"":2,""y"":7,""t"":20954},{""x"":2,""y"":6,""t"":21650},{""x"":2,""y"":7,""t"":23946},{""x"":3,""y"":7,""t"":24288},{""x"":3,""y"":6,""t"":24769},{""x"":4,""y"":6,""t"":25320},{""x"":3,""y"":6,""t"":31725},{""x"":2,""y"":6,""t"":31928},{""x"":1,""y"":6,""t"":32075},{""x"":1,""y"":5,""t"":32921},{""x"":1,""y"":4,""t"":33102},{""x"":1,""y"":3,""t"":33250},{""x"":2,""y"":3,""t"":34765},{""x"":3,""y"":3,""t"":34929},{""x"":3,""y"":4,""t"":35756},{""x"":4,""y"":4,""t"":36124},{""x"":4,""y"":3,""t"":36852},{""x"":5,""y"":3,""t"":38774},{""x"":5,""y"":2,""t"":39026},{""x"":6,""y"":2,""t"":39511},{""x"":7,""y"":2,""t"":39792},{""x"":7,""y"":3,""t"":40588},{""x"":6,""y"":3,""t"":41488},{""x"":6,""y"":4,""t"":41903},{""x"":5,""y"":4,""t"":42288},{""x"":5,""y"":5,""t"":43044},{""x"":6,""y"":5,""t"":43426},{""x"":7,""y"":5,""t"":44203},{""x"":7,""y"":4,""t"":45812},{""x"":7,""y"":5,""t"":46158},{""x"":7,""y"":6,""t"":47401},{""x"":7,""y"":7,""t"":47566},{""x"":6,""y"":7,""t"":48222},{""x"":6,""y"":6,""t"":48694}]"
0apw0arrdo,"[{""x"":0,""y"":0,""t"":0},{""x"":1,""y"":0,""t"":3818},{""x"":2,""y"":0,""t"":4133},{""x"":3,""y"":0,""t"":4385},{""x"":4,""y"":0,""t"":4651},{""x"":5,""y"":0,""t"":6719},{""x"":6,""y"":0,""t"":7118},{""x"":6,""y"":1,""t"":8019},{""x"":5,""y"":1,""t"":8569},{""x"":4,""y"":1,""t"":8969},{""x"":4,""y"":2,""t"":11720},{""x"":3,""y"":2,""t"":12603},{""x"":2,""y"":2,""t"":13121},{""x"":2,""y"":3,""t"":13986},{""x"":1,""y"":3,""t"":14520},{""x"":0,""y"":3,""t"":14887},{""x"":0,""y"":4,""t"":15891},{""x"":1,""y"":4,""t"":18805},{""x"":1,""y"":5,""t"":21855},{""x"":0,""y"":5,""t"":22488},{""x"":0,""y"":6,""t"":23055},{""x"":0,""y"":7,""t"":24989},{""x"":1,""y"":7,""t"":28241},{""x"":1,""y"":6,""t"":29574},{""x"":1,""y"":5,""t"":31241},{""x"":1,""y"":6,""t"":32057},{""x"":2,""y"":6,""t"":32574},{""x"":2,""y"":7,""t"":33657},{""x"":3,""y"":7,""t"":34157},{""x"":3,""y"":6,""t"":35625},{""x"":4,""y"":6,""t"":37893},{""x"":3,""y"":6,""t"":39242},{""x"":2,""y"":6,""t"":39809},{""x"":1,""y"":6,""t"":40575},{""x"":1,""y"":5,""t"":41925},{""x"":1,""y"":4,""t"":42192},{""x"":1,""y"":3,""t"":42459},{""x"":2,""y"":3,""t"":46844},{""x"":3,""y"":3,""t"":47160},{""x"":4,""y"":3,""t"":47659},{""x"":4,""y"":2,""t"":50278},{""x"":5,""y"":2,""t"":51661},{""x"":6,""y"":2,""t"":52028},{""x"":7,""y"":2,""t"":52445},{""x"":7,""y"":3,""t"":53012},{""x"":7,""y"":4,""t"":53362},{""x"":7,""y"":5,""t"":53661},{""x"":7,""y"":6,""t"":53978},{""x"":7,""y"":7,""t"":54476},{""x"":6,""y"":7,""t"":55341},{""x"":6,""y"":6,""t"":55746},{""x"":6,""y"":5,""t"":56279},{""x"":5,""y"":5,""t"":58279},{""x"":6,""y"":5,""t"":59930},{""x"":6,""y"":4,""t"":61097},{""x"":6,""y"":3,""t"":62730},{""x"":5,""y"":3,""t"":63814},{""x"":5,""y"":4,""t"":64596},{""x"":4,""y"":4,""t"":65081},{""x"":3,""y"":4,""t"":65514}]"
a6fpcvpllz,"[{""x"":0,""y"":0,""t"":0},{""x"":1,""y"":0,""t"":14797},{""x"":2,""y"":0,""t"":15134},{""x"":3,""y"":0,""t"":15452},{""x"":4,""y"":0,""t"":15860},{""x"":4,""y"":1,""t"":16324},{""x"":4,""y"":2,""t"":17606},{""x"":4,""y"":3,""t"":25747},{""x"":4,""y"":4,""t"":26210},{""x"":3,""y"":4,""t"":26678},{""x"":3,""y"":3,""t"":27186},{""x"":3,""y"":2,""t"":27609},{""x"":2,""y"":2,""t"":28143},{""x"":2,""y"":3,""t"":28708},{""x"":1,""y"":3,""t"":29247},{""x"":0,""y"":3,""t"":30321},{""x"":0,""y"":4,""t"":30746},{""x"":1,""y"":4,""t"":31161},{""x"":1,""y"":5,""t"":31650},{""x"":0,""y"":5,""t"":32127},{""x"":0,""y"":6,""t"":33176},{""x"":0,""y"":7,""t"":34592},{""x"":1,""y"":7,""t"":35207},{""x"":1,""y"":6,""t"":36032},{""x"":2,""y"":6,""t"":36773},{""x"":2,""y"":7,""t"":37888},{""x"":3,""y"":7,""t"":38490},{""x"":3,""y"":6,""t"":39186},{""x"":4,""y"":6,""t"":42316},{""x"":3,""y"":6,""t"":48116},{""x"":2,""y"":6,""t"":48440},{""x"":1,""y"":6,""t"":48816},{""x"":1,""y"":5,""t"":49398},{""x"":1,""y"":4,""t"":49688},{""x"":1,""y"":3,""t"":49996},{""x"":2,""y"":3,""t"":50654},{""x"":3,""y"":3,""t"":51012},{""x"":3,""y"":4,""t"":53270},{""x"":4,""y"":4,""t"":53633},{""x"":5,""y"":4,""t"":54000},{""x"":5,""y"":5,""t"":54765},{""x"":6,""y"":5,""t"":55589},{""x"":6,""y"":6,""t"":56121},{""x"":6,""y"":7,""t"":56529},{""x"":7,""y"":7,""t"":56971},{""x"":7,""y"":6,""t"":58531},{""x"":7,""y"":5,""t"":58910},{""x"":7,""y"":4,""t"":59878},{""x"":6,""y"":4,""t"":65421},{""x"":5,""y"":4,""t"":68936},{""x"":5,""y"":3,""t"":69321},{""x"":6,""y"":3,""t"":69772},{""x"":7,""y"":3,""t"":70121},{""x"":7,""y"":2,""t"":71229},{""x"":6,""y"":2,""t"":71669},{""x"":5,""y"":2,""t"":72501},{""x"":5,""y"":1,""t"":72908},{""x"":6,""y"":1,""t"":73508},{""x"":6,""y"":0,""t"":73859},{""x"":5,""y"":0,""t"":74291}]"
vm84l0arx2,"[{""x"":0,""y"":0,""t"":0},{""x"":1,""y"":0,""t"":1041},{""x"":2,""y"":0,""t"":1642},{""x"":3,""y"":0,""t"":1841},{""x"":4,""y"":0,""t"":2024},{""x"":5,""y"":0,""t"":2196},{""x"":6,""y"":0,""t"":2375},{""x"":6,""y"":1,""t"":3245},{""x"":6,""y"":2,""t"":3632},{""x"":7,""y"":2,""t"":4815},{""x"":7,""y"":3,""t"":5102},{""x"":7,""y"":4,""t"":5386},{""x"":7,""y"":5,""t"":5576},{""x"":7,""y"":6,""t"":5754},{""x"":7,""y"":7,""t"":5936},{""x"":6,""y"":7,""t"":6674},{""x"":6,""y"":6,""t"":7439},{""x"":6,""y"":5,""t"":7605},{""x"":6,""y"":4,""t"":7788},{""x"":6,""y"":3,""t"":7987},{""x"":6,""y"":2,""t"":8195},{""x"":6,""y"":1,""t"":9342},{""x"":5,""y"":1,""t"":9676},{""x"":5,""y"":2,""t"":10478},{""x"":5,""y"":3,""t"":10667},{""x"":5,""y"":4,""t"":10860},{""x"":5,""y"":5,""t"":11046},{""x"":5,""y"":4,""t"":12364},{""x"":4,""y"":4,""t"":12833},{""x"":4,""y"":3,""t"":13450},{""x"":4,""y"":2,""t"":13656},{""x"":4,""y"":1,""t"":13834},{""x"":4,""y"":0,""t"":14035},{""x"":4,""y"":1,""t"":14787},{""x"":4,""y"":2,""t"":15588},{""x"":3,""y"":2,""t"":15850},{""x"":2,""y"":2,""t"":16422},{""x"":2,""y"":3,""t"":16839},{""x"":3,""y"":3,""t"":17391},{""x"":3,""y"":4,""t"":17926},{""x"":3,""y"":3,""t"":18543},{""x"":2,""y"":3,""t"":18797},{""x"":1,""y"":3,""t"":19079},{""x"":0,""y"":3,""t"":19295},{""x"":0,""y"":4,""t"":20080},{""x"":0,""y"":5,""t"":20314},{""x"":0,""y"":6,""t"":20532},{""x"":0,""y"":7,""t"":20716},{""x"":1,""y"":7,""t"":21867},{""x"":1,""y"":6,""t"":22166},{""x"":1,""y"":5,""t"":22402},{""x"":1,""y"":4,""t"":22618},{""x"":1,""y"":5,""t"":23421},{""x"":1,""y"":6,""t"":23605},{""x"":2,""y"":6,""t"":24707},{""x"":3,""y"":6,""t"":24907},{""x"":4,""y"":6,""t"":25107},{""x"":3,""y"":6,""t"":25893},{""x"":3,""y"":7,""t"":26193},{""x"":2,""y"":7,""t"":26727}]"
vfzxygwi4v,"[{""x"":0,""y"":0,""t"":0},{""x"":1,""y"":0,""t"":969},{""x"":2,""y"":0,""t"":1189},{""x"":3,""y"":0,""t"":1370},{""x"":4,""y"":0,""t"":1552},{""x"":5,""y"":0,""t"":1738},{""x"":6,""y"":0,""t"":1954},{""x"":6,""y"":1,""t"":2386},{""x"":6,""y"":2,""t"":2854},{""x"":7,""y"":2,""t"":3091},{""x"":7,""y"":3,""t"":3349},{""x"":7,""y"":4,""t"":3852},{""x"":7,""y"":5,""t"":3930},{""x"":7,""y"":6,""t"":4166},{""x"":7,""y"":7,""t"":5371},{""x"":6,""y"":7,""t"":5668},{""x"":6,""y"":6,""t"":5955},{""x"":6,""y"":5,""t"":6479},{""x"":6,""y"":4,""t"":6705},{""x"":6,""y"":3,""t"":6891},{""x"":6,""y"":2,""t"":7121},{""x"":5,""y"":2,""t"":7991},{""x"":5,""y"":1,""t"":8330},{""x"":4,""y"":1,""t"":8706},{""x"":4,""y"":2,""t"":9490},{""x"":3,""y"":2,""t"":9818},{""x"":2,""y"":2,""t"":10095},{""x"":2,""y"":3,""t"":12470},{""x"":3,""y"":3,""t"":12765},{""x"":4,""y"":3,""t"":13010},{""x"":5,""y"":3,""t"":13228},{""x"":5,""y"":4,""t"":13596},{""x"":4,""y"":4,""t"":13845},{""x"":3,""y"":4,""t"":14063},{""x"":3,""y"":3,""t"":14481},{""x"":3,""y"":4,""t"":15098},{""x"":4,""y"":4,""t"":15328},{""x"":5,""y"":4,""t"":15561},{""x"":5,""y"":5,""t"":15757},{""x"":5,""y"":4,""t"":16059},{""x"":5,""y"":3,""t"":16441},{""x"":4,""y"":3,""t"":16812},{""x"":3,""y"":3,""t"":16997},{""x"":2,""y"":3,""t"":17145},{""x"":1,""y"":3,""t"":17327},{""x"":0,""y"":3,""t"":17876},{""x"":0,""y"":4,""t"":18114},{""x"":0,""y"":5,""t"":18312},{""x"":0,""y"":6,""t"":18496},{""x"":0,""y"":7,""t"":18731},{""x"":1,""y"":7,""t"":19139},{""x"":2,""y"":7,""t"":19374},{""x"":3,""y"":7,""t"":19609},{""x"":3,""y"":6,""t"":19938},{""x"":4,""y"":6,""t"":20198},{""x"":3,""y"":6,""t"":20532},{""x"":2,""y"":6,""t"":20757},{""x"":1,""y"":6,""t"":21004},{""x"":1,""y"":5,""t"":21280},{""x"":1,""y"":4,""t"":21510}]"
9gmwral6dm,"[{""x"":0,""y"":0,""t"":0},{""x"":1,""y"":0,""t"":7250},{""x"":2,""y"":0,""t"":8765},{""x"":3,""y"":0,""t"":9148},{""x"":4,""y"":0,""t"":9598},{""x"":4,""y"":1,""t"":10481},{""x"":4,""y"":2,""t"":11281},{""x"":4,""y"":3,""t"":15698},{""x"":4,""y"":4,""t"":16064},{""x"":3,""y"":4,""t"":16948},{""x"":3,""y"":3,""t"":17697},{""x"":3,""y"":2,""t"":18147},{""x"":2,""y"":2,""t"":18764},{""x"":2,""y"":3,""t"":19965},{""x"":1,""y"":3,""t"":20416},{""x"":0,""y"":3,""t"":21432},{""x"":0,""y"":4,""t"":21998},{""x"":1,""y"":4,""t"":24550},{""x"":1,""y"":5,""t"":26013},{""x"":0,""y"":5,""t"":26414},{""x"":0,""y"":6,""t"":34529},{""x"":0,""y"":7,""t"":35031},{""x"":1,""y"":7,""t"":35849},{""x"":1,""y"":6,""t"":37429},{""x"":2,""y"":6,""t"":39996},{""x"":2,""y"":7,""t"":40698},{""x"":3,""y"":7,""t"":41529},{""x"":3,""y"":6,""t"":41946},{""x"":4,""y"":6,""t"":43213},{""x"":3,""y"":6,""t"":49412},{""x"":2,""y"":6,""t"":50680},{""x"":1,""y"":6,""t"":51332},{""x"":1,""y"":5,""t"":52479},{""x"":1,""y"":4,""t"":52745},{""x"":1,""y"":3,""t"":54344},{""x"":2,""y"":3,""t"":54778},{""x"":3,""y"":3,""t"":57962},{""x"":3,""y"":4,""t"":59061},{""x"":4,""y"":4,""t"":60293},{""x"":5,""y"":4,""t"":60694},{""x"":5,""y"":5,""t"":61578},{""x"":6,""y"":5,""t"":62411},{""x"":6,""y"":6,""t"":63614},{""x"":6,""y"":7,""t"":64047},{""x"":7,""y"":7,""t"":64761},{""x"":7,""y"":6,""t"":65661},{""x"":7,""y"":5,""t"":65994},{""x"":7,""y"":4,""t"":66430},{""x"":7,""y"":3,""t"":68861},{""x"":6,""y"":3,""t"":71928},{""x"":6,""y"":4,""t"":72294},{""x"":6,""y"":3,""t"":73427},{""x"":5,""y"":3,""t"":74726},{""x"":5,""y"":2,""t"":78760},{""x"":5,""y"":1,""t"":79226},{""x"":5,""y"":0,""t"":79693},{""x"":6,""y"":0,""t"":81997},{""x"":6,""y"":1,""t"":82392},{""x"":6,""y"":2,""t"":83427},{""x"":7,""y"":2,""t"":84826}]"
srvgb5gttq,"[{""x"":0,""y"":0,""t"":0},{""x"":1,""y"":0,""t"":5543},{""x"":2,""y"":0,""t"":5759},{""x"":3,""y"":0,""t"":5955},{""x"":4,""y"":0,""t"":6144},{""x"":5,""y"":0,""t"":6327},{""x"":6,""y"":0,""t"":6518},{""x"":6,""y"":1,""t"":7663},{""x"":5,""y"":1,""t"":8323},{""x"":4,""y"":1,""t"":8689},{""x"":4,""y"":2,""t"":9596},{""x"":3,""y"":2,""t"":10054},{""x"":2,""y"":2,""t"":10277},{""x"":2,""y"":3,""t"":11326},{""x"":1,""y"":3,""t"":12048},{""x"":0,""y"":3,""t"":12276},{""x"":0,""y"":4,""t"":13165},{""x"":1,""y"":4,""t"":13668},{""x"":1,""y"":5,""t"":14668},{""x"":0,""y"":5,""t"":15117},{""x"":0,""y"":6,""t"":15717},{""x"":0,""y"":7,""t"":17696},{""x"":1,""y"":7,""t"":18097},{""x"":1,""y"":6,""t"":18691},{""x"":2,""y"":6,""t"":19455},{""x"":2,""y"":7,""t"":20538},{""x"":3,""y"":7,""t"":20975},{""x"":3,""y"":6,""t"":21768},{""x"":4,""y"":6,""t"":22159},{""x"":3,""y"":6,""t"":24158},{""x"":2,""y"":6,""t"":24384},{""x"":1,""y"":6,""t"":24596},{""x"":1,""y"":5,""t"":25688},{""x"":1,""y"":4,""t"":25915},{""x"":1,""y"":3,""t"":26117},{""x"":2,""y"":3,""t"":28390},{""x"":3,""y"":3,""t"":29630},{""x"":4,""y"":3,""t"":29929},{""x"":4,""y"":2,""t"":30671},{""x"":5,""y"":2,""t"":31071},{""x"":6,""y"":2,""t"":31404},{""x"":7,""y"":2,""t"":31790},{""x"":7,""y"":3,""t"":32485},{""x"":6,""y"":3,""t"":32909},{""x"":5,""y"":3,""t"":33169},{""x"":5,""y"":4,""t"":33889},{""x"":4,""y"":4,""t"":34755},{""x"":3,""y"":4,""t"":35109},{""x"":4,""y"":4,""t"":35550},{""x"":5,""y"":4,""t"":35793},{""x"":6,""y"":4,""t"":35985},{""x"":7,""y"":4,""t"":36192},{""x"":7,""y"":5,""t"":36907},{""x"":6,""y"":5,""t"":37264},{""x"":5,""y"":5,""t"":37590},{""x"":6,""y"":5,""t"":38124},{""x"":6,""y"":6,""t"":38954},{""x"":6,""y"":7,""t"":39298},{""x"":7,""y"":7,""t"":39759},{""x"":7,""y"":6,""t"":40618}]"
ias67d59xz,"[{""x"":0,""y"":0,""t"":0},{""x"":1,""y"":0,""t"":2107},{""x"":2,""y"":0,""t"":2385},{""x"":3,""y"":0,""t"":2543},{""x"":4,""y"":0,""t"":2707},{""x"":5,""y"":0,""t"":3131},{""x"":6,""y"":0,""t"":3585},{""x"":6,""y"":1,""t"":4465},{""x"":5,""y"":1,""t"":4976},{""x"":4,""y"":1,""t"":5358},{""x"":4,""y"":2,""t"":12356},{""x"":3,""y"":2,""t"":12714},{""x"":2,""y"":2,""t"":13078},{""x"":2,""y"":3,""t"":14896},{""x"":1,""y"":3,""t"":15275},{""x"":0,""y"":3,""t"":16165},{""x"":0,""y"":4,""t"":16745},{""x"":1,""y"":4,""t"":17284},{""x"":1,""y"":5,""t"":17791},{""x"":0,""y"":5,""t"":18227},{""x"":0,""y"":6,""t"":18794},{""x"":0,""y"":7,""t"":20234},{""x"":1,""y"":7,""t"":21112},{""x"":1,""y"":6,""t"":21470},{""x"":2,""y"":6,""t"":21953},{""x"":2,""y"":7,""t"":22413},{""x"":3,""y"":7,""t"":22853},{""x"":3,""y"":6,""t"":23216},{""x"":4,""y"":6,""t"":25780},{""x"":3,""y"":6,""t"":26908},{""x"":2,""y"":6,""t"":27101},{""x"":1,""y"":6,""t"":27247},{""x"":0,""y"":6,""t"":27439},{""x"":1,""y"":6,""t"":29839},{""x"":1,""y"":5,""t"":30990},{""x"":1,""y"":4,""t"":31186},{""x"":1,""y"":3,""t"":31339},{""x"":2,""y"":3,""t"":32453},{""x"":3,""y"":3,""t"":32608},{""x"":4,""y"":3,""t"":32782},{""x"":4,""y"":4,""t"":35862},{""x"":3,""y"":4,""t"":36205},{""x"":4,""y"":4,""t"":36763},{""x"":5,""y"":4,""t"":37146},{""x"":5,""y"":5,""t"":38066},{""x"":6,""y"":5,""t"":38457},{""x"":6,""y"":6,""t"":38970},{""x"":6,""y"":7,""t"":39349},{""x"":7,""y"":7,""t"":39753},{""x"":7,""y"":6,""t"":40566},{""x"":7,""y"":5,""t"":40777},{""x"":7,""y"":4,""t"":40924},{""x"":7,""y"":3,""t"":41314},{""x"":7,""y"":4,""t"":43359},{""x"":6,""y"":4,""t"":43615},{""x"":6,""y"":3,""t"":43973},{""x"":5,""y"":3,""t"":44415},{""x"":5,""y"":2,""t"":44943},{""x"":6,""y"":2,""t"":45992},{""x"":7,""y"":2,""t"":46217}]"
kwj11dhinz,"[{""x"":0,""y"":0,""t"":0},{""x"":1,""y"":0,""t"":1307},{""x"":2,""y"":0,""t"":1622},{""x"":3,""y"":0,""t"":1801},{""x"":4,""y"":0,""t"":2026},{""x"":5,""y"":0,""t"":2251},{""x"":6,""y"":0,""t"":2611},{""x"":6,""y"":1,""t"":2974},{""x"":5,""y"":1,""t"":3241},{""x"":4,""y"":1,""t"":3436},{""x"":5,""y"":1,""t"":4636},{""x"":6,""y"":1,""t"":4906},{""x"":6,""y"":2,""t"":5554},{""x"":7,""y"":2,""t"":5851},{""x"":7,""y"":3,""t"":6154},{""x"":7,""y"":4,""t"":6483},{""x"":7,""y"":5,""t"":6679},{""x"":7,""y"":6,""t"":6874},{""x"":7,""y"":7,""t"":7069},{""x"":6,""y"":7,""t"":7591},{""x"":6,""y"":6,""t"":7879},{""x"":6,""y"":5,""t"":8088},{""x"":6,""y"":4,""t"":8269},{""x"":6,""y"":3,""t"":8689},{""x"":5,""y"":3,""t"":9091},{""x"":5,""y"":2,""t"":9482},{""x"":4,""y"":2,""t"":9781},{""x"":3,""y"":2,""t"":10111},{""x"":2,""y"":2,""t"":10395},{""x"":2,""y"":3,""t"":11119},{""x"":3,""y"":3,""t"":11431},{""x"":4,""y"":3,""t"":11671},{""x"":4,""y"":4,""t"":12213},{""x"":5,""y"":4,""t"":12480},{""x"":5,""y"":5,""t"":12813},{""x"":5,""y"":4,""t"":13398},{""x"":4,""y"":4,""t"":13725},{""x"":3,""y"":4,""t"":14040},{""x"":3,""y"":3,""t"":14358},{""x"":2,""y"":3,""t"":14851},{""x"":1,""y"":3,""t"":15106},{""x"":0,""y"":3,""t"":15315},{""x"":0,""y"":4,""t"":15708},{""x"":0,""y"":5,""t"":15933},{""x"":0,""y"":6,""t"":16833},{""x"":0,""y"":7,""t"":17328},{""x"":1,""y"":7,""t"":17640},{""x"":1,""y"":6,""t"":18813},{""x"":1,""y"":7,""t"":18827},{""x"":1,""y"":6,""t"":19068},{""x"":1,""y"":5,""t"":19156},{""x"":1,""y"":4,""t"":19398},{""x"":1,""y"":5,""t"":19878},{""x"":1,""y"":6,""t"":20132},{""x"":2,""y"":6,""t"":20475},{""x"":3,""y"":6,""t"":20685},{""x"":4,""y"":6,""t"":21120},{""x"":3,""y"":6,""t"":21420},{""x"":2,""y"":6,""t"":21765},{""x"":2,""y"":7,""t"":22263},{""x"":3,""y"":7,""t"":22605}]"
2iibwbkpcy,"[{""x"":0,""y"":0,""t"":0},{""x"":1,""y"":0,""t"":2117},{""x"":2,""y"":0,""t"":2618},{""x"":3,""y"":0,""t"":2697},{""x"":4,""y"":0,""t"":3090},{""x"":4,""y"":1,""t"":4930},{""x"":4,""y"":2,""t"":5303},{""x"":3,""y"":2,""t"":5685},{""x"":2,""y"":2,""t"":6139},{""x"":2,""y"":3,""t"":6530},{""x"":1,""y"":3,""t"":6811},{""x"":0,""y"":3,""t"":7655},{""x"":0,""y"":4,""t"":8034},{""x"":1,""y"":4,""t"":8568},{""x"":1,""y"":5,""t"":9120},{""x"":0,""y"":5,""t"":9443},{""x"":0,""y"":6,""t"":10381},{""x"":1,""y"":6,""t"":10917},{""x"":2,""y"":6,""t"":11409},{""x"":3,""y"":6,""t"":11973},{""x"":4,""y"":6,""t"":12239},{""x"":3,""y"":6,""t"":12783},{""x"":3,""y"":7,""t"":12989},{""x"":2,""y"":7,""t"":13443},{""x"":1,""y"":7,""t"":13942},{""x"":0,""y"":7,""t"":14020},{""x"":0,""y"":6,""t"":15914},{""x"":0,""y"":5,""t"":16415},{""x"":0,""y"":4,""t"":16493},{""x"":0,""y"":3,""t"":16580},{""x"":1,""y"":3,""t"":16990},{""x"":2,""y"":3,""t"":17542},{""x"":3,""y"":3,""t"":17756},{""x"":3,""y"":4,""t"":18371},{""x"":4,""y"":4,""t"":18633},{""x"":5,""y"":4,""t"":19244},{""x"":5,""y"":5,""t"":19423},{""x"":6,""y"":5,""t"":19870},{""x"":6,""y"":6,""t"":20643},{""x"":6,""y"":7,""t"":20873},{""x"":7,""y"":7,""t"":21122},{""x"":7,""y"":6,""t"":21472},{""x"":7,""y"":5,""t"":21794},{""x"":7,""y"":4,""t"":22017},{""x"":6,""y"":4,""t"":22589},{""x"":6,""y"":3,""t"":24043},{""x"":7,""y"":3,""t"":24214},{""x"":6,""y"":3,""t"":24726},{""x"":5,""y"":3,""t"":24948},{""x"":4,""y"":3,""t"":25139},{""x"":5,""y"":3,""t"":25632},{""x"":5,""y"":2,""t"":26117},{""x"":6,""y"":2,""t"":26442},{""x"":7,""y"":2,""t"":26729},{""x"":6,""y"":2,""t"":27582},{""x"":6,""y"":1,""t"":27809},{""x"":6,""y"":0,""t"":28059},{""x"":5,""y"":0,""t"":29000},{""x"":6,""y"":0,""t"":29156},{""x"":5,""y"":0,""t"":29749},{""x"":5,""y"":1,""t"":30020}]"
9jo1n6imd1,"[{""x"":0,""y"":0,""t"":0},{""x"":1,""y"":0,""t"":6920},{""x"":2,""y"":0,""t"":7453},{""x"":3,""y"":0,""t"":7986},{""x"":4,""y"":0,""t"":10453},{""x"":5,""y"":0,""t"":10953},{""x"":6,""y"":0,""t"":11453},{""x"":6,""y"":1,""t"":12437},{""x"":6,""y"":2,""t"":12871},{""x"":7,""y"":2,""t"":15621},{""x"":7,""y"":3,""t"":16821},{""x"":7,""y"":4,""t"":17337},{""x"":7,""y"":5,""t"":17837},{""x"":7,""y"":6,""t"":20104},{""x"":7,""y"":7,""t"":20821},{""x"":6,""y"":7,""t"":21721},{""x"":6,""y"":6,""t"":22605},{""x"":6,""y"":5,""t"":23057},{""x"":6,""y"":4,""t"":24657},{""x"":6,""y"":3,""t"":27305},{""x"":5,""y"":3,""t"":31773},{""x"":5,""y"":2,""t"":34024},{""x"":5,""y"":1,""t"":34440},{""x"":4,""y"":1,""t"":35523},{""x"":4,""y"":2,""t"":36691},{""x"":3,""y"":2,""t"":37623},{""x"":2,""y"":2,""t"":38974},{""x"":2,""y"":3,""t"":42126},{""x"":1,""y"":3,""t"":43191},{""x"":0,""y"":3,""t"":45076},{""x"":0,""y"":4,""t"":46959},{""x"":0,""y"":5,""t"":47358},{""x"":0,""y"":6,""t"":47926},{""x"":0,""y"":7,""t"":48559},{""x"":1,""y"":7,""t"":53276},{""x"":1,""y"":6,""t"":54277},{""x"":1,""y"":5,""t"":57210},{""x"":1,""y"":4,""t"":58763},{""x"":1,""y"":3,""t"":60211},{""x"":2,""y"":3,""t"":60978},{""x"":3,""y"":3,""t"":61445},{""x"":4,""y"":3,""t"":61928},{""x"":3,""y"":3,""t"":64462},{""x"":3,""y"":4,""t"":65761},{""x"":4,""y"":4,""t"":67113},{""x"":5,""y"":4,""t"":67646},{""x"":5,""y"":5,""t"":68644},{""x"":5,""y"":4,""t"":74114},{""x"":5,""y"":3,""t"":74913},{""x"":4,""y"":3,""t"":75647},{""x"":3,""y"":3,""t"":76197},{""x"":2,""y"":3,""t"":76647},{""x"":1,""y"":3,""t"":77080},{""x"":1,""y"":4,""t"":77898},{""x"":1,""y"":5,""t"":78365},{""x"":1,""y"":6,""t"":78848},{""x"":2,""y"":6,""t"":79464},{""x"":2,""y"":7,""t"":81449},{""x"":3,""y"":7,""t"":82198},{""x"":3,""y"":6,""t"":82931},{""x"":4,""y"":6,""t"":83448}]"
phko57zgoz,"[{""x"":0,""y"":0,""t"":0},{""x"":1,""y"":0,""t"":1601},{""x"":2,""y"":0,""t"":1966},{""x"":3,""y"":0,""t"":2350},{""x"":4,""y"":0,""t"":3752},{""x"":5,""y"":0,""t"":4219},{""x"":6,""y"":0,""t"":4701},{""x"":6,""y"":1,""t"":6253},{""x"":5,""y"":1,""t"":7501},{""x"":4,""y"":1,""t"":7950},{""x"":4,""y"":2,""t"":10052},{""x"":3,""y"":2,""t"":11000},{""x"":2,""y"":2,""t"":11535},{""x"":2,""y"":3,""t"":12235},{""x"":1,""y"":3,""t"":12785},{""x"":0,""y"":3,""t"":13336},{""x"":0,""y"":4,""t"":13986},{""x"":0,""y"":5,""t"":14302},{""x"":0,""y"":6,""t"":14685},{""x"":0,""y"":7,""t"":15103},{""x"":1,""y"":7,""t"":15720},{""x"":1,""y"":6,""t"":16451},{""x"":1,""y"":5,""t"":16821},{""x"":1,""y"":4,""t"":17350},{""x"":1,""y"":3,""t"":19153},{""x"":2,""y"":3,""t"":20639},{""x"":3,""y"":3,""t"":21155},{""x"":4,""y"":3,""t"":23004},{""x"":5,""y"":3,""t"":24403},{""x"":5,""y"":2,""t"":25236},{""x"":6,""y"":2,""t"":26188},{""x"":7,""y"":2,""t"":26537},{""x"":7,""y"":3,""t"":27472},{""x"":7,""y"":4,""t"":29204},{""x"":7,""y"":5,""t"":29589},{""x"":7,""y"":6,""t"":29920},{""x"":7,""y"":7,""t"":31555},{""x"":6,""y"":7,""t"":32571},{""x"":6,""y"":6,""t"":33422},{""x"":6,""y"":5,""t"":33771},{""x"":6,""y"":4,""t"":34088},{""x"":6,""y"":3,""t"":34421},{""x"":5,""y"":3,""t"":35305},{""x"":5,""y"":4,""t"":36505},{""x"":5,""y"":5,""t"":36888},{""x"":5,""y"":4,""t"":38223},{""x"":4,""y"":4,""t"":39056},{""x"":3,""y"":4,""t"":39341},{""x"":3,""y"":3,""t"":39957},{""x"":2,""y"":3,""t"":40506},{""x"":1,""y"":3,""t"":41873},{""x"":1,""y"":4,""t"":42674},{""x"":1,""y"":5,""t"":42973},{""x"":1,""y"":6,""t"":43324},{""x"":1,""y"":7,""t"":45409},{""x"":2,""y"":7,""t"":46425},{""x"":2,""y"":6,""t"":47290},{""x"":3,""y"":6,""t"":48490},{""x"":4,""y"":6,""t"":49536},{""x"":3,""y"":6,""t"":50441},{""x"":3,""y"":7,""t"":50758}]"
fqs0ug8p48,"[{""x"":0,""y"":0,""t"":0},{""x"":1,""y"":0,""t"":1131},{""x"":2,""y"":0,""t"":1291},{""x"":3,""y"":0,""t"":1441},{""x"":4,""y"":0,""t"":1608},{""x"":5,""y"":0,""t"":1758},{""x"":6,""y"":0,""t"":1924},{""x"":6,""y"":1,""t"":3133},{""x"":5,""y"":1,""t"":3549},{""x"":4,""y"":1,""t"":3846},{""x"":4,""y"":2,""t"":4283},{""x"":3,""y"":2,""t"":5308},{""x"":2,""y"":2,""t"":5508},{""x"":2,""y"":3,""t"":6227},{""x"":1,""y"":3,""t"":6579},{""x"":0,""y"":3,""t"":6979},{""x"":0,""y"":4,""t"":7381},{""x"":0,""y"":5,""t"":7609},{""x"":0,""y"":6,""t"":7896},{""x"":0,""y"":7,""t"":8264},{""x"":1,""y"":7,""t"":8915},{""x"":2,""y"":7,""t"":9141},{""x"":3,""y"":7,""t"":9581},{""x"":3,""y"":6,""t"":10113},{""x"":2,""y"":6,""t"":10547},{""x"":1,""y"":6,""t"":11846},{""x"":1,""y"":5,""t"":12075},{""x"":1,""y"":4,""t"":12308},{""x"":1,""y"":3,""t"":12761},{""x"":2,""y"":3,""t"":13046},{""x"":3,""y"":3,""t"":13242},{""x"":4,""y"":3,""t"":13407},{""x"":5,""y"":3,""t"":13591},{""x"":5,""y"":2,""t"":14424},{""x"":6,""y"":2,""t"":14797},{""x"":7,""y"":2,""t"":15907},{""x"":7,""y"":3,""t"":16282},{""x"":7,""y"":4,""t"":16457},{""x"":7,""y"":5,""t"":16624},{""x"":7,""y"":6,""t"":16791},{""x"":7,""y"":7,""t"":17233},{""x"":6,""y"":7,""t"":17712},{""x"":6,""y"":6,""t"":18031},{""x"":6,""y"":5,""t"":18208},{""x"":5,""y"":5,""t"":18897},{""x"":5,""y"":4,""t"":19282},{""x"":6,""y"":4,""t"":20998},{""x"":6,""y"":3,""t"":21279},{""x"":5,""y"":3,""t"":21664},{""x"":4,""y"":3,""t"":21949},{""x"":4,""y"":4,""t"":22265},{""x"":3,""y"":4,""t"":22648},{""x"":3,""y"":3,""t"":24629},{""x"":2,""y"":3,""t"":24947},{""x"":1,""y"":3,""t"":25580},{""x"":1,""y"":4,""t"":25880},{""x"":1,""y"":5,""t"":26076},{""x"":1,""y"":6,""t"":26225},{""x"":2,""y"":6,""t"":26499},{""x"":3,""y"":6,""t"":26658},{""x"":4,""y"":6,""t"":26841}]"
k6c4oj3b4b,"[{""x"":0,""y"":0,""t"":0},{""x"":1,""y"":0,""t"":1640},{""x"":2,""y"":0,""t"":2140},{""x"":3,""y"":0,""t"":2224},{""x"":4,""y"":0,""t"":2307},{""x"":5,""y"":0,""t"":2391},{""x"":6,""y"":0,""t"":2474},{""x"":6,""y"":1,""t"":3641},{""x"":5,""y"":1,""t"":4796},{""x"":4,""y"":1,""t"":5101},{""x"":4,""y"":2,""t"":10012},{""x"":5,""y"":2,""t"":10726},{""x"":6,""y"":2,""t"":11226},{""x"":7,""y"":2,""t"":11310},{""x"":7,""y"":3,""t"":12446},{""x"":6,""y"":3,""t"":13423},{""x"":5,""y"":3,""t"":13914},{""x"":4,""y"":3,""t"":13996},{""x"":3,""y"":3,""t"":14081},{""x"":3,""y"":4,""t"":15364},{""x"":4,""y"":4,""t"":16002},{""x"":5,""y"":4,""t"":16503},{""x"":6,""y"":4,""t"":16589},{""x"":7,""y"":4,""t"":16672},{""x"":7,""y"":5,""t"":17420},{""x"":6,""y"":5,""t"":18179},{""x"":5,""y"":5,""t"":20273},{""x"":6,""y"":5,""t"":21476},{""x"":6,""y"":6,""t"":22411},{""x"":6,""y"":7,""t"":22911},{""x"":7,""y"":7,""t"":23452},{""x"":7,""y"":6,""t"":24070},{""x"":7,""y"":5,""t"":24570},{""x"":7,""y"":4,""t"":24660},{""x"":7,""y"":3,""t"":24974},{""x"":6,""y"":3,""t"":25878},{""x"":5,""y"":3,""t"":26377},{""x"":4,""y"":3,""t"":26461},{""x"":3,""y"":3,""t"":26544},{""x"":2,""y"":3,""t"":26627},{""x"":1,""y"":3,""t"":26712},{""x"":0,""y"":3,""t"":26796},{""x"":0,""y"":4,""t"":27438},{""x"":0,""y"":5,""t"":27938},{""x"":0,""y"":6,""t"":28024},{""x"":0,""y"":7,""t"":28107},{""x"":1,""y"":7,""t"":28839},{""x"":2,""y"":7,""t"":29340},{""x"":3,""y"":7,""t"":29426},{""x"":3,""y"":6,""t"":30089},{""x"":4,""y"":6,""t"":30593},{""x"":3,""y"":6,""t"":31222},{""x"":2,""y"":6,""t"":31723},{""x"":1,""y"":6,""t"":31806},{""x"":0,""y"":6,""t"":31889},{""x"":1,""y"":6,""t"":33043},{""x"":1,""y"":5,""t"":35359},{""x"":1,""y"":4,""t"":35744},{""x"":1,""y"":3,""t"":36392},{""x"":2,""y"":3,""t"":37346},{""x"":2,""y"":2,""t"":37877},{""x"":3,""y"":2,""t"":38342}]"
n5orkd7fgd,"[{""x"":0,""y"":0,""t"":0},{""x"":1,""y"":0,""t"":1096},{""x"":2,""y"":0,""t"":1292},{""x"":3,""y"":0,""t"":1507},{""x"":4,""y"":0,""t"":1702},{""x"":5,""y"":0,""t"":1882},{""x"":6,""y"":0,""t"":2112},{""x"":6,""y"":1,""t"":2892},{""x"":6,""y"":2,""t"":3233},{""x"":6,""y"":3,""t"":3495},{""x"":6,""y"":4,""t"":5874},{""x"":6,""y"":5,""t"":6085},{""x"":6,""y"":6,""t"":6497},{""x"":6,""y"":7,""t"":6945},{""x"":7,""y"":7,""t"":7508},{""x"":7,""y"":6,""t"":7916},{""x"":7,""y"":5,""t"":8110},{""x"":7,""y"":4,""t"":8331},{""x"":7,""y"":3,""t"":8717},{""x"":7,""y"":2,""t"":9106},{""x"":6,""y"":2,""t"":9847},{""x"":5,""y"":2,""t"":11109},{""x"":5,""y"":1,""t"":13641},{""x"":4,""y"":1,""t"":14068},{""x"":4,""y"":2,""t"":14839},{""x"":3,""y"":2,""t"":15351},{""x"":2,""y"":2,""t"":15582},{""x"":2,""y"":3,""t"":16258},{""x"":1,""y"":3,""t"":16745},{""x"":0,""y"":3,""t"":17090},{""x"":0,""y"":4,""t"":18048},{""x"":1,""y"":4,""t"":18852},{""x"":1,""y"":5,""t"":20911},{""x"":1,""y"":6,""t"":21151},{""x"":1,""y"":7,""t"":21529},{""x"":0,""y"":7,""t"":22512},{""x"":0,""y"":6,""t"":23411},{""x"":0,""y"":5,""t"":23682},{""x"":1,""y"":5,""t"":24803},{""x"":1,""y"":6,""t"":25344},{""x"":2,""y"":6,""t"":25885},{""x"":3,""y"":6,""t"":26140},{""x"":3,""y"":7,""t"":27845},{""x"":2,""y"":7,""t"":28329},{""x"":3,""y"":7,""t"":28995},{""x"":3,""y"":6,""t"":29703},{""x"":4,""y"":6,""t"":30039},{""x"":3,""y"":6,""t"":35321},{""x"":2,""y"":6,""t"":35576},{""x"":1,""y"":6,""t"":35972},{""x"":1,""y"":5,""t"":36497},{""x"":1,""y"":4,""t"":36810},{""x"":1,""y"":3,""t"":37129},{""x"":2,""y"":3,""t"":37876},{""x"":3,""y"":3,""t"":38126},{""x"":4,""y"":3,""t"":38439},{""x"":5,""y"":3,""t"":38822},{""x"":5,""y"":4,""t"":39328},{""x"":5,""y"":5,""t"":39575},{""x"":5,""y"":4,""t"":40258},{""x"":4,""y"":4,""t"":40836},{""x"":3,""y"":4,""t"":41030}]"
nxdmke9enc,"[{""x"":0,""y"":0,""t"":0},{""x"":1,""y"":0,""t"":3331},{""x"":2,""y"":0,""t"":3810},{""x"":3,""y"":0,""t"":4011},{""x"":4,""y"":0,""t"":4211},{""x"":5,""y"":0,""t"":4521},{""x"":6,""y"":0,""t"":4942},{""x"":6,""y"":1,""t"":7275},{""x"":6,""y"":2,""t"":8450},{""x"":7,""y"":2,""t"":8880},{""x"":7,""y"":3,""t"":10427},{""x"":7,""y"":4,""t"":10717},{""x"":7,""y"":5,""t"":10947},{""x"":7,""y"":6,""t"":11134},{""x"":7,""y"":7,""t"":11338},{""x"":6,""y"":7,""t"":12382},{""x"":6,""y"":6,""t"":14250},{""x"":6,""y"":5,""t"":14630},{""x"":6,""y"":4,""t"":14929},{""x"":6,""y"":3,""t"":15281},{""x"":5,""y"":3,""t"":26492},{""x"":4,""y"":3,""t"":26931},{""x"":3,""y"":3,""t"":27172},{""x"":2,""y"":3,""t"":27386},{""x"":1,""y"":3,""t"":27582},{""x"":0,""y"":3,""t"":27824},{""x"":0,""y"":4,""t"":29055},{""x"":1,""y"":4,""t"":30259},{""x"":1,""y"":5,""t"":31358},{""x"":1,""y"":6,""t"":33753},{""x"":1,""y"":7,""t"":34230},{""x"":2,""y"":7,""t"":35195},{""x"":3,""y"":7,""t"":35596},{""x"":3,""y"":6,""t"":37339},{""x"":4,""y"":6,""t"":37814},{""x"":3,""y"":6,""t"":38379},{""x"":2,""y"":6,""t"":38781},{""x"":1,""y"":6,""t"":40247},{""x"":0,""y"":6,""t"":40723},{""x"":0,""y"":7,""t"":41454},{""x"":0,""y"":6,""t"":43413},{""x"":0,""y"":5,""t"":43822},{""x"":0,""y"":4,""t"":44813},{""x"":0,""y"":3,""t"":45152},{""x"":1,""y"":3,""t"":45837},{""x"":2,""y"":3,""t"":46291},{""x"":2,""y"":2,""t"":48266},{""x"":3,""y"":2,""t"":48908},{""x"":4,""y"":2,""t"":49240},{""x"":5,""y"":2,""t"":49714},{""x"":5,""y"":3,""t"":50658},{""x"":5,""y"":4,""t"":51123},{""x"":4,""y"":4,""t"":51788},{""x"":3,""y"":4,""t"":52152},{""x"":4,""y"":4,""t"":53227},{""x"":5,""y"":4,""t"":53633},{""x"":5,""y"":5,""t"":54175},{""x"":5,""y"":4,""t"":59175},{""x"":5,""y"":3,""t"":59374},{""x"":5,""y"":2,""t"":59541},{""x"":5,""y"":1,""t"":59728},{""x"":4,""y"":1,""t"":60950}]"
c0pkr77cnf,"[{""x"":0,""y"":0,""t"":0},{""x"":1,""y"":0,""t"":3461},{""x"":2,""y"":0,""t"":3828},{""x"":3,""y"":0,""t"":4178},{""x"":4,""y"":0,""t"":4357},{""x"":5,""y"":0,""t"":4537},{""x"":6,""y"":0,""t"":4729},{""x"":6,""y"":1,""t"":7413},{""x"":5,""y"":1,""t"":7855},{""x"":4,""y"":1,""t"":8092},{""x"":4,""y"":2,""t"":10369},{""x"":3,""y"":2,""t"":10905},{""x"":2,""y"":2,""t"":11189},{""x"":2,""y"":3,""t"":12565},{""x"":1,""y"":3,""t"":13299},{""x"":0,""y"":3,""t"":13539},{""x"":0,""y"":4,""t"":15647},{""x"":1,""y"":4,""t"":16612},{""x"":1,""y"":5,""t"":18669},{""x"":1,""y"":6,""t"":19089},{""x"":2,""y"":6,""t"":20697},{""x"":3,""y"":6,""t"":21041},{""x"":4,""y"":6,""t"":21476},{""x"":3,""y"":6,""t"":23117},{""x"":3,""y"":7,""t"":24018},{""x"":2,""y"":7,""t"":24534},{""x"":1,""y"":7,""t"":24756},{""x"":0,""y"":7,""t"":24964},{""x"":0,""y"":6,""t"":25682},{""x"":0,""y"":5,""t"":26017},{""x"":0,""y"":4,""t"":26281},{""x"":0,""y"":3,""t"":27243},{""x"":1,""y"":3,""t"":28924},{""x"":2,""y"":3,""t"":29220},{""x"":3,""y"":3,""t"":30802},{""x"":4,""y"":3,""t"":31261},{""x"":4,""y"":2,""t"":33987},{""x"":5,""y"":2,""t"":34630},{""x"":6,""y"":2,""t"":35033},{""x"":7,""y"":2,""t"":35543},{""x"":7,""y"":3,""t"":38222},{""x"":6,""y"":3,""t"":38764},{""x"":5,""y"":3,""t"":39050},{""x"":4,""y"":3,""t"":39790},{""x"":3,""y"":3,""t"":40043},{""x"":3,""y"":4,""t"":40711},{""x"":4,""y"":4,""t"":41898},{""x"":5,""y"":4,""t"":42137},{""x"":6,""y"":4,""t"":42347},{""x"":7,""y"":4,""t"":42548},{""x"":7,""y"":5,""t"":44098},{""x"":7,""y"":4,""t"":44964},{""x"":7,""y"":3,""t"":45189},{""x"":7,""y"":4,""t"":45715},{""x"":7,""y"":5,""t"":45939},{""x"":6,""y"":5,""t"":46716},{""x"":5,""y"":5,""t"":47083},{""x"":6,""y"":5,""t"":48174},{""x"":6,""y"":6,""t"":48757},{""x"":6,""y"":7,""t"":49119},{""x"":7,""y"":7,""t"":49573},{""x"":7,""y"":6,""t"":50785}]"
j2egileu98,"[{""x"":0,""y"":0,""t"":0},{""x"":1,""y"":0,""t"":11160},{""x"":2,""y"":0,""t"":11434},{""x"":3,""y"":0,""t"":11620},{""x"":4,""y"":0,""t"":11795},{""x"":5,""y"":0,""t"":11964},{""x"":6,""y"":0,""t"":12175},{""x"":6,""y"":1,""t"":17115},{""x"":5,""y"":1,""t"":17388},{""x"":4,""y"":1,""t"":17575},{""x"":4,""y"":2,""t"":17880},{""x"":3,""y"":2,""t"":18099},{""x"":2,""y"":2,""t"":18314},{""x"":2,""y"":3,""t"":18794},{""x"":1,""y"":3,""t"":19046},{""x"":0,""y"":3,""t"":19390},{""x"":0,""y"":4,""t"":20095},{""x"":1,""y"":4,""t"":24638},{""x"":1,""y"":5,""t"":24920},{""x"":0,""y"":5,""t"":25334},{""x"":0,""y"":6,""t"":26045},{""x"":0,""y"":7,""t"":26311},{""x"":1,""y"":7,""t"":27123},{""x"":1,""y"":6,""t"":27443},{""x"":2,""y"":6,""t"":27942},{""x"":2,""y"":7,""t"":28326},{""x"":3,""y"":7,""t"":28662},{""x"":3,""y"":6,""t"":29112},{""x"":4,""y"":6,""t"":29450},{""x"":3,""y"":6,""t"":31797},{""x"":2,""y"":6,""t"":31985},{""x"":1,""y"":6,""t"":32143},{""x"":0,""y"":6,""t"":32326},{""x"":0,""y"":5,""t"":32476},{""x"":0,""y"":4,""t"":32666},{""x"":0,""y"":3,""t"":32841},{""x"":1,""y"":3,""t"":33015},{""x"":2,""y"":3,""t"":33224},{""x"":3,""y"":3,""t"":33374},{""x"":4,""y"":3,""t"":34352},{""x"":5,""y"":3,""t"":34622},{""x"":5,""y"":2,""t"":34831},{""x"":6,""y"":2,""t"":35023},{""x"":7,""y"":2,""t"":35284},{""x"":7,""y"":3,""t"":35592},{""x"":7,""y"":4,""t"":35843},{""x"":7,""y"":5,""t"":35872},{""x"":7,""y"":6,""t"":35902},{""x"":7,""y"":7,""t"":35935},{""x"":6,""y"":7,""t"":36266},{""x"":6,""y"":6,""t"":36525},{""x"":6,""y"":5,""t"":36736},{""x"":6,""y"":4,""t"":36860},{""x"":6,""y"":3,""t"":37007},{""x"":5,""y"":3,""t"":37376},{""x"":4,""y"":3,""t"":37755},{""x"":4,""y"":4,""t"":38004},{""x"":5,""y"":4,""t"":38333},{""x"":5,""y"":5,""t"":38634},{""x"":5,""y"":4,""t"":39007},{""x"":4,""y"":4,""t"":39164},{""x"":3,""y"":4,""t"":39332}]"
x1jjoej07t,"[{""x"":0,""y"":0,""t"":0},{""x"":1,""y"":0,""t"":1722},{""x"":2,""y"":0,""t"":2742},{""x"":3,""y"":0,""t"":2940},{""x"":4,""y"":0,""t"":3111},{""x"":5,""y"":0,""t"":3302},{""x"":6,""y"":0,""t"":3483},{""x"":6,""y"":1,""t"":4144},{""x"":5,""y"":1,""t"":5017},{""x"":4,""y"":1,""t"":5215},{""x"":4,""y"":2,""t"":5965},{""x"":3,""y"":2,""t"":6308},{""x"":2,""y"":2,""t"":6488},{""x"":2,""y"":3,""t"":7686},{""x"":1,""y"":3,""t"":8106},{""x"":0,""y"":3,""t"":8285},{""x"":0,""y"":4,""t"":9897},{""x"":1,""y"":4,""t"":10501},{""x"":0,""y"":4,""t"":11932},{""x"":0,""y"":5,""t"":12296},{""x"":1,""y"":5,""t"":13237},{""x"":1,""y"":6,""t"":13770},{""x"":0,""y"":6,""t"":14126},{""x"":0,""y"":7,""t"":14881},{""x"":1,""y"":7,""t"":15433},{""x"":2,""y"":7,""t"":15740},{""x"":2,""y"":6,""t"":16186},{""x"":3,""y"":6,""t"":16565},{""x"":3,""y"":7,""t"":17449},{""x"":3,""y"":6,""t"":18120},{""x"":4,""y"":6,""t"":18460},{""x"":3,""y"":6,""t"":19516},{""x"":2,""y"":6,""t"":19793},{""x"":1,""y"":6,""t"":19983},{""x"":0,""y"":6,""t"":20155},{""x"":0,""y"":5,""t"":21590},{""x"":0,""y"":4,""t"":21782},{""x"":0,""y"":3,""t"":21951},{""x"":1,""y"":3,""t"":22306},{""x"":2,""y"":3,""t"":22512},{""x"":3,""y"":3,""t"":22718},{""x"":3,""y"":4,""t"":23421},{""x"":3,""y"":3,""t"":24467},{""x"":3,""y"":2,""t"":24653},{""x"":4,""y"":2,""t"":25626},{""x"":5,""y"":2,""t"":25913},{""x"":6,""y"":2,""t"":26104},{""x"":7,""y"":2,""t"":26284},{""x"":7,""y"":3,""t"":26765},{""x"":7,""y"":4,""t"":26985},{""x"":7,""y"":5,""t"":27183},{""x"":7,""y"":6,""t"":27372},{""x"":7,""y"":7,""t"":27536},{""x"":6,""y"":7,""t"":27810},{""x"":6,""y"":6,""t"":28196},{""x"":6,""y"":5,""t"":28409},{""x"":6,""y"":4,""t"":28592},{""x"":6,""y"":3,""t"":28773},{""x"":5,""y"":3,""t"":29119},{""x"":4,""y"":3,""t"":29574},{""x"":4,""y"":4,""t"":29875},{""x"":5,""y"":4,""t"":30250},{""x"":5,""y"":5,""t"":30578}]"
o5apnswck1,"[{""x"":0,""y"":0,""t"":0},{""x"":1,""y"":0,""t"":1468},{""x"":2,""y"":0,""t"":1969},{""x"":3,""y"":0,""t"":2050},{""x"":4,""y"":0,""t"":2134},{""x"":5,""y"":0,""t"":2218},{""x"":6,""y"":0,""t"":2302},{""x"":6,""y"":1,""t"":3387},{""x"":5,""y"":1,""t"":6741},{""x"":4,""y"":1,""t"":7035},{""x"":4,""y"":2,""t"":7899},{""x"":5,""y"":2,""t"":8316},{""x"":6,""y"":2,""t"":8551},{""x"":7,""y"":2,""t"":8718},{""x"":7,""y"":3,""t"":9590},{""x"":7,""y"":4,""t"":10089},{""x"":7,""y"":5,""t"":10172},{""x"":7,""y"":6,""t"":10254},{""x"":7,""y"":7,""t"":10337},{""x"":6,""y"":7,""t"":12260},{""x"":6,""y"":6,""t"":13785},{""x"":6,""y"":5,""t"":14134},{""x"":6,""y"":4,""t"":14334},{""x"":6,""y"":3,""t"":14540},{""x"":6,""y"":2,""t"":14817},{""x"":6,""y"":3,""t"":15703},{""x"":5,""y"":3,""t"":16061},{""x"":5,""y"":4,""t"":16442},{""x"":5,""y"":5,""t"":16690},{""x"":5,""y"":4,""t"":17961},{""x"":4,""y"":4,""t"":18315},{""x"":4,""y"":3,""t"":19295},{""x"":3,""y"":3,""t"":20528},{""x"":3,""y"":2,""t"":21761},{""x"":2,""y"":2,""t"":22179},{""x"":2,""y"":3,""t"":23236},{""x"":1,""y"":3,""t"":23703},{""x"":0,""y"":3,""t"":24105},{""x"":0,""y"":4,""t"":25305},{""x"":0,""y"":5,""t"":25718},{""x"":0,""y"":6,""t"":26100},{""x"":0,""y"":7,""t"":26520},{""x"":1,""y"":7,""t"":26881},{""x"":2,""y"":7,""t"":27381},{""x"":3,""y"":7,""t"":27464},{""x"":3,""y"":6,""t"":28510},{""x"":2,""y"":6,""t"":29021},{""x"":1,""y"":6,""t"":29276},{""x"":1,""y"":5,""t"":30517},{""x"":1,""y"":4,""t"":30768},{""x"":1,""y"":3,""t"":31362},{""x"":2,""y"":3,""t"":31749},{""x"":3,""y"":3,""t"":32080},{""x"":3,""y"":4,""t"":32481},{""x"":3,""y"":3,""t"":35636},{""x"":2,""y"":3,""t"":36020},{""x"":1,""y"":3,""t"":36560},{""x"":1,""y"":4,""t"":36978},{""x"":1,""y"":5,""t"":37221},{""x"":1,""y"":6,""t"":37379},{""x"":2,""y"":6,""t"":37721},{""x"":3,""y"":6,""t"":37925},{""x"":4,""y"":6,""t"":38074}]"
laf5blfu82,"[{""x"":0,""y"":0,""t"":0},{""x"":1,""y"":0,""t"":1299},{""x"":2,""y"":0,""t"":1473},{""x"":3,""y"":0,""t"":1669},{""x"":4,""y"":0,""t"":1859},{""x"":5,""y"":0,""t"":2062},{""x"":6,""y"":0,""t"":2496},{""x"":6,""y"":1,""t"":3139},{""x"":6,""y"":2,""t"":3667},{""x"":7,""y"":2,""t"":4138},{""x"":7,""y"":3,""t"":4819},{""x"":7,""y"":4,""t"":4968},{""x"":7,""y"":5,""t"":5142},{""x"":7,""y"":6,""t"":5313},{""x"":7,""y"":7,""t"":5520},{""x"":6,""y"":7,""t"":6108},{""x"":6,""y"":6,""t"":8160},{""x"":6,""y"":5,""t"":8894},{""x"":5,""y"":5,""t"":9525},{""x"":5,""y"":4,""t"":9965},{""x"":4,""y"":4,""t"":10354},{""x"":3,""y"":4,""t"":10536},{""x"":3,""y"":3,""t"":14054},{""x"":2,""y"":3,""t"":14812},{""x"":1,""y"":3,""t"":15228},{""x"":0,""y"":3,""t"":15479},{""x"":0,""y"":4,""t"":16068},{""x"":0,""y"":5,""t"":16236},{""x"":0,""y"":6,""t"":16436},{""x"":0,""y"":7,""t"":16644},{""x"":1,""y"":7,""t"":17251},{""x"":2,""y"":7,""t"":17434},{""x"":3,""y"":7,""t"":17666},{""x"":3,""y"":6,""t"":18312},{""x"":2,""y"":6,""t"":19072},{""x"":1,""y"":6,""t"":19266},{""x"":1,""y"":5,""t"":19856},{""x"":1,""y"":4,""t"":20059},{""x"":1,""y"":3,""t"":21306},{""x"":2,""y"":3,""t"":22287},{""x"":2,""y"":2,""t"":22622},{""x"":3,""y"":2,""t"":23808},{""x"":4,""y"":2,""t"":24185},{""x"":4,""y"":1,""t"":24690},{""x"":5,""y"":1,""t"":25126},{""x"":5,""y"":2,""t"":26020},{""x"":4,""y"":2,""t"":28183},{""x"":4,""y"":3,""t"":28472},{""x"":5,""y"":3,""t"":28762},{""x"":6,""y"":3,""t"":29032},{""x"":6,""y"":4,""t"":29400},{""x"":5,""y"":4,""t"":33577},{""x"":4,""y"":4,""t"":34830},{""x"":3,""y"":4,""t"":35012},{""x"":3,""y"":3,""t"":35440},{""x"":2,""y"":3,""t"":35911},{""x"":1,""y"":3,""t"":36067},{""x"":1,""y"":4,""t"":36730},{""x"":1,""y"":5,""t"":36886},{""x"":1,""y"":6,""t"":37059},{""x"":2,""y"":6,""t"":37468},{""x"":3,""y"":6,""t"":37659},{""x"":4,""y"":6,""t"":37837}]"
yasivkh6a6,"[{""x"":0,""y"":0,""t"":0},{""x"":1,""y"":0,""t"":776},{""x"":2,""y"":0,""t"":1278},{""x"":3,""y"":0,""t"":1368},{""x"":4,""y"":0,""t"":1450},{""x"":5,""y"":0,""t"":1533},{""x"":6,""y"":0,""t"":1617},{""x"":6,""y"":1,""t"":2004},{""x"":5,""y"":1,""t"":2267},{""x"":4,""y"":1,""t"":2452},{""x"":4,""y"":2,""t"":2850},{""x"":3,""y"":2,""t"":3066},{""x"":2,""y"":2,""t"":3321},{""x"":2,""y"":3,""t"":3617},{""x"":1,""y"":3,""t"":3860},{""x"":0,""y"":3,""t"":4099},{""x"":0,""y"":4,""t"":4328},{""x"":0,""y"":5,""t"":4586},{""x"":0,""y"":6,""t"":4788},{""x"":0,""y"":7,""t"":4976},{""x"":1,""y"":7,""t"":5267},{""x"":1,""y"":6,""t"":5693},{""x"":1,""y"":5,""t"":5857},{""x"":1,""y"":4,""t"":6010},{""x"":1,""y"":5,""t"":6333},{""x"":1,""y"":6,""t"":6514},{""x"":2,""y"":6,""t"":6706},{""x"":3,""y"":6,""t"":6897},{""x"":3,""y"":7,""t"":7298},{""x"":2,""y"":7,""t"":7493},{""x"":2,""y"":6,""t"":7607},{""x"":3,""y"":6,""t"":7807},{""x"":4,""y"":6,""t"":8034},{""x"":3,""y"":6,""t"":8383},{""x"":2,""y"":6,""t"":8946},{""x"":1,""y"":6,""t"":9113},{""x"":0,""y"":6,""t"":9285},{""x"":0,""y"":5,""t"":9464},{""x"":0,""y"":4,""t"":9726},{""x"":0,""y"":3,""t"":9926},{""x"":1,""y"":3,""t"":10248},{""x"":2,""y"":3,""t"":10456},{""x"":3,""y"":3,""t"":10600},{""x"":4,""y"":3,""t"":10749},{""x"":4,""y"":4,""t"":10922},{""x"":3,""y"":4,""t"":11215},{""x"":4,""y"":4,""t"":11417},{""x"":5,""y"":4,""t"":11617},{""x"":5,""y"":5,""t"":11899},{""x"":6,""y"":5,""t"":12120},{""x"":6,""y"":6,""t"":12316},{""x"":6,""y"":7,""t"":12530},{""x"":7,""y"":7,""t"":12738},{""x"":7,""y"":6,""t"":12905},{""x"":7,""y"":5,""t"":13032},{""x"":7,""y"":4,""t"":13150},{""x"":7,""y"":3,""t"":13284},{""x"":7,""y"":2,""t"":13416},{""x"":6,""y"":2,""t"":13701},{""x"":5,""y"":2,""t"":13866},{""x"":5,""y"":3,""t"":14225},{""x"":6,""y"":3,""t"":14401},{""x"":6,""y"":4,""t"":14531}]"
aemmkkdeey,"[{""x"":0,""y"":0,""t"":0},{""x"":1,""y"":0,""t"":1023},{""x"":2,""y"":0,""t"":1526},{""x"":3,""y"":0,""t"":1607},{""x"":4,""y"":0,""t"":1690},{""x"":5,""y"":0,""t"":1769},{""x"":6,""y"":0,""t"":1859},{""x"":6,""y"":1,""t"":2153},{""x"":5,""y"":1,""t"":2563},{""x"":4,""y"":1,""t"":2829},{""x"":4,""y"":2,""t"":3148},{""x"":5,""y"":2,""t"":3499},{""x"":6,""y"":2,""t"":4002},{""x"":7,""y"":2,""t"":4080},{""x"":6,""y"":2,""t"":4349},{""x"":5,""y"":2,""t"":4850},{""x"":4,""y"":2,""t"":4930},{""x"":3,""y"":2,""t"":5013},{""x"":2,""y"":2,""t"":5097},{""x"":2,""y"":3,""t"":5433},{""x"":3,""y"":3,""t"":5857},{""x"":4,""y"":3,""t"":6358},{""x"":5,""y"":3,""t"":6442},{""x"":6,""y"":3,""t"":6524},{""x"":7,""y"":3,""t"":6608},{""x"":7,""y"":4,""t"":6861},{""x"":7,""y"":5,""t"":7363},{""x"":7,""y"":6,""t"":7444},{""x"":7,""y"":7,""t"":7527},{""x"":6,""y"":7,""t"":7772},{""x"":6,""y"":6,""t"":8057},{""x"":6,""y"":5,""t"":8556},{""x"":6,""y"":4,""t"":8641},{""x"":6,""y"":3,""t"":8724},{""x"":5,""y"":3,""t"":8875},{""x"":5,""y"":4,""t"":9457},{""x"":5,""y"":5,""t"":9937},{""x"":5,""y"":4,""t"":10425},{""x"":4,""y"":4,""t"":10633},{""x"":3,""y"":4,""t"":11136},{""x"":3,""y"":3,""t"":11385},{""x"":2,""y"":3,""t"":11741},{""x"":1,""y"":3,""t"":12243},{""x"":0,""y"":3,""t"":12325},{""x"":0,""y"":4,""t"":12679},{""x"":1,""y"":4,""t"":13366},{""x"":0,""y"":4,""t"":13591},{""x"":0,""y"":5,""t"":13904},{""x"":0,""y"":6,""t"":14123},{""x"":1,""y"":6,""t"":14207},{""x"":1,""y"":7,""t"":14401},{""x"":0,""y"":7,""t"":14540},{""x"":0,""y"":6,""t"":14668},{""x"":0,""y"":5,""t"":14995},{""x"":1,""y"":5,""t"":15230},{""x"":1,""y"":4,""t"":15419},{""x"":1,""y"":5,""t"":15801},{""x"":1,""y"":6,""t"":16056},{""x"":2,""y"":6,""t"":16360},{""x"":3,""y"":6,""t"":16860},{""x"":4,""y"":6,""t"":16940},{""x"":3,""y"":6,""t"":17530},{""x"":3,""y"":7,""t"":17742},{""x"":2,""y"":7,""t"":17965}]"
dbx4qj1gdb,"[{""x"":0,""y"":0,""t"":0},{""x"":1,""y"":0,""t"":2101},{""x"":2,""y"":0,""t"":2500},{""x"":3,""y"":0,""t"":2716},{""x"":4,""y"":0,""t"":2900},{""x"":5,""y"":0,""t"":3067},{""x"":6,""y"":0,""t"":3602},{""x"":6,""y"":1,""t"":4600},{""x"":6,""y"":2,""t"":5601},{""x"":7,""y"":2,""t"":5834},{""x"":7,""y"":3,""t"":7367},{""x"":7,""y"":4,""t"":7550},{""x"":7,""y"":5,""t"":7700},{""x"":7,""y"":6,""t"":7851},{""x"":7,""y"":7,""t"":8018},{""x"":6,""y"":7,""t"":9085},{""x"":6,""y"":6,""t"":10130},{""x"":6,""y"":5,""t"":10532},{""x"":6,""y"":4,""t"":10884},{""x"":6,""y"":3,""t"":11402},{""x"":6,""y"":2,""t"":12164},{""x"":6,""y"":1,""t"":12985},{""x"":5,""y"":1,""t"":14435},{""x"":4,""y"":1,""t"":14901},{""x"":5,""y"":1,""t"":19703},{""x"":5,""y"":2,""t"":19987},{""x"":6,""y"":2,""t"":20353},{""x"":5,""y"":2,""t"":21370},{""x"":5,""y"":3,""t"":21754},{""x"":5,""y"":4,""t"":22254},{""x"":5,""y"":5,""t"":23004},{""x"":5,""y"":4,""t"":23787},{""x"":4,""y"":4,""t"":24853},{""x"":3,""y"":4,""t"":25337},{""x"":3,""y"":3,""t"":28454},{""x"":4,""y"":3,""t"":29504},{""x"":4,""y"":2,""t"":29905},{""x"":4,""y"":1,""t"":30422},{""x"":4,""y"":2,""t"":31338},{""x"":4,""y"":1,""t"":31770},{""x"":4,""y"":2,""t"":32422},{""x"":3,""y"":2,""t"":33371},{""x"":2,""y"":2,""t"":33738},{""x"":2,""y"":3,""t"":34525},{""x"":1,""y"":3,""t"":35222},{""x"":0,""y"":3,""t"":35722},{""x"":0,""y"":4,""t"":36707},{""x"":0,""y"":5,""t"":38723},{""x"":0,""y"":6,""t"":39189},{""x"":0,""y"":7,""t"":39587},{""x"":1,""y"":7,""t"":40156},{""x"":2,""y"":7,""t"":40506},{""x"":3,""y"":7,""t"":40707},{""x"":3,""y"":6,""t"":41590},{""x"":4,""y"":6,""t"":42190},{""x"":3,""y"":6,""t"":43321},{""x"":2,""y"":6,""t"":43472},{""x"":1,""y"":6,""t"":43622},{""x"":0,""y"":6,""t"":43790},{""x"":0,""y"":7,""t"":45141},{""x"":0,""y"":6,""t"":46157},{""x"":1,""y"":6,""t"":46674},{""x"":1,""y"":5,""t"":47157},{""x"":1,""y"":4,""t"":47490}]"
e314g7z4jr,"[{""x"":0,""y"":0,""t"":0},{""x"":1,""y"":0,""t"":1278},{""x"":2,""y"":0,""t"":1523},{""x"":3,""y"":0,""t"":1717},{""x"":4,""y"":0,""t"":1913},{""x"":5,""y"":0,""t"":3034},{""x"":6,""y"":0,""t"":3244},{""x"":6,""y"":1,""t"":3565},{""x"":5,""y"":1,""t"":3903},{""x"":4,""y"":1,""t"":4145},{""x"":4,""y"":2,""t"":4494},{""x"":3,""y"":2,""t"":4851},{""x"":2,""y"":2,""t"":5112},{""x"":2,""y"":3,""t"":5317},{""x"":1,""y"":3,""t"":5572},{""x"":0,""y"":3,""t"":5839},{""x"":0,""y"":4,""t"":6055},{""x"":1,""y"":4,""t"":6361},{""x"":1,""y"":5,""t"":6655},{""x"":0,""y"":5,""t"":6934},{""x"":0,""y"":6,""t"":7158},{""x"":0,""y"":7,""t"":7818},{""x"":1,""y"":7,""t"":8062},{""x"":1,""y"":6,""t"":8376},{""x"":2,""y"":6,""t"":8662},{""x"":2,""y"":7,""t"":8978},{""x"":3,""y"":7,""t"":9287},{""x"":3,""y"":6,""t"":9607},{""x"":4,""y"":6,""t"":10042},{""x"":3,""y"":6,""t"":10418},{""x"":2,""y"":6,""t"":10690},{""x"":1,""y"":6,""t"":10908},{""x"":0,""y"":6,""t"":11196},{""x"":0,""y"":5,""t"":11388},{""x"":0,""y"":4,""t"":11650},{""x"":0,""y"":3,""t"":11835},{""x"":1,""y"":3,""t"":12106},{""x"":2,""y"":3,""t"":12322},{""x"":3,""y"":3,""t"":12556},{""x"":4,""y"":3,""t"":12798},{""x"":5,""y"":3,""t"":13185},{""x"":5,""y"":2,""t"":13526},{""x"":6,""y"":2,""t"":13798},{""x"":6,""y"":1,""t"":14276},{""x"":6,""y"":2,""t"":14834},{""x"":7,""y"":2,""t"":15043},{""x"":7,""y"":3,""t"":15317},{""x"":6,""y"":3,""t"":15649},{""x"":6,""y"":4,""t"":15858},{""x"":7,""y"":4,""t"":16152},{""x"":6,""y"":4,""t"":16562},{""x"":5,""y"":4,""t"":16778},{""x"":4,""y"":4,""t"":16987},{""x"":3,""y"":4,""t"":17192},{""x"":4,""y"":4,""t"":17445},{""x"":5,""y"":4,""t"":17652},{""x"":6,""y"":4,""t"":17860},{""x"":5,""y"":4,""t"":18235},{""x"":5,""y"":5,""t"":18410},{""x"":6,""y"":5,""t"":18884},{""x"":7,""y"":5,""t"":19184},{""x"":7,""y"":6,""t"":19417},{""x"":6,""y"":6,""t"":19740},{""x"":6,""y"":7,""t"":19985},{""x"":7,""y"":7,""t"":20206}]"
1ebp4af4y9,"[{""x"":0,""y"":0,""t"":0},{""x"":1,""y"":0,""t"":2382},{""x"":2,""y"":0,""t"":3043},{""x"":3,""y"":0,""t"":3087},{""x"":4,""y"":0,""t"":3122},{""x"":5,""y"":0,""t"":3327},{""x"":6,""y"":0,""t"":3642},{""x"":6,""y"":1,""t"":4025},{""x"":5,""y"":1,""t"":6118},{""x"":4,""y"":1,""t"":6387},{""x"":4,""y"":2,""t"":7109},{""x"":3,""y"":2,""t"":7331},{""x"":2,""y"":2,""t"":7692},{""x"":2,""y"":3,""t"":8209},{""x"":1,""y"":3,""t"":8479},{""x"":0,""y"":3,""t"":8839},{""x"":0,""y"":4,""t"":9087},{""x"":1,""y"":4,""t"":9267},{""x"":0,""y"":4,""t"":9604},{""x"":1,""y"":4,""t"":10190},{""x"":1,""y"":5,""t"":10842},{""x"":0,""y"":5,""t"":11135},{""x"":0,""y"":6,""t"":11359},{""x"":1,""y"":6,""t"":11562},{""x"":0,""y"":6,""t"":12597},{""x"":0,""y"":7,""t"":12732},{""x"":1,""y"":7,""t"":12911},{""x"":2,""y"":7,""t"":13407},{""x"":2,""y"":6,""t"":13655},{""x"":2,""y"":7,""t"":14780},{""x"":3,""y"":7,""t"":15004},{""x"":3,""y"":6,""t"":15184},{""x"":4,""y"":6,""t"":15454},{""x"":3,""y"":6,""t"":20988},{""x"":2,""y"":6,""t"":21081},{""x"":1,""y"":6,""t"":21237},{""x"":1,""y"":5,""t"":21507},{""x"":1,""y"":4,""t"":21732},{""x"":1,""y"":3,""t"":22114},{""x"":2,""y"":3,""t"":22430},{""x"":3,""y"":3,""t"":22812},{""x"":4,""y"":3,""t"":23285},{""x"":4,""y"":2,""t"":23645},{""x"":5,""y"":2,""t"":23847},{""x"":6,""y"":2,""t"":24049},{""x"":7,""y"":2,""t"":24229},{""x"":7,""y"":3,""t"":24567},{""x"":6,""y"":3,""t"":24791},{""x"":5,""y"":3,""t"":25084},{""x"":5,""y"":4,""t"":25332},{""x"":4,""y"":4,""t"":25557},{""x"":3,""y"":4,""t"":25805},{""x"":4,""y"":4,""t"":25984},{""x"":5,""y"":4,""t"":26164},{""x"":6,""y"":4,""t"":26322},{""x"":7,""y"":4,""t"":26479},{""x"":7,""y"":5,""t"":26795},{""x"":6,""y"":5,""t"":27042},{""x"":6,""y"":6,""t"":27695},{""x"":7,""y"":6,""t"":28257},{""x"":7,""y"":7,""t"":28392},{""x"":6,""y"":7,""t"":28549},{""x"":6,""y"":6,""t"":28684},{""x"":6,""y"":5,""t"":28886},{""x"":5,""y"":5,""t"":29202}]"
ieoryo472z,"[{""x"":0,""y"":0,""t"":0},{""x"":1,""y"":0,""t"":3772},{""x"":2,""y"":0,""t"":4021},{""x"":3,""y"":0,""t"":4307},{""x"":4,""y"":0,""t"":7615},{""x"":5,""y"":0,""t"":8036},{""x"":6,""y"":0,""t"":8422},{""x"":6,""y"":1,""t"":9284},{""x"":6,""y"":2,""t"":17182},{""x"":7,""y"":2,""t"":17958},{""x"":7,""y"":3,""t"":18463},{""x"":7,""y"":4,""t"":19044},{""x"":7,""y"":5,""t"":19302},{""x"":7,""y"":6,""t"":19503},{""x"":7,""y"":7,""t"":19663},{""x"":6,""y"":7,""t"":21224},{""x"":6,""y"":6,""t"":22166},{""x"":6,""y"":5,""t"":22423},{""x"":6,""y"":4,""t"":22689},{""x"":6,""y"":3,""t"":23027},{""x"":6,""y"":2,""t"":33417},{""x"":6,""y"":1,""t"":33859},{""x"":5,""y"":1,""t"":36224},{""x"":4,""y"":1,""t"":36592},{""x"":5,""y"":1,""t"":38868},{""x"":5,""y"":2,""t"":39604},{""x"":4,""y"":2,""t"":41268},{""x"":3,""y"":2,""t"":41466},{""x"":2,""y"":2,""t"":41729},{""x"":2,""y"":3,""t"":48032},{""x"":1,""y"":3,""t"":49569},{""x"":0,""y"":3,""t"":50142},{""x"":0,""y"":4,""t"":50911},{""x"":0,""y"":5,""t"":51178},{""x"":0,""y"":6,""t"":51491},{""x"":0,""y"":7,""t"":51932},{""x"":1,""y"":7,""t"":52522},{""x"":1,""y"":6,""t"":53198},{""x"":1,""y"":5,""t"":53422},{""x"":1,""y"":4,""t"":53665},{""x"":1,""y"":3,""t"":60780},{""x"":2,""y"":3,""t"":63022},{""x"":3,""y"":3,""t"":66727},{""x"":4,""y"":3,""t"":67185},{""x"":5,""y"":3,""t"":67852},{""x"":5,""y"":4,""t"":69729},{""x"":4,""y"":4,""t"":71333},{""x"":3,""y"":4,""t"":71896},{""x"":4,""y"":4,""t"":75956},{""x"":5,""y"":4,""t"":76264},{""x"":5,""y"":5,""t"":77613},{""x"":5,""y"":4,""t"":89032},{""x"":5,""y"":3,""t"":90223},{""x"":4,""y"":3,""t"":91955},{""x"":3,""y"":3,""t"":92251},{""x"":2,""y"":3,""t"":92521},{""x"":1,""y"":3,""t"":92804},{""x"":1,""y"":4,""t"":93495},{""x"":1,""y"":5,""t"":93792},{""x"":1,""y"":6,""t"":94458},{""x"":2,""y"":6,""t"":95039},{""x"":2,""y"":7,""t"":96581},{""x"":3,""y"":7,""t"":97367},{""x"":3,""y"":6,""t"":97998},{""x"":4,""y"":6,""t"":98713}]"
ef9mrpx2an,"[{""x"":0,""y"":0,""t"":0},{""x"":1,""y"":0,""t"":2715},{""x"":2,""y"":0,""t"":4315},{""x"":3,""y"":0,""t"":4932},{""x"":4,""y"":0,""t"":7482},{""x"":5,""y"":0,""t"":10166},{""x"":6,""y"":0,""t"":10498},{""x"":6,""y"":1,""t"":11883},{""x"":6,""y"":2,""t"":13385},{""x"":7,""y"":2,""t"":14584},{""x"":7,""y"":3,""t"":15284},{""x"":7,""y"":4,""t"":15633},{""x"":7,""y"":5,""t"":15867},{""x"":7,""y"":6,""t"":16068},{""x"":7,""y"":7,""t"":16302},{""x"":6,""y"":7,""t"":17017},{""x"":6,""y"":6,""t"":17469},{""x"":6,""y"":5,""t"":17835},{""x"":6,""y"":4,""t"":18035},{""x"":6,""y"":3,""t"":18769},{""x"":6,""y"":2,""t"":26354},{""x"":6,""y"":3,""t"":27553},{""x"":6,""y"":2,""t"":29122},{""x"":6,""y"":3,""t"":29967},{""x"":5,""y"":3,""t"":30554},{""x"":4,""y"":3,""t"":30920},{""x"":3,""y"":3,""t"":33122},{""x"":2,""y"":3,""t"":33838},{""x"":1,""y"":3,""t"":34604},{""x"":1,""y"":4,""t"":36538},{""x"":1,""y"":5,""t"":36838},{""x"":1,""y"":6,""t"":37706},{""x"":2,""y"":6,""t"":38222},{""x"":3,""y"":6,""t"":38672},{""x"":4,""y"":6,""t"":39272},{""x"":3,""y"":6,""t"":40237},{""x"":3,""y"":7,""t"":40706},{""x"":2,""y"":7,""t"":41340},{""x"":1,""y"":7,""t"":41540},{""x"":0,""y"":7,""t"":41740},{""x"":0,""y"":6,""t"":42802},{""x"":0,""y"":5,""t"":43273},{""x"":0,""y"":4,""t"":43507},{""x"":0,""y"":3,""t"":43741},{""x"":1,""y"":3,""t"":45325},{""x"":2,""y"":3,""t"":45657},{""x"":3,""y"":3,""t"":46354},{""x"":4,""y"":3,""t"":46790},{""x"":5,""y"":3,""t"":49625},{""x"":6,""y"":3,""t"":50492},{""x"":5,""y"":3,""t"":51342},{""x"":5,""y"":4,""t"":51792},{""x"":5,""y"":5,""t"":52326},{""x"":5,""y"":4,""t"":53043},{""x"":4,""y"":4,""t"":53493},{""x"":3,""y"":4,""t"":53809},{""x"":3,""y"":3,""t"":54344},{""x"":3,""y"":2,""t"":54860},{""x"":2,""y"":2,""t"":56627},{""x"":3,""y"":2,""t"":57210},{""x"":4,""y"":2,""t"":57460},{""x"":4,""y"":1,""t"":59228},{""x"":5,""y"":1,""t"":59543},{""x"":6,""y"":1,""t"":60010},{""x"":5,""y"":1,""t"":60991},{""x"":5,""y"":2,""t"":61377}]"
a9sr7tdip2,"[{""x"":0,""y"":0,""t"":0},{""x"":1,""y"":0,""t"":4317},{""x"":2,""y"":0,""t"":4817},{""x"":3,""y"":0,""t"":4899},{""x"":4,""y"":0,""t"":4982},{""x"":5,""y"":0,""t"":5066},{""x"":6,""y"":0,""t"":5438},{""x"":6,""y"":1,""t"":6939},{""x"":6,""y"":2,""t"":7441},{""x"":6,""y"":3,""t"":7528},{""x"":6,""y"":4,""t"":7610},{""x"":6,""y"":5,""t"":8019},{""x"":6,""y"":6,""t"":8520},{""x"":6,""y"":7,""t"":8601},{""x"":7,""y"":7,""t"":10108},{""x"":7,""y"":6,""t"":10380},{""x"":7,""y"":5,""t"":10881},{""x"":7,""y"":4,""t"":10964},{""x"":7,""y"":3,""t"":11047},{""x"":7,""y"":2,""t"":11490},{""x"":6,""y"":2,""t"":12772},{""x"":5,""y"":2,""t"":12986},{""x"":4,""y"":2,""t"":13171},{""x"":3,""y"":2,""t"":13349},{""x"":2,""y"":2,""t"":13524},{""x"":2,""y"":3,""t"":15068},{""x"":1,""y"":3,""t"":15614},{""x"":0,""y"":3,""t"":16220},{""x"":0,""y"":4,""t"":16587},{""x"":0,""y"":5,""t"":16786},{""x"":0,""y"":6,""t"":16950},{""x"":0,""y"":7,""t"":17116},{""x"":1,""y"":7,""t"":17461},{""x"":1,""y"":6,""t"":18435},{""x"":1,""y"":5,""t"":18613},{""x"":1,""y"":4,""t"":18786},{""x"":1,""y"":3,""t"":18971},{""x"":2,""y"":3,""t"":19716},{""x"":3,""y"":3,""t"":19940},{""x"":4,""y"":3,""t"":20125},{""x"":5,""y"":3,""t"":20317},{""x"":5,""y"":2,""t"":21030},{""x"":5,""y"":1,""t"":21181},{""x"":5,""y"":2,""t"":22035},{""x"":5,""y"":1,""t"":22531},{""x"":4,""y"":1,""t"":23053},{""x"":4,""y"":2,""t"":23476},{""x"":4,""y"":3,""t"":23819},{""x"":5,""y"":3,""t"":24572},{""x"":5,""y"":4,""t"":24884},{""x"":5,""y"":5,""t"":25308},{""x"":5,""y"":4,""t"":25858},{""x"":4,""y"":4,""t"":26900},{""x"":3,""y"":4,""t"":27092},{""x"":3,""y"":3,""t"":28859},{""x"":2,""y"":3,""t"":29372},{""x"":1,""y"":3,""t"":29868},{""x"":1,""y"":4,""t"":30212},{""x"":1,""y"":5,""t"":30419},{""x"":1,""y"":6,""t"":30603},{""x"":2,""y"":6,""t"":31052},{""x"":3,""y"":6,""t"":31260},{""x"":4,""y"":6,""t"":31468},{""x"":3,""y"":6,""t"":32802},{""x"":3,""y"":7,""t"":33093},{""x"":2,""y"":7,""t"":33460}]"
djig80gqwm,"[{""x"":0,""y"":0,""t"":0},{""x"":1,""y"":0,""t"":3711},{""x"":2,""y"":0,""t"":4085},{""x"":3,""y"":0,""t"":4448},{""x"":4,""y"":0,""t"":7414},{""x"":4,""y"":1,""t"":8351},{""x"":5,""y"":1,""t"":8744},{""x"":5,""y"":0,""t"":9648},{""x"":6,""y"":0,""t"":10090},{""x"":6,""y"":1,""t"":11254},{""x"":6,""y"":2,""t"":17211},{""x"":7,""y"":2,""t"":17665},{""x"":7,""y"":3,""t"":19222},{""x"":7,""y"":4,""t"":19465},{""x"":7,""y"":5,""t"":19674},{""x"":7,""y"":6,""t"":19896},{""x"":7,""y"":7,""t"":20105},{""x"":6,""y"":7,""t"":23102},{""x"":6,""y"":6,""t"":24192},{""x"":6,""y"":5,""t"":24422},{""x"":6,""y"":4,""t"":24675},{""x"":6,""y"":3,""t"":24973},{""x"":5,""y"":3,""t"":29928},{""x"":5,""y"":2,""t"":31006},{""x"":4,""y"":2,""t"":31949},{""x"":3,""y"":2,""t"":32377},{""x"":2,""y"":2,""t"":32798},{""x"":2,""y"":3,""t"":34654},{""x"":1,""y"":3,""t"":35330},{""x"":0,""y"":3,""t"":35757},{""x"":0,""y"":4,""t"":36747},{""x"":0,""y"":5,""t"":37241},{""x"":0,""y"":6,""t"":37627},{""x"":0,""y"":7,""t"":37968},{""x"":1,""y"":7,""t"":38770},{""x"":1,""y"":6,""t"":39426},{""x"":1,""y"":7,""t"":41818},{""x"":2,""y"":7,""t"":42091},{""x"":3,""y"":7,""t"":43959},{""x"":3,""y"":6,""t"":44811},{""x"":2,""y"":6,""t"":45598},{""x"":1,""y"":6,""t"":46180},{""x"":1,""y"":5,""t"":46622},{""x"":1,""y"":4,""t"":47097},{""x"":1,""y"":3,""t"":48101},{""x"":2,""y"":3,""t"":48496},{""x"":3,""y"":3,""t"":48845},{""x"":3,""y"":4,""t"":49721},{""x"":4,""y"":4,""t"":50433},{""x"":4,""y"":3,""t"":51433},{""x"":4,""y"":4,""t"":52069},{""x"":5,""y"":4,""t"":52446},{""x"":5,""y"":5,""t"":53076},{""x"":5,""y"":4,""t"":58590},{""x"":4,""y"":4,""t"":59371},{""x"":3,""y"":4,""t"":60900},{""x"":3,""y"":3,""t"":61672},{""x"":2,""y"":3,""t"":61969},{""x"":1,""y"":3,""t"":62356},{""x"":1,""y"":4,""t"":62759},{""x"":1,""y"":5,""t"":63006},{""x"":1,""y"":6,""t"":63206},{""x"":1,""y"":7,""t"":63378},{""x"":1,""y"":6,""t"":64252},{""x"":2,""y"":6,""t"":64617},{""x"":3,""y"":6,""t"":64948},{""x"":4,""y"":6,""t"":65227}]"
6sb15a2ola,"[{""x"":0,""y"":0,""t"":0},{""x"":1,""y"":0,""t"":2520},{""x"":2,""y"":0,""t"":2804},{""x"":3,""y"":0,""t"":3103},{""x"":4,""y"":0,""t"":3370},{""x"":5,""y"":0,""t"":3653},{""x"":6,""y"":0,""t"":3936},{""x"":6,""y"":1,""t"":5721},{""x"":6,""y"":2,""t"":6004},{""x"":6,""y"":3,""t"":6320},{""x"":6,""y"":4,""t"":6604},{""x"":6,""y"":5,""t"":8321},{""x"":6,""y"":6,""t"":8732},{""x"":6,""y"":7,""t"":9238},{""x"":7,""y"":7,""t"":10854},{""x"":7,""y"":6,""t"":12321},{""x"":7,""y"":5,""t"":12654},{""x"":7,""y"":4,""t"":13931},{""x"":7,""y"":3,""t"":15042},{""x"":7,""y"":2,""t"":15688},{""x"":7,""y"":3,""t"":18807},{""x"":7,""y"":4,""t"":19321},{""x"":7,""y"":5,""t"":21037},{""x"":7,""y"":6,""t"":21388},{""x"":7,""y"":5,""t"":30814},{""x"":6,""y"":5,""t"":31796},{""x"":5,""y"":5,""t"":32351},{""x"":5,""y"":4,""t"":33948},{""x"":5,""y"":3,""t"":34566},{""x"":5,""y"":2,""t"":35324},{""x"":5,""y"":1,""t"":36599},{""x"":5,""y"":0,""t"":37231},{""x"":5,""y"":1,""t"":41466},{""x"":4,""y"":1,""t"":43947},{""x"":4,""y"":2,""t"":45667},{""x"":4,""y"":3,""t"":46182},{""x"":4,""y"":4,""t"":46733},{""x"":3,""y"":4,""t"":48514},{""x"":3,""y"":3,""t"":50150},{""x"":3,""y"":2,""t"":50500},{""x"":3,""y"":3,""t"":52751},{""x"":2,""y"":3,""t"":53684},{""x"":1,""y"":3,""t"":54148},{""x"":0,""y"":3,""t"":54583},{""x"":0,""y"":4,""t"":56000},{""x"":0,""y"":5,""t"":56292},{""x"":0,""y"":6,""t"":56581},{""x"":0,""y"":7,""t"":58268},{""x"":1,""y"":7,""t"":59901},{""x"":2,""y"":7,""t"":60233},{""x"":3,""y"":7,""t"":60632},{""x"":3,""y"":6,""t"":62520},{""x"":2,""y"":6,""t"":64100},{""x"":1,""y"":6,""t"":64433},{""x"":0,""y"":6,""t"":64899},{""x"":1,""y"":6,""t"":66483},{""x"":2,""y"":6,""t"":66876},{""x"":3,""y"":6,""t"":67167},{""x"":4,""y"":6,""t"":68950},{""x"":3,""y"":6,""t"":70867},{""x"":2,""y"":6,""t"":71267},{""x"":1,""y"":6,""t"":71827},{""x"":1,""y"":5,""t"":72691},{""x"":1,""y"":4,""t"":72978},{""x"":1,""y"":3,""t"":75946},{""x"":2,""y"":3,""t"":77213},{""x"":2,""y"":2,""t"":78481}]"
e29lreaylj,"[{""x"":0,""y"":0,""t"":0},{""x"":1,""y"":0,""t"":949},{""x"":2,""y"":0,""t"":1187},{""x"":3,""y"":0,""t"":1367},{""x"":4,""y"":0,""t"":1565},{""x"":5,""y"":0,""t"":1756},{""x"":6,""y"":0,""t"":1935},{""x"":6,""y"":1,""t"":2516},{""x"":5,""y"":1,""t"":3104},{""x"":4,""y"":1,""t"":3316},{""x"":4,""y"":2,""t"":4364},{""x"":3,""y"":2,""t"":4857},{""x"":2,""y"":2,""t"":5091},{""x"":2,""y"":3,""t"":5826},{""x"":1,""y"":3,""t"":6208},{""x"":0,""y"":3,""t"":6483},{""x"":0,""y"":4,""t"":6988},{""x"":0,""y"":5,""t"":7474},{""x"":0,""y"":6,""t"":7874},{""x"":0,""y"":7,""t"":9708},{""x"":1,""y"":7,""t"":10039},{""x"":1,""y"":6,""t"":10625},{""x"":1,""y"":5,""t"":10838},{""x"":1,""y"":4,""t"":11025},{""x"":1,""y"":3,""t"":11588},{""x"":2,""y"":3,""t"":11931},{""x"":3,""y"":3,""t"":12126},{""x"":4,""y"":3,""t"":12307},{""x"":5,""y"":3,""t"":12481},{""x"":5,""y"":2,""t"":13003},{""x"":6,""y"":2,""t"":13371},{""x"":7,""y"":2,""t"":13677},{""x"":7,""y"":3,""t"":14413},{""x"":7,""y"":4,""t"":14463},{""x"":6,""y"":4,""t"":15535},{""x"":6,""y"":3,""t"":16169},{""x"":6,""y"":4,""t"":16729},{""x"":5,""y"":4,""t"":17006},{""x"":4,""y"":4,""t"":17202},{""x"":3,""y"":4,""t"":17618},{""x"":4,""y"":4,""t"":18677},{""x"":5,""y"":4,""t"":18861},{""x"":5,""y"":5,""t"":19298},{""x"":6,""y"":5,""t"":19874},{""x"":7,""y"":5,""t"":20166},{""x"":7,""y"":6,""t"":20885},{""x"":6,""y"":6,""t"":21459},{""x"":6,""y"":7,""t"":22203},{""x"":7,""y"":7,""t"":22479},{""x"":6,""y"":7,""t"":23496},{""x"":6,""y"":6,""t"":23947},{""x"":6,""y"":5,""t"":26030},{""x"":6,""y"":4,""t"":26564},{""x"":6,""y"":3,""t"":27070},{""x"":5,""y"":3,""t"":27727},{""x"":4,""y"":3,""t"":27912},{""x"":3,""y"":3,""t"":28078},{""x"":2,""y"":3,""t"":28248},{""x"":1,""y"":3,""t"":28434},{""x"":1,""y"":4,""t"":28957},{""x"":1,""y"":5,""t"":29207},{""x"":1,""y"":6,""t"":29442},{""x"":2,""y"":6,""t"":29831},{""x"":3,""y"":6,""t"":30015},{""x"":4,""y"":6,""t"":30487},{""x"":3,""y"":6,""t"":31351},{""x"":3,""y"":7,""t"":31976},{""x"":2,""y"":7,""t"":32216}]"
5zz8levv0t,"[{""x"":0,""y"":0,""t"":0},{""x"":1,""y"":0,""t"":16011},{""x"":2,""y"":0,""t"":16513},{""x"":3,""y"":0,""t"":16546},{""x"":4,""y"":0,""t"":16576},{""x"":5,""y"":0,""t"":16607},{""x"":6,""y"":0,""t"":16637},{""x"":6,""y"":1,""t"":18261},{""x"":5,""y"":1,""t"":18611},{""x"":4,""y"":1,""t"":18840},{""x"":4,""y"":2,""t"":19311},{""x"":3,""y"":2,""t"":19552},{""x"":2,""y"":2,""t"":19758},{""x"":2,""y"":3,""t"":20309},{""x"":1,""y"":3,""t"":20554},{""x"":0,""y"":3,""t"":20739},{""x"":0,""y"":4,""t"":21620},{""x"":1,""y"":4,""t"":21976},{""x"":1,""y"":5,""t"":22363},{""x"":0,""y"":5,""t"":22643},{""x"":0,""y"":6,""t"":23061},{""x"":1,""y"":6,""t"":23542},{""x"":2,""y"":6,""t"":23809},{""x"":3,""y"":6,""t"":24044},{""x"":4,""y"":6,""t"":24403},{""x"":3,""y"":6,""t"":24972},{""x"":2,""y"":6,""t"":25161},{""x"":1,""y"":6,""t"":25335},{""x"":0,""y"":6,""t"":25509},{""x"":0,""y"":7,""t"":25844},{""x"":1,""y"":7,""t"":26254},{""x"":2,""y"":7,""t"":26495},{""x"":3,""y"":7,""t"":26898},{""x"":3,""y"":6,""t"":27801},{""x"":2,""y"":6,""t"":28153},{""x"":1,""y"":6,""t"":28434},{""x"":0,""y"":6,""t"":28615},{""x"":0,""y"":5,""t"":29016},{""x"":0,""y"":4,""t"":29244},{""x"":0,""y"":3,""t"":29410},{""x"":1,""y"":3,""t"":29725},{""x"":2,""y"":3,""t"":30230},{""x"":3,""y"":3,""t"":30262},{""x"":4,""y"":3,""t"":30292},{""x"":5,""y"":3,""t"":30322},{""x"":6,""y"":3,""t"":30357},{""x"":7,""y"":3,""t"":30384},{""x"":7,""y"":2,""t"":30800},{""x"":6,""y"":2,""t"":31076},{""x"":5,""y"":2,""t"":31325},{""x"":5,""y"":3,""t"":31745},{""x"":5,""y"":4,""t"":32091},{""x"":4,""y"":4,""t"":32319},{""x"":5,""y"":4,""t"":32648},{""x"":6,""y"":4,""t"":33004},{""x"":7,""y"":4,""t"":33276},{""x"":6,""y"":4,""t"":33578},{""x"":5,""y"":4,""t"":33797},{""x"":4,""y"":4,""t"":33959},{""x"":3,""y"":4,""t"":34098},{""x"":4,""y"":4,""t"":34668},{""x"":5,""y"":4,""t"":34900},{""x"":5,""y"":5,""t"":35260},{""x"":6,""y"":5,""t"":35637},{""x"":7,""y"":5,""t"":35926},{""x"":7,""y"":6,""t"":36250},{""x"":7,""y"":7,""t"":36599},{""x"":6,""y"":7,""t"":36855},{""x"":6,""y"":6,""t"":37221}]"
106df0z8jf,"[{""x"":0,""y"":0,""t"":0},{""x"":1,""y"":0,""t"":3890},{""x"":2,""y"":0,""t"":4355},{""x"":3,""y"":0,""t"":4873},{""x"":4,""y"":0,""t"":7776},{""x"":5,""y"":0,""t"":11228},{""x"":6,""y"":0,""t"":12597},{""x"":6,""y"":1,""t"":13364},{""x"":5,""y"":1,""t"":14648},{""x"":4,""y"":1,""t"":15098},{""x"":4,""y"":2,""t"":29785},{""x"":3,""y"":2,""t"":34269},{""x"":2,""y"":2,""t"":34702},{""x"":2,""y"":3,""t"":35450},{""x"":3,""y"":3,""t"":62054},{""x"":4,""y"":3,""t"":62470},{""x"":5,""y"":3,""t"":65023},{""x"":5,""y"":2,""t"":65741},{""x"":6,""y"":2,""t"":66857},{""x"":7,""y"":2,""t"":70892},{""x"":7,""y"":3,""t"":72193},{""x"":6,""y"":3,""t"":73797},{""x"":5,""y"":3,""t"":79816},{""x"":4,""y"":3,""t"":80199},{""x"":3,""y"":3,""t"":80567},{""x"":2,""y"":3,""t"":80900},{""x"":1,""y"":3,""t"":81418},{""x"":0,""y"":3,""t"":81919},{""x"":0,""y"":4,""t"":82753},{""x"":1,""y"":4,""t"":83687},{""x"":1,""y"":3,""t"":86622},{""x"":2,""y"":3,""t"":87507},{""x"":3,""y"":3,""t"":88408},{""x"":3,""y"":4,""t"":89459},{""x"":4,""y"":4,""t"":90860},{""x"":5,""y"":4,""t"":93113},{""x"":5,""y"":5,""t"":94415},{""x"":6,""y"":5,""t"":95465},{""x"":6,""y"":4,""t"":96216},{""x"":7,""y"":4,""t"":97131},{""x"":7,""y"":5,""t"":98150},{""x"":7,""y"":6,""t"":99504},{""x"":6,""y"":6,""t"":100565},{""x"":6,""y"":7,""t"":101635},{""x"":7,""y"":7,""t"":103542},{""x"":7,""y"":6,""t"":107642},{""x"":7,""y"":5,""t"":108159},{""x"":7,""y"":4,""t"":111580},{""x"":7,""y"":3,""t"":112529},{""x"":6,""y"":3,""t"":113096},{""x"":5,""y"":3,""t"":113396},{""x"":4,""y"":3,""t"":113646},{""x"":3,""y"":3,""t"":113913},{""x"":2,""y"":3,""t"":114180},{""x"":1,""y"":3,""t"":114464},{""x"":0,""y"":3,""t"":114881},{""x"":0,""y"":4,""t"":116399},{""x"":0,""y"":5,""t"":117534},{""x"":1,""y"":5,""t"":118268},{""x"":1,""y"":6,""t"":121471},{""x"":0,""y"":6,""t"":121935},{""x"":0,""y"":7,""t"":126509},{""x"":1,""y"":7,""t"":127553},{""x"":2,""y"":7,""t"":129261},{""x"":2,""y"":6,""t"":130329},{""x"":3,""y"":6,""t"":131163},{""x"":3,""y"":7,""t"":134104},{""x"":3,""y"":6,""t"":134900},{""x"":4,""y"":6,""t"":135267}]"
4pgk9qb03s,"[{""x"":0,""y"":0,""t"":0},{""x"":1,""y"":0,""t"":1709},{""x"":2,""y"":0,""t"":1867},{""x"":3,""y"":0,""t"":2022},{""x"":4,""y"":0,""t"":2172},{""x"":5,""y"":0,""t"":2380},{""x"":6,""y"":0,""t"":2858},{""x"":6,""y"":1,""t"":3627},{""x"":5,""y"":1,""t"":4437},{""x"":4,""y"":1,""t"":4651},{""x"":4,""y"":2,""t"":5763},{""x"":3,""y"":2,""t"":6216},{""x"":2,""y"":2,""t"":6421},{""x"":2,""y"":3,""t"":7668},{""x"":3,""y"":3,""t"":8130},{""x"":4,""y"":3,""t"":8399},{""x"":5,""y"":3,""t"":8609},{""x"":6,""y"":3,""t"":8729},{""x"":7,""y"":3,""t"":9019},{""x"":7,""y"":2,""t"":10538},{""x"":6,""y"":2,""t"":11476},{""x"":5,""y"":2,""t"":11810},{""x"":5,""y"":3,""t"":13353},{""x"":4,""y"":3,""t"":13704},{""x"":3,""y"":3,""t"":13909},{""x"":2,""y"":3,""t"":14074},{""x"":1,""y"":3,""t"":14219},{""x"":0,""y"":3,""t"":14383},{""x"":0,""y"":4,""t"":15561},{""x"":0,""y"":5,""t"":15931},{""x"":1,""y"":5,""t"":16755},{""x"":1,""y"":4,""t"":17219},{""x"":1,""y"":3,""t"":17446},{""x"":2,""y"":3,""t"":18474},{""x"":3,""y"":3,""t"":18867},{""x"":3,""y"":4,""t"":19722},{""x"":4,""y"":4,""t"":20488},{""x"":5,""y"":4,""t"":20685},{""x"":6,""y"":4,""t"":20867},{""x"":7,""y"":4,""t"":21251},{""x"":7,""y"":5,""t"":22224},{""x"":6,""y"":5,""t"":22679},{""x"":5,""y"":5,""t"":23028},{""x"":6,""y"":5,""t"":28821},{""x"":6,""y"":6,""t"":29949},{""x"":6,""y"":7,""t"":30197},{""x"":7,""y"":7,""t"":31045},{""x"":7,""y"":6,""t"":31644},{""x"":7,""y"":5,""t"":33222},{""x"":6,""y"":5,""t"":35291},{""x"":5,""y"":5,""t"":35598},{""x"":5,""y"":4,""t"":37167},{""x"":5,""y"":3,""t"":37410},{""x"":4,""y"":3,""t"":38630},{""x"":3,""y"":3,""t"":38838},{""x"":2,""y"":3,""t"":39033},{""x"":1,""y"":3,""t"":39527},{""x"":0,""y"":3,""t"":39872},{""x"":0,""y"":4,""t"":40937},{""x"":0,""y"":5,""t"":41142},{""x"":0,""y"":6,""t"":41382},{""x"":1,""y"":6,""t"":42193},{""x"":2,""y"":6,""t"":42411},{""x"":3,""y"":6,""t"":42745},{""x"":4,""y"":6,""t"":43146},{""x"":3,""y"":6,""t"":44493},{""x"":3,""y"":7,""t"":44904},{""x"":2,""y"":7,""t"":45530},{""x"":1,""y"":7,""t"":45726},{""x"":0,""y"":7,""t"":45870}]"
83nmvsbs8l,"[{""x"":0,""y"":0,""t"":0},{""x"":1,""y"":0,""t"":5818},{""x"":2,""y"":0,""t"":6855},{""x"":3,""y"":0,""t"":7226},{""x"":4,""y"":0,""t"":7579},{""x"":5,""y"":0,""t"":8241},{""x"":6,""y"":0,""t"":8621},{""x"":6,""y"":1,""t"":9291},{""x"":5,""y"":1,""t"":10094},{""x"":4,""y"":1,""t"":10495},{""x"":5,""y"":1,""t"":12611},{""x"":6,""y"":1,""t"":12967},{""x"":6,""y"":2,""t"":13943},{""x"":7,""y"":2,""t"":14394},{""x"":6,""y"":2,""t"":15098},{""x"":5,""y"":2,""t"":15682},{""x"":4,""y"":2,""t"":15961},{""x"":3,""y"":2,""t"":16153},{""x"":2,""y"":2,""t"":16413},{""x"":3,""y"":2,""t"":19096},{""x"":4,""y"":2,""t"":19596},{""x"":5,""y"":2,""t"":19676},{""x"":6,""y"":2,""t"":19766},{""x"":7,""y"":2,""t"":19844},{""x"":7,""y"":3,""t"":20512},{""x"":6,""y"":3,""t"":21297},{""x"":5,""y"":3,""t"":21798},{""x"":4,""y"":3,""t"":21879},{""x"":3,""y"":3,""t"":21963},{""x"":2,""y"":3,""t"":22048},{""x"":1,""y"":3,""t"":22126},{""x"":0,""y"":3,""t"":22215},{""x"":0,""y"":4,""t"":23141},{""x"":0,""y"":5,""t"":24259},{""x"":0,""y"":6,""t"":24567},{""x"":0,""y"":7,""t"":24804},{""x"":1,""y"":7,""t"":25365},{""x"":1,""y"":6,""t"":26297},{""x"":1,""y"":5,""t"":26521},{""x"":1,""y"":4,""t"":26700},{""x"":1,""y"":3,""t"":28265},{""x"":1,""y"":4,""t"":29827},{""x"":1,""y"":5,""t"":30078},{""x"":1,""y"":6,""t"":30242},{""x"":1,""y"":7,""t"":30413},{""x"":1,""y"":6,""t"":33772},{""x"":2,""y"":6,""t"":35592},{""x"":3,""y"":6,""t"":35934},{""x"":4,""y"":6,""t"":36303},{""x"":3,""y"":6,""t"":36895},{""x"":3,""y"":7,""t"":37358},{""x"":2,""y"":7,""t"":38809},{""x"":2,""y"":6,""t"":39473},{""x"":1,""y"":6,""t"":40498},{""x"":1,""y"":5,""t"":40932},{""x"":1,""y"":4,""t"":41314},{""x"":1,""y"":3,""t"":41752},{""x"":2,""y"":3,""t"":43217},{""x"":3,""y"":3,""t"":43940},{""x"":3,""y"":4,""t"":47265},{""x"":4,""y"":4,""t"":48037},{""x"":5,""y"":4,""t"":51125},{""x"":5,""y"":5,""t"":51770},{""x"":6,""y"":5,""t"":55146},{""x"":6,""y"":6,""t"":55611},{""x"":6,""y"":7,""t"":56104},{""x"":7,""y"":7,""t"":56604},{""x"":7,""y"":6,""t"":57694},{""x"":7,""y"":5,""t"":57978},{""x"":7,""y"":4,""t"":58249},{""x"":6,""y"":4,""t"":59027}]"
4kmm3ypq3r,"[{""x"":0,""y"":0,""t"":0},{""x"":1,""y"":0,""t"":3328},{""x"":2,""y"":0,""t"":3609},{""x"":3,""y"":0,""t"":3856},{""x"":4,""y"":0,""t"":4080},{""x"":5,""y"":0,""t"":4336},{""x"":6,""y"":0,""t"":4672},{""x"":6,""y"":1,""t"":4920},{""x"":5,""y"":1,""t"":5136},{""x"":4,""y"":1,""t"":5288},{""x"":4,""y"":2,""t"":5537},{""x"":3,""y"":2,""t"":5800},{""x"":2,""y"":2,""t"":5936},{""x"":3,""y"":2,""t"":6584},{""x"":3,""y"":3,""t"":6832},{""x"":2,""y"":3,""t"":7176},{""x"":1,""y"":3,""t"":7328},{""x"":0,""y"":3,""t"":7536},{""x"":0,""y"":4,""t"":7760},{""x"":1,""y"":4,""t"":8000},{""x"":1,""y"":5,""t"":8256},{""x"":0,""y"":5,""t"":8576},{""x"":0,""y"":6,""t"":8808},{""x"":0,""y"":7,""t"":8944},{""x"":1,""y"":7,""t"":11753},{""x"":2,""y"":7,""t"":12136},{""x"":3,""y"":7,""t"":12584},{""x"":3,""y"":6,""t"":17648},{""x"":2,""y"":6,""t"":20338},{""x"":1,""y"":6,""t"":20792},{""x"":2,""y"":6,""t"":23008},{""x"":3,""y"":6,""t"":23312},{""x"":4,""y"":6,""t"":23745},{""x"":3,""y"":6,""t"":26776},{""x"":2,""y"":6,""t"":26984},{""x"":1,""y"":6,""t"":27200},{""x"":0,""y"":6,""t"":27464},{""x"":0,""y"":5,""t"":28832},{""x"":0,""y"":4,""t"":29016},{""x"":0,""y"":3,""t"":29496},{""x"":1,""y"":3,""t"":32120},{""x"":2,""y"":3,""t"":32592},{""x"":3,""y"":3,""t"":33712},{""x"":4,""y"":3,""t"":34249},{""x"":5,""y"":3,""t"":34824},{""x"":6,""y"":3,""t"":35112},{""x"":7,""y"":3,""t"":35424},{""x"":7,""y"":2,""t"":37192},{""x"":6,""y"":2,""t"":39096},{""x"":5,""y"":2,""t"":39450},{""x"":5,""y"":3,""t"":42160},{""x"":5,""y"":4,""t"":42408},{""x"":5,""y"":5,""t"":42688},{""x"":6,""y"":5,""t"":44952},{""x"":7,""y"":5,""t"":45216},{""x"":7,""y"":4,""t"":46816},{""x"":7,""y"":3,""t"":47017},{""x"":7,""y"":2,""t"":47520},{""x"":7,""y"":3,""t"":50416},{""x"":7,""y"":4,""t"":50896},{""x"":6,""y"":4,""t"":52146},{""x"":5,""y"":4,""t"":54440},{""x"":4,""y"":4,""t"":54832},{""x"":3,""y"":4,""t"":55384},{""x"":4,""y"":4,""t"":57480},{""x"":5,""y"":4,""t"":57896},{""x"":6,""y"":4,""t"":58697},{""x"":6,""y"":5,""t"":60777},{""x"":6,""y"":6,""t"":61146},{""x"":6,""y"":7,""t"":62016},{""x"":7,""y"":7,""t"":63504},{""x"":7,""y"":6,""t"":64880}]"
yhplv009um,"[{""x"":0,""y"":0,""t"":0},{""x"":1,""y"":0,""t"":20442},{""x"":2,""y"":0,""t"":20936},{""x"":3,""y"":0,""t"":21338},{""x"":4,""y"":0,""t"":21923},{""x"":5,""y"":0,""t"":28068},{""x"":6,""y"":0,""t"":28769},{""x"":6,""y"":1,""t"":29855},{""x"":6,""y"":2,""t"":30621},{""x"":5,""y"":2,""t"":33570},{""x"":5,""y"":1,""t"":35253},{""x"":4,""y"":1,""t"":36153},{""x"":4,""y"":2,""t"":38069},{""x"":3,""y"":2,""t"":40601},{""x"":2,""y"":2,""t"":41234},{""x"":2,""y"":3,""t"":42668},{""x"":1,""y"":3,""t"":43866},{""x"":0,""y"":3,""t"":45780},{""x"":0,""y"":4,""t"":46899},{""x"":0,""y"":5,""t"":47448},{""x"":0,""y"":6,""t"":47931},{""x"":0,""y"":7,""t"":48431},{""x"":1,""y"":7,""t"":49396},{""x"":1,""y"":6,""t"":50281},{""x"":1,""y"":5,""t"":50831},{""x"":1,""y"":4,""t"":51348},{""x"":1,""y"":3,""t"":53796},{""x"":2,""y"":3,""t"":54745},{""x"":3,""y"":3,""t"":55346},{""x"":4,""y"":3,""t"":59312},{""x"":4,""y"":4,""t"":59696},{""x"":3,""y"":4,""t"":61278},{""x"":4,""y"":4,""t"":62858},{""x"":5,""y"":4,""t"":63894},{""x"":6,""y"":4,""t"":64826},{""x"":7,""y"":4,""t"":65692},{""x"":7,""y"":5,""t"":71639},{""x"":6,""y"":5,""t"":73408},{""x"":5,""y"":5,""t"":73869},{""x"":6,""y"":5,""t"":77207},{""x"":6,""y"":6,""t"":87072},{""x"":6,""y"":7,""t"":95015},{""x"":7,""y"":7,""t"":96184},{""x"":7,""y"":6,""t"":97516},{""x"":7,""y"":5,""t"":100266},{""x"":7,""y"":4,""t"":100697},{""x"":7,""y"":3,""t"":101084},{""x"":6,""y"":3,""t"":103032},{""x"":5,""y"":3,""t"":103583},{""x"":4,""y"":3,""t"":105631},{""x"":3,""y"":3,""t"":106016},{""x"":2,""y"":3,""t"":106500},{""x"":1,""y"":3,""t"":106949},{""x"":1,""y"":4,""t"":108262},{""x"":1,""y"":5,""t"":109378},{""x"":1,""y"":6,""t"":109861},{""x"":2,""y"":6,""t"":112565},{""x"":3,""y"":6,""t"":113492},{""x"":4,""y"":6,""t"":115745},{""x"":3,""y"":6,""t"":117710},{""x"":3,""y"":7,""t"":118711},{""x"":2,""y"":7,""t"":119809},{""x"":2,""y"":6,""t"":122556},{""x"":1,""y"":6,""t"":124706},{""x"":1,""y"":5,""t"":125640},{""x"":1,""y"":4,""t"":126056},{""x"":1,""y"":3,""t"":126457},{""x"":2,""y"":3,""t"":127323},{""x"":3,""y"":3,""t"":127722},{""x"":4,""y"":3,""t"":128109},{""x"":5,""y"":3,""t"":128560},{""x"":6,""y"":3,""t"":128990},{""x"":7,""y"":3,""t"":129507},{""x"":7,""y"":2,""t"":130390}]"
fwpp3r6v8i,"[{""x"":0,""y"":0,""t"":0},{""x"":1,""y"":0,""t"":11522},{""x"":2,""y"":0,""t"":11705},{""x"":3,""y"":0,""t"":11834},{""x"":4,""y"":0,""t"":12288},{""x"":4,""y"":1,""t"":13103},{""x"":4,""y"":2,""t"":14970},{""x"":3,""y"":2,""t"":15754},{""x"":2,""y"":2,""t"":16155},{""x"":2,""y"":3,""t"":17788},{""x"":1,""y"":3,""t"":25022},{""x"":0,""y"":3,""t"":25390},{""x"":0,""y"":4,""t"":26120},{""x"":0,""y"":5,""t"":26305},{""x"":0,""y"":6,""t"":26470},{""x"":0,""y"":7,""t"":26920},{""x"":1,""y"":7,""t"":30755},{""x"":2,""y"":7,""t"":30956},{""x"":3,""y"":7,""t"":31170},{""x"":3,""y"":6,""t"":32236},{""x"":2,""y"":6,""t"":32936},{""x"":1,""y"":6,""t"":33853},{""x"":1,""y"":5,""t"":34257},{""x"":1,""y"":4,""t"":34653},{""x"":1,""y"":3,""t"":36355},{""x"":2,""y"":3,""t"":37087},{""x"":3,""y"":3,""t"":46587},{""x"":3,""y"":4,""t"":47220},{""x"":4,""y"":4,""t"":48387},{""x"":5,""y"":4,""t"":49021},{""x"":5,""y"":5,""t"":51353},{""x"":5,""y"":4,""t"":61985},{""x"":4,""y"":4,""t"":62787},{""x"":3,""y"":4,""t"":62970},{""x"":3,""y"":3,""t"":63756},{""x"":2,""y"":3,""t"":64187},{""x"":1,""y"":3,""t"":65419},{""x"":1,""y"":4,""t"":65856},{""x"":1,""y"":5,""t"":66236},{""x"":1,""y"":6,""t"":66621},{""x"":2,""y"":6,""t"":67269},{""x"":3,""y"":6,""t"":67438},{""x"":4,""y"":6,""t"":67890},{""x"":3,""y"":6,""t"":70221},{""x"":2,""y"":6,""t"":70589},{""x"":1,""y"":6,""t"":71286},{""x"":1,""y"":5,""t"":71556},{""x"":1,""y"":4,""t"":71702},{""x"":1,""y"":3,""t"":71956},{""x"":2,""y"":3,""t"":72703},{""x"":3,""y"":3,""t"":73021},{""x"":3,""y"":4,""t"":74386},{""x"":4,""y"":4,""t"":75588},{""x"":5,""y"":4,""t"":78053},{""x"":5,""y"":5,""t"":78836},{""x"":6,""y"":5,""t"":80070},{""x"":6,""y"":6,""t"":80620},{""x"":6,""y"":7,""t"":81087},{""x"":7,""y"":7,""t"":81686},{""x"":7,""y"":6,""t"":82420},{""x"":7,""y"":5,""t"":82586},{""x"":7,""y"":4,""t"":82716},{""x"":6,""y"":4,""t"":85888},{""x"":5,""y"":4,""t"":88686},{""x"":4,""y"":4,""t"":89220},{""x"":4,""y"":3,""t"":89854},{""x"":5,""y"":3,""t"":90554},{""x"":6,""y"":3,""t"":92085},{""x"":7,""y"":3,""t"":92489},{""x"":7,""y"":2,""t"":93087},{""x"":6,""y"":2,""t"":93819},{""x"":5,""y"":2,""t"":94786},{""x"":5,""y"":1,""t"":95870},{""x"":6,""y"":1,""t"":96256},{""x"":6,""y"":0,""t"":97486},{""x"":5,""y"":0,""t"":98186}]"
soj2qr72iu,"[{""x"":0,""y"":0,""t"":0},{""x"":1,""y"":0,""t"":1416},{""x"":2,""y"":0,""t"":1639},{""x"":3,""y"":0,""t"":1832},{""x"":4,""y"":0,""t"":2025},{""x"":5,""y"":0,""t"":2224},{""x"":6,""y"":0,""t"":2433},{""x"":6,""y"":1,""t"":3537},{""x"":6,""y"":2,""t"":3977},{""x"":7,""y"":2,""t"":4425},{""x"":7,""y"":3,""t"":4993},{""x"":7,""y"":4,""t"":5319},{""x"":7,""y"":5,""t"":5673},{""x"":7,""y"":6,""t"":6047},{""x"":6,""y"":6,""t"":7016},{""x"":6,""y"":5,""t"":8313},{""x"":6,""y"":4,""t"":8944},{""x"":6,""y"":3,""t"":9432},{""x"":6,""y"":4,""t"":12529},{""x"":6,""y"":3,""t"":13423},{""x"":5,""y"":3,""t"":15321},{""x"":4,""y"":3,""t"":15937},{""x"":3,""y"":3,""t"":16304},{""x"":2,""y"":3,""t"":17049},{""x"":2,""y"":2,""t"":17705},{""x"":3,""y"":2,""t"":18673},{""x"":4,""y"":2,""t"":19025},{""x"":5,""y"":2,""t"":19409},{""x"":5,""y"":1,""t"":21016},{""x"":5,""y"":0,""t"":21361},{""x"":5,""y"":1,""t"":21993},{""x"":4,""y"":1,""t"":22393},{""x"":4,""y"":2,""t"":23041},{""x"":4,""y"":3,""t"":23441},{""x"":4,""y"":4,""t"":23880},{""x"":5,""y"":4,""t"":24560},{""x"":5,""y"":5,""t"":25080},{""x"":5,""y"":4,""t"":25769},{""x"":4,""y"":4,""t"":26880},{""x"":3,""y"":4,""t"":27288},{""x"":3,""y"":3,""t"":27977},{""x"":2,""y"":3,""t"":28464},{""x"":1,""y"":3,""t"":28792},{""x"":0,""y"":3,""t"":29096},{""x"":0,""y"":4,""t"":30240},{""x"":0,""y"":5,""t"":30529},{""x"":1,""y"":5,""t"":31784},{""x"":1,""y"":4,""t"":32296},{""x"":1,""y"":5,""t"":32761},{""x"":1,""y"":6,""t"":34329},{""x"":0,""y"":6,""t"":34793},{""x"":1,""y"":6,""t"":35305},{""x"":2,""y"":6,""t"":35561},{""x"":3,""y"":6,""t"":35761},{""x"":4,""y"":6,""t"":35969},{""x"":3,""y"":6,""t"":39880},{""x"":3,""y"":7,""t"":41488},{""x"":2,""y"":7,""t"":42080},{""x"":1,""y"":7,""t"":42384},{""x"":0,""y"":7,""t"":42697},{""x"":1,""y"":7,""t"":43737},{""x"":2,""y"":7,""t"":44168},{""x"":3,""y"":7,""t"":44521},{""x"":2,""y"":7,""t"":46928},{""x"":1,""y"":7,""t"":47352},{""x"":1,""y"":6,""t"":48096},{""x"":1,""y"":5,""t"":48369},{""x"":1,""y"":4,""t"":48551},{""x"":1,""y"":3,""t"":48777},{""x"":2,""y"":3,""t"":49616},{""x"":3,""y"":3,""t"":49800},{""x"":4,""y"":3,""t"":49993},{""x"":5,""y"":3,""t"":50185},{""x"":6,""y"":3,""t"":50376},{""x"":6,""y"":4,""t"":51529},{""x"":6,""y"":5,""t"":51761},{""x"":6,""y"":6,""t"":51984},{""x"":6,""y"":7,""t"":52201},{""x"":7,""y"":7,""t"":52577}]"