level,percentile_optimal,percentile_time,count
tutorial,0,62.1,1
tutorial,0,67.5,1
tutorial,0,83.6,1
tutorial,0,86.6,1
tutorial,0,87.9,1
tutorial,0,92.8,1
tutorial,0,95.7,2
tutorial,0,97.9,1
tutorial,0,99,1
tutorial,0,99.3,1
tutorial,0,99.5,1
tutorial,0,99.8,1
tutorial,0.1,4.1,1
tutorial,0.1,28.8,1
tutorial,0.1,34.6,1
tutorial,0.1,51.3,1
tutorial,0.1,57.6,1
tutorial,0.1,67.8,1
tutorial,0.1,72.8,1
tutorial,0.1,73.1,1
tutorial,0.1,76.9,1
tutorial,0.1,77.1,1
tutorial,0.1,80.5,1
tutorial,0.1,81.1,1
tutorial,0.1,83.2,1
tutorial,0.1,84.8,1
tutorial,0.1,85.8,1
tutorial,0.1,86.6,1
tutorial,0.1,90.5,1
tutorial,0.1,91.4,1
tutorial,0.1,94.1,1
tutorial,0.1,98.7,1
tutorial,0.1,99.2,1
tutorial,0.1,99.3,1
tutorial,0.2,20.8,1
tutorial,0.2,21.2,1
tutorial,0.2,33.7,1
tutorial,0.2,35.5,1
tutorial,0.2,36,1
tutorial,0.2,43.5,1
tutorial,0.2,48,1
tutorial,0.2,50.7,1
tutorial,0.2,58.2,1
tutorial,0.2,63.1,1
tutorial,0.2,67.6,1
tutorial,0.2,67.9,1
tutorial,0.2,69,1
tutorial,0.2,73.9,1
tutorial,0.2,83.6,1
tutorial,0.2,86.4,1
tutorial,0.2,87.6,1
tutorial,0.2,88.6,1
tutorial,0.2,91.1,2
tutorial,0.2,91.4,1
tutorial,0.2,91.9,1
tutorial,0.2,94.4,1
tutorial,0.2,96.8,1
tutorial,0.2,96.9,1
tutorial,0.2,97.4,1
tutorial,0.2,99.7,1
tutorial,0.3,12,1
tutorial,0.3,25.7,1
tutorial,0.3,62.9,1
tutorial,0.3,65.2,1
tutorial,0.3,69.9,1
tutorial,0.3,76.4,1
tutorial,0.3,76.6,1
tutorial,0.3,79.1,1
tutorial,0.3,84.7,1
tutorial,0.3,86.3,1
tutorial,0.3,86.5,1
tutorial,0.3,90.9,1
tutorial,0.3,91.5,1
tutorial,0.3,97.5,1
tutorial,0.3,97.6,1
tutorial,0.4,22.2,1
tutorial,0.4,30.5,1
tutorial,0.4,43.1,1
tutorial,0.4,46.9,1
tutorial,0.4,49.7,1
tutorial,0.4,59.1,1
tutorial,0.4,59.9,1
tutorial,0.4,60.8,1
tutorial,0.4,74.7,1
tutorial,0.4,76.5,1
tutorial,0.4,78.8,1
tutorial,0.4,81.3,1
tutorial,0.4,82.4,1
tutorial,0.4,84.6,1
tutorial,0.4,85.5,1
tutorial,0.4,91.3,1
tutorial,0.4,95.3,1
tutorial,0.4,98.9,1
tutorial,0.4,99.2,1
tutorial,0.5,5.7,1
tutorial,0.5,24.1,1
tutorial,0.5,26.4,1
tutorial,0.5,36.7,1
tutorial,0.5,37.3,1
tutorial,0.5,38.3,1
tutorial,0.5,42.7,1
tutorial,0.5,54.9,1
tutorial,0.5,57.8,1
tutorial,0.5,69.8,1
tutorial,0.5,72.7,1
tutorial,0.5,74.1,1
tutorial,0.5,77.8,2
tutorial,0.5,86.2,1
tutorial,0.5,89.3,1
tutorial,0.5,90.6,1
tutorial,0.5,90.8,1
tutorial,0.5,91.9,1
tutorial,0.5,94.1,1
tutorial,0.5,96.8,1
tutorial,0.5,97,1
tutorial,0.5,99.2,1
tutorial,0.5,100,1
tutorial,0.6,12.4,1
tutorial,0.6,17.5,1
tutorial,0.6,18.9,1
tutorial,0.6,32.2,1
tutorial,0.6,34.4,1
tutorial,0.6,35.2,1
tutorial,0.6,49.6,1
tutorial,0.6,50.1,1
tutorial,0.6,56.8,1
tutorial,0.6,59.2,1
tutorial,0.6,60.8,1
tutorial,0.6,63.5,1
tutorial,0.6,64.6,1
tutorial,0.6,69.7,1
tutorial,0.6,70.1,1
tutorial,0.6,70.8,1
tutorial,0.6,75.5,1
tutorial,0.6,77.2,1
tutorial,0.6,78.2,1
tutorial,0.6,80.9,1
tutorial,0.6,83,1
tutorial,0.6,84.5,1
tutorial,0.6,85,1
tutorial,0.6,85.2,1
tutorial,0.6,86,1
tutorial,0.6,87.4,1
tutorial,0.6,87.5,1
tutorial,0.6,87.8,1
tutorial,0.6,89,1
tutorial,0.6,89.3,1
tutorial,0.6,92.2,1
tutorial,0.6,92.6,1
tutorial,0.6,92.7,1
tutorial,0.6,95.6,1
tutorial,0.6,95.7,1
tutorial,0.6,95.9,1
tutorial,0.6,96.3,1
tutorial,0.6,97.9,1
tutorial,0.6,98.9,2
tutorial,0.6,99.3,1
tutorial,0.6,99.5,1
tutorial,0.6,99.8,1
tutorial,0.8,10.9,1
tutorial,0.8,17.1,1
tutorial,0.8,18,1
tutorial,0.8,20,1
tutorial,0.8,22.7,1
tutorial,0.8,38.7,1
tutorial,0.8,44.2,1
tutorial,0.8,46.7,1
tutorial,0.8,47.6,1
tutorial,0.8,49.5,1
tutorial,0.8,52.2,1
tutorial,0.8,54.5,1
tutorial,0.8,59.8,1
tutorial,0.8,60.4,1
tutorial,0.8,61.7,1
tutorial,0.8,62,1
tutorial,0.8,65.1,1
tutorial,0.8,68,1
tutorial,0.8,68.7,1
tutorial,0.8,71.6,1
tutorial,0.8,72.1,1
tutorial,0.8,76.7,1
tutorial,0.8,79.9,1
tutorial,0.8,81.4,1
tutorial,0.8,86.4,1
tutorial,0.8,86.5,1
tutorial,0.8,86.6,1
tutorial,0.8,86.8,1
tutorial,0.8,87.2,1
tutorial,0.8,87.3,1
tutorial,0.8,91.1,1
tutorial,0.8,91.8,1
tutorial,0.8,92.5,1
tutorial,0.8,93.2,1
tutorial,0.8,93.8,1
tutorial,0.8,94.9,1
tutorial,0.8,95.1,1
tutorial,0.8,95.2,1
tutorial,0.8,95.4,1
tutorial,0.8,95.8,1
tutorial,0.8,96.5,1
tutorial,0.8,98.7,1
tutorial,0.8,99.1,1
tutorial,1.1,4,1
tutorial,1.1,5.2,1
tutorial,1.1,5.5,1
tutorial,1.1,6.3,1
tutorial,1.1,7.7,1
tutorial,1.1,8.2,1
tutorial,1.1,10.1,1
tutorial,1.1,10.9,1
tutorial,1.1,16.3,1
tutorial,1.1,18.9,1
tutorial,1.1,19.8,1
tutorial,1.1,21.2,1
tutorial,1.1,21.3,1
tutorial,1.1,21.9,1
tutorial,1.1,24.5,1
tutorial,1.1,29.4,1
tutorial,1.1,30.4,1
tutorial,1.1,37,1
tutorial,1.1,40,1
tutorial,1.1,42.1,1
tutorial,1.1,42.5,1
tutorial,1.1,44.1,1
tutorial,1.1,46.7,1
tutorial,1.1,47,1
tutorial,1.1,49.7,1
tutorial,1.1,51.4,1
tutorial,1.1,52.7,1
tutorial,1.1,56.7,1
tutorial,1.1,57.3,1
tutorial,1.1,58.4,1
tutorial,1.1,58.7,1
tutorial,1.1,59,1
tutorial,1.1,59.7,1
tutorial,1.1,63.5,1
tutorial,1.1,66.6,2
tutorial,1.1,66.7,1
tutorial,1.1,66.9,1
tutorial,1.1,67.7,1
tutorial,1.1,73.9,1
tutorial,1.1,74,1
tutorial,1.1,75,1
tutorial,1.1,77.7,1
tutorial,1.1,78,1
tutorial,1.1,78.4,1
tutorial,1.1,78.5,1
tutorial,1.1,80.4,2
tutorial,1.1,80.7,3
tutorial,1.1,80.8,1
tutorial,1.1,82.1,1
tutorial,1.1,82.4,1
tutorial,1.1,82.5,1
tutorial,1.1,83,1
tutorial,1.1,83.3,1
tutorial,1.1,83.7,1
tutorial,1.1,84.5,1
tutorial,1.1,84.7,1
tutorial,1.1,85.4,1
tutorial,1.1,85.8,1
tutorial,1.1,87.3,1
tutorial,1.1,88.5,1
tutorial,1.1,89.2,1
tutorial,1.1,90.3,1
tutorial,1.1,91.2,1
tutorial,1.1,91.6,1
tutorial,1.1,92.2,2
tutorial,1.1,92.3,1
tutorial,1.1,92.6,1
tutorial,1.1,93.1,1
tutorial,1.1,94.1,1
tutorial,1.1,95.5,1
tutorial,1.1,95.8,1
tutorial,1.1,95.9,2
tutorial,1.1,96.1,1
tutorial,1.1,96.6,1
tutorial,1.1,97.6,1
tutorial,1.1,97.7,1
tutorial,1.1,98,1
tutorial,1.1,98.3,1
tutorial,1.1,98.5,1
tutorial,1.1,98.9,1
tutorial,1.1,99,1
tutorial,1.4,1.8,1
tutorial,1.4,3.1,1
tutorial,1.4,5.3,1
tutorial,1.4,6.1,1
tutorial,1.4,11.5,1
tutorial,1.4,14.2,1
tutorial,1.4,14.9,1
tutorial,1.4,19.4,1
tutorial,1.4,19.8,1
tutorial,1.4,21.4,1
tutorial,1.4,23,1
tutorial,1.4,30.3,1
tutorial,1.4,32,1
tutorial,1.4,35.4,1
tutorial,1.4,36.3,1
tutorial,1.4,39.1,1
tutorial,1.4,43.1,1
tutorial,1.4,44.2,1
tutorial,1.4,45.1,1
tutorial,1.4,45.8,1
tutorial,1.4,46.5,1
tutorial,1.4,48.9,1
tutorial,1.4,49.8,1
tutorial,1.4,50,1
tutorial,1.4,50.7,1
tutorial,1.4,51,1
tutorial,1.4,53.7,1
tutorial,1.4,54.1,1
tutorial,1.4,62,1
tutorial,1.4,65.3,1
tutorial,1.4,65.8,1
tutorial,1.4,66.1,1
tutorial,1.4,67,1
tutorial,1.4,71.1,1
tutorial,1.4,72.5,1
tutorial,1.4,73.1,1
tutorial,1.4,75.8,1
tutorial,1.4,76.2,1
tutorial,1.4,77.6,1
tutorial,1.4,78.3,1
tutorial,1.4,79.8,1
tutorial,1.4,79.9,1
tutorial,1.4,80.4,1
tutorial,1.4,82.9,1
tutorial,1.4,83.4,2
tutorial,1.4,83.6,1
tutorial,1.4,85,1
tutorial,1.4,86.6,1
tutorial,1.4,86.7,1
tutorial,1.4,87.3,1
tutorial,1.4,87.5,1
tutorial,1.4,89,1
tutorial,1.4,89.5,1
tutorial,1.4,89.6,1
tutorial,1.4,90.2,1
tutorial,1.4,90.3,1
tutorial,1.4,93.8,1
tutorial,1.4,94.3,1
tutorial,1.4,95.2,1
tutorial,1.4,95.3,1
tutorial,1.4,95.4,1
tutorial,1.4,95.8,1
tutorial,1.4,96.7,1
tutorial,1.4,97,1
tutorial,1.4,97.1,1
tutorial,1.4,97.3,1
tutorial,1.4,98.1,2
tutorial,1.4,98.8,1
tutorial,1.4,99.4,1
tutorial,2,5.1,1
tutorial,2,6.5,1
tutorial,2,8.4,1
tutorial,2,8.5,1
tutorial,2,9.6,1
tutorial,2,10.4,1
tutorial,2,12.6,1
tutorial,2,13.5,1
tutorial,2,14,1
tutorial,2,16.3,1
tutorial,2,16.8,1
tutorial,2,19,1
tutorial,2,19.7,1
tutorial,2,19.9,1
tutorial,2,20.2,1
tutorial,2,21.9,1
tutorial,2,22.7,1
tutorial,2,23.2,1
tutorial,2,24.9,1
tutorial,2,25.5,1
tutorial,2,25.8,1
tutorial,2,26.1,1
tutorial,2,27.8,1
tutorial,2,29,1
tutorial,2,29.6,1
tutorial,2,29.7,1
tutorial,2,30.9,1
tutorial,2,31.3,1
tutorial,2,32.9,1
tutorial,2,33,1
tutorial,2,33.1,1
tutorial,2,33.7,1
tutorial,2,35.1,1
tutorial,2,35.9,1
tutorial,2,37.4,1
tutorial,2,38.7,1
tutorial,2,40.7,1
tutorial,2,41.1,1
tutorial,2,41.4,1
tutorial,2,42.7,1
tutorial,2,44.4,1
tutorial,2,45.5,1
tutorial,2,46.7,1
tutorial,2,47.4,1
tutorial,2,48.2,1
tutorial,2,48.6,1
tutorial,2,48.8,1
tutorial,2,50.3,1
tutorial,2,50.5,1
tutorial,2,50.6,1
tutorial,2,52.1,1
tutorial,2,54.7,1
tutorial,2,54.9,1
tutorial,2,55.8,1
tutorial,2,56.4,1
tutorial,2,57,1
tutorial,2,57.7,1
tutorial,2,58.8,1
tutorial,2,59.4,1
tutorial,2,59.6,1
tutorial,2,61.1,1
tutorial,2,61.2,1
tutorial,2,61.3,1
tutorial,2,62.5,1
tutorial,2,63.8,1
tutorial,2,64.3,1
tutorial,2,64.7,1
tutorial,2,65.5,1
tutorial,2,65.8,1
tutorial,2,68,1
tutorial,2,68.3,1
tutorial,2,68.6,1
tutorial,2,69.2,1
tutorial,2,69.3,1
tutorial,2,69.6,1
tutorial,2,69.8,1
tutorial,2,70.1,1
tutorial,2,70.5,1
tutorial,2,70.9,1
tutorial,2,71,1
tutorial,2,71.4,1
tutorial,2,71.5,1
tutorial,2,72.2,1
tutorial,2,73.1,1
tutorial,2,73.6,1
tutorial,2,74.1,1
tutorial,2,74.3,1
tutorial,2,76.1,1
tutorial,2,76.7,1
tutorial,2,77.9,2
tutorial,2,78.1,2
tutorial,2,79,1
tutorial,2,79.2,1
tutorial,2,79.3,1
tutorial,2,79.8,1
tutorial,2,80.6,2
tutorial,2,81.2,1
tutorial,2,81.3,1
tutorial,2,82.3,2
tutorial,2,82.4,1
tutorial,2,82.7,1
tutorial,2,82.8,1
tutorial,2,83.9,1
tutorial,2,84,1
tutorial,2,84.1,1
tutorial,2,84.2,1
tutorial,2,84.5,1
tutorial,2,84.7,2
tutorial,2,85,2
tutorial,2,85.1,1
tutorial,2,85.8,1
tutorial,2,86.7,2
tutorial,2,87,1
tutorial,2,87.2,2
tutorial,2,88.4,1
tutorial,2,88.8,1
tutorial,2,89.9,1
tutorial,2,90,1
tutorial,2,90.4,1
tutorial,2,90.5,2
tutorial,2,90.6,1
tutorial,2,91.1,1
tutorial,2,91.3,1
tutorial,2,91.5,1
tutorial,2,91.6,1
tutorial,2,91.7,1
tutorial,2,91.9,1
tutorial,2,93.5,1
tutorial,2,93.6,1
tutorial,2,93.8,1
tutorial,2,94,1
tutorial,2,94.2,1
tutorial,2,94.8,1
tutorial,2,95.1,1
tutorial,2,95.2,1
tutorial,2,95.5,1
tutorial,2,95.6,3
tutorial,2,95.9,1
tutorial,2,96.2,2
tutorial,2,96.4,1
tutorial,2,96.5,1
tutorial,2,97.2,1
tutorial,2,97.3,1
tutorial,2,97.4,1
tutorial,2,97.5,1
tutorial,2,98,1
tutorial,2,98.2,1
tutorial,2,98.8,1
tutorial,2,99.1,1
tutorial,2,99.4,1
tutorial,2,99.6,1
tutorial,2,99.7,1
tutorial,2,99.8,1
tutorial,2,99.9,1
tutorial,2.7,0.5,1
tutorial,2.7,2,1
tutorial,2.7,2.1,1
tutorial,2.7,4.4,1
tutorial,2.7,4.5,1
tutorial,2.7,6.6,1
tutorial,2.7,6.7,1
tutorial,2.7,7.7,1
tutorial,2.7,7.8,1
tutorial,2.7,8.3,1
tutorial,2.7,10,2
tutorial,2.7,10.7,1
tutorial,2.7,11.7,1
tutorial,2.7,13.3,1
tutorial,2.7,14.1,1
tutorial,2.7,14.5,1
tutorial,2.7,15.2,1
tutorial,2.7,16.5,1
tutorial,2.7,18.9,1
tutorial,2.7,19.8,1
tutorial,2.7,20.7,1
tutorial,2.7,20.8,1
tutorial,2.7,21.5,1
tutorial,2.7,24.9,2
tutorial,2.7,26,1
tutorial,2.7,27,1
tutorial,2.7,30.1,1
tutorial,2.7,30.8,1
tutorial,2.7,31.2,1
tutorial,2.7,31.8,1
tutorial,2.7,36.3,1
tutorial,2.7,36.4,1
tutorial,2.7,37.8,1
tutorial,2.7,38.2,1
tutorial,2.7,38.5,1
tutorial,2.7,40.4,1
tutorial,2.7,40.6,1
tutorial,2.7,40.9,1
tutorial,2.7,41.9,1
tutorial,2.7,42,1
tutorial,2.7,44.2,1
tutorial,2.7,44.6,1
tutorial,2.7,45.2,1
tutorial,2.7,45.9,1
tutorial,2.7,46.8,1
tutorial,2.7,47.5,1
tutorial,2.7,47.9,1
tutorial,2.7,48,1
tutorial,2.7,49.5,1
tutorial,2.7,49.6,1
tutorial,2.7,50,1
tutorial,2.7,50.4,1
tutorial,2.7,51,1
tutorial,2.7,51.6,1
tutorial,2.7,53.7,1
tutorial,2.7,54.4,1
tutorial,2.7,54.6,1
tutorial,2.7,55.3,1
tutorial,2.7,56.1,1
tutorial,2.7,56.8,1
tutorial,2.7,56.9,1
tutorial,2.7,58.9,1
tutorial,2.7,59.9,1
tutorial,2.7,61.1,2
tutorial,2.7,61.8,1
tutorial,2.7,62.9,1
tutorial,2.7,65.2,1
tutorial,2.7,65.3,1
tutorial,2.7,66.5,1
tutorial,2.7,66.8,2
tutorial,2.7,66.9,1
tutorial,2.7,67.4,1
tutorial,2.7,68.3,1
tutorial,2.7,68.4,1
tutorial,2.7,70.2,1
tutorial,2.7,71.5,1
tutorial,2.7,71.6,1
tutorial,2.7,72,1
tutorial,2.7,72.4,1
tutorial,2.7,72.5,1
tutorial,2.7,72.8,1
tutorial,2.7,73.5,1
tutorial,2.7,74.2,1
tutorial,2.7,75.1,1
tutorial,2.7,76.5,1
tutorial,2.7,77.7,1
tutorial,2.7,78.7,1
tutorial,2.7,79.1,1
tutorial,2.7,79.7,1
tutorial,2.7,80.3,1
tutorial,2.7,80.4,1
tutorial,2.7,80.5,1
tutorial,2.7,80.8,1
tutorial,2.7,81.7,1
tutorial,2.7,81.8,1
tutorial,2.7,81.9,1
tutorial,2.7,82.2,1
tutorial,2.7,83.5,1
tutorial,2.7,83.9,1
tutorial,2.7,84.1,1
tutorial,2.7,84.6,1
tutorial,2.7,85,1
tutorial,2.7,85.1,1
tutorial,2.7,85.6,2
tutorial,2.7,85.8,1
tutorial,2.7,86.4,1
tutorial,2.7,87,1
tutorial,2.7,87.1,1
tutorial,2.7,87.5,2
tutorial,2.7,87.9,1
tutorial,2.7,88.2,1
tutorial,2.7,88.5,1
tutorial,2.7,88.6,1
tutorial,2.7,89.2,3
tutorial,2.7,89.4,1
tutorial,2.7,90.1,1
tutorial,2.7,90.2,1
tutorial,2.7,90.5,1
tutorial,2.7,90.6,1
tutorial,2.7,90.9,1
tutorial,2.7,91.1,1
tutorial,2.7,91.3,1
tutorial,2.7,91.5,1
tutorial,2.7,91.6,2
tutorial,2.7,92.1,1
tutorial,2.7,92.3,1
tutorial,2.7,92.4,1
tutorial,2.7,92.5,1
tutorial,2.7,92.6,1
tutorial,2.7,92.8,1
tutorial,2.7,93.2,1
tutorial,2.7,93.4,1
tutorial,2.7,94.1,2
tutorial,2.7,94.4,1
tutorial,2.7,95,1
tutorial,2.7,95.4,1
tutorial,2.7,96.1,1
tutorial,2.7,96.3,2
tutorial,2.7,96.6,1
tutorial,2.7,96.7,1
tutorial,2.7,97,1
tutorial,2.7,97.3,1
tutorial,2.7,97.4,1
tutorial,2.7,97.7,1
tutorial,2.7,97.9,1
tutorial,2.7,98.2,2
tutorial,2.7,98.3,1
tutorial,2.7,98.6,1
tutorial,2.7,98.8,1
tutorial,2.7,99,1
tutorial,2.7,99.2,1
tutorial,2.7,99.3,1
tutorial,2.7,99.5,1
tutorial,3.8,2.9,1
tutorial,3.8,3.9,1
tutorial,3.8,5.6,2
tutorial,3.8,7.1,1
tutorial,3.8,7.6,1
tutorial,3.8,9.3,1
tutorial,3.8,9.9,1
tutorial,3.8,10.1,1
tutorial,3.8,10.4,2
tutorial,3.8,10.6,2
tutorial,3.8,11.3,1
tutorial,3.8,11.6,1
tutorial,3.8,11.7,1
tutorial,3.8,11.9,1
tutorial,3.8,13,1
tutorial,3.8,13.2,1
tutorial,3.8,13.7,1
tutorial,3.8,14.8,1
tutorial,3.8,17.2,2
tutorial,3.8,17.3,1
tutorial,3.8,18.2,1
tutorial,3.8,18.6,1
tutorial,3.8,20,1
tutorial,3.8,20.1,1
tutorial,3.8,20.9,1
tutorial,3.8,21.3,1
tutorial,3.8,22.1,1
tutorial,3.8,22.6,1
tutorial,3.8,22.7,1
tutorial,3.8,22.9,1
tutorial,3.8,24.3,2
tutorial,3.8,24.7,2
tutorial,3.8,25,1
tutorial,3.8,25.4,1
tutorial,3.8,25.6,1
tutorial,3.8,26,2
tutorial,3.8,26.2,1
tutorial,3.8,26.9,1
tutorial,3.8,27.1,2
tutorial,3.8,27.2,2
tutorial,3.8,27.5,1
tutorial,3.8,27.6,2
tutorial,3.8,28.3,1
tutorial,3.8,28.6,1
tutorial,3.8,28.8,1
tutorial,3.8,29.1,1
tutorial,3.8,29.7,1
tutorial,3.8,29.9,1
tutorial,3.8,30.1,1
tutorial,3.8,30.7,1
tutorial,3.8,31,1
tutorial,3.8,31.2,2
tutorial,3.8,31.5,1
tutorial,3.8,31.7,1
tutorial,3.8,33.9,1
tutorial,3.8,34.1,2
tutorial,3.8,34.2,1
tutorial,3.8,34.4,1
tutorial,3.8,34.6,1
tutorial,3.8,35.3,1
tutorial,3.8,35.5,1
tutorial,3.8,35.6,1
tutorial,3.8,36,1
tutorial,3.8,36.9,2
tutorial,3.8,37.1,1
tutorial,3.8,38,1
tutorial,3.8,39,1
tutorial,3.8,39.5,1
tutorial,3.8,39.7,1
tutorial,3.8,39.9,1
tutorial,3.8,40.6,1
tutorial,3.8,40.7,1
tutorial,3.8,41,1
tutorial,3.8,41.3,1
tutorial,3.8,41.5,2
tutorial,3.8,41.7,1
tutorial,3.8,42,1
tutorial,3.8,42.3,3
tutorial,3.8,42.5,1
tutorial,3.8,42.7,2
tutorial,3.8,43.3,2
tutorial,3.8,44,1
tutorial,3.8,44.2,1
tutorial,3.8,44.6,1
tutorial,3.8,45.8,1
tutorial,3.8,46.3,1
tutorial,3.8,46.4,1
tutorial,3.8,47,2
tutorial,3.8,47.4,1
tutorial,3.8,47.5,1
tutorial,3.8,48.1,1
tutorial,3.8,48.5,2
tutorial,3.8,48.7,2
tutorial,3.8,49.3,1
tutorial,3.8,49.9,1
tutorial,3.8,50,1
tutorial,3.8,50.2,1
tutorial,3.8,50.4,1
tutorial,3.8,50.6,1
tutorial,3.8,50.7,1
tutorial,3.8,50.8,1
tutorial,3.8,51.8,2
tutorial,3.8,51.9,1
tutorial,3.8,52,1
tutorial,3.8,52.5,1
tutorial,3.8,52.6,1
tutorial,3.8,52.9,1
tutorial,3.8,53.1,1
tutorial,3.8,53.2,1
tutorial,3.8,53.3,1
tutorial,3.8,53.5,1
tutorial,3.8,53.7,2
tutorial,3.8,53.8,2
tutorial,3.8,53.9,1
tutorial,3.8,54.2,1
tutorial,3.8,55.4,2
tutorial,3.8,55.7,1
tutorial,3.8,56.1,1
tutorial,3.8,56.5,1
tutorial,3.8,56.6,1
tutorial,3.8,56.7,1
tutorial,3.8,56.9,1
tutorial,3.8,57.1,1
tutorial,3.8,57.9,1
tutorial,3.8,58.1,1
tutorial,3.8,58.5,1
tutorial,3.8,58.7,1
tutorial,3.8,59.2,2
tutorial,3.8,59.3,2
tutorial,3.8,59.6,1
tutorial,3.8,60.4,1
tutorial,3.8,61.5,1
tutorial,3.8,61.6,1
tutorial,3.8,62.1,1
tutorial,3.8,62.3,1
tutorial,3.8,62.6,1
tutorial,3.8,63.4,1
tutorial,3.8,64.1,2
tutorial,3.8,64.7,1
tutorial,3.8,65.1,1
tutorial,3.8,65.3,1
tutorial,3.8,65.4,1
tutorial,3.8,65.8,1
tutorial,3.8,65.9,1
tutorial,3.8,66,1
tutorial,3.8,66.3,1
tutorial,3.8,66.6,2
tutorial,3.8,67,1
tutorial,3.8,67.1,2
tutorial,3.8,67.3,1
tutorial,3.8,67.5,1
tutorial,3.8,67.9,2
tutorial,3.8,68.1,2
tutorial,3.8,68.2,1
tutorial,3.8,68.3,2
tutorial,3.8,68.4,1
tutorial,3.8,68.5,1
tutorial,3.8,68.6,3
tutorial,3.8,68.8,1
tutorial,3.8,69,1
tutorial,3.8,69.1,1
tutorial,3.8,69.8,1
tutorial,3.8,69.9,1
tutorial,3.8,70,2
tutorial,3.8,70.6,1
tutorial,3.8,70.8,1
tutorial,3.8,71.3,2
tutorial,3.8,71.4,1
tutorial,3.8,71.6,2
tutorial,3.8,71.9,1
tutorial,3.8,72,1
tutorial,3.8,72.1,1
tutorial,3.8,72.4,1
tutorial,3.8,72.5,1
tutorial,3.8,72.6,1
tutorial,3.8,72.9,1
tutorial,3.8,73.4,1
tutorial,3.8,73.5,1
tutorial,3.8,73.9,1
tutorial,3.8,75.4,1
tutorial,3.8,75.5,1
tutorial,3.8,75.7,2
tutorial,3.8,75.9,1
tutorial,3.8,76.4,1
tutorial,3.8,76.5,1
tutorial,3.8,76.7,1
tutorial,3.8,76.8,1
tutorial,3.8,76.9,1
tutorial,3.8,77,2
tutorial,3.8,77.1,1
tutorial,3.8,77.8,2
tutorial,3.8,77.9,1
tutorial,3.8,78,2
tutorial,3.8,78.3,3
tutorial,3.8,78.6,1
tutorial,3.8,78.9,1
tutorial,3.8,79,3
tutorial,3.8,79.1,1
tutorial,3.8,79.4,1
tutorial,3.8,79.6,1
tutorial,3.8,80.6,1
tutorial,3.8,80.7,1
tutorial,3.8,81,1
tutorial,3.8,81.2,2
tutorial,3.8,81.8,1
tutorial,3.8,82,1
tutorial,3.8,82.3,1
tutorial,3.8,82.4,1
tutorial,3.8,82.5,1
tutorial,3.8,82.9,1
tutorial,3.8,83.4,1
tutorial,3.8,83.5,1
tutorial,3.8,83.6,1
tutorial,3.8,83.7,2
tutorial,3.8,83.8,1
tutorial,3.8,84,1
tutorial,3.8,84.6,1
tutorial,3.8,84.8,2
tutorial,3.8,85,1
tutorial,3.8,85.3,1
tutorial,3.8,85.6,1
tutorial,3.8,85.9,2
tutorial,3.8,86,1
tutorial,3.8,86.2,2
tutorial,3.8,86.3,1
tutorial,3.8,86.4,1
tutorial,3.8,86.5,1
tutorial,3.8,86.7,1
tutorial,3.8,86.8,1
tutorial,3.8,87,1
tutorial,3.8,87.1,2
tutorial,3.8,87.6,1
tutorial,3.8,88,1
tutorial,3.8,88.1,1
tutorial,3.8,88.7,1
tutorial,3.8,89,1
tutorial,3.8,89.2,1
tutorial,3.8,89.5,2
tutorial,3.8,89.6,1
tutorial,3.8,89.7,1
tutorial,3.8,89.8,1
tutorial,3.8,89.9,1
tutorial,3.8,90.1,1
tutorial,3.8,90.2,2
tutorial,3.8,90.3,1
tutorial,3.8,90.7,1
tutorial,3.8,90.8,1
tutorial,3.8,91.1,1
tutorial,3.8,91.2,1
tutorial,3.8,91.4,3
tutorial,3.8,91.6,1
tutorial,3.8,91.7,1
tutorial,3.8,91.9,2
tutorial,3.8,92.4,1
tutorial,3.8,92.6,1
tutorial,3.8,92.8,1
tutorial,3.8,93,1
tutorial,3.8,93.2,1
tutorial,3.8,93.3,1
tutorial,3.8,93.6,1
tutorial,3.8,93.7,1
tutorial,3.8,93.8,1
tutorial,3.8,93.9,1
tutorial,3.8,94,1
tutorial,3.8,94.2,1
tutorial,3.8,94.3,2
tutorial,3.8,94.4,1
tutorial,3.8,94.6,1
tutorial,3.8,94.8,1
tutorial,3.8,95,1
tutorial,3.8,95.1,1
tutorial,3.8,95.4,1
tutorial,3.8,95.6,1
tutorial,3.8,95.7,2
tutorial,3.8,95.8,1
tutorial,3.8,96.2,1
tutorial,3.8,96.4,1
tutorial,3.8,96.8,1
tutorial,3.8,96.9,2
tutorial,3.8,97.1,1
tutorial,3.8,97.2,1
tutorial,3.8,97.3,1
tutorial,3.8,97.4,2
tutorial,3.8,97.5,1
tutorial,3.8,97.8,1
tutorial,3.8,97.9,1
tutorial,3.8,98.2,2
tutorial,3.8,98.6,1
tutorial,3.8,98.7,1
tutorial,3.8,99,3
tutorial,3.8,99.4,3
tutorial,3.8,99.5,3
tutorial,3.8,99.6,1
tutorial,3.8,99.8,3
tutorial,3.8,99.9,1
tutorial,5.2,0.8,1
tutorial,5.2,0.9,1
tutorial,5.2,1.2,1
tutorial,5.2,1.8,1
tutorial,5.2,3.2,1
tutorial,5.2,3.5,2
tutorial,5.2,4.1,1
tutorial,5.2,4.2,1
tutorial,5.2,5.2,1
tutorial,5.2,6.2,1
tutorial,5.2,6.3,1
tutorial,5.2,6.9,1
tutorial,5.2,7.2,1
tutorial,5.2,8,1
tutorial,5.2,8.1,2
tutorial,5.2,8.2,1
tutorial,5.2,9.8,1
tutorial,5.2,11.1,1
tutorial,5.2,11.4,1
tutorial,5.2,11.6,1
tutorial,5.2,12,1
tutorial,5.2,13.2,1
tutorial,5.2,13.7,1
tutorial,5.2,14,1
tutorial,5.2,14.4,1
tutorial,5.2,16.1,1
tutorial,5.2,17.8,1
tutorial,5.2,18.4,1
tutorial,5.2,19.1,1
tutorial,5.2,19.9,1
tutorial,5.2,20.2,1
tutorial,5.2,21.1,1
tutorial,5.2,21.3,1
tutorial,5.2,21.8,1
tutorial,5.2,21.9,1
tutorial,5.2,22.1,1
tutorial,5.2,23.2,1
tutorial,5.2,23.8,1
tutorial,5.2,24.7,1
tutorial,5.2,24.8,1
tutorial,5.2,25.1,1
tutorial,5.2,25.6,1
tutorial,5.2,25.8,1
tutorial,5.2,26,1
tutorial,5.2,26.4,1
tutorial,5.2,26.7,1
tutorial,5.2,27.6,1
tutorial,5.2,28.2,1
tutorial,5.2,28.4,1
tutorial,5.2,28.6,1
tutorial,5.2,28.9,1
tutorial,5.2,29,1
tutorial,5.2,29.2,1
tutorial,5.2,29.7,1
tutorial,5.2,30,1
tutorial,5.2,30.2,1
tutorial,5.2,30.7,1
tutorial,5.2,31.4,1
tutorial,5.2,31.9,1
tutorial,5.2,33,1
tutorial,5.2,33.3,1
tutorial,5.2,33.5,1
tutorial,5.2,34,2
tutorial,5.2,34.5,1
tutorial,5.2,34.7,1
tutorial,5.2,34.8,1
tutorial,5.2,36,2
tutorial,5.2,36.1,1
tutorial,5.2,36.2,1
tutorial,5.2,36.7,1
tutorial,5.2,37,1
tutorial,5.2,37.4,1
tutorial,5.2,37.7,1
tutorial,5.2,38.1,1
tutorial,5.2,39,1
tutorial,5.2,39.3,1
tutorial,5.2,39.7,1
tutorial,5.2,40.5,1
tutorial,5.2,41.1,1
tutorial,5.2,42.3,1
tutorial,5.2,42.7,1
tutorial,5.2,42.8,2
tutorial,5.2,43.5,1
tutorial,5.2,43.6,1
tutorial,5.2,44.8,1
tutorial,5.2,45.1,1
tutorial,5.2,45.2,1
tutorial,5.2,45.4,1
tutorial,5.2,45.5,1
tutorial,5.2,45.7,1
tutorial,5.2,46.6,1
tutorial,5.2,46.8,1
tutorial,5.2,47.2,1
tutorial,5.2,47.4,1
tutorial,5.2,48.8,1
tutorial,5.2,48.9,1
tutorial,5.2,49.1,1
tutorial,5.2,49.7,1
tutorial,5.2,50,1
tutorial,5.2,50.2,1
tutorial,5.2,51.3,1
tutorial,5.2,51.4,1
tutorial,5.2,51.8,1
tutorial,5.2,53,1
tutorial,5.2,53.1,1
tutorial,5.2,53.5,1
tutorial,5.2,53.9,1
tutorial,5.2,55.2,1
tutorial,5.2,55.3,2
tutorial,5.2,56,1
tutorial,5.2,56.3,2
tutorial,5.2,57,1
tutorial,5.2,57.1,1
tutorial,5.2,58,1
tutorial,5.2,58.3,2
tutorial,5.2,58.5,1
tutorial,5.2,60.2,1
tutorial,5.2,60.4,1
tutorial,5.2,60.7,2
tutorial,5.2,61,2
tutorial,5.2,61.4,1
tutorial,5.2,61.6,1
tutorial,5.2,61.8,1
tutorial,5.2,61.9,1
tutorial,5.2,62.5,1
tutorial,5.2,62.9,2
tutorial,5.2,63.2,1
tutorial,5.2,64,1
tutorial,5.2,64.3,1
tutorial,5.2,64.5,1
tutorial,5.2,64.8,1
tutorial,5.2,65,1
tutorial,5.2,65.9,1
tutorial,5.2,66,1
tutorial,5.2,67.3,1
tutorial,5.2,67.4,1
tutorial,5.2,67.5,1
tutorial,5.2,68.7,2
tutorial,5.2,69,1
tutorial,5.2,70.3,1
tutorial,5.2,70.4,1
tutorial,5.2,71.1,2
tutorial,5.2,71.6,1
tutorial,5.2,72,1
tutorial,5.2,72.2,1
tutorial,5.2,72.4,1
tutorial,5.2,72.6,1
tutorial,5.2,72.7,2
tutorial,5.2,73.2,1
tutorial,5.2,73.5,1
tutorial,5.2,73.7,1
tutorial,5.2,73.9,1
tutorial,5.2,74.6,1
tutorial,5.2,75.6,1
tutorial,5.2,75.7,2
tutorial,5.2,76.1,2
tutorial,5.2,76.6,1
tutorial,5.2,76.9,1
tutorial,5.2,77.2,1
tutorial,5.2,77.4,2
tutorial,5.2,77.6,1
tutorial,5.2,77.7,1
tutorial,5.2,77.9,1
tutorial,5.2,78,1
tutorial,5.2,78.3,1
tutorial,5.2,78.4,1
tutorial,5.2,78.7,2
tutorial,5.2,79.4,2
tutorial,5.2,79.5,1
tutorial,5.2,80.4,1
tutorial,5.2,80.6,1
tutorial,5.2,80.7,1
tutorial,5.2,81.2,1
tutorial,5.2,81.3,2
tutorial,5.2,81.4,1
tutorial,5.2,81.9,1
tutorial,5.2,82.2,1
tutorial,5.2,82.4,1
tutorial,5.2,82.6,1
tutorial,5.2,82.8,1
tutorial,5.2,82.9,1
tutorial,5.2,83.5,1
tutorial,5.2,83.9,1
tutorial,5.2,84.1,1
tutorial,5.2,84.2,1
tutorial,5.2,84.3,1
tutorial,5.2,84.5,1
tutorial,5.2,85,1
tutorial,5.2,85.7,1
tutorial,5.2,87.2,1
tutorial,5.2,87.6,1
tutorial,5.2,87.9,1
tutorial,5.2,88,1
tutorial,5.2,88.1,1
tutorial,5.2,88.2,1
tutorial,5.2,88.5,2
tutorial,5.2,88.7,1
tutorial,5.2,88.8,1
tutorial,5.2,89.1,2
tutorial,5.2,89.4,1
tutorial,5.2,90.4,2
tutorial,5.2,90.5,1
tutorial,5.2,90.8,3
tutorial,5.2,91,1
tutorial,5.2,91.2,1
tutorial,5.2,91.3,1
tutorial,5.2,91.4,1
tutorial,5.2,91.5,2
tutorial,5.2,91.6,1
tutorial,5.2,91.7,1
tutorial,5.2,92.5,1
tutorial,5.2,92.6,1
tutorial,5.2,92.7,1
tutorial,5.2,93.2,1
tutorial,5.2,93.4,1
tutorial,5.2,93.6,1
tutorial,5.2,94.5,1
tutorial,5.2,94.6,1
tutorial,5.2,94.8,1
tutorial,5.2,95,1
tutorial,5.2,95.5,1
tutorial,5.2,95.6,1
tutorial,5.2,96,2
tutorial,5.2,96.4,1
tutorial,5.2,96.5,1
tutorial,5.2,96.7,1
tutorial,5.2,96.8,1
tutorial,5.2,96.9,1
tutorial,5.2,97,1
tutorial,5.2,97.1,1
tutorial,5.2,97.2,1
tutorial,5.2,97.3,2
tutorial,5.2,97.5,1
tutorial,5.2,97.8,2
tutorial,5.2,97.9,3
tutorial,5.2,98.5,1
tutorial,5.2,98.8,1
tutorial,5.2,98.9,2
tutorial,5.2,99.3,1
tutorial,7.8,1.6,1
tutorial,7.8,1.7,1
tutorial,7.8,1.8,2
tutorial,7.8,2.1,1
tutorial,7.8,2.2,1
tutorial,7.8,2.4,1
tutorial,7.8,2.5,1
tutorial,7.8,2.6,1
tutorial,7.8,2.7,1
tutorial,7.8,3,1
tutorial,7.8,3.1,1
tutorial,7.8,3.9,2
tutorial,7.8,4.2,1
tutorial,7.8,4.3,1
tutorial,7.8,4.5,1
tutorial,7.8,4.6,1
tutorial,7.8,4.8,1
tutorial,7.8,5,1
tutorial,7.8,5.1,1
tutorial,7.8,5.4,1
tutorial,7.8,5.5,1
tutorial,7.8,5.6,1
tutorial,7.8,5.8,1
tutorial,7.8,6,1
tutorial,7.8,6.1,1
tutorial,7.8,6.2,1
tutorial,7.8,6.6,1
tutorial,7.8,6.9,1
tutorial,7.8,7.2,3
tutorial,7.8,7.9,1
tutorial,7.8,8,1
tutorial,7.8,8.2,2
tutorial,7.8,8.5,1
tutorial,7.8,9.2,1
tutorial,7.8,9.6,1
tutorial,7.8,10,1
tutorial,7.8,10.1,2
tutorial,7.8,10.2,2
tutorial,7.8,10.3,1
tutorial,7.8,10.4,1
tutorial,7.8,10.6,1
tutorial,7.8,10.7,2
tutorial,7.8,10.8,1
tutorial,7.8,11,2
tutorial,7.8,11.3,1
tutorial,7.8,11.5,1
tutorial,7.8,11.6,1
tutorial,7.8,11.7,1
tutorial,7.8,11.9,2
tutorial,7.8,12,2
tutorial,7.8,12.2,1
tutorial,7.8,12.7,1
tutorial,7.8,13.1,1
tutorial,7.8,13.3,1
tutorial,7.8,13.6,2
tutorial,7.8,13.7,2
tutorial,7.8,14.1,2
tutorial,7.8,14.3,2
tutorial,7.8,14.6,1
tutorial,7.8,14.8,3
tutorial,7.8,15,2
tutorial,7.8,15.1,1
tutorial,7.8,15.4,1
tutorial,7.8,15.6,2
tutorial,7.8,15.7,1
tutorial,7.8,15.9,1
tutorial,7.8,16,1
tutorial,7.8,16.1,2
tutorial,7.8,16.3,2
tutorial,7.8,16.5,2
tutorial,7.8,16.9,2
tutorial,7.8,17,1
tutorial,7.8,17.2,1
tutorial,7.8,17.4,1
tutorial,7.8,17.5,2
tutorial,7.8,17.7,1
tutorial,7.8,18,1
tutorial,7.8,18.1,1
tutorial,7.8,18.3,1
tutorial,7.8,18.5,1
tutorial,7.8,18.9,1
tutorial,7.8,19,1
tutorial,7.8,19.1,1
tutorial,7.8,19.2,1
tutorial,7.8,19.6,1
tutorial,7.8,20.2,1
tutorial,7.8,20.3,2
tutorial,7.8,20.6,1
tutorial,7.8,20.8,1
tutorial,7.8,21.1,1
tutorial,7.8,21.2,2
tutorial,7.8,21.3,1
tutorial,7.8,21.6,1
tutorial,7.8,21.9,1
tutorial,7.8,22.6,1
tutorial,7.8,22.9,1
tutorial,7.8,23,1
tutorial,7.8,23.2,1
tutorial,7.8,23.6,1
tutorial,7.8,23.7,1
tutorial,7.8,23.9,1
tutorial,7.8,24,1
tutorial,7.8,24.4,1
tutorial,7.8,24.7,3
tutorial,7.8,24.8,2
tutorial,7.8,25,1
tutorial,7.8,25.1,2
tutorial,7.8,25.2,2
tutorial,7.8,25.5,1
tutorial,7.8,25.6,1
tutorial,7.8,25.7,1
tutorial,7.8,25.8,1
tutorial,7.8,26,3
tutorial,7.8,26.2,1
tutorial,7.8,26.3,1
tutorial,7.8,26.4,1
tutorial,7.8,26.5,3
tutorial,7.8,26.6,1
tutorial,7.8,26.8,2
tutorial,7.8,26.9,1
tutorial,7.8,27,1
tutorial,7.8,27.2,2
tutorial,7.8,27.3,2
tutorial,7.8,27.5,1
tutorial,7.8,27.6,2
tutorial,7.8,27.7,1
tutorial,7.8,27.9,1
tutorial,7.8,28.1,3
tutorial,7.8,28.2,2
tutorial,7.8,28.9,1
tutorial,7.8,29,1
tutorial,7.8,29.1,1
tutorial,7.8,29.2,1
tutorial,7.8,29.5,2
tutorial,7.8,29.8,1
tutorial,7.8,30.2,1
tutorial,7.8,30.4,1
tutorial,7.8,30.5,1
tutorial,7.8,30.6,1
tutorial,7.8,30.8,4
tutorial,7.8,31.1,1
tutorial,7.8,31.2,1
tutorial,7.8,31.3,2
tutorial,7.8,31.4,1
tutorial,7.8,31.6,1
tutorial,7.8,31.7,1
tutorial,7.8,31.8,4
tutorial,7.8,32,1
tutorial,7.8,32.2,1
tutorial,7.8,32.5,1
tutorial,7.8,32.6,2
tutorial,7.8,33.1,1
tutorial,7.8,33.2,1
tutorial,7.8,33.3,3
tutorial,7.8,33.6,2
tutorial,7.8,33.7,3
tutorial,7.8,33.8,1
tutorial,7.8,33.9,2
tutorial,7.8,34,1
tutorial,7.8,34.1,2
tutorial,7.8,34.4,1
tutorial,7.8,34.6,2
tutorial,7.8,34.8,1
tutorial,7.8,34.9,1
tutorial,7.8,35.2,1
tutorial,7.8,35.3,2
tutorial,7.8,35.4,1
tutorial,7.8,35.5,1
tutorial,7.8,35.6,2
tutorial,7.8,35.7,1
tutorial,7.8,35.8,1
tutorial,7.8,35.9,2
tutorial,7.8,36.3,2
tutorial,7.8,36.4,1
tutorial,7.8,36.7,1
tutorial,7.8,36.8,1
tutorial,7.8,36.9,1
tutorial,7.8,37.5,1
tutorial,7.8,37.6,3
tutorial,7.8,37.7,1
tutorial,7.8,37.8,1
tutorial,7.8,37.9,1
tutorial,7.8,38.3,1
tutorial,7.8,38.4,2
tutorial,7.8,38.5,1
tutorial,7.8,38.6,2
tutorial,7.8,38.9,1
tutorial,7.8,39.2,1
tutorial,7.8,39.3,1
tutorial,7.8,39.4,3
tutorial,7.8,39.5,1
tutorial,7.8,39.7,1
tutorial,7.8,39.8,2
tutorial,7.8,39.9,1
tutorial,7.8,40,1
tutorial,7.8,40.2,1
tutorial,7.8,40.3,1
tutorial,7.8,40.5,1
tutorial,7.8,40.6,2
tutorial,7.8,40.8,2
tutorial,7.8,40.9,1
tutorial,7.8,41.7,1
tutorial,7.8,41.9,2
tutorial,7.8,42,1
tutorial,7.8,42.2,1
tutorial,7.8,42.6,5
tutorial,7.8,42.7,3
tutorial,7.8,42.9,2
tutorial,7.8,43,1
tutorial,7.8,43.1,1
tutorial,7.8,43.4,1
tutorial,7.8,43.5,1
tutorial,7.8,43.6,4
tutorial,7.8,43.7,3
tutorial,7.8,43.9,1
tutorial,7.8,44,1
tutorial,7.8,44.1,1
tutorial,7.8,44.3,1
tutorial,7.8,44.9,1
tutorial,7.8,45.1,1
tutorial,7.8,45.2,2
tutorial,7.8,45.3,1
tutorial,7.8,45.4,1
tutorial,7.8,45.5,1
tutorial,7.8,45.7,2
tutorial,7.8,46,1
tutorial,7.8,46.2,1
tutorial,7.8,46.4,2
tutorial,7.8,46.5,1
tutorial,7.8,46.6,1
tutorial,7.8,46.8,1
tutorial,7.8,47,1
tutorial,7.8,47.1,1
tutorial,7.8,47.2,1
tutorial,7.8,47.3,1
tutorial,7.8,47.4,2
tutorial,7.8,47.5,1
tutorial,7.8,47.6,1
tutorial,7.8,47.7,1
tutorial,7.8,47.8,1
tutorial,7.8,48,1
tutorial,7.8,48.3,1
tutorial,7.8,48.4,3
tutorial,7.8,48.5,1
tutorial,7.8,48.6,1
tutorial,7.8,48.7,2
tutorial,7.8,48.9,1
tutorial,7.8,49.1,2
tutorial,7.8,49.2,2
tutorial,7.8,49.4,1
tutorial,7.8,49.6,1
tutorial,7.8,49.8,1
tutorial,7.8,50.1,2
tutorial,7.8,50.3,1
tutorial,7.8,50.4,1
tutorial,7.8,50.9,1
tutorial,7.8,51.1,3
tutorial,7.8,51.2,1
tutorial,7.8,51.4,3
tutorial,7.8,51.5,1
tutorial,7.8,51.6,1
tutorial,7.8,51.7,2
tutorial,7.8,51.9,1
tutorial,7.8,52.1,1
tutorial,7.8,52.4,1
tutorial,7.8,52.5,1
tutorial,7.8,52.7,4
tutorial,7.8,52.8,3
tutorial,7.8,52.9,1
tutorial,7.8,53.1,1
tutorial,7.8,53.3,4
tutorial,7.8,53.5,1
tutorial,7.8,53.6,1
tutorial,7.8,53.8,1
tutorial,7.8,54.1,3
tutorial,7.8,54.5,2
tutorial,7.8,54.8,1
tutorial,7.8,55,2
tutorial,7.8,55.1,3
tutorial,7.8,55.2,4
tutorial,7.8,55.5,1
tutorial,7.8,55.6,2
tutorial,7.8,55.7,1
tutorial,7.8,55.8,3
tutorial,7.8,56,3
tutorial,7.8,56.2,3
tutorial,7.8,56.3,1
tutorial,7.8,56.6,1
tutorial,7.8,56.7,1
tutorial,7.8,56.8,1
tutorial,7.8,57.2,1
tutorial,7.8,57.3,1
tutorial,7.8,57.4,1
tutorial,7.8,57.6,2
tutorial,7.8,57.8,1
tutorial,7.8,57.9,2
tutorial,7.8,58.2,1
tutorial,7.8,58.3,2
tutorial,7.8,58.5,1
tutorial,7.8,58.8,2
tutorial,7.8,59,1
tutorial,7.8,59.1,1
tutorial,7.8,59.4,3
tutorial,7.8,59.5,1
tutorial,7.8,59.7,1
tutorial,7.8,60,2
tutorial,7.8,60.2,3
tutorial,7.8,60.3,3
tutorial,7.8,60.6,1
tutorial,7.8,60.9,2
tutorial,7.8,61.1,3
tutorial,7.8,61.2,2
tutorial,7.8,61.3,1
tutorial,7.8,61.4,2
tutorial,7.8,61.5,1
tutorial,7.8,61.7,2
tutorial,7.8,61.8,3
tutorial,7.8,62,1
tutorial,7.8,62.3,1
tutorial,7.8,62.5,1
tutorial,7.8,62.8,2
tutorial,7.8,63.3,1
tutorial,7.8,63.4,1
tutorial,7.8,63.6,2
tutorial,7.8,63.8,1
tutorial,7.8,63.9,2
tutorial,7.8,64,2
tutorial,7.8,64.3,2
tutorial,7.8,64.7,4
tutorial,7.8,64.8,2
tutorial,7.8,65.1,3
tutorial,7.8,65.2,2
tutorial,7.8,65.3,1
tutorial,7.8,65.5,2
tutorial,7.8,65.6,1
tutorial,7.8,65.7,1
tutorial,7.8,65.8,1
tutorial,7.8,65.9,2
tutorial,7.8,66,2
tutorial,7.8,66.1,2
tutorial,7.8,66.5,2
tutorial,7.8,66.8,1
tutorial,7.8,66.9,1
tutorial,7.8,67.2,1
tutorial,7.8,67.4,1
tutorial,7.8,67.5,2
tutorial,7.8,67.8,1
tutorial,7.8,68,3
tutorial,7.8,68.1,2
tutorial,7.8,68.2,1
tutorial,7.8,68.3,1
tutorial,7.8,68.8,2
tutorial,7.8,68.9,2
tutorial,7.8,69,1
tutorial,7.8,69.1,3
tutorial,7.8,69.3,1
tutorial,7.8,69.4,3
tutorial,7.8,69.6,1
tutorial,7.8,69.7,2
tutorial,7.8,69.8,2
tutorial,7.8,69.9,1
tutorial,7.8,70,1
tutorial,7.8,70.2,1
tutorial,7.8,70.3,2
tutorial,7.8,70.4,1
tutorial,7.8,70.7,2
tutorial,7.8,70.9,1
tutorial,7.8,71,4
tutorial,7.8,71.2,3
tutorial,7.8,71.3,3
tutorial,7.8,71.6,1
tutorial,7.8,71.8,1
tutorial,7.8,71.9,1
tutorial,7.8,72.1,1
tutorial,7.8,72.2,3
tutorial,7.8,72.3,1
tutorial,7.8,72.4,1
tutorial,7.8,72.5,1
tutorial,7.8,72.8,2
tutorial,7.8,72.9,1
tutorial,7.8,73,2
tutorial,7.8,73.1,1
tutorial,7.8,73.4,3
tutorial,7.8,73.5,1
tutorial,7.8,73.6,1
tutorial,7.8,73.7,1
tutorial,7.8,73.8,1
tutorial,7.8,74,1
tutorial,7.8,74.3,1
tutorial,7.8,74.4,3
tutorial,7.8,74.5,2
tutorial,7.8,74.6,1
tutorial,7.8,74.7,2
tutorial,7.8,74.9,1
tutorial,7.8,75.2,1
tutorial,7.8,75.3,1
tutorial,7.8,75.5,1
tutorial,7.8,75.6,2
tutorial,7.8,75.9,1
tutorial,7.8,76.1,1
tutorial,7.8,76.3,1
tutorial,7.8,76.5,2
tutorial,7.8,76.7,4
tutorial,7.8,76.8,3
tutorial,7.8,76.9,1
tutorial,7.8,77,1
tutorial,7.8,77.1,1
tutorial,7.8,77.2,1
tutorial,7.8,77.3,1
tutorial,7.8,77.4,1
tutorial,7.8,77.5,3
tutorial,7.8,77.6,2
tutorial,7.8,77.7,1
tutorial,7.8,77.8,3
tutorial,7.8,78.2,2
tutorial,7.8,78.3,1
tutorial,7.8,78.4,3
tutorial,7.8,78.5,1
tutorial,7.8,78.7,3
tutorial,7.8,79,2
tutorial,7.8,79.1,1
tutorial,7.8,79.2,2
tutorial,7.8,79.4,1
tutorial,7.8,79.5,2
tutorial,7.8,79.6,1
tutorial,7.8,79.7,1
tutorial,7.8,79.8,1
tutorial,7.8,79.9,1
tutorial,7.8,80.1,3
tutorial,7.8,80.2,1
tutorial,7.8,80.7,1
tutorial,7.8,81,2
tutorial,7.8,81.1,1
tutorial,7.8,81.2,2
tutorial,7.8,81.3,1
tutorial,7.8,81.4,2
tutorial,7.8,81.5,2
tutorial,7.8,81.6,1
tutorial,7.8,81.8,2
tutorial,7.8,82.1,1
tutorial,7.8,82.3,2
tutorial,7.8,82.5,1
tutorial,7.8,82.8,1
tutorial,7.8,82.9,1
tutorial,7.8,83.1,1
tutorial,7.8,83.3,1
tutorial,7.8,83.4,1
tutorial,7.8,83.5,2
tutorial,7.8,83.9,2
tutorial,7.8,84,1
tutorial,7.8,84.3,1
tutorial,7.8,84.4,1
tutorial,7.8,84.8,1
tutorial,7.8,84.9,2
tutorial,7.8,85,2
tutorial,7.8,85.2,2
tutorial,7.8,85.3,1
tutorial,7.8,85.4,2
tutorial,7.8,85.5,1
tutorial,7.8,85.6,2
tutorial,7.8,85.8,1
tutorial,7.8,85.9,2
tutorial,7.8,86,4
tutorial,7.8,86.1,3
tutorial,7.8,86.4,2
tutorial,7.8,86.5,1
tutorial,7.8,86.6,2
tutorial,7.8,86.7,1
tutorial,7.8,86.8,1
tutorial,7.8,86.9,2
tutorial,7.8,87,1
tutorial,7.8,87.1,2
tutorial,7.8,87.2,1
tutorial,7.8,87.4,1
tutorial,7.8,87.5,1
tutorial,7.8,87.6,3
tutorial,7.8,87.7,3
tutorial,7.8,87.9,1
tutorial,7.8,88,1
tutorial,7.8,88.1,2
tutorial,7.8,88.3,4
tutorial,7.8,88.4,1
tutorial,7.8,88.5,2
tutorial,7.8,88.6,1
tutorial,7.8,88.7,2
tutorial,7.8,88.8,1
tutorial,7.8,88.9,1
tutorial,7.8,89,2
tutorial,7.8,89.1,2
tutorial,7.8,89.2,1
tutorial,7.8,89.4,1
tutorial,7.8,89.5,2
tutorial,7.8,89.6,2
tutorial,7.8,89.8,2
tutorial,7.8,89.9,2
tutorial,7.8,90.1,1
tutorial,7.8,90.3,1
tutorial,7.8,90.5,1
tutorial,7.8,90.6,1
tutorial,7.8,90.7,1
tutorial,7.8,90.8,1
tutorial,7.8,90.9,1
tutorial,7.8,91,2
tutorial,7.8,91.1,2
tutorial,7.8,91.2,2
tutorial,7.8,91.4,1
tutorial,7.8,91.5,2
tutorial,7.8,91.6,1
tutorial,7.8,91.7,2
tutorial,7.8,91.9,2
tutorial,7.8,92,2
tutorial,7.8,92.1,4
tutorial,7.8,92.3,2
tutorial,7.8,92.4,1
tutorial,7.8,92.5,3
tutorial,7.8,92.7,2
tutorial,7.8,92.9,1
tutorial,7.8,93.1,1
tutorial,7.8,93.2,1
tutorial,7.8,93.4,1
tutorial,7.8,93.6,1
tutorial,7.8,93.7,3
tutorial,7.8,93.8,2
tutorial,7.8,93.9,3
tutorial,7.8,94,2
tutorial,7.8,94.6,3
tutorial,7.8,94.7,1
tutorial,7.8,94.8,1
tutorial,7.8,94.9,3
tutorial,7.8,95.1,4
tutorial,7.8,95.2,3
tutorial,7.8,95.3,1
tutorial,7.8,95.4,1
tutorial,7.8,95.5,1
tutorial,7.8,95.7,2
tutorial,7.8,95.8,1
tutorial,7.8,95.9,1
tutorial,7.8,96,1
tutorial,7.8,96.1,4
tutorial,7.8,96.2,2
tutorial,7.8,96.4,1
tutorial,7.8,96.6,2
tutorial,7.8,96.7,1
tutorial,7.8,97,1
tutorial,7.8,97.1,1
tutorial,7.8,97.2,1
tutorial,7.8,97.3,1
tutorial,7.8,97.5,4
tutorial,7.8,97.6,1
tutorial,7.8,97.8,3
tutorial,7.8,97.9,1
tutorial,7.8,98,3
tutorial,7.8,98.1,1
tutorial,7.8,98.2,1
tutorial,7.8,98.4,4
tutorial,7.8,98.5,1
tutorial,7.8,98.6,2
tutorial,7.8,98.7,2
tutorial,7.8,98.8,1
tutorial,7.8,98.9,2
tutorial,7.8,99,3
tutorial,7.8,99.1,1
tutorial,7.8,99.2,3
tutorial,7.8,99.4,3
tutorial,7.8,99.5,1
tutorial,7.8,99.6,1
tutorial,7.8,99.8,3
tutorial,7.8,99.9,1
tutorial,7.8,100,1
tutorial,10.7,1.1,1
tutorial,10.7,1.4,2
tutorial,10.7,1.5,1
tutorial,10.7,1.8,2
tutorial,10.7,1.9,1
tutorial,10.7,2,1
tutorial,10.7,2.5,1
tutorial,10.7,2.7,2
tutorial,10.7,2.8,1
tutorial,10.7,3,1
tutorial,10.7,3.3,1
tutorial,10.7,4.1,1
tutorial,10.7,5.1,1
tutorial,10.7,5.5,1
tutorial,10.7,5.8,1
tutorial,10.7,6.2,1
tutorial,10.7,6.4,1
tutorial,10.7,7,1
tutorial,10.7,7.1,1
tutorial,10.7,7.2,2
tutorial,10.7,7.4,1
tutorial,10.7,7.5,2
tutorial,10.7,7.7,1
tutorial,10.7,7.9,1
tutorial,10.7,8.4,1
tutorial,10.7,8.8,2
tutorial,10.7,9,1
tutorial,10.7,9.3,2
tutorial,10.7,9.4,1
tutorial,10.7,10.9,1
tutorial,10.7,11.5,1
tutorial,10.7,12.7,1
tutorial,10.7,13.6,1
tutorial,10.7,14,1
tutorial,10.7,14.2,1
tutorial,10.7,14.4,1
tutorial,10.7,15.1,1
tutorial,10.7,15.2,1
tutorial,10.7,15.6,1
tutorial,10.7,15.8,2
tutorial,10.7,15.9,1
tutorial,10.7,16.1,1
tutorial,10.7,16.2,1
tutorial,10.7,16.5,1
tutorial,10.7,16.8,1
tutorial,10.7,17,1
tutorial,10.7,17.5,1
tutorial,10.7,18.1,1
tutorial,10.7,18.6,1
tutorial,10.7,18.9,2
tutorial,10.7,19.4,2
tutorial,10.7,20.1,1
tutorial,10.7,20.2,1
tutorial,10.7,20.3,1
tutorial,10.7,20.5,1
tutorial,10.7,20.9,1
tutorial,10.7,21.6,1
tutorial,10.7,22,1
tutorial,10.7,22.1,1
tutorial,10.7,22.2,1
tutorial,10.7,22.7,1
tutorial,10.7,22.8,1
tutorial,10.7,23.6,1
tutorial,10.7,23.8,1
tutorial,10.7,24,1
tutorial,10.7,24.6,2
tutorial,10.7,25.3,1
tutorial,10.7,25.4,1
tutorial,10.7,25.5,1
tutorial,10.7,25.9,2
tutorial,10.7,26.2,1
tutorial,10.7,26.4,1
tutorial,10.7,26.9,1
tutorial,10.7,27.6,1
tutorial,10.7,28.3,2
tutorial,10.7,28.4,2
tutorial,10.7,28.7,1
tutorial,10.7,28.8,1
tutorial,10.7,29.2,1
tutorial,10.7,29.4,1
tutorial,10.7,29.6,1
tutorial,10.7,29.8,2
tutorial,10.7,30.1,1
tutorial,10.7,30.7,1
tutorial,10.7,31.1,1
tutorial,10.7,31.3,1
tutorial,10.7,31.5,1
tutorial,10.7,31.7,1
tutorial,10.7,31.9,1
tutorial,10.7,32,1
tutorial,10.7,32.3,1
tutorial,10.7,33.2,1
tutorial,10.7,33.3,1
tutorial,10.7,33.5,1
tutorial,10.7,33.6,1
tutorial,10.7,34,1
tutorial,10.7,34.1,1
tutorial,10.7,34.2,1
tutorial,10.7,34.3,3
tutorial,10.7,34.5,1
tutorial,10.7,34.6,1
tutorial,10.7,34.7,1
tutorial,10.7,34.8,1
tutorial,10.7,35,1
tutorial,10.7,35.5,2
tutorial,10.7,35.8,2
tutorial,10.7,36,1
tutorial,10.7,36.4,1
tutorial,10.7,36.6,2
tutorial,10.7,37.1,2
tutorial,10.7,37.4,1
tutorial,10.7,38.1,3
tutorial,10.7,38.2,2
tutorial,10.7,38.9,2
tutorial,10.7,39.2,1
tutorial,10.7,39.4,2
tutorial,10.7,39.7,1
tutorial,10.7,39.9,2
tutorial,10.7,40.4,1
tutorial,10.7,40.5,1
tutorial,10.7,40.6,1
tutorial,10.7,41,2
tutorial,10.7,41.3,1
tutorial,10.7,41.4,1
tutorial,10.7,41.8,1
tutorial,10.7,42.6,1
tutorial,10.7,43,1
tutorial,10.7,43.6,1
tutorial,10.7,44,1
tutorial,10.7,44.6,2
tutorial,10.7,44.9,1
tutorial,10.7,45.1,1
tutorial,10.7,45.3,1
tutorial,10.7,45.5,1
tutorial,10.7,45.7,1
tutorial,10.7,45.9,1
tutorial,10.7,46,1
tutorial,10.7,47,2
tutorial,10.7,47.1,1
tutorial,10.7,47.2,1
tutorial,10.7,47.3,1
tutorial,10.7,47.8,1
tutorial,10.7,47.9,2
tutorial,10.7,48,1
tutorial,10.7,48.1,2
tutorial,10.7,48.2,1
tutorial,10.7,48.3,1
tutorial,10.7,49.1,2
tutorial,10.7,49.5,2
tutorial,10.7,49.6,1
tutorial,10.7,49.7,1
tutorial,10.7,50.1,1
tutorial,10.7,50.4,1
tutorial,10.7,50.7,1
tutorial,10.7,50.9,1
tutorial,10.7,51.3,1
tutorial,10.7,51.4,1
tutorial,10.7,51.5,2
tutorial,10.7,51.9,1
tutorial,10.7,52,2
tutorial,10.7,52.1,2
tutorial,10.7,52.5,1
tutorial,10.7,52.7,1
tutorial,10.7,53.1,1
tutorial,10.7,53.2,3
tutorial,10.7,53.3,1
tutorial,10.7,53.6,1
tutorial,10.7,53.8,1
tutorial,10.7,53.9,1
tutorial,10.7,54,1
tutorial,10.7,54.3,1
tutorial,10.7,54.5,1
tutorial,10.7,54.9,1
tutorial,10.7,55.1,1
tutorial,10.7,55.5,1
tutorial,10.7,55.7,1
tutorial,10.7,55.8,1
tutorial,10.7,56,2
tutorial,10.7,56.1,1
tutorial,10.7,56.3,1
tutorial,10.7,56.4,2
tutorial,10.7,56.8,1
tutorial,10.7,57.1,1
tutorial,10.7,57.3,1
tutorial,10.7,57.4,1
tutorial,10.7,58.1,1
tutorial,10.7,58.2,2
tutorial,10.7,58.3,2
tutorial,10.7,58.4,1
tutorial,10.7,59,1
tutorial,10.7,59.1,2
tutorial,10.7,59.4,1
tutorial,10.7,59.6,1
tutorial,10.7,59.7,3
tutorial,10.7,59.8,2
tutorial,10.7,60,1
tutorial,10.7,60.3,1
tutorial,10.7,60.4,1
tutorial,10.7,60.6,1
tutorial,10.7,61.4,3
tutorial,10.7,61.8,1
tutorial,10.7,61.9,1
tutorial,10.7,62.3,2
tutorial,10.7,62.4,1
tutorial,10.7,62.6,1
tutorial,10.7,62.7,1
tutorial,10.7,62.9,2
tutorial,10.7,63,1
tutorial,10.7,63.7,1
tutorial,10.7,63.8,1
tutorial,10.7,63.9,1
tutorial,10.7,64.1,1
tutorial,10.7,64.7,1
tutorial,10.7,65.2,1
tutorial,10.7,65.3,1
tutorial,10.7,65.5,1
tutorial,10.7,65.7,2
tutorial,10.7,65.8,1
tutorial,10.7,66.3,2
tutorial,10.7,66.5,1
tutorial,10.7,66.6,1
tutorial,10.7,66.9,1
tutorial,10.7,67.3,1
tutorial,10.7,67.4,2
tutorial,10.7,67.6,1
tutorial,10.7,68.2,1
tutorial,10.7,68.7,2
tutorial,10.7,69,2
tutorial,10.7,69.3,1
tutorial,10.7,69.5,1
tutorial,10.7,69.7,2
tutorial,10.7,70,1
tutorial,10.7,70.1,2
tutorial,10.7,70.2,1
tutorial,10.7,70.3,1
tutorial,10.7,70.4,1
tutorial,10.7,71.1,1
tutorial,10.7,71.3,1
tutorial,10.7,71.9,1
tutorial,10.7,72.1,1
tutorial,10.7,72.2,1
tutorial,10.7,72.4,1
tutorial,10.7,72.5,1
tutorial,10.7,72.6,1
tutorial,10.7,72.9,1
tutorial,10.7,73,1
tutorial,10.7,73.3,1
tutorial,10.7,73.8,1
tutorial,10.7,74.8,1
tutorial,10.7,74.9,1
tutorial,10.7,75.2,1
tutorial,10.7,75.3,1
tutorial,10.7,75.4,2
tutorial,10.7,75.8,2
tutorial,10.7,76,1
tutorial,10.7,76.3,1
tutorial,10.7,76.4,1
tutorial,10.7,76.5,2
tutorial,10.7,76.7,1
tutorial,10.7,76.8,1
tutorial,10.7,77.5,1
tutorial,10.7,77.6,1
tutorial,10.7,78.3,2
tutorial,10.7,78.4,1
tutorial,10.7,78.7,1
tutorial,10.7,79,1
tutorial,10.7,79.6,1
tutorial,10.7,79.8,2
tutorial,10.7,80.1,1
tutorial,10.7,80.2,1
tutorial,10.7,80.8,1
tutorial,10.7,81.6,1
tutorial,10.7,81.8,1
tutorial,10.7,82,2
tutorial,10.7,82.2,1
tutorial,10.7,82.4,2
tutorial,10.7,83.2,1
tutorial,10.7,83.4,1
tutorial,10.7,83.5,1
tutorial,10.7,83.6,1
tutorial,10.7,83.7,1
tutorial,10.7,83.8,1
tutorial,10.7,83.9,1
tutorial,10.7,84.1,1
tutorial,10.7,84.3,1
tutorial,10.7,84.5,3
tutorial,10.7,84.7,1
tutorial,10.7,84.8,1
tutorial,10.7,84.9,1
tutorial,10.7,85.3,1
tutorial,10.7,85.5,2
tutorial,10.7,85.6,2
tutorial,10.7,85.9,1
tutorial,10.7,86,1
tutorial,10.7,86.1,1
tutorial,10.7,86.3,1
tutorial,10.7,86.4,1
tutorial,10.7,86.5,2
tutorial,10.7,86.7,2
tutorial,10.7,86.9,2
tutorial,10.7,87,1
tutorial,10.7,87.2,1
tutorial,10.7,87.3,1
tutorial,10.7,87.5,2
tutorial,10.7,88.1,1
tutorial,10.7,88.2,2
tutorial,10.7,88.5,1
tutorial,10.7,88.8,2
tutorial,10.7,89,1
tutorial,10.7,89.2,1
tutorial,10.7,89.5,1
tutorial,10.7,89.6,2
tutorial,10.7,89.9,2
tutorial,10.7,90.1,2
tutorial,10.7,90.4,3
tutorial,10.7,90.5,1
tutorial,10.7,90.7,3
tutorial,10.7,90.8,1
tutorial,10.7,91.2,1
tutorial,10.7,91.7,1
tutorial,10.7,91.9,1
tutorial,10.7,92.1,1
tutorial,10.7,92.2,1
tutorial,10.7,92.4,2
tutorial,10.7,92.5,1
tutorial,10.7,92.8,2
tutorial,10.7,92.9,1
tutorial,10.7,93.1,2
tutorial,10.7,93.2,1
tutorial,10.7,93.3,1
tutorial,10.7,93.5,1
tutorial,10.7,93.7,1
tutorial,10.7,93.8,1
tutorial,10.7,93.9,2
tutorial,10.7,94,2
tutorial,10.7,94.1,1
tutorial,10.7,94.2,2
tutorial,10.7,94.7,2
tutorial,10.7,94.8,1
tutorial,10.7,95,3
tutorial,10.7,95.2,2
tutorial,10.7,95.3,1
tutorial,10.7,95.4,1
tutorial,10.7,95.8,1
tutorial,10.7,95.9,2
tutorial,10.7,96.2,2
tutorial,10.7,96.5,2
tutorial,10.7,96.8,1
tutorial,10.7,96.9,2
tutorial,10.7,97,2
tutorial,10.7,97.1,2
tutorial,10.7,97.4,2
tutorial,10.7,97.5,1
tutorial,10.7,98.1,2
tutorial,10.7,98.3,1
tutorial,10.7,98.8,2
tutorial,10.7,98.9,1
tutorial,10.7,99.6,1
tutorial,10.7,99.7,1
tutorial,10.7,99.8,2
tutorial,10.7,100,1
tutorial,17.4,0,1
tutorial,17.4,0.2,2
tutorial,17.4,0.3,1
tutorial,17.4,0.4,2
tutorial,17.4,0.5,1
tutorial,17.4,0.6,2
tutorial,17.4,0.7,2
tutorial,17.4,0.9,3
tutorial,17.4,1,1
tutorial,17.4,1.1,3
tutorial,17.4,1.3,2
tutorial,17.4,1.4,3
tutorial,17.4,1.5,6
tutorial,17.4,1.6,3
tutorial,17.4,1.7,3
tutorial,17.4,1.8,3
tutorial,17.4,1.9,2
tutorial,17.4,2.1,2
tutorial,17.4,2.2,1
tutorial,17.4,2.3,2
tutorial,17.4,2.4,3
tutorial,17.4,2.5,4
tutorial,17.4,2.6,1
tutorial,17.4,2.7,1
tutorial,17.4,2.8,2
tutorial,17.4,3,1
tutorial,17.4,3.1,3
tutorial,17.4,3.2,2
tutorial,17.4,3.3,4
tutorial,17.4,3.4,2
tutorial,17.4,3.5,5
tutorial,17.4,3.6,8
tutorial,17.4,3.7,2
tutorial,17.4,3.8,4
tutorial,17.4,3.9,1
tutorial,17.4,4,3
tutorial,17.4,4.1,1
tutorial,17.4,4.2,4
tutorial,17.4,4.3,2
tutorial,17.4,4.4,3
tutorial,17.4,4.5,2
tutorial,17.4,4.6,3
tutorial,17.4,4.7,2
tutorial,17.4,4.8,1
tutorial,17.4,4.9,1
tutorial,17.4,5,3
tutorial,17.4,5.1,3
tutorial,17.4,5.2,2
tutorial,17.4,5.3,3
tutorial,17.4,5.4,3
tutorial,17.4,5.5,2
tutorial,17.4,5.6,3
tutorial,17.4,5.8,2
tutorial,17.4,5.9,4
tutorial,17.4,6,1
tutorial,17.4,6.1,3
tutorial,17.4,6.2,2
tutorial,17.4,6.3,3
tutorial,17.4,6.4,4
tutorial,17.4,6.6,1
tutorial,17.4,6.7,1
tutorial,17.4,6.8,2
tutorial,17.4,6.9,3
tutorial,17.4,7.1,1
tutorial,17.4,7.2,2
tutorial,17.4,7.3,5
tutorial,17.4,7.4,3
tutorial,17.4,7.5,2
tutorial,17.4,7.6,4
tutorial,17.4,7.7,1
tutorial,17.4,8,1
tutorial,17.4,8.1,5
tutorial,17.4,8.2,3
tutorial,17.4,8.3,2
tutorial,17.4,8.4,2
tutorial,17.4,8.6,1
tutorial,17.4,8.7,1
tutorial,17.4,8.8,2
tutorial,17.4,8.9,2
tutorial,17.4,9,3
tutorial,17.4,9.1,2
tutorial,17.4,9.3,9
tutorial,17.4,9.4,2
tutorial,17.4,9.5,2
tutorial,17.4,9.6,1
tutorial,17.4,9.7,1
tutorial,17.4,9.8,3
tutorial,17.4,9.9,3
tutorial,17.4,10,6
tutorial,17.4,10.1,3
tutorial,17.4,10.2,1
tutorial,17.4,10.3,3
tutorial,17.4,10.4,1
tutorial,17.4,10.5,1
tutorial,17.4,10.6,2
tutorial,17.4,10.7,1
tutorial,17.4,10.8,1
tutorial,17.4,10.9,2
tutorial,17.4,11,4
tutorial,17.4,11.1,4
tutorial,17.4,11.2,3
tutorial,17.4,11.3,1
tutorial,17.4,11.4,4
tutorial,17.4,11.5,5
tutorial,17.4,11.6,4
tutorial,17.4,11.7,5
tutorial,17.4,11.8,3
tutorial,17.4,11.9,3
tutorial,17.4,12,2
tutorial,17.4,12.1,1
tutorial,17.4,12.2,3
tutorial,17.4,12.3,6
tutorial,17.4,12.4,1
tutorial,17.4,12.5,1
tutorial,17.4,12.6,2
tutorial,17.4,12.7,2
tutorial,17.4,12.8,7
tutorial,17.4,12.9,5
tutorial,17.4,13,4
tutorial,17.4,13.1,2
tutorial,17.4,13.2,2
tutorial,17.4,13.3,1
tutorial,17.4,13.4,3
tutorial,17.4,13.5,2
tutorial,17.4,13.6,2
tutorial,17.4,13.7,2
tutorial,17.4,13.8,1
tutorial,17.4,13.9,4
tutorial,17.4,14,2
tutorial,17.4,14.1,2
tutorial,17.4,14.3,1
tutorial,17.4,14.5,4
tutorial,17.4,14.6,3
tutorial,17.4,14.7,5
tutorial,17.4,14.8,1
tutorial,17.4,14.9,4
tutorial,17.4,15,2
tutorial,17.4,15.1,2
tutorial,17.4,15.2,3
tutorial,17.4,15.3,5
tutorial,17.4,15.4,1
tutorial,17.4,15.5,4
tutorial,17.4,15.6,1
tutorial,17.4,15.7,1
tutorial,17.4,15.8,1
tutorial,17.4,15.9,4
tutorial,17.4,16,2
tutorial,17.4,16.1,4
tutorial,17.4,16.2,3
tutorial,17.4,16.4,3
tutorial,17.4,16.5,2
tutorial,17.4,16.7,2
tutorial,17.4,16.8,3
tutorial,17.4,16.9,3
tutorial,17.4,17,3
tutorial,17.4,17.1,3
tutorial,17.4,17.2,5
tutorial,17.4,17.4,1
tutorial,17.4,17.5,3
tutorial,17.4,17.6,3
tutorial,17.4,17.7,3
tutorial,17.4,17.8,2
tutorial,17.4,17.9,2
tutorial,17.4,18,7
tutorial,17.4,18.1,3
tutorial,17.4,18.2,4
tutorial,17.4,18.3,4
tutorial,17.4,18.5,4
tutorial,17.4,18.6,6
tutorial,17.4,18.7,1
tutorial,17.4,18.9,4
tutorial,17.4,19,1
tutorial,17.4,19.1,3
tutorial,17.4,19.2,2
tutorial,17.4,19.3,1
tutorial,17.4,19.4,1
tutorial,17.4,19.5,2
tutorial,17.4,19.6,4
tutorial,17.4,19.7,2
tutorial,17.4,19.9,2
tutorial,17.4,20,1
tutorial,17.4,20.1,1
tutorial,17.4,20.2,3
tutorial,17.4,20.3,3
tutorial,17.4,20.4,1
tutorial,17.4,20.5,4
tutorial,17.4,20.6,5
tutorial,17.4,20.7,2
tutorial,17.4,20.8,1
tutorial,17.4,20.9,5
tutorial,17.4,21,2
tutorial,17.4,21.1,3
tutorial,17.4,21.2,2
tutorial,17.4,21.3,4
tutorial,17.4,21.4,4
tutorial,17.4,21.5,1
tutorial,17.4,21.6,2
tutorial,17.4,21.8,2
tutorial,17.4,22,5
tutorial,17.4,22.1,2
tutorial,17.4,22.2,1
tutorial,17.4,22.3,4
tutorial,17.4,22.4,1
tutorial,17.4,22.5,1
tutorial,17.4,22.6,2
tutorial,17.4,22.7,3
tutorial,17.4,22.9,3
tutorial,17.4,23,2
tutorial,17.4,23.1,2
tutorial,17.4,23.2,3
tutorial,17.4,23.3,2
tutorial,17.4,23.4,4
tutorial,17.4,23.5,2
tutorial,17.4,23.7,3
tutorial,17.4,23.8,5
tutorial,17.4,23.9,2
tutorial,17.4,24,3
tutorial,17.4,24.1,1
tutorial,17.4,24.2,2
tutorial,17.4,24.3,5
tutorial,17.4,24.4,3
tutorial,17.4,24.5,1
tutorial,17.4,24.7,2
tutorial,17.4,24.8,4
tutorial,17.4,24.9,2
tutorial,17.4,25,4
tutorial,17.4,25.1,1
tutorial,17.4,25.2,1
tutorial,17.4,25.3,2
tutorial,17.4,25.4,4
tutorial,17.4,25.5,4
tutorial,17.4,25.6,4
tutorial,17.4,25.7,4
tutorial,17.4,25.8,2
tutorial,17.4,26,2
tutorial,17.4,26.1,1
tutorial,17.4,26.2,1
tutorial,17.4,26.3,2
tutorial,17.4,26.4,1
tutorial,17.4,26.5,1
tutorial,17.4,26.6,2
tutorial,17.4,26.7,1
tutorial,17.4,26.8,5
tutorial,17.4,26.9,5
tutorial,17.4,27,2
tutorial,17.4,27.1,4
tutorial,17.4,27.2,3
tutorial,17.4,27.3,3
tutorial,17.4,27.4,2
tutorial,17.4,27.5,3
tutorial,17.4,27.6,3
tutorial,17.4,27.7,3
tutorial,17.4,27.8,4
tutorial,17.4,27.9,3
tutorial,17.4,28,5
tutorial,17.4,28.1,1
tutorial,17.4,28.2,2
tutorial,17.4,28.3,4
tutorial,17.4,28.4,2
tutorial,17.4,28.5,4
tutorial,17.4,28.6,1
tutorial,17.4,28.7,5
tutorial,17.4,28.8,3
tutorial,17.4,28.9,2
tutorial,17.4,29,3
tutorial,17.4,29.1,4
tutorial,17.4,29.2,1
tutorial,17.4,29.3,2
tutorial,17.4,29.4,6
tutorial,17.4,29.5,1
tutorial,17.4,29.6,5
tutorial,17.4,29.7,2
tutorial,17.4,29.8,1
tutorial,17.4,29.9,4
tutorial,17.4,30,4
tutorial,17.4,30.1,4
tutorial,17.4,30.2,5
tutorial,17.4,30.3,2
tutorial,17.4,30.4,4
tutorial,17.4,30.5,2
tutorial,17.4,30.6,3
tutorial,17.4,30.7,6
tutorial,17.4,30.8,1
tutorial,17.4,30.9,2
tutorial,17.4,31,2
tutorial,17.4,31.1,1
tutorial,17.4,31.3,3
tutorial,17.4,31.4,4
tutorial,17.4,31.5,4
tutorial,17.4,31.7,6
tutorial,17.4,31.9,3
tutorial,17.4,32,3
tutorial,17.4,32.2,1
tutorial,17.4,32.3,3
tutorial,17.4,32.4,2
tutorial,17.4,32.5,2
tutorial,17.4,32.6,3
tutorial,17.4,32.7,4
tutorial,17.4,32.8,3
tutorial,17.4,32.9,4
tutorial,17.4,33,1
tutorial,17.4,33.2,5
tutorial,17.4,33.3,2
tutorial,17.4,33.4,2
tutorial,17.4,33.5,4
tutorial,17.4,33.6,2
tutorial,17.4,33.7,3
tutorial,17.4,33.8,4
tutorial,17.4,33.9,2
tutorial,17.4,34,3
tutorial,17.4,34.1,3
tutorial,17.4,34.2,3
tutorial,17.4,34.3,2
tutorial,17.4,34.4,2
tutorial,17.4,34.5,2
tutorial,17.4,34.6,3
tutorial,17.4,34.7,3
tutorial,17.4,34.8,2
tutorial,17.4,34.9,1
tutorial,17.4,35,2
tutorial,17.4,35.1,3
tutorial,17.4,35.2,1
tutorial,17.4,35.4,2
tutorial,17.4,35.6,2
tutorial,17.4,35.7,1
tutorial,17.4,35.8,4
tutorial,17.4,35.9,1
tutorial,17.4,36,1
tutorial,17.4,36.1,1
tutorial,17.4,36.2,4
tutorial,17.4,36.3,5
tutorial,17.4,36.4,5
tutorial,17.4,36.5,2
tutorial,17.4,36.6,4
tutorial,17.4,36.7,3
tutorial,17.4,36.8,3
tutorial,17.4,36.9,2
tutorial,17.4,37,12
tutorial,17.4,37.1,2
tutorial,17.4,37.2,2
tutorial,17.4,37.3,3
tutorial,17.4,37.4,3
tutorial,17.4,37.5,7
tutorial,17.4,37.6,1
tutorial,17.4,37.7,1
tutorial,17.4,37.8,3
tutorial,17.4,38,3
tutorial,17.4,38.1,1
tutorial,17.4,38.2,3
tutorial,17.4,38.3,3
tutorial,17.4,38.5,4
tutorial,17.4,38.6,1
tutorial,17.4,38.7,5
tutorial,17.4,38.8,2
tutorial,17.4,38.9,1
tutorial,17.4,39,3
tutorial,17.4,39.1,2
tutorial,17.4,39.2,2
tutorial,17.4,39.3,5
tutorial,17.4,39.4,2
tutorial,17.4,39.5,2
tutorial,17.4,39.6,1
tutorial,17.4,39.7,4
tutorial,17.4,39.8,4
tutorial,17.4,39.9,3
tutorial,17.4,40,3
tutorial,17.4,40.1,3
tutorial,17.4,40.2,2
tutorial,17.4,40.3,4
tutorial,17.4,40.4,3
tutorial,17.4,40.5,1
tutorial,17.4,40.6,1
tutorial,17.4,40.9,5
tutorial,17.4,41,3
tutorial,17.4,41.1,4
tutorial,17.4,41.2,2
tutorial,17.4,41.3,3
tutorial,17.4,41.4,3
tutorial,17.4,41.5,1
tutorial,17.4,41.6,3
tutorial,17.4,41.7,3
tutorial,17.4,41.8,1
tutorial,17.4,41.9,2
tutorial,17.4,42,2
tutorial,17.4,42.1,2
tutorial,17.4,42.2,3
tutorial,17.4,42.3,3
tutorial,17.4,42.4,3
tutorial,17.4,42.6,1
tutorial,17.4,42.7,2
tutorial,17.4,42.8,4
tutorial,17.4,42.9,4
tutorial,17.4,43,3
tutorial,17.4,43.1,4
tutorial,17.4,43.2,2
tutorial,17.4,43.3,4
tutorial,17.4,43.4,2
tutorial,17.4,43.5,3
tutorial,17.4,43.6,1
tutorial,17.4,43.7,2
tutorial,17.4,43.8,1
tutorial,17.4,44,2
tutorial,17.4,44.1,3
tutorial,17.4,44.2,3
tutorial,17.4,44.3,2
tutorial,17.4,44.4,1
tutorial,17.4,44.5,4
tutorial,17.4,44.6,1
tutorial,17.4,44.7,4
tutorial,17.4,44.8,3
tutorial,17.4,44.9,3
tutorial,17.4,45,1
tutorial,17.4,45.1,1
tutorial,17.4,45.2,3
tutorial,17.4,45.4,3
tutorial,17.4,45.5,1
tutorial,17.4,45.6,1
tutorial,17.4,45.7,1
tutorial,17.4,45.8,3
tutorial,17.4,45.9,6
tutorial,17.4,46,2
tutorial,17.4,46.1,1
tutorial,17.4,46.2,1
tutorial,17.4,46.3,4
tutorial,17.4,46.4,6
tutorial,17.4,46.5,2
tutorial,17.4,46.6,1
tutorial,17.4,46.7,3
tutorial,17.4,46.9,2
tutorial,17.4,47,3
tutorial,17.4,47.1,1
tutorial,17.4,47.2,5
tutorial,17.4,47.3,4
tutorial,17.4,47.4,1
tutorial,17.4,47.5,1
tutorial,17.4,47.7,2
tutorial,17.4,47.8,3
tutorial,17.4,47.9,3
tutorial,17.4,48,4
tutorial,17.4,48.1,5
tutorial,17.4,48.2,4
tutorial,17.4,48.3,1
tutorial,17.4,48.4,3
tutorial,17.4,48.6,1
tutorial,17.4,48.8,2
tutorial,17.4,48.9,2
tutorial,17.4,49,1
tutorial,17.4,49.1,1
tutorial,17.4,49.2,2
tutorial,17.4,49.3,5
tutorial,17.4,49.4,1
tutorial,17.4,49.5,4
tutorial,17.4,49.6,3
tutorial,17.4,49.7,3
tutorial,17.4,49.8,1
tutorial,17.4,49.9,6
tutorial,17.4,50,1
tutorial,17.4,50.1,3
tutorial,17.4,50.2,3
tutorial,17.4,50.4,1
tutorial,17.4,50.5,3
tutorial,17.4,50.6,4
tutorial,17.4,50.7,2
tutorial,17.4,50.8,1
tutorial,17.4,50.9,3
tutorial,17.4,51,3
tutorial,17.4,51.1,2
tutorial,17.4,51.2,2
tutorial,17.4,51.3,3
tutorial,17.4,51.4,3
tutorial,17.4,51.5,4
tutorial,17.4,51.6,2
tutorial,17.4,51.7,2
tutorial,17.4,51.8,3
tutorial,17.4,51.9,2
tutorial,17.4,52,3
tutorial,17.4,52.1,1
tutorial,17.4,52.2,1
tutorial,17.4,52.3,5
tutorial,17.4,52.4,2
tutorial,17.4,52.5,3
tutorial,17.4,52.6,3
tutorial,17.4,52.7,2
tutorial,17.4,52.8,2
tutorial,17.4,52.9,5
tutorial,17.4,53,2
tutorial,17.4,53.1,1
tutorial,17.4,53.2,2
tutorial,17.4,53.3,2
tutorial,17.4,53.5,2
tutorial,17.4,53.7,2
tutorial,17.4,53.8,1
tutorial,17.4,53.9,3
tutorial,17.4,54,1
tutorial,17.4,54.1,4
tutorial,17.4,54.2,5
tutorial,17.4,54.3,5
tutorial,17.4,54.4,2
tutorial,17.4,54.5,2
tutorial,17.4,54.8,3
tutorial,17.4,55,1
tutorial,17.4,55.1,2
tutorial,17.4,55.2,2
tutorial,17.4,55.3,3
tutorial,17.4,55.4,5
tutorial,17.4,55.5,2
tutorial,17.4,55.6,3
tutorial,17.4,55.7,1
tutorial,17.4,55.8,6
tutorial,17.4,55.9,1
tutorial,17.4,56,2
tutorial,17.4,56.1,1
tutorial,17.4,56.2,2
tutorial,17.4,56.3,4
tutorial,17.4,56.4,1
tutorial,17.4,56.5,1
tutorial,17.4,56.6,2
tutorial,17.4,56.8,4
tutorial,17.4,56.9,1
tutorial,17.4,57,1
tutorial,17.4,57.1,3
tutorial,17.4,57.2,2
tutorial,17.4,57.3,2
tutorial,17.4,57.5,3
tutorial,17.4,57.6,3
tutorial,17.4,57.7,6
tutorial,17.4,57.8,4
tutorial,17.4,57.9,4
tutorial,17.4,58,3
tutorial,17.4,58.1,2
tutorial,17.4,58.2,4
tutorial,17.4,58.3,2
tutorial,17.4,58.4,2
tutorial,17.4,58.5,1
tutorial,17.4,58.6,5
tutorial,17.4,58.7,2
tutorial,17.4,58.8,1
tutorial,17.4,58.9,1
tutorial,17.4,59,1
tutorial,17.4,59.1,2
tutorial,17.4,59.2,2
tutorial,17.4,59.3,1
tutorial,17.4,59.6,3
tutorial,17.4,59.7,1
tutorial,17.4,59.8,3
tutorial,17.4,60,5
tutorial,17.4,60.1,5
tutorial,17.4,60.2,2
tutorial,17.4,60.3,2
tutorial,17.4,60.4,1
tutorial,17.4,60.5,3
tutorial,17.4,60.6,1
tutorial,17.4,60.7,3
tutorial,17.4,60.8,5
tutorial,17.4,60.9,3
tutorial,17.4,61,2
tutorial,17.4,61.1,3
tutorial,17.4,61.2,1
tutorial,17.4,61.4,2
tutorial,17.4,61.5,1
tutorial,17.4,61.6,7
tutorial,17.4,61.7,2
tutorial,17.4,61.8,3
tutorial,17.4,61.9,1
tutorial,17.4,62,2
tutorial,17.4,62.1,6
tutorial,17.4,62.2,2
tutorial,17.4,62.3,4
tutorial,17.4,62.4,2
tutorial,17.4,62.5,2
tutorial,17.4,62.6,4
tutorial,17.4,62.7,4
tutorial,17.4,62.9,1
tutorial,17.4,63,2
tutorial,17.4,63.1,2
tutorial,17.4,63.2,2
tutorial,17.4,63.3,3
tutorial,17.4,63.4,2
tutorial,17.4,63.5,6
tutorial,17.4,63.6,1
tutorial,17.4,63.7,4
tutorial,17.4,63.9,3
tutorial,17.4,64,3
tutorial,17.4,64.1,3
tutorial,17.4,64.2,2
tutorial,17.4,64.3,4
tutorial,17.4,64.4,3
tutorial,17.4,64.5,2
tutorial,17.4,64.6,1
tutorial,17.4,64.7,2
tutorial,17.4,64.8,5
tutorial,17.4,64.9,3
tutorial,17.4,65,5
tutorial,17.4,65.1,2
tutorial,17.4,65.2,3
tutorial,17.4,65.3,5
tutorial,17.4,65.5,2
tutorial,17.4,65.6,3
tutorial,17.4,65.7,1
tutorial,17.4,65.8,2
tutorial,17.4,65.9,4
tutorial,17.4,66,1
tutorial,17.4,66.1,2
tutorial,17.4,66.2,3
tutorial,17.4,66.3,2
tutorial,17.4,66.4,5
tutorial,17.4,66.6,2
tutorial,17.4,66.7,2
tutorial,17.4,66.9,2
tutorial,17.4,67,1
tutorial,17.4,67.1,3
tutorial,17.4,67.2,1
tutorial,17.4,67.3,2
tutorial,17.4,67.4,3
tutorial,17.4,67.5,2
tutorial,17.4,67.6,3
tutorial,17.4,67.7,3
tutorial,17.4,67.8,5
tutorial,17.4,67.9,2
tutorial,17.4,68,2
tutorial,17.4,68.1,4
tutorial,17.4,68.2,2
tutorial,17.4,68.3,3
tutorial,17.4,68.4,3
tutorial,17.4,68.5,3
tutorial,17.4,68.6,3
tutorial,17.4,68.7,3
tutorial,17.4,68.8,3
tutorial,17.4,69,2
tutorial,17.4,69.1,1
tutorial,17.4,69.2,2
tutorial,17.4,69.3,5
tutorial,17.4,69.4,4
tutorial,17.4,69.5,4
tutorial,17.4,69.6,2
tutorial,17.4,69.7,4
tutorial,17.4,69.8,3
tutorial,17.4,69.9,2
tutorial,17.4,70,2
tutorial,17.4,70.2,1
tutorial,17.4,70.4,2
tutorial,17.4,70.5,4
tutorial,17.4,70.6,3
tutorial,17.4,70.7,5
tutorial,17.4,70.8,3
tutorial,17.4,70.9,3
tutorial,17.4,71,4
tutorial,17.4,71.1,2
tutorial,17.4,71.2,3
tutorial,17.4,71.3,1
tutorial,17.4,71.4,6
tutorial,17.4,71.5,2
tutorial,17.4,71.6,2
tutorial,17.4,71.7,3
tutorial,17.4,71.8,5
tutorial,17.4,71.9,4
tutorial,17.4,72,2
tutorial,17.4,72.1,2
tutorial,17.4,72.2,2
tutorial,17.4,72.3,2
tutorial,17.4,72.4,4
tutorial,17.4,72.5,3
tutorial,17.4,72.6,3
tutorial,17.4,72.7,4
tutorial,17.4,72.8,3
tutorial,17.4,72.9,4
tutorial,17.4,73,3
tutorial,17.4,73.2,2
tutorial,17.4,73.3,1
tutorial,17.4,73.4,2
tutorial,17.4,73.5,3
tutorial,17.4,73.6,5
tutorial,17.4,73.7,2
tutorial,17.4,73.8,3
tutorial,17.4,73.9,3
tutorial,17.4,74.1,4
tutorial,17.4,74.2,1
tutorial,17.4,74.3,2
tutorial,17.4,74.4,4
tutorial,17.4,74.5,4
tutorial,17.4,74.6,2
tutorial,17.4,74.7,4
tutorial,17.4,74.8,3
tutorial,17.4,74.9,2
tutorial,17.4,75,5
tutorial,17.4,75.1,4
tutorial,17.4,75.2,3
tutorial,17.4,75.3,2
tutorial,17.4,75.4,1
tutorial,17.4,75.5,1
tutorial,17.4,75.6,3
tutorial,17.4,75.7,2
tutorial,17.4,75.8,2
tutorial,17.4,75.9,3
tutorial,17.4,76,3
tutorial,17.4,76.1,2
tutorial,17.4,76.2,6
tutorial,17.4,76.3,5
tutorial,17.4,76.4,6
tutorial,17.4,76.5,3
tutorial,17.4,76.6,5
tutorial,17.4,76.7,1
tutorial,17.4,76.8,2
tutorial,17.4,76.9,3
tutorial,17.4,77,3
tutorial,17.4,77.1,2
tutorial,17.4,77.2,1
tutorial,17.4,77.3,5
tutorial,17.4,77.4,6
tutorial,17.4,77.6,1
tutorial,17.4,77.7,2
tutorial,17.4,77.8,2
tutorial,17.4,77.9,5
tutorial,17.4,78,3
tutorial,17.4,78.1,3
tutorial,17.4,78.2,7
tutorial,17.4,78.3,5
tutorial,17.4,78.4,3
tutorial,17.4,78.5,2
tutorial,17.4,78.6,3
tutorial,17.4,78.8,2
tutorial,17.4,78.9,2
tutorial,17.4,79,2
tutorial,17.4,79.1,4
tutorial,17.4,79.2,3
tutorial,17.4,79.3,2
tutorial,17.4,79.4,6
tutorial,17.4,79.5,2
tutorial,17.4,79.6,2
tutorial,17.4,79.7,5
tutorial,17.4,79.8,2
tutorial,17.4,79.9,3
tutorial,17.4,80,2
tutorial,17.4,80.1,2
tutorial,17.4,80.3,3
tutorial,17.4,80.4,2
tutorial,17.4,80.5,5
tutorial,17.4,80.6,2
tutorial,17.4,80.7,2
tutorial,17.4,80.8,1
tutorial,17.4,80.9,2
tutorial,17.4,81,3
tutorial,17.4,81.1,4
tutorial,17.4,81.2,3
tutorial,17.4,81.3,4
tutorial,17.4,81.4,5
tutorial,17.4,81.5,4
tutorial,17.4,81.6,5
tutorial,17.4,81.7,2
tutorial,17.4,81.8,2
tutorial,17.4,81.9,5
tutorial,17.4,82,2
tutorial,17.4,82.1,2
tutorial,17.4,82.2,2
tutorial,17.4,82.3,1
tutorial,17.4,82.4,3
tutorial,17.4,82.5,2
tutorial,17.4,82.7,2
tutorial,17.4,82.8,5
tutorial,17.4,82.9,4
tutorial,17.4,83,4
tutorial,17.4,83.1,4
tutorial,17.4,83.2,4
tutorial,17.4,83.3,2
tutorial,17.4,83.4,5
tutorial,17.4,83.5,4
tutorial,17.4,83.6,2
tutorial,17.4,83.7,1
tutorial,17.4,83.8,5
tutorial,17.4,83.9,1
tutorial,17.4,84,2
tutorial,17.4,84.1,1
tutorial,17.4,84.3,1
tutorial,17.4,84.4,2
tutorial,17.4,84.5,5
tutorial,17.4,84.6,2
tutorial,17.4,84.7,3
tutorial,17.4,84.8,3
tutorial,17.4,84.9,4
tutorial,17.4,85,1
tutorial,17.4,85.1,5
tutorial,17.4,85.2,3
tutorial,17.4,85.3,2
tutorial,17.4,85.4,5
tutorial,17.4,85.5,4
tutorial,17.4,85.6,1
tutorial,17.4,85.7,3
tutorial,17.4,85.8,4
tutorial,17.4,85.9,2
tutorial,17.4,86,3
tutorial,17.4,86.1,5
tutorial,17.4,86.2,1
tutorial,17.4,86.3,2
tutorial,17.4,86.4,3
tutorial,17.4,86.5,3
tutorial,17.4,86.6,2
tutorial,17.4,86.7,2
tutorial,17.4,86.8,5
tutorial,17.4,87,3
tutorial,17.4,87.1,4
tutorial,17.4,87.2,2
tutorial,17.4,87.3,2
tutorial,17.4,87.4,3
tutorial,17.4,87.5,3
tutorial,17.4,87.6,1
tutorial,17.4,87.7,3
tutorial,17.4,87.8,3
tutorial,17.4,87.9,3
tutorial,17.4,88,3
tutorial,17.4,88.1,2
tutorial,17.4,88.2,4
tutorial,17.4,88.3,2
tutorial,17.4,88.4,5
tutorial,17.4,88.6,4
tutorial,17.4,88.7,7
tutorial,17.4,88.8,2
tutorial,17.4,88.9,1
tutorial,17.4,89,4
tutorial,17.4,89.1,2
tutorial,17.4,89.2,3
tutorial,17.4,89.3,4
tutorial,17.4,89.4,4
tutorial,17.4,89.5,2
tutorial,17.4,89.6,4
tutorial,17.4,89.7,7
tutorial,17.4,89.8,5
tutorial,17.4,89.9,3
tutorial,17.4,90,5
tutorial,17.4,90.1,5
tutorial,17.4,90.2,3
tutorial,17.4,90.3,3
tutorial,17.4,90.4,1
tutorial,17.4,90.5,1
tutorial,17.4,90.6,5
tutorial,17.4,90.7,1
tutorial,17.4,90.8,4
tutorial,17.4,90.9,7
tutorial,17.4,91,2
tutorial,17.4,91.1,2
tutorial,17.4,91.2,3
tutorial,17.4,91.3,5
tutorial,17.4,91.4,2
tutorial,17.4,91.5,3
tutorial,17.4,91.6,3
tutorial,17.4,91.7,5
tutorial,17.4,91.8,5
tutorial,17.4,91.9,3
tutorial,17.4,92,2
tutorial,17.4,92.1,4
tutorial,17.4,92.2,3
tutorial,17.4,92.3,2
tutorial,17.4,92.4,2
tutorial,17.4,92.5,2
tutorial,17.4,92.6,2
tutorial,17.4,92.7,1
tutorial,17.4,92.8,4
tutorial,17.4,92.9,4
tutorial,17.4,93,2
tutorial,17.4,93.1,4
tutorial,17.4,93.2,1
tutorial,17.4,93.3,8
tutorial,17.4,93.4,4
tutorial,17.4,93.5,5
tutorial,17.4,93.6,4
tutorial,17.4,93.7,1
tutorial,17.4,93.8,1
tutorial,17.4,93.9,4
tutorial,17.4,94,3
tutorial,17.4,94.1,2
tutorial,17.4,94.2,3
tutorial,17.4,94.3,2
tutorial,17.4,94.4,2
tutorial,17.4,94.5,4
tutorial,17.4,94.6,3
tutorial,17.4,94.7,8
tutorial,17.4,94.8,2
tutorial,17.4,94.9,2
tutorial,17.4,95,2
tutorial,17.4,95.1,1
tutorial,17.4,95.2,4
tutorial,17.4,95.3,6
tutorial,17.4,95.4,2
tutorial,17.4,95.5,2
tutorial,17.4,95.6,1
tutorial,17.4,95.7,2
tutorial,17.4,95.8,2
tutorial,17.4,95.9,3
tutorial,17.4,96,3
tutorial,17.4,96.1,5
tutorial,17.4,96.2,3
tutorial,17.4,96.3,5
tutorial,17.4,96.4,5
tutorial,17.4,96.5,4
tutorial,17.4,96.6,8
tutorial,17.4,96.7,3
tutorial,17.4,96.8,6
tutorial,17.4,96.9,2
tutorial,17.4,97,2
tutorial,17.4,97.1,5
tutorial,17.4,97.2,4
tutorial,17.4,97.3,2
tutorial,17.4,97.4,2
tutorial,17.4,97.5,5
tutorial,17.4,97.6,8
tutorial,17.4,97.7,7
tutorial,17.4,97.8,8
tutorial,17.4,97.9,6
tutorial,17.4,98,3
tutorial,17.4,98.1,10
tutorial,17.4,98.2,3
tutorial,17.4,98.3,5
tutorial,17.4,98.4,7
tutorial,17.4,98.5,5
tutorial,17.4,98.6,3
tutorial,17.4,98.7,4
tutorial,17.4,98.8,4
tutorial,17.4,98.9,6
tutorial,17.4,99,3
tutorial,17.4,99.1,2
tutorial,17.4,99.2,4
tutorial,17.4,99.3,3
tutorial,17.4,99.4,1
tutorial,17.4,99.5,2
tutorial,17.4,99.6,4
tutorial,17.4,99.7,5
tutorial,17.4,99.8,1
tutorial,17.4,99.9,1
tutorial,25,0.5,1
tutorial,25,0.9,1
tutorial,25,2.7,2
tutorial,25,3,3
tutorial,25,3.4,1
tutorial,25,3.6,1
tutorial,25,3.7,2
tutorial,25,3.9,2
tutorial,25,4,3
tutorial,25,4.4,1
tutorial,25,4.7,1
tutorial,25,5.4,1
tutorial,25,5.7,1
tutorial,25,6,1
tutorial,25,6.2,1
tutorial,25,6.4,1
tutorial,25,6.5,2
tutorial,25,6.6,1
tutorial,25,6.8,1
tutorial,25,6.9,1
tutorial,25,7.8,1
tutorial,25,7.9,1
tutorial,25,8.2,1
tutorial,25,8.3,1
tutorial,25,8.4,1
tutorial,25,8.9,1
tutorial,25,9.2,2
tutorial,25,9.4,1
tutorial,25,9.5,2
tutorial,25,9.8,1
tutorial,25,10,1
tutorial,25,10.1,1
tutorial,25,10.3,2
tutorial,25,10.5,1
tutorial,25,10.6,1
tutorial,25,10.8,1
tutorial,25,11,2
tutorial,25,11.2,1
tutorial,25,11.3,2
tutorial,25,12,1
tutorial,25,12.1,1
tutorial,25,12.7,1
tutorial,25,12.8,1
tutorial,25,12.9,2
tutorial,25,13.2,1
tutorial,25,13.5,1
tutorial,25,14.1,2
tutorial,25,14.2,2
tutorial,25,15.4,1
tutorial,25,15.5,1
tutorial,25,15.6,3
tutorial,25,16.2,1
tutorial,25,16.3,1
tutorial,25,16.4,2
tutorial,25,16.5,1
tutorial,25,16.7,2
tutorial,25,16.8,1
tutorial,25,17.3,1
tutorial,25,17.4,1
tutorial,25,17.7,2
tutorial,25,17.9,3
tutorial,25,18,1
tutorial,25,18.4,1
tutorial,25,18.6,2
tutorial,25,18.7,1
tutorial,25,18.8,1
tutorial,25,18.9,1
tutorial,25,19,1
tutorial,25,19.1,2
tutorial,25,19.3,1
tutorial,25,19.5,1
tutorial,25,19.6,1
tutorial,25,19.9,1
tutorial,25,20,2
tutorial,25,20.1,1
tutorial,25,20.2,1
tutorial,25,20.3,2
tutorial,25,20.5,2
tutorial,25,20.6,1
tutorial,25,20.8,1
tutorial,25,21.1,2
tutorial,25,21.5,1
tutorial,25,21.8,1
tutorial,25,21.9,1
tutorial,25,22.3,1
tutorial,25,22.4,1
tutorial,25,22.5,1
tutorial,25,22.6,2
tutorial,25,22.9,1
tutorial,25,23,1
tutorial,25,23.1,1
tutorial,25,23.7,1
tutorial,25,23.8,1
tutorial,25,23.9,1
tutorial,25,24,2
tutorial,25,24.2,1
tutorial,25,24.3,1
tutorial,25,24.4,1
tutorial,25,24.6,1
tutorial,25,24.9,2
tutorial,25,25,1
tutorial,25,25.3,2
tutorial,25,25.4,2
tutorial,25,25.7,1
tutorial,25,26,1
tutorial,25,26.1,2
tutorial,25,26.3,1
tutorial,25,26.4,1
tutorial,25,26.5,1
tutorial,25,26.6,2
tutorial,25,26.8,1
tutorial,25,27,3
tutorial,25,27.4,2
tutorial,25,27.5,1
tutorial,25,27.7,1
tutorial,25,28,1
tutorial,25,28.2,1
tutorial,25,28.3,1
tutorial,25,28.7,1
tutorial,25,28.8,1
tutorial,25,28.9,1
tutorial,25,29,1
tutorial,25,29.4,1
tutorial,25,29.7,2
tutorial,25,29.8,1
tutorial,25,30.2,1
tutorial,25,30.3,3
tutorial,25,30.5,2
tutorial,25,30.6,3
tutorial,25,30.8,1
tutorial,25,30.9,1
tutorial,25,31.1,2
tutorial,25,31.6,1
tutorial,25,31.7,1
tutorial,25,31.8,2
tutorial,25,32.2,1
tutorial,25,32.4,4
tutorial,25,32.5,1
tutorial,25,32.6,1
tutorial,25,32.9,3
tutorial,25,33,1
tutorial,25,33.2,1
tutorial,25,33.3,2
tutorial,25,33.4,2
tutorial,25,33.5,2
tutorial,25,33.6,2
tutorial,25,33.7,1
tutorial,25,33.8,1
tutorial,25,33.9,1
tutorial,25,34.2,1
tutorial,25,34.3,1
tutorial,25,34.6,1
tutorial,25,34.8,1
tutorial,25,35.2,1
tutorial,25,35.3,1
tutorial,25,35.4,1
tutorial,25,35.9,1
tutorial,25,36.1,1
tutorial,25,36.2,2
tutorial,25,36.4,1
tutorial,25,36.5,2
tutorial,25,36.7,1
tutorial,25,36.8,1
tutorial,25,36.9,1
tutorial,25,37.2,2
tutorial,25,37.3,2
tutorial,25,37.4,3
tutorial,25,37.6,1
tutorial,25,37.7,1
tutorial,25,38.1,1
tutorial,25,38.3,1
tutorial,25,38.6,2
tutorial,25,38.7,1
tutorial,25,38.8,1
tutorial,25,38.9,1
tutorial,25,39.1,1
tutorial,25,39.6,1
tutorial,25,39.7,1
tutorial,25,39.9,1
tutorial,25,40,1
tutorial,25,40.1,1
tutorial,25,40.2,2
tutorial,25,40.5,1
tutorial,25,40.7,1
tutorial,25,40.8,2
tutorial,25,41,1
tutorial,25,41.1,2
tutorial,25,41.2,2
tutorial,25,41.5,2
tutorial,25,41.6,1
tutorial,25,41.8,1
tutorial,25,42.2,1
tutorial,25,42.4,2
tutorial,25,42.5,1
tutorial,25,42.6,1
tutorial,25,42.7,1
tutorial,25,43,1
tutorial,25,43.2,2
tutorial,25,43.3,2
tutorial,25,43.5,1
tutorial,25,43.8,2
tutorial,25,43.9,2
tutorial,25,44.1,1
tutorial,25,44.3,3
tutorial,25,44.4,2
tutorial,25,44.6,1
tutorial,25,44.7,1
tutorial,25,45.3,1
tutorial,25,45.5,2
tutorial,25,45.6,2
tutorial,25,46.1,1
tutorial,25,46.2,1
tutorial,25,46.4,2
tutorial,25,46.7,1
tutorial,25,46.9,1
tutorial,25,47.1,2
tutorial,25,47.2,1
tutorial,25,47.5,2
tutorial,25,47.6,2
tutorial,25,47.7,2
tutorial,25,48.1,1
tutorial,25,48.3,1
tutorial,25,48.4,1
tutorial,25,48.5,3
tutorial,25,48.6,1
tutorial,25,48.7,1
tutorial,25,48.8,2
tutorial,25,48.9,1
tutorial,25,49.1,1
tutorial,25,49.2,1
tutorial,25,49.3,1
tutorial,25,49.4,3
tutorial,25,49.5,2
tutorial,25,49.7,1
tutorial,25,49.8,1
tutorial,25,49.9,1
tutorial,25,50.1,3
tutorial,25,50.2,1
tutorial,25,50.3,2
tutorial,25,50.8,1
tutorial,25,51,1
tutorial,25,51.1,1
tutorial,25,51.2,1
tutorial,25,51.5,1
tutorial,25,51.6,3
tutorial,25,51.7,1
tutorial,25,51.9,1
tutorial,25,52,1
tutorial,25,52.1,3
tutorial,25,52.4,1
tutorial,25,52.7,1
tutorial,25,52.9,1
tutorial,25,53.1,2
tutorial,25,53.2,1
tutorial,25,53.4,3
tutorial,25,53.5,1
tutorial,25,53.6,1
tutorial,25,54.1,1
tutorial,25,54.3,1
tutorial,25,54.4,1
tutorial,25,54.6,4
tutorial,25,54.8,1
tutorial,25,54.9,2
tutorial,25,55,1
tutorial,25,55.2,1
tutorial,25,55.3,1
tutorial,25,55.4,1
tutorial,25,55.5,3
tutorial,25,55.6,1
tutorial,25,55.8,2
tutorial,25,56,2
tutorial,25,56.5,1
tutorial,25,56.6,2
tutorial,25,56.7,1
tutorial,25,56.9,1
tutorial,25,57,1
tutorial,25,57.1,1
tutorial,25,57.2,1
tutorial,25,57.3,2
tutorial,25,57.4,1
tutorial,25,57.5,1
tutorial,25,58.4,1
tutorial,25,58.7,3
tutorial,25,58.8,1
tutorial,25,58.9,2
tutorial,25,59,1
tutorial,25,59.1,1
tutorial,25,59.2,1
tutorial,25,59.3,1
tutorial,25,59.5,2
tutorial,25,59.9,1
tutorial,25,60,1
tutorial,25,60.2,2
tutorial,25,60.3,1
tutorial,25,60.5,1
tutorial,25,60.6,3
tutorial,25,60.7,1
tutorial,25,60.9,1
tutorial,25,61,2
tutorial,25,61.1,1
tutorial,25,61.5,2
tutorial,25,61.7,1
tutorial,25,62,2
tutorial,25,62.2,1
tutorial,25,62.3,1
tutorial,25,62.6,2
tutorial,25,62.8,1
tutorial,25,63,1
tutorial,25,63.2,1
tutorial,25,63.3,3
tutorial,25,63.4,1
tutorial,25,63.6,1
tutorial,25,63.8,1
tutorial,25,64.2,1
tutorial,25,64.3,1
tutorial,25,64.4,1
tutorial,25,64.5,2
tutorial,25,64.6,2
tutorial,25,64.7,1
tutorial,25,65,1
tutorial,25,65.1,2
tutorial,25,65.3,1
tutorial,25,65.4,2
tutorial,25,65.6,1
tutorial,25,65.9,1
tutorial,25,66.1,1
tutorial,25,66.2,1
tutorial,25,66.4,3
tutorial,25,66.7,1
tutorial,25,66.8,1
tutorial,25,66.9,1
tutorial,25,67,1
tutorial,25,67.1,1
tutorial,25,67.2,2
tutorial,25,67.3,1
tutorial,25,67.4,2
tutorial,25,68,1
tutorial,25,68.2,1
tutorial,25,68.3,1
tutorial,25,68.4,1
tutorial,25,68.6,2
tutorial,25,68.9,1
tutorial,25,69,1
tutorial,25,69.1,1
tutorial,25,69.2,1
tutorial,25,69.5,2
tutorial,25,69.6,2
tutorial,25,69.8,2
tutorial,25,69.9,1
tutorial,25,70,2
tutorial,25,70.1,2
tutorial,25,70.2,1
tutorial,25,70.3,3
tutorial,25,70.5,1
tutorial,25,70.7,2
tutorial,25,71,2
tutorial,25,71.1,2
tutorial,25,71.4,1
tutorial,25,71.5,2
tutorial,25,71.6,1
tutorial,25,71.7,1
tutorial,25,71.8,3
tutorial,25,71.9,2
tutorial,25,72.2,1
tutorial,25,72.3,2
tutorial,25,72.5,2
tutorial,25,72.6,2
tutorial,25,72.7,2
tutorial,25,72.8,1
tutorial,25,73,2
tutorial,25,73.1,3
tutorial,25,73.2,2
tutorial,25,73.3,1
tutorial,25,73.5,2
tutorial,25,73.6,1
tutorial,25,73.7,1
tutorial,25,73.8,2
tutorial,25,73.9,1
tutorial,25,74,2
tutorial,25,74.2,2
tutorial,25,74.3,2
tutorial,25,74.4,1
tutorial,25,74.6,1
tutorial,25,74.8,1
tutorial,25,75.1,2
tutorial,25,75.2,1
tutorial,25,75.3,1
tutorial,25,75.4,1
tutorial,25,75.6,2
tutorial,25,76,3
tutorial,25,76.1,2
tutorial,25,76.3,1
tutorial,25,76.4,1
tutorial,25,76.6,1
tutorial,25,76.7,1
tutorial,25,76.8,1
tutorial,25,77,3
tutorial,25,77.1,1
tutorial,25,77.2,1
tutorial,25,77.3,1
tutorial,25,77.5,3
tutorial,25,77.6,2
tutorial,25,77.7,1
tutorial,25,77.9,1
tutorial,25,78.1,1
tutorial,25,78.4,1
tutorial,25,78.6,2
tutorial,25,78.7,1
tutorial,25,78.8,3
tutorial,25,78.9,1
tutorial,25,79,2
tutorial,25,79.1,2
tutorial,25,79.2,2
tutorial,25,79.3,3
tutorial,25,79.7,1
tutorial,25,79.8,4
tutorial,25,79.9,1
tutorial,25,80.1,2
tutorial,25,80.2,1
tutorial,25,80.3,2
tutorial,25,80.4,1
tutorial,25,80.6,2
tutorial,25,80.7,1
tutorial,25,80.8,3
tutorial,25,80.9,3
tutorial,25,81.1,1
tutorial,25,81.2,2
tutorial,25,81.3,1
tutorial,25,81.4,2
tutorial,25,81.5,3
tutorial,25,81.6,1
tutorial,25,81.7,3
tutorial,25,81.9,3
tutorial,25,82.1,1
tutorial,25,82.2,2
tutorial,25,82.4,1
tutorial,25,82.5,2
tutorial,25,82.6,1
tutorial,25,82.7,1
tutorial,25,82.8,1
tutorial,25,83,1
tutorial,25,83.1,3
tutorial,25,83.2,2
tutorial,25,83.3,1
tutorial,25,83.6,3
tutorial,25,83.7,1
tutorial,25,83.8,3
tutorial,25,84.2,2
tutorial,25,84.4,3
tutorial,25,84.6,2
tutorial,25,84.7,1
tutorial,25,84.8,3
tutorial,25,85,1
tutorial,25,85.1,1
tutorial,25,85.3,2
tutorial,25,85.7,1
tutorial,25,85.9,1
tutorial,25,86.2,2
tutorial,25,86.3,1
tutorial,25,86.4,1
tutorial,25,86.5,1
tutorial,25,86.7,1
tutorial,25,86.9,1
tutorial,25,87.1,1
tutorial,25,87.3,1
tutorial,25,87.6,1
tutorial,25,87.7,1
tutorial,25,87.8,1
tutorial,25,88,1
tutorial,25,88.1,1
tutorial,25,88.2,2
tutorial,25,88.4,2
tutorial,25,88.5,2
tutorial,25,88.8,2
tutorial,25,88.9,1
tutorial,25,89,1
tutorial,25,89.1,4
tutorial,25,89.2,2
tutorial,25,89.4,2
tutorial,25,89.5,3
tutorial,25,89.6,3
tutorial,25,89.7,2
tutorial,25,89.9,2
tutorial,25,90,2
tutorial,25,90.2,1
tutorial,25,90.3,1
tutorial,25,90.6,2
tutorial,25,90.9,1
tutorial,25,91,2
tutorial,25,91.1,1
tutorial,25,91.2,1
tutorial,25,91.3,1
tutorial,25,91.7,1
tutorial,25,91.8,1
tutorial,25,91.9,1
tutorial,25,92.1,2
tutorial,25,92.3,1
tutorial,25,92.4,1
tutorial,25,92.5,1
tutorial,25,92.6,1
tutorial,25,92.7,1
tutorial,25,92.8,2
tutorial,25,93.2,3
tutorial,25,93.3,1
tutorial,25,93.4,2
tutorial,25,93.5,1
tutorial,25,93.6,2
tutorial,25,93.7,5
tutorial,25,93.8,2
tutorial,25,93.9,1
tutorial,25,94,1
tutorial,25,94.1,3
tutorial,25,94.2,1
tutorial,25,94.3,1
tutorial,25,94.4,2
tutorial,25,94.5,2
tutorial,25,94.6,1
tutorial,25,94.7,2
tutorial,25,94.8,3
tutorial,25,95,3
tutorial,25,95.1,2
tutorial,25,95.2,2
tutorial,25,95.3,1
tutorial,25,95.4,2
tutorial,25,95.5,2
tutorial,25,95.6,1
tutorial,25,95.7,2
tutorial,25,95.9,2
tutorial,25,96.2,3
tutorial,25,96.3,1
tutorial,25,96.5,2
tutorial,25,96.7,2
tutorial,25,96.9,1
tutorial,25,97.1,1
tutorial,25,97.2,1
tutorial,25,97.3,1
tutorial,25,97.4,1
tutorial,25,97.5,1
tutorial,25,97.6,2
tutorial,25,97.7,5
tutorial,25,97.9,1
tutorial,25,98.2,2
tutorial,25,98.3,1
tutorial,25,98.4,1
tutorial,25,98.5,3
tutorial,25,98.6,1
tutorial,25,98.7,1
tutorial,25,98.9,2
tutorial,25,99.1,5
tutorial,25,99.3,2
tutorial,25,99.4,2
tutorial,25,99.5,2
tutorial,25,99.6,2
tutorial,25,99.7,3
tutorial,25,99.8,2
tutorial,25,99.9,4
tutorial,63.4,0,11
tutorial,63.4,0.1,23
tutorial,63.4,0.2,21
tutorial,63.4,0.3,21
tutorial,63.4,0.4,21
tutorial,63.4,0.5,20
tutorial,63.4,0.6,21
tutorial,63.4,0.7,21
tutorial,63.4,0.8,21
tutorial,63.4,0.9,18
tutorial,63.4,1,22
tutorial,63.4,1.1,19
tutorial,63.4,1.2,22
tutorial,63.4,1.3,20
tutorial,63.4,1.4,18
tutorial,63.4,1.5,16
tutorial,63.4,1.6,19
tutorial,63.4,1.7,19
tutorial,63.4,1.8,13
tutorial,63.4,1.9,20
tutorial,63.4,2,21
tutorial,63.4,2.1,18
tutorial,63.4,2.2,23
tutorial,63.4,2.3,19
tutorial,63.4,2.4,19
tutorial,63.4,2.5,18
tutorial,63.4,2.6,20
tutorial,63.4,2.7,17
tutorial,63.4,2.8,19
tutorial,63.4,2.9,22
tutorial,63.4,3,17
tutorial,63.4,3.1,17
tutorial,63.4,3.2,21
tutorial,63.4,3.3,18
tutorial,63.4,3.4,20
tutorial,63.4,3.5,15
tutorial,63.4,3.6,14
tutorial,63.4,3.7,19
tutorial,63.4,3.8,19
tutorial,63.4,3.9,16
tutorial,63.4,4,16
tutorial,63.4,4.1,19
tutorial,63.4,4.2,17
tutorial,63.4,4.3,20
tutorial,63.4,4.4,19
tutorial,63.4,4.5,18
tutorial,63.4,4.6,18
tutorial,63.4,4.7,19
tutorial,63.4,4.8,22
tutorial,63.4,4.9,21
tutorial,63.4,5,19
tutorial,63.4,5.1,18
tutorial,63.4,5.2,18
tutorial,63.4,5.3,19
tutorial,63.4,5.4,17
tutorial,63.4,5.5,18
tutorial,63.4,5.6,17
tutorial,63.4,5.7,21
tutorial,63.4,5.8,19
tutorial,63.4,5.9,19
tutorial,63.4,6,19
tutorial,63.4,6.1,19
tutorial,63.4,6.2,16
tutorial,63.4,6.3,18
tutorial,63.4,6.4,17
tutorial,63.4,6.5,19
tutorial,63.4,6.6,20
tutorial,63.4,6.7,21
tutorial,63.4,6.8,19
tutorial,63.4,6.9,16
tutorial,63.4,7,22
tutorial,63.4,7.1,19
tutorial,63.4,7.2,17
tutorial,63.4,7.3,17
tutorial,63.4,7.4,19
tutorial,63.4,7.5,19
tutorial,63.4,7.6,18
tutorial,63.4,7.7,18
tutorial,63.4,7.8,21
tutorial,63.4,7.9,20
tutorial,63.4,8,20
tutorial,63.4,8.1,16
tutorial,63.4,8.2,14
tutorial,63.4,8.3,20
tutorial,63.4,8.4,16
tutorial,63.4,8.5,21
tutorial,63.4,8.6,23
tutorial,63.4,8.7,21
tutorial,63.4,8.8,19
tutorial,63.4,8.9,20
tutorial,63.4,9,20
tutorial,63.4,9.1,20
tutorial,63.4,9.2,18
tutorial,63.4,9.3,11
tutorial,63.4,9.4,20
tutorial,63.4,9.5,19
tutorial,63.4,9.6,20
tutorial,63.4,9.7,21
tutorial,63.4,9.8,18
tutorial,63.4,9.9,19
tutorial,63.4,10,12
tutorial,63.4,10.1,15
tutorial,63.4,10.2,21
tutorial,63.4,10.3,16
tutorial,63.4,10.4,17
tutorial,63.4,10.5,22
tutorial,63.4,10.6,17
tutorial,63.4,10.7,19
tutorial,63.4,10.8,19
tutorial,63.4,10.9,17
tutorial,63.4,11,16
tutorial,63.4,11.1,17
tutorial,63.4,11.2,19
tutorial,63.4,11.3,17
tutorial,63.4,11.4,18
tutorial,63.4,11.5,16
tutorial,63.4,11.6,16
tutorial,63.4,11.7,14
tutorial,63.4,11.8,21
tutorial,63.4,11.9,15
tutorial,63.4,12,17
tutorial,63.4,12.1,20
tutorial,63.4,12.2,19
tutorial,63.4,12.3,17
tutorial,63.4,12.4,21
tutorial,63.4,12.5,21
tutorial,63.4,12.6,21
tutorial,63.4,12.7,17
tutorial,63.4,12.8,16
tutorial,63.4,12.9,15
tutorial,63.4,13,18
tutorial,63.4,13.1,19
tutorial,63.4,13.2,19
tutorial,63.4,13.3,19
tutorial,63.4,13.4,20
tutorial,63.4,13.5,18
tutorial,63.4,13.6,19
tutorial,63.4,13.7,16
tutorial,63.4,13.8,21
tutorial,63.4,13.9,20
tutorial,63.4,14,18
tutorial,63.4,14.1,16
tutorial,63.4,14.2,18
tutorial,63.4,14.3,21
tutorial,63.4,14.4,20
tutorial,63.4,14.5,18
tutorial,63.4,14.6,18
tutorial,63.4,14.7,20
tutorial,63.4,14.8,16
tutorial,63.4,14.9,18
tutorial,63.4,15,18
tutorial,63.4,15.1,20
tutorial,63.4,15.2,18
tutorial,63.4,15.3,17
tutorial,63.4,15.4,20
tutorial,63.4,15.5,18
tutorial,63.4,15.6,16
tutorial,63.4,15.7,21
tutorial,63.4,15.8,20
tutorial,63.4,15.9,16
tutorial,63.4,16,21
tutorial,63.4,16.1,14
tutorial,63.4,16.2,18
tutorial,63.4,16.3,16
tutorial,63.4,16.4,19
tutorial,63.4,16.5,17
tutorial,63.4,16.6,22
tutorial,63.4,16.7,19
tutorial,63.4,16.8,17
tutorial,63.4,16.9,18
tutorial,63.4,17,18
tutorial,63.4,17.1,18
tutorial,63.4,17.2,16
tutorial,63.4,17.3,20
tutorial,63.4,17.4,20
tutorial,63.4,17.5,16
tutorial,63.4,17.6,19
tutorial,63.4,17.7,17
tutorial,63.4,17.8,21
tutorial,63.4,17.9,17
tutorial,63.4,18,13
tutorial,63.4,18.1,17
tutorial,63.4,18.2,18
tutorial,63.4,18.3,18
tutorial,63.4,18.4,19
tutorial,63.4,18.5,19
tutorial,63.4,18.6,15
tutorial,63.4,18.7,18
tutorial,63.4,18.8,23
tutorial,63.4,18.9,11
tutorial,63.4,19,19
tutorial,63.4,19.1,16
tutorial,63.4,19.2,19
tutorial,63.4,19.3,20
tutorial,63.4,19.4,20
tutorial,63.4,19.5,21
tutorial,63.4,19.6,16
tutorial,63.4,19.7,20
tutorial,63.4,19.8,18
tutorial,63.4,19.9,19
tutorial,63.4,20,19
tutorial,63.4,20.1,18
tutorial,63.4,20.2,14
tutorial,63.4,20.3,15
tutorial,63.4,20.4,22
tutorial,63.4,20.5,16
tutorial,63.4,20.6,16
tutorial,63.4,20.7,20
tutorial,63.4,20.8,18
tutorial,63.4,20.9,17
tutorial,63.4,21,20
tutorial,63.4,21.1,15
tutorial,63.4,21.2,17
tutorial,63.4,21.3,15
tutorial,63.4,21.4,18
tutorial,63.4,21.5,19
tutorial,63.4,21.6,19
tutorial,63.4,21.7,23
tutorial,63.4,21.8,19
tutorial,63.4,21.9,18
tutorial,63.4,22,17
tutorial,63.4,22.1,18
tutorial,63.4,22.2,21
tutorial,63.4,22.3,17
tutorial,63.4,22.4,20
tutorial,63.4,22.5,20
tutorial,63.4,22.6,17
tutorial,63.4,22.7,17
tutorial,63.4,22.8,21
tutorial,63.4,22.9,17
tutorial,63.4,23,18
tutorial,63.4,23.1,20
tutorial,63.4,23.2,17
tutorial,63.4,23.3,19
tutorial,63.4,23.4,20
tutorial,63.4,23.5,20
tutorial,63.4,23.6,21
tutorial,63.4,23.7,18
tutorial,63.4,23.8,15
tutorial,63.4,23.9,19
tutorial,63.4,24,16
tutorial,63.4,24.1,20
tutorial,63.4,24.2,21
tutorial,63.4,24.3,14
tutorial,63.4,24.4,18
tutorial,63.4,24.5,21
tutorial,63.4,24.6,20
tutorial,63.4,24.7,14
tutorial,63.4,24.8,16
tutorial,63.4,24.9,16
tutorial,63.4,25,16
tutorial,63.4,25.1,17
tutorial,63.4,25.2,21
tutorial,63.4,25.3,17
tutorial,63.4,25.4,15
tutorial,63.4,25.5,16
tutorial,63.4,25.6,17
tutorial,63.4,25.7,15
tutorial,63.4,25.8,18
tutorial,63.4,25.9,21
tutorial,63.4,26,13
tutorial,63.4,26.1,19
tutorial,63.4,26.2,19
tutorial,63.4,26.3,19
tutorial,63.4,26.4,16
tutorial,63.4,26.5,19
tutorial,63.4,26.6,17
tutorial,63.4,26.7,20
tutorial,63.4,26.8,15
tutorial,63.4,26.9,15
tutorial,63.4,27,16
tutorial,63.4,27.1,18
tutorial,63.4,27.2,14
tutorial,63.4,27.3,18
tutorial,63.4,27.4,19
tutorial,63.4,27.5,17
tutorial,63.4,27.6,13
tutorial,63.4,27.7,18
tutorial,63.4,27.8,18
tutorial,63.4,27.9,19
tutorial,63.4,28,16
tutorial,63.4,28.1,20
tutorial,63.4,28.2,17
tutorial,63.4,28.3,14
tutorial,63.4,28.4,18
tutorial,63.4,28.5,19
tutorial,63.4,28.6,20
tutorial,63.4,28.7,16
tutorial,63.4,28.8,15
tutorial,63.4,28.9,17
tutorial,63.4,29,17
tutorial,63.4,29.1,17
tutorial,63.4,29.2,19
tutorial,63.4,29.3,20
tutorial,63.4,29.4,14
tutorial,63.4,29.5,20
tutorial,63.4,29.6,16
tutorial,63.4,29.7,16
tutorial,63.4,29.8,17
tutorial,63.4,29.9,18
tutorial,63.4,30,19
tutorial,63.4,30.1,15
tutorial,63.4,30.2,15
tutorial,63.4,30.3,17
tutorial,63.4,30.4,16
tutorial,63.4,30.5,16
tutorial,63.4,30.6,17
tutorial,63.4,30.7,14
tutorial,63.4,30.8,16
tutorial,63.4,30.9,18
tutorial,63.4,31,21
tutorial,63.4,31.1,17
tutorial,63.4,31.2,19
tutorial,63.4,31.3,15
tutorial,63.4,31.4,17
tutorial,63.4,31.5,17
tutorial,63.4,31.6,21
tutorial,63.4,31.7,13
tutorial,63.4,31.8,16
tutorial,63.4,31.9,17
tutorial,63.4,32,17
tutorial,63.4,32.1,23
tutorial,63.4,32.2,19
tutorial,63.4,32.3,19
tutorial,63.4,32.4,16
tutorial,63.4,32.5,19
tutorial,63.4,32.6,15
tutorial,63.4,32.7,21
tutorial,63.4,32.8,20
tutorial,63.4,32.9,14
tutorial,63.4,33,19
tutorial,63.4,33.1,21
tutorial,63.4,33.2,15
tutorial,63.4,33.3,13
tutorial,63.4,33.4,19
tutorial,63.4,33.5,16
tutorial,63.4,33.6,14
tutorial,63.4,33.7,15
tutorial,63.4,33.8,17
tutorial,63.4,33.9,16
tutorial,63.4,34,16
tutorial,63.4,34.1,15
tutorial,63.4,34.2,16
tutorial,63.4,34.3,17
tutorial,63.4,34.4,19
tutorial,63.4,34.5,18
tutorial,63.4,34.6,13
tutorial,63.4,34.7,18
tutorial,63.4,34.8,18
tutorial,63.4,34.9,21
tutorial,63.4,35,19
tutorial,63.4,35.1,19
tutorial,63.4,35.2,19
tutorial,63.4,35.3,18
tutorial,63.4,35.4,18
tutorial,63.4,35.5,18
tutorial,63.4,35.6,18
tutorial,63.4,35.7,21
tutorial,63.4,35.8,16
tutorial,63.4,35.9,18
tutorial,63.4,36,16
tutorial,63.4,36.1,20
tutorial,63.4,36.2,16
tutorial,63.4,36.3,14
tutorial,63.4,36.4,13
tutorial,63.4,36.5,19
tutorial,63.4,36.6,17
tutorial,63.4,36.7,16
tutorial,63.4,36.8,18
tutorial,63.4,36.9,16
tutorial,63.4,37,10
tutorial,63.4,37.1,17
tutorial,63.4,37.2,19
tutorial,63.4,37.3,17
tutorial,63.4,37.4,14
tutorial,63.4,37.5,15
tutorial,63.4,37.6,17
tutorial,63.4,37.7,19
tutorial,63.4,37.8,18
tutorial,63.4,37.9,22
tutorial,63.4,38,19
tutorial,63.4,38.1,16
tutorial,63.4,38.2,17
tutorial,63.4,38.3,17
tutorial,63.4,38.4,20
tutorial,63.4,38.5,19
tutorial,63.4,38.6,16
tutorial,63.4,38.7,16
tutorial,63.4,38.8,19
tutorial,63.4,38.9,18
tutorial,63.4,39,19
tutorial,63.4,39.1,17
tutorial,63.4,39.2,19
tutorial,63.4,39.3,16
tutorial,63.4,39.4,15
tutorial,63.4,39.5,20
tutorial,63.4,39.6,20
tutorial,63.4,39.7,14
tutorial,63.4,39.8,16
tutorial,63.4,39.9,15
tutorial,63.4,40,18
tutorial,63.4,40.1,19
tutorial,63.4,40.2,17
tutorial,63.4,40.3,18
tutorial,63.4,40.4,17
tutorial,63.4,40.5,19
tutorial,63.4,40.6,16
tutorial,63.4,40.7,21
tutorial,63.4,40.8,19
tutorial,63.4,40.9,16
tutorial,63.4,41,15
tutorial,63.4,41.1,14
tutorial,63.4,41.2,19
tutorial,63.4,41.3,18
tutorial,63.4,41.4,18
tutorial,63.4,41.5,18
tutorial,63.4,41.6,19
tutorial,63.4,41.7,17
tutorial,63.4,41.8,20
tutorial,63.4,41.9,19
tutorial,63.4,42,17
tutorial,63.4,42.1,20
tutorial,63.4,42.2,18
tutorial,63.4,42.3,15
tutorial,63.4,42.4,19
tutorial,63.4,42.5,19
tutorial,63.4,42.6,14
tutorial,63.4,42.7,12
tutorial,63.4,42.8,17
tutorial,63.4,42.9,18
tutorial,63.4,43,16
tutorial,63.4,43.1,16
tutorial,63.4,43.2,18
tutorial,63.4,43.3,16
tutorial,63.4,43.4,18
tutorial,63.4,43.5,16
tutorial,63.4,43.6,17
tutorial,63.4,43.7,18
tutorial,63.4,43.8,19
tutorial,63.4,43.9,20
tutorial,63.4,44,18
tutorial,63.4,44.1,16
tutorial,63.4,44.2,17
tutorial,63.4,44.3,16
tutorial,63.4,44.4,19
tutorial,63.4,44.5,19
tutorial,63.4,44.6,17
tutorial,63.4,44.7,18
tutorial,63.4,44.8,18
tutorial,63.4,44.9,18
tutorial,63.4,45,21
tutorial,63.4,45.1,19
tutorial,63.4,45.2,15
tutorial,63.4,45.3,20
tutorial,63.4,45.4,18
tutorial,63.4,45.5,16
tutorial,63.4,45.6,20
tutorial,63.4,45.7,17
tutorial,63.4,45.8,19
tutorial,63.4,45.9,15
tutorial,63.4,46,18
tutorial,63.4,46.1,21
tutorial,63.4,46.2,19
tutorial,63.4,46.3,18
tutorial,63.4,46.4,12
tutorial,63.4,46.5,19
tutorial,63.4,46.6,20
tutorial,63.4,46.7,16
tutorial,63.4,46.8,20
tutorial,63.4,46.9,18
tutorial,63.4,47,15
tutorial,63.4,47.1,17
tutorial,63.4,47.2,14
tutorial,63.4,47.3,16
tutorial,63.4,47.4,17
tutorial,63.4,47.5,17
tutorial,63.4,47.6,19
tutorial,63.4,47.7,18
tutorial,63.4,47.8,17
tutorial,63.4,47.9,18
tutorial,63.4,48,15
tutorial,63.4,48.1,14
tutorial,63.4,48.2,16
tutorial,63.4,48.3,19
tutorial,63.4,48.4,15
tutorial,63.4,48.5,18
tutorial,63.4,48.6,18
tutorial,63.4,48.7,19
tutorial,63.4,48.8,16
tutorial,63.4,48.9,16
tutorial,63.4,49,22
tutorial,63.4,49.1,16
tutorial,63.4,49.2,18
tutorial,63.4,49.3,16
tutorial,63.4,49.4,17
tutorial,63.4,49.5,13
tutorial,63.4,49.6,16
tutorial,63.4,49.7,14
tutorial,63.4,49.8,20
tutorial,63.4,49.9,15
tutorial,63.4,50,17
tutorial,63.4,50.1,14
tutorial,63.4,50.2,16
tutorial,63.4,50.3,19
tutorial,63.4,50.4,17
tutorial,63.4,50.5,19
tutorial,63.4,50.6,17
tutorial,63.4,50.7,18
tutorial,63.4,50.8,19
tutorial,63.4,50.9,18
tutorial,63.4,51,15
tutorial,63.4,51.1,18
tutorial,63.4,51.2,19
tutorial,63.4,51.3,17
tutorial,63.4,51.4,14
tutorial,63.4,51.5,14
tutorial,63.4,51.6,16
tutorial,63.4,51.7,18
tutorial,63.4,51.8,16
tutorial,63.4,51.9,18
tutorial,63.4,52,16
tutorial,63.4,52.1,14
tutorial,63.4,52.2,21
tutorial,63.4,52.3,18
tutorial,63.4,52.4,19
tutorial,63.4,52.5,17
tutorial,63.4,52.6,18
tutorial,63.4,52.7,13
tutorial,63.4,52.8,19
tutorial,63.4,52.9,15
tutorial,63.4,53,19
tutorial,63.4,53.1,18
tutorial,63.4,53.2,14
tutorial,63.4,53.3,16
tutorial,63.4,53.4,19
tutorial,63.4,53.5,17
tutorial,63.4,53.6,19
tutorial,63.4,53.7,17
tutorial,63.4,53.8,18
tutorial,63.4,53.9,17
tutorial,63.4,54,21
tutorial,63.4,54.1,14
tutorial,63.4,54.2,16
tutorial,63.4,54.3,17
tutorial,63.4,54.4,19
tutorial,63.4,54.5,15
tutorial,63.4,54.6,19
tutorial,63.4,54.7,20
tutorial,63.4,54.8,19
tutorial,63.4,54.9,18
tutorial,63.4,55,17
tutorial,63.4,55.1,19
tutorial,63.4,55.2,14
tutorial,63.4,55.3,16
tutorial,63.4,55.4,15
tutorial,63.4,55.5,16
tutorial,63.4,55.6,17
tutorial,63.4,55.7,18
tutorial,63.4,55.8,10
tutorial,63.4,55.9,22
tutorial,63.4,56,13
tutorial,63.4,56.1,19
tutorial,63.4,56.2,17
tutorial,63.4,56.3,16
tutorial,63.4,56.4,18
tutorial,63.4,56.5,20
tutorial,63.4,56.6,17
tutorial,63.4,56.7,18
tutorial,63.4,56.8,17
tutorial,63.4,56.9,17
tutorial,63.4,57,18
tutorial,63.4,57.1,18
tutorial,63.4,57.2,18
tutorial,63.4,57.3,15
tutorial,63.4,57.4,20
tutorial,63.4,57.5,18
tutorial,63.4,57.6,18
tutorial,63.4,57.7,16
tutorial,63.4,57.8,17
tutorial,63.4,57.9,15
tutorial,63.4,58,19
tutorial,63.4,58.1,20
tutorial,63.4,58.2,14
tutorial,63.4,58.3,14
tutorial,63.4,58.4,18
tutorial,63.4,58.5,18
tutorial,63.4,58.6,18
tutorial,63.4,58.7,17
tutorial,63.4,58.8,17
tutorial,63.4,58.9,19
tutorial,63.4,59,18
tutorial,63.4,59.1,16
tutorial,63.4,59.2,17
tutorial,63.4,59.3,18
tutorial,63.4,59.4,18
tutorial,63.4,59.5,20
tutorial,63.4,59.6,16
tutorial,63.4,59.7,18
tutorial,63.4,59.8,16
tutorial,63.4,59.9,20
tutorial,63.4,60,14
tutorial,63.4,60.1,18
tutorial,63.4,60.2,15
tutorial,63.4,60.3,15
tutorial,63.4,60.4,18
tutorial,63.4,60.5,19
tutorial,63.4,60.6,17
tutorial,63.4,60.7,17
tutorial,63.4,60.8,16
tutorial,63.4,60.9,15
tutorial,63.4,61,19
tutorial,63.4,61.1,12
tutorial,63.4,61.2,19
tutorial,63.4,61.3,21
tutorial,63.4,61.4,15
tutorial,63.4,61.5,17
tutorial,63.4,61.6,14
tutorial,63.4,61.7,16
tutorial,63.4,61.8,15
tutorial,63.4,61.9,20
tutorial,63.4,62,15
tutorial,63.4,62.1,16
tutorial,63.4,62.2,18
tutorial,63.4,62.3,15
tutorial,63.4,62.4,19
tutorial,63.4,62.5,18
tutorial,63.4,62.6,15
tutorial,63.4,62.7,18
tutorial,63.4,62.8,20
tutorial,63.4,62.9,16
tutorial,63.4,63,18
tutorial,63.4,63.1,20
tutorial,63.4,63.2,19
tutorial,63.4,63.3,16
tutorial,63.4,63.4,18
tutorial,63.4,63.5,14
tutorial,63.4,63.6,19
tutorial,63.4,63.7,20
tutorial,63.4,63.8,17
tutorial,63.4,63.9,17
tutorial,63.4,64,17
tutorial,63.4,64.1,16
tutorial,63.4,64.2,20
tutorial,63.4,64.3,14
tutorial,63.4,64.4,19
tutorial,63.4,64.5,17
tutorial,63.4,64.6,19
tutorial,63.4,64.7,13
tutorial,63.4,64.8,14
tutorial,63.4,64.9,21
tutorial,63.4,65,15
tutorial,63.4,65.1,14
tutorial,63.4,65.2,15
tutorial,63.4,65.3,12
tutorial,63.4,65.4,19
tutorial,63.4,65.5,17
tutorial,63.4,65.6,19
tutorial,63.4,65.7,19
tutorial,63.4,65.8,15
tutorial,63.4,65.9,14
tutorial,63.4,66,18
tutorial,63.4,66.1,17
tutorial,63.4,66.2,18
tutorial,63.4,66.3,18
tutorial,63.4,66.4,15
tutorial,63.4,66.5,19
tutorial,63.4,66.6,15
tutorial,63.4,66.7,19
tutorial,63.4,66.8,19
tutorial,63.4,66.9,16
tutorial,63.4,67,19
tutorial,63.4,67.1,16
tutorial,63.4,67.2,19
tutorial,63.4,67.3,18
tutorial,63.4,67.4,12
tutorial,63.4,67.5,16
tutorial,63.4,67.6,17
tutorial,63.4,67.7,18
tutorial,63.4,67.8,17
tutorial,63.4,67.9,18
tutorial,63.4,68,15
tutorial,63.4,68.1,14
tutorial,63.4,68.2,17
tutorial,63.4,68.3,14
tutorial,63.4,68.4,17
tutorial,63.4,68.5,19
tutorial,63.4,68.6,14
tutorial,63.4,68.7,14
tutorial,63.4,68.8,18
tutorial,63.4,68.9,19
tutorial,63.4,69,14
tutorial,63.4,69.1,17
tutorial,63.4,69.2,18
tutorial,63.4,69.3,15
tutorial,63.4,69.4,16
tutorial,63.4,69.5,17
tutorial,63.4,69.6,17
tutorial,63.4,69.7,13
tutorial,63.4,69.8,13
tutorial,63.4,69.9,16
tutorial,63.4,70,15
tutorial,63.4,70.1,17
tutorial,63.4,70.2,17
tutorial,63.4,70.3,16
tutorial,63.4,70.4,18
tutorial,63.4,70.5,17
tutorial,63.4,70.6,19
tutorial,63.4,70.7,13
tutorial,63.4,70.8,19
tutorial,63.4,70.9,17
tutorial,63.4,71,12
tutorial,63.4,71.1,15
tutorial,63.4,71.2,16
tutorial,63.4,71.3,16
tutorial,63.4,71.4,14
tutorial,63.4,71.5,16
tutorial,63.4,71.6,15
tutorial,63.4,71.7,18
tutorial,63.4,71.8,15
tutorial,63.4,71.9,13
tutorial,63.4,72,18
tutorial,63.4,72.1,17
tutorial,63.4,72.2,14
tutorial,63.4,72.3,18
tutorial,63.4,72.4,14
tutorial,63.4,72.5,13
tutorial,63.4,72.6,14
tutorial,63.4,72.7,14
tutorial,63.4,72.8,14
tutorial,63.4,72.9,16
tutorial,63.4,73,15
tutorial,63.4,73.1,16
tutorial,63.4,73.2,18
tutorial,63.4,73.3,19
tutorial,63.4,73.4,17
tutorial,63.4,73.5,14
tutorial,63.4,73.6,15
tutorial,63.4,73.7,18
tutorial,63.4,73.8,15
tutorial,63.4,73.9,15
tutorial,63.4,74,20
tutorial,63.4,74.1,16
tutorial,63.4,74.2,19
tutorial,63.4,74.3,17
tutorial,63.4,74.4,13
tutorial,63.4,74.5,19
tutorial,63.4,74.6,16
tutorial,63.4,74.7,17
tutorial,63.4,74.8,18
tutorial,63.4,74.9,18
tutorial,63.4,75,17
tutorial,63.4,75.1,16
tutorial,63.4,75.2,17
tutorial,63.4,75.3,18
tutorial,63.4,75.4,17
tutorial,63.4,75.5,20
tutorial,63.4,75.6,14
tutorial,63.4,75.7,17
tutorial,63.4,75.8,18
tutorial,63.4,75.9,17
tutorial,63.4,76,16
tutorial,63.4,76.1,15
tutorial,63.4,76.2,16
tutorial,63.4,76.3,14
tutorial,63.4,76.4,14
tutorial,63.4,76.5,13
tutorial,63.4,76.6,14
tutorial,63.4,76.7,13
tutorial,63.4,76.8,15
tutorial,63.4,76.9,15
tutorial,63.4,77,14
tutorial,63.4,77.1,17
tutorial,63.4,77.2,18
tutorial,63.4,77.3,16
tutorial,63.4,77.4,14
tutorial,63.4,77.5,15
tutorial,63.4,77.6,15
tutorial,63.4,77.7,16
tutorial,63.4,77.8,14
tutorial,63.4,77.9,13
tutorial,63.4,78,15
tutorial,63.4,78.1,17
tutorial,63.4,78.2,13
tutorial,63.4,78.3,10
tutorial,63.4,78.4,13
tutorial,63.4,78.5,18
tutorial,63.4,78.6,17
tutorial,63.4,78.7,15
tutorial,63.4,78.8,17
tutorial,63.4,78.9,19
tutorial,63.4,79,11
tutorial,63.4,79.1,13
tutorial,63.4,79.2,15
tutorial,63.4,79.3,16
tutorial,63.4,79.4,13
tutorial,63.4,79.5,18
tutorial,63.4,79.6,18
tutorial,63.4,79.7,15
tutorial,63.4,79.8,12
tutorial,63.4,79.9,15
tutorial,63.4,80,22
tutorial,63.4,80.1,14
tutorial,63.4,80.2,20
tutorial,63.4,80.3,17
tutorial,63.4,80.4,15
tutorial,63.4,80.5,16
tutorial,63.4,80.6,14
tutorial,63.4,80.7,14
tutorial,63.4,80.8,16
tutorial,63.4,80.9,17
tutorial,63.4,81,17
tutorial,63.4,81.1,15
tutorial,63.4,81.2,13
tutorial,63.4,81.3,12
tutorial,63.4,81.4,12
tutorial,63.4,81.5,14
tutorial,63.4,81.6,14
tutorial,63.4,81.7,17
tutorial,63.4,81.8,16
tutorial,63.4,81.9,13
tutorial,63.4,82,18
tutorial,63.4,82.1,17
tutorial,63.4,82.2,16
tutorial,63.4,82.3,17
tutorial,63.4,82.4,12
tutorial,63.4,82.5,16
tutorial,63.4,82.6,20
tutorial,63.4,82.7,19
tutorial,63.4,82.8,14
tutorial,63.4,82.9,15
tutorial,63.4,83,15
tutorial,63.4,83.1,16
tutorial,63.4,83.2,15
tutorial,63.4,83.3,17
tutorial,63.4,83.4,13
tutorial,63.4,83.5,13
tutorial,63.4,83.6,13
tutorial,63.4,83.7,16
tutorial,63.4,83.8,13
tutorial,63.4,83.9,16
tutorial,63.4,84,18
tutorial,63.4,84.1,18
tutorial,63.4,84.2,19
tutorial,63.4,84.3,18
tutorial,63.4,84.4,17
tutorial,63.4,84.5,11
tutorial,63.4,84.6,16
tutorial,63.4,84.7,13
tutorial,63.4,84.8,12
tutorial,63.4,84.9,16
tutorial,63.4,85,11
tutorial,63.4,85.1,16
tutorial,63.4,85.2,16
tutorial,63.4,85.3,16
tutorial,63.4,85.4,15
tutorial,63.4,85.5,15
tutorial,63.4,85.6,15
tutorial,63.4,85.7,17
tutorial,63.4,85.8,14
tutorial,63.4,85.9,15
tutorial,63.4,86,13
tutorial,63.4,86.1,14
tutorial,63.4,86.2,17
tutorial,63.4,86.3,16
tutorial,63.4,86.4,12
tutorial,63.4,86.5,13
tutorial,63.4,86.6,15
tutorial,63.4,86.7,13
tutorial,63.4,86.8,14
tutorial,63.4,86.9,18
tutorial,63.4,87,15
tutorial,63.4,87.1,13
tutorial,63.4,87.2,15
tutorial,63.4,87.3,15
tutorial,63.4,87.4,18
tutorial,63.4,87.5,13
tutorial,63.4,87.6,15
tutorial,63.4,87.7,16
tutorial,63.4,87.8,17
tutorial,63.4,87.9,16
tutorial,63.4,88,16
tutorial,63.4,88.1,15
tutorial,63.4,88.2,13
tutorial,63.4,88.3,15
tutorial,63.4,88.4,15
tutorial,63.4,88.5,14
tutorial,63.4,88.6,16
tutorial,63.4,88.7,12
tutorial,63.4,88.8,14
tutorial,63.4,88.9,19
tutorial,63.4,89,12
tutorial,63.4,89.1,13
tutorial,63.4,89.2,11
tutorial,63.4,89.3,17
tutorial,63.4,89.4,13
tutorial,63.4,89.5,12
tutorial,63.4,89.6,10
tutorial,63.4,89.7,13
tutorial,63.4,89.8,16
tutorial,63.4,89.9,10
tutorial,63.4,90,15
tutorial,63.4,90.1,13
tutorial,63.4,90.2,15
tutorial,63.4,90.3,15
tutorial,63.4,90.4,15
tutorial,63.4,90.5,15
tutorial,63.4,90.6,12
tutorial,63.4,90.7,17
tutorial,63.4,90.8,11
tutorial,63.4,90.9,12
tutorial,63.4,91,16
tutorial,63.4,91.1,12
tutorial,63.4,91.2,13
tutorial,63.4,91.3,13
tutorial,63.4,91.4,14
tutorial,63.4,91.5,12
tutorial,63.4,91.6,13
tutorial,63.4,91.7,11
tutorial,63.4,91.8,16
tutorial,63.4,91.9,11
tutorial,63.4,92,18
tutorial,63.4,92.1,11
tutorial,63.4,92.2,15
tutorial,63.4,92.3,16
tutorial,63.4,92.4,16
tutorial,63.4,92.5,12
tutorial,63.4,92.6,15
tutorial,63.4,92.7,17
tutorial,63.4,92.8,12
tutorial,63.4,92.9,17
tutorial,63.4,93,19
tutorial,63.4,93.1,15
tutorial,63.4,93.2,13
tutorial,63.4,93.3,12
tutorial,63.4,93.4,14
tutorial,63.4,93.5,14
tutorial,63.4,93.6,13
tutorial,63.4,93.7,12
tutorial,63.4,93.8,13
tutorial,63.4,93.9,12
tutorial,63.4,94,12
tutorial,63.4,94.1,12
tutorial,63.4,94.2,15
tutorial,63.4,94.3,17
tutorial,63.4,94.4,16
tutorial,63.4,94.5,16
tutorial,63.4,94.6,13
tutorial,63.4,94.7,10
tutorial,63.4,94.8,13
tutorial,63.4,94.9,17
tutorial,63.4,95,12
tutorial,63.4,95.1,12
tutorial,63.4,95.2,9
tutorial,63.4,95.3,12
tutorial,63.4,95.4,13
tutorial,63.4,95.5,15
tutorial,63.4,95.6,14
tutorial,63.4,95.7,12
tutorial,63.4,95.8,15
tutorial,63.4,95.9,11
tutorial,63.4,96,17
tutorial,63.4,96.1,11
tutorial,63.4,96.2,10
tutorial,63.4,96.3,14
tutorial,63.4,96.4,14
tutorial,63.4,96.5,12
tutorial,63.4,96.6,11
tutorial,63.4,96.7,13
tutorial,63.4,96.8,12
tutorial,63.4,96.9,14
tutorial,63.4,97,14
tutorial,63.4,97.1,11
tutorial,63.4,97.2,13
tutorial,63.4,97.3,13
tutorial,63.4,97.4,13
tutorial,63.4,97.5,8
tutorial,63.4,97.6,10
tutorial,63.4,97.7,8
tutorial,63.4,97.8,9
tutorial,63.4,97.9,8
tutorial,63.4,98,15
tutorial,63.4,98.1,8
tutorial,63.4,98.2,11
tutorial,63.4,98.3,14
tutorial,63.4,98.4,11
tutorial,63.4,98.5,12
tutorial,63.4,98.6,15
tutorial,63.4,98.7,12
tutorial,63.4,98.8,12
tutorial,63.4,98.9,6
tutorial,63.4,99,11
tutorial,63.4,99.1,13
tutorial,63.4,99.2,11
tutorial,63.4,99.3,13
tutorial,63.4,99.4,12
tutorial,63.4,99.5,12
tutorial,63.4,99.6,13
tutorial,63.4,99.7,11
tutorial,63.4,99.8,9
tutorial,63.4,99.9,15
tutorial,63.4,100,9
round1,0,4,1
round1,0,20.5,1
round1,0,24.1,1
round1,0,35.3,1
round1,0,44.6,1
round1,0,71.5,1
round1,0,73.3,1
round1,0,81,1
round1,0,89,1
round1,0,91.4,1
round1,0,95.9,1
round1,0.1,36.4,1
round1,0.1,36.8,1
round1,0.1,38.3,1
round1,0.1,52.8,1
round1,0.1,56.8,1
round1,0.1,58.7,1
round1,0.1,60.4,2
round1,0.1,61.1,1
round1,0.1,66.9,1
round1,0.1,74.7,1
round1,0.1,75.6,1
round1,0.1,76.3,1
round1,0.1,77,1
round1,0.1,78.2,1
round1,0.1,87.6,1
round1,0.1,88,1
round1,0.1,88.3,1
round1,0.1,88.6,1
round1,0.1,92.8,1
round1,0.1,95.2,1
round1,0.1,98.4,1
round1,0.2,0.3,1
round1,0.2,7.8,1
round1,0.2,8.4,1
round1,0.2,8.5,1
round1,0.2,14.7,1
round1,0.2,25.7,1
round1,0.2,28.1,1
round1,0.2,32.2,1
round1,0.2,39.6,1
round1,0.2,46.1,1
round1,0.2,47.6,1
round1,0.2,50.3,1
round1,0.2,52.9,1
round1,0.2,54.4,1
round1,0.2,56.6,1
round1,0.2,61.2,1
round1,0.2,67.8,1
round1,0.2,72,1
round1,0.2,80.3,1
round1,0.2,84.7,1
round1,0.2,93.1,1
round1,0.3,4.5,1
round1,0.3,10.5,1
round1,0.3,13.9,1
round1,0.3,20.3,1
round1,0.3,26.5,1
round1,0.3,31.7,1
round1,0.3,38.5,1
round1,0.3,51.2,1
round1,0.3,55.3,1
round1,0.3,58.5,1
round1,0.3,65.1,1
round1,0.3,71.8,1
round1,0.3,77.4,1
round1,0.3,85.4,1
round1,0.3,88.4,1
round1,0.4,3.9,1
round1,0.4,7.4,1
round1,0.4,11,1
round1,0.4,19.8,1
round1,0.4,28.7,1
round1,0.4,33.5,1
round1,0.4,33.6,1
round1,0.4,39.6,1
round1,0.4,43.1,1
round1,0.4,43.5,1
round1,0.4,48.3,1
round1,0.4,50.2,1
round1,0.4,53.5,1
round1,0.4,63.6,1
round1,0.4,63.7,1
round1,0.4,64.5,1
round1,0.4,65.2,1
round1,0.4,65.5,1
round1,0.4,66.4,1
round1,0.4,70.3,1
round1,0.4,70.9,1
round1,0.4,79.7,1
round1,0.4,80.1,1
round1,0.4,84.2,1
round1,0.4,84.8,1
round1,0.4,85.7,1
round1,0.4,87.5,1
round1,0.4,87.6,1
round1,0.4,90.3,1
round1,0.4,91.8,1
round1,0.5,3.4,1
round1,0.5,6.5,1
round1,0.5,7.1,1
round1,0.5,7.3,1
round1,0.5,8.2,1
round1,0.5,13.8,1
round1,0.5,15.8,1
round1,0.5,16.2,1
round1,0.5,19,1
round1,0.5,20.8,1
round1,0.5,21.3,1
round1,0.5,24.4,1
round1,0.5,24.9,1
round1,0.5,25.2,1
round1,0.5,27.4,1
round1,0.5,28.2,1
round1,0.5,30.2,1
round1,0.5,34.9,1
round1,0.5,36.3,1
round1,0.5,37.2,1
round1,0.5,39.1,1
round1,0.5,40.3,1
round1,0.5,40.9,1
round1,0.5,49.8,1
round1,0.5,52.1,1
round1,0.5,53.7,1
round1,0.5,54.4,1
round1,0.5,57.6,1
round1,0.5,67.6,1
round1,0.5,67.9,1
round1,0.5,69,1
round1,0.5,69.3,1
round1,0.5,69.5,1
round1,0.5,70.9,1
round1,0.5,72,1
round1,0.5,78,1
round1,0.5,78.7,1
round1,0.5,78.9,1
round1,0.5,81,1
round1,0.5,81.7,1
round1,0.5,81.9,1
round1,0.5,84.2,1
round1,0.5,84.7,1
round1,0.5,86.3,1
round1,0.5,86.4,1
round1,0.5,88.6,1
round1,0.5,88.9,1
round1,0.5,94.3,1
round1,0.5,95.3,1
round1,0.5,98,1
round1,0.9,1.9,1
round1,0.9,3.3,1
round1,0.9,3.5,1
round1,0.9,5,2
round1,0.9,7.2,1
round1,0.9,8.2,1
round1,0.9,8.6,1
round1,0.9,10.3,1
round1,0.9,10.9,1
round1,0.9,11.3,1
round1,0.9,12.9,1
round1,0.9,14.7,1
round1,0.9,15,1
round1,0.9,15.1,1
round1,0.9,16.1,1
round1,0.9,17,1
round1,0.9,17.8,1
round1,0.9,18.4,1
round1,0.9,18.6,2
round1,0.9,18.8,1
round1,0.9,21,1
round1,0.9,22.1,1
round1,0.9,23,1
round1,0.9,23.5,1
round1,0.9,24.9,1
round1,0.9,26,1
round1,0.9,27.3,1
round1,0.9,28.9,1
round1,0.9,32.6,1
round1,0.9,33.7,1
round1,0.9,34.7,1
round1,0.9,35.5,1
round1,0.9,35.8,1
round1,0.9,37.2,2
round1,0.9,37.5,1
round1,0.9,38.6,1
round1,0.9,38.8,2
round1,0.9,39.9,1
round1,0.9,40.7,1
round1,0.9,41.6,1
round1,0.9,41.9,1
round1,0.9,45.5,1
round1,0.9,46.3,1
round1,0.9,46.6,1
round1,0.9,47.2,1
round1,0.9,48.6,1
round1,0.9,49.2,1
round1,0.9,50.4,1
round1,0.9,52,1
round1,0.9,54.8,1
round1,0.9,55.3,1
round1,0.9,55.7,1
round1,0.9,57.7,1
round1,0.9,58.4,1
round1,0.9,58.6,1
round1,0.9,61.2,1
round1,0.9,61.7,1
round1,0.9,62,1
round1,0.9,62.2,1
round1,0.9,62.6,1
round1,0.9,63.7,1
round1,0.9,64.1,1
round1,0.9,64.8,1
round1,0.9,65.2,1
round1,0.9,67,1
round1,0.9,67.2,1
round1,0.9,68,1
round1,0.9,68.7,1
round1,0.9,68.8,1
round1,0.9,69.5,1
round1,0.9,69.9,1
round1,0.9,71.3,1
round1,0.9,72.3,1
round1,0.9,73.4,1
round1,0.9,74.4,1
round1,0.9,76.2,1
round1,0.9,76.5,2
round1,0.9,77.9,1
round1,0.9,78.3,1
round1,0.9,79.1,1
round1,0.9,79.2,1
round1,0.9,80.8,1
round1,0.9,81.5,1
round1,0.9,83,1
round1,0.9,83.5,1
round1,0.9,84.5,1
round1,0.9,85.4,1
round1,0.9,86.1,1
round1,0.9,88,1
round1,0.9,88.6,1
round1,0.9,89.9,1
round1,0.9,90.3,1
round1,0.9,90.6,1
round1,0.9,91.2,1
round1,0.9,94.1,1
round1,0.9,96.2,1
round1,0.9,96.4,1
round1,1.4,0.7,1
round1,1.4,0.8,1
round1,1.4,1.3,1
round1,1.4,2.1,1
round1,1.4,4.2,1
round1,1.4,5.5,1
round1,1.4,5.6,1
round1,1.4,7.2,1
round1,1.4,7.4,2
round1,1.4,7.5,1
round1,1.4,7.7,1
round1,1.4,7.9,1
round1,1.4,9,1
round1,1.4,10,1
round1,1.4,10.2,1
round1,1.4,10.5,1
round1,1.4,10.9,1
round1,1.4,11,1
round1,1.4,12,1
round1,1.4,12.3,2
round1,1.4,12.5,1
round1,1.4,12.9,1
round1,1.4,13.2,1
round1,1.4,13.3,1
round1,1.4,14.3,1
round1,1.4,15.1,1
round1,1.4,16.3,1
round1,1.4,16.7,1
round1,1.4,17.2,1
round1,1.4,17.5,1
round1,1.4,18.2,1
round1,1.4,19.7,2
round1,1.4,19.9,1
round1,1.4,20.3,1
round1,1.4,20.7,1
round1,1.4,21.6,1
round1,1.4,22.5,1
round1,1.4,24.9,1
round1,1.4,26.4,1
round1,1.4,26.6,2
round1,1.4,28,1
round1,1.4,28.8,1
round1,1.4,30.5,1
round1,1.4,32.2,1
round1,1.4,32.3,1
round1,1.4,36,1
round1,1.4,37.4,1
round1,1.4,37.5,1
round1,1.4,38.3,1
round1,1.4,38.7,1
round1,1.4,38.8,1
round1,1.4,39.2,1
round1,1.4,39.4,1
round1,1.4,40.1,1
round1,1.4,41.2,1
round1,1.4,41.5,1
round1,1.4,42.3,1
round1,1.4,42.9,1
round1,1.4,44,1
round1,1.4,45.6,1
round1,1.4,46.1,1
round1,1.4,47.8,1
round1,1.4,48,1
round1,1.4,48.1,2
round1,1.4,48.4,1
round1,1.4,48.8,1
round1,1.4,49.3,1
round1,1.4,50.5,1
round1,1.4,50.7,1
round1,1.4,51.4,1
round1,1.4,52.6,1
round1,1.4,53.1,1
round1,1.4,53.6,2
round1,1.4,54.7,1
round1,1.4,56.9,1
round1,1.4,57.2,1
round1,1.4,57.4,1
round1,1.4,58,1
round1,1.4,59.5,2
round1,1.4,60,1
round1,1.4,60.9,1
round1,1.4,61.2,1
round1,1.4,62.6,1
round1,1.4,62.9,1
round1,1.4,64.3,1
round1,1.4,65.6,1
round1,1.4,67.6,1
round1,1.4,67.8,1
round1,1.4,68.9,1
round1,1.4,69.5,1
round1,1.4,70.4,1
round1,1.4,70.8,2
round1,1.4,71.1,1
round1,1.4,72.6,1
round1,1.4,72.7,1
round1,1.4,73.1,1
round1,1.4,74.3,1
round1,1.4,75.6,1
round1,1.4,76.6,1
round1,1.4,77.7,1
round1,1.4,78.5,1
round1,1.4,80.5,1
round1,1.4,80.9,1
round1,1.4,84.4,1
round1,1.4,84.7,1
round1,1.4,85.4,1
round1,1.4,85.8,1
round1,1.4,86.6,1
round1,1.4,86.9,1
round1,1.4,87,1
round1,1.4,87.5,1
round1,1.4,87.6,1
round1,1.4,87.7,1
round1,1.4,89.4,1
round1,1.4,89.6,1
round1,1.4,91.4,1
round1,1.4,92.5,1
round1,1.4,93.2,1
round1,1.4,93.3,1
round1,1.4,94.5,1
round1,2.3,0.9,1
round1,2.3,1,1
round1,2.3,1.1,1
round1,2.3,1.9,1
round1,2.3,2,1
round1,2.3,2.6,1
round1,2.3,2.8,1
round1,2.3,4,3
round1,2.3,4.5,1
round1,2.3,4.7,1
round1,2.3,4.9,1
round1,2.3,5,1
round1,2.3,5.1,1
round1,2.3,5.3,1
round1,2.3,5.5,1
round1,2.3,6,1
round1,2.3,6.4,1
round1,2.3,6.7,1
round1,2.3,7,1
round1,2.3,7.2,1
round1,2.3,7.4,1
round1,2.3,7.7,1
round1,2.3,7.9,1
round1,2.3,8.2,1
round1,2.3,8.8,1
round1,2.3,8.9,2
round1,2.3,10.4,1
round1,2.3,11.8,1
round1,2.3,12,1
round1,2.3,12.3,1
round1,2.3,12.7,1
round1,2.3,12.8,1
round1,2.3,13.1,1
round1,2.3,13.2,2
round1,2.3,14.4,1
round1,2.3,14.5,1
round1,2.3,15.5,1
round1,2.3,16.2,2
round1,2.3,17.1,1
round1,2.3,17.3,1
round1,2.3,17.8,1
round1,2.3,18,1
round1,2.3,18.2,1
round1,2.3,21,1
round1,2.3,21.1,1
round1,2.3,21.2,1
round1,2.3,21.3,1
round1,2.3,21.4,1
round1,2.3,22,1
round1,2.3,22.6,1
round1,2.3,22.7,1
round1,2.3,22.8,1
round1,2.3,22.9,1
round1,2.3,23,1
round1,2.3,23.2,1
round1,2.3,24.5,1
round1,2.3,24.6,1
round1,2.3,24.7,1
round1,2.3,24.9,1
round1,2.3,25.3,2
round1,2.3,25.5,1
round1,2.3,25.6,1
round1,2.3,25.7,1
round1,2.3,26,1
round1,2.3,26.1,1
round1,2.3,26.6,1
round1,2.3,27,2
round1,2.3,27.5,1
round1,2.3,28.2,2
round1,2.3,28.7,1
round1,2.3,28.9,1
round1,2.3,29.4,1
round1,2.3,29.5,1
round1,2.3,29.7,1
round1,2.3,29.9,1
round1,2.3,30,1
round1,2.3,30.1,1
round1,2.3,30.2,2
round1,2.3,30.5,1
round1,2.3,31.8,1
round1,2.3,32.2,2
round1,2.3,32.3,1
round1,2.3,32.5,1
round1,2.3,32.8,1
round1,2.3,32.9,2
round1,2.3,33.1,1
round1,2.3,33.2,1
round1,2.3,33.4,1
round1,2.3,33.6,1
round1,2.3,33.7,1
round1,2.3,33.9,1
round1,2.3,34,1
round1,2.3,34.9,2
round1,2.3,35.7,1
round1,2.3,35.9,1
round1,2.3,36.1,1
round1,2.3,36.3,1
round1,2.3,36.9,1
round1,2.3,37.3,1
round1,2.3,37.5,1
round1,2.3,37.7,1
round1,2.3,37.8,1
round1,2.3,37.9,1
round1,2.3,38,2
round1,2.3,38.3,1
round1,2.3,38.4,1
round1,2.3,39.5,1
round1,2.3,39.6,2
round1,2.3,39.9,1
round1,2.3,40,1
round1,2.3,40.2,1
round1,2.3,40.5,1
round1,2.3,40.8,1
round1,2.3,41.1,1
round1,2.3,41.4,1
round1,2.3,41.5,1
round1,2.3,42.4,3
round1,2.3,42.5,1
round1,2.3,42.6,1
round1,2.3,43.8,1
round1,2.3,44.6,1
round1,2.3,45,1
round1,2.3,45.5,1
round1,2.3,45.7,1
round1,2.3,46,2
round1,2.3,46.7,1
round1,2.3,46.8,1
round1,2.3,47.3,1
round1,2.3,47.5,1
round1,2.3,47.7,1
round1,2.3,48.1,1
round1,2.3,48.5,2
round1,2.3,49.1,2
round1,2.3,49.4,1
round1,2.3,49.6,1
round1,2.3,49.9,1
round1,2.3,50.5,1
round1,2.3,50.6,1
round1,2.3,50.7,1
round1,2.3,50.9,1
round1,2.3,51.2,1
round1,2.3,51.4,1
round1,2.3,51.9,2
round1,2.3,52.4,1
round1,2.3,52.7,1
round1,2.3,53,1
round1,2.3,53.9,1
round1,2.3,54.2,1
round1,2.3,54.4,1
round1,2.3,54.6,1
round1,2.3,54.7,1
round1,2.3,55,1
round1,2.3,56.2,1
round1,2.3,56.6,1
round1,2.3,56.8,1
round1,2.3,57,2
round1,2.3,57.5,1
round1,2.3,57.8,1
round1,2.3,57.9,1
round1,2.3,58,1
round1,2.3,58.1,1
round1,2.3,58.6,1
round1,2.3,58.8,1
round1,2.3,60.4,1
round1,2.3,60.7,2
round1,2.3,60.9,1
round1,2.3,61,2
round1,2.3,61.3,2
round1,2.3,61.5,1
round1,2.3,61.7,1
round1,2.3,62.4,1
round1,2.3,62.8,1
round1,2.3,63.1,1
round1,2.3,63.5,1
round1,2.3,64.1,2
round1,2.3,64.6,1
round1,2.3,64.7,1
round1,2.3,65.1,1
round1,2.3,65.8,1
round1,2.3,65.9,1
round1,2.3,66.2,1
round1,2.3,66.7,1
round1,2.3,66.8,2
round1,2.3,67,1
round1,2.3,67.1,1
round1,2.3,67.3,1
round1,2.3,67.8,1
round1,2.3,67.9,1
round1,2.3,68.4,1
round1,2.3,68.5,2
round1,2.3,68.6,1
round1,2.3,69.1,1
round1,2.3,69.4,1
round1,2.3,69.7,1
round1,2.3,70.5,1
round1,2.3,70.9,2
round1,2.3,71.2,2
round1,2.3,71.3,1
round1,2.3,71.4,1
round1,2.3,71.6,1
round1,2.3,71.7,1
round1,2.3,71.8,1
round1,2.3,72.1,1
round1,2.3,72.3,1
round1,2.3,72.5,1
round1,2.3,72.9,1
round1,2.3,73,1
round1,2.3,73.1,1
round1,2.3,73.3,1
round1,2.3,74.4,1
round1,2.3,75.6,1
round1,2.3,76.2,1
round1,2.3,76.4,1
round1,2.3,77.4,1
round1,2.3,77.7,1
round1,2.3,78,1
round1,2.3,78.2,1
round1,2.3,78.3,1
round1,2.3,78.7,1
round1,2.3,78.8,2
round1,2.3,79,1
round1,2.3,79.2,1
round1,2.3,79.4,2
round1,2.3,80.2,1
round1,2.3,80.3,2
round1,2.3,80.8,1
round1,2.3,81.3,1
round1,2.3,81.5,1
round1,2.3,81.6,1
round1,2.3,82.1,1
round1,2.3,82.4,1
round1,2.3,82.5,3
round1,2.3,83.1,1
round1,2.3,83.3,1
round1,2.3,83.9,1
round1,2.3,84,1
round1,2.3,84.1,2
round1,2.3,84.3,1
round1,2.3,85.3,2
round1,2.3,86,1
round1,2.3,86.3,1
round1,2.3,86.9,1
round1,2.3,87.2,1
round1,2.3,87.5,1
round1,2.3,88.3,1
round1,2.3,88.9,1
round1,2.3,89,1
round1,2.3,89.6,1
round1,2.3,90.1,1
round1,2.3,90.6,1
round1,2.3,91.7,1
round1,2.3,92.9,1
round1,2.3,93.6,1
round1,2.3,94,2
round1,2.3,94.3,1
round1,2.3,94.8,1
round1,2.3,95.5,1
round1,2.3,95.9,1
round1,2.3,97.4,1
round1,2.3,97.8,1
round1,2.3,98.1,1
round1,2.3,100,1
round1,3.7,0.1,1
round1,3.7,0.4,1
round1,3.7,1,1
round1,3.7,1.2,1
round1,3.7,1.6,1
round1,3.7,1.7,1
round1,3.7,1.9,2
round1,3.7,2.2,1
round1,3.7,2.3,1
round1,3.7,2.5,1
round1,3.7,2.7,1
round1,3.7,3,1
round1,3.7,3.2,2
round1,3.7,3.5,1
round1,3.7,5,1
round1,3.7,5.8,1
round1,3.7,5.9,1
round1,3.7,6.2,1
round1,3.7,6.3,2
round1,3.7,7,1
round1,3.7,7.5,1
round1,3.7,7.6,1
round1,3.7,7.9,1
round1,3.7,8.1,1
round1,3.7,8.3,2
round1,3.7,8.7,2
round1,3.7,9.1,1
round1,3.7,9.4,1
round1,3.7,9.6,2
round1,3.7,10.2,1
round1,3.7,10.3,1
round1,3.7,11.1,1
round1,3.7,11.6,1
round1,3.7,11.8,1
round1,3.7,12.4,1
round1,3.7,13.7,1
round1,3.7,14.2,1
round1,3.7,14.3,1
round1,3.7,14.7,1
round1,3.7,14.8,1
round1,3.7,15,1
round1,3.7,15.3,1
round1,3.7,15.7,1
round1,3.7,15.9,2
round1,3.7,16.1,1
round1,3.7,17.4,1
round1,3.7,18.4,2
round1,3.7,18.7,2
round1,3.7,18.8,3
round1,3.7,19.2,1
round1,3.7,19.7,1
round1,3.7,19.9,2
round1,3.7,20.2,1
round1,3.7,20.9,2
round1,3.7,21,1
round1,3.7,21.1,1
round1,3.7,21.2,1
round1,3.7,21.3,1
round1,3.7,21.5,1
round1,3.7,22,1
round1,3.7,22.4,1
round1,3.7,22.5,2
round1,3.7,22.7,1
round1,3.7,22.8,2
round1,3.7,23,1
round1,3.7,23.4,1
round1,3.7,23.7,3
round1,3.7,24,1
round1,3.7,24.1,1
round1,3.7,24.5,1
round1,3.7,24.6,1
round1,3.7,24.8,1
round1,3.7,25,1
round1,3.7,25.8,1
round1,3.7,25.9,1
round1,3.7,26.4,1
round1,3.7,26.7,1
round1,3.7,26.9,1
round1,3.7,27.7,1
round1,3.7,28.1,1
round1,3.7,29.2,1
round1,3.7,29.4,1
round1,3.7,29.5,1
round1,3.7,29.7,1
round1,3.7,29.8,1
round1,3.7,30.1,2
round1,3.7,30.6,1
round1,3.7,30.9,1
round1,3.7,31,1
round1,3.7,31.3,1
round1,3.7,31.4,1
round1,3.7,31.5,1
round1,3.7,31.6,1
round1,3.7,32.4,1
round1,3.7,32.5,2
round1,3.7,32.8,1
round1,3.7,32.9,2
round1,3.7,33,1
round1,3.7,33.1,1
round1,3.7,33.4,1
round1,3.7,33.6,1
round1,3.7,34.4,1
round1,3.7,34.7,1
round1,3.7,35,1
round1,3.7,35.5,1
round1,3.7,35.6,1
round1,3.7,35.7,1
round1,3.7,35.9,2
round1,3.7,36,1
round1,3.7,36.3,1
round1,3.7,36.4,1
round1,3.7,36.6,1
round1,3.7,36.8,1
round1,3.7,36.9,1
round1,3.7,37.8,1
round1,3.7,38,1
round1,3.7,38.3,1
round1,3.7,38.6,1
round1,3.7,39.3,1
round1,3.7,39.7,1
round1,3.7,40.2,2
round1,3.7,40.3,1
round1,3.7,40.8,1
round1,3.7,41.1,2
round1,3.7,41.6,3
round1,3.7,41.7,1
round1,3.7,41.9,1
round1,3.7,42.3,1
round1,3.7,42.6,1
round1,3.7,42.8,3
round1,3.7,43.1,2
round1,3.7,43.6,1
round1,3.7,43.7,1
round1,3.7,44,1
round1,3.7,44.2,1
round1,3.7,44.3,1
round1,3.7,44.5,1
round1,3.7,44.7,1
round1,3.7,44.8,1
round1,3.7,44.9,1
round1,3.7,45.4,1
round1,3.7,45.9,1
round1,3.7,46,2
round1,3.7,46.1,1
round1,3.7,46.5,1
round1,3.7,46.7,1
round1,3.7,47,1
round1,3.7,47.1,1
round1,3.7,47.3,1
round1,3.7,47.5,2
round1,3.7,47.6,1
round1,3.7,48.8,1
round1,3.7,48.9,1
round1,3.7,49.1,1
round1,3.7,49.4,2
round1,3.7,49.6,1
round1,3.7,49.7,1
round1,3.7,50.4,1
round1,3.7,50.8,1
round1,3.7,51,1
round1,3.7,51.1,1
round1,3.7,51.2,2
round1,3.7,51.3,1
round1,3.7,51.4,1
round1,3.7,51.6,1
round1,3.7,52.3,1
round1,3.7,52.8,1
round1,3.7,54.4,1
round1,3.7,54.5,1
round1,3.7,54.6,2
round1,3.7,55,1
round1,3.7,55.8,1
round1,3.7,56.4,1
round1,3.7,56.6,1
round1,3.7,56.9,1
round1,3.7,57.2,1
round1,3.7,57.3,2
round1,3.7,57.6,1
round1,3.7,57.7,1
round1,3.7,57.8,1
round1,3.7,57.9,1
round1,3.7,58.4,1
round1,3.7,58.5,1
round1,3.7,58.6,1
round1,3.7,58.8,1
round1,3.7,58.9,1
round1,3.7,59.4,1
round1,3.7,59.6,1
round1,3.7,59.9,1
round1,3.7,60.1,1
round1,3.7,60.5,1
round1,3.7,60.6,1
round1,3.7,60.8,1
round1,3.7,61.3,1
round1,3.7,61.6,1
round1,3.7,61.8,1
round1,3.7,62.5,1
round1,3.7,62.6,1
round1,3.7,62.7,1
round1,3.7,62.9,1
round1,3.7,63.2,1
round1,3.7,63.3,1
round1,3.7,63.5,1
round1,3.7,64.4,1
round1,3.7,64.5,2
round1,3.7,65.2,2
round1,3.7,65.9,1
round1,3.7,66,1
round1,3.7,66.2,1
round1,3.7,68.4,1
round1,3.7,68.9,1
round1,3.7,69.6,1
round1,3.7,69.7,1
round1,3.7,69.9,1
round1,3.7,70.4,1
round1,3.7,71.3,1
round1,3.7,71.4,2
round1,3.7,71.5,1
round1,3.7,71.6,1
round1,3.7,71.8,1
round1,3.7,72.1,1
round1,3.7,72.2,1
round1,3.7,72.3,1
round1,3.7,73.6,1
round1,3.7,73.7,1
round1,3.7,74.9,1
round1,3.7,75,1
round1,3.7,75.2,1
round1,3.7,75.5,1
round1,3.7,75.8,1
round1,3.7,76,3
round1,3.7,76.1,1
round1,3.7,76.3,1
round1,3.7,76.5,1
round1,3.7,76.6,1
round1,3.7,76.8,1
round1,3.7,77.2,1
round1,3.7,77.4,2
round1,3.7,77.5,1
round1,3.7,77.7,1
round1,3.7,77.8,1
round1,3.7,78,1
round1,3.7,78.2,1
round1,3.7,78.5,1
round1,3.7,78.6,1
round1,3.7,78.8,1
round1,3.7,79.1,1
round1,3.7,79.6,1
round1,3.7,79.7,1
round1,3.7,80.1,2
round1,3.7,80.5,1
round1,3.7,81.2,1
round1,3.7,81.4,1
round1,3.7,81.5,1
round1,3.7,81.6,1
round1,3.7,82.1,1
round1,3.7,82.2,2
round1,3.7,82.3,1
round1,3.7,82.5,1
round1,3.7,82.8,1
round1,3.7,82.9,1
round1,3.7,84.6,1
round1,3.7,87.4,1
round1,3.7,87.7,2
round1,3.7,88.3,1
round1,3.7,88.4,1
round1,3.7,88.5,1
round1,3.7,89.8,1
round1,3.7,90.7,1
round1,3.7,91,1
round1,3.7,91.4,1
round1,3.7,91.8,1
round1,3.7,92.2,1
round1,3.7,92.5,1
round1,3.7,92.7,1
round1,3.7,93.4,1
round1,3.7,93.6,1
round1,3.7,94,1
round1,3.7,95.9,1
round1,3.7,96.3,1
round1,3.7,99.9,1
round1,6.1,0.1,1
round1,6.1,0.4,2
round1,6.1,0.5,1
round1,6.1,0.6,1
round1,6.1,0.7,1
round1,6.1,1.1,1
round1,6.1,1.7,1
round1,6.1,1.8,1
round1,6.1,1.9,1
round1,6.1,2,1
round1,6.1,2.3,3
round1,6.1,2.4,1
round1,6.1,2.6,1
round1,6.1,2.7,2
round1,6.1,3,1
round1,6.1,3.1,3
round1,6.1,3.2,2
round1,6.1,3.4,1
round1,6.1,3.5,1
round1,6.1,3.6,1
round1,6.1,3.7,2
round1,6.1,4,1
round1,6.1,4.1,2
round1,6.1,4.3,1
round1,6.1,4.4,3
round1,6.1,4.5,1
round1,6.1,4.7,1
round1,6.1,4.9,1
round1,6.1,5.3,2
round1,6.1,5.5,1
round1,6.1,5.7,2
round1,6.1,5.9,2
round1,6.1,6.1,1
round1,6.1,6.4,1
round1,6.1,6.6,1
round1,6.1,6.8,3
round1,6.1,7,2
round1,6.1,7.2,1
round1,6.1,7.3,1
round1,6.1,7.4,1
round1,6.1,7.5,2
round1,6.1,7.8,3
round1,6.1,7.9,1
round1,6.1,8,4
round1,6.1,8.4,1
round1,6.1,8.5,2
round1,6.1,8.6,1
round1,6.1,8.7,1
round1,6.1,8.8,2
round1,6.1,9.5,1
round1,6.1,9.6,1
round1,6.1,9.8,1
round1,6.1,9.9,3
round1,6.1,10.2,1
round1,6.1,10.3,2
round1,6.1,10.6,1
round1,6.1,10.8,1
round1,6.1,10.9,1
round1,6.1,11,1
round1,6.1,11.1,1
round1,6.1,11.2,1
round1,6.1,11.3,1
round1,6.1,11.4,2
round1,6.1,11.5,1
round1,6.1,11.6,1
round1,6.1,11.7,1
round1,6.1,11.8,1
round1,6.1,12.2,2
round1,6.1,12.4,1
round1,6.1,12.9,1
round1,6.1,13,1
round1,6.1,13.2,1
round1,6.1,13.3,1
round1,6.1,13.6,2
round1,6.1,13.7,1
round1,6.1,14,2
round1,6.1,14.1,2
round1,6.1,14.5,2
round1,6.1,14.6,1
round1,6.1,14.8,1
round1,6.1,15.2,2
round1,6.1,16,2
round1,6.1,16.1,2
round1,6.1,16.2,2
round1,6.1,16.4,1
round1,6.1,16.8,2
round1,6.1,16.9,1
round1,6.1,17.1,2
round1,6.1,17.2,1
round1,6.1,17.3,4
round1,6.1,17.7,1
round1,6.1,17.8,2
round1,6.1,18.4,2
round1,6.1,18.5,1
round1,6.1,18.7,3
round1,6.1,19.1,2
round1,6.1,19.3,2
round1,6.1,19.9,1
round1,6.1,20.1,1
round1,6.1,20.4,1
round1,6.1,20.5,2
round1,6.1,20.7,1
round1,6.1,20.8,1
round1,6.1,20.9,2
round1,6.1,21.3,1
round1,6.1,21.5,1
round1,6.1,21.7,4
round1,6.1,21.8,1
round1,6.1,21.9,1
round1,6.1,22,1
round1,6.1,22.2,1
round1,6.1,22.3,1
round1,6.1,22.4,2
round1,6.1,22.7,1
round1,6.1,22.8,1
round1,6.1,22.9,1
round1,6.1,23,4
round1,6.1,23.1,2
round1,6.1,23.2,2
round1,6.1,23.3,2
round1,6.1,23.4,3
round1,6.1,23.5,2
round1,6.1,23.9,1
round1,6.1,24,1
round1,6.1,24.2,5
round1,6.1,24.4,4
round1,6.1,24.5,1
round1,6.1,24.6,1
round1,6.1,24.9,2
round1,6.1,25.2,1
round1,6.1,25.4,1
round1,6.1,25.5,3
round1,6.1,25.6,1
round1,6.1,25.7,2
round1,6.1,26,1
round1,6.1,26.1,1
round1,6.1,26.8,1
round1,6.1,27.3,1
round1,6.1,27.4,4
round1,6.1,28,1
round1,6.1,28.1,1
round1,6.1,28.2,1
round1,6.1,28.3,1
round1,6.1,28.4,1
round1,6.1,28.5,1
round1,6.1,28.8,1
round1,6.1,29.1,1
round1,6.1,29.2,2
round1,6.1,29.3,2
round1,6.1,29.5,1
round1,6.1,29.8,1
round1,6.1,30,1
round1,6.1,30.2,2
round1,6.1,30.3,1
round1,6.1,30.4,1
round1,6.1,30.5,2
round1,6.1,30.8,2
round1,6.1,31,1
round1,6.1,31.1,2
round1,6.1,31.2,1
round1,6.1,31.6,1
round1,6.1,32,1
round1,6.1,32.1,1
round1,6.1,32.3,1
round1,6.1,32.4,1
round1,6.1,32.5,1
round1,6.1,32.6,1
round1,6.1,33,4
round1,6.1,33.1,1
round1,6.1,33.3,1
round1,6.1,33.4,1
round1,6.1,33.5,2
round1,6.1,33.7,1
round1,6.1,34,1
round1,6.1,34.2,1
round1,6.1,34.3,2
round1,6.1,34.4,2
round1,6.1,34.5,2
round1,6.1,34.6,1
round1,6.1,34.7,1
round1,6.1,34.9,1
round1,6.1,35,1
round1,6.1,35.2,2
round1,6.1,35.3,1
round1,6.1,35.4,2
round1,6.1,35.5,1
round1,6.1,35.7,1
round1,6.1,35.9,1
round1,6.1,36,1
round1,6.1,36.2,1
round1,6.1,36.4,1
round1,6.1,36.5,1
round1,6.1,36.6,1
round1,6.1,36.9,1
round1,6.1,37,1
round1,6.1,37.1,4
round1,6.1,37.2,1
round1,6.1,37.3,1
round1,6.1,37.6,2
round1,6.1,37.7,1
round1,6.1,37.9,1
round1,6.1,38,1
round1,6.1,38.5,1
round1,6.1,38.9,1
round1,6.1,39,3
round1,6.1,39.3,1
round1,6.1,39.6,1
round1,6.1,39.8,1
round1,6.1,40.4,3
round1,6.1,40.5,1
round1,6.1,40.6,1
round1,6.1,40.7,1
round1,6.1,40.8,1
round1,6.1,40.9,2
round1,6.1,41.1,1
round1,6.1,41.2,3
round1,6.1,41.3,4
round1,6.1,41.4,1
round1,6.1,41.5,1
round1,6.1,41.6,1
round1,6.1,42.2,1
round1,6.1,42.4,1
round1,6.1,42.5,1
round1,6.1,42.6,1
round1,6.1,42.7,1
round1,6.1,43.3,2
round1,6.1,43.6,1
round1,6.1,43.7,1
round1,6.1,43.9,1
round1,6.1,44.2,2
round1,6.1,44.5,2
round1,6.1,44.6,3
round1,6.1,44.8,1
round1,6.1,44.9,1
round1,6.1,45,1
round1,6.1,45.3,3
round1,6.1,45.5,1
round1,6.1,45.8,4
round1,6.1,46.1,3
round1,6.1,46.5,2
round1,6.1,46.7,2
round1,6.1,46.8,2
round1,6.1,46.9,3
round1,6.1,47,1
round1,6.1,47.1,1
round1,6.1,47.2,2
round1,6.1,47.3,1
round1,6.1,47.6,2
round1,6.1,47.9,1
round1,6.1,48.2,1
round1,6.1,48.3,1
round1,6.1,48.4,2
round1,6.1,48.6,2
round1,6.1,48.9,1
round1,6.1,49.1,1
round1,6.1,49.2,1
round1,6.1,49.4,1
round1,6.1,49.5,1
round1,6.1,49.6,3
round1,6.1,49.8,2
round1,6.1,49.9,1
round1,6.1,50,2
round1,6.1,50.5,3
round1,6.1,50.7,1
round1,6.1,50.8,1
round1,6.1,50.9,1
round1,6.1,51,1
round1,6.1,51.6,1
round1,6.1,51.7,2
round1,6.1,51.9,4
round1,6.1,52,2
round1,6.1,52.1,1
round1,6.1,52.4,2
round1,6.1,52.8,2
round1,6.1,53,3
round1,6.1,53.3,2
round1,6.1,53.5,1
round1,6.1,53.6,1
round1,6.1,53.8,1
round1,6.1,53.9,2
round1,6.1,54.2,1
round1,6.1,54.3,2
round1,6.1,55,2
round1,6.1,55.2,2
round1,6.1,55.3,1
round1,6.1,55.4,2
round1,6.1,55.6,1
round1,6.1,56,1
round1,6.1,56.2,1
round1,6.1,56.3,1
round1,6.1,56.5,3
round1,6.1,56.8,1
round1,6.1,56.9,1
round1,6.1,57,2
round1,6.1,57.1,1
round1,6.1,58.1,2
round1,6.1,58.3,2
round1,6.1,58.4,1
round1,6.1,58.9,2
round1,6.1,59.1,1
round1,6.1,59.3,3
round1,6.1,59.5,1
round1,6.1,59.6,1
round1,6.1,59.7,1
round1,6.1,59.8,2
round1,6.1,59.9,2
round1,6.1,60.1,4
round1,6.1,60.9,2
round1,6.1,61.2,2
round1,6.1,61.4,3
round1,6.1,61.5,1
round1,6.1,61.6,1
round1,6.1,61.7,1
round1,6.1,61.8,1
round1,6.1,61.9,1
round1,6.1,62,1
round1,6.1,62.1,1
round1,6.1,62.2,3
round1,6.1,62.3,1
round1,6.1,62.4,1
round1,6.1,62.7,1
round1,6.1,62.9,3
round1,6.1,63,1
round1,6.1,63.4,2
round1,6.1,63.5,4
round1,6.1,63.8,1
round1,6.1,63.9,2
round1,6.1,64,1
round1,6.1,64.2,2
round1,6.1,64.3,3
round1,6.1,64.6,1
round1,6.1,64.7,2
round1,6.1,64.8,1
round1,6.1,64.9,1
round1,6.1,65,1
round1,6.1,65.3,1
round1,6.1,65.5,2
round1,6.1,65.6,1
round1,6.1,65.8,2
round1,6.1,65.9,1
round1,6.1,66.1,1
round1,6.1,66.2,1
round1,6.1,66.3,1
round1,6.1,66.6,1
round1,6.1,66.8,2
round1,6.1,67,1
round1,6.1,67.2,1
round1,6.1,67.5,2
round1,6.1,67.7,3
round1,6.1,67.8,1
round1,6.1,67.9,1
round1,6.1,68.2,1
round1,6.1,68.3,2
round1,6.1,68.6,1
round1,6.1,68.7,1
round1,6.1,68.9,1
round1,6.1,69,2
round1,6.1,69.3,1
round1,6.1,69.4,1
round1,6.1,69.5,1
round1,6.1,69.6,1
round1,6.1,69.7,2
round1,6.1,69.8,1
round1,6.1,70,2
round1,6.1,70.1,1
round1,6.1,70.2,1
round1,6.1,70.3,1
round1,6.1,70.4,2
round1,6.1,70.5,1
round1,6.1,70.6,2
round1,6.1,70.9,1
round1,6.1,71.1,1
round1,6.1,71.2,1
round1,6.1,71.3,1
round1,6.1,71.4,1
round1,6.1,71.5,1
round1,6.1,71.9,1
round1,6.1,72.2,1
round1,6.1,72.4,2
round1,6.1,72.6,2
round1,6.1,72.7,1
round1,6.1,72.8,1
round1,6.1,72.9,1
round1,6.1,73.1,2
round1,6.1,73.2,2
round1,6.1,73.3,2
round1,6.1,73.4,1
round1,6.1,73.7,2
round1,6.1,73.8,2
round1,6.1,74.5,2
round1,6.1,74.6,1
round1,6.1,74.9,1
round1,6.1,75,1
round1,6.1,75.1,1
round1,6.1,75.3,1
round1,6.1,75.5,1
round1,6.1,75.6,1
round1,6.1,75.7,4
round1,6.1,75.9,3
round1,6.1,76,1
round1,6.1,76.2,1
round1,6.1,76.3,1
round1,6.1,76.4,3
round1,6.1,76.6,1
round1,6.1,76.7,1
round1,6.1,77,3
round1,6.1,77.1,2
round1,6.1,77.3,1
round1,6.1,77.7,1
round1,6.1,77.8,3
round1,6.1,77.9,2
round1,6.1,78,2
round1,6.1,78.1,1
round1,6.1,78.4,1
round1,6.1,78.5,2
round1,6.1,78.9,1
round1,6.1,79,1
round1,6.1,79.4,2
round1,6.1,79.6,2
round1,6.1,79.8,1
round1,6.1,79.9,3
round1,6.1,80,1
round1,6.1,80.2,2
round1,6.1,80.3,1
round1,6.1,80.5,1
round1,6.1,80.7,1
round1,6.1,80.8,1
round1,6.1,80.9,1
round1,6.1,81.1,1
round1,6.1,81.3,1
round1,6.1,81.4,1
round1,6.1,81.7,1
round1,6.1,81.8,1
round1,6.1,81.9,1
round1,6.1,82,1
round1,6.1,82.3,3
round1,6.1,82.5,1
round1,6.1,82.7,2
round1,6.1,82.8,1
round1,6.1,82.9,1
round1,6.1,83,1
round1,6.1,83.3,2
round1,6.1,83.4,3
round1,6.1,83.5,1
round1,6.1,83.8,1
round1,6.1,84,2
round1,6.1,84.2,1
round1,6.1,84.3,1
round1,6.1,84.4,2
round1,6.1,84.5,1
round1,6.1,84.6,1
round1,6.1,84.7,1
round1,6.1,84.9,1
round1,6.1,85.1,1
round1,6.1,85.5,2
round1,6.1,85.6,1
round1,6.1,85.8,1
round1,6.1,85.9,1
round1,6.1,86,1
round1,6.1,86.2,1
round1,6.1,86.3,1
round1,6.1,86.4,2
round1,6.1,86.6,1
round1,6.1,86.7,4
round1,6.1,87.2,1
round1,6.1,87.3,1
round1,6.1,87.4,1
round1,6.1,87.5,2
round1,6.1,87.7,2
round1,6.1,87.8,1
round1,6.1,87.9,1
round1,6.1,88.1,1
round1,6.1,88.2,1
round1,6.1,88.6,2
round1,6.1,89,1
round1,6.1,89.2,1
round1,6.1,89.3,1
round1,6.1,89.6,1
round1,6.1,89.7,2
round1,6.1,89.8,1
round1,6.1,89.9,1
round1,6.1,90,2
round1,6.1,90.1,2
round1,6.1,90.2,1
round1,6.1,90.6,1
round1,6.1,90.7,2
round1,6.1,90.9,2
round1,6.1,91.1,1
round1,6.1,91.3,1
round1,6.1,91.7,1
round1,6.1,92,1
round1,6.1,92.3,1
round1,6.1,92.6,2
round1,6.1,92.7,1
round1,6.1,92.8,2
round1,6.1,92.9,1
round1,6.1,93,1
round1,6.1,93.1,1
round1,6.1,93.2,1
round1,6.1,93.6,1
round1,6.1,93.7,1
round1,6.1,94,1
round1,6.1,94.7,2
round1,6.1,94.8,1
round1,6.1,95,1
round1,6.1,95.2,1
round1,6.1,95.8,1
round1,6.1,96,1
round1,6.1,96.1,1
round1,6.1,96.2,1
round1,6.1,96.5,1
round1,6.1,96.9,1
round1,6.1,97.1,2
round1,6.1,97.7,1
round1,6.1,98.1,1
round1,6.1,98.6,1
round1,6.1,98.8,1
round1,6.1,99.1,3
round1,6.1,99.3,1
round1,6.1,99.5,1
round1,6.1,99.7,1
round1,6.1,99.8,2
round1,9.8,0.1,2
round1,9.8,0.3,1
round1,9.8,0.4,1
round1,9.8,0.5,1
round1,9.8,0.6,1
round1,9.8,0.8,1
round1,9.8,0.9,1
round1,9.8,1.1,1
round1,9.8,1.2,4
round1,9.8,1.3,2
round1,9.8,1.4,3
round1,9.8,1.5,1
round1,9.8,1.6,2
round1,9.8,1.7,2
round1,9.8,2,3
round1,9.8,2.1,3
round1,9.8,2.2,1
round1,9.8,2.4,2
round1,9.8,2.5,2
round1,9.8,2.7,1
round1,9.8,2.8,2
round1,9.8,3,3
round1,9.8,3.1,1
round1,9.8,3.3,1
round1,9.8,3.4,1
round1,9.8,3.5,1
round1,9.8,3.6,1
round1,9.8,3.7,1
round1,9.8,3.9,2
round1,9.8,4.1,1
round1,9.8,4.2,1
round1,9.8,4.5,1
round1,9.8,4.8,1
round1,9.8,4.9,1
round1,9.8,5.1,2
round1,9.8,5.2,2
round1,9.8,5.3,1
round1,9.8,5.6,2
round1,9.8,5.7,1
round1,9.8,5.8,1
round1,9.8,5.9,2
round1,9.8,6.2,1
round1,9.8,6.3,2
round1,9.8,6.4,1
round1,9.8,6.6,1
round1,9.8,6.7,4
round1,9.8,7,2
round1,9.8,7.2,1
round1,9.8,7.3,1
round1,9.8,7.4,1
round1,9.8,7.6,1
round1,9.8,7.8,1
round1,9.8,7.9,1
round1,9.8,8,1
round1,9.8,8.1,1
round1,9.8,8.2,1
round1,9.8,8.6,1
round1,9.8,9,3
round1,9.8,9.1,2
round1,9.8,9.2,3
round1,9.8,9.3,2
round1,9.8,9.4,1
round1,9.8,9.5,1
round1,9.8,9.6,2
round1,9.8,9.9,2
round1,9.8,10,4
round1,9.8,10.1,2
round1,9.8,10.2,1
round1,9.8,10.4,1
round1,9.8,10.5,2
round1,9.8,10.7,1
round1,9.8,10.9,1
round1,9.8,11,3
round1,9.8,11.2,2
round1,9.8,11.3,2
round1,9.8,11.4,1
round1,9.8,11.6,1
round1,9.8,11.7,1
round1,9.8,11.8,1
round1,9.8,11.9,2
round1,9.8,12,1
round1,9.8,12.1,1
round1,9.8,12.4,1
round1,9.8,12.5,1
round1,9.8,12.6,1
round1,9.8,12.7,1
round1,9.8,12.8,2
round1,9.8,12.9,2
round1,9.8,13,1
round1,9.8,13.1,2
round1,9.8,13.2,1
round1,9.8,13.3,1
round1,9.8,13.4,2
round1,9.8,13.5,1
round1,9.8,13.8,2
round1,9.8,14,2
round1,9.8,14.1,4
round1,9.8,14.2,1
round1,9.8,14.3,1
round1,9.8,14.4,1
round1,9.8,14.7,1
round1,9.8,14.8,2
round1,9.8,14.9,1
round1,9.8,15,3
round1,9.8,15.5,3
round1,9.8,15.6,2
round1,9.8,15.9,2
round1,9.8,16,1
round1,9.8,16.1,1
round1,9.8,16.2,2
round1,9.8,16.3,2
round1,9.8,16.4,1
round1,9.8,16.5,2
round1,9.8,16.6,1
round1,9.8,16.7,1
round1,9.8,16.9,3
round1,9.8,17.1,1
round1,9.8,17.2,2
round1,9.8,17.3,2
round1,9.8,17.5,1
round1,9.8,17.6,3
round1,9.8,17.8,1
round1,9.8,17.9,1
round1,9.8,18.2,1
round1,9.8,18.3,2
round1,9.8,18.5,2
round1,9.8,18.6,3
round1,9.8,18.7,2
round1,9.8,18.9,1
round1,9.8,19,2
round1,9.8,19.2,2
round1,9.8,19.3,2
round1,9.8,19.4,2
round1,9.8,19.6,1
round1,9.8,19.7,3
round1,9.8,19.9,3
round1,9.8,20.1,1
round1,9.8,20.2,3
round1,9.8,20.4,2
round1,9.8,20.5,2
round1,9.8,20.6,1
round1,9.8,20.7,2
round1,9.8,20.8,1
round1,9.8,21.1,2
round1,9.8,21.2,2
round1,9.8,21.6,3
round1,9.8,21.7,1
round1,9.8,21.8,1
round1,9.8,21.9,1
round1,9.8,22,1
round1,9.8,22.1,2
round1,9.8,22.2,1
round1,9.8,22.3,2
round1,9.8,22.4,4
round1,9.8,22.5,1
round1,9.8,22.7,1
round1,9.8,22.8,1
round1,9.8,22.9,2
round1,9.8,23,3
round1,9.8,23.2,1
round1,9.8,23.5,1
round1,9.8,23.6,1
round1,9.8,23.7,2
round1,9.8,24,2
round1,9.8,24.1,2
round1,9.8,24.3,1
round1,9.8,24.5,2
round1,9.8,24.7,4
round1,9.8,25,1
round1,9.8,25.1,1
round1,9.8,25.3,2
round1,9.8,25.5,2
round1,9.8,25.6,1
round1,9.8,25.7,3
round1,9.8,25.8,1
round1,9.8,25.9,2
round1,9.8,26,1
round1,9.8,26.2,1
round1,9.8,26.3,2
round1,9.8,26.5,1
round1,9.8,26.6,4
round1,9.8,26.7,1
round1,9.8,26.8,1
round1,9.8,27.1,1
round1,9.8,27.2,2
round1,9.8,27.3,1
round1,9.8,27.8,2
round1,9.8,27.9,2
round1,9.8,28,1
round1,9.8,28.1,1
round1,9.8,28.2,2
round1,9.8,28.3,2
round1,9.8,28.4,1
round1,9.8,28.5,1
round1,9.8,28.7,3
round1,9.8,28.8,1
round1,9.8,28.9,2
round1,9.8,29.1,1
round1,9.8,29.2,1
round1,9.8,29.4,2
round1,9.8,29.5,2
round1,9.8,29.6,1
round1,9.8,29.8,1
round1,9.8,30.1,1
round1,9.8,30.2,1
round1,9.8,30.3,1
round1,9.8,30.4,1
round1,9.8,30.5,2
round1,9.8,30.7,1
round1,9.8,30.8,1
round1,9.8,30.9,1
round1,9.8,31,1
round1,9.8,31.3,2
round1,9.8,31.6,1
round1,9.8,31.7,2
round1,9.8,31.8,1
round1,9.8,31.9,1
round1,9.8,32.2,2
round1,9.8,32.3,3
round1,9.8,32.5,1
round1,9.8,32.6,2
round1,9.8,32.7,1
round1,9.8,32.8,1
round1,9.8,32.9,2
round1,9.8,33,1
round1,9.8,33.1,1
round1,9.8,33.3,2
round1,9.8,33.4,2
round1,9.8,33.5,1
round1,9.8,33.7,3
round1,9.8,33.9,3
round1,9.8,34,2
round1,9.8,34.1,1
round1,9.8,34.2,1
round1,9.8,34.4,3
round1,9.8,34.5,3
round1,9.8,34.8,2
round1,9.8,35,2
round1,9.8,35.1,1
round1,9.8,35.2,2
round1,9.8,35.3,1
round1,9.8,35.4,2
round1,9.8,35.6,1
round1,9.8,35.8,2
round1,9.8,35.9,2
round1,9.8,36,1
round1,9.8,36.1,3
round1,9.8,36.5,2
round1,9.8,36.7,2
round1,9.8,36.8,2
round1,9.8,37,1
round1,9.8,37.1,2
round1,9.8,37.2,1
round1,9.8,37.3,1
round1,9.8,37.4,1
round1,9.8,37.5,1
round1,9.8,37.7,3
round1,9.8,37.8,1
round1,9.8,37.9,1
round1,9.8,38,1
round1,9.8,38.1,2
round1,9.8,38.3,1
round1,9.8,38.4,1
round1,9.8,38.6,1
round1,9.8,38.8,4
round1,9.8,39,1
round1,9.8,39.3,1
round1,9.8,39.5,3
round1,9.8,39.7,3
round1,9.8,40,1
round1,9.8,40.1,2
round1,9.8,40.2,1
round1,9.8,40.3,1
round1,9.8,40.4,1
round1,9.8,40.5,4
round1,9.8,40.7,2
round1,9.8,40.8,1
round1,9.8,40.9,1
round1,9.8,41.2,1
round1,9.8,41.3,1
round1,9.8,41.5,1
round1,9.8,41.7,1
round1,9.8,41.8,2
round1,9.8,42,3
round1,9.8,42.2,2
round1,9.8,42.3,1
round1,9.8,42.4,1
round1,9.8,42.7,2
round1,9.8,42.8,1
round1,9.8,42.9,1
round1,9.8,43,2
round1,9.8,43.1,1
round1,9.8,43.3,1
round1,9.8,43.4,2
round1,9.8,43.5,2
round1,9.8,43.6,2
round1,9.8,43.7,1
round1,9.8,43.9,1
round1,9.8,44,2
round1,9.8,44.1,2
round1,9.8,44.3,1
round1,9.8,44.7,1
round1,9.8,44.9,1
round1,9.8,45.1,1
round1,9.8,45.5,2
round1,9.8,45.7,2
round1,9.8,45.9,1
round1,9.8,46,1
round1,9.8,46.2,1
round1,9.8,46.3,1
round1,9.8,46.4,1
round1,9.8,46.5,1
round1,9.8,46.6,1
round1,9.8,46.9,2
round1,9.8,47,3
round1,9.8,47.1,1
round1,9.8,47.2,1
round1,9.8,47.4,1
round1,9.8,47.6,1
round1,9.8,47.7,1
round1,9.8,47.9,1
round1,9.8,48.1,1
round1,9.8,48.3,4
round1,9.8,48.4,1
round1,9.8,48.5,1
round1,9.8,48.6,1
round1,9.8,49,1
round1,9.8,49.1,1
round1,9.8,49.3,2
round1,9.8,49.4,1
round1,9.8,49.5,2
round1,9.8,49.8,1
round1,9.8,49.9,3
round1,9.8,50,1
round1,9.8,50.1,1
round1,9.8,50.3,1
round1,9.8,50.4,1
round1,9.8,50.8,1
round1,9.8,50.9,2
round1,9.8,51,1
round1,9.8,51.1,3
round1,9.8,51.2,1
round1,9.8,51.3,1
round1,9.8,51.5,2
round1,9.8,51.6,1
round1,9.8,51.9,2
round1,9.8,52,1
round1,9.8,52.1,1
round1,9.8,52.2,1
round1,9.8,52.3,2
round1,9.8,52.4,1
round1,9.8,52.5,1
round1,9.8,52.6,4
round1,9.8,52.7,1
round1,9.8,52.8,1
round1,9.8,53,1
round1,9.8,53.1,1
round1,9.8,53.2,2
round1,9.8,53.3,1
round1,9.8,53.5,1
round1,9.8,53.7,2
round1,9.8,53.8,1
round1,9.8,53.9,1
round1,9.8,54.2,1
round1,9.8,54.3,1
round1,9.8,54.5,1
round1,9.8,54.6,2
round1,9.8,55,3
round1,9.8,55.3,2
round1,9.8,55.5,1
round1,9.8,55.8,1
round1,9.8,56,3
round1,9.8,56.1,1
round1,9.8,56.5,1
round1,9.8,56.6,3
round1,9.8,56.8,1
round1,9.8,57.1,2
round1,9.8,57.2,1
round1,9.8,57.3,1
round1,9.8,57.4,1
round1,9.8,57.6,1
round1,9.8,58,1
round1,9.8,58.1,2
round1,9.8,58.2,1
round1,9.8,58.5,1
round1,9.8,58.7,2
round1,9.8,58.8,2
round1,9.8,58.9,1
round1,9.8,59.4,1
round1,9.8,59.5,2
round1,9.8,59.6,1
round1,9.8,59.8,1
round1,9.8,60,1
round1,9.8,60.2,2
round1,9.8,60.3,2
round1,9.8,60.5,1
round1,9.8,60.7,1
round1,9.8,60.8,1
round1,9.8,60.9,3
round1,9.8,61.1,1
round1,9.8,61.3,1
round1,9.8,61.4,1
round1,9.8,61.7,1
round1,9.8,61.8,2
round1,9.8,62,2
round1,9.8,62.1,1
round1,9.8,62.4,1
round1,9.8,62.6,2
round1,9.8,62.7,4
round1,9.8,62.8,2
round1,9.8,63,2
round1,9.8,63.1,2
round1,9.8,63.2,1
round1,9.8,63.3,2
round1,9.8,63.4,1
round1,9.8,63.5,1
round1,9.8,63.6,1
round1,9.8,63.7,1
round1,9.8,63.8,2
round1,9.8,64.1,1
round1,9.8,64.4,1
round1,9.8,64.7,1
round1,9.8,64.8,1
round1,9.8,64.9,2
round1,9.8,65.1,1
round1,9.8,65.3,1
round1,9.8,65.4,1
round1,9.8,65.5,1
round1,9.8,65.8,2
round1,9.8,65.9,1
round1,9.8,66.2,1
round1,9.8,66.3,1
round1,9.8,66.4,1
round1,9.8,66.5,1
round1,9.8,66.7,1
round1,9.8,67,1
round1,9.8,67.1,2
round1,9.8,67.2,1
round1,9.8,67.3,1
round1,9.8,67.4,1
round1,9.8,67.6,1
round1,9.8,68,2
round1,9.8,68.1,2
round1,9.8,68.2,1
round1,9.8,68.3,1
round1,9.8,68.8,2
round1,9.8,69,1
round1,9.8,69.2,1
round1,9.8,69.4,3
round1,9.8,69.6,1
round1,9.8,69.8,3
round1,9.8,70.1,2
round1,9.8,70.3,1
round1,9.8,70.4,1
round1,9.8,70.5,1
round1,9.8,70.6,1
round1,9.8,71.2,1
round1,9.8,71.3,3
round1,9.8,71.4,1
round1,9.8,71.5,1
round1,9.8,71.8,1
round1,9.8,71.9,2
round1,9.8,72,1
round1,9.8,72.2,1
round1,9.8,72.4,1
round1,9.8,72.5,1
round1,9.8,72.6,1
round1,9.8,72.8,1
round1,9.8,72.9,1
round1,9.8,73,1
round1,9.8,73.2,2
round1,9.8,73.3,2
round1,9.8,73.5,2
round1,9.8,73.6,1
round1,9.8,73.7,1
round1,9.8,73.9,1
round1,9.8,74,2
round1,9.8,74.3,2
round1,9.8,74.5,2
round1,9.8,74.9,1
round1,9.8,75.2,1
round1,9.8,75.3,1
round1,9.8,75.6,1
round1,9.8,75.8,2
round1,9.8,75.9,1
round1,9.8,76.1,1
round1,9.8,76.2,2
round1,9.8,76.3,4
round1,9.8,76.4,2
round1,9.8,76.5,1
round1,9.8,76.6,1
round1,9.8,76.7,2
round1,9.8,77.2,4
round1,9.8,77.3,1
round1,9.8,77.4,1
round1,9.8,77.5,1
round1,9.8,77.6,1
round1,9.8,77.7,3
round1,9.8,77.8,2
round1,9.8,77.9,1
round1,9.8,78.1,1
round1,9.8,78.4,1
round1,9.8,78.7,3
round1,9.8,78.8,1
round1,9.8,79,1
round1,9.8,79.3,1
round1,9.8,79.5,1
round1,9.8,79.6,1
round1,9.8,79.7,1
round1,9.8,79.8,2
round1,9.8,79.9,1
round1,9.8,80.2,1
round1,9.8,80.4,1
round1,9.8,80.7,1
round1,9.8,80.8,2
round1,9.8,80.9,2
round1,9.8,81,1
round1,9.8,81.2,1
round1,9.8,81.6,2
round1,9.8,81.8,1
round1,9.8,82.2,1
round1,9.8,82.4,1
round1,9.8,82.5,1
round1,9.8,82.6,2
round1,9.8,82.8,1
round1,9.8,82.9,1
round1,9.8,83.1,2
round1,9.8,83.2,1
round1,9.8,83.3,1
round1,9.8,83.5,1
round1,9.8,83.6,1
round1,9.8,83.7,1
round1,9.8,84.1,1
round1,9.8,84.2,1
round1,9.8,84.4,1
round1,9.8,84.7,1
round1,9.8,84.8,1
round1,9.8,84.9,1
round1,9.8,85,2
round1,9.8,85.1,1
round1,9.8,85.7,1
round1,9.8,86,1
round1,9.8,86.3,1
round1,9.8,86.8,1
round1,9.8,87,2
round1,9.8,87.1,1
round1,9.8,87.3,2
round1,9.8,87.5,3
round1,9.8,87.6,1
round1,9.8,87.9,1
round1,9.8,88.1,2
round1,9.8,88.4,1
round1,9.8,89.2,1
round1,9.8,89.3,1
round1,9.8,89.6,1
round1,9.8,89.8,1
round1,9.8,89.9,3
round1,9.8,90.1,1
round1,9.8,90.2,1
round1,9.8,90.4,1
round1,9.8,90.9,2
round1,9.8,91,1
round1,9.8,91.2,1
round1,9.8,91.3,2
round1,9.8,91.8,1
round1,9.8,91.9,1
round1,9.8,92.1,1
round1,9.8,92.2,1
round1,9.8,92.6,1
round1,9.8,93.2,1
round1,9.8,93.4,1
round1,9.8,94,1
round1,9.8,94.2,2
round1,9.8,94.6,1
round1,9.8,95.2,2
round1,9.8,96.2,1
round1,9.8,96.3,2
round1,9.8,96.7,1
round1,9.8,97.3,1
round1,9.8,99.6,1
round1,16.4,0.3,2
round1,16.4,0.5,2
round1,16.4,0.6,4
round1,16.4,0.7,2
round1,16.4,0.8,1
round1,16.4,0.9,2
round1,16.4,1,1
round1,16.4,1.1,1
round1,16.4,1.3,4
round1,16.4,1.4,2
round1,16.4,1.5,2
round1,16.4,1.6,3
round1,16.4,1.7,1
round1,16.4,1.8,3
round1,16.4,1.9,1
round1,16.4,2,1
round1,16.4,2.1,1
round1,16.4,2.2,3
round1,16.4,2.3,1
round1,16.4,2.4,4
round1,16.4,2.5,2
round1,16.4,2.6,5
round1,16.4,2.7,2
round1,16.4,2.8,2
round1,16.4,2.9,2
round1,16.4,3,4
round1,16.4,3.1,4
round1,16.4,3.2,3
round1,16.4,3.3,1
round1,16.4,3.4,4
round1,16.4,3.5,1
round1,16.4,3.6,1
round1,16.4,3.7,2
round1,16.4,3.8,3
round1,16.4,3.9,3
round1,16.4,4,3
round1,16.4,4.1,5
round1,16.4,4.2,1
round1,16.4,4.3,1
round1,16.4,4.4,1
round1,16.4,4.5,2
round1,16.4,4.6,3
round1,16.4,4.7,2
round1,16.4,4.8,4
round1,16.4,4.9,5
round1,16.4,5.1,4
round1,16.4,5.2,2
round1,16.4,5.3,2
round1,16.4,5.4,3
round1,16.4,5.5,3
round1,16.4,5.7,6
round1,16.4,5.8,4
round1,16.4,5.9,5
round1,16.4,6,1
round1,16.4,6.1,3
round1,16.4,6.2,2
round1,16.4,6.3,2
round1,16.4,6.4,2
round1,16.4,6.5,2
round1,16.4,6.6,2
round1,16.4,6.8,1
round1,16.4,6.9,2
round1,16.4,7,2
round1,16.4,7.1,2
round1,16.4,7.2,2
round1,16.4,7.3,2
round1,16.4,7.4,3
round1,16.4,7.5,4
round1,16.4,7.6,2
round1,16.4,7.7,2
round1,16.4,7.8,1
round1,16.4,7.9,1
round1,16.4,8.2,2
round1,16.4,8.3,4
round1,16.4,8.4,2
round1,16.4,8.5,3
round1,16.4,8.6,3
round1,16.4,8.8,1
round1,16.4,8.9,1
round1,16.4,9,4
round1,16.4,9.1,3
round1,16.4,9.2,1
round1,16.4,9.3,2
round1,16.4,9.4,3
round1,16.4,9.6,3
round1,16.4,9.7,2
round1,16.4,9.8,3
round1,16.4,9.9,3
round1,16.4,10,3
round1,16.4,10.1,4
round1,16.4,10.2,3
round1,16.4,10.3,2
round1,16.4,10.4,3
round1,16.4,10.6,4
round1,16.4,10.8,4
round1,16.4,10.9,4
round1,16.4,11,3
round1,16.4,11.1,1
round1,16.4,11.2,2
round1,16.4,11.3,1
round1,16.4,11.4,1
round1,16.4,11.5,5
round1,16.4,11.6,1
round1,16.4,11.7,2
round1,16.4,11.8,1
round1,16.4,11.9,3
round1,16.4,12,5
round1,16.4,12.1,2
round1,16.4,12.2,6
round1,16.4,12.3,3
round1,16.4,12.4,1
round1,16.4,12.5,5
round1,16.4,12.6,2
round1,16.4,12.7,3
round1,16.4,12.8,2
round1,16.4,12.9,2
round1,16.4,13,1
round1,16.4,13.1,3
round1,16.4,13.2,3
round1,16.4,13.3,2
round1,16.4,13.4,1
round1,16.4,13.5,2
round1,16.4,13.6,1
round1,16.4,13.7,1
round1,16.4,13.8,3
round1,16.4,13.9,4
round1,16.4,14,2
round1,16.4,14.2,1
round1,16.4,14.3,1
round1,16.4,14.4,1
round1,16.4,14.5,3
round1,16.4,14.6,4
round1,16.4,14.7,5
round1,16.4,14.8,4
round1,16.4,14.9,3
round1,16.4,15,4
round1,16.4,15.1,2
round1,16.4,15.2,2
round1,16.4,15.3,1
round1,16.4,15.5,1
round1,16.4,15.6,3
round1,16.4,15.7,1
round1,16.4,15.9,2
round1,16.4,16,1
round1,16.4,16.2,3
round1,16.4,16.3,2
round1,16.4,16.4,4
round1,16.4,16.5,1
round1,16.4,16.6,3
round1,16.4,16.7,5
round1,16.4,16.8,1
round1,16.4,16.9,2
round1,16.4,17,1
round1,16.4,17.1,4
round1,16.4,17.2,2
round1,16.4,17.3,1
round1,16.4,17.4,3
round1,16.4,17.5,1
round1,16.4,17.6,5
round1,16.4,17.7,4
round1,16.4,17.9,2
round1,16.4,18,2
round1,16.4,18.1,4
round1,16.4,18.2,4
round1,16.4,18.3,4
round1,16.4,18.4,1
round1,16.4,18.5,4
round1,16.4,18.6,1
round1,16.4,18.7,3
round1,16.4,18.9,1
round1,16.4,19,1
round1,16.4,19.1,3
round1,16.4,19.2,3
round1,16.4,19.3,2
round1,16.4,19.4,1
round1,16.4,19.5,3
round1,16.4,19.6,4
round1,16.4,19.7,2
round1,16.4,19.8,3
round1,16.4,19.9,4
round1,16.4,20,3
round1,16.4,20.1,2
round1,16.4,20.2,1
round1,16.4,20.3,5
round1,16.4,20.4,1
round1,16.4,20.5,2
round1,16.4,20.6,7
round1,16.4,20.7,1
round1,16.4,20.8,2
round1,16.4,20.9,4
round1,16.4,21.1,3
round1,16.4,21.2,4
round1,16.4,21.4,6
round1,16.4,21.5,3
round1,16.4,21.6,2
round1,16.4,21.8,4
round1,16.4,21.9,4
round1,16.4,22,3
round1,16.4,22.1,3
round1,16.4,22.3,2
round1,16.4,22.5,5
round1,16.4,22.6,3
round1,16.4,22.7,1
round1,16.4,22.8,2
round1,16.4,22.9,3
round1,16.4,23,1
round1,16.4,23.1,1
round1,16.4,23.2,2
round1,16.4,23.3,3
round1,16.4,23.4,3
round1,16.4,23.5,1
round1,16.4,23.6,3
round1,16.4,23.7,2
round1,16.4,23.8,2
round1,16.4,23.9,6
round1,16.4,24,4
round1,16.4,24.1,3
round1,16.4,24.2,2
round1,16.4,24.3,2
round1,16.4,24.4,2
round1,16.4,24.6,2
round1,16.4,24.7,2
round1,16.4,24.8,5
round1,16.4,24.9,3
round1,16.4,25,1
round1,16.4,25.1,1
round1,16.4,25.2,2
round1,16.4,25.3,3
round1,16.4,25.4,3
round1,16.4,25.5,3
round1,16.4,25.6,5
round1,16.4,25.7,4
round1,16.4,25.8,3
round1,16.4,25.9,2
round1,16.4,26,1
round1,16.4,26.1,2
round1,16.4,26.2,2
round1,16.4,26.3,3
round1,16.4,26.4,2
round1,16.4,26.6,3
round1,16.4,26.7,5
round1,16.4,26.8,3
round1,16.4,26.9,1
round1,16.4,27,5
round1,16.4,27.1,3
round1,16.4,27.2,6
round1,16.4,27.3,4
round1,16.4,27.4,1
round1,16.4,27.5,3
round1,16.4,27.6,6
round1,16.4,27.7,4
round1,16.4,27.8,4
round1,16.4,28,1
round1,16.4,28.1,1
round1,16.4,28.2,1
round1,16.4,28.3,3
round1,16.4,28.4,3
round1,16.4,28.5,1
round1,16.4,28.6,2
round1,16.4,28.7,2
round1,16.4,28.8,4
round1,16.4,28.9,1
round1,16.4,29,4
round1,16.4,29.1,2
round1,16.4,29.2,2
round1,16.4,29.3,1
round1,16.4,29.4,3
round1,16.4,29.5,1
round1,16.4,29.6,2
round1,16.4,29.7,4
round1,16.4,29.8,2
round1,16.4,30,2
round1,16.4,30.1,1
round1,16.4,30.2,2
round1,16.4,30.3,2
round1,16.4,30.4,4
round1,16.4,30.5,2
round1,16.4,30.6,5
round1,16.4,30.7,4
round1,16.4,30.8,2
round1,16.4,30.9,2
round1,16.4,31,1
round1,16.4,31.1,4
round1,16.4,31.2,2
round1,16.4,31.3,2
round1,16.4,31.4,3
round1,16.4,31.5,2
round1,16.4,31.6,4
round1,16.4,31.7,3
round1,16.4,31.8,1
round1,16.4,31.9,3
round1,16.4,32,2
round1,16.4,32.1,3
round1,16.4,32.2,3
round1,16.4,32.3,2
round1,16.4,32.4,2
round1,16.4,32.6,1
round1,16.4,32.7,3
round1,16.4,32.8,2
round1,16.4,32.9,3
round1,16.4,33,2
round1,16.4,33.1,3
round1,16.4,33.2,4
round1,16.4,33.3,2
round1,16.4,33.4,2
round1,16.4,33.5,1
round1,16.4,33.7,1
round1,16.4,33.8,2
round1,16.4,33.9,2
round1,16.4,34,2
round1,16.4,34.1,1
round1,16.4,34.2,1
round1,16.4,34.3,3
round1,16.4,34.4,2
round1,16.4,34.5,1
round1,16.4,34.6,2
round1,16.4,34.7,2
round1,16.4,34.8,5
round1,16.4,34.9,4
round1,16.4,35,3
round1,16.4,35.1,4
round1,16.4,35.2,1
round1,16.4,35.3,3
round1,16.4,35.4,4
round1,16.4,35.7,3
round1,16.4,35.8,2
round1,16.4,35.9,2
round1,16.4,36,1
round1,16.4,36.1,1
round1,16.4,36.2,4
round1,16.4,36.3,1
round1,16.4,36.4,3
round1,16.4,36.5,3
round1,16.4,36.6,1
round1,16.4,36.7,1
round1,16.4,36.9,3
round1,16.4,37,1
round1,16.4,37.1,2
round1,16.4,37.2,3
round1,16.4,37.4,2
round1,16.4,37.5,3
round1,16.4,37.6,5
round1,16.4,37.7,2
round1,16.4,37.8,2
round1,16.4,37.9,2
round1,16.4,38,1
round1,16.4,38.1,1
round1,16.4,38.2,2
round1,16.4,38.3,2
round1,16.4,38.4,2
round1,16.4,38.5,1
round1,16.4,38.6,3
round1,16.4,38.7,3
round1,16.4,38.8,1
round1,16.4,38.9,2
round1,16.4,39,1
round1,16.4,39.1,1
round1,16.4,39.2,2
round1,16.4,39.3,4
round1,16.4,39.4,2
round1,16.4,39.5,2
round1,16.4,39.6,3
round1,16.4,39.7,2
round1,16.4,39.8,2
round1,16.4,39.9,1
round1,16.4,40,1
round1,16.4,40.1,3
round1,16.4,40.2,1
round1,16.4,40.3,3
round1,16.4,40.4,1
round1,16.4,40.5,1
round1,16.4,40.6,3
round1,16.4,40.7,2
round1,16.4,40.8,5
round1,16.4,40.9,5
round1,16.4,41.1,2
round1,16.4,41.2,1
round1,16.4,41.3,3
round1,16.4,41.4,2
round1,16.4,41.5,1
round1,16.4,41.6,4
round1,16.4,41.7,4
round1,16.4,41.8,2
round1,16.4,41.9,2
round1,16.4,42,1
round1,16.4,42.1,2
round1,16.4,42.2,4
round1,16.4,42.3,5
round1,16.4,42.4,3
round1,16.4,42.5,2
round1,16.4,42.6,2
round1,16.4,42.7,2
round1,16.4,42.9,5
round1,16.4,43,3
round1,16.4,43.1,1
round1,16.4,43.2,4
round1,16.4,43.3,2
round1,16.4,43.4,2
round1,16.4,43.5,4
round1,16.4,43.6,2
round1,16.4,43.7,1
round1,16.4,43.8,3
round1,16.4,43.9,2
round1,16.4,44,1
round1,16.4,44.2,1
round1,16.4,44.3,1
round1,16.4,44.4,3
round1,16.4,44.5,3
round1,16.4,44.6,1
round1,16.4,44.7,2
round1,16.4,44.8,3
round1,16.4,44.9,3
round1,16.4,45,3
round1,16.4,45.1,4
round1,16.4,45.2,2
round1,16.4,45.4,1
round1,16.4,45.6,1
round1,16.4,45.7,2
round1,16.4,45.8,1
round1,16.4,45.9,3
round1,16.4,46,4
round1,16.4,46.2,3
round1,16.4,46.3,2
round1,16.4,46.4,3
round1,16.4,46.5,2
round1,16.4,46.6,2
round1,16.4,46.7,2
round1,16.4,46.8,2
round1,16.4,46.9,1
round1,16.4,47,2
round1,16.4,47.1,2
round1,16.4,47.3,1
round1,16.4,47.4,5
round1,16.4,47.5,4
round1,16.4,47.6,2
round1,16.4,47.7,2
round1,16.4,47.8,3
round1,16.4,47.9,1
round1,16.4,48,2
round1,16.4,48.1,4
round1,16.4,48.2,4
round1,16.4,48.3,1
round1,16.4,48.4,1
round1,16.4,48.5,3
round1,16.4,48.6,4
round1,16.4,48.7,3
round1,16.4,48.8,3
round1,16.4,49,3
round1,16.4,49.1,2
round1,16.4,49.2,3
round1,16.4,49.3,3
round1,16.4,49.4,3
round1,16.4,49.5,4
round1,16.4,49.6,5
round1,16.4,49.7,1
round1,16.4,49.8,1
round1,16.4,49.9,2
round1,16.4,50,2
round1,16.4,50.1,6
round1,16.4,50.2,3
round1,16.4,50.4,2
round1,16.4,50.5,2
round1,16.4,50.6,5
round1,16.4,50.7,1
round1,16.4,50.8,2
round1,16.4,50.9,1
round1,16.4,51,4
round1,16.4,51.1,4
round1,16.4,51.2,2
round1,16.4,51.3,2
round1,16.4,51.4,2
round1,16.4,51.5,2
round1,16.4,51.6,2
round1,16.4,51.7,2
round1,16.4,51.8,3
round1,16.4,51.9,3
round1,16.4,52,2
round1,16.4,52.1,2
round1,16.4,52.2,2
round1,16.4,52.3,2
round1,16.4,52.4,2
round1,16.4,52.5,3
round1,16.4,52.6,1
round1,16.4,52.7,3
round1,16.4,52.8,1
round1,16.4,52.9,3
round1,16.4,53,1
round1,16.4,53.1,3
round1,16.4,53.4,3
round1,16.4,53.6,3
round1,16.4,53.7,1
round1,16.4,53.8,1
round1,16.4,53.9,2
round1,16.4,54,4
round1,16.4,54.1,2
round1,16.4,54.2,1
round1,16.4,54.3,4
round1,16.4,54.4,3
round1,16.4,54.5,3
round1,16.4,54.6,3
round1,16.4,54.7,1
round1,16.4,54.8,2
round1,16.4,54.9,2
round1,16.4,55,2
round1,16.4,55.1,1
round1,16.4,55.2,1
round1,16.4,55.3,3
round1,16.4,55.4,1
round1,16.4,55.5,4
round1,16.4,55.6,3
round1,16.4,55.7,5
round1,16.4,55.8,1
round1,16.4,55.9,1
round1,16.4,56,5
round1,16.4,56.1,3
round1,16.4,56.2,3
round1,16.4,56.3,2
round1,16.4,56.4,3
round1,16.4,56.5,2
round1,16.4,56.6,2
round1,16.4,56.7,4
round1,16.4,56.8,2
round1,16.4,56.9,1
round1,16.4,57.1,2
round1,16.4,57.2,2
round1,16.4,57.3,3
round1,16.4,57.5,3
round1,16.4,57.6,2
round1,16.4,57.7,2
round1,16.4,57.8,3
round1,16.4,57.9,2
round1,16.4,58,4
round1,16.4,58.1,1
round1,16.4,58.2,2
round1,16.4,58.3,3
round1,16.4,58.4,2
round1,16.4,58.5,1
round1,16.4,58.6,4
round1,16.4,58.7,4
round1,16.4,58.8,2
round1,16.4,58.9,2
round1,16.4,59,4
round1,16.4,59.1,4
round1,16.4,59.2,5
round1,16.4,59.3,2
round1,16.4,59.4,2
round1,16.4,59.5,3
round1,16.4,59.7,2
round1,16.4,59.8,4
round1,16.4,59.9,1
round1,16.4,60,2
round1,16.4,60.1,4
round1,16.4,60.2,1
round1,16.4,60.3,3
round1,16.4,60.4,3
round1,16.4,60.5,3
round1,16.4,60.6,1
round1,16.4,60.7,2
round1,16.4,60.8,3
round1,16.4,60.9,2
round1,16.4,61.1,3
round1,16.4,61.2,1
round1,16.4,61.3,1
round1,16.4,61.4,1
round1,16.4,61.5,2
round1,16.4,61.6,2
round1,16.4,61.9,2
round1,16.4,62,1
round1,16.4,62.2,5
round1,16.4,62.3,1
round1,16.4,62.4,2
round1,16.4,62.5,1
round1,16.4,62.6,2
round1,16.4,62.7,2
round1,16.4,62.9,2
round1,16.4,63,2
round1,16.4,63.1,1
round1,16.4,63.3,1
round1,16.4,63.4,3
round1,16.4,63.6,1
round1,16.4,63.7,1
round1,16.4,63.8,3
round1,16.4,63.9,1
round1,16.4,64,2
round1,16.4,64.1,2
round1,16.4,64.2,3
round1,16.4,64.3,1
round1,16.4,64.4,4
round1,16.4,64.5,2
round1,16.4,64.6,1
round1,16.4,64.7,2
round1,16.4,64.8,2
round1,16.4,64.9,3
round1,16.4,65,4
round1,16.4,65.1,3
round1,16.4,65.2,2
round1,16.4,65.3,3
round1,16.4,65.4,2
round1,16.4,65.5,4
round1,16.4,65.6,1
round1,16.4,65.7,5
round1,16.4,65.8,1
round1,16.4,65.9,3
round1,16.4,66,2
round1,16.4,66.1,2
round1,16.4,66.2,1
round1,16.4,66.3,5
round1,16.4,66.5,3
round1,16.4,66.7,4
round1,16.4,66.9,2
round1,16.4,67,1
round1,16.4,67.1,5
round1,16.4,67.2,2
round1,16.4,67.3,2
round1,16.4,67.4,4
round1,16.4,67.5,2
round1,16.4,67.6,3
round1,16.4,67.7,2
round1,16.4,67.8,3
round1,16.4,67.9,1
round1,16.4,68,3
round1,16.4,68.1,1
round1,16.4,68.2,1
round1,16.4,68.3,1
round1,16.4,68.4,1
round1,16.4,68.5,2
round1,16.4,68.6,8
round1,16.4,68.7,1
round1,16.4,68.8,2
round1,16.4,68.9,4
round1,16.4,69.1,8
round1,16.4,69.2,1
round1,16.4,69.3,5
round1,16.4,69.4,1
round1,16.4,69.5,1
round1,16.4,69.6,5
round1,16.4,69.7,4
round1,16.4,69.8,4
round1,16.4,69.9,1
round1,16.4,70,4
round1,16.4,70.1,3
round1,16.4,70.2,1
round1,16.4,70.3,3
round1,16.4,70.4,3
round1,16.4,70.5,1
round1,16.4,70.6,1
round1,16.4,70.7,2
round1,16.4,70.8,1
round1,16.4,70.9,1
round1,16.4,71,5
round1,16.4,71.1,3
round1,16.4,71.2,2
round1,16.4,71.3,3
round1,16.4,71.4,3
round1,16.4,71.6,4
round1,16.4,71.7,4
round1,16.4,71.8,3
round1,16.4,71.9,2
round1,16.4,72,2
round1,16.4,72.2,3
round1,16.4,72.4,2
round1,16.4,72.5,2
round1,16.4,72.6,4
round1,16.4,72.7,2
round1,16.4,72.8,1
round1,16.4,72.9,2
round1,16.4,73,1
round1,16.4,73.2,4
round1,16.4,73.4,5
round1,16.4,73.5,1
round1,16.4,73.6,1
round1,16.4,73.7,3
round1,16.4,73.8,4
round1,16.4,73.9,2
round1,16.4,74,2
round1,16.4,74.1,3
round1,16.4,74.2,1
round1,16.4,74.3,2
round1,16.4,74.5,4
round1,16.4,74.6,1
round1,16.4,74.7,3
round1,16.4,74.8,3
round1,16.4,74.9,2
round1,16.4,75,4
round1,16.4,75.1,3
round1,16.4,75.2,3
round1,16.4,75.3,3
round1,16.4,75.4,3
round1,16.4,75.5,6
round1,16.4,75.6,2
round1,16.4,75.7,1
round1,16.4,75.9,3
round1,16.4,76,2
round1,16.4,76.1,3
round1,16.4,76.2,1
round1,16.4,76.3,3
round1,16.4,76.4,4
round1,16.4,76.5,2
round1,16.4,76.6,3
round1,16.4,76.7,1
round1,16.4,76.8,3
round1,16.4,77,4
round1,16.4,77.1,1
round1,16.4,77.2,3
round1,16.4,77.3,3
round1,16.4,77.4,2
round1,16.4,77.5,2
round1,16.4,77.6,4
round1,16.4,77.7,4
round1,16.4,77.8,3
round1,16.4,77.9,5
round1,16.4,78,2
round1,16.4,78.1,2
round1,16.4,78.2,1
round1,16.4,78.3,2
round1,16.4,78.5,2
round1,16.4,78.6,3
round1,16.4,78.8,3
round1,16.4,78.9,2
round1,16.4,79,2
round1,16.4,79.1,5
round1,16.4,79.2,1
round1,16.4,79.3,3
round1,16.4,79.4,3
round1,16.4,79.5,3
round1,16.4,79.6,1
round1,16.4,79.7,3
round1,16.4,80,2
round1,16.4,80.1,1
round1,16.4,80.2,2
round1,16.4,80.3,2
round1,16.4,80.5,2
round1,16.4,80.6,4
round1,16.4,80.7,5
round1,16.4,80.8,1
round1,16.4,80.9,4
round1,16.4,81,2
round1,16.4,81.1,3
round1,16.4,81.2,3
round1,16.4,81.3,2
round1,16.4,81.4,4
round1,16.4,81.5,3
round1,16.4,81.6,4
round1,16.4,81.7,2
round1,16.4,81.8,2
round1,16.4,81.9,1
round1,16.4,82,3
round1,16.4,82.1,4
round1,16.4,82.2,2
round1,16.4,82.3,1
round1,16.4,82.4,1
round1,16.4,82.5,2
round1,16.4,82.6,2
round1,16.4,82.7,2
round1,16.4,82.8,1
round1,16.4,82.9,1
round1,16.4,83,2
round1,16.4,83.1,1
round1,16.4,83.2,1
round1,16.4,83.3,1
round1,16.4,83.4,2
round1,16.4,83.5,3
round1,16.4,83.6,1
round1,16.4,83.8,3
round1,16.4,83.9,2
round1,16.4,84,1
round1,16.4,84.1,2
round1,16.4,84.2,1
round1,16.4,84.3,2
round1,16.4,84.4,2
round1,16.4,84.5,3
round1,16.4,84.7,1
round1,16.4,84.8,2
round1,16.4,84.9,1
round1,16.4,85,2
round1,16.4,85.1,1
round1,16.4,85.2,2
round1,16.4,85.3,1
round1,16.4,85.4,1
round1,16.4,85.6,1
round1,16.4,85.7,1
round1,16.4,85.9,2
round1,16.4,86,4
round1,16.4,86.1,3
round1,16.4,86.2,3
round1,16.4,86.3,2
round1,16.4,86.5,2
round1,16.4,86.6,3
round1,16.4,86.7,2
round1,16.4,86.8,3
round1,16.4,86.9,3
round1,16.4,87,1
round1,16.4,87.1,4
round1,16.4,87.2,1
round1,16.4,87.3,3
round1,16.4,87.4,1
round1,16.4,87.5,2
round1,16.4,87.7,2
round1,16.4,87.8,2
round1,16.4,88,1
round1,16.4,88.1,1
round1,16.4,88.2,1
round1,16.4,88.3,3
round1,16.4,88.4,3
round1,16.4,88.5,2
round1,16.4,88.7,2
round1,16.4,88.8,2
round1,16.4,88.9,2
round1,16.4,89.1,2
round1,16.4,89.2,2
round1,16.4,89.3,4
round1,16.4,89.4,1
round1,16.4,89.5,1
round1,16.4,89.6,2
round1,16.4,89.7,1
round1,16.4,89.9,1
round1,16.4,90,2
round1,16.4,90.2,2
round1,16.4,90.3,2
round1,16.4,90.4,3
round1,16.4,90.5,1
round1,16.4,90.7,3
round1,16.4,90.8,1
round1,16.4,90.9,1
round1,16.4,91,2
round1,16.4,91.1,3
round1,16.4,91.2,1
round1,16.4,91.3,4
round1,16.4,91.4,3
round1,16.4,91.5,2
round1,16.4,91.6,2
round1,16.4,91.7,3
round1,16.4,91.8,2
round1,16.4,91.9,3
round1,16.4,92,2
round1,16.4,92.2,1
round1,16.4,92.6,3
round1,16.4,92.8,1
round1,16.4,92.9,2
round1,16.4,93,4
round1,16.4,93.1,2
round1,16.4,93.2,1
round1,16.4,93.4,2
round1,16.4,93.5,2
round1,16.4,93.6,2
round1,16.4,93.8,1
round1,16.4,93.9,2
round1,16.4,94,1
round1,16.4,94.1,2
round1,16.4,94.3,3
round1,16.4,94.4,2
round1,16.4,94.6,1
round1,16.4,94.7,2
round1,16.4,94.8,3
round1,16.4,95.1,1
round1,16.4,95.2,2
round1,16.4,95.3,3
round1,16.4,95.4,1
round1,16.4,95.7,1
round1,16.4,95.8,1
round1,16.4,96.1,1
round1,16.4,96.2,2
round1,16.4,96.3,1
round1,16.4,96.5,2
round1,16.4,96.6,1
round1,16.4,96.7,2
round1,16.4,96.8,1
round1,16.4,96.9,1
round1,16.4,97,1
round1,16.4,97.1,2
round1,16.4,97.2,2
round1,16.4,97.6,3
round1,16.4,97.8,1
round1,16.4,98,4
round1,16.4,98.2,1
round1,16.4,98.3,2
round1,16.4,98.5,1
round1,16.4,98.6,1
round1,16.4,98.7,2
round1,16.4,98.8,1
round1,16.4,99,2
round1,16.4,99.1,2
round1,16.4,99.2,1
round1,16.4,99.4,1
round1,16.4,99.6,2
round1,16.4,100,1
round1,22,0.1,2
round1,22,0.3,1
round1,22,0.6,1
round1,22,0.7,2
round1,22,0.8,1
round1,22,1.4,2
round1,22,1.5,1
round1,22,1.8,1
round1,22,1.9,1
round1,22,2,1
round1,22,2.2,1
round1,22,2.3,1
round1,22,2.5,2
round1,22,2.7,2
round1,22,2.8,1
round1,22,3.2,1
round1,22,3.5,1
round1,22,3.6,1
round1,22,3.7,1
round1,22,3.9,1
round1,22,4.1,1
round1,22,4.3,1
round1,22,4.6,1
round1,22,4.8,1
round1,22,4.9,1
round1,22,5.4,2
round1,22,5.5,1
round1,22,5.7,1
round1,22,6,1
round1,22,6.4,2
round1,22,6.7,1
round1,22,7.5,2
round1,22,7.8,1
round1,22,8,2
round1,22,8.1,1
round1,22,8.3,1
round1,22,8.4,2
round1,22,8.9,1
round1,22,9,1
round1,22,9.1,1
round1,22,9.2,1
round1,22,9.3,1
round1,22,9.4,1
round1,22,9.5,1
round1,22,9.8,1
round1,22,9.9,1
round1,22,10.3,1
round1,22,10.5,2
round1,22,10.7,2
round1,22,10.8,1
round1,22,11,1
round1,22,11.3,1
round1,22,11.7,1
round1,22,11.8,2
round1,22,12.1,2
round1,22,12.3,1
round1,22,12.4,1
round1,22,12.6,1
round1,22,12.9,1
round1,22,13,2
round1,22,13.1,1
round1,22,13.3,1
round1,22,13.4,1
round1,22,13.6,1
round1,22,13.7,1
round1,22,13.9,2
round1,22,14.1,1
round1,22,14.3,1
round1,22,14.4,1
round1,22,14.6,1
round1,22,14.7,1
round1,22,14.9,1
round1,22,15.1,1
round1,22,15.5,1
round1,22,15.7,3
round1,22,15.9,1
round1,22,16,1
round1,22,16.1,1
round1,22,17,1
round1,22,17.1,1
round1,22,17.8,1
round1,22,18.1,1
round1,22,18.6,1
round1,22,18.9,1
round1,22,19.2,1
round1,22,19.5,1
round1,22,19.7,1
round1,22,19.8,2
round1,22,20.1,2
round1,22,20.2,1
round1,22,21,2
round1,22,21.2,1
round1,22,21.3,2
round1,22,21.5,1
round1,22,21.6,1
round1,22,21.7,1
round1,22,22,1
round1,22,22.2,2
round1,22,22.4,1
round1,22,22.5,1
round1,22,22.7,1
round1,22,23,1
round1,22,23.2,1
round1,22,23.3,1
round1,22,23.6,3
round1,22,23.7,1
round1,22,23.8,2
round1,22,24.3,2
round1,22,24.4,2
round1,22,24.8,1
round1,22,25.3,1
round1,22,25.6,1
round1,22,26,1
round1,22,26.1,1
round1,22,26.3,1
round1,22,27,1
round1,22,27.6,1
round1,22,27.9,1
round1,22,28,2
round1,22,28.2,1
round1,22,28.4,1
round1,22,28.5,1
round1,22,28.8,1
round1,22,29.4,1
round1,22,29.5,2
round1,22,30.2,1
round1,22,30.4,1
round1,22,30.6,1
round1,22,31.1,1
round1,22,31.2,1
round1,22,31.5,1
round1,22,31.6,1
round1,22,31.9,1
round1,22,32,2
round1,22,33.3,2
round1,22,34,1
round1,22,34.1,1
round1,22,34.3,2
round1,22,34.5,3
round1,22,34.6,1
round1,22,35.1,2
round1,22,35.3,1
round1,22,36.3,1
round1,22,36.4,1
round1,22,36.5,1
round1,22,36.6,1
round1,22,36.7,1
round1,22,37.5,2
round1,22,37.7,1
round1,22,37.9,1
round1,22,38,1
round1,22,38.3,2
round1,22,38.4,1
round1,22,38.5,1
round1,22,38.6,1
round1,22,38.7,2
round1,22,39.1,1
round1,22,39.4,1
round1,22,39.5,1
round1,22,39.6,2
round1,22,40,1
round1,22,40.1,1
round1,22,40.5,1
round1,22,40.6,1
round1,22,40.7,1
round1,22,41,2
round1,22,41.1,1
round1,22,41.2,1
round1,22,41.4,1
round1,22,41.5,1
round1,22,41.6,1
round1,22,41.7,1
round1,22,41.8,1
round1,22,42.3,1
round1,22,42.7,1
round1,22,42.8,1
round1,22,43.3,1
round1,22,43.4,1
round1,22,43.6,2
round1,22,43.7,1
round1,22,44,2
round1,22,44.2,1
round1,22,44.3,2
round1,22,44.4,1
round1,22,45,1
round1,22,45.1,1
round1,22,45.4,1
round1,22,45.8,1
round1,22,45.9,3
round1,22,46.2,2
round1,22,46.3,1
round1,22,46.6,1
round1,22,46.7,1
round1,22,46.8,2
round1,22,47.3,1
round1,22,47.4,1
round1,22,48,1
round1,22,48.2,1
round1,22,48.5,1
round1,22,48.8,2
round1,22,49,1
round1,22,49.1,2
round1,22,49.6,1
round1,22,49.9,1
round1,22,50.3,1
round1,22,50.4,2
round1,22,50.6,1
round1,22,50.9,1
round1,22,51,2
round1,22,51.2,1
round1,22,51.5,1
round1,22,51.7,1
round1,22,52.3,1
round1,22,52.4,1
round1,22,52.5,1
round1,22,52.6,1
round1,22,53.1,1
round1,22,54.6,1
round1,22,55.2,1
round1,22,55.6,2
round1,22,55.7,1
round1,22,56,1
round1,22,56.1,1
round1,22,56.2,1
round1,22,56.5,1
round1,22,56.6,1
round1,22,56.7,1
round1,22,57.2,1
round1,22,57.5,1
round1,22,57.9,2
round1,22,58,1
round1,22,58.1,1
round1,22,58.2,1
round1,22,59.4,1
round1,22,60,1
round1,22,60.3,1
round1,22,60.8,1
round1,22,62.8,2
round1,22,63.3,1
round1,22,64.1,1
round1,22,64.2,1
round1,22,64.3,1
round1,22,64.5,1
round1,22,64.6,1
round1,22,64.9,1
round1,22,65.2,1
round1,22,65.5,2
round1,22,65.6,1
round1,22,65.7,1
round1,22,65.8,2
round1,22,65.9,1
round1,22,66.1,1
round1,22,66.2,1
round1,22,66.4,1
round1,22,66.8,1
round1,22,67,1
round1,22,67.2,1
round1,22,67.3,2
round1,22,67.4,1
round1,22,67.9,1
round1,22,68.6,1
round1,22,68.7,1
round1,22,68.9,1
round1,22,69,1
round1,22,69.4,1
round1,22,70,1
round1,22,70.2,1
round1,22,70.4,2
round1,22,70.9,2
round1,22,71,1
round1,22,71.5,1
round1,22,71.6,1
round1,22,71.7,1
round1,22,71.9,2
round1,22,72.1,1
round1,22,72.3,1
round1,22,72.4,1
round1,22,72.5,1
round1,22,72.7,1
round1,22,73.1,1
round1,22,73.5,1
round1,22,73.8,1
round1,22,73.9,1
round1,22,74.2,1
round1,22,75.5,1
round1,22,76.1,1
round1,22,76.2,2
round1,22,76.5,2
round1,22,76.7,1
round1,22,77.1,1
round1,22,77.2,1
round1,22,77.3,1
round1,22,78.2,1
round1,22,78.3,1
round1,22,78.5,2
round1,22,79.4,1
round1,22,80.1,1
round1,22,80.6,1
round1,22,80.9,1
round1,22,81.3,1
round1,22,81.7,1
round1,22,82,1
round1,22,82.5,1
round1,22,83.3,1
round1,22,83.5,2
round1,22,83.7,2
round1,22,83.8,1
round1,22,84.2,2
round1,22,84.8,1
round1,22,85.1,1
round1,22,85.3,1
round1,22,85.5,1
round1,22,85.6,1
round1,22,85.9,1
round1,22,86.2,2
round1,22,86.7,1
round1,22,86.8,1
round1,22,87,1
round1,22,87.1,1
round1,22,87.4,1
round1,22,87.5,1
round1,22,88.2,2
round1,22,88.9,1
round1,22,89,1
round1,22,89.2,1
round1,22,89.7,1
round1,22,91,1
round1,22,91.3,1
round1,22,92.3,1
round1,22,93.5,1
round1,22,93.6,1
round1,22,94.1,1
round1,22,95.7,1
round1,22,95.9,1
round1,22,96.2,1
round1,22,96.6,1
round1,22,96.9,1
round1,22,97.1,1
round1,22,97.5,1
round1,22,98.3,1
round1,22,98.7,1
round1,22,98.8,1
round1,36.8,0,6
round1,36.8,0.1,8
round1,36.8,0.2,12
round1,36.8,0.3,8
round1,36.8,0.4,6
round1,36.8,0.5,6
round1,36.8,0.6,4
round1,36.8,0.7,10
round1,36.8,0.8,11
round1,36.8,0.9,9
round1,36.8,1,7
round1,36.8,1.1,11
round1,36.8,1.2,3
round1,36.8,1.3,8
round1,36.8,1.4,4
round1,36.8,1.5,9
round1,36.8,1.6,6
round1,36.8,1.7,8
round1,36.8,1.8,6
round1,36.8,1.9,4
round1,36.8,2,7
round1,36.8,2.1,11
round1,36.8,2.2,6
round1,36.8,2.3,6
round1,36.8,2.4,4
round1,36.8,2.5,6
round1,36.8,2.6,5
round1,36.8,2.7,8
round1,36.8,2.8,6
round1,36.8,2.9,9
round1,36.8,3,2
round1,36.8,3.1,9
round1,36.8,3.2,4
round1,36.8,3.3,8
round1,36.8,3.4,11
round1,36.8,3.5,7
round1,36.8,3.6,5
round1,36.8,3.7,4
round1,36.8,3.8,9
round1,36.8,3.9,6
round1,36.8,4,7
round1,36.8,4.1,7
round1,36.8,4.2,9
round1,36.8,4.3,11
round1,36.8,4.4,7
round1,36.8,4.5,9
round1,36.8,4.6,6
round1,36.8,4.7,5
round1,36.8,4.8,5
round1,36.8,4.9,4
round1,36.8,5,6
round1,36.8,5.1,6
round1,36.8,5.2,5
round1,36.8,5.3,7
round1,36.8,5.4,8
round1,36.8,5.5,6
round1,36.8,5.6,8
round1,36.8,5.7,3
round1,36.8,5.8,5
round1,36.8,5.9,8
round1,36.8,6,8
round1,36.8,6.1,9
round1,36.8,6.2,7
round1,36.8,6.3,5
round1,36.8,6.4,5
round1,36.8,6.5,9
round1,36.8,6.6,10
round1,36.8,6.7,3
round1,36.8,6.8,9
round1,36.8,6.9,7
round1,36.8,7,8
round1,36.8,7.1,8
round1,36.8,7.2,3
round1,36.8,7.3,8
round1,36.8,7.4,8
round1,36.8,7.5,6
round1,36.8,7.6,8
round1,36.8,7.7,13
round1,36.8,7.8,4
round1,36.8,7.9,5
round1,36.8,8,6
round1,36.8,8.1,7
round1,36.8,8.2,2
round1,36.8,8.3,5
round1,36.8,8.4,5
round1,36.8,8.5,4
round1,36.8,8.6,6
round1,36.8,8.7,5
round1,36.8,8.8,9
round1,36.8,8.9,9
round1,36.8,9,5
round1,36.8,9.1,4
round1,36.8,9.2,10
round1,36.8,9.3,4
round1,36.8,9.4,6
round1,36.8,9.5,6
round1,36.8,9.6,7
round1,36.8,9.7,12
round1,36.8,9.8,9
round1,36.8,9.9,8
round1,36.8,10,5
round1,36.8,10.1,5
round1,36.8,10.2,9
round1,36.8,10.3,2
round1,36.8,10.4,8
round1,36.8,10.5,9
round1,36.8,10.6,6
round1,36.8,10.7,6
round1,36.8,10.8,7
round1,36.8,10.9,7
round1,36.8,11,5
round1,36.8,11.1,7
round1,36.8,11.2,8
round1,36.8,11.3,3
round1,36.8,11.4,7
round1,36.8,11.5,10
round1,36.8,11.6,7
round1,36.8,11.7,7
round1,36.8,11.8,2
round1,36.8,11.9,5
round1,36.8,12,6
round1,36.8,12.1,8
round1,36.8,12.2,4
round1,36.8,12.3,2
round1,36.8,12.4,11
round1,36.8,12.5,8
round1,36.8,12.6,4
round1,36.8,12.7,6
round1,36.8,12.8,6
round1,36.8,12.9,4
round1,36.8,13,10
round1,36.8,13.1,8
round1,36.8,13.2,7
round1,36.8,13.3,7
round1,36.8,13.4,8
round1,36.8,13.5,6
round1,36.8,13.6,8
round1,36.8,13.7,6
round1,36.8,13.8,4
round1,36.8,13.9,2
round1,36.8,14,8
round1,36.8,14.1,4
round1,36.8,14.2,5
round1,36.8,14.3,8
round1,36.8,14.4,9
round1,36.8,14.5,5
round1,36.8,14.6,11
round1,36.8,14.7,2
round1,36.8,14.8,4
round1,36.8,14.9,5
round1,36.8,15,8
round1,36.8,15.1,9
round1,36.8,15.2,12
round1,36.8,15.3,10
round1,36.8,15.4,6
round1,36.8,15.5,5
round1,36.8,15.6,8
round1,36.8,15.7,9
round1,36.8,15.8,7
round1,36.8,15.9,8
round1,36.8,16,5
round1,36.8,16.1,8
round1,36.8,16.2,4
round1,36.8,16.3,7
round1,36.8,16.4,4
round1,36.8,16.5,6
round1,36.8,16.6,6
round1,36.8,16.7,5
round1,36.8,16.8,5
round1,36.8,16.9,7
round1,36.8,17,11
round1,36.8,17.1,9
round1,36.8,17.2,7
round1,36.8,17.3,3
round1,36.8,17.4,10
round1,36.8,17.5,6
round1,36.8,17.6,6
round1,36.8,17.7,10
round1,36.8,17.8,8
round1,36.8,17.9,14
round1,36.8,18,10
round1,36.8,18.1,5
round1,36.8,18.2,5
round1,36.8,18.3,4
round1,36.8,18.4,5
round1,36.8,18.5,6
round1,36.8,18.6,7
round1,36.8,18.7,5
round1,36.8,18.8,10
round1,36.8,18.9,8
round1,36.8,19,6
round1,36.8,19.1,4
round1,36.8,19.2,5
round1,36.8,19.3,5
round1,36.8,19.4,8
round1,36.8,19.5,9
round1,36.8,19.6,8
round1,36.8,19.7,8
round1,36.8,19.8,5
round1,36.8,19.9,4
round1,36.8,20,9
round1,36.8,20.1,9
round1,36.8,20.2,5
round1,36.8,20.3,6
round1,36.8,20.4,5
round1,36.8,20.5,9
round1,36.8,20.6,5
round1,36.8,20.7,9
round1,36.8,20.8,6
round1,36.8,20.9,4
round1,36.8,21,10
round1,36.8,21.1,5
round1,36.8,21.2,4
round1,36.8,21.3,6
round1,36.8,21.4,3
round1,36.8,21.5,4
round1,36.8,21.6,7
round1,36.8,21.7,8
round1,36.8,21.8,4
round1,36.8,21.9,6
round1,36.8,22,3
round1,36.8,22.1,11
round1,36.8,22.2,7
round1,36.8,22.3,6
round1,36.8,22.4,4
round1,36.8,22.5,6
round1,36.8,22.6,7
round1,36.8,22.7,11
round1,36.8,22.8,3
round1,36.8,22.9,5
round1,36.8,23,6
round1,36.8,23.1,6
round1,36.8,23.2,10
round1,36.8,23.3,3
round1,36.8,23.4,5
round1,36.8,23.5,8
round1,36.8,23.6,5
round1,36.8,23.7,3
round1,36.8,23.8,6
round1,36.8,23.9,7
round1,36.8,24,6
round1,36.8,24.1,7
round1,36.8,24.2,7
round1,36.8,24.3,6
round1,36.8,24.4,6
round1,36.8,24.5,6
round1,36.8,24.6,4
round1,36.8,24.7,4
round1,36.8,24.8,8
round1,36.8,24.9,3
round1,36.8,25,6
round1,36.8,25.1,7
round1,36.8,25.2,5
round1,36.8,25.3,8
round1,36.8,25.4,5
round1,36.8,25.5,1
round1,36.8,25.6,9
round1,36.8,25.7,3
round1,36.8,25.8,7
round1,36.8,25.9,7
round1,36.8,26,4
round1,36.8,26.1,7
round1,36.8,26.2,7
round1,36.8,26.3,5
round1,36.8,26.4,5
round1,36.8,26.5,6
round1,36.8,26.6,1
round1,36.8,26.7,7
round1,36.8,26.8,6
round1,36.8,26.9,9
round1,36.8,27,5
round1,36.8,27.1,9
round1,36.8,27.2,7
round1,36.8,27.3,3
round1,36.8,27.4,8
round1,36.8,27.5,2
round1,36.8,27.6,5
round1,36.8,27.7,8
round1,36.8,27.8,5
round1,36.8,27.9,7
round1,36.8,28,7
round1,36.8,28.1,8
round1,36.8,28.2,4
round1,36.8,28.3,10
round1,36.8,28.4,6
round1,36.8,28.5,10
round1,36.8,28.6,7
round1,36.8,28.7,6
round1,36.8,28.8,6
round1,36.8,28.9,8
round1,36.8,29,9
round1,36.8,29.1,6
round1,36.8,29.2,6
round1,36.8,29.3,8
round1,36.8,29.4,7
round1,36.8,29.5,4
round1,36.8,29.6,8
round1,36.8,29.7,5
round1,36.8,29.8,6
round1,36.8,29.9,12
round1,36.8,30,6
round1,36.8,30.1,7
round1,36.8,30.2,7
round1,36.8,30.3,6
round1,36.8,30.4,5
round1,36.8,30.5,4
round1,36.8,30.6,6
round1,36.8,30.7,9
round1,36.8,30.8,7
round1,36.8,30.9,6
round1,36.8,31,7
round1,36.8,31.1,6
round1,36.8,31.2,4
round1,36.8,31.3,5
round1,36.8,31.4,8
round1,36.8,31.5,5
round1,36.8,31.6,6
round1,36.8,31.7,5
round1,36.8,31.8,6
round1,36.8,31.9,4
round1,36.8,32,5
round1,36.8,32.1,11
round1,36.8,32.2,7
round1,36.8,32.3,4
round1,36.8,32.4,7
round1,36.8,32.5,5
round1,36.8,32.6,11
round1,36.8,32.7,6
round1,36.8,32.8,4
round1,36.8,32.9,8
round1,36.8,33,8
round1,36.8,33.1,5
round1,36.8,33.2,7
round1,36.8,33.3,5
round1,36.8,33.4,5
round1,36.8,33.5,7
round1,36.8,33.6,3
round1,36.8,33.7,7
round1,36.8,33.8,11
round1,36.8,33.9,3
round1,36.8,34,8
round1,36.8,34.1,5
round1,36.8,34.2,8
round1,36.8,34.3,8
round1,36.8,34.4,5
round1,36.8,34.5,9
round1,36.8,34.6,7
round1,36.8,34.7,8
round1,36.8,34.8,2
round1,36.8,34.9,4
round1,36.8,35,6
round1,36.8,35.1,9
round1,36.8,35.2,9
round1,36.8,35.3,3
round1,36.8,35.4,4
round1,36.8,35.5,9
round1,36.8,35.6,14
round1,36.8,35.7,6
round1,36.8,35.8,5
round1,36.8,35.9,4
round1,36.8,36,12
round1,36.8,36.1,5
round1,36.8,36.2,4
round1,36.8,36.3,8
round1,36.8,36.4,5
round1,36.8,36.5,5
round1,36.8,36.6,10
round1,36.8,36.7,8
round1,36.8,36.8,10
round1,36.8,36.9,4
round1,36.8,37,11
round1,36.8,37.1,6
round1,36.8,37.2,6
round1,36.8,37.3,6
round1,36.8,37.4,6
round1,36.8,37.5,8
round1,36.8,37.6,2
round1,36.8,37.7,6
round1,36.8,37.8,3
round1,36.8,37.9,6
round1,36.8,38,6
round1,36.8,38.1,5
round1,36.8,38.2,8
round1,36.8,38.3,5
round1,36.8,38.4,4
round1,36.8,38.5,5
round1,36.8,38.6,4
round1,36.8,38.7,9
round1,36.8,38.8,7
round1,36.8,38.9,10
round1,36.8,39,4
round1,36.8,39.1,7
round1,36.8,39.2,8
round1,36.8,39.3,4
round1,36.8,39.4,11
round1,36.8,39.5,4
round1,36.8,39.6,6
round1,36.8,39.7,7
round1,36.8,39.8,9
round1,36.8,39.9,6
round1,36.8,40,7
round1,36.8,40.1,9
round1,36.8,40.2,8
round1,36.8,40.3,7
round1,36.8,40.4,9
round1,36.8,40.5,6
round1,36.8,40.6,12
round1,36.8,40.7,9
round1,36.8,40.8,6
round1,36.8,40.9,9
round1,36.8,41,7
round1,36.8,41.1,6
round1,36.8,41.2,8
round1,36.8,41.3,9
round1,36.8,41.4,4
round1,36.8,41.5,7
round1,36.8,41.6,6
round1,36.8,41.7,8
round1,36.8,41.8,9
round1,36.8,41.9,9
round1,36.8,42,8
round1,36.8,42.1,9
round1,36.8,42.2,9
round1,36.8,42.3,8
round1,36.8,42.4,8
round1,36.8,42.5,9
round1,36.8,42.6,6
round1,36.8,42.7,7
round1,36.8,42.8,6
round1,36.8,42.9,4
round1,36.8,43,10
round1,36.8,43.1,5
round1,36.8,43.2,2
round1,36.8,43.3,8
round1,36.8,43.4,9
round1,36.8,43.5,8
round1,36.8,43.6,5
round1,36.8,43.7,6
round1,36.8,43.8,4
round1,36.8,43.9,7
round1,36.8,44,6
round1,36.8,44.1,9
round1,36.8,44.2,8
round1,36.8,44.3,5
round1,36.8,44.4,7
round1,36.8,44.5,6
round1,36.8,44.6,3
round1,36.8,44.7,8
round1,36.8,44.8,10
round1,36.8,44.9,8
round1,36.8,45,5
round1,36.8,45.1,5
round1,36.8,45.2,8
round1,36.8,45.3,5
round1,36.8,45.4,8
round1,36.8,45.5,5
round1,36.8,45.6,7
round1,36.8,45.7,5
round1,36.8,45.8,5
round1,36.8,45.9,8
round1,36.8,46,6
round1,36.8,46.1,4
round1,36.8,46.2,9
round1,36.8,46.3,8
round1,36.8,46.4,8
round1,36.8,46.5,5
round1,36.8,46.6,6
round1,36.8,46.7,2
round1,36.8,46.8,9
round1,36.8,46.9,5
round1,36.8,47,6
round1,36.8,47.1,7
round1,36.8,47.2,7
round1,36.8,47.3,9
round1,36.8,47.4,6
round1,36.8,47.5,3
round1,36.8,47.6,7
round1,36.8,47.7,9
round1,36.8,47.8,6
round1,36.8,47.9,10
round1,36.8,48,7
round1,36.8,48.1,7
round1,36.8,48.2,5
round1,36.8,48.3,7
round1,36.8,48.4,7
round1,36.8,48.5,9
round1,36.8,48.6,1
round1,36.8,48.7,8
round1,36.8,48.8,5
round1,36.8,48.9,10
round1,36.8,49,9
round1,36.8,49.1,8
round1,36.8,49.2,8
round1,36.8,49.3,10
round1,36.8,49.4,5
round1,36.8,49.5,2
round1,36.8,49.6,9
round1,36.8,49.7,7
round1,36.8,49.8,7
round1,36.8,49.9,4
round1,36.8,50,4
round1,36.8,50.1,7
round1,36.8,50.2,9
round1,36.8,50.3,9
round1,36.8,50.4,7
round1,36.8,50.5,5
round1,36.8,50.6,7
round1,36.8,50.7,6
round1,36.8,50.8,4
round1,36.8,50.9,8
round1,36.8,51,6
round1,36.8,51.1,6
round1,36.8,51.2,7
round1,36.8,51.3,8
round1,36.8,51.4,5
round1,36.8,51.5,7
round1,36.8,51.6,3
round1,36.8,51.7,8
round1,36.8,51.8,9
round1,36.8,51.9,5
round1,36.8,52,4
round1,36.8,52.1,6
round1,36.8,52.2,6
round1,36.8,52.3,8
round1,36.8,52.4,8
round1,36.8,52.5,7
round1,36.8,52.6,4
round1,36.8,52.7,5
round1,36.8,52.8,7
round1,36.8,52.9,9
round1,36.8,53,4
round1,36.8,53.1,9
round1,36.8,53.2,9
round1,36.8,53.3,8
round1,36.8,53.4,13
round1,36.8,53.5,8
round1,36.8,53.6,5
round1,36.8,53.7,3
round1,36.8,53.8,9
round1,36.8,53.9,4
round1,36.8,54,7
round1,36.8,54.1,6
round1,36.8,54.2,8
round1,36.8,54.3,3
round1,36.8,54.4,6
round1,36.8,54.5,2
round1,36.8,54.6,5
round1,36.8,54.7,6
round1,36.8,54.8,6
round1,36.8,54.9,5
round1,36.8,55,6
round1,36.8,55.1,8
round1,36.8,55.2,9
round1,36.8,55.3,6
round1,36.8,55.4,6
round1,36.8,55.5,3
round1,36.8,55.6,9
round1,36.8,55.7,6
round1,36.8,55.8,8
round1,36.8,55.9,7
round1,36.8,56,4
round1,36.8,56.1,5
round1,36.8,56.2,4
round1,36.8,56.3,6
round1,36.8,56.4,8
round1,36.8,56.5,4
round1,36.8,56.6,5
round1,36.8,56.7,8
round1,36.8,56.8,5
round1,36.8,56.9,7
round1,36.8,57,10
round1,36.8,57.1,7
round1,36.8,57.2,6
round1,36.8,57.3,8
round1,36.8,57.4,7
round1,36.8,57.5,9
round1,36.8,57.6,6
round1,36.8,57.7,7
round1,36.8,57.8,6
round1,36.8,57.9,5
round1,36.8,58,6
round1,36.8,58.1,7
round1,36.8,58.2,9
round1,36.8,58.3,6
round1,36.8,58.4,11
round1,36.8,58.5,9
round1,36.8,58.6,8
round1,36.8,58.7,5
round1,36.8,58.8,6
round1,36.8,58.9,6
round1,36.8,59,7
round1,36.8,59.1,8
round1,36.8,59.2,8
round1,36.8,59.3,7
round1,36.8,59.4,9
round1,36.8,59.5,3
round1,36.8,59.6,7
round1,36.8,59.7,6
round1,36.8,59.8,4
round1,36.8,59.9,5
round1,36.8,60,6
round1,36.8,60.1,5
round1,36.8,60.2,10
round1,36.8,60.3,7
round1,36.8,60.4,8
round1,36.8,60.5,7
round1,36.8,60.6,12
round1,36.8,60.7,6
round1,36.8,60.8,4
round1,36.8,60.9,5
round1,36.8,61,8
round1,36.8,61.1,9
round1,36.8,61.2,9
round1,36.8,61.3,6
round1,36.8,61.4,7
round1,36.8,61.5,6
round1,36.8,61.6,7
round1,36.8,61.7,5
round1,36.8,61.8,7
round1,36.8,61.9,11
round1,36.8,62,9
round1,36.8,62.1,7
round1,36.8,62.2,5
round1,36.8,62.3,6
round1,36.8,62.4,7
round1,36.8,62.5,15
round1,36.8,62.6,6
round1,36.8,62.7,4
round1,36.8,62.8,5
round1,36.8,62.9,2
round1,36.8,63,6
round1,36.8,63.1,6
round1,36.8,63.2,10
round1,36.8,63.3,7
round1,36.8,63.4,5
round1,36.8,63.5,5
round1,36.8,63.6,7
round1,36.8,63.7,11
round1,36.8,63.8,6
round1,36.8,63.9,6
round1,36.8,64,7
round1,36.8,64.1,9
round1,36.8,64.2,7
round1,36.8,64.3,3
round1,36.8,64.4,3
round1,36.8,64.5,5
round1,36.8,64.6,9
round1,36.8,64.7,7
round1,36.8,64.8,9
round1,36.8,64.9,3
round1,36.8,65,7
round1,36.8,65.1,7
round1,36.8,65.2,4
round1,36.8,65.3,7
round1,36.8,65.4,7
round1,36.8,65.5,5
round1,36.8,65.6,9
round1,36.8,65.7,7
round1,36.8,65.8,7
round1,36.8,65.9,4
round1,36.8,66,8
round1,36.8,66.1,6
round1,36.8,66.2,7
round1,36.8,66.3,5
round1,36.8,66.4,9
round1,36.8,66.5,3
round1,36.8,66.6,9
round1,36.8,66.7,7
round1,36.8,66.8,7
round1,36.8,66.9,6
round1,36.8,67,4
round1,36.8,67.1,3
round1,36.8,67.2,8
round1,36.8,67.3,6
round1,36.8,67.4,8
round1,36.8,67.5,5
round1,36.8,67.6,7
round1,36.8,67.7,12
round1,36.8,67.8,6
round1,36.8,67.9,5
round1,36.8,68,8
round1,36.8,68.1,8
round1,36.8,68.2,10
round1,36.8,68.3,7
round1,36.8,68.4,9
round1,36.8,68.5,8
round1,36.8,68.6,7
round1,36.8,68.7,8
round1,36.8,68.8,6
round1,36.8,68.9,4
round1,36.8,69,3
round1,36.8,69.1,5
round1,36.8,69.2,8
round1,36.8,69.3,7
round1,36.8,69.4,3
round1,36.8,69.5,7
round1,36.8,69.6,10
round1,36.8,69.7,5
round1,36.8,69.8,7
round1,36.8,69.9,4
round1,36.8,70,7
round1,36.8,70.1,8
round1,36.8,70.2,9
round1,36.8,70.3,6
round1,36.8,70.4,3
round1,36.8,70.5,9
round1,36.8,70.6,6
round1,36.8,70.7,6
round1,36.8,70.8,4
round1,36.8,70.9,7
round1,36.8,71,7
round1,36.8,71.1,10
round1,36.8,71.2,7
round1,36.8,71.3,5
round1,36.8,71.4,4
round1,36.8,71.5,4
round1,36.8,71.6,4
round1,36.8,71.7,4
round1,36.8,71.8,5
round1,36.8,71.9,6
round1,36.8,72,4
round1,36.8,72.1,6
round1,36.8,72.2,9
round1,36.8,72.3,3
round1,36.8,72.4,5
round1,36.8,72.5,4
round1,36.8,72.6,7
round1,36.8,72.7,4
round1,36.8,72.8,9
round1,36.8,72.9,6
round1,36.8,73,12
round1,36.8,73.1,7
round1,36.8,73.2,8
round1,36.8,73.3,5
round1,36.8,73.4,4
round1,36.8,73.5,8
round1,36.8,73.6,7
round1,36.8,73.7,4
round1,36.8,73.8,4
round1,36.8,73.9,7
round1,36.8,74,3
round1,36.8,74.1,6
round1,36.8,74.2,5
round1,36.8,74.3,4
round1,36.8,74.4,10
round1,36.8,74.5,6
round1,36.8,74.6,7
round1,36.8,74.7,4
round1,36.8,74.8,5
round1,36.8,74.9,9
round1,36.8,75,6
round1,36.8,75.1,7
round1,36.8,75.2,8
round1,36.8,75.3,8
round1,36.8,75.4,4
round1,36.8,75.5,6
round1,36.8,75.6,6
round1,36.8,75.7,7
round1,36.8,75.8,10
round1,36.8,75.9,4
round1,36.8,76,5
round1,36.8,76.1,6
round1,36.8,76.2,3
round1,36.8,76.3,4
round1,36.8,76.5,3
round1,36.8,76.6,6
round1,36.8,76.7,6
round1,36.8,76.8,9
round1,36.8,76.9,12
round1,36.8,77,5
round1,36.8,77.1,5
round1,36.8,77.2,4
round1,36.8,77.3,6
round1,36.8,77.4,6
round1,36.8,77.5,7
round1,36.8,77.6,5
round1,36.8,77.7,3
round1,36.8,77.8,6
round1,36.8,77.9,4
round1,36.8,78,8
round1,36.8,78.1,6
round1,36.8,78.2,5
round1,36.8,78.3,9
round1,36.8,78.4,10
round1,36.8,78.5,5
round1,36.8,78.6,4
round1,36.8,78.7,7
round1,36.8,78.8,3
round1,36.8,78.9,5
round1,36.8,79,6
round1,36.8,79.1,3
round1,36.8,79.2,10
round1,36.8,79.3,9
round1,36.8,79.4,6
round1,36.8,79.5,6
round1,36.8,79.6,5
round1,36.8,79.7,5
round1,36.8,79.8,5
round1,36.8,79.9,7
round1,36.8,80,9
round1,36.8,80.1,7
round1,36.8,80.2,7
round1,36.8,80.3,8
round1,36.8,80.4,8
round1,36.8,80.5,8
round1,36.8,80.6,5
round1,36.8,80.7,7
round1,36.8,80.8,5
round1,36.8,80.9,4
round1,36.8,81,5
round1,36.8,81.1,8
round1,36.8,81.2,7
round1,36.8,81.3,4
round1,36.8,81.4,6
round1,36.8,81.5,6
round1,36.8,81.6,4
round1,36.8,81.7,7
round1,36.8,81.8,4
round1,36.8,81.9,7
round1,36.8,82,3
round1,36.8,82.1,4
round1,36.8,82.2,4
round1,36.8,82.3,6
round1,36.8,82.4,10
round1,36.8,82.5,2
round1,36.8,82.6,6
round1,36.8,82.7,7
round1,36.8,82.8,8
round1,36.8,82.9,10
round1,36.8,83,7
round1,36.8,83.1,4
round1,36.8,83.2,6
round1,36.8,83.3,5
round1,36.8,83.4,3
round1,36.8,83.5,5
round1,36.8,83.6,4
round1,36.8,83.7,9
round1,36.8,83.8,4
round1,36.8,83.9,7
round1,36.8,84,5
round1,36.8,84.1,5
round1,36.8,84.2,6
round1,36.8,84.3,5
round1,36.8,84.4,4
round1,36.8,84.5,7
round1,36.8,84.6,9
round1,36.8,84.7,9
round1,36.8,84.8,5
round1,36.8,84.9,5
round1,36.8,85,3
round1,36.8,85.1,5
round1,36.8,85.2,7
round1,36.8,85.3,5
round1,36.8,85.4,4
round1,36.8,85.5,8
round1,36.8,85.6,8
round1,36.8,85.7,7
round1,36.8,85.8,4
round1,36.8,85.9,7
round1,36.8,86,2
round1,36.8,86.1,4
round1,36.8,86.2,4
round1,36.8,86.3,2
round1,36.8,86.4,5
round1,36.8,86.5,9
round1,36.8,86.6,7
round1,36.8,86.7,7
round1,36.8,86.8,3
round1,36.8,86.9,3
round1,36.8,87,6
round1,36.8,87.1,3
round1,36.8,87.2,10
round1,36.8,87.3,4
round1,36.8,87.4,8
round1,36.8,87.5,5
round1,36.8,87.6,6
round1,36.8,87.7,5
round1,36.8,87.8,5
round1,36.8,87.9,5
round1,36.8,88,6
round1,36.8,88.1,4
round1,36.8,88.2,8
round1,36.8,88.3,6
round1,36.8,88.4,4
round1,36.8,88.5,6
round1,36.8,88.6,4
round1,36.8,88.7,5
round1,36.8,88.8,8
round1,36.8,88.9,5
round1,36.8,89,8
round1,36.8,89.1,6
round1,36.8,89.2,4
round1,36.8,89.3,6
round1,36.8,89.4,7
round1,36.8,89.5,7
round1,36.8,89.6,8
round1,36.8,89.7,5
round1,36.8,89.8,5
round1,36.8,89.9,5
round1,36.8,90,7
round1,36.8,90.1,7
round1,36.8,90.2,6
round1,36.8,90.3,6
round1,36.8,90.4,2
round1,36.8,90.5,10
round1,36.8,90.6,4
round1,36.8,90.7,3
round1,36.8,90.8,4
round1,36.8,90.9,3
round1,36.8,91,7
round1,36.8,91.1,10
round1,36.8,91.2,7
round1,36.8,91.3,3
round1,36.8,91.4,7
round1,36.8,91.5,2
round1,36.8,91.6,6
round1,36.8,91.7,7
round1,36.8,91.8,5
round1,36.8,91.9,6
round1,36.8,92,4
round1,36.8,92.1,6
round1,36.8,92.2,9
round1,36.8,92.3,5
round1,36.8,92.4,3
round1,36.8,92.5,5
round1,36.8,92.6,1
round1,36.8,92.7,11
round1,36.8,92.8,7
round1,36.8,92.9,2
round1,36.8,93,3
round1,36.8,93.1,5
round1,36.8,93.2,8
round1,36.8,93.3,5
round1,36.8,93.4,5
round1,36.8,93.5,3
round1,36.8,93.6,5
round1,36.8,93.7,10
round1,36.8,93.8,4
round1,36.8,93.9,5
round1,36.8,94,2
round1,36.8,94.1,5
round1,36.8,94.2,6
round1,36.8,94.3,4
round1,36.8,94.4,3
round1,36.8,94.5,2
round1,36.8,94.6,8
round1,36.8,94.7,5
round1,36.8,94.8,2
round1,36.8,94.9,7
round1,36.8,95,6
round1,36.8,95.1,6
round1,36.8,95.2,4
round1,36.8,95.3,6
round1,36.8,95.4,6
round1,36.8,95.5,3
round1,36.8,95.6,5
round1,36.8,95.7,4
round1,36.8,95.8,6
round1,36.8,95.9,2
round1,36.8,96,5
round1,36.8,96.1,2
round1,36.8,96.2,4
round1,36.8,96.3,5
round1,36.8,96.4,3
round1,36.8,96.5,6
round1,36.8,96.6,4
round1,36.8,96.7,4
round1,36.8,96.8,8
round1,36.8,96.9,4
round1,36.8,97,4
round1,36.8,97.1,4
round1,36.8,97.2,7
round1,36.8,97.3,2
round1,36.8,97.4,8
round1,36.8,97.5,4
round1,36.8,97.6,3
round1,36.8,97.7,6
round1,36.8,97.8,5
round1,36.8,97.9,6
round1,36.8,98,2
round1,36.8,98.1,5
round1,36.8,98.2,8
round1,36.8,98.3,5
round1,36.8,98.4,1
round1,36.8,98.5,3
round1,36.8,98.6,5
round1,36.8,98.7,6
round1,36.8,98.8,4
round1,36.8,98.9,3
round1,36.8,99,5
round1,36.8,99.1,7
round1,36.8,99.2,4
round1,36.8,99.3,2
round1,36.8,99.4,2
round1,36.8,99.5,5
round1,36.8,99.6,5
round1,36.8,99.7,6
round1,36.8,99.8,7
round1,36.8,99.9,7
round1,36.8,100,3
round1,51.2,0.2,1
round1,51.2,1,1
round1,51.2,2.6,1
round1,51.2,2.9,2
round1,51.2,3.3,1
round1,51.2,3.6,1
round1,51.2,3.9,1
round1,51.2,4.1,1
round1,51.2,4.7,1
round1,51.2,5,2
round1,51.2,6.1,1
round1,51.2,6.6,2
round1,51.2,6.9,1
round1,51.2,7,1
round1,51.2,7.5,1
round1,51.2,8,1
round1,51.2,8.2,1
round1,51.2,8.5,1
round1,51.2,9.3,1
round1,51.2,9.8,1
round1,51.2,11.4,1
round1,51.2,11.9,1
round1,51.2,12,1
round1,51.2,12.5,1
round1,51.2,12.8,1
round1,51.2,14.3,2
round1,51.2,15.5,1
round1,51.2,16.8,1
round1,51.2,19,1
round1,51.2,19.1,1
round1,51.2,19.4,1
round1,51.2,19.5,1
round1,51.2,20,1
round1,51.2,20.1,1
round1,51.2,20.6,1
round1,51.2,21.4,1
round1,51.2,21.5,1
round1,51.2,21.7,1
round1,51.2,21.9,1
round1,51.2,22.6,1
round1,51.2,22.8,1
round1,51.2,23.7,1
round1,51.2,25.4,1
round1,51.2,25.6,1
round1,51.2,26.5,1
round1,51.2,26.7,1
round1,51.2,26.8,1
round1,51.2,26.9,1
round1,51.2,27.3,1
round1,51.2,27.5,1
round1,51.2,28.1,1
round1,51.2,29,1
round1,51.2,29.1,1
round1,51.2,29.3,1
round1,51.2,29.7,1
round1,51.2,30,1
round1,51.2,30.1,1
round1,51.2,31.4,1
round1,51.2,31.7,1
round1,51.2,32.3,2
round1,51.2,32.9,1
round1,51.2,33.6,1
round1,51.2,33.7,1
round1,51.2,34.3,2
round1,51.2,35,1
round1,51.2,35.6,1
round1,51.2,37,1
round1,51.2,37.1,1
round1,51.2,38.5,1
round1,51.2,38.8,2
round1,51.2,39.5,1
round1,51.2,40.4,1
round1,51.2,40.5,1
round1,51.2,41.4,1
round1,51.2,41.6,1
round1,51.2,43,1
round1,51.2,43.1,1
round1,51.2,43.2,1
round1,51.2,44.3,1
round1,51.2,44.5,1
round1,51.2,44.6,1
round1,51.2,45.3,1
round1,51.2,45.9,1
round1,51.2,46.4,2
round1,51.2,46.6,1
round1,51.2,47.4,1
round1,51.2,47.7,1
round1,51.2,48.6,1
round1,51.2,48.8,2
round1,51.2,49.4,1
round1,51.2,49.7,1
round1,51.2,49.9,1
round1,51.2,50,1
round1,51.2,51.5,1
round1,51.2,52.1,1
round1,51.2,52.2,1
round1,51.2,52.9,2
round1,51.2,53.5,1
round1,51.2,55.1,1
round1,51.2,55.4,1
round1,51.2,55.5,1
round1,51.2,56.2,1
round1,51.2,56.3,1
round1,51.2,56.4,1
round1,51.2,56.5,1
round1,51.2,57.5,1
round1,51.2,57.6,1
round1,51.2,58.2,2
round1,51.2,58.5,1
round1,51.2,58.7,1
round1,51.2,59.1,1
round1,51.2,59.3,2
round1,51.2,60.3,1
round1,51.2,62.2,1
round1,51.2,63.1,1
round1,51.2,63.7,1
round1,51.2,64.5,1
round1,51.2,65.4,1
round1,51.2,66.5,1
round1,51.2,67.2,1
round1,51.2,67.7,1
round1,51.2,68.1,1
round1,51.2,68.3,1
round1,51.2,68.4,1
round1,51.2,69,1
round1,51.2,69.4,1
round1,51.2,70.1,1
round1,51.2,70.7,1
round1,51.2,71.3,1
round1,51.2,71.9,1
round1,51.2,72.2,1
round1,51.2,72.4,1
round1,51.2,72.5,1
round1,51.2,73.9,1
round1,51.2,74,1
round1,51.2,74.3,1
round1,51.2,74.7,1
round1,51.2,75.1,1
round1,51.2,75.3,1
round1,51.2,76,1
round1,51.2,77.7,1
round1,51.2,79.4,1
round1,51.2,79.6,1
round1,51.2,80.6,1
round1,51.2,81.9,1
round1,51.2,82,1
round1,51.2,82.1,2
round1,51.2,82.5,1
round1,51.2,82.7,1
round1,51.2,83.5,1
round1,51.2,83.6,1
round1,51.2,83.9,1
round1,51.2,84.8,1
round1,51.2,85.1,1
round1,51.2,86,1
round1,51.2,87,1
round1,51.2,87.3,1
round1,51.2,87.9,1
round1,51.2,88,1
round1,51.2,88.9,1
round1,51.2,89,1
round1,51.2,90,1
round1,51.2,90.2,1
round1,51.2,90.4,1
round1,51.2,91.8,1
round1,51.2,92.1,1
round1,51.2,92.4,1
round1,51.2,92.5,1
round1,51.2,94.9,1
round1,51.2,95,1
round1,51.2,95.6,1
round1,51.2,95.7,1
round1,51.2,96.4,1
round1,51.2,96.8,1
round1,51.2,97.7,1
round1,51.2,98.1,1
round1,75.8,0,6
round1,75.8,0.1,8
round1,75.8,0.2,10
round1,75.8,0.3,9
round1,75.8,0.4,13
round1,75.8,0.5,12
round1,75.8,0.6,12
round1,75.8,0.7,7
round1,75.8,0.8,7
round1,75.8,0.9,10
round1,75.8,1,12
round1,75.8,1.1,7
round1,75.8,1.2,15
round1,75.8,1.3,7
round1,75.8,1.4,12
round1,75.8,1.5,10
round1,75.8,1.6,10
round1,75.8,1.7,10
round1,75.8,1.8,11
round1,75.8,1.9,12
round1,75.8,2,8
round1,75.8,2.1,8
round1,75.8,2.2,10
round1,75.8,2.3,11
round1,75.8,2.4,11
round1,75.8,2.5,9
round1,75.8,2.6,10
round1,75.8,2.7,7
round1,75.8,2.8,10
round1,75.8,2.9,10
round1,75.8,3,11
round1,75.8,3.1,6
round1,75.8,3.2,10
round1,75.8,3.3,11
round1,75.8,3.4,5
round1,75.8,3.5,10
round1,75.8,3.6,12
round1,75.8,3.7,13
round1,75.8,3.8,10
round1,75.8,3.9,8
round1,75.8,4,8
round1,75.8,4.1,6
round1,75.8,4.2,11
round1,75.8,4.3,8
round1,75.8,4.4,11
round1,75.8,4.5,8
round1,75.8,4.6,13
round1,75.8,4.7,12
round1,75.8,4.8,11
round1,75.8,4.9,11
round1,75.8,5,10
round1,75.8,5.1,9
round1,75.8,5.2,14
round1,75.8,5.3,10
round1,75.8,5.4,9
round1,75.8,5.5,10
round1,75.8,5.6,10
round1,75.8,5.7,11
round1,75.8,5.8,12
round1,75.8,5.9,5
round1,75.8,6,11
round1,75.8,6.1,8
round1,75.8,6.2,11
round1,75.8,6.3,12
round1,75.8,6.4,10
round1,75.8,6.5,12
round1,75.8,6.6,7
round1,75.8,6.7,13
round1,75.8,6.8,9
round1,75.8,6.9,13
round1,75.8,7,6
round1,75.8,7.1,11
round1,75.8,7.2,13
round1,75.8,7.3,9
round1,75.8,7.4,6
round1,75.8,7.5,6
round1,75.8,7.6,10
round1,75.8,7.7,6
round1,75.8,7.8,11
round1,75.8,7.9,12
round1,75.8,8,9
round1,75.8,8.1,12
round1,75.8,8.2,14
round1,75.8,8.3,10
round1,75.8,8.4,11
round1,75.8,8.5,12
round1,75.8,8.6,9
round1,75.8,8.7,16
round1,75.8,8.8,10
round1,75.8,8.9,10
round1,75.8,9,8
round1,75.8,9.1,12
round1,75.8,9.2,7
round1,75.8,9.3,13
round1,75.8,9.4,11
round1,75.8,9.5,13
round1,75.8,9.6,8
round1,75.8,9.7,9
round1,75.8,9.8,7
round1,75.8,9.9,6
round1,75.8,10,9
round1,75.8,10.1,11
round1,75.8,10.2,7
round1,75.8,10.3,14
round1,75.8,10.4,10
round1,75.8,10.5,7
round1,75.8,10.6,11
round1,75.8,10.7,14
round1,75.8,10.8,10
round1,75.8,10.9,6
round1,75.8,11,9
round1,75.8,11.1,12
round1,75.8,11.2,10
round1,75.8,11.3,14
round1,75.8,11.4,10
round1,75.8,11.5,7
round1,75.8,11.6,11
round1,75.8,11.7,11
round1,75.8,11.8,13
round1,75.8,11.9,12
round1,75.8,12,8
round1,75.8,12.1,9
round1,75.8,12.2,10
round1,75.8,12.3,14
round1,75.8,12.4,7
round1,75.8,12.5,7
round1,75.8,12.6,14
round1,75.8,12.7,12
round1,75.8,12.8,10
round1,75.8,12.9,11
round1,75.8,13,7
round1,75.8,13.1,8
round1,75.8,13.2,8
round1,75.8,13.3,9
round1,75.8,13.4,11
round1,75.8,13.5,13
round1,75.8,13.6,11
round1,75.8,13.7,13
round1,75.8,13.8,12
round1,75.8,13.9,13
round1,75.8,14,10
round1,75.8,14.1,11
round1,75.8,14.2,14
round1,75.8,14.3,8
round1,75.8,14.4,10
round1,75.8,14.5,11
round1,75.8,14.6,6
round1,75.8,14.7,10
round1,75.8,14.8,11
round1,75.8,14.9,13
round1,75.8,15,6
round1,75.8,15.1,8
round1,75.8,15.2,6
round1,75.8,15.3,12
round1,75.8,15.4,15
round1,75.8,15.5,11
round1,75.8,15.6,10
round1,75.8,15.7,8
round1,75.8,15.8,15
round1,75.8,15.9,8
round1,75.8,16,11
round1,75.8,16.1,9
round1,75.8,16.2,9
round1,75.8,16.3,11
round1,75.8,16.4,12
round1,75.8,16.5,14
round1,75.8,16.6,12
round1,75.8,16.7,11
round1,75.8,16.8,14
round1,75.8,16.9,9
round1,75.8,17,8
round1,75.8,17.1,6
round1,75.8,17.2,7
round1,75.8,17.3,13
round1,75.8,17.4,9
round1,75.8,17.5,14
round1,75.8,17.6,10
round1,75.8,17.7,6
round1,75.8,17.8,8
round1,75.8,17.9,6
round1,75.8,18,10
round1,75.8,18.1,12
round1,75.8,18.2,11
round1,75.8,18.3,12
round1,75.8,18.4,13
round1,75.8,18.5,8
round1,75.8,18.6,9
round1,75.8,18.7,8
round1,75.8,18.8,8
round1,75.8,18.9,12
round1,75.8,19,12
round1,75.8,19.1,12
round1,75.8,19.2,11
round1,75.8,19.3,12
round1,75.8,19.4,8
round1,75.8,19.5,11
round1,75.8,19.6,8
round1,75.8,19.7,7
round1,75.8,19.8,11
round1,75.8,19.9,8
round1,75.8,20,9
round1,75.8,20.1,7
round1,75.8,20.2,10
round1,75.8,20.3,11
round1,75.8,20.4,13
round1,75.8,20.5,7
round1,75.8,20.6,9
round1,75.8,20.7,8
round1,75.8,20.8,11
round1,75.8,20.9,11
round1,75.8,21,9
round1,75.8,21.1,10
round1,75.8,21.2,9
round1,75.8,21.3,10
round1,75.8,21.4,12
round1,75.8,21.5,12
round1,75.8,21.6,9
round1,75.8,21.7,7
round1,75.8,21.8,13
round1,75.8,21.9,9
round1,75.8,22,12
round1,75.8,22.1,5
round1,75.8,22.2,11
round1,75.8,22.3,13
round1,75.8,22.4,10
round1,75.8,22.5,7
round1,75.8,22.6,10
round1,75.8,22.7,6
round1,75.8,22.8,12
round1,75.8,22.9,11
round1,75.8,23,5
round1,75.8,23.1,12
round1,75.8,23.2,6
round1,75.8,23.3,13
round1,75.8,23.4,11
round1,75.8,23.5,10
round1,75.8,23.6,10
round1,75.8,23.7,11
round1,75.8,23.8,12
round1,75.8,23.9,9
round1,75.8,24,8
round1,75.8,24.1,9
round1,75.8,24.2,9
round1,75.8,24.3,11
round1,75.8,24.4,8
round1,75.8,24.5,12
round1,75.8,24.6,13
round1,75.8,24.7,11
round1,75.8,24.8,8
round1,75.8,24.9,11
round1,75.8,25,14
round1,75.8,25.1,13
round1,75.8,25.2,13
round1,75.8,25.3,7
round1,75.8,25.4,13
round1,75.8,25.5,13
round1,75.8,25.6,3
round1,75.8,25.7,8
round1,75.8,25.8,10
round1,75.8,25.9,12
round1,75.8,26,12
round1,75.8,26.1,11
round1,75.8,26.2,12
round1,75.8,26.3,12
round1,75.8,26.4,13
round1,75.8,26.5,14
round1,75.8,26.6,11
round1,75.8,26.7,8
round1,75.8,26.8,11
round1,75.8,26.9,10
round1,75.8,27,9
round1,75.8,27.1,11
round1,75.8,27.2,6
round1,75.8,27.3,12
round1,75.8,27.4,9
round1,75.8,27.5,16
round1,75.8,27.6,10
round1,75.8,27.7,12
round1,75.8,27.8,10
round1,75.8,27.9,12
round1,75.8,28,10
round1,75.8,28.1,9
round1,75.8,28.2,11
round1,75.8,28.3,7
round1,75.8,28.4,9
round1,75.8,28.5,8
round1,75.8,28.6,14
round1,75.8,28.7,10
round1,75.8,28.8,8
round1,75.8,28.9,10
round1,75.8,29,9
round1,75.8,29.1,12
round1,75.8,29.2,9
round1,75.8,29.3,11
round1,75.8,29.4,7
round1,75.8,29.5,11
round1,75.8,29.6,12
round1,75.8,29.7,11
round1,75.8,29.8,12
round1,75.8,29.9,9
round1,75.8,30,11
round1,75.8,30.1,9
round1,75.8,30.2,8
round1,75.8,30.3,12
round1,75.8,30.4,11
round1,75.8,30.5,10
round1,75.8,30.6,11
round1,75.8,30.7,7
round1,75.8,30.8,11
round1,75.8,30.9,13
round1,75.8,31,12
round1,75.8,31.1,8
round1,75.8,31.2,14
round1,75.8,31.3,15
round1,75.8,31.4,9
round1,75.8,31.5,13
round1,75.8,31.6,9
round1,75.8,31.7,11
round1,75.8,31.8,12
round1,75.8,31.9,14
round1,75.8,32,13
round1,75.8,32.1,8
round1,75.8,32.2,6
round1,75.8,32.3,9
round1,75.8,32.4,11
round1,75.8,32.5,13
round1,75.8,32.6,7
round1,75.8,32.7,12
round1,75.8,32.8,14
round1,75.8,32.9,4
round1,75.8,33,7
round1,75.8,33.1,10
round1,75.8,33.2,11
round1,75.8,33.3,11
round1,75.8,33.4,10
round1,75.8,33.5,11
round1,75.8,33.6,15
round1,75.8,33.7,8
round1,75.8,33.8,9
round1,75.8,33.9,14
round1,75.8,34,8
round1,75.8,34.1,14
round1,75.8,34.2,11
round1,75.8,34.3,6
round1,75.8,34.4,10
round1,75.8,34.5,4
round1,75.8,34.6,12
round1,75.8,34.7,10
round1,75.8,34.8,13
round1,75.8,34.9,10
round1,75.8,35,9
round1,75.8,35.1,7
round1,75.8,35.2,9
round1,75.8,35.3,12
round1,75.8,35.4,10
round1,75.8,35.5,11
round1,75.8,35.6,6
round1,75.8,35.7,11
round1,75.8,35.8,12
round1,75.8,35.9,11
round1,75.8,36,5
round1,75.8,36.1,13
round1,75.8,36.2,14
round1,75.8,36.3,9
round1,75.8,36.4,10
round1,75.8,36.5,11
round1,75.8,36.6,8
round1,75.8,36.7,11
round1,75.8,36.8,9
round1,75.8,36.9,13
round1,75.8,37,8
round1,75.8,37.1,7
round1,75.8,37.2,9
round1,75.8,37.3,12
round1,75.8,37.4,14
round1,75.8,37.5,5
round1,75.8,37.6,14
round1,75.8,37.7,9
round1,75.8,37.8,14
round1,75.8,37.9,9
round1,75.8,38,11
round1,75.8,38.1,15
round1,75.8,38.2,12
round1,75.8,38.3,9
round1,75.8,38.4,13
round1,75.8,38.5,13
round1,75.8,38.6,11
round1,75.8,38.7,8
round1,75.8,38.8,5
round1,75.8,38.9,10
round1,75.8,39,14
round1,75.8,39.1,13
round1,75.8,39.2,12
round1,75.8,39.3,10
round1,75.8,39.4,8
round1,75.8,39.5,11
round1,75.8,39.6,7
round1,75.8,39.7,9
round1,75.8,39.8,10
round1,75.8,39.9,14
round1,75.8,40,12
round1,75.8,40.1,6
round1,75.8,40.2,10
round1,75.8,40.3,10
round1,75.8,40.4,7
round1,75.8,40.5,8
round1,75.8,40.6,5
round1,75.8,40.7,6
round1,75.8,40.8,8
round1,75.8,40.9,5
round1,75.8,41,13
round1,75.8,41.1,10
round1,75.8,41.2,8
round1,75.8,41.3,6
round1,75.8,41.4,12
round1,75.8,41.5,9
round1,75.8,41.6,6
round1,75.8,41.7,7
round1,75.8,41.8,9
round1,75.8,41.9,10
round1,75.8,42,10
round1,75.8,42.1,11
round1,75.8,42.2,7
round1,75.8,42.3,5
round1,75.8,42.4,8
round1,75.8,42.5,9
round1,75.8,42.6,12
round1,75.8,42.7,10
round1,75.8,42.8,12
round1,75.8,42.9,10
round1,75.8,43,7
round1,75.8,43.1,12
round1,75.8,43.2,15
round1,75.8,43.3,9
round1,75.8,43.4,8
round1,75.8,43.5,8
round1,75.8,43.6,10
round1,75.8,43.7,11
round1,75.8,43.8,15
round1,75.8,43.9,11
round1,75.8,44,10
round1,75.8,44.1,10
round1,75.8,44.2,11
round1,75.8,44.3,12
round1,75.8,44.4,12
round1,75.8,44.5,9
round1,75.8,44.6,13
round1,75.8,44.7,9
round1,75.8,44.8,9
round1,75.8,44.9,8
round1,75.8,45,12
round1,75.8,45.1,11
round1,75.8,45.2,12
round1,75.8,45.3,14
round1,75.8,45.4,12
round1,75.8,45.5,12
round1,75.8,45.6,14
round1,75.8,45.7,13
round1,75.8,45.8,11
round1,75.8,45.9,6
round1,75.8,46,8
round1,75.8,46.1,13
round1,75.8,46.2,7
round1,75.8,46.3,10
round1,75.8,46.4,8
round1,75.8,46.5,11
round1,75.8,46.6,11
round1,75.8,46.7,14
round1,75.8,46.8,6
round1,75.8,46.9,12
round1,75.8,47,9
round1,75.8,47.1,11
round1,75.8,47.2,11
round1,75.8,47.3,9
round1,75.8,47.4,9
round1,75.8,47.5,13
round1,75.8,47.6,9
round1,75.8,47.7,7
round1,75.8,47.8,13
round1,75.8,47.9,10
round1,75.8,48,11
round1,75.8,48.1,9
round1,75.8,48.2,10
round1,75.8,48.3,9
round1,75.8,48.4,10
round1,75.8,48.5,7
round1,75.8,48.6,13
round1,75.8,48.7,12
round1,75.8,48.8,8
round1,75.8,48.9,11
round1,75.8,49,8
round1,75.8,49.1,6
round1,75.8,49.2,9
round1,75.8,49.3,7
round1,75.8,49.4,8
round1,75.8,49.5,14
round1,75.8,49.6,2
round1,75.8,49.7,13
round1,75.8,49.8,11
round1,75.8,49.9,9
round1,75.8,50,12
round1,75.8,50.1,9
round1,75.8,50.2,10
round1,75.8,50.3,11
round1,75.8,50.4,8
round1,75.8,50.5,11
round1,75.8,50.6,9
round1,75.8,50.7,12
round1,75.8,50.8,14
round1,75.8,50.9,8
round1,75.8,51,8
round1,75.8,51.1,8
round1,75.8,51.2,8
round1,75.8,51.3,10
round1,75.8,51.4,13
round1,75.8,51.5,10
round1,75.8,51.6,14
round1,75.8,51.7,10
round1,75.8,51.8,10
round1,75.8,51.9,7
round1,75.8,52,11
round1,75.8,52.1,13
round1,75.8,52.2,11
round1,75.8,52.3,9
round1,75.8,52.4,8
round1,75.8,52.5,10
round1,75.8,52.6,12
round1,75.8,52.7,13
round1,75.8,52.8,9
round1,75.8,52.9,8
round1,75.8,53,12
round1,75.8,53.1,8
round1,75.8,53.2,11
round1,75.8,53.3,11
round1,75.8,53.4,8
round1,75.8,53.5,10
round1,75.8,53.6,12
round1,75.8,53.7,15
round1,75.8,53.8,11
round1,75.8,53.9,12
round1,75.8,54,12
round1,75.8,54.1,14
round1,75.8,54.2,11
round1,75.8,54.3,12
round1,75.8,54.4,10
round1,75.8,54.5,16
round1,75.8,54.6,8
round1,75.8,54.7,14
round1,75.8,54.8,14
round1,75.8,54.9,15
round1,75.8,55,8
round1,75.8,55.1,12
round1,75.8,55.2,10
round1,75.8,55.3,9
round1,75.8,55.4,12
round1,75.8,55.5,14
round1,75.8,55.6,7
round1,75.8,55.7,10
round1,75.8,55.8,12
round1,75.8,55.9,14
round1,75.8,56,10
round1,75.8,56.1,11
round1,75.8,56.2,11
round1,75.8,56.3,13
round1,75.8,56.4,10
round1,75.8,56.5,11
round1,75.8,56.6,8
round1,75.8,56.7,10
round1,75.8,56.8,12
round1,75.8,56.9,10
round1,75.8,57,10
round1,75.8,57.1,10
round1,75.8,57.2,11
round1,75.8,57.3,8
round1,75.8,57.4,13
round1,75.8,57.5,7
round1,75.8,57.6,13
round1,75.8,57.7,10
round1,75.8,57.8,12
round1,75.8,57.9,12
round1,75.8,58,9
round1,75.8,58.1,7
round1,75.8,58.2,10
round1,75.8,58.3,10
round1,75.8,58.4,7
round1,75.8,58.5,9
round1,75.8,58.6,6
round1,75.8,58.7,11
round1,75.8,58.8,11
round1,75.8,58.9,10
round1,75.8,59,11
round1,75.8,59.1,9
round1,75.8,59.2,10
round1,75.8,59.3,9
round1,75.8,59.4,7
round1,75.8,59.5,12
round1,75.8,59.6,13
round1,75.8,59.7,14
round1,75.8,59.8,11
round1,75.8,59.9,14
round1,75.8,60,11
round1,75.8,60.1,8
round1,75.8,60.2,10
round1,75.8,60.3,9
round1,75.8,60.4,8
round1,75.8,60.5,10
round1,75.8,60.6,9
round1,75.8,60.7,12
round1,75.8,60.8,13
round1,75.8,60.9,8
round1,75.8,61,13
round1,75.8,61.1,8
round1,75.8,61.2,8
round1,75.8,61.3,12
round1,75.8,61.4,10
round1,75.8,61.5,13
round1,75.8,61.6,11
round1,75.8,61.7,13
round1,75.8,61.8,13
round1,75.8,61.9,8
round1,75.8,62,9
round1,75.8,62.1,13
round1,75.8,62.2,8
round1,75.8,62.3,14
round1,75.8,62.4,10
round1,75.8,62.5,7
round1,75.8,62.6,9
round1,75.8,62.7,10
round1,75.8,62.8,13
round1,75.8,62.9,14
round1,75.8,63,11
round1,75.8,63.1,12
round1,75.8,63.2,11
round1,75.8,63.3,10
round1,75.8,63.4,12
round1,75.8,63.5,11
round1,75.8,63.6,12
round1,75.8,63.7,7
round1,75.8,63.8,10
round1,75.8,63.9,14
round1,75.8,64,12
round1,75.8,64.1,7
round1,75.8,64.2,9
round1,75.8,64.3,14
round1,75.8,64.4,13
round1,75.8,64.5,11
round1,75.8,64.6,10
round1,75.8,64.7,9
round1,75.8,64.8,9
round1,75.8,64.9,13
round1,75.8,65,10
round1,75.8,65.1,10
round1,75.8,65.2,12
round1,75.8,65.3,10
round1,75.8,65.4,11
round1,75.8,65.5,8
round1,75.8,65.6,10
round1,75.8,65.7,9
round1,75.8,65.8,8
round1,75.8,65.9,10
round1,75.8,66,12
round1,75.8,66.1,12
round1,75.8,66.2,10
round1,75.8,66.3,11
round1,75.8,66.4,10
round1,75.8,66.5,15
round1,75.8,66.6,12
round1,75.8,66.7,10
round1,75.8,66.8,11
round1,75.8,66.9,13
round1,75.8,67,13
round1,75.8,67.1,11
round1,75.8,67.2,8
round1,75.8,67.3,10
round1,75.8,67.4,9
round1,75.8,67.5,14
round1,75.8,67.6,9
round1,75.8,67.7,5
round1,75.8,67.8,9
round1,75.8,67.9,13
round1,75.8,68,9
round1,75.8,68.1,10
round1,75.8,68.2,9
round1,75.8,68.3,11
round1,75.8,68.4,10
round1,75.8,68.5,10
round1,75.8,68.6,6
round1,75.8,68.7,10
round1,75.8,68.8,11
round1,75.8,68.9,11
round1,75.8,69,13
round1,75.8,69.1,9
round1,75.8,69.2,13
round1,75.8,69.3,9
round1,75.8,69.4,11
round1,75.8,69.5,10
round1,75.8,69.6,5
round1,75.8,69.7,10
round1,75.8,69.8,8
round1,75.8,69.9,15
round1,75.8,70,8
round1,75.8,70.1,8
round1,75.8,70.2,10
round1,75.8,70.3,11
round1,75.8,70.4,10
round1,75.8,70.5,9
round1,75.8,70.6,13
round1,75.8,70.7,13
round1,75.8,70.8,16
round1,75.8,70.9,7
round1,75.8,71,10
round1,75.8,71.1,8
round1,75.8,71.2,9
round1,75.8,71.3,7
round1,75.8,71.4,10
round1,75.8,71.5,14
round1,75.8,71.6,12
round1,75.8,71.7,12
round1,75.8,71.8,11
round1,75.8,71.9,8
round1,75.8,72,14
round1,75.8,72.1,13
round1,75.8,72.2,7
round1,75.8,72.3,16
round1,75.8,72.4,10
round1,75.8,72.5,12
round1,75.8,72.6,8
round1,75.8,72.7,14
round1,75.8,72.8,10
round1,75.8,72.9,12
round1,75.8,73,8
round1,75.8,73.1,10
round1,75.8,73.2,7
round1,75.8,73.3,11
round1,75.8,73.4,12
round1,75.8,73.5,11
round1,75.8,73.6,11
round1,75.8,73.7,12
round1,75.8,73.8,12
round1,75.8,73.9,11
round1,75.8,74,14
round1,75.8,74.1,14
round1,75.8,74.2,15
round1,75.8,74.3,13
round1,75.8,74.4,11
round1,75.8,74.5,8
round1,75.8,74.6,13
round1,75.8,74.7,15
round1,75.8,74.8,14
round1,75.8,74.9,9
round1,75.8,75,11
round1,75.8,75.1,10
round1,75.8,75.2,9
round1,75.8,75.3,9
round1,75.8,75.4,16
round1,75.8,75.5,7
round1,75.8,75.6,10
round1,75.8,75.7,10
round1,75.8,75.8,10
round1,75.8,75.9,12
round1,75.8,76,10
round1,75.8,76.1,11
round1,75.8,76.2,11
round1,75.8,76.3,9
round1,75.8,76.4,12
round1,75.8,76.5,12
round1,75.8,76.6,10
round1,75.8,76.7,11
round1,75.8,76.8,10
round1,75.8,76.9,10
round1,75.8,77,10
round1,75.8,77.1,15
round1,75.8,77.2,8
round1,75.8,77.3,11
round1,75.8,77.4,9
round1,75.8,77.5,12
round1,75.8,77.6,12
round1,75.8,77.7,8
round1,75.8,77.8,8
round1,75.8,77.9,9
round1,75.8,78,8
round1,75.8,78.1,12
round1,75.8,78.2,13
round1,75.8,78.3,8
round1,75.8,78.4,11
round1,75.8,78.5,10
round1,75.8,78.6,14
round1,75.8,78.7,11
round1,75.8,78.8,12
round1,75.8,78.9,14
round1,75.8,79,12
round1,75.8,79.1,13
round1,75.8,79.2,9
round1,75.8,79.3,9
round1,75.8,79.4,8
round1,75.8,79.5,12
round1,75.8,79.6,12
round1,75.8,79.7,12
round1,75.8,79.8,14
round1,75.8,79.9,12
round1,75.8,80,10
round1,75.8,80.1,11
round1,75.8,80.2,10
round1,75.8,80.3,8
round1,75.8,80.4,14
round1,75.8,80.5,10
round1,75.8,80.6,10
round1,75.8,80.7,9
round1,75.8,80.8,12
round1,75.8,80.9,10
round1,75.8,81,12
round1,75.8,81.1,11
round1,75.8,81.2,10
round1,75.8,81.3,14
round1,75.8,81.4,11
round1,75.8,81.5,10
round1,75.8,81.6,11
round1,75.8,81.7,10
round1,75.8,81.8,15
round1,75.8,81.9,11
round1,75.8,82,14
round1,75.8,82.1,11
round1,75.8,82.2,13
round1,75.8,82.3,12
round1,75.8,82.4,9
round1,75.8,82.5,11
round1,75.8,82.6,13
round1,75.8,82.7,10
round1,75.8,82.8,11
round1,75.8,82.9,8
round1,75.8,83,12
round1,75.8,83.1,14
round1,75.8,83.2,15
round1,75.8,83.3,12
round1,75.8,83.4,14
round1,75.8,83.5,9
round1,75.8,83.6,15
round1,75.8,83.7,11
round1,75.8,83.8,14
round1,75.8,83.9,11
round1,75.8,84,14
round1,75.8,84.1,12
round1,75.8,84.2,10
round1,75.8,84.3,13
round1,75.8,84.4,13
round1,75.8,84.5,11
round1,75.8,84.6,11
round1,75.8,84.7,8
round1,75.8,84.8,11
round1,75.8,84.9,15
round1,75.8,85,16
round1,75.8,85.1,12
round1,75.8,85.2,14
round1,75.8,85.3,13
round1,75.8,85.4,15
round1,75.8,85.5,11
round1,75.8,85.6,12
round1,75.8,85.7,13
round1,75.8,85.8,16
round1,75.8,85.9,12
round1,75.8,86,12
round1,75.8,86.1,15
round1,75.8,86.2,12
round1,75.8,86.3,15
round1,75.8,86.4,15
round1,75.8,86.5,11
round1,75.8,86.6,11
round1,75.8,86.7,8
round1,75.8,86.8,15
round1,75.8,86.9,15
round1,75.8,87,10
round1,75.8,87.1,14
round1,75.8,87.2,9
round1,75.8,87.3,12
round1,75.8,87.4,10
round1,75.8,87.5,7
round1,75.8,87.6,13
round1,75.8,87.7,10
round1,75.8,87.8,15
round1,75.8,87.9,14
round1,75.8,88,13
round1,75.8,88.1,15
round1,75.8,88.2,10
round1,75.8,88.3,11
round1,75.8,88.4,12
round1,75.8,88.5,14
round1,75.8,88.6,13
round1,75.8,88.7,16
round1,75.8,88.8,13
round1,75.8,88.9,11
round1,75.8,89,10
round1,75.8,89.1,14
round1,75.8,89.2,14
round1,75.8,89.3,11
round1,75.8,89.4,13
round1,75.8,89.5,15
round1,75.8,89.6,8
round1,75.8,89.7,14
round1,75.8,89.8,14
round1,75.8,89.9,12
round1,75.8,90,11
round1,75.8,90.1,11
round1,75.8,90.2,12
round1,75.8,90.3,12
round1,75.8,90.4,16
round1,75.8,90.5,12
round1,75.8,90.6,15
round1,75.8,90.7,14
round1,75.8,90.8,17
round1,75.8,90.9,15
round1,75.8,91,10
round1,75.8,91.1,9
round1,75.8,91.2,13
round1,75.8,91.3,11
round1,75.8,91.4,10
round1,75.8,91.5,18
round1,75.8,91.6,15
round1,75.8,91.7,10
round1,75.8,91.8,12
round1,75.8,91.9,13
round1,75.8,92,15
round1,75.8,92.1,15
round1,75.8,92.2,10
round1,75.8,92.3,16
round1,75.8,92.4,19
round1,75.8,92.5,14
round1,75.8,92.6,15
round1,75.8,92.7,10
round1,75.8,92.8,12
round1,75.8,92.9,16
round1,75.8,93,15
round1,75.8,93.1,14
round1,75.8,93.2,10
round1,75.8,93.3,17
round1,75.8,93.4,13
round1,75.8,93.5,17
round1,75.8,93.6,12
round1,75.8,93.7,11
round1,75.8,93.8,18
round1,75.8,93.9,15
round1,75.8,94,15
round1,75.8,94.1,13
round1,75.8,94.2,15
round1,75.8,94.3,14
round1,75.8,94.4,17
round1,75.8,94.5,20
round1,75.8,94.6,12
round1,75.8,94.7,14
round1,75.8,94.8,16
round1,75.8,94.9,14
round1,75.8,95,15
round1,75.8,95.1,15
round1,75.8,95.2,13
round1,75.8,95.3,12
round1,75.8,95.4,16
round1,75.8,95.5,19
round1,75.8,95.6,16
round1,75.8,95.7,16
round1,75.8,95.8,14
round1,75.8,95.9,17
round1,75.8,96,17
round1,75.8,96.1,18
round1,75.8,96.2,13
round1,75.8,96.3,13
round1,75.8,96.4,18
round1,75.8,96.5,13
round1,75.8,96.6,17
round1,75.8,96.7,16
round1,75.8,96.8,12
round1,75.8,96.9,16
round1,75.8,97,17
round1,75.8,97.1,14
round1,75.8,97.2,13
round1,75.8,97.3,20
round1,75.8,97.4,14
round1,75.8,97.5,17
round1,75.8,97.6,17
round1,75.8,97.7,14
round1,75.8,97.8,16
round1,75.8,97.9,17
round1,75.8,98,15
round1,75.8,98.1,15
round1,75.8,98.2,13
round1,75.8,98.3,15
round1,75.8,98.4,20
round1,75.8,98.5,19
round1,75.8,98.6,16
round1,75.8,98.7,13
round1,75.8,98.8,16
round1,75.8,98.9,19
round1,75.8,99,16
round1,75.8,99.1,11
round1,75.8,99.2,17
round1,75.8,99.3,20
round1,75.8,99.4,19
round1,75.8,99.5,17
round1,75.8,99.6,14
round1,75.8,99.7,16
round1,75.8,99.8,14
round1,75.8,99.9,14
round1,75.8,100,7
round2,0,18,1
round2,0,22.9,1
round2,0,28,1
round2,0,39.3,1
round2,0,39.7,1
round2,0,49.2,1
round2,0,72.9,1
round2,0,73.3,1
round2,0,79.4,1
round2,0,82,1
round2,0,93.4,1
round2,0,97,1
round2,0.1,14.9,1
round2,0.1,15,1
round2,0.1,17.3,1
round2,0.1,18.8,1
round2,0.1,39.9,1
round2,0.1,40.3,1
round2,0.1,42.6,1
round2,0.1,55.3,1
round2,0.1,55.8,1
round2,0.1,56.4,2
round2,0.1,56.8,1
round2,0.1,58.7,1
round2,0.1,69.8,1
round2,0.1,72.8,1
round2,0.1,72.9,1
round2,0.1,73,1
round2,0.1,78.2,1
round2,0.1,79.1,1
round2,0.1,81.2,1
round2,0.1,96.9,1
round2,0.1,98.6,1
round2,0.2,19.3,1
round2,0.2,21.2,1
round2,0.2,24.3,1
round2,0.2,24.9,1
round2,0.2,31.8,1
round2,0.2,38.1,1
round2,0.2,38.8,1
round2,0.2,46.1,1
round2,0.2,46.9,1
round2,0.2,48.3,1
round2,0.2,52.2,1
round2,0.2,60.7,1
round2,0.2,61.2,1
round2,0.2,64.2,1
round2,0.2,79.4,1
round2,0.2,83.2,1
round2,0.2,84.1,1
round2,0.2,86.9,1
round2,0.2,87,1
round2,0.2,92.8,1
round2,0.2,94.1,1
round2,0.2,97.8,1
round2,0.2,98.2,1
round2,0.2,98.3,1
round2,0.3,35.4,1
round2,0.3,40.3,1
round2,0.3,40.7,1
round2,0.3,41.3,1
round2,0.3,41.8,2
round2,0.3,43.3,1
round2,0.3,46.9,1
round2,0.3,52.4,1
round2,0.3,71.7,1
round2,0.3,75.9,1
round2,0.3,83.3,1
round2,0.3,93.3,1
round2,0.4,1.4,1
round2,0.4,2.7,1
round2,0.4,10.9,1
round2,0.4,26.1,1
round2,0.4,26.4,1
round2,0.4,39.2,1
round2,0.4,42,1
round2,0.4,42.4,1
round2,0.4,43.9,1
round2,0.4,45.1,1
round2,0.4,47.9,1
round2,0.4,48.4,2
round2,0.4,49,1
round2,0.4,52.9,1
round2,0.4,55.1,1
round2,0.4,56.5,1
round2,0.4,58.8,1
round2,0.4,63.2,1
round2,0.4,68,1
round2,0.4,68.1,1
round2,0.4,73.3,1
round2,0.4,77.5,1
round2,0.4,78.4,1
round2,0.4,83.1,1
round2,0.4,84.1,1
round2,0.4,87.7,1
round2,0.4,87.9,1
round2,0.4,95.2,1
round2,0.4,97.4,1
round2,0.4,99.9,1
round2,0.5,29.7,1
round2,0.5,29.9,1
round2,0.5,30.6,1
round2,0.5,31.2,1
round2,0.5,32,1
round2,0.5,40.3,1
round2,0.5,43.8,1
round2,0.5,46,1
round2,0.5,48.4,1
round2,0.5,49.1,1
round2,0.5,50.3,1
round2,0.5,54.1,1
round2,0.5,58,1
round2,0.5,66.4,1
round2,0.5,71.7,1
round2,0.5,74.4,1
round2,0.5,75.6,1
round2,0.5,81.9,1
round2,0.5,85.9,1
round2,0.5,89.6,1
round2,0.5,93.1,1
round2,0.5,96,1
round2,0.5,97.4,1
round2,0.6,13.2,1
round2,0.6,23.9,1
round2,0.6,29.6,1
round2,0.6,33.5,1
round2,0.6,37,1
round2,0.6,50.3,1
round2,0.6,54.4,1
round2,0.6,62.9,1
round2,0.6,63.4,1
round2,0.6,75.6,1
round2,0.6,97.4,1
round2,0.7,4.7,1
round2,0.7,12,1
round2,0.7,13.6,1
round2,0.7,14.1,1
round2,0.7,22.6,1
round2,0.7,23.8,1
round2,0.7,33.5,1
round2,0.7,36,1
round2,0.7,47.2,1
round2,0.7,47.3,1
round2,0.7,51.3,1
round2,0.7,52.1,1
round2,0.7,53.2,1
round2,0.7,55.6,1
round2,0.7,56.5,1
round2,0.7,59.3,1
round2,0.7,62.9,1
round2,0.7,64.6,1
round2,0.7,65.2,1
round2,0.7,66.8,1
round2,0.7,70.5,1
round2,0.7,73.5,1
round2,0.7,74.6,1
round2,0.7,74.7,1
round2,0.7,74.9,1
round2,0.7,76.4,3
round2,0.7,78.7,1
round2,0.7,80.7,1
round2,0.7,83.9,1
round2,0.7,84.8,1
round2,0.7,89.8,1
round2,0.7,90,2
round2,0.7,93.8,1
round2,0.7,97.5,1
round2,0.8,8.5,1
round2,0.8,25,1
round2,0.8,25.9,1
round2,0.8,27.2,1
round2,0.8,34.7,1
round2,0.8,37.3,1
round2,0.8,47.1,1
round2,0.8,48.6,1
round2,0.8,61.8,1
round2,0.8,68,1
round2,0.8,70.7,1
round2,0.8,71.1,1
round2,0.8,78.2,1
round2,0.8,79.2,1
round2,0.8,80,1
round2,0.8,83.6,1
round2,0.8,84.6,1
round2,0.8,87.2,1
round2,1,5.6,1
round2,1,13.2,1
round2,1,14.1,1
round2,1,16.6,1
round2,1,16.9,1
round2,1,17,1
round2,1,17.4,1
round2,1,20.1,1
round2,1,20.4,1
round2,1,21.3,1
round2,1,21.6,1
round2,1,23.8,1
round2,1,26.1,1
round2,1,26.3,1
round2,1,29.9,1
round2,1,30.7,1
round2,1,32.1,1
round2,1,32.6,1
round2,1,35.4,1
round2,1,38.2,1
round2,1,41.9,2
round2,1,43.1,1
round2,1,43.4,1
round2,1,45.8,1
round2,1,46.1,1
round2,1,46.6,1
round2,1,48.9,1
round2,1,51.9,1
round2,1,53,1
round2,1,58,1
round2,1,59.5,1
round2,1,60,1
round2,1,60.6,1
round2,1,61.3,1
round2,1,65.9,1
round2,1,66.3,1
round2,1,69,1
round2,1,70.9,1
round2,1,71.4,1
round2,1,74.7,1
round2,1,78.6,1
round2,1,79.5,1
round2,1,82.6,1
round2,1,83.1,1
round2,1,86.6,1
round2,1,87,1
round2,1,88.9,1
round2,1,89,1
round2,1,90.8,1
round2,1,91.4,1
round2,1,94.2,1
round2,1,94.7,1
round2,1.1,11.3,1
round2,1.1,11.4,1
round2,1.1,16.2,1
round2,1.1,18.7,2
round2,1.1,18.8,1
round2,1.1,31.8,1
round2,1.1,32.4,1
round2,1.1,40.3,1
round2,1.1,48.6,1
round2,1.1,51,1
round2,1.1,53.3,1
round2,1.1,55.7,1
round2,1.1,62.5,1
round2,1.1,63.5,1
round2,1.1,76.8,1
round2,1.1,77.6,1
round2,1.1,79.5,1
round2,1.1,84.7,1
round2,1.1,90,1
round2,1.1,91.1,1
round2,1.1,93,1
round2,1.4,5.7,1
round2,1.4,9.3,1
round2,1.4,10,1
round2,1.4,11.5,1
round2,1.4,11.9,1
round2,1.4,12.7,1
round2,1.4,14.2,1
round2,1.4,19,1
round2,1.4,22.9,1
round2,1.4,23.5,1
round2,1.4,24.6,1
round2,1.4,25.9,1
round2,1.4,26.1,1
round2,1.4,27,1
round2,1.4,27.2,1
round2,1.4,28.2,1
round2,1.4,28.9,1
round2,1.4,29.4,1
round2,1.4,29.6,1
round2,1.4,31.5,1
round2,1.4,35.8,1
round2,1.4,36.3,1
round2,1.4,38.2,1
round2,1.4,38.4,1
round2,1.4,39.3,1
round2,1.4,44.2,1
round2,1.4,45.2,1
round2,1.4,45.5,1
round2,1.4,46.9,1
round2,1.4,47,1
round2,1.4,48.2,2
round2,1.4,49.1,2
round2,1.4,50.7,1
round2,1.4,53.8,1
round2,1.4,54.5,1
round2,1.4,56.3,1
round2,1.4,57.7,1
round2,1.4,57.9,1
round2,1.4,58.1,1
round2,1.4,59.5,1
round2,1.4,59.8,1
round2,1.4,60.6,1
round2,1.4,60.7,1
round2,1.4,61.1,1
round2,1.4,61.7,1
round2,1.4,63.6,1
round2,1.4,65.6,1
round2,1.4,66,1
round2,1.4,66.5,1
round2,1.4,67.3,1
round2,1.4,67.8,1
round2,1.4,69,1
round2,1.4,70.4,1
round2,1.4,70.5,1
round2,1.4,70.7,1
round2,1.4,71.4,1
round2,1.4,72.9,1
round2,1.4,73.7,1
round2,1.4,73.9,1
round2,1.4,76.2,1
round2,1.4,78.6,2
round2,1.4,79.3,1
round2,1.4,82.7,1
round2,1.4,82.8,1
round2,1.4,86.4,1
round2,1.4,87.3,1
round2,1.4,87.8,1
round2,1.4,89.8,2
round2,1.4,91.5,1
round2,1.4,94.6,1
round2,1.4,95.8,1
round2,1.6,2,1
round2,1.6,2.9,1
round2,1.6,10.2,1
round2,1.6,11.6,1
round2,1.6,13.8,1
round2,1.6,14.6,1
round2,1.6,15.7,1
round2,1.6,16.5,1
round2,1.6,23.3,1
round2,1.6,24.5,1
round2,1.6,26.1,1
round2,1.6,31.5,1
round2,1.6,34.3,1
round2,1.6,39.4,1
round2,1.6,44.3,1
round2,1.6,45.1,1
round2,1.6,47.3,1
round2,1.6,49.3,1
round2,1.6,52.2,1
round2,1.6,62,1
round2,1.6,62.8,1
round2,1.6,66.4,1
round2,1.6,71.1,1
round2,1.6,72.4,1
round2,1.6,74.7,1
round2,1.6,76.4,1
round2,1.6,78,1
round2,1.6,79.5,1
round2,1.6,89.6,1
round2,1.6,94.1,1
round2,1.6,95.8,1
round2,1.8,1.3,1
round2,1.8,2.1,1
round2,1.8,3.7,1
round2,1.8,14.8,1
round2,1.8,16.9,1
round2,1.8,17.2,1
round2,1.8,19,1
round2,1.8,21.7,1
round2,1.8,23.4,1
round2,1.8,23.8,1
round2,1.8,26.6,1
round2,1.8,27.2,1
round2,1.8,28,1
round2,1.8,28.3,1
round2,1.8,28.4,1
round2,1.8,29.1,1
round2,1.8,31.1,1
round2,1.8,32.1,1
round2,1.8,35.1,1
round2,1.8,35.2,1
round2,1.8,37.9,1
round2,1.8,39.1,1
round2,1.8,40.9,1
round2,1.8,41.4,1
round2,1.8,41.9,1
round2,1.8,42.2,1
round2,1.8,42.9,1
round2,1.8,43.2,1
round2,1.8,44,1
round2,1.8,46.8,1
round2,1.8,46.9,1
round2,1.8,51,1
round2,1.8,51.2,1
round2,1.8,51.7,1
round2,1.8,53.9,1
round2,1.8,56.2,1
round2,1.8,56.3,1
round2,1.8,59,1
round2,1.8,62.3,1
round2,1.8,63.5,1
round2,1.8,64.4,1
round2,1.8,64.7,1
round2,1.8,65,1
round2,1.8,66.2,1
round2,1.8,66.5,1
round2,1.8,68.5,1
round2,1.8,70.5,1
round2,1.8,73.5,1
round2,1.8,74.6,1
round2,1.8,75.5,1
round2,1.8,76.7,1
round2,1.8,78.5,1
round2,1.8,79,1
round2,1.8,79.9,1
round2,1.8,80.1,1
round2,1.8,81.3,1
round2,1.8,82.5,1
round2,1.8,84.1,1
round2,1.8,84.4,1
round2,1.8,87,1
round2,1.8,88.9,1
round2,1.8,91.6,1
round2,1.8,92,1
round2,1.8,92.4,1
round2,1.8,92.6,1
round2,1.8,94.1,1
round2,1.8,96.8,1
round2,1.8,97.6,1
round2,2.1,2,1
round2,2.1,4,1
round2,2.1,8.3,1
round2,2.1,8.7,1
round2,2.1,10.2,1
round2,2.1,11.4,1
round2,2.1,19.2,1
round2,2.1,22.4,1
round2,2.1,22.9,1
round2,2.1,25.5,1
round2,2.1,26.7,1
round2,2.1,27.4,1
round2,2.1,30.1,1
round2,2.1,32.5,1
round2,2.1,32.6,1
round2,2.1,34.5,1
round2,2.1,43.4,1
round2,2.1,44,1
round2,2.1,44.6,1
round2,2.1,45.5,1
round2,2.1,48.6,1
round2,2.1,49.2,1
round2,2.1,55.9,1
round2,2.1,58.4,1
round2,2.1,60.1,1
round2,2.1,60.2,2
round2,2.1,64.6,1
round2,2.1,64.8,1
round2,2.1,68.1,1
round2,2.1,68.9,1
round2,2.1,76.3,1
round2,2.1,78.6,1
round2,2.1,80.7,1
round2,2.1,87.2,1
round2,2.1,88.8,1
round2,2.1,89.2,1
round2,2.1,93,1
round2,2.1,94.1,1
round2,2.1,94.6,1
round2,2.1,96.9,1
round2,2.1,97,1
round2,2.1,98.2,1
round2,2.1,99.8,1
round2,2.5,3,1
round2,2.5,13.5,1
round2,2.5,14.2,1
round2,2.5,16.5,1
round2,2.5,16.6,1
round2,2.5,16.8,1
round2,2.5,19.7,1
round2,2.5,21.4,1
round2,2.5,21.8,1
round2,2.5,22.7,1
round2,2.5,22.8,1
round2,2.5,23.1,1
round2,2.5,23.9,1
round2,2.5,27.7,1
round2,2.5,28.3,1
round2,2.5,28.6,2
round2,2.5,29.1,1
round2,2.5,29.9,1
round2,2.5,30.5,1
round2,2.5,32.7,1
round2,2.5,33.3,1
round2,2.5,34.3,1
round2,2.5,34.4,1
round2,2.5,35.3,1
round2,2.5,35.5,2
round2,2.5,36,1
round2,2.5,37.4,1
round2,2.5,37.9,1
round2,2.5,38.6,1
round2,2.5,39.5,1
round2,2.5,40.9,1
round2,2.5,41.1,1
round2,2.5,41.4,1
round2,2.5,41.5,1
round2,2.5,42.1,2
round2,2.5,42.7,1
round2,2.5,44,1
round2,2.5,46.3,1
round2,2.5,46.4,1
round2,2.5,46.5,1
round2,2.5,47,1
round2,2.5,47.7,1
round2,2.5,48.4,1
round2,2.5,49.4,1
round2,2.5,49.5,1
round2,2.5,51,1
round2,2.5,51.2,1
round2,2.5,51.7,1
round2,2.5,52.3,1
round2,2.5,52.8,1
round2,2.5,53.1,1
round2,2.5,55.8,1
round2,2.5,57.4,1
round2,2.5,58.8,2
round2,2.5,59.7,1
round2,2.5,60.1,1
round2,2.5,60.6,1
round2,2.5,61.4,1
round2,2.5,62,1
round2,2.5,62.3,1
round2,2.5,64.6,1
round2,2.5,64.9,1
round2,2.5,66.8,1
round2,2.5,67.1,2
round2,2.5,67.5,1
round2,2.5,67.8,1
round2,2.5,68.3,1
round2,2.5,69,1
round2,2.5,69.1,1
round2,2.5,70,1
round2,2.5,70.4,1
round2,2.5,71.2,1
round2,2.5,71.5,1
round2,2.5,71.6,1
round2,2.5,71.9,1
round2,2.5,72.2,1
round2,2.5,72.3,2
round2,2.5,72.6,1
round2,2.5,73,1
round2,2.5,73.3,1
round2,2.5,73.8,1
round2,2.5,73.9,1
round2,2.5,74,1
round2,2.5,74.1,1
round2,2.5,74.6,1
round2,2.5,75.3,1
round2,2.5,75.6,1
round2,2.5,75.9,1
round2,2.5,76.2,1
round2,2.5,76.5,1
round2,2.5,77.2,1
round2,2.5,77.3,1
round2,2.5,77.4,1
round2,2.5,78.9,1
round2,2.5,79.3,1
round2,2.5,79.6,1
round2,2.5,80.8,1
round2,2.5,82.2,1
round2,2.5,82.5,1
round2,2.5,83.2,1
round2,2.5,84.6,1
round2,2.5,85.1,1
round2,2.5,87.5,1
round2,2.5,87.7,1
round2,2.5,87.9,1
round2,2.5,88.1,1
round2,2.5,88.6,1
round2,2.5,89.1,2
round2,2.5,90,1
round2,2.5,90.2,1
round2,2.5,90.8,1
round2,2.5,91.6,1
round2,2.5,91.7,1
round2,2.5,91.9,1
round2,2.5,92.5,1
round2,2.5,92.9,1
round2,2.5,93.2,1
round2,2.5,93.4,1
round2,2.5,93.6,1
round2,2.5,94.9,1
round2,2.5,95.1,1
round2,2.5,95.7,1
round2,2.5,97.1,1
round2,2.5,97.7,1
round2,2.9,6.8,1
round2,2.9,8,1
round2,2.9,8.1,1
round2,2.9,9.5,1
round2,2.9,14.2,1
round2,2.9,15.4,1
round2,2.9,18,1
round2,2.9,18.1,1
round2,2.9,19.6,1
round2,2.9,20,1
round2,2.9,25.4,1
round2,2.9,26.7,1
round2,2.9,27.2,1
round2,2.9,28.8,1
round2,2.9,30.4,1
round2,2.9,32.9,1
round2,2.9,33.6,1
round2,2.9,33.7,1
round2,2.9,33.9,2
round2,2.9,34.3,1
round2,2.9,35.2,1
round2,2.9,36.5,1
round2,2.9,36.7,1
round2,2.9,37.8,1
round2,2.9,42.5,1
round2,2.9,42.9,1
round2,2.9,43.4,1
round2,2.9,45.9,1
round2,2.9,46.6,1
round2,2.9,48.2,1
round2,2.9,48.3,1
round2,2.9,48.7,1
round2,2.9,49.7,1
round2,2.9,52.7,1
round2,2.9,53.7,1
round2,2.9,55.2,1
round2,2.9,55.3,1
round2,2.9,56.2,1
round2,2.9,57.1,1
round2,2.9,57.7,1
round2,2.9,58.2,1
round2,2.9,59.2,1
round2,2.9,59.7,1
round2,2.9,60.6,1
round2,2.9,61.3,1
round2,2.9,61.8,1
round2,2.9,64.2,1
round2,2.9,66.6,1
round2,2.9,66.7,1
round2,2.9,68.3,1
round2,2.9,69.8,1
round2,2.9,70.2,1
round2,2.9,72,1
round2,2.9,72.9,1
round2,2.9,75.1,1
round2,2.9,77.5,1
round2,2.9,77.7,1
round2,2.9,78.6,1
round2,2.9,81.3,1
round2,2.9,82.6,1
round2,2.9,82.9,1
round2,2.9,83.7,1
round2,2.9,83.9,1
round2,2.9,86.6,1
round2,2.9,89.9,1
round2,2.9,90.6,1
round2,2.9,91.3,1
round2,2.9,97.4,1
round2,2.9,99.9,1
round2,3.4,0.6,1
round2,3.4,1.9,1
round2,3.4,5.9,1
round2,3.4,6.2,1
round2,3.4,6.4,1
round2,3.4,9.4,1
round2,3.4,11.7,1
round2,3.4,12,1
round2,3.4,12.3,1
round2,3.4,13.1,1
round2,3.4,13.7,1
round2,3.4,14.6,2
round2,3.4,14.7,1
round2,3.4,15.1,1
round2,3.4,15.9,1
round2,3.4,16.6,1
round2,3.4,16.7,1
round2,3.4,16.9,1
round2,3.4,18.9,1
round2,3.4,19.1,1
round2,3.4,21.2,1
round2,3.4,24.6,1
round2,3.4,26,1
round2,3.4,26.2,1
round2,3.4,26.7,1
round2,3.4,26.9,1
round2,3.4,27.1,1
round2,3.4,27.5,1
round2,3.4,28.6,1
round2,3.4,29.7,1
round2,3.4,30.3,1
round2,3.4,30.4,1
round2,3.4,30.8,1
round2,3.4,31.2,1
round2,3.4,31.3,1
round2,3.4,31.8,1
round2,3.4,32.7,1
round2,3.4,33.4,1
round2,3.4,33.6,2
round2,3.4,34.5,1
round2,3.4,34.6,1
round2,3.4,35.2,1
round2,3.4,36.3,1
round2,3.4,36.8,1
round2,3.4,37.3,1
round2,3.4,37.4,1
round2,3.4,37.5,1
round2,3.4,38.6,1
round2,3.4,38.8,1
round2,3.4,39.6,1
round2,3.4,39.7,1
round2,3.4,39.8,3
round2,3.4,40.1,1
round2,3.4,41.5,1
round2,3.4,42.2,1
round2,3.4,42.6,1
round2,3.4,43.5,1
round2,3.4,44.1,2
round2,3.4,44.2,1
round2,3.4,44.8,2
round2,3.4,44.9,1
round2,3.4,45.2,1
round2,3.4,45.6,3
round2,3.4,47.1,1
round2,3.4,50,1
round2,3.4,50.1,1
round2,3.4,50.4,2
round2,3.4,50.8,1
round2,3.4,51.5,1
round2,3.4,52.6,1
round2,3.4,52.7,1
round2,3.4,52.9,1
round2,3.4,54.4,1
round2,3.4,54.6,1
round2,3.4,54.9,1
round2,3.4,55.2,1
round2,3.4,55.5,1
round2,3.4,56.6,1
round2,3.4,57.3,1
round2,3.4,57.5,1
round2,3.4,57.7,1
round2,3.4,58.1,1
round2,3.4,58.6,1
round2,3.4,59.3,1
round2,3.4,59.8,1
round2,3.4,60.1,1
round2,3.4,60.7,1
round2,3.4,61.1,1
round2,3.4,62.3,1
round2,3.4,63,1
round2,3.4,63.2,1
round2,3.4,64.2,1
round2,3.4,64.4,1
round2,3.4,65.2,1
round2,3.4,65.7,1
round2,3.4,65.8,1
round2,3.4,66.1,1
round2,3.4,66.8,1
round2,3.4,67.9,1
round2,3.4,69.8,1
round2,3.4,70.3,1
round2,3.4,70.4,1
round2,3.4,70.6,1
round2,3.4,71,1
round2,3.4,72.1,2
round2,3.4,72.5,1
round2,3.4,72.9,1
round2,3.4,73.4,1
round2,3.4,73.9,1
round2,3.4,74.1,1
round2,3.4,74.4,1
round2,3.4,74.7,2
round2,3.4,75,1
round2,3.4,75.7,1
round2,3.4,76.3,1
round2,3.4,76.4,1
round2,3.4,76.7,1
round2,3.4,76.8,1
round2,3.4,77.5,2
round2,3.4,78.3,1
round2,3.4,78.9,1
round2,3.4,79.2,1
round2,3.4,79.7,1
round2,3.4,81.1,1
round2,3.4,81.4,1
round2,3.4,81.9,1
round2,3.4,82.3,2
round2,3.4,82.5,2
round2,3.4,82.9,2
round2,3.4,83.5,1
round2,3.4,83.7,1
round2,3.4,84.2,1
round2,3.4,84.3,1
round2,3.4,84.7,1
round2,3.4,85,1
round2,3.4,85.6,1
round2,3.4,86,1
round2,3.4,86.6,1
round2,3.4,86.7,1
round2,3.4,87,1
round2,3.4,87.2,1
round2,3.4,88.5,1
round2,3.4,89.2,1
round2,3.4,89.4,1
round2,3.4,90.2,1
round2,3.4,90.3,1
round2,3.4,91.6,1
round2,3.4,92.2,1
round2,3.4,92.5,1
round2,3.4,93.4,1
round2,3.4,93.5,1
round2,3.4,93.6,1
round2,3.4,94.2,1
round2,3.4,94.4,1
round2,3.4,96.2,1
round2,3.4,97,1
round2,3.4,99.8,1
round2,3.4,99.9,1
round2,4.1,0.1,1
round2,4.1,1.5,1
round2,4.1,1.6,1
round2,4.1,7.3,1
round2,4.1,7.7,1
round2,4.1,8.7,1
round2,4.1,9.7,1
round2,4.1,9.9,2
round2,4.1,11,1
round2,4.1,11.2,1
round2,4.1,11.9,1
round2,4.1,12,1
round2,4.1,12.3,1
round2,4.1,13.6,1
round2,4.1,13.9,1
round2,4.1,14.1,1
round2,4.1,14.7,1
round2,4.1,15.4,1
round2,4.1,15.8,1
round2,4.1,16.6,1
round2,4.1,18.2,1
round2,4.1,18.7,1
round2,4.1,18.9,1
round2,4.1,19.6,1
round2,4.1,20.2,1
round2,4.1,20.6,1
round2,4.1,21.1,1
round2,4.1,21.3,1
round2,4.1,21.4,1
round2,4.1,21.5,1
round2,4.1,22.7,1
round2,4.1,24.7,1
round2,4.1,26.3,1
round2,4.1,28.3,2
round2,4.1,29.6,1
round2,4.1,30.1,1
round2,4.1,30.5,1
round2,4.1,31.1,1
round2,4.1,31.9,1
round2,4.1,32.1,1
round2,4.1,32.3,2
round2,4.1,33,1
round2,4.1,33.2,1
round2,4.1,34.2,1
round2,4.1,35.1,1
round2,4.1,36,1
round2,4.1,36.3,1
round2,4.1,36.6,1
round2,4.1,36.7,1
round2,4.1,37.6,1
round2,4.1,38.1,1
round2,4.1,38.7,1
round2,4.1,38.8,1
round2,4.1,39.6,1
round2,4.1,40.4,1
round2,4.1,40.7,1
round2,4.1,41.9,2
round2,4.1,42.5,1
round2,4.1,43.1,1
round2,4.1,44.4,1
round2,4.1,45.3,1
round2,4.1,45.6,1
round2,4.1,45.7,2
round2,4.1,45.8,1
round2,4.1,46,1
round2,4.1,46.5,1
round2,4.1,46.8,1
round2,4.1,48,1
round2,4.1,48.9,1
round2,4.1,50.7,1
round2,4.1,51.3,1
round2,4.1,51.5,1
round2,4.1,51.8,1
round2,4.1,51.9,1
round2,4.1,53.2,1
round2,4.1,54.2,1
round2,4.1,55.5,1
round2,4.1,56.8,1
round2,4.1,58,1
round2,4.1,58.7,1
round2,4.1,59.1,1
round2,4.1,59.8,1
round2,4.1,60.1,1
round2,4.1,62.1,2
round2,4.1,64.1,1
round2,4.1,65.2,1
round2,4.1,65.6,1
round2,4.1,66.9,1
round2,4.1,67.2,1
round2,4.1,67.3,1
round2,4.1,67.6,1
round2,4.1,69,1
round2,4.1,69.1,1
round2,4.1,69.8,1
round2,4.1,70,2
round2,4.1,71.6,1
round2,4.1,72.3,1
round2,4.1,72.4,2
round2,4.1,72.6,1
round2,4.1,73.2,1
round2,4.1,73.9,1
round2,4.1,74,1
round2,4.1,74.2,1
round2,4.1,75,1
round2,4.1,75.3,1
round2,4.1,75.9,1
round2,4.1,76.7,1
round2,4.1,77.5,2
round2,4.1,78.5,1
round2,4.1,78.7,1
round2,4.1,78.9,1
round2,4.1,79.4,1
round2,4.1,79.6,1
round2,4.1,79.7,1
round2,4.1,81.2,1
round2,4.1,81.9,1
round2,4.1,83.1,1
round2,4.1,86,1
round2,4.1,86.1,1
round2,4.1,86.2,1
round2,4.1,89.3,1
round2,4.1,90.1,1
round2,4.1,91,1
round2,4.1,92.1,1
round2,4.1,93.4,2
round2,4.1,93.9,1
round2,4.1,95.5,1
round2,4.1,97.1,1
round2,4.9,2.1,1
round2,4.9,4.4,1
round2,4.9,4.6,1
round2,4.9,4.7,1
round2,4.9,5.9,1
round2,4.9,6.6,2
round2,4.9,7.1,1
round2,4.9,8.1,1
round2,4.9,8.7,1
round2,4.9,8.8,1
round2,4.9,9.5,1
round2,4.9,10.5,1
round2,4.9,10.6,1
round2,4.9,10.9,1
round2,4.9,11,1
round2,4.9,11.3,1
round2,4.9,11.4,1
round2,4.9,12.4,1
round2,4.9,13,1
round2,4.9,14.5,1
round2,4.9,14.7,1
round2,4.9,14.8,1
round2,4.9,15.4,2
round2,4.9,15.7,1
round2,4.9,17.4,2
round2,4.9,17.7,1
round2,4.9,19.6,1
round2,4.9,20.1,2
round2,4.9,20.3,1
round2,4.9,20.9,1
round2,4.9,21.2,1
round2,4.9,21.5,1
round2,4.9,21.6,1
round2,4.9,22.3,1
round2,4.9,22.4,1
round2,4.9,22.5,1
round2,4.9,23.4,1
round2,4.9,25.1,1
round2,4.9,25.3,1
round2,4.9,25.4,1
round2,4.9,25.6,1
round2,4.9,26.1,1
round2,4.9,27,1
round2,4.9,27.2,1
round2,4.9,27.4,1
round2,4.9,27.9,2
round2,4.9,28,1
round2,4.9,28.2,1
round2,4.9,28.8,1
round2,4.9,29.5,1
round2,4.9,29.7,1
round2,4.9,30.6,1
round2,4.9,32,1
round2,4.9,32.3,1
round2,4.9,32.9,1
round2,4.9,33.2,1
round2,4.9,34.2,1
round2,4.9,34.8,1
round2,4.9,35.5,1
round2,4.9,35.6,2
round2,4.9,36.3,1
round2,4.9,38.1,1
round2,4.9,38.7,1
round2,4.9,38.8,1
round2,4.9,38.9,1
round2,4.9,40.4,1
round2,4.9,40.5,1
round2,4.9,41,1
round2,4.9,42.1,1
round2,4.9,42.3,1
round2,4.9,42.5,1
round2,4.9,43,3
round2,4.9,44.4,1
round2,4.9,44.5,1
round2,4.9,45,1
round2,4.9,45.2,1
round2,4.9,46.3,1
round2,4.9,46.5,1
round2,4.9,47.1,1
round2,4.9,47.3,1
round2,4.9,47.9,1
round2,4.9,48.1,1
round2,4.9,48.3,1
round2,4.9,49.4,1
round2,4.9,49.5,1
round2,4.9,49.6,2
round2,4.9,50.4,1
round2,4.9,50.6,1
round2,4.9,50.8,1
round2,4.9,51.3,1
round2,4.9,51.5,1
round2,4.9,52.6,1
round2,4.9,53.3,1
round2,4.9,53.5,1
round2,4.9,54.5,1
round2,4.9,55.1,2
round2,4.9,55.2,1
round2,4.9,55.3,1
round2,4.9,56.1,1
round2,4.9,56.4,1
round2,4.9,56.5,1
round2,4.9,57.4,1
round2,4.9,57.5,2
round2,4.9,57.6,1
round2,4.9,58,1
round2,4.9,58.6,1
round2,4.9,58.9,1
round2,4.9,59.6,1
round2,4.9,60.1,1
round2,4.9,60.9,1
round2,4.9,61,1
round2,4.9,61.5,1
round2,4.9,61.6,1
round2,4.9,62,1
round2,4.9,62.3,1
round2,4.9,62.4,1
round2,4.9,62.5,1
round2,4.9,64.7,1
round2,4.9,65.9,1
round2,4.9,66.1,1
round2,4.9,66.7,1
round2,4.9,66.9,2
round2,4.9,67.2,1
round2,4.9,67.5,1
round2,4.9,67.8,1
round2,4.9,67.9,2
round2,4.9,68.1,1
round2,4.9,68.4,1
round2,4.9,68.5,1
round2,4.9,68.8,1
round2,4.9,69.6,1
round2,4.9,70,1
round2,4.9,70.6,1
round2,4.9,70.7,1
round2,4.9,70.8,1
round2,4.9,71.2,1
round2,4.9,71.4,1
round2,4.9,71.5,1
round2,4.9,71.7,1
round2,4.9,72.7,1
round2,4.9,72.8,1
round2,4.9,75,1
round2,4.9,75.4,1
round2,4.9,75.7,1
round2,4.9,75.9,1
round2,4.9,76.2,1
round2,4.9,76.3,1
round2,4.9,76.5,2
round2,4.9,76.6,1
round2,4.9,77.2,1
round2,4.9,77.4,1
round2,4.9,78,1
round2,4.9,78.6,1
round2,4.9,78.7,1
round2,4.9,79,1
round2,4.9,79.6,1
round2,4.9,79.8,1
round2,4.9,80.1,1
round2,4.9,80.2,1
round2,4.9,81.1,1
round2,4.9,81.6,2
round2,4.9,82,1
round2,4.9,82.5,1
round2,4.9,83.3,1
round2,4.9,84.2,1
round2,4.9,84.3,1
round2,4.9,84.8,1
round2,4.9,85.1,1
round2,4.9,85.6,1
round2,4.9,86.1,1
round2,4.9,86.2,1
round2,4.9,87,1
round2,4.9,87.6,2
round2,4.9,88.1,1
round2,4.9,88.2,1
round2,4.9,88.3,1
round2,4.9,88.6,1
round2,4.9,88.8,1
round2,4.9,89.2,1
round2,4.9,89.5,1
round2,4.9,89.8,2
round2,4.9,90.2,1
round2,4.9,90.5,1
round2,4.9,90.7,1
round2,4.9,91.4,1
round2,4.9,91.9,1
round2,4.9,92.1,1
round2,4.9,92.9,1
round2,4.9,95.5,1
round2,4.9,96.1,1
round2,4.9,96.3,1
round2,4.9,96.9,1
round2,4.9,97.1,1
round2,4.9,97.7,2
round2,4.9,98.1,1
round2,4.9,98.4,1
round2,5.8,1.6,1
round2,5.8,4.4,1
round2,5.8,6,1
round2,5.8,6.2,1
round2,5.8,7.2,1
round2,5.8,7.5,2
round2,5.8,7.6,1
round2,5.8,8.2,1
round2,5.8,8.5,1
round2,5.8,8.7,1
round2,5.8,9.1,1
round2,5.8,9.3,1
round2,5.8,9.9,1
round2,5.8,10.1,1
round2,5.8,11.1,1
round2,5.8,12.2,1
round2,5.8,12.3,1
round2,5.8,12.6,1
round2,5.8,12.7,1
round2,5.8,13.8,2
round2,5.8,13.9,1
round2,5.8,14.6,1
round2,5.8,15.4,1
round2,5.8,15.5,1
round2,5.8,15.9,1
round2,5.8,16.2,1
round2,5.8,17.8,1
round2,5.8,18.4,1
round2,5.8,19.3,2
round2,5.8,20.2,1
round2,5.8,21.9,1
round2,5.8,22,1
round2,5.8,22.2,1
round2,5.8,22.3,1
round2,5.8,22.4,1
round2,5.8,22.5,1
round2,5.8,22.7,1
round2,5.8,23,1
round2,5.8,23.1,2
round2,5.8,25.4,1
round2,5.8,25.8,1
round2,5.8,26.3,1
round2,5.8,26.8,1
round2,5.8,27.1,1
round2,5.8,27.9,1
round2,5.8,28.2,1
round2,5.8,28.4,1
round2,5.8,29,1
round2,5.8,29.4,1
round2,5.8,29.5,1
round2,5.8,29.6,1
round2,5.8,29.8,2
round2,5.8,30,1
round2,5.8,30.7,1
round2,5.8,30.9,2
round2,5.8,32.1,1
round2,5.8,32.2,1
round2,5.8,32.4,1
round2,5.8,33.5,1
round2,5.8,33.6,3
round2,5.8,34.4,1
round2,5.8,34.8,1
round2,5.8,34.9,1
round2,5.8,35.4,1
round2,5.8,35.5,2
round2,5.8,36.4,1
round2,5.8,36.6,1
round2,5.8,37.4,1
round2,5.8,37.5,1
round2,5.8,38,1
round2,5.8,38.2,1
round2,5.8,40,1
round2,5.8,40.1,1
round2,5.8,41,1
round2,5.8,41.9,1
round2,5.8,44,1
round2,5.8,44.8,1
round2,5.8,45.7,1
round2,5.8,46.4,1
round2,5.8,47.1,1
round2,5.8,47.6,1
round2,5.8,47.9,1
round2,5.8,48.7,1
round2,5.8,48.9,1
round2,5.8,49.2,1
round2,5.8,49.5,1
round2,5.8,50,1
round2,5.8,50.1,2
round2,5.8,50.7,1
round2,5.8,51.8,1
round2,5.8,51.9,1
round2,5.8,52.5,1
round2,5.8,52.6,1
round2,5.8,52.7,1
round2,5.8,52.9,1
round2,5.8,53,2
round2,5.8,55,1
round2,5.8,56.3,1
round2,5.8,56.8,1
round2,5.8,58.1,1
round2,5.8,58.5,1
round2,5.8,58.8,1
round2,5.8,60,1
round2,5.8,60.2,1
round2,5.8,60.5,1
round2,5.8,60.7,1
round2,5.8,60.9,1
round2,5.8,62.5,1
round2,5.8,63.3,1
round2,5.8,64.3,1
round2,5.8,64.6,1
round2,5.8,64.7,1
round2,5.8,65.1,1
round2,5.8,66.7,1
round2,5.8,66.9,1
round2,5.8,67.6,2
round2,5.8,68.4,2
round2,5.8,70,1
round2,5.8,70.4,2
round2,5.8,71,1
round2,5.8,72.1,1
round2,5.8,72.2,1
round2,5.8,73.4,2
round2,5.8,74.4,1
round2,5.8,75,1
round2,5.8,76.2,1
round2,5.8,77,1
round2,5.8,77.9,1
round2,5.8,78.6,1
round2,5.8,79,1
round2,5.8,79.8,1
round2,5.8,80.5,1
round2,5.8,81.3,1
round2,5.8,81.9,1
round2,5.8,82.3,1
round2,5.8,83,1
round2,5.8,83.4,1
round2,5.8,83.6,1
round2,5.8,83.8,1
round2,5.8,84.4,1
round2,5.8,84.5,1
round2,5.8,84.6,1
round2,5.8,85.1,1
round2,5.8,85.6,1
round2,5.8,85.9,1
round2,5.8,87.5,1
round2,5.8,88.8,1
round2,5.8,89.3,1
round2,5.8,89.9,1
round2,5.8,90.4,1
round2,5.8,91.2,1
round2,5.8,91.7,1
round2,5.8,91.9,1
round2,5.8,92.1,1
round2,5.8,94,1
round2,5.8,97.5,1
round2,5.8,98.3,1
round2,5.8,99.7,1
round2,6.8,0.4,1
round2,6.8,1.8,1
round2,6.8,2.2,1
round2,6.8,2.4,1
round2,6.8,3.1,1
round2,6.8,3.3,1
round2,6.8,3.7,1
round2,6.8,3.8,1
round2,6.8,4.1,1
round2,6.8,5.6,1
round2,6.8,8.4,1
round2,6.8,9.8,1
round2,6.8,9.9,1
round2,6.8,10.1,1
round2,6.8,10.2,1
round2,6.8,10.3,1
round2,6.8,10.4,2
round2,6.8,10.5,1
round2,6.8,11.1,2
round2,6.8,11.3,1
round2,6.8,12.1,1
round2,6.8,12.3,1
round2,6.8,12.4,1
round2,6.8,12.6,1
round2,6.8,14.7,1
round2,6.8,15.1,1
round2,6.8,15.2,2
round2,6.8,15.6,1
round2,6.8,15.7,1
round2,6.8,16.4,1
round2,6.8,16.9,1
round2,6.8,18.3,1
round2,6.8,18.4,1
round2,6.8,18.5,1
round2,6.8,18.6,2
round2,6.8,18.9,1
round2,6.8,19,1
round2,6.8,19.5,1
round2,6.8,19.6,1
round2,6.8,19.9,1
round2,6.8,20.2,2
round2,6.8,20.6,3
round2,6.8,20.7,1
round2,6.8,21.1,1
round2,6.8,21.6,1
round2,6.8,21.8,1
round2,6.8,22,1
round2,6.8,22.7,1
round2,6.8,22.9,1
round2,6.8,23,2
round2,6.8,24.2,1
round2,6.8,24.7,1
round2,6.8,25.6,2
round2,6.8,25.9,1
round2,6.8,26,1
round2,6.8,26.4,1
round2,6.8,26.6,1
round2,6.8,26.9,1
round2,6.8,27.8,1
round2,6.8,27.9,1
round2,6.8,28,1
round2,6.8,28.2,1
round2,6.8,28.7,1
round2,6.8,28.8,1
round2,6.8,29.3,1
round2,6.8,29.7,2
round2,6.8,30.1,1
round2,6.8,30.2,2
round2,6.8,30.3,1
round2,6.8,30.6,1
round2,6.8,30.7,2
round2,6.8,30.8,1
round2,6.8,30.9,1
round2,6.8,31.9,2
round2,6.8,32.1,1
round2,6.8,32.3,1
round2,6.8,32.8,1
round2,6.8,33.7,1
round2,6.8,34.1,1
round2,6.8,34.9,2
round2,6.8,35.2,1
round2,6.8,35.5,1
round2,6.8,35.6,1
round2,6.8,36.4,1
round2,6.8,37.8,1
round2,6.8,38.2,1
round2,6.8,38.3,1
round2,6.8,39.1,1
round2,6.8,39.2,2
round2,6.8,39.5,1
round2,6.8,39.6,1
round2,6.8,40,1
round2,6.8,40.5,1
round2,6.8,40.8,1
round2,6.8,40.9,1
round2,6.8,41,1
round2,6.8,41.1,1
round2,6.8,41.5,1
round2,6.8,42.1,1
round2,6.8,42.4,2
round2,6.8,42.5,1
round2,6.8,42.8,1
round2,6.8,43.1,1
round2,6.8,43.4,1
round2,6.8,44,1
round2,6.8,44.3,1
round2,6.8,44.4,2
round2,6.8,45.3,1
round2,6.8,45.4,1
round2,6.8,45.5,1
round2,6.8,45.7,1
round2,6.8,46.5,1
round2,6.8,46.6,1
round2,6.8,47.3,1
round2,6.8,47.7,2
round2,6.8,48.5,1
round2,6.8,49,1
round2,6.8,49.1,1
round2,6.8,49.4,1
round2,6.8,50.5,1
round2,6.8,50.9,1
round2,6.8,51.5,1
round2,6.8,51.8,1
round2,6.8,52,2
round2,6.8,52.2,1
round2,6.8,52.3,1
round2,6.8,52.4,1
round2,6.8,52.6,1
round2,6.8,52.7,2
round2,6.8,53,1
round2,6.8,53.7,1
round2,6.8,54.1,1
round2,6.8,54.3,2
round2,6.8,54.4,1
round2,6.8,56.1,1
round2,6.8,56.8,1
round2,6.8,57.6,1
round2,6.8,58,1
round2,6.8,58.2,1
round2,6.8,58.3,1
round2,6.8,58.4,1
round2,6.8,59,1
round2,6.8,59.1,1
round2,6.8,59.4,1
round2,6.8,59.5,1
round2,6.8,59.8,1
round2,6.8,60.2,1
round2,6.8,60.8,1
round2,6.8,61,1
round2,6.8,61.2,1
round2,6.8,61.9,1
round2,6.8,62.1,1
round2,6.8,62.2,1
round2,6.8,62.4,1
round2,6.8,62.5,1
round2,6.8,63.3,1
round2,6.8,63.7,1
round2,6.8,63.9,2
round2,6.8,64.1,1
round2,6.8,64.5,1
round2,6.8,65.4,1
round2,6.8,65.7,2
round2,6.8,66.1,1
round2,6.8,66.2,1
round2,6.8,66.3,1
round2,6.8,66.6,1
round2,6.8,66.8,1
round2,6.8,67.2,1
round2,6.8,67.6,2
round2,6.8,68.3,1
round2,6.8,68.5,1
round2,6.8,68.6,1
round2,6.8,69,1
round2,6.8,69.3,1
round2,6.8,69.5,1
round2,6.8,69.7,1
round2,6.8,69.8,1
round2,6.8,70.6,1
round2,6.8,70.9,1
round2,6.8,71.7,1
round2,6.8,71.8,1
round2,6.8,72,1
round2,6.8,72.4,2
round2,6.8,72.5,1
round2,6.8,73,1
round2,6.8,73.4,2
round2,6.8,73.8,1
round2,6.8,74.1,1
round2,6.8,74.8,1
round2,6.8,75.1,1
round2,6.8,75.3,2
round2,6.8,75.4,2
round2,6.8,76.1,1
round2,6.8,77,3
round2,6.8,77.1,1
round2,6.8,77.4,1
round2,6.8,78.1,1
round2,6.8,78.4,1
round2,6.8,78.7,1
round2,6.8,79,1
round2,6.8,79.8,3
round2,6.8,80.5,1
round2,6.8,81.4,1
round2,6.8,83.4,1
round2,6.8,83.5,2
round2,6.8,84,1
round2,6.8,84.2,1
round2,6.8,84.3,1
round2,6.8,84.5,1
round2,6.8,85,3
round2,6.8,85.3,2
round2,6.8,85.7,1
round2,6.8,85.8,1
round2,6.8,86.1,1
round2,6.8,86.5,1
round2,6.8,86.8,1
round2,6.8,87.1,1
round2,6.8,88.4,1
round2,6.8,90.1,1
round2,6.8,90.6,1
round2,6.8,91.3,1
round2,6.8,92.1,1
round2,6.8,92.7,1
round2,6.8,92.9,1
round2,6.8,93,1
round2,6.8,93.2,1
round2,6.8,93.3,1
round2,6.8,93.5,1
round2,6.8,94.3,1
round2,6.8,94.5,2
round2,6.8,94.6,1
round2,6.8,95,2
round2,6.8,95.4,2
round2,6.8,95.7,1
round2,6.8,96,1
round2,6.8,96.1,1
round2,6.8,99.5,1
round2,6.8,99.8,1
round2,8,1.2,1
round2,8,2,1
round2,8,2.1,1
round2,8,2.8,1
round2,8,3.1,1
round2,8,3.2,1
round2,8,3.4,1
round2,8,3.7,1
round2,8,3.8,1
round2,8,4.5,1
round2,8,4.6,2
round2,8,4.8,1
round2,8,5,2
round2,8,5.2,1
round2,8,5.3,1
round2,8,5.5,2
round2,8,5.7,1
round2,8,5.8,1
round2,8,6,1
round2,8,6.1,1
round2,8,6.7,1
round2,8,6.9,1
round2,8,7.5,1
round2,8,7.6,2
round2,8,8,1
round2,8,8.5,1
round2,8,9.2,2
round2,8,9.4,2
round2,8,9.5,1
round2,8,9.9,1
round2,8,11,1
round2,8,11.1,1
round2,8,11.3,1
round2,8,11.7,1
round2,8,11.8,1
round2,8,12,1
round2,8,12.1,2
round2,8,12.7,1
round2,8,13,1
round2,8,13.1,1
round2,8,13.3,1
round2,8,13.8,1
round2,8,13.9,1
round2,8,14,1
round2,8,14.2,1
round2,8,14.3,1
round2,8,15.2,2
round2,8,15.3,2
round2,8,15.9,1
round2,8,16.4,1
round2,8,16.7,1
round2,8,17,1
round2,8,17.3,1
round2,8,17.6,2
round2,8,17.7,1
round2,8,17.9,1
round2,8,18.6,1
round2,8,18.9,1
round2,8,19.5,1
round2,8,21.5,1
round2,8,21.7,1
round2,8,22,1
round2,8,23.4,1
round2,8,23.7,1
round2,8,24.9,1
round2,8,25,1
round2,8,25.1,1
round2,8,25.6,1
round2,8,25.7,1
round2,8,26.1,1
round2,8,27.2,1
round2,8,27.5,1
round2,8,27.7,1
round2,8,28,1
round2,8,28.1,1
round2,8,28.5,1
round2,8,29.2,1
round2,8,29.7,1
round2,8,29.8,1
round2,8,29.9,2
round2,8,30,1
round2,8,30.2,1
round2,8,30.4,1
round2,8,30.7,1
round2,8,31,1
round2,8,31.1,1
round2,8,31.7,1
round2,8,31.8,1
round2,8,31.9,1
round2,8,32,2
round2,8,32.1,1
round2,8,32.4,1
round2,8,33.7,1
round2,8,33.8,1
round2,8,33.9,1
round2,8,34.1,3
round2,8,35.3,1
round2,8,35.6,1
round2,8,35.7,1
round2,8,35.9,1
round2,8,36.3,1
round2,8,36.4,1
round2,8,36.9,2
round2,8,37.2,1
round2,8,38,1
round2,8,38.1,1
round2,8,38.8,1
round2,8,39.5,1
round2,8,39.7,1
round2,8,40.1,1
round2,8,40.2,1
round2,8,41,1
round2,8,41.1,1
round2,8,41.3,2
round2,8,41.4,1
round2,8,41.5,1
round2,8,42.1,1
round2,8,42.2,1
round2,8,42.3,2
round2,8,42.4,1
round2,8,42.7,1
round2,8,42.8,1
round2,8,42.9,1
round2,8,43.6,1
round2,8,43.9,1
round2,8,44,1
round2,8,44.1,1
round2,8,44.3,1
round2,8,44.8,1
round2,8,45,2
round2,8,45.4,1
round2,8,45.7,1
round2,8,45.8,1
round2,8,45.9,1
round2,8,46.5,1
round2,8,46.8,1
round2,8,48.1,2
round2,8,49.1,1
round2,8,49.2,1
round2,8,50,1
round2,8,50.2,2
round2,8,50.3,1
round2,8,50.7,1
round2,8,51.3,1
round2,8,51.5,1
round2,8,51.8,1
round2,8,52,1
round2,8,52.2,1
round2,8,52.3,2
round2,8,52.4,1
round2,8,52.5,1
round2,8,53,1
round2,8,53.2,1
round2,8,53.6,1
round2,8,54.1,1
round2,8,55.1,1
round2,8,55.5,1
round2,8,55.6,1
round2,8,55.8,1
round2,8,56,1
round2,8,56.3,1
round2,8,57,1
round2,8,57.1,2
round2,8,57.8,2
round2,8,58.2,1
round2,8,58.3,1
round2,8,58.5,2
round2,8,58.7,1
round2,8,58.9,1
round2,8,59.1,1
round2,8,59.2,1
round2,8,59.9,2
round2,8,60,1
round2,8,60.1,1
round2,8,60.3,4
round2,8,61.4,1
round2,8,61.9,1
round2,8,62.7,1
round2,8,63,1
round2,8,63.5,1
round2,8,64.3,1
round2,8,64.5,1
round2,8,66.1,1
round2,8,66.7,1
round2,8,67.1,1
round2,8,67.7,1
round2,8,68.1,1
round2,8,68.2,1
round2,8,68.7,1
round2,8,69.2,1
round2,8,69.4,1
round2,8,71.1,1
round2,8,71.8,1
round2,8,72.2,1
round2,8,72.4,2
round2,8,72.7,1
round2,8,72.8,2
round2,8,72.9,1
round2,8,73.2,1
round2,8,74.5,1
round2,8,74.8,1
round2,8,75.4,1
round2,8,76.3,1
round2,8,76.6,1
round2,8,76.8,1
round2,8,77.4,1
round2,8,77.9,1
round2,8,78.1,1
round2,8,78.4,1
round2,8,79,2
round2,8,79.5,1
round2,8,79.8,1
round2,8,80,1
round2,8,80.2,1
round2,8,80.3,1
round2,8,80.4,1
round2,8,80.9,1
round2,8,81.5,1
round2,8,81.8,1
round2,8,82.2,1
round2,8,82.3,1
round2,8,82.9,1
round2,8,83.1,1
round2,8,83.7,1
round2,8,85.8,1
round2,8,86.7,1
round2,8,87.4,1
round2,8,87.6,1
round2,8,87.8,2
round2,8,88,1
round2,8,89.3,1
round2,8,89.6,1
round2,8,89.9,1
round2,8,90,1
round2,8,90.1,1
round2,8,90.7,1
round2,8,91,1
round2,8,91.1,1
round2,8,91.3,1
round2,8,92.2,1
round2,8,92.5,2
round2,8,95.3,2
round2,8,95.4,1
round2,8,96,1
round2,8,96.1,1
round2,8,96.6,1
round2,8,97.8,1
round2,8,98.6,1
round2,8,99.5,1
round2,8,99.7,1
round2,9.6,0.4,1
round2,9.6,0.6,1
round2,9.6,0.7,2
round2,9.6,1.3,1
round2,9.6,2.6,2
round2,9.6,3.1,2
round2,9.6,3.3,1
round2,9.6,3.4,2
round2,9.6,3.5,1
round2,9.6,3.6,1
round2,9.6,3.8,1
round2,9.6,3.9,1
round2,9.6,4.2,1
round2,9.6,4.3,1
round2,9.6,4.5,1
round2,9.6,4.6,2
round2,9.6,4.9,1
round2,9.6,5,1
round2,9.6,6,1
round2,9.6,6.3,1
round2,9.6,6.6,2
round2,9.6,6.9,1
round2,9.6,7.6,1
round2,9.6,7.7,1
round2,9.6,8,1
round2,9.6,8.4,1
round2,9.6,9.9,1
round2,9.6,10,1
round2,9.6,10.4,1
round2,9.6,10.7,1
round2,9.6,11,1
round2,9.6,11.2,1
round2,9.6,11.3,1
round2,9.6,11.5,2
round2,9.6,11.6,1
round2,9.6,11.7,1
round2,9.6,11.9,2
round2,9.6,12.3,1
round2,9.6,12.4,1
round2,9.6,12.8,1
round2,9.6,13,2
round2,9.6,13.4,1
round2,9.6,13.6,1
round2,9.6,13.9,2
round2,9.6,14.8,1
round2,9.6,14.9,2
round2,9.6,15,2
round2,9.6,15.1,1
round2,9.6,15.2,1
round2,9.6,15.3,1
round2,9.6,15.4,1
round2,9.6,15.7,1
round2,9.6,15.8,1
round2,9.6,15.9,1
round2,9.6,16,1
round2,9.6,16.1,1
round2,9.6,16.5,1
round2,9.6,16.7,1
round2,9.6,16.9,2
round2,9.6,17.2,1
round2,9.6,17.3,2
round2,9.6,17.6,3
round2,9.6,18.1,1
round2,9.6,18.3,1
round2,9.6,18.4,1
round2,9.6,18.5,1
round2,9.6,18.8,4
round2,9.6,18.9,2
round2,9.6,19.1,1
round2,9.6,19.6,1
round2,9.6,19.7,1
round2,9.6,19.8,2
round2,9.6,20.4,1
round2,9.6,20.5,2
round2,9.6,20.8,1
round2,9.6,21.1,1
round2,9.6,21.6,2
round2,9.6,21.7,1
round2,9.6,22.3,1
round2,9.6,22.8,1
round2,9.6,23.1,1
round2,9.6,23.9,1
round2,9.6,24,1
round2,9.6,24.7,1
round2,9.6,24.8,2
round2,9.6,25.5,1
round2,9.6,25.6,1
round2,9.6,25.8,1
round2,9.6,25.9,2
round2,9.6,26.2,1
round2,9.6,26.9,2
round2,9.6,27.7,2
round2,9.6,28,1
round2,9.6,28.1,1
round2,9.6,28.3,1
round2,9.6,28.4,1
round2,9.6,29.1,1
round2,9.6,29.4,1
round2,9.6,29.9,1
round2,9.6,30.6,2
round2,9.6,30.7,1
round2,9.6,30.8,1
round2,9.6,30.9,2
round2,9.6,31,1
round2,9.6,31.4,1
round2,9.6,31.5,1
round2,9.6,32.1,2
round2,9.6,32.2,1
round2,9.6,32.3,1
round2,9.6,32.6,2
round2,9.6,32.7,2
round2,9.6,33,1
round2,9.6,33.1,1
round2,9.6,33.7,1
round2,9.6,33.9,1
round2,9.6,34,1
round2,9.6,34.1,1
round2,9.6,34.4,2
round2,9.6,34.6,1
round2,9.6,34.7,1
round2,9.6,34.8,1
round2,9.6,35.3,3
round2,9.6,35.6,2
round2,9.6,35.7,1
round2,9.6,36,1
round2,9.6,36.2,1
round2,9.6,36.6,1
round2,9.6,37.2,1
round2,9.6,37.6,1
round2,9.6,38,1
round2,9.6,38.3,2
round2,9.6,39.1,3
round2,9.6,39.2,1
round2,9.6,39.3,1
round2,9.6,39.6,1
round2,9.6,40.2,1
round2,9.6,40.3,1
round2,9.6,40.4,1
round2,9.6,40.5,1
round2,9.6,40.8,1
round2,9.6,41.2,2
round2,9.6,41.7,1
round2,9.6,42.1,1
round2,9.6,42.2,1
round2,9.6,42.6,1
round2,9.6,42.8,1
round2,9.6,42.9,1
round2,9.6,43.4,1
round2,9.6,43.7,1
round2,9.6,43.8,1
round2,9.6,43.9,1
round2,9.6,44.2,1
round2,9.6,44.4,1
round2,9.6,44.6,1
round2,9.6,45.1,1
round2,9.6,45.3,1
round2,9.6,45.6,1
round2,9.6,45.7,1
round2,9.6,45.9,1
round2,9.6,46.3,1
round2,9.6,46.7,1
round2,9.6,46.9,1
round2,9.6,47.2,2
round2,9.6,47.5,1
round2,9.6,47.7,1
round2,9.6,47.8,1
round2,9.6,48.1,1
round2,9.6,48.5,2
round2,9.6,48.7,1
round2,9.6,48.9,1
round2,9.6,49.1,2
round2,9.6,49.3,1
round2,9.6,49.7,2
round2,9.6,49.9,1
round2,9.6,50.6,2
round2,9.6,51.1,2
round2,9.6,51.2,2
round2,9.6,51.7,2
round2,9.6,52.3,2
round2,9.6,52.4,1
round2,9.6,52.6,1
round2,9.6,52.7,1
round2,9.6,53.1,1
round2,9.6,53.4,1
round2,9.6,53.6,2
round2,9.6,54.1,1
round2,9.6,54.6,1
round2,9.6,55,1
round2,9.6,55.6,1
round2,9.6,55.8,1
round2,9.6,56.1,1
round2,9.6,56.9,1
round2,9.6,57,1
round2,9.6,57.2,1
round2,9.6,57.3,1
round2,9.6,57.6,1
round2,9.6,57.8,1
round2,9.6,57.9,1
round2,9.6,58.3,1
round2,9.6,58.4,1
round2,9.6,58.6,1
round2,9.6,58.9,1
round2,9.6,59.7,1
round2,9.6,59.9,1
round2,9.6,60,2
round2,9.6,60.5,1
round2,9.6,60.6,1
round2,9.6,61.9,1
round2,9.6,62.2,1
round2,9.6,62.4,1
round2,9.6,62.5,1
round2,9.6,62.7,1
round2,9.6,62.9,1
round2,9.6,63.1,1
round2,9.6,63.2,1
round2,9.6,63.9,1
round2,9.6,64.5,1
round2,9.6,64.7,2
round2,9.6,65.2,1
round2,9.6,65.3,1
round2,9.6,65.4,1
round2,9.6,65.9,2
round2,9.6,66.1,1
round2,9.6,66.6,1
round2,9.6,66.8,2
round2,9.6,66.9,1
round2,9.6,67,1
round2,9.6,67.4,1
round2,9.6,67.9,1
round2,9.6,68,1
round2,9.6,68.6,1
round2,9.6,68.9,3
round2,9.6,69.1,1
round2,9.6,69.5,1
round2,9.6,69.6,1
round2,9.6,69.7,1
round2,9.6,69.9,1
round2,9.6,70,1
round2,9.6,70.3,1
round2,9.6,70.5,2
round2,9.6,71.8,1
round2,9.6,72.2,2
round2,9.6,72.3,1
round2,9.6,72.6,1
round2,9.6,72.8,1
round2,9.6,73.1,2
round2,9.6,73.5,1
round2,9.6,73.6,1
round2,9.6,73.7,3
round2,9.6,73.8,1
round2,9.6,74.2,1
round2,9.6,74.4,1
round2,9.6,74.7,1
round2,9.6,75.1,1
round2,9.6,75.5,1
round2,9.6,75.6,1
round2,9.6,75.7,1
round2,9.6,75.8,1
round2,9.6,75.9,1
round2,9.6,76.1,1
round2,9.6,76.3,2
round2,9.6,76.5,1
round2,9.6,77.1,1
round2,9.6,77.5,1
round2,9.6,77.9,1
round2,9.6,78,1
round2,9.6,78.1,2
round2,9.6,78.2,1
round2,9.6,78.3,1
round2,9.6,78.6,1
round2,9.6,78.7,1
round2,9.6,78.8,1
round2,9.6,79.2,1
round2,9.6,79.3,1
round2,9.6,79.6,1
round2,9.6,79.8,1
round2,9.6,80.5,1
round2,9.6,81,1
round2,9.6,81.1,2
round2,9.6,81.9,1
round2,9.6,82.1,2
round2,9.6,82.5,1
round2,9.6,83,1
round2,9.6,83.3,2
round2,9.6,83.8,1
round2,9.6,84.3,2
round2,9.6,84.4,1
round2,9.6,84.9,1
round2,9.6,85.2,1
round2,9.6,85.6,1
round2,9.6,86.2,1
round2,9.6,86.3,1
round2,9.6,86.7,2
round2,9.6,87,1
round2,9.6,87.3,1
round2,9.6,87.6,1
round2,9.6,88.4,1
round2,9.6,88.5,1
round2,9.6,88.6,1
round2,9.6,88.7,1
round2,9.6,88.8,1
round2,9.6,88.9,2
round2,9.6,89.2,2
round2,9.6,89.3,2
round2,9.6,89.4,1
round2,9.6,89.6,1
round2,9.6,89.7,1
round2,9.6,90.5,1
round2,9.6,90.7,1
round2,9.6,90.9,2
round2,9.6,91,2
round2,9.6,91.1,1
round2,9.6,91.2,1
round2,9.6,91.5,1
round2,9.6,92.1,1
round2,9.6,92.3,1
round2,9.6,92.8,1
round2,9.6,93.4,1
round2,9.6,94.2,2
round2,9.6,94.4,1
round2,9.6,94.5,1
round2,9.6,94.8,1
round2,9.6,95.5,1
round2,9.6,96.2,1
round2,9.6,96.4,1
round2,9.6,97.2,1
round2,9.6,98.2,1
round2,9.6,98.3,1
round2,9.6,98.8,1
round2,9.6,99.1,1
round2,11.6,0.2,1
round2,11.6,0.3,1
round2,11.6,1.2,1
round2,11.6,1.3,1
round2,11.6,1.4,1
round2,11.6,1.6,1
round2,11.6,1.8,1
round2,11.6,2,1
round2,11.6,2.4,1
round2,11.6,2.7,2
round2,11.6,3,1
round2,11.6,3.1,1
round2,11.6,3.2,1
round2,11.6,3.4,2
round2,11.6,3.9,2
round2,11.6,4.1,1
round2,11.6,4.5,1
round2,11.6,4.6,1
round2,11.6,4.8,2
round2,11.6,4.9,1
round2,11.6,5,1
round2,11.6,5.3,1
round2,11.6,5.5,1
round2,11.6,5.7,2
round2,11.6,5.8,1
round2,11.6,5.9,1
round2,11.6,6.1,1
round2,11.6,6.9,2
round2,11.6,7.2,1
round2,11.6,7.3,1
round2,11.6,7.6,1
round2,11.6,7.7,1
round2,11.6,7.8,1
round2,11.6,8.5,2
round2,11.6,8.8,2
round2,11.6,9.2,2
round2,11.6,9.3,2
round2,11.6,9.4,1
round2,11.6,10.5,1
round2,11.6,10.7,1
round2,11.6,11.1,1
round2,11.6,11.3,1
round2,11.6,11.4,1
round2,11.6,11.9,1
round2,11.6,12.1,2
round2,11.6,12.4,1
round2,11.6,12.5,1
round2,11.6,12.7,1
round2,11.6,13,1
round2,11.6,13.2,1
round2,11.6,13.4,1
round2,11.6,13.6,3
round2,11.6,13.7,2
round2,11.6,13.9,1
round2,11.6,14.2,1
round2,11.6,14.3,1
round2,11.6,14.7,2
round2,11.6,15,2
round2,11.6,15.1,1
round2,11.6,15.2,1
round2,11.6,15.3,1
round2,11.6,15.4,1
round2,11.6,15.6,1
round2,11.6,15.8,2
round2,11.6,15.9,1
round2,11.6,16.3,1
round2,11.6,16.4,3
round2,11.6,16.5,1
round2,11.6,17.1,2
round2,11.6,17.2,1
round2,11.6,17.4,1
round2,11.6,17.8,1
round2,11.6,17.9,1
round2,11.6,18.6,2
round2,11.6,18.7,2
round2,11.6,19,1
round2,11.6,19.1,1
round2,11.6,19.3,1
round2,11.6,19.5,1
round2,11.6,19.9,1
round2,11.6,20,3
round2,11.6,20.1,1
round2,11.6,20.3,3
round2,11.6,20.7,1
round2,11.6,21,1
round2,11.6,21.1,1
round2,11.6,21.4,1
round2,11.6,21.6,1
round2,11.6,21.7,1
round2,11.6,21.9,2
round2,11.6,22,1
round2,11.6,22.2,3
round2,11.6,22.6,1
round2,11.6,22.7,1
round2,11.6,22.9,1
round2,11.6,23.2,1
round2,11.6,23.4,1
round2,11.6,23.7,1
round2,11.6,23.8,1
round2,11.6,23.9,4
round2,11.6,24,1
round2,11.6,24.1,2
round2,11.6,24.4,1
round2,11.6,24.5,1
round2,11.6,24.6,1
round2,11.6,24.7,3
round2,11.6,24.9,1
round2,11.6,25,2
round2,11.6,25.1,2
round2,11.6,25.3,2
round2,11.6,25.4,1
round2,11.6,25.7,2
round2,11.6,25.8,2
round2,11.6,25.9,1
round2,11.6,26,1
round2,11.6,26.2,1
round2,11.6,26.3,2
round2,11.6,26.6,1
round2,11.6,26.7,2
round2,11.6,27.1,1
round2,11.6,27.6,1
round2,11.6,27.7,2
round2,11.6,27.8,1
round2,11.6,28.1,2
round2,11.6,28.4,1
round2,11.6,28.5,1
round2,11.6,28.7,1
round2,11.6,29,1
round2,11.6,29.1,1
round2,11.6,29.2,1
round2,11.6,29.3,2
round2,11.6,29.7,2
round2,11.6,29.9,2
round2,11.6,30,2
round2,11.6,30.2,1
round2,11.6,30.3,3
round2,11.6,30.9,1
round2,11.6,31.1,1
round2,11.6,31.2,2
round2,11.6,31.4,1
round2,11.6,31.7,1
round2,11.6,32,2
round2,11.6,32.2,2
round2,11.6,32.3,1
round2,11.6,32.5,2
round2,11.6,32.8,1
round2,11.6,32.9,1
round2,11.6,33,2
round2,11.6,33.4,1
round2,11.6,34,2
round2,11.6,34.1,1
round2,11.6,34.2,1
round2,11.6,34.3,2
round2,11.6,34.7,1
round2,11.6,34.8,1
round2,11.6,35.3,1
round2,11.6,35.5,2
round2,11.6,35.7,1
round2,11.6,35.8,1
round2,11.6,35.9,1
round2,11.6,36,1
round2,11.6,36.1,1
round2,11.6,36.4,1
round2,11.6,36.5,1
round2,11.6,36.6,1
round2,11.6,36.8,2
round2,11.6,36.9,1
round2,11.6,37,1
round2,11.6,37.1,1
round2,11.6,37.3,1
round2,11.6,37.4,3
round2,11.6,37.5,2
round2,11.6,37.7,1
round2,11.6,37.9,1
round2,11.6,38,1
round2,11.6,38.1,1
round2,11.6,38.4,1
round2,11.6,38.6,1
round2,11.6,38.7,1
round2,11.6,38.8,1
round2,11.6,39.2,2
round2,11.6,39.6,1
round2,11.6,39.8,1
round2,11.6,40.1,1
round2,11.6,40.4,1
round2,11.6,40.7,1
round2,11.6,40.9,1
round2,11.6,41,1
round2,11.6,41.1,2
round2,11.6,41.5,2
round2,11.6,41.6,1
round2,11.6,41.7,2
round2,11.6,41.9,1
round2,11.6,42,1
round2,11.6,42.1,1
round2,11.6,42.4,1
round2,11.6,42.7,2
round2,11.6,43.2,1
round2,11.6,43.6,1
round2,11.6,43.7,1
round2,11.6,43.8,1
round2,11.6,43.9,1
round2,11.6,44,1
round2,11.6,44.1,3
round2,11.6,44.4,1
round2,11.6,44.6,1
round2,11.6,44.8,1
round2,11.6,45,1
round2,11.6,45.2,1
round2,11.6,45.4,1
round2,11.6,45.7,2
round2,11.6,46,1
round2,11.6,46.6,1
round2,11.6,47.3,1
round2,11.6,47.5,1
round2,11.6,48,1
round2,11.6,48.1,1
round2,11.6,48.4,2
round2,11.6,48.6,1
round2,11.6,48.8,1
round2,11.6,48.9,2
round2,11.6,49.1,1
round2,11.6,49.5,2
round2,11.6,49.8,1
round2,11.6,49.9,1
round2,11.6,50.5,1
round2,11.6,50.9,1
round2,11.6,51.4,1
round2,11.6,51.7,2
round2,11.6,51.8,1
round2,11.6,52.4,1
round2,11.6,52.7,1
round2,11.6,52.9,1
round2,11.6,53.1,1
round2,11.6,53.5,1
round2,11.6,54.2,1
round2,11.6,54.8,1
round2,11.6,55,1
round2,11.6,55.4,2
round2,11.6,55.6,1
round2,11.6,55.8,1
round2,11.6,55.9,1
round2,11.6,56.8,2
round2,11.6,56.9,2
round2,11.6,57,2
round2,11.6,57.1,1
round2,11.6,57.3,2
round2,11.6,57.6,2
round2,11.6,57.7,1
round2,11.6,58,1
round2,11.6,58.1,1
round2,11.6,58.6,1
round2,11.6,59.5,2
round2,11.6,59.7,1
round2,11.6,60,1
round2,11.6,60.1,2
round2,11.6,60.3,1
round2,11.6,60.4,1
round2,11.6,60.9,1
round2,11.6,61.3,1
round2,11.6,61.5,1
round2,11.6,62,1
round2,11.6,62.2,1
round2,11.6,62.3,1
round2,11.6,62.6,1
round2,11.6,62.8,2
round2,11.6,62.9,1
round2,11.6,63.2,1
round2,11.6,63.3,1
round2,11.6,63.5,2
round2,11.6,63.7,1
round2,11.6,63.8,1
round2,11.6,63.9,1
round2,11.6,64.2,2
round2,11.6,64.3,1
round2,11.6,64.4,1
round2,11.6,64.6,1
round2,11.6,64.8,1
round2,11.6,65,1
round2,11.6,65.1,1
round2,11.6,65.5,1
round2,11.6,65.6,2
round2,11.6,65.9,1
round2,11.6,66,1
round2,11.6,66.4,1
round2,11.6,66.9,2
round2,11.6,67,1
round2,11.6,67.4,1
round2,11.6,67.8,1
round2,11.6,67.9,1
round2,11.6,68,1
round2,11.6,68.5,1
round2,11.6,68.6,1
round2,11.6,68.8,1
round2,11.6,69.2,1
round2,11.6,69.4,1
round2,11.6,69.7,1
round2,11.6,69.8,1
round2,11.6,69.9,1
round2,11.6,70.4,1
round2,11.6,71.4,1
round2,11.6,71.6,1
round2,11.6,71.7,1
round2,11.6,71.9,1
round2,11.6,72.1,1
round2,11.6,72.2,2
round2,11.6,72.3,2
round2,11.6,72.7,1
round2,11.6,72.9,1
round2,11.6,73,3
round2,11.6,73.6,1
round2,11.6,74,2
round2,11.6,74.1,1
round2,11.6,74.2,1
round2,11.6,74.8,1
round2,11.6,75.5,1
round2,11.6,75.7,1
round2,11.6,75.8,1
round2,11.6,76.1,1
round2,11.6,76.6,2
round2,11.6,76.8,1
round2,11.6,77,2
round2,11.6,77.3,1
round2,11.6,77.4,1
round2,11.6,77.5,1
round2,11.6,77.8,1
round2,11.6,78.4,1
round2,11.6,78.7,1
round2,11.6,79.2,1
round2,11.6,79.7,1
round2,11.6,80,1
round2,11.6,80.3,1
round2,11.6,80.4,1
round2,11.6,80.6,1
round2,11.6,80.8,1
round2,11.6,80.9,3
round2,11.6,81.1,1
round2,11.6,81.2,1
round2,11.6,81.3,1
round2,11.6,81.9,1
round2,11.6,82.1,1
round2,11.6,82.3,1
round2,11.6,82.4,1
round2,11.6,82.5,1
round2,11.6,82.6,2
round2,11.6,82.7,1
round2,11.6,83.3,1
round2,11.6,83.4,1
round2,11.6,84.2,1
round2,11.6,84.4,1
round2,11.6,84.7,2
round2,11.6,85.2,2
round2,11.6,85.6,1
round2,11.6,86.1,2
round2,11.6,86.3,1
round2,11.6,87.1,1
round2,11.6,87.2,1
round2,11.6,87.3,1
round2,11.6,88.4,1
round2,11.6,88.6,1
round2,11.6,88.7,1
round2,11.6,89.2,1
round2,11.6,89.7,1
round2,11.6,89.9,1
round2,11.6,90.3,1
round2,11.6,90.8,1
round2,11.6,90.9,1
round2,11.6,91,1
round2,11.6,91.3,1
round2,11.6,92.2,1
round2,11.6,92.3,1
round2,11.6,92.9,1
round2,11.6,93,2
round2,11.6,94.2,1
round2,11.6,94.3,1
round2,11.6,95.2,1
round2,11.6,95.7,1
round2,11.6,96.4,1
round2,11.6,96.8,1
round2,11.6,97.1,2
round2,11.6,98.4,1
round2,11.6,99.5,1
round2,13.9,0.1,1
round2,13.9,0.2,1
round2,13.9,0.5,1
round2,13.9,0.6,1
round2,13.9,1,2
round2,13.9,1.1,1
round2,13.9,1.3,1
round2,13.9,1.5,1
round2,13.9,1.6,1
round2,13.9,1.7,1
round2,13.9,1.8,2
round2,13.9,1.9,1
round2,13.9,2.6,1
round2,13.9,3.5,1
round2,13.9,3.7,1
round2,13.9,4.3,2
round2,13.9,4.5,2
round2,13.9,4.8,4
round2,13.9,5,1
round2,13.9,5.5,2
round2,13.9,5.6,1
round2,13.9,5.8,1
round2,13.9,5.9,1
round2,13.9,6.1,1
round2,13.9,6.2,1
round2,13.9,6.3,1
round2,13.9,6.8,1
round2,13.9,6.9,1
round2,13.9,7,1
round2,13.9,7.1,1
round2,13.9,7.4,1
round2,13.9,7.6,1
round2,13.9,7.8,1
round2,13.9,8.1,1
round2,13.9,8.2,1
round2,13.9,8.3,1
round2,13.9,8.5,1
round2,13.9,8.8,1
round2,13.9,8.9,1
round2,13.9,9,1
round2,13.9,9.1,1
round2,13.9,9.2,2
round2,13.9,9.3,1
round2,13.9,9.8,2
round2,13.9,10,1
round2,13.9,10.2,1
round2,13.9,10.3,4
round2,13.9,10.4,3
round2,13.9,10.5,1
round2,13.9,10.6,2
round2,13.9,10.9,1
round2,13.9,11.1,1
round2,13.9,11.2,1
round2,13.9,11.5,1
round2,13.9,11.9,3
round2,13.9,12.1,1
round2,13.9,12.2,1
round2,13.9,12.3,2
round2,13.9,12.7,2
round2,13.9,12.8,2
round2,13.9,13.1,1
round2,13.9,13.3,1
round2,13.9,13.5,1
round2,13.9,14.1,1
round2,13.9,14.4,1
round2,13.9,14.6,1
round2,13.9,14.9,1
round2,13.9,15,1
round2,13.9,15.1,1
round2,13.9,15.3,1
round2,13.9,15.4,2
round2,13.9,15.5,2
round2,13.9,15.6,2
round2,13.9,15.9,1
round2,13.9,16.1,1
round2,13.9,16.3,1
round2,13.9,16.4,1
round2,13.9,16.5,2
round2,13.9,16.6,3
round2,13.9,16.8,1
round2,13.9,17,3
round2,13.9,17.4,1
round2,13.9,17.9,1
round2,13.9,18,2
round2,13.9,18.2,1
round2,13.9,18.3,2
round2,13.9,18.5,1
round2,13.9,18.6,1
round2,13.9,19.2,1
round2,13.9,19.4,1
round2,13.9,19.6,1
round2,13.9,20,2
round2,13.9,20.1,1
round2,13.9,20.2,2
round2,13.9,20.3,1
round2,13.9,20.6,1
round2,13.9,20.7,1
round2,13.9,20.8,1
round2,13.9,20.9,2
round2,13.9,21,1
round2,13.9,21.1,3
round2,13.9,21.2,2
round2,13.9,21.3,1
round2,13.9,21.5,1
round2,13.9,21.8,1
round2,13.9,21.9,2
round2,13.9,22.4,1
round2,13.9,22.6,2
round2,13.9,22.7,1
round2,13.9,22.8,1
round2,13.9,22.9,2
round2,13.9,23.5,1
round2,13.9,23.6,1
round2,13.9,23.7,1
round2,13.9,24,1
round2,13.9,24.1,1
round2,13.9,24.6,2
round2,13.9,24.7,2
round2,13.9,24.9,1
round2,13.9,25.5,1
round2,13.9,26,2
round2,13.9,26.1,1
round2,13.9,26.3,1
round2,13.9,26.5,4
round2,13.9,26.6,1
round2,13.9,26.8,1
round2,13.9,26.9,1
round2,13.9,27,1
round2,13.9,27.1,1
round2,13.9,27.2,2
round2,13.9,27.3,1
round2,13.9,27.4,3
round2,13.9,27.5,1
round2,13.9,27.7,2
round2,13.9,27.8,1
round2,13.9,28,2
round2,13.9,28.1,1
round2,13.9,28.2,3
round2,13.9,28.4,2
round2,13.9,28.7,1
round2,13.9,29,1
round2,13.9,29.1,1
round2,13.9,29.4,1
round2,13.9,29.6,2
round2,13.9,29.8,1
round2,13.9,29.9,1
round2,13.9,30.3,1
round2,13.9,30.8,2
round2,13.9,31.3,1
round2,13.9,31.4,2
round2,13.9,32,1
round2,13.9,32.1,1
round2,13.9,32.2,1
round2,13.9,32.3,2
round2,13.9,32.4,2
round2,13.9,32.7,1
round2,13.9,33.1,5
round2,13.9,33.2,1
round2,13.9,33.8,1
round2,13.9,34.3,2
round2,13.9,34.4,1
round2,13.9,34.7,1
round2,13.9,34.9,2
round2,13.9,35.1,1
round2,13.9,35.6,2
round2,13.9,35.8,1
round2,13.9,35.9,1
round2,13.9,36.2,2
round2,13.9,36.7,2
round2,13.9,36.8,1
round2,13.9,36.9,2
round2,13.9,37.2,2
round2,13.9,37.3,1
round2,13.9,37.5,2
round2,13.9,37.8,2
round2,13.9,37.9,1
round2,13.9,38.2,1
round2,13.9,38.3,1
round2,13.9,38.5,3
round2,13.9,38.8,1
round2,13.9,38.9,1
round2,13.9,39,1
round2,13.9,39.4,1
round2,13.9,39.5,2
round2,13.9,39.8,3
round2,13.9,40.5,2
round2,13.9,40.9,2
round2,13.9,41,2
round2,13.9,41.2,1
round2,13.9,41.6,2
round2,13.9,41.8,2
round2,13.9,41.9,2
round2,13.9,42,1
round2,13.9,42.7,1
round2,13.9,42.8,1
round2,13.9,42.9,1
round2,13.9,43.5,1
round2,13.9,43.6,1
round2,13.9,44,2
round2,13.9,44.1,2
round2,13.9,44.4,1
round2,13.9,44.5,1
round2,13.9,44.6,1
round2,13.9,45.4,2
round2,13.9,45.9,1
round2,13.9,46.1,1
round2,13.9,46.3,1
round2,13.9,46.4,1
round2,13.9,46.6,1
round2,13.9,46.7,1
round2,13.9,46.8,2
round2,13.9,47,1
round2,13.9,47.4,1
round2,13.9,47.7,1
round2,13.9,47.8,1
round2,13.9,48,1
round2,13.9,48.1,1
round2,13.9,48.2,1
round2,13.9,48.5,1
round2,13.9,48.8,1
round2,13.9,48.9,1
round2,13.9,49,1
round2,13.9,49.1,2
round2,13.9,49.2,1
round2,13.9,49.7,1
round2,13.9,49.8,2
round2,13.9,50,1
round2,13.9,50.1,1
round2,13.9,50.2,1
round2,13.9,50.4,1
round2,13.9,51,1
round2,13.9,51.4,1
round2,13.9,51.5,1
round2,13.9,51.8,1
round2,13.9,51.9,1
round2,13.9,52.3,1
round2,13.9,52.4,1
round2,13.9,52.6,1
round2,13.9,52.7,1
round2,13.9,52.8,1
round2,13.9,52.9,3
round2,13.9,53.4,2
round2,13.9,53.8,1
round2,13.9,53.9,1
round2,13.9,54,1
round2,13.9,54.6,2
round2,13.9,54.8,1
round2,13.9,55,1
round2,13.9,55.2,2
round2,13.9,55.3,1
round2,13.9,55.4,1
round2,13.9,55.5,1
round2,13.9,55.6,1
round2,13.9,55.7,1
round2,13.9,55.9,2
round2,13.9,56,1
round2,13.9,56.6,2
round2,13.9,56.9,1
round2,13.9,57.5,2
round2,13.9,57.8,1
round2,13.9,57.9,1
round2,13.9,58,2
round2,13.9,58.3,1
round2,13.9,58.4,1
round2,13.9,58.7,1
round2,13.9,58.8,1
round2,13.9,59,1
round2,13.9,59.2,1
round2,13.9,60,1
round2,13.9,60.1,1
round2,13.9,60.4,1
round2,13.9,60.6,3
round2,13.9,61,1
round2,13.9,61.1,3
round2,13.9,61.2,1
round2,13.9,61.3,1
round2,13.9,61.6,1
round2,13.9,62.1,2
round2,13.9,62.2,2
round2,13.9,62.5,1
round2,13.9,63,1
round2,13.9,63.1,1
round2,13.9,63.3,1
round2,13.9,63.5,2
round2,13.9,63.6,1
round2,13.9,63.8,2
round2,13.9,64.2,1
round2,13.9,64.6,1
round2,13.9,64.9,1
round2,13.9,65.4,1
round2,13.9,65.8,1
round2,13.9,66.5,1
round2,13.9,66.6,2
round2,13.9,66.8,1
round2,13.9,66.9,1
round2,13.9,67.8,2
round2,13.9,68.1,1
round2,13.9,68.2,1
round2,13.9,68.3,1
round2,13.9,68.4,1
round2,13.9,68.9,1
round2,13.9,69.7,2
round2,13.9,70.2,1
round2,13.9,70.3,1
round2,13.9,70.4,1
round2,13.9,70.6,1
round2,13.9,70.7,1
round2,13.9,70.8,2
round2,13.9,70.9,1
round2,13.9,71,1
round2,13.9,71.1,1
round2,13.9,71.2,1
round2,13.9,71.6,1
round2,13.9,72,1
round2,13.9,72.2,1
round2,13.9,72.3,2
round2,13.9,72.5,1
round2,13.9,72.6,1
round2,13.9,73.2,1
round2,13.9,73.3,1
round2,13.9,73.5,2
round2,13.9,73.6,2
round2,13.9,73.7,2
round2,13.9,74.5,1
round2,13.9,74.8,1
round2,13.9,75.1,1
round2,13.9,75.3,1
round2,13.9,75.9,1
round2,13.9,76.7,1
round2,13.9,77.4,1
round2,13.9,77.6,1
round2,13.9,77.7,3
round2,13.9,78.2,2
round2,13.9,78.3,1
round2,13.9,78.4,1
round2,13.9,78.6,1
round2,13.9,78.8,1
round2,13.9,79.1,2
round2,13.9,79.2,2
round2,13.9,80.4,1
round2,13.9,80.7,1
round2,13.9,81.3,1
round2,13.9,81.4,1
round2,13.9,81.9,1
round2,13.9,82,1
round2,13.9,82.1,1
round2,13.9,82.2,1
round2,13.9,82.3,1
round2,13.9,82.4,1
round2,13.9,82.6,1
round2,13.9,82.7,1
round2,13.9,82.8,1
round2,13.9,83,1
round2,13.9,83.1,1
round2,13.9,83.8,1
round2,13.9,84.3,2
round2,13.9,84.5,1
round2,13.9,84.9,1
round2,13.9,85,2
round2,13.9,85.1,1
round2,13.9,85.3,3
round2,13.9,85.4,2
round2,13.9,85.7,1
round2,13.9,85.9,1
round2,13.9,86.3,1
round2,13.9,86.4,3
round2,13.9,86.6,1
round2,13.9,86.9,3
round2,13.9,87.1,1
round2,13.9,87.6,1
round2,13.9,87.8,1
round2,13.9,88,1
round2,13.9,88.1,1
round2,13.9,88.2,1
round2,13.9,88.3,2
round2,13.9,88.4,1
round2,13.9,89.1,1
round2,13.9,89.4,1
round2,13.9,89.7,2
round2,13.9,89.8,1
round2,13.9,90.1,1
round2,13.9,90.4,1
round2,13.9,90.5,1
round2,13.9,90.6,1
round2,13.9,91,1
round2,13.9,91.2,1
round2,13.9,91.7,2
round2,13.9,91.9,1
round2,13.9,92.1,3
round2,13.9,92.5,2
round2,13.9,92.7,1
round2,13.9,93.5,1
round2,13.9,93.6,1
round2,13.9,93.7,1
round2,13.9,94.1,1
round2,13.9,94.5,1
round2,13.9,94.6,1
round2,13.9,96,1
round2,13.9,96.3,1
round2,13.9,96.7,1
round2,13.9,96.8,2
round2,13.9,96.9,1
round2,13.9,97.4,1
round2,13.9,97.8,1
round2,13.9,97.9,1
round2,13.9,98.1,1
round2,13.9,98.4,1
round2,13.9,98.7,1
round2,13.9,99.1,1
round2,13.9,99.3,1
round2,16.9,0.2,1
round2,16.9,0.4,1
round2,16.9,0.5,1
round2,16.9,0.6,1
round2,16.9,1.1,1
round2,16.9,1.3,1
round2,16.9,1.6,1
round2,16.9,1.7,1
round2,16.9,2,3
round2,16.9,2.1,2
round2,16.9,2.2,2
round2,16.9,2.3,1
round2,16.9,2.4,1
round2,16.9,2.6,2
round2,16.9,2.7,3
round2,16.9,3.1,1
round2,16.9,3.3,1
round2,16.9,3.4,1
round2,16.9,3.5,2
round2,16.9,3.6,3
round2,16.9,3.7,1
round2,16.9,3.8,1
round2,16.9,3.9,2
round2,16.9,4,2
round2,16.9,4.1,2
round2,16.9,4.3,2
round2,16.9,4.4,1
round2,16.9,4.5,2
round2,16.9,4.8,1
round2,16.9,4.9,1
round2,16.9,5.2,4
round2,16.9,5.3,2
round2,16.9,5.5,1
round2,16.9,5.7,2
round2,16.9,5.8,1
round2,16.9,5.9,1
round2,16.9,6,2
round2,16.9,6.3,1
round2,16.9,6.4,1
round2,16.9,6.6,2
round2,16.9,6.7,4
round2,16.9,6.8,1
round2,16.9,6.9,2
round2,16.9,7,1
round2,16.9,7.1,1
round2,16.9,7.2,1
round2,16.9,7.3,2
round2,16.9,7.4,1
round2,16.9,7.6,1
round2,16.9,7.7,3
round2,16.9,7.8,1
round2,16.9,7.9,1
round2,16.9,8,1
round2,16.9,8.2,1
round2,16.9,8.4,1
round2,16.9,8.5,3
round2,16.9,8.6,4
round2,16.9,8.7,1
round2,16.9,8.9,1
round2,16.9,9,1
round2,16.9,9.1,3
round2,16.9,9.5,1
round2,16.9,9.6,1
round2,16.9,9.7,1
round2,16.9,9.8,2
round2,16.9,9.9,1
round2,16.9,10.1,1
round2,16.9,10.2,1
round2,16.9,10.5,1
round2,16.9,10.7,1
round2,16.9,10.8,1
round2,16.9,11,1
round2,16.9,11.1,1
round2,16.9,11.2,3
round2,16.9,11.3,1
round2,16.9,11.4,1
round2,16.9,11.7,1
round2,16.9,11.8,3
round2,16.9,11.9,1
round2,16.9,12,2
round2,16.9,12.1,2
round2,16.9,12.4,2
round2,16.9,12.6,1
round2,16.9,12.7,2
round2,16.9,12.8,1
round2,16.9,12.9,2
round2,16.9,13.2,2
round2,16.9,13.4,1
round2,16.9,13.6,2
round2,16.9,13.7,1
round2,16.9,13.8,1
round2,16.9,14,4
round2,16.9,14.3,1
round2,16.9,14.4,2
round2,16.9,14.5,3
round2,16.9,14.6,1
round2,16.9,14.7,2
round2,16.9,15.1,1
round2,16.9,15.3,3
round2,16.9,15.4,2
round2,16.9,15.6,2
round2,16.9,15.7,3
round2,16.9,15.8,2
round2,16.9,16,6
round2,16.9,16.1,1
round2,16.9,16.2,2
round2,16.9,16.5,1
round2,16.9,16.6,1
round2,16.9,16.7,2
round2,16.9,16.8,2
round2,16.9,16.9,2
round2,16.9,17,1
round2,16.9,17.1,2
round2,16.9,17.2,1
round2,16.9,17.4,1
round2,16.9,17.5,2
round2,16.9,17.7,1
round2,16.9,17.9,1
round2,16.9,18.1,1
round2,16.9,18.2,1
round2,16.9,18.3,3
round2,16.9,18.4,1
round2,16.9,18.5,2
round2,16.9,18.6,1
round2,16.9,18.7,1
round2,16.9,18.8,1
round2,16.9,18.9,1
round2,16.9,19,2
round2,16.9,19.2,1
round2,16.9,19.5,1
round2,16.9,19.6,3
round2,16.9,20.1,2
round2,16.9,20.3,3
round2,16.9,20.5,1
round2,16.9,20.9,1
round2,16.9,21,1
round2,16.9,21.1,1
round2,16.9,21.4,2
round2,16.9,21.6,1
round2,16.9,21.7,4
round2,16.9,21.8,2
round2,16.9,22.1,2
round2,16.9,22.2,1
round2,16.9,22.5,2
round2,16.9,22.6,3
round2,16.9,22.9,2
round2,16.9,23.1,1
round2,16.9,23.2,1
round2,16.9,23.4,1
round2,16.9,23.5,1
round2,16.9,23.6,1
round2,16.9,23.8,2
round2,16.9,24.1,2
round2,16.9,24.2,2
round2,16.9,24.3,2
round2,16.9,24.4,1
round2,16.9,24.5,1
round2,16.9,24.7,1
round2,16.9,24.8,3
round2,16.9,24.9,1
round2,16.9,25.1,2
round2,16.9,25.4,2
round2,16.9,25.5,2
round2,16.9,25.6,1
round2,16.9,25.9,1
round2,16.9,26.3,1
round2,16.9,26.4,1
round2,16.9,26.5,1
round2,16.9,26.6,1
round2,16.9,26.7,1
round2,16.9,26.9,1
round2,16.9,27,2
round2,16.9,27.1,1
round2,16.9,27.2,2
round2,16.9,27.3,1
round2,16.9,27.4,1
round2,16.9,27.5,1
round2,16.9,27.6,1
round2,16.9,27.7,1
round2,16.9,27.8,2
round2,16.9,27.9,1
round2,16.9,28,3
round2,16.9,28.1,1
round2,16.9,28.3,2
round2,16.9,28.4,1
round2,16.9,28.5,3
round2,16.9,28.6,2
round2,16.9,28.7,2
round2,16.9,28.9,1
round2,16.9,29,1
round2,16.9,29.2,1
round2,16.9,29.3,1
round2,16.9,29.4,1
round2,16.9,29.5,3
round2,16.9,29.9,1
round2,16.9,30,1
round2,16.9,30.1,2
round2,16.9,30.2,2
round2,16.9,30.4,2
round2,16.9,30.6,1
round2,16.9,30.7,3
round2,16.9,31,2
round2,16.9,31.1,1
round2,16.9,31.2,2
round2,16.9,31.3,1
round2,16.9,31.4,3
round2,16.9,31.7,1
round2,16.9,32,1
round2,16.9,32.1,3
round2,16.9,32.2,1
round2,16.9,32.4,1
round2,16.9,32.7,2
round2,16.9,33.3,2
round2,16.9,33.5,1
round2,16.9,33.6,2
round2,16.9,33.7,2
round2,16.9,34,1
round2,16.9,34.1,1
round2,16.9,34.2,2
round2,16.9,34.3,1
round2,16.9,34.4,1
round2,16.9,34.5,1
round2,16.9,34.6,3
round2,16.9,34.8,1
round2,16.9,34.9,1
round2,16.9,35,4
round2,16.9,35.2,1
round2,16.9,35.4,1
round2,16.9,35.6,2
round2,16.9,35.7,1
round2,16.9,35.8,2
round2,16.9,35.9,2
round2,16.9,36.1,4
round2,16.9,36.2,1
round2,16.9,36.3,1
round2,16.9,36.4,5
round2,16.9,36.6,1
round2,16.9,36.8,1
round2,16.9,36.9,1
round2,16.9,37.1,1
round2,16.9,37.3,1
round2,16.9,37.4,1
round2,16.9,37.5,1
round2,16.9,37.6,1
round2,16.9,37.7,1
round2,16.9,37.8,2
round2,16.9,38,2
round2,16.9,38.2,3
round2,16.9,38.3,1
round2,16.9,38.5,1
round2,16.9,38.7,1
round2,16.9,39,1
round2,16.9,39.1,2
round2,16.9,39.4,2
round2,16.9,39.5,1
round2,16.9,39.6,1
round2,16.9,39.7,1
round2,16.9,39.8,2
round2,16.9,40,1
round2,16.9,40.2,1
round2,16.9,40.4,2
round2,16.9,40.5,1
round2,16.9,40.6,1
round2,16.9,40.7,1
round2,16.9,40.8,2
round2,16.9,40.9,3
round2,16.9,41.4,1
round2,16.9,41.5,1
round2,16.9,41.6,1
round2,16.9,41.8,1
round2,16.9,41.9,1
round2,16.9,42.1,2
round2,16.9,42.2,1
round2,16.9,42.5,2
round2,16.9,42.9,1
round2,16.9,43.1,3
round2,16.9,43.3,1
round2,16.9,43.4,1
round2,16.9,43.5,1
round2,16.9,43.6,1
round2,16.9,43.8,1
round2,16.9,44,1
round2,16.9,44.1,2
round2,16.9,44.2,1
round2,16.9,44.3,2
round2,16.9,44.5,1
round2,16.9,44.6,1
round2,16.9,44.7,1
round2,16.9,44.8,2
round2,16.9,45,2
round2,16.9,45.1,1
round2,16.9,45.2,1
round2,16.9,45.8,1
round2,16.9,46,2
round2,16.9,46.2,1
round2,16.9,46.3,1
round2,16.9,46.4,2
round2,16.9,46.5,2
round2,16.9,46.6,2
round2,16.9,46.7,1
round2,16.9,46.8,1
round2,16.9,47,1
round2,16.9,47.3,1
round2,16.9,47.4,2
round2,16.9,47.5,1
round2,16.9,47.6,1
round2,16.9,47.7,1
round2,16.9,47.8,2
round2,16.9,48,1
round2,16.9,48.2,2
round2,16.9,48.3,2
round2,16.9,48.4,1
round2,16.9,48.5,1
round2,16.9,48.8,3
round2,16.9,49.2,2
round2,16.9,49.3,1
round2,16.9,49.5,1
round2,16.9,49.9,1
round2,16.9,50.2,2
round2,16.9,50.3,2
round2,16.9,51.1,1
round2,16.9,51.2,3
round2,16.9,51.3,1
round2,16.9,51.9,2
round2,16.9,52.2,2
round2,16.9,52.5,3
round2,16.9,52.8,2
round2,16.9,53.1,1
round2,16.9,53.4,1
round2,16.9,53.5,1
round2,16.9,53.6,1
round2,16.9,53.7,2
round2,16.9,53.8,1
round2,16.9,53.9,1
round2,16.9,54,2
round2,16.9,54.3,1
round2,16.9,54.5,2
round2,16.9,54.6,3
round2,16.9,54.7,1
round2,16.9,54.8,2
round2,16.9,55.1,1
round2,16.9,55.2,1
round2,16.9,55.3,1
round2,16.9,55.4,1
round2,16.9,55.5,1
round2,16.9,55.6,1
round2,16.9,55.8,1
round2,16.9,55.9,1
round2,16.9,56,1
round2,16.9,56.1,2
round2,16.9,56.2,1
round2,16.9,56.3,1
round2,16.9,56.4,1
round2,16.9,56.5,1
round2,16.9,56.6,1
round2,16.9,56.7,1
round2,16.9,57.1,1
round2,16.9,57.3,1
round2,16.9,57.6,2
round2,16.9,57.8,3
round2,16.9,57.9,1
round2,16.9,58,1
round2,16.9,58.1,1
round2,16.9,58.2,1
round2,16.9,58.4,3
round2,16.9,58.5,1
round2,16.9,58.6,1
round2,16.9,58.8,1
round2,16.9,59,1
round2,16.9,59.1,2
round2,16.9,59.2,1
round2,16.9,59.3,1
round2,16.9,59.5,1
round2,16.9,59.6,1
round2,16.9,59.7,1
round2,16.9,60,3
round2,16.9,60.2,1
round2,16.9,60.3,2
round2,16.9,60.7,1
round2,16.9,60.8,1
round2,16.9,60.9,1
round2,16.9,61,3
round2,16.9,61.1,3
round2,16.9,61.2,1
round2,16.9,61.3,1
round2,16.9,61.6,1
round2,16.9,61.7,2
round2,16.9,61.8,1
round2,16.9,61.9,1
round2,16.9,62.1,3
round2,16.9,62.2,1
round2,16.9,62.3,1
round2,16.9,62.5,1
round2,16.9,62.7,3
round2,16.9,62.8,2
round2,16.9,62.9,1
round2,16.9,63,1
round2,16.9,63.2,1
round2,16.9,63.3,2
round2,16.9,63.4,1
round2,16.9,63.5,1
round2,16.9,63.8,1
round2,16.9,63.9,2
round2,16.9,64,1
round2,16.9,64.1,1
round2,16.9,64.3,2
round2,16.9,64.4,1
round2,16.9,64.6,1
round2,16.9,64.7,1
round2,16.9,64.9,3
round2,16.9,65.1,1
round2,16.9,65.2,3
round2,16.9,65.3,1
round2,16.9,65.7,1
round2,16.9,65.8,2
round2,16.9,66.1,1
round2,16.9,66.4,1
round2,16.9,66.5,2
round2,16.9,66.6,1
round2,16.9,66.7,2
round2,16.9,67,1
round2,16.9,67.1,2
round2,16.9,67.3,1
round2,16.9,67.6,1
round2,16.9,67.7,1
round2,16.9,67.8,1
round2,16.9,67.9,1
round2,16.9,68,2
round2,16.9,68.2,3
round2,16.9,68.3,1
round2,16.9,68.5,2
round2,16.9,68.6,1
round2,16.9,68.9,1
round2,16.9,69.1,1
round2,16.9,69.3,2
round2,16.9,69.8,1
round2,16.9,70.1,1
round2,16.9,70.3,1
round2,16.9,70.4,1
round2,16.9,70.5,2
round2,16.9,71,1
round2,16.9,71.4,1
round2,16.9,71.7,3
round2,16.9,71.9,1
round2,16.9,72,1
round2,16.9,72.3,2
round2,16.9,72.4,2
round2,16.9,72.5,1
round2,16.9,72.6,1
round2,16.9,72.8,1
round2,16.9,73,1
round2,16.9,73.3,1
round2,16.9,73.5,2
round2,16.9,73.7,1
round2,16.9,74,1
round2,16.9,74.1,1
round2,16.9,74.2,3
round2,16.9,74.3,2
round2,16.9,74.4,1
round2,16.9,74.5,1
round2,16.9,74.7,1
round2,16.9,75.1,1
round2,16.9,75.5,1
round2,16.9,75.6,1
round2,16.9,75.8,2
round2,16.9,75.9,1
round2,16.9,76,2
round2,16.9,76.2,1
round2,16.9,76.5,2
round2,16.9,76.6,1
round2,16.9,76.9,1
round2,16.9,77.6,1
round2,16.9,78.5,1
round2,16.9,78.7,1
round2,16.9,78.8,2
round2,16.9,78.9,5
round2,16.9,79.2,1
round2,16.9,79.4,1
round2,16.9,79.8,1
round2,16.9,79.9,2
round2,16.9,80.2,1
round2,16.9,80.3,1
round2,16.9,80.4,1
round2,16.9,80.6,2
round2,16.9,80.8,1
round2,16.9,80.9,1
round2,16.9,81,1
round2,16.9,81.2,2
round2,16.9,81.3,1
round2,16.9,81.4,1
round2,16.9,81.5,1
round2,16.9,81.6,2
round2,16.9,81.7,1
round2,16.9,81.8,1
round2,16.9,82.3,1
round2,16.9,82.5,2
round2,16.9,83,1
round2,16.9,83.1,1
round2,16.9,83.2,1
round2,16.9,83.3,1
round2,16.9,83.9,1
round2,16.9,84.1,2
round2,16.9,84.5,1
round2,16.9,85,1
round2,16.9,85.1,1
round2,16.9,85.2,1
round2,16.9,85.3,1
round2,16.9,85.6,1
round2,16.9,85.7,1
round2,16.9,85.8,3
round2,16.9,86,1
round2,16.9,86.1,1
round2,16.9,86.3,1
round2,16.9,86.4,1
round2,16.9,86.6,1
round2,16.9,86.7,1
round2,16.9,87.1,1
round2,16.9,87.3,1
round2,16.9,87.4,1
round2,16.9,87.6,1
round2,16.9,87.7,1
round2,16.9,88.3,1
round2,16.9,88.5,1
round2,16.9,88.6,2
round2,16.9,88.7,1
round2,16.9,88.8,1
round2,16.9,88.9,1
round2,16.9,89.7,1
round2,16.9,90,1
round2,16.9,90.1,2
round2,16.9,90.2,2
round2,16.9,90.6,2
round2,16.9,90.7,1
round2,16.9,90.8,1
round2,16.9,90.9,1
round2,16.9,91.1,1
round2,16.9,91.2,1
round2,16.9,91.3,1
round2,16.9,91.9,2
round2,16.9,92,2
round2,16.9,92.2,2
round2,16.9,92.4,1
round2,16.9,92.5,1
round2,16.9,92.6,1
round2,16.9,92.7,2
round2,16.9,92.8,1
round2,16.9,92.9,2
round2,16.9,93.2,1
round2,16.9,93.8,1
round2,16.9,94,1
round2,16.9,94.3,1
round2,16.9,95.1,1
round2,16.9,95.2,1
round2,16.9,95.9,2
round2,16.9,96,1
round2,16.9,96.5,1
round2,16.9,97.2,1
round2,16.9,99.2,1
round2,16.9,99.4,1
round2,16.9,99.8,1
round2,16.9,100,2
round2,20.6,0.3,1
round2,20.6,0.7,1
round2,20.6,1,2
round2,20.6,1.1,3
round2,20.6,1.3,1
round2,20.6,1.4,1
round2,20.6,1.5,1
round2,20.6,2,1
round2,20.6,2.1,1
round2,20.6,2.2,2
round2,20.6,2.3,2
round2,20.6,2.5,1
round2,20.6,2.6,3
round2,20.6,2.7,1
round2,20.6,2.8,2
round2,20.6,2.9,1
round2,20.6,3.1,2
round2,20.6,3.3,2
round2,20.6,3.5,1
round2,20.6,3.6,1
round2,20.6,3.8,2
round2,20.6,3.9,1
round2,20.6,4,4
round2,20.6,4.1,1
round2,20.6,4.3,2
round2,20.6,4.4,1
round2,20.6,4.7,2
round2,20.6,4.9,1
round2,20.6,5,1
round2,20.6,5.1,1
round2,20.6,5.2,1
round2,20.6,5.4,2
round2,20.6,5.6,3
round2,20.6,5.9,2
round2,20.6,6.2,2
round2,20.6,6.3,1
round2,20.6,6.4,3
round2,20.6,6.5,1
round2,20.6,7,1
round2,20.6,7.2,2
round2,20.6,7.3,1
round2,20.6,7.5,2
round2,20.6,7.6,1
round2,20.6,7.8,1
round2,20.6,7.9,3
round2,20.6,8,3
round2,20.6,8.1,1
round2,20.6,8.2,1
round2,20.6,8.3,1
round2,20.6,8.5,1
round2,20.6,8.6,2
round2,20.6,8.8,2
round2,20.6,8.9,2
round2,20.6,9,2
round2,20.6,9.6,2
round2,20.6,9.7,1
round2,20.6,9.8,1
round2,20.6,9.9,1
round2,20.6,10,1
round2,20.6,10.1,1
round2,20.6,10.3,1
round2,20.6,10.4,3
round2,20.6,10.5,1
round2,20.6,10.7,1
round2,20.6,10.8,3
round2,20.6,11,1
round2,20.6,11.4,1
round2,20.6,11.5,1
round2,20.6,11.6,1
round2,20.6,11.7,1
round2,20.6,11.8,1
round2,20.6,11.9,2
round2,20.6,12,2
round2,20.6,12.2,1
round2,20.6,12.3,1
round2,20.6,12.4,1
round2,20.6,12.5,4
round2,20.6,12.7,2
round2,20.6,12.8,2
round2,20.6,12.9,1
round2,20.6,13,1
round2,20.6,13.1,2
round2,20.6,13.2,1
round2,20.6,13.5,1
round2,20.6,13.7,2
round2,20.6,13.8,1
round2,20.6,13.9,3
round2,20.6,14,3
round2,20.6,14.1,1
round2,20.6,14.2,1
round2,20.6,14.3,1
round2,20.6,14.5,1
round2,20.6,14.7,1
round2,20.6,14.8,1
round2,20.6,15,4
round2,20.6,15.1,1
round2,20.6,15.2,1
round2,20.6,15.4,2
round2,20.6,15.7,2
round2,20.6,15.9,3
round2,20.6,16.5,1
round2,20.6,16.7,1
round2,20.6,16.8,3
round2,20.6,17.2,2
round2,20.6,17.3,1
round2,20.6,17.5,4
round2,20.6,17.6,1
round2,20.6,17.7,1
round2,20.6,17.8,1
round2,20.6,17.9,2
round2,20.6,18,2
round2,20.6,18.1,3
round2,20.6,18.4,3
round2,20.6,18.5,1
round2,20.6,19,2
round2,20.6,19.1,2
round2,20.6,19.2,2
round2,20.6,19.4,2
round2,20.6,19.5,1
round2,20.6,19.7,1
round2,20.6,19.8,3
round2,20.6,20,1
round2,20.6,20.2,1
round2,20.6,20.4,1
round2,20.6,20.5,3
round2,20.6,20.6,2
round2,20.6,20.7,1
round2,20.6,20.8,2
round2,20.6,20.9,3
round2,20.6,21,2
round2,20.6,21.1,2
round2,20.6,21.3,2
round2,20.6,21.4,4
round2,20.6,21.6,2
round2,20.6,21.9,1
round2,20.6,22,1
round2,20.6,22.2,1
round2,20.6,22.3,1
round2,20.6,22.4,1
round2,20.6,22.6,1
round2,20.6,22.7,1
round2,20.6,22.9,1
round2,20.6,23,1
round2,20.6,23.2,1
round2,20.6,23.3,2
round2,20.6,23.5,2
round2,20.6,23.7,1
round2,20.6,23.9,2
round2,20.6,24,3
round2,20.6,24.3,1
round2,20.6,24.5,2
round2,20.6,24.8,1
round2,20.6,24.9,1
round2,20.6,25,1
round2,20.6,25.1,1
round2,20.6,25.3,1
round2,20.6,25.4,1
round2,20.6,25.5,1
round2,20.6,26.1,2
round2,20.6,26.2,1
round2,20.6,26.3,2
round2,20.6,26.4,1
round2,20.6,26.6,1
round2,20.6,26.7,1
round2,20.6,27,2
round2,20.6,27.3,2
round2,20.6,27.5,1
round2,20.6,27.9,1
round2,20.6,28,2
round2,20.6,28.1,2
round2,20.6,28.2,1
round2,20.6,28.3,1
round2,20.6,28.7,2
round2,20.6,28.8,3
round2,20.6,29,1
round2,20.6,29.1,1
round2,20.6,29.2,1
round2,20.6,29.4,1
round2,20.6,29.5,1
round2,20.6,29.6,1
round2,20.6,29.7,4
round2,20.6,29.8,1
round2,20.6,30.1,3
round2,20.6,30.2,2
round2,20.6,30.3,1
round2,20.6,30.4,3
round2,20.6,30.5,1
round2,20.6,30.6,2
round2,20.6,30.8,2
round2,20.6,30.9,1
round2,20.6,31,1
round2,20.6,31.1,1
round2,20.6,31.2,1
round2,20.6,31.3,3
round2,20.6,31.5,1
round2,20.6,31.6,2
round2,20.6,31.8,2
round2,20.6,31.9,1
round2,20.6,32,1
round2,20.6,32.2,4
round2,20.6,32.3,1
round2,20.6,32.6,1
round2,20.6,32.8,1
round2,20.6,32.9,1
round2,20.6,33,1
round2,20.6,33.3,3
round2,20.6,33.4,2
round2,20.6,33.5,1
round2,20.6,33.6,1
round2,20.6,33.7,1
round2,20.6,34,1
round2,20.6,34.1,1
round2,20.6,34.2,2
round2,20.6,34.5,1
round2,20.6,34.6,1
round2,20.6,34.8,2
round2,20.6,34.9,1
round2,20.6,35.1,1
round2,20.6,35.2,1
round2,20.6,35.3,1
round2,20.6,35.4,1
round2,20.6,35.5,1
round2,20.6,35.6,2
round2,20.6,35.7,1
round2,20.6,35.8,2
round2,20.6,35.9,3
round2,20.6,36,1
round2,20.6,36.1,1
round2,20.6,36.4,1
round2,20.6,36.5,1
round2,20.6,36.6,1
round2,20.6,36.8,2
round2,20.6,36.9,1
round2,20.6,37,1
round2,20.6,37.3,1
round2,20.6,37.4,1
round2,20.6,37.5,2
round2,20.6,37.7,3
round2,20.6,37.9,1
round2,20.6,38.1,1
round2,20.6,38.2,2
round2,20.6,38.5,2
round2,20.6,38.6,1
round2,20.6,38.7,2
round2,20.6,38.8,1
round2,20.6,38.9,1
round2,20.6,39,1
round2,20.6,39.1,2
round2,20.6,39.3,1
round2,20.6,39.4,1
round2,20.6,39.5,1
round2,20.6,39.6,1
round2,20.6,39.7,2
round2,20.6,39.8,1
round2,20.6,40,2
round2,20.6,40.1,1
round2,20.6,40.2,1
round2,20.6,40.3,1
round2,20.6,40.4,2
round2,20.6,40.5,1
round2,20.6,40.7,3
round2,20.6,40.9,3
round2,20.6,41,2
round2,20.6,41.1,2
round2,20.6,41.2,1
round2,20.6,41.3,1
round2,20.6,41.8,3
round2,20.6,42.1,2
round2,20.6,42.3,1
round2,20.6,42.4,2
round2,20.6,42.8,2
round2,20.6,42.9,2
round2,20.6,43,2
round2,20.6,43.2,1
round2,20.6,43.3,1
round2,20.6,43.4,1
round2,20.6,43.7,1
round2,20.6,43.9,1
round2,20.6,44.2,1
round2,20.6,44.4,2
round2,20.6,44.6,2
round2,20.6,44.8,3
round2,20.6,44.9,2
round2,20.6,45,1
round2,20.6,45.1,2
round2,20.6,45.4,1
round2,20.6,45.6,1
round2,20.6,45.7,1
round2,20.6,45.8,3
round2,20.6,45.9,1
round2,20.6,46,1
round2,20.6,46.1,2
round2,20.6,46.2,2
round2,20.6,46.3,1
round2,20.6,46.5,2
round2,20.6,46.9,3
round2,20.6,47,2
round2,20.6,47.1,2
round2,20.6,47.2,1
round2,20.6,47.3,2
round2,20.6,47.4,1
round2,20.6,47.6,3
round2,20.6,47.8,2
round2,20.6,47.9,1
round2,20.6,48,1
round2,20.6,48.1,2
round2,20.6,48.2,1
round2,20.6,48.6,1
round2,20.6,48.8,1
round2,20.6,49.1,1
round2,20.6,49.2,1
round2,20.6,49.3,1
round2,20.6,49.6,3
round2,20.6,49.8,1
round2,20.6,49.9,1
round2,20.6,50,1
round2,20.6,50.2,2
round2,20.6,50.3,1
round2,20.6,50.4,2
round2,20.6,50.6,1
round2,20.6,50.8,3
round2,20.6,50.9,1
round2,20.6,51,2
round2,20.6,51.1,1
round2,20.6,51.3,1
round2,20.6,51.4,2
round2,20.6,51.5,2
round2,20.6,51.6,1
round2,20.6,51.7,2
round2,20.6,51.9,1
round2,20.6,52.1,1
round2,20.6,52.2,1
round2,20.6,52.4,2
round2,20.6,52.5,1
round2,20.6,52.7,1
round2,20.6,53.1,1
round2,20.6,53.2,1
round2,20.6,53.8,1
round2,20.6,54.2,2
round2,20.6,54.3,1
round2,20.6,54.5,2
round2,20.6,54.6,1
round2,20.6,54.8,3
round2,20.6,54.9,1
round2,20.6,55.2,2
round2,20.6,55.3,1
round2,20.6,55.4,1
round2,20.6,55.5,1
round2,20.6,55.7,1
round2,20.6,55.9,1
round2,20.6,56,3
round2,20.6,56.1,2
round2,20.6,56.4,2
round2,20.6,56.5,1
round2,20.6,56.6,1
round2,20.6,56.8,1
round2,20.6,57.1,1
round2,20.6,57.2,1
round2,20.6,57.5,2
round2,20.6,57.7,1
round2,20.6,58.1,2
round2,20.6,58.2,1
round2,20.6,58.3,1
round2,20.6,58.5,2
round2,20.6,58.6,2
round2,20.6,58.7,1
round2,20.6,58.8,1
round2,20.6,58.9,1
round2,20.6,59,1
round2,20.6,59.1,2
round2,20.6,59.3,2
round2,20.6,59.4,2
round2,20.6,59.5,1
round2,20.6,59.6,1
round2,20.6,59.8,2
round2,20.6,60,1
round2,20.6,60.2,1
round2,20.6,60.4,1
round2,20.6,60.5,1
round2,20.6,60.6,1
round2,20.6,60.9,1
round2,20.6,61,3
round2,20.6,61.2,1
round2,20.6,61.4,1
round2,20.6,61.8,2
round2,20.6,62,1
round2,20.6,62.2,1
round2,20.6,62.3,1
round2,20.6,62.6,2
round2,20.6,62.7,1
round2,20.6,62.9,2
round2,20.6,63,1
round2,20.6,63.1,4
round2,20.6,63.5,1
round2,20.6,63.7,1
round2,20.6,63.9,1
round2,20.6,64,2
round2,20.6,64.3,2
round2,20.6,64.5,1
round2,20.6,64.6,1
round2,20.6,64.9,2
round2,20.6,65.3,2
round2,20.6,65.4,1
round2,20.6,65.5,2
round2,20.6,65.7,2
round2,20.6,65.8,1
round2,20.6,66,1
round2,20.6,66.4,2
round2,20.6,66.5,1
round2,20.6,67.1,1
round2,20.6,67.2,2
round2,20.6,67.4,3
round2,20.6,67.6,1
round2,20.6,67.8,1
round2,20.6,67.9,1
round2,20.6,68.2,1
round2,20.6,68.3,2
round2,20.6,68.4,2
round2,20.6,68.9,1
round2,20.6,69,1
round2,20.6,69.2,2
round2,20.6,69.3,1
round2,20.6,69.6,2
round2,20.6,69.8,1
round2,20.6,69.9,1
round2,20.6,70,3
round2,20.6,70.1,1
round2,20.6,70.2,1
round2,20.6,70.4,1
round2,20.6,70.5,1
round2,20.6,70.6,1
round2,20.6,70.7,1
round2,20.6,70.8,1
round2,20.6,70.9,1
round2,20.6,71.1,1
round2,20.6,71.4,3
round2,20.6,71.6,1
round2,20.6,71.7,2
round2,20.6,71.9,1
round2,20.6,72,2
round2,20.6,72.1,1
round2,20.6,72.2,1
round2,20.6,72.7,1
round2,20.6,72.8,2
round2,20.6,73,1
round2,20.6,73.1,2
round2,20.6,73.2,2
round2,20.6,73.4,1
round2,20.6,73.8,1
round2,20.6,74,1
round2,20.6,74.1,1
round2,20.6,74.2,1
round2,20.6,74.3,1
round2,20.6,74.5,2
round2,20.6,74.7,1
round2,20.6,74.9,2
round2,20.6,75.1,1
round2,20.6,75.5,2
round2,20.6,75.6,1
round2,20.6,75.9,1
round2,20.6,76,3
round2,20.6,76.1,1
round2,20.6,76.4,2
round2,20.6,76.7,1
round2,20.6,76.8,1
round2,20.6,76.9,4
round2,20.6,77.4,3
round2,20.6,77.5,1
round2,20.6,77.7,2
round2,20.6,78.1,2
round2,20.6,78.2,1
round2,20.6,78.3,3
round2,20.6,78.4,3
round2,20.6,78.5,1
round2,20.6,78.6,1
round2,20.6,78.8,1
round2,20.6,79.1,1
round2,20.6,79.4,1
round2,20.6,79.5,1
round2,20.6,79.7,2
round2,20.6,79.8,1
round2,20.6,79.9,1
round2,20.6,80,1
round2,20.6,80.1,1
round2,20.6,80.2,1
round2,20.6,80.3,1
round2,20.6,80.5,1
round2,20.6,80.7,2
round2,20.6,80.9,1
round2,20.6,81,1
round2,20.6,81.2,1
round2,20.6,81.6,1
round2,20.6,81.8,1
round2,20.6,81.9,3
round2,20.6,82.5,1
round2,20.6,82.6,1
round2,20.6,82.8,3
round2,20.6,82.9,2
round2,20.6,83,1
round2,20.6,83.1,1
round2,20.6,83.2,1
round2,20.6,83.4,1
round2,20.6,83.6,2
round2,20.6,84,2
round2,20.6,84.2,1
round2,20.6,84.7,1
round2,20.6,84.9,1
round2,20.6,85.1,1
round2,20.6,85.3,3
round2,20.6,85.5,1
round2,20.6,85.8,2
round2,20.6,85.9,1
round2,20.6,86,2
round2,20.6,86.3,1
round2,20.6,87,1
round2,20.6,87.2,1
round2,20.6,87.3,2
round2,20.6,87.4,1
round2,20.6,88.1,1
round2,20.6,88.4,1
round2,20.6,88.7,2
round2,20.6,89,3
round2,20.6,89.3,3
round2,20.6,89.5,1
round2,20.6,89.6,1
round2,20.6,89.8,1
round2,20.6,89.9,2
round2,20.6,90.1,1
round2,20.6,90.5,1
round2,20.6,91.1,1
round2,20.6,91.4,2
round2,20.6,91.7,1
round2,20.6,91.9,1
round2,20.6,92.1,1
round2,20.6,92.4,2
round2,20.6,92.5,1
round2,20.6,92.7,1
round2,20.6,92.8,2
round2,20.6,93.3,1
round2,20.6,93.5,1
round2,20.6,93.6,1
round2,20.6,93.7,1
round2,20.6,93.9,1
round2,20.6,94,1
round2,20.6,94.1,1
round2,20.6,94.3,1
round2,20.6,94.6,1
round2,20.6,95.6,1
round2,20.6,95.7,1
round2,20.6,95.8,2
round2,20.6,96.2,1
round2,20.6,96.3,1
round2,20.6,96.7,1
round2,20.6,97.1,1
round2,20.6,98.4,1
round2,20.6,99.5,1
round2,20.6,99.6,1
round2,24.9,0.2,2
round2,24.9,0.5,3
round2,24.9,0.7,1
round2,24.9,0.8,2
round2,24.9,0.9,2
round2,24.9,1,1
round2,24.9,1.1,1
round2,24.9,1.2,2
round2,24.9,1.3,1
round2,24.9,1.7,1
round2,24.9,1.8,2
round2,24.9,2.1,1
round2,24.9,2.2,2
round2,24.9,2.3,1
round2,24.9,2.5,3
round2,24.9,2.7,2
round2,24.9,2.9,2
round2,24.9,3,1
round2,24.9,3.1,2
round2,24.9,3.2,2
round2,24.9,3.3,1
round2,24.9,3.5,1
round2,24.9,3.6,2
round2,24.9,3.7,1
round2,24.9,3.9,1
round2,24.9,4.1,2
round2,24.9,4.2,3
round2,24.9,4.3,1
round2,24.9,4.4,2
round2,24.9,4.5,1
round2,24.9,4.6,1
round2,24.9,4.7,2
round2,24.9,4.8,1
round2,24.9,4.9,1
round2,24.9,5.1,3
round2,24.9,5.2,2
round2,24.9,5.3,2
round2,24.9,5.4,2
round2,24.9,5.7,2
round2,24.9,5.8,1
round2,24.9,5.9,1
round2,24.9,6,2
round2,24.9,6.2,1
round2,24.9,6.3,3
round2,24.9,6.4,3
round2,24.9,6.5,2
round2,24.9,6.7,1
round2,24.9,6.8,3
round2,24.9,7,2
round2,24.9,7.1,2
round2,24.9,7.2,1
round2,24.9,7.3,2
round2,24.9,7.6,2
round2,24.9,7.7,3
round2,24.9,7.8,2
round2,24.9,7.9,1
round2,24.9,8,1
round2,24.9,8.1,3
round2,24.9,8.2,4
round2,24.9,8.3,1
round2,24.9,8.4,1
round2,24.9,8.6,1
round2,24.9,8.8,1
round2,24.9,8.9,1
round2,24.9,9,2
round2,24.9,9.1,2
round2,24.9,9.2,1
round2,24.9,9.3,2
round2,24.9,9.6,2
round2,24.9,9.7,1
round2,24.9,9.8,3
round2,24.9,9.9,2
round2,24.9,10,2
round2,24.9,10.1,2
round2,24.9,10.3,1
round2,24.9,10.5,2
round2,24.9,10.6,3
round2,24.9,10.7,4
round2,24.9,11,1
round2,24.9,11.1,1
round2,24.9,11.4,1
round2,24.9,11.5,2
round2,24.9,11.6,1
round2,24.9,11.7,3
round2,24.9,11.8,1
round2,24.9,12,4
round2,24.9,12.2,1
round2,24.9,12.3,1
round2,24.9,12.4,1
round2,24.9,12.5,1
round2,24.9,12.6,4
round2,24.9,12.8,1
round2,24.9,12.9,2
round2,24.9,13,3
round2,24.9,13.1,2
round2,24.9,13.2,1
round2,24.9,13.4,1
round2,24.9,13.5,2
round2,24.9,13.6,1
round2,24.9,13.7,1
round2,24.9,13.9,2
round2,24.9,14,1
round2,24.9,14.1,2
round2,24.9,14.2,1
round2,24.9,14.3,2
round2,24.9,14.4,5
round2,24.9,14.5,2
round2,24.9,14.6,1
round2,24.9,14.7,2
round2,24.9,14.9,1
round2,24.9,15,1
round2,24.9,15.1,1
round2,24.9,15.2,1
round2,24.9,15.3,2
round2,24.9,15.4,2
round2,24.9,15.6,1
round2,24.9,15.7,1
round2,24.9,15.9,1
round2,24.9,16,2
round2,24.9,16.1,1
round2,24.9,16.3,2
round2,24.9,16.5,3
round2,24.9,16.9,2
round2,24.9,17.1,2
round2,24.9,17.2,3
round2,24.9,17.3,3
round2,24.9,17.4,1
round2,24.9,17.5,1
round2,24.9,17.6,3
round2,24.9,17.7,1
round2,24.9,17.8,2
round2,24.9,17.9,2
round2,24.9,18,2
round2,24.9,18.1,1
round2,24.9,18.2,1
round2,24.9,18.4,1
round2,24.9,18.6,2
round2,24.9,18.8,1
round2,24.9,18.9,1
round2,24.9,19,2
round2,24.9,19.3,1
round2,24.9,19.4,1
round2,24.9,19.5,2
round2,24.9,19.6,1
round2,24.9,19.7,1
round2,24.9,19.9,1
round2,24.9,20,2
round2,24.9,20.1,2
round2,24.9,20.3,1
round2,24.9,20.4,3
round2,24.9,20.5,1
round2,24.9,20.6,3
round2,24.9,20.7,1
round2,24.9,20.8,1
round2,24.9,20.9,2
round2,24.9,21,2
round2,24.9,21.1,1
round2,24.9,21.2,3
round2,24.9,21.3,1
round2,24.9,21.5,1
round2,24.9,21.6,2
round2,24.9,21.7,1
round2,24.9,21.8,5
round2,24.9,22,2
round2,24.9,22.1,2
round2,24.9,22.3,1
round2,24.9,22.5,1
round2,24.9,22.6,2
round2,24.9,22.7,1
round2,24.9,22.8,1
round2,24.9,22.9,1
round2,24.9,23,1
round2,24.9,23.1,2
round2,24.9,23.2,1
round2,24.9,23.3,1
round2,24.9,23.5,1
round2,24.9,23.6,2
round2,24.9,23.7,1
round2,24.9,23.8,3
round2,24.9,24.2,1
round2,24.9,24.3,1
round2,24.9,24.4,3
round2,24.9,24.5,1
round2,24.9,24.7,1
round2,24.9,24.8,2
round2,24.9,24.9,2
round2,24.9,25,2
round2,24.9,25.1,3
round2,24.9,25.2,2
round2,24.9,25.3,1
round2,24.9,25.4,5
round2,24.9,25.5,3
round2,24.9,25.7,6
round2,24.9,25.8,1
round2,24.9,25.9,1
round2,24.9,26.2,1
round2,24.9,26.4,2
round2,24.9,26.5,2
round2,24.9,26.6,2
round2,24.9,26.8,2
round2,24.9,26.9,2
round2,24.9,27,2
round2,24.9,27.2,3
round2,24.9,27.3,1
round2,24.9,27.4,1
round2,24.9,27.6,1
round2,24.9,27.7,1
round2,24.9,27.9,1
round2,24.9,28,1
round2,24.9,28.2,1
round2,24.9,28.3,1
round2,24.9,28.4,3
round2,24.9,28.5,2
round2,24.9,28.6,4
round2,24.9,28.8,3
round2,24.9,28.9,1
round2,24.9,29,1
round2,24.9,29.1,1
round2,24.9,29.2,2
round2,24.9,29.3,2
round2,24.9,29.5,2
round2,24.9,29.6,2
round2,24.9,29.7,2
round2,24.9,29.8,1
round2,24.9,29.9,1
round2,24.9,30.1,1
round2,24.9,30.2,1
round2,24.9,30.3,1
round2,24.9,30.4,1
round2,24.9,30.6,1
round2,24.9,30.7,2
round2,24.9,30.8,1
round2,24.9,31,2
round2,24.9,31.1,1
round2,24.9,31.3,3
round2,24.9,31.4,2
round2,24.9,31.5,1
round2,24.9,31.8,2
round2,24.9,32,2
round2,24.9,32.4,3
round2,24.9,32.5,2
round2,24.9,32.6,1
round2,24.9,32.7,1
round2,24.9,32.8,3
round2,24.9,33,2
round2,24.9,33.1,2
round2,24.9,33.2,2
round2,24.9,33.3,1
round2,24.9,33.4,3
round2,24.9,33.6,1
round2,24.9,33.7,3
round2,24.9,33.8,2
round2,24.9,33.9,2
round2,24.9,34,2
round2,24.9,34.2,1
round2,24.9,34.3,2
round2,24.9,34.4,2
round2,24.9,34.5,3
round2,24.9,34.6,1
round2,24.9,34.7,2
round2,24.9,34.8,2
round2,24.9,35.3,2
round2,24.9,35.4,2
round2,24.9,35.7,3
round2,24.9,35.8,1
round2,24.9,36,1
round2,24.9,36.1,2
round2,24.9,36.2,1
round2,24.9,36.3,2
round2,24.9,36.4,1
round2,24.9,36.5,2
round2,24.9,36.6,2
round2,24.9,36.7,1
round2,24.9,36.8,1
round2,24.9,37,1
round2,24.9,37.4,1
round2,24.9,37.5,1
round2,24.9,37.6,3
round2,24.9,37.7,2
round2,24.9,37.8,1
round2,24.9,37.9,2
round2,24.9,38,2
round2,24.9,38.1,1
round2,24.9,38.2,3
round2,24.9,38.3,1
round2,24.9,38.4,2
round2,24.9,38.5,1
round2,24.9,38.7,1
round2,24.9,38.8,2
round2,24.9,39.1,1
round2,24.9,39.3,1
round2,24.9,39.6,1
round2,24.9,39.9,1
round2,24.9,40,2
round2,24.9,40.2,4
round2,24.9,40.4,1
round2,24.9,40.5,2
round2,24.9,40.6,2
round2,24.9,40.7,2
round2,24.9,40.9,1
round2,24.9,41,1
round2,24.9,41.1,1
round2,24.9,41.2,1
round2,24.9,41.3,1
round2,24.9,41.4,1
round2,24.9,41.5,1
round2,24.9,41.7,1
round2,24.9,41.8,3
round2,24.9,42.2,5
round2,24.9,42.4,3
round2,24.9,42.5,1
round2,24.9,42.6,2
round2,24.9,42.7,1
round2,24.9,43.1,1
round2,24.9,43.2,1
round2,24.9,43.3,1
round2,24.9,43.4,2
round2,24.9,43.5,3
round2,24.9,43.6,1
round2,24.9,43.7,1
round2,24.9,43.8,2
round2,24.9,43.9,1
round2,24.9,44,1
round2,24.9,44.1,1
round2,24.9,44.5,4
round2,24.9,44.6,1
round2,24.9,44.7,1
round2,24.9,44.9,1
round2,24.9,45,2
round2,24.9,45.2,2
round2,24.9,45.4,1
round2,24.9,45.5,1
round2,24.9,45.6,1
round2,24.9,45.7,3
round2,24.9,45.8,1
round2,24.9,45.9,1
round2,24.9,46,2
round2,24.9,46.1,2
round2,24.9,46.3,2
round2,24.9,46.4,1
round2,24.9,46.6,2
round2,24.9,46.7,1
round2,24.9,47,1
round2,24.9,47.2,1
round2,24.9,47.3,3
round2,24.9,47.4,1
round2,24.9,47.5,3
round2,24.9,47.7,1
round2,24.9,47.9,1
round2,24.9,48,2
round2,24.9,48.2,1
round2,24.9,48.4,1
round2,24.9,48.7,2
round2,24.9,48.8,1
round2,24.9,48.9,1
round2,24.9,49,1
round2,24.9,49.1,1
round2,24.9,49.2,1
round2,24.9,49.3,1
round2,24.9,49.4,1
round2,24.9,49.6,1
round2,24.9,49.7,2
round2,24.9,50.1,2
round2,24.9,50.2,3
round2,24.9,50.3,1
round2,24.9,50.4,2
round2,24.9,50.5,3
round2,24.9,50.7,1
round2,24.9,50.8,1
round2,24.9,51,2
round2,24.9,51.1,3
round2,24.9,51.2,1
round2,24.9,51.3,1
round2,24.9,51.4,1
round2,24.9,51.6,1
round2,24.9,51.8,2
round2,24.9,51.9,1
round2,24.9,52,1
round2,24.9,52.3,2
round2,24.9,52.4,2
round2,24.9,52.5,1
round2,24.9,52.6,1
round2,24.9,53,1
round2,24.9,53.3,3
round2,24.9,53.4,2
round2,24.9,53.5,2
round2,24.9,53.6,4
round2,24.9,53.7,2
round2,24.9,53.8,2
round2,24.9,54.1,1
round2,24.9,54.3,3
round2,24.9,54.4,3
round2,24.9,55,2
round2,24.9,55.1,2
round2,24.9,55.2,1
round2,24.9,55.3,2
round2,24.9,55.4,1
round2,24.9,55.6,2
round2,24.9,55.7,1
round2,24.9,55.8,3
round2,24.9,55.9,1
round2,24.9,56.1,2
round2,24.9,56.2,4
round2,24.9,56.4,2
round2,24.9,56.5,1
round2,24.9,56.6,1
round2,24.9,56.8,2
round2,24.9,56.9,4
round2,24.9,57.3,1
round2,24.9,57.4,1
round2,24.9,57.5,1
round2,24.9,57.6,2
round2,24.9,57.9,2
round2,24.9,58,1
round2,24.9,58.1,2
round2,24.9,58.2,2
round2,24.9,58.3,1
round2,24.9,58.4,1
round2,24.9,58.5,1
round2,24.9,58.6,3
round2,24.9,58.8,1
round2,24.9,58.9,3
round2,24.9,59,1
round2,24.9,59.1,2
round2,24.9,59.3,2
round2,24.9,59.5,3
round2,24.9,59.6,1
round2,24.9,59.7,1
round2,24.9,59.8,1
round2,24.9,59.9,1
round2,24.9,60,1
round2,24.9,60.1,2
round2,24.9,60.4,2
round2,24.9,60.5,1
round2,24.9,60.7,1
round2,24.9,60.8,3
round2,24.9,61,1
round2,24.9,61.2,2
round2,24.9,61.3,3
round2,24.9,61.4,1
round2,24.9,61.8,1
round2,24.9,61.9,1
round2,24.9,62,4
round2,24.9,62.1,1
round2,24.9,62.2,2
round2,24.9,62.4,2
round2,24.9,62.6,2
round2,24.9,62.9,2
round2,24.9,63,1
round2,24.9,63.4,1
round2,24.9,63.5,2
round2,24.9,63.6,1
round2,24.9,63.7,3
round2,24.9,63.8,1
round2,24.9,63.9,2
round2,24.9,64,2
round2,24.9,64.2,4
round2,24.9,64.4,1
round2,24.9,64.5,1
round2,24.9,64.6,1
round2,24.9,64.7,2
round2,24.9,64.9,2
round2,24.9,65,2
round2,24.9,65.2,2
round2,24.9,65.3,1
round2,24.9,65.4,1
round2,24.9,65.5,1
round2,24.9,65.6,3
round2,24.9,65.8,1
round2,24.9,65.9,1
round2,24.9,66,2
round2,24.9,66.1,1
round2,24.9,66.2,2
round2,24.9,66.3,1
round2,24.9,66.4,1
round2,24.9,66.5,1
round2,24.9,66.7,2
round2,24.9,66.8,2
round2,24.9,66.9,1
round2,24.9,67,2
round2,24.9,67.1,1
round2,24.9,67.2,2
round2,24.9,67.5,3
round2,24.9,67.6,1
round2,24.9,67.9,3
round2,24.9,68,3
round2,24.9,68.1,2
round2,24.9,68.3,2
round2,24.9,68.4,1
round2,24.9,68.6,1
round2,24.9,68.7,3
round2,24.9,68.8,1
round2,24.9,68.9,1
round2,24.9,69,1
round2,24.9,69.1,1
round2,24.9,69.2,3
round2,24.9,69.3,1
round2,24.9,69.4,1
round2,24.9,69.5,1
round2,24.9,69.7,1
round2,24.9,70.1,3
round2,24.9,70.2,1
round2,24.9,70.3,2
round2,24.9,70.4,1
round2,24.9,70.6,2
round2,24.9,70.7,3
round2,24.9,70.8,3
round2,24.9,70.9,1
round2,24.9,71,2
round2,24.9,71.1,1
round2,24.9,71.2,1
round2,24.9,71.3,2
round2,24.9,71.6,1
round2,24.9,71.8,3
round2,24.9,72,1
round2,24.9,72.3,1
round2,24.9,72.8,1
round2,24.9,73.1,1
round2,24.9,73.2,1
round2,24.9,73.3,1
round2,24.9,73.4,1
round2,24.9,73.5,2
round2,24.9,73.6,2
round2,24.9,74,1
round2,24.9,74.1,3
round2,24.9,74.2,2
round2,24.9,74.3,2
round2,24.9,74.4,1
round2,24.9,74.7,1
round2,24.9,74.8,2
round2,24.9,75,1
round2,24.9,75.1,2
round2,24.9,75.3,1
round2,24.9,75.4,3
round2,24.9,75.7,3
round2,24.9,75.9,1
round2,24.9,76,1
round2,24.9,76.2,1
round2,24.9,76.4,1
round2,24.9,76.7,3
round2,24.9,76.8,2
round2,24.9,76.9,2
round2,24.9,77.6,2
round2,24.9,77.7,2
round2,24.9,77.8,1
round2,24.9,77.9,2
round2,24.9,78.8,1
round2,24.9,78.9,1
round2,24.9,79.1,1
round2,24.9,79.4,1
round2,24.9,79.9,4
round2,24.9,80,1
round2,24.9,80.1,1
round2,24.9,80.3,1
round2,24.9,80.4,1
round2,24.9,80.5,2
round2,24.9,80.6,2
round2,24.9,80.8,1
round2,24.9,80.9,1
round2,24.9,81,3
round2,24.9,81.2,2
round2,24.9,81.4,1
round2,24.9,81.5,2
round2,24.9,81.6,1
round2,24.9,81.7,4
round2,24.9,82,1
round2,24.9,82.1,1
round2,24.9,82.2,1
round2,24.9,82.7,2
round2,24.9,82.8,1
round2,24.9,83,3
round2,24.9,83.1,1
round2,24.9,83.3,2
round2,24.9,83.4,2
round2,24.9,83.5,4
round2,24.9,83.6,2
round2,24.9,83.7,2
round2,24.9,83.8,3
round2,24.9,84.1,2
round2,24.9,84.2,1
round2,24.9,84.5,1
round2,24.9,84.6,2
round2,24.9,84.8,1
round2,24.9,85,1
round2,24.9,85.1,2
round2,24.9,85.2,1
round2,24.9,85.3,1
round2,24.9,85.4,1
round2,24.9,85.5,2
round2,24.9,85.6,1
round2,24.9,85.8,1
round2,24.9,85.9,2
round2,24.9,86,1
round2,24.9,86.1,1
round2,24.9,86.2,1
round2,24.9,86.4,1
round2,24.9,86.5,2
round2,24.9,86.8,2
round2,24.9,87,1
round2,24.9,87.1,1
round2,24.9,87.2,1
round2,24.9,87.4,2
round2,24.9,87.7,1
round2,24.9,87.9,2
round2,24.9,88.1,1
round2,24.9,88.3,1
round2,24.9,88.6,1
round2,24.9,88.7,3
round2,24.9,88.8,3
round2,24.9,89.2,2
round2,24.9,89.3,1
round2,24.9,89.5,1
round2,24.9,89.6,4
round2,24.9,89.7,2
round2,24.9,90,1
round2,24.9,90.3,1
round2,24.9,90.4,1
round2,24.9,90.8,1
round2,24.9,90.9,1
round2,24.9,91,2
round2,24.9,91.2,2
round2,24.9,91.3,3
round2,24.9,91.4,1
round2,24.9,91.6,1
round2,24.9,91.7,1
round2,24.9,91.8,1
round2,24.9,92,1
round2,24.9,92.2,1
round2,24.9,93.1,1
round2,24.9,93.5,1
round2,24.9,93.9,1
round2,24.9,94.2,1
round2,24.9,94.3,1
round2,24.9,94.5,1
round2,24.9,94.6,1
round2,24.9,94.7,2
round2,24.9,94.8,2
round2,24.9,94.9,1
round2,24.9,95.1,2
round2,24.9,95.3,1
round2,24.9,95.5,1
round2,24.9,95.8,2
round2,24.9,96.1,1
round2,24.9,96.4,1
round2,24.9,96.7,1
round2,24.9,96.8,1
round2,24.9,96.9,1
round2,24.9,97.3,1
round2,24.9,97.4,1
round2,24.9,97.8,1
round2,24.9,97.9,2
round2,24.9,98,1
round2,24.9,98.2,1
round2,24.9,99,1
round2,24.9,99.1,1
round2,24.9,99.5,1
round2,24.9,99.6,2
round2,24.9,99.9,1
round2,24.9,100,1
round2,29.9,0.1,1
round2,29.9,0.2,1
round2,29.9,0.3,1
round2,29.9,0.4,2
round2,29.9,0.5,1
round2,29.9,0.6,2
round2,29.9,0.7,2
round2,29.9,0.8,2
round2,29.9,0.9,3
round2,29.9,1.2,3
round2,29.9,1.3,3
round2,29.9,1.4,1
round2,29.9,1.5,1
round2,29.9,1.6,2
round2,29.9,1.7,2
round2,29.9,1.8,2
round2,29.9,1.9,5
round2,29.9,2,2
round2,29.9,2.1,1
round2,29.9,2.2,1
round2,29.9,2.3,1
round2,29.9,2.6,3
round2,29.9,2.8,4
round2,29.9,2.9,2
round2,29.9,3,1
round2,29.9,3.3,1
round2,29.9,3.4,3
round2,29.9,3.6,1
round2,29.9,3.7,3
round2,29.9,3.8,1
round2,29.9,4,1
round2,29.9,4.1,2
round2,29.9,4.2,2
round2,29.9,4.3,1
round2,29.9,4.4,2
round2,29.9,4.5,1
round2,29.9,4.6,1
round2,29.9,4.7,2
round2,29.9,4.8,1
round2,29.9,4.9,2
round2,29.9,5.2,1
round2,29.9,5.3,2
round2,29.9,5.5,3
round2,29.9,5.8,2
round2,29.9,5.9,3
round2,29.9,6,2
round2,29.9,6.1,1
round2,29.9,6.2,2
round2,29.9,6.4,1
round2,29.9,6.5,5
round2,29.9,6.6,2
round2,29.9,6.8,2
round2,29.9,6.9,3
round2,29.9,7,2
round2,29.9,7.1,1
round2,29.9,7.4,3
round2,29.9,7.5,4
round2,29.9,7.6,1
round2,29.9,7.8,1
round2,29.9,7.9,3
round2,29.9,8,1
round2,29.9,8.1,1
round2,29.9,8.3,1
round2,29.9,8.4,4
round2,29.9,8.5,3
round2,29.9,8.6,1
round2,29.9,8.7,2
round2,29.9,9,1
round2,29.9,9.1,3
round2,29.9,9.2,2
round2,29.9,9.3,1
round2,29.9,9.4,3
round2,29.9,9.6,1
round2,29.9,9.7,1
round2,29.9,9.9,1
round2,29.9,10,1
round2,29.9,10.1,2
round2,29.9,10.2,3
round2,29.9,10.5,2
round2,29.9,10.6,3
round2,29.9,10.7,1
round2,29.9,10.8,3
round2,29.9,10.9,1
round2,29.9,11,3
round2,29.9,11.1,1
round2,29.9,11.2,2
round2,29.9,11.3,1
round2,29.9,11.4,1
round2,29.9,11.5,1
round2,29.9,11.6,1
round2,29.9,11.7,2
round2,29.9,11.8,2
round2,29.9,12,1
round2,29.9,12.2,1
round2,29.9,12.4,2
round2,29.9,12.5,2
round2,29.9,12.6,1
round2,29.9,12.7,2
round2,29.9,12.8,1
round2,29.9,12.9,3
round2,29.9,13,1
round2,29.9,13.1,2
round2,29.9,13.2,4
round2,29.9,13.3,1
round2,29.9,13.4,1
round2,29.9,13.5,1
round2,29.9,13.6,1
round2,29.9,13.7,1
round2,29.9,13.9,2
round2,29.9,14,2
round2,29.9,14.1,1
round2,29.9,14.2,1
round2,29.9,14.3,1
round2,29.9,14.4,4
round2,29.9,14.5,2
round2,29.9,14.6,1
round2,29.9,14.7,2
round2,29.9,14.8,1
round2,29.9,14.9,1
round2,29.9,15,2
round2,29.9,15.1,1
round2,29.9,15.2,2
round2,29.9,15.4,2
round2,29.9,15.5,3
round2,29.9,15.7,1
round2,29.9,15.8,1
round2,29.9,15.9,3
round2,29.9,16.2,2
round2,29.9,16.3,2
round2,29.9,16.6,1
round2,29.9,16.7,1
round2,29.9,16.8,1
round2,29.9,16.9,2
round2,29.9,17,4
round2,29.9,17.1,1
round2,29.9,17.2,1
round2,29.9,17.6,1
round2,29.9,17.7,1
round2,29.9,17.8,2
round2,29.9,17.9,2
round2,29.9,18,2
round2,29.9,18.1,2
round2,29.9,18.2,2
round2,29.9,18.3,2
round2,29.9,18.4,2
round2,29.9,18.5,1
round2,29.9,18.7,2
round2,29.9,18.8,2
round2,29.9,18.9,1
round2,29.9,19,2
round2,29.9,19.1,2
round2,29.9,19.3,2
round2,29.9,19.5,1
round2,29.9,19.8,1
round2,29.9,19.9,3
round2,29.9,20,2
round2,29.9,20.1,1
round2,29.9,20.2,1
round2,29.9,20.6,1
round2,29.9,20.7,1
round2,29.9,20.8,2
round2,29.9,20.9,1
round2,29.9,21,1
round2,29.9,21.1,1
round2,29.9,21.2,1
round2,29.9,21.3,1
round2,29.9,21.4,2
round2,29.9,21.5,2
round2,29.9,21.8,1
round2,29.9,21.9,2
round2,29.9,22,2
round2,29.9,22.1,3
round2,29.9,22.2,4
round2,29.9,22.3,2
round2,29.9,22.4,2
round2,29.9,22.5,2
round2,29.9,22.6,3
round2,29.9,22.7,4
round2,29.9,22.8,1
round2,29.9,22.9,2
round2,29.9,23,1
round2,29.9,23.1,1
round2,29.9,23.3,2
round2,29.9,23.4,1
round2,29.9,23.6,4
round2,29.9,23.7,2
round2,29.9,23.8,2
round2,29.9,23.9,3
round2,29.9,24.3,1
round2,29.9,24.4,1
round2,29.9,24.6,2
round2,29.9,24.7,4
round2,29.9,24.8,2
round2,29.9,25.2,1
round2,29.9,25.3,4
round2,29.9,25.5,2
round2,29.9,25.6,1
round2,29.9,25.7,2
round2,29.9,25.8,3
round2,29.9,25.9,2
round2,29.9,26,1
round2,29.9,26.1,2
round2,29.9,26.2,1
round2,29.9,26.3,2
round2,29.9,26.5,3
round2,29.9,26.6,1
round2,29.9,26.7,2
round2,29.9,26.8,5
round2,29.9,26.9,1
round2,29.9,27.1,3
round2,29.9,27.2,2
round2,29.9,27.3,3
round2,29.9,27.4,1
round2,29.9,27.5,1
round2,29.9,27.6,3
round2,29.9,27.7,2
round2,29.9,28,1
round2,29.9,28.1,1
round2,29.9,28.3,2
round2,29.9,28.4,1
round2,29.9,28.6,3
round2,29.9,28.7,1
round2,29.9,28.9,1
round2,29.9,29.1,1
round2,29.9,29.2,2
round2,29.9,29.3,1
round2,29.9,29.4,1
round2,29.9,29.5,2
round2,29.9,29.6,1
round2,29.9,29.7,1
round2,29.9,29.8,1
round2,29.9,29.9,1
round2,29.9,30,2
round2,29.9,30.1,3
round2,29.9,30.3,2
round2,29.9,30.4,1
round2,29.9,30.5,1
round2,29.9,30.6,2
round2,29.9,30.7,1
round2,29.9,30.8,2
round2,29.9,30.9,2
round2,29.9,31,2
round2,29.9,31.1,2
round2,29.9,31.2,1
round2,29.9,31.3,1
round2,29.9,31.6,2
round2,29.9,31.7,2
round2,29.9,31.8,1
round2,29.9,31.9,1
round2,29.9,32,2
round2,29.9,32.1,2
round2,29.9,32.2,1
round2,29.9,32.3,3
round2,29.9,32.4,1
round2,29.9,32.5,3
round2,29.9,32.6,2
round2,29.9,32.7,2
round2,29.9,33,4
round2,29.9,33.2,3
round2,29.9,33.4,2
round2,29.9,33.5,3
round2,29.9,33.7,1
round2,29.9,33.8,2
round2,29.9,33.9,2
round2,29.9,34,1
round2,29.9,34.1,2
round2,29.9,34.4,2
round2,29.9,34.5,2
round2,29.9,34.6,1
round2,29.9,34.7,2
round2,29.9,35,1
round2,29.9,35.1,1
round2,29.9,35.2,2
round2,29.9,35.3,1
round2,29.9,35.4,3
round2,29.9,35.7,1
round2,29.9,35.8,2
round2,29.9,35.9,3
round2,29.9,36.3,2
round2,29.9,36.5,1
round2,29.9,36.7,2
round2,29.9,36.9,1
round2,29.9,37,2
round2,29.9,37.1,2
round2,29.9,37.2,1
round2,29.9,37.3,1
round2,29.9,37.5,1
round2,29.9,37.7,1
round2,29.9,37.9,1
round2,29.9,38,1
round2,29.9,38.1,1
round2,29.9,38.2,1
round2,29.9,38.3,1
round2,29.9,38.4,3
round2,29.9,38.5,3
round2,29.9,38.6,3
round2,29.9,38.7,1
round2,29.9,38.8,4
round2,29.9,38.9,4
round2,29.9,39,1
round2,29.9,39.1,1
round2,29.9,39.2,2
round2,29.9,39.3,1
round2,29.9,39.4,1
round2,29.9,39.5,2
round2,29.9,39.6,3
round2,29.9,39.7,3
round2,29.9,39.8,2
round2,29.9,39.9,4
round2,29.9,40.1,1
round2,29.9,40.3,2
round2,29.9,40.4,2
round2,29.9,40.5,3
round2,29.9,40.6,3
round2,29.9,40.7,1
round2,29.9,40.8,3
round2,29.9,40.9,2
round2,29.9,41,3
round2,29.9,41.1,2
round2,29.9,41.2,2
round2,29.9,41.3,1
round2,29.9,41.4,2
round2,29.9,41.5,1
round2,29.9,41.6,1
round2,29.9,41.8,2
round2,29.9,42,1
round2,29.9,42.1,2
round2,29.9,42.7,1
round2,29.9,42.9,1
round2,29.9,43,2
round2,29.9,43.1,2
round2,29.9,43.3,3
round2,29.9,43.4,2
round2,29.9,43.6,1
round2,29.9,43.7,1
round2,29.9,43.9,1
round2,29.9,44,1
round2,29.9,44.1,2
round2,29.9,44.2,1
round2,29.9,44.3,2
round2,29.9,44.4,1
round2,29.9,44.5,2
round2,29.9,44.6,2
round2,29.9,44.7,1
round2,29.9,44.8,1
round2,29.9,45,1
round2,29.9,45.1,1
round2,29.9,45.3,2
round2,29.9,45.5,3
round2,29.9,45.6,2
round2,29.9,45.7,1
round2,29.9,45.8,1
round2,29.9,46,2
round2,29.9,46.1,3
round2,29.9,46.2,4
round2,29.9,46.3,2
round2,29.9,46.4,2
round2,29.9,46.5,3
round2,29.9,46.6,1
round2,29.9,46.8,3
round2,29.9,46.9,2
round2,29.9,47.2,1
round2,29.9,47.5,1
round2,29.9,47.8,2
round2,29.9,48,1
round2,29.9,48.1,1
round2,29.9,48.2,2
round2,29.9,48.3,2
round2,29.9,48.4,4
round2,29.9,48.7,2
round2,29.9,48.8,4
round2,29.9,49,1
round2,29.9,49.3,2
round2,29.9,49.4,1
round2,29.9,49.5,1
round2,29.9,49.6,3
round2,29.9,49.9,2
round2,29.9,50,3
round2,29.9,50.1,1
round2,29.9,50.2,2
round2,29.9,50.3,1
round2,29.9,50.5,1
round2,29.9,50.6,2
round2,29.9,50.7,2
round2,29.9,50.8,1
round2,29.9,50.9,2
round2,29.9,51,1
round2,29.9,51.1,3
round2,29.9,51.2,2
round2,29.9,51.3,1
round2,29.9,51.4,1
round2,29.9,51.5,1
round2,29.9,51.6,2
round2,29.9,51.7,2
round2,29.9,51.9,3
round2,29.9,52.2,1
round2,29.9,52.4,1
round2,29.9,52.6,3
round2,29.9,52.7,2
round2,29.9,52.8,1
round2,29.9,53,2
round2,29.9,53.1,1
round2,29.9,53.2,2
round2,29.9,53.3,2
round2,29.9,53.5,1
round2,29.9,53.6,4
round2,29.9,53.8,1
round2,29.9,53.9,1
round2,29.9,54,1
round2,29.9,54.1,1
round2,29.9,54.3,1
round2,29.9,54.5,3
round2,29.9,54.6,1
round2,29.9,54.7,2
round2,29.9,54.8,1
round2,29.9,54.9,2
round2,29.9,55,2
round2,29.9,55.1,1
round2,29.9,55.2,3
round2,29.9,55.4,5
round2,29.9,55.6,2
round2,29.9,55.7,1
round2,29.9,55.9,3
round2,29.9,56.1,2
round2,29.9,56.2,1
round2,29.9,56.4,1
round2,29.9,56.5,1
round2,29.9,56.6,1
round2,29.9,56.7,3
round2,29.9,57,2
round2,29.9,57.4,1
round2,29.9,57.5,1
round2,29.9,57.6,1
round2,29.9,57.7,1
round2,29.9,57.8,1
round2,29.9,57.9,1
round2,29.9,58,1
round2,29.9,58.3,2
round2,29.9,58.6,1
round2,29.9,58.8,2
round2,29.9,58.9,1
round2,29.9,59,1
round2,29.9,59.1,2
round2,29.9,59.3,2
round2,29.9,59.4,1
round2,29.9,59.5,1
round2,29.9,59.6,4
round2,29.9,59.8,1
round2,29.9,60,2
round2,29.9,60.2,3
round2,29.9,60.3,1
round2,29.9,60.4,1
round2,29.9,60.5,3
round2,29.9,60.6,2
round2,29.9,60.7,1
round2,29.9,60.8,4
round2,29.9,61.1,1
round2,29.9,61.3,3
round2,29.9,61.5,2
round2,29.9,61.6,1
round2,29.9,61.8,1
round2,29.9,61.9,3
round2,29.9,62.2,3
round2,29.9,62.3,2
round2,29.9,62.4,2
round2,29.9,62.5,1
round2,29.9,62.9,2
round2,29.9,63.1,3
round2,29.9,63.4,1
round2,29.9,63.9,2
round2,29.9,64,1
round2,29.9,64.1,1
round2,29.9,64.2,1
round2,29.9,64.3,1
round2,29.9,64.4,2
round2,29.9,64.5,1
round2,29.9,64.6,1
round2,29.9,64.7,1
round2,29.9,64.8,3
round2,29.9,64.9,2
round2,29.9,65,2
round2,29.9,65.5,3
round2,29.9,65.7,1
round2,29.9,65.8,1
round2,29.9,65.9,2
round2,29.9,66,2
round2,29.9,66.1,1
round2,29.9,66.3,2
round2,29.9,66.4,1
round2,29.9,66.5,2
round2,29.9,66.6,1
round2,29.9,66.7,2
round2,29.9,67,1
round2,29.9,67.2,1
round2,29.9,67.3,3
round2,29.9,67.5,2
round2,29.9,67.6,2
round2,29.9,67.7,1
round2,29.9,67.8,1
round2,29.9,67.9,1
round2,29.9,68.1,2
round2,29.9,68.2,1
round2,29.9,68.4,3
round2,29.9,68.5,2
round2,29.9,68.6,1
round2,29.9,68.8,2
round2,29.9,69.1,2
round2,29.9,69.2,1
round2,29.9,69.4,2
round2,29.9,69.5,2
round2,29.9,69.6,1
round2,29.9,69.7,2
round2,29.9,69.9,1
round2,29.9,70,1
round2,29.9,70.1,1
round2,29.9,70.2,1
round2,29.9,70.3,3
round2,29.9,70.4,1
round2,29.9,70.5,1
round2,29.9,70.6,1
round2,29.9,70.8,2
round2,29.9,70.9,3
round2,29.9,71,1
round2,29.9,71.1,1
round2,29.9,71.4,1
round2,29.9,71.5,2
round2,29.9,71.6,1
round2,29.9,71.7,1
round2,29.9,71.8,1
round2,29.9,72,1
round2,29.9,72.1,1
round2,29.9,72.5,3
round2,29.9,72.6,1
round2,29.9,72.8,1
round2,29.9,73.1,3
round2,29.9,73.2,2
round2,29.9,73.3,3
round2,29.9,73.5,1
round2,29.9,73.8,2
round2,29.9,74,1
round2,29.9,74.2,1
round2,29.9,74.3,1
round2,29.9,74.5,3
round2,29.9,74.7,2
round2,29.9,74.8,1
round2,29.9,74.9,2
round2,29.9,75,1
round2,29.9,75.2,6
round2,29.9,75.3,1
round2,29.9,75.5,2
round2,29.9,75.6,1
round2,29.9,75.7,1
round2,29.9,75.8,1
round2,29.9,75.9,2
round2,29.9,76,1
round2,29.9,76.2,3
round2,29.9,76.3,1
round2,29.9,76.4,1
round2,29.9,76.5,2
round2,29.9,76.6,1
round2,29.9,76.7,1
round2,29.9,76.9,1
round2,29.9,77,2
round2,29.9,77.1,3
round2,29.9,77.2,2
round2,29.9,77.3,3
round2,29.9,77.4,1
round2,29.9,77.5,3
round2,29.9,77.8,3
round2,29.9,77.9,1
round2,29.9,78,1
round2,29.9,78.2,1
round2,29.9,78.3,2
round2,29.9,78.4,1
round2,29.9,78.7,1
round2,29.9,78.8,1
round2,29.9,78.9,2
round2,29.9,79.3,1
round2,29.9,79.5,1
round2,29.9,79.6,2
round2,29.9,79.9,1
round2,29.9,80,4
round2,29.9,80.1,1
round2,29.9,80.2,1
round2,29.9,80.3,1
round2,29.9,80.5,2
round2,29.9,80.8,3
round2,29.9,81,1
round2,29.9,81.1,1
round2,29.9,81.2,2
round2,29.9,81.3,1
round2,29.9,81.4,1
round2,29.9,81.6,1
round2,29.9,81.7,2
round2,29.9,81.8,1
round2,29.9,81.9,1
round2,29.9,82,2
round2,29.9,82.2,1
round2,29.9,82.3,1
round2,29.9,82.4,2
round2,29.9,82.6,1
round2,29.9,82.7,4
round2,29.9,82.9,1
round2,29.9,83.1,2
round2,29.9,83.2,1
round2,29.9,83.3,1
round2,29.9,83.5,1
round2,29.9,83.6,2
round2,29.9,83.8,1
round2,29.9,83.9,1
round2,29.9,84.3,1
round2,29.9,84.4,2
round2,29.9,84.5,1
round2,29.9,84.6,1
round2,29.9,84.7,1
round2,29.9,84.9,1
round2,29.9,85.2,2
round2,29.9,85.3,1
round2,29.9,85.5,2
round2,29.9,85.6,1
round2,29.9,85.8,1
round2,29.9,86,1
round2,29.9,86.6,1
round2,29.9,86.7,1
round2,29.9,86.9,2
round2,29.9,87,2
round2,29.9,87.1,2
round2,29.9,87.3,1
round2,29.9,87.5,1
round2,29.9,87.6,2
round2,29.9,87.7,1
round2,29.9,87.8,1
round2,29.9,87.9,2
round2,29.9,88,2
round2,29.9,88.2,1
round2,29.9,88.3,1
round2,29.9,88.6,2
round2,29.9,88.9,1
round2,29.9,89,1
round2,29.9,89.1,1
round2,29.9,89.2,1
round2,29.9,89.6,2
round2,29.9,90.2,1
round2,29.9,90.5,1
round2,29.9,90.6,1
round2,29.9,90.7,3
round2,29.9,90.9,1
round2,29.9,91.1,1
round2,29.9,91.4,1
round2,29.9,91.5,1
round2,29.9,91.8,1
round2,29.9,91.9,1
round2,29.9,92.2,1
round2,29.9,92.4,1
round2,29.9,92.5,2
round2,29.9,92.8,1
round2,29.9,92.9,2
round2,29.9,93.3,1
round2,29.9,93.6,3
round2,29.9,93.7,2
round2,29.9,94.2,1
round2,29.9,94.5,1
round2,29.9,94.6,1
round2,29.9,94.7,2
round2,29.9,94.9,1
round2,29.9,95.1,1
round2,29.9,95.3,2
round2,29.9,95.8,1
round2,29.9,96,1
round2,29.9,96.3,1
round2,29.9,96.7,1
round2,29.9,96.9,1
round2,29.9,97,1
round2,29.9,97.7,2
round2,29.9,97.9,2
round2,29.9,98,2
round2,29.9,98.4,1
round2,29.9,98.6,1
round2,29.9,98.7,2
round2,29.9,98.9,2
round2,29.9,99.4,1
round2,29.9,99.6,1
round2,29.9,99.7,1
round2,29.9,99.8,2
round2,29.9,99.9,1
round2,36,0.1,1
round2,36,0.2,3
round2,36,0.3,2
round2,36,0.4,1
round2,36,0.5,2
round2,36,0.7,1
round2,36,0.8,2
round2,36,0.9,4
round2,36,1.1,2
round2,36,1.2,1
round2,36,1.3,1
round2,36,1.4,2
round2,36,1.5,1
round2,36,1.6,1
round2,36,1.7,2
round2,36,1.8,1
round2,36,1.9,2
round2,36,2,1
round2,36,2.2,3
round2,36,2.3,2
round2,36,2.4,7
round2,36,2.5,2
round2,36,2.7,2
round2,36,2.8,1
round2,36,3,2
round2,36,3.1,1
round2,36,3.2,1
round2,36,3.3,2
round2,36,3.4,1
round2,36,3.5,3
round2,36,3.6,2
round2,36,3.8,4
round2,36,3.9,1
round2,36,4,1
round2,36,4.1,1
round2,36,4.2,2
round2,36,4.4,1
round2,36,4.5,2
round2,36,4.6,4
round2,36,4.7,1
round2,36,4.8,1
round2,36,4.9,1
round2,36,5,1
round2,36,5.1,2
round2,36,5.2,1
round2,36,5.3,1
round2,36,5.4,3
round2,36,5.5,2
round2,36,5.6,1
round2,36,5.7,2
round2,36,5.8,2
round2,36,5.9,1
round2,36,6,2
round2,36,6.1,4
round2,36,6.2,3
round2,36,6.3,2
round2,36,6.4,2
round2,36,6.5,6
round2,36,6.6,1
round2,36,6.7,2
round2,36,6.8,3
round2,36,6.9,2
round2,36,7,1
round2,36,7.1,1
round2,36,7.2,1
round2,36,7.3,1
round2,36,7.4,2
round2,36,7.5,1
round2,36,7.6,1
round2,36,7.7,4
round2,36,7.8,3
round2,36,7.9,2
round2,36,8,1
round2,36,8.1,1
round2,36,8.2,2
round2,36,8.3,2
round2,36,8.4,2
round2,36,8.5,3
round2,36,8.8,2
round2,36,8.9,1
round2,36,9,2
round2,36,9.1,1
round2,36,9.3,2
round2,36,9.4,2
round2,36,9.5,2
round2,36,9.6,3
round2,36,9.7,1
round2,36,9.8,3
round2,36,9.9,3
round2,36,10,1
round2,36,10.1,1
round2,36,10.2,2
round2,36,10.3,1
round2,36,10.4,1
round2,36,10.5,3
round2,36,10.6,3
round2,36,10.7,1
round2,36,10.9,2
round2,36,11.1,2
round2,36,11.2,5
round2,36,11.3,2
round2,36,11.4,2
round2,36,11.5,3
round2,36,11.6,3
round2,36,11.7,2
round2,36,11.8,4
round2,36,11.9,1
round2,36,12,2
round2,36,12.1,1
round2,36,12.2,4
round2,36,12.3,2
round2,36,12.4,2
round2,36,12.5,4
round2,36,12.8,2
round2,36,12.9,1
round2,36,13,2
round2,36,13.1,1
round2,36,13.3,2
round2,36,13.4,2
round2,36,13.5,1
round2,36,13.6,2
round2,36,13.8,3
round2,36,13.9,1
round2,36,14,2
round2,36,14.2,1
round2,36,14.3,2
round2,36,14.4,3
round2,36,14.6,1
round2,36,14.8,3
round2,36,15,1
round2,36,15.1,1
round2,36,15.2,1
round2,36,15.3,1
round2,36,15.4,1
round2,36,15.6,2
round2,36,15.7,3
round2,36,15.8,1
round2,36,15.9,1
round2,36,16,1
round2,36,16.1,4
round2,36,16.2,2
round2,36,16.3,1
round2,36,16.4,2
round2,36,16.5,1
round2,36,16.6,2
round2,36,16.7,1
round2,36,16.8,1
round2,36,16.9,1
round2,36,17,2
round2,36,17.1,1
round2,36,17.2,1
round2,36,17.3,2
round2,36,17.4,3
round2,36,17.7,4
round2,36,17.8,2
round2,36,18,2
round2,36,18.1,1
round2,36,18.3,1
round2,36,18.4,3
round2,36,18.5,1
round2,36,18.6,3
round2,36,18.9,2
round2,36,19,2
round2,36,19.1,2
round2,36,19.2,1
round2,36,19.3,2
round2,36,19.4,4
round2,36,19.5,1
round2,36,19.6,2
round2,36,19.7,3
round2,36,19.8,3
round2,36,19.9,3
round2,36,20,1
round2,36,20.1,1
round2,36,20.2,3
round2,36,20.3,1
round2,36,20.4,2
round2,36,20.5,3
round2,36,20.6,3
round2,36,20.7,4
round2,36,20.8,2
round2,36,20.9,1
round2,36,21,1
round2,36,21.1,1
round2,36,21.2,2
round2,36,21.3,3
round2,36,21.5,2
round2,36,21.6,1
round2,36,21.7,2
round2,36,21.8,1
round2,36,21.9,2
round2,36,22,1
round2,36,22.1,3
round2,36,22.2,3
round2,36,22.3,2
round2,36,22.4,2
round2,36,22.5,3
round2,36,22.6,3
round2,36,22.7,1
round2,36,22.8,2
round2,36,22.9,1
round2,36,23.1,2
round2,36,23.2,1
round2,36,23.3,3
round2,36,23.5,7
round2,36,23.6,2
round2,36,23.7,2
round2,36,23.8,2
round2,36,23.9,1
round2,36,24,1
round2,36,24.1,4
round2,36,24.2,1
round2,36,24.3,2
round2,36,24.4,3
round2,36,24.5,2
round2,36,24.6,2
round2,36,24.7,1
round2,36,24.8,1
round2,36,24.9,2
round2,36,25,2
round2,36,25.2,3
round2,36,25.3,2
round2,36,25.5,1
round2,36,25.9,2
round2,36,26,2
round2,36,26.1,4
round2,36,26.2,1
round2,36,26.3,1
round2,36,26.4,2
round2,36,26.5,2
round2,36,26.6,4
round2,36,26.7,2
round2,36,26.8,1
round2,36,26.9,3
round2,36,27.1,2
round2,36,27.2,1
round2,36,27.4,3
round2,36,27.5,1
round2,36,27.6,2
round2,36,27.7,1
round2,36,27.9,4
round2,36,28.1,2
round2,36,28.3,1
round2,36,28.4,2
round2,36,28.6,3
round2,36,28.7,4
round2,36,28.9,2
round2,36,29,2
round2,36,29.1,2
round2,36,29.3,1
round2,36,29.4,1
round2,36,29.5,1
round2,36,29.6,3
round2,36,29.7,1
round2,36,29.9,1
round2,36,30,2
round2,36,30.2,2
round2,36,30.3,3
round2,36,30.4,1
round2,36,30.5,2
round2,36,30.6,1
round2,36,30.7,1
round2,36,30.9,2
round2,36,31,1
round2,36,31.3,1
round2,36,31.4,1
round2,36,31.5,3
round2,36,31.6,3
round2,36,31.7,2
round2,36,31.8,1
round2,36,31.9,6
round2,36,32,1
round2,36,32.2,2
round2,36,32.3,2
round2,36,32.4,2
round2,36,32.5,4
round2,36,32.6,1
round2,36,32.7,2
round2,36,32.8,3
round2,36,32.9,3
round2,36,33.1,1
round2,36,33.2,1
round2,36,33.4,2
round2,36,33.5,3
round2,36,33.6,2
round2,36,33.8,1
round2,36,34,3
round2,36,34.1,3
round2,36,34.2,3
round2,36,34.4,2
round2,36,34.5,1
round2,36,34.6,4
round2,36,34.8,1
round2,36,34.9,1
round2,36,35,2
round2,36,35.1,4
round2,36,35.2,2
round2,36,35.3,2
round2,36,35.4,1
round2,36,35.5,2
round2,36,35.6,2
round2,36,35.8,1
round2,36,35.9,1
round2,36,36,1
round2,36,36.1,2
round2,36,36.2,1
round2,36,36.3,3
round2,36,36.4,2
round2,36,36.5,1
round2,36,36.6,2
round2,36,36.7,1
round2,36,36.8,2
round2,36,36.9,3
round2,36,37,1
round2,36,37.2,3
round2,36,37.6,4
round2,36,37.8,2
round2,36,37.9,3
round2,36,38,1
round2,36,38.1,1
round2,36,38.2,1
round2,36,38.3,2
round2,36,38.4,2
round2,36,38.5,1
round2,36,38.6,1
round2,36,38.7,2
round2,36,38.8,1
round2,36,38.9,1
round2,36,39,3
round2,36,39.1,1
round2,36,39.2,4
round2,36,39.4,2
round2,36,39.5,2
round2,36,39.8,1
round2,36,39.9,3
round2,36,40,1
round2,36,40.1,2
round2,36,40.2,1
round2,36,40.3,4
round2,36,40.4,1
round2,36,40.5,2
round2,36,40.6,1
round2,36,40.8,1
round2,36,40.9,2
round2,36,41,2
round2,36,41.1,1
round2,36,41.2,1
round2,36,41.4,2
round2,36,41.7,4
round2,36,41.8,1
round2,36,41.9,2
round2,36,42,4
round2,36,42.1,3
round2,36,42.2,3
round2,36,42.3,2
round2,36,42.4,2
round2,36,42.5,1
round2,36,42.6,2
round2,36,42.7,2
round2,36,42.8,3
round2,36,42.9,1
round2,36,43,2
round2,36,43.1,3
round2,36,43.3,3
round2,36,43.5,1
round2,36,43.6,1
round2,36,43.7,3
round2,36,43.8,3
round2,36,43.9,6
round2,36,44.1,1
round2,36,44.2,1
round2,36,44.3,2
round2,36,44.4,3
round2,36,44.6,4
round2,36,44.7,3
round2,36,44.8,2
round2,36,44.9,2
round2,36,45,3
round2,36,45.2,3
round2,36,45.3,2
round2,36,45.5,2
round2,36,45.6,2
round2,36,45.9,3
round2,36,46.1,1
round2,36,46.2,1
round2,36,46.3,2
round2,36,46.4,4
round2,36,46.5,1
round2,36,46.6,4
round2,36,46.7,1
round2,36,46.8,3
round2,36,47,3
round2,36,47.1,1
round2,36,47.3,4
round2,36,47.4,1
round2,36,47.5,1
round2,36,47.7,1
round2,36,47.8,3
round2,36,47.9,3
round2,36,48,3
round2,36,48.1,1
round2,36,48.2,2
round2,36,48.3,3
round2,36,48.4,2
round2,36,48.5,3
round2,36,48.6,2
round2,36,48.7,4
round2,36,48.8,1
round2,36,48.9,2
round2,36,49,1
round2,36,49.1,2
round2,36,49.2,2
round2,36,49.3,1
round2,36,49.5,2
round2,36,49.6,2
round2,36,49.8,2
round2,36,49.9,1
round2,36,50.1,1
round2,36,50.2,1
round2,36,50.4,3
round2,36,50.5,1
round2,36,50.6,1
round2,36,50.7,2
round2,36,50.8,1
round2,36,50.9,1
round2,36,51,3
round2,36,51.1,1
round2,36,51.2,3
round2,36,51.3,1
round2,36,51.4,7
round2,36,51.5,3
round2,36,51.6,3
round2,36,51.7,3
round2,36,51.8,2
round2,36,51.9,1
round2,36,52,2
round2,36,52.1,2
round2,36,52.3,1
round2,36,52.4,1
round2,36,52.5,4
round2,36,52.9,2
round2,36,53,2
round2,36,53.1,2
round2,36,53.2,5
round2,36,53.3,1
round2,36,53.4,2
round2,36,53.5,3
round2,36,53.7,2
round2,36,53.8,1
round2,36,53.9,3
round2,36,54,1
round2,36,54.1,3
round2,36,54.2,1
round2,36,54.3,1
round2,36,54.4,3
round2,36,54.5,1
round2,36,54.6,1
round2,36,54.7,2
round2,36,54.8,2
round2,36,54.9,3
round2,36,55,1
round2,36,55.1,5
round2,36,55.2,2
round2,36,55.3,2
round2,36,55.5,2
round2,36,55.6,2
round2,36,55.7,3
round2,36,55.8,1
round2,36,55.9,2
round2,36,56.1,2
round2,36,56.2,1
round2,36,56.3,2
round2,36,56.5,2
round2,36,56.8,1
round2,36,56.9,2
round2,36,57,2
round2,36,57.1,3
round2,36,57.2,3
round2,36,57.3,2
round2,36,57.4,2
round2,36,57.6,1
round2,36,57.8,4
round2,36,57.9,4
round2,36,58.1,1
round2,36,58.2,3
round2,36,58.6,2
round2,36,58.7,1
round2,36,58.8,1
round2,36,58.9,1
round2,36,59,1
round2,36,59.1,1
round2,36,59.2,1
round2,36,59.4,2
round2,36,59.5,1
round2,36,59.7,3
round2,36,59.8,1
round2,36,59.9,4
round2,36,60,1
round2,36,60.1,2
round2,36,60.2,2
round2,36,60.3,1
round2,36,60.5,2
round2,36,60.6,1
round2,36,60.7,1
round2,36,60.8,2
round2,36,60.9,2
round2,36,61,2
round2,36,61.1,2
round2,36,61.2,3
round2,36,61.3,2
round2,36,61.4,2
round2,36,61.6,1
round2,36,61.7,4
round2,36,61.9,1
round2,36,62,2
round2,36,62.1,1
round2,36,62.2,1
round2,36,62.3,1
round2,36,62.4,5
round2,36,62.5,3
round2,36,62.6,3
round2,36,63.2,2
round2,36,63.4,2
round2,36,63.6,1
round2,36,63.7,2
round2,36,63.8,1
round2,36,63.9,3
round2,36,64,3
round2,36,64.1,7
round2,36,64.3,6
round2,36,64.4,2
round2,36,64.5,1
round2,36,64.7,3
round2,36,64.8,4
round2,36,64.9,2
round2,36,65,1
round2,36,65.1,1
round2,36,65.2,2
round2,36,65.3,3
round2,36,65.4,3
round2,36,65.5,1
round2,36,65.6,2
round2,36,65.7,2
round2,36,65.8,4
round2,36,65.9,2
round2,36,66,3
round2,36,66.3,3
round2,36,66.4,1
round2,36,66.5,2
round2,36,66.8,2
round2,36,67,3
round2,36,67.2,2
round2,36,67.3,3
round2,36,67.4,1
round2,36,67.5,3
round2,36,67.6,1
round2,36,67.7,2
round2,36,67.8,2
round2,36,68,3
round2,36,68.1,2
round2,36,68.2,2
round2,36,68.3,1
round2,36,68.5,3
round2,36,68.6,1
round2,36,68.7,1
round2,36,68.8,2
round2,36,68.9,2
round2,36,69,2
round2,36,69.1,1
round2,36,69.2,5
round2,36,69.3,1
round2,36,69.4,1
round2,36,69.5,6
round2,36,69.6,1
round2,36,69.7,1
round2,36,69.8,4
round2,36,69.9,2
round2,36,70,2
round2,36,70.1,2
round2,36,70.2,1
round2,36,70.3,1
round2,36,70.4,1
round2,36,70.7,1
round2,36,70.8,2
round2,36,70.9,1
round2,36,71.1,5
round2,36,71.2,2
round2,36,71.4,2
round2,36,71.5,1
round2,36,71.9,3
round2,36,72.1,2
round2,36,72.4,1
round2,36,72.5,2
round2,36,72.6,1
round2,36,73,2
round2,36,73.1,2
round2,36,73.2,5
round2,36,73.3,1
round2,36,73.4,2
round2,36,73.5,1
round2,36,73.7,3
round2,36,73.8,3
round2,36,73.9,1
round2,36,74,2
round2,36,74.1,3
round2,36,74.2,1
round2,36,74.3,3
round2,36,74.5,1
round2,36,74.6,3
round2,36,74.8,2
round2,36,74.9,1
round2,36,75,1
round2,36,75.1,2
round2,36,75.2,2
round2,36,75.3,2
round2,36,75.4,1
round2,36,75.5,3
round2,36,75.8,1
round2,36,75.9,1
round2,36,76,2
round2,36,76.1,2
round2,36,76.2,1
round2,36,76.3,2
round2,36,76.4,3
round2,36,76.5,1
round2,36,76.6,2
round2,36,77,4
round2,36,77.2,2
round2,36,77.3,1
round2,36,77.4,1
round2,36,77.5,1
round2,36,77.7,1
round2,36,77.8,2
round2,36,78,1
round2,36,78.1,1
round2,36,78.2,4
round2,36,78.3,2
round2,36,78.4,2
round2,36,78.5,1
round2,36,78.6,1
round2,36,78.9,1
round2,36,79.1,2
round2,36,79.2,2
round2,36,79.3,1
round2,36,79.4,1
round2,36,79.5,1
round2,36,79.8,1
round2,36,80,1
round2,36,80.1,1
round2,36,80.2,2
round2,36,80.3,2
round2,36,80.4,1
round2,36,80.5,3
round2,36,80.6,4
round2,36,80.7,2
round2,36,80.8,2
round2,36,81.1,4
round2,36,81.2,1
round2,36,81.3,1
round2,36,81.4,1
round2,36,81.5,1
round2,36,81.7,1
round2,36,81.8,4
round2,36,82,2
round2,36,82.1,2
round2,36,82.3,3
round2,36,82.4,2
round2,36,82.5,3
round2,36,82.6,1
round2,36,82.7,3
round2,36,82.8,1
round2,36,82.9,2
round2,36,83.1,1
round2,36,83.2,2
round2,36,83.3,2
round2,36,83.4,1
round2,36,83.5,1
round2,36,83.6,2
round2,36,83.7,1
round2,36,83.8,1
round2,36,83.9,1
round2,36,84,2
round2,36,84.2,2
round2,36,84.3,2
round2,36,84.5,2
round2,36,84.6,2
round2,36,84.8,2
round2,36,84.9,1
round2,36,85.2,3
round2,36,85.4,1
round2,36,85.5,1
round2,36,85.6,2
round2,36,85.7,2
round2,36,85.8,1
round2,36,86,3
round2,36,86.1,2
round2,36,86.2,1
round2,36,86.3,1
round2,36,86.4,1
round2,36,86.5,2
round2,36,86.6,2
round2,36,86.9,3
round2,36,87.1,3
round2,36,87.2,4
round2,36,87.3,1
round2,36,87.4,1
round2,36,87.5,3
round2,36,87.8,2
round2,36,88,2
round2,36,88.1,4
round2,36,88.2,3
round2,36,88.3,2
round2,36,88.4,1
round2,36,88.5,1
round2,36,88.6,1
round2,36,88.7,1
round2,36,88.8,2
round2,36,88.9,1
round2,36,89,1
round2,36,89.1,3
round2,36,89.2,1
round2,36,89.4,3
round2,36,89.6,2
round2,36,89.8,2
round2,36,89.9,1
round2,36,90.1,2
round2,36,90.2,1
round2,36,90.4,1
round2,36,90.5,3
round2,36,90.6,2
round2,36,90.8,1
round2,36,91.2,2
round2,36,91.3,2
round2,36,91.4,2
round2,36,91.6,1
round2,36,91.7,1
round2,36,91.8,2
round2,36,92,1
round2,36,92.1,1
round2,36,92.3,1
round2,36,92.5,1
round2,36,92.6,3
round2,36,92.7,1
round2,36,92.8,3
round2,36,93.1,1
round2,36,93.2,1
round2,36,93.3,2
round2,36,93.4,2
round2,36,93.5,1
round2,36,93.6,1
round2,36,93.7,1
round2,36,93.8,1
round2,36,93.9,3
round2,36,94,1
round2,36,94.1,2
round2,36,94.3,1
round2,36,94.4,4
round2,36,94.5,1
round2,36,94.6,1
round2,36,94.9,1
round2,36,95.2,1
round2,36,95.3,3
round2,36,95.4,1
round2,36,95.5,2
round2,36,95.7,1
round2,36,95.8,1
round2,36,95.9,4
round2,36,96,1
round2,36,96.4,3
round2,36,96.5,4
round2,36,96.6,1
round2,36,96.7,1
round2,36,96.9,1
round2,36,97,1
round2,36,97.1,1
round2,36,97.2,1
round2,36,97.3,1
round2,36,97.4,1
round2,36,97.8,1
round2,36,97.9,1
round2,36,98,1
round2,36,98.1,1
round2,36,98.3,2
round2,36,98.5,1
round2,36,99,2
round2,36,99.3,1
round2,36,99.4,1
round2,36,99.7,1
round2,42.4,0.1,1
round2,42.4,0.2,1
round2,42.4,0.3,2
round2,42.4,0.4,1
round2,42.4,0.5,1
round2,42.4,0.6,2
round2,42.4,0.7,3
round2,42.4,0.8,2
round2,42.4,0.9,2
round2,42.4,1,5
round2,42.4,1.6,3
round2,42.4,1.7,3
round2,42.4,1.9,2
round2,42.4,2,2
round2,42.4,2.1,1
round2,42.4,2.2,1
round2,42.4,2.3,3
round2,42.4,2.4,1
round2,42.4,2.5,3
round2,42.4,2.6,1
round2,42.4,2.7,1
round2,42.4,2.8,3
round2,42.4,2.9,2
round2,42.4,3,2
round2,42.4,3.1,1
round2,42.4,3.2,2
round2,42.4,3.3,1
round2,42.4,3.4,1
round2,42.4,3.6,3
round2,42.4,3.7,3
round2,42.4,3.9,2
round2,42.4,4.1,2
round2,42.4,4.2,3
round2,42.4,4.3,2
round2,42.4,4.4,1
round2,42.4,4.5,1
round2,42.4,4.6,2
round2,42.4,4.8,2
round2,42.4,4.9,1
round2,42.4,5,3
round2,42.4,5.6,3
round2,42.4,5.8,1
round2,42.4,6,2
round2,42.4,6.1,3
round2,42.4,6.2,3
round2,42.4,6.3,3
round2,42.4,6.4,2
round2,42.4,6.5,1
round2,42.4,6.6,2
round2,42.4,6.7,2
round2,42.4,6.8,1
round2,42.4,7.1,1
round2,42.4,7.2,2
round2,42.4,7.3,1
round2,42.4,7.4,2
round2,42.4,7.5,3
round2,42.4,7.6,2
round2,42.4,7.7,1
round2,42.4,7.8,1
round2,42.4,7.9,3
round2,42.4,8,3
round2,42.4,8.5,1
round2,42.4,8.6,1
round2,42.4,8.7,1
round2,42.4,8.8,2
round2,42.4,8.9,1
round2,42.4,9,1
round2,42.4,9.1,1
round2,42.4,9.3,1
round2,42.4,9.4,1
round2,42.4,9.5,1
round2,42.4,9.7,3
round2,42.4,9.8,1
round2,42.4,9.9,1
round2,42.4,10,1
round2,42.4,10.1,3
round2,42.4,10.2,2
round2,42.4,10.3,1
round2,42.4,10.4,4
round2,42.4,10.5,2
round2,42.4,10.9,2
round2,42.4,11,2
round2,42.4,11.1,2
round2,42.4,11.2,3
round2,42.4,11.3,4
round2,42.4,11.4,1
round2,42.4,11.5,3
round2,42.4,11.6,4
round2,42.4,11.7,3
round2,42.4,11.9,1
round2,42.4,12,1
round2,42.4,12.1,3
round2,42.4,12.2,1
round2,42.4,12.3,1
round2,42.4,12.8,1
round2,42.4,12.9,3
round2,42.4,13,2
round2,42.4,13.1,3
round2,42.4,13.2,1
round2,42.4,13.3,3
round2,42.4,13.4,1
round2,42.4,13.5,2
round2,42.4,13.6,1
round2,42.4,13.7,1
round2,42.4,13.8,2
round2,42.4,13.9,1
round2,42.4,14,2
round2,42.4,14.1,1
round2,42.4,14.2,1
round2,42.4,14.3,2
round2,42.4,14.4,1
round2,42.4,14.6,1
round2,42.4,14.7,1
round2,42.4,14.9,2
round2,42.4,15,2
round2,42.4,15.3,1
round2,42.4,15.5,3
round2,42.4,15.6,1
round2,42.4,15.7,1
round2,42.4,15.8,2
round2,42.4,15.9,3
round2,42.4,16,4
round2,42.4,16.1,2
round2,42.4,16.2,1
round2,42.4,16.3,1
round2,42.4,16.4,1
round2,42.4,16.5,4
round2,42.4,16.7,2
round2,42.4,16.8,1
round2,42.4,16.9,1
round2,42.4,17.1,2
round2,42.4,17.2,1
round2,42.4,17.5,2
round2,42.4,17.7,2
round2,42.4,17.8,2
round2,42.4,18,1
round2,42.4,18.2,3
round2,42.4,18.3,3
round2,42.4,18.4,2
round2,42.4,18.5,1
round2,42.4,18.7,5
round2,42.4,18.8,4
round2,42.4,18.9,2
round2,42.4,19,2
round2,42.4,19.1,2
round2,42.4,19.2,1
round2,42.4,19.3,1
round2,42.4,19.4,2
round2,42.4,19.5,1
round2,42.4,19.6,2
round2,42.4,19.8,3
round2,42.4,20,1
round2,42.4,20.1,2
round2,42.4,20.3,1
round2,42.4,20.4,2
round2,42.4,20.5,1
round2,42.4,20.6,2
round2,42.4,20.9,1
round2,42.4,21,2
round2,42.4,21.1,3
round2,42.4,21.2,1
round2,42.4,21.3,1
round2,42.4,21.4,3
round2,42.4,21.5,1
round2,42.4,21.6,2
round2,42.4,21.7,1
round2,42.4,21.8,2
round2,42.4,21.9,1
round2,42.4,22.1,1
round2,42.4,22.2,2
round2,42.4,22.3,2
round2,42.4,22.4,2
round2,42.4,22.5,1
round2,42.4,22.8,1
round2,42.4,22.9,2
round2,42.4,23.1,2
round2,42.4,23.2,5
round2,42.4,23.3,1
round2,42.4,23.4,2
round2,42.4,23.5,3
round2,42.4,23.6,2
round2,42.4,23.7,2
round2,42.4,23.8,2
round2,42.4,23.9,1
round2,42.4,24.1,2
round2,42.4,24.2,2
round2,42.4,24.3,2
round2,42.4,24.5,3
round2,42.4,24.6,1
round2,42.4,24.8,1
round2,42.4,24.9,3
round2,42.4,25,1
round2,42.4,25.1,2
round2,42.4,25.3,1
round2,42.4,25.5,2
round2,42.4,25.6,3
round2,42.4,25.7,1
round2,42.4,25.8,1
round2,42.4,25.9,1
round2,42.4,26,1
round2,42.4,26.1,2
round2,42.4,26.2,4
round2,42.4,26.3,3
round2,42.4,26.4,1
round2,42.4,26.8,3
round2,42.4,27,2
round2,42.4,27.1,2
round2,42.4,27.3,2
round2,42.4,27.4,1
round2,42.4,27.5,1
round2,42.4,27.6,4
round2,42.4,27.7,1
round2,42.4,27.8,3
round2,42.4,28,1
round2,42.4,28.1,2
round2,42.4,28.3,1
round2,42.4,28.5,2
round2,42.4,28.6,1
round2,42.4,28.9,2
round2,42.4,29,1
round2,42.4,29.2,1
round2,42.4,29.3,1
round2,42.4,29.4,1
round2,42.4,29.5,1
round2,42.4,29.6,2
round2,42.4,29.7,2
round2,42.4,29.8,1
round2,42.4,30,4
round2,42.4,30.1,1
round2,42.4,30.3,2
round2,42.4,30.4,1
round2,42.4,30.5,1
round2,42.4,30.9,1
round2,42.4,31,2
round2,42.4,31.1,4
round2,42.4,31.2,2
round2,42.4,31.4,2
round2,42.4,31.6,1
round2,42.4,31.7,1
round2,42.4,31.8,3
round2,42.4,31.9,1
round2,42.4,32,2
round2,42.4,32.2,1
round2,42.4,32.3,1
round2,42.4,32.4,2
round2,42.4,32.5,2
round2,42.4,32.6,2
round2,42.4,32.7,2
round2,42.4,32.8,2
round2,42.4,32.9,3
round2,42.4,33,3
round2,42.4,33.1,4
round2,42.4,33.3,2
round2,42.4,33.4,1
round2,42.4,33.5,2
round2,42.4,33.6,2
round2,42.4,33.7,1
round2,42.4,33.8,1
round2,42.4,33.9,3
round2,42.4,34,1
round2,42.4,34.1,2
round2,42.4,34.2,1
round2,42.4,34.5,3
round2,42.4,34.6,2
round2,42.4,34.7,3
round2,42.4,34.8,3
round2,42.4,35,2
round2,42.4,35.3,3
round2,42.4,35.4,2
round2,42.4,35.5,1
round2,42.4,35.6,2
round2,42.4,35.7,3
round2,42.4,35.8,2
round2,42.4,36,1
round2,42.4,36.1,1
round2,42.4,36.2,2
round2,42.4,36.3,2
round2,42.4,36.4,3
round2,42.4,36.5,3
round2,42.4,36.8,1
round2,42.4,36.9,1
round2,42.4,37.1,3
round2,42.4,37.2,1
round2,42.4,37.3,3
round2,42.4,37.5,3
round2,42.4,37.6,2
round2,42.4,37.7,2
round2,42.4,37.8,2
round2,42.4,37.9,1
round2,42.4,38,1
round2,42.4,38.1,2
round2,42.4,38.2,1
round2,42.4,38.3,3
round2,42.4,38.5,2
round2,42.4,38.6,5
round2,42.4,38.7,1
round2,42.4,38.8,2
round2,42.4,38.9,6
round2,42.4,39,3
round2,42.4,39.1,2
round2,42.4,39.2,1
round2,42.4,39.5,2
round2,42.4,39.6,1
round2,42.4,39.7,3
round2,42.4,39.8,1
round2,42.4,39.9,3
round2,42.4,40,2
round2,42.4,40.1,3
round2,42.4,40.3,1
round2,42.4,40.4,2
round2,42.4,40.5,1
round2,42.4,40.6,2
round2,42.4,40.7,2
round2,42.4,40.8,1
round2,42.4,41,1
round2,42.4,41.1,1
round2,42.4,41.3,1
round2,42.4,41.4,3
round2,42.4,41.5,2
round2,42.4,41.6,2
round2,42.4,41.7,1
round2,42.4,41.9,1
round2,42.4,42,4
round2,42.4,42.2,1
round2,42.4,42.3,3
round2,42.4,42.4,1
round2,42.4,42.5,1
round2,42.4,42.6,2
round2,42.4,42.7,3
round2,42.4,42.8,3
round2,42.4,42.9,4
round2,42.4,43.1,2
round2,42.4,43.2,4
round2,42.4,43.4,1
round2,42.4,43.5,2
round2,42.4,43.6,1
round2,42.4,43.7,1
round2,42.4,43.8,1
round2,42.4,44.2,3
round2,42.4,44.4,1
round2,42.4,44.5,2
round2,42.4,44.6,1
round2,42.4,44.7,2
round2,42.4,44.8,3
round2,42.4,44.9,2
round2,42.4,45,3
round2,42.4,45.1,2
round2,42.4,45.2,1
round2,42.4,45.3,3
round2,42.4,45.4,2
round2,42.4,45.6,3
round2,42.4,45.7,2
round2,42.4,45.9,3
round2,42.4,46.1,2
round2,42.4,46.3,2
round2,42.4,46.7,1
round2,42.4,46.9,3
round2,42.4,47.2,2
round2,42.4,47.4,1
round2,42.4,47.5,2
round2,42.4,47.6,3
round2,42.4,47.7,1
round2,42.4,47.9,3
round2,42.4,48.1,2
round2,42.4,48.4,2
round2,42.4,48.5,2
round2,42.4,48.6,2
round2,42.4,48.8,1
round2,42.4,48.9,2
round2,42.4,49,2
round2,42.4,49.1,1
round2,42.4,49.3,2
round2,42.4,49.4,2
round2,42.4,49.5,5
round2,42.4,49.6,3
round2,42.4,49.7,2
round2,42.4,49.8,5
round2,42.4,49.9,1
round2,42.4,50,4
round2,42.4,50.1,1
round2,42.4,50.2,4
round2,42.4,50.3,3
round2,42.4,50.5,1
round2,42.4,50.6,1
round2,42.4,50.7,3
round2,42.4,50.8,2
round2,42.4,50.9,1
round2,42.4,51.1,2
round2,42.4,51.2,1
round2,42.4,51.4,2
round2,42.4,51.5,1
round2,42.4,51.6,4
round2,42.4,52,2
round2,42.4,52.1,4
round2,42.4,52.2,1
round2,42.4,52.3,2
round2,42.4,52.4,1
round2,42.4,52.5,1
round2,42.4,52.6,1
round2,42.4,52.7,2
round2,42.4,52.8,1
round2,42.4,52.9,1
round2,42.4,53,1
round2,42.4,53.1,2
round2,42.4,53.4,1
round2,42.4,53.5,3
round2,42.4,53.6,2
round2,42.4,53.7,3
round2,42.4,53.8,4
round2,42.4,53.9,1
round2,42.4,54.1,2
round2,42.4,54.3,1
round2,42.4,54.5,3
round2,42.4,54.6,2
round2,42.4,54.7,1
round2,42.4,54.9,3
round2,42.4,55,2
round2,42.4,55.1,3
round2,42.4,55.2,3
round2,42.4,55.4,1
round2,42.4,55.5,1
round2,42.4,55.7,2
round2,42.4,55.8,3
round2,42.4,55.9,3
round2,42.4,56,3
round2,42.4,56.1,1
round2,42.4,56.2,1
round2,42.4,56.3,3
round2,42.4,56.4,1
round2,42.4,56.5,2
round2,42.4,56.6,1
round2,42.4,56.7,3
round2,42.4,56.9,4
round2,42.4,57,1
round2,42.4,57.2,2
round2,42.4,57.3,3
round2,42.4,57.4,2
round2,42.4,57.5,2
round2,42.4,57.6,2
round2,42.4,57.7,3
round2,42.4,57.8,4
round2,42.4,58,1
round2,42.4,58.1,1
round2,42.4,58.2,3
round2,42.4,58.3,2
round2,42.4,58.4,2
round2,42.4,58.5,2
round2,42.4,58.6,1
round2,42.4,58.7,2
round2,42.4,58.9,1
round2,42.4,59,2
round2,42.4,59.2,2
round2,42.4,59.3,2
round2,42.4,59.4,1
round2,42.4,59.5,2
round2,42.4,59.6,2
round2,42.4,59.7,3
round2,42.4,59.8,3
round2,42.4,60,2
round2,42.4,60.2,1
round2,42.4,60.3,2
round2,42.4,60.4,1
round2,42.4,60.7,1
round2,42.4,60.8,2
round2,42.4,61,4
round2,42.4,61.1,1
round2,42.4,61.2,2
round2,42.4,61.3,1
round2,42.4,61.4,1
round2,42.4,61.5,5
round2,42.4,61.6,3
round2,42.4,61.7,2
round2,42.4,61.8,3
round2,42.4,61.9,2
round2,42.4,62.4,1
round2,42.4,62.6,2
round2,42.4,62.7,2
round2,42.4,62.8,2
round2,42.4,62.9,2
round2,42.4,63.1,1
round2,42.4,63.2,2
round2,42.4,63.3,2
round2,42.4,63.4,1
round2,42.4,63.5,2
round2,42.4,63.6,2
round2,42.4,63.7,1
round2,42.4,63.8,2
round2,42.4,64,2
round2,42.4,64.1,3
round2,42.4,64.2,1
round2,42.4,64.3,2
round2,42.4,64.4,3
round2,42.4,64.5,2
round2,42.4,64.6,2
round2,42.4,64.8,1
round2,42.4,64.9,2
round2,42.4,65,2
round2,42.4,65.1,1
round2,42.4,65.2,2
round2,42.4,65.3,1
round2,42.4,65.4,1
round2,42.4,65.5,1
round2,42.4,65.6,1
round2,42.4,65.8,2
round2,42.4,65.9,2
round2,42.4,66,1
round2,42.4,66.1,2
round2,42.4,66.2,1
round2,42.4,66.3,3
round2,42.4,66.5,2
round2,42.4,66.6,1
round2,42.4,66.7,1
round2,42.4,66.9,2
round2,42.4,67,3
round2,42.4,67.1,1
round2,42.4,67.2,2
round2,42.4,67.3,2
round2,42.4,67.4,3
round2,42.4,67.5,1
round2,42.4,67.6,2
round2,42.4,67.7,1
round2,42.4,67.8,1
round2,42.4,68,1
round2,42.4,68.2,2
round2,42.4,68.6,1
round2,42.4,68.7,1
round2,42.4,68.9,2
round2,42.4,69,1
round2,42.4,69.1,2
round2,42.4,69.2,1
round2,42.4,69.4,6
round2,42.4,69.5,1
round2,42.4,69.7,2
round2,42.4,69.8,1
round2,42.4,69.9,1
round2,42.4,70.1,3
round2,42.4,70.2,1
round2,42.4,70.3,1
round2,42.4,70.5,1
round2,42.4,70.7,4
round2,42.4,70.8,1
round2,42.4,70.9,2
round2,42.4,71,1
round2,42.4,71.1,2
round2,42.4,71.3,1
round2,42.4,71.4,1
round2,42.4,71.5,1
round2,42.4,71.8,3
round2,42.4,71.9,2
round2,42.4,72,2
round2,42.4,72.2,1
round2,42.4,72.4,1
round2,42.4,72.5,2
round2,42.4,72.6,1
round2,42.4,72.8,2
round2,42.4,72.9,1
round2,42.4,73.1,1
round2,42.4,73.3,2
round2,42.4,73.4,2
round2,42.4,73.5,2
round2,42.4,73.6,2
round2,42.4,73.7,2
round2,42.4,73.9,2
round2,42.4,74,2
round2,42.4,74.1,1
round2,42.4,74.2,1
round2,42.4,74.3,1
round2,42.4,74.4,2
round2,42.4,74.5,1
round2,42.4,74.6,3
round2,42.4,74.8,1
round2,42.4,74.9,1
round2,42.4,75,1
round2,42.4,75.3,2
round2,42.4,75.4,1
round2,42.4,75.5,1
round2,42.4,75.6,2
round2,42.4,75.7,3
round2,42.4,75.8,2
round2,42.4,75.9,1
round2,42.4,76,1
round2,42.4,76.4,1
round2,42.4,76.5,1
round2,42.4,76.7,1
round2,42.4,76.8,2
round2,42.4,76.9,1
round2,42.4,77,2
round2,42.4,77.1,4
round2,42.4,77.2,2
round2,42.4,77.3,2
round2,42.4,77.4,1
round2,42.4,77.6,1
round2,42.4,77.7,1
round2,42.4,77.8,3
round2,42.4,78.1,2
round2,42.4,78.3,1
round2,42.4,78.4,2
round2,42.4,78.5,2
round2,42.4,78.6,2
round2,42.4,78.7,2
round2,42.4,78.9,2
round2,42.4,79,1
round2,42.4,79.2,3
round2,42.4,79.5,1
round2,42.4,79.6,2
round2,42.4,79.7,2
round2,42.4,79.8,1
round2,42.4,79.9,2
round2,42.4,80,3
round2,42.4,80.1,3
round2,42.4,80.2,2
round2,42.4,80.3,1
round2,42.4,80.4,2
round2,42.4,80.5,1
round2,42.4,80.6,2
round2,42.4,80.7,1
round2,42.4,80.8,2
round2,42.4,80.9,1
round2,42.4,81,2
round2,42.4,81.1,1
round2,42.4,81.3,2
round2,42.4,81.6,2
round2,42.4,81.8,1
round2,42.4,82.1,1
round2,42.4,82.2,1
round2,42.4,82.3,2
round2,42.4,82.4,2
round2,42.4,82.5,1
round2,42.4,82.6,2
round2,42.4,82.8,4
round2,42.4,83,4
round2,42.4,83.2,1
round2,42.4,83.3,1
round2,42.4,83.5,3
round2,42.4,83.7,1
round2,42.4,83.8,2
round2,42.4,84.1,3
round2,42.4,84.3,1
round2,42.4,84.4,1
round2,42.4,84.6,1
round2,42.4,84.7,1
round2,42.4,84.9,1
round2,42.4,85,1
round2,42.4,85.1,1
round2,42.4,85.2,1
round2,42.4,85.4,1
round2,42.4,85.5,2
round2,42.4,85.6,2
round2,42.4,85.7,2
round2,42.4,85.8,1
round2,42.4,85.9,2
round2,42.4,86,3
round2,42.4,86.1,2
round2,42.4,86.2,1
round2,42.4,86.3,3
round2,42.4,86.4,2
round2,42.4,86.5,1
round2,42.4,86.8,3
round2,42.4,86.9,1
round2,42.4,87.1,2
round2,42.4,87.2,2
round2,42.4,87.3,1
round2,42.4,87.5,1
round2,42.4,87.6,2
round2,42.4,87.8,3
round2,42.4,87.9,6
round2,42.4,88,1
round2,42.4,88.1,1
round2,42.4,88.2,2
round2,42.4,88.3,1
round2,42.4,88.8,1
round2,42.4,88.9,1
round2,42.4,89,1
round2,42.4,89.1,1
round2,42.4,89.3,2
round2,42.4,89.5,2
round2,42.4,89.6,1
round2,42.4,89.8,1
round2,42.4,89.9,1
round2,42.4,90.1,2
round2,42.4,90.2,1
round2,42.4,90.4,2
round2,42.4,90.6,4
round2,42.4,90.7,3
round2,42.4,90.8,2
round2,42.4,90.9,1
round2,42.4,91,2
round2,42.4,91.2,1
round2,42.4,91.3,1
round2,42.4,91.4,1
round2,42.4,91.5,2
round2,42.4,91.6,2
round2,42.4,91.8,1
round2,42.4,92,1
round2,42.4,92.1,1
round2,42.4,92.2,1
round2,42.4,92.3,1
round2,42.4,92.5,1
round2,42.4,92.7,1
round2,42.4,92.9,1
round2,42.4,93,2
round2,42.4,93.2,1
round2,42.4,93.3,2
round2,42.4,93.5,3
round2,42.4,93.6,1
round2,42.4,93.7,1
round2,42.4,94,1
round2,42.4,94.1,1
round2,42.4,94.3,1
round2,42.4,94.4,1
round2,42.4,94.5,2
round2,42.4,94.7,2
round2,42.4,94.8,1
round2,42.4,94.9,1
round2,42.4,95.2,1
round2,42.4,95.3,1
round2,42.4,95.5,1
round2,42.4,95.6,1
round2,42.4,95.7,1
round2,42.4,95.9,2
round2,42.4,96,1
round2,42.4,96.3,1
round2,42.4,96.4,1
round2,42.4,96.5,1
round2,42.4,97,4
round2,42.4,97.1,1
round2,42.4,97.2,3
round2,42.4,97.4,2
round2,42.4,97.5,2
round2,42.4,97.6,1
round2,42.4,97.8,2
round2,42.4,97.9,1
round2,42.4,98.6,1
round2,42.4,98.8,2
round2,42.4,99,1
round2,42.4,99.1,1
round2,42.4,99.3,2
round2,42.4,99.4,1
round2,42.4,99.5,2
round2,42.4,99.7,1
round2,42.4,99.8,1
round2,42.4,99.9,1
round2,42.4,100,1
round2,50.1,0,3
round2,50.1,0.1,1
round2,50.1,0.2,2
round2,50.1,0.3,1
round2,50.1,0.4,2
round2,50.1,0.5,2
round2,50.1,0.6,1
round2,50.1,0.7,2
round2,50.1,0.8,4
round2,50.1,0.9,1
round2,50.1,1,2
round2,50.1,1.1,2
round2,50.1,1.2,2
round2,50.1,1.3,1
round2,50.1,1.4,3
round2,50.1,1.5,1
round2,50.1,1.6,1
round2,50.1,1.7,1
round2,50.1,1.8,2
round2,50.1,1.9,3
round2,50.1,2,2
round2,50.1,2.2,1
round2,50.1,2.3,3
round2,50.1,2.5,5
round2,50.1,2.6,2
round2,50.1,2.7,2
round2,50.1,2.8,2
round2,50.1,2.9,4
round2,50.1,3,2
round2,50.1,3.1,3
round2,50.1,3.2,5
round2,50.1,3.3,2
round2,50.1,3.4,3
round2,50.1,3.5,2
round2,50.1,3.6,2
round2,50.1,3.7,1
round2,50.1,3.8,3
round2,50.1,3.9,1
round2,50.1,4,2
round2,50.1,4.1,1
round2,50.1,4.2,1
round2,50.1,4.3,4
round2,50.1,4.4,3
round2,50.1,4.5,1
round2,50.1,4.7,1
round2,50.1,4.8,1
round2,50.1,4.9,4
round2,50.1,5,1
round2,50.1,5.1,5
round2,50.1,5.2,2
round2,50.1,5.3,1
round2,50.1,5.4,3
round2,50.1,5.6,2
round2,50.1,5.7,3
round2,50.1,5.8,2
round2,50.1,5.9,3
round2,50.1,6,2
round2,50.1,6.1,1
round2,50.1,6.2,1
round2,50.1,6.4,1
round2,50.1,6.5,2
round2,50.1,6.6,3
round2,50.1,6.7,4
round2,50.1,6.8,1
round2,50.1,6.9,3
round2,50.1,7,2
round2,50.1,7.1,3
round2,50.1,7.2,1
round2,50.1,7.3,2
round2,50.1,7.4,3
round2,50.1,7.5,2
round2,50.1,7.6,1
round2,50.1,7.7,2
round2,50.1,7.8,2
round2,50.1,7.9,1
round2,50.1,8,1
round2,50.1,8.1,6
round2,50.1,8.2,2
round2,50.1,8.3,1
round2,50.1,8.4,2
round2,50.1,8.6,2
round2,50.1,8.8,3
round2,50.1,8.9,3
round2,50.1,9,3
round2,50.1,9.1,4
round2,50.1,9.2,2
round2,50.1,9.3,3
round2,50.1,9.4,1
round2,50.1,9.5,1
round2,50.1,9.6,1
round2,50.1,9.7,4
round2,50.1,9.8,4
round2,50.1,10,2
round2,50.1,10.3,1
round2,50.1,10.4,2
round2,50.1,10.5,1
round2,50.1,10.6,1
round2,50.1,10.7,2
round2,50.1,10.8,1
round2,50.1,10.9,5
round2,50.1,11,2
round2,50.1,11.1,2
round2,50.1,11.4,2
round2,50.1,11.5,2
round2,50.1,11.6,3
round2,50.1,11.7,2
round2,50.1,11.8,1
round2,50.1,11.9,2
round2,50.1,12.2,2
round2,50.1,12.3,2
round2,50.1,12.4,1
round2,50.1,12.5,1
round2,50.1,12.6,3
round2,50.1,12.7,7
round2,50.1,12.8,1
round2,50.1,12.9,2
round2,50.1,13.1,1
round2,50.1,13.2,2
round2,50.1,13.3,2
round2,50.1,13.4,2
round2,50.1,13.5,4
round2,50.1,13.6,3
round2,50.1,13.7,2
round2,50.1,13.8,1
round2,50.1,13.9,1
round2,50.1,14,4
round2,50.1,14.1,5
round2,50.1,14.2,3
round2,50.1,14.3,3
round2,50.1,14.4,2
round2,50.1,14.5,2
round2,50.1,14.6,2
round2,50.1,14.7,2
round2,50.1,14.8,1
round2,50.1,14.9,3
round2,50.1,15.1,4
round2,50.1,15.3,2
round2,50.1,15.5,3
round2,50.1,15.6,1
round2,50.1,15.7,3
round2,50.1,15.8,4
round2,50.1,16,2
round2,50.1,16.1,2
round2,50.1,16.2,3
round2,50.1,16.3,4
round2,50.1,16.4,2
round2,50.1,16.5,1
round2,50.1,16.6,4
round2,50.1,16.7,2
round2,50.1,16.8,3
round2,50.1,16.9,3
round2,50.1,17,2
round2,50.1,17.1,4
round2,50.1,17.2,4
round2,50.1,17.3,1
round2,50.1,17.4,4
round2,50.1,17.5,1
round2,50.1,17.6,1
round2,50.1,17.7,1
round2,50.1,17.8,4
round2,50.1,18.1,2
round2,50.1,18.2,4
round2,50.1,18.3,1
round2,50.1,18.5,3
round2,50.1,18.6,1
round2,50.1,19,1
round2,50.1,19.1,4
round2,50.1,19.2,3
round2,50.1,19.3,3
round2,50.1,19.4,2
round2,50.1,19.5,3
round2,50.1,19.7,3
round2,50.1,19.8,1
round2,50.1,19.9,4
round2,50.1,20,2
round2,50.1,20.1,1
round2,50.1,20.2,4
round2,50.1,20.3,3
round2,50.1,20.4,2
round2,50.1,20.5,3
round2,50.1,20.6,2
round2,50.1,20.8,4
round2,50.1,20.9,1
round2,50.1,21,1
round2,50.1,21.1,2
round2,50.1,21.3,2
round2,50.1,21.4,3
round2,50.1,21.5,2
round2,50.1,21.6,2
round2,50.1,21.7,1
round2,50.1,21.8,2
round2,50.1,21.9,1
round2,50.1,22,2
round2,50.1,22.1,4
round2,50.1,22.2,1
round2,50.1,22.3,1
round2,50.1,22.4,3
round2,50.1,22.5,2
round2,50.1,22.6,1
round2,50.1,22.8,1
round2,50.1,23,4
round2,50.1,23.1,1
round2,50.1,23.2,3
round2,50.1,23.3,2
round2,50.1,23.4,7
round2,50.1,23.5,2
round2,50.1,23.6,1
round2,50.1,23.7,3
round2,50.1,23.8,1
round2,50.1,23.9,1
round2,50.1,24,4
round2,50.1,24.1,3
round2,50.1,24.2,1
round2,50.1,24.3,1
round2,50.1,24.4,5
round2,50.1,24.5,1
round2,50.1,24.6,3
round2,50.1,24.7,1
round2,50.1,24.8,5
round2,50.1,25,2
round2,50.1,25.2,1
round2,50.1,25.3,1
round2,50.1,25.4,4
round2,50.1,25.5,2
round2,50.1,25.6,1
round2,50.1,25.7,1
round2,50.1,25.8,6
round2,50.1,25.9,1
round2,50.1,26,3
round2,50.1,26.1,1
round2,50.1,26.2,2
round2,50.1,26.3,2
round2,50.1,26.4,3
round2,50.1,26.5,3
round2,50.1,26.7,2
round2,50.1,26.8,2
round2,50.1,26.9,3
round2,50.1,27,2
round2,50.1,27.1,3
round2,50.1,27.2,1
round2,50.1,27.3,4
round2,50.1,27.4,1
round2,50.1,27.5,1
round2,50.1,27.6,4
round2,50.1,27.7,2
round2,50.1,27.8,1
round2,50.1,27.9,1
round2,50.1,28.1,1
round2,50.1,28.2,6
round2,50.1,28.3,1
round2,50.1,28.4,2
round2,50.1,28.5,1
round2,50.1,28.6,1
round2,50.1,28.7,1
round2,50.1,28.8,1
round2,50.1,28.9,2
round2,50.1,29,5
round2,50.1,29.1,3
round2,50.1,29.2,2
round2,50.1,29.4,5
round2,50.1,29.5,3
round2,50.1,29.6,1
round2,50.1,29.7,1
round2,50.1,29.9,2
round2,50.1,30,1
round2,50.1,30.1,2
round2,50.1,30.2,1
round2,50.1,30.3,1
round2,50.1,30.4,2
round2,50.1,30.5,2
round2,50.1,30.6,3
round2,50.1,30.7,4
round2,50.1,30.8,2
round2,50.1,30.9,1
round2,50.1,31,3
round2,50.1,31.1,2
round2,50.1,31.2,5
round2,50.1,31.3,2
round2,50.1,31.4,2
round2,50.1,31.5,2
round2,50.1,31.6,4
round2,50.1,31.7,5
round2,50.1,31.8,1
round2,50.1,31.9,3
round2,50.1,32,1
round2,50.1,32.1,2
round2,50.1,32.2,2
round2,50.1,32.3,1
round2,50.1,32.4,2
round2,50.1,32.5,2
round2,50.1,32.6,3
round2,50.1,32.8,3
round2,50.1,32.9,2
round2,50.1,33,2
round2,50.1,33.1,4
round2,50.1,33.2,3
round2,50.1,33.3,4
round2,50.1,33.4,2
round2,50.1,33.5,3
round2,50.1,33.6,1
round2,50.1,33.7,1
round2,50.1,33.8,5
round2,50.1,33.9,3
round2,50.1,34,2
round2,50.1,34.1,1
round2,50.1,34.3,5
round2,50.1,34.4,2
round2,50.1,34.5,2
round2,50.1,34.6,3
round2,50.1,34.7,2
round2,50.1,34.8,3
round2,50.1,34.9,1
round2,50.1,35,3
round2,50.1,35.1,2
round2,50.1,35.3,2
round2,50.1,35.5,1
round2,50.1,35.6,3
round2,50.1,35.8,2
round2,50.1,35.9,2
round2,50.1,36,2
round2,50.1,36.1,2
round2,50.1,36.2,3
round2,50.1,36.3,4
round2,50.1,36.4,1
round2,50.1,36.5,1
round2,50.1,36.6,4
round2,50.1,36.7,3
round2,50.1,36.8,4
round2,50.1,36.9,1
round2,50.1,37,1
round2,50.1,37.1,3
round2,50.1,37.2,3
round2,50.1,37.3,2
round2,50.1,37.4,2
round2,50.1,37.5,2
round2,50.1,37.6,4
round2,50.1,37.7,1
round2,50.1,37.8,4
round2,50.1,37.9,1
round2,50.1,38,4
round2,50.1,38.1,3
round2,50.1,38.2,1
round2,50.1,38.3,1
round2,50.1,38.4,1
round2,50.1,38.5,4
round2,50.1,38.6,2
round2,50.1,38.7,1
round2,50.1,38.8,1
round2,50.1,38.9,2
round2,50.1,39,1
round2,50.1,39.2,3
round2,50.1,39.3,3
round2,50.1,39.4,1
round2,50.1,39.5,3
round2,50.1,39.6,1
round2,50.1,39.7,4
round2,50.1,39.8,1
round2,50.1,39.9,4
round2,50.1,40,4
round2,50.1,40.1,2
round2,50.1,40.2,2
round2,50.1,40.3,4
round2,50.1,40.4,1
round2,50.1,40.5,2
round2,50.1,40.6,1
round2,50.1,40.7,2
round2,50.1,40.8,3
round2,50.1,40.9,1
round2,50.1,41,2
round2,50.1,41.1,2
round2,50.1,41.2,2
round2,50.1,41.3,4
round2,50.1,41.5,2
round2,50.1,41.6,5
round2,50.1,41.7,3
round2,50.1,41.8,2
round2,50.1,42.2,1
round2,50.1,42.3,2
round2,50.1,42.4,1
round2,50.1,42.5,3
round2,50.1,42.7,2
round2,50.1,42.8,1
round2,50.1,42.9,2
round2,50.1,43,3
round2,50.1,43.1,2
round2,50.1,43.2,4
round2,50.1,43.3,3
round2,50.1,43.4,1
round2,50.1,43.5,6
round2,50.1,43.6,4
round2,50.1,43.7,4
round2,50.1,43.8,4
round2,50.1,43.9,2
round2,50.1,44,5
round2,50.1,44.1,1
round2,50.1,44.2,1
round2,50.1,44.3,3
round2,50.1,44.4,3
round2,50.1,44.5,1
round2,50.1,44.6,2
round2,50.1,44.7,1
round2,50.1,44.8,2
round2,50.1,44.9,2
round2,50.1,45,1
round2,50.1,45.1,2
round2,50.1,45.2,1
round2,50.1,45.3,3
round2,50.1,45.4,2
round2,50.1,45.5,3
round2,50.1,45.8,3
round2,50.1,45.9,1
round2,50.1,46,4
round2,50.1,46.1,5
round2,50.1,46.2,4
round2,50.1,46.3,3
round2,50.1,46.4,2
round2,50.1,46.5,1
round2,50.1,46.6,1
round2,50.1,46.7,2
round2,50.1,46.8,4
round2,50.1,46.9,1
round2,50.1,47,4
round2,50.1,47.1,3
round2,50.1,47.2,1
round2,50.1,47.3,5
round2,50.1,47.4,3
round2,50.1,47.5,3
round2,50.1,47.6,2
round2,50.1,47.7,2
round2,50.1,47.8,1
round2,50.1,47.9,2
round2,50.1,48,4
round2,50.1,48.1,2
round2,50.1,48.2,5
round2,50.1,48.3,5
round2,50.1,48.4,1
round2,50.1,48.5,3
round2,50.1,48.6,5
round2,50.1,48.7,1
round2,50.1,48.8,2
round2,50.1,48.9,3
round2,50.1,49,3
round2,50.1,49.1,1
round2,50.1,49.2,2
round2,50.1,49.4,3
round2,50.1,49.5,2
round2,50.1,49.7,2
round2,50.1,49.8,2
round2,50.1,49.9,1
round2,50.1,50,2
round2,50.1,50.1,2
round2,50.1,50.2,1
round2,50.1,50.3,2
round2,50.1,50.4,2
round2,50.1,50.5,1
round2,50.1,50.6,3
round2,50.1,50.8,3
round2,50.1,50.9,4
round2,50.1,51,2
round2,50.1,51.1,1
round2,50.1,51.2,3
round2,50.1,51.3,3
round2,50.1,51.4,2
round2,50.1,51.5,1
round2,50.1,51.6,2
round2,50.1,51.7,2
round2,50.1,51.8,4
round2,50.1,51.9,2
round2,50.1,52,3
round2,50.1,52.1,3
round2,50.1,52.2,1
round2,50.1,52.3,1
round2,50.1,52.4,1
round2,50.1,52.5,3
round2,50.1,52.6,3
round2,50.1,52.7,1
round2,50.1,52.8,3
round2,50.1,52.9,4
round2,50.1,53,2
round2,50.1,53.1,6
round2,50.1,53.2,4
round2,50.1,53.3,2
round2,50.1,53.4,2
round2,50.1,53.6,1
round2,50.1,53.7,2
round2,50.1,53.8,3
round2,50.1,53.9,2
round2,50.1,54,2
round2,50.1,54.1,1
round2,50.1,54.2,3
round2,50.1,54.3,1
round2,50.1,54.4,3
round2,50.1,54.5,2
round2,50.1,54.6,2
round2,50.1,54.7,1
round2,50.1,54.8,2
round2,50.1,54.9,4
round2,50.1,55,1
round2,50.1,55.1,3
round2,50.1,55.2,1
round2,50.1,55.3,1
round2,50.1,55.4,2
round2,50.1,55.5,5
round2,50.1,55.6,1
round2,50.1,55.7,1
round2,50.1,55.8,2
round2,50.1,56,1
round2,50.1,56.1,2
round2,50.1,56.2,2
round2,50.1,56.3,2
round2,50.1,56.4,3
round2,50.1,56.5,2
round2,50.1,56.6,1
round2,50.1,56.7,1
round2,50.1,56.8,6
round2,50.1,57,4
round2,50.1,57.2,2
round2,50.1,57.3,3
round2,50.1,57.4,1
round2,50.1,57.5,2
round2,50.1,57.6,1
round2,50.1,57.7,4
round2,50.1,57.8,1
round2,50.1,58,1
round2,50.1,58.1,5
round2,50.1,58.2,2
round2,50.1,58.3,4
round2,50.1,58.4,1
round2,50.1,58.5,2
round2,50.1,58.6,3
round2,50.1,58.7,1
round2,50.1,58.8,1
round2,50.1,58.9,2
round2,50.1,59,3
round2,50.1,59.2,1
round2,50.1,59.3,1
round2,50.1,59.4,2
round2,50.1,59.5,3
round2,50.1,59.6,3
round2,50.1,59.7,2
round2,50.1,59.8,2
round2,50.1,59.9,3
round2,50.1,60,1
round2,50.1,60.1,2
round2,50.1,60.2,1
round2,50.1,60.3,1
round2,50.1,60.4,2
round2,50.1,60.5,2
round2,50.1,60.6,2
round2,50.1,60.7,1
round2,50.1,60.8,1
round2,50.1,60.9,3
round2,50.1,61,1
round2,50.1,61.3,2
round2,50.1,61.4,4
round2,50.1,61.5,2
round2,50.1,61.6,1
round2,50.1,61.7,4
round2,50.1,61.8,2
round2,50.1,61.9,1
round2,50.1,62.1,3
round2,50.1,62.2,2
round2,50.1,62.3,1
round2,50.1,62.4,2
round2,50.1,62.6,2
round2,50.1,62.7,5
round2,50.1,62.8,6
round2,50.1,62.9,1
round2,50.1,63,4
round2,50.1,63.1,3
round2,50.1,63.2,1
round2,50.1,63.3,2
round2,50.1,63.4,2
round2,50.1,63.5,1
round2,50.1,63.6,2
round2,50.1,63.7,2
round2,50.1,63.8,4
round2,50.1,63.9,2
round2,50.1,64,3
round2,50.1,64.1,4
round2,50.1,64.2,4
round2,50.1,64.3,1
round2,50.1,64.4,2
round2,50.1,64.5,1
round2,50.1,64.6,3
round2,50.1,64.7,1
round2,50.1,64.8,2
round2,50.1,65,2
round2,50.1,65.1,3
round2,50.1,65.2,5
round2,50.1,65.3,2
round2,50.1,65.4,1
round2,50.1,65.5,3
round2,50.1,65.6,1
round2,50.1,65.7,1
round2,50.1,65.8,2
round2,50.1,65.9,4
round2,50.1,66,4
round2,50.1,66.1,2
round2,50.1,66.2,2
round2,50.1,66.3,2
round2,50.1,66.4,2
round2,50.1,66.6,3
round2,50.1,66.7,1
round2,50.1,66.8,2
round2,50.1,66.9,1
round2,50.1,67,1
round2,50.1,67.2,1
round2,50.1,67.3,1
round2,50.1,67.4,3
round2,50.1,67.5,4
round2,50.1,67.6,1
round2,50.1,67.7,6
round2,50.1,67.8,2
round2,50.1,67.9,1
round2,50.1,68,2
round2,50.1,68.1,3
round2,50.1,68.2,1
round2,50.1,68.3,3
round2,50.1,68.4,3
round2,50.1,68.5,3
round2,50.1,68.6,2
round2,50.1,68.7,6
round2,50.1,68.8,2
round2,50.1,68.9,4
round2,50.1,69,1
round2,50.1,69.1,2
round2,50.1,69.2,1
round2,50.1,69.3,3
round2,50.1,69.4,1
round2,50.1,69.5,1
round2,50.1,69.6,5
round2,50.1,69.7,3
round2,50.1,69.8,2
round2,50.1,69.9,4
round2,50.1,70,2
round2,50.1,70.1,3
round2,50.1,70.2,2
round2,50.1,70.3,3
round2,50.1,70.4,1
round2,50.1,70.5,5
round2,50.1,70.6,3
round2,50.1,70.7,2
round2,50.1,70.8,2
round2,50.1,70.9,1
round2,50.1,71,2
round2,50.1,71.1,2
round2,50.1,71.2,5
round2,50.1,71.3,5
round2,50.1,71.4,1
round2,50.1,71.5,1
round2,50.1,71.6,4
round2,50.1,71.7,3
round2,50.1,71.9,4
round2,50.1,72,4
round2,50.1,72.1,2
round2,50.1,72.2,4
round2,50.1,72.3,2
round2,50.1,72.4,3
round2,50.1,72.5,2
round2,50.1,72.6,4
round2,50.1,72.7,1
round2,50.1,72.8,2
round2,50.1,73,3
round2,50.1,73.1,1
round2,50.1,73.3,1
round2,50.1,73.4,1
round2,50.1,73.5,1
round2,50.1,73.6,3
round2,50.1,73.7,2
round2,50.1,73.8,3
round2,50.1,73.9,5
round2,50.1,74,1
round2,50.1,74.1,2
round2,50.1,74.2,2
round2,50.1,74.3,1
round2,50.1,74.4,5
round2,50.1,74.5,4
round2,50.1,74.6,2
round2,50.1,74.7,2
round2,50.1,74.8,6
round2,50.1,74.9,2
round2,50.1,75,4
round2,50.1,75.1,1
round2,50.1,75.2,2
round2,50.1,75.3,3
round2,50.1,75.4,4
round2,50.1,75.5,1
round2,50.1,75.6,4
round2,50.1,75.7,1
round2,50.1,75.9,1
round2,50.1,76,1
round2,50.1,76.1,1
round2,50.1,76.2,3
round2,50.1,76.3,3
round2,50.1,76.4,1
round2,50.1,76.5,3
round2,50.1,76.7,2
round2,50.1,76.8,3
round2,50.1,76.9,1
round2,50.1,77,3
round2,50.1,77.1,6
round2,50.1,77.2,5
round2,50.1,77.4,2
round2,50.1,77.5,2
round2,50.1,77.6,1
round2,50.1,77.7,1
round2,50.1,77.8,1
round2,50.1,77.9,2
round2,50.1,78,3
round2,50.1,78.1,2
round2,50.1,78.2,1
round2,50.1,78.3,2
round2,50.1,78.4,2
round2,50.1,78.5,4
round2,50.1,78.6,2
round2,50.1,78.7,2
round2,50.1,78.8,3
round2,50.1,79,1
round2,50.1,79.1,3
round2,50.1,79.2,1
round2,50.1,79.3,3
round2,50.1,79.4,4
round2,50.1,79.5,1
round2,50.1,79.6,5
round2,50.1,79.7,2
round2,50.1,79.8,2
round2,50.1,79.9,2
round2,50.1,80,1
round2,50.1,80.1,3
round2,50.1,80.2,5
round2,50.1,80.3,3
round2,50.1,80.4,5
round2,50.1,80.5,2
round2,50.1,80.6,1
round2,50.1,80.7,3
round2,50.1,81,4
round2,50.1,81.1,1
round2,50.1,81.2,2
round2,50.1,81.3,5
round2,50.1,81.4,2
round2,50.1,81.6,1
round2,50.1,81.7,4
round2,50.1,81.8,5
round2,50.1,81.9,4
round2,50.1,82,3
round2,50.1,82.1,6
round2,50.1,82.2,2
round2,50.1,82.3,3
round2,50.1,82.4,3
round2,50.1,82.5,2
round2,50.1,82.6,3
round2,50.1,82.7,1
round2,50.1,83.1,1
round2,50.1,83.2,3
round2,50.1,83.3,2
round2,50.1,83.4,2
round2,50.1,83.5,3
round2,50.1,83.7,4
round2,50.1,83.8,2
round2,50.1,83.9,4
round2,50.1,84,1
round2,50.1,84.1,1
round2,50.1,84.2,2
round2,50.1,84.4,2
round2,50.1,84.5,2
round2,50.1,84.6,1
round2,50.1,84.7,2
round2,50.1,84.8,3
round2,50.1,84.9,2
round2,50.1,85.1,4
round2,50.1,85.2,1
round2,50.1,85.3,3
round2,50.1,85.4,1
round2,50.1,85.5,5
round2,50.1,85.6,1
round2,50.1,85.7,4
round2,50.1,85.8,2
round2,50.1,85.9,2
round2,50.1,86,1
round2,50.1,86.2,1
round2,50.1,86.3,2
round2,50.1,86.4,6
round2,50.1,86.6,1
round2,50.1,86.7,3
round2,50.1,86.8,2
round2,50.1,86.9,1
round2,50.1,87,1
round2,50.1,87.2,4
round2,50.1,87.3,3
round2,50.1,87.4,1
round2,50.1,87.6,1
round2,50.1,87.7,3
round2,50.1,87.8,2
round2,50.1,87.9,3
round2,50.1,88,4
round2,50.1,88.1,2
round2,50.1,88.2,4
round2,50.1,88.3,3
round2,50.1,88.4,2
round2,50.1,88.5,2
round2,50.1,88.6,1
round2,50.1,88.7,1
round2,50.1,88.8,1
round2,50.1,88.9,1
round2,50.1,89,2
round2,50.1,89.1,1
round2,50.1,89.2,2
round2,50.1,89.3,2
round2,50.1,89.5,1
round2,50.1,89.6,1
round2,50.1,89.7,2
round2,50.1,89.8,2
round2,50.1,89.9,3
round2,50.1,90,4
round2,50.1,90.1,1
round2,50.1,90.2,2
round2,50.1,90.3,5
round2,50.1,90.4,2
round2,50.1,90.5,1
round2,50.1,90.6,1
round2,50.1,90.7,1
round2,50.1,90.8,1
round2,50.1,90.9,2
round2,50.1,91,1
round2,50.1,91.1,2
round2,50.1,91.2,4
round2,50.1,91.3,2
round2,50.1,91.4,2
round2,50.1,91.5,2
round2,50.1,91.6,4
round2,50.1,91.7,2
round2,50.1,91.8,3
round2,50.1,91.9,2
round2,50.1,92,1
round2,50.1,92.1,2
round2,50.1,92.2,1
round2,50.1,92.3,1
round2,50.1,92.4,3
round2,50.1,92.6,2
round2,50.1,92.7,2
round2,50.1,92.9,2
round2,50.1,93,2
round2,50.1,93.1,1
round2,50.1,93.2,3
round2,50.1,93.3,3
round2,50.1,93.4,1
round2,50.1,93.5,1
round2,50.1,93.6,1
round2,50.1,93.7,2
round2,50.1,93.8,3
round2,50.1,93.9,2
round2,50.1,94,3
round2,50.1,94.1,3
round2,50.1,94.2,1
round2,50.1,94.3,2
round2,50.1,94.6,2
round2,50.1,94.8,1
round2,50.1,94.9,2
round2,50.1,95,1
round2,50.1,95.1,3
round2,50.1,95.4,2
round2,50.1,95.5,2
round2,50.1,95.7,4
round2,50.1,95.8,2
round2,50.1,96,1
round2,50.1,96.1,3
round2,50.1,96.2,2
round2,50.1,96.5,2
round2,50.1,96.7,2
round2,50.1,96.8,1
round2,50.1,96.9,2
round2,50.1,97.1,1
round2,50.1,97.2,2
round2,50.1,97.4,1
round2,50.1,97.5,3
round2,50.1,97.6,1
round2,50.1,97.7,2
round2,50.1,97.8,1
round2,50.1,97.9,3
round2,50.1,98,1
round2,50.1,98.1,3
round2,50.1,98.2,3
round2,50.1,98.3,1
round2,50.1,98.7,1
round2,50.1,98.8,1
round2,50.1,98.9,1
round2,50.1,99,1
round2,50.1,99.1,1
round2,50.1,99.2,2
round2,50.1,99.3,1
round2,50.1,99.4,2
round2,50.1,99.6,1
round2,50.1,99.7,2
round2,50.1,99.8,1
round2,50.1,99.9,3
round2,50.1,100,1
round2,60.2,0,2
round2,60.2,0.1,5
round2,60.2,0.2,1
round2,60.2,0.3,2
round2,60.2,0.4,5
round2,60.2,0.5,3
round2,60.2,0.6,2
round2,60.2,0.7,4
round2,60.2,0.8,7
round2,60.2,1,3
round2,60.2,1.1,3
round2,60.2,1.2,2
round2,60.2,1.3,2
round2,60.2,1.4,1
round2,60.2,1.5,7
round2,60.2,1.6,3
round2,60.2,1.7,2
round2,60.2,1.8,2
round2,60.2,1.9,3
round2,60.2,2,3
round2,60.2,2.1,1
round2,60.2,2.2,2
round2,60.2,2.3,3
round2,60.2,2.4,4
round2,60.2,2.5,3
round2,60.2,2.6,1
round2,60.2,2.7,3
round2,60.2,2.8,3
round2,60.2,2.9,6
round2,60.2,3,2
round2,60.2,3.2,5
round2,60.2,3.3,5
round2,60.2,3.4,4
round2,60.2,3.5,4
round2,60.2,3.6,1
round2,60.2,3.7,1
round2,60.2,3.8,2
round2,60.2,3.9,3
round2,60.2,4,4
round2,60.2,4.1,5
round2,60.2,4.2,2
round2,60.2,4.3,1
round2,60.2,4.4,5
round2,60.2,4.5,3
round2,60.2,4.6,3
round2,60.2,4.7,2
round2,60.2,4.8,1
round2,60.2,5,3
round2,60.2,5.1,3
round2,60.2,5.2,3
round2,60.2,5.3,3
round2,60.2,5.4,7
round2,60.2,5.5,6
round2,60.2,5.6,1
round2,60.2,5.7,2
round2,60.2,5.8,2
round2,60.2,5.9,2
round2,60.2,6,4
round2,60.2,6.2,2
round2,60.2,6.3,4
round2,60.2,6.4,4
round2,60.2,6.5,1
round2,60.2,6.6,2
round2,60.2,6.7,1
round2,60.2,6.8,1
round2,60.2,6.9,2
round2,60.2,7,5
round2,60.2,7.1,3
round2,60.2,7.2,3
round2,60.2,7.3,2
round2,60.2,7.4,6
round2,60.2,7.6,3
round2,60.2,7.7,2
round2,60.2,7.8,3
round2,60.2,8,4
round2,60.2,8.1,5
round2,60.2,8.2,4
round2,60.2,8.3,6
round2,60.2,8.4,2
round2,60.2,8.5,1
round2,60.2,8.6,1
round2,60.2,8.7,6
round2,60.2,8.8,1
round2,60.2,8.9,5
round2,60.2,9,2
round2,60.2,9.1,2
round2,60.2,9.2,4
round2,60.2,9.3,2
round2,60.2,9.4,5
round2,60.2,9.5,5
round2,60.2,9.6,3
round2,60.2,9.7,3
round2,60.2,9.8,3
round2,60.2,9.9,5
round2,60.2,10,5
round2,60.2,10.1,1
round2,60.2,10.2,5
round2,60.2,10.3,3
round2,60.2,10.4,2
round2,60.2,10.5,2
round2,60.2,10.6,4
round2,60.2,10.7,3
round2,60.2,10.8,3
round2,60.2,10.9,1
round2,60.2,11,3
round2,60.2,11.1,2
round2,60.2,11.2,4
round2,60.2,11.3,3
round2,60.2,11.4,3
round2,60.2,11.5,1
round2,60.2,11.6,6
round2,60.2,11.7,1
round2,60.2,11.8,5
round2,60.2,11.9,1
round2,60.2,12,3
round2,60.2,12.1,3
round2,60.2,12.2,4
round2,60.2,12.3,2
round2,60.2,12.4,4
round2,60.2,12.5,4
round2,60.2,12.6,3
round2,60.2,12.8,5
round2,60.2,12.9,3
round2,60.2,13,2
round2,60.2,13.1,3
round2,60.2,13.2,2
round2,60.2,13.3,3
round2,60.2,13.4,3
round2,60.2,13.5,2
round2,60.2,13.6,1
round2,60.2,13.7,4
round2,60.2,13.8,4
round2,60.2,13.9,2
round2,60.2,14,2
round2,60.2,14.1,7
round2,60.2,14.2,4
round2,60.2,14.3,4
round2,60.2,14.4,2
round2,60.2,14.5,4
round2,60.2,14.6,1
round2,60.2,14.7,2
round2,60.2,14.8,2
round2,60.2,14.9,4
round2,60.2,15.1,6
round2,60.2,15.2,6
round2,60.2,15.3,2
round2,60.2,15.4,2
round2,60.2,15.5,2
round2,60.2,15.6,4
round2,60.2,15.7,1
round2,60.2,15.8,2
round2,60.2,15.9,3
round2,60.2,16,2
round2,60.2,16.1,6
round2,60.2,16.2,4
round2,60.2,16.3,3
round2,60.2,16.4,4
round2,60.2,16.7,6
round2,60.2,16.8,4
round2,60.2,16.9,3
round2,60.2,17,3
round2,60.2,17.1,3
round2,60.2,17.2,3
round2,60.2,17.3,3
round2,60.2,17.4,4
round2,60.2,17.5,5
round2,60.2,17.6,2
round2,60.2,17.7,1
round2,60.2,17.8,1
round2,60.2,17.9,6
round2,60.2,18,2
round2,60.2,18.1,4
round2,60.2,18.2,1
round2,60.2,18.3,5
round2,60.2,18.4,3
round2,60.2,18.5,1
round2,60.2,18.6,5
round2,60.2,18.7,4
round2,60.2,18.8,4
round2,60.2,18.9,3
round2,60.2,19,1
round2,60.2,19.1,2
round2,60.2,19.2,7
round2,60.2,19.3,4
round2,60.2,19.4,3
round2,60.2,19.5,1
round2,60.2,19.6,6
round2,60.2,19.7,3
round2,60.2,19.8,1
round2,60.2,19.9,5
round2,60.2,20,3
round2,60.2,20.1,6
round2,60.2,20.2,2
round2,60.2,20.3,2
round2,60.2,20.4,5
round2,60.2,20.5,4
round2,60.2,20.6,1
round2,60.2,20.7,4
round2,60.2,20.8,6
round2,60.2,20.9,2
round2,60.2,21,3
round2,60.2,21.1,1
round2,60.2,21.2,3
round2,60.2,21.5,2
round2,60.2,21.6,1
round2,60.2,21.7,5
round2,60.2,21.8,2
round2,60.2,21.9,3
round2,60.2,22,4
round2,60.2,22.1,4
round2,60.2,22.2,1
round2,60.2,22.4,2
round2,60.2,22.5,3
round2,60.2,22.6,2
round2,60.2,22.7,1
round2,60.2,22.8,6
round2,60.2,22.9,1
round2,60.2,23,3
round2,60.2,23.1,2
round2,60.2,23.2,1
round2,60.2,23.3,3
round2,60.2,23.4,1
round2,60.2,23.5,2
round2,60.2,23.6,3
round2,60.2,23.7,2
round2,60.2,23.8,1
round2,60.2,23.9,4
round2,60.2,24,6
round2,60.2,24.1,4
round2,60.2,24.2,2
round2,60.2,24.3,4
round2,60.2,24.4,4
round2,60.2,24.5,3
round2,60.2,24.6,3
round2,60.2,24.7,1
round2,60.2,24.8,2
round2,60.2,24.9,2
round2,60.2,25,1
round2,60.2,25.1,6
round2,60.2,25.2,6
round2,60.2,25.4,3
round2,60.2,25.5,5
round2,60.2,25.6,2
round2,60.2,25.7,2
round2,60.2,25.8,4
round2,60.2,25.9,3
round2,60.2,26,1
round2,60.2,26.1,2
round2,60.2,26.2,2
round2,60.2,26.3,1
round2,60.2,26.4,1
round2,60.2,26.5,2
round2,60.2,26.6,4
round2,60.2,26.7,3
round2,60.2,26.8,2
round2,60.2,26.9,2
round2,60.2,27,3
round2,60.2,27.1,3
round2,60.2,27.2,3
round2,60.2,27.4,2
round2,60.2,27.5,4
round2,60.2,27.6,3
round2,60.2,27.7,4
round2,60.2,27.8,3
round2,60.2,27.9,4
round2,60.2,28,5
round2,60.2,28.1,3
round2,60.2,28.2,1
round2,60.2,28.3,2
round2,60.2,28.4,4
round2,60.2,28.5,5
round2,60.2,28.6,2
round2,60.2,28.7,3
round2,60.2,28.8,3
round2,60.2,28.9,3
round2,60.2,29.1,2
round2,60.2,29.2,2
round2,60.2,29.3,2
round2,60.2,29.4,3
round2,60.2,29.5,3
round2,60.2,29.6,2
round2,60.2,29.7,1
round2,60.2,29.8,3
round2,60.2,29.9,6
round2,60.2,30,2
round2,60.2,30.1,3
round2,60.2,30.2,5
round2,60.2,30.3,3
round2,60.2,30.4,3
round2,60.2,30.5,5
round2,60.2,30.6,2
round2,60.2,30.7,2
round2,60.2,30.8,4
round2,60.2,31,3
round2,60.2,31.1,1
round2,60.2,31.2,1
round2,60.2,31.3,1
round2,60.2,31.4,3
round2,60.2,31.5,4
round2,60.2,31.6,2
round2,60.2,31.7,1
round2,60.2,31.8,2
round2,60.2,32,1
round2,60.2,32.2,1
round2,60.2,32.3,4
round2,60.2,32.4,2
round2,60.2,32.5,4
round2,60.2,32.7,4
round2,60.2,32.8,4
round2,60.2,32.9,5
round2,60.2,33,1
round2,60.2,33.1,1
round2,60.2,33.2,5
round2,60.2,33.3,3
round2,60.2,33.4,3
round2,60.2,33.5,4
round2,60.2,33.6,2
round2,60.2,33.7,3
round2,60.2,33.8,4
round2,60.2,33.9,3
round2,60.2,34,1
round2,60.2,34.1,2
round2,60.2,34.2,1
round2,60.2,34.3,1
round2,60.2,34.4,1
round2,60.2,34.5,2
round2,60.2,34.6,1
round2,60.2,34.7,2
round2,60.2,34.8,1
round2,60.2,34.9,2
round2,60.2,35,2
round2,60.2,35.1,6
round2,60.2,35.2,6
round2,60.2,35.3,4
round2,60.2,35.4,3
round2,60.2,35.5,4
round2,60.2,35.6,2
round2,60.2,35.7,1
round2,60.2,35.8,3
round2,60.2,35.9,1
round2,60.2,36,5
round2,60.2,36.1,7
round2,60.2,36.2,5
round2,60.2,36.3,1
round2,60.2,36.4,1
round2,60.2,36.5,4
round2,60.2,36.7,2
round2,60.2,36.8,1
round2,60.2,36.9,2
round2,60.2,37,3
round2,60.2,37.1,2
round2,60.2,37.2,4
round2,60.2,37.3,3
round2,60.2,37.4,4
round2,60.2,37.7,1
round2,60.2,37.8,3
round2,60.2,37.9,1
round2,60.2,38,2
round2,60.2,38.1,4
round2,60.2,38.2,2
round2,60.2,38.3,3
round2,60.2,38.4,3
round2,60.2,38.6,3
round2,60.2,38.7,3
round2,60.2,38.8,4
round2,60.2,39,2
round2,60.2,39.1,1
round2,60.2,39.2,1
round2,60.2,39.3,3
round2,60.2,39.4,2
round2,60.2,39.5,1
round2,60.2,39.6,4
round2,60.2,39.7,3
round2,60.2,39.8,1
round2,60.2,39.9,2
round2,60.2,40,1
round2,60.2,40.1,4
round2,60.2,40.2,2
round2,60.2,40.3,3
round2,60.2,40.4,1
round2,60.2,40.5,3
round2,60.2,40.6,4
round2,60.2,40.7,4
round2,60.2,40.8,1
round2,60.2,40.9,2
round2,60.2,41,3
round2,60.2,41.1,1
round2,60.2,41.3,3
round2,60.2,41.4,5
round2,60.2,41.5,4
round2,60.2,41.6,3
round2,60.2,41.7,2
round2,60.2,41.8,1
round2,60.2,41.9,2
round2,60.2,42,2
round2,60.2,42.1,3
round2,60.2,42.2,3
round2,60.2,42.3,4
round2,60.2,42.5,5
round2,60.2,42.6,5
round2,60.2,42.7,5
round2,60.2,42.8,8
round2,60.2,42.9,1
round2,60.2,43,2
round2,60.2,43.1,2
round2,60.2,43.2,2
round2,60.2,43.3,5
round2,60.2,43.4,1
round2,60.2,43.5,3
round2,60.2,43.6,4
round2,60.2,43.7,2
round2,60.2,43.8,4
round2,60.2,43.9,4
round2,60.2,44,3
round2,60.2,44.1,3
round2,60.2,44.3,1
round2,60.2,44.4,1
round2,60.2,44.5,3
round2,60.2,44.6,1
round2,60.2,44.7,2
round2,60.2,44.9,3
round2,60.2,45,1
round2,60.2,45.1,3
round2,60.2,45.2,4
round2,60.2,45.3,2
round2,60.2,45.4,2
round2,60.2,45.5,2
round2,60.2,45.6,3
round2,60.2,45.7,1
round2,60.2,45.8,5
round2,60.2,45.9,2
round2,60.2,46,2
round2,60.2,46.2,1
round2,60.2,46.3,1
round2,60.2,46.4,4
round2,60.2,46.5,3
round2,60.2,46.6,2
round2,60.2,46.7,5
round2,60.2,46.8,1
round2,60.2,46.9,3
round2,60.2,47,4
round2,60.2,47.1,1
round2,60.2,47.2,2
round2,60.2,47.4,3
round2,60.2,47.5,2
round2,60.2,47.6,3
round2,60.2,47.7,4
round2,60.2,47.8,2
round2,60.2,47.9,2
round2,60.2,48,4
round2,60.2,48.1,4
round2,60.2,48.2,2
round2,60.2,48.3,1
round2,60.2,48.4,3
round2,60.2,48.5,2
round2,60.2,48.6,3
round2,60.2,48.7,1
round2,60.2,48.8,1
round2,60.2,48.9,4
round2,60.2,49,1
round2,60.2,49.1,1
round2,60.2,49.2,5
round2,60.2,49.3,5
round2,60.2,49.4,3
round2,60.2,49.5,3
round2,60.2,49.6,2
round2,60.2,49.7,7
round2,60.2,49.8,4
round2,60.2,49.9,6
round2,60.2,50,1
round2,60.2,50.1,4
round2,60.2,50.2,1
round2,60.2,50.3,3
round2,60.2,50.5,3
round2,60.2,50.6,2
round2,60.2,50.7,3
round2,60.2,50.8,4
round2,60.2,50.9,2
round2,60.2,51,2
round2,60.2,51.1,1
round2,60.2,51.2,1
round2,60.2,51.3,3
round2,60.2,51.4,3
round2,60.2,51.5,1
round2,60.2,51.6,3
round2,60.2,51.7,1
round2,60.2,51.8,2
round2,60.2,51.9,1
round2,60.2,52,3
round2,60.2,52.1,4
round2,60.2,52.2,3
round2,60.2,52.3,2
round2,60.2,52.4,4
round2,60.2,52.5,2
round2,60.2,52.6,2
round2,60.2,52.7,3
round2,60.2,52.8,2
round2,60.2,52.9,2
round2,60.2,53,5
round2,60.2,53.1,2
round2,60.2,53.2,3
round2,60.2,53.3,1
round2,60.2,53.4,2
round2,60.2,53.5,1
round2,60.2,53.6,2
round2,60.2,53.7,2
round2,60.2,53.8,3
round2,60.2,53.9,6
round2,60.2,54,5
round2,60.2,54.1,4
round2,60.2,54.2,3
round2,60.2,54.3,6
round2,60.2,54.4,2
round2,60.2,54.5,2
round2,60.2,54.6,2
round2,60.2,54.7,4
round2,60.2,54.8,2
round2,60.2,54.9,2
round2,60.2,55,2
round2,60.2,55.2,2
round2,60.2,55.3,2
round2,60.2,55.4,3
round2,60.2,55.5,3
round2,60.2,55.6,2
round2,60.2,55.7,4
round2,60.2,55.9,2
round2,60.2,56,1
round2,60.2,56.1,2
round2,60.2,56.2,2
round2,60.2,56.3,3
round2,60.2,56.4,3
round2,60.2,56.5,6
round2,60.2,56.6,7
round2,60.2,56.7,5
round2,60.2,56.9,2
round2,60.2,57,3
round2,60.2,57.1,4
round2,60.2,57.3,2
round2,60.2,57.4,4
round2,60.2,57.5,3
round2,60.2,57.6,3
round2,60.2,57.7,3
round2,60.2,57.8,2
round2,60.2,57.9,4
round2,60.2,58,3
round2,60.2,58.1,1
round2,60.2,58.3,4
round2,60.2,58.4,2
round2,60.2,58.5,3
round2,60.2,58.6,2
round2,60.2,58.7,4
round2,60.2,58.8,4
round2,60.2,58.9,3
round2,60.2,59,2
round2,60.2,59.1,3
round2,60.2,59.2,7
round2,60.2,59.3,2
round2,60.2,59.4,4
round2,60.2,59.5,3
round2,60.2,59.6,3
round2,60.2,59.7,1
round2,60.2,59.8,3
round2,60.2,59.9,1
round2,60.2,60,1
round2,60.2,60.1,1
round2,60.2,60.2,2
round2,60.2,60.3,4
round2,60.2,60.4,2
round2,60.2,60.5,3
round2,60.2,60.6,1
round2,60.2,60.7,1
round2,60.2,60.8,3
round2,60.2,60.9,4
round2,60.2,61,1
round2,60.2,61.1,1
round2,60.2,61.2,4
round2,60.2,61.3,3
round2,60.2,61.4,2
round2,60.2,61.5,4
round2,60.2,61.6,2
round2,60.2,61.7,1
round2,60.2,61.8,2
round2,60.2,61.9,1
round2,60.2,62,2
round2,60.2,62.1,2
round2,60.2,62.2,1
round2,60.2,62.3,1
round2,60.2,62.4,2
round2,60.2,62.5,4
round2,60.2,62.6,3
round2,60.2,62.7,3
round2,60.2,62.8,6
round2,60.2,62.9,2
round2,60.2,63,4
round2,60.2,63.1,1
round2,60.2,63.2,4
round2,60.2,63.3,3
round2,60.2,63.4,7
round2,60.2,63.5,2
round2,60.2,63.6,2
round2,60.2,63.7,6
round2,60.2,63.8,2
round2,60.2,63.9,2
round2,60.2,64,2
round2,60.2,64.1,1
round2,60.2,64.2,1
round2,60.2,64.3,2
round2,60.2,64.4,4
round2,60.2,64.5,1
round2,60.2,64.6,3
round2,60.2,64.7,1
round2,60.2,64.8,3
round2,60.2,65,5
round2,60.2,65.1,7
round2,60.2,65.2,1
round2,60.2,65.3,2
round2,60.2,65.4,2
round2,60.2,65.5,4
round2,60.2,65.6,3
round2,60.2,65.8,4
round2,60.2,65.9,3
round2,60.2,66.1,2
round2,60.2,66.2,3
round2,60.2,66.3,5
round2,60.2,66.4,1
round2,60.2,66.5,1
round2,60.2,66.6,3
round2,60.2,66.7,4
round2,60.2,66.8,2
round2,60.2,66.9,4
round2,60.2,67,2
round2,60.2,67.1,3
round2,60.2,67.2,2
round2,60.2,67.3,3
round2,60.2,67.4,3
round2,60.2,67.5,2
round2,60.2,67.6,2
round2,60.2,67.7,3
round2,60.2,67.8,4
round2,60.2,67.9,3
round2,60.2,68,2
round2,60.2,68.1,2
round2,60.2,68.3,4
round2,60.2,68.4,4
round2,60.2,68.5,1
round2,60.2,68.6,5
round2,60.2,68.7,2
round2,60.2,68.8,4
round2,60.2,68.9,2
round2,60.2,69,4
round2,60.2,69.1,3
round2,60.2,69.3,3
round2,60.2,69.5,3
round2,60.2,69.6,3
round2,60.2,69.7,3
round2,60.2,69.8,1
round2,60.2,69.9,2
round2,60.2,70,1
round2,60.2,70.1,1
round2,60.2,70.2,1
round2,60.2,70.3,2
round2,60.2,70.5,1
round2,60.2,70.6,2
round2,60.2,70.7,2
round2,60.2,70.9,1
round2,60.2,71,3
round2,60.2,71.1,3
round2,60.2,71.2,3
round2,60.2,71.3,2
round2,60.2,71.4,3
round2,60.2,71.5,2
round2,60.2,71.6,1
round2,60.2,71.7,3
round2,60.2,71.9,1
round2,60.2,72,3
round2,60.2,72.1,4
round2,60.2,72.2,3
round2,60.2,72.3,2
round2,60.2,72.4,1
round2,60.2,72.5,1
round2,60.2,72.6,3
round2,60.2,72.7,4
round2,60.2,72.8,1
round2,60.2,72.9,2
round2,60.2,73,2
round2,60.2,73.1,2
round2,60.2,73.2,2
round2,60.2,73.3,4
round2,60.2,73.4,2
round2,60.2,73.5,2
round2,60.2,73.6,3
round2,60.2,73.7,2
round2,60.2,73.8,2
round2,60.2,73.9,3
round2,60.2,74,1
round2,60.2,74.1,3
round2,60.2,74.2,2
round2,60.2,74.3,3
round2,60.2,74.4,1
round2,60.2,74.5,3
round2,60.2,74.6,3
round2,60.2,74.7,2
round2,60.2,74.9,1
round2,60.2,75,4
round2,60.2,75.1,5
round2,60.2,75.2,2
round2,60.2,75.3,5
round2,60.2,75.4,3
round2,60.2,75.5,2
round2,60.2,75.6,2
round2,60.2,75.7,1
round2,60.2,75.8,1
round2,60.2,75.9,2
round2,60.2,76,4
round2,60.2,76.1,2
round2,60.2,76.2,3
round2,60.2,76.3,2
round2,60.2,76.4,1
round2,60.2,76.5,1
round2,60.2,76.6,4
round2,60.2,76.7,5
round2,60.2,76.8,1
round2,60.2,76.9,2
round2,60.2,77,1
round2,60.2,77.2,3
round2,60.2,77.3,3
round2,60.2,77.4,1
round2,60.2,77.6,5
round2,60.2,77.7,4
round2,60.2,77.9,2
round2,60.2,78,5
round2,60.2,78.1,6
round2,60.2,78.2,1
round2,60.2,78.3,1
round2,60.2,78.5,2
round2,60.2,78.6,2
round2,60.2,78.7,3
round2,60.2,78.8,2
round2,60.2,78.9,3
round2,60.2,79,4
round2,60.2,79.1,4
round2,60.2,79.2,2
round2,60.2,79.3,4
round2,60.2,79.4,1
round2,60.2,79.5,2
round2,60.2,79.6,3
round2,60.2,79.7,1
round2,60.2,79.9,3
round2,60.2,80,1
round2,60.2,80.1,3
round2,60.2,80.2,4
round2,60.2,80.3,4
round2,60.2,80.5,3
round2,60.2,80.6,3
round2,60.2,80.7,1
round2,60.2,80.8,4
round2,60.2,80.9,2
round2,60.2,81,1
round2,60.2,81.1,2
round2,60.2,81.2,3
round2,60.2,81.3,1
round2,60.2,81.4,1
round2,60.2,81.5,2
round2,60.2,81.6,3
round2,60.2,81.7,3
round2,60.2,81.8,2
round2,60.2,81.9,2
round2,60.2,82.1,2
round2,60.2,82.4,3
round2,60.2,82.5,2
round2,60.2,82.6,2
round2,60.2,82.7,1
round2,60.2,82.8,3
round2,60.2,82.9,2
round2,60.2,83,4
round2,60.2,83.1,5
round2,60.2,83.2,2
round2,60.2,83.3,1
round2,60.2,83.4,5
round2,60.2,83.6,5
round2,60.2,83.7,2
round2,60.2,83.8,2
round2,60.2,83.9,1
round2,60.2,84,3
round2,60.2,84.1,3
round2,60.2,84.2,3
round2,60.2,84.3,1
round2,60.2,84.4,6
round2,60.2,84.5,2
round2,60.2,84.6,3
round2,60.2,84.7,2
round2,60.2,84.8,2
round2,60.2,84.9,1
round2,60.2,85,3
round2,60.2,85.1,3
round2,60.2,85.2,2
round2,60.2,85.3,4
round2,60.2,85.4,4
round2,60.2,85.5,3
round2,60.2,85.6,1
round2,60.2,85.7,2
round2,60.2,85.8,3
round2,60.2,85.9,3
round2,60.2,86.2,1
round2,60.2,86.3,3
round2,60.2,86.4,1
round2,60.2,86.5,3
round2,60.2,86.6,6
round2,60.2,86.7,1
round2,60.2,86.8,3
round2,60.2,87,2
round2,60.2,87.1,3
round2,60.2,87.2,1
round2,60.2,87.3,1
round2,60.2,87.4,3
round2,60.2,87.6,3
round2,60.2,87.7,4
round2,60.2,87.8,5
round2,60.2,87.9,1
round2,60.2,88,2
round2,60.2,88.1,2
round2,60.2,88.2,2
round2,60.2,88.3,1
round2,60.2,88.4,3
round2,60.2,88.5,4
round2,60.2,88.7,4
round2,60.2,88.9,1
round2,60.2,89,1
round2,60.2,89.1,2
round2,60.2,89.2,3
round2,60.2,89.3,2
round2,60.2,89.4,1
round2,60.2,89.5,3
round2,60.2,89.6,2
round2,60.2,89.7,1
round2,60.2,89.8,3
round2,60.2,89.9,4
round2,60.2,90,3
round2,60.2,90.1,3
round2,60.2,90.2,2
round2,60.2,90.3,2
round2,60.2,90.4,4
round2,60.2,90.5,3
round2,60.2,90.8,3
round2,60.2,90.9,2
round2,60.2,91,4
round2,60.2,91.1,3
round2,60.2,91.4,1
round2,60.2,91.5,3
round2,60.2,91.6,4
round2,60.2,91.7,3
round2,60.2,91.8,3
round2,60.2,91.9,3
round2,60.2,92,6
round2,60.2,92.1,3
round2,60.2,92.2,2
round2,60.2,92.3,2
round2,60.2,92.4,1
round2,60.2,92.5,1
round2,60.2,92.6,5
round2,60.2,92.7,1
round2,60.2,92.8,1
round2,60.2,92.9,1
round2,60.2,93,4
round2,60.2,93.1,4
round2,60.2,93.2,3
round2,60.2,93.3,1
round2,60.2,93.4,2
round2,60.2,93.5,1
round2,60.2,93.6,2
round2,60.2,93.8,2
round2,60.2,93.9,1
round2,60.2,94,1
round2,60.2,94.1,1
round2,60.2,94.2,4
round2,60.2,94.3,2
round2,60.2,94.4,3
round2,60.2,94.5,2
round2,60.2,94.6,1
round2,60.2,94.7,2
round2,60.2,94.8,1
round2,60.2,94.9,3
round2,60.2,95,1
round2,60.2,95.2,4
round2,60.2,95.3,1
round2,60.2,95.4,4
round2,60.2,95.5,2
round2,60.2,95.6,1
round2,60.2,95.7,2
round2,60.2,95.9,4
round2,60.2,96.1,3
round2,60.2,96.2,2
round2,60.2,96.3,2
round2,60.2,96.4,2
round2,60.2,96.6,2
round2,60.2,96.7,1
round2,60.2,96.8,1
round2,60.2,97.1,1
round2,60.2,97.2,1
round2,60.2,97.3,1
round2,60.2,97.9,3
round2,60.2,98,2
round2,60.2,98.2,2
round2,60.2,98.4,3
round2,60.2,98.5,2
round2,60.2,98.7,2
round2,60.2,98.8,1
round2,60.2,98.9,3
round2,60.2,99.1,1
round2,60.2,99.2,3
round2,60.2,99.3,2
round2,60.2,99.4,2
round2,60.2,99.6,2
round2,60.2,99.7,5
round2,60.2,99.9,2
round2,69.8,0,1
round2,69.8,0.1,2
round2,69.8,0.2,4
round2,69.8,0.3,3
round2,69.8,0.4,1
round2,69.8,0.6,4
round2,69.8,0.7,3
round2,69.8,0.8,2
round2,69.8,0.9,2
round2,69.8,1,3
round2,69.8,1.1,1
round2,69.8,1.2,4
round2,69.8,1.3,1
round2,69.8,1.4,2
round2,69.8,1.5,4
round2,69.8,1.6,1
round2,69.8,1.7,4
round2,69.8,1.8,4
round2,69.8,1.9,1
round2,69.8,2,3
round2,69.8,2.1,2
round2,69.8,2.2,4
round2,69.8,2.3,1
round2,69.8,2.4,1
round2,69.8,2.6,2
round2,69.8,2.7,3
round2,69.8,2.8,1
round2,69.8,2.9,1
round2,69.8,3,2
round2,69.8,3.2,5
round2,69.8,3.4,3
round2,69.8,3.5,2
round2,69.8,3.6,1
round2,69.8,3.7,1
round2,69.8,3.8,2
round2,69.8,3.9,4
round2,69.8,4,3
round2,69.8,4.2,5
round2,69.8,4.3,1
round2,69.8,4.4,1
round2,69.8,4.5,2
round2,69.8,4.7,4
round2,69.8,4.8,1
round2,69.8,4.9,2
round2,69.8,5,2
round2,69.8,5.1,3
round2,69.8,5.2,1
round2,69.8,5.3,2
round2,69.8,5.4,3
round2,69.8,5.5,1
round2,69.8,5.6,3
round2,69.8,5.7,2
round2,69.8,5.8,4
round2,69.8,6,1
round2,69.8,6.1,7
round2,69.8,6.2,2
round2,69.8,6.3,1
round2,69.8,6.4,3
round2,69.8,6.5,1
round2,69.8,6.6,3
round2,69.8,6.8,2
round2,69.8,6.9,3
round2,69.8,7,1
round2,69.8,7.2,2
round2,69.8,7.3,2
round2,69.8,7.5,1
round2,69.8,7.8,2
round2,69.8,7.9,1
round2,69.8,8,1
round2,69.8,8.1,1
round2,69.8,8.3,3
round2,69.8,8.4,3
round2,69.8,8.5,3
round2,69.8,8.6,1
round2,69.8,8.7,3
round2,69.8,8.8,4
round2,69.8,8.9,4
round2,69.8,9,5
round2,69.8,9.1,1
round2,69.8,9.2,2
round2,69.8,9.3,2
round2,69.8,9.4,1
round2,69.8,9.6,2
round2,69.8,9.7,1
round2,69.8,9.9,2
round2,69.8,10,2
round2,69.8,10.1,3
round2,69.8,10.2,1
round2,69.8,10.3,2
round2,69.8,10.4,1
round2,69.8,10.5,2
round2,69.8,10.6,2
round2,69.8,10.7,1
round2,69.8,10.8,6
round2,69.8,10.9,1
round2,69.8,11,3
round2,69.8,11.1,1
round2,69.8,11.2,2
round2,69.8,11.3,1
round2,69.8,11.4,2
round2,69.8,11.5,1
round2,69.8,11.8,2
round2,69.8,11.9,2
round2,69.8,12,1
round2,69.8,12.1,2
round2,69.8,12.2,3
round2,69.8,12.3,1
round2,69.8,12.4,1
round2,69.8,12.5,2
round2,69.8,12.6,4
round2,69.8,12.7,1
round2,69.8,12.8,1
round2,69.8,12.9,3
round2,69.8,13,3
round2,69.8,13.1,2
round2,69.8,13.2,3
round2,69.8,13.3,3
round2,69.8,13.5,4
round2,69.8,13.6,2
round2,69.8,13.7,3
round2,69.8,13.8,2
round2,69.8,13.9,3
round2,69.8,14.2,1
round2,69.8,14.3,1
round2,69.8,14.4,1
round2,69.8,14.5,4
round2,69.8,14.6,1
round2,69.8,14.7,1
round2,69.8,14.8,2
round2,69.8,14.9,4
round2,69.8,15,3
round2,69.8,15.1,1
round2,69.8,15.3,1
round2,69.8,15.4,1
round2,69.8,15.5,3
round2,69.8,15.6,3
round2,69.8,15.7,1
round2,69.8,15.8,3
round2,69.8,16,1
round2,69.8,16.2,1
round2,69.8,16.3,2
round2,69.8,16.4,2
round2,69.8,16.5,3
round2,69.8,16.6,2
round2,69.8,16.7,2
round2,69.8,16.8,1
round2,69.8,16.9,1
round2,69.8,17,2
round2,69.8,17.1,1
round2,69.8,17.2,1
round2,69.8,17.3,4
round2,69.8,17.4,1
round2,69.8,17.5,1
round2,69.8,17.6,4
round2,69.8,17.7,2
round2,69.8,17.8,2
round2,69.8,17.9,2
round2,69.8,18,4
round2,69.8,18.1,1
round2,69.8,18.2,3
round2,69.8,18.4,1
round2,69.8,18.5,2
round2,69.8,18.7,2
round2,69.8,18.8,1
round2,69.8,18.9,1
round2,69.8,19,1
round2,69.8,19.1,1
round2,69.8,19.2,1
round2,69.8,19.3,1
round2,69.8,19.4,2
round2,69.8,19.5,3
round2,69.8,19.6,2
round2,69.8,19.7,2
round2,69.8,19.8,2
round2,69.8,19.9,1
round2,69.8,20,1
round2,69.8,20.2,4
round2,69.8,20.3,1
round2,69.8,20.5,2
round2,69.8,20.7,2
round2,69.8,20.8,1
round2,69.8,20.9,3
round2,69.8,21,3
round2,69.8,21.1,2
round2,69.8,21.2,1
round2,69.8,21.3,4
round2,69.8,21.4,2
round2,69.8,21.5,3
round2,69.8,21.6,1
round2,69.8,21.7,1
round2,69.8,21.8,3
round2,69.8,21.9,1
round2,69.8,22,1
round2,69.8,22.2,1
round2,69.8,22.3,5
round2,69.8,22.4,2
round2,69.8,22.6,1
round2,69.8,22.7,1
round2,69.8,22.8,5
round2,69.8,22.9,3
round2,69.8,23,3
round2,69.8,23.1,1
round2,69.8,23.2,4
round2,69.8,23.3,3
round2,69.8,23.4,2
round2,69.8,23.5,3
round2,69.8,23.6,1
round2,69.8,23.8,4
round2,69.8,23.9,2
round2,69.8,24.1,1
round2,69.8,24.2,6
round2,69.8,24.3,3
round2,69.8,24.4,1
round2,69.8,24.5,1
round2,69.8,24.9,1
round2,69.8,25,2
round2,69.8,25.1,1
round2,69.8,25.2,3
round2,69.8,25.3,4
round2,69.8,25.4,1
round2,69.8,25.6,3
round2,69.8,25.7,2
round2,69.8,25.8,1
round2,69.8,26,1
round2,69.8,26.2,2
round2,69.8,26.3,3
round2,69.8,26.4,3
round2,69.8,26.6,3
round2,69.8,26.7,3
round2,69.8,26.8,1
round2,69.8,26.9,2
round2,69.8,27,2
round2,69.8,27.1,2
round2,69.8,27.3,2
round2,69.8,27.4,2
round2,69.8,27.5,3
round2,69.8,27.6,1
round2,69.8,27.7,2
round2,69.8,27.8,2
round2,69.8,27.9,2
round2,69.8,28.1,1
round2,69.8,28.2,3
round2,69.8,28.3,1
round2,69.8,28.4,1
round2,69.8,28.5,1
round2,69.8,28.6,1
round2,69.8,28.8,5
round2,69.8,28.9,1
round2,69.8,29,2
round2,69.8,29.1,6
round2,69.8,29.2,3
round2,69.8,29.3,2
round2,69.8,29.6,3
round2,69.8,29.8,4
round2,69.8,30.1,1
round2,69.8,30.2,2
round2,69.8,30.5,5
round2,69.8,30.6,2
round2,69.8,30.7,2
round2,69.8,30.8,2
round2,69.8,30.9,2
round2,69.8,31,2
round2,69.8,31.1,2
round2,69.8,31.2,1
round2,69.8,31.3,2
round2,69.8,31.4,3
round2,69.8,31.5,2
round2,69.8,31.6,2
round2,69.8,31.7,4
round2,69.8,31.9,1
round2,69.8,32,1
round2,69.8,32.1,1
round2,69.8,32.2,2
round2,69.8,32.3,1
round2,69.8,32.4,4
round2,69.8,32.5,1
round2,69.8,32.6,1
round2,69.8,32.7,1
round2,69.8,32.8,1
round2,69.8,32.9,3
round2,69.8,33,2
round2,69.8,33.1,1
round2,69.8,33.2,3
round2,69.8,33.4,2
round2,69.8,33.6,3
round2,69.8,33.7,1
round2,69.8,33.8,3
round2,69.8,34,2
round2,69.8,34.1,2
round2,69.8,34.2,3
round2,69.8,34.3,3
round2,69.8,34.4,2
round2,69.8,34.5,2
round2,69.8,34.6,1
round2,69.8,34.8,3
round2,69.8,34.9,3
round2,69.8,35,1
round2,69.8,35.1,3
round2,69.8,35.2,3
round2,69.8,35.3,1
round2,69.8,35.5,1
round2,69.8,35.7,1
round2,69.8,35.8,2
round2,69.8,35.9,2
round2,69.8,36.1,2
round2,69.8,36.2,2
round2,69.8,36.3,1
round2,69.8,36.4,1
round2,69.8,36.5,1
round2,69.8,36.6,1
round2,69.8,36.7,1
round2,69.8,36.8,1
round2,69.8,36.9,1
round2,69.8,37,5
round2,69.8,37.1,3
round2,69.8,37.2,2
round2,69.8,37.3,2
round2,69.8,37.4,1
round2,69.8,37.5,1
round2,69.8,37.6,1
round2,69.8,37.8,2
round2,69.8,37.9,4
round2,69.8,38,3
round2,69.8,38.4,1
round2,69.8,38.5,2
round2,69.8,38.7,1
round2,69.8,38.8,1
round2,69.8,38.9,2
round2,69.8,39,3
round2,69.8,39.1,2
round2,69.8,39.2,2
round2,69.8,39.3,3
round2,69.8,39.4,3
round2,69.8,39.5,2
round2,69.8,39.6,1
round2,69.8,39.8,2
round2,69.8,39.9,2
round2,69.8,40,4
round2,69.8,40.2,2
round2,69.8,40.3,1
round2,69.8,40.6,2
round2,69.8,40.7,1
round2,69.8,40.8,2
round2,69.8,40.9,1
round2,69.8,41.1,1
round2,69.8,41.2,4
round2,69.8,41.3,3
round2,69.8,41.4,1
round2,69.8,41.6,3
round2,69.8,41.7,2
round2,69.8,41.9,1
round2,69.8,42,4
round2,69.8,42.1,1
round2,69.8,42.2,1
round2,69.8,42.3,3
round2,69.8,42.4,1
round2,69.8,42.5,1
round2,69.8,42.6,2
round2,69.8,42.9,3
round2,69.8,43,2
round2,69.8,43.1,1
round2,69.8,43.2,1
round2,69.8,43.3,2
round2,69.8,43.4,2
round2,69.8,43.5,1
round2,69.8,43.6,2
round2,69.8,43.7,2
round2,69.8,43.8,3
round2,69.8,43.9,1
round2,69.8,44,1
round2,69.8,44.1,3
round2,69.8,44.2,5
round2,69.8,44.3,4
round2,69.8,44.5,2
round2,69.8,44.6,1
round2,69.8,44.7,3
round2,69.8,44.8,1
round2,69.8,44.9,4
round2,69.8,45,1
round2,69.8,45.1,2
round2,69.8,45.2,1
round2,69.8,45.3,2
round2,69.8,45.4,3
round2,69.8,45.5,5
round2,69.8,45.7,1
round2,69.8,45.8,2
round2,69.8,45.9,1
round2,69.8,46,1
round2,69.8,46.1,2
round2,69.8,46.2,1
round2,69.8,46.4,2
round2,69.8,46.5,2
round2,69.8,46.6,3
round2,69.8,46.7,2
round2,69.8,46.8,1
round2,69.8,46.9,4
round2,69.8,47,1
round2,69.8,47.1,2
round2,69.8,47.2,6
round2,69.8,47.4,3
round2,69.8,47.5,1
round2,69.8,47.6,2
round2,69.8,47.7,3
round2,69.8,47.8,1
round2,69.8,47.9,4
round2,69.8,48,1
round2,69.8,48.1,1
round2,69.8,48.2,1
round2,69.8,48.3,3
round2,69.8,48.4,1
round2,69.8,48.5,2
round2,69.8,48.6,2
round2,69.8,48.7,6
round2,69.8,48.8,2
round2,69.8,48.9,1
round2,69.8,49,2
round2,69.8,49.1,4
round2,69.8,49.2,1
round2,69.8,49.3,2
round2,69.8,49.4,4
round2,69.8,49.6,2
round2,69.8,49.7,3
round2,69.8,49.8,1
round2,69.8,49.9,3
round2,69.8,50,1
round2,69.8,50.1,2
round2,69.8,50.2,3
round2,69.8,50.4,2
round2,69.8,50.5,3
round2,69.8,50.6,3
round2,69.8,50.8,2
round2,69.8,50.9,3
round2,69.8,51,3
round2,69.8,51.1,2
round2,69.8,51.2,1
round2,69.8,51.3,3
round2,69.8,51.4,1
round2,69.8,51.5,2
round2,69.8,51.6,1
round2,69.8,51.7,1
round2,69.8,51.8,2
round2,69.8,51.9,1
round2,69.8,52,2
round2,69.8,52.1,2
round2,69.8,52.2,3
round2,69.8,52.3,2
round2,69.8,52.4,1
round2,69.8,52.6,1
round2,69.8,52.7,1
round2,69.8,52.8,2
round2,69.8,52.9,1
round2,69.8,53.2,1
round2,69.8,53.3,3
round2,69.8,53.6,2
round2,69.8,53.7,2
round2,69.8,53.8,1
round2,69.8,53.9,1
round2,69.8,54,2
round2,69.8,54.1,2
round2,69.8,54.2,3
round2,69.8,54.3,3
round2,69.8,54.4,3
round2,69.8,54.5,1
round2,69.8,54.7,6
round2,69.8,54.8,1
round2,69.8,54.9,4
round2,69.8,55,1
round2,69.8,55.1,1
round2,69.8,55.3,1
round2,69.8,55.4,1
round2,69.8,55.5,2
round2,69.8,55.6,1
round2,69.8,55.7,3
round2,69.8,55.8,1
round2,69.8,55.9,1
round2,69.8,56,1
round2,69.8,56.2,5
round2,69.8,56.3,2
round2,69.8,56.4,1
round2,69.8,56.5,1
round2,69.8,56.6,2
round2,69.8,56.7,4
round2,69.8,56.8,2
round2,69.8,57,2
round2,69.8,57.1,2
round2,69.8,57.2,1
round2,69.8,57.3,2
round2,69.8,57.4,3
round2,69.8,57.5,1
round2,69.8,57.7,2
round2,69.8,57.8,1
round2,69.8,57.9,2
round2,69.8,58,1
round2,69.8,58.1,2
round2,69.8,58.2,1
round2,69.8,58.3,1
round2,69.8,58.4,3
round2,69.8,58.5,3
round2,69.8,58.7,1
round2,69.8,58.8,2
round2,69.8,58.9,1
round2,69.8,59,3
round2,69.8,59.1,3
round2,69.8,59.2,2
round2,69.8,59.3,2
round2,69.8,59.4,3
round2,69.8,59.5,1
round2,69.8,59.7,2
round2,69.8,59.8,2
round2,69.8,59.9,2
round2,69.8,60,1
round2,69.8,60.1,1
round2,69.8,60.2,3
round2,69.8,60.3,2
round2,69.8,60.4,4
round2,69.8,60.6,2
round2,69.8,60.7,3
round2,69.8,60.8,2
round2,69.8,60.9,1
round2,69.8,61.1,3
round2,69.8,61.4,4
round2,69.8,61.5,2
round2,69.8,61.6,3
round2,69.8,61.7,3
round2,69.8,61.8,3
round2,69.8,61.9,3
round2,69.8,62,3
round2,69.8,62.1,1
round2,69.8,62.2,3
round2,69.8,62.3,4
round2,69.8,62.4,3
round2,69.8,62.5,2
round2,69.8,62.6,2
round2,69.8,62.7,3
round2,69.8,62.8,1
round2,69.8,62.9,2
round2,69.8,63,1
round2,69.8,63.1,5
round2,69.8,63.2,4
round2,69.8,63.3,4
round2,69.8,63.4,1
round2,69.8,63.5,3
round2,69.8,63.6,3
round2,69.8,63.7,2
round2,69.8,63.8,1
round2,69.8,63.9,1
round2,69.8,64.1,1
round2,69.8,64.2,1
round2,69.8,64.3,1
round2,69.8,64.4,2
round2,69.8,64.5,2
round2,69.8,64.6,2
round2,69.8,64.7,2
round2,69.8,64.8,1
round2,69.8,64.9,1
round2,69.8,65,1
round2,69.8,65.1,1
round2,69.8,65.2,1
round2,69.8,65.3,1
round2,69.8,65.4,2
round2,69.8,65.5,1
round2,69.8,65.6,2
round2,69.8,65.7,2
round2,69.8,65.8,1
round2,69.8,66,2
round2,69.8,66.1,2
round2,69.8,66.2,2
round2,69.8,66.3,1
round2,69.8,66.4,4
round2,69.8,66.5,2
round2,69.8,66.6,2
round2,69.8,66.7,2
round2,69.8,66.8,2
round2,69.8,66.9,2
round2,69.8,67,3
round2,69.8,67.1,2
round2,69.8,67.2,2
round2,69.8,67.3,3
round2,69.8,67.4,1
round2,69.8,67.6,1
round2,69.8,67.7,1
round2,69.8,67.8,1
round2,69.8,67.9,2
round2,69.8,68,1
round2,69.8,68.1,1
round2,69.8,68.2,3
round2,69.8,68.4,2
round2,69.8,68.5,2
round2,69.8,68.6,2
round2,69.8,68.7,1
round2,69.8,68.8,2
round2,69.8,69,1
round2,69.8,69.1,1
round2,69.8,69.2,2
round2,69.8,69.3,1
round2,69.8,69.4,1
round2,69.8,69.6,3
round2,69.8,69.7,3
round2,69.8,69.8,1
round2,69.8,69.9,1
round2,69.8,70,2
round2,69.8,70.1,1
round2,69.8,70.2,5
round2,69.8,70.3,3
round2,69.8,70.4,2
round2,69.8,70.5,1
round2,69.8,70.6,2
round2,69.8,70.8,1
round2,69.8,70.9,2
round2,69.8,71,2
round2,69.8,71.1,1
round2,69.8,71.2,4
round2,69.8,71.3,4
round2,69.8,71.5,2
round2,69.8,71.6,1
round2,69.8,71.7,1
round2,69.8,71.8,2
round2,69.8,71.9,1
round2,69.8,72.1,3
round2,69.8,72.2,2
round2,69.8,72.3,2
round2,69.8,72.4,3
round2,69.8,72.5,1
round2,69.8,72.6,3
round2,69.8,72.7,1
round2,69.8,72.8,3
round2,69.8,72.9,3
round2,69.8,73,2
round2,69.8,73.1,1
round2,69.8,73.2,2
round2,69.8,73.3,2
round2,69.8,73.4,1
round2,69.8,73.6,2
round2,69.8,73.8,3
round2,69.8,73.9,1
round2,69.8,74.1,1
round2,69.8,74.2,1
round2,69.8,74.4,2
round2,69.8,74.5,1
round2,69.8,74.6,2
round2,69.8,74.7,1
round2,69.8,74.9,4
round2,69.8,75,1
round2,69.8,75.1,1
round2,69.8,75.2,4
round2,69.8,75.4,2
round2,69.8,75.5,2
round2,69.8,75.6,1
round2,69.8,75.7,2
round2,69.8,75.8,1
round2,69.8,76,3
round2,69.8,76.1,2
round2,69.8,76.3,3
round2,69.8,76.4,3
round2,69.8,76.5,3
round2,69.8,76.6,2
round2,69.8,76.8,2
round2,69.8,76.9,1
round2,69.8,77,1
round2,69.8,77.1,1
round2,69.8,77.3,2
round2,69.8,77.4,1
round2,69.8,77.5,3
round2,69.8,77.6,5
round2,69.8,77.7,2
round2,69.8,77.8,2
round2,69.8,77.9,1
round2,69.8,78,2
round2,69.8,78.1,1
round2,69.8,78.2,2
round2,69.8,78.3,2
round2,69.8,78.5,1
round2,69.8,78.6,1
round2,69.8,78.7,4
round2,69.8,78.8,3
round2,69.8,78.9,2
round2,69.8,79,2
round2,69.8,79.1,2
round2,69.8,79.3,1
round2,69.8,79.4,2
round2,69.8,79.5,2
round2,69.8,79.6,1
round2,69.8,79.7,2
round2,69.8,79.8,3
round2,69.8,79.9,3
round2,69.8,80,1
round2,69.8,80.3,2
round2,69.8,80.4,2
round2,69.8,80.5,1
round2,69.8,80.6,1
round2,69.8,80.9,4
round2,69.8,81.1,2
round2,69.8,81.2,3
round2,69.8,81.3,1
round2,69.8,81.4,3
round2,69.8,81.5,6
round2,69.8,81.6,3
round2,69.8,81.7,4
round2,69.8,81.9,1
round2,69.8,82,1
round2,69.8,82.1,3
round2,69.8,82.2,2
round2,69.8,82.3,2
round2,69.8,82.4,1
round2,69.8,82.6,2
round2,69.8,82.7,1
round2,69.8,82.8,2
round2,69.8,82.9,3
round2,69.8,83,1
round2,69.8,83.1,1
round2,69.8,83.2,1
round2,69.8,83.3,3
round2,69.8,83.4,3
round2,69.8,83.6,1
round2,69.8,83.8,1
round2,69.8,83.9,1
round2,69.8,84,2
round2,69.8,84.1,2
round2,69.8,84.2,4
round2,69.8,84.3,2
round2,69.8,84.4,1
round2,69.8,84.5,3
round2,69.8,84.6,2
round2,69.8,84.7,1
round2,69.8,84.8,4
round2,69.8,84.9,6
round2,69.8,85,2
round2,69.8,85.1,1
round2,69.8,85.2,3
round2,69.8,85.4,5
round2,69.8,85.5,1
round2,69.8,85.6,1
round2,69.8,85.7,2
round2,69.8,85.9,2
round2,69.8,86,2
round2,69.8,86.1,2
round2,69.8,86.2,2
round2,69.8,86.3,1
round2,69.8,86.5,2
round2,69.8,86.6,4
round2,69.8,86.7,2
round2,69.8,86.8,4
round2,69.8,86.9,4
round2,69.8,87,2
round2,69.8,87.1,3
round2,69.8,87.4,1
round2,69.8,87.5,1
round2,69.8,87.6,2
round2,69.8,87.7,2
round2,69.8,87.8,1
round2,69.8,87.9,1
round2,69.8,88,1
round2,69.8,88.2,1
round2,69.8,88.4,1
round2,69.8,88.5,4
round2,69.8,88.6,3
round2,69.8,88.8,1
round2,69.8,88.9,1
round2,69.8,89.1,2
round2,69.8,89.4,2
round2,69.8,89.7,4
round2,69.8,89.8,1
round2,69.8,89.9,1
round2,69.8,90,2
round2,69.8,90.1,1
round2,69.8,90.2,1
round2,69.8,90.3,1
round2,69.8,90.4,1
round2,69.8,90.5,2
round2,69.8,90.6,2
round2,69.8,90.7,2
round2,69.8,90.8,1
round2,69.8,90.9,2
round2,69.8,91,2
round2,69.8,91.2,3
round2,69.8,91.3,3
round2,69.8,91.4,2
round2,69.8,91.5,1
round2,69.8,91.7,5
round2,69.8,91.8,1
round2,69.8,91.9,1
round2,69.8,92.2,3
round2,69.8,92.3,1
round2,69.8,92.4,2
round2,69.8,92.5,2
round2,69.8,92.6,4
round2,69.8,92.8,2
round2,69.8,92.9,1
round2,69.8,93,3
round2,69.8,93.1,2
round2,69.8,93.2,1
round2,69.8,93.3,1
round2,69.8,93.5,1
round2,69.8,93.6,1
round2,69.8,93.7,2
round2,69.8,93.8,5
round2,69.8,93.9,2
round2,69.8,94,3
round2,69.8,94.1,1
round2,69.8,94.3,2
round2,69.8,94.4,1
round2,69.8,94.5,1
round2,69.8,94.6,5
round2,69.8,94.7,2
round2,69.8,94.8,4
round2,69.8,94.9,2
round2,69.8,95,3
round2,69.8,95.1,3
round2,69.8,95.2,1
round2,69.8,95.3,2
round2,69.8,95.4,3
round2,69.8,95.5,3
round2,69.8,95.6,1
round2,69.8,95.7,1
round2,69.8,95.8,2
round2,69.8,95.9,3
round2,69.8,96,3
round2,69.8,96.1,3
round2,69.8,96.2,2
round2,69.8,96.3,2
round2,69.8,96.4,1
round2,69.8,96.5,2
round2,69.8,96.6,1
round2,69.8,96.7,2
round2,69.8,97,2
round2,69.8,97.1,4
round2,69.8,97.2,5
round2,69.8,97.3,2
round2,69.8,97.4,3
round2,69.8,97.5,2
round2,69.8,97.6,6
round2,69.8,97.7,3
round2,69.8,97.8,3
round2,69.8,97.9,2
round2,69.8,98,2
round2,69.8,98.1,3
round2,69.8,98.2,1
round2,69.8,98.4,1
round2,69.8,98.5,3
round2,69.8,98.6,5
round2,69.8,98.7,2
round2,69.8,98.8,1
round2,69.8,99.1,1
round2,69.8,99.3,3
round2,69.8,99.4,2
round2,69.8,99.5,2
round2,69.8,99.6,1
round2,69.8,99.7,1
round2,69.8,99.8,1
round2,69.8,99.9,1
round2,76.5,0,1
round2,76.5,0.3,1
round2,76.5,0.4,2
round2,76.5,0.5,2
round2,76.5,0.6,1
round2,76.5,0.7,1
round2,76.5,0.9,4
round2,76.5,1,2
round2,76.5,1.1,1
round2,76.5,1.3,3
round2,76.5,1.4,1
round2,76.5,1.5,1
round2,76.5,1.6,1
round2,76.5,1.7,2
round2,76.5,2,1
round2,76.5,2.1,1
round2,76.5,2.3,1
round2,76.5,2.5,2
round2,76.5,2.6,2
round2,76.5,2.7,1
round2,76.5,2.9,1
round2,76.5,3.1,1
round2,76.5,3.5,2
round2,76.5,3.6,2
round2,76.5,3.9,1
round2,76.5,4.2,1
round2,76.5,4.3,1
round2,76.5,4.6,1
round2,76.5,4.7,1
round2,76.5,4.8,2
round2,76.5,4.9,2
round2,76.5,5,3
round2,76.5,5.1,1
round2,76.5,5.2,1
round2,76.5,5.3,1
round2,76.5,5.5,2
round2,76.5,5.6,1
round2,76.5,5.8,1
round2,76.5,5.9,2
round2,76.5,6,1
round2,76.5,6.2,2
round2,76.5,6.3,2
round2,76.5,6.5,1
round2,76.5,6.6,1
round2,76.5,6.7,1
round2,76.5,6.8,3
round2,76.5,7.1,1
round2,76.5,7.2,3
round2,76.5,7.3,2
round2,76.5,7.5,2
round2,76.5,7.6,2
round2,76.5,7.7,1
round2,76.5,7.8,1
round2,76.5,7.9,2
round2,76.5,8.2,3
round2,76.5,8.3,2
round2,76.5,8.4,2
round2,76.5,8.6,3
round2,76.5,8.7,1
round2,76.5,8.8,2
round2,76.5,9.2,2
round2,76.5,9.4,2
round2,76.5,9.5,3
round2,76.5,9.6,3
round2,76.5,9.7,1
round2,76.5,10.2,2
round2,76.5,10.3,1
round2,76.5,10.6,1
round2,76.5,10.7,1
round2,76.5,10.8,1
round2,76.5,10.9,1
round2,76.5,11.3,1
round2,76.5,11.5,1
round2,76.5,11.7,2
round2,76.5,11.8,1
round2,76.5,12.1,1
round2,76.5,12.2,1
round2,76.5,12.3,1
round2,76.5,12.4,1
round2,76.5,12.5,3
round2,76.5,12.7,2
round2,76.5,12.8,2
round2,76.5,12.9,1
round2,76.5,13,2
round2,76.5,13.1,1
round2,76.5,13.2,1
round2,76.5,13.3,1
round2,76.5,13.4,3
round2,76.5,13.6,1
round2,76.5,13.7,1
round2,76.5,14.1,1
round2,76.5,14.2,2
round2,76.5,14.3,1
round2,76.5,14.5,1
round2,76.5,14.6,1
round2,76.5,14.7,1
round2,76.5,14.8,2
round2,76.5,15.1,1
round2,76.5,15.2,2
round2,76.5,15.3,3
round2,76.5,15.5,2
round2,76.5,15.6,2
round2,76.5,15.7,1
round2,76.5,15.8,1
round2,76.5,15.9,1
round2,76.5,16.1,1
round2,76.5,16.2,2
round2,76.5,16.3,2
round2,76.5,16.4,1
round2,76.5,16.5,1
round2,76.5,16.6,1
round2,76.5,17,2
round2,76.5,17.1,1
round2,76.5,17.4,1
round2,76.5,17.5,4
round2,76.5,17.6,1
round2,76.5,17.7,1
round2,76.5,17.9,1
round2,76.5,18,1
round2,76.5,18.1,2
round2,76.5,18.3,1
round2,76.5,18.4,2
round2,76.5,18.5,3
round2,76.5,18.6,3
round2,76.5,18.7,2
round2,76.5,18.8,1
round2,76.5,18.9,1
round2,76.5,19,1
round2,76.5,19.1,1
round2,76.5,19.3,1
round2,76.5,19.4,1
round2,76.5,19.6,1
round2,76.5,19.7,2
round2,76.5,19.8,2
round2,76.5,20.3,4
round2,76.5,20.6,1
round2,76.5,20.7,3
round2,76.5,20.9,1
round2,76.5,21,2
round2,76.5,21.1,1
round2,76.5,21.2,1
round2,76.5,21.4,1
round2,76.5,21.5,2
round2,76.5,21.6,1
round2,76.5,21.7,2
round2,76.5,21.9,2
round2,76.5,22.1,1
round2,76.5,22.3,1
round2,76.5,22.4,3
round2,76.5,22.7,1
round2,76.5,22.9,1
round2,76.5,23,1
round2,76.5,23.1,3
round2,76.5,23.2,2
round2,76.5,23.4,1
round2,76.5,23.6,2
round2,76.5,23.7,2
round2,76.5,23.8,1
round2,76.5,23.9,1
round2,76.5,24.1,2
round2,76.5,24.2,1
round2,76.5,24.3,3
round2,76.5,24.4,1
round2,76.5,24.5,1
round2,76.5,24.6,3
round2,76.5,24.7,1
round2,76.5,24.9,2
round2,76.5,25,4
round2,76.5,25.1,1
round2,76.5,25.2,2
round2,76.5,25.3,4
round2,76.5,25.4,1
round2,76.5,25.6,3
round2,76.5,25.8,1
round2,76.5,25.9,1
round2,76.5,26,4
round2,76.5,26.1,1
round2,76.5,26.2,1
round2,76.5,26.4,2
round2,76.5,26.5,2
round2,76.5,26.7,1
round2,76.5,26.8,1
round2,76.5,27.1,1
round2,76.5,27.3,3
round2,76.5,27.4,2
round2,76.5,27.6,2
round2,76.5,27.8,1
round2,76.5,28.3,2
round2,76.5,28.6,2
round2,76.5,28.7,1
round2,76.5,28.8,2
round2,76.5,28.9,4
round2,76.5,29,3
round2,76.5,29.1,1
round2,76.5,29.2,1
round2,76.5,29.4,1
round2,76.5,29.6,1
round2,76.5,29.8,3
round2,76.5,30,2
round2,76.5,30.3,1
round2,76.5,30.4,2
round2,76.5,30.5,1
round2,76.5,30.9,2
round2,76.5,31.1,1
round2,76.5,31.2,1
round2,76.5,31.4,1
round2,76.5,31.5,1
round2,76.5,31.6,2
round2,76.5,31.7,1
round2,76.5,31.8,1
round2,76.5,31.9,1
round2,76.5,32,1
round2,76.5,32.1,1
round2,76.5,32.6,1
round2,76.5,32.8,1
round2,76.5,33.2,1
round2,76.5,33.3,2
round2,76.5,33.4,2
round2,76.5,33.5,1
round2,76.5,33.6,2
round2,76.5,33.7,1
round2,76.5,33.8,1
round2,76.5,33.9,2
round2,76.5,34,1
round2,76.5,34.1,2
round2,76.5,34.2,1
round2,76.5,34.4,1
round2,76.5,34.6,1
round2,76.5,34.9,3
round2,76.5,35,3
round2,76.5,35.1,1
round2,76.5,35.2,2
round2,76.5,35.4,2
round2,76.5,35.6,1
round2,76.5,35.7,3
round2,76.5,35.8,1
round2,76.5,35.9,1
round2,76.5,36,1
round2,76.5,36.2,1
round2,76.5,36.3,1
round2,76.5,36.5,2
round2,76.5,36.6,1
round2,76.5,36.7,3
round2,76.5,36.8,1
round2,76.5,36.9,1
round2,76.5,37,3
round2,76.5,37.1,2
round2,76.5,37.3,1
round2,76.5,37.4,5
round2,76.5,37.9,1
round2,76.5,38.1,3
round2,76.5,38.2,1
round2,76.5,38.3,2
round2,76.5,38.4,3
round2,76.5,38.7,2
round2,76.5,38.9,1
round2,76.5,39,2
round2,76.5,39.1,1
round2,76.5,39.2,1
round2,76.5,39.3,1
round2,76.5,39.4,2
round2,76.5,39.6,2
round2,76.5,39.8,2
round2,76.5,39.9,1
round2,76.5,40,2
round2,76.5,40.1,2
round2,76.5,40.2,2
round2,76.5,40.6,1
round2,76.5,40.7,1
round2,76.5,40.8,1
round2,76.5,41.2,2
round2,76.5,41.3,3
round2,76.5,41.4,1
round2,76.5,41.5,3
round2,76.5,41.6,1
round2,76.5,41.9,3
round2,76.5,42,1
round2,76.5,42.1,1
round2,76.5,42.2,2
round2,76.5,42.4,4
round2,76.5,42.5,1
round2,76.5,42.6,3
round2,76.5,42.8,1
round2,76.5,42.9,1
round2,76.5,43,3
round2,76.5,43.2,3
round2,76.5,43.3,1
round2,76.5,43.4,3
round2,76.5,43.5,1
round2,76.5,43.7,1
round2,76.5,43.9,1
round2,76.5,44.1,1
round2,76.5,44.2,5
round2,76.5,44.4,1
round2,76.5,44.7,3
round2,76.5,44.9,2
round2,76.5,45,1
round2,76.5,45.2,1
round2,76.5,45.3,2
round2,76.5,45.4,1
round2,76.5,45.5,1
round2,76.5,45.6,1
round2,76.5,45.8,1
round2,76.5,45.9,2
round2,76.5,46,1
round2,76.5,46.1,1
round2,76.5,46.2,1
round2,76.5,46.3,2
round2,76.5,46.4,2
round2,76.5,46.7,1
round2,76.5,46.8,1
round2,76.5,46.9,1
round2,76.5,47,1
round2,76.5,47.1,1
round2,76.5,47.2,2
round2,76.5,47.3,2
round2,76.5,47.4,2
round2,76.5,47.5,2
round2,76.5,47.6,4
round2,76.5,47.7,1
round2,76.5,47.8,2
round2,76.5,47.9,1
round2,76.5,48.1,1
round2,76.5,48.5,1
round2,76.5,48.6,1
round2,76.5,48.7,1
round2,76.5,49,5
round2,76.5,49.3,4
round2,76.5,49.4,1
round2,76.5,49.6,1
round2,76.5,49.8,1
round2,76.5,49.9,1
round2,76.5,50,2
round2,76.5,50.3,1
round2,76.5,50.4,1
round2,76.5,50.5,4
round2,76.5,50.6,3
round2,76.5,50.7,2
round2,76.5,50.9,2
round2,76.5,51.2,1
round2,76.5,51.3,2
round2,76.5,51.5,1
round2,76.5,51.6,1
round2,76.5,51.7,1
round2,76.5,51.9,2
round2,76.5,52,1
round2,76.5,52.2,1
round2,76.5,52.3,1
round2,76.5,52.6,2
round2,76.5,52.7,2
round2,76.5,52.8,1
round2,76.5,52.9,2
round2,76.5,53,1
round2,76.5,53.1,1
round2,76.5,53.2,1
round2,76.5,53.3,1
round2,76.5,53.4,5
round2,76.5,53.5,4
round2,76.5,53.7,1
round2,76.5,53.8,1
round2,76.5,53.9,1
round2,76.5,54,1
round2,76.5,54.1,2
round2,76.5,54.2,1
round2,76.5,54.3,1
round2,76.5,54.4,1
round2,76.5,54.5,1
round2,76.5,54.6,3
round2,76.5,54.7,1
round2,76.5,54.8,1
round2,76.5,55,1
round2,76.5,55.2,1
round2,76.5,55.3,1
round2,76.5,55.5,2
round2,76.5,55.6,2
round2,76.5,55.9,1
round2,76.5,56,3
round2,76.5,56.2,1
round2,76.5,56.3,1
round2,76.5,56.4,1
round2,76.5,56.7,4
round2,76.5,56.8,3
round2,76.5,56.9,1
round2,76.5,57,2
round2,76.5,57.1,2
round2,76.5,57.2,3
round2,76.5,57.4,1
round2,76.5,57.5,2
round2,76.5,57.7,2
round2,76.5,57.9,1
round2,76.5,58,1
round2,76.5,58.1,1
round2,76.5,58.2,3
round2,76.5,58.3,1
round2,76.5,58.4,2
round2,76.5,58.5,3
round2,76.5,58.6,1
round2,76.5,58.7,2
round2,76.5,58.8,1
round2,76.5,58.9,1
round2,76.5,59.1,1
round2,76.5,59.2,1
round2,76.5,59.3,2
round2,76.5,59.4,2
round2,76.5,59.6,3
round2,76.5,59.7,2
round2,76.5,59.8,2
round2,76.5,59.9,1
round2,76.5,60.1,3
round2,76.5,60.2,1
round2,76.5,60.3,2
round2,76.5,60.5,4
round2,76.5,60.7,2
round2,76.5,61,1
round2,76.5,61.1,1
round2,76.5,61.3,1
round2,76.5,61.4,4
round2,76.5,61.6,3
round2,76.5,61.7,1
round2,76.5,61.9,2
round2,76.5,62.1,2
round2,76.5,62.2,2
round2,76.5,62.3,2
round2,76.5,62.5,1
round2,76.5,62.6,1
round2,76.5,62.7,2
round2,76.5,62.9,2
round2,76.5,63,2
round2,76.5,63.3,1
round2,76.5,63.4,4
round2,76.5,63.6,3
round2,76.5,63.7,1
round2,76.5,63.8,3
round2,76.5,64,3
round2,76.5,64.4,2
round2,76.5,64.5,2
round2,76.5,64.6,1
round2,76.5,64.7,3
round2,76.5,64.8,3
round2,76.5,64.9,3
round2,76.5,65,2
round2,76.5,65.1,1
round2,76.5,65.2,2
round2,76.5,65.3,1
round2,76.5,65.4,2
round2,76.5,65.5,2
round2,76.5,65.6,2
round2,76.5,65.7,3
round2,76.5,65.9,1
round2,76.5,66,2
round2,76.5,66.1,3
round2,76.5,66.2,3
round2,76.5,66.3,1
round2,76.5,66.4,1
round2,76.5,66.5,2
round2,76.5,66.7,1
round2,76.5,67,1
round2,76.5,67.1,3
round2,76.5,67.2,1
round2,76.5,67.4,1
round2,76.5,67.5,1
round2,76.5,68,2
round2,76.5,68.1,2
round2,76.5,68.2,1
round2,76.5,68.3,1
round2,76.5,68.4,1
round2,76.5,68.5,1
round2,76.5,68.7,2
round2,76.5,68.8,1
round2,76.5,69,4
round2,76.5,69.1,2
round2,76.5,69.2,1
round2,76.5,69.3,2
round2,76.5,69.4,1
round2,76.5,69.5,1
round2,76.5,69.9,2
round2,76.5,70,1
round2,76.5,70.1,2
round2,76.5,70.2,2
round2,76.5,70.4,3
round2,76.5,70.5,1
round2,76.5,70.8,1
round2,76.5,70.9,1
round2,76.5,71.2,2
round2,76.5,71.3,1
round2,76.5,71.4,1
round2,76.5,71.5,4
round2,76.5,71.6,2
round2,76.5,71.8,1
round2,76.5,71.9,3
round2,76.5,72,2
round2,76.5,72.3,2
round2,76.5,72.4,3
round2,76.5,72.5,2
round2,76.5,72.6,1
round2,76.5,72.7,4
round2,76.5,72.8,1
round2,76.5,72.9,1
round2,76.5,73.3,1
round2,76.5,73.4,1
round2,76.5,73.5,4
round2,76.5,73.8,1
round2,76.5,73.9,2
round2,76.5,74,4
round2,76.5,74.2,1
round2,76.5,74.4,1
round2,76.5,74.6,1
round2,76.5,74.7,3
round2,76.5,74.8,1
round2,76.5,74.9,2
round2,76.5,75,1
round2,76.5,75.1,2
round2,76.5,75.2,2
round2,76.5,75.5,2
round2,76.5,75.6,2
round2,76.5,75.8,3
round2,76.5,75.9,2
round2,76.5,76,1
round2,76.5,76.1,2
round2,76.5,76.4,3
round2,76.5,76.5,1
round2,76.5,76.6,1
round2,76.5,76.7,1
round2,76.5,76.8,2
round2,76.5,76.9,4
round2,76.5,77.1,1
round2,76.5,77.2,2
round2,76.5,77.3,2
round2,76.5,77.6,1
round2,76.5,77.7,1
round2,76.5,77.9,3
round2,76.5,78,2
round2,76.5,78.2,3
round2,76.5,78.4,2
round2,76.5,78.5,3
round2,76.5,78.6,1
round2,76.5,78.8,2
round2,76.5,78.9,2
round2,76.5,79,2
round2,76.5,79.1,3
round2,76.5,79.2,1
round2,76.5,79.3,1
round2,76.5,79.4,2
round2,76.5,79.5,5
round2,76.5,79.6,1
round2,76.5,79.7,3
round2,76.5,80.2,1
round2,76.5,80.4,2
round2,76.5,80.6,2
round2,76.5,80.7,2
round2,76.5,80.9,1
round2,76.5,81,2
round2,76.5,81.1,1
round2,76.5,81.3,1
round2,76.5,81.4,2
round2,76.5,81.5,3
round2,76.5,81.7,1
round2,76.5,81.8,1
round2,76.5,81.9,1
round2,76.5,82,2
round2,76.5,82.1,1
round2,76.5,82.2,1
round2,76.5,82.3,1
round2,76.5,82.4,2
round2,76.5,82.5,1
round2,76.5,82.6,1
round2,76.5,82.7,2
round2,76.5,83,1
round2,76.5,83.1,3
round2,76.5,83.2,2
round2,76.5,83.4,1
round2,76.5,83.5,1
round2,76.5,83.7,1
round2,76.5,83.8,1
round2,76.5,83.9,2
round2,76.5,84,1
round2,76.5,84.1,1
round2,76.5,84.2,2
round2,76.5,84.3,1
round2,76.5,84.4,1
round2,76.5,84.5,1
round2,76.5,84.7,2
round2,76.5,84.8,1
round2,76.5,84.9,1
round2,76.5,85.1,1
round2,76.5,85.2,1
round2,76.5,85.3,1
round2,76.5,85.4,3
round2,76.5,85.5,2
round2,76.5,85.7,1
round2,76.5,85.8,1
round2,76.5,86,2
round2,76.5,86.2,1
round2,76.5,86.4,1
round2,76.5,86.5,2
round2,76.5,86.7,2
round2,76.5,86.8,1
round2,76.5,86.9,1
round2,76.5,87,1
round2,76.5,87.1,2
round2,76.5,87.2,2
round2,76.5,87.3,1
round2,76.5,87.5,3
round2,76.5,87.6,1
round2,76.5,87.7,2
round2,76.5,87.9,1
round2,76.5,88,3
round2,76.5,88.1,3
round2,76.5,88.2,3
round2,76.5,88.3,4
round2,76.5,88.4,1
round2,76.5,88.5,2
round2,76.5,88.6,2
round2,76.5,88.7,3
round2,76.5,88.8,1
round2,76.5,89,1
round2,76.5,89.1,1
round2,76.5,89.2,1
round2,76.5,89.3,1
round2,76.5,89.4,2
round2,76.5,89.5,1
round2,76.5,89.6,1
round2,76.5,89.8,1
round2,76.5,89.9,1
round2,76.5,90,2
round2,76.5,90.2,1
round2,76.5,90.4,2
round2,76.5,90.5,2
round2,76.5,90.6,2
round2,76.5,90.8,2
round2,76.5,90.9,2
round2,76.5,91,3
round2,76.5,91.1,2
round2,76.5,91.2,2
round2,76.5,91.3,1
round2,76.5,91.5,4
round2,76.5,91.6,3
round2,76.5,91.7,1
round2,76.5,91.8,1
round2,76.5,92,1
round2,76.5,92.1,3
round2,76.5,92.2,1
round2,76.5,92.3,2
round2,76.5,92.4,2
round2,76.5,92.6,1
round2,76.5,92.7,1
round2,76.5,92.8,3
round2,76.5,93,2
round2,76.5,93.1,3
round2,76.5,93.2,1
round2,76.5,93.3,1
round2,76.5,93.4,2
round2,76.5,93.6,2
round2,76.5,93.7,3
round2,76.5,93.8,2
round2,76.5,93.9,4
round2,76.5,94,2
round2,76.5,94.1,1
round2,76.5,94.2,3
round2,76.5,94.3,2
round2,76.5,94.4,5
round2,76.5,94.5,2
round2,76.5,94.8,3
round2,76.5,94.9,2
round2,76.5,95.1,1
round2,76.5,95.2,1
round2,76.5,95.3,2
round2,76.5,95.4,2
round2,76.5,95.5,6
round2,76.5,95.6,6
round2,76.5,95.7,2
round2,76.5,95.8,5
round2,76.5,95.9,2
round2,76.5,96,1
round2,76.5,96.1,5
round2,76.5,96.2,1
round2,76.5,96.3,1
round2,76.5,96.4,4
round2,76.5,96.5,3
round2,76.5,96.6,3
round2,76.5,96.7,1
round2,76.5,96.8,1
round2,76.5,96.9,3
round2,76.5,97,1
round2,76.5,97.1,1
round2,76.5,97.2,4
round2,76.5,97.3,3
round2,76.5,97.4,2
round2,76.5,97.5,1
round2,76.5,97.6,1
round2,76.5,97.7,1
round2,76.5,97.8,2
round2,76.5,97.9,1
round2,76.5,98,3
round2,76.5,98.1,2
round2,76.5,98.2,2
round2,76.5,98.3,2
round2,76.5,98.4,3
round2,76.5,98.5,2
round2,76.5,98.6,3
round2,76.5,98.7,1
round2,76.5,98.8,2
round2,76.5,98.9,1
round2,76.5,99,7
round2,76.5,99.1,1
round2,76.5,99.2,2
round2,76.5,99.3,1
round2,76.5,99.4,1
round2,76.5,99.5,3
round2,76.5,99.6,1
round2,76.5,99.7,2
round2,76.5,99.8,3
round2,80.7,0.2,1
round2,80.7,0.3,1
round2,80.7,0.5,3
round2,80.7,0.8,1
round2,80.7,0.9,1
round2,80.7,1,1
round2,80.7,1.1,2
round2,80.7,1.2,1
round2,80.7,1.3,2
round2,80.7,1.4,1
round2,80.7,1.5,2
round2,80.7,1.8,1
round2,80.7,2.1,1
round2,80.7,2.2,2
round2,80.7,2.5,1
round2,80.7,2.6,1
round2,80.7,2.7,1
round2,80.7,2.8,2
round2,80.7,3,1
round2,80.7,3.1,1
round2,80.7,3.3,1
round2,80.7,3.5,1
round2,80.7,3.6,1
round2,80.7,3.7,2
round2,80.7,3.9,1
round2,80.7,4,1
round2,80.7,4.1,2
round2,80.7,4.5,1
round2,80.7,4.8,1
round2,80.7,5.2,1
round2,80.7,5.3,1
round2,80.7,5.5,3
round2,80.7,5.6,2
round2,80.7,5.7,1
round2,80.7,5.9,1
round2,80.7,6.3,1
round2,80.7,6.6,1
round2,80.7,6.7,1
round2,80.7,6.8,1
round2,80.7,7,1
round2,80.7,7.2,1
round2,80.7,7.3,1
round2,80.7,7.4,1
round2,80.7,7.5,1
round2,80.7,7.6,1
round2,80.7,7.8,1
round2,80.7,8.3,1
round2,80.7,8.5,1
round2,80.7,8.7,1
round2,80.7,9.3,1
round2,80.7,9.4,1
round2,80.7,9.5,1
round2,80.7,10,2
round2,80.7,10.1,1
round2,80.7,10.2,1
round2,80.7,10.4,1
round2,80.7,10.5,1
round2,80.7,10.7,1
round2,80.7,10.8,1
round2,80.7,10.9,2
round2,80.7,11.4,1
round2,80.7,11.9,2
round2,80.7,12.2,1
round2,80.7,12.3,1
round2,80.7,12.6,1
round2,80.7,12.7,1
round2,80.7,12.9,1
round2,80.7,13.1,1
round2,80.7,13.3,1
round2,80.7,13.4,1
round2,80.7,13.5,1
round2,80.7,13.7,1
round2,80.7,13.9,2
round2,80.7,14.3,1
round2,80.7,14.4,1
round2,80.7,14.7,1
round2,80.7,14.8,3
round2,80.7,15,1
round2,80.7,15.3,1
round2,80.7,15.4,1
round2,80.7,15.8,1
round2,80.7,16.2,1
round2,80.7,16.8,1
round2,80.7,17.2,2
round2,80.7,17.3,1
round2,80.7,17.4,1
round2,80.7,17.6,1
round2,80.7,17.7,1
round2,80.7,17.8,1
round2,80.7,18.1,1
round2,80.7,18.2,1
round2,80.7,18.5,2
round2,80.7,18.6,1
round2,80.7,18.8,1
round2,80.7,19.2,1
round2,80.7,19.4,1
round2,80.7,19.5,2
round2,80.7,19.6,1
round2,80.7,19.7,1
round2,80.7,19.8,1
round2,80.7,19.9,1
round2,80.7,20,1
round2,80.7,20.1,1
round2,80.7,20.2,1
round2,80.7,20.4,1
round2,80.7,20.7,1
round2,80.7,21.2,1
round2,80.7,21.3,1
round2,80.7,21.5,1
round2,80.7,21.9,1
round2,80.7,22,1
round2,80.7,22.1,1
round2,80.7,22.2,1
round2,80.7,22.3,2
round2,80.7,22.5,1
round2,80.7,22.7,1
round2,80.7,23,2
round2,80.7,23.1,1
round2,80.7,23.6,1
round2,80.7,23.8,1
round2,80.7,24,1
round2,80.7,24.2,1
round2,80.7,24.3,1
round2,80.7,24.9,2
round2,80.7,25.1,1
round2,80.7,25.2,2
round2,80.7,25.4,2
round2,80.7,26,1
round2,80.7,26.2,1
round2,80.7,26.4,1
round2,80.7,26.6,2
round2,80.7,27,1
round2,80.7,27.3,1
round2,80.7,27.8,1
round2,80.7,28,1
round2,80.7,28.3,1
round2,80.7,28.5,1
round2,80.7,28.7,1
round2,80.7,28.9,1
round2,80.7,30,2
round2,80.7,30.1,1
round2,80.7,30.3,1
round2,80.7,30.5,2
round2,80.7,30.6,1
round2,80.7,30.7,1
round2,80.7,30.9,2
round2,80.7,31,1
round2,80.7,31.4,1
round2,80.7,31.7,3
round2,80.7,32.3,1
round2,80.7,32.6,1
round2,80.7,32.7,1
round2,80.7,33.2,1
round2,80.7,33.7,2
round2,80.7,33.9,1
round2,80.7,34.1,1
round2,80.7,34.2,1
round2,80.7,34.4,1
round2,80.7,34.8,1
round2,80.7,34.9,1
round2,80.7,35,1
round2,80.7,35.2,1
round2,80.7,35.7,2
round2,80.7,35.9,1
round2,80.7,36,1
round2,80.7,36.5,2
round2,80.7,36.8,2
round2,80.7,36.9,2
round2,80.7,37.3,1
round2,80.7,37.4,1
round2,80.7,37.6,1
round2,80.7,37.7,1
round2,80.7,38,1
round2,80.7,38.3,2
round2,80.7,38.5,1
round2,80.7,38.6,1
round2,80.7,38.7,1
round2,80.7,39.3,1
round2,80.7,39.4,3
round2,80.7,39.5,1
round2,80.7,39.6,1
round2,80.7,39.7,1
round2,80.7,39.8,2
round2,80.7,40,2
round2,80.7,40.1,1
round2,80.7,40.2,1
round2,80.7,40.5,1
round2,80.7,40.7,2
round2,80.7,41.1,1
round2,80.7,41.3,1
round2,80.7,41.4,1
round2,80.7,41.5,1
round2,80.7,41.7,1
round2,80.7,41.8,2
round2,80.7,41.9,1
round2,80.7,42,1
round2,80.7,42.3,2
round2,80.7,42.5,2
round2,80.7,43.2,1
round2,80.7,43.4,1
round2,80.7,43.5,1
round2,80.7,44.1,1
round2,80.7,44.3,1
round2,80.7,44.4,1
round2,80.7,44.5,1
round2,80.7,44.7,1
round2,80.7,45.1,1
round2,80.7,45.3,1
round2,80.7,45.5,1
round2,80.7,45.9,2
round2,80.7,46,1
round2,80.7,46.2,2
round2,80.7,46.7,1
round2,80.7,46.8,2
round2,80.7,47.4,1
round2,80.7,47.5,1
round2,80.7,47.6,2
round2,80.7,47.8,1
round2,80.7,47.9,1
round2,80.7,48.2,1
round2,80.7,48.3,2
round2,80.7,48.8,1
round2,80.7,48.9,1
round2,80.7,49,1
round2,80.7,49.3,1
round2,80.7,49.6,1
round2,80.7,49.8,1
round2,80.7,50.2,2
round2,80.7,50.5,1
round2,80.7,51.8,1
round2,80.7,52,1
round2,80.7,52.4,1
round2,80.7,52.5,1
round2,80.7,52.9,2
round2,80.7,53.1,2
round2,80.7,53.3,2
round2,80.7,53.4,1
round2,80.7,53.8,1
round2,80.7,54,1
round2,80.7,54.2,1
round2,80.7,54.3,1
round2,80.7,54.4,1
round2,80.7,54.8,1
round2,80.7,55,2
round2,80.7,55.1,1
round2,80.7,55.4,1
round2,80.7,55.6,1
round2,80.7,56,1
round2,80.7,56.1,2
round2,80.7,56.3,2
round2,80.7,56.7,1
round2,80.7,56.9,1
round2,80.7,57,1
round2,80.7,57.2,2
round2,80.7,57.3,1
round2,80.7,57.4,1
round2,80.7,57.5,1
round2,80.7,57.6,2
round2,80.7,58.1,2
round2,80.7,58.2,1
round2,80.7,58.3,1
round2,80.7,58.5,1
round2,80.7,58.9,1
round2,80.7,59,3
round2,80.7,59.1,1
round2,80.7,59.2,1
round2,80.7,59.4,1
round2,80.7,59.6,1
round2,80.7,59.7,1
round2,80.7,59.9,1
round2,80.7,60.1,1
round2,80.7,60.5,1
round2,80.7,60.6,1
round2,80.7,60.8,1
round2,80.7,60.9,1
round2,80.7,61.6,2
round2,80.7,61.7,1
round2,80.7,61.8,1
round2,80.7,62.6,1
round2,80.7,63,2
round2,80.7,63.3,2
round2,80.7,63.8,2
round2,80.7,63.9,1
round2,80.7,64.1,1
round2,80.7,64.5,2
round2,80.7,64.7,2
round2,80.7,65.1,1
round2,80.7,65.2,1
round2,80.7,65.4,2
round2,80.7,65.6,1
round2,80.7,65.7,1
round2,80.7,65.9,1
round2,80.7,66.1,2
round2,80.7,66.2,1
round2,80.7,66.8,2
round2,80.7,67.1,1
round2,80.7,67.2,1
round2,80.7,67.3,1
round2,80.7,67.4,2
round2,80.7,67.6,1
round2,80.7,67.8,1
round2,80.7,67.9,2
round2,80.7,68,1
round2,80.7,68.1,2
round2,80.7,68.2,1
round2,80.7,68.5,2
round2,80.7,68.6,3
round2,80.7,68.8,1
round2,80.7,69.1,1
round2,80.7,69.2,1
round2,80.7,69.3,1
round2,80.7,69.4,2
round2,80.7,69.8,1
round2,80.7,70.2,1
round2,80.7,70.5,1
round2,80.7,70.6,1
round2,80.7,70.7,2
round2,80.7,70.8,2
round2,80.7,70.9,3
round2,80.7,71.3,1
round2,80.7,71.4,1
round2,80.7,71.6,1
round2,80.7,71.8,3
round2,80.7,71.9,1
round2,80.7,72.1,1
round2,80.7,72.2,1
round2,80.7,72.7,2
round2,80.7,72.8,1
round2,80.7,72.9,2
round2,80.7,73,2
round2,80.7,73.1,2
round2,80.7,73.2,1
round2,80.7,73.3,1
round2,80.7,73.4,2
round2,80.7,73.6,2
round2,80.7,73.7,1
round2,80.7,73.8,2
round2,80.7,73.9,1
round2,80.7,74,1
round2,80.7,74.1,1
round2,80.7,74.2,2
round2,80.7,74.3,2
round2,80.7,74.4,2
round2,80.7,74.5,1
round2,80.7,74.6,1
round2,80.7,74.8,1
round2,80.7,74.9,1
round2,80.7,75,2
round2,80.7,75.1,1
round2,80.7,75.2,1
round2,80.7,75.3,1
round2,80.7,75.5,1
round2,80.7,75.7,4
round2,80.7,75.8,2
round2,80.7,75.9,1
round2,80.7,76,1
round2,80.7,76.1,2
round2,80.7,76.2,1
round2,80.7,76.3,1
round2,80.7,76.5,1
round2,80.7,76.6,2
round2,80.7,76.9,1
round2,80.7,77.1,4
round2,80.7,77.2,1
round2,80.7,77.4,1
round2,80.7,77.5,1
round2,80.7,77.6,1
round2,80.7,77.7,1
round2,80.7,77.8,1
round2,80.7,77.9,2
round2,80.7,78.1,1
round2,80.7,78.2,1
round2,80.7,78.3,1
round2,80.7,78.4,2
round2,80.7,78.6,1
round2,80.7,78.8,1
round2,80.7,79,3
round2,80.7,79.3,2
round2,80.7,79.4,2
round2,80.7,79.5,2
round2,80.7,79.6,1
round2,80.7,79.9,1
round2,80.7,80.1,3
round2,80.7,80.3,1
round2,80.7,80.4,1
round2,80.7,80.6,3
round2,80.7,80.7,3
round2,80.7,80.8,1
round2,80.7,80.9,1
round2,80.7,81.1,1
round2,80.7,81.3,1
round2,80.7,81.4,3
round2,80.7,82.1,1
round2,80.7,82.2,2
round2,80.7,82.3,1
round2,80.7,82.4,1
round2,80.7,82.6,1
round2,80.7,82.7,2
round2,80.7,82.8,1
round2,80.7,83,2
round2,80.7,83.2,1
round2,80.7,83.3,1
round2,80.7,83.4,1
round2,80.7,83.5,1
round2,80.7,83.7,2
round2,80.7,83.8,1
round2,80.7,83.9,1
round2,80.7,84,1
round2,80.7,84.2,1
round2,80.7,84.3,2
round2,80.7,84.4,2
round2,80.7,84.5,1
round2,80.7,84.7,1
round2,80.7,85.1,1
round2,80.7,85.2,1
round2,80.7,85.4,1
round2,80.7,85.5,1
round2,80.7,85.8,2
round2,80.7,86.2,1
round2,80.7,86.4,1
round2,80.7,86.5,1
round2,80.7,86.6,2
round2,80.7,86.7,1
round2,80.7,86.8,1
round2,80.7,86.9,1
round2,80.7,87.1,1
round2,80.7,87.3,1
round2,80.7,87.4,1
round2,80.7,87.5,1
round2,80.7,87.7,3
round2,80.7,88,1
round2,80.7,88.1,1
round2,80.7,88.2,1
round2,80.7,88.3,2
round2,80.7,88.6,2
round2,80.7,88.8,1
round2,80.7,88.9,1
round2,80.7,89,3
round2,80.7,89.1,1
round2,80.7,89.5,1
round2,80.7,89.6,1
round2,80.7,89.8,1
round2,80.7,89.9,1
round2,80.7,90,1
round2,80.7,90.1,1
round2,80.7,90.2,2
round2,80.7,90.3,1
round2,80.7,90.5,1
round2,80.7,90.8,3
round2,80.7,91,1
round2,80.7,91.1,1
round2,80.7,91.2,2
round2,80.7,91.3,1
round2,80.7,91.5,2
round2,80.7,91.6,1
round2,80.7,91.7,1
round2,80.7,91.8,4
round2,80.7,91.9,4
round2,80.7,92,1
round2,80.7,92.2,1
round2,80.7,92.3,2
round2,80.7,92.7,1
round2,80.7,93,1
round2,80.7,93.1,1
round2,80.7,93.2,1
round2,80.7,93.3,2
round2,80.7,93.4,1
round2,80.7,93.6,1
round2,80.7,93.7,1
round2,80.7,93.8,1
round2,80.7,93.9,2
round2,80.7,94,1
round2,80.7,94.1,1
round2,80.7,94.3,1
round2,80.7,94.5,1
round2,80.7,94.8,2
round2,80.7,94.9,1
round2,80.7,95.1,1
round2,80.7,95.2,2
round2,80.7,95.3,1
round2,80.7,95.4,1
round2,80.7,95.6,1
round2,80.7,96.2,1
round2,80.7,96.3,1
round2,80.7,96.5,3
round2,80.7,96.6,1
round2,80.7,96.7,1
round2,80.7,96.8,1
round2,80.7,97,2
round2,80.7,97.1,2
round2,80.7,97.2,1
round2,80.7,97.3,1
round2,80.7,97.4,1
round2,80.7,97.5,1
round2,80.7,97.7,1
round2,80.7,97.8,1
round2,80.7,98,1
round2,80.7,98.1,3
round2,80.7,98.2,2
round2,80.7,98.4,2
round2,80.7,98.5,1
round2,80.7,98.7,2
round2,80.7,98.8,2
round2,80.7,98.9,2
round2,80.7,99,2
round2,80.7,99.2,3
round2,80.7,99.3,1
round2,80.7,99.4,1
round2,80.7,99.6,2
round2,80.7,99.8,2
round2,80.7,100,2
round2,91.1,0,5
round2,91.1,0.1,9
round2,91.1,0.2,5
round2,91.1,0.3,7
round2,91.1,0.4,5
round2,91.1,0.5,4
round2,91.1,0.6,6
round2,91.1,0.7,3
round2,91.1,0.9,3
round2,91.1,1,2
round2,91.1,1.1,5
round2,91.1,1.2,6
round2,91.1,1.3,2
round2,91.1,1.4,8
round2,91.1,1.5,3
round2,91.1,1.6,5
round2,91.1,1.7,4
round2,91.1,1.8,4
round2,91.1,1.9,4
round2,91.1,2,1
round2,91.1,2.1,8
round2,91.1,2.2,2
round2,91.1,2.3,4
round2,91.1,2.4,6
round2,91.1,2.5,3
round2,91.1,2.6,2
round2,91.1,2.7,1
round2,91.1,2.8,3
round2,91.1,2.9,3
round2,91.1,3,7
round2,91.1,3.1,5
round2,91.1,3.2,1
round2,91.1,3.3,3
round2,91.1,3.4,2
round2,91.1,3.5,3
round2,91.1,3.6,2
round2,91.1,3.7,6
round2,91.1,3.8,4
round2,91.1,3.9,3
round2,91.1,4,3
round2,91.1,4.1,2
round2,91.1,4.2,3
round2,91.1,4.3,4
round2,91.1,4.4,3
round2,91.1,4.5,4
round2,91.1,4.6,4
round2,91.1,4.7,6
round2,91.1,4.8,3
round2,91.1,4.9,5
round2,91.1,5,4
round2,91.1,5.1,4
round2,91.1,5.2,5
round2,91.1,5.3,5
round2,91.1,5.4,2
round2,91.1,5.6,3
round2,91.1,5.7,5
round2,91.1,5.8,3
round2,91.1,5.9,2
round2,91.1,6,2
round2,91.1,6.1,3
round2,91.1,6.2,2
round2,91.1,6.3,2
round2,91.1,6.4,1
round2,91.1,6.5,3
round2,91.1,6.6,2
round2,91.1,6.7,5
round2,91.1,6.8,2
round2,91.1,6.9,2
round2,91.1,7,6
round2,91.1,7.1,7
round2,91.1,7.2,4
round2,91.1,7.3,4
round2,91.1,7.4,4
round2,91.1,7.5,2
round2,91.1,7.6,2
round2,91.1,7.7,4
round2,91.1,7.8,3
round2,91.1,7.9,4
round2,91.1,8,4
round2,91.1,8.1,1
round2,91.1,8.2,4
round2,91.1,8.3,2
round2,91.1,8.4,4
round2,91.1,8.6,6
round2,91.1,8.7,3
round2,91.1,8.8,2
round2,91.1,8.9,2
round2,91.1,9,4
round2,91.1,9.1,3
round2,91.1,9.2,4
round2,91.1,9.3,3
round2,91.1,9.4,2
round2,91.1,9.5,6
round2,91.1,9.6,4
round2,91.1,9.7,4
round2,91.1,9.8,3
round2,91.1,10,3
round2,91.1,10.1,5
round2,91.1,10.2,2
round2,91.1,10.3,5
round2,91.1,10.4,4
round2,91.1,10.5,1
round2,91.1,10.6,2
round2,91.1,10.7,5
round2,91.1,10.8,4
round2,91.1,10.9,4
round2,91.1,11,2
round2,91.1,11.1,4
round2,91.1,11.2,1
round2,91.1,11.3,3
round2,91.1,11.4,4
round2,91.1,11.5,3
round2,91.1,11.6,2
round2,91.1,11.7,2
round2,91.1,11.8,1
round2,91.1,11.9,3
round2,91.1,12,2
round2,91.1,12.1,4
round2,91.1,12.2,1
round2,91.1,12.3,4
round2,91.1,12.4,4
round2,91.1,12.6,2
round2,91.1,12.7,1
round2,91.1,12.8,2
round2,91.1,12.9,1
round2,91.1,13,1
round2,91.1,13.1,1
round2,91.1,13.2,3
round2,91.1,13.3,4
round2,91.1,13.4,6
round2,91.1,13.5,2
round2,91.1,13.6,2
round2,91.1,13.7,3
round2,91.1,13.8,3
round2,91.1,13.9,1
round2,91.1,14,1
round2,91.1,14.2,3
round2,91.1,14.3,1
round2,91.1,14.4,1
round2,91.1,14.5,2
round2,91.1,14.6,7
round2,91.1,14.7,2
round2,91.1,14.8,4
round2,91.1,14.9,4
round2,91.1,15,2
round2,91.1,15.2,3
round2,91.1,15.3,2
round2,91.1,15.4,1
round2,91.1,15.5,3
round2,91.1,15.6,2
round2,91.1,15.7,1
round2,91.1,15.8,2
round2,91.1,15.9,2
round2,91.1,16,3
round2,91.1,16.1,3
round2,91.1,16.2,3
round2,91.1,16.3,3
round2,91.1,16.4,4
round2,91.1,16.5,2
round2,91.1,16.6,4
round2,91.1,16.7,3
round2,91.1,16.8,3
round2,91.1,16.9,2
round2,91.1,17,1
round2,91.1,17.1,3
round2,91.1,17.2,1
round2,91.1,17.3,3
round2,91.1,17.4,3
round2,91.1,17.5,1
round2,91.1,17.6,4
round2,91.1,17.7,4
round2,91.1,17.8,3
round2,91.1,17.9,3
round2,91.1,18,3
round2,91.1,18.1,2
round2,91.1,18.2,5
round2,91.1,18.3,3
round2,91.1,18.4,1
round2,91.1,18.5,2
round2,91.1,18.7,2
round2,91.1,18.8,1
round2,91.1,18.9,5
round2,91.1,19,2
round2,91.1,19.1,3
round2,91.1,19.2,4
round2,91.1,19.3,3
round2,91.1,19.4,3
round2,91.1,19.5,4
round2,91.1,19.7,3
round2,91.1,19.8,4
round2,91.1,19.9,2
round2,91.1,20,2
round2,91.1,20.1,2
round2,91.1,20.3,1
round2,91.1,20.4,5
round2,91.1,20.5,3
round2,91.1,20.6,2
round2,91.1,20.7,2
round2,91.1,20.8,3
round2,91.1,20.9,3
round2,91.1,21,3
round2,91.1,21.2,4
round2,91.1,21.3,4
round2,91.1,21.4,3
round2,91.1,21.5,2
round2,91.1,21.6,4
round2,91.1,21.7,1
round2,91.1,21.8,1
round2,91.1,21.9,4
round2,91.1,22,4
round2,91.1,22.1,2
round2,91.1,22.2,3
round2,91.1,22.3,2
round2,91.1,22.4,2
round2,91.1,22.5,5
round2,91.1,22.6,3
round2,91.1,22.7,5
round2,91.1,22.8,2
round2,91.1,22.9,2
round2,91.1,23,3
round2,91.1,23.1,3
round2,91.1,23.2,2
round2,91.1,23.3,4
round2,91.1,23.4,3
round2,91.1,23.5,1
round2,91.1,23.6,2
round2,91.1,23.7,4
round2,91.1,24,4
round2,91.1,24.1,3
round2,91.1,24.2,2
round2,91.1,24.3,1
round2,91.1,24.4,3
round2,91.1,24.5,5
round2,91.1,24.6,4
round2,91.1,24.7,4
round2,91.1,24.8,3
round2,91.1,24.9,3
round2,91.1,25,3
round2,91.1,25.1,2
round2,91.1,25.2,2
round2,91.1,25.3,1
round2,91.1,25.5,1
round2,91.1,25.6,4
round2,91.1,25.7,5
round2,91.1,25.8,1
round2,91.1,25.9,5
round2,91.1,26,3
round2,91.1,26.1,2
round2,91.1,26.2,2
round2,91.1,26.3,2
round2,91.1,26.4,4
round2,91.1,26.5,3
round2,91.1,26.6,1
round2,91.1,26.7,3
round2,91.1,26.8,2
round2,91.1,26.9,3
round2,91.1,27,4
round2,91.1,27.1,2
round2,91.1,27.2,2
round2,91.1,27.3,2
round2,91.1,27.4,4
round2,91.1,27.5,6
round2,91.1,27.7,1
round2,91.1,27.8,6
round2,91.1,27.9,4
round2,91.1,28,1
round2,91.1,28.1,5
round2,91.1,28.2,3
round2,91.1,28.3,3
round2,91.1,28.4,1
round2,91.1,28.5,6
round2,91.1,28.6,1
round2,91.1,28.7,4
round2,91.1,28.8,2
round2,91.1,28.9,4
round2,91.1,29,3
round2,91.1,29.1,1
round2,91.1,29.2,6
round2,91.1,29.3,8
round2,91.1,29.4,5
round2,91.1,29.5,4
round2,91.1,29.7,3
round2,91.1,29.8,4
round2,91.1,29.9,2
round2,91.1,30,2
round2,91.1,30.1,3
round2,91.1,30.2,3
round2,91.1,30.3,2
round2,91.1,30.4,3
round2,91.1,30.5,1
round2,91.1,30.6,1
round2,91.1,30.7,1
round2,91.1,30.8,5
round2,91.1,30.9,2
round2,91.1,31,2
round2,91.1,31.1,4
round2,91.1,31.2,4
round2,91.1,31.3,6
round2,91.1,31.4,1
round2,91.1,31.5,5
round2,91.1,31.6,4
round2,91.1,31.7,2
round2,91.1,31.8,5
round2,91.1,31.9,4
round2,91.1,32,2
round2,91.1,32.1,5
round2,91.1,32.2,3
round2,91.1,32.4,1
round2,91.1,32.5,1
round2,91.1,32.6,6
round2,91.1,32.7,2
round2,91.1,32.8,3
round2,91.1,32.9,2
round2,91.1,33,4
round2,91.1,33.1,2
round2,91.1,33.2,1
round2,91.1,33.3,5
round2,91.1,33.4,1
round2,91.1,33.6,2
round2,91.1,33.7,2
round2,91.1,33.8,2
round2,91.1,33.9,2
round2,91.1,34,4
round2,91.1,34.2,4
round2,91.1,34.3,5
round2,91.1,34.4,2
round2,91.1,34.5,3
round2,91.1,34.6,3
round2,91.1,34.7,7
round2,91.1,34.8,2
round2,91.1,34.9,4
round2,91.1,35,4
round2,91.1,35.2,1
round2,91.1,35.3,1
round2,91.1,35.4,4
round2,91.1,35.5,4
round2,91.1,35.6,1
round2,91.1,35.7,3
round2,91.1,35.8,2
round2,91.1,35.9,3
round2,91.1,36,4
round2,91.1,36.1,2
round2,91.1,36.2,1
round2,91.1,36.3,2
round2,91.1,36.4,2
round2,91.1,36.5,4
round2,91.1,36.6,6
round2,91.1,36.7,5
round2,91.1,36.8,3
round2,91.1,36.9,3
round2,91.1,37,3
round2,91.1,37.1,6
round2,91.1,37.2,4
round2,91.1,37.3,4
round2,91.1,37.4,1
round2,91.1,37.5,4
round2,91.1,37.6,5
round2,91.1,37.7,9
round2,91.1,37.8,3
round2,91.1,37.9,3
round2,91.1,38,2
round2,91.1,38.1,2
round2,91.1,38.2,2
round2,91.1,38.3,2
round2,91.1,38.4,5
round2,91.1,38.5,2
round2,91.1,38.6,4
round2,91.1,38.7,3
round2,91.1,38.9,3
round2,91.1,39,4
round2,91.1,39.1,5
round2,91.1,39.2,2
round2,91.1,39.3,6
round2,91.1,39.4,3
round2,91.1,39.5,3
round2,91.1,39.6,1
round2,91.1,39.7,2
round2,91.1,39.8,1
round2,91.1,39.9,1
round2,91.1,40.1,3
round2,91.1,40.2,4
round2,91.1,40.3,1
round2,91.1,40.4,6
round2,91.1,40.5,2
round2,91.1,40.6,5
round2,91.1,40.7,1
round2,91.1,40.8,6
round2,91.1,40.9,1
round2,91.1,41,2
round2,91.1,41.1,5
round2,91.1,41.2,6
round2,91.1,41.3,2
round2,91.1,41.4,2
round2,91.1,41.5,2
round2,91.1,41.6,3
round2,91.1,41.7,5
round2,91.1,41.8,4
round2,91.1,41.9,3
round2,91.1,42,2
round2,91.1,42.2,2
round2,91.1,42.3,2
round2,91.1,42.4,3
round2,91.1,42.5,3
round2,91.1,42.6,3
round2,91.1,42.7,3
round2,91.1,42.8,1
round2,91.1,42.9,1
round2,91.1,43,4
round2,91.1,43.1,3
round2,91.1,43.2,3
round2,91.1,43.3,2
round2,91.1,43.4,2
round2,91.1,43.5,2
round2,91.1,43.6,4
round2,91.1,43.7,3
round2,91.1,43.8,2
round2,91.1,43.9,2
round2,91.1,44,1
round2,91.1,44.1,1
round2,91.1,44.2,1
round2,91.1,44.3,4
round2,91.1,44.4,3
round2,91.1,44.5,4
round2,91.1,44.6,3
round2,91.1,44.7,4
round2,91.1,44.8,4
round2,91.1,44.9,3
round2,91.1,45,3
round2,91.1,45.1,5
round2,91.1,45.2,4
round2,91.1,45.3,2
round2,91.1,45.4,6
round2,91.1,45.5,2
round2,91.1,45.6,5
round2,91.1,45.7,4
round2,91.1,45.8,3
round2,91.1,45.9,2
round2,91.1,46,3
round2,91.1,46.1,3
round2,91.1,46.2,4
round2,91.1,46.3,2
round2,91.1,46.4,1
round2,91.1,46.5,4
round2,91.1,46.6,2
round2,91.1,46.7,5
round2,91.1,46.8,2
round2,91.1,47,3
round2,91.1,47.1,7
round2,91.1,47.2,4
round2,91.1,47.3,1
round2,91.1,47.4,3
round2,91.1,47.5,4
round2,91.1,47.6,1
round2,91.1,47.7,3
round2,91.1,47.8,5
round2,91.1,47.9,1
round2,91.1,48,3
round2,91.1,48.1,2
round2,91.1,48.2,1
round2,91.1,48.3,2
round2,91.1,48.4,1
round2,91.1,48.5,4
round2,91.1,48.6,3
round2,91.1,48.7,2
round2,91.1,48.8,3
round2,91.1,48.9,2
round2,91.1,49,2
round2,91.1,49.1,2
round2,91.1,49.2,3
round2,91.1,49.3,1
round2,91.1,49.4,4
round2,91.1,49.5,4
round2,91.1,49.6,2
round2,91.1,49.7,2
round2,91.1,49.8,3
round2,91.1,49.9,3
round2,91.1,50,5
round2,91.1,50.1,4
round2,91.1,50.2,1
round2,91.1,50.3,4
round2,91.1,50.4,6
round2,91.1,50.5,3
round2,91.1,50.6,3
round2,91.1,50.7,6
round2,91.1,50.8,3
round2,91.1,50.9,4
round2,91.1,51,4
round2,91.1,51.1,5
round2,91.1,51.2,3
round2,91.1,51.3,2
round2,91.1,51.4,2
round2,91.1,51.5,3
round2,91.1,51.6,5
round2,91.1,51.7,5
round2,91.1,51.8,3
round2,91.1,51.9,4
round2,91.1,52,5
round2,91.1,52.1,5
round2,91.1,52.2,6
round2,91.1,52.3,4
round2,91.1,52.4,2
round2,91.1,52.5,5
round2,91.1,52.6,3
round2,91.1,52.7,3
round2,91.1,52.8,7
round2,91.1,52.9,2
round2,91.1,53,4
round2,91.1,53.1,2
round2,91.1,53.2,2
round2,91.1,53.3,4
round2,91.1,53.4,3
round2,91.1,53.5,6
round2,91.1,53.6,4
round2,91.1,53.7,5
round2,91.1,53.8,1
round2,91.1,53.9,4
round2,91.1,54,7
round2,91.1,54.1,2
round2,91.1,54.2,6
round2,91.1,54.3,2
round2,91.1,54.4,2
round2,91.1,54.5,4
round2,91.1,54.6,3
round2,91.1,54.7,5
round2,91.1,54.8,5
round2,91.1,54.9,2
round2,91.1,55,4
round2,91.1,55.1,2
round2,91.1,55.2,2
round2,91.1,55.3,7
round2,91.1,55.4,3
round2,91.1,55.5,2
round2,91.1,55.6,3
round2,91.1,55.7,5
round2,91.1,55.8,6
round2,91.1,55.9,4
round2,91.1,56,6
round2,91.1,56.1,2
round2,91.1,56.2,3
round2,91.1,56.3,2
round2,91.1,56.4,5
round2,91.1,56.5,2
round2,91.1,56.6,4
round2,91.1,56.7,1
round2,91.1,56.8,2
round2,91.1,56.9,3
round2,91.1,57,2
round2,91.1,57.1,5
round2,91.1,57.2,8
round2,91.1,57.3,3
round2,91.1,57.4,4
round2,91.1,57.5,3
round2,91.1,57.6,3
round2,91.1,57.7,3
round2,91.1,57.8,2
round2,91.1,57.9,4
round2,91.1,58,5
round2,91.1,58.1,1
round2,91.1,58.2,2
round2,91.1,58.3,1
round2,91.1,58.4,4
round2,91.1,58.5,2
round2,91.1,58.6,2
round2,91.1,58.7,7
round2,91.1,58.8,3
round2,91.1,58.9,4
round2,91.1,59,2
round2,91.1,59.1,2
round2,91.1,59.2,4
round2,91.1,59.3,4
round2,91.1,59.4,3
round2,91.1,59.5,1
round2,91.1,59.6,4
round2,91.1,59.7,1
round2,91.1,59.8,2
round2,91.1,59.9,7
round2,91.1,60,2
round2,91.1,60.1,1
round2,91.1,60.2,4
round2,91.1,60.3,2
round2,91.1,60.4,7
round2,91.1,60.5,4
round2,91.1,60.6,4
round2,91.1,60.7,7
round2,91.1,60.8,2
round2,91.1,60.9,7
round2,91.1,61,3
round2,91.1,61.1,6
round2,91.1,61.2,6
round2,91.1,61.3,2
round2,91.1,61.4,2
round2,91.1,61.5,5
round2,91.1,61.6,3
round2,91.1,61.7,4
round2,91.1,61.8,4
round2,91.1,61.9,5
round2,91.1,62,6
round2,91.1,62.1,5
round2,91.1,62.2,1
round2,91.1,62.3,5
round2,91.1,62.4,2
round2,91.1,62.5,4
round2,91.1,62.6,3
round2,91.1,62.7,2
round2,91.1,62.8,3
round2,91.1,62.9,2
round2,91.1,63,3
round2,91.1,63.1,4
round2,91.1,63.2,4
round2,91.1,63.3,2
round2,91.1,63.4,2
round2,91.1,63.5,3
round2,91.1,63.6,6
round2,91.1,63.7,3
round2,91.1,63.8,2
round2,91.1,63.9,3
round2,91.1,64,3
round2,91.1,64.1,1
round2,91.1,64.2,5
round2,91.1,64.3,2
round2,91.1,64.4,1
round2,91.1,64.5,5
round2,91.1,64.6,1
round2,91.1,64.7,2
round2,91.1,64.8,3
round2,91.1,64.9,4
round2,91.1,65,3
round2,91.1,65.1,4
round2,91.1,65.3,7
round2,91.1,65.4,5
round2,91.1,65.5,3
round2,91.1,65.6,3
round2,91.1,65.7,7
round2,91.1,65.8,2
round2,91.1,65.9,2
round2,91.1,66,3
round2,91.1,66.1,1
round2,91.1,66.2,7
round2,91.1,66.3,3
round2,91.1,66.4,5
round2,91.1,66.5,4
round2,91.1,66.6,7
round2,91.1,66.7,3
round2,91.1,66.8,3
round2,91.1,66.9,4
round2,91.1,67,4
round2,91.1,67.1,5
round2,91.1,67.2,4
round2,91.1,67.3,3
round2,91.1,67.4,3
round2,91.1,67.5,5
round2,91.1,67.6,4
round2,91.1,67.7,7
round2,91.1,67.8,3
round2,91.1,67.9,3
round2,91.1,68,1
round2,91.1,68.1,1
round2,91.1,68.2,6
round2,91.1,68.3,4
round2,91.1,68.4,3
round2,91.1,68.5,2
round2,91.1,68.6,2
round2,91.1,68.7,5
round2,91.1,68.8,6
round2,91.1,68.9,5
round2,91.1,69,2
round2,91.1,69.1,3
round2,91.1,69.2,4
round2,91.1,69.3,6
round2,91.1,69.4,6
round2,91.1,69.5,5
round2,91.1,69.6,5
round2,91.1,69.7,3
round2,91.1,69.8,4
round2,91.1,69.9,7
round2,91.1,70,4
round2,91.1,70.1,5
round2,91.1,70.2,4
round2,91.1,70.3,3
round2,91.1,70.4,5
round2,91.1,70.5,4
round2,91.1,70.6,6
round2,91.1,70.7,3
round2,91.1,70.8,4
round2,91.1,70.9,4
round2,91.1,71,7
round2,91.1,71.1,3
round2,91.1,71.2,2
round2,91.1,71.3,6
round2,91.1,71.4,5
round2,91.1,71.5,7
round2,91.1,71.6,7
round2,91.1,71.7,4
round2,91.1,71.8,6
round2,91.1,71.9,4
round2,91.1,72,3
round2,91.1,72.1,5
round2,91.1,72.2,2
round2,91.1,72.3,3
round2,91.1,72.4,2
round2,91.1,72.5,5
round2,91.1,72.6,4
round2,91.1,72.7,6
round2,91.1,72.8,2
round2,91.1,72.9,7
round2,91.1,73,3
round2,91.1,73.1,6
round2,91.1,73.2,4
round2,91.1,73.3,1
round2,91.1,73.4,5
round2,91.1,73.5,2
round2,91.1,73.6,5
round2,91.1,73.7,5
round2,91.1,73.8,2
round2,91.1,73.9,4
round2,91.1,74,3
round2,91.1,74.1,3
round2,91.1,74.2,2
round2,91.1,74.3,6
round2,91.1,74.4,4
round2,91.1,74.5,3
round2,91.1,74.6,5
round2,91.1,74.7,3
round2,91.1,74.8,4
round2,91.1,74.9,6
round2,91.1,75,2
round2,91.1,75.1,3
round2,91.1,75.2,3
round2,91.1,75.3,2
round2,91.1,75.4,5
round2,91.1,75.5,2
round2,91.1,75.6,5
round2,91.1,75.7,3
round2,91.1,75.8,7
round2,91.1,75.9,4
round2,91.1,76,2
round2,91.1,76.1,8
round2,91.1,76.2,5
round2,91.1,76.3,4
round2,91.1,76.4,2
round2,91.1,76.5,3
round2,91.1,76.6,6
round2,91.1,76.7,4
round2,91.1,76.8,5
round2,91.1,76.9,5
round2,91.1,77,3
round2,91.1,77.1,2
round2,91.1,77.2,3
round2,91.1,77.3,7
round2,91.1,77.4,6
round2,91.1,77.5,3
round2,91.1,77.6,4
round2,91.1,77.7,3
round2,91.1,77.8,9
round2,91.1,77.9,6
round2,91.1,78,5
round2,91.1,78.1,4
round2,91.1,78.2,3
round2,91.1,78.3,5
round2,91.1,78.4,4
round2,91.1,78.5,5
round2,91.1,78.6,3
round2,91.1,78.7,3
round2,91.1,78.8,4
round2,91.1,78.9,2
round2,91.1,79,3
round2,91.1,79.1,4
round2,91.1,79.2,6
round2,91.1,79.3,6
round2,91.1,79.4,4
round2,91.1,79.5,3
round2,91.1,79.6,4
round2,91.1,79.7,7
round2,91.1,79.8,7
round2,91.1,79.9,2
round2,91.1,80,6
round2,91.1,80.1,5
round2,91.1,80.2,3
round2,91.1,80.3,4
round2,91.1,80.4,4
round2,91.1,80.5,5
round2,91.1,80.6,1
round2,91.1,80.7,5
round2,91.1,80.8,7
round2,91.1,80.9,6
round2,91.1,81,6
round2,91.1,81.1,5
round2,91.1,81.2,3
round2,91.1,81.3,4
round2,91.1,81.4,4
round2,91.1,81.5,6
round2,91.1,81.6,7
round2,91.1,81.7,2
round2,91.1,81.8,6
round2,91.1,81.9,3
round2,91.1,82,8
round2,91.1,82.1,2
round2,91.1,82.2,9
round2,91.1,82.3,3
round2,91.1,82.4,4
round2,91.1,82.5,3
round2,91.1,82.6,3
round2,91.1,82.7,4
round2,91.1,82.8,6
round2,91.1,82.9,8
round2,91.1,83,2
round2,91.1,83.1,2
round2,91.1,83.2,5
round2,91.1,83.3,4
round2,91.1,83.4,3
round2,91.1,83.5,6
round2,91.1,83.6,6
round2,91.1,83.7,6
round2,91.1,83.8,6
round2,91.1,83.9,8
round2,91.1,84,9
round2,91.1,84.1,6
round2,91.1,84.2,2
round2,91.1,84.3,6
round2,91.1,84.4,3
round2,91.1,84.5,5
round2,91.1,84.6,8
round2,91.1,84.7,7
round2,91.1,84.8,8
round2,91.1,84.9,6
round2,91.1,85,8
round2,91.1,85.1,4
round2,91.1,85.2,3
round2,91.1,85.3,4
round2,91.1,85.4,3
round2,91.1,85.5,2
round2,91.1,85.6,8
round2,91.1,85.7,6
round2,91.1,85.8,4
round2,91.1,85.9,7
round2,91.1,86,5
round2,91.1,86.1,9
round2,91.1,86.2,10
round2,91.1,86.3,8
round2,91.1,86.4,4
round2,91.1,86.5,8
round2,91.1,86.6,2
round2,91.1,86.7,7
round2,91.1,86.8,6
round2,91.1,86.9,5
round2,91.1,87,6
round2,91.1,87.1,2
round2,91.1,87.2,3
round2,91.1,87.3,8
round2,91.1,87.4,10
round2,91.1,87.5,10
round2,91.1,87.6,6
round2,91.1,87.7,3
round2,91.1,87.8,5
round2,91.1,87.9,4
round2,91.1,88,4
round2,91.1,88.1,5
round2,91.1,88.2,3
round2,91.1,88.3,4
round2,91.1,88.4,9
round2,91.1,88.5,6
round2,91.1,88.6,5
round2,91.1,88.7,5
round2,91.1,88.8,8
round2,91.1,88.9,10
round2,91.1,89,8
round2,91.1,89.1,8
round2,91.1,89.2,6
round2,91.1,89.3,7
round2,91.1,89.4,11
round2,91.1,89.5,11
round2,91.1,89.6,4
round2,91.1,89.7,8
round2,91.1,89.8,5
round2,91.1,89.9,4
round2,91.1,90,4
round2,91.1,90.1,5
round2,91.1,90.2,6
round2,91.1,90.3,11
round2,91.1,90.4,7
round2,91.1,90.5,6
round2,91.1,90.6,5
round2,91.1,90.7,9
round2,91.1,90.8,5
round2,91.1,90.9,7
round2,91.1,91,2
round2,91.1,91.1,8
round2,91.1,91.2,2
round2,91.1,91.3,5
round2,91.1,91.4,8
round2,91.1,91.5,6
round2,91.1,91.6,3
round2,91.1,91.7,3
round2,91.1,91.8,6
round2,91.1,91.9,4
round2,91.1,92,8
round2,91.1,92.1,3
round2,91.1,92.2,6
round2,91.1,92.3,11
round2,91.1,92.4,9
round2,91.1,92.5,8
round2,91.1,92.6,5
round2,91.1,92.7,10
round2,91.1,92.8,8
round2,91.1,92.9,9
round2,91.1,93,4
round2,91.1,93.1,8
round2,91.1,93.2,8
round2,91.1,93.3,7
round2,91.1,93.4,8
round2,91.1,93.5,11
round2,91.1,93.6,6
round2,91.1,93.7,8
round2,91.1,93.8,7
round2,91.1,93.9,5
round2,91.1,94,8
round2,91.1,94.1,6
round2,91.1,94.2,7
round2,91.1,94.3,7
round2,91.1,94.4,6
round2,91.1,94.5,8
round2,91.1,94.6,6
round2,91.1,94.7,11
round2,91.1,94.8,8
round2,91.1,94.9,7
round2,91.1,95,16
round2,91.1,95.1,9
round2,91.1,95.2,9
round2,91.1,95.3,8
round2,91.1,95.4,6
round2,91.1,95.5,3
round2,91.1,95.6,11
round2,91.1,95.7,7
round2,91.1,95.8,6
round2,91.1,95.9,5
round2,91.1,96,10
round2,91.1,96.1,4
round2,91.1,96.2,11
round2,91.1,96.3,12
round2,91.1,96.4,8
round2,91.1,96.5,7
round2,91.1,96.6,13
round2,91.1,96.7,10
round2,91.1,96.8,14
round2,91.1,96.9,10
round2,91.1,97,9
round2,91.1,97.1,5
round2,91.1,97.2,3
round2,91.1,97.3,14
round2,91.1,97.4,6
round2,91.1,97.5,12
round2,91.1,97.6,12
round2,91.1,97.7,10
round2,91.1,97.8,9
round2,91.1,97.9,6
round2,91.1,98,10
round2,91.1,98.1,8
round2,91.1,98.2,8
round2,91.1,98.3,15
round2,91.1,98.4,8
round2,91.1,98.5,14
round2,91.1,98.6,10
round2,91.1,98.7,11
round2,91.1,98.8,13
round2,91.1,98.9,13
round2,91.1,99,9
round2,91.1,99.1,14
round2,91.1,99.2,11
round2,91.1,99.3,11
round2,91.1,99.4,10
round2,91.1,99.5,11
round2,91.1,99.6,11
round2,91.1,99.7,7
round2,91.1,99.8,9
round2,91.1,99.9,10
round2,91.1,100,5
bonus1,0,4.1,1
bonus1,0,13.2,1
bonus1,0,37.3,1
bonus1,0,40.7,1
bonus1,0,81.5,1
bonus1,0.1,3.9,1
bonus1,0.1,8.9,1
bonus1,0.1,43,1
bonus1,0.1,67.4,1
bonus1,0.1,89.9,1
bonus1,0.1,95.6,1
bonus1,0.1,96,1
bonus1,0.1,96.2,1
bonus1,0.1,97.1,1
bonus1,0.2,7.3,1
bonus1,0.2,23,1
bonus1,0.2,26.8,1
bonus1,0.2,32.2,1
bonus1,0.2,38.9,1
bonus1,0.2,40.2,1
bonus1,0.2,67,1
bonus1,0.2,67.8,1
bonus1,0.2,71.6,1
bonus1,0.2,80.6,1
bonus1,0.3,5.5,1
bonus1,0.3,37.8,1
bonus1,0.3,46.8,1
bonus1,0.3,66.8,1
bonus1,0.3,75.8,1
bonus1,0.3,82.6,1
bonus1,0.3,95,1
bonus1,0.4,13.5,1
bonus1,0.4,15,1
bonus1,0.4,33.8,1
bonus1,0.4,36.6,1
bonus1,0.4,45.1,1
bonus1,0.4,45.2,1
bonus1,0.4,46.3,1
bonus1,0.4,69.4,1
bonus1,0.4,71.4,1
bonus1,0.4,80.5,1
bonus1,0.5,21.3,1
bonus1,0.5,24.1,1
bonus1,0.5,25.1,1
bonus1,0.5,29.5,1
bonus1,0.5,34.5,1
bonus1,0.5,38.6,1
bonus1,0.5,41.9,1
bonus1,0.5,51.8,1
bonus1,0.5,53.3,1
bonus1,0.5,91.2,1
bonus1,0.5,94.3,1
bonus1,0.5,95,1
bonus1,0.6,12.7,1
bonus1,0.6,20.2,1
bonus1,0.6,33.9,1
bonus1,0.6,52.7,1
bonus1,0.7,2.8,1
bonus1,0.7,5.1,1
bonus1,0.7,21.4,1
bonus1,0.7,29.8,1
bonus1,0.7,35.3,1
bonus1,0.7,45.4,1
bonus1,0.7,48.3,1
bonus1,0.7,56.1,1
bonus1,0.7,78.3,1
bonus1,0.8,28.6,1
bonus1,0.8,29.4,1
bonus1,0.8,36.4,1
bonus1,0.8,36.7,1
bonus1,0.8,43.2,1
bonus1,0.8,46.3,1
bonus1,0.8,46.8,1
bonus1,0.8,47.4,1
bonus1,0.8,48.6,1
bonus1,0.8,50.8,1
bonus1,0.8,64.9,1
bonus1,0.8,69.8,1
bonus1,0.8,96.4,1
bonus1,0.9,13.9,1
bonus1,0.9,17.2,1
bonus1,0.9,26.1,1
bonus1,0.9,33,1
bonus1,0.9,47.1,1
bonus1,0.9,54.8,1
bonus1,0.9,55.4,1
bonus1,0.9,71.5,1
bonus1,0.9,83.6,1
bonus1,0.9,92.6,1
bonus1,0.9,99.2,1
bonus1,1,29.7,1
bonus1,1,69.5,1
bonus1,1,72,1
bonus1,1,83.3,1
bonus1,1,87,1
bonus1,1.1,18.6,1
bonus1,1.1,32.1,1
bonus1,1.1,46.6,1
bonus1,1.1,50.2,1
bonus1,1.1,55.4,1
bonus1,1.1,57.1,1
bonus1,1.1,63.5,1
bonus1,1.1,65,1
bonus1,1.1,66.4,1
bonus1,1.1,96.7,1
bonus1,1.1,96.8,1
bonus1,1.2,16.3,1
bonus1,1.2,20.5,1
bonus1,1.2,28.7,1
bonus1,1.2,57.1,1
bonus1,1.2,63.2,1
bonus1,1.2,63.8,1
bonus1,1.2,75.3,1
bonus1,1.2,82.8,1
bonus1,1.2,94.3,1
bonus1,1.3,3,1
bonus1,1.3,15.5,1
bonus1,1.3,18.8,1
bonus1,1.3,19.7,1
bonus1,1.3,22.6,1
bonus1,1.3,31.5,1
bonus1,1.3,35.8,1
bonus1,1.3,36.2,1
bonus1,1.3,38,1
bonus1,1.3,42.7,1
bonus1,1.3,68.9,1
bonus1,1.4,30,1
bonus1,1.4,33.5,1
bonus1,1.4,53.4,1
bonus1,1.4,55.1,1
bonus1,1.4,64.7,1
bonus1,1.4,71.3,1
bonus1,1.4,73,1
bonus1,1.5,2,1
bonus1,1.5,8.7,1
bonus1,1.5,20.7,1
bonus1,1.5,28.7,1
bonus1,1.5,31.1,1
bonus1,1.5,32.9,1
bonus1,1.5,35.5,1
bonus1,1.5,35.6,1
bonus1,1.5,35.9,1
bonus1,1.5,42.4,1
bonus1,1.5,43,1
bonus1,1.5,44.8,1
bonus1,1.5,49.8,1
bonus1,1.5,50.6,1
bonus1,1.5,58.4,1
bonus1,1.5,60.2,1
bonus1,1.5,60.3,1
bonus1,1.5,66.3,1
bonus1,1.5,67.6,1
bonus1,1.5,82.4,1
bonus1,1.5,96,1
bonus1,1.7,0.6,1
bonus1,1.7,12.6,1
bonus1,1.7,14.2,1
bonus1,1.7,16.2,1
bonus1,1.7,28,1
bonus1,1.7,38.3,1
bonus1,1.7,43.7,1
bonus1,1.7,52.6,1
bonus1,1.7,59.5,1
bonus1,1.7,60.1,1
bonus1,1.7,69.5,1
bonus1,1.7,74.2,1
bonus1,1.7,98.1,1
bonus1,2,5.7,1
bonus1,2,10.5,1
bonus1,2,12.5,1
bonus1,2,14.8,1
bonus1,2,17.4,1
bonus1,2,20.7,1
bonus1,2,21.7,1
bonus1,2,22.5,1
bonus1,2,23.3,1
bonus1,2,25,1
bonus1,2,28.1,1
bonus1,2,33.3,1
bonus1,2,35.1,1
bonus1,2,41.8,1
bonus1,2,44.2,1
bonus1,2,45.9,1
bonus1,2,46.1,1
bonus1,2,47.9,1
bonus1,2,49.6,1
bonus1,2,50.7,1
bonus1,2,52.3,1
bonus1,2,54.1,1
bonus1,2,55.2,1
bonus1,2,59.6,1
bonus1,2,60.6,3
bonus1,2,62.6,1
bonus1,2,63.1,1
bonus1,2,63.4,1
bonus1,2,72.8,1
bonus1,2,77,1
bonus1,2,80.4,1
bonus1,2,83.8,1
bonus1,2,89.6,1
bonus1,2.3,1.7,1
bonus1,2.3,4.9,1
bonus1,2.3,20.6,1
bonus1,2.3,27.8,1
bonus1,2.3,42.5,1
bonus1,2.3,44.2,1
bonus1,2.3,49.1,1
bonus1,2.3,53.7,1
bonus1,2.3,54.9,1
bonus1,2.3,58.1,1
bonus1,2.3,59.7,1
bonus1,2.3,59.8,1
bonus1,2.3,63.2,1
bonus1,2.3,70.8,1
bonus1,2.3,76,1
bonus1,2.3,78.1,1
bonus1,2.3,91.2,1
bonus1,2.6,2.4,1
bonus1,2.6,9.3,1
bonus1,2.6,10.6,1
bonus1,2.6,12.1,1
bonus1,2.6,13.3,1
bonus1,2.6,15.1,1
bonus1,2.6,17.1,1
bonus1,2.6,17.2,1
bonus1,2.6,17.7,1
bonus1,2.6,20,1
bonus1,2.6,27.4,1
bonus1,2.6,28.6,1
bonus1,2.6,29.2,1
bonus1,2.6,30.1,2
bonus1,2.6,35.5,1
bonus1,2.6,35.9,1
bonus1,2.6,38.5,1
bonus1,2.6,39,1
bonus1,2.6,46.6,1
bonus1,2.6,48.1,1
bonus1,2.6,49.1,1
bonus1,2.6,51.7,1
bonus1,2.6,53.3,1
bonus1,2.6,65.2,1
bonus1,2.6,67.2,1
bonus1,2.6,71.8,1
bonus1,2.6,72.6,1
bonus1,2.6,76.6,1
bonus1,2.6,81.6,1
bonus1,2.6,82.5,1
bonus1,2.6,84.9,1
bonus1,2.6,85,1
bonus1,2.6,86,1
bonus1,2.6,86.4,1
bonus1,2.6,86.9,1
bonus1,2.6,87.3,1
bonus1,2.6,90.1,1
bonus1,2.6,92.4,1
bonus1,2.6,95.5,1
bonus1,2.9,9.2,1
bonus1,2.9,22.2,1
bonus1,2.9,25.9,1
bonus1,2.9,50,1
bonus1,2.9,52.6,1
bonus1,2.9,55.3,1
bonus1,2.9,63.1,1
bonus1,2.9,64.4,1
bonus1,2.9,65.3,1
bonus1,2.9,67.9,1
bonus1,2.9,70.4,1
bonus1,2.9,71.5,1
bonus1,2.9,75.6,1
bonus1,2.9,77,1
bonus1,2.9,78.2,1
bonus1,2.9,81.5,1
bonus1,2.9,86.2,1
bonus1,2.9,86.8,1
bonus1,2.9,87.6,1
bonus1,3.2,3.4,1
bonus1,3.2,4.3,1
bonus1,3.2,7.9,1
bonus1,3.2,8.2,1
bonus1,3.2,11.1,1
bonus1,3.2,12.7,1
bonus1,3.2,17.1,1
bonus1,3.2,20,1
bonus1,3.2,24.1,1
bonus1,3.2,26.3,1
bonus1,3.2,26.8,1
bonus1,3.2,27.5,1
bonus1,3.2,28.4,1
bonus1,3.2,29.6,1
bonus1,3.2,30.3,1
bonus1,3.2,30.7,1
bonus1,3.2,31.8,1
bonus1,3.2,45.2,1
bonus1,3.2,45.4,1
bonus1,3.2,45.5,1
bonus1,3.2,46.4,1
bonus1,3.2,47.1,1
bonus1,3.2,48.3,1
bonus1,3.2,48.9,1
bonus1,3.2,50.2,1
bonus1,3.2,51.4,1
bonus1,3.2,51.8,1
bonus1,3.2,53.4,1
bonus1,3.2,54,1
bonus1,3.2,56.7,1
bonus1,3.2,62.6,1
bonus1,3.2,63,1
bonus1,3.2,64.4,1
bonus1,3.2,65.6,1
bonus1,3.2,66.9,1
bonus1,3.2,67.7,1
bonus1,3.2,75.4,1
bonus1,3.2,77.1,1
bonus1,3.2,78.3,1
bonus1,3.2,79.8,1
bonus1,3.2,83,1
bonus1,3.2,83.4,1
bonus1,3.2,85.4,1
bonus1,3.2,88.6,1
bonus1,3.2,91.1,1
bonus1,3.2,97.3,1
bonus1,3.2,99.8,1
bonus1,3.6,8.1,1
bonus1,3.6,11,1
bonus1,3.6,18.1,1
bonus1,3.6,25.1,1
bonus1,3.6,25.6,1
bonus1,3.6,27.1,1
bonus1,3.6,30.8,1
bonus1,3.6,37.7,1
bonus1,3.6,39,1
bonus1,3.6,40.8,1
bonus1,3.6,45.6,1
bonus1,3.6,47,1
bonus1,3.6,49.2,1
bonus1,3.6,50,1
bonus1,3.6,57.2,1
bonus1,3.6,61.8,1
bonus1,3.6,63.9,1
bonus1,3.6,65.9,1
bonus1,3.6,74,1
bonus1,3.6,78.3,1
bonus1,3.6,80,1
bonus1,3.6,81.3,1
bonus1,3.6,84.6,1
bonus1,3.6,90.5,1
bonus1,3.6,95.3,1
bonus1,3.6,95.9,1
bonus1,4.1,1.7,1
bonus1,4.1,1.9,1
bonus1,4.1,4.2,1
bonus1,4.1,5.8,1
bonus1,4.1,7.3,1
bonus1,4.1,9.3,1
bonus1,4.1,10.2,1
bonus1,4.1,10.7,1
bonus1,4.1,14.4,1
bonus1,4.1,15.2,1
bonus1,4.1,17.5,1
bonus1,4.1,18.3,1
bonus1,4.1,18.8,1
bonus1,4.1,20.5,1
bonus1,4.1,20.7,1
bonus1,4.1,23.5,1
bonus1,4.1,26.6,1
bonus1,4.1,27.8,1
bonus1,4.1,28.1,1
bonus1,4.1,31.6,1
bonus1,4.1,31.9,1
bonus1,4.1,35.8,1
bonus1,4.1,37.6,1
bonus1,4.1,38.1,1
bonus1,4.1,42.1,1
bonus1,4.1,42.6,1
bonus1,4.1,45.7,1
bonus1,4.1,46.3,1
bonus1,4.1,46.8,1
bonus1,4.1,46.9,1
bonus1,4.1,48.8,1
bonus1,4.1,49.7,1
bonus1,4.1,50,1
bonus1,4.1,50.4,1
bonus1,4.1,50.8,1
bonus1,4.1,52.3,1
bonus1,4.1,54.4,1
bonus1,4.1,55,1
bonus1,4.1,55.8,1
bonus1,4.1,56.2,1
bonus1,4.1,56.6,1
bonus1,4.1,56.8,1
bonus1,4.1,57.9,1
bonus1,4.1,58.5,1
bonus1,4.1,58.6,1
bonus1,4.1,60.7,1
bonus1,4.1,60.9,1
bonus1,4.1,61.2,1
bonus1,4.1,62.6,1
bonus1,4.1,63.5,1
bonus1,4.1,64.6,1
bonus1,4.1,65.1,1
bonus1,4.1,68,1
bonus1,4.1,69.5,1
bonus1,4.1,69.7,1
bonus1,4.1,73,1
bonus1,4.1,73.2,1
bonus1,4.1,74.6,1
bonus1,4.1,77.2,1
bonus1,4.1,78.8,1
bonus1,4.1,80.8,1
bonus1,4.1,83.5,1
bonus1,4.1,85.9,1
bonus1,4.1,86.7,1
bonus1,4.1,94,1
bonus1,4.7,1.1,1
bonus1,4.7,3.6,1
bonus1,4.7,5.8,1
bonus1,4.7,7.7,1
bonus1,4.7,11.9,1
bonus1,4.7,15.4,1
bonus1,4.7,18.9,1
bonus1,4.7,19.6,1
bonus1,4.7,22.3,1
bonus1,4.7,26.7,1
bonus1,4.7,31,1
bonus1,4.7,32.5,1
bonus1,4.7,34,1
bonus1,4.7,34.6,1
bonus1,4.7,36.7,1
bonus1,4.7,39.2,1
bonus1,4.7,39.9,1
bonus1,4.7,40.8,1
bonus1,4.7,41.8,1
bonus1,4.7,42.3,1
bonus1,4.7,44,1
bonus1,4.7,44.8,1
bonus1,4.7,47.1,1
bonus1,4.7,48.8,1
bonus1,4.7,54.2,1
bonus1,4.7,56.9,1
bonus1,4.7,59.4,1
bonus1,4.7,59.6,1
bonus1,4.7,60.3,1
bonus1,4.7,61.3,1
bonus1,4.7,68.2,1
bonus1,4.7,68.7,1
bonus1,4.7,73.3,1
bonus1,4.7,76.4,1
bonus1,4.7,77.3,1
bonus1,4.7,80.8,1
bonus1,4.7,81,1
bonus1,4.7,88.2,1
bonus1,4.7,92.2,1
bonus1,4.7,95.9,1
bonus1,5.3,2.4,1
bonus1,5.3,4.1,1
bonus1,5.3,5,1
bonus1,5.3,5.6,2
bonus1,5.3,5.7,2
bonus1,5.3,6.2,1
bonus1,5.3,7.9,1
bonus1,5.3,8,2
bonus1,5.3,9.2,1
bonus1,5.3,12.2,1
bonus1,5.3,12.4,1
bonus1,5.3,12.6,1
bonus1,5.3,12.9,1
bonus1,5.3,14.9,1
bonus1,5.3,15.1,1
bonus1,5.3,15.3,1
bonus1,5.3,15.8,1
bonus1,5.3,17.9,1
bonus1,5.3,20.4,1
bonus1,5.3,20.8,1
bonus1,5.3,21.1,1
bonus1,5.3,21.2,1
bonus1,5.3,21.9,1
bonus1,5.3,23,1
bonus1,5.3,24.3,1
bonus1,5.3,25.7,1
bonus1,5.3,25.8,1
bonus1,5.3,28,1
bonus1,5.3,28.3,1
bonus1,5.3,29.5,1
bonus1,5.3,31.8,1
bonus1,5.3,32.8,1
bonus1,5.3,33.1,1
bonus1,5.3,33.4,1
bonus1,5.3,35.2,1
bonus1,5.3,36,1
bonus1,5.3,39,1
bonus1,5.3,39.1,1
bonus1,5.3,41,1
bonus1,5.3,42.8,1
bonus1,5.3,42.9,1
bonus1,5.3,45.1,1
bonus1,5.3,45.3,1
bonus1,5.3,46.9,1
bonus1,5.3,48,1
bonus1,5.3,48.6,1
bonus1,5.3,49.6,1
bonus1,5.3,53.7,1
bonus1,5.3,57.7,1
bonus1,5.3,60.9,1
bonus1,5.3,61.4,2
bonus1,5.3,62,1
bonus1,5.3,64.1,1
bonus1,5.3,64.8,1
bonus1,5.3,64.9,1
bonus1,5.3,65.8,1
bonus1,5.3,66.3,1
bonus1,5.3,66.4,1
bonus1,5.3,73.2,1
bonus1,5.3,74.4,1
bonus1,5.3,74.6,1
bonus1,5.3,74.9,1
bonus1,5.3,77.2,1
bonus1,5.3,79.7,1
bonus1,5.3,79.8,1
bonus1,5.3,80.3,1
bonus1,5.3,83.5,1
bonus1,5.3,85,1
bonus1,5.3,88,1
bonus1,5.3,90.2,1
bonus1,5.3,91.8,1
bonus1,5.3,94.3,1
bonus1,5.3,95.3,1
bonus1,5.3,97.6,1
bonus1,6,1.4,1
bonus1,6,8.3,1
bonus1,6,9.8,1
bonus1,6,11.6,1
bonus1,6,20.3,1
bonus1,6,21.8,1
bonus1,6,26.5,1
bonus1,6,31.4,1
bonus1,6,32.1,1
bonus1,6,34,1
bonus1,6,36.6,1
bonus1,6,37.1,1
bonus1,6,38.5,1
bonus1,6,38.7,1
bonus1,6,40.6,1
bonus1,6,41.4,1
bonus1,6,41.7,1
bonus1,6,42.2,1
bonus1,6,42.9,1
bonus1,6,43.6,1
bonus1,6,46.6,1
bonus1,6,50,1
bonus1,6,51,1
bonus1,6,55.9,1
bonus1,6,57,1
bonus1,6,59.2,1
bonus1,6,61.4,1
bonus1,6,62.2,1
bonus1,6,64.3,1
bonus1,6,64.8,1
bonus1,6,65.8,1
bonus1,6,65.9,1
bonus1,6,68,1
bonus1,6,72.6,1
bonus1,6,72.7,2
bonus1,6,74.4,1
bonus1,6,74.6,1
bonus1,6,75.8,1
bonus1,6,76.9,1
bonus1,6,77.3,1
bonus1,6,78.2,1
bonus1,6,79.1,1
bonus1,6,79.6,1
bonus1,6,79.7,1
bonus1,6,82.1,1
bonus1,6,83.7,1
bonus1,6,84,1
bonus1,6,87.7,1
bonus1,6,88.1,1
bonus1,6,89.7,1
bonus1,6,92,1
bonus1,6,97.5,1
bonus1,6.9,0.5,1
bonus1,6.9,0.9,1
bonus1,6.9,1.2,1
bonus1,6.9,1.8,1
bonus1,6.9,2.2,1
bonus1,6.9,4,1
bonus1,6.9,5.3,1
bonus1,6.9,6.9,1
bonus1,6.9,7.7,1
bonus1,6.9,7.8,1
bonus1,6.9,8,1
bonus1,6.9,8.1,1
bonus1,6.9,8.7,1
bonus1,6.9,11.6,1
bonus1,6.9,12.6,1
bonus1,6.9,12.8,1
bonus1,6.9,14,1
bonus1,6.9,14.3,1
bonus1,6.9,15.7,2
bonus1,6.9,15.8,1
bonus1,6.9,17.9,1
bonus1,6.9,18,1
bonus1,6.9,20.5,1
bonus1,6.9,20.7,1
bonus1,6.9,21.8,1
bonus1,6.9,22.1,1
bonus1,6.9,24.2,1
bonus1,6.9,25.7,1
bonus1,6.9,27.1,1
bonus1,6.9,27.6,1
bonus1,6.9,29.1,1
bonus1,6.9,29.2,1
bonus1,6.9,29.4,1
bonus1,6.9,29.5,1
bonus1,6.9,29.8,1
bonus1,6.9,29.9,1
bonus1,6.9,33,1
bonus1,6.9,33.5,1
bonus1,6.9,34,1
bonus1,6.9,34.1,1
bonus1,6.9,34.4,1
bonus1,6.9,36.9,1
bonus1,6.9,37.4,1
bonus1,6.9,37.7,1
bonus1,6.9,38.1,1
bonus1,6.9,39.1,1
bonus1,6.9,39.5,1
bonus1,6.9,40,1
bonus1,6.9,40.6,1
bonus1,6.9,40.7,1
bonus1,6.9,41,1
bonus1,6.9,41.6,1
bonus1,6.9,41.8,1
bonus1,6.9,42.2,1
bonus1,6.9,42.4,1
bonus1,6.9,42.5,1
bonus1,6.9,42.9,1
bonus1,6.9,43.6,1
bonus1,6.9,44,1
bonus1,6.9,45,1
bonus1,6.9,45.1,1
bonus1,6.9,45.2,1
bonus1,6.9,45.8,1
bonus1,6.9,46.5,1
bonus1,6.9,46.7,1
bonus1,6.9,46.8,1
bonus1,6.9,46.9,1
bonus1,6.9,47.4,1
bonus1,6.9,47.6,1
bonus1,6.9,49.9,1
bonus1,6.9,50.5,1
bonus1,6.9,52.8,1
bonus1,6.9,52.9,1
bonus1,6.9,55.3,1
bonus1,6.9,56.1,1
bonus1,6.9,56.4,1
bonus1,6.9,57.3,1
bonus1,6.9,57.4,1
bonus1,6.9,59.1,1
bonus1,6.9,59.2,1
bonus1,6.9,60.7,1
bonus1,6.9,62.2,1
bonus1,6.9,63,1
bonus1,6.9,64,2
bonus1,6.9,64.2,1
bonus1,6.9,64.3,1
bonus1,6.9,65.5,1
bonus1,6.9,66.1,2
bonus1,6.9,66.2,1
bonus1,6.9,68,1
bonus1,6.9,70.3,1
bonus1,6.9,73,1
bonus1,6.9,75.2,2
bonus1,6.9,76.2,1
bonus1,6.9,76.5,1
bonus1,6.9,77,1
bonus1,6.9,77.3,1
bonus1,6.9,77.8,1
bonus1,6.9,82.9,1
bonus1,6.9,85.6,1
bonus1,6.9,88.4,1
bonus1,6.9,90.9,1
bonus1,6.9,91,1
bonus1,6.9,92.9,1
bonus1,6.9,94.9,1
bonus1,6.9,95.8,1
bonus1,6.9,98.6,1
bonus1,7.9,0.5,1
bonus1,7.9,0.8,1
bonus1,7.9,2.4,1
bonus1,7.9,3.9,1
bonus1,7.9,9.1,1
bonus1,7.9,13.3,2
bonus1,7.9,13.8,1
bonus1,7.9,14.7,1
bonus1,7.9,15.8,1
bonus1,7.9,15.9,1
bonus1,7.9,16.3,1
bonus1,7.9,18.4,1
bonus1,7.9,20.1,1
bonus1,7.9,21.7,1
bonus1,7.9,23.5,1
bonus1,7.9,23.8,1
bonus1,7.9,24.4,1
bonus1,7.9,25.4,1
bonus1,7.9,25.9,1
bonus1,7.9,27.3,1
bonus1,7.9,28.4,1
bonus1,7.9,28.6,1
bonus1,7.9,30.8,1
bonus1,7.9,31,1
bonus1,7.9,31.6,1
bonus1,7.9,32.6,1
bonus1,7.9,33.9,1
bonus1,7.9,34.1,1
bonus1,7.9,35,1
bonus1,7.9,36.5,1
bonus1,7.9,40.3,1
bonus1,7.9,40.7,1
bonus1,7.9,40.9,1
bonus1,7.9,42.2,1
bonus1,7.9,44.1,1
bonus1,7.9,44.5,1
bonus1,7.9,51.1,1
bonus1,7.9,52.9,1
bonus1,7.9,54,1
bonus1,7.9,54.3,1
bonus1,7.9,55.3,1
bonus1,7.9,55.5,1
bonus1,7.9,57.2,1
bonus1,7.9,60.1,1
bonus1,7.9,60.8,1
bonus1,7.9,61,1
bonus1,7.9,62.8,1
bonus1,7.9,63.3,1
bonus1,7.9,64.1,1
bonus1,7.9,66.3,2
bonus1,7.9,66.4,1
bonus1,7.9,67.9,1
bonus1,7.9,69.3,1
bonus1,7.9,70.2,1
bonus1,7.9,70.3,1
bonus1,7.9,70.4,1
bonus1,7.9,70.7,1
bonus1,7.9,72.2,1
bonus1,7.9,73.1,1
bonus1,7.9,74.5,1
bonus1,7.9,75,1
bonus1,7.9,77.8,1
bonus1,7.9,78,1
bonus1,7.9,79.5,1
bonus1,7.9,80.8,1
bonus1,7.9,82.9,1
bonus1,7.9,83.2,1
bonus1,7.9,84.7,2
bonus1,7.9,85.6,1
bonus1,7.9,91,1
bonus1,7.9,92.1,1
bonus1,7.9,96.8,1
bonus1,7.9,99.9,1
bonus1,8.9,0.7,1
bonus1,8.9,1.6,1
bonus1,8.9,2.4,1
bonus1,8.9,3,1
bonus1,8.9,3.1,1
bonus1,8.9,3.3,1
bonus1,8.9,4.3,1
bonus1,8.9,5.1,1
bonus1,8.9,5.2,1
bonus1,8.9,6.6,1
bonus1,8.9,7.8,1
bonus1,8.9,8.6,1
bonus1,8.9,9,1
bonus1,8.9,9.1,1
bonus1,8.9,9.9,1
bonus1,8.9,10.2,1
bonus1,8.9,10.7,1
bonus1,8.9,11.1,1
bonus1,8.9,11.6,1
bonus1,8.9,12.4,1
bonus1,8.9,13.2,1
bonus1,8.9,14.9,1
bonus1,8.9,15,1
bonus1,8.9,15.7,1
bonus1,8.9,16.3,1
bonus1,8.9,17.2,1
bonus1,8.9,19.2,1
bonus1,8.9,20.2,1
bonus1,8.9,21.5,1
bonus1,8.9,22.4,1
bonus1,8.9,23.9,1
bonus1,8.9,24.5,1
bonus1,8.9,24.8,1
bonus1,8.9,26,1
bonus1,8.9,26.1,1
bonus1,8.9,26.8,1
bonus1,8.9,29.9,1
bonus1,8.9,30.1,1
bonus1,8.9,31.4,1
bonus1,8.9,31.9,1
bonus1,8.9,32.1,1
bonus1,8.9,32.5,1
bonus1,8.9,35.2,1
bonus1,8.9,35.3,1
bonus1,8.9,35.8,1
bonus1,8.9,37.2,1
bonus1,8.9,37.8,1
bonus1,8.9,39.1,1
bonus1,8.9,40.6,1
bonus1,8.9,43.8,1
bonus1,8.9,44.6,1
bonus1,8.9,44.7,3
bonus1,8.9,45.1,1
bonus1,8.9,45.5,1
bonus1,8.9,46,1
bonus1,8.9,46.4,1
bonus1,8.9,47.2,1
bonus1,8.9,47.5,1
bonus1,8.9,48.6,1
bonus1,8.9,48.7,1
bonus1,8.9,49.1,1
bonus1,8.9,49.6,1
bonus1,8.9,49.9,1
bonus1,8.9,50.3,1
bonus1,8.9,52.4,1
bonus1,8.9,52.8,1
bonus1,8.9,54.4,1
bonus1,8.9,54.5,1
bonus1,8.9,54.6,1
bonus1,8.9,55.5,1
bonus1,8.9,55.6,1
bonus1,8.9,56.1,2
bonus1,8.9,57.1,1
bonus1,8.9,57.6,1
bonus1,8.9,58.1,1
bonus1,8.9,58.4,1
bonus1,8.9,59.7,1
bonus1,8.9,59.8,1
bonus1,8.9,63.1,1
bonus1,8.9,63.4,1
bonus1,8.9,63.5,1
bonus1,8.9,66,1
bonus1,8.9,68.4,1
bonus1,8.9,68.5,1
bonus1,8.9,69.4,2
bonus1,8.9,69.7,1
bonus1,8.9,69.8,1
bonus1,8.9,70.8,1
bonus1,8.9,72.3,1
bonus1,8.9,72.6,1
bonus1,8.9,72.9,1
bonus1,8.9,73.8,1
bonus1,8.9,74.7,1
bonus1,8.9,74.8,1
bonus1,8.9,75.9,1
bonus1,8.9,77,1
bonus1,8.9,77.9,1
bonus1,8.9,78.3,1
bonus1,8.9,78.7,1
bonus1,8.9,78.9,1
bonus1,8.9,81.5,1
bonus1,8.9,83.6,1
bonus1,8.9,87.2,1
bonus1,8.9,88.4,1
bonus1,8.9,88.9,1
bonus1,8.9,90.7,1
bonus1,8.9,91.4,1
bonus1,8.9,91.9,1
bonus1,8.9,92,1
bonus1,8.9,94.1,1
bonus1,8.9,94.3,1
bonus1,10,1.3,1
bonus1,10,1.7,1
bonus1,10,1.8,1
bonus1,10,1.9,1
bonus1,10,2,1
bonus1,10,2.6,1
bonus1,10,5.1,1
bonus1,10,5.4,1
bonus1,10,6.3,1
bonus1,10,8.2,1
bonus1,10,8.7,1
bonus1,10,9,1
bonus1,10,10.2,1
bonus1,10,10.6,1
bonus1,10,11.3,1
bonus1,10,11.5,1
bonus1,10,12.1,1
bonus1,10,16.6,1
bonus1,10,18.1,1
bonus1,10,18.9,1
bonus1,10,20.5,1
bonus1,10,21.4,1
bonus1,10,22,1
bonus1,10,22.8,2
bonus1,10,24.7,1
bonus1,10,25.6,1
bonus1,10,29,1
bonus1,10,30.6,1
bonus1,10,32,1
bonus1,10,32.1,1
bonus1,10,32.3,1
bonus1,10,32.5,1
bonus1,10,32.9,1
bonus1,10,34.8,1
bonus1,10,38.4,1
bonus1,10,40,1
bonus1,10,41.8,1
bonus1,10,43.7,3
bonus1,10,44.5,1
bonus1,10,45.3,1
bonus1,10,46.4,1
bonus1,10,47.7,1
bonus1,10,48.8,1
bonus1,10,49.9,1
bonus1,10,50.8,1
bonus1,10,51.6,1
bonus1,10,54.1,1
bonus1,10,55.9,1
bonus1,10,57.3,1
bonus1,10,58.8,1
bonus1,10,58.9,1
bonus1,10,59.7,1
bonus1,10,60.5,1
bonus1,10,60.7,1
bonus1,10,61.5,1
bonus1,10,62.3,1
bonus1,10,63.3,1
bonus1,10,63.7,1
bonus1,10,65.3,1
bonus1,10,67.3,1
bonus1,10,67.9,1
bonus1,10,68,1
bonus1,10,70.4,1
bonus1,10,71.3,1
bonus1,10,74.6,1
bonus1,10,76.5,1
bonus1,10,76.6,1
bonus1,10,79.9,1
bonus1,10,80.4,1
bonus1,10,81.1,1
bonus1,10,81.7,1
bonus1,10,84.3,1
bonus1,10,84.6,1
bonus1,10,87.6,1
bonus1,10,88.3,1
bonus1,10,89.8,1
bonus1,10,90.3,1
bonus1,10,91.5,1
bonus1,10,95.8,1
bonus1,10,96.9,2
bonus1,11.4,0.1,1
bonus1,11.4,0.3,1
bonus1,11.4,1.6,1
bonus1,11.4,2.4,2
bonus1,11.4,2.7,1
bonus1,11.4,2.8,1
bonus1,11.4,2.9,1
bonus1,11.4,3.2,1
bonus1,11.4,4.3,1
bonus1,11.4,5,1
bonus1,11.4,5.7,1
bonus1,11.4,5.9,1
bonus1,11.4,6.2,1
bonus1,11.4,6.5,1
bonus1,11.4,9.3,1
bonus1,11.4,9.6,1
bonus1,11.4,9.8,1
bonus1,11.4,10.9,1
bonus1,11.4,11.6,1
bonus1,11.4,11.8,1
bonus1,11.4,12,1
bonus1,11.4,12.7,2
bonus1,11.4,13,1
bonus1,11.4,13.4,1
bonus1,11.4,13.6,1
bonus1,11.4,13.8,1
bonus1,11.4,13.9,1
bonus1,11.4,14.5,1
bonus1,11.4,15.3,1
bonus1,11.4,15.4,1
bonus1,11.4,16.9,1
bonus1,11.4,18.1,1
bonus1,11.4,18.2,1
bonus1,11.4,18.8,1
bonus1,11.4,19,1
bonus1,11.4,19.4,2
bonus1,11.4,20.1,1
bonus1,11.4,20.2,2
bonus1,11.4,20.8,1
bonus1,11.4,20.9,1
bonus1,11.4,23.1,1
bonus1,11.4,24,2
bonus1,11.4,24.7,2
bonus1,11.4,26,1
bonus1,11.4,26.1,1
bonus1,11.4,26.5,1
bonus1,11.4,26.8,1
bonus1,11.4,27,1
bonus1,11.4,27.3,1
bonus1,11.4,28,1
bonus1,11.4,28.1,1
bonus1,11.4,29.3,1
bonus1,11.4,29.4,1
bonus1,11.4,29.5,1
bonus1,11.4,30.3,3
bonus1,11.4,30.8,1
bonus1,11.4,31.3,1
bonus1,11.4,31.7,1
bonus1,11.4,32.2,1
bonus1,11.4,32.8,1
bonus1,11.4,33,1
bonus1,11.4,33.5,1
bonus1,11.4,33.8,1
bonus1,11.4,34.3,1
bonus1,11.4,35.5,1
bonus1,11.4,35.7,1
bonus1,11.4,35.8,1
bonus1,11.4,36,1
bonus1,11.4,36.2,1
bonus1,11.4,38,1
bonus1,11.4,40.9,1
bonus1,11.4,41,1
bonus1,11.4,41.3,1
bonus1,11.4,41.4,1
bonus1,11.4,41.5,1
bonus1,11.4,41.6,1
bonus1,11.4,41.7,1
bonus1,11.4,41.9,1
bonus1,11.4,42.8,1
bonus1,11.4,44.3,1
bonus1,11.4,45.1,2
bonus1,11.4,45.8,1
bonus1,11.4,46.9,1
bonus1,11.4,47.3,1
bonus1,11.4,48.3,1
bonus1,11.4,48.4,1
bonus1,11.4,48.9,1
bonus1,11.4,49.6,1
bonus1,11.4,49.9,1
bonus1,11.4,50.2,1
bonus1,11.4,51.1,1
bonus1,11.4,51.4,1
bonus1,11.4,51.5,1
bonus1,11.4,53,1
bonus1,11.4,56.4,1
bonus1,11.4,56.8,1
bonus1,11.4,57.6,1
bonus1,11.4,58,1
bonus1,11.4,59.2,1
bonus1,11.4,59.5,1
bonus1,11.4,60.3,1
bonus1,11.4,60.5,1
bonus1,11.4,61,1
bonus1,11.4,61.1,1
bonus1,11.4,62,1
bonus1,11.4,62.1,1
bonus1,11.4,62.8,1
bonus1,11.4,63.3,1
bonus1,11.4,63.6,1
bonus1,11.4,64.1,1
bonus1,11.4,64.4,1
bonus1,11.4,64.9,1
bonus1,11.4,65.6,1
bonus1,11.4,66,1
bonus1,11.4,66.9,1
bonus1,11.4,67.2,1
bonus1,11.4,69,2
bonus1,11.4,69.9,2
bonus1,11.4,70.3,1
bonus1,11.4,70.6,1
bonus1,11.4,70.7,1
bonus1,11.4,72.7,2
bonus1,11.4,72.9,1
bonus1,11.4,73,1
bonus1,11.4,73.4,1
bonus1,11.4,73.8,1
bonus1,11.4,74,1
bonus1,11.4,74.1,1
bonus1,11.4,76.9,1
bonus1,11.4,77,1
bonus1,11.4,77.2,1
bonus1,11.4,77.3,1
bonus1,11.4,77.9,1
bonus1,11.4,80.7,1
bonus1,11.4,81.1,1
bonus1,11.4,81.7,1
bonus1,11.4,81.9,1
bonus1,11.4,82,1
bonus1,11.4,82.8,1
bonus1,11.4,83,2
bonus1,11.4,83.3,1
bonus1,11.4,83.8,1
bonus1,11.4,85.2,1
bonus1,11.4,88.5,1
bonus1,11.4,89.9,1
bonus1,11.4,90.4,1
bonus1,11.4,90.9,1
bonus1,11.4,92.6,1
bonus1,11.4,93.5,1
bonus1,11.4,94,1
bonus1,11.4,94.6,1
bonus1,11.4,96,1
bonus1,12.8,1.5,1
bonus1,12.8,2.5,1
bonus1,12.8,2.6,1
bonus1,12.8,2.9,1
bonus1,12.8,3,1
bonus1,12.8,4.8,1
bonus1,12.8,6.1,1
bonus1,12.8,7,1
bonus1,12.8,7.2,1
bonus1,12.8,8.4,1
bonus1,12.8,9.7,1
bonus1,12.8,10.1,1
bonus1,12.8,10.4,1
bonus1,12.8,11.5,1
bonus1,12.8,12.3,1
bonus1,12.8,12.6,1
bonus1,12.8,12.8,1
bonus1,12.8,13.7,1
bonus1,12.8,14.4,1
bonus1,12.8,16.3,1
bonus1,12.8,16.7,1
bonus1,12.8,16.9,1
bonus1,12.8,18,1
bonus1,12.8,18.2,1
bonus1,12.8,18.8,1
bonus1,12.8,18.9,1
bonus1,12.8,19.8,1
bonus1,12.8,20.3,1
bonus1,12.8,20.4,1
bonus1,12.8,23.7,1
bonus1,12.8,24.7,1
bonus1,12.8,24.8,1
bonus1,12.8,27.9,1
bonus1,12.8,28.8,1
bonus1,12.8,29.3,1
bonus1,12.8,29.5,1
bonus1,12.8,31,2
bonus1,12.8,31.6,1
bonus1,12.8,31.7,1
bonus1,12.8,31.9,1
bonus1,12.8,32.9,1
bonus1,12.8,33.1,1
bonus1,12.8,33.4,1
bonus1,12.8,34.5,1
bonus1,12.8,35.5,1
bonus1,12.8,36.3,1
bonus1,12.8,36.4,1
bonus1,12.8,37.4,1
bonus1,12.8,38.5,1
bonus1,12.8,38.8,1
bonus1,12.8,39.1,1
bonus1,12.8,40.6,1
bonus1,12.8,41.5,1
bonus1,12.8,43.9,1
bonus1,12.8,44,1
bonus1,12.8,44.8,1
bonus1,12.8,45.3,1
bonus1,12.8,46,1
bonus1,12.8,47.4,1
bonus1,12.8,47.7,1
bonus1,12.8,49.4,1
bonus1,12.8,50.1,1
bonus1,12.8,50.2,1
bonus1,12.8,50.4,1
bonus1,12.8,50.6,1
bonus1,12.8,50.7,1
bonus1,12.8,50.8,1
bonus1,12.8,52.7,1
bonus1,12.8,55.6,1
bonus1,12.8,56.7,1
bonus1,12.8,57.7,1
bonus1,12.8,62.6,1
bonus1,12.8,65,1
bonus1,12.8,65.7,1
bonus1,12.8,66.7,1
bonus1,12.8,67.6,1
bonus1,12.8,67.8,1
bonus1,12.8,68.5,1
bonus1,12.8,68.8,1
bonus1,12.8,69.2,1
bonus1,12.8,70.5,1
bonus1,12.8,71.2,1
bonus1,12.8,71.5,1
bonus1,12.8,72.5,1
bonus1,12.8,75.5,1
bonus1,12.8,75.6,1
bonus1,12.8,76.1,1
bonus1,12.8,80,1
bonus1,12.8,81.7,1
bonus1,12.8,82.9,1
bonus1,12.8,84.4,1
bonus1,12.8,87.7,1
bonus1,12.8,87.8,1
bonus1,12.8,88.2,1
bonus1,12.8,88.5,1
bonus1,12.8,89.5,1
bonus1,12.8,89.6,1
bonus1,12.8,89.7,1
bonus1,12.8,91.3,1
bonus1,12.8,93.4,1
bonus1,12.8,94.6,1
bonus1,12.8,94.7,1
bonus1,12.8,96.2,1
bonus1,14.4,1.5,1
bonus1,14.4,2.1,2
bonus1,14.4,3.6,1
bonus1,14.4,4.8,1
bonus1,14.4,5.1,1
bonus1,14.4,5.7,1
bonus1,14.4,6.4,1
bonus1,14.4,7.5,2
bonus1,14.4,7.7,1
bonus1,14.4,7.8,1
bonus1,14.4,8.1,2
bonus1,14.4,8.2,1
bonus1,14.4,8.8,1
bonus1,14.4,9,1
bonus1,14.4,9.5,1
bonus1,14.4,9.9,1
bonus1,14.4,10,1
bonus1,14.4,10.2,1
bonus1,14.4,10.4,1
bonus1,14.4,10.5,1
bonus1,14.4,11.8,1
bonus1,14.4,11.9,1
bonus1,14.4,12,1
bonus1,14.4,12.2,1
bonus1,14.4,12.7,1
bonus1,14.4,13.3,1
bonus1,14.4,13.7,1
bonus1,14.4,14.5,1
bonus1,14.4,15.6,1
bonus1,14.4,15.7,1
bonus1,14.4,15.8,1
bonus1,14.4,16.3,2
bonus1,14.4,17,1
bonus1,14.4,17.1,1
bonus1,14.4,17.2,1
bonus1,14.4,17.7,1
bonus1,14.4,18.1,1
bonus1,14.4,18.2,1
bonus1,14.4,18.5,1
bonus1,14.4,18.9,1
bonus1,14.4,19,1
bonus1,14.4,19.2,1
bonus1,14.4,19.5,1
bonus1,14.4,20,2
bonus1,14.4,20.5,1
bonus1,14.4,21,1
bonus1,14.4,23.3,1
bonus1,14.4,25.3,1
bonus1,14.4,25.5,1
bonus1,14.4,25.6,1
bonus1,14.4,26.4,1
bonus1,14.4,26.5,1
bonus1,14.4,27.4,1
bonus1,14.4,28,1
bonus1,14.4,28.2,2
bonus1,14.4,28.5,1
bonus1,14.4,29.2,1
bonus1,14.4,29.4,1
bonus1,14.4,29.7,1
bonus1,14.4,30.1,1
bonus1,14.4,30.4,1
bonus1,14.4,31.5,1
bonus1,14.4,31.6,1
bonus1,14.4,32.6,1
bonus1,14.4,32.7,1
bonus1,14.4,33.3,1
bonus1,14.4,33.5,1
bonus1,14.4,34.1,1
bonus1,14.4,34.4,1
bonus1,14.4,34.7,1
bonus1,14.4,34.9,1
bonus1,14.4,35.6,2
bonus1,14.4,36.1,1
bonus1,14.4,36.6,1
bonus1,14.4,36.9,2
bonus1,14.4,37.4,1
bonus1,14.4,37.8,1
bonus1,14.4,38.6,2
bonus1,14.4,38.7,1
bonus1,14.4,38.8,1
bonus1,14.4,38.9,1
bonus1,14.4,39.3,2
bonus1,14.4,39.9,1
bonus1,14.4,40.8,1
bonus1,14.4,42.8,1
bonus1,14.4,43,1
bonus1,14.4,43.5,1
bonus1,14.4,43.7,1
bonus1,14.4,43.8,1
bonus1,14.4,43.9,1
bonus1,14.4,44.1,2
bonus1,14.4,44.2,1
bonus1,14.4,45,1
bonus1,14.4,45.3,1
bonus1,14.4,45.9,1
bonus1,14.4,46.2,1
bonus1,14.4,47.2,1
bonus1,14.4,47.3,1
bonus1,14.4,47.6,1
bonus1,14.4,48.1,1
bonus1,14.4,48.7,1
bonus1,14.4,49.7,1
bonus1,14.4,50,1
bonus1,14.4,51,1
bonus1,14.4,51.2,3
bonus1,14.4,51.4,1
bonus1,14.4,51.6,1
bonus1,14.4,53.6,1
bonus1,14.4,54.3,1
bonus1,14.4,54.9,1
bonus1,14.4,55.6,1
bonus1,14.4,55.7,1
bonus1,14.4,56,1
bonus1,14.4,56.6,1
bonus1,14.4,56.7,1
bonus1,14.4,56.8,1
bonus1,14.4,57.3,2
bonus1,14.4,57.8,1
bonus1,14.4,58.2,1
bonus1,14.4,60.2,2
bonus1,14.4,60.4,1
bonus1,14.4,61.1,1
bonus1,14.4,61.2,1
bonus1,14.4,61.8,2
bonus1,14.4,62.2,1
bonus1,14.4,62.5,1
bonus1,14.4,63.2,1
bonus1,14.4,64.8,1
bonus1,14.4,66.5,1
bonus1,14.4,67,1
bonus1,14.4,67.3,1
bonus1,14.4,67.6,1
bonus1,14.4,68.5,1
bonus1,14.4,69.5,1
bonus1,14.4,70.1,1
bonus1,14.4,70.9,1
bonus1,14.4,71.7,1
bonus1,14.4,72.5,1
bonus1,14.4,73.3,1
bonus1,14.4,74.3,1
bonus1,14.4,74.7,1
bonus1,14.4,75.4,1
bonus1,14.4,75.7,1
bonus1,14.4,76.6,1
bonus1,14.4,77.2,1
bonus1,14.4,77.4,1
bonus1,14.4,77.5,1
bonus1,14.4,77.7,2
bonus1,14.4,77.8,1
bonus1,14.4,77.9,1
bonus1,14.4,78.4,1
bonus1,14.4,80.2,2
bonus1,14.4,80.4,1
bonus1,14.4,80.6,2
bonus1,14.4,80.8,1
bonus1,14.4,81.4,1
bonus1,14.4,81.5,2
bonus1,14.4,82.6,1
bonus1,14.4,83,1
bonus1,14.4,84.5,1
bonus1,14.4,85.1,1
bonus1,14.4,85.2,1
bonus1,14.4,86.6,1
bonus1,14.4,86.7,1
bonus1,14.4,87,1
bonus1,14.4,87.6,1
bonus1,14.4,87.7,1
bonus1,14.4,88.7,1
bonus1,14.4,91.1,1
bonus1,14.4,91.5,1
bonus1,14.4,92.8,1
bonus1,14.4,94.2,1
bonus1,14.4,94.4,1
bonus1,14.4,94.8,1
bonus1,14.4,97.5,1
bonus1,14.4,99.9,1
bonus1,16.2,1.4,1
bonus1,16.2,1.7,1
bonus1,16.2,1.9,1
bonus1,16.2,3.2,1
bonus1,16.2,3.9,1
bonus1,16.2,6.3,1
bonus1,16.2,7.6,1
bonus1,16.2,7.7,1
bonus1,16.2,8.8,1
bonus1,16.2,8.9,1
bonus1,16.2,9.2,1
bonus1,16.2,10,1
bonus1,16.2,11.2,1
bonus1,16.2,11.4,1
bonus1,16.2,11.7,1
bonus1,16.2,12.1,1
bonus1,16.2,12.4,1
bonus1,16.2,12.8,1
bonus1,16.2,13.2,1
bonus1,16.2,13.7,1
bonus1,16.2,16.2,1
bonus1,16.2,16.5,1
bonus1,16.2,17.3,1
bonus1,16.2,18.2,1
bonus1,16.2,18.5,2
bonus1,16.2,19.5,1
bonus1,16.2,20.5,1
bonus1,16.2,21.1,1
bonus1,16.2,21.5,1
bonus1,16.2,22.1,1
bonus1,16.2,22.2,1
bonus1,16.2,23.7,2
bonus1,16.2,24,1
bonus1,16.2,25.1,1
bonus1,16.2,25.2,1
bonus1,16.2,25.8,1
bonus1,16.2,25.9,2
bonus1,16.2,28.4,1
bonus1,16.2,30.1,1
bonus1,16.2,30.4,1
bonus1,16.2,30.5,1
bonus1,16.2,31.6,1
bonus1,16.2,31.9,1
bonus1,16.2,32.8,2
bonus1,16.2,34.2,1
bonus1,16.2,34.4,1
bonus1,16.2,35.7,1
bonus1,16.2,36.9,1
bonus1,16.2,38.7,1
bonus1,16.2,39.3,1
bonus1,16.2,40.1,1
bonus1,16.2,40.3,1
bonus1,16.2,40.7,1
bonus1,16.2,40.8,2
bonus1,16.2,41.2,1
bonus1,16.2,42.9,1
bonus1,16.2,44.6,1
bonus1,16.2,49.8,1
bonus1,16.2,50.2,1
bonus1,16.2,50.6,1
bonus1,16.2,50.8,1
bonus1,16.2,51.3,2
bonus1,16.2,52.2,1
bonus1,16.2,53.6,1
bonus1,16.2,54.5,1
bonus1,16.2,54.7,1
bonus1,16.2,55.2,1
bonus1,16.2,56.4,1
bonus1,16.2,56.5,1
bonus1,16.2,57.7,1
bonus1,16.2,59.2,1
bonus1,16.2,60.8,1
bonus1,16.2,61.2,1
bonus1,16.2,61.8,1
bonus1,16.2,61.9,1
bonus1,16.2,62.1,1
bonus1,16.2,62.8,1
bonus1,16.2,63,1
bonus1,16.2,63.7,1
bonus1,16.2,64.7,1
bonus1,16.2,65.5,1
bonus1,16.2,65.8,1
bonus1,16.2,67.5,1
bonus1,16.2,68.1,1
bonus1,16.2,68.4,1
bonus1,16.2,68.8,1
bonus1,16.2,69.7,1
bonus1,16.2,70.1,1
bonus1,16.2,71,1
bonus1,16.2,71.6,1
bonus1,16.2,73.1,1
bonus1,16.2,73.6,1
bonus1,16.2,74.1,1
bonus1,16.2,74.9,1
bonus1,16.2,75.6,1
bonus1,16.2,76.3,1
bonus1,16.2,76.4,1
bonus1,16.2,76.5,1
bonus1,16.2,79.6,1
bonus1,16.2,80,1
bonus1,16.2,81.8,1
bonus1,16.2,83.2,1
bonus1,16.2,83.6,1
bonus1,16.2,84.2,1
bonus1,16.2,84.7,1
bonus1,16.2,85,1
bonus1,16.2,86.1,1
bonus1,16.2,86.6,1
bonus1,16.2,87.8,1
bonus1,16.2,87.9,1
bonus1,16.2,88,2
bonus1,16.2,90.2,1
bonus1,16.2,90.6,1
bonus1,16.2,90.7,1
bonus1,16.2,92,1
bonus1,16.2,92.3,1
bonus1,16.2,92.6,1
bonus1,16.2,93.2,1
bonus1,16.2,96.8,1
bonus1,18.1,0.6,1
bonus1,18.1,2.1,1
bonus1,18.1,2.6,2
bonus1,18.1,3.3,3
bonus1,18.1,4,1
bonus1,18.1,4.1,1
bonus1,18.1,4.3,1
bonus1,18.1,4.4,1
bonus1,18.1,4.5,1
bonus1,18.1,4.6,1
bonus1,18.1,4.9,1
bonus1,18.1,5.5,1
bonus1,18.1,6.2,1
bonus1,18.1,6.4,1
bonus1,18.1,6.6,1
bonus1,18.1,7.4,1
bonus1,18.1,8.4,1
bonus1,18.1,8.8,1
bonus1,18.1,8.9,2
bonus1,18.1,9.2,1
bonus1,18.1,9.5,1
bonus1,18.1,9.7,1
bonus1,18.1,9.8,1
bonus1,18.1,10,1
bonus1,18.1,10.5,1
bonus1,18.1,10.7,1
bonus1,18.1,12.4,1
bonus1,18.1,12.6,1
bonus1,18.1,13.2,1
bonus1,18.1,13.5,1
bonus1,18.1,14.4,1
bonus1,18.1,14.6,1
bonus1,18.1,14.7,1
bonus1,18.1,14.8,1
bonus1,18.1,15.2,1
bonus1,18.1,15.6,1
bonus1,18.1,15.7,1
bonus1,18.1,16.1,1
bonus1,18.1,16.4,1
bonus1,18.1,16.7,1
bonus1,18.1,17,2
bonus1,18.1,17.1,1
bonus1,18.1,17.8,1
bonus1,18.1,17.9,2
bonus1,18.1,19.3,1
bonus1,18.1,20.2,2
bonus1,18.1,20.9,1
bonus1,18.1,21.3,1
bonus1,18.1,22.2,1
bonus1,18.1,22.3,1
bonus1,18.1,22.5,1
bonus1,18.1,22.7,1
bonus1,18.1,23,1
bonus1,18.1,23.6,1
bonus1,18.1,24.3,1
bonus1,18.1,24.9,1
bonus1,18.1,26.1,1
bonus1,18.1,26.8,1
bonus1,18.1,26.9,1
bonus1,18.1,27,1
bonus1,18.1,27.2,1
bonus1,18.1,27.4,1
bonus1,18.1,27.5,1
bonus1,18.1,27.8,1
bonus1,18.1,28.7,1
bonus1,18.1,28.8,1
bonus1,18.1,29.8,2
bonus1,18.1,30.2,1
bonus1,18.1,30.6,2
bonus1,18.1,30.7,1
bonus1,18.1,31.3,1
bonus1,18.1,32.4,1
bonus1,18.1,32.8,2
bonus1,18.1,33.1,1
bonus1,18.1,33.3,2
bonus1,18.1,34.2,2
bonus1,18.1,34.3,1
bonus1,18.1,34.4,1
bonus1,18.1,35.1,1
bonus1,18.1,35.9,1
bonus1,18.1,36.3,1
bonus1,18.1,37.2,1
bonus1,18.1,37.4,1
bonus1,18.1,38,1
bonus1,18.1,38.8,1
bonus1,18.1,39,1
bonus1,18.1,40.6,1
bonus1,18.1,40.9,1
bonus1,18.1,41.7,1
bonus1,18.1,41.9,1
bonus1,18.1,42,1
bonus1,18.1,43.3,1
bonus1,18.1,43.4,1
bonus1,18.1,43.9,1
bonus1,18.1,44.3,1
bonus1,18.1,44.4,1
bonus1,18.1,44.5,1
bonus1,18.1,44.6,1
bonus1,18.1,44.7,1
bonus1,18.1,45.6,1
bonus1,18.1,46.5,1
bonus1,18.1,46.6,1
bonus1,18.1,46.8,1
bonus1,18.1,47.1,2
bonus1,18.1,47.3,1
bonus1,18.1,47.6,1
bonus1,18.1,47.7,1
bonus1,18.1,47.8,1
bonus1,18.1,48.3,1
bonus1,18.1,48.4,1
bonus1,18.1,49.3,1
bonus1,18.1,50.2,1
bonus1,18.1,50.4,1
bonus1,18.1,50.5,1
bonus1,18.1,50.7,1
bonus1,18.1,50.8,1
bonus1,18.1,51.5,1
bonus1,18.1,51.8,2
bonus1,18.1,52.2,1
bonus1,18.1,53.1,1
bonus1,18.1,54.1,1
bonus1,18.1,54.7,1
bonus1,18.1,54.8,2
bonus1,18.1,55.2,1
bonus1,18.1,55.5,1
bonus1,18.1,55.7,1
bonus1,18.1,55.9,1
bonus1,18.1,56,2
bonus1,18.1,56.5,1
bonus1,18.1,56.9,1
bonus1,18.1,57.5,1
bonus1,18.1,57.6,1
bonus1,18.1,57.8,1
bonus1,18.1,58.7,1
bonus1,18.1,59.3,1
bonus1,18.1,59.9,1
bonus1,18.1,60,1
bonus1,18.1,61.3,1
bonus1,18.1,61.8,1
bonus1,18.1,62.5,1
bonus1,18.1,62.8,1
bonus1,18.1,63.6,1
bonus1,18.1,64.7,1
bonus1,18.1,65.5,1
bonus1,18.1,65.7,1
bonus1,18.1,67.3,1
bonus1,18.1,67.8,1
bonus1,18.1,68.3,1
bonus1,18.1,68.7,1
bonus1,18.1,68.8,1
bonus1,18.1,68.9,1
bonus1,18.1,69.1,1
bonus1,18.1,69.3,1
bonus1,18.1,69.6,1
bonus1,18.1,70.4,1
bonus1,18.1,70.9,1
bonus1,18.1,71.1,1
bonus1,18.1,71.3,1
bonus1,18.1,71.6,1
bonus1,18.1,72.1,1
bonus1,18.1,72.5,1
bonus1,18.1,72.9,1
bonus1,18.1,73.2,1
bonus1,18.1,73.5,1
bonus1,18.1,74.1,1
bonus1,18.1,75,2
bonus1,18.1,75.1,1
bonus1,18.1,76,1
bonus1,18.1,76.4,1
bonus1,18.1,76.5,1
bonus1,18.1,76.6,1
bonus1,18.1,76.9,1
bonus1,18.1,77.1,1
bonus1,18.1,78.8,1
bonus1,18.1,78.9,1
bonus1,18.1,80.3,1
bonus1,18.1,80.7,1
bonus1,18.1,80.8,1
bonus1,18.1,81,1
bonus1,18.1,81.3,2
bonus1,18.1,81.5,1
bonus1,18.1,81.6,1
bonus1,18.1,81.9,1
bonus1,18.1,82,1
bonus1,18.1,82.5,1
bonus1,18.1,83.2,1
bonus1,18.1,83.3,1
bonus1,18.1,84.1,1
bonus1,18.1,84.6,3
bonus1,18.1,84.9,1
bonus1,18.1,85.1,1
bonus1,18.1,85.5,1
bonus1,18.1,85.9,1
bonus1,18.1,86.6,1
bonus1,18.1,86.8,1
bonus1,18.1,87.7,1
bonus1,18.1,88.4,1
bonus1,18.1,89.3,1
bonus1,18.1,89.7,1
bonus1,18.1,89.8,1
bonus1,18.1,90.2,1
bonus1,18.1,90.4,1
bonus1,18.1,91.5,2
bonus1,18.1,91.8,1
bonus1,18.1,92.9,1
bonus1,18.1,93.3,1
bonus1,18.1,94.1,1
bonus1,18.1,94.4,1
bonus1,18.1,94.5,1
bonus1,18.1,95.3,1
bonus1,18.1,96.1,1
bonus1,18.1,96.2,1
bonus1,18.1,97.8,1
bonus1,18.1,98.2,1
bonus1,18.1,99.6,1
bonus1,18.1,99.7,1
bonus1,20.3,0.2,1
bonus1,20.3,0.3,2
bonus1,20.3,1,1
bonus1,20.3,1.4,1
bonus1,20.3,2.4,1
bonus1,20.3,2.5,1
bonus1,20.3,2.6,1
bonus1,20.3,2.8,1
bonus1,20.3,3.2,1
bonus1,20.3,5.5,1
bonus1,20.3,5.8,1
bonus1,20.3,6.5,1
bonus1,20.3,6.8,1
bonus1,20.3,7,1
bonus1,20.3,7.1,1
bonus1,20.3,7.3,1
bonus1,20.3,7.8,1
bonus1,20.3,8.5,2
bonus1,20.3,9.4,1
bonus1,20.3,9.7,1
bonus1,20.3,10.6,1
bonus1,20.3,11.2,1
bonus1,20.3,11.4,1
bonus1,20.3,11.9,1
bonus1,20.3,12.2,1
bonus1,20.3,12.4,1
bonus1,20.3,12.5,1
bonus1,20.3,13.2,1
bonus1,20.3,14.5,1
bonus1,20.3,15.3,1
bonus1,20.3,15.5,1
bonus1,20.3,15.7,1
bonus1,20.3,16.1,1
bonus1,20.3,17.2,1
bonus1,20.3,17.5,1
bonus1,20.3,17.7,1
bonus1,20.3,18.1,1
bonus1,20.3,18.4,1
bonus1,20.3,19.7,1
bonus1,20.3,20.3,1
bonus1,20.3,21.3,1
bonus1,20.3,21.4,1
bonus1,20.3,24,1
bonus1,20.3,24.2,2
bonus1,20.3,24.6,1
bonus1,20.3,25.1,1
bonus1,20.3,25.7,1
bonus1,20.3,26.3,1
bonus1,20.3,26.4,1
bonus1,20.3,26.5,1
bonus1,20.3,26.7,1
bonus1,20.3,27.4,1
bonus1,20.3,27.8,3
bonus1,20.3,28.2,1
bonus1,20.3,28.7,1
bonus1,20.3,29.1,1
bonus1,20.3,29.3,1
bonus1,20.3,29.7,1
bonus1,20.3,29.9,1
bonus1,20.3,30.1,2
bonus1,20.3,30.2,1
bonus1,20.3,30.7,1
bonus1,20.3,30.8,1
bonus1,20.3,31.9,1
bonus1,20.3,32.7,1
bonus1,20.3,33.2,2
bonus1,20.3,33.7,1
bonus1,20.3,34.4,1
bonus1,20.3,34.8,1
bonus1,20.3,35,1
bonus1,20.3,36.7,1
bonus1,20.3,37.4,1
bonus1,20.3,37.6,1
bonus1,20.3,38.4,1
bonus1,20.3,38.7,1
bonus1,20.3,39.1,1
bonus1,20.3,40,1
bonus1,20.3,40.3,1
bonus1,20.3,40.5,1
bonus1,20.3,42.1,1
bonus1,20.3,42.2,3
bonus1,20.3,44.2,1
bonus1,20.3,45.3,1
bonus1,20.3,45.9,1
bonus1,20.3,46,1
bonus1,20.3,48,1
bonus1,20.3,48.1,1
bonus1,20.3,49.8,1
bonus1,20.3,50.5,2
bonus1,20.3,51,1
bonus1,20.3,52.1,1
bonus1,20.3,52.2,1
bonus1,20.3,52.6,2
bonus1,20.3,52.8,1
bonus1,20.3,53.1,1
bonus1,20.3,53.5,2
bonus1,20.3,53.7,1
bonus1,20.3,57.9,1
bonus1,20.3,58.4,1
bonus1,20.3,58.7,1
bonus1,20.3,59.6,3
bonus1,20.3,60.1,1
bonus1,20.3,62.3,1
bonus1,20.3,63.2,1
bonus1,20.3,64.2,1
bonus1,20.3,64.6,1
bonus1,20.3,65,1
bonus1,20.3,65.2,1
bonus1,20.3,65.7,1
bonus1,20.3,66,1
bonus1,20.3,66.5,1
bonus1,20.3,66.9,1
bonus1,20.3,67.7,2
bonus1,20.3,67.9,1
bonus1,20.3,68.4,1
bonus1,20.3,69.3,1
bonus1,20.3,69.9,1
bonus1,20.3,70.6,1
bonus1,20.3,70.9,1
bonus1,20.3,71.1,1
bonus1,20.3,71.4,1
bonus1,20.3,72.4,1
bonus1,20.3,73.5,1
bonus1,20.3,74,2
bonus1,20.3,74.4,1
bonus1,20.3,76.2,2
bonus1,20.3,76.7,1
bonus1,20.3,77,1
bonus1,20.3,77.9,1
bonus1,20.3,78,1
bonus1,20.3,78.2,1
bonus1,20.3,78.4,1
bonus1,20.3,79.9,1
bonus1,20.3,80.3,2
bonus1,20.3,80.4,1
bonus1,20.3,80.9,1
bonus1,20.3,82.8,1
bonus1,20.3,84.5,1
bonus1,20.3,85.4,1
bonus1,20.3,86.7,2
bonus1,20.3,87.2,1
bonus1,20.3,88.6,1
bonus1,20.3,88.8,1
bonus1,20.3,89.7,1
bonus1,20.3,89.9,1
bonus1,20.3,90,1
bonus1,20.3,91.2,1
bonus1,20.3,91.8,1
bonus1,20.3,93,1
bonus1,20.3,93.1,1
bonus1,20.3,94.8,1
bonus1,20.3,95,1
bonus1,20.3,97.1,1
bonus1,20.3,99.4,1
bonus1,22.8,1.3,1
bonus1,22.8,1.5,1
bonus1,22.8,1.9,1
bonus1,22.8,2.1,1
bonus1,22.8,2.2,1
bonus1,22.8,3.5,1
bonus1,22.8,3.6,1
bonus1,22.8,3.7,1
bonus1,22.8,3.8,1
bonus1,22.8,4,2
bonus1,22.8,4.4,1
bonus1,22.8,4.8,1
bonus1,22.8,5.2,2
bonus1,22.8,6,1
bonus1,22.8,6.1,1
bonus1,22.8,6.3,1
bonus1,22.8,6.4,1
bonus1,22.8,6.9,1
bonus1,22.8,7,1
bonus1,22.8,7.9,2
bonus1,22.8,8,1
bonus1,22.8,8.3,1
bonus1,22.8,8.6,2
bonus1,22.8,9.1,1
bonus1,22.8,9.4,2
bonus1,22.8,9.6,1
bonus1,22.8,9.9,1
bonus1,22.8,10.1,1
bonus1,22.8,10.3,1
bonus1,22.8,10.6,1
bonus1,22.8,10.7,1
bonus1,22.8,10.8,1
bonus1,22.8,11,1
bonus1,22.8,11.3,2
bonus1,22.8,11.4,1
bonus1,22.8,11.9,1
bonus1,22.8,12.5,1
bonus1,22.8,12.7,1
bonus1,22.8,13,1
bonus1,22.8,13.4,1
bonus1,22.8,13.5,1
bonus1,22.8,13.6,1
bonus1,22.8,13.8,1
bonus1,22.8,14,1
bonus1,22.8,14.1,1
bonus1,22.8,14.2,1
bonus1,22.8,14.5,2
bonus1,22.8,14.9,1
bonus1,22.8,15.4,1
bonus1,22.8,15.7,1
bonus1,22.8,16.7,1
bonus1,22.8,16.9,1
bonus1,22.8,17.1,1
bonus1,22.8,17.5,1
bonus1,22.8,17.6,2
bonus1,22.8,17.8,2
bonus1,22.8,18,1
bonus1,22.8,19.2,1
bonus1,22.8,19.9,2
bonus1,22.8,20,1
bonus1,22.8,20.1,1
bonus1,22.8,20.6,1
bonus1,22.8,20.8,1
bonus1,22.8,20.9,1
bonus1,22.8,21.1,1
bonus1,22.8,21.3,1
bonus1,22.8,21.5,1
bonus1,22.8,21.6,1
bonus1,22.8,22.1,2
bonus1,22.8,22.6,1
bonus1,22.8,23.1,1
bonus1,22.8,23.2,1
bonus1,22.8,23.3,1
bonus1,22.8,23.7,1
bonus1,22.8,23.9,1
bonus1,22.8,24.2,1
bonus1,22.8,24.9,1
bonus1,22.8,26.8,1
bonus1,22.8,27.5,1
bonus1,22.8,27.7,1
bonus1,22.8,28.5,1
bonus1,22.8,29.1,1
bonus1,22.8,29.5,1
bonus1,22.8,30.7,1
bonus1,22.8,31.1,1
bonus1,22.8,31.3,1
bonus1,22.8,31.4,1
bonus1,22.8,31.5,1
bonus1,22.8,31.7,2
bonus1,22.8,31.8,1
bonus1,22.8,31.9,1
bonus1,22.8,32.2,1
bonus1,22.8,32.4,1
bonus1,22.8,32.8,1
bonus1,22.8,33.3,1
bonus1,22.8,33.6,1
bonus1,22.8,34.7,1
bonus1,22.8,35.6,1
bonus1,22.8,35.8,1
bonus1,22.8,35.9,1
bonus1,22.8,36.1,1
bonus1,22.8,36.2,1
bonus1,22.8,36.5,1
bonus1,22.8,37.6,1
bonus1,22.8,38,1
bonus1,22.8,38.2,3
bonus1,22.8,38.3,1
bonus1,22.8,38.5,2
bonus1,22.8,38.8,1
bonus1,22.8,39.2,1
bonus1,22.8,39.3,1
bonus1,22.8,39.4,1
bonus1,22.8,39.8,1
bonus1,22.8,40.1,2
bonus1,22.8,40.9,1
bonus1,22.8,41,1
bonus1,22.8,41.1,1
bonus1,22.8,41.2,1
bonus1,22.8,42,1
bonus1,22.8,42.4,1
bonus1,22.8,43.1,1
bonus1,22.8,43.4,1
bonus1,22.8,43.5,1
bonus1,22.8,43.9,1
bonus1,22.8,44.5,2
bonus1,22.8,44.6,1
bonus1,22.8,44.8,1
bonus1,22.8,45,2
bonus1,22.8,45.2,1
bonus1,22.8,46.1,1
bonus1,22.8,46.5,2
bonus1,22.8,46.6,1
bonus1,22.8,46.8,1
bonus1,22.8,47.1,1
bonus1,22.8,48,1
bonus1,22.8,48.5,1
bonus1,22.8,49.1,1
bonus1,22.8,49.7,1
bonus1,22.8,50.5,1
bonus1,22.8,50.7,1
bonus1,22.8,50.9,1
bonus1,22.8,52,1
bonus1,22.8,52.4,1
bonus1,22.8,52.5,1
bonus1,22.8,52.8,1
bonus1,22.8,53,1
bonus1,22.8,53.1,1
bonus1,22.8,53.5,1
bonus1,22.8,53.8,2
bonus1,22.8,54.4,1
bonus1,22.8,54.6,1
bonus1,22.8,54.7,1
bonus1,22.8,55.8,1
bonus1,22.8,56,1
bonus1,22.8,56.3,1
bonus1,22.8,56.4,2
bonus1,22.8,56.5,1
bonus1,22.8,56.6,1
bonus1,22.8,56.7,1
bonus1,22.8,56.8,1
bonus1,22.8,57.1,1
bonus1,22.8,57.2,1
bonus1,22.8,58,1
bonus1,22.8,58.1,1
bonus1,22.8,58.5,1
bonus1,22.8,59.1,1
bonus1,22.8,59.3,1
bonus1,22.8,59.7,1
bonus1,22.8,60.2,1
bonus1,22.8,60.5,1
bonus1,22.8,60.6,1
bonus1,22.8,60.7,1
bonus1,22.8,60.8,1
bonus1,22.8,60.9,2
bonus1,22.8,61.4,1
bonus1,22.8,61.5,1
bonus1,22.8,62.2,2
bonus1,22.8,62.4,1
bonus1,22.8,62.6,1
bonus1,22.8,63.4,1
bonus1,22.8,64.2,1
bonus1,22.8,64.4,1
bonus1,22.8,64.6,1
bonus1,22.8,64.8,1
bonus1,22.8,65,1
bonus1,22.8,66,1
bonus1,22.8,66.1,1
bonus1,22.8,66.4,3
bonus1,22.8,67.2,1
bonus1,22.8,67.5,1
bonus1,22.8,68.2,1
bonus1,22.8,68.4,1
bonus1,22.8,68.7,1
bonus1,22.8,69.5,1
bonus1,22.8,70.5,1
bonus1,22.8,70.7,1
bonus1,22.8,70.8,1
bonus1,22.8,70.9,1
bonus1,22.8,71.2,1
bonus1,22.8,71.3,1
bonus1,22.8,71.7,1
bonus1,22.8,71.9,1
bonus1,22.8,72,3
bonus1,22.8,72.2,1
bonus1,22.8,72.7,1
bonus1,22.8,72.8,1
bonus1,22.8,73.2,1
bonus1,22.8,73.3,1
bonus1,22.8,73.4,2
bonus1,22.8,73.7,2
bonus1,22.8,74.3,2
bonus1,22.8,74.9,1
bonus1,22.8,75.3,1
bonus1,22.8,75.4,1
bonus1,22.8,75.5,1
bonus1,22.8,75.7,1
bonus1,22.8,76.1,1
bonus1,22.8,76.2,1
bonus1,22.8,77.2,1
bonus1,22.8,77.5,1
bonus1,22.8,78.2,1
bonus1,22.8,78.7,1
bonus1,22.8,78.8,1
bonus1,22.8,79.7,1
bonus1,22.8,80,1
bonus1,22.8,81.1,1
bonus1,22.8,82.1,1
bonus1,22.8,82.2,1
bonus1,22.8,82.4,1
bonus1,22.8,82.6,1
bonus1,22.8,82.7,1
bonus1,22.8,83.5,1
bonus1,22.8,84.5,1
bonus1,22.8,85.7,1
bonus1,22.8,85.8,2
bonus1,22.8,86.7,1
bonus1,22.8,87.2,1
bonus1,22.8,87.4,1
bonus1,22.8,87.9,1
bonus1,22.8,88.1,1
bonus1,22.8,89,1
bonus1,22.8,89.1,1
bonus1,22.8,89.4,2
bonus1,22.8,90.3,1
bonus1,22.8,90.6,2
bonus1,22.8,91.2,1
bonus1,22.8,91.3,1
bonus1,22.8,93.6,1
bonus1,22.8,93.7,1
bonus1,22.8,93.8,1
bonus1,22.8,94.8,1
bonus1,22.8,95,1
bonus1,22.8,95.2,1
bonus1,22.8,96.8,1
bonus1,22.8,96.9,1
bonus1,22.8,97.4,1
bonus1,25.4,0.1,1
bonus1,25.4,0.2,1
bonus1,25.4,0.9,1
bonus1,25.4,1.3,1
bonus1,25.4,1.6,2
bonus1,25.4,1.8,1
bonus1,25.4,3.2,1
bonus1,25.4,4.1,1
bonus1,25.4,4.3,1
bonus1,25.4,5.1,1
bonus1,25.4,5.6,1
bonus1,25.4,6.6,1
bonus1,25.4,7.3,1
bonus1,25.4,7.6,1
bonus1,25.4,8.4,1
bonus1,25.4,9.5,1
bonus1,25.4,9.8,1
bonus1,25.4,11,1
bonus1,25.4,11.6,1
bonus1,25.4,12.3,1
bonus1,25.4,12.6,1
bonus1,25.4,14,1
bonus1,25.4,14.5,1
bonus1,25.4,14.6,1
bonus1,25.4,15.5,1
bonus1,25.4,15.9,1
bonus1,25.4,16.6,1
bonus1,25.4,17.7,1
bonus1,25.4,18.1,1
bonus1,25.4,18.2,1
bonus1,25.4,18.6,1
bonus1,25.4,18.8,2
bonus1,25.4,19.2,1
bonus1,25.4,20.4,1
bonus1,25.4,21.1,2
bonus1,25.4,21.9,1
bonus1,25.4,22,1
bonus1,25.4,22.2,1
bonus1,25.4,22.3,1
bonus1,25.4,22.6,1
bonus1,25.4,22.8,1
bonus1,25.4,22.9,1
bonus1,25.4,23.3,1
bonus1,25.4,23.6,1
bonus1,25.4,23.7,1
bonus1,25.4,24.3,1
bonus1,25.4,24.9,1
bonus1,25.4,25,2
bonus1,25.4,25.9,1
bonus1,25.4,26.1,1
bonus1,25.4,27.7,1
bonus1,25.4,28.1,1
bonus1,25.4,29.1,2
bonus1,25.4,29.2,1
bonus1,25.4,29.5,1
bonus1,25.4,29.8,1
bonus1,25.4,30.8,1
bonus1,25.4,30.9,1
bonus1,25.4,31.2,1
bonus1,25.4,32,1
bonus1,25.4,32.4,1
bonus1,25.4,32.6,1
bonus1,25.4,32.9,1
bonus1,25.4,33.3,1
bonus1,25.4,33.5,1
bonus1,25.4,34.1,1
bonus1,25.4,34.6,1
bonus1,25.4,35,1
bonus1,25.4,35.8,1
bonus1,25.4,35.9,1
bonus1,25.4,36.1,1
bonus1,25.4,36.2,1
bonus1,25.4,36.5,1
bonus1,25.4,36.8,1
bonus1,25.4,37.8,1
bonus1,25.4,37.9,1
bonus1,25.4,38.2,1
bonus1,25.4,39.3,2
bonus1,25.4,39.4,1
bonus1,25.4,39.6,1
bonus1,25.4,39.7,1
bonus1,25.4,39.8,1
bonus1,25.4,40.2,1
bonus1,25.4,40.5,1
bonus1,25.4,41.5,1
bonus1,25.4,42.5,1
bonus1,25.4,42.8,1
bonus1,25.4,42.9,2
bonus1,25.4,43.2,1
bonus1,25.4,43.3,1
bonus1,25.4,43.4,2
bonus1,25.4,43.8,1
bonus1,25.4,44.6,1
bonus1,25.4,45.3,1
bonus1,25.4,45.7,1
bonus1,25.4,45.8,1
bonus1,25.4,47.9,1
bonus1,25.4,48.4,1
bonus1,25.4,48.6,1
bonus1,25.4,48.9,1
bonus1,25.4,49.2,1
bonus1,25.4,51,1
bonus1,25.4,51.1,1
bonus1,25.4,51.3,1
bonus1,25.4,51.7,2
bonus1,25.4,52.1,1
bonus1,25.4,52.2,1
bonus1,25.4,52.7,1
bonus1,25.4,53.9,1
bonus1,25.4,54,1
bonus1,25.4,54.1,1
bonus1,25.4,54.3,1
bonus1,25.4,54.6,1
bonus1,25.4,55.1,1
bonus1,25.4,56.2,1
bonus1,25.4,56.9,1
bonus1,25.4,57.2,1
bonus1,25.4,57.4,1
bonus1,25.4,57.5,1
bonus1,25.4,57.6,1
bonus1,25.4,58.3,1
bonus1,25.4,58.4,1
bonus1,25.4,59,1
bonus1,25.4,59.1,1
bonus1,25.4,59.9,2
bonus1,25.4,60,1
bonus1,25.4,60.6,1
bonus1,25.4,61.6,1
bonus1,25.4,62.1,1
bonus1,25.4,62.2,2
bonus1,25.4,62.5,1
bonus1,25.4,62.9,2
bonus1,25.4,63,2
bonus1,25.4,63.5,1
bonus1,25.4,63.9,2
bonus1,25.4,64.1,1
bonus1,25.4,64.5,1
bonus1,25.4,65.3,1
bonus1,25.4,65.5,1
bonus1,25.4,65.7,1
bonus1,25.4,66.1,1
bonus1,25.4,66.2,1
bonus1,25.4,66.3,1
bonus1,25.4,67.3,1
bonus1,25.4,68,1
bonus1,25.4,68.6,1
bonus1,25.4,69.1,1
bonus1,25.4,69.3,1
bonus1,25.4,70.2,1
bonus1,25.4,70.6,1
bonus1,25.4,72.1,1
bonus1,25.4,73.2,1
bonus1,25.4,74.2,1
bonus1,25.4,76.6,1
bonus1,25.4,78.6,1
bonus1,25.4,78.7,1
bonus1,25.4,79.1,1
bonus1,25.4,79.5,1
bonus1,25.4,80,1
bonus1,25.4,80.5,1
bonus1,25.4,80.6,1
bonus1,25.4,81.3,1
bonus1,25.4,81.8,1
bonus1,25.4,82.4,1
bonus1,25.4,83.2,1
bonus1,25.4,84.2,1
bonus1,25.4,85.6,1
bonus1,25.4,86.9,1
bonus1,25.4,87.2,1
bonus1,25.4,89,1
bonus1,25.4,89.5,3
bonus1,25.4,89.8,1
bonus1,25.4,90.2,2
bonus1,25.4,90.8,1
bonus1,25.4,92.5,1
bonus1,25.4,92.7,1
bonus1,25.4,92.9,1
bonus1,25.4,93.1,1
bonus1,25.4,93.8,1
bonus1,25.4,94.1,1
bonus1,25.4,96.6,1
bonus1,25.4,97.8,1
bonus1,28.3,0.2,1
bonus1,28.3,0.5,1
bonus1,28.3,0.7,1
bonus1,28.3,0.9,2
bonus1,28.3,1.2,1
bonus1,28.3,1.5,1
bonus1,28.3,2.1,1
bonus1,28.3,3.3,1
bonus1,28.3,3.4,1
bonus1,28.3,3.9,1
bonus1,28.3,4,2
bonus1,28.3,4.5,2
bonus1,28.3,4.9,1
bonus1,28.3,5.2,1
bonus1,28.3,5.3,1
bonus1,28.3,5.6,1
bonus1,28.3,6.1,3
bonus1,28.3,6.2,1
bonus1,28.3,6.8,1
bonus1,28.3,7.4,1
bonus1,28.3,7.5,1
bonus1,28.3,7.9,2
bonus1,28.3,8.1,1
bonus1,28.3,8.3,1
bonus1,28.3,8.4,1
bonus1,28.3,8.6,1
bonus1,28.3,8.8,1
bonus1,28.3,9,1
bonus1,28.3,9.1,1
bonus1,28.3,9.3,2
bonus1,28.3,9.8,1
bonus1,28.3,9.9,1
bonus1,28.3,10.8,2
bonus1,28.3,11.1,1
bonus1,28.3,11.2,2
bonus1,28.3,11.3,2
bonus1,28.3,11.7,2
bonus1,28.3,11.8,1
bonus1,28.3,11.9,1
bonus1,28.3,12.1,1
bonus1,28.3,12.3,2
bonus1,28.3,12.4,1
bonus1,28.3,12.5,1
bonus1,28.3,12.6,1
bonus1,28.3,13.4,1
bonus1,28.3,13.6,1
bonus1,28.3,14,1
bonus1,28.3,14.1,1
bonus1,28.3,14.2,1
bonus1,28.3,14.6,1
bonus1,28.3,14.8,1
bonus1,28.3,15.1,1
bonus1,28.3,15.2,1
bonus1,28.3,15.3,1
bonus1,28.3,15.6,3
bonus1,28.3,16.1,1
bonus1,28.3,16.2,1
bonus1,28.3,16.3,2
bonus1,28.3,16.6,1
bonus1,28.3,16.7,1
bonus1,28.3,17.2,1
bonus1,28.3,17.4,1
bonus1,28.3,18,1
bonus1,28.3,18.1,1
bonus1,28.3,18.4,3
bonus1,28.3,18.5,2
bonus1,28.3,18.8,1
bonus1,28.3,19,2
bonus1,28.3,19.3,1
bonus1,28.3,19.6,1
bonus1,28.3,20,1
bonus1,28.3,20.1,1
bonus1,28.3,20.2,1
bonus1,28.3,20.6,1
bonus1,28.3,20.7,1
bonus1,28.3,20.9,2
bonus1,28.3,21,2
bonus1,28.3,21.2,1
bonus1,28.3,21.4,1
bonus1,28.3,21.5,1
bonus1,28.3,22.1,1
bonus1,28.3,22.9,2
bonus1,28.3,23,1
bonus1,28.3,23.6,1
bonus1,28.3,23.7,1
bonus1,28.3,24.3,1
bonus1,28.3,24.5,1
bonus1,28.3,25,1
bonus1,28.3,25.2,1
bonus1,28.3,25.6,1
bonus1,28.3,25.8,2
bonus1,28.3,26,1
bonus1,28.3,26.1,1
bonus1,28.3,26.3,1
bonus1,28.3,26.6,1
bonus1,28.3,26.9,1
bonus1,28.3,27,1
bonus1,28.3,27.2,2
bonus1,28.3,28.1,1
bonus1,28.3,28.3,1
bonus1,28.3,28.5,2
bonus1,28.3,28.9,1
bonus1,28.3,29.7,1
bonus1,28.3,29.9,1
bonus1,28.3,30.3,2
bonus1,28.3,30.5,1
bonus1,28.3,30.9,2
bonus1,28.3,31.1,1
bonus1,28.3,31.2,2
bonus1,28.3,32,1
bonus1,28.3,32.7,1
bonus1,28.3,33.5,1
bonus1,28.3,33.8,2
bonus1,28.3,34.2,1
bonus1,28.3,34.4,1
bonus1,28.3,34.9,1
bonus1,28.3,35.1,3
bonus1,28.3,35.6,1
bonus1,28.3,36.2,1
bonus1,28.3,36.8,1
bonus1,28.3,37,1
bonus1,28.3,37.8,1
bonus1,28.3,38.6,1
bonus1,28.3,39.4,2
bonus1,28.3,39.7,1
bonus1,28.3,39.8,1
bonus1,28.3,40.2,2
bonus1,28.3,40.3,1
bonus1,28.3,40.4,1
bonus1,28.3,41,1
bonus1,28.3,41.3,1
bonus1,28.3,41.4,1
bonus1,28.3,41.7,1
bonus1,28.3,41.8,1
bonus1,28.3,42.3,1
bonus1,28.3,42.7,1
bonus1,28.3,43,1
bonus1,28.3,43.5,1
bonus1,28.3,43.8,1
bonus1,28.3,43.9,1
bonus1,28.3,44.1,2
bonus1,28.3,44.2,1
bonus1,28.3,44.3,1
bonus1,28.3,44.6,1
bonus1,28.3,45.2,1
bonus1,28.3,45.3,1
bonus1,28.3,45.5,1
bonus1,28.3,46,1
bonus1,28.3,46.1,1
bonus1,28.3,46.5,1
bonus1,28.3,46.7,1
bonus1,28.3,46.8,1
bonus1,28.3,46.9,1
bonus1,28.3,47.3,1
bonus1,28.3,47.7,1
bonus1,28.3,48.7,1
bonus1,28.3,48.8,1
bonus1,28.3,49,1
bonus1,28.3,49.7,2
bonus1,28.3,50.4,1
bonus1,28.3,50.7,2
bonus1,28.3,51.7,2
bonus1,28.3,52.2,1
bonus1,28.3,52.3,2
bonus1,28.3,52.8,1
bonus1,28.3,53,1
bonus1,28.3,53.3,1
bonus1,28.3,53.5,2
bonus1,28.3,53.9,1
bonus1,28.3,54,1
bonus1,28.3,55.2,1
bonus1,28.3,55.6,1
bonus1,28.3,55.9,1
bonus1,28.3,56.1,1
bonus1,28.3,56.2,2
bonus1,28.3,56.3,2
bonus1,28.3,56.5,1
bonus1,28.3,56.6,1
bonus1,28.3,56.9,1
bonus1,28.3,57.5,1
bonus1,28.3,57.6,1
bonus1,28.3,57.8,1
bonus1,28.3,57.9,2
bonus1,28.3,58,1
bonus1,28.3,58.8,1
bonus1,28.3,59.1,1
bonus1,28.3,59.3,1
bonus1,28.3,59.5,1
bonus1,28.3,59.9,1
bonus1,28.3,60,2
bonus1,28.3,60.4,1
bonus1,28.3,60.8,1
bonus1,28.3,61.1,1
bonus1,28.3,62.1,1
bonus1,28.3,62.4,2
bonus1,28.3,63,1
bonus1,28.3,63.7,1
bonus1,28.3,63.8,1
bonus1,28.3,64.9,2
bonus1,28.3,65.3,1
bonus1,28.3,65.4,1
bonus1,28.3,65.6,2
bonus1,28.3,66,1
bonus1,28.3,66.1,1
bonus1,28.3,67.1,1
bonus1,28.3,67.2,1
bonus1,28.3,68.1,2
bonus1,28.3,68.6,2
bonus1,28.3,68.7,1
bonus1,28.3,68.8,1
bonus1,28.3,69,1
bonus1,28.3,69.7,1
bonus1,28.3,70,2
bonus1,28.3,70.4,1
bonus1,28.3,70.5,1
bonus1,28.3,71,1
bonus1,28.3,71.2,2
bonus1,28.3,71.7,1
bonus1,28.3,72.1,1
bonus1,28.3,72.8,1
bonus1,28.3,73.5,2
bonus1,28.3,74,1
bonus1,28.3,74.2,2
bonus1,28.3,75.3,1
bonus1,28.3,76,1
bonus1,28.3,76.3,1
bonus1,28.3,76.5,1
bonus1,28.3,76.6,1
bonus1,28.3,76.9,2
bonus1,28.3,77.4,1
bonus1,28.3,77.6,1
bonus1,28.3,77.8,1
bonus1,28.3,77.9,1
bonus1,28.3,78.3,1
bonus1,28.3,79.5,1
bonus1,28.3,79.6,1
bonus1,28.3,79.8,1
bonus1,28.3,80,1
bonus1,28.3,81.4,1
bonus1,28.3,81.8,1
bonus1,28.3,82.3,1
bonus1,28.3,83.1,1
bonus1,28.3,83.4,1
bonus1,28.3,84,1
bonus1,28.3,84.4,1
bonus1,28.3,85.2,1
bonus1,28.3,85.4,1
bonus1,28.3,85.6,2
bonus1,28.3,85.8,1
bonus1,28.3,85.9,1
bonus1,28.3,86.1,1
bonus1,28.3,86.3,1
bonus1,28.3,86.6,1
bonus1,28.3,86.9,1
bonus1,28.3,87.1,1
bonus1,28.3,87.3,1
bonus1,28.3,87.4,1
bonus1,28.3,87.8,2
bonus1,28.3,88.4,1
bonus1,28.3,88.5,1
bonus1,28.3,88.8,1
bonus1,28.3,89.1,1
bonus1,28.3,89.4,1
bonus1,28.3,90.1,1
bonus1,28.3,90.2,1
bonus1,28.3,91.7,2
bonus1,28.3,91.8,1
bonus1,28.3,93.8,2
bonus1,28.3,94.6,1
bonus1,28.3,96.2,1
bonus1,28.3,96.7,1
bonus1,28.3,97.2,1
bonus1,28.3,98.8,1
bonus1,28.3,99.3,1
bonus1,31.4,0.4,1
bonus1,31.4,0.8,2
bonus1,31.4,1,1
bonus1,31.4,1.3,1
bonus1,31.4,1.4,1
bonus1,31.4,1.7,1
bonus1,31.4,1.9,1
bonus1,31.4,2.5,1
bonus1,31.4,2.9,1
bonus1,31.4,3.5,1
bonus1,31.4,3.7,1
bonus1,31.4,3.8,1
bonus1,31.4,4.8,1
bonus1,31.4,6,2
bonus1,31.4,6.3,1
bonus1,31.4,6.7,1
bonus1,31.4,7.6,2
bonus1,31.4,8,1
bonus1,31.4,8.1,1
bonus1,31.4,8.4,1
bonus1,31.4,8.5,1
bonus1,31.4,8.6,1
bonus1,31.4,8.7,1
bonus1,31.4,8.9,1
bonus1,31.4,9,1
bonus1,31.4,9.2,1
bonus1,31.4,9.6,1
bonus1,31.4,9.7,1
bonus1,31.4,10.3,1
bonus1,31.4,10.6,1
bonus1,31.4,10.9,1
bonus1,31.4,11,1
bonus1,31.4,11.9,1
bonus1,31.4,12.3,1
bonus1,31.4,14,1
bonus1,31.4,14.6,1
bonus1,31.4,14.9,1
bonus1,31.4,16.2,1
bonus1,31.4,16.3,1
bonus1,31.4,16.4,1
bonus1,31.4,17.2,1
bonus1,31.4,17.3,1
bonus1,31.4,17.4,1
bonus1,31.4,17.5,1
bonus1,31.4,17.9,1
bonus1,31.4,18.4,1
bonus1,31.4,18.6,1
bonus1,31.4,19.1,1
bonus1,31.4,19.2,1
bonus1,31.4,19.6,3
bonus1,31.4,19.7,1
bonus1,31.4,20,1
bonus1,31.4,21.4,1
bonus1,31.4,22.5,2
bonus1,31.4,22.8,1
bonus1,31.4,22.9,1
bonus1,31.4,23.2,1
bonus1,31.4,23.4,1
bonus1,31.4,23.6,1
bonus1,31.4,24.5,1
bonus1,31.4,24.6,1
bonus1,31.4,24.8,1
bonus1,31.4,25.2,2
bonus1,31.4,25.3,1
bonus1,31.4,26.7,1
bonus1,31.4,27.9,1
bonus1,31.4,28.3,1
bonus1,31.4,28.4,1
bonus1,31.4,28.9,1
bonus1,31.4,29.4,1
bonus1,31.4,30.2,1
bonus1,31.4,30.3,1
bonus1,31.4,30.9,1
bonus1,31.4,31.2,1
bonus1,31.4,31.7,1
bonus1,31.4,32,1
bonus1,31.4,32.7,1
bonus1,31.4,32.8,1
bonus1,31.4,32.9,1
bonus1,31.4,33.2,1
bonus1,31.4,33.5,1
bonus1,31.4,33.9,1
bonus1,31.4,34.8,1
bonus1,31.4,36,1
bonus1,31.4,36.7,1
bonus1,31.4,37.1,2
bonus1,31.4,37.5,1
bonus1,31.4,37.9,1
bonus1,31.4,38.3,1
bonus1,31.4,38.4,1
bonus1,31.4,39.5,1
bonus1,31.4,41.2,1
bonus1,31.4,41.3,2
bonus1,31.4,41.5,1
bonus1,31.4,41.6,1
bonus1,31.4,41.7,1
bonus1,31.4,42,1
bonus1,31.4,42.4,1
bonus1,31.4,42.7,1
bonus1,31.4,42.8,1
bonus1,31.4,43.2,1
bonus1,31.4,43.5,1
bonus1,31.4,44.1,1
bonus1,31.4,44.5,1
bonus1,31.4,44.8,2
bonus1,31.4,44.9,1
bonus1,31.4,45.2,1
bonus1,31.4,45.4,1
bonus1,31.4,45.8,2
bonus1,31.4,46.8,1
bonus1,31.4,47.4,1
bonus1,31.4,47.6,2
bonus1,31.4,48,1
bonus1,31.4,48.2,1
bonus1,31.4,48.5,2
bonus1,31.4,48.7,1
bonus1,31.4,50,1
bonus1,31.4,50.1,1
bonus1,31.4,50.8,1
bonus1,31.4,50.9,1
bonus1,31.4,51.2,1
bonus1,31.4,51.3,1
bonus1,31.4,52,2
bonus1,31.4,52.1,1
bonus1,31.4,52.5,1
bonus1,31.4,52.9,1
bonus1,31.4,53.8,1
bonus1,31.4,54.3,2
bonus1,31.4,54.7,1
bonus1,31.4,54.9,1
bonus1,31.4,55.2,1
bonus1,31.4,55.4,1
bonus1,31.4,55.5,1
bonus1,31.4,55.8,1
bonus1,31.4,56,1
bonus1,31.4,57,1
bonus1,31.4,57.5,1
bonus1,31.4,57.7,1
bonus1,31.4,57.8,1
bonus1,31.4,58.3,2
bonus1,31.4,58.7,1
bonus1,31.4,60,1
bonus1,31.4,60.2,1
bonus1,31.4,60.6,1
bonus1,31.4,60.9,1
bonus1,31.4,61.4,2
bonus1,31.4,61.9,1
bonus1,31.4,62.3,2
bonus1,31.4,62.4,1
bonus1,31.4,62.6,1
bonus1,31.4,62.7,1
bonus1,31.4,63,1
bonus1,31.4,63.1,1
bonus1,31.4,63.9,1
bonus1,31.4,64,1
bonus1,31.4,64.6,1
bonus1,31.4,65,1
bonus1,31.4,65.1,1
bonus1,31.4,65.6,1
bonus1,31.4,65.8,1
bonus1,31.4,65.9,1
bonus1,31.4,66.3,1
bonus1,31.4,67,1
bonus1,31.4,67.6,1
bonus1,31.4,68.2,2
bonus1,31.4,69.2,1
bonus1,31.4,69.3,1
bonus1,31.4,69.6,1
bonus1,31.4,70.7,1
bonus1,31.4,71.3,1
bonus1,31.4,72.3,1
bonus1,31.4,72.6,1
bonus1,31.4,73,1
bonus1,31.4,73.1,1
bonus1,31.4,74.3,1
bonus1,31.4,75.1,2
bonus1,31.4,75.5,1
bonus1,31.4,75.9,2
bonus1,31.4,76.4,1
bonus1,31.4,77.3,1
bonus1,31.4,77.5,1
bonus1,31.4,77.8,1
bonus1,31.4,78.5,1
bonus1,31.4,78.6,1
bonus1,31.4,78.7,1
bonus1,31.4,79.3,1
bonus1,31.4,79.8,1
bonus1,31.4,80.4,1
bonus1,31.4,80.7,1
bonus1,31.4,80.9,1
bonus1,31.4,81.8,1
bonus1,31.4,82.7,1
bonus1,31.4,83.1,1
bonus1,31.4,84.1,1
bonus1,31.4,84.2,1
bonus1,31.4,84.6,1
bonus1,31.4,84.8,1
bonus1,31.4,85.2,1
bonus1,31.4,86.3,1
bonus1,31.4,87.5,1
bonus1,31.4,87.9,1
bonus1,31.4,88.2,1
bonus1,31.4,88.5,1
bonus1,31.4,88.6,1
bonus1,31.4,88.8,1
bonus1,31.4,90.4,1
bonus1,31.4,90.5,1
bonus1,31.4,91.7,1
bonus1,31.4,91.9,1
bonus1,31.4,92.7,1
bonus1,31.4,92.8,2
bonus1,31.4,93.4,1
bonus1,31.4,93.6,2
bonus1,31.4,94.1,1
bonus1,31.4,94.9,1
bonus1,31.4,95.2,1
bonus1,31.4,96,1
bonus1,31.4,97.5,1
bonus1,31.4,99.5,1
bonus1,35.1,0.2,2
bonus1,35.1,0.3,1
bonus1,35.1,0.4,1
bonus1,35.1,0.5,2
bonus1,35.1,0.8,1
bonus1,35.1,1,3
bonus1,35.1,1.1,1
bonus1,35.1,1.4,1
bonus1,35.1,1.5,1
bonus1,35.1,1.8,1
bonus1,35.1,2,1
bonus1,35.1,2.2,1
bonus1,35.1,2.4,1
bonus1,35.1,2.5,1
bonus1,35.1,3.1,2
bonus1,35.1,3.2,1
bonus1,35.1,3.8,1
bonus1,35.1,3.9,1
bonus1,35.1,4.1,2
bonus1,35.1,4.5,3
bonus1,35.1,4.7,2
bonus1,35.1,4.8,1
bonus1,35.1,5.2,1
bonus1,35.1,5.8,1
bonus1,35.1,6,1
bonus1,35.1,6.1,1
bonus1,35.1,6.3,1
bonus1,35.1,6.4,1
bonus1,35.1,6.5,1
bonus1,35.1,6.7,1
bonus1,35.1,6.8,1
bonus1,35.1,6.9,1
bonus1,35.1,7.1,1
bonus1,35.1,7.2,1
bonus1,35.1,7.3,1
bonus1,35.1,7.4,2
bonus1,35.1,7.5,1
bonus1,35.1,7.7,1
bonus1,35.1,8.1,2
bonus1,35.1,8.2,3
bonus1,35.1,8.3,1
bonus1,35.1,8.7,1
bonus1,35.1,8.9,1
bonus1,35.1,9.3,2
bonus1,35.1,9.4,2
bonus1,35.1,9.6,1
bonus1,35.1,9.8,1
bonus1,35.1,10,1
bonus1,35.1,10.1,1
bonus1,35.1,10.6,1
bonus1,35.1,10.8,1
bonus1,35.1,11.1,1
bonus1,35.1,11.2,1
bonus1,35.1,11.3,2
bonus1,35.1,11.4,1
bonus1,35.1,11.8,2
bonus1,35.1,12.1,1
bonus1,35.1,12.3,1
bonus1,35.1,12.5,1
bonus1,35.1,12.8,1
bonus1,35.1,12.9,1
bonus1,35.1,13.2,1
bonus1,35.1,13.3,1
bonus1,35.1,13.9,1
bonus1,35.1,14.2,2
bonus1,35.1,14.4,1
bonus1,35.1,14.5,1
bonus1,35.1,14.8,3
bonus1,35.1,14.9,1
bonus1,35.1,15,1
bonus1,35.1,15.1,1
bonus1,35.1,15.2,1
bonus1,35.1,15.3,1
bonus1,35.1,15.4,1
bonus1,35.1,15.5,2
bonus1,35.1,15.7,2
bonus1,35.1,15.8,2
bonus1,35.1,16.1,1
bonus1,35.1,16.6,1
bonus1,35.1,16.8,1
bonus1,35.1,16.9,1
bonus1,35.1,17.1,1
bonus1,35.1,17.7,2
bonus1,35.1,17.9,1
bonus1,35.1,18,1
bonus1,35.1,18.3,1
bonus1,35.1,18.5,1
bonus1,35.1,18.9,1
bonus1,35.1,19.3,2
bonus1,35.1,19.4,1
bonus1,35.1,19.6,1
bonus1,35.1,19.8,3
bonus1,35.1,19.9,3
bonus1,35.1,20.1,1
bonus1,35.1,20.4,1
bonus1,35.1,20.5,1
bonus1,35.1,20.6,2
bonus1,35.1,20.7,1
bonus1,35.1,21,2
bonus1,35.1,21.2,1
bonus1,35.1,21.3,2
bonus1,35.1,21.4,1
bonus1,35.1,21.7,1
bonus1,35.1,21.8,1
bonus1,35.1,22.2,1
bonus1,35.1,22.3,1
bonus1,35.1,22.5,2
bonus1,35.1,22.8,1
bonus1,35.1,23,1
bonus1,35.1,23.1,1
bonus1,35.1,23.2,1
bonus1,35.1,23.3,1
bonus1,35.1,23.4,1
bonus1,35.1,23.5,1
bonus1,35.1,23.8,1
bonus1,35.1,24,2
bonus1,35.1,24.1,1
bonus1,35.1,24.5,2
bonus1,35.1,24.6,1
bonus1,35.1,25,1
bonus1,35.1,25.1,2
bonus1,35.1,25.5,1
bonus1,35.1,25.6,1
bonus1,35.1,25.7,1
bonus1,35.1,25.8,1
bonus1,35.1,26,1
bonus1,35.1,26.2,2
bonus1,35.1,26.4,1
bonus1,35.1,27,1
bonus1,35.1,27.3,2
bonus1,35.1,27.4,1
bonus1,35.1,27.5,1
bonus1,35.1,27.6,1
bonus1,35.1,27.9,1
bonus1,35.1,28.3,1
bonus1,35.1,28.4,1
bonus1,35.1,28.7,1
bonus1,35.1,28.9,2
bonus1,35.1,29,1
bonus1,35.1,29.2,1
bonus1,35.1,29.3,1
bonus1,35.1,29.4,1
bonus1,35.1,30,1
bonus1,35.1,30.4,1
bonus1,35.1,30.5,2
bonus1,35.1,30.6,1
bonus1,35.1,31.1,2
bonus1,35.1,31.4,1
bonus1,35.1,31.6,1
bonus1,35.1,31.7,1
bonus1,35.1,32.4,2
bonus1,35.1,32.5,1
bonus1,35.1,32.7,2
bonus1,35.1,32.9,1
bonus1,35.1,33.1,1
bonus1,35.1,33.7,2
bonus1,35.1,34.3,1
bonus1,35.1,34.5,3
bonus1,35.1,34.6,1
bonus1,35.1,34.7,1
bonus1,35.1,34.9,1
bonus1,35.1,35.2,1
bonus1,35.1,35.5,1
bonus1,35.1,35.6,1
bonus1,35.1,35.9,1
bonus1,35.1,36.1,1
bonus1,35.1,36.2,1
bonus1,35.1,36.3,1
bonus1,35.1,36.4,1
bonus1,35.1,36.5,1
bonus1,35.1,36.7,2
bonus1,35.1,36.8,1
bonus1,35.1,36.9,1
bonus1,35.1,37.2,1
bonus1,35.1,37.6,1
bonus1,35.1,38.1,1
bonus1,35.1,38.9,2
bonus1,35.1,39.5,1
bonus1,35.1,39.8,2
bonus1,35.1,39.9,2
bonus1,35.1,40.3,1
bonus1,35.1,40.5,1
bonus1,35.1,40.8,1
bonus1,35.1,41.1,2
bonus1,35.1,41.7,1
bonus1,35.1,42.2,1
bonus1,35.1,42.4,1
bonus1,35.1,42.7,2
bonus1,35.1,43.4,2
bonus1,35.1,43.8,2
bonus1,35.1,44.7,3
bonus1,35.1,44.8,1
bonus1,35.1,45.5,1
bonus1,35.1,45.6,1
bonus1,35.1,46.1,1
bonus1,35.1,46.2,1
bonus1,35.1,46.4,1
bonus1,35.1,46.5,1
bonus1,35.1,46.6,1
bonus1,35.1,46.7,1
bonus1,35.1,46.9,2
bonus1,35.1,47.3,1
bonus1,35.1,47.5,1
bonus1,35.1,47.7,1
bonus1,35.1,48.3,1
bonus1,35.1,48.5,1
bonus1,35.1,49.4,1
bonus1,35.1,50.1,1
bonus1,35.1,50.4,1
bonus1,35.1,50.9,1
bonus1,35.1,51,1
bonus1,35.1,51.3,1
bonus1,35.1,51.4,1
bonus1,35.1,51.6,1
bonus1,35.1,51.7,1
bonus1,35.1,51.8,1
bonus1,35.1,51.9,1
bonus1,35.1,52.4,2
bonus1,35.1,52.7,1
bonus1,35.1,53.1,1
bonus1,35.1,53.3,1
bonus1,35.1,53.4,1
bonus1,35.1,54.5,2
bonus1,35.1,54.8,1
bonus1,35.1,55.2,1
bonus1,35.1,55.3,1
bonus1,35.1,55.5,1
bonus1,35.1,57.2,1
bonus1,35.1,57.4,1
bonus1,35.1,57.6,1
bonus1,35.1,57.9,2
bonus1,35.1,58,1
bonus1,35.1,58.5,1
bonus1,35.1,58.7,1
bonus1,35.1,58.9,2
bonus1,35.1,59,1
bonus1,35.1,59.3,2
bonus1,35.1,59.4,1
bonus1,35.1,59.7,1
bonus1,35.1,59.9,1
bonus1,35.1,60.3,1
bonus1,35.1,60.4,2
bonus1,35.1,60.8,1
bonus1,35.1,61.2,2
bonus1,35.1,61.7,1
bonus1,35.1,61.9,1
bonus1,35.1,62.1,1
bonus1,35.1,62.5,1
bonus1,35.1,62.6,1
bonus1,35.1,62.8,1
bonus1,35.1,63.1,1
bonus1,35.1,63.8,2
bonus1,35.1,64.2,2
bonus1,35.1,64.5,1
bonus1,35.1,64.6,1
bonus1,35.1,64.8,2
bonus1,35.1,65,1
bonus1,35.1,65.5,1
bonus1,35.1,67,1
bonus1,35.1,67.1,1
bonus1,35.1,67.2,2
bonus1,35.1,67.4,1
bonus1,35.1,67.5,1
bonus1,35.1,67.8,1
bonus1,35.1,68.1,1
bonus1,35.1,68.7,1
bonus1,35.1,69.1,2
bonus1,35.1,69.2,1
bonus1,35.1,69.4,1
bonus1,35.1,69.5,1
bonus1,35.1,69.8,2
bonus1,35.1,70,3
bonus1,35.1,70.3,2
bonus1,35.1,70.5,1
bonus1,35.1,71.6,1
bonus1,35.1,71.9,1
bonus1,35.1,72.4,2
bonus1,35.1,72.7,1
bonus1,35.1,74.3,1
bonus1,35.1,74.5,2
bonus1,35.1,74.6,1
bonus1,35.1,74.7,2
bonus1,35.1,75,1
bonus1,35.1,75.1,1
bonus1,35.1,75.3,2
bonus1,35.1,75.6,1
bonus1,35.1,75.8,1
bonus1,35.1,76.1,1
bonus1,35.1,76.3,1
bonus1,35.1,76.6,1
bonus1,35.1,76.7,1
bonus1,35.1,76.9,1
bonus1,35.1,77.1,2
bonus1,35.1,77.2,1
bonus1,35.1,77.4,1
bonus1,35.1,77.5,2
bonus1,35.1,77.7,3
bonus1,35.1,78,2
bonus1,35.1,79,1
bonus1,35.1,79.2,1
bonus1,35.1,79.4,1
bonus1,35.1,79.5,1
bonus1,35.1,80.2,1
bonus1,35.1,80.3,2
bonus1,35.1,80.6,2
bonus1,35.1,81,1
bonus1,35.1,81.2,1
bonus1,35.1,81.4,1
bonus1,35.1,81.8,2
bonus1,35.1,81.9,1
bonus1,35.1,82,1
bonus1,35.1,82.1,1
bonus1,35.1,82.6,1
bonus1,35.1,83,1
bonus1,35.1,83.3,1
bonus1,35.1,84.1,1
bonus1,35.1,84.4,2
bonus1,35.1,84.9,1
bonus1,35.1,85.8,2
bonus1,35.1,86.1,1
bonus1,35.1,86.9,1
bonus1,35.1,87,1
bonus1,35.1,87.5,1
bonus1,35.1,87.9,1
bonus1,35.1,88.9,1
bonus1,35.1,89.3,1
bonus1,35.1,89.4,2
bonus1,35.1,90.1,1
bonus1,35.1,90.2,1
bonus1,35.1,90.8,1
bonus1,35.1,90.9,1
bonus1,35.1,91.7,1
bonus1,35.1,91.9,2
bonus1,35.1,92.2,1
bonus1,35.1,92.3,1
bonus1,35.1,93,1
bonus1,35.1,93.1,1
bonus1,35.1,93.2,1
bonus1,35.1,93.5,1
bonus1,35.1,93.9,1
bonus1,35.1,94.1,1
bonus1,35.1,94.4,1
bonus1,35.1,94.5,1
bonus1,35.1,94.6,1
bonus1,35.1,94.9,1
bonus1,35.1,95.6,1
bonus1,35.1,96.1,2
bonus1,35.1,96.2,1
bonus1,35.1,96.5,1
bonus1,35.1,97.9,2
bonus1,35.1,98.1,1
bonus1,35.1,98.4,1
bonus1,35.1,98.8,2
bonus1,35.1,99.3,1
bonus1,38.9,0.1,1
bonus1,38.9,0.3,1
bonus1,38.9,1.1,1
bonus1,38.9,2,1
bonus1,38.9,2.5,1
bonus1,38.9,2.7,1
bonus1,38.9,2.8,1
bonus1,38.9,3.5,1
bonus1,38.9,3.6,1
bonus1,38.9,3.8,1
bonus1,38.9,4.1,1
bonus1,38.9,4.7,2
bonus1,38.9,4.8,1
bonus1,38.9,5.4,3
bonus1,38.9,5.5,1
bonus1,38.9,5.8,1
bonus1,38.9,6,1
bonus1,38.9,7.4,1
bonus1,38.9,7.8,1
bonus1,38.9,8.3,1
bonus1,38.9,8.5,1
bonus1,38.9,8.7,1
bonus1,38.9,9.1,1
bonus1,38.9,10.3,1
bonus1,38.9,10.4,1
bonus1,38.9,10.5,1
bonus1,38.9,11.1,1
bonus1,38.9,11.5,1
bonus1,38.9,11.8,1
bonus1,38.9,12.2,2
bonus1,38.9,12.3,1
bonus1,38.9,12.9,2
bonus1,38.9,13,1
bonus1,38.9,13.5,2
bonus1,38.9,13.6,1
bonus1,38.9,14,1
bonus1,38.9,14.4,1
bonus1,38.9,14.5,1
bonus1,38.9,15.4,1
bonus1,38.9,15.6,1
bonus1,38.9,16,2
bonus1,38.9,16.2,1
bonus1,38.9,16.5,1
bonus1,38.9,16.8,1
bonus1,38.9,17.5,1
bonus1,38.9,18,2
bonus1,38.9,18.3,1
bonus1,38.9,18.7,1
bonus1,38.9,19,1
bonus1,38.9,19.4,1
bonus1,38.9,19.6,1
bonus1,38.9,20.6,1
bonus1,38.9,20.8,2
bonus1,38.9,20.9,1
bonus1,38.9,21,1
bonus1,38.9,21.6,1
bonus1,38.9,21.9,1
bonus1,38.9,22,2
bonus1,38.9,22.4,1
bonus1,38.9,22.5,1
bonus1,38.9,22.9,2
bonus1,38.9,23,2
bonus1,38.9,23.1,2
bonus1,38.9,23.8,1
bonus1,38.9,23.9,1
bonus1,38.9,24.6,1
bonus1,38.9,24.9,1
bonus1,38.9,25.3,1
bonus1,38.9,25.4,1
bonus1,38.9,25.6,1
bonus1,38.9,26,1
bonus1,38.9,26.3,1
bonus1,38.9,26.5,1
bonus1,38.9,26.7,1
bonus1,38.9,27,1
bonus1,38.9,27.1,2
bonus1,38.9,27.2,1
bonus1,38.9,27.6,1
bonus1,38.9,28.2,1
bonus1,38.9,28.4,1
bonus1,38.9,28.6,1
bonus1,38.9,29,1
bonus1,38.9,30.2,1
bonus1,38.9,31.2,1
bonus1,38.9,31.5,1
bonus1,38.9,32.2,1
bonus1,38.9,32.3,1
bonus1,38.9,32.7,1
bonus1,38.9,33.3,1
bonus1,38.9,33.6,2
bonus1,38.9,34.1,1
bonus1,38.9,34.8,1
bonus1,38.9,35.3,1
bonus1,38.9,36,1
bonus1,38.9,36.1,1
bonus1,38.9,36.3,1
bonus1,38.9,36.5,1
bonus1,38.9,36.6,1
bonus1,38.9,36.7,1
bonus1,38.9,36.8,1
bonus1,38.9,37.2,1
bonus1,38.9,37.4,1
bonus1,38.9,37.7,2
bonus1,38.9,38.5,1
bonus1,38.9,38.6,1
bonus1,38.9,38.7,1
bonus1,38.9,39.4,2
bonus1,38.9,39.5,1
bonus1,38.9,39.6,1
bonus1,38.9,40.2,1
bonus1,38.9,40.7,1
bonus1,38.9,41,1
bonus1,38.9,41.1,1
bonus1,38.9,41.5,1
bonus1,38.9,41.7,1
bonus1,38.9,42.5,1
bonus1,38.9,42.6,1
bonus1,38.9,43.4,1
bonus1,38.9,44.4,1
bonus1,38.9,44.5,1
bonus1,38.9,44.7,1
bonus1,38.9,45.5,1
bonus1,38.9,45.6,1
bonus1,38.9,45.7,1
bonus1,38.9,45.8,1
bonus1,38.9,46.3,2
bonus1,38.9,47.2,1
bonus1,38.9,47.4,1
bonus1,38.9,48.2,1
bonus1,38.9,48.7,2
bonus1,38.9,48.8,1
bonus1,38.9,49.1,1
bonus1,38.9,49.3,1
bonus1,38.9,49.5,1
bonus1,38.9,49.6,1
bonus1,38.9,49.9,1
bonus1,38.9,50.1,1
bonus1,38.9,50.7,1
bonus1,38.9,51.2,1
bonus1,38.9,51.3,1
bonus1,38.9,51.4,1
bonus1,38.9,52.8,1
bonus1,38.9,53,1
bonus1,38.9,53.8,1
bonus1,38.9,54,1
bonus1,38.9,56.7,1
bonus1,38.9,57,1
bonus1,38.9,58.2,1
bonus1,38.9,58.3,1
bonus1,38.9,58.5,1
bonus1,38.9,59,1
bonus1,38.9,59.3,1
bonus1,38.9,59.5,1
bonus1,38.9,59.8,2
bonus1,38.9,59.9,1
bonus1,38.9,60.4,1
bonus1,38.9,61,1
bonus1,38.9,61.1,2
bonus1,38.9,62.6,1
bonus1,38.9,62.8,1
bonus1,38.9,63.4,1
bonus1,38.9,63.5,2
bonus1,38.9,63.6,1
bonus1,38.9,64.4,1
bonus1,38.9,64.5,1
bonus1,38.9,64.7,1
bonus1,38.9,65.1,1
bonus1,38.9,65.3,1
bonus1,38.9,65.4,1
bonus1,38.9,66.1,2
bonus1,38.9,66.2,1
bonus1,38.9,66.7,1
bonus1,38.9,67,1
bonus1,38.9,67.6,1
bonus1,38.9,67.8,1
bonus1,38.9,67.9,1
bonus1,38.9,68.1,1
bonus1,38.9,68.6,1
bonus1,38.9,68.7,1
bonus1,38.9,69,2
bonus1,38.9,69.5,1
bonus1,38.9,69.7,1
bonus1,38.9,69.8,1
bonus1,38.9,69.9,1
bonus1,38.9,70.2,1
bonus1,38.9,70.3,1
bonus1,38.9,70.5,1
bonus1,38.9,71,1
bonus1,38.9,71.2,1
bonus1,38.9,71.5,1
bonus1,38.9,71.7,1
bonus1,38.9,71.9,1
bonus1,38.9,72.1,1
bonus1,38.9,72.9,1
bonus1,38.9,73.2,1
bonus1,38.9,73.9,1
bonus1,38.9,74,1
bonus1,38.9,74.2,2
bonus1,38.9,74.8,2
bonus1,38.9,75.2,1
bonus1,38.9,75.3,1
bonus1,38.9,75.5,1
bonus1,38.9,76.1,1
bonus1,38.9,78.5,1
bonus1,38.9,78.8,1
bonus1,38.9,78.9,1
bonus1,38.9,79.2,1
bonus1,38.9,79.3,1
bonus1,38.9,80.8,1
bonus1,38.9,81,1
bonus1,38.9,81.8,1
bonus1,38.9,81.9,1
bonus1,38.9,82,1
bonus1,38.9,83.5,1
bonus1,38.9,83.9,1
bonus1,38.9,84.7,1
bonus1,38.9,84.8,1
bonus1,38.9,85.2,1
bonus1,38.9,86,2
bonus1,38.9,86.2,1
bonus1,38.9,86.5,1
bonus1,38.9,86.6,1
bonus1,38.9,86.9,1
bonus1,38.9,87,1
bonus1,38.9,87.4,1
bonus1,38.9,87.5,1
bonus1,38.9,88,1
bonus1,38.9,89.2,1
bonus1,38.9,89.7,1
bonus1,38.9,90.4,1
bonus1,38.9,90.7,1
bonus1,38.9,91.4,1
bonus1,38.9,92.6,1
bonus1,38.9,94.2,1
bonus1,38.9,94.7,1
bonus1,38.9,95.1,1
bonus1,38.9,95.2,1
bonus1,38.9,95.4,1
bonus1,38.9,95.7,1
bonus1,38.9,95.9,1
bonus1,38.9,96,1
bonus1,38.9,96.3,1
bonus1,38.9,98,1
bonus1,38.9,99.1,1
bonus1,38.9,99.4,2
bonus1,38.9,99.8,1
bonus1,43.5,0,1
bonus1,43.5,0.1,1
bonus1,43.5,0.4,1
bonus1,43.5,0.5,2
bonus1,43.5,0.6,1
bonus1,43.5,0.7,1
bonus1,43.5,0.8,1
bonus1,43.5,0.9,1
bonus1,43.5,1.1,1
bonus1,43.5,1.2,1
bonus1,43.5,1.3,3
bonus1,43.5,1.5,2
bonus1,43.5,1.9,1
bonus1,43.5,2,1
bonus1,43.5,2.1,1
bonus1,43.5,2.2,3
bonus1,43.5,2.6,1
bonus1,43.5,2.7,3
bonus1,43.5,2.8,2
bonus1,43.5,3,1
bonus1,43.5,3.1,1
bonus1,43.5,3.2,1
bonus1,43.5,3.3,1
bonus1,43.5,3.4,1
bonus1,43.5,3.5,1
bonus1,43.5,3.6,1
bonus1,43.5,3.8,2
bonus1,43.5,3.9,2
bonus1,43.5,4.2,3
bonus1,43.5,4.4,2
bonus1,43.5,4.5,1
bonus1,43.5,4.6,3
bonus1,43.5,4.7,1
bonus1,43.5,5,2
bonus1,43.5,5.2,2
bonus1,43.5,5.3,1
bonus1,43.5,5.8,1
bonus1,43.5,5.9,3
bonus1,43.5,6,1
bonus1,43.5,6.2,1
bonus1,43.5,6.4,1
bonus1,43.5,6.5,2
bonus1,43.5,6.6,3
bonus1,43.5,6.7,2
bonus1,43.5,6.8,1
bonus1,43.5,6.9,2
bonus1,43.5,7,1
bonus1,43.5,7.3,1
bonus1,43.5,7.4,2
bonus1,43.5,7.5,2
bonus1,43.5,7.8,2
bonus1,43.5,8,2
bonus1,43.5,8.5,1
bonus1,43.5,8.6,3
bonus1,43.5,8.8,1
bonus1,43.5,9.1,2
bonus1,43.5,9.5,2
bonus1,43.5,9.8,1
bonus1,43.5,10,1
bonus1,43.5,10.1,1
bonus1,43.5,10.2,1
bonus1,43.5,10.8,1
bonus1,43.5,11,1
bonus1,43.5,11.1,1
bonus1,43.5,11.3,1
bonus1,43.5,11.4,1
bonus1,43.5,11.5,3
bonus1,43.5,11.7,1
bonus1,43.5,12.1,1
bonus1,43.5,12.2,1
bonus1,43.5,12.5,1
bonus1,43.5,12.6,1
bonus1,43.5,12.7,1
bonus1,43.5,12.8,1
bonus1,43.5,13,1
bonus1,43.5,13.1,1
bonus1,43.5,13.2,1
bonus1,43.5,13.5,1
bonus1,43.5,13.9,1
bonus1,43.5,14,1
bonus1,43.5,14.1,2
bonus1,43.5,14.6,1
bonus1,43.5,14.8,1
bonus1,43.5,14.9,1
bonus1,43.5,15.1,2
bonus1,43.5,15.5,2
bonus1,43.5,15.7,1
bonus1,43.5,16.2,2
bonus1,43.5,16.5,2
bonus1,43.5,16.6,1
bonus1,43.5,16.8,2
bonus1,43.5,17.1,2
bonus1,43.5,17.2,1
bonus1,43.5,17.3,1
bonus1,43.5,17.4,1
bonus1,43.5,17.5,2
bonus1,43.5,17.6,2
bonus1,43.5,18,1
bonus1,43.5,18.6,1
bonus1,43.5,19,1
bonus1,43.5,19.1,1
bonus1,43.5,19.2,1
bonus1,43.5,19.3,2
bonus1,43.5,19.4,1
bonus1,43.5,19.6,1
bonus1,43.5,19.7,1
bonus1,43.5,20,1
bonus1,43.5,20.1,2
bonus1,43.5,20.3,1
bonus1,43.5,20.4,1
bonus1,43.5,20.6,1
bonus1,43.5,20.7,1
bonus1,43.5,20.9,1
bonus1,43.5,21.1,1
bonus1,43.5,21.5,3
bonus1,43.5,21.6,2
bonus1,43.5,21.7,1
bonus1,43.5,21.8,1
bonus1,43.5,22,3
bonus1,43.5,22.1,2
bonus1,43.5,22.2,1
bonus1,43.5,22.4,1
bonus1,43.5,23,1
bonus1,43.5,23.1,1
bonus1,43.5,23.3,1
bonus1,43.5,23.5,1
bonus1,43.5,23.8,2
bonus1,43.5,23.9,1
bonus1,43.5,24,1
bonus1,43.5,24.4,2
bonus1,43.5,24.5,1
bonus1,43.5,24.6,1
bonus1,43.5,24.9,1
bonus1,43.5,25,1
bonus1,43.5,25.4,1
bonus1,43.5,25.8,2
bonus1,43.5,26.2,1
bonus1,43.5,26.3,1
bonus1,43.5,26.4,1
bonus1,43.5,26.6,1
bonus1,43.5,26.8,2
bonus1,43.5,27,1
bonus1,43.5,27.1,1
bonus1,43.5,27.3,2
bonus1,43.5,27.5,1
bonus1,43.5,27.6,4
bonus1,43.5,28.1,1
bonus1,43.5,28.2,1
bonus1,43.5,28.3,1
bonus1,43.5,28.5,2
bonus1,43.5,28.7,1
bonus1,43.5,28.9,1
bonus1,43.5,29,1
bonus1,43.5,29.2,1
bonus1,43.5,29.5,1
bonus1,43.5,29.6,2
bonus1,43.5,29.9,1
bonus1,43.5,30.1,1
bonus1,43.5,30.2,1
bonus1,43.5,30.5,2
bonus1,43.5,30.7,1
bonus1,43.5,31,1
bonus1,43.5,31.3,2
bonus1,43.5,31.4,1
bonus1,43.5,31.5,1
bonus1,43.5,31.6,1
bonus1,43.5,31.9,1
bonus1,43.5,32.3,1
bonus1,43.5,32.4,1
bonus1,43.5,32.5,1
bonus1,43.5,33,2
bonus1,43.5,33.3,1
bonus1,43.5,33.7,1
bonus1,43.5,33.9,1
bonus1,43.5,34,2
bonus1,43.5,34.9,1
bonus1,43.5,35.5,1
bonus1,43.5,35.8,2
bonus1,43.5,36.3,1
bonus1,43.5,36.4,1
bonus1,43.5,36.6,1
bonus1,43.5,36.7,2
bonus1,43.5,36.8,1
bonus1,43.5,36.9,2
bonus1,43.5,37,1
bonus1,43.5,37.4,1
bonus1,43.5,37.5,2
bonus1,43.5,37.6,1
bonus1,43.5,38.1,4
bonus1,43.5,38.2,1
bonus1,43.5,38.4,2
bonus1,43.5,38.6,1
bonus1,43.5,38.9,1
bonus1,43.5,39,1
bonus1,43.5,39.3,2
bonus1,43.5,39.6,2
bonus1,43.5,39.8,1
bonus1,43.5,40.4,1
bonus1,43.5,40.5,1
bonus1,43.5,41.1,1
bonus1,43.5,41.2,1
bonus1,43.5,41.3,1
bonus1,43.5,42,3
bonus1,43.5,42.4,1
bonus1,43.5,42.5,1
bonus1,43.5,42.7,2
bonus1,43.5,43.1,1
bonus1,43.5,43.2,2
bonus1,43.5,43.5,1
bonus1,43.5,43.7,1
bonus1,43.5,43.9,1
bonus1,43.5,44,1
bonus1,43.5,44.6,1
bonus1,43.5,45.1,2
bonus1,43.5,45.7,2
bonus1,43.5,45.8,2
bonus1,43.5,45.9,1
bonus1,43.5,46,1
bonus1,43.5,46.2,2
bonus1,43.5,46.3,1
bonus1,43.5,46.4,2
bonus1,43.5,47,1
bonus1,43.5,47.3,1
bonus1,43.5,47.5,1
bonus1,43.5,47.9,1
bonus1,43.5,48,1
bonus1,43.5,48.1,1
bonus1,43.5,48.2,1
bonus1,43.5,48.3,1
bonus1,43.5,48.6,1
bonus1,43.5,48.7,1
bonus1,43.5,48.8,1
bonus1,43.5,49,1
bonus1,43.5,49.3,1
bonus1,43.5,49.5,1
bonus1,43.5,49.6,2
bonus1,43.5,49.8,2
bonus1,43.5,50.1,1
bonus1,43.5,50.5,2
bonus1,43.5,50.8,1
bonus1,43.5,51.4,1
bonus1,43.5,51.7,2
bonus1,43.5,51.8,1
bonus1,43.5,51.9,1
bonus1,43.5,52.2,1
bonus1,43.5,52.4,1
bonus1,43.5,52.5,2
bonus1,43.5,52.7,1
bonus1,43.5,52.8,1
bonus1,43.5,52.9,1
bonus1,43.5,53.1,1
bonus1,43.5,53.4,1
bonus1,43.5,53.5,2
bonus1,43.5,53.6,1
bonus1,43.5,53.7,2
bonus1,43.5,53.9,1
bonus1,43.5,54,1
bonus1,43.5,54.2,1
bonus1,43.5,54.3,1
bonus1,43.5,54.4,1
bonus1,43.5,54.5,1
bonus1,43.5,54.7,1
bonus1,43.5,54.8,2
bonus1,43.5,55.1,1
bonus1,43.5,55.3,1
bonus1,43.5,55.4,1
bonus1,43.5,55.6,1
bonus1,43.5,56,2
bonus1,43.5,56.2,1
bonus1,43.5,56.4,1
bonus1,43.5,56.6,2
bonus1,43.5,56.9,1
bonus1,43.5,57.3,2
bonus1,43.5,57.4,2
bonus1,43.5,58.1,2
bonus1,43.5,58.2,2
bonus1,43.5,58.6,1
bonus1,43.5,58.9,1
bonus1,43.5,59,2
bonus1,43.5,59.5,1
bonus1,43.5,60.2,1
bonus1,43.5,60.3,1
bonus1,43.5,60.9,1
bonus1,43.5,61.6,1
bonus1,43.5,61.7,2
bonus1,43.5,61.8,1
bonus1,43.5,62,2
bonus1,43.5,62.6,1
bonus1,43.5,62.9,3
bonus1,43.5,63.1,2
bonus1,43.5,63.5,1
bonus1,43.5,63.7,2
bonus1,43.5,63.8,2
bonus1,43.5,63.9,1
bonus1,43.5,64.1,1
bonus1,43.5,64.2,1
bonus1,43.5,64.3,2
bonus1,43.5,64.5,2
bonus1,43.5,64.6,1
bonus1,43.5,64.9,1
bonus1,43.5,65,1
bonus1,43.5,65.1,1
bonus1,43.5,65.2,1
bonus1,43.5,65.3,2
bonus1,43.5,65.5,1
bonus1,43.5,66.5,1
bonus1,43.5,66.8,1
bonus1,43.5,67,1
bonus1,43.5,67.1,1
bonus1,43.5,67.2,1
bonus1,43.5,68,1
bonus1,43.5,68.2,1
bonus1,43.5,68.3,1
bonus1,43.5,68.8,1
bonus1,43.5,68.9,1
bonus1,43.5,69,2
bonus1,43.5,69.2,1
bonus1,43.5,69.3,1
bonus1,43.5,69.4,1
bonus1,43.5,69.9,2
bonus1,43.5,70,1
bonus1,43.5,70.1,1
bonus1,43.5,70.4,1
bonus1,43.5,70.7,1
bonus1,43.5,70.8,1
bonus1,43.5,71.4,1
bonus1,43.5,71.7,1
bonus1,43.5,71.8,2
bonus1,43.5,71.9,3
bonus1,43.5,72.1,1
bonus1,43.5,72.3,1
bonus1,43.5,73.1,1
bonus1,43.5,73.2,1
bonus1,43.5,73.4,2
bonus1,43.5,73.6,1
bonus1,43.5,73.7,1
bonus1,43.5,73.8,1
bonus1,43.5,74.1,1
bonus1,43.5,74.2,1
bonus1,43.5,74.4,1
bonus1,43.5,74.8,2
bonus1,43.5,75.1,1
bonus1,43.5,75.6,1
bonus1,43.5,75.7,2
bonus1,43.5,75.8,1
bonus1,43.5,76.2,1
bonus1,43.5,76.3,2
bonus1,43.5,76.6,1
bonus1,43.5,76.7,1
bonus1,43.5,76.8,1
bonus1,43.5,77,1
bonus1,43.5,77.2,1
bonus1,43.5,77.4,1
bonus1,43.5,77.7,2
bonus1,43.5,78,1
bonus1,43.5,78.1,1
bonus1,43.5,78.9,1
bonus1,43.5,79.1,1
bonus1,43.5,79.2,1
bonus1,43.5,79.4,2
bonus1,43.5,79.5,1
bonus1,43.5,79.8,1
bonus1,43.5,79.9,1
bonus1,43.5,80.7,3
bonus1,43.5,80.9,1
bonus1,43.5,81.9,1
bonus1,43.5,82,1
bonus1,43.5,82.1,1
bonus1,43.5,82.3,1
bonus1,43.5,82.4,3
bonus1,43.5,82.5,2
bonus1,43.5,82.6,1
bonus1,43.5,83.1,1
bonus1,43.5,84.3,1
bonus1,43.5,84.7,1
bonus1,43.5,84.9,1
bonus1,43.5,85.2,1
bonus1,43.5,85.3,2
bonus1,43.5,85.7,1
bonus1,43.5,85.8,1
bonus1,43.5,85.9,1
bonus1,43.5,86.1,1
bonus1,43.5,86.2,2
bonus1,43.5,86.4,1
bonus1,43.5,87,1
bonus1,43.5,87.5,1
bonus1,43.5,87.8,2
bonus1,43.5,88.1,2
bonus1,43.5,88.6,1
bonus1,43.5,88.7,1
bonus1,43.5,89.1,1
bonus1,43.5,89.3,1
bonus1,43.5,89.4,1
bonus1,43.5,89.6,1
bonus1,43.5,89.7,1
bonus1,43.5,89.8,2
bonus1,43.5,90,2
bonus1,43.5,90.3,1
bonus1,43.5,90.5,1
bonus1,43.5,90.7,1
bonus1,43.5,90.8,1
bonus1,43.5,90.9,1
bonus1,43.5,91,1
bonus1,43.5,91.3,2
bonus1,43.5,91.4,2
bonus1,43.5,91.5,1
bonus1,43.5,91.6,3
bonus1,43.5,91.9,2
bonus1,43.5,92.2,1
bonus1,43.5,92.6,2
bonus1,43.5,92.8,1
bonus1,43.5,93,1
bonus1,43.5,93.2,1
bonus1,43.5,93.6,1
bonus1,43.5,93.7,1
bonus1,43.5,94.4,1
bonus1,43.5,94.8,1
bonus1,43.5,95,1
bonus1,43.5,95.2,1
bonus1,43.5,95.5,1
bonus1,43.5,95.7,1
bonus1,43.5,95.8,1
bonus1,43.5,96.7,2
bonus1,43.5,97.1,1
bonus1,43.5,98,1
bonus1,43.5,98.1,1
bonus1,43.5,98.5,1
bonus1,43.5,98.6,1
bonus1,43.5,99,1
bonus1,43.5,99.3,1
bonus1,43.5,99.5,1
bonus1,43.5,99.8,1
bonus1,48.6,0.2,2
bonus1,48.6,0.4,1
bonus1,48.6,0.5,2
bonus1,48.6,0.8,2
bonus1,48.6,1.1,1
bonus1,48.6,1.2,1
bonus1,48.6,1.6,1
bonus1,48.6,1.8,1
bonus1,48.6,2.1,1
bonus1,48.6,2.2,2
bonus1,48.6,2.3,1
bonus1,48.6,2.6,1
bonus1,48.6,2.9,2
bonus1,48.6,3.1,1
bonus1,48.6,3.4,1
bonus1,48.6,3.8,1
bonus1,48.6,4.4,2
bonus1,48.6,4.6,1
bonus1,48.6,4.9,2
bonus1,48.6,5,1
bonus1,48.6,5.1,1
bonus1,48.6,5.3,2
bonus1,48.6,5.7,1
bonus1,48.6,5.9,1
bonus1,48.6,6,1
bonus1,48.6,6.1,1
bonus1,48.6,6.2,2
bonus1,48.6,6.3,2
bonus1,48.6,6.6,1
bonus1,48.6,6.7,1
bonus1,48.6,6.8,1
bonus1,48.6,6.9,1
bonus1,48.6,7,1
bonus1,48.6,7.6,1
bonus1,48.6,7.7,1
bonus1,48.6,7.8,1
bonus1,48.6,8,1
bonus1,48.6,8.1,1
bonus1,48.6,9.2,1
bonus1,48.6,10,1
bonus1,48.6,10.4,1
bonus1,48.6,10.9,1
bonus1,48.6,11,1
bonus1,48.6,11.1,1
bonus1,48.6,11.3,1
bonus1,48.6,11.4,1
bonus1,48.6,12,1
bonus1,48.6,12.1,1
bonus1,48.6,13.2,1
bonus1,48.6,13.4,2
bonus1,48.6,13.6,2
bonus1,48.6,13.7,1
bonus1,48.6,15.2,1
bonus1,48.6,15.3,1
bonus1,48.6,15.9,1
bonus1,48.6,16,1
bonus1,48.6,16.7,1
bonus1,48.6,16.8,2
bonus1,48.6,17.3,1
bonus1,48.6,17.6,1
bonus1,48.6,17.8,1
bonus1,48.6,18.6,1
bonus1,48.6,18.8,1
bonus1,48.6,18.9,1
bonus1,48.6,19.3,1
bonus1,48.6,19.5,1
bonus1,48.6,19.7,1
bonus1,48.6,19.9,2
bonus1,48.6,21.4,1
bonus1,48.6,21.5,1
bonus1,48.6,21.8,1
bonus1,48.6,22.6,1
bonus1,48.6,22.7,2
bonus1,48.6,22.9,1
bonus1,48.6,23.1,1
bonus1,48.6,23.2,1
bonus1,48.6,23.7,1
bonus1,48.6,23.8,1
bonus1,48.6,24.1,1
bonus1,48.6,25.1,1
bonus1,48.6,25.4,3
bonus1,48.6,25.8,1
bonus1,48.6,26.2,1
bonus1,48.6,26.5,1
bonus1,48.6,26.6,3
bonus1,48.6,27.1,1
bonus1,48.6,27.2,2
bonus1,48.6,27.4,1
bonus1,48.6,28.1,1
bonus1,48.6,28.8,2
bonus1,48.6,28.9,1
bonus1,48.6,29,1
bonus1,48.6,29.2,1
bonus1,48.6,29.3,1
bonus1,48.6,30.5,1
bonus1,48.6,30.9,1
bonus1,48.6,31,1
bonus1,48.6,31.5,1
bonus1,48.6,31.7,1
bonus1,48.6,31.9,1
bonus1,48.6,32,3
bonus1,48.6,32.1,1
bonus1,48.6,32.4,1
bonus1,48.6,32.5,1
bonus1,48.6,32.6,1
bonus1,48.6,33.1,1
bonus1,48.6,33.3,1
bonus1,48.6,33.4,1
bonus1,48.6,33.5,1
bonus1,48.6,34.7,2
bonus1,48.6,34.8,1
bonus1,48.6,34.9,1
bonus1,48.6,35,1
bonus1,48.6,35.3,2
bonus1,48.6,35.4,3
bonus1,48.6,36.2,1
bonus1,48.6,36.9,1
bonus1,48.6,37.1,1
bonus1,48.6,37.3,1
bonus1,48.6,37.6,1
bonus1,48.6,38,1
bonus1,48.6,38.3,1
bonus1,48.6,38.9,1
bonus1,48.6,39,2
bonus1,48.6,39.1,2
bonus1,48.6,39.2,1
bonus1,48.6,39.8,1
bonus1,48.6,39.9,1
bonus1,48.6,40.4,1
bonus1,48.6,40.6,1
bonus1,48.6,40.8,1
bonus1,48.6,41,1
bonus1,48.6,41.2,2
bonus1,48.6,41.4,1
bonus1,48.6,41.6,1
bonus1,48.6,41.7,1
bonus1,48.6,42.1,1
bonus1,48.6,42.2,1
bonus1,48.6,42.3,1
bonus1,48.6,42.6,2
bonus1,48.6,42.9,1
bonus1,48.6,43,1
bonus1,48.6,43.1,1
bonus1,48.6,43.2,1
bonus1,48.6,43.5,1
bonus1,48.6,43.6,1
bonus1,48.6,43.7,1
bonus1,48.6,44,1
bonus1,48.6,44.4,2
bonus1,48.6,44.6,1
bonus1,48.6,45,1
bonus1,48.6,45.4,1
bonus1,48.6,45.9,1
bonus1,48.6,46,1
bonus1,48.6,46.2,1
bonus1,48.6,46.3,1
bonus1,48.6,46.5,1
bonus1,48.6,46.6,1
bonus1,48.6,46.7,3
bonus1,48.6,47,1
bonus1,48.6,47.4,1
bonus1,48.6,47.5,1
bonus1,48.6,47.7,1
bonus1,48.6,47.8,2
bonus1,48.6,48.2,1
bonus1,48.6,48.3,1
bonus1,48.6,48.6,2
bonus1,48.6,48.9,1
bonus1,48.6,49,1
bonus1,48.6,49.2,1
bonus1,48.6,49.6,1
bonus1,48.6,49.8,1
bonus1,48.6,50.2,1
bonus1,48.6,50.7,1
bonus1,48.6,50.9,1
bonus1,48.6,51.1,3
bonus1,48.6,51.3,2
bonus1,48.6,51.5,1
bonus1,48.6,52,2
bonus1,48.6,52.2,1
bonus1,48.6,52.4,1
bonus1,48.6,52.7,1
bonus1,48.6,52.8,1
bonus1,48.6,52.9,3
bonus1,48.6,53.5,1
bonus1,48.6,54.1,1
bonus1,48.6,54.4,1
bonus1,48.6,54.6,1
bonus1,48.6,54.7,1
bonus1,48.6,55.1,1
bonus1,48.6,55.4,1
bonus1,48.6,56.5,1
bonus1,48.6,56.7,1
bonus1,48.6,57,1
bonus1,48.6,57.3,1
bonus1,48.6,57.5,1
bonus1,48.6,57.6,1
bonus1,48.6,57.8,1
bonus1,48.6,58,2
bonus1,48.6,58.1,2
bonus1,48.6,58.2,1
bonus1,48.6,58.8,1
bonus1,48.6,59.2,1
bonus1,48.6,59.7,1
bonus1,48.6,60,1
bonus1,48.6,60.3,1
bonus1,48.6,60.8,1
bonus1,48.6,61.1,1
bonus1,48.6,61.6,1
bonus1,48.6,61.7,1
bonus1,48.6,61.9,1
bonus1,48.6,62.4,1
bonus1,48.6,63.1,1
bonus1,48.6,63.3,1
bonus1,48.6,63.4,1
bonus1,48.6,63.6,1
bonus1,48.6,64,1
bonus1,48.6,64.2,1
bonus1,48.6,64.3,1
bonus1,48.6,64.5,1
bonus1,48.6,64.7,1
bonus1,48.6,65.1,1
bonus1,48.6,65.2,1
bonus1,48.6,65.4,3
bonus1,48.6,65.7,1
bonus1,48.6,66.2,1
bonus1,48.6,66.5,1
bonus1,48.6,67.5,1
bonus1,48.6,67.7,1
bonus1,48.6,68.5,1
bonus1,48.6,68.8,1
bonus1,48.6,68.9,1
bonus1,48.6,70.4,1
bonus1,48.6,70.8,1
bonus1,48.6,72.4,1
bonus1,48.6,73.2,1
bonus1,48.6,73.3,1
bonus1,48.6,73.5,1
bonus1,48.6,73.6,1
bonus1,48.6,74.1,1
bonus1,48.6,74.3,1
bonus1,48.6,74.9,1
bonus1,48.6,75,1
bonus1,48.6,75.1,1
bonus1,48.6,76.2,1
bonus1,48.6,77,1
bonus1,48.6,77.1,1
bonus1,48.6,77.6,1
bonus1,48.6,78,1
bonus1,48.6,78.1,1
bonus1,48.6,78.2,3
bonus1,48.6,78.3,1
bonus1,48.6,78.4,1
bonus1,48.6,78.5,1
bonus1,48.6,78.6,1
bonus1,48.6,78.7,1
bonus1,48.6,78.9,1
bonus1,48.6,79,1
bonus1,48.6,79.4,1
bonus1,48.6,79.6,1
bonus1,48.6,79.8,2
bonus1,48.6,79.9,1
bonus1,48.6,80.2,1
bonus1,48.6,80.4,2
bonus1,48.6,80.8,1
bonus1,48.6,81.5,1
bonus1,48.6,81.6,1
bonus1,48.6,82.1,1
bonus1,48.6,82.4,1
bonus1,48.6,82.6,1
bonus1,48.6,82.9,2
bonus1,48.6,83.2,2
bonus1,48.6,83.4,1
bonus1,48.6,83.6,1
bonus1,48.6,84.3,1
bonus1,48.6,84.5,1
bonus1,48.6,85,2
bonus1,48.6,85.7,3
bonus1,48.6,85.8,1
bonus1,48.6,86.2,1
bonus1,48.6,86.8,1
bonus1,48.6,87.3,1
bonus1,48.6,87.5,1
bonus1,48.6,87.6,1
bonus1,48.6,87.7,2
bonus1,48.6,87.9,2
bonus1,48.6,88.4,1
bonus1,48.6,88.8,1
bonus1,48.6,88.9,1
bonus1,48.6,89,2
bonus1,48.6,89.1,1
bonus1,48.6,89.2,1
bonus1,48.6,89.4,1
bonus1,48.6,89.6,1
bonus1,48.6,89.9,1
bonus1,48.6,90,1
bonus1,48.6,90.4,1
bonus1,48.6,90.5,1
bonus1,48.6,91.3,1
bonus1,48.6,91.5,2
bonus1,48.6,91.7,1
bonus1,48.6,91.8,1
bonus1,48.6,92.9,1
bonus1,48.6,93.6,1
bonus1,48.6,96.3,1
bonus1,48.6,96.5,1
bonus1,48.6,96.6,1
bonus1,48.6,97.4,1
bonus1,48.6,98.1,1
bonus1,48.6,98.3,1
bonus1,48.6,99,1
bonus1,48.6,99.4,1
bonus1,48.6,99.5,2
bonus1,48.6,99.7,1
bonus1,54.3,0,1
bonus1,54.3,0.1,2
bonus1,54.3,0.2,1
bonus1,54.3,0.4,3
bonus1,54.3,0.7,2
bonus1,54.3,0.8,1
bonus1,54.3,1.1,2
bonus1,54.3,1.2,1
bonus1,54.3,1.3,1
bonus1,54.3,1.5,1
bonus1,54.3,1.6,1
bonus1,54.3,1.8,2
bonus1,54.3,1.9,2
bonus1,54.3,2,1
bonus1,54.3,2.3,3
bonus1,54.3,2.6,1
bonus1,54.3,2.7,1
bonus1,54.3,2.8,1
bonus1,54.3,2.9,1
bonus1,54.3,3,2
bonus1,54.3,3.2,1
bonus1,54.3,3.3,1
bonus1,54.3,3.4,1
bonus1,54.3,3.5,3
bonus1,54.3,3.6,2
bonus1,54.3,3.7,1
bonus1,54.3,4.3,1
bonus1,54.3,4.4,1
bonus1,54.3,4.8,2
bonus1,54.3,5,1
bonus1,54.3,5.1,2
bonus1,54.3,5.3,1
bonus1,54.3,5.4,2
bonus1,54.3,5.6,1
bonus1,54.3,5.7,1
bonus1,54.3,5.9,1
bonus1,54.3,6.1,1
bonus1,54.3,6.2,1
bonus1,54.3,6.3,1
bonus1,54.3,6.6,1
bonus1,54.3,6.8,1
bonus1,54.3,7,1
bonus1,54.3,7.1,2
bonus1,54.3,7.2,2
bonus1,54.3,7.3,2
bonus1,54.3,7.4,1
bonus1,54.3,7.5,1
bonus1,54.3,7.6,1
bonus1,54.3,7.7,2
bonus1,54.3,7.9,1
bonus1,54.3,8,1
bonus1,54.3,8.2,1
bonus1,54.3,8.3,2
bonus1,54.3,8.7,1
bonus1,54.3,9,1
bonus1,54.3,9.1,1
bonus1,54.3,9.6,1
bonus1,54.3,9.7,1
bonus1,54.3,9.8,1
bonus1,54.3,10,1
bonus1,54.3,10.1,2
bonus1,54.3,10.3,2
bonus1,54.3,10.4,3
bonus1,54.3,10.6,1
bonus1,54.3,10.8,3
bonus1,54.3,10.9,1
bonus1,54.3,11,2
bonus1,54.3,11.5,1
bonus1,54.3,11.6,2
bonus1,54.3,11.7,1
bonus1,54.3,11.9,1
bonus1,54.3,12,2
bonus1,54.3,12.3,1
bonus1,54.3,12.8,1
bonus1,54.3,13.1,1
bonus1,54.3,13.3,1
bonus1,54.3,13.4,2
bonus1,54.3,13.5,2
bonus1,54.3,13.7,3
bonus1,54.3,13.8,3
bonus1,54.3,13.9,1
bonus1,54.3,14.1,2
bonus1,54.3,14.3,2
bonus1,54.3,14.4,1
bonus1,54.3,14.8,1
bonus1,54.3,14.9,2
bonus1,54.3,15.1,1
bonus1,54.3,15.3,1
bonus1,54.3,15.4,2
bonus1,54.3,15.5,1
bonus1,54.3,15.8,1
bonus1,54.3,15.9,1
bonus1,54.3,16,3
bonus1,54.3,16.1,1
bonus1,54.3,16.4,2
bonus1,54.3,16.5,2
bonus1,54.3,16.6,1
bonus1,54.3,16.8,1
bonus1,54.3,16.9,2
bonus1,54.3,17,1
bonus1,54.3,17.3,1
bonus1,54.3,17.4,2
bonus1,54.3,17.5,1
bonus1,54.3,17.7,1
bonus1,54.3,17.9,1
bonus1,54.3,18.1,1
bonus1,54.3,18.2,4
bonus1,54.3,18.3,1
bonus1,54.3,18.5,3
bonus1,54.3,18.6,1
bonus1,54.3,18.7,1
bonus1,54.3,18.9,2
bonus1,54.3,19.1,1
bonus1,54.3,19.2,2
bonus1,54.3,19.5,1
bonus1,54.3,19.7,1
bonus1,54.3,19.9,1
bonus1,54.3,20,1
bonus1,54.3,20.2,1
bonus1,54.3,20.5,1
bonus1,54.3,20.6,1
bonus1,54.3,20.9,1
bonus1,54.3,21.2,1
bonus1,54.3,21.6,2
bonus1,54.3,21.7,2
bonus1,54.3,22.2,1
bonus1,54.3,22.4,1
bonus1,54.3,22.6,1
bonus1,54.3,22.7,2
bonus1,54.3,22.8,1
bonus1,54.3,23.1,1
bonus1,54.3,23.2,1
bonus1,54.3,23.4,2
bonus1,54.3,23.6,2
bonus1,54.3,23.8,1
bonus1,54.3,24.2,2
bonus1,54.3,24.3,2
bonus1,54.3,24.4,2
bonus1,54.3,24.7,2
bonus1,54.3,25,1
bonus1,54.3,25.1,1
bonus1,54.3,25.2,1
bonus1,54.3,25.4,1
bonus1,54.3,25.5,1
bonus1,54.3,25.7,2
bonus1,54.3,26.2,1
bonus1,54.3,26.7,1
bonus1,54.3,26.9,2
bonus1,54.3,27,2
bonus1,54.3,27.3,1
bonus1,54.3,27.5,2
bonus1,54.3,27.7,1
bonus1,54.3,28.1,1
bonus1,54.3,28.2,1
bonus1,54.3,28.3,1
bonus1,54.3,28.4,1
bonus1,54.3,28.5,1
bonus1,54.3,28.6,1
bonus1,54.3,28.7,1
bonus1,54.3,29.2,1
bonus1,54.3,29.5,1
bonus1,54.3,29.6,1
bonus1,54.3,29.7,2
bonus1,54.3,29.8,1
bonus1,54.3,29.9,1
bonus1,54.3,30,1
bonus1,54.3,30.4,1
bonus1,54.3,30.6,1
bonus1,54.3,31,2
bonus1,54.3,31.1,1
bonus1,54.3,31.4,2
bonus1,54.3,31.5,1
bonus1,54.3,31.6,1
bonus1,54.3,31.7,1
bonus1,54.3,31.8,3
bonus1,54.3,32.1,1
bonus1,54.3,32.2,3
bonus1,54.3,32.3,1
bonus1,54.3,32.4,2
bonus1,54.3,32.6,1
bonus1,54.3,32.7,1
bonus1,54.3,33,1
bonus1,54.3,33.1,2
bonus1,54.3,33.2,2
bonus1,54.3,33.4,1
bonus1,54.3,33.6,3
bonus1,54.3,33.8,1
bonus1,54.3,33.9,1
bonus1,54.3,34.1,1
bonus1,54.3,34.2,2
bonus1,54.3,34.3,1
bonus1,54.3,34.4,1
bonus1,54.3,34.5,1
bonus1,54.3,34.8,1
bonus1,54.3,35,2
bonus1,54.3,35.1,1
bonus1,54.3,35.3,1
bonus1,54.3,35.5,1
bonus1,54.3,35.8,1
bonus1,54.3,35.9,1
bonus1,54.3,36,1
bonus1,54.3,36.4,1
bonus1,54.3,36.5,2
bonus1,54.3,36.6,2
bonus1,54.3,36.9,1
bonus1,54.3,37,1
bonus1,54.3,37.1,2
bonus1,54.3,37.3,1
bonus1,54.3,37.7,1
bonus1,54.3,37.8,1
bonus1,54.3,37.9,1
bonus1,54.3,38.1,2
bonus1,54.3,38.2,2
bonus1,54.3,38.4,1
bonus1,54.3,38.5,2
bonus1,54.3,38.6,1
bonus1,54.3,38.7,1
bonus1,54.3,39.2,2
bonus1,54.3,39.5,1
bonus1,54.3,39.6,2
bonus1,54.3,40,1
bonus1,54.3,40.2,1
bonus1,54.3,40.3,1
bonus1,54.3,40.6,2
bonus1,54.3,40.7,1
bonus1,54.3,40.8,1
bonus1,54.3,40.9,1
bonus1,54.3,41.2,1
bonus1,54.3,41.4,2
bonus1,54.3,42.1,2
bonus1,54.3,42.3,1
bonus1,54.3,42.4,1
bonus1,54.3,42.5,2
bonus1,54.3,42.8,1
bonus1,54.3,43.1,2
bonus1,54.3,43.3,2
bonus1,54.3,44,2
bonus1,54.3,44.2,1
bonus1,54.3,44.3,1
bonus1,54.3,44.9,1
bonus1,54.3,45,1
bonus1,54.3,45.4,1
bonus1,54.3,45.6,1
bonus1,54.3,46.2,1
bonus1,54.3,46.7,2
bonus1,54.3,47,1
bonus1,54.3,47.2,1
bonus1,54.3,47.3,1
bonus1,54.3,47.4,1
bonus1,54.3,47.6,1
bonus1,54.3,47.8,1
bonus1,54.3,47.9,1
bonus1,54.3,48.1,1
bonus1,54.3,48.3,2
bonus1,54.3,48.8,1
bonus1,54.3,48.9,2
bonus1,54.3,49,2
bonus1,54.3,49.2,1
bonus1,54.3,49.3,2
bonus1,54.3,49.4,3
bonus1,54.3,49.5,1
bonus1,54.3,49.7,1
bonus1,54.3,50.1,1
bonus1,54.3,50.2,1
bonus1,54.3,50.3,2
bonus1,54.3,50.5,1
bonus1,54.3,50.6,1
bonus1,54.3,51.1,1
bonus1,54.3,51.4,1
bonus1,54.3,51.5,1
bonus1,54.3,51.6,2
bonus1,54.3,52,2
bonus1,54.3,52.4,2
bonus1,54.3,52.5,1
bonus1,54.3,53.1,1
bonus1,54.3,53.2,2
bonus1,54.3,53.6,2
bonus1,54.3,53.7,2
bonus1,54.3,54,1
bonus1,54.3,54.1,2
bonus1,54.3,54.3,1
bonus1,54.3,54.4,1
bonus1,54.3,54.6,1
bonus1,54.3,54.7,1
bonus1,54.3,54.8,1
bonus1,54.3,55,2
bonus1,54.3,55.2,1
bonus1,54.3,55.4,1
bonus1,54.3,55.5,2
bonus1,54.3,55.9,1
bonus1,54.3,56,1
bonus1,54.3,56.1,1
bonus1,54.3,56.3,1
bonus1,54.3,56.5,1
bonus1,54.3,56.7,1
bonus1,54.3,56.8,1
bonus1,54.3,56.9,1
bonus1,54.3,57.4,2
bonus1,54.3,57.5,1
bonus1,54.3,57.6,1
bonus1,54.3,57.7,2
bonus1,54.3,57.8,1
bonus1,54.3,57.9,2
bonus1,54.3,58.3,1
bonus1,54.3,58.4,1
bonus1,54.3,58.5,1
bonus1,54.3,58.6,2
bonus1,54.3,58.7,1
bonus1,54.3,58.9,1
bonus1,54.3,59,1
bonus1,54.3,59.1,1
bonus1,54.3,59.5,1
bonus1,54.3,59.6,1
bonus1,54.3,59.8,1
bonus1,54.3,59.9,1
bonus1,54.3,60,1
bonus1,54.3,60.1,1
bonus1,54.3,60.4,1
bonus1,54.3,60.6,2
bonus1,54.3,61,1
bonus1,54.3,61.1,1
bonus1,54.3,61.3,1
bonus1,54.3,61.4,1
bonus1,54.3,61.6,2
bonus1,54.3,62,1
bonus1,54.3,62.1,1
bonus1,54.3,62.3,3
bonus1,54.3,62.4,1
bonus1,54.3,62.5,1
bonus1,54.3,62.7,1
bonus1,54.3,62.9,2
bonus1,54.3,63.2,1
bonus1,54.3,63.4,1
bonus1,54.3,63.6,1
bonus1,54.3,63.8,1
bonus1,54.3,64,1
bonus1,54.3,64.1,1
bonus1,54.3,64.2,1
bonus1,54.3,64.4,1
bonus1,54.3,64.5,1
bonus1,54.3,64.7,2
bonus1,54.3,64.9,1
bonus1,54.3,65.2,1
bonus1,54.3,65.4,1
bonus1,54.3,65.7,1
bonus1,54.3,65.8,2
bonus1,54.3,66.3,2
bonus1,54.3,66.4,1
bonus1,54.3,66.5,1
bonus1,54.3,66.6,3
bonus1,54.3,66.8,1
bonus1,54.3,67,1
bonus1,54.3,67.2,1
bonus1,54.3,67.4,1
bonus1,54.3,67.7,2
bonus1,54.3,67.8,1
bonus1,54.3,67.9,1
bonus1,54.3,68.3,2
bonus1,54.3,68.5,1
bonus1,54.3,68.6,1
bonus1,54.3,68.9,2
bonus1,54.3,69,1
bonus1,54.3,69.1,2
bonus1,54.3,69.5,1
bonus1,54.3,69.6,1
bonus1,54.3,69.9,1
bonus1,54.3,70.2,2
bonus1,54.3,70.3,1
bonus1,54.3,70.8,2
bonus1,54.3,70.9,1
bonus1,54.3,71.1,1
bonus1,54.3,71.2,1
bonus1,54.3,71.4,2
bonus1,54.3,71.6,1
bonus1,54.3,72.2,2
bonus1,54.3,72.3,1
bonus1,54.3,72.4,1
bonus1,54.3,72.5,1
bonus1,54.3,72.9,1
bonus1,54.3,73.1,1
bonus1,54.3,73.3,1
bonus1,54.3,73.4,2
bonus1,54.3,73.8,3
bonus1,54.3,73.9,3
bonus1,54.3,74.3,1
bonus1,54.3,74.4,1
bonus1,54.3,74.6,1
bonus1,54.3,74.8,3
bonus1,54.3,74.9,1
bonus1,54.3,75.1,1
bonus1,54.3,75.4,2
bonus1,54.3,75.5,1
bonus1,54.3,75.6,1
bonus1,54.3,75.8,2
bonus1,54.3,75.9,3
bonus1,54.3,76.2,1
bonus1,54.3,76.3,1
bonus1,54.3,77.3,1
bonus1,54.3,77.4,1
bonus1,54.3,77.5,1
bonus1,54.3,77.6,1
bonus1,54.3,77.7,1
bonus1,54.3,77.8,1
bonus1,54.3,78,1
bonus1,54.3,78.3,1
bonus1,54.3,78.4,1
bonus1,54.3,78.5,1
bonus1,54.3,78.6,2
bonus1,54.3,78.8,1
bonus1,54.3,79,1
bonus1,54.3,79.1,1
bonus1,54.3,79.2,2
bonus1,54.3,79.3,2
bonus1,54.3,79.4,1
bonus1,54.3,79.6,1
bonus1,54.3,80.1,1
bonus1,54.3,80.2,1
bonus1,54.3,80.3,2
bonus1,54.3,80.5,1
bonus1,54.3,80.6,1
bonus1,54.3,80.7,1
bonus1,54.3,80.9,1
bonus1,54.3,81.2,2
bonus1,54.3,81.4,1
bonus1,54.3,81.6,1
bonus1,54.3,81.9,1
bonus1,54.3,82,1
bonus1,54.3,82.3,2
bonus1,54.3,82.4,1
bonus1,54.3,82.7,3
bonus1,54.3,82.8,2
bonus1,54.3,82.9,1
bonus1,54.3,83,1
bonus1,54.3,83.3,2
bonus1,54.3,83.4,1
bonus1,54.3,83.7,1
bonus1,54.3,83.9,1
bonus1,54.3,84,1
bonus1,54.3,84.3,1
bonus1,54.3,84.4,2
bonus1,54.3,84.5,2
bonus1,54.3,84.6,1
bonus1,54.3,84.9,1
bonus1,54.3,85.1,1
bonus1,54.3,85.2,1
bonus1,54.3,85.3,1
bonus1,54.3,85.4,1
bonus1,54.3,85.8,1
bonus1,54.3,86.1,1
bonus1,54.3,86.3,1
bonus1,54.3,86.4,1
bonus1,54.3,86.5,1
bonus1,54.3,87.2,1
bonus1,54.3,87.3,1
bonus1,54.3,87.4,1
bonus1,54.3,88.1,1
bonus1,54.3,88.2,1
bonus1,54.3,88.3,2
bonus1,54.3,88.4,2
bonus1,54.3,88.5,1
bonus1,54.3,88.6,1
bonus1,54.3,88.9,1
bonus1,54.3,89,1
bonus1,54.3,89.5,1
bonus1,54.3,89.6,1
bonus1,54.3,89.7,2
bonus1,54.3,90,1
bonus1,54.3,90.1,1
bonus1,54.3,90.4,1
bonus1,54.3,90.6,1
bonus1,54.3,90.8,1
bonus1,54.3,91,1
bonus1,54.3,91.1,2
bonus1,54.3,91.6,1
bonus1,54.3,91.8,1
bonus1,54.3,92.1,2
bonus1,54.3,92.2,1
bonus1,54.3,92.4,1
bonus1,54.3,92.5,3
bonus1,54.3,92.7,1
bonus1,54.3,92.9,1
bonus1,54.3,93.1,2
bonus1,54.3,93.3,1
bonus1,54.3,93.4,1
bonus1,54.3,93.5,1
bonus1,54.3,93.7,3
bonus1,54.3,93.9,1
bonus1,54.3,94.2,1
bonus1,54.3,94.3,1
bonus1,54.3,94.4,3
bonus1,54.3,94.7,1
bonus1,54.3,94.9,1
bonus1,54.3,95,1
bonus1,54.3,95.1,1
bonus1,54.3,95.2,1
bonus1,54.3,95.4,1
bonus1,54.3,95.6,1
bonus1,54.3,95.9,1
bonus1,54.3,96.1,1
bonus1,54.3,96.3,1
bonus1,54.3,96.5,1
bonus1,54.3,96.8,1
bonus1,54.3,96.9,1
bonus1,54.3,97,1
bonus1,54.3,97.1,1
bonus1,54.3,97.2,1
bonus1,54.3,97.4,1
bonus1,54.3,97.9,1
bonus1,54.3,98,1
bonus1,54.3,98.1,2
bonus1,54.3,98.2,1
bonus1,54.3,98.4,1
bonus1,54.3,98.7,2
bonus1,54.3,100,1
bonus1,60,0.1,1
bonus1,60,0.3,1
bonus1,60,0.4,1
bonus1,60,0.7,1
bonus1,60,0.9,2
bonus1,60,1.6,1
bonus1,60,1.8,1
bonus1,60,1.9,1
bonus1,60,2,1
bonus1,60,2.3,2
bonus1,60,2.9,2
bonus1,60,3,2
bonus1,60,3.1,1
bonus1,60,3.2,1
bonus1,60,3.3,2
bonus1,60,3.4,1
bonus1,60,4.1,1
bonus1,60,4.2,1
bonus1,60,5.3,1
bonus1,60,5.7,1
bonus1,60,5.8,1
bonus1,60,5.9,1
bonus1,60,6.4,1
bonus1,60,6.5,1
bonus1,60,6.6,1
bonus1,60,6.7,1
bonus1,60,7,1
bonus1,60,7.1,1
bonus1,60,7.2,1
bonus1,60,7.6,1
bonus1,60,8.8,2
bonus1,60,8.9,2
bonus1,60,9.2,1
bonus1,60,9.6,2
bonus1,60,9.7,1
bonus1,60,9.9,1
bonus1,60,10.1,1
bonus1,60,10.2,1
bonus1,60,10.6,2
bonus1,60,10.7,1
bonus1,60,11.2,1
bonus1,60,11.4,1
bonus1,60,12.6,1
bonus1,60,12.7,1
bonus1,60,12.9,1
bonus1,60,13.1,1
bonus1,60,13.7,2
bonus1,60,13.9,1
bonus1,60,14.2,2
bonus1,60,14.3,1
bonus1,60,14.7,1
bonus1,60,15,1
bonus1,60,16.4,1
bonus1,60,16.7,1
bonus1,60,16.8,1
bonus1,60,17.6,2
bonus1,60,17.8,1
bonus1,60,18,1
bonus1,60,18.3,1
bonus1,60,18.4,1
bonus1,60,18.7,1
bonus1,60,19,2
bonus1,60,19.1,1
bonus1,60,19.2,1
bonus1,60,19.6,2
bonus1,60,19.7,1
bonus1,60,19.8,1
bonus1,60,20.2,1
bonus1,60,20.4,1
bonus1,60,20.6,1
bonus1,60,20.8,1
bonus1,60,20.9,1
bonus1,60,21.1,1
bonus1,60,22,1
bonus1,60,22.4,1
bonus1,60,22.6,1
bonus1,60,22.9,1
bonus1,60,23.2,2
bonus1,60,23.3,1
bonus1,60,23.5,1
bonus1,60,24.3,2
bonus1,60,24.4,2
bonus1,60,24.5,1
bonus1,60,24.7,1
bonus1,60,24.9,1
bonus1,60,25,1
bonus1,60,25.4,1
bonus1,60,25.5,1
bonus1,60,26.1,1
bonus1,60,26.3,2
bonus1,60,26.8,1
bonus1,60,27.5,1
bonus1,60,28.1,1
bonus1,60,28.3,1
bonus1,60,28.4,1
bonus1,60,28.6,1
bonus1,60,28.8,2
bonus1,60,28.9,1
bonus1,60,29,2
bonus1,60,29.6,1
bonus1,60,29.7,1
bonus1,60,30.2,1
bonus1,60,30.6,2
bonus1,60,30.7,1
bonus1,60,30.8,1
bonus1,60,31.2,1
bonus1,60,32,1
bonus1,60,32.2,1
bonus1,60,32.8,1
bonus1,60,32.9,1
bonus1,60,33.6,1
bonus1,60,33.9,1
bonus1,60,34.2,1
bonus1,60,34.8,1
bonus1,60,35.2,2
bonus1,60,35.4,1
bonus1,60,35.5,1
bonus1,60,36,1
bonus1,60,36.1,1
bonus1,60,36.3,2
bonus1,60,37.1,1
bonus1,60,37.2,1
bonus1,60,37.6,1
bonus1,60,37.9,1
bonus1,60,38,1
bonus1,60,38.8,1
bonus1,60,38.9,1
bonus1,60,39.4,1
bonus1,60,39.5,1
bonus1,60,39.6,1
bonus1,60,39.8,1
bonus1,60,40,1
bonus1,60,40.1,2
bonus1,60,40.4,1
bonus1,60,40.7,1
bonus1,60,40.9,1
bonus1,60,41,1
bonus1,60,41.1,1
bonus1,60,41.5,1
bonus1,60,41.6,1
bonus1,60,42.1,2
bonus1,60,42.3,2
bonus1,60,42.6,1
bonus1,60,43.3,1
bonus1,60,43.5,2
bonus1,60,44.2,1
bonus1,60,44.3,1
bonus1,60,44.4,1
bonus1,60,44.7,1
bonus1,60,44.8,1
bonus1,60,44.9,1
bonus1,60,45,1
bonus1,60,45.3,1
bonus1,60,45.5,1
bonus1,60,45.6,1
bonus1,60,45.7,1
bonus1,60,46,1
bonus1,60,46.2,1
bonus1,60,46.4,1
bonus1,60,47,1
bonus1,60,47.2,1
bonus1,60,47.9,1
bonus1,60,48.5,1
bonus1,60,48.6,1
bonus1,60,48.8,1
bonus1,60,48.9,1
bonus1,60,49,1
bonus1,60,49.4,2
bonus1,60,49.5,1
bonus1,60,49.7,1
bonus1,60,50.3,1
bonus1,60,50.8,1
bonus1,60,51,2
bonus1,60,51.4,1
bonus1,60,51.5,1
bonus1,60,51.6,1
bonus1,60,51.7,1
bonus1,60,51.9,1
bonus1,60,52,1
bonus1,60,52.3,1
bonus1,60,52.9,1
bonus1,60,53.5,1
bonus1,60,53.6,1
bonus1,60,54.2,1
bonus1,60,54.6,1
bonus1,60,54.9,1
bonus1,60,55.2,1
bonus1,60,55.4,1
bonus1,60,55.8,1
bonus1,60,56,1
bonus1,60,56.1,1
bonus1,60,56.2,1
bonus1,60,57,1
bonus1,60,57.3,1
bonus1,60,57.4,1
bonus1,60,57.5,1
bonus1,60,57.6,1
bonus1,60,57.8,1
bonus1,60,58.3,1
bonus1,60,58.4,1
bonus1,60,58.8,1
bonus1,60,59.2,2
bonus1,60,60,2
bonus1,60,60.1,1
bonus1,60,60.2,1
bonus1,60,60.4,1
bonus1,60,60.7,1
bonus1,60,61.2,1
bonus1,60,61.3,1
bonus1,60,61.6,1
bonus1,60,61.8,1
bonus1,60,61.9,1
bonus1,60,62,1
bonus1,60,62.1,2
bonus1,60,62.2,1
bonus1,60,62.5,1
bonus1,60,63.2,1
bonus1,60,63.3,1
bonus1,60,63.4,1
bonus1,60,63.5,1
bonus1,60,63.8,1
bonus1,60,64.3,1
bonus1,60,64.8,1
bonus1,60,65.5,1
bonus1,60,65.6,1
bonus1,60,65.7,1
bonus1,60,65.9,1
bonus1,60,66,1
bonus1,60,66.4,1
bonus1,60,66.7,2
bonus1,60,66.8,1
bonus1,60,66.9,1
bonus1,60,67.8,1
bonus1,60,67.9,1
bonus1,60,68.1,1
bonus1,60,68.3,2
bonus1,60,68.7,1
bonus1,60,68.9,2
bonus1,60,69.1,1
bonus1,60,69.3,1
bonus1,60,69.4,2
bonus1,60,70,1
bonus1,60,70.3,1
bonus1,60,70.4,1
bonus1,60,70.6,2
bonus1,60,70.8,2
bonus1,60,71,1
bonus1,60,71.5,3
bonus1,60,71.6,1
bonus1,60,71.9,1
bonus1,60,72.3,1
bonus1,60,72.6,1
bonus1,60,72.9,2
bonus1,60,73.3,1
bonus1,60,73.6,1
bonus1,60,73.8,1
bonus1,60,74,1
bonus1,60,74.8,1
bonus1,60,75.4,1
bonus1,60,75.6,1
bonus1,60,76,1
bonus1,60,76.1,1
bonus1,60,76.4,1
bonus1,60,76.8,1
bonus1,60,76.9,1
bonus1,60,77.1,1
bonus1,60,77.4,1
bonus1,60,78.1,1
bonus1,60,78.3,1
bonus1,60,78.4,2
bonus1,60,78.5,1
bonus1,60,78.8,1
bonus1,60,78.9,1
bonus1,60,79.9,1
bonus1,60,80.9,1
bonus1,60,81,1
bonus1,60,81.2,1
bonus1,60,81.6,1
bonus1,60,82.3,1
bonus1,60,82.7,1
bonus1,60,83.1,1
bonus1,60,83.2,1
bonus1,60,83.7,2
bonus1,60,84.5,1
bonus1,60,84.6,1
bonus1,60,84.8,1
bonus1,60,84.9,1
bonus1,60,85.6,1
bonus1,60,85.9,1
bonus1,60,86.2,1
bonus1,60,86.9,1
bonus1,60,87.2,1
bonus1,60,87.5,1
bonus1,60,87.7,1
bonus1,60,87.9,1
bonus1,60,88,1
bonus1,60,88.5,1
bonus1,60,89.1,2
bonus1,60,89.4,1
bonus1,60,89.5,1
bonus1,60,89.9,1
bonus1,60,90.3,1
bonus1,60,90.5,2
bonus1,60,90.6,1
bonus1,60,90.7,1
bonus1,60,91.9,2
bonus1,60,92,1
bonus1,60,92.1,1
bonus1,60,92.2,1
bonus1,60,92.3,2
bonus1,60,92.4,1
bonus1,60,92.5,1
bonus1,60,93,1
bonus1,60,93.3,1
bonus1,60,94.6,1
bonus1,60,95.2,1
bonus1,60,95.4,3
bonus1,60,95.6,1
bonus1,60,95.9,2
bonus1,60,96.2,1
bonus1,60,96.4,1
bonus1,60,96.8,1
bonus1,60,97,1
bonus1,60,97.1,1
bonus1,60,99.8,1
bonus1,66,0,1
bonus1,66,0.5,1
bonus1,66,0.6,3
bonus1,66,1,2
bonus1,66,1.1,1
bonus1,66,1.2,3
bonus1,66,1.3,1
bonus1,66,1.4,1
bonus1,66,1.7,1
bonus1,66,1.9,1
bonus1,66,2.2,1
bonus1,66,2.3,2
bonus1,66,2.5,1
bonus1,66,2.6,1
bonus1,66,2.7,1
bonus1,66,3.1,1
bonus1,66,3.4,1
bonus1,66,3.8,2
bonus1,66,3.9,1
bonus1,66,4,1
bonus1,66,4.1,1
bonus1,66,4.2,1
bonus1,66,4.3,3
bonus1,66,4.7,1
bonus1,66,5,1
bonus1,66,5.3,1
bonus1,66,5.5,1
bonus1,66,5.6,3
bonus1,66,5.7,2
bonus1,66,6.3,1
bonus1,66,6.5,1
bonus1,66,6.7,2
bonus1,66,7,1
bonus1,66,7.5,2
bonus1,66,7.9,1
bonus1,66,8.4,3
bonus1,66,8.5,3
bonus1,66,8.8,1
bonus1,66,9,1
bonus1,66,9.2,1
bonus1,66,9.3,1
bonus1,66,9.5,1
bonus1,66,9.6,1
bonus1,66,9.9,1
bonus1,66,10,1
bonus1,66,10.1,1
bonus1,66,10.5,2
bonus1,66,10.7,1
bonus1,66,10.9,2
bonus1,66,11.2,1
bonus1,66,11.6,2
bonus1,66,11.8,2
bonus1,66,12,1
bonus1,66,12.2,2
bonus1,66,12.5,1
bonus1,66,12.8,1
bonus1,66,12.9,1
bonus1,66,13,1
bonus1,66,13.1,5
bonus1,66,13.2,1
bonus1,66,13.3,2
bonus1,66,13.8,1
bonus1,66,14.1,1
bonus1,66,14.3,1
bonus1,66,14.4,2
bonus1,66,14.6,2
bonus1,66,14.7,2
bonus1,66,15.1,1
bonus1,66,15.4,1
bonus1,66,15.6,2
bonus1,66,15.8,1
bonus1,66,15.9,2
bonus1,66,16,1
bonus1,66,16.1,1
bonus1,66,16.4,2
bonus1,66,16.7,1
bonus1,66,16.8,2
bonus1,66,16.9,1
bonus1,66,17,1
bonus1,66,17.1,2
bonus1,66,17.3,2
bonus1,66,17.4,1
bonus1,66,17.5,1
bonus1,66,17.6,1
bonus1,66,17.8,2
bonus1,66,18.1,1
bonus1,66,18.7,2
bonus1,66,19.1,1
bonus1,66,19.2,1
bonus1,66,19.3,2
bonus1,66,19.4,2
bonus1,66,19.5,2
bonus1,66,19.9,1
bonus1,66,20.1,1
bonus1,66,20.3,1
bonus1,66,20.5,1
bonus1,66,20.8,1
bonus1,66,21,1
bonus1,66,21.1,1
bonus1,66,21.2,3
bonus1,66,22,1
bonus1,66,22.3,2
bonus1,66,22.4,1
bonus1,66,22.5,1
bonus1,66,22.7,2
bonus1,66,22.9,1
bonus1,66,23.4,2
bonus1,66,23.5,1
bonus1,66,23.7,1
bonus1,66,24,1
bonus1,66,24.4,2
bonus1,66,24.5,1
bonus1,66,24.6,1
bonus1,66,24.7,1
bonus1,66,24.9,2
bonus1,66,25.2,1
bonus1,66,25.3,1
bonus1,66,25.4,1
bonus1,66,25.5,2
bonus1,66,25.6,1
bonus1,66,25.7,2
bonus1,66,26.1,1
bonus1,66,26.2,2
bonus1,66,26.4,2
bonus1,66,26.5,1
bonus1,66,26.6,1
bonus1,66,26.7,1
bonus1,66,27.2,2
bonus1,66,27.5,1
bonus1,66,27.7,2
bonus1,66,27.9,2
bonus1,66,28,1
bonus1,66,28.5,1
bonus1,66,28.9,1
bonus1,66,29,1
bonus1,66,29.1,1
bonus1,66,29.2,1
bonus1,66,29.6,1
bonus1,66,29.9,1
bonus1,66,30,2
bonus1,66,30.2,1
bonus1,66,30.3,1
bonus1,66,30.4,2
bonus1,66,30.5,1
bonus1,66,30.9,3
bonus1,66,31.1,1
bonus1,66,31.3,1
bonus1,66,31.4,1
bonus1,66,31.7,1
bonus1,66,31.8,1
bonus1,66,32.4,1
bonus1,66,32.5,2
bonus1,66,32.6,1
bonus1,66,32.9,1
bonus1,66,33,3
bonus1,66,33.1,2
bonus1,66,33.2,1
bonus1,66,33.4,2
bonus1,66,33.6,2
bonus1,66,33.7,3
bonus1,66,33.8,1
bonus1,66,33.9,1
bonus1,66,34,1
bonus1,66,34.1,1
bonus1,66,34.2,1
bonus1,66,34.3,2
bonus1,66,34.4,1
bonus1,66,34.5,1
bonus1,66,34.6,2
bonus1,66,34.7,1
bonus1,66,34.8,1
bonus1,66,34.9,1
bonus1,66,35,2
bonus1,66,35.2,1
bonus1,66,35.7,1
bonus1,66,36.3,1
bonus1,66,36.6,1
bonus1,66,36.9,1
bonus1,66,37,3
bonus1,66,37.1,1
bonus1,66,37.2,2
bonus1,66,37.7,2
bonus1,66,37.8,1
bonus1,66,37.9,2
bonus1,66,38,1
bonus1,66,38.2,2
bonus1,66,38.3,1
bonus1,66,38.4,1
bonus1,66,38.5,1
bonus1,66,38.7,1
bonus1,66,38.8,1
bonus1,66,38.9,1
bonus1,66,39.1,1
bonus1,66,39.2,1
bonus1,66,39.3,1
bonus1,66,39.4,1
bonus1,66,39.5,1
bonus1,66,39.6,1
bonus1,66,39.7,2
bonus1,66,40.1,1
bonus1,66,40.4,2
bonus1,66,40.7,1
bonus1,66,41,2
bonus1,66,41.2,1
bonus1,66,41.3,2
bonus1,66,41.9,2
bonus1,66,42,1
bonus1,66,42.1,1
bonus1,66,42.3,1
bonus1,66,42.6,1
bonus1,66,42.7,1
bonus1,66,42.9,1
bonus1,66,43,2
bonus1,66,43.2,1
bonus1,66,43.3,2
bonus1,66,43.6,1
bonus1,66,43.8,1
bonus1,66,43.9,1
bonus1,66,44,1
bonus1,66,44.3,1
bonus1,66,44.4,1
bonus1,66,44.5,1
bonus1,66,45,1
bonus1,66,45.3,1
bonus1,66,45.4,2
bonus1,66,45.5,1
bonus1,66,45.6,1
bonus1,66,45.7,2
bonus1,66,46,1
bonus1,66,46.1,1
bonus1,66,46.3,1
bonus1,66,46.9,1
bonus1,66,47,1
bonus1,66,47.1,2
bonus1,66,47.3,1
bonus1,66,47.5,2
bonus1,66,47.6,2
bonus1,66,47.7,1
bonus1,66,47.9,1
bonus1,66,48,1
bonus1,66,48.1,2
bonus1,66,48.2,3
bonus1,66,48.5,1
bonus1,66,49,1
bonus1,66,49.1,1
bonus1,66,49.2,1
bonus1,66,49.5,1
bonus1,66,49.8,2
bonus1,66,50,1
bonus1,66,50.1,1
bonus1,66,50.4,2
bonus1,66,50.6,2
bonus1,66,50.7,1
bonus1,66,50.9,2
bonus1,66,51.1,1
bonus1,66,51.2,1
bonus1,66,51.5,1
bonus1,66,51.6,1
bonus1,66,51.8,1
bonus1,66,52,1
bonus1,66,52.1,1
bonus1,66,52.2,1
bonus1,66,52.4,1
bonus1,66,52.5,1
bonus1,66,52.6,1
bonus1,66,52.7,3
bonus1,66,53,2
bonus1,66,53.1,1
bonus1,66,53.2,2
bonus1,66,53.3,4
bonus1,66,53.4,1
bonus1,66,53.6,1
bonus1,66,53.8,1
bonus1,66,53.9,1
bonus1,66,54.2,4
bonus1,66,54.4,1
bonus1,66,54.5,1
bonus1,66,54.8,3
bonus1,66,55,2
bonus1,66,55.1,1
bonus1,66,55.2,1
bonus1,66,55.3,2
bonus1,66,55.5,1
bonus1,66,55.6,1
bonus1,66,55.7,2
bonus1,66,55.9,2
bonus1,66,56.1,1
bonus1,66,56.2,1
bonus1,66,56.3,2
bonus1,66,56.6,2
bonus1,66,56.8,2
bonus1,66,56.9,2
bonus1,66,57.1,3
bonus1,66,57.2,2
bonus1,66,57.8,1
bonus1,66,58.1,1
bonus1,66,58.2,2
bonus1,66,58.3,1
bonus1,66,58.4,2
bonus1,66,58.5,1
bonus1,66,58.6,1
bonus1,66,58.7,1
bonus1,66,58.9,1
bonus1,66,59,2
bonus1,66,59.3,2
bonus1,66,59.4,2
bonus1,66,59.5,1
bonus1,66,59.7,1
bonus1,66,59.8,2
bonus1,66,60.1,1
bonus1,66,60.3,1
bonus1,66,60.9,2
bonus1,66,61,2
bonus1,66,61.2,1
bonus1,66,61.3,2
bonus1,66,61.4,1
bonus1,66,61.5,4
bonus1,66,61.6,1
bonus1,66,61.7,1
bonus1,66,61.8,2
bonus1,66,62.1,1
bonus1,66,62.4,1
bonus1,66,62.5,1
bonus1,66,62.7,1
bonus1,66,63,1
bonus1,66,63.3,2
bonus1,66,63.5,1
bonus1,66,63.7,2
bonus1,66,63.8,1
bonus1,66,63.9,1
bonus1,66,64.3,1
bonus1,66,64.6,2
bonus1,66,64.8,1
bonus1,66,64.9,1
bonus1,66,65.1,1
bonus1,66,65.2,1
bonus1,66,65.6,1
bonus1,66,65.8,1
bonus1,66,66,1
bonus1,66,66.3,1
bonus1,66,66.6,2
bonus1,66,66.7,3
bonus1,66,66.9,3
bonus1,66,67.1,1
bonus1,66,67.3,1
bonus1,66,67.4,2
bonus1,66,67.5,1
bonus1,66,67.7,1
bonus1,66,67.9,2
bonus1,66,68,2
bonus1,66,68.1,1
bonus1,66,68.2,1
bonus1,66,68.3,1
bonus1,66,68.4,2
bonus1,66,68.5,1
bonus1,66,68.6,1
bonus1,66,69.2,2
bonus1,66,69.7,1
bonus1,66,70.4,1
bonus1,66,70.5,1
bonus1,66,71,1
bonus1,66,71.1,2
bonus1,66,71.4,3
bonus1,66,71.6,1
bonus1,66,71.7,1
bonus1,66,71.8,3
bonus1,66,72.4,1
bonus1,66,72.5,2
bonus1,66,72.7,1
bonus1,66,72.8,1
bonus1,66,73.1,1
bonus1,66,73.2,1
bonus1,66,73.4,1
bonus1,66,73.5,1
bonus1,66,73.6,1
bonus1,66,73.7,3
bonus1,66,73.9,1
bonus1,66,74,1
bonus1,66,74.1,1
bonus1,66,74.2,1
bonus1,66,74.3,1
bonus1,66,74.5,2
bonus1,66,74.6,1
bonus1,66,74.7,2
bonus1,66,74.9,1
bonus1,66,75,2
bonus1,66,75.2,1
bonus1,66,75.3,1
bonus1,66,75.4,2
bonus1,66,75.5,2
bonus1,66,75.7,1
bonus1,66,76,1
bonus1,66,76.2,1
bonus1,66,76.3,1
bonus1,66,76.7,1
bonus1,66,76.8,2
bonus1,66,76.9,1
bonus1,66,77,1
bonus1,66,77.2,1
bonus1,66,77.3,1
bonus1,66,77.5,1
bonus1,66,77.6,1
bonus1,66,77.8,1
bonus1,66,77.9,1
bonus1,66,78,1
bonus1,66,78.1,1
bonus1,66,78.2,1
bonus1,66,78.7,2
bonus1,66,78.9,1
bonus1,66,79,1
bonus1,66,79.1,1
bonus1,66,79.2,1
bonus1,66,79.3,1
bonus1,66,79.6,2
bonus1,66,79.7,2
bonus1,66,79.9,1
bonus1,66,80.1,2
bonus1,66,80.4,1
bonus1,66,80.5,2
bonus1,66,80.7,1
bonus1,66,80.9,1
bonus1,66,81,1
bonus1,66,81.1,1
bonus1,66,81.3,1
bonus1,66,81.5,1
bonus1,66,81.6,1
bonus1,66,81.7,2
bonus1,66,82,2
bonus1,66,82.1,1
bonus1,66,82.2,2
bonus1,66,82.5,1
bonus1,66,82.9,1
bonus1,66,83.1,2
bonus1,66,83.3,1
bonus1,66,83.6,2
bonus1,66,83.7,2
bonus1,66,83.8,1
bonus1,66,83.9,1
bonus1,66,84,1
bonus1,66,84.1,2
bonus1,66,84.2,2
bonus1,66,84.3,1
bonus1,66,84.7,1
bonus1,66,84.8,2
bonus1,66,85.1,2
bonus1,66,85.3,2
bonus1,66,85.5,2
bonus1,66,85.6,1
bonus1,66,85.7,1
bonus1,66,86,4
bonus1,66,86.1,1
bonus1,66,86.4,1
bonus1,66,86.5,1
bonus1,66,86.6,1
bonus1,66,86.7,2
bonus1,66,86.8,2
bonus1,66,87.1,2
bonus1,66,87.3,1
bonus1,66,87.4,2
bonus1,66,87.5,1
bonus1,66,87.6,1
bonus1,66,87.7,1
bonus1,66,87.8,1
bonus1,66,88,1
bonus1,66,88.1,1
bonus1,66,88.2,1
bonus1,66,88.3,1
bonus1,66,88.5,1
bonus1,66,88.6,1
bonus1,66,88.8,1
bonus1,66,88.9,1
bonus1,66,89,2
bonus1,66,89.2,2
bonus1,66,89.3,1
bonus1,66,89.5,1
bonus1,66,89.9,1
bonus1,66,90.1,3
bonus1,66,90.5,2
bonus1,66,90.6,1
bonus1,66,90.8,1
bonus1,66,91,1
bonus1,66,91.1,2
bonus1,66,91.2,1
bonus1,66,91.3,1
bonus1,66,91.4,2
bonus1,66,91.5,1
bonus1,66,91.6,1
bonus1,66,91.7,2
bonus1,66,91.8,1
bonus1,66,91.9,1
bonus1,66,92.1,1
bonus1,66,92.2,1
bonus1,66,92.3,1
bonus1,66,92.4,2
bonus1,66,92.5,1
bonus1,66,92.6,2
bonus1,66,92.7,1
bonus1,66,92.8,4
bonus1,66,92.9,1
bonus1,66,93,1
bonus1,66,93.1,1
bonus1,66,93.2,1
bonus1,66,93.3,3
bonus1,66,93.4,1
bonus1,66,93.5,1
bonus1,66,93.7,1
bonus1,66,94.1,1
bonus1,66,94.2,1
bonus1,66,94.5,1
bonus1,66,94.6,2
bonus1,66,94.7,1
bonus1,66,94.9,1
bonus1,66,95,1
bonus1,66,95.2,1
bonus1,66,95.4,1
bonus1,66,95.5,2
bonus1,66,95.6,1
bonus1,66,95.7,2
bonus1,66,96.2,1
bonus1,66,96.3,1
bonus1,66,96.4,1
bonus1,66,96.5,2
bonus1,66,96.6,1
bonus1,66,96.7,1
bonus1,66,97.2,1
bonus1,66,97.3,1
bonus1,66,97.5,1
bonus1,66,97.6,1
bonus1,66,97.7,1
bonus1,66,97.8,2
bonus1,66,98,1
bonus1,66,99.3,2
bonus1,66,99.4,1
bonus1,66,99.6,1
bonus1,72.1,0.3,1
bonus1,72.1,0.4,1
bonus1,72.1,0.7,1
bonus1,72.1,0.9,1
bonus1,72.1,1.2,1
bonus1,72.1,2.3,1
bonus1,72.1,2.7,1
bonus1,72.1,3.7,2
bonus1,72.1,3.9,1
bonus1,72.1,4.7,1
bonus1,72.1,4.9,1
bonus1,72.1,5.4,2
bonus1,72.1,5.5,1
bonus1,72.1,5.6,1
bonus1,72.1,6.1,2
bonus1,72.1,6.4,1
bonus1,72.1,7.2,2
bonus1,72.1,7.4,1
bonus1,72.1,7.6,1
bonus1,72.1,8,1
bonus1,72.1,8.2,1
bonus1,72.1,8.3,1
bonus1,72.1,8.4,2
bonus1,72.1,8.7,2
bonus1,72.1,8.9,1
bonus1,72.1,9.4,1
bonus1,72.1,9.7,1
bonus1,72.1,10.3,1
bonus1,72.1,10.7,1
bonus1,72.1,10.9,1
bonus1,72.1,12,1
bonus1,72.1,12.4,2
bonus1,72.1,12.7,1
bonus1,72.1,12.9,1
bonus1,72.1,13,1
bonus1,72.1,13.6,2
bonus1,72.1,13.9,1
bonus1,72.1,14.3,2
bonus1,72.1,14.6,1
bonus1,72.1,14.7,1
bonus1,72.1,14.8,1
bonus1,72.1,15,2
bonus1,72.1,15.1,1
bonus1,72.1,15.2,1
bonus1,72.1,15.5,1
bonus1,72.1,15.8,1
bonus1,72.1,15.9,1
bonus1,72.1,16,2
bonus1,72.1,16.2,1
bonus1,72.1,16.4,1
bonus1,72.1,17,2
bonus1,72.1,17.3,1
bonus1,72.1,17.4,1
bonus1,72.1,18.4,1
bonus1,72.1,18.7,1
bonus1,72.1,18.9,1
bonus1,72.1,19.7,1
bonus1,72.1,19.8,1
bonus1,72.1,19.9,1
bonus1,72.1,20.3,1
bonus1,72.1,20.4,1
bonus1,72.1,21,1
bonus1,72.1,21.3,1
bonus1,72.1,21.4,1
bonus1,72.1,21.7,1
bonus1,72.1,21.8,2
bonus1,72.1,21.9,1
bonus1,72.1,22,1
bonus1,72.1,22.2,1
bonus1,72.1,22.6,1
bonus1,72.1,22.8,2
bonus1,72.1,23,1
bonus1,72.1,23.3,1
bonus1,72.1,23.4,1
bonus1,72.1,23.6,1
bonus1,72.1,23.8,1
bonus1,72.1,24.1,1
bonus1,72.1,24.7,2
bonus1,72.1,25.2,1
bonus1,72.1,25.3,2
bonus1,72.1,25.5,1
bonus1,72.1,25.6,2
bonus1,72.1,25.8,2
bonus1,72.1,26.3,1
bonus1,72.1,26.5,1
bonus1,72.1,26.7,1
bonus1,72.1,27,1
bonus1,72.1,27.7,2
bonus1,72.1,27.8,1
bonus1,72.1,27.9,1
bonus1,72.1,28.3,1
bonus1,72.1,28.4,1
bonus1,72.1,28.7,1
bonus1,72.1,29.6,1
bonus1,72.1,29.8,1
bonus1,72.1,30.1,1
bonus1,72.1,30.6,1
bonus1,72.1,31.2,2
bonus1,72.1,31.3,1
bonus1,72.1,31.5,1
bonus1,72.1,31.9,1
bonus1,72.1,32.2,1
bonus1,72.1,32.3,1
bonus1,72.1,32.6,1
bonus1,72.1,33.7,1
bonus1,72.1,33.8,1
bonus1,72.1,34,1
bonus1,72.1,34.3,2
bonus1,72.1,34.4,1
bonus1,72.1,34.6,1
bonus1,72.1,34.7,1
bonus1,72.1,34.8,1
bonus1,72.1,34.9,1
bonus1,72.1,35.6,1
bonus1,72.1,35.7,2
bonus1,72.1,37,2
bonus1,72.1,37.1,1
bonus1,72.1,37.3,1
bonus1,72.1,37.6,1
bonus1,72.1,38.4,2
bonus1,72.1,38.6,1
bonus1,72.1,38.8,1
bonus1,72.1,38.9,1
bonus1,72.1,39.4,1
bonus1,72.1,39.5,1
bonus1,72.1,39.6,1
bonus1,72.1,39.7,1
bonus1,72.1,39.9,2
bonus1,72.1,40,1
bonus1,72.1,40.1,1
bonus1,72.1,40.3,1
bonus1,72.1,41.5,1
bonus1,72.1,41.7,1
bonus1,72.1,41.9,2
bonus1,72.1,42.2,1
bonus1,72.1,42.4,2
bonus1,72.1,42.5,1
bonus1,72.1,43.2,1
bonus1,72.1,43.4,1
bonus1,72.1,44.1,2
bonus1,72.1,44.4,1
bonus1,72.1,44.9,2
bonus1,72.1,45.5,1
bonus1,72.1,45.7,1
bonus1,72.1,45.9,1
bonus1,72.1,46.1,1
bonus1,72.1,46.5,1
bonus1,72.1,47.2,2
bonus1,72.1,47.8,2
bonus1,72.1,48,1
bonus1,72.1,48.1,2
bonus1,72.1,48.4,1
bonus1,72.1,48.6,1
bonus1,72.1,48.7,1
bonus1,72.1,49,1
bonus1,72.1,49.1,1
bonus1,72.1,49.2,1
bonus1,72.1,49.3,1
bonus1,72.1,49.4,1
bonus1,72.1,49.6,1
bonus1,72.1,49.7,2
bonus1,72.1,49.8,1
bonus1,72.1,50,1
bonus1,72.1,50.1,1
bonus1,72.1,50.4,1
bonus1,72.1,50.5,1
bonus1,72.1,51.2,1
bonus1,72.1,51.9,4
bonus1,72.1,52.1,1
bonus1,72.1,52.3,1
bonus1,72.1,52.5,1
bonus1,72.1,52.8,1
bonus1,72.1,53.2,1
bonus1,72.1,53.3,1
bonus1,72.1,53.9,1
bonus1,72.1,54.1,2
bonus1,72.1,54.6,1
bonus1,72.1,55,1
bonus1,72.1,55.8,1
bonus1,72.1,56.4,1
bonus1,72.1,58.5,2
bonus1,72.1,58.7,1
bonus1,72.1,58.8,1
bonus1,72.1,59.1,1
bonus1,72.1,59.2,1
bonus1,72.1,59.4,2
bonus1,72.1,59.6,2
bonus1,72.1,60.2,1
bonus1,72.1,60.4,1
bonus1,72.1,60.6,1
bonus1,72.1,60.7,1
bonus1,72.1,61.5,1
bonus1,72.1,61.9,1
bonus1,72.1,62,1
bonus1,72.1,62.1,1
bonus1,72.1,62.7,3
bonus1,72.1,63.2,1
bonus1,72.1,63.4,1
bonus1,72.1,63.6,1
bonus1,72.1,63.7,2
bonus1,72.1,63.8,1
bonus1,72.1,64.1,1
bonus1,72.1,64.8,1
bonus1,72.1,65,1
bonus1,72.1,65.9,1
bonus1,72.1,66,1
bonus1,72.1,66.5,2
bonus1,72.1,66.7,1
bonus1,72.1,66.8,3
bonus1,72.1,67.3,2
bonus1,72.1,67.4,1
bonus1,72.1,68.5,1
bonus1,72.1,68.6,1
bonus1,72.1,69.2,2
bonus1,72.1,69.3,1
bonus1,72.1,69.7,1
bonus1,72.1,70.1,2
bonus1,72.1,70.2,1
bonus1,72.1,70.8,1
bonus1,72.1,70.9,2
bonus1,72.1,71,1
bonus1,72.1,71.1,1
bonus1,72.1,71.2,2
bonus1,72.1,71.3,1
bonus1,72.1,71.6,1
bonus1,72.1,72.1,1
bonus1,72.1,72.3,1
bonus1,72.1,72.6,2
bonus1,72.1,72.7,2
bonus1,72.1,72.8,2
bonus1,72.1,72.9,1
bonus1,72.1,73.1,1
bonus1,72.1,73.3,1
bonus1,72.1,73.6,2
bonus1,72.1,73.9,2
bonus1,72.1,74.1,1
bonus1,72.1,74.2,2
bonus1,72.1,74.5,1
bonus1,72.1,74.7,1
bonus1,72.1,75.2,3
bonus1,72.1,75.6,1
bonus1,72.1,75.7,1
bonus1,72.1,75.8,1
bonus1,72.1,76,1
bonus1,72.1,76.5,1
bonus1,72.1,76.8,1
bonus1,72.1,77.1,1
bonus1,72.1,77.3,1
bonus1,72.1,77.8,1
bonus1,72.1,78.5,1
bonus1,72.1,78.8,1
bonus1,72.1,79.4,1
bonus1,72.1,79.6,1
bonus1,72.1,79.8,1
bonus1,72.1,80,1
bonus1,72.1,80.1,1
bonus1,72.1,80.2,1
bonus1,72.1,81.3,1
bonus1,72.1,81.5,1
bonus1,72.1,82,1
bonus1,72.1,82.1,1
bonus1,72.1,82.2,1
bonus1,72.1,82.4,1
bonus1,72.1,82.5,1
bonus1,72.1,82.6,1
bonus1,72.1,82.8,2
bonus1,72.1,82.9,1
bonus1,72.1,83.1,2
bonus1,72.1,83.3,1
bonus1,72.1,83.4,1
bonus1,72.1,83.8,1
bonus1,72.1,84,1
bonus1,72.1,84.1,1
bonus1,72.1,84.2,1
bonus1,72.1,84.3,1
bonus1,72.1,84.5,1
bonus1,72.1,85,1
bonus1,72.1,85.4,1
bonus1,72.1,85.5,2
bonus1,72.1,85.9,1
bonus1,72.1,86.2,1
bonus1,72.1,86.3,2
bonus1,72.1,86.5,1
bonus1,72.1,86.6,1
bonus1,72.1,86.7,1
bonus1,72.1,87.5,1
bonus1,72.1,88.3,1
bonus1,72.1,88.7,2
bonus1,72.1,88.8,2
bonus1,72.1,89.2,1
bonus1,72.1,89.3,2
bonus1,72.1,89.8,1
bonus1,72.1,89.9,1
bonus1,72.1,90,1
bonus1,72.1,90.1,1
bonus1,72.1,90.4,1
bonus1,72.1,90.7,1
bonus1,72.1,90.8,1
bonus1,72.1,91,1
bonus1,72.1,91.3,1
bonus1,72.1,91.4,1
bonus1,72.1,92.1,1
bonus1,72.1,92.2,2
bonus1,72.1,92.3,1
bonus1,72.1,92.4,1
bonus1,72.1,92.7,2
bonus1,72.1,92.8,1
bonus1,72.1,92.9,1
bonus1,72.1,93.2,1
bonus1,72.1,93.8,1
bonus1,72.1,93.9,1
bonus1,72.1,94.4,1
bonus1,72.1,95.2,1
bonus1,72.1,95.5,1
bonus1,72.1,95.7,1
bonus1,72.1,95.8,1
bonus1,72.1,95.9,2
bonus1,72.1,96.6,1
bonus1,72.1,96.8,1
bonus1,72.1,97,2
bonus1,72.1,97.8,1
bonus1,72.1,98.3,1
bonus1,72.1,98.5,2
bonus1,72.1,98.6,2
bonus1,72.1,98.7,1
bonus1,72.1,99.6,1
bonus1,72.1,100,1
bonus1,78.5,0,1
bonus1,78.5,0.1,1
bonus1,78.5,0.2,1
bonus1,78.5,0.3,1
bonus1,78.5,0.6,2
bonus1,78.5,0.7,1
bonus1,78.5,0.9,1
bonus1,78.5,1,1
bonus1,78.5,1.5,1
bonus1,78.5,1.7,1
bonus1,78.5,2,1
bonus1,78.5,2.2,1
bonus1,78.5,2.5,1
bonus1,78.5,2.6,1
bonus1,78.5,2.8,1
bonus1,78.5,2.9,1
bonus1,78.5,3.1,2
bonus1,78.5,3.3,1
bonus1,78.5,3.4,1
bonus1,78.5,3.5,1
bonus1,78.5,3.6,2
bonus1,78.5,3.7,1
bonus1,78.5,4.2,2
bonus1,78.5,4.3,1
bonus1,78.5,4.4,1
bonus1,78.5,4.6,1
bonus1,78.5,4.7,1
bonus1,78.5,4.8,1
bonus1,78.5,4.9,3
bonus1,78.5,5,3
bonus1,78.5,5.1,1
bonus1,78.5,5.2,2
bonus1,78.5,5.5,2
bonus1,78.5,6.2,1
bonus1,78.5,6.4,1
bonus1,78.5,6.8,1
bonus1,78.5,6.9,2
bonus1,78.5,7.1,3
bonus1,78.5,7.3,1
bonus1,78.5,7.7,1
bonus1,78.5,8.5,2
bonus1,78.5,8.6,1
bonus1,78.5,9,1
bonus1,78.5,9.1,1
bonus1,78.5,9.3,1
bonus1,78.5,9.5,3
bonus1,78.5,9.7,1
bonus1,78.5,9.9,1
bonus1,78.5,10.1,1
bonus1,78.5,10.2,1
bonus1,78.5,10.3,3
bonus1,78.5,10.4,1
bonus1,78.5,10.5,1
bonus1,78.5,10.6,1
bonus1,78.5,10.8,1
bonus1,78.5,10.9,1
bonus1,78.5,11,1
bonus1,78.5,11.1,2
bonus1,78.5,11.2,1
bonus1,78.5,11.4,2
bonus1,78.5,11.5,2
bonus1,78.5,11.7,2
bonus1,78.5,12,1
bonus1,78.5,12.1,1
bonus1,78.5,12.3,1
bonus1,78.5,12.5,2
bonus1,78.5,12.9,2
bonus1,78.5,13,1
bonus1,78.5,13.1,1
bonus1,78.5,13.3,2
bonus1,78.5,13.4,2
bonus1,78.5,13.5,1
bonus1,78.5,13.7,1
bonus1,78.5,13.9,2
bonus1,78.5,14,1
bonus1,78.5,14.4,1
bonus1,78.5,14.5,1
bonus1,78.5,14.7,2
bonus1,78.5,14.9,1
bonus1,78.5,15,1
bonus1,78.5,15.3,2
bonus1,78.5,15.6,1
bonus1,78.5,15.9,1
bonus1,78.5,16.1,1
bonus1,78.5,16.2,2
bonus1,78.5,16.4,1
bonus1,78.5,16.5,1
bonus1,78.5,16.6,2
bonus1,78.5,16.7,2
bonus1,78.5,16.9,1
bonus1,78.5,17.4,1
bonus1,78.5,17.5,1
bonus1,78.5,17.6,1
bonus1,78.5,17.7,1
bonus1,78.5,17.8,2
bonus1,78.5,18.3,1
bonus1,78.5,18.6,1
bonus1,78.5,18.7,1
bonus1,78.5,18.8,1
bonus1,78.5,19.1,1
bonus1,78.5,19.4,1
bonus1,78.5,19.5,2
bonus1,78.5,19.7,1
bonus1,78.5,20.1,1
bonus1,78.5,20.3,2
bonus1,78.5,20.4,1
bonus1,78.5,20.6,1
bonus1,78.5,20.8,1
bonus1,78.5,21.2,1
bonus1,78.5,21.3,1
bonus1,78.5,21.9,3
bonus1,78.5,22.2,2
bonus1,78.5,22.3,1
bonus1,78.5,22.4,2
bonus1,78.5,22.6,1
bonus1,78.5,22.7,1
bonus1,78.5,22.8,1
bonus1,78.5,23.2,1
bonus1,78.5,23.3,1
bonus1,78.5,23.4,2
bonus1,78.5,23.5,1
bonus1,78.5,23.7,1
bonus1,78.5,23.9,4
bonus1,78.5,24,2
bonus1,78.5,24.1,1
bonus1,78.5,24.2,1
bonus1,78.5,24.3,1
bonus1,78.5,24.6,1
bonus1,78.5,24.8,4
bonus1,78.5,25,1
bonus1,78.5,25.1,1
bonus1,78.5,25.2,2
bonus1,78.5,25.5,2
bonus1,78.5,25.7,1
bonus1,78.5,25.9,3
bonus1,78.5,26,3
bonus1,78.5,26.2,1
bonus1,78.5,26.4,1
bonus1,78.5,26.5,2
bonus1,78.5,26.6,1
bonus1,78.5,26.7,1
bonus1,78.5,26.8,1
bonus1,78.5,26.9,1
bonus1,78.5,27,1
bonus1,78.5,27.1,1
bonus1,78.5,27.2,1
bonus1,78.5,27.6,1
bonus1,78.5,27.7,1
bonus1,78.5,27.8,1
bonus1,78.5,27.9,1
bonus1,78.5,28,2
bonus1,78.5,28.2,1
bonus1,78.5,28.3,1
bonus1,78.5,28.6,1
bonus1,78.5,29,1
bonus1,78.5,29.1,3
bonus1,78.5,29.3,1
bonus1,78.5,29.6,1
bonus1,78.5,29.7,1
bonus1,78.5,29.9,1
bonus1,78.5,30,2
bonus1,78.5,30.3,1
bonus1,78.5,30.4,1
bonus1,78.5,30.5,1
bonus1,78.5,30.6,2
bonus1,78.5,30.8,1
bonus1,78.5,31.3,2
bonus1,78.5,31.6,1
bonus1,78.5,32,1
bonus1,78.5,32.1,1
bonus1,78.5,32.5,1
bonus1,78.5,32.6,1
bonus1,78.5,33.1,1
bonus1,78.5,33.4,2
bonus1,78.5,33.7,2
bonus1,78.5,33.8,1
bonus1,78.5,33.9,1
bonus1,78.5,34.1,2
bonus1,78.5,34.2,1
bonus1,78.5,34.5,1
bonus1,78.5,34.7,1
bonus1,78.5,35,1
bonus1,78.5,35.3,1
bonus1,78.5,35.4,1
bonus1,78.5,35.8,1
bonus1,78.5,36,1
bonus1,78.5,36.1,1
bonus1,78.5,36.2,2
bonus1,78.5,36.3,1
bonus1,78.5,36.4,3
bonus1,78.5,36.5,1
bonus1,78.5,36.6,1
bonus1,78.5,36.7,1
bonus1,78.5,36.8,1
bonus1,78.5,37.2,1
bonus1,78.5,37.3,2
bonus1,78.5,37.4,1
bonus1,78.5,37.5,5
bonus1,78.5,37.6,1
bonus1,78.5,37.8,1
bonus1,78.5,37.9,1
bonus1,78.5,38.3,2
bonus1,78.5,38.7,1
bonus1,78.5,38.8,1
bonus1,78.5,38.9,1
bonus1,78.5,39.1,1
bonus1,78.5,39.2,2
bonus1,78.5,39.3,1
bonus1,78.5,39.7,1
bonus1,78.5,39.8,1
bonus1,78.5,39.9,2
bonus1,78.5,40.2,1
bonus1,78.5,40.3,1
bonus1,78.5,40.4,1
bonus1,78.5,40.5,2
bonus1,78.5,40.6,1
bonus1,78.5,40.7,1
bonus1,78.5,40.8,1
bonus1,78.5,40.9,1
bonus1,78.5,41.1,2
bonus1,78.5,41.2,1
bonus1,78.5,41.4,2
bonus1,78.5,41.6,3
bonus1,78.5,41.8,2
bonus1,78.5,41.9,2
bonus1,78.5,42,1
bonus1,78.5,42.1,1
bonus1,78.5,42.3,1
bonus1,78.5,42.6,2
bonus1,78.5,42.9,1
bonus1,78.5,43.1,2
bonus1,78.5,43.2,1
bonus1,78.5,43.3,2
bonus1,78.5,43.6,1
bonus1,78.5,43.7,1
bonus1,78.5,44.1,1
bonus1,78.5,44.4,1
bonus1,78.5,44.9,2
bonus1,78.5,45.1,1
bonus1,78.5,45.2,1
bonus1,78.5,45.4,1
bonus1,78.5,45.5,1
bonus1,78.5,45.6,2
bonus1,78.5,45.9,1
bonus1,78.5,46.1,1
bonus1,78.5,46.3,1
bonus1,78.5,46.5,1
bonus1,78.5,46.6,1
bonus1,78.5,46.8,1
bonus1,78.5,47,2
bonus1,78.5,47.2,2
bonus1,78.5,47.4,1
bonus1,78.5,47.5,2
bonus1,78.5,47.7,1
bonus1,78.5,47.8,1
bonus1,78.5,47.9,2
bonus1,78.5,48,1
bonus1,78.5,48.3,1
bonus1,78.5,48.4,1
bonus1,78.5,48.5,1
bonus1,78.5,49,1
bonus1,78.5,49.1,2
bonus1,78.5,49.2,2
bonus1,78.5,49.4,1
bonus1,78.5,49.5,3
bonus1,78.5,49.9,1
bonus1,78.5,50,1
bonus1,78.5,50.2,1
bonus1,78.5,50.3,2
bonus1,78.5,50.6,1
bonus1,78.5,50.9,1
bonus1,78.5,51,2
bonus1,78.5,51.1,1
bonus1,78.5,51.2,1
bonus1,78.5,51.3,1
bonus1,78.5,51.4,1
bonus1,78.5,51.6,1
bonus1,78.5,51.8,1
bonus1,78.5,51.9,1
bonus1,78.5,52.1,1
bonus1,78.5,52.2,1
bonus1,78.5,52.3,2
bonus1,78.5,52.5,2
bonus1,78.5,52.6,1
bonus1,78.5,52.9,1
bonus1,78.5,53,2
bonus1,78.5,53.2,2
bonus1,78.5,53.6,2
bonus1,78.5,53.7,1
bonus1,78.5,53.8,1
bonus1,78.5,53.9,2
bonus1,78.5,54,1
bonus1,78.5,54.3,2
bonus1,78.5,54.5,4
bonus1,78.5,54.6,1
bonus1,78.5,54.9,2
bonus1,78.5,55,1
bonus1,78.5,55.1,1
bonus1,78.5,55.4,2
bonus1,78.5,55.5,1
bonus1,78.5,55.6,1
bonus1,78.5,55.7,2
bonus1,78.5,55.8,2
bonus1,78.5,56.2,1
bonus1,78.5,56.3,1
bonus1,78.5,56.4,1
bonus1,78.5,56.5,1
bonus1,78.5,56.7,1
bonus1,78.5,56.8,1
bonus1,78.5,56.9,1
bonus1,78.5,57,2
bonus1,78.5,57.1,1
bonus1,78.5,57.3,1
bonus1,78.5,57.5,1
bonus1,78.5,57.7,2
bonus1,78.5,58.3,2
bonus1,78.5,58.6,2
bonus1,78.5,58.7,2
bonus1,78.5,58.8,1
bonus1,78.5,59,1
bonus1,78.5,59.1,2
bonus1,78.5,59.3,1
bonus1,78.5,59.5,1
bonus1,78.5,59.6,1
bonus1,78.5,59.7,1
bonus1,78.5,59.8,1
bonus1,78.5,60,1
bonus1,78.5,60.1,1
bonus1,78.5,60.4,1
bonus1,78.5,60.8,2
bonus1,78.5,61.1,1
bonus1,78.5,61.7,2
bonus1,78.5,61.8,1
bonus1,78.5,62,1
bonus1,78.5,62.3,1
bonus1,78.5,62.4,1
bonus1,78.5,62.5,1
bonus1,78.5,62.8,1
bonus1,78.5,62.9,1
bonus1,78.5,63.1,1
bonus1,78.5,63.2,2
bonus1,78.5,63.4,1
bonus1,78.5,63.5,1
bonus1,78.5,63.6,1
bonus1,78.5,63.9,1
bonus1,78.5,64,3
bonus1,78.5,64.1,1
bonus1,78.5,64.3,1
bonus1,78.5,64.4,1
bonus1,78.5,64.5,1
bonus1,78.5,64.6,1
bonus1,78.5,64.9,1
bonus1,78.5,65.3,1
bonus1,78.5,65.5,1
bonus1,78.5,65.6,2
bonus1,78.5,65.8,2
bonus1,78.5,65.9,1
bonus1,78.5,66.1,1
bonus1,78.5,66.2,1
bonus1,78.5,66.3,1
bonus1,78.5,66.5,1
bonus1,78.5,66.6,1
bonus1,78.5,66.8,1
bonus1,78.5,66.9,2
bonus1,78.5,67,1
bonus1,78.5,67.1,1
bonus1,78.5,67.3,1
bonus1,78.5,67.4,1
bonus1,78.5,67.5,3
bonus1,78.5,67.6,2
bonus1,78.5,67.7,2
bonus1,78.5,67.8,1
bonus1,78.5,68.2,1
bonus1,78.5,68.3,1
bonus1,78.5,68.4,2
bonus1,78.5,68.5,1
bonus1,78.5,68.6,2
bonus1,78.5,68.7,1
bonus1,78.5,68.8,1
bonus1,78.5,68.9,1
bonus1,78.5,69,1
bonus1,78.5,69.4,3
bonus1,78.5,69.6,3
bonus1,78.5,69.7,1
bonus1,78.5,69.8,1
bonus1,78.5,69.9,1
bonus1,78.5,70.1,1
bonus1,78.5,70.2,2
bonus1,78.5,70.3,1
bonus1,78.5,70.5,2
bonus1,78.5,70.6,1
bonus1,78.5,70.7,1
bonus1,78.5,71.1,1
bonus1,78.5,71.6,1
bonus1,78.5,71.7,1
bonus1,78.5,71.8,2
bonus1,78.5,72.1,1
bonus1,78.5,72.2,2
bonus1,78.5,72.3,1
bonus1,78.5,72.4,1
bonus1,78.5,72.5,2
bonus1,78.5,72.6,1
bonus1,78.5,72.8,2
bonus1,78.5,72.9,1
bonus1,78.5,73,2
bonus1,78.5,73.1,1
bonus1,78.5,73.7,1
bonus1,78.5,73.9,2
bonus1,78.5,74,1
bonus1,78.5,74.1,1
bonus1,78.5,74.4,2
bonus1,78.5,74.5,2
bonus1,78.5,74.6,1
bonus1,78.5,74.9,2
bonus1,78.5,75.1,1
bonus1,78.5,75.3,1
bonus1,78.5,75.4,1
bonus1,78.5,75.5,1
bonus1,78.5,75.6,1
bonus1,78.5,75.8,1
bonus1,78.5,75.9,1
bonus1,78.5,76,1
bonus1,78.5,76.1,2
bonus1,78.5,76.3,1
bonus1,78.5,76.4,2
bonus1,78.5,76.5,1
bonus1,78.5,76.6,1
bonus1,78.5,76.7,2
bonus1,78.5,76.8,2
bonus1,78.5,77,1
bonus1,78.5,77.1,1
bonus1,78.5,77.2,1
bonus1,78.5,77.3,1
bonus1,78.5,77.6,2
bonus1,78.5,77.8,1
bonus1,78.5,77.9,1
bonus1,78.5,78,2
bonus1,78.5,78.1,2
bonus1,78.5,78.4,1
bonus1,78.5,78.5,1
bonus1,78.5,78.6,1
bonus1,78.5,78.7,2
bonus1,78.5,78.8,1
bonus1,78.5,79,4
bonus1,78.5,79.1,2
bonus1,78.5,79.2,2
bonus1,78.5,79.3,2
bonus1,78.5,79.4,1
bonus1,78.5,79.5,2
bonus1,78.5,79.7,1
bonus1,78.5,79.9,1
bonus1,78.5,80,2
bonus1,78.5,80.1,3
bonus1,78.5,80.2,2
bonus1,78.5,80.4,1
bonus1,78.5,80.5,1
bonus1,78.5,80.8,1
bonus1,78.5,81,1
bonus1,78.5,81.1,2
bonus1,78.5,81.2,3
bonus1,78.5,81.4,2
bonus1,78.5,81.6,1
bonus1,78.5,81.7,2
bonus1,78.5,81.8,1
bonus1,78.5,81.9,3
bonus1,78.5,82.2,2
bonus1,78.5,82.3,4
bonus1,78.5,82.5,2
bonus1,78.5,82.7,1
bonus1,78.5,83,1
bonus1,78.5,83.2,1
bonus1,78.5,83.4,2
bonus1,78.5,83.5,2
bonus1,78.5,83.6,1
bonus1,78.5,83.8,2
bonus1,78.5,83.9,1
bonus1,78.5,84,1
bonus1,78.5,84.1,1
bonus1,78.5,84.2,1
bonus1,78.5,84.4,1
bonus1,78.5,84.5,1
bonus1,78.5,84.6,1
bonus1,78.5,84.7,1
bonus1,78.5,84.8,1
bonus1,78.5,84.9,1
bonus1,78.5,85.1,1
bonus1,78.5,85.3,1
bonus1,78.5,85.4,2
bonus1,78.5,85.5,1
bonus1,78.5,85.6,1
bonus1,78.5,85.7,1
bonus1,78.5,86,2
bonus1,78.5,86.3,5
bonus1,78.5,86.4,1
bonus1,78.5,86.5,1
bonus1,78.5,86.8,2
bonus1,78.5,86.9,1
bonus1,78.5,87,1
bonus1,78.5,87.1,3
bonus1,78.5,87.4,1
bonus1,78.5,87.6,1
bonus1,78.5,87.8,1
bonus1,78.5,88,1
bonus1,78.5,88.1,3
bonus1,78.5,88.2,1
bonus1,78.5,88.4,1
bonus1,78.5,88.6,2
bonus1,78.5,88.7,1
bonus1,78.5,88.9,2
bonus1,78.5,89.1,2
bonus1,78.5,89.3,1
bonus1,78.5,89.6,1
bonus1,78.5,89.7,1
bonus1,78.5,89.8,1
bonus1,78.5,89.9,2
bonus1,78.5,90.1,1
bonus1,78.5,90.2,2
bonus1,78.5,90.3,1
bonus1,78.5,90.4,1
bonus1,78.5,90.6,1
bonus1,78.5,90.8,3
bonus1,78.5,90.9,1
bonus1,78.5,91,1
bonus1,78.5,91.6,1
bonus1,78.5,91.7,1
bonus1,78.5,91.9,1
bonus1,78.5,92,3
bonus1,78.5,92.4,1
bonus1,78.5,92.9,2
bonus1,78.5,93.2,1
bonus1,78.5,93.3,2
bonus1,78.5,93.6,1
bonus1,78.5,93.7,1
bonus1,78.5,93.8,1
bonus1,78.5,93.9,2
bonus1,78.5,94,1
bonus1,78.5,94.2,1
bonus1,78.5,94.3,3
bonus1,78.5,94.5,1
bonus1,78.5,94.6,1
bonus1,78.5,94.7,1
bonus1,78.5,94.8,2
bonus1,78.5,94.9,1
bonus1,78.5,95,1
bonus1,78.5,95.1,3
bonus1,78.5,95.3,3
bonus1,78.5,95.4,1
bonus1,78.5,95.5,3
bonus1,78.5,95.6,1
bonus1,78.5,95.7,3
bonus1,78.5,95.8,1
bonus1,78.5,96.1,1
bonus1,78.5,96.4,3
bonus1,78.5,96.5,2
bonus1,78.5,96.6,2
bonus1,78.5,97.1,1
bonus1,78.5,97.2,2
bonus1,78.5,97.4,1
bonus1,78.5,97.7,3
bonus1,78.5,98,1
bonus1,78.5,98.1,1
bonus1,78.5,98.2,1
bonus1,78.5,98.3,1
bonus1,78.5,98.4,2
bonus1,78.5,98.5,1
bonus1,78.5,98.9,2
bonus1,78.5,99.2,2
bonus1,78.5,99.5,1
bonus1,78.5,99.6,1
bonus1,78.5,99.7,2
bonus1,78.5,99.8,1
bonus1,84.6,0.1,1
bonus1,84.6,0.2,1
bonus1,84.6,0.7,1
bonus1,84.6,0.9,1
bonus1,84.6,1,1
bonus1,84.6,1.4,2
bonus1,84.6,2.5,1
bonus1,84.6,3.7,2
bonus1,84.6,4,1
bonus1,84.6,4.5,1
bonus1,84.6,4.6,2
bonus1,84.6,5.4,1
bonus1,84.6,5.5,1
bonus1,84.6,6.4,2
bonus1,84.6,6.5,2
bonus1,84.6,7.1,1
bonus1,84.6,7.8,1
bonus1,84.6,8,1
bonus1,84.6,9.2,2
bonus1,84.6,9.4,1
bonus1,84.6,9.5,1
bonus1,84.6,9.6,1
bonus1,84.6,9.8,1
bonus1,84.6,9.9,1
bonus1,84.6,10.2,1
bonus1,84.6,10.7,2
bonus1,84.6,11.2,1
bonus1,84.6,11.6,1
bonus1,84.6,11.7,1
bonus1,84.6,11.8,1
bonus1,84.6,12.3,1
bonus1,84.6,12.6,1
bonus1,84.6,13.6,1
bonus1,84.6,14.1,1
bonus1,84.6,14.3,1
bonus1,84.6,14.4,1
bonus1,84.6,15,1
bonus1,84.6,16.6,1
bonus1,84.6,17,1
bonus1,84.6,17.9,2
bonus1,84.6,18.2,1
bonus1,84.6,18.4,1
bonus1,84.6,18.6,1
bonus1,84.6,19,1
bonus1,84.6,19.1,2
bonus1,84.6,19.5,1
bonus1,84.6,19.7,1
bonus1,84.6,19.8,2
bonus1,84.6,20.9,1
bonus1,84.6,21.6,1
bonus1,84.6,21.8,1
bonus1,84.6,21.9,1
bonus1,84.6,22.1,1
bonus1,84.6,22.3,1
bonus1,84.6,23.1,1
bonus1,84.6,23.5,1
bonus1,84.6,23.6,1
bonus1,84.6,23.9,1
bonus1,84.6,24.4,1
bonus1,84.6,24.8,1
bonus1,84.6,25.3,1
bonus1,84.6,26.1,1
bonus1,84.6,27.4,1
bonus1,84.6,27.5,1
bonus1,84.6,28,1
bonus1,84.6,28.2,1
bonus1,84.6,28.3,1
bonus1,84.6,28.6,1
bonus1,84.6,28.9,1
bonus1,84.6,29.2,1
bonus1,84.6,29.3,1
bonus1,84.6,29.9,1
bonus1,84.6,30,1
bonus1,84.6,30.2,1
bonus1,84.6,30.3,1
bonus1,84.6,30.9,1
bonus1,84.6,31.1,1
bonus1,84.6,31.3,1
bonus1,84.6,32,1
bonus1,84.6,32.3,2
bonus1,84.6,32.6,1
bonus1,84.6,33.9,1
bonus1,84.6,35.2,1
bonus1,84.6,35.4,1
bonus1,84.6,35.6,1
bonus1,84.6,35.7,1
bonus1,84.6,35.9,1
bonus1,84.6,36.2,1
bonus1,84.6,36.4,1
bonus1,84.6,36.5,1
bonus1,84.6,37.3,1
bonus1,84.6,37.4,1
bonus1,84.6,37.5,1
bonus1,84.6,37.7,1
bonus1,84.6,38.3,1
bonus1,84.6,38.6,1
bonus1,84.6,39,1
bonus1,84.6,39.7,1
bonus1,84.6,40.4,2
bonus1,84.6,41.2,1
bonus1,84.6,41.3,1
bonus1,84.6,41.5,1
bonus1,84.6,41.8,1
bonus1,84.6,42.1,1
bonus1,84.6,42.7,1
bonus1,84.6,42.8,1
bonus1,84.6,43.1,1
bonus1,84.6,43.4,1
bonus1,84.6,43.7,1
bonus1,84.6,44,1
bonus1,84.6,44.2,1
bonus1,84.6,44.4,1
bonus1,84.6,45.8,1
bonus1,84.6,46.2,3
bonus1,84.6,46.4,1
bonus1,84.6,46.6,1
bonus1,84.6,46.7,1
bonus1,84.6,47.3,1
bonus1,84.6,48,1
bonus1,84.6,48.2,1
bonus1,84.6,48.8,1
bonus1,84.6,49,1
bonus1,84.6,50.3,1
bonus1,84.6,50.6,1
bonus1,84.6,51.5,1
bonus1,84.6,51.7,1
bonus1,84.6,51.8,1
bonus1,84.6,52.3,1
bonus1,84.6,52.4,1
bonus1,84.6,52.6,1
bonus1,84.6,52.8,1
bonus1,84.6,53.1,1
bonus1,84.6,53.2,1
bonus1,84.6,53.4,1
bonus1,84.6,53.8,1
bonus1,84.6,53.9,1
bonus1,84.6,54.4,2
bonus1,84.6,55,2
bonus1,84.6,55.5,1
bonus1,84.6,55.7,2
bonus1,84.6,55.8,1
bonus1,84.6,55.9,1
bonus1,84.6,56.2,1
bonus1,84.6,56.5,1
bonus1,84.6,57,1
bonus1,84.6,57.9,1
bonus1,84.6,58,3
bonus1,84.6,58.1,2
bonus1,84.6,58.3,1
bonus1,84.6,58.4,1
bonus1,84.6,58.8,1
bonus1,84.6,58.9,1
bonus1,84.6,59,1
bonus1,84.6,59.9,2
bonus1,84.6,60.1,1
bonus1,84.6,60.5,3
bonus1,84.6,60.6,1
bonus1,84.6,60.7,3
bonus1,84.6,61,2
bonus1,84.6,61.1,1
bonus1,84.6,61.3,2
bonus1,84.6,61.6,1
bonus1,84.6,61.9,1
bonus1,84.6,62.3,1
bonus1,84.6,63.1,1
bonus1,84.6,63.3,1
bonus1,84.6,63.6,1
bonus1,84.6,63.9,1
bonus1,84.6,64.2,2
bonus1,84.6,64.9,1
bonus1,84.6,65.1,1
bonus1,84.6,65.2,1
bonus1,84.6,65.9,1
bonus1,84.6,66,1
bonus1,84.6,66.6,1
bonus1,84.6,66.7,1
bonus1,84.6,67.1,1
bonus1,84.6,67.2,1
bonus1,84.6,67.3,1
bonus1,84.6,67.4,2
bonus1,84.6,68,1
bonus1,84.6,68.1,1
bonus1,84.6,68.3,1
bonus1,84.6,69.3,1
bonus1,84.6,69.5,1
bonus1,84.6,69.6,1
bonus1,84.6,69.7,1
bonus1,84.6,70.6,1
bonus1,84.6,70.7,1
bonus1,84.6,71.5,1
bonus1,84.6,71.9,1
bonus1,84.6,72.1,2
bonus1,84.6,72.2,2
bonus1,84.6,72.3,1
bonus1,84.6,72.5,2
bonus1,84.6,73,2
bonus1,84.6,73.3,1
bonus1,84.6,73.5,1
bonus1,84.6,73.6,1
bonus1,84.6,73.7,1
bonus1,84.6,73.9,1
bonus1,84.6,74.6,1
bonus1,84.6,74.7,1
bonus1,84.6,75,1
bonus1,84.6,75.3,1
bonus1,84.6,75.6,1
bonus1,84.6,76.4,1
bonus1,84.6,76.6,1
bonus1,84.6,76.8,1
bonus1,84.6,78.2,1
bonus1,84.6,78.4,1
bonus1,84.6,78.5,1
bonus1,84.6,78.6,1
bonus1,84.6,78.7,1
bonus1,84.6,78.9,1
bonus1,84.6,79.1,1
bonus1,84.6,79.3,1
bonus1,84.6,80.1,1
bonus1,84.6,80.6,1
bonus1,84.6,81.1,1
bonus1,84.6,81.4,1
bonus1,84.6,81.7,1
bonus1,84.6,81.8,2
bonus1,84.6,82.2,1
bonus1,84.6,82.9,2
bonus1,84.6,83.2,1
bonus1,84.6,83.7,1
bonus1,84.6,84,1
bonus1,84.6,84.3,2
bonus1,84.6,84.4,1
bonus1,84.6,84.7,1
bonus1,84.6,85.1,1
bonus1,84.6,85.2,2
bonus1,84.6,85.3,2
bonus1,84.6,85.5,1
bonus1,84.6,85.9,2
bonus1,84.6,86.1,2
bonus1,84.6,86.2,1
bonus1,84.6,86.4,2
bonus1,84.6,86.6,1
bonus1,84.6,86.7,1
bonus1,84.6,86.8,1
bonus1,84.6,87.1,1
bonus1,84.6,87.2,1
bonus1,84.6,88.2,1
bonus1,84.6,88.7,3
bonus1,84.6,89.3,1
bonus1,84.6,89.6,2
bonus1,84.6,90.3,1
bonus1,84.6,90.6,1
bonus1,84.6,91.1,1
bonus1,84.6,91.2,1
bonus1,84.6,91.3,1
bonus1,84.6,91.6,2
bonus1,84.6,92.3,1
bonus1,84.6,93,1
bonus1,84.6,93.4,1
bonus1,84.6,93.6,1
bonus1,84.6,93.7,1
bonus1,84.6,93.9,1
bonus1,84.6,94.2,1
bonus1,84.6,94.7,1
bonus1,84.6,95.1,1
bonus1,84.6,95.3,1
bonus1,84.6,95.9,1
bonus1,84.6,96,1
bonus1,84.6,96.4,1
bonus1,84.6,96.9,2
bonus1,84.6,97.1,1
bonus1,84.6,97.3,1
bonus1,84.6,97.5,1
bonus1,84.6,97.6,1
bonus1,84.6,97.7,2
bonus1,84.6,98,1
bonus1,84.6,98.3,1
bonus1,84.6,98.6,1
bonus1,84.6,99,1
bonus1,84.6,99.2,1
bonus1,84.6,99.7,1
bonus1,84.6,99.8,1
bonus1,84.6,99.9,1
bonus1,84.6,100,1
bonus1,90,0,1
bonus1,90,0.8,1
bonus1,90,1.6,2
bonus1,90,1.8,1
bonus1,90,2,1
bonus1,90,2.1,1
bonus1,90,2.5,1
bonus1,90,2.7,1
bonus1,90,2.8,1
bonus1,90,2.9,1
bonus1,90,3,1
bonus1,90,3.5,1
bonus1,90,3.6,1
bonus1,90,4,2
bonus1,90,4.2,1
bonus1,90,4.7,2
bonus1,90,5.3,1
bonus1,90,5.4,1
bonus1,90,5.9,1
bonus1,90,6,2
bonus1,90,6.7,1
bonus1,90,6.8,2
bonus1,90,7,1
bonus1,90,7.1,1
bonus1,90,7.2,1
bonus1,90,7.6,1
bonus1,90,7.8,1
bonus1,90,8.8,1
bonus1,90,9.7,1
bonus1,90,9.8,1
bonus1,90,9.9,1
bonus1,90,10,1
bonus1,90,10.2,2
bonus1,90,10.4,2
bonus1,90,10.5,1
bonus1,90,10.9,1
bonus1,90,11.7,1
bonus1,90,11.9,2
bonus1,90,12,2
bonus1,90,12.1,1
bonus1,90,12.2,1
bonus1,90,12.4,1
bonus1,90,12.8,1
bonus1,90,13,2
bonus1,90,13.8,2
bonus1,90,14,2
bonus1,90,14.1,1
bonus1,90,14.2,2
bonus1,90,14.3,1
bonus1,90,14.6,1
bonus1,90,14.7,1
bonus1,90,15.2,2
bonus1,90,15.4,1
bonus1,90,15.9,1
bonus1,90,16.1,1
bonus1,90,16.9,1
bonus1,90,17.7,1
bonus1,90,18.3,2
bonus1,90,18.5,1
bonus1,90,18.6,1
bonus1,90,18.7,1
bonus1,90,18.8,1
bonus1,90,19.1,1
bonus1,90,20.2,1
bonus1,90,20.3,1
bonus1,90,20.7,1
bonus1,90,20.8,1
bonus1,90,21.3,1
bonus1,90,21.4,1
bonus1,90,21.5,1
bonus1,90,21.6,3
bonus1,90,21.7,1
bonus1,90,21.8,1
bonus1,90,22.1,1
bonus1,90,22.3,1
bonus1,90,22.5,1
bonus1,90,22.6,1
bonus1,90,22.8,1
bonus1,90,22.9,1
bonus1,90,23.2,1
bonus1,90,23.4,1
bonus1,90,23.6,1
bonus1,90,23.7,1
bonus1,90,23.8,1
bonus1,90,24.1,1
bonus1,90,24.2,2
bonus1,90,24.5,1
bonus1,90,24.6,2
bonus1,90,24.8,1
bonus1,90,25.3,1
bonus1,90,26,1
bonus1,90,26.3,1
bonus1,90,26.6,1
bonus1,90,26.7,1
bonus1,90,26.9,2
bonus1,90,27.1,2
bonus1,90,27.3,2
bonus1,90,27.4,1
bonus1,90,27.6,1
bonus1,90,27.7,1
bonus1,90,27.8,1
bonus1,90,27.9,2
bonus1,90,28,1
bonus1,90,28.5,1
bonus1,90,28.6,1
bonus1,90,28.7,1
bonus1,90,28.8,1
bonus1,90,28.9,1
bonus1,90,29.4,3
bonus1,90,29.6,1
bonus1,90,29.8,2
bonus1,90,30,1
bonus1,90,30.2,1
bonus1,90,30.4,2
bonus1,90,30.7,1
bonus1,90,30.8,1
bonus1,90,31,1
bonus1,90,31.1,1
bonus1,90,31.5,1
bonus1,90,31.7,1
bonus1,90,31.8,2
bonus1,90,32.1,2
bonus1,90,32.3,2
bonus1,90,32.8,1
bonus1,90,32.9,1
bonus1,90,33.2,2
bonus1,90,33.4,1
bonus1,90,33.5,1
bonus1,90,33.8,1
bonus1,90,34,1
bonus1,90,34.1,1
bonus1,90,34.3,1
bonus1,90,34.4,1
bonus1,90,34.6,1
bonus1,90,34.9,1
bonus1,90,35,1
bonus1,90,35.1,2
bonus1,90,35.2,2
bonus1,90,35.3,2
bonus1,90,35.4,3
bonus1,90,35.7,2
bonus1,90,36,2
bonus1,90,36.1,1
bonus1,90,36.8,2
bonus1,90,37.3,1
bonus1,90,37.5,1
bonus1,90,37.8,1
bonus1,90,37.9,2
bonus1,90,38,2
bonus1,90,38.2,1
bonus1,90,38.3,1
bonus1,90,39,1
bonus1,90,39.2,1
bonus1,90,39.5,1
bonus1,90,39.6,1
bonus1,90,39.7,1
bonus1,90,40,4
bonus1,90,40.1,2
bonus1,90,40.2,1
bonus1,90,40.3,1
bonus1,90,40.5,2
bonus1,90,40.7,1
bonus1,90,40.9,2
bonus1,90,41.4,1
bonus1,90,41.6,1
bonus1,90,41.8,1
bonus1,90,42,1
bonus1,90,42.3,1
bonus1,90,42.4,1
bonus1,90,42.6,1
bonus1,90,42.7,1
bonus1,90,43,1
bonus1,90,43.4,1
bonus1,90,43.5,1
bonus1,90,43.6,1
bonus1,90,43.9,2
bonus1,90,44.2,1
bonus1,90,44.3,2
bonus1,90,44.6,1
bonus1,90,44.8,2
bonus1,90,44.9,2
bonus1,90,45.2,3
bonus1,90,45.5,1
bonus1,90,45.8,1
bonus1,90,45.9,1
bonus1,90,46,1
bonus1,90,46.5,1
bonus1,90,46.9,1
bonus1,90,47,1
bonus1,90,47.1,1
bonus1,90,47.2,1
bonus1,90,47.8,2
bonus1,90,47.9,2
bonus1,90,48.5,1
bonus1,90,48.9,2
bonus1,90,49.3,1
bonus1,90,49.5,1
bonus1,90,49.7,1
bonus1,90,50.3,3
bonus1,90,50.4,1
bonus1,90,50.9,2
bonus1,90,51,1
bonus1,90,51.2,1
bonus1,90,51.5,1
bonus1,90,51.6,1
bonus1,90,51.9,1
bonus1,90,52.1,4
bonus1,90,52.6,2
bonus1,90,53.1,2
bonus1,90,53.4,1
bonus1,90,53.5,1
bonus1,90,53.7,1
bonus1,90,53.8,2
bonus1,90,54,1
bonus1,90,54.2,2
bonus1,90,54.7,2
bonus1,90,54.9,1
bonus1,90,55.1,1
bonus1,90,55.2,1
bonus1,90,55.3,1
bonus1,90,55.6,1
bonus1,90,55.7,1
bonus1,90,55.9,1
bonus1,90,56.1,1
bonus1,90,56.2,1
bonus1,90,56.3,1
bonus1,90,56.5,1
bonus1,90,56.6,1
bonus1,90,56.7,1
bonus1,90,56.8,1
bonus1,90,57,1
bonus1,90,57.1,1
bonus1,90,57.2,1
bonus1,90,57.3,1
bonus1,90,57.5,1
bonus1,90,57.7,1
bonus1,90,58.6,1
bonus1,90,58.7,1
bonus1,90,58.8,1
bonus1,90,58.9,1
bonus1,90,59.4,3
bonus1,90,59.5,1
bonus1,90,59.7,1
bonus1,90,59.8,1
bonus1,90,60.1,1
bonus1,90,60.2,1
bonus1,90,60.3,2
bonus1,90,60.4,1
bonus1,90,60.5,3
bonus1,90,60.9,1
bonus1,90,61.1,1
bonus1,90,61.2,1
bonus1,90,61.3,1
bonus1,90,61.4,2
bonus1,90,61.5,2
bonus1,90,61.6,1
bonus1,90,61.7,2
bonus1,90,61.9,2
bonus1,90,62.2,1
bonus1,90,62.4,1
bonus1,90,62.5,1
bonus1,90,62.7,2
bonus1,90,62.8,1
bonus1,90,63.3,1
bonus1,90,63.6,1
bonus1,90,64,1
bonus1,90,64.1,1
bonus1,90,64.3,1
bonus1,90,64.4,1
bonus1,90,64.5,2
bonus1,90,64.7,2
bonus1,90,65.1,1
bonus1,90,65.2,1
bonus1,90,65.4,2
bonus1,90,65.5,1
bonus1,90,65.7,1
bonus1,90,65.9,3
bonus1,90,66.2,4
bonus1,90,66.4,2
bonus1,90,66.8,1
bonus1,90,67.1,1
bonus1,90,67.3,1
bonus1,90,67.5,1
bonus1,90,67.6,2
bonus1,90,67.8,1
bonus1,90,68,1
bonus1,90,68.2,2
bonus1,90,68.3,1
bonus1,90,68.4,1
bonus1,90,68.5,1
bonus1,90,68.7,1
bonus1,90,68.8,2
bonus1,90,69,1
bonus1,90,69.1,2
bonus1,90,69.2,1
bonus1,90,69.6,1
bonus1,90,69.7,1
bonus1,90,69.8,1
bonus1,90,70,1
bonus1,90,70.1,2
bonus1,90,70.2,1
bonus1,90,70.4,1
bonus1,90,70.5,1
bonus1,90,70.6,1
bonus1,90,70.7,1
bonus1,90,70.9,1
bonus1,90,71,3
bonus1,90,71.1,3
bonus1,90,71.2,1
bonus1,90,71.3,2
bonus1,90,71.5,2
bonus1,90,71.7,1
bonus1,90,71.8,2
bonus1,90,72,2
bonus1,90,72.2,1
bonus1,90,72.4,2
bonus1,90,72.8,1
bonus1,90,73.3,1
bonus1,90,73.5,2
bonus1,90,74.1,1
bonus1,90,74.4,1
bonus1,90,74.6,1
bonus1,90,74.7,1
bonus1,90,74.9,2
bonus1,90,75,1
bonus1,90,75.2,2
bonus1,90,75.5,1
bonus1,90,75.7,1
bonus1,90,75.8,1
bonus1,90,76.3,1
bonus1,90,76.4,1
bonus1,90,76.5,1
bonus1,90,76.7,3
bonus1,90,76.9,1
bonus1,90,77.1,1
bonus1,90,77.4,1
bonus1,90,77.5,1
bonus1,90,77.6,1
bonus1,90,77.7,2
bonus1,90,78.1,2
bonus1,90,78.4,1
bonus1,90,78.5,1
bonus1,90,78.8,1
bonus1,90,78.9,1
bonus1,90,79,1
bonus1,90,79.1,1
bonus1,90,79.3,1
bonus1,90,79.4,1
bonus1,90,79.5,2
bonus1,90,79.6,1
bonus1,90,79.7,3
bonus1,90,79.8,1
bonus1,90,79.9,1
bonus1,90,80.1,1
bonus1,90,80.5,2
bonus1,90,80.8,1
bonus1,90,80.9,1
bonus1,90,81.1,2
bonus1,90,81.3,2
bonus1,90,81.5,1
bonus1,90,81.7,1
bonus1,90,82.1,1
bonus1,90,82.2,1
bonus1,90,82.5,1
bonus1,90,82.7,1
bonus1,90,82.8,1
bonus1,90,83.1,1
bonus1,90,83.2,1
bonus1,90,83.4,2
bonus1,90,83.6,3
bonus1,90,83.7,1
bonus1,90,83.8,3
bonus1,90,83.9,2
bonus1,90,84,1
bonus1,90,84.1,1
bonus1,90,84.2,1
bonus1,90,84.3,1
bonus1,90,84.4,1
bonus1,90,84.8,2
bonus1,90,84.9,2
bonus1,90,85,1
bonus1,90,85.4,1
bonus1,90,85.5,1
bonus1,90,85.6,1
bonus1,90,85.7,1
bonus1,90,85.8,1
bonus1,90,86,1
bonus1,90,86.4,2
bonus1,90,86.5,3
bonus1,90,86.6,1
bonus1,90,86.9,1
bonus1,90,87,1
bonus1,90,87.2,1
bonus1,90,87.3,3
bonus1,90,87.4,2
bonus1,90,87.5,1
bonus1,90,87.6,1
bonus1,90,87.8,1
bonus1,90,87.9,1
bonus1,90,88,1
bonus1,90,88.1,1
bonus1,90,88.3,3
bonus1,90,88.4,2
bonus1,90,88.5,1
bonus1,90,88.6,1
bonus1,90,88.7,1
bonus1,90,88.8,1
bonus1,90,88.9,1
bonus1,90,89,1
bonus1,90,89.1,2
bonus1,90,89.2,2
bonus1,90,89.3,1
bonus1,90,89.5,1
bonus1,90,89.8,2
bonus1,90,90,3
bonus1,90,90.3,3
bonus1,90,90.4,1
bonus1,90,90.6,1
bonus1,90,90.7,2
bonus1,90,90.8,1
bonus1,90,90.9,3
bonus1,90,91,1
bonus1,90,91.2,2
bonus1,90,91.5,1
bonus1,90,91.6,1
bonus1,90,91.7,1
bonus1,90,91.8,1
bonus1,90,92,1
bonus1,90,92.1,3
bonus1,90,92.2,1
bonus1,90,92.5,2
bonus1,90,92.6,1
bonus1,90,92.7,2
bonus1,90,92.9,1
bonus1,90,93.1,1
bonus1,90,93.2,1
bonus1,90,93.4,1
bonus1,90,93.5,1
bonus1,90,93.6,3
bonus1,90,93.8,1
bonus1,90,93.9,2
bonus1,90,94,3
bonus1,90,94.1,2
bonus1,90,94.2,2
bonus1,90,94.5,4
bonus1,90,94.7,2
bonus1,90,94.8,1
bonus1,90,95,2
bonus1,90,95.1,2
bonus1,90,95.2,1
bonus1,90,95.3,3
bonus1,90,95.4,1
bonus1,90,95.6,2
bonus1,90,95.7,2
bonus1,90,95.8,2
bonus1,90,96,3
bonus1,90,96.1,2
bonus1,90,96.3,2
bonus1,90,96.4,2
bonus1,90,96.5,2
bonus1,90,96.6,1
bonus1,90,96.7,4
bonus1,90,96.9,1
bonus1,90,97,2
bonus1,90,97.1,1
bonus1,90,97.2,3
bonus1,90,97.3,2
bonus1,90,97.4,3
bonus1,90,97.5,2
bonus1,90,97.6,2
bonus1,90,97.7,1
bonus1,90,97.8,2
bonus1,90,97.9,3
bonus1,90,98,2
bonus1,90,98.1,1
bonus1,90,98.2,2
bonus1,90,98.3,4
bonus1,90,98.4,1
bonus1,90,98.5,2
bonus1,90,98.6,1
bonus1,90,98.7,1
bonus1,90,98.8,2
bonus1,90,98.9,1
bonus1,90,99,2
bonus1,90,99.1,1
bonus1,90,99.2,1
bonus1,90,99.3,1
bonus1,90,99.5,1
bonus1,90,99.6,1
bonus1,90,99.7,1
bonus1,90,99.8,1
bonus1,90,99.9,2
bonus1,94.8,0.3,1
bonus1,94.8,0.6,1
bonus1,94.8,2.4,1
bonus1,94.8,3.2,1
bonus1,94.8,3.4,1
bonus1,94.8,4.4,1
bonus1,94.8,6.7,1
bonus1,94.8,6.9,1
bonus1,94.8,7.2,1
bonus1,94.8,8.8,1
bonus1,94.8,9,1
bonus1,94.8,9.4,2
bonus1,94.8,10.9,1
bonus1,94.8,11.2,1
bonus1,94.8,16.1,1
bonus1,94.8,16.4,1
bonus1,94.8,16.5,1
bonus1,94.8,17,1
bonus1,94.8,17.2,1
bonus1,94.8,17.3,1
bonus1,94.8,17.8,1
bonus1,94.8,20.4,1
bonus1,94.8,22.7,1
bonus1,94.8,24.1,1
bonus1,94.8,25.1,1
bonus1,94.8,26,1
bonus1,94.8,26.4,2
bonus1,94.8,27.2,1
bonus1,94.8,27.4,1
bonus1,94.8,28.2,1
bonus1,94.8,29.3,1
bonus1,94.8,30.7,1
bonus1,94.8,30.8,1
bonus1,94.8,31.2,1
bonus1,94.8,32.6,1
bonus1,94.8,34,1
bonus1,94.8,34.5,1
bonus1,94.8,34.6,2
bonus1,94.8,34.8,1
bonus1,94.8,35.5,1
bonus1,94.8,35.9,1
bonus1,94.8,36.1,1
bonus1,94.8,36.5,1
bonus1,94.8,37.3,1
bonus1,94.8,37.7,1
bonus1,94.8,37.9,1
bonus1,94.8,39.7,1
bonus1,94.8,40.2,1
bonus1,94.8,40.3,1
bonus1,94.8,41.1,1
bonus1,94.8,41.7,1
bonus1,94.8,42.8,1
bonus1,94.8,43,1
bonus1,94.8,43.6,3
bonus1,94.8,43.8,1
bonus1,94.8,44.3,1
bonus1,94.8,46.1,1
bonus1,94.8,46.9,1
bonus1,94.8,47.4,1
bonus1,94.8,47.6,1
bonus1,94.8,48.2,1
bonus1,94.8,48.4,1
bonus1,94.8,49.3,1
bonus1,94.8,49.9,1
bonus1,94.8,50,1
bonus1,94.8,50.6,1
bonus1,94.8,51.5,1
bonus1,94.8,53,1
bonus1,94.8,53.4,1
bonus1,94.8,53.8,1
bonus1,94.8,54.6,1
bonus1,94.8,55.8,1
bonus1,94.8,55.9,1
bonus1,94.8,58,1
bonus1,94.8,58.2,1
bonus1,94.8,58.5,1
bonus1,94.8,58.6,1
bonus1,94.8,59.3,1
bonus1,94.8,59.7,1
bonus1,94.8,60.8,1
bonus1,94.8,61.2,1
bonus1,94.8,62.7,1
bonus1,94.8,62.8,2
bonus1,94.8,63,1
bonus1,94.8,63.9,1
bonus1,94.8,65,1
bonus1,94.8,65.2,1
bonus1,94.8,65.3,1
bonus1,94.8,65.4,1
bonus1,94.8,66.1,1
bonus1,94.8,66.7,1
bonus1,94.8,67,1
bonus1,94.8,67.1,2
bonus1,94.8,67.6,1
bonus1,94.8,68.1,1
bonus1,94.8,68.7,1
bonus1,94.8,69.6,1
bonus1,94.8,69.8,1
bonus1,94.8,70.1,1
bonus1,94.8,70.9,1
bonus1,94.8,71.3,1
bonus1,94.8,71.4,1
bonus1,94.8,72,1
bonus1,94.8,72.1,1
bonus1,94.8,72.6,1
bonus1,94.8,73.6,1
bonus1,94.8,73.8,1
bonus1,94.8,74.4,1
bonus1,94.8,75.1,1
bonus1,94.8,75.3,1
bonus1,94.8,75.7,1
bonus1,94.8,75.9,1
bonus1,94.8,76,2
bonus1,94.8,76.1,1
bonus1,94.8,76.5,1
bonus1,94.8,77.4,1
bonus1,94.8,77.9,1
bonus1,94.8,78.4,1
bonus1,94.8,78.6,2
bonus1,94.8,79.1,1
bonus1,94.8,79.4,1
bonus1,94.8,80.9,1
bonus1,94.8,81.3,1
bonus1,94.8,81.4,1
bonus1,94.8,81.6,1
bonus1,94.8,82.2,1
bonus1,94.8,82.5,1
bonus1,94.8,83.3,1
bonus1,94.8,83.5,2
bonus1,94.8,83.9,2
bonus1,94.8,84.1,1
bonus1,94.8,84.6,1
bonus1,94.8,84.9,1
bonus1,94.8,85,1
bonus1,94.8,85.5,1
bonus1,94.8,86.7,1
bonus1,94.8,86.8,1
bonus1,94.8,87,2
bonus1,94.8,87.1,1
bonus1,94.8,87.2,1
bonus1,94.8,87.6,2
bonus1,94.8,87.7,1
bonus1,94.8,87.9,1
bonus1,94.8,88,1
bonus1,94.8,88.2,1
bonus1,94.8,88.5,1
bonus1,94.8,88.9,1
bonus1,94.8,89,1
bonus1,94.8,89.4,1
bonus1,94.8,89.6,1
bonus1,94.8,89.8,1
bonus1,94.8,91.2,1
bonus1,94.8,91.5,1
bonus1,94.8,92,1
bonus1,94.8,92.3,1
bonus1,94.8,92.4,2
bonus1,94.8,93,1
bonus1,94.8,93.1,2
bonus1,94.8,93.3,1
bonus1,94.8,93.5,1
bonus1,94.8,93.8,1
bonus1,94.8,93.9,1
bonus1,94.8,94.6,2
bonus1,94.8,94.8,1
bonus1,94.8,94.9,1
bonus1,94.8,96.3,1
bonus1,94.8,96.4,1
bonus1,94.8,96.6,1
bonus1,94.8,96.7,1
bonus1,94.8,97,2
bonus1,94.8,97.2,1
bonus1,94.8,97.3,1
bonus1,94.8,97.5,1
bonus1,94.8,97.6,1
bonus1,94.8,97.8,1
bonus1,94.8,97.9,2
bonus1,94.8,98.2,1
bonus1,94.8,98.3,1
bonus1,94.8,98.5,1
bonus1,94.8,98.6,1
bonus1,94.8,98.8,1
bonus1,94.8,98.9,1
bonus1,94.8,99.1,1
bonus1,94.8,99.5,1
bonus1,94.8,99.6,1
bonus1,94.8,99.7,1
bonus1,94.8,99.8,2
bonus1,94.8,99.9,1
bonus1,94.8,100,1
bonus1,97.4,1.1,2
bonus1,97.4,1.4,1
bonus1,97.4,1.6,1
bonus1,97.4,1.7,1
bonus1,97.4,2.1,1
bonus1,97.4,3.7,1
bonus1,97.4,4.5,1
bonus1,97.4,4.6,1
bonus1,97.4,5.8,2
bonus1,97.4,5.9,1
bonus1,97.4,7.4,1
bonus1,97.4,8.2,1
bonus1,97.4,12.8,1
bonus1,97.4,13,1
bonus1,97.4,14.7,1
bonus1,97.4,15,1
bonus1,97.4,15.1,1
bonus1,97.4,15.2,1
bonus1,97.4,15.4,1
bonus1,97.4,16.5,1
bonus1,97.4,18.3,1
bonus1,97.4,18.7,1
bonus1,97.4,19.4,1
bonus1,97.4,20.7,1
bonus1,97.4,21.1,1
bonus1,97.4,21.2,1
bonus1,97.4,21.3,1
bonus1,97.4,21.7,1
bonus1,97.4,21.9,1
bonus1,97.4,22.4,1
bonus1,97.4,24.1,1
bonus1,97.4,24.9,1
bonus1,97.4,25.3,1
bonus1,97.4,25.4,1
bonus1,97.4,26.1,1
bonus1,97.4,26.2,1
bonus1,97.4,26.9,1
bonus1,97.4,28.8,1
bonus1,97.4,29.6,1
bonus1,97.4,29.7,1
bonus1,97.4,29.9,1
bonus1,97.4,30.7,1
bonus1,97.4,31.4,1
bonus1,97.4,33.4,1
bonus1,97.4,34.7,1
bonus1,97.4,35.1,1
bonus1,97.4,35.5,1
bonus1,97.4,35.6,1
bonus1,97.4,35.7,1
bonus1,97.4,37,1
bonus1,97.4,38.6,1
bonus1,97.4,38.8,1
bonus1,97.4,40.5,1
bonus1,97.4,41.3,1
bonus1,97.4,41.5,1
bonus1,97.4,42.8,1
bonus1,97.4,43.1,1
bonus1,97.4,43.2,1
bonus1,97.4,43.8,1
bonus1,97.4,44.1,1
bonus1,97.4,44.6,1
bonus1,97.4,45,1
bonus1,97.4,45.4,1
bonus1,97.4,45.9,1
bonus1,97.4,46.1,1
bonus1,97.4,46.4,1
bonus1,97.4,47.5,1
bonus1,97.4,47.7,1
bonus1,97.4,48.4,2
bonus1,97.4,48.5,1
bonus1,97.4,48.6,1
bonus1,97.4,48.7,1
bonus1,97.4,49.2,1
bonus1,97.4,49.3,2
bonus1,97.4,49.9,2
bonus1,97.4,50.1,1
bonus1,97.4,50.8,1
bonus1,97.4,51.4,1
bonus1,97.4,53.2,1
bonus1,97.4,53.4,1
bonus1,97.4,53.9,1
bonus1,97.4,54.2,1
bonus1,97.4,54.9,2
bonus1,97.4,55.1,2
bonus1,97.4,55.3,1
bonus1,97.4,55.6,1
bonus1,97.4,56.3,1
bonus1,97.4,56.6,1
bonus1,97.4,56.9,1
bonus1,97.4,57.2,1
bonus1,97.4,57.4,1
bonus1,97.4,57.6,1
bonus1,97.4,57.8,1
bonus1,97.4,58.9,1
bonus1,97.4,59.1,1
bonus1,97.4,59.2,1
bonus1,97.4,61,1
bonus1,97.4,62.9,1
bonus1,97.4,64.4,1
bonus1,97.4,65.1,1
bonus1,97.4,65.3,1
bonus1,97.4,65.6,1
bonus1,97.4,65.7,1
bonus1,97.4,66.6,2
bonus1,97.4,69.8,1
bonus1,97.4,69.9,1
bonus1,97.4,70,1
bonus1,97.4,70.1,1
bonus1,97.4,70.6,1
bonus1,97.4,71.7,1
bonus1,97.4,71.9,1
bonus1,97.4,72,2
bonus1,97.4,72.3,1
bonus1,97.4,72.8,1
bonus1,97.4,73.2,1
bonus1,97.4,73.4,1
bonus1,97.4,73.7,1
bonus1,97.4,73.8,1
bonus1,97.4,74.5,1
bonus1,97.4,75.9,1
bonus1,97.4,76,1
bonus1,97.4,76.2,1
bonus1,97.4,76.3,1
bonus1,97.4,77.3,1
bonus1,97.4,77.6,2
bonus1,97.4,77.9,1
bonus1,97.4,79.2,1
bonus1,97.4,79.8,1
bonus1,97.4,80.1,1
bonus1,97.4,80.2,1
bonus1,97.4,80.3,1
bonus1,97.4,80.4,1
bonus1,97.4,80.5,1
bonus1,97.4,80.6,1
bonus1,97.4,80.7,1
bonus1,97.4,80.8,1
bonus1,97.4,81,2
bonus1,97.4,81.1,1
bonus1,97.4,81.2,2
bonus1,97.4,81.4,1
bonus1,97.4,81.6,1
bonus1,97.4,82.1,1
bonus1,97.4,82.2,1
bonus1,97.4,82.6,1
bonus1,97.4,82.7,1
bonus1,97.4,83,1
bonus1,97.4,83.5,1
bonus1,97.4,83.7,1
bonus1,97.4,83.9,2
bonus1,97.4,84,1
bonus1,97.4,84.2,1
bonus1,97.4,84.3,1
bonus1,97.4,84.7,1
bonus1,97.4,84.8,1
bonus1,97.4,85.1,1
bonus1,97.4,85.3,2
bonus1,97.4,85.6,1
bonus1,97.4,85.7,1
bonus1,97.4,86.1,1
bonus1,97.4,86.9,1
bonus1,97.4,87.1,1
bonus1,97.4,87.3,1
bonus1,97.4,87.4,1
bonus1,97.4,87.7,1
bonus1,97.4,88.2,1
bonus1,97.4,88.8,2
bonus1,97.4,89.2,1
bonus1,97.4,89.4,1
bonus1,97.4,90.1,1
bonus1,97.4,90.5,2
bonus1,97.4,90.7,1
bonus1,97.4,90.9,1
bonus1,97.4,91.1,2
bonus1,97.4,91.2,1
bonus1,97.4,91.3,1
bonus1,97.4,91.4,1
bonus1,97.4,91.8,1
bonus1,97.4,92.2,1
bonus1,97.4,92.5,1
bonus1,97.4,92.6,1
bonus1,97.4,93,1
bonus1,97.4,93.2,2
bonus1,97.4,93.3,1
bonus1,97.4,93.4,1
bonus1,97.4,93.5,2
bonus1,97.4,93.8,1
bonus1,97.4,94,2
bonus1,97.4,94.2,1
bonus1,97.4,94.3,2
bonus1,97.4,94.4,1
bonus1,97.4,94.5,1
bonus1,97.4,94.7,1
bonus1,97.4,94.8,1
bonus1,97.4,94.9,1
bonus1,97.4,95.1,1
bonus1,97.4,95.5,1
bonus1,97.4,95.6,1
bonus1,97.4,95.8,2
bonus1,97.4,96,1
bonus1,97.4,96.1,2
bonus1,97.4,96.2,1
bonus1,97.4,96.3,1
bonus1,97.4,96.6,1
bonus1,97.4,96.8,2
bonus1,97.4,96.9,1
bonus1,97.4,97,1
bonus1,97.4,97.1,1
bonus1,97.4,97.3,2
bonus1,97.4,97.4,1
bonus1,97.4,97.6,2
bonus1,97.4,97.7,2
bonus1,97.4,97.8,2
bonus1,97.4,98,1
bonus1,97.4,98.1,1
bonus1,97.4,98.2,1
bonus1,97.4,98.4,1
bonus1,97.4,98.5,2
bonus1,97.4,98.7,3
bonus1,97.4,98.8,3
bonus1,97.4,98.9,3
bonus1,97.4,99,3
bonus1,97.4,99.1,1
bonus1,97.4,99.2,1
bonus1,97.4,99.4,1
bonus1,97.4,99.5,2
bonus1,97.4,99.6,2
bonus1,97.4,99.9,2
bonus1,99.4,1.7,1
bonus1,99.4,21,1
bonus1,99.4,23.5,1
bonus1,99.4,27.9,1
bonus1,99.4,28.5,1
bonus1,99.4,28.8,1
bonus1,99.4,29.3,1
bonus1,99.4,31,1
bonus1,99.4,33.2,1
bonus1,99.4,34.9,1
bonus1,99.4,37.2,2
bonus1,99.4,38.7,1
bonus1,99.4,42.5,1
bonus1,99.4,43.8,1
bonus1,99.4,44.5,1
bonus1,99.4,47.6,1
bonus1,99.4,48.4,1
bonus1,99.4,56.4,1
bonus1,99.4,58.8,1
bonus1,99.4,61.9,1
bonus1,99.4,62.5,1
bonus1,99.4,67,1
bonus1,99.4,70.7,1
bonus1,99.4,73.1,1
bonus1,99.4,73.5,1
bonus1,99.4,74.3,1
bonus1,99.4,76.1,1
bonus1,99.4,76.8,1
bonus1,99.4,77.4,1
bonus1,99.4,77.5,1
bonus1,99.4,78.3,1
bonus1,99.4,79.4,1
bonus1,99.4,80.9,1
bonus1,99.4,82.6,1
bonus1,99.4,82.8,1
bonus1,99.4,83,1
bonus1,99.4,85,1
bonus1,99.4,85.1,1
bonus1,99.4,85.4,1
bonus1,99.4,85.9,1
bonus1,99.4,86.2,1
bonus1,99.4,86.5,1
bonus1,99.4,87,1
bonus1,99.4,88.3,1
bonus1,99.4,89.2,1
bonus1,99.4,89.5,1
bonus1,99.4,91,1
bonus1,99.4,91.4,1
bonus1,99.4,92.3,1
bonus1,99.4,92.7,1
bonus1,99.4,93,1
bonus1,99.4,93.4,2
bonus1,99.4,93.5,1
bonus1,99.4,93.7,1
bonus1,99.4,93.9,1
bonus1,99.4,94,1
bonus1,99.4,94.1,1
bonus1,99.4,94.9,1
bonus1,99.4,95.4,1
bonus1,99.4,96.2,1
bonus1,99.4,96.3,1
bonus1,99.4,96.9,1
bonus1,99.4,97.1,1
bonus1,99.4,97.3,1
bonus1,99.4,97.4,2
bonus1,99.4,97.5,1
bonus1,99.4,97.6,1
bonus1,99.4,97.9,1
bonus1,99.4,98.1,1
bonus1,99.4,98.2,2
bonus1,99.4,98.4,4
bonus1,99.4,98.6,2
bonus1,99.4,98.7,2
bonus1,99.4,98.8,1
bonus1,99.4,98.9,1
bonus1,99.4,99,1
bonus1,99.4,99.1,6
bonus1,99.4,99.2,3
bonus1,99.4,99.3,1
bonus1,99.4,99.4,2
bonus1,99.4,99.5,1
bonus1,99.4,99.6,1
bonus1,99.4,99.7,2
bonus1,99.4,99.9,1
bonus1,99.4,100,1
bonus1,100,75.7,1
bonus1,100,79.9,1
bonus1,100,98.9,1
bonus1,100,99.3,2
bonus1,100,99.4,1
bonus1,100,99.8,1
bonus2,0,11,1
bonus2,0,51.5,1
bonus2,0,56.3,1
bonus2,0,64.4,1
bonus2,0,97.9,1
bonus2,0.1,26.1,1
bonus2,0.1,44.1,1
bonus2,0.1,65.1,1
bonus2,0.1,69.6,1
bonus2,0.1,76.5,1
bonus2,0.1,95.9,1
bonus2,0.1,96.4,1
bonus2,0.2,11.1,1
bonus2,0.2,24.1,1
bonus2,0.2,26,1
bonus2,0.2,42.3,1
bonus2,0.2,71.9,1
bonus2,0.2,85.9,1
bonus2,0.2,91.5,1
bonus2,0.2,96.5,1
bonus2,0.3,15.1,1
bonus2,0.3,48.1,1
bonus2,0.3,54.2,1
bonus2,0.3,59.5,1
bonus2,0.3,67.4,1
bonus2,0.3,77.8,1
bonus2,0.3,87.1,1
bonus2,0.4,4.8,1
bonus2,0.4,17.6,1
bonus2,0.4,23,1
bonus2,0.4,31,1
bonus2,0.4,31.1,1
bonus2,0.4,43,1
bonus2,0.4,47.7,1
bonus2,0.4,61,1
bonus2,0.4,73.7,1
bonus2,0.4,89.8,1
bonus2,0.4,99.7,1
bonus2,0.5,15.6,1
bonus2,0.5,45.8,1
bonus2,0.5,53,1
bonus2,0.5,63.1,1
bonus2,0.5,66.8,1
bonus2,0.6,16.6,1
bonus2,0.6,22.3,1
bonus2,0.6,27,1
bonus2,0.6,46.7,1
bonus2,0.6,53.4,1
bonus2,0.6,69.7,1
bonus2,0.6,86.7,1
bonus2,0.6,95.1,1
bonus2,0.6,98,1
bonus2,0.7,21.5,1
bonus2,0.7,22.8,1
bonus2,0.7,24.1,1
bonus2,0.7,26.9,1
bonus2,0.7,27.9,1
bonus2,0.7,32.3,1
bonus2,0.7,34.4,1
bonus2,0.7,36,1
bonus2,0.7,54.9,1
bonus2,0.7,57.1,1
bonus2,0.7,80.6,1
bonus2,0.8,23.6,1
bonus2,0.8,44.7,1
bonus2,0.8,64.1,1
bonus2,0.8,73.7,1
bonus2,0.8,89.5,1
bonus2,0.9,4.9,1
bonus2,0.9,24.2,1
bonus2,0.9,30.5,1
bonus2,0.9,36.6,1
bonus2,0.9,50.2,1
bonus2,0.9,56.9,1
bonus2,0.9,75.1,1
bonus2,0.9,83.4,1
bonus2,0.9,84.4,1
bonus2,0.9,87.6,1
bonus2,0.9,93.4,1
bonus2,1,21.9,1
bonus2,1,52.9,1
bonus2,1.1,2.9,1
bonus2,1.1,10.3,1
bonus2,1.1,17.1,1
bonus2,1.1,21.7,1
bonus2,1.1,33.8,1
bonus2,1.1,34.3,1
bonus2,1.1,35.7,1
bonus2,1.1,39.4,1
bonus2,1.1,52.4,1
bonus2,1.1,56,1
bonus2,1.1,84.3,1
bonus2,1.1,85.2,1
bonus2,1.1,92.9,1
bonus2,1.2,36.9,1
bonus2,1.2,46.6,1
bonus2,1.2,48.5,1
bonus2,1.3,10.9,1
bonus2,1.3,22.5,1
bonus2,1.3,26.8,1
bonus2,1.3,28.1,1
bonus2,1.3,39.1,1
bonus2,1.3,56.1,1
bonus2,1.3,56.9,1
bonus2,1.3,59.7,1
bonus2,1.3,73.5,1
bonus2,1.3,77.8,1
bonus2,1.3,87.3,1
bonus2,1.3,90.6,1
bonus2,1.3,94.5,1
bonus2,1.4,18,1
bonus2,1.4,31.8,1
bonus2,1.4,34.5,1
bonus2,1.4,36.4,1
bonus2,1.4,47.9,1
bonus2,1.6,1.2,1
bonus2,1.6,4.2,1
bonus2,1.6,4.7,1
bonus2,1.6,6.9,1
bonus2,1.6,17.2,1
bonus2,1.6,20.6,1
bonus2,1.6,22.7,1
bonus2,1.6,37.3,1
bonus2,1.6,39.5,1
bonus2,1.6,41.3,1
bonus2,1.6,47.4,1
bonus2,1.6,49.7,1
bonus2,1.6,49.9,1
bonus2,1.6,65.3,1
bonus2,1.6,69.4,1
bonus2,1.6,71.5,1
bonus2,1.6,73.5,1
bonus2,1.6,74.6,1
bonus2,1.6,75.4,1
bonus2,1.6,80.6,1
bonus2,1.6,89.1,1
bonus2,1.6,95.1,1
bonus2,1.8,20.1,1
bonus2,1.8,20.9,1
bonus2,1.8,35.9,1
bonus2,1.8,62.9,1
bonus2,1.8,64.4,1
bonus2,1.8,82.3,1
bonus2,1.9,13.9,1
bonus2,1.9,14,1
bonus2,1.9,17.3,1
bonus2,1.9,21.4,2
bonus2,1.9,22,1
bonus2,1.9,34.4,1
bonus2,1.9,36.5,2
bonus2,1.9,41.3,1
bonus2,1.9,41.6,1
bonus2,1.9,49.2,1
bonus2,1.9,52.5,1
bonus2,1.9,60,1
bonus2,1.9,61.9,1
bonus2,1.9,64.8,1
bonus2,1.9,78.1,1
bonus2,1.9,78.2,1
bonus2,1.9,80.5,1
bonus2,1.9,90.9,1
bonus2,1.9,97.8,1
bonus2,2.1,8.8,1
bonus2,2.1,23.2,1
bonus2,2.1,51.6,1
bonus2,2.1,53.1,1
bonus2,2.1,73.7,1
bonus2,2.1,78.8,1
bonus2,2.1,82.7,1
bonus2,2.1,85.7,1
bonus2,2.1,100,1
bonus2,2.3,2,1
bonus2,2.3,13.9,1
bonus2,2.3,14,1
bonus2,2.3,18.9,1
bonus2,2.3,22.3,1
bonus2,2.3,35,1
bonus2,2.3,35.4,1
bonus2,2.3,37.9,1
bonus2,2.3,38.7,1
bonus2,2.3,42.5,1
bonus2,2.3,43.1,1
bonus2,2.3,44.9,1
bonus2,2.3,48.7,1
bonus2,2.3,51.5,1
bonus2,2.3,54.6,1
bonus2,2.3,58.7,1
bonus2,2.3,59.6,1
bonus2,2.3,59.8,2
bonus2,2.3,60.2,1
bonus2,2.3,74.2,1
bonus2,2.3,78,1
bonus2,2.3,83.1,1
bonus2,2.3,91.4,1
bonus2,2.3,94.9,1
bonus2,2.3,96.6,1
bonus2,2.3,99.7,1
bonus2,2.5,4.3,1
bonus2,2.5,15.3,1
bonus2,2.5,24.7,1
bonus2,2.5,47.2,1
bonus2,2.5,47.7,1
bonus2,2.5,61.4,1
bonus2,2.5,71.2,1
bonus2,2.7,0.8,1
bonus2,2.7,3,1
bonus2,2.7,5.3,1
bonus2,2.7,8.7,1
bonus2,2.7,8.8,1
bonus2,2.7,9.2,1
bonus2,2.7,13.1,1
bonus2,2.7,14.4,1
bonus2,2.7,14.7,1
bonus2,2.7,19.4,1
bonus2,2.7,24.5,1
bonus2,2.7,37.4,1
bonus2,2.7,50.2,1
bonus2,2.7,50.3,1
bonus2,2.7,50.8,1
bonus2,2.7,52.7,1
bonus2,2.7,67.5,1
bonus2,2.7,67.9,1
bonus2,2.7,76.6,1
bonus2,2.7,77.7,1
bonus2,2.7,78.2,1
bonus2,2.7,95.4,1
bonus2,2.7,96.8,1
bonus2,2.7,98.9,1
bonus2,3,8.7,1
bonus2,3,24.2,1
bonus2,3,28,1
bonus2,3,33.1,1
bonus2,3,35.6,1
bonus2,3,48.4,1
bonus2,3,56.2,1
bonus2,3,56.6,1
bonus2,3,67.2,1
bonus2,3,68.1,1
bonus2,3,68.5,1
bonus2,3,69.5,1
bonus2,3,74.7,1
bonus2,3,77.8,1
bonus2,3,86.7,1
bonus2,3,89.1,1
bonus2,3.3,4.9,1
bonus2,3.3,6.2,1
bonus2,3.3,7.2,1
bonus2,3.3,9.9,1
bonus2,3.3,10.5,1
bonus2,3.3,18.1,2
bonus2,3.3,20.5,1
bonus2,3.3,23,1
bonus2,3.3,24.9,1
bonus2,3.3,29,1
bonus2,3.3,29.6,1
bonus2,3.3,31.8,1
bonus2,3.3,32.9,1
bonus2,3.3,35,1
bonus2,3.3,36.9,1
bonus2,3.3,38.4,1
bonus2,3.3,43.4,1
bonus2,3.3,46.7,1
bonus2,3.3,50.6,1
bonus2,3.3,53,1
bonus2,3.3,55.7,1
bonus2,3.3,60.2,1
bonus2,3.3,69.2,1
bonus2,3.3,77.2,1
bonus2,3.3,79.9,1
bonus2,3.3,80.7,1
bonus2,3.3,81.1,1
bonus2,3.3,84.1,1
bonus2,3.3,88.6,1
bonus2,3.3,89,1
bonus2,3.3,90.1,1
bonus2,3.3,92,1
bonus2,3.3,92.6,1
bonus2,3.3,93.8,1
bonus2,3.3,99.2,1
bonus2,3.7,14,1
bonus2,3.7,18.3,1
bonus2,3.7,18.7,1
bonus2,3.7,26.2,1
bonus2,3.7,27.9,1
bonus2,3.7,45.3,1
bonus2,3.7,50.8,1
bonus2,3.7,63.2,1
bonus2,3.7,72,1
bonus2,3.7,74.8,1
bonus2,3.7,75.7,1
bonus2,3.7,79.1,1
bonus2,3.7,79.6,1
bonus2,3.7,86.6,1
bonus2,3.7,86.9,1
bonus2,3.7,90.3,1
bonus2,3.7,96,1
bonus2,4,2.8,1
bonus2,4,5.5,1
bonus2,4,7.5,1
bonus2,4,8.1,1
bonus2,4,12.7,1
bonus2,4,12.8,1
bonus2,4,13.9,1
bonus2,4,14,1
bonus2,4,16.5,1
bonus2,4,17.2,1
bonus2,4,18.6,1
bonus2,4,23.5,1
bonus2,4,27.8,1
bonus2,4,28.4,1
bonus2,4,28.8,1
bonus2,4,31.4,1
bonus2,4,32.5,1
bonus2,4,33.7,1
bonus2,4,35.4,1
bonus2,4,37.7,1
bonus2,4,37.8,1
bonus2,4,38.9,1
bonus2,4,39.2,1
bonus2,4,39.6,1
bonus2,4,39.9,1
bonus2,4,49,1
bonus2,4,50,1
bonus2,4,51.4,1
bonus2,4,52.2,1
bonus2,4,56.4,1
bonus2,4,57.3,1
bonus2,4,57.6,1
bonus2,4,58.4,1
bonus2,4,58.9,1
bonus2,4,61.7,1
bonus2,4,77.9,1
bonus2,4,83.3,1
bonus2,4,83.8,1
bonus2,4,85.5,1
bonus2,4,87.7,1
bonus2,4,87.8,1
bonus2,4,88.2,1
bonus2,4,88.5,1
bonus2,4,90.3,1
bonus2,4,99.8,1
bonus2,4.5,2.3,1
bonus2,4.5,2.5,1
bonus2,4.5,3,1
bonus2,4.5,6,1
bonus2,4.5,9.2,1
bonus2,4.5,11,1
bonus2,4.5,11.7,1
bonus2,4.5,16.9,1
bonus2,4.5,21,1
bonus2,4.5,26.5,1
bonus2,4.5,39,1
bonus2,4.5,43.1,1
bonus2,4.5,45.8,1
bonus2,4.5,46,1
bonus2,4.5,46.4,1
bonus2,4.5,48.7,1
bonus2,4.5,55.3,1
bonus2,4.5,61.2,1
bonus2,4.5,72.5,1
bonus2,4.5,81,1
bonus2,4.5,94.6,1
bonus2,5,4.3,1
bonus2,5,5.3,1
bonus2,5,5.7,1
bonus2,5,7.1,1
bonus2,5,10.3,2
bonus2,5,11,1
bonus2,5,11.3,1
bonus2,5,12.7,1
bonus2,5,13.3,2
bonus2,5,20.7,1
bonus2,5,22,1
bonus2,5,25.9,1
bonus2,5,28.1,1
bonus2,5,29.5,1
bonus2,5,31.5,1
bonus2,5,32.2,1
bonus2,5,33.5,1
bonus2,5,33.6,1
bonus2,5,34.7,1
bonus2,5,35.4,1
bonus2,5,37.6,1
bonus2,5,38.2,1
bonus2,5,40.6,1
bonus2,5,41.7,1
bonus2,5,42.1,1
bonus2,5,43,1
bonus2,5,44,1
bonus2,5,45,1
bonus2,5,49.3,1
bonus2,5,50.5,1
bonus2,5,51.2,1
bonus2,5,51.9,1
bonus2,5,52,1
bonus2,5,54.2,1
bonus2,5,56.4,1
bonus2,5,58.6,1
bonus2,5,60.6,1
bonus2,5,61.1,1
bonus2,5,61.4,1
bonus2,5,63.1,1
bonus2,5,67.7,1
bonus2,5,67.9,1
bonus2,5,70.8,1
bonus2,5,74,1
bonus2,5,76.4,1
bonus2,5,79.7,1
bonus2,5,81,1
bonus2,5,82.4,1
bonus2,5,82.7,1
bonus2,5,83.4,1
bonus2,5,84,1
bonus2,5,86,1
bonus2,5,86.2,1
bonus2,5,90.3,1
bonus2,5,93.9,1
bonus2,5,95.6,1
bonus2,5,96.1,1
bonus2,5.5,2.2,1
bonus2,5.5,7.9,1
bonus2,5.5,10.6,1
bonus2,5.5,11.4,1
bonus2,5.5,12.5,1
bonus2,5.5,17.9,1
bonus2,5.5,18.6,1
bonus2,5.5,20.1,1
bonus2,5.5,23.2,1
bonus2,5.5,32.3,1
bonus2,5.5,37.8,1
bonus2,5.5,38.5,1
bonus2,5.5,39.9,1
bonus2,5.5,44.5,1
bonus2,5.5,47,1
bonus2,5.5,59.7,1
bonus2,5.5,62.1,1
bonus2,5.5,62.6,1
bonus2,5.5,79.4,1
bonus2,5.5,87.3,1
bonus2,5.9,0.5,1
bonus2,5.9,0.9,1
bonus2,5.9,1.8,1
bonus2,5.9,4.6,1
bonus2,5.9,6.6,1
bonus2,5.9,7.5,1
bonus2,5.9,8.9,1
bonus2,5.9,9.2,1
bonus2,5.9,9.3,1
bonus2,5.9,10.5,1
bonus2,5.9,10.6,1
bonus2,5.9,11.9,1
bonus2,5.9,13.6,1
bonus2,5.9,14.7,1
bonus2,5.9,14.9,1
bonus2,5.9,17.9,1
bonus2,5.9,19,1
bonus2,5.9,22.2,1
bonus2,5.9,23.1,1
bonus2,5.9,27.4,1
bonus2,5.9,29.3,1
bonus2,5.9,32,1
bonus2,5.9,33.9,1
bonus2,5.9,37.4,1
bonus2,5.9,38,1
bonus2,5.9,38.5,1
bonus2,5.9,44.3,1
bonus2,5.9,44.6,1
bonus2,5.9,47.5,1
bonus2,5.9,50.9,1
bonus2,5.9,53.5,1
bonus2,5.9,54.6,1
bonus2,5.9,56.5,1
bonus2,5.9,58,1
bonus2,5.9,60.6,1
bonus2,5.9,61.3,1
bonus2,5.9,64.1,1
bonus2,5.9,64.8,1
bonus2,5.9,65.9,2
bonus2,5.9,66.6,1
bonus2,5.9,68,1
bonus2,5.9,68.1,1
bonus2,5.9,71,1
bonus2,5.9,73.3,1
bonus2,5.9,76.1,1
bonus2,5.9,80.5,1
bonus2,5.9,82.5,1
bonus2,5.9,83,1
bonus2,5.9,83.8,1
bonus2,5.9,86.8,1
bonus2,5.9,88.5,1
bonus2,5.9,90.6,1
bonus2,5.9,93.6,1
bonus2,5.9,93.7,1
bonus2,5.9,95.5,1
bonus2,6.5,4.4,1
bonus2,6.5,13.8,1
bonus2,6.5,15.2,1
bonus2,6.5,16,1
bonus2,6.5,16.1,1
bonus2,6.5,18.6,1
bonus2,6.5,22.3,1
bonus2,6.5,27.5,1
bonus2,6.5,31.7,1
bonus2,6.5,32.8,1
bonus2,6.5,32.9,1
bonus2,6.5,33.1,1
bonus2,6.5,38.8,1
bonus2,6.5,41.3,1
bonus2,6.5,42.2,1
bonus2,6.5,52.7,1
bonus2,6.5,53.3,1
bonus2,6.5,56.1,1
bonus2,6.5,61.8,1
bonus2,6.5,62,1
bonus2,6.5,62.6,1
bonus2,6.5,68.7,1
bonus2,6.5,69.2,1
bonus2,6.5,70.1,1
bonus2,6.5,80.2,1
bonus2,6.5,93,1
bonus2,6.5,93.5,1
bonus2,7.2,0.4,1
bonus2,7.2,2.1,1
bonus2,7.2,3,1
bonus2,7.2,3.2,1
bonus2,7.2,7.8,1
bonus2,7.2,7.9,1
bonus2,7.2,8.1,1
bonus2,7.2,8.5,1
bonus2,7.2,9.2,1
bonus2,7.2,10.4,1
bonus2,7.2,10.7,1
bonus2,7.2,11.8,1
bonus2,7.2,12.1,1
bonus2,7.2,12.6,1
bonus2,7.2,13,1
bonus2,7.2,14.5,1
bonus2,7.2,15.6,1
bonus2,7.2,16,1
bonus2,7.2,19.5,1
bonus2,7.2,19.6,2
bonus2,7.2,20,1
bonus2,7.2,20.4,1
bonus2,7.2,20.7,1
bonus2,7.2,20.8,1
bonus2,7.2,22.5,1
bonus2,7.2,22.8,1
bonus2,7.2,23.9,1
bonus2,7.2,24.1,1
bonus2,7.2,24.6,1
bonus2,7.2,26.4,1
bonus2,7.2,26.7,1
bonus2,7.2,28.3,1
bonus2,7.2,29.3,1
bonus2,7.2,29.5,1
bonus2,7.2,31.8,1
bonus2,7.2,32.6,1
bonus2,7.2,36.2,1
bonus2,7.2,37.2,1
bonus2,7.2,37.7,1
bonus2,7.2,38.7,1
bonus2,7.2,41.4,1
bonus2,7.2,41.5,1
bonus2,7.2,41.9,1
bonus2,7.2,43.9,1
bonus2,7.2,48,1
bonus2,7.2,49.9,1
bonus2,7.2,50.4,1
bonus2,7.2,50.9,2
bonus2,7.2,51.1,1
bonus2,7.2,52,1
bonus2,7.2,52.1,1
bonus2,7.2,55.1,1
bonus2,7.2,57,1
bonus2,7.2,57.5,1
bonus2,7.2,57.6,1
bonus2,7.2,60.2,1
bonus2,7.2,60.5,1
bonus2,7.2,60.7,1
bonus2,7.2,62,1
bonus2,7.2,64.3,1
bonus2,7.2,64.8,1
bonus2,7.2,65.1,1
bonus2,7.2,66,1
bonus2,7.2,66.1,1
bonus2,7.2,67.9,2
bonus2,7.2,75.1,1
bonus2,7.2,75.3,1
bonus2,7.2,78.3,1
bonus2,7.2,78.6,1
bonus2,7.2,79.7,1
bonus2,7.2,80.4,1
bonus2,7.2,80.7,1
bonus2,7.2,83.7,1
bonus2,7.2,84.4,1
bonus2,7.2,87.6,1
bonus2,7.2,87.7,1
bonus2,7.2,88.2,1
bonus2,7.2,89.5,1
bonus2,7.2,91.3,1
bonus2,7.2,92.7,1
bonus2,7.2,93.3,2
bonus2,7.2,94.8,1
bonus2,7.2,95,1
bonus2,7.2,97.7,1
bonus2,8,0.2,1
bonus2,8,0.4,1
bonus2,8,6.1,1
bonus2,8,7,2
bonus2,8,14.3,1
bonus2,8,15.2,1
bonus2,8,15.8,1
bonus2,8,16.8,1
bonus2,8,19.6,1
bonus2,8,21.1,1
bonus2,8,21.8,1
bonus2,8,24.9,1
bonus2,8,30.3,1
bonus2,8,31,1
bonus2,8,31.9,1
bonus2,8,35.6,1
bonus2,8,38.1,1
bonus2,8,39.5,1
bonus2,8,46,1
bonus2,8,47.1,1
bonus2,8,48.2,1
bonus2,8,50.1,1
bonus2,8,54.7,1
bonus2,8,60.4,1
bonus2,8,65.6,1
bonus2,8,72.3,1
bonus2,8,72.4,1
bonus2,8,72.6,1
bonus2,8,77.6,1
bonus2,8,78.7,1
bonus2,8,79,1
bonus2,8,79.8,1
bonus2,8,80.4,1
bonus2,8,82.8,1
bonus2,8,83.9,1
bonus2,8,86.5,1
bonus2,8,91.5,1
bonus2,8,94.1,1
bonus2,8.8,0.5,1
bonus2,8.8,1.2,1
bonus2,8.8,2.8,1
bonus2,8.8,2.9,1
bonus2,8.8,4.3,1
bonus2,8.8,5.8,1
bonus2,8.8,7.9,1
bonus2,8.8,8.2,1
bonus2,8.8,9.1,1
bonus2,8.8,9.3,1
bonus2,8.8,10,1
bonus2,8.8,10.1,1
bonus2,8.8,12,1
bonus2,8.8,13,1
bonus2,8.8,13.5,1
bonus2,8.8,13.7,1
bonus2,8.8,14.6,1
bonus2,8.8,14.7,1
bonus2,8.8,15.4,1
bonus2,8.8,16.2,1
bonus2,8.8,19.1,1
bonus2,8.8,21.9,1
bonus2,8.8,23.2,1
bonus2,8.8,25.2,1
bonus2,8.8,25.5,1
bonus2,8.8,26.4,1
bonus2,8.8,27.3,1
bonus2,8.8,27.5,1
bonus2,8.8,28,1
bonus2,8.8,30.3,1
bonus2,8.8,31.6,1
bonus2,8.8,33.3,1
bonus2,8.8,33.4,1
bonus2,8.8,35.8,1
bonus2,8.8,36.7,1
bonus2,8.8,39.2,1
bonus2,8.8,39.8,1
bonus2,8.8,40.4,1
bonus2,8.8,43.8,1
bonus2,8.8,47.2,1
bonus2,8.8,47.8,1
bonus2,8.8,48.3,1
bonus2,8.8,49.4,1
bonus2,8.8,49.5,1
bonus2,8.8,49.9,1
bonus2,8.8,51.4,1
bonus2,8.8,52.1,1
bonus2,8.8,52.4,2
bonus2,8.8,54,1
bonus2,8.8,54.4,1
bonus2,8.8,56.1,1
bonus2,8.8,56.9,1
bonus2,8.8,57.9,1
bonus2,8.8,59.3,1
bonus2,8.8,60.1,1
bonus2,8.8,61.2,1
bonus2,8.8,62.2,1
bonus2,8.8,62.6,1
bonus2,8.8,63.7,2
bonus2,8.8,64.9,1
bonus2,8.8,65.4,2
bonus2,8.8,65.5,1
bonus2,8.8,67.1,1
bonus2,8.8,68.6,1
bonus2,8.8,69.5,1
bonus2,8.8,69.9,1
bonus2,8.8,70.3,1
bonus2,8.8,71.9,1
bonus2,8.8,72.5,1
bonus2,8.8,72.6,1
bonus2,8.8,73.2,1
bonus2,8.8,75.6,1
bonus2,8.8,75.9,1
bonus2,8.8,76.1,1
bonus2,8.8,76.3,1
bonus2,8.8,76.7,1
bonus2,8.8,76.8,1
bonus2,8.8,76.9,1
bonus2,8.8,78.4,1
bonus2,8.8,79.5,1
bonus2,8.8,81,1
bonus2,8.8,81.6,1
bonus2,8.8,81.8,1
bonus2,8.8,82.7,1
bonus2,8.8,84.8,1
bonus2,8.8,85.6,1
bonus2,8.8,86.1,1
bonus2,8.8,86.8,1
bonus2,8.8,87.4,1
bonus2,8.8,89.7,1
bonus2,8.8,91.8,1
bonus2,8.8,94.2,2
bonus2,8.8,95.9,1
bonus2,8.8,96.4,2
bonus2,8.8,98.9,1
bonus2,9.8,0.7,1
bonus2,9.8,2.4,1
bonus2,9.8,6.5,1
bonus2,9.8,7,1
bonus2,9.8,9.9,1
bonus2,9.8,18.2,1
bonus2,9.8,18.4,1
bonus2,9.8,27.2,1
bonus2,9.8,27.3,1
bonus2,9.8,28.1,1
bonus2,9.8,28.7,2
bonus2,9.8,29.6,1
bonus2,9.8,34.6,1
bonus2,9.8,35.9,1
bonus2,9.8,39.1,1
bonus2,9.8,41,1
bonus2,9.8,43.6,2
bonus2,9.8,46.3,1
bonus2,9.8,50,1
bonus2,9.8,52.9,1
bonus2,9.8,53.7,1
bonus2,9.8,55.6,1
bonus2,9.8,57.7,1
bonus2,9.8,59,1
bonus2,9.8,60.5,1
bonus2,9.8,70.4,1
bonus2,9.8,71.6,1
bonus2,9.8,73.9,1
bonus2,9.8,74.8,1
bonus2,9.8,79.9,1
bonus2,9.8,80.8,1
bonus2,9.8,81.5,1
bonus2,9.8,83.1,1
bonus2,9.8,83.9,1
bonus2,9.8,85.6,1
bonus2,9.8,88.4,1
bonus2,9.8,89,1
bonus2,9.8,89.4,1
bonus2,9.8,89.5,1
bonus2,9.8,92.4,1
bonus2,9.8,94.5,1
bonus2,9.8,94.7,1
bonus2,9.8,97,1
bonus2,10.8,0.5,1
bonus2,10.8,3.3,1
bonus2,10.8,3.6,1
bonus2,10.8,4.6,1
bonus2,10.8,5.6,2
bonus2,10.8,6.2,1
bonus2,10.8,7.2,1
bonus2,10.8,10.1,1
bonus2,10.8,10.9,1
bonus2,10.8,12.4,1
bonus2,10.8,12.5,1
bonus2,10.8,12.7,1
bonus2,10.8,12.9,1
bonus2,10.8,13.1,1
bonus2,10.8,14.8,1
bonus2,10.8,16.5,1
bonus2,10.8,17.5,1
bonus2,10.8,18,1
bonus2,10.8,18.9,1
bonus2,10.8,19.3,1
bonus2,10.8,19.8,1
bonus2,10.8,20.7,1
bonus2,10.8,23.3,1
bonus2,10.8,24.7,1
bonus2,10.8,25.4,1
bonus2,10.8,25.7,1
bonus2,10.8,26.9,1
bonus2,10.8,30.1,2
bonus2,10.8,30.8,1
bonus2,10.8,31.5,1
bonus2,10.8,32.1,1
bonus2,10.8,32.7,1
bonus2,10.8,33,1
bonus2,10.8,34.3,1
bonus2,10.8,34.6,1
bonus2,10.8,35,1
bonus2,10.8,35.5,2
bonus2,10.8,36.2,1
bonus2,10.8,36.4,1
bonus2,10.8,36.8,1
bonus2,10.8,37.4,1
bonus2,10.8,38.5,1
bonus2,10.8,38.7,1
bonus2,10.8,39.1,1
bonus2,10.8,40.3,1
bonus2,10.8,41,3
bonus2,10.8,41.2,1
bonus2,10.8,41.4,1
bonus2,10.8,41.8,2
bonus2,10.8,42.3,1
bonus2,10.8,42.6,2
bonus2,10.8,43.1,1
bonus2,10.8,44.6,1
bonus2,10.8,45.1,1
bonus2,10.8,45.4,1
bonus2,10.8,46,1
bonus2,10.8,49.2,1
bonus2,10.8,49.8,1
bonus2,10.8,50.7,1
bonus2,10.8,51.3,1
bonus2,10.8,51.5,1
bonus2,10.8,51.8,1
bonus2,10.8,52.2,1
bonus2,10.8,54.5,1
bonus2,10.8,57.2,1
bonus2,10.8,57.7,1
bonus2,10.8,58.2,2
bonus2,10.8,58.3,1
bonus2,10.8,58.4,1
bonus2,10.8,59.4,1
bonus2,10.8,59.8,1
bonus2,10.8,61.3,1
bonus2,10.8,61.6,1
bonus2,10.8,64.9,1
bonus2,10.8,65.5,1
bonus2,10.8,65.7,1
bonus2,10.8,67.1,1
bonus2,10.8,67.7,1
bonus2,10.8,68.3,1
bonus2,10.8,69.6,1
bonus2,10.8,71.9,1
bonus2,10.8,72.1,1
bonus2,10.8,72.3,1
bonus2,10.8,72.5,1
bonus2,10.8,72.7,1
bonus2,10.8,73.2,1
bonus2,10.8,73.5,1
bonus2,10.8,74.3,1
bonus2,10.8,75.3,1
bonus2,10.8,76.2,1
bonus2,10.8,78.4,1
bonus2,10.8,80.1,1
bonus2,10.8,82.1,1
bonus2,10.8,82.2,1
bonus2,10.8,83,1
bonus2,10.8,83.2,1
bonus2,10.8,83.9,1
bonus2,10.8,84,1
bonus2,10.8,84.4,1
bonus2,10.8,85.5,1
bonus2,10.8,86.3,1
bonus2,10.8,87.2,1
bonus2,10.8,89.9,1
bonus2,10.8,90.4,1
bonus2,10.8,92.2,1
bonus2,10.8,92.3,1
bonus2,10.8,92.8,1
bonus2,10.8,93.6,1
bonus2,10.8,93.8,1
bonus2,10.8,94.4,1
bonus2,10.8,96.5,1
bonus2,10.8,97.3,1
bonus2,10.8,98.8,1
bonus2,11.9,2.6,1
bonus2,11.9,2.7,1
bonus2,11.9,6,1
bonus2,11.9,7.3,1
bonus2,11.9,7.4,1
bonus2,11.9,8.4,1
bonus2,11.9,8.8,1
bonus2,11.9,10.5,1
bonus2,11.9,12.1,1
bonus2,11.9,12.5,1
bonus2,11.9,16.3,1
bonus2,11.9,16.6,1
bonus2,11.9,16.9,1
bonus2,11.9,19.9,1
bonus2,11.9,21.3,1
bonus2,11.9,21.8,1
bonus2,11.9,22.5,1
bonus2,11.9,22.6,1
bonus2,11.9,22.7,1
bonus2,11.9,23.9,1
bonus2,11.9,25,1
bonus2,11.9,25.9,1
bonus2,11.9,34.9,1
bonus2,11.9,37,1
bonus2,11.9,38.8,1
bonus2,11.9,42.7,1
bonus2,11.9,46.1,1
bonus2,11.9,50,1
bonus2,11.9,51.3,1
bonus2,11.9,53.1,1
bonus2,11.9,53.2,1
bonus2,11.9,55.6,1
bonus2,11.9,56.3,1
bonus2,11.9,57.7,1
bonus2,11.9,59.5,1
bonus2,11.9,60.9,1
bonus2,11.9,62.1,1
bonus2,11.9,62.4,1
bonus2,11.9,63.9,1
bonus2,11.9,64.2,1
bonus2,11.9,71.8,1
bonus2,11.9,73.1,1
bonus2,11.9,76.2,1
bonus2,11.9,77.8,1
bonus2,11.9,79.3,1
bonus2,11.9,79.4,1
bonus2,11.9,80.5,1
bonus2,11.9,81.7,1
bonus2,11.9,84.1,1
bonus2,11.9,84.6,1
bonus2,11.9,84.7,1
bonus2,11.9,87.1,1
bonus2,11.9,90.8,1
bonus2,11.9,91.2,1
bonus2,11.9,92.8,1
bonus2,12.9,0.4,1
bonus2,12.9,1.1,1
bonus2,12.9,2.1,1
bonus2,12.9,2.7,1
bonus2,12.9,3,1
bonus2,12.9,3.5,1
bonus2,12.9,5.2,1
bonus2,12.9,6.9,1
bonus2,12.9,7.1,1
bonus2,12.9,8.3,1
bonus2,12.9,8.5,1
bonus2,12.9,8.9,1
bonus2,12.9,9.9,1
bonus2,12.9,10,1
bonus2,12.9,10.5,1
bonus2,12.9,11.6,1
bonus2,12.9,12.9,1
bonus2,12.9,13,1
bonus2,12.9,13.4,1
bonus2,12.9,13.9,1
bonus2,12.9,14.3,1
bonus2,12.9,14.9,1
bonus2,12.9,17.1,1
bonus2,12.9,19.9,1
bonus2,12.9,20.2,1
bonus2,12.9,21.4,1
bonus2,12.9,24,1
bonus2,12.9,24.8,1
bonus2,12.9,24.9,1
bonus2,12.9,25.8,2
bonus2,12.9,26.6,1
bonus2,12.9,27.5,1
bonus2,12.9,28.1,1
bonus2,12.9,28.2,1
bonus2,12.9,29.9,1
bonus2,12.9,30.7,1
bonus2,12.9,31.6,1
bonus2,12.9,33.8,1
bonus2,12.9,34.8,1
bonus2,12.9,35.4,1
bonus2,12.9,36,1
bonus2,12.9,37.5,1
bonus2,12.9,37.7,1
bonus2,12.9,37.9,1
bonus2,12.9,38.4,1
bonus2,12.9,39.6,1
bonus2,12.9,39.9,1
bonus2,12.9,40.5,1
bonus2,12.9,40.6,1
bonus2,12.9,40.9,1
bonus2,12.9,41.6,1
bonus2,12.9,42.3,1
bonus2,12.9,43.8,1
bonus2,12.9,44.1,1
bonus2,12.9,46,1
bonus2,12.9,47.5,1
bonus2,12.9,49.7,1
bonus2,12.9,50.6,1
bonus2,12.9,52.2,1
bonus2,12.9,54.7,1
bonus2,12.9,55,2
bonus2,12.9,55.5,1
bonus2,12.9,56.6,1
bonus2,12.9,57,1
bonus2,12.9,60.4,1
bonus2,12.9,62.3,1
bonus2,12.9,63.4,1
bonus2,12.9,63.6,1
bonus2,12.9,66.7,1
bonus2,12.9,66.9,1
bonus2,12.9,67.3,1
bonus2,12.9,67.8,1
bonus2,12.9,69.7,1
bonus2,12.9,70.2,1
bonus2,12.9,70.7,1
bonus2,12.9,71,1
bonus2,12.9,74.4,1
bonus2,12.9,75.3,1
bonus2,12.9,75.4,1
bonus2,12.9,79.2,1
bonus2,12.9,80.5,1
bonus2,12.9,82,1
bonus2,12.9,82.8,1
bonus2,12.9,83.1,1
bonus2,12.9,83.5,1
bonus2,12.9,85.1,1
bonus2,12.9,85.5,1
bonus2,12.9,86.3,1
bonus2,12.9,87.2,2
bonus2,12.9,87.5,1
bonus2,12.9,88.8,1
bonus2,12.9,88.9,1
bonus2,12.9,89.3,2
bonus2,12.9,90.2,1
bonus2,12.9,93.1,1
bonus2,12.9,93.4,1
bonus2,12.9,94.1,1
bonus2,12.9,95.6,1
bonus2,12.9,97.1,1
bonus2,12.9,98.8,1
bonus2,14,5.4,1
bonus2,14,5.8,1
bonus2,14,7.4,1
bonus2,14,8.9,1
bonus2,14,9.5,1
bonus2,14,10.6,1
bonus2,14,15.2,1
bonus2,14,18.7,1
bonus2,14,19.3,1
bonus2,14,19.4,1
bonus2,14,20.5,1
bonus2,14,22.3,1
bonus2,14,22.6,1
bonus2,14,22.9,1
bonus2,14,23,1
bonus2,14,25.6,1
bonus2,14,32,1
bonus2,14,33.1,1
bonus2,14,33.7,1
bonus2,14,34.4,1
bonus2,14,36.1,1
bonus2,14,37.1,1
bonus2,14,37.2,1
bonus2,14,43.4,1
bonus2,14,46.8,1
bonus2,14,48.5,1
bonus2,14,49.1,1
bonus2,14,49.4,1
bonus2,14,50.7,1
bonus2,14,51.2,1
bonus2,14,51.6,1
bonus2,14,52.3,1
bonus2,14,52.6,1
bonus2,14,53.8,1
bonus2,14,55.4,1
bonus2,14,55.9,1
bonus2,14,57.1,1
bonus2,14,58.2,1
bonus2,14,58.7,1
bonus2,14,61.2,2
bonus2,14,62,1
bonus2,14,62.3,1
bonus2,14,62.9,1
bonus2,14,63.2,1
bonus2,14,65.6,1
bonus2,14,66.9,1
bonus2,14,68.5,1
bonus2,14,69.5,1
bonus2,14,71.8,1
bonus2,14,72,1
bonus2,14,74.1,1
bonus2,14,76.7,1
bonus2,14,76.8,1
bonus2,14,79.1,1
bonus2,14,79.3,1
bonus2,14,79.4,1
bonus2,14,84.9,1
bonus2,14,89.8,1
bonus2,14,90.2,1
bonus2,14,90.9,1
bonus2,14,91.1,1
bonus2,14,92.4,1
bonus2,14,97.4,1
bonus2,15.2,0.5,1
bonus2,15.2,0.7,1
bonus2,15.2,2.2,1
bonus2,15.2,3.3,1
bonus2,15.2,3.6,1
bonus2,15.2,3.9,1
bonus2,15.2,4.1,2
bonus2,15.2,4.2,1
bonus2,15.2,4.6,1
bonus2,15.2,4.9,1
bonus2,15.2,5.2,1
bonus2,15.2,5.6,1
bonus2,15.2,6.2,1
bonus2,15.2,8.9,1
bonus2,15.2,9.5,1
bonus2,15.2,10.5,1
bonus2,15.2,11.2,1
bonus2,15.2,11.4,1
bonus2,15.2,12.3,1
bonus2,15.2,14.5,1
bonus2,15.2,14.6,1
bonus2,15.2,14.9,1
bonus2,15.2,15.9,1
bonus2,15.2,16.1,1
bonus2,15.2,16.5,1
bonus2,15.2,18.1,1
bonus2,15.2,19.5,1
bonus2,15.2,20.3,1
bonus2,15.2,20.5,1
bonus2,15.2,21.6,1
bonus2,15.2,21.8,2
bonus2,15.2,23.1,1
bonus2,15.2,24.2,1
bonus2,15.2,25,1
bonus2,15.2,25.4,1
bonus2,15.2,26.3,1
bonus2,15.2,28.9,1
bonus2,15.2,29.2,1
bonus2,15.2,29.5,1
bonus2,15.2,30.1,1
bonus2,15.2,30.8,2
bonus2,15.2,32.5,1
bonus2,15.2,33,1
bonus2,15.2,34,1
bonus2,15.2,34.1,1
bonus2,15.2,35.6,1
bonus2,15.2,37,1
bonus2,15.2,37.1,1
bonus2,15.2,37.5,1
bonus2,15.2,37.7,1
bonus2,15.2,38.1,1
bonus2,15.2,38.5,1
bonus2,15.2,38.6,1
bonus2,15.2,38.9,1
bonus2,15.2,39.7,1
bonus2,15.2,40,1
bonus2,15.2,41.4,1
bonus2,15.2,42,1
bonus2,15.2,45.2,1
bonus2,15.2,45.7,1
bonus2,15.2,45.8,1
bonus2,15.2,47.9,1
bonus2,15.2,48.1,1
bonus2,15.2,48.2,1
bonus2,15.2,48.8,1
bonus2,15.2,49.1,1
bonus2,15.2,49.6,1
bonus2,15.2,49.7,2
bonus2,15.2,50.3,1
bonus2,15.2,51.3,1
bonus2,15.2,52.5,1
bonus2,15.2,53.9,1
bonus2,15.2,55.1,1
bonus2,15.2,55.8,1
bonus2,15.2,56.7,1
bonus2,15.2,59.4,1
bonus2,15.2,60.1,1
bonus2,15.2,61.2,1
bonus2,15.2,61.9,1
bonus2,15.2,62.2,1
bonus2,15.2,62.6,1
bonus2,15.2,64.4,1
bonus2,15.2,64.5,2
bonus2,15.2,65,1
bonus2,15.2,65.7,1
bonus2,15.2,66.1,1
bonus2,15.2,66.6,1
bonus2,15.2,68,1
bonus2,15.2,68.9,1
bonus2,15.2,69.2,1
bonus2,15.2,70.2,1
bonus2,15.2,71,1
bonus2,15.2,71.8,1
bonus2,15.2,72,2
bonus2,15.2,72.8,1
bonus2,15.2,73.4,1
bonus2,15.2,74.4,1
bonus2,15.2,75.1,1
bonus2,15.2,75.2,1
bonus2,15.2,75.5,1
bonus2,15.2,75.9,1
bonus2,15.2,77.2,1
bonus2,15.2,77.3,1
bonus2,15.2,78,1
bonus2,15.2,78.7,1
bonus2,15.2,78.8,1
bonus2,15.2,79.8,1
bonus2,15.2,80.2,1
bonus2,15.2,80.3,2
bonus2,15.2,81.7,2
bonus2,15.2,82.3,1
bonus2,15.2,82.7,1
bonus2,15.2,83,1
bonus2,15.2,83.3,1
bonus2,15.2,85.1,1
bonus2,15.2,86.6,1
bonus2,15.2,86.8,1
bonus2,15.2,89.8,1
bonus2,15.2,91.4,1
bonus2,15.2,92,1
bonus2,15.2,92.6,1
bonus2,15.2,95.7,1
bonus2,15.2,95.9,1
bonus2,15.2,96.1,1
bonus2,16.5,1.1,1
bonus2,16.5,1.3,1
bonus2,16.5,2.4,1
bonus2,16.5,4.6,1
bonus2,16.5,6.4,1
bonus2,16.5,8.4,1
bonus2,16.5,8.8,1
bonus2,16.5,11.3,1
bonus2,16.5,15.5,1
bonus2,16.5,16.7,1
bonus2,16.5,18.1,1
bonus2,16.5,18.2,1
bonus2,16.5,19,1
bonus2,16.5,21.5,1
bonus2,16.5,21.7,1
bonus2,16.5,22.5,1
bonus2,16.5,23,1
bonus2,16.5,23.9,1
bonus2,16.5,24.1,1
bonus2,16.5,24.5,2
bonus2,16.5,27.9,1
bonus2,16.5,29.6,1
bonus2,16.5,30.3,1
bonus2,16.5,32.3,1
bonus2,16.5,34.6,1
bonus2,16.5,34.7,1
bonus2,16.5,35.2,1
bonus2,16.5,36.3,1
bonus2,16.5,36.5,1
bonus2,16.5,36.8,1
bonus2,16.5,37.7,1
bonus2,16.5,38.2,1
bonus2,16.5,38.4,1
bonus2,16.5,39.9,1
bonus2,16.5,40.5,1
bonus2,16.5,41.5,1
bonus2,16.5,42.6,1
bonus2,16.5,43.2,1
bonus2,16.5,44.4,1
bonus2,16.5,45.4,1
bonus2,16.5,45.6,1
bonus2,16.5,47,1
bonus2,16.5,47.8,1
bonus2,16.5,49.1,1
bonus2,16.5,50,1
bonus2,16.5,50.1,1
bonus2,16.5,50.9,1
bonus2,16.5,52.1,1
bonus2,16.5,52.9,1
bonus2,16.5,53.6,1
bonus2,16.5,55.3,1
bonus2,16.5,59.4,1
bonus2,16.5,60.1,1
bonus2,16.5,67.3,1
bonus2,16.5,68.2,1
bonus2,16.5,68.6,1
bonus2,16.5,69.6,1
bonus2,16.5,71.1,1
bonus2,16.5,71.8,1
bonus2,16.5,73.9,1
bonus2,16.5,74.2,1
bonus2,16.5,74.8,1
bonus2,16.5,75.5,1
bonus2,16.5,76.5,1
bonus2,16.5,76.6,1
bonus2,16.5,77.3,1
bonus2,16.5,78,1
bonus2,16.5,78.6,1
bonus2,16.5,79.6,1
bonus2,16.5,80.9,1
bonus2,16.5,81.5,1
bonus2,16.5,88.2,1
bonus2,16.5,90.4,1
bonus2,16.5,92,1
bonus2,16.5,92.1,1
bonus2,16.5,97.4,1
bonus2,16.5,98.2,1
bonus2,16.5,98.5,1
bonus2,18.1,0.8,1
bonus2,18.1,1.5,1
bonus2,18.1,2.1,1
bonus2,18.1,3.7,1
bonus2,18.1,5.7,1
bonus2,18.1,5.8,2
bonus2,18.1,6.1,1
bonus2,18.1,6.3,1
bonus2,18.1,6.8,1
bonus2,18.1,6.9,1
bonus2,18.1,7.7,1
bonus2,18.1,8,1
bonus2,18.1,8.1,1
bonus2,18.1,8.7,1
bonus2,18.1,9.1,1
bonus2,18.1,9.4,1
bonus2,18.1,9.6,1
bonus2,18.1,9.7,1
bonus2,18.1,9.8,1
bonus2,18.1,10.1,1
bonus2,18.1,11.3,1
bonus2,18.1,11.4,1
bonus2,18.1,14.1,1
bonus2,18.1,14.3,1
bonus2,18.1,14.6,1
bonus2,18.1,15.2,1
bonus2,18.1,15.8,1
bonus2,18.1,16,2
bonus2,18.1,16.1,2
bonus2,18.1,17.3,1
bonus2,18.1,17.5,1
bonus2,18.1,18.3,1
bonus2,18.1,18.5,2
bonus2,18.1,20.2,1
bonus2,18.1,20.4,1
bonus2,18.1,20.6,1
bonus2,18.1,21.3,2
bonus2,18.1,21.6,1
bonus2,18.1,22.6,1
bonus2,18.1,23.8,1
bonus2,18.1,23.9,1
bonus2,18.1,25.6,1
bonus2,18.1,25.9,1
bonus2,18.1,26.2,1
bonus2,18.1,26.3,2
bonus2,18.1,26.4,1
bonus2,18.1,26.8,1
bonus2,18.1,27,1
bonus2,18.1,27.1,1
bonus2,18.1,27.3,2
bonus2,18.1,28.7,1
bonus2,18.1,28.8,1
bonus2,18.1,29.8,2
bonus2,18.1,29.9,2
bonus2,18.1,30,1
bonus2,18.1,30.7,1
bonus2,18.1,31.3,1
bonus2,18.1,32.1,1
bonus2,18.1,32.3,1
bonus2,18.1,33.4,1
bonus2,18.1,33.9,1
bonus2,18.1,34.3,1
bonus2,18.1,36,1
bonus2,18.1,36.3,1
bonus2,18.1,36.8,1
bonus2,18.1,37.1,1
bonus2,18.1,37.6,1
bonus2,18.1,38,1
bonus2,18.1,39.4,1
bonus2,18.1,40,1
bonus2,18.1,40.3,1
bonus2,18.1,40.9,1
bonus2,18.1,41.6,1
bonus2,18.1,41.8,1
bonus2,18.1,41.9,1
bonus2,18.1,42.3,1
bonus2,18.1,42.8,1
bonus2,18.1,43.2,1
bonus2,18.1,43.5,1
bonus2,18.1,44.7,1
bonus2,18.1,44.8,1
bonus2,18.1,45,1
bonus2,18.1,45.1,1
bonus2,18.1,45.8,1
bonus2,18.1,46.4,1
bonus2,18.1,46.7,1
bonus2,18.1,47.1,1
bonus2,18.1,47.4,1
bonus2,18.1,48.8,1
bonus2,18.1,50.8,1
bonus2,18.1,51.1,1
bonus2,18.1,53.3,2
bonus2,18.1,53.6,1
bonus2,18.1,54.3,1
bonus2,18.1,54.6,1
bonus2,18.1,54.8,1
bonus2,18.1,55,1
bonus2,18.1,55.5,1
bonus2,18.1,55.7,3
bonus2,18.1,56.4,1
bonus2,18.1,56.6,1
bonus2,18.1,56.8,1
bonus2,18.1,57.3,1
bonus2,18.1,58.1,1
bonus2,18.1,58.8,1
bonus2,18.1,58.9,1
bonus2,18.1,59,1
bonus2,18.1,59.2,1
bonus2,18.1,59.3,1
bonus2,18.1,59.4,1
bonus2,18.1,59.7,1
bonus2,18.1,60.6,1
bonus2,18.1,62.3,1
bonus2,18.1,62.6,1
bonus2,18.1,62.9,1
bonus2,18.1,63.8,1
bonus2,18.1,65,1
bonus2,18.1,65.2,1
bonus2,18.1,65.8,1
bonus2,18.1,67.8,1
bonus2,18.1,68.7,1
bonus2,18.1,68.9,1
bonus2,18.1,69.3,1
bonus2,18.1,71.2,1
bonus2,18.1,71.3,1
bonus2,18.1,71.9,1
bonus2,18.1,72.3,1
bonus2,18.1,72.4,1
bonus2,18.1,73.6,1
bonus2,18.1,73.9,1
bonus2,18.1,74,1
bonus2,18.1,74.5,1
bonus2,18.1,75.2,1
bonus2,18.1,77.5,2
bonus2,18.1,79.6,1
bonus2,18.1,79.8,1
bonus2,18.1,80.2,1
bonus2,18.1,81.1,1
bonus2,18.1,81.2,1
bonus2,18.1,82.8,1
bonus2,18.1,83.2,1
bonus2,18.1,83.9,1
bonus2,18.1,84,1
bonus2,18.1,84.1,1
bonus2,18.1,84.3,1
bonus2,18.1,84.9,1
bonus2,18.1,85.4,1
bonus2,18.1,85.5,1
bonus2,18.1,85.9,1
bonus2,18.1,86.4,1
bonus2,18.1,86.7,1
bonus2,18.1,87.2,1
bonus2,18.1,88.1,1
bonus2,18.1,88.9,1
bonus2,18.1,89.1,1
bonus2,18.1,90.8,1
bonus2,18.1,90.9,1
bonus2,18.1,91.2,1
bonus2,18.1,91.8,1
bonus2,18.1,92.2,1
bonus2,18.1,92.9,1
bonus2,18.1,93.9,1
bonus2,18.1,94.8,1
bonus2,18.1,96.7,1
bonus2,18.1,98.5,1
bonus2,18.1,99.9,1
bonus2,19.9,0.9,1
bonus2,19.9,3.2,2
bonus2,19.9,6,1
bonus2,19.9,9.2,1
bonus2,19.9,9.4,2
bonus2,19.9,10,1
bonus2,19.9,10.3,1
bonus2,19.9,10.8,1
bonus2,19.9,12.2,1
bonus2,19.9,12.4,1
bonus2,19.9,12.9,1
bonus2,19.9,13.1,1
bonus2,19.9,13.8,1
bonus2,19.9,13.9,1
bonus2,19.9,16.2,1
bonus2,19.9,16.7,1
bonus2,19.9,17.7,1
bonus2,19.9,19.4,1
bonus2,19.9,22.2,1
bonus2,19.9,24.2,1
bonus2,19.9,24.5,1
bonus2,19.9,25.8,1
bonus2,19.9,26.2,1
bonus2,19.9,26.3,1
bonus2,19.9,27.3,1
bonus2,19.9,28.4,1
bonus2,19.9,32.4,1
bonus2,19.9,32.9,1
bonus2,19.9,33.6,1
bonus2,19.9,34.1,1
bonus2,19.9,34.8,1
bonus2,19.9,35.1,1
bonus2,19.9,38.2,1
bonus2,19.9,39.6,1
bonus2,19.9,41.9,1
bonus2,19.9,44.2,2
bonus2,19.9,44.6,1
bonus2,19.9,45.3,1
bonus2,19.9,49.6,1
bonus2,19.9,50.3,1
bonus2,19.9,51.2,1
bonus2,19.9,53.2,1
bonus2,19.9,53.4,1
bonus2,19.9,53.6,1
bonus2,19.9,58.1,1
bonus2,19.9,58.2,1
bonus2,19.9,58.9,1
bonus2,19.9,62.7,1
bonus2,19.9,62.8,1
bonus2,19.9,63.1,1
bonus2,19.9,63.6,1
bonus2,19.9,64.5,1
bonus2,19.9,64.6,1
bonus2,19.9,65.2,1
bonus2,19.9,65.9,1
bonus2,19.9,66.3,1
bonus2,19.9,66.5,1
bonus2,19.9,66.9,1
bonus2,19.9,68.2,1
bonus2,19.9,68.3,1
bonus2,19.9,68.6,1
bonus2,19.9,69.1,1
bonus2,19.9,70.1,1
bonus2,19.9,71.5,1
bonus2,19.9,72.2,1
bonus2,19.9,72.3,2
bonus2,19.9,73.5,1
bonus2,19.9,75,1
bonus2,19.9,75.2,1
bonus2,19.9,75.4,1
bonus2,19.9,76.4,1
bonus2,19.9,81.2,1
bonus2,19.9,82.5,1
bonus2,19.9,84.3,1
bonus2,19.9,85.9,1
bonus2,19.9,87.3,1
bonus2,19.9,87.6,1
bonus2,19.9,89.2,1
bonus2,19.9,89.5,1
bonus2,19.9,90.2,1
bonus2,19.9,90.8,2
bonus2,19.9,91.1,1
bonus2,19.9,92.2,1
bonus2,19.9,92.3,1
bonus2,19.9,92.4,1
bonus2,19.9,94.3,1
bonus2,19.9,94.8,1
bonus2,19.9,95.3,1
bonus2,19.9,95.9,1
bonus2,19.9,97.1,1
bonus2,19.9,99.6,1
bonus2,21.8,0.4,1
bonus2,21.8,0.8,1
bonus2,21.8,1,1
bonus2,21.8,1.8,1
bonus2,21.8,1.9,1
bonus2,21.8,2.6,1
bonus2,21.8,3.9,1
bonus2,21.8,4.5,1
bonus2,21.8,5.1,1
bonus2,21.8,5.2,1
bonus2,21.8,6.6,1
bonus2,21.8,6.7,1
bonus2,21.8,7.3,1
bonus2,21.8,7.6,1
bonus2,21.8,7.7,1
bonus2,21.8,7.8,2
bonus2,21.8,8.6,1
bonus2,21.8,8.9,1
bonus2,21.8,9.8,1
bonus2,21.8,9.9,1
bonus2,21.8,10.7,1
bonus2,21.8,12.7,2
bonus2,21.8,12.8,1
bonus2,21.8,13.2,1
bonus2,21.8,13.4,1
bonus2,21.8,14.1,1
bonus2,21.8,14.7,1
bonus2,21.8,16.2,1
bonus2,21.8,16.3,1
bonus2,21.8,16.6,1
bonus2,21.8,16.8,2
bonus2,21.8,17.6,1
bonus2,21.8,18,1
bonus2,21.8,18.6,2
bonus2,21.8,18.8,1
bonus2,21.8,19,1
bonus2,21.8,19.8,1
bonus2,21.8,20,1
bonus2,21.8,20.1,1
bonus2,21.8,20.2,1
bonus2,21.8,20.9,1
bonus2,21.8,21.7,1
bonus2,21.8,22.1,1
bonus2,21.8,22.5,1
bonus2,21.8,22.9,1
bonus2,21.8,24,1
bonus2,21.8,24.3,1
bonus2,21.8,24.4,1
bonus2,21.8,24.5,1
bonus2,21.8,24.6,1
bonus2,21.8,24.8,1
bonus2,21.8,25.2,1
bonus2,21.8,25.3,1
bonus2,21.8,25.6,1
bonus2,21.8,26.4,1
bonus2,21.8,26.5,1
bonus2,21.8,26.7,1
bonus2,21.8,27,1
bonus2,21.8,27.1,1
bonus2,21.8,27.5,1
bonus2,21.8,28.5,2
bonus2,21.8,28.6,1
bonus2,21.8,29.7,1
bonus2,21.8,29.9,1
bonus2,21.8,30.4,1
bonus2,21.8,30.6,1
bonus2,21.8,30.7,1
bonus2,21.8,31.1,1
bonus2,21.8,31.8,2
bonus2,21.8,32,1
bonus2,21.8,32.1,1
bonus2,21.8,32.3,2
bonus2,21.8,32.6,1
bonus2,21.8,33.3,1
bonus2,21.8,33.7,1
bonus2,21.8,34.3,1
bonus2,21.8,34.7,1
bonus2,21.8,34.8,1
bonus2,21.8,35.4,1
bonus2,21.8,35.5,1
bonus2,21.8,36.3,1
bonus2,21.8,37,1
bonus2,21.8,37.3,2
bonus2,21.8,37.9,1
bonus2,21.8,38,1
bonus2,21.8,38.5,1
bonus2,21.8,38.6,1
bonus2,21.8,39.2,1
bonus2,21.8,39.7,2
bonus2,21.8,40,1
bonus2,21.8,40.7,1
bonus2,21.8,40.8,1
bonus2,21.8,41.1,1
bonus2,21.8,41.9,1
bonus2,21.8,42.3,1
bonus2,21.8,43.5,1
bonus2,21.8,45.4,1
bonus2,21.8,45.5,1
bonus2,21.8,46.2,1
bonus2,21.8,47.2,1
bonus2,21.8,48.2,1
bonus2,21.8,48.3,1
bonus2,21.8,49,1
bonus2,21.8,49.3,1
bonus2,21.8,49.5,1
bonus2,21.8,49.7,1
bonus2,21.8,50.3,1
bonus2,21.8,51,3
bonus2,21.8,51.1,1
bonus2,21.8,51.7,1
bonus2,21.8,52.4,1
bonus2,21.8,53,1
bonus2,21.8,53.5,1
bonus2,21.8,53.7,1
bonus2,21.8,54.1,1
bonus2,21.8,54.7,2
bonus2,21.8,55.1,1
bonus2,21.8,56.5,1
bonus2,21.8,56.6,1
bonus2,21.8,56.8,1
bonus2,21.8,57,1
bonus2,21.8,57.1,1
bonus2,21.8,57.2,1
bonus2,21.8,57.4,1
bonus2,21.8,57.9,1
bonus2,21.8,58.2,1
bonus2,21.8,59.2,1
bonus2,21.8,59.4,1
bonus2,21.8,59.5,1
bonus2,21.8,59.9,1
bonus2,21.8,60.2,1
bonus2,21.8,60.8,1
bonus2,21.8,61.1,1
bonus2,21.8,61.5,1
bonus2,21.8,62.5,1
bonus2,21.8,63.1,1
bonus2,21.8,63.3,2
bonus2,21.8,64.3,1
bonus2,21.8,64.8,1
bonus2,21.8,64.9,1
bonus2,21.8,65.6,1
bonus2,21.8,66.4,1
bonus2,21.8,66.7,2
bonus2,21.8,67.4,1
bonus2,21.8,67.5,1
bonus2,21.8,67.7,1
bonus2,21.8,68.1,2
bonus2,21.8,68.3,2
bonus2,21.8,69.3,1
bonus2,21.8,69.5,1
bonus2,21.8,70.5,1
bonus2,21.8,71.1,1
bonus2,21.8,71.2,1
bonus2,21.8,71.6,1
bonus2,21.8,72.2,1
bonus2,21.8,72.3,1
bonus2,21.8,72.6,1
bonus2,21.8,73.1,1
bonus2,21.8,73.7,1
bonus2,21.8,74.1,1
bonus2,21.8,74.3,1
bonus2,21.8,74.5,1
bonus2,21.8,74.8,1
bonus2,21.8,75.4,1
bonus2,21.8,77.1,1
bonus2,21.8,78.5,1
bonus2,21.8,79.1,1
bonus2,21.8,80.1,2
bonus2,21.8,80.6,1
bonus2,21.8,82.2,1
bonus2,21.8,82.3,1
bonus2,21.8,83,1
bonus2,21.8,83.2,1
bonus2,21.8,83.4,1
bonus2,21.8,83.9,1
bonus2,21.8,84.2,1
bonus2,21.8,84.4,1
bonus2,21.8,84.8,1
bonus2,21.8,85.3,1
bonus2,21.8,85.5,1
bonus2,21.8,86.7,1
bonus2,21.8,86.8,1
bonus2,21.8,87.6,1
bonus2,21.8,88.9,1
bonus2,21.8,89.1,1
bonus2,21.8,89.5,1
bonus2,21.8,91.4,1
bonus2,21.8,92.1,2
bonus2,21.8,92.2,1
bonus2,21.8,92.4,1
bonus2,21.8,92.5,3
bonus2,21.8,95.6,1
bonus2,21.8,96.5,1
bonus2,21.8,97.5,1
bonus2,21.8,98.1,1
bonus2,21.8,98.4,2
bonus2,21.8,98.9,1
bonus2,24,1,1
bonus2,24,1.1,1
bonus2,24,1.5,1
bonus2,24,1.6,1
bonus2,24,3.7,1
bonus2,24,4,1
bonus2,24,4.6,1
bonus2,24,5,1
bonus2,24,5.7,1
bonus2,24,6.8,1
bonus2,24,7.3,1
bonus2,24,7.4,1
bonus2,24,8.1,1
bonus2,24,8.6,1
bonus2,24,9.1,1
bonus2,24,9.8,1
bonus2,24,12.7,1
bonus2,24,12.9,1
bonus2,24,14.3,1
bonus2,24,15,1
bonus2,24,17.2,1
bonus2,24,17.9,1
bonus2,24,18.6,1
bonus2,24,19.2,1
bonus2,24,19.6,1
bonus2,24,21,1
bonus2,24,21.2,1
bonus2,24,21.4,1
bonus2,24,21.8,1
bonus2,24,23,1
bonus2,24,23.4,1
bonus2,24,24.5,1
bonus2,24,24.8,1
bonus2,24,26.4,1
bonus2,24,27.2,2
bonus2,24,27.7,1
bonus2,24,29,1
bonus2,24,30.1,1
bonus2,24,30.9,1
bonus2,24,31.2,1
bonus2,24,31.9,1
bonus2,24,32.2,1
bonus2,24,32.7,1
bonus2,24,33.8,1
bonus2,24,34.3,1
bonus2,24,36.9,1
bonus2,24,38.3,1
bonus2,24,38.9,1
bonus2,24,39.2,1
bonus2,24,39.9,1
bonus2,24,40.9,1
bonus2,24,41.5,2
bonus2,24,41.7,1
bonus2,24,42,1
bonus2,24,42.5,2
bonus2,24,42.7,1
bonus2,24,43.2,1
bonus2,24,44.8,1
bonus2,24,45.1,1
bonus2,24,46.2,1
bonus2,24,48,1
bonus2,24,48.6,1
bonus2,24,49.1,1
bonus2,24,49.7,1
bonus2,24,52.2,1
bonus2,24,53.2,1
bonus2,24,54.7,1
bonus2,24,55.9,2
bonus2,24,57.8,1
bonus2,24,58.1,1
bonus2,24,59.5,1
bonus2,24,59.7,1
bonus2,24,60.3,1
bonus2,24,60.4,1
bonus2,24,60.6,1
bonus2,24,62.7,1
bonus2,24,63.5,3
bonus2,24,64,1
bonus2,24,64.1,1
bonus2,24,64.5,1
bonus2,24,65.9,1
bonus2,24,66.7,1
bonus2,24,67.5,1
bonus2,24,69.3,2
bonus2,24,69.8,1
bonus2,24,71.5,1
bonus2,24,72.7,1
bonus2,24,73.4,1
bonus2,24,74.2,1
bonus2,24,74.5,1
bonus2,24,76.4,1
bonus2,24,76.5,1
bonus2,24,78.9,1
bonus2,24,79.2,2
bonus2,24,79.5,1
bonus2,24,82.6,1
bonus2,24,83.3,1
bonus2,24,83.5,1
bonus2,24,83.7,1
bonus2,24,85.7,1
bonus2,24,86.2,1
bonus2,24,87.1,1
bonus2,24,87.7,1
bonus2,24,89.7,1
bonus2,24,90.2,1
bonus2,24,91.3,1
bonus2,24,93.9,1
bonus2,24,95.5,1
bonus2,24,97.1,1
bonus2,24,97.2,1
bonus2,24,97.4,1
bonus2,24,98.1,1
bonus2,24,98.9,1
bonus2,26.5,0.9,1
bonus2,26.5,1.2,1
bonus2,26.5,1.7,1
bonus2,26.5,1.9,1
bonus2,26.5,2,1
bonus2,26.5,2.2,1
bonus2,26.5,2.3,2
bonus2,26.5,3.5,1
bonus2,26.5,3.6,2
bonus2,26.5,3.9,1
bonus2,26.5,4.2,1
bonus2,26.5,4.3,1
bonus2,26.5,4.4,1
bonus2,26.5,5.2,1
bonus2,26.5,5.4,1
bonus2,26.5,5.5,1
bonus2,26.5,6.4,1
bonus2,26.5,6.5,2
bonus2,26.5,6.6,2
bonus2,26.5,7.1,1
bonus2,26.5,7.2,2
bonus2,26.5,7.8,2
bonus2,26.5,8.4,2
bonus2,26.5,8.6,1
bonus2,26.5,9,1
bonus2,26.5,9.1,1
bonus2,26.5,9.4,1
bonus2,26.5,10,1
bonus2,26.5,10.2,1
bonus2,26.5,11.1,2
bonus2,26.5,12.2,1
bonus2,26.5,12.8,2
bonus2,26.5,13.3,1
bonus2,26.5,13.6,1
bonus2,26.5,13.8,2
bonus2,26.5,15.9,1
bonus2,26.5,16.1,1
bonus2,26.5,16.6,1
bonus2,26.5,17.3,3
bonus2,26.5,17.5,1
bonus2,26.5,18,1
bonus2,26.5,18.2,1
bonus2,26.5,18.3,1
bonus2,26.5,18.7,1
bonus2,26.5,18.8,1
bonus2,26.5,19.5,2
bonus2,26.5,20,1
bonus2,26.5,20.1,1
bonus2,26.5,21.1,3
bonus2,26.5,21.6,1
bonus2,26.5,21.7,2
bonus2,26.5,22,1
bonus2,26.5,22.1,2
bonus2,26.5,22.2,1
bonus2,26.5,22.3,1
bonus2,26.5,22.4,1
bonus2,26.5,23.2,1
bonus2,26.5,23.6,1
bonus2,26.5,24.2,1
bonus2,26.5,24.7,1
bonus2,26.5,25.2,1
bonus2,26.5,25.4,1
bonus2,26.5,25.6,1
bonus2,26.5,26.4,1
bonus2,26.5,27.6,1
bonus2,26.5,27.7,2
bonus2,26.5,27.9,1
bonus2,26.5,28.1,1
bonus2,26.5,28.5,1
bonus2,26.5,28.7,1
bonus2,26.5,29.3,1
bonus2,26.5,30.2,1
bonus2,26.5,30.7,1
bonus2,26.5,30.9,1
bonus2,26.5,31.1,1
bonus2,26.5,31.2,2
bonus2,26.5,31.4,1
bonus2,26.5,31.7,1
bonus2,26.5,31.8,2
bonus2,26.5,32,1
bonus2,26.5,32.2,1
bonus2,26.5,32.4,2
bonus2,26.5,33,1
bonus2,26.5,33.3,1
bonus2,26.5,33.5,1
bonus2,26.5,33.6,1
bonus2,26.5,33.7,1
bonus2,26.5,33.9,1
bonus2,26.5,34.2,1
bonus2,26.5,34.7,1
bonus2,26.5,35,1
bonus2,26.5,35.1,1
bonus2,26.5,35.2,1
bonus2,26.5,35.5,1
bonus2,26.5,35.7,1
bonus2,26.5,36.1,1
bonus2,26.5,36.2,1
bonus2,26.5,36.4,1
bonus2,26.5,36.6,2
bonus2,26.5,36.9,1
bonus2,26.5,37.3,1
bonus2,26.5,37.6,1
bonus2,26.5,37.8,1
bonus2,26.5,37.9,1
bonus2,26.5,38,1
bonus2,26.5,38.7,1
bonus2,26.5,39,1
bonus2,26.5,39.2,1
bonus2,26.5,39.4,1
bonus2,26.5,39.8,1
bonus2,26.5,39.9,1
bonus2,26.5,40.2,1
bonus2,26.5,40.3,1
bonus2,26.5,41,1
bonus2,26.5,41.4,1
bonus2,26.5,41.6,1
bonus2,26.5,42.3,1
bonus2,26.5,42.7,1
bonus2,26.5,42.9,1
bonus2,26.5,43.1,1
bonus2,26.5,43.3,1
bonus2,26.5,43.5,1
bonus2,26.5,44,1
bonus2,26.5,44.2,1
bonus2,26.5,44.6,2
bonus2,26.5,45.6,1
bonus2,26.5,46.6,2
bonus2,26.5,46.8,1
bonus2,26.5,46.9,1
bonus2,26.5,47.1,1
bonus2,26.5,48.1,1
bonus2,26.5,48.2,1
bonus2,26.5,48.4,1
bonus2,26.5,48.9,1
bonus2,26.5,49.2,1
bonus2,26.5,49.4,1
bonus2,26.5,51,1
bonus2,26.5,51.2,1
bonus2,26.5,52,1
bonus2,26.5,52.2,1
bonus2,26.5,52.3,1
bonus2,26.5,54.3,1
bonus2,26.5,54.9,2
bonus2,26.5,55.6,1
bonus2,26.5,56,1
bonus2,26.5,56.1,1
bonus2,26.5,56.2,1
bonus2,26.5,56.8,2
bonus2,26.5,57.2,1
bonus2,26.5,57.7,1
bonus2,26.5,58,2
bonus2,26.5,58.1,1
bonus2,26.5,58.3,2
bonus2,26.5,59.1,1
bonus2,26.5,59.2,1
bonus2,26.5,59.6,1
bonus2,26.5,59.7,1
bonus2,26.5,59.8,1
bonus2,26.5,60.1,1
bonus2,26.5,60.3,3
bonus2,26.5,60.5,1
bonus2,26.5,61.2,1
bonus2,26.5,61.5,1
bonus2,26.5,61.7,1
bonus2,26.5,62.5,1
bonus2,26.5,62.6,1
bonus2,26.5,63.3,1
bonus2,26.5,64,1
bonus2,26.5,64.3,1
bonus2,26.5,64.7,1
bonus2,26.5,65.2,1
bonus2,26.5,65.4,2
bonus2,26.5,65.8,1
bonus2,26.5,66.2,1
bonus2,26.5,66.4,1
bonus2,26.5,66.8,1
bonus2,26.5,66.9,1
bonus2,26.5,67.4,1
bonus2,26.5,67.7,1
bonus2,26.5,68.2,1
bonus2,26.5,69.1,1
bonus2,26.5,69.6,1
bonus2,26.5,70,1
bonus2,26.5,70.2,1
bonus2,26.5,70.6,1
bonus2,26.5,70.9,1
bonus2,26.5,71.4,1
bonus2,26.5,71.6,2
bonus2,26.5,71.8,1
bonus2,26.5,72.1,1
bonus2,26.5,72.2,1
bonus2,26.5,72.6,1
bonus2,26.5,73,1
bonus2,26.5,73.4,1
bonus2,26.5,74.3,1
bonus2,26.5,74.7,1
bonus2,26.5,74.9,1
bonus2,26.5,76.3,1
bonus2,26.5,76.9,1
bonus2,26.5,77.5,1
bonus2,26.5,77.9,1
bonus2,26.5,78.5,1
bonus2,26.5,79.1,1
bonus2,26.5,79.6,1
bonus2,26.5,79.9,1
bonus2,26.5,80.4,2
bonus2,26.5,81.8,1
bonus2,26.5,82.7,1
bonus2,26.5,82.9,1
bonus2,26.5,84.5,1
bonus2,26.5,84.7,1
bonus2,26.5,84.8,1
bonus2,26.5,85.7,1
bonus2,26.5,86.1,1
bonus2,26.5,86.2,1
bonus2,26.5,86.4,1
bonus2,26.5,87.1,1
bonus2,26.5,87.4,1
bonus2,26.5,87.8,2
bonus2,26.5,87.9,1
bonus2,26.5,88.3,1
bonus2,26.5,88.6,1
bonus2,26.5,88.8,1
bonus2,26.5,89,1
bonus2,26.5,89.1,1
bonus2,26.5,89.4,1
bonus2,26.5,89.6,1
bonus2,26.5,90.7,1
bonus2,26.5,91.6,1
bonus2,26.5,91.7,1
bonus2,26.5,92.2,1
bonus2,26.5,92.5,1
bonus2,26.5,92.7,1
bonus2,26.5,93.1,1
bonus2,26.5,93.7,1
bonus2,26.5,94.2,2
bonus2,26.5,94.9,1
bonus2,26.5,95.8,1
bonus2,26.5,97,1
bonus2,26.5,97.9,1
bonus2,26.5,98.8,1
bonus2,29.1,2,1
bonus2,29.1,2.3,1
bonus2,29.1,2.6,1
bonus2,29.1,4.3,1
bonus2,29.1,5,1
bonus2,29.1,5.4,1
bonus2,29.1,5.5,1
bonus2,29.1,5.7,1
bonus2,29.1,7.5,1
bonus2,29.1,8.1,1
bonus2,29.1,8.9,1
bonus2,29.1,9.6,1
bonus2,29.1,10.2,1
bonus2,29.1,10.4,2
bonus2,29.1,10.6,1
bonus2,29.1,10.9,1
bonus2,29.1,12.1,1
bonus2,29.1,12.6,1
bonus2,29.1,12.9,1
bonus2,29.1,14.2,1
bonus2,29.1,16.5,1
bonus2,29.1,16.6,1
bonus2,29.1,16.7,1
bonus2,29.1,17.6,1
bonus2,29.1,18.6,1
bonus2,29.1,18.7,1
bonus2,29.1,18.8,1
bonus2,29.1,19.1,1
bonus2,29.1,19.7,1
bonus2,29.1,20.6,1
bonus2,29.1,23,1
bonus2,29.1,25.1,1
bonus2,29.1,25.5,1
bonus2,29.1,26,1
bonus2,29.1,26.6,1
bonus2,29.1,26.9,1
bonus2,29.1,27,1
bonus2,29.1,27.1,1
bonus2,29.1,27.5,1
bonus2,29.1,28.6,1
bonus2,29.1,29.9,1
bonus2,29.1,30.4,1
bonus2,29.1,30.5,1
bonus2,29.1,30.6,2
bonus2,29.1,31.5,1
bonus2,29.1,31.9,1
bonus2,29.1,34.5,1
bonus2,29.1,35.8,1
bonus2,29.1,36,1
bonus2,29.1,36.5,1
bonus2,29.1,36.7,1
bonus2,29.1,36.8,1
bonus2,29.1,38.2,1
bonus2,29.1,38.6,1
bonus2,29.1,40.7,1
bonus2,29.1,41.2,1
bonus2,29.1,42,2
bonus2,29.1,42.2,1
bonus2,29.1,42.4,1
bonus2,29.1,42.5,1
bonus2,29.1,43.1,1
bonus2,29.1,43.7,1
bonus2,29.1,44.2,1
bonus2,29.1,45,1
bonus2,29.1,45.4,1
bonus2,29.1,46.1,1
bonus2,29.1,46.3,1
bonus2,29.1,46.9,1
bonus2,29.1,47.7,1
bonus2,29.1,48,1
bonus2,29.1,51.8,1
bonus2,29.1,54,1
bonus2,29.1,57.5,2
bonus2,29.1,58.2,1
bonus2,29.1,58.7,1
bonus2,29.1,59.8,1
bonus2,29.1,60.7,1
bonus2,29.1,60.9,1
bonus2,29.1,61.3,1
bonus2,29.1,61.4,1
bonus2,29.1,61.5,1
bonus2,29.1,62.5,1
bonus2,29.1,63,1
bonus2,29.1,63.4,1
bonus2,29.1,63.6,1
bonus2,29.1,64.4,1
bonus2,29.1,64.5,1
bonus2,29.1,65,1
bonus2,29.1,66.2,1
bonus2,29.1,66.4,1
bonus2,29.1,66.5,1
bonus2,29.1,67.2,1
bonus2,29.1,67.3,1
bonus2,29.1,67.6,1
bonus2,29.1,68.4,1
bonus2,29.1,68.9,2
bonus2,29.1,69.8,1
bonus2,29.1,70,1
bonus2,29.1,70.1,1
bonus2,29.1,70.4,2
bonus2,29.1,71.2,1
bonus2,29.1,72,1
bonus2,29.1,72.2,2
bonus2,29.1,72.7,1
bonus2,29.1,73.1,1
bonus2,29.1,74.1,1
bonus2,29.1,74.2,1
bonus2,29.1,74.4,1
bonus2,29.1,76,1
bonus2,29.1,77.6,1
bonus2,29.1,77.8,1
bonus2,29.1,79,1
bonus2,29.1,79.5,1
bonus2,29.1,79.7,1
bonus2,29.1,80.4,1
bonus2,29.1,82.1,1
bonus2,29.1,82.4,1
bonus2,29.1,82.5,1
bonus2,29.1,84.3,1
bonus2,29.1,84.8,1
bonus2,29.1,84.9,2
bonus2,29.1,85.1,1
bonus2,29.1,85.3,1
bonus2,29.1,85.4,1
bonus2,29.1,85.8,1
bonus2,29.1,86.1,1
bonus2,29.1,86.6,1
bonus2,29.1,87.3,1
bonus2,29.1,88.3,1
bonus2,29.1,89.3,1
bonus2,29.1,89.7,1
bonus2,29.1,90.5,1
bonus2,29.1,90.7,1
bonus2,29.1,91,1
bonus2,29.1,91.3,1
bonus2,29.1,91.5,1
bonus2,29.1,92.1,1
bonus2,29.1,92.6,1
bonus2,29.1,94.4,1
bonus2,29.1,95.4,1
bonus2,29.1,95.8,1
bonus2,29.1,96.1,1
bonus2,29.1,97.2,1
bonus2,32.1,0.3,1
bonus2,32.1,0.4,1
bonus2,32.1,1.1,1
bonus2,32.1,1.2,1
bonus2,32.1,1.5,1
bonus2,32.1,1.8,2
bonus2,32.1,1.9,1
bonus2,32.1,2,2
bonus2,32.1,2.1,1
bonus2,32.1,2.2,1
bonus2,32.1,2.7,1
bonus2,32.1,2.9,1
bonus2,32.1,3,1
bonus2,32.1,3.1,1
bonus2,32.1,3.2,1
bonus2,32.1,3.3,2
bonus2,32.1,3.5,2
bonus2,32.1,3.7,1
bonus2,32.1,3.8,1
bonus2,32.1,4.6,1
bonus2,32.1,4.9,1
bonus2,32.1,5.3,1
bonus2,32.1,5.6,1
bonus2,32.1,5.7,1
bonus2,32.1,5.9,1
bonus2,32.1,6,1
bonus2,32.1,6.5,1
bonus2,32.1,6.8,1
bonus2,32.1,7.1,1
bonus2,32.1,7.6,1
bonus2,32.1,8.3,1
bonus2,32.1,8.5,1
bonus2,32.1,9.1,1
bonus2,32.1,9.4,1
bonus2,32.1,9.5,1
bonus2,32.1,10.5,1
bonus2,32.1,11,1
bonus2,32.1,11.2,1
bonus2,32.1,11.5,1
bonus2,32.1,11.7,1
bonus2,32.1,12.2,1
bonus2,32.1,12.3,1
bonus2,32.1,12.6,1
bonus2,32.1,13,1
bonus2,32.1,13.4,1
bonus2,32.1,13.8,1
bonus2,32.1,14.2,1
bonus2,32.1,15.5,1
bonus2,32.1,15.9,1
bonus2,32.1,16.7,1
bonus2,32.1,16.8,1
bonus2,32.1,16.9,1
bonus2,32.1,17.1,1
bonus2,32.1,17.2,1
bonus2,32.1,18.7,1
bonus2,32.1,18.8,1
bonus2,32.1,18.9,1
bonus2,32.1,19.6,1
bonus2,32.1,20.2,1
bonus2,32.1,20.4,1
bonus2,32.1,20.6,1
bonus2,32.1,20.8,2
bonus2,32.1,21.1,1
bonus2,32.1,21.2,1
bonus2,32.1,21.4,1
bonus2,32.1,21.5,1
bonus2,32.1,21.7,1
bonus2,32.1,21.8,1
bonus2,32.1,21.9,1
bonus2,32.1,22.6,2
bonus2,32.1,22.7,1
bonus2,32.1,22.8,2
bonus2,32.1,23.3,1
bonus2,32.1,23.4,1
bonus2,32.1,23.5,1
bonus2,32.1,23.6,1
bonus2,32.1,24.9,1
bonus2,32.1,25.1,2
bonus2,32.1,25.5,1
bonus2,32.1,25.7,1
bonus2,32.1,26.2,1
bonus2,32.1,26.5,2
bonus2,32.1,26.6,1
bonus2,32.1,26.7,1
bonus2,32.1,27.5,1
bonus2,32.1,28,1
bonus2,32.1,28.3,1
bonus2,32.1,28.7,2
bonus2,32.1,30.2,1
bonus2,32.1,30.3,1
bonus2,32.1,30.5,1
bonus2,32.1,30.8,1
bonus2,32.1,30.9,1
bonus2,32.1,31,1
bonus2,32.1,32,1
bonus2,32.1,32.2,1
bonus2,32.1,32.8,1
bonus2,32.1,33,1
bonus2,32.1,33.1,1
bonus2,32.1,33.5,1
bonus2,32.1,33.8,1
bonus2,32.1,33.9,1
bonus2,32.1,34.1,1
bonus2,32.1,34.3,1
bonus2,32.1,34.4,1
bonus2,32.1,34.6,1
bonus2,32.1,34.7,1
bonus2,32.1,35.1,1
bonus2,32.1,35.3,1
bonus2,32.1,35.4,1
bonus2,32.1,35.7,1
bonus2,32.1,35.9,3
bonus2,32.1,36.1,1
bonus2,32.1,36.4,1
bonus2,32.1,36.7,1
bonus2,32.1,36.8,1
bonus2,32.1,37.2,3
bonus2,32.1,37.3,1
bonus2,32.1,37.5,1
bonus2,32.1,37.8,1
bonus2,32.1,38.5,1
bonus2,32.1,38.7,1
bonus2,32.1,39.6,1
bonus2,32.1,40.2,1
bonus2,32.1,40.3,2
bonus2,32.1,40.4,1
bonus2,32.1,40.9,1
bonus2,32.1,41.3,2
bonus2,32.1,41.4,1
bonus2,32.1,42.2,2
bonus2,32.1,43.5,1
bonus2,32.1,44.1,1
bonus2,32.1,44.2,1
bonus2,32.1,44.5,1
bonus2,32.1,45.1,1
bonus2,32.1,45.4,1
bonus2,32.1,45.6,1
bonus2,32.1,45.7,1
bonus2,32.1,46.4,1
bonus2,32.1,46.5,1
bonus2,32.1,46.6,1
bonus2,32.1,46.8,1
bonus2,32.1,46.9,1
bonus2,32.1,47.2,1
bonus2,32.1,47.6,1
bonus2,32.1,47.8,1
bonus2,32.1,47.9,1
bonus2,32.1,48.2,1
bonus2,32.1,48.3,2
bonus2,32.1,48.9,2
bonus2,32.1,49.2,1
bonus2,32.1,49.3,2
bonus2,32.1,49.9,1
bonus2,32.1,50.7,1
bonus2,32.1,51.5,1
bonus2,32.1,51.7,2
bonus2,32.1,52,1
bonus2,32.1,52.1,2
bonus2,32.1,52.9,1
bonus2,32.1,53,1
bonus2,32.1,53.7,1
bonus2,32.1,54.2,2
bonus2,32.1,54.3,2
bonus2,32.1,54.4,1
bonus2,32.1,55.4,1
bonus2,32.1,56.7,1
bonus2,32.1,57.1,2
bonus2,32.1,57.2,2
bonus2,32.1,57.5,1
bonus2,32.1,57.8,1
bonus2,32.1,58,1
bonus2,32.1,59.1,1
bonus2,32.1,59.2,1
bonus2,32.1,59.3,1
bonus2,32.1,59.6,1
bonus2,32.1,60,1
bonus2,32.1,61.9,1
bonus2,32.1,62,1
bonus2,32.1,62.1,1
bonus2,32.1,62.3,2
bonus2,32.1,62.6,1
bonus2,32.1,62.8,1
bonus2,32.1,63.2,1
bonus2,32.1,63.6,1
bonus2,32.1,63.7,1
bonus2,32.1,63.8,1
bonus2,32.1,64,1
bonus2,32.1,65.1,2
bonus2,32.1,65.5,2
bonus2,32.1,66,1
bonus2,32.1,66.3,1
bonus2,32.1,66.6,1
bonus2,32.1,66.7,1
bonus2,32.1,67.1,1
bonus2,32.1,67.2,1
bonus2,32.1,67.3,1
bonus2,32.1,67.6,1
bonus2,32.1,68.3,1
bonus2,32.1,68.4,1
bonus2,32.1,68.5,1
bonus2,32.1,68.8,1
bonus2,32.1,69.1,1
bonus2,32.1,70,1
bonus2,32.1,70.5,2
bonus2,32.1,71.1,1
bonus2,32.1,71.4,1
bonus2,32.1,71.5,1
bonus2,32.1,71.6,1
bonus2,32.1,71.7,1
bonus2,32.1,72.5,1
bonus2,32.1,72.6,1
bonus2,32.1,73,1
bonus2,32.1,73.1,2
bonus2,32.1,73.5,2
bonus2,32.1,73.6,1
bonus2,32.1,73.7,1
bonus2,32.1,73.9,1
bonus2,32.1,74.4,1
bonus2,32.1,74.9,1
bonus2,32.1,75,1
bonus2,32.1,75.3,1
bonus2,32.1,75.4,1
bonus2,32.1,75.6,1
bonus2,32.1,75.7,1
bonus2,32.1,76,1
bonus2,32.1,76.1,1
bonus2,32.1,76.2,1
bonus2,32.1,76.4,1
bonus2,32.1,76.5,1
bonus2,32.1,76.6,1
bonus2,32.1,76.7,1
bonus2,32.1,76.8,1
bonus2,32.1,78.3,1
bonus2,32.1,78.7,1
bonus2,32.1,79.3,1
bonus2,32.1,79.5,1
bonus2,32.1,79.7,2
bonus2,32.1,79.9,1
bonus2,32.1,80.2,1
bonus2,32.1,80.4,1
bonus2,32.1,80.7,1
bonus2,32.1,80.8,1
bonus2,32.1,81.3,1
bonus2,32.1,81.4,1
bonus2,32.1,81.8,1
bonus2,32.1,81.9,1
bonus2,32.1,82.3,2
bonus2,32.1,82.9,1
bonus2,32.1,83.2,1
bonus2,32.1,83.4,1
bonus2,32.1,84,1
bonus2,32.1,84.5,1
bonus2,32.1,84.7,1
bonus2,32.1,85,1
bonus2,32.1,85.2,1
bonus2,32.1,85.3,2
bonus2,32.1,85.4,1
bonus2,32.1,85.9,1
bonus2,32.1,86.9,1
bonus2,32.1,87.4,1
bonus2,32.1,88.3,3
bonus2,32.1,88.7,1
bonus2,32.1,89.2,1
bonus2,32.1,89.6,1
bonus2,32.1,90,1
bonus2,32.1,90.1,1
bonus2,32.1,91.3,2
bonus2,32.1,91.4,1
bonus2,32.1,91.6,2
bonus2,32.1,92.8,1
bonus2,32.1,92.9,1
bonus2,32.1,93.6,1
bonus2,32.1,93.8,1
bonus2,32.1,93.9,1
bonus2,32.1,94,2
bonus2,32.1,94.6,1
bonus2,32.1,95.8,1
bonus2,32.1,96.2,1
bonus2,32.1,96.7,1
bonus2,32.1,97.1,1
bonus2,32.1,97.2,1
bonus2,32.1,97.4,1
bonus2,32.1,98.1,1
bonus2,32.1,99.2,1
bonus2,35.2,0.1,1
bonus2,35.2,1,1
bonus2,35.2,1.4,1
bonus2,35.2,1.8,1
bonus2,35.2,2.5,1
bonus2,35.2,3.5,1
bonus2,35.2,5.2,2
bonus2,35.2,5.9,1
bonus2,35.2,6.7,1
bonus2,35.2,6.8,1
bonus2,35.2,7.7,1
bonus2,35.2,8,1
bonus2,35.2,9.9,1
bonus2,35.2,10.6,1
bonus2,35.2,11,1
bonus2,35.2,11.1,1
bonus2,35.2,11.4,1
bonus2,35.2,11.9,1
bonus2,35.2,12,1
bonus2,35.2,12.6,2
bonus2,35.2,13.1,2
bonus2,35.2,13.7,1
bonus2,35.2,14.5,2
bonus2,35.2,14.9,1
bonus2,35.2,15,1
bonus2,35.2,15.4,2
bonus2,35.2,15.9,1
bonus2,35.2,17.6,1
bonus2,35.2,18,1
bonus2,35.2,19.2,1
bonus2,35.2,19.4,1
bonus2,35.2,19.5,1
bonus2,35.2,19.7,1
bonus2,35.2,19.9,1
bonus2,35.2,20.1,1
bonus2,35.2,20.8,1
bonus2,35.2,21.1,1
bonus2,35.2,21.2,1
bonus2,35.2,22,1
bonus2,35.2,22.1,1
bonus2,35.2,22.2,1
bonus2,35.2,24,1
bonus2,35.2,24.1,1
bonus2,35.2,24.4,2
bonus2,35.2,24.7,1
bonus2,35.2,25.1,1
bonus2,35.2,25.7,1
bonus2,35.2,26.4,1
bonus2,35.2,27.8,1
bonus2,35.2,28,1
bonus2,35.2,28.2,1
bonus2,35.2,28.6,1
bonus2,35.2,28.7,1
bonus2,35.2,28.8,1
bonus2,35.2,29.4,1
bonus2,35.2,30.5,1
bonus2,35.2,31.2,1
bonus2,35.2,32.8,1
bonus2,35.2,33.1,1
bonus2,35.2,33.2,1
bonus2,35.2,33.5,1
bonus2,35.2,35.9,1
bonus2,35.2,36.2,1
bonus2,35.2,36.4,1
bonus2,35.2,36.7,1
bonus2,35.2,37.9,1
bonus2,35.2,38.1,1
bonus2,35.2,38.2,2
bonus2,35.2,38.6,2
bonus2,35.2,39,1
bonus2,35.2,39.7,1
bonus2,35.2,40.2,1
bonus2,35.2,41.5,1
bonus2,35.2,43.5,1
bonus2,35.2,43.7,1
bonus2,35.2,45.1,1
bonus2,35.2,45.3,1
bonus2,35.2,45.7,1
bonus2,35.2,46,1
bonus2,35.2,46.3,1
bonus2,35.2,48.1,1
bonus2,35.2,49.3,1
bonus2,35.2,49.8,1
bonus2,35.2,49.9,1
bonus2,35.2,50.6,1
bonus2,35.2,50.9,1
bonus2,35.2,52.8,2
bonus2,35.2,53.2,1
bonus2,35.2,53.5,1
bonus2,35.2,53.8,1
bonus2,35.2,54.4,1
bonus2,35.2,56.4,1
bonus2,35.2,57.1,1
bonus2,35.2,57.4,1
bonus2,35.2,58.3,1
bonus2,35.2,58.6,1
bonus2,35.2,58.7,1
bonus2,35.2,59.4,1
bonus2,35.2,59.6,1
bonus2,35.2,60,1
bonus2,35.2,61,1
bonus2,35.2,61.3,1
bonus2,35.2,61.6,1
bonus2,35.2,62,1
bonus2,35.2,62.2,1
bonus2,35.2,63.2,1
bonus2,35.2,63.4,1
bonus2,35.2,63.6,1
bonus2,35.2,64,1
bonus2,35.2,64.3,1
bonus2,35.2,64.6,1
bonus2,35.2,64.9,1
bonus2,35.2,65.1,2
bonus2,35.2,66.4,2
bonus2,35.2,66.5,1
bonus2,35.2,66.8,1
bonus2,35.2,67.2,1
bonus2,35.2,68.2,1
bonus2,35.2,68.6,1
bonus2,35.2,68.8,1
bonus2,35.2,69.1,1
bonus2,35.2,69.2,2
bonus2,35.2,69.7,1
bonus2,35.2,69.9,1
bonus2,35.2,70.1,2
bonus2,35.2,71.3,1
bonus2,35.2,73.8,1
bonus2,35.2,74.6,1
bonus2,35.2,74.9,1
bonus2,35.2,75.7,1
bonus2,35.2,76.6,1
bonus2,35.2,77.3,2
bonus2,35.2,77.7,1
bonus2,35.2,78.6,1
bonus2,35.2,81.6,1
bonus2,35.2,83.7,1
bonus2,35.2,84.1,1
bonus2,35.2,84.5,1
bonus2,35.2,85,1
bonus2,35.2,86.5,1
bonus2,35.2,86.9,1
bonus2,35.2,87.4,1
bonus2,35.2,87.9,1
bonus2,35.2,88.5,1
bonus2,35.2,88.8,1
bonus2,35.2,89,1
bonus2,35.2,89.9,1
bonus2,35.2,90.8,1
bonus2,35.2,91.1,2
bonus2,35.2,91.5,1
bonus2,35.2,92.8,1
bonus2,35.2,95.8,1
bonus2,35.2,98.1,1
bonus2,35.2,98.2,1
bonus2,35.2,99.9,1
bonus2,38.7,0.2,1
bonus2,38.7,0.6,3
bonus2,38.7,0.7,2
bonus2,38.7,1.1,1
bonus2,38.7,1.2,1
bonus2,38.7,1.4,3
bonus2,38.7,1.5,2
bonus2,38.7,1.7,2
bonus2,38.7,1.8,1
bonus2,38.7,1.9,1
bonus2,38.7,2.4,1
bonus2,38.7,2.6,1
bonus2,38.7,3.4,2
bonus2,38.7,3.5,2
bonus2,38.7,3.8,1
bonus2,38.7,3.9,1
bonus2,38.7,4.2,1
bonus2,38.7,4.5,1
bonus2,38.7,5,1
bonus2,38.7,5.6,1
bonus2,38.7,5.7,1
bonus2,38.7,5.8,1
bonus2,38.7,5.9,2
bonus2,38.7,6.1,1
bonus2,38.7,6.9,1
bonus2,38.7,7,1
bonus2,38.7,7.3,1
bonus2,38.7,7.4,1
bonus2,38.7,7.7,1
bonus2,38.7,7.9,2
bonus2,38.7,8,1
bonus2,38.7,8.2,1
bonus2,38.7,8.3,1
bonus2,38.7,9,1
bonus2,38.7,9.8,2
bonus2,38.7,10.2,2
bonus2,38.7,10.5,1
bonus2,38.7,10.6,1
bonus2,38.7,11.2,1
bonus2,38.7,11.5,2
bonus2,38.7,11.6,1
bonus2,38.7,11.8,1
bonus2,38.7,12.1,1
bonus2,38.7,12.2,1
bonus2,38.7,12.3,1
bonus2,38.7,12.8,2
bonus2,38.7,13.1,1
bonus2,38.7,13.2,1
bonus2,38.7,13.3,1
bonus2,38.7,13.5,2
bonus2,38.7,13.6,2
bonus2,38.7,13.7,1
bonus2,38.7,13.9,1
bonus2,38.7,14.7,1
bonus2,38.7,14.8,1
bonus2,38.7,14.9,1
bonus2,38.7,15,1
bonus2,38.7,15.1,1
bonus2,38.7,15.2,1
bonus2,38.7,15.4,1
bonus2,38.7,15.5,1
bonus2,38.7,15.6,1
bonus2,38.7,15.7,1
bonus2,38.7,15.8,2
bonus2,38.7,16.5,1
bonus2,38.7,16.9,1
bonus2,38.7,17.1,1
bonus2,38.7,17.4,2
bonus2,38.7,17.5,2
bonus2,38.7,17.7,1
bonus2,38.7,18.2,1
bonus2,38.7,18.3,2
bonus2,38.7,18.4,1
bonus2,38.7,18.7,1
bonus2,38.7,18.8,1
bonus2,38.7,18.9,1
bonus2,38.7,19.3,1
bonus2,38.7,19.5,1
bonus2,38.7,19.6,1
bonus2,38.7,19.7,1
bonus2,38.7,19.8,1
bonus2,38.7,19.9,1
bonus2,38.7,20,3
bonus2,38.7,20.2,1
bonus2,38.7,20.5,1
bonus2,38.7,20.6,1
bonus2,38.7,20.9,1
bonus2,38.7,21.2,1
bonus2,38.7,21.9,1
bonus2,38.7,22.4,1
bonus2,38.7,23.1,2
bonus2,38.7,23.3,1
bonus2,38.7,23.4,1
bonus2,38.7,23.7,2
bonus2,38.7,24,1
bonus2,38.7,24.3,1
bonus2,38.7,25,1
bonus2,38.7,25.3,2
bonus2,38.7,25.4,1
bonus2,38.7,25.7,1
bonus2,38.7,26.1,1
bonus2,38.7,26.6,1
bonus2,38.7,26.7,1
bonus2,38.7,27,1
bonus2,38.7,27.2,1
bonus2,38.7,27.3,1
bonus2,38.7,27.4,1
bonus2,38.7,27.6,2
bonus2,38.7,27.8,1
bonus2,38.7,28.1,1
bonus2,38.7,28.6,1
bonus2,38.7,29,2
bonus2,38.7,29.1,1
bonus2,38.7,29.2,3
bonus2,38.7,29.9,1
bonus2,38.7,30.1,2
bonus2,38.7,30.2,2
bonus2,38.7,30.5,1
bonus2,38.7,30.6,1
bonus2,38.7,30.9,1
bonus2,38.7,31.1,1
bonus2,38.7,31.4,1
bonus2,38.7,31.5,1
bonus2,38.7,31.7,1
bonus2,38.7,32,1
bonus2,38.7,32.5,1
bonus2,38.7,32.6,1
bonus2,38.7,32.8,1
bonus2,38.7,32.9,1
bonus2,38.7,33.2,1
bonus2,38.7,33.4,1
bonus2,38.7,33.5,1
bonus2,38.7,34.6,1
bonus2,38.7,34.8,1
bonus2,38.7,34.9,1
bonus2,38.7,36,1
bonus2,38.7,36.2,1
bonus2,38.7,36.3,1
bonus2,38.7,36.4,1
bonus2,38.7,36.6,1
bonus2,38.7,37.4,2
bonus2,38.7,37.5,1
bonus2,38.7,37.8,1
bonus2,38.7,38.8,1
bonus2,38.7,39.1,1
bonus2,38.7,39.2,1
bonus2,38.7,39.3,1
bonus2,38.7,39.5,1
bonus2,38.7,40.1,1
bonus2,38.7,40.2,1
bonus2,38.7,40.7,1
bonus2,38.7,40.8,2
bonus2,38.7,41,1
bonus2,38.7,41.2,1
bonus2,38.7,41.8,2
bonus2,38.7,41.9,1
bonus2,38.7,42.2,2
bonus2,38.7,42.4,2
bonus2,38.7,43.2,3
bonus2,38.7,43.5,1
bonus2,38.7,43.7,1
bonus2,38.7,43.8,1
bonus2,38.7,43.9,1
bonus2,38.7,44,1
bonus2,38.7,44.3,1
bonus2,38.7,44.4,1
bonus2,38.7,44.5,1
bonus2,38.7,44.7,1
bonus2,38.7,44.8,1
bonus2,38.7,45,1
bonus2,38.7,45.8,1
bonus2,38.7,46,1
bonus2,38.7,46.1,1
bonus2,38.7,46.2,1
bonus2,38.7,46.4,1
bonus2,38.7,47.2,2
bonus2,38.7,47.6,1
bonus2,38.7,47.7,1
bonus2,38.7,48.3,1
bonus2,38.7,48.4,1
bonus2,38.7,48.5,1
bonus2,38.7,48.9,1
bonus2,38.7,49,1
bonus2,38.7,49.4,1
bonus2,38.7,49.5,1
bonus2,38.7,49.8,1
bonus2,38.7,50.1,2
bonus2,38.7,50.5,1
bonus2,38.7,51.3,1
bonus2,38.7,51.6,1
bonus2,38.7,52,1
bonus2,38.7,52.2,1
bonus2,38.7,52.9,1
bonus2,38.7,53.3,2
bonus2,38.7,53.5,1
bonus2,38.7,53.7,1
bonus2,38.7,54.1,1
bonus2,38.7,54.3,2
bonus2,38.7,54.6,2
bonus2,38.7,54.8,1
bonus2,38.7,55,1
bonus2,38.7,55.2,1
bonus2,38.7,55.3,1
bonus2,38.7,55.4,1
bonus2,38.7,55.5,1
bonus2,38.7,55.6,1
bonus2,38.7,57,2
bonus2,38.7,57.2,1
bonus2,38.7,57.9,1
bonus2,38.7,58.1,1
bonus2,38.7,58.4,1
bonus2,38.7,58.6,1
bonus2,38.7,58.8,1
bonus2,38.7,58.9,1
bonus2,38.7,59.3,1
bonus2,38.7,59.4,1
bonus2,38.7,59.7,1
bonus2,38.7,60,1
bonus2,38.7,60.4,1
bonus2,38.7,61.1,2
bonus2,38.7,61.4,1
bonus2,38.7,62.2,1
bonus2,38.7,62.7,1
bonus2,38.7,62.8,1
bonus2,38.7,63.4,1
bonus2,38.7,63.6,1
bonus2,38.7,64,1
bonus2,38.7,64.2,2
bonus2,38.7,64.3,1
bonus2,38.7,64.8,1
bonus2,38.7,65,2
bonus2,38.7,65.2,1
bonus2,38.7,65.7,1
bonus2,38.7,66.2,1
bonus2,38.7,66.3,1
bonus2,38.7,66.7,1
bonus2,38.7,67,1
bonus2,38.7,67.9,1
bonus2,38.7,68,2
bonus2,38.7,68.5,1
bonus2,38.7,68.6,1
bonus2,38.7,68.8,1
bonus2,38.7,68.9,1
bonus2,38.7,69.8,1
bonus2,38.7,69.9,1
bonus2,38.7,70.8,1
bonus2,38.7,71,1
bonus2,38.7,71.1,1
bonus2,38.7,71.5,1
bonus2,38.7,71.7,1
bonus2,38.7,71.9,1
bonus2,38.7,72.2,1
bonus2,38.7,72.4,1
bonus2,38.7,72.8,2
bonus2,38.7,73.8,1
bonus2,38.7,73.9,1
bonus2,38.7,74.3,1
bonus2,38.7,74.5,1
bonus2,38.7,74.6,1
bonus2,38.7,74.7,1
bonus2,38.7,74.9,1
bonus2,38.7,75.5,1
bonus2,38.7,75.8,1
bonus2,38.7,75.9,1
bonus2,38.7,76.5,1
bonus2,38.7,76.8,2
bonus2,38.7,77,1
bonus2,38.7,77.1,1
bonus2,38.7,77.4,1
bonus2,38.7,77.6,1
bonus2,38.7,78.2,2
bonus2,38.7,78.3,1
bonus2,38.7,78.7,1
bonus2,38.7,78.9,1
bonus2,38.7,79.1,1
bonus2,38.7,79.3,1
bonus2,38.7,79.9,1
bonus2,38.7,80.3,2
bonus2,38.7,80.7,1
bonus2,38.7,81.2,1
bonus2,38.7,81.5,1
bonus2,38.7,81.6,1
bonus2,38.7,81.8,2
bonus2,38.7,82.4,1
bonus2,38.7,82.6,1
bonus2,38.7,82.8,1
bonus2,38.7,82.9,1
bonus2,38.7,83.1,1
bonus2,38.7,83.7,1
bonus2,38.7,84.1,1
bonus2,38.7,84.5,1
bonus2,38.7,84.9,2
bonus2,38.7,85.1,1
bonus2,38.7,85.3,1
bonus2,38.7,85.5,1
bonus2,38.7,86,3
bonus2,38.7,87.9,1
bonus2,38.7,88.8,2
bonus2,38.7,89.6,1
bonus2,38.7,90.5,1
bonus2,38.7,90.6,1
bonus2,38.7,90.9,1
bonus2,38.7,91,1
bonus2,38.7,91.5,1
bonus2,38.7,92.5,1
bonus2,38.7,92.9,1
bonus2,38.7,93,2
bonus2,38.7,93.2,1
bonus2,38.7,93.4,1
bonus2,38.7,93.6,2
bonus2,38.7,94,1
bonus2,38.7,95.6,1
bonus2,38.7,96.6,1
bonus2,38.7,96.9,1
bonus2,38.7,97.2,1
bonus2,38.7,97.4,1
bonus2,38.7,97.5,1
bonus2,38.7,97.6,1
bonus2,38.7,98.7,1
bonus2,38.7,99.6,1
bonus2,38.7,99.8,1
bonus2,42.2,0.8,1
bonus2,42.2,1.1,1
bonus2,42.2,2.5,2
bonus2,42.2,2.6,1
bonus2,42.2,2.7,1
bonus2,42.2,2.9,1
bonus2,42.2,3.1,1
bonus2,42.2,3.9,1
bonus2,42.2,4,1
bonus2,42.2,4.4,2
bonus2,42.2,5.1,1
bonus2,42.2,6.1,1
bonus2,42.2,6.7,1
bonus2,42.2,8.4,1
bonus2,42.2,8.5,1
bonus2,42.2,8.6,1
bonus2,42.2,9.7,1
bonus2,42.2,10.7,1
bonus2,42.2,11.1,1
bonus2,42.2,11.3,1
bonus2,42.2,12.4,2
bonus2,42.2,12.5,2
bonus2,42.2,12.6,1
bonus2,42.2,13,1
bonus2,42.2,13.2,1
bonus2,42.2,14.2,1
bonus2,42.2,14.3,1
bonus2,42.2,15.9,1
bonus2,42.2,16.2,1
bonus2,42.2,16.4,1
bonus2,42.2,16.5,1
bonus2,42.2,17.8,2
bonus2,42.2,18.3,1
bonus2,42.2,18.4,1
bonus2,42.2,18.5,1
bonus2,42.2,18.7,1
bonus2,42.2,19.9,1
bonus2,42.2,20.2,1
bonus2,42.2,20.5,1
bonus2,42.2,20.7,1
bonus2,42.2,22.8,1
bonus2,42.2,23.5,1
bonus2,42.2,24.4,1
bonus2,42.2,25.5,1
bonus2,42.2,25.9,1
bonus2,42.2,26.1,1
bonus2,42.2,26.7,1
bonus2,42.2,26.9,1
bonus2,42.2,27.2,1
bonus2,42.2,27.4,1
bonus2,42.2,27.8,1
bonus2,42.2,27.9,1
bonus2,42.2,28.2,2
bonus2,42.2,29.1,2
bonus2,42.2,30.8,1
bonus2,42.2,31.4,1
bonus2,42.2,32.6,1
bonus2,42.2,32.7,1
bonus2,42.2,33.3,1
bonus2,42.2,33.4,1
bonus2,42.2,34.2,1
bonus2,42.2,36.1,1
bonus2,42.2,37.4,1
bonus2,42.2,38.6,1
bonus2,42.2,38.7,1
bonus2,42.2,39,1
bonus2,42.2,40,1
bonus2,42.2,40.3,1
bonus2,42.2,41.1,2
bonus2,42.2,41.4,1
bonus2,42.2,41.7,1
bonus2,42.2,41.9,1
bonus2,42.2,42.6,1
bonus2,42.2,43.3,1
bonus2,42.2,43.6,1
bonus2,42.2,44.1,1
bonus2,42.2,44.4,1
bonus2,42.2,45.8,1
bonus2,42.2,46,1
bonus2,42.2,46.5,1
bonus2,42.2,47.3,1
bonus2,42.2,47.8,1
bonus2,42.2,48.1,1
bonus2,42.2,49.6,1
bonus2,42.2,49.8,1
bonus2,42.2,49.9,1
bonus2,42.2,50.4,1
bonus2,42.2,51.7,1
bonus2,42.2,53.1,1
bonus2,42.2,54,1
bonus2,42.2,54.4,1
bonus2,42.2,54.5,2
bonus2,42.2,55.3,1
bonus2,42.2,55.4,1
bonus2,42.2,55.8,1
bonus2,42.2,56,1
bonus2,42.2,56.2,1
bonus2,42.2,56.9,1
bonus2,42.2,57.5,1
bonus2,42.2,57.8,2
bonus2,42.2,58.4,1
bonus2,42.2,58.9,1
bonus2,42.2,59.5,1
bonus2,42.2,60.2,2
bonus2,42.2,60.3,1
bonus2,42.2,60.4,1
bonus2,42.2,60.6,1
bonus2,42.2,60.9,1
bonus2,42.2,61.4,1
bonus2,42.2,62.1,1
bonus2,42.2,62.3,1
bonus2,42.2,62.4,1
bonus2,42.2,64.4,1
bonus2,42.2,66.2,1
bonus2,42.2,66.5,1
bonus2,42.2,66.9,1
bonus2,42.2,67.3,1
bonus2,42.2,68.5,1
bonus2,42.2,69,1
bonus2,42.2,69.9,1
bonus2,42.2,70.2,1
bonus2,42.2,71.2,2
bonus2,42.2,71.7,1
bonus2,42.2,72.1,1
bonus2,42.2,72.2,1
bonus2,42.2,72.7,1
bonus2,42.2,74.1,1
bonus2,42.2,74.7,1
bonus2,42.2,75.2,1
bonus2,42.2,75.5,1
bonus2,42.2,75.6,1
bonus2,42.2,76.7,1
bonus2,42.2,77.2,1
bonus2,42.2,78.6,1
bonus2,42.2,79,1
bonus2,42.2,79.6,1
bonus2,42.2,80.2,1
bonus2,42.2,80.3,1
bonus2,42.2,82,1
bonus2,42.2,83.3,1
bonus2,42.2,84.1,1
bonus2,42.2,84.2,1
bonus2,42.2,84.6,1
bonus2,42.2,84.7,1
bonus2,42.2,86.1,1
bonus2,42.2,86.4,1
bonus2,42.2,86.9,1
bonus2,42.2,87.1,1
bonus2,42.2,88.6,1
bonus2,42.2,89.4,1
bonus2,42.2,89.8,1
bonus2,42.2,90,2
bonus2,42.2,90.5,1
bonus2,42.2,91,1
bonus2,42.2,91.5,1
bonus2,42.2,92,1
bonus2,42.2,92.1,1
bonus2,42.2,92.3,1
bonus2,42.2,92.7,1
bonus2,42.2,93.2,1
bonus2,42.2,96.7,1
bonus2,42.2,96.8,1
bonus2,42.2,97.8,1
bonus2,42.2,98.2,2
bonus2,42.2,98.3,1
bonus2,42.2,99.3,1
bonus2,45.9,0.3,1
bonus2,45.9,0.9,1
bonus2,45.9,1,2
bonus2,45.9,1.2,1
bonus2,45.9,1.6,1
bonus2,45.9,1.9,1
bonus2,45.9,2.2,1
bonus2,45.9,2.5,1
bonus2,45.9,2.6,1
bonus2,45.9,2.7,1
bonus2,45.9,2.8,2
bonus2,45.9,2.9,1
bonus2,45.9,3,1
bonus2,45.9,3.1,1
bonus2,45.9,3.3,2
bonus2,45.9,3.4,1
bonus2,45.9,3.5,1
bonus2,45.9,3.7,1
bonus2,45.9,3.8,1
bonus2,45.9,4.4,1
bonus2,45.9,4.5,1
bonus2,45.9,4.6,1
bonus2,45.9,4.9,1
bonus2,45.9,5,1
bonus2,45.9,5.2,1
bonus2,45.9,5.3,1
bonus2,45.9,5.5,1
bonus2,45.9,6.2,1
bonus2,45.9,6.3,3
bonus2,45.9,6.4,1
bonus2,45.9,7.2,1
bonus2,45.9,7.3,2
bonus2,45.9,7.5,1
bonus2,45.9,7.6,2
bonus2,45.9,7.7,1
bonus2,45.9,8,1
bonus2,45.9,8.2,2
bonus2,45.9,8.4,1
bonus2,45.9,8.5,1
bonus2,45.9,8.6,2
bonus2,45.9,9.5,2
bonus2,45.9,9.7,1
bonus2,45.9,9.8,2
bonus2,45.9,10.4,2
bonus2,45.9,10.7,1
bonus2,45.9,10.8,2
bonus2,45.9,10.9,1
bonus2,45.9,11.3,2
bonus2,45.9,11.4,1
bonus2,45.9,11.5,1
bonus2,45.9,11.6,2
bonus2,45.9,12.1,1
bonus2,45.9,12.4,1
bonus2,45.9,12.8,1
bonus2,45.9,13.3,1
bonus2,45.9,13.4,2
bonus2,45.9,13.7,1
bonus2,45.9,13.9,1
bonus2,45.9,14.5,1
bonus2,45.9,14.6,1
bonus2,45.9,15.3,1
bonus2,45.9,15.5,1
bonus2,45.9,15.7,2
bonus2,45.9,15.9,1
bonus2,45.9,16.4,3
bonus2,45.9,16.5,1
bonus2,45.9,16.8,1
bonus2,45.9,16.9,1
bonus2,45.9,17.1,1
bonus2,45.9,17.2,2
bonus2,45.9,17.4,1
bonus2,45.9,17.8,1
bonus2,45.9,18.1,1
bonus2,45.9,18.3,1
bonus2,45.9,18.8,1
bonus2,45.9,19,1
bonus2,45.9,19.3,1
bonus2,45.9,19.8,1
bonus2,45.9,20.4,1
bonus2,45.9,20.7,2
bonus2,45.9,20.9,2
bonus2,45.9,21.3,1
bonus2,45.9,21.4,1
bonus2,45.9,21.9,1
bonus2,45.9,22,1
bonus2,45.9,22.5,1
bonus2,45.9,22.7,1
bonus2,45.9,22.9,1
bonus2,45.9,23.7,1
bonus2,45.9,23.9,1
bonus2,45.9,24,1
bonus2,45.9,24.4,1
bonus2,45.9,24.8,2
bonus2,45.9,25.3,1
bonus2,45.9,25.6,1
bonus2,45.9,25.7,3
bonus2,45.9,26,1
bonus2,45.9,26.3,1
bonus2,45.9,26.4,1
bonus2,45.9,26.8,1
bonus2,45.9,27.4,2
bonus2,45.9,27.7,1
bonus2,45.9,28.1,1
bonus2,45.9,28.6,1
bonus2,45.9,28.8,1
bonus2,45.9,28.9,3
bonus2,45.9,29.6,1
bonus2,45.9,29.9,1
bonus2,45.9,30,1
bonus2,45.9,30.3,1
bonus2,45.9,30.4,2
bonus2,45.9,30.8,1
bonus2,45.9,31,2
bonus2,45.9,31.2,1
bonus2,45.9,31.6,1
bonus2,45.9,31.7,1
bonus2,45.9,31.9,1
bonus2,45.9,32.2,1
bonus2,45.9,33.1,1
bonus2,45.9,33.5,1
bonus2,45.9,34.1,1
bonus2,45.9,34.2,1
bonus2,45.9,34.5,1
bonus2,45.9,35,1
bonus2,45.9,35.1,2
bonus2,45.9,35.2,1
bonus2,45.9,35.6,2
bonus2,45.9,35.7,2
bonus2,45.9,35.9,1
bonus2,45.9,36,2
bonus2,45.9,36.3,1
bonus2,45.9,36.8,1
bonus2,45.9,37.2,1
bonus2,45.9,37.5,1
bonus2,45.9,37.9,1
bonus2,45.9,38.3,1
bonus2,45.9,38.5,1
bonus2,45.9,38.8,1
bonus2,45.9,38.9,2
bonus2,45.9,39.7,1
bonus2,45.9,40.1,1
bonus2,45.9,40.5,2
bonus2,45.9,40.7,1
bonus2,45.9,42.4,2
bonus2,45.9,42.6,1
bonus2,45.9,42.7,2
bonus2,45.9,42.8,1
bonus2,45.9,42.9,2
bonus2,45.9,43,2
bonus2,45.9,43.1,2
bonus2,45.9,43.3,1
bonus2,45.9,43.8,1
bonus2,45.9,44.1,1
bonus2,45.9,44.3,1
bonus2,45.9,44.6,2
bonus2,45.9,44.8,1
bonus2,45.9,45.4,1
bonus2,45.9,45.5,2
bonus2,45.9,45.7,1
bonus2,45.9,45.8,1
bonus2,45.9,45.9,1
bonus2,45.9,46,1
bonus2,45.9,46.1,1
bonus2,45.9,46.3,1
bonus2,45.9,46.5,1
bonus2,45.9,46.6,1
bonus2,45.9,46.7,2
bonus2,45.9,46.8,2
bonus2,45.9,47,1
bonus2,45.9,47.2,1
bonus2,45.9,47.4,1
bonus2,45.9,47.5,1
bonus2,45.9,47.6,1
bonus2,45.9,47.7,1
bonus2,45.9,47.9,1
bonus2,45.9,48.2,1
bonus2,45.9,48.5,2
bonus2,45.9,48.6,1
bonus2,45.9,48.7,1
bonus2,45.9,49,1
bonus2,45.9,49.4,1
bonus2,45.9,49.8,1
bonus2,45.9,50,2
bonus2,45.9,50.6,1
bonus2,45.9,50.7,1
bonus2,45.9,50.8,1
bonus2,45.9,51.1,2
bonus2,45.9,51.4,1
bonus2,45.9,52.1,2
bonus2,45.9,52.3,1
bonus2,45.9,53,3
bonus2,45.9,53.5,1
bonus2,45.9,53.8,1
bonus2,45.9,54,1
bonus2,45.9,54.1,1
bonus2,45.9,54.7,1
bonus2,45.9,54.9,2
bonus2,45.9,55.2,2
bonus2,45.9,55.5,1
bonus2,45.9,55.8,2
bonus2,45.9,55.9,1
bonus2,45.9,56,1
bonus2,45.9,56.7,1
bonus2,45.9,56.9,1
bonus2,45.9,57.4,1
bonus2,45.9,57.6,1
bonus2,45.9,57.9,1
bonus2,45.9,58.1,1
bonus2,45.9,58.2,1
bonus2,45.9,59.1,1
bonus2,45.9,59.2,1
bonus2,45.9,59.3,1
bonus2,45.9,59.5,1
bonus2,45.9,59.9,1
bonus2,45.9,60.1,1
bonus2,45.9,60.4,1
bonus2,45.9,60.5,1
bonus2,45.9,60.8,1
bonus2,45.9,61.6,1
bonus2,45.9,61.7,2
bonus2,45.9,61.9,1
bonus2,45.9,62,1
bonus2,45.9,62.1,1
bonus2,45.9,62.2,1
bonus2,45.9,62.4,1
bonus2,45.9,62.7,2
bonus2,45.9,62.8,2
bonus2,45.9,63,2
bonus2,45.9,64.1,1
bonus2,45.9,64.2,1
bonus2,45.9,64.4,1
bonus2,45.9,64.7,1
bonus2,45.9,65.9,1
bonus2,45.9,66,1
bonus2,45.9,66.1,1
bonus2,45.9,66.4,1
bonus2,45.9,67.1,1
bonus2,45.9,67.2,1
bonus2,45.9,67.3,1
bonus2,45.9,67.4,1
bonus2,45.9,67.5,1
bonus2,45.9,67.7,1
bonus2,45.9,67.8,1
bonus2,45.9,68.7,1
bonus2,45.9,68.8,1
bonus2,45.9,69,1
bonus2,45.9,69.1,1
bonus2,45.9,69.5,1
bonus2,45.9,69.7,1
bonus2,45.9,70.3,1
bonus2,45.9,70.6,1
bonus2,45.9,71,1
bonus2,45.9,72.6,1
bonus2,45.9,72.9,1
bonus2,45.9,73,1
bonus2,45.9,73.8,1
bonus2,45.9,74.1,1
bonus2,45.9,74.3,1
bonus2,45.9,75,1
bonus2,45.9,75.1,1
bonus2,45.9,75.3,1
bonus2,45.9,75.6,1
bonus2,45.9,75.8,2
bonus2,45.9,75.9,2
bonus2,45.9,76.3,1
bonus2,45.9,76.6,1
bonus2,45.9,77.3,1
bonus2,45.9,77.5,1
bonus2,45.9,77.9,1
bonus2,45.9,78.2,1
bonus2,45.9,78.3,1
bonus2,45.9,78.9,1
bonus2,45.9,79.4,1
bonus2,45.9,79.9,1
bonus2,45.9,80.5,1
bonus2,45.9,80.6,1
bonus2,45.9,80.7,1
bonus2,45.9,80.8,2
bonus2,45.9,81.6,2
bonus2,45.9,81.7,1
bonus2,45.9,81.9,2
bonus2,45.9,82.9,1
bonus2,45.9,83.2,1
bonus2,45.9,83.4,1
bonus2,45.9,83.7,1
bonus2,45.9,83.8,2
bonus2,45.9,84.4,1
bonus2,45.9,84.5,1
bonus2,45.9,84.7,1
bonus2,45.9,85.6,1
bonus2,45.9,85.7,1
bonus2,45.9,85.8,2
bonus2,45.9,86.1,1
bonus2,45.9,86.4,1
bonus2,45.9,86.5,1
bonus2,45.9,86.9,1
bonus2,45.9,87,2
bonus2,45.9,87.3,1
bonus2,45.9,87.5,1
bonus2,45.9,87.8,1
bonus2,45.9,88.5,1
bonus2,45.9,88.9,1
bonus2,45.9,89,1
bonus2,45.9,89.1,1
bonus2,45.9,89.3,1
bonus2,45.9,89.7,1
bonus2,45.9,89.8,1
bonus2,45.9,89.9,1
bonus2,45.9,90.4,1
bonus2,45.9,90.5,2
bonus2,45.9,90.6,2
bonus2,45.9,90.8,1
bonus2,45.9,91.2,1
bonus2,45.9,91.7,1
bonus2,45.9,91.9,2
bonus2,45.9,92.8,1
bonus2,45.9,93.4,1
bonus2,45.9,93.9,1
bonus2,45.9,94.1,1
bonus2,45.9,94.9,1
bonus2,45.9,95.3,1
bonus2,45.9,95.4,1
bonus2,45.9,95.9,1
bonus2,45.9,96,1
bonus2,45.9,96.3,1
bonus2,45.9,97,1
bonus2,45.9,97.1,1
bonus2,45.9,97.7,1
bonus2,45.9,97.8,2
bonus2,45.9,98,2
bonus2,45.9,98.5,2
bonus2,45.9,98.6,1
bonus2,45.9,98.8,1
bonus2,45.9,99,1
bonus2,45.9,99.7,1
bonus2,45.9,99.8,2
bonus2,49.9,0.6,3
bonus2,49.9,0.7,1
bonus2,49.9,0.9,1
bonus2,49.9,2.4,1
bonus2,49.9,2.7,1
bonus2,49.9,3.1,1
bonus2,49.9,4.1,1
bonus2,49.9,6,1
bonus2,49.9,6.4,1
bonus2,49.9,7,1
bonus2,49.9,7.8,1
bonus2,49.9,8.2,1
bonus2,49.9,8.8,1
bonus2,49.9,9,1
bonus2,49.9,9.4,1
bonus2,49.9,11.6,1
bonus2,49.9,11.9,1
bonus2,49.9,12.4,1
bonus2,49.9,12.7,1
bonus2,49.9,12.9,1
bonus2,49.9,13.2,1
bonus2,49.9,13.5,1
bonus2,49.9,13.7,1
bonus2,49.9,13.8,1
bonus2,49.9,14.1,1
bonus2,49.9,14.5,1
bonus2,49.9,14.7,1
bonus2,49.9,14.8,1
bonus2,49.9,15.1,1
bonus2,49.9,15.3,1
bonus2,49.9,15.7,1
bonus2,49.9,16.7,1
bonus2,49.9,16.8,1
bonus2,49.9,18.2,1
bonus2,49.9,19,1
bonus2,49.9,19.1,1
bonus2,49.9,19.8,1
bonus2,49.9,19.9,1
bonus2,49.9,20.6,1
bonus2,49.9,21.5,1
bonus2,49.9,21.9,1
bonus2,49.9,22,1
bonus2,49.9,22.1,1
bonus2,49.9,22.4,2
bonus2,49.9,22.6,2
bonus2,49.9,22.7,1
bonus2,49.9,22.9,1
bonus2,49.9,23.2,1
bonus2,49.9,23.4,1
bonus2,49.9,24,1
bonus2,49.9,24.3,1
bonus2,49.9,25.5,1
bonus2,49.9,26.2,1
bonus2,49.9,26.6,1
bonus2,49.9,26.7,1
bonus2,49.9,28.6,1
bonus2,49.9,28.8,1
bonus2,49.9,29,1
bonus2,49.9,29.2,1
bonus2,49.9,29.4,1
bonus2,49.9,29.7,2
bonus2,49.9,30.9,1
bonus2,49.9,31.5,1
bonus2,49.9,32,1
bonus2,49.9,32.4,1
bonus2,49.9,32.5,1
bonus2,49.9,33,1
bonus2,49.9,33.2,1
bonus2,49.9,33.9,1
bonus2,49.9,34.2,1
bonus2,49.9,34.3,1
bonus2,49.9,34.6,1
bonus2,49.9,34.8,1
bonus2,49.9,34.9,1
bonus2,49.9,35,1
bonus2,49.9,35.8,1
bonus2,49.9,36.2,1
bonus2,49.9,37.5,1
bonus2,49.9,38.3,1
bonus2,49.9,39.4,1
bonus2,49.9,39.8,1
bonus2,49.9,40.1,1
bonus2,49.9,40.2,1
bonus2,49.9,40.4,2
bonus2,49.9,40.5,1
bonus2,49.9,40.6,2
bonus2,49.9,40.8,1
bonus2,49.9,41.5,1
bonus2,49.9,41.8,1
bonus2,49.9,42.1,1
bonus2,49.9,43.3,1
bonus2,49.9,43.4,1
bonus2,49.9,44.3,1
bonus2,49.9,44.4,1
bonus2,49.9,45.2,1
bonus2,49.9,45.4,1
bonus2,49.9,45.5,1
bonus2,49.9,45.6,1
bonus2,49.9,46.3,3
bonus2,49.9,47.1,2
bonus2,49.9,48,1
bonus2,49.9,48.7,1
bonus2,49.9,48.8,1
bonus2,49.9,49.1,1
bonus2,49.9,49.2,1
bonus2,49.9,49.5,1
bonus2,49.9,50.1,2
bonus2,49.9,50.3,1
bonus2,49.9,50.5,1
bonus2,49.9,51.1,1
bonus2,49.9,51.6,2
bonus2,49.9,52.7,1
bonus2,49.9,52.9,1
bonus2,49.9,53.1,1
bonus2,49.9,53.2,1
bonus2,49.9,53.8,1
bonus2,49.9,54.2,1
bonus2,49.9,55.1,1
bonus2,49.9,55.7,1
bonus2,49.9,56.3,1
bonus2,49.9,56.5,3
bonus2,49.9,57,1
bonus2,49.9,57.4,1
bonus2,49.9,58.3,1
bonus2,49.9,58.8,1
bonus2,49.9,59.1,2
bonus2,49.9,59.9,1
bonus2,49.9,60.2,1
bonus2,49.9,60.3,1
bonus2,49.9,60.9,1
bonus2,49.9,61,1
bonus2,49.9,62.2,1
bonus2,49.9,63,1
bonus2,49.9,63.1,1
bonus2,49.9,63.3,1
bonus2,49.9,63.7,1
bonus2,49.9,64.8,1
bonus2,49.9,65.2,1
bonus2,49.9,65.3,1
bonus2,49.9,65.4,1
bonus2,49.9,65.5,1
bonus2,49.9,65.6,1
bonus2,49.9,65.8,1
bonus2,49.9,65.9,2
bonus2,49.9,66.3,1
bonus2,49.9,66.4,1
bonus2,49.9,67.5,1
bonus2,49.9,68.2,1
bonus2,49.9,69.5,1
bonus2,49.9,69.6,1
bonus2,49.9,69.7,1
bonus2,49.9,70.4,1
bonus2,49.9,70.9,1
bonus2,49.9,71.3,1
bonus2,49.9,72.4,1
bonus2,49.9,72.6,1
bonus2,49.9,74,1
bonus2,49.9,74.3,1
bonus2,49.9,75.4,1
bonus2,49.9,75.8,1
bonus2,49.9,76.2,2
bonus2,49.9,76.6,1
bonus2,49.9,77,1
bonus2,49.9,77.3,1
bonus2,49.9,77.6,1
bonus2,49.9,78.8,1
bonus2,49.9,79,1
bonus2,49.9,80,1
bonus2,49.9,80.5,1
bonus2,49.9,80.8,2
bonus2,49.9,80.9,1
bonus2,49.9,81.4,2
bonus2,49.9,82.1,1
bonus2,49.9,83.2,1
bonus2,49.9,84.1,1
bonus2,49.9,86.1,1
bonus2,49.9,87,1
bonus2,49.9,87.4,2
bonus2,49.9,88,1
bonus2,49.9,88.1,1
bonus2,49.9,88.4,1
bonus2,49.9,88.6,1
bonus2,49.9,89.7,1
bonus2,49.9,89.9,1
bonus2,49.9,90.3,1
bonus2,49.9,91.2,1
bonus2,49.9,91.6,1
bonus2,49.9,92.3,1
bonus2,49.9,92.4,2
bonus2,49.9,92.5,1
bonus2,49.9,93.3,1
bonus2,49.9,93.6,1
bonus2,49.9,93.8,1
bonus2,49.9,93.9,1
bonus2,49.9,94,1
bonus2,49.9,94.1,2
bonus2,49.9,94.3,1
bonus2,49.9,94.5,1
bonus2,49.9,94.7,1
bonus2,49.9,95.1,1
bonus2,49.9,97.1,1
bonus2,49.9,97.7,1
bonus2,49.9,98,1
bonus2,49.9,99.1,1
bonus2,49.9,99.5,1
bonus2,54.3,0.1,1
bonus2,54.3,0.2,1
bonus2,54.3,0.4,1
bonus2,54.3,0.7,1
bonus2,54.3,0.8,1
bonus2,54.3,0.9,1
bonus2,54.3,1.3,2
bonus2,54.3,1.4,1
bonus2,54.3,1.5,1
bonus2,54.3,1.7,2
bonus2,54.3,1.8,1
bonus2,54.3,2.2,1
bonus2,54.3,2.7,1
bonus2,54.3,2.8,1
bonus2,54.3,3.2,1
bonus2,54.3,3.4,2
bonus2,54.3,3.7,1
bonus2,54.3,3.8,1
bonus2,54.3,3.9,1
bonus2,54.3,4,2
bonus2,54.3,4.1,3
bonus2,54.3,4.3,2
bonus2,54.3,4.4,1
bonus2,54.3,4.5,1
bonus2,54.3,4.7,1
bonus2,54.3,4.9,1
bonus2,54.3,6,1
bonus2,54.3,6.4,2
bonus2,54.3,6.6,1
bonus2,54.3,6.7,1
bonus2,54.3,6.9,1
bonus2,54.3,7.4,1
bonus2,54.3,7.5,2
bonus2,54.3,7.6,1
bonus2,54.3,7.9,1
bonus2,54.3,8.3,1
bonus2,54.3,9,1
bonus2,54.3,9.2,2
bonus2,54.3,9.3,1
bonus2,54.3,9.5,1
bonus2,54.3,10.3,1
bonus2,54.3,10.6,1
bonus2,54.3,10.7,1
bonus2,54.3,10.9,1
bonus2,54.3,11.2,1
bonus2,54.3,11.4,1
bonus2,54.3,11.7,1
bonus2,54.3,11.8,1
bonus2,54.3,12,3
bonus2,54.3,12.1,1
bonus2,54.3,12.5,1
bonus2,54.3,12.6,1
bonus2,54.3,12.8,1
bonus2,54.3,13.1,1
bonus2,54.3,13.3,2
bonus2,54.3,13.5,1
bonus2,54.3,13.6,1
bonus2,54.3,13.8,1
bonus2,54.3,14.4,1
bonus2,54.3,14.6,1
bonus2,54.3,15,2
bonus2,54.3,15.2,1
bonus2,54.3,15.3,2
bonus2,54.3,15.6,2
bonus2,54.3,15.7,2
bonus2,54.3,15.8,1
bonus2,54.3,16,2
bonus2,54.3,16.3,2
bonus2,54.3,16.4,1
bonus2,54.3,16.5,1
bonus2,54.3,17,3
bonus2,54.3,17.3,1
bonus2,54.3,17.4,1
bonus2,54.3,17.5,1
bonus2,54.3,17.6,1
bonus2,54.3,17.7,2
bonus2,54.3,17.9,1
bonus2,54.3,18.2,1
bonus2,54.3,18.5,1
bonus2,54.3,19.3,1
bonus2,54.3,19.4,1
bonus2,54.3,19.7,1
bonus2,54.3,20.2,1
bonus2,54.3,20.3,3
bonus2,54.3,20.5,1
bonus2,54.3,21,1
bonus2,54.3,21.5,1
bonus2,54.3,21.6,1
bonus2,54.3,22.1,1
bonus2,54.3,22.2,1
bonus2,54.3,22.4,2
bonus2,54.3,22.5,1
bonus2,54.3,23.3,1
bonus2,54.3,23.5,2
bonus2,54.3,23.8,1
bonus2,54.3,24.1,1
bonus2,54.3,24.7,1
bonus2,54.3,25,1
bonus2,54.3,25.2,1
bonus2,54.3,25.4,1
bonus2,54.3,25.8,2
bonus2,54.3,26,2
bonus2,54.3,26.5,3
bonus2,54.3,26.6,1
bonus2,54.3,26.8,1
bonus2,54.3,27.1,1
bonus2,54.3,27.7,1
bonus2,54.3,27.8,1
bonus2,54.3,27.9,1
bonus2,54.3,28,1
bonus2,54.3,28.2,2
bonus2,54.3,28.3,1
bonus2,54.3,28.6,1
bonus2,54.3,28.9,1
bonus2,54.3,29.3,3
bonus2,54.3,29.4,1
bonus2,54.3,29.7,1
bonus2,54.3,30,2
bonus2,54.3,30.1,1
bonus2,54.3,30.4,1
bonus2,54.3,30.5,1
bonus2,54.3,30.6,1
bonus2,54.3,30.9,1
bonus2,54.3,31.2,1
bonus2,54.3,31.3,1
bonus2,54.3,32.1,1
bonus2,54.3,32.2,1
bonus2,54.3,32.5,1
bonus2,54.3,32.6,1
bonus2,54.3,32.8,1
bonus2,54.3,32.9,1
bonus2,54.3,33,1
bonus2,54.3,33.2,1
bonus2,54.3,33.3,2
bonus2,54.3,33.6,2
bonus2,54.3,33.8,1
bonus2,54.3,34.2,2
bonus2,54.3,34.5,1
bonus2,54.3,34.8,1
bonus2,54.3,34.9,1
bonus2,54.3,35.2,1
bonus2,54.3,35.4,1
bonus2,54.3,35.5,1
bonus2,54.3,35.6,1
bonus2,54.3,35.8,1
bonus2,54.3,36.7,1
bonus2,54.3,36.9,1
bonus2,54.3,37.1,1
bonus2,54.3,38,1
bonus2,54.3,38.1,2
bonus2,54.3,39.4,1
bonus2,54.3,39.6,1
bonus2,54.3,39.9,1
bonus2,54.3,40,2
bonus2,54.3,40.1,2
bonus2,54.3,40.6,1
bonus2,54.3,40.7,1
bonus2,54.3,40.9,2
bonus2,54.3,41,1
bonus2,54.3,41.1,2
bonus2,54.3,41.6,1
bonus2,54.3,41.7,1
bonus2,54.3,42.1,2
bonus2,54.3,42.2,1
bonus2,54.3,42.4,1
bonus2,54.3,42.6,1
bonus2,54.3,42.8,1
bonus2,54.3,42.9,2
bonus2,54.3,43,1
bonus2,54.3,43.3,1
bonus2,54.3,43.4,1
bonus2,54.3,43.6,1
bonus2,54.3,43.7,2
bonus2,54.3,43.8,1
bonus2,54.3,43.9,1
bonus2,54.3,44.2,1
bonus2,54.3,44.3,1
bonus2,54.3,44.8,2
bonus2,54.3,44.9,1
bonus2,54.3,45.5,1
bonus2,54.3,45.6,1
bonus2,54.3,45.9,1
bonus2,54.3,46.4,1
bonus2,54.3,46.5,1
bonus2,54.3,47.3,1
bonus2,54.3,47.6,1
bonus2,54.3,47.8,1
bonus2,54.3,48.1,1
bonus2,54.3,48.2,1
bonus2,54.3,48.5,1
bonus2,54.3,48.8,1
bonus2,54.3,49,1
bonus2,54.3,49.3,1
bonus2,54.3,49.6,1
bonus2,54.3,50.2,1
bonus2,54.3,50.4,1
bonus2,54.3,50.5,3
bonus2,54.3,50.7,1
bonus2,54.3,50.9,1
bonus2,54.3,51,1
bonus2,54.3,51.3,1
bonus2,54.3,51.4,1
bonus2,54.3,51.6,1
bonus2,54.3,51.7,1
bonus2,54.3,51.8,2
bonus2,54.3,51.9,1
bonus2,54.3,52,1
bonus2,54.3,52.6,1
bonus2,54.3,52.7,2
bonus2,54.3,53.1,1
bonus2,54.3,53.3,1
bonus2,54.3,53.6,3
bonus2,54.3,53.7,1
bonus2,54.3,53.9,1
bonus2,54.3,54,1
bonus2,54.3,54.1,1
bonus2,54.3,54.3,1
bonus2,54.3,54.4,1
bonus2,54.3,54.7,1
bonus2,54.3,54.9,1
bonus2,54.3,55.2,1
bonus2,54.3,55.3,1
bonus2,54.3,55.6,1
bonus2,54.3,55.7,1
bonus2,54.3,55.9,1
bonus2,54.3,56.2,1
bonus2,54.3,56.8,1
bonus2,54.3,57.3,1
bonus2,54.3,57.5,1
bonus2,54.3,57.6,1
bonus2,54.3,57.7,1
bonus2,54.3,57.9,1
bonus2,54.3,58,1
bonus2,54.3,58.3,1
bonus2,54.3,58.4,1
bonus2,54.3,58.5,1
bonus2,54.3,58.6,1
bonus2,54.3,58.8,2
bonus2,54.3,58.9,1
bonus2,54.3,59.1,2
bonus2,54.3,59.2,1
bonus2,54.3,59.9,1
bonus2,54.3,60.5,1
bonus2,54.3,60.8,2
bonus2,54.3,60.9,2
bonus2,54.3,61.1,1
bonus2,54.3,61.6,1
bonus2,54.3,61.7,1
bonus2,54.3,61.8,2
bonus2,54.3,62,1
bonus2,54.3,62.3,1
bonus2,54.3,62.5,2
bonus2,54.3,62.8,1
bonus2,54.3,62.9,2
bonus2,54.3,63.1,1
bonus2,54.3,63.3,1
bonus2,54.3,63.4,1
bonus2,54.3,63.5,2
bonus2,54.3,63.8,1
bonus2,54.3,63.9,4
bonus2,54.3,64.1,1
bonus2,54.3,64.2,2
bonus2,54.3,64.5,1
bonus2,54.3,64.6,2
bonus2,54.3,64.7,2
bonus2,54.3,64.9,2
bonus2,54.3,65.3,1
bonus2,54.3,65.4,1
bonus2,54.3,65.5,1
bonus2,54.3,65.8,2
bonus2,54.3,66.1,1
bonus2,54.3,66.2,1
bonus2,54.3,66.6,1
bonus2,54.3,66.7,1
bonus2,54.3,66.9,1
bonus2,54.3,67.2,1
bonus2,54.3,67.3,2
bonus2,54.3,67.4,1
bonus2,54.3,67.6,1
bonus2,54.3,67.8,1
bonus2,54.3,69.1,1
bonus2,54.3,69.3,2
bonus2,54.3,69.4,2
bonus2,54.3,69.6,1
bonus2,54.3,70.1,1
bonus2,54.3,70.2,1
bonus2,54.3,71,1
bonus2,54.3,71.3,1
bonus2,54.3,71.5,1
bonus2,54.3,71.9,1
bonus2,54.3,72,1
bonus2,54.3,72.1,1
bonus2,54.3,72.3,1
bonus2,54.3,72.6,1
bonus2,54.3,72.7,1
bonus2,54.3,73,1
bonus2,54.3,73.1,1
bonus2,54.3,73.3,1
bonus2,54.3,73.6,1
bonus2,54.3,73.8,1
bonus2,54.3,74,1
bonus2,54.3,74.1,1
bonus2,54.3,74.4,1
bonus2,54.3,74.6,1
bonus2,54.3,75.2,1
bonus2,54.3,75.3,1
bonus2,54.3,75.5,1
bonus2,54.3,76,1
bonus2,54.3,76.2,1
bonus2,54.3,76.3,2
bonus2,54.3,76.4,1
bonus2,54.3,76.7,1
bonus2,54.3,77,3
bonus2,54.3,77.1,2
bonus2,54.3,77.2,1
bonus2,54.3,77.4,1
bonus2,54.3,77.5,1
bonus2,54.3,78.4,1
bonus2,54.3,78.7,1
bonus2,54.3,78.9,1
bonus2,54.3,79.5,1
bonus2,54.3,79.6,1
bonus2,54.3,79.7,1
bonus2,54.3,79.8,2
bonus2,54.3,80.6,1
bonus2,54.3,80.8,1
bonus2,54.3,81.1,1
bonus2,54.3,81.5,1
bonus2,54.3,82,2
bonus2,54.3,82.3,1
bonus2,54.3,82.5,1
bonus2,54.3,82.6,2
bonus2,54.3,82.9,1
bonus2,54.3,83.2,1
bonus2,54.3,83.5,1
bonus2,54.3,83.6,1
bonus2,54.3,83.7,1
bonus2,54.3,84.5,1
bonus2,54.3,84.6,1
bonus2,54.3,84.9,1
bonus2,54.3,85,1
bonus2,54.3,86.1,1
bonus2,54.3,86.3,3
bonus2,54.3,87,3
bonus2,54.3,87.8,1
bonus2,54.3,88,1
bonus2,54.3,88.1,1
bonus2,54.3,88.2,1
bonus2,54.3,88.3,2
bonus2,54.3,88.5,1
bonus2,54.3,88.8,1
bonus2,54.3,89.3,1
bonus2,54.3,89.4,1
bonus2,54.3,89.6,1
bonus2,54.3,89.7,1
bonus2,54.3,89.8,1
bonus2,54.3,90,1
bonus2,54.3,90.3,1
bonus2,54.3,90.6,1
bonus2,54.3,91.6,1
bonus2,54.3,91.7,1
bonus2,54.3,91.9,1
bonus2,54.3,92,1
bonus2,54.3,92.3,1
bonus2,54.3,92.6,1
bonus2,54.3,92.9,1
bonus2,54.3,93,1
bonus2,54.3,93.1,1
bonus2,54.3,93.3,1
bonus2,54.3,93.5,1
bonus2,54.3,94,1
bonus2,54.3,94.4,1
bonus2,54.3,94.8,1
bonus2,54.3,95.1,1
bonus2,54.3,95.4,2
bonus2,54.3,95.8,1
bonus2,54.3,96.2,1
bonus2,54.3,96.5,1
bonus2,54.3,96.7,1
bonus2,54.3,97.6,1
bonus2,54.3,97.9,1
bonus2,54.3,99,2
bonus2,54.3,99.6,1
bonus2,58.4,0,1
bonus2,58.4,0.1,1
bonus2,58.4,2,1
bonus2,58.4,2.4,1
bonus2,58.4,3.2,1
bonus2,58.4,3.4,1
bonus2,58.4,3.6,2
bonus2,58.4,3.7,1
bonus2,58.4,4.7,1
bonus2,58.4,4.8,2
bonus2,58.4,5.1,1
bonus2,58.4,5.4,1
bonus2,58.4,6.9,1
bonus2,58.4,7,1
bonus2,58.4,7.2,1
bonus2,58.4,7.7,1
bonus2,58.4,8.3,1
bonus2,58.4,8.5,1
bonus2,58.4,8.7,1
bonus2,58.4,9.3,1
bonus2,58.4,9.9,1
bonus2,58.4,12.2,1
bonus2,58.4,12.4,1
bonus2,58.4,14.2,1
bonus2,58.4,14.5,1
bonus2,58.4,15.3,1
bonus2,58.4,16.1,1
bonus2,58.4,16.3,1
bonus2,58.4,16.7,1
bonus2,58.4,17,1
bonus2,58.4,17.7,1
bonus2,58.4,18.8,1
bonus2,58.4,19.1,1
bonus2,58.4,19.6,1
bonus2,58.4,19.8,1
bonus2,58.4,20.3,1
bonus2,58.4,20.9,1
bonus2,58.4,21,1
bonus2,58.4,22.1,1
bonus2,58.4,22.8,1
bonus2,58.4,23.1,1
bonus2,58.4,23.2,1
bonus2,58.4,23.3,1
bonus2,58.4,24.4,1
bonus2,58.4,25.1,1
bonus2,58.4,25.2,1
bonus2,58.4,25.3,1
bonus2,58.4,25.4,1
bonus2,58.4,26.1,1
bonus2,58.4,26.7,1
bonus2,58.4,27.5,1
bonus2,58.4,27.7,1
bonus2,58.4,28.3,1
bonus2,58.4,29,1
bonus2,58.4,29.8,2
bonus2,58.4,30.2,1
bonus2,58.4,31,2
bonus2,58.4,31.6,1
bonus2,58.4,32.4,1
bonus2,58.4,34.1,1
bonus2,58.4,34.4,1
bonus2,58.4,35.3,1
bonus2,58.4,36.2,1
bonus2,58.4,36.6,1
bonus2,58.4,37.2,1
bonus2,58.4,39.1,1
bonus2,58.4,39.3,1
bonus2,58.4,39.4,1
bonus2,58.4,39.6,1
bonus2,58.4,39.7,1
bonus2,58.4,40.1,1
bonus2,58.4,40.3,1
bonus2,58.4,40.4,1
bonus2,58.4,41.4,1
bonus2,58.4,42.4,1
bonus2,58.4,42.8,1
bonus2,58.4,43.3,1
bonus2,58.4,44,1
bonus2,58.4,44.2,1
bonus2,58.4,44.3,1
bonus2,58.4,44.7,1
bonus2,58.4,45,1
bonus2,58.4,45.2,2
bonus2,58.4,45.3,1
bonus2,58.4,45.5,1
bonus2,58.4,46.4,1
bonus2,58.4,46.9,1
bonus2,58.4,47.1,1
bonus2,58.4,47.4,2
bonus2,58.4,47.6,1
bonus2,58.4,47.9,1
bonus2,58.4,48,1
bonus2,58.4,48.1,1
bonus2,58.4,48.4,1
bonus2,58.4,48.8,1
bonus2,58.4,50.5,1
bonus2,58.4,50.6,1
bonus2,58.4,51.6,1
bonus2,58.4,51.9,2
bonus2,58.4,52.2,1
bonus2,58.4,53.8,1
bonus2,58.4,54.1,1
bonus2,58.4,55.1,1
bonus2,58.4,56.2,1
bonus2,58.4,56.5,1
bonus2,58.4,57.4,1
bonus2,58.4,57.8,1
bonus2,58.4,58.1,1
bonus2,58.4,58.3,1
bonus2,58.4,60.1,1
bonus2,58.4,60.6,1
bonus2,58.4,60.8,1
bonus2,58.4,61.3,2
bonus2,58.4,61.4,1
bonus2,58.4,62.6,1
bonus2,58.4,63.2,1
bonus2,58.4,64.7,1
bonus2,58.4,64.8,1
bonus2,58.4,65.6,2
bonus2,58.4,65.8,1
bonus2,58.4,65.9,1
bonus2,58.4,66,1
bonus2,58.4,66.3,1
bonus2,58.4,66.6,2
bonus2,58.4,67.4,1
bonus2,58.4,68.2,1
bonus2,58.4,68.4,1
bonus2,58.4,70.2,1
bonus2,58.4,70.3,1
bonus2,58.4,70.6,1
bonus2,58.4,70.7,1
bonus2,58.4,70.9,4
bonus2,58.4,72.2,1
bonus2,58.4,72.9,1
bonus2,58.4,73.6,1
bonus2,58.4,73.9,1
bonus2,58.4,74.8,1
bonus2,58.4,75.6,1
bonus2,58.4,77.7,1
bonus2,58.4,78,1
bonus2,58.4,78.7,2
bonus2,58.4,78.8,1
bonus2,58.4,81.3,1
bonus2,58.4,81.9,1
bonus2,58.4,83,1
bonus2,58.4,84,1
bonus2,58.4,84.2,1
bonus2,58.4,84.4,1
bonus2,58.4,85.2,1
bonus2,58.4,85.3,1
bonus2,58.4,85.7,1
bonus2,58.4,86.3,1
bonus2,58.4,86.4,1
bonus2,58.4,86.9,1
bonus2,58.4,87.4,1
bonus2,58.4,88.4,2
bonus2,58.4,88.9,1
bonus2,58.4,89.4,1
bonus2,58.4,91.4,1
bonus2,58.4,91.8,1
bonus2,58.4,91.9,1
bonus2,58.4,92.2,1
bonus2,58.4,93.2,1
bonus2,58.4,94.7,1
bonus2,58.4,94.9,1
bonus2,58.4,95.2,1
bonus2,58.4,95.3,1
bonus2,58.4,95.7,1
bonus2,58.4,95.9,1
bonus2,58.4,98.2,1
bonus2,58.4,99.7,1
bonus2,62.7,0,2
bonus2,62.7,0.2,1
bonus2,62.7,0.3,2
bonus2,62.7,1.2,1
bonus2,62.7,1.3,2
bonus2,62.7,1.4,1
bonus2,62.7,2.2,1
bonus2,62.7,2.3,1
bonus2,62.7,2.4,1
bonus2,62.7,2.5,1
bonus2,62.7,3.1,1
bonus2,62.7,3.3,1
bonus2,62.7,3.6,1
bonus2,62.7,3.9,2
bonus2,62.7,4,1
bonus2,62.7,4.1,2
bonus2,62.7,4.2,1
bonus2,62.7,4.5,1
bonus2,62.7,4.7,1
bonus2,62.7,4.8,1
bonus2,62.7,5,1
bonus2,62.7,5.4,1
bonus2,62.7,5.5,2
bonus2,62.7,5.6,1
bonus2,62.7,5.8,1
bonus2,62.7,5.9,1
bonus2,62.7,6.6,1
bonus2,62.7,7,1
bonus2,62.7,7.1,1
bonus2,62.7,7.2,1
bonus2,62.7,7.4,1
bonus2,62.7,7.5,1
bonus2,62.7,7.6,1
bonus2,62.7,7.7,1
bonus2,62.7,7.9,1
bonus2,62.7,8.1,1
bonus2,62.7,8.3,2
bonus2,62.7,8.7,1
bonus2,62.7,8.8,2
bonus2,62.7,8.9,2
bonus2,62.7,9,1
bonus2,62.7,9.2,1
bonus2,62.7,9.3,2
bonus2,62.7,9.4,1
bonus2,62.7,9.6,2
bonus2,62.7,9.7,1
bonus2,62.7,10.3,1
bonus2,62.7,10.4,1
bonus2,62.7,10.8,2
bonus2,62.7,11,1
bonus2,62.7,11.1,1
bonus2,62.7,11.2,2
bonus2,62.7,11.3,1
bonus2,62.7,11.5,1
bonus2,62.7,11.7,1
bonus2,62.7,11.9,2
bonus2,62.7,12.3,2
bonus2,62.7,12.5,1
bonus2,62.7,13,1
bonus2,62.7,13.1,1
bonus2,62.7,13.2,1
bonus2,62.7,13.6,1
bonus2,62.7,13.7,1
bonus2,62.7,13.9,1
bonus2,62.7,14.2,3
bonus2,62.7,14.3,1
bonus2,62.7,14.6,1
bonus2,62.7,14.8,1
bonus2,62.7,15,1
bonus2,62.7,15.3,1
bonus2,62.7,15.5,1
bonus2,62.7,15.6,1
bonus2,62.7,15.8,1
bonus2,62.7,16,1
bonus2,62.7,16.1,1
bonus2,62.7,16.2,1
bonus2,62.7,16.6,1
bonus2,62.7,17,2
bonus2,62.7,17.1,1
bonus2,62.7,17.3,2
bonus2,62.7,17.5,1
bonus2,62.7,17.7,1
bonus2,62.7,18,1
bonus2,62.7,18.1,1
bonus2,62.7,18.4,3
bonus2,62.7,18.5,1
bonus2,62.7,19.2,1
bonus2,62.7,19.5,1
bonus2,62.7,19.7,1
bonus2,62.7,19.8,1
bonus2,62.7,20.1,1
bonus2,62.7,20.3,1
bonus2,62.7,20.4,1
bonus2,62.7,20.8,1
bonus2,62.7,20.9,1
bonus2,62.7,21.1,1
bonus2,62.7,21.3,2
bonus2,62.7,21.5,1
bonus2,62.7,21.7,1
bonus2,62.7,22.2,1
bonus2,62.7,22.3,1
bonus2,62.7,22.6,1
bonus2,62.7,22.7,1
bonus2,62.7,23.1,2
bonus2,62.7,23.3,1
bonus2,62.7,23.5,1
bonus2,62.7,23.6,1
bonus2,62.7,23.7,2
bonus2,62.7,23.9,1
bonus2,62.7,24.2,2
bonus2,62.7,24.5,1
bonus2,62.7,24.6,1
bonus2,62.7,24.7,1
bonus2,62.7,24.8,1
bonus2,62.7,25,2
bonus2,62.7,25.1,2
bonus2,62.7,25.2,2
bonus2,62.7,25.5,1
bonus2,62.7,25.6,2
bonus2,62.7,25.7,1
bonus2,62.7,25.9,1
bonus2,62.7,26.2,1
bonus2,62.7,26.3,1
bonus2,62.7,27.1,2
bonus2,62.7,27.6,1
bonus2,62.7,28,1
bonus2,62.7,28.2,1
bonus2,62.7,28.3,1
bonus2,62.7,28.4,1
bonus2,62.7,28.5,2
bonus2,62.7,28.8,1
bonus2,62.7,29.1,1
bonus2,62.7,29.2,1
bonus2,62.7,29.4,1
bonus2,62.7,29.5,1
bonus2,62.7,29.7,1
bonus2,62.7,29.8,3
bonus2,62.7,30.7,1
bonus2,62.7,30.8,1
bonus2,62.7,31.2,1
bonus2,62.7,31.3,3
bonus2,62.7,31.4,1
bonus2,62.7,31.6,1
bonus2,62.7,31.7,1
bonus2,62.7,31.9,1
bonus2,62.7,32.1,2
bonus2,62.7,32.3,1
bonus2,62.7,32.4,1
bonus2,62.7,32.6,2
bonus2,62.7,32.7,1
bonus2,62.7,32.8,1
bonus2,62.7,33,1
bonus2,62.7,33.4,1
bonus2,62.7,33.6,1
bonus2,62.7,34,2
bonus2,62.7,34.1,1
bonus2,62.7,34.3,1
bonus2,62.7,34.5,1
bonus2,62.7,35.1,1
bonus2,62.7,35.2,3
bonus2,62.7,35.3,1
bonus2,62.7,35.5,2
bonus2,62.7,35.8,1
bonus2,62.7,36.2,1
bonus2,62.7,36.5,1
bonus2,62.7,36.8,1
bonus2,62.7,37,1
bonus2,62.7,37.6,1
bonus2,62.7,37.7,1
bonus2,62.7,38,3
bonus2,62.7,38.1,1
bonus2,62.7,38.2,1
bonus2,62.7,38.4,1
bonus2,62.7,38.8,1
bonus2,62.7,39,2
bonus2,62.7,39.3,1
bonus2,62.7,39.8,2
bonus2,62.7,39.9,1
bonus2,62.7,40.3,1
bonus2,62.7,40.4,1
bonus2,62.7,40.7,1
bonus2,62.7,40.8,1
bonus2,62.7,41.2,2
bonus2,62.7,41.6,1
bonus2,62.7,42.3,1
bonus2,62.7,42.6,1
bonus2,62.7,42.7,2
bonus2,62.7,42.8,1
bonus2,62.7,43,1
bonus2,62.7,43.9,2
bonus2,62.7,44,2
bonus2,62.7,44.3,2
bonus2,62.7,44.6,1
bonus2,62.7,45,1
bonus2,62.7,45.1,1
bonus2,62.7,45.4,1
bonus2,62.7,45.5,1
bonus2,62.7,46.2,2
bonus2,62.7,46.3,1
bonus2,62.7,46.4,1
bonus2,62.7,46.5,1
bonus2,62.7,46.6,1
bonus2,62.7,46.8,1
bonus2,62.7,47,2
bonus2,62.7,47.3,1
bonus2,62.7,47.4,1
bonus2,62.7,47.6,1
bonus2,62.7,47.7,1
bonus2,62.7,48.2,1
bonus2,62.7,48.3,1
bonus2,62.7,48.5,2
bonus2,62.7,48.8,1
bonus2,62.7,49.3,2
bonus2,62.7,49.6,1
bonus2,62.7,49.8,1
bonus2,62.7,49.9,1
bonus2,62.7,50.4,3
bonus2,62.7,50.5,1
bonus2,62.7,50.6,1
bonus2,62.7,51.1,1
bonus2,62.7,51.3,2
bonus2,62.7,51.4,1
bonus2,62.7,51.6,1
bonus2,62.7,51.7,2
bonus2,62.7,51.8,2
bonus2,62.7,51.9,1
bonus2,62.7,52,1
bonus2,62.7,52.1,1
bonus2,62.7,52.5,2
bonus2,62.7,52.8,1
bonus2,62.7,53.1,1
bonus2,62.7,53.4,2
bonus2,62.7,53.6,1
bonus2,62.7,53.9,3
bonus2,62.7,54.4,1
bonus2,62.7,54.9,1
bonus2,62.7,55.1,1
bonus2,62.7,55.2,1
bonus2,62.7,55.3,2
bonus2,62.7,55.4,1
bonus2,62.7,55.8,1
bonus2,62.7,56,1
bonus2,62.7,56.2,1
bonus2,62.7,56.4,1
bonus2,62.7,56.7,1
bonus2,62.7,57,1
bonus2,62.7,57.2,1
bonus2,62.7,57.3,2
bonus2,62.7,57.5,2
bonus2,62.7,57.6,2
bonus2,62.7,57.8,1
bonus2,62.7,57.9,3
bonus2,62.7,58,1
bonus2,62.7,58.5,1
bonus2,62.7,58.7,1
bonus2,62.7,58.8,1
bonus2,62.7,59,2
bonus2,62.7,59.2,1
bonus2,62.7,59.6,2
bonus2,62.7,60,2
bonus2,62.7,60.6,1
bonus2,62.7,60.7,1
bonus2,62.7,60.9,1
bonus2,62.7,61,1
bonus2,62.7,61.5,1
bonus2,62.7,61.8,1
bonus2,62.7,61.9,1
bonus2,62.7,62.2,1
bonus2,62.7,62.4,2
bonus2,62.7,62.5,1
bonus2,62.7,62.7,1
bonus2,62.7,62.8,1
bonus2,62.7,63.2,1
bonus2,62.7,63.4,1
bonus2,62.7,63.7,1
bonus2,62.7,63.8,2
bonus2,62.7,64,1
bonus2,62.7,64.3,1
bonus2,62.7,64.5,2
bonus2,62.7,65.1,2
bonus2,62.7,65.2,1
bonus2,62.7,65.3,1
bonus2,62.7,65.4,1
bonus2,62.7,66.5,1
bonus2,62.7,66.8,1
bonus2,62.7,66.9,1
bonus2,62.7,67.4,1
bonus2,62.7,67.6,1
bonus2,62.7,67.8,1
bonus2,62.7,67.9,1
bonus2,62.7,68,2
bonus2,62.7,68.1,1
bonus2,62.7,68.8,1
bonus2,62.7,69,1
bonus2,62.7,69.4,2
bonus2,62.7,69.6,1
bonus2,62.7,69.7,1
bonus2,62.7,69.8,1
bonus2,62.7,70,1
bonus2,62.7,70.3,1
bonus2,62.7,70.4,2
bonus2,62.7,70.6,1
bonus2,62.7,70.7,1
bonus2,62.7,70.8,1
bonus2,62.7,70.9,1
bonus2,62.7,71.1,2
bonus2,62.7,71.4,2
bonus2,62.7,71.5,2
bonus2,62.7,72.3,1
bonus2,62.7,72.5,1
bonus2,62.7,72.7,1
bonus2,62.7,72.9,2
bonus2,62.7,73,1
bonus2,62.7,73.1,1
bonus2,62.7,73.8,1
bonus2,62.7,74.9,1
bonus2,62.7,75.1,2
bonus2,62.7,75.2,1
bonus2,62.7,75.6,1
bonus2,62.7,75.7,2
bonus2,62.7,75.8,2
bonus2,62.7,75.9,1
bonus2,62.7,76.1,2
bonus2,62.7,76.3,1
bonus2,62.7,77.4,3
bonus2,62.7,77.8,1
bonus2,62.7,78,1
bonus2,62.7,78.1,2
bonus2,62.7,78.4,2
bonus2,62.7,78.5,1
bonus2,62.7,78.6,1
bonus2,62.7,78.9,1
bonus2,62.7,79.7,1
bonus2,62.7,80.2,1
bonus2,62.7,80.5,1
bonus2,62.7,80.6,1
bonus2,62.7,80.7,1
bonus2,62.7,80.8,1
bonus2,62.7,80.9,1
bonus2,62.7,81.1,1
bonus2,62.7,81.3,1
bonus2,62.7,81.4,1
bonus2,62.7,81.5,1
bonus2,62.7,81.6,1
bonus2,62.7,81.8,1
bonus2,62.7,82.5,1
bonus2,62.7,82.9,1
bonus2,62.7,83.5,1
bonus2,62.7,83.8,1
bonus2,62.7,83.9,1
bonus2,62.7,84.4,1
bonus2,62.7,84.8,1
bonus2,62.7,85.1,1
bonus2,62.7,85.2,1
bonus2,62.7,85.6,2
bonus2,62.7,85.7,1
bonus2,62.7,86,1
bonus2,62.7,86.4,1
bonus2,62.7,86.5,1
bonus2,62.7,86.6,1
bonus2,62.7,86.7,2
bonus2,62.7,86.8,1
bonus2,62.7,87.1,1
bonus2,62.7,87.9,1
bonus2,62.7,88,1
bonus2,62.7,88.1,1
bonus2,62.7,88.2,1
bonus2,62.7,88.7,1
bonus2,62.7,88.8,1
bonus2,62.7,89.4,1
bonus2,62.7,89.7,2
bonus2,62.7,89.9,1
bonus2,62.7,90.2,1
bonus2,62.7,90.3,1
bonus2,62.7,90.4,2
bonus2,62.7,90.5,1
bonus2,62.7,90.7,2
bonus2,62.7,91.1,1
bonus2,62.7,91.2,2
bonus2,62.7,91.3,1
bonus2,62.7,91.7,1
bonus2,62.7,91.8,1
bonus2,62.7,92.1,3
bonus2,62.7,93,1
bonus2,62.7,93.4,1
bonus2,62.7,93.5,3
bonus2,62.7,94.3,1
bonus2,62.7,94.4,1
bonus2,62.7,94.5,1
bonus2,62.7,94.8,2
bonus2,62.7,94.9,1
bonus2,62.7,95,1
bonus2,62.7,95.5,2
bonus2,62.7,96,1
bonus2,62.7,96.1,1
bonus2,62.7,96.2,1
bonus2,62.7,96.3,1
bonus2,62.7,96.4,1
bonus2,62.7,96.6,1
bonus2,62.7,97,1
bonus2,62.7,97.6,1
bonus2,62.7,97.9,1
bonus2,62.7,98.4,1
bonus2,62.7,99.1,1
bonus2,62.7,99.3,2
bonus2,62.7,99.7,1
bonus2,62.7,99.8,1
bonus2,62.7,99.9,1
bonus2,66.9,0.1,1
bonus2,66.9,0.3,1
bonus2,66.9,0.5,1
bonus2,66.9,0.6,1
bonus2,66.9,1.6,1
bonus2,66.9,2.9,1
bonus2,66.9,3.8,1
bonus2,66.9,4.4,1
bonus2,66.9,7.1,1
bonus2,66.9,7.4,1
bonus2,66.9,7.5,1
bonus2,66.9,8.7,1
bonus2,66.9,9,1
bonus2,66.9,9.4,1
bonus2,66.9,9.6,1
bonus2,66.9,10.7,1
bonus2,66.9,10.9,1
bonus2,66.9,13,1
bonus2,66.9,15.9,1
bonus2,66.9,16,1
bonus2,66.9,16.6,1
bonus2,66.9,17.7,1
bonus2,66.9,18.9,1
bonus2,66.9,19.2,1
bonus2,66.9,20,1
bonus2,66.9,20.3,1
bonus2,66.9,20.5,1
bonus2,66.9,22.7,1
bonus2,66.9,23.8,1
bonus2,66.9,23.9,1
bonus2,66.9,24.3,1
bonus2,66.9,24.8,1
bonus2,66.9,26.9,1
bonus2,66.9,27.4,2
bonus2,66.9,27.6,1
bonus2,66.9,28.4,1
bonus2,66.9,29.1,1
bonus2,66.9,29.6,1
bonus2,66.9,29.7,1
bonus2,66.9,30.7,1
bonus2,66.9,31.1,1
bonus2,66.9,31.2,2
bonus2,66.9,31.5,1
bonus2,66.9,32.5,1
bonus2,66.9,33.4,1
bonus2,66.9,34.4,1
bonus2,66.9,34.9,1
bonus2,66.9,35.2,1
bonus2,66.9,35.3,1
bonus2,66.9,35.7,1
bonus2,66.9,36.1,1
bonus2,66.9,37.5,1
bonus2,66.9,38.3,1
bonus2,66.9,38.4,1
bonus2,66.9,39.3,1
bonus2,66.9,41.1,1
bonus2,66.9,41.2,1
bonus2,66.9,41.5,1
bonus2,66.9,41.6,1
bonus2,66.9,42.2,1
bonus2,66.9,42.8,1
bonus2,66.9,42.9,1
bonus2,66.9,43.6,1
bonus2,66.9,44.5,1
bonus2,66.9,45.7,1
bonus2,66.9,45.8,1
bonus2,66.9,45.9,1
bonus2,66.9,46.6,1
bonus2,66.9,47.1,1
bonus2,66.9,47.4,1
bonus2,66.9,47.6,1
bonus2,66.9,48,1
bonus2,66.9,48.2,1
bonus2,66.9,49,1
bonus2,66.9,50.2,1
bonus2,66.9,52.4,1
bonus2,66.9,52.6,1
bonus2,66.9,52.7,1
bonus2,66.9,52.8,1
bonus2,66.9,54.1,1
bonus2,66.9,55.2,1
bonus2,66.9,55.6,1
bonus2,66.9,56.3,2
bonus2,66.9,56.4,1
bonus2,66.9,57.3,1
bonus2,66.9,57.8,1
bonus2,66.9,58,1
bonus2,66.9,59.5,1
bonus2,66.9,60,1
bonus2,66.9,60.4,1
bonus2,66.9,60.5,1
bonus2,66.9,61,1
bonus2,66.9,61.5,1
bonus2,66.9,62.5,1
bonus2,66.9,63.3,1
bonus2,66.9,63.9,1
bonus2,66.9,65.5,1
bonus2,66.9,65.7,1
bonus2,66.9,66,2
bonus2,66.9,66.2,1
bonus2,66.9,66.5,1
bonus2,66.9,67,1
bonus2,66.9,67.4,1
bonus2,66.9,69.8,1
bonus2,66.9,70,2
bonus2,66.9,70.4,1
bonus2,66.9,71.3,1
bonus2,66.9,72.1,1
bonus2,66.9,72.5,1
bonus2,66.9,73.4,2
bonus2,66.9,74.4,1
bonus2,66.9,75.3,1
bonus2,66.9,76.3,1
bonus2,66.9,76.6,1
bonus2,66.9,76.7,1
bonus2,66.9,77.2,1
bonus2,66.9,77.6,1
bonus2,66.9,77.9,1
bonus2,66.9,78,1
bonus2,66.9,79.2,2
bonus2,66.9,79.5,1
bonus2,66.9,79.8,1
bonus2,66.9,80,1
bonus2,66.9,81.3,1
bonus2,66.9,82.6,1
bonus2,66.9,84,1
bonus2,66.9,84.6,1
bonus2,66.9,84.8,1
bonus2,66.9,86.2,1
bonus2,66.9,86.6,2
bonus2,66.9,87.7,1
bonus2,66.9,87.9,1
bonus2,66.9,88.2,1
bonus2,66.9,89.5,1
bonus2,66.9,91.6,1
bonus2,66.9,92.6,1
bonus2,66.9,93.2,1
bonus2,66.9,94.1,1
bonus2,66.9,96,2
bonus2,66.9,97.8,1
bonus2,66.9,97.9,1
bonus2,66.9,98.4,1
bonus2,66.9,98.6,1
bonus2,66.9,99.5,1
bonus2,70.6,0.3,1
bonus2,70.6,0.7,1
bonus2,70.6,0.9,1
bonus2,70.6,1,1
bonus2,70.6,1.6,1
bonus2,70.6,1.9,2
bonus2,70.6,2.5,2
bonus2,70.6,3.1,1
bonus2,70.6,3.2,1
bonus2,70.6,3.4,1
bonus2,70.6,3.6,1
bonus2,70.6,4,1
bonus2,70.6,4.5,1
bonus2,70.6,4.7,1
bonus2,70.6,4.8,2
bonus2,70.6,5.4,1
bonus2,70.6,5.7,1
bonus2,70.6,5.9,1
bonus2,70.6,6.1,2
bonus2,70.6,6.2,1
bonus2,70.6,6.4,1
bonus2,70.6,6.5,1
bonus2,70.6,6.7,1
bonus2,70.6,6.8,2
bonus2,70.6,7,1
bonus2,70.6,7.4,1
bonus2,70.6,7.6,1
bonus2,70.6,7.8,2
bonus2,70.6,7.9,1
bonus2,70.6,8.2,1
bonus2,70.6,8.4,1
bonus2,70.6,8.6,1
bonus2,70.6,9.1,1
bonus2,70.6,9.6,1
bonus2,70.6,9.8,1
bonus2,70.6,10,2
bonus2,70.6,10.2,1
bonus2,70.6,11.1,1
bonus2,70.6,11.2,1
bonus2,70.6,11.3,1
bonus2,70.6,11.6,1
bonus2,70.6,11.7,2
bonus2,70.6,11.8,1
bonus2,70.6,12.2,1
bonus2,70.6,12.3,1
bonus2,70.6,12.9,1
bonus2,70.6,13.2,1
bonus2,70.6,13.6,1
bonus2,70.6,14.1,2
bonus2,70.6,14.3,2
bonus2,70.6,14.4,3
bonus2,70.6,14.5,1
bonus2,70.6,14.8,1
bonus2,70.6,15.5,1
bonus2,70.6,15.6,1
bonus2,70.6,15.7,2
bonus2,70.6,15.8,1
bonus2,70.6,16.2,1
bonus2,70.6,16.8,2
bonus2,70.6,17,1
bonus2,70.6,17.1,1
bonus2,70.6,17.4,1
bonus2,70.6,17.5,1
bonus2,70.6,17.6,1
bonus2,70.6,17.8,2
bonus2,70.6,17.9,1
bonus2,70.6,18.1,1
bonus2,70.6,18.5,1
bonus2,70.6,18.7,1
bonus2,70.6,18.8,1
bonus2,70.6,19.1,1
bonus2,70.6,19.2,2
bonus2,70.6,20.1,1
bonus2,70.6,20.3,1
bonus2,70.6,20.8,3
bonus2,70.6,21,1
bonus2,70.6,21.3,1
bonus2,70.6,21.6,2
bonus2,70.6,22,1
bonus2,70.6,22.2,1
bonus2,70.6,22.3,1
bonus2,70.6,22.9,3
bonus2,70.6,23,2
bonus2,70.6,23.4,1
bonus2,70.6,23.6,2
bonus2,70.6,23.9,1
bonus2,70.6,24.2,1
bonus2,70.6,24.3,1
bonus2,70.6,24.6,1
bonus2,70.6,24.9,1
bonus2,70.6,25.2,1
bonus2,70.6,25.4,1
bonus2,70.6,26,2
bonus2,70.6,26.1,2
bonus2,70.6,26.2,1
bonus2,70.6,26.5,1
bonus2,70.6,26.9,1
bonus2,70.6,27.1,1
bonus2,70.6,27.5,1
bonus2,70.6,27.7,1
bonus2,70.6,28.1,1
bonus2,70.6,28.3,1
bonus2,70.6,28.4,2
bonus2,70.6,28.5,1
bonus2,70.6,29.1,2
bonus2,70.6,29.3,1
bonus2,70.6,29.4,1
bonus2,70.6,30,1
bonus2,70.6,30.1,1
bonus2,70.6,30.4,1
bonus2,70.6,30.6,1
bonus2,70.6,30.9,1
bonus2,70.6,31.5,1
bonus2,70.6,31.6,1
bonus2,70.6,31.7,2
bonus2,70.6,32.4,1
bonus2,70.6,32.7,1
bonus2,70.6,32.9,1
bonus2,70.6,33.2,4
bonus2,70.6,33.4,1
bonus2,70.6,33.7,1
bonus2,70.6,33.8,2
bonus2,70.6,33.9,1
bonus2,70.6,34,1
bonus2,70.6,34.1,1
bonus2,70.6,34.2,1
bonus2,70.6,34.4,1
bonus2,70.6,34.5,1
bonus2,70.6,34.7,1
bonus2,70.6,34.9,1
bonus2,70.6,35.7,1
bonus2,70.6,35.8,1
bonus2,70.6,35.9,1
bonus2,70.6,36.7,1
bonus2,70.6,37,2
bonus2,70.6,37.6,2
bonus2,70.6,37.7,1
bonus2,70.6,37.8,1
bonus2,70.6,38.3,1
bonus2,70.6,38.6,1
bonus2,70.6,38.8,1
bonus2,70.6,39.3,1
bonus2,70.6,39.4,1
bonus2,70.6,39.5,2
bonus2,70.6,39.6,1
bonus2,70.6,40,1
bonus2,70.6,40.1,1
bonus2,70.6,40.4,1
bonus2,70.6,40.5,1
bonus2,70.6,41.4,1
bonus2,70.6,41.7,1
bonus2,70.6,41.9,1
bonus2,70.6,42.1,1
bonus2,70.6,42.5,1
bonus2,70.6,43.4,1
bonus2,70.6,43.6,1
bonus2,70.6,43.8,1
bonus2,70.6,43.9,2
bonus2,70.6,44,1
bonus2,70.6,44.1,1
bonus2,70.6,44.4,1
bonus2,70.6,44.5,2
bonus2,70.6,44.9,1
bonus2,70.6,45.3,2
bonus2,70.6,45.5,1
bonus2,70.6,46.2,2
bonus2,70.6,46.5,2
bonus2,70.6,47.1,1
bonus2,70.6,47.3,3
bonus2,70.6,47.4,1
bonus2,70.6,47.5,1
bonus2,70.6,48.4,2
bonus2,70.6,48.6,1
bonus2,70.6,48.8,1
bonus2,70.6,49.5,1
bonus2,70.6,49.7,1
bonus2,70.6,49.9,1
bonus2,70.6,50.2,1
bonus2,70.6,50.3,1
bonus2,70.6,50.9,1
bonus2,70.6,52.3,3
bonus2,70.6,52.4,1
bonus2,70.6,52.6,2
bonus2,70.6,52.8,1
bonus2,70.6,53.2,2
bonus2,70.6,53.3,1
bonus2,70.6,53.4,1
bonus2,70.6,53.5,1
bonus2,70.6,53.8,2
bonus2,70.6,53.9,1
bonus2,70.6,54.1,1
bonus2,70.6,55.1,1
bonus2,70.6,55.5,1
bonus2,70.6,55.8,1
bonus2,70.6,56,1
bonus2,70.6,56.2,2
bonus2,70.6,56.7,2
bonus2,70.6,56.9,1
bonus2,70.6,58.4,2
bonus2,70.6,58.5,2
bonus2,70.6,58.6,2
bonus2,70.6,59.2,1
bonus2,70.6,59.7,1
bonus2,70.6,60.3,1
bonus2,70.6,60.5,1
bonus2,70.6,60.7,2
bonus2,70.6,61,1
bonus2,70.6,61.1,1
bonus2,70.6,61.6,1
bonus2,70.6,61.7,1
bonus2,70.6,61.8,1
bonus2,70.6,62.1,2
bonus2,70.6,62.4,1
bonus2,70.6,62.7,1
bonus2,70.6,62.8,1
bonus2,70.6,62.9,1
bonus2,70.6,63.1,1
bonus2,70.6,63.2,1
bonus2,70.6,63.5,1
bonus2,70.6,63.7,2
bonus2,70.6,64,1
bonus2,70.6,64.3,1
bonus2,70.6,64.6,2
bonus2,70.6,64.7,1
bonus2,70.6,64.8,1
bonus2,70.6,65.2,1
bonus2,70.6,65.8,1
bonus2,70.6,66,1
bonus2,70.6,66.1,2
bonus2,70.6,66.2,2
bonus2,70.6,66.5,1
bonus2,70.6,66.8,2
bonus2,70.6,66.9,1
bonus2,70.6,67,1
bonus2,70.6,67.1,2
bonus2,70.6,67.6,2
bonus2,70.6,67.8,1
bonus2,70.6,68,1
bonus2,70.6,68.3,1
bonus2,70.6,68.4,1
bonus2,70.6,68.8,1
bonus2,70.6,69,2
bonus2,70.6,69.7,1
bonus2,70.6,70.1,1
bonus2,70.6,70.5,1
bonus2,70.6,70.6,1
bonus2,70.6,70.8,1
bonus2,70.6,71.1,1
bonus2,70.6,71.2,1
bonus2,70.6,71.3,1
bonus2,70.6,72,1
bonus2,70.6,72.1,2
bonus2,70.6,72.5,1
bonus2,70.6,72.8,1
bonus2,70.6,72.9,2
bonus2,70.6,73.2,1
bonus2,70.6,73.3,1
bonus2,70.6,73.7,1
bonus2,70.6,74.6,1
bonus2,70.6,74.8,1
bonus2,70.6,74.9,1
bonus2,70.6,75.5,1
bonus2,70.6,76,2
bonus2,70.6,76.2,1
bonus2,70.6,76.3,1
bonus2,70.6,77.1,1
bonus2,70.6,77.2,1
bonus2,70.6,77.7,2
bonus2,70.6,77.9,1
bonus2,70.6,78.2,1
bonus2,70.6,78.3,1
bonus2,70.6,78.4,1
bonus2,70.6,78.6,1
bonus2,70.6,78.7,1
bonus2,70.6,79,2
bonus2,70.6,79.2,2
bonus2,70.6,79.3,1
bonus2,70.6,79.5,2
bonus2,70.6,79.6,1
bonus2,70.6,80,1
bonus2,70.6,80.1,1
bonus2,70.6,80.6,1
bonus2,70.6,80.7,1
bonus2,70.6,81,1
bonus2,70.6,81.1,1
bonus2,70.6,81.2,1
bonus2,70.6,81.4,1
bonus2,70.6,81.9,1
bonus2,70.6,82.1,1
bonus2,70.6,82.2,3
bonus2,70.6,82.4,1
bonus2,70.6,82.5,1
bonus2,70.6,82.6,1
bonus2,70.6,82.7,3
bonus2,70.6,82.9,2
bonus2,70.6,83,1
bonus2,70.6,83.3,1
bonus2,70.6,83.4,1
bonus2,70.6,83.5,1
bonus2,70.6,83.6,2
bonus2,70.6,85.2,1
bonus2,70.6,85.3,1
bonus2,70.6,85.5,1
bonus2,70.6,85.6,1
bonus2,70.6,85.8,2
bonus2,70.6,85.9,1
bonus2,70.6,86.2,1
bonus2,70.6,86.8,1
bonus2,70.6,86.9,1
bonus2,70.6,87.2,2
bonus2,70.6,87.5,2
bonus2,70.6,87.6,1
bonus2,70.6,88.2,1
bonus2,70.6,88.7,1
bonus2,70.6,89.2,1
bonus2,70.6,89.5,2
bonus2,70.6,90.3,1
bonus2,70.6,90.6,1
bonus2,70.6,90.7,2
bonus2,70.6,91,3
bonus2,70.6,91.4,1
bonus2,70.6,91.7,2
bonus2,70.6,91.8,1
bonus2,70.6,91.9,1
bonus2,70.6,92,1
bonus2,70.6,92.4,1
bonus2,70.6,92.7,1
bonus2,70.6,93.1,2
bonus2,70.6,93.3,2
bonus2,70.6,93.6,1
bonus2,70.6,94.5,2
bonus2,70.6,94.6,1
bonus2,70.6,94.7,1
bonus2,70.6,95.1,1
bonus2,70.6,95.2,2
bonus2,70.6,95.6,1
bonus2,70.6,95.8,1
bonus2,70.6,96.5,1
bonus2,70.6,96.6,2
bonus2,70.6,97,1
bonus2,70.6,97.4,1
bonus2,70.6,97.8,1
bonus2,70.6,97.9,1
bonus2,70.6,98.2,1
bonus2,70.6,98.3,1
bonus2,70.6,98.6,1
bonus2,70.6,99.8,1
bonus2,74,1.5,1
bonus2,74,3.1,1
bonus2,74,4.9,1
bonus2,74,5,1
bonus2,74,5.3,1
bonus2,74,6.6,1
bonus2,74,9,1
bonus2,74,10.1,1
bonus2,74,11.4,1
bonus2,74,11.5,1
bonus2,74,12.1,1
bonus2,74,14.8,1
bonus2,74,17.4,1
bonus2,74,18.2,1
bonus2,74,20.4,1
bonus2,74,21.8,1
bonus2,74,24.1,1
bonus2,74,25.5,1
bonus2,74,26.8,1
bonus2,74,27,1
bonus2,74,28.9,2
bonus2,74,29,1
bonus2,74,30,1
bonus2,74,31,1
bonus2,74,31.4,2
bonus2,74,32.2,1
bonus2,74,32.7,1
bonus2,74,32.9,1
bonus2,74,33.5,1
bonus2,74,34,1
bonus2,74,34.9,1
bonus2,74,36.7,1
bonus2,74,37.3,1
bonus2,74,38.5,1
bonus2,74,43.3,1
bonus2,74,43.4,1
bonus2,74,43.9,1
bonus2,74,45.2,1
bonus2,74,45.6,1
bonus2,74,46.4,1
bonus2,74,50.2,1
bonus2,74,51.1,1
bonus2,74,52.8,1
bonus2,74,53.4,1
bonus2,74,53.5,1
bonus2,74,54.2,1
bonus2,74,54.5,2
bonus2,74,55.3,1
bonus2,74,55.6,1
bonus2,74,56.3,1
bonus2,74,56.9,1
bonus2,74,57.8,1
bonus2,74,58.5,1
bonus2,74,60.9,1
bonus2,74,63.4,1
bonus2,74,68.6,1
bonus2,74,68.7,2
bonus2,74,68.8,1
bonus2,74,69.2,1
bonus2,74,70,1
bonus2,74,70.5,1
bonus2,74,73,1
bonus2,74,73.3,1
bonus2,74,73.8,1
bonus2,74,74.7,1
bonus2,74,74.8,1
bonus2,74,75.8,1
bonus2,74,76.9,1
bonus2,74,77.3,1
bonus2,74,77.7,1
bonus2,74,77.9,1
bonus2,74,79.1,1
bonus2,74,79.2,1
bonus2,74,79.4,1
bonus2,74,79.7,1
bonus2,74,80,1
bonus2,74,80.2,1
bonus2,74,80.4,1
bonus2,74,80.9,1
bonus2,74,81.7,1
bonus2,74,82.2,1
bonus2,74,83.3,1
bonus2,74,84.7,1
bonus2,74,85.1,1
bonus2,74,87.8,1
bonus2,74,88,1
bonus2,74,90.9,1
bonus2,74,92.7,1
bonus2,74,93.2,1
bonus2,74,94.4,1
bonus2,74,95.7,1
bonus2,74,96,1
bonus2,74,96.1,1
bonus2,74,97.2,1
bonus2,74,98,1
bonus2,77.4,0,1
bonus2,77.4,0.1,3
bonus2,77.4,0.3,1
bonus2,77.4,0.5,1
bonus2,77.4,0.8,1
bonus2,77.4,0.9,1
bonus2,77.4,1,1
bonus2,77.4,1.4,1
bonus2,77.4,1.5,1
bonus2,77.4,1.6,2
bonus2,77.4,2,1
bonus2,77.4,2.1,1
bonus2,77.4,2.3,1
bonus2,77.4,2.8,2
bonus2,77.4,3,1
bonus2,77.4,3.1,1
bonus2,77.4,3.8,1
bonus2,77.4,4,1
bonus2,77.4,4.3,1
bonus2,77.4,4.7,1
bonus2,77.4,5.1,3
bonus2,77.4,5.3,2
bonus2,77.4,5.4,1
bonus2,77.4,5.6,1
bonus2,77.4,5.8,2
bonus2,77.4,6.2,1
bonus2,77.4,6.3,1
bonus2,77.4,6.4,1
bonus2,77.4,6.5,2
bonus2,77.4,6.6,1
bonus2,77.4,6.8,1
bonus2,77.4,7.1,1
bonus2,77.4,7.7,1
bonus2,77.4,8,2
bonus2,77.4,8.1,1
bonus2,77.4,8.8,1
bonus2,77.4,9,1
bonus2,77.4,9.1,1
bonus2,77.4,10.3,1
bonus2,77.4,10.5,1
bonus2,77.4,10.8,1
bonus2,77.4,10.9,1
bonus2,77.4,11.4,1
bonus2,77.4,11.6,1
bonus2,77.4,11.7,1
bonus2,77.4,11.8,2
bonus2,77.4,12,1
bonus2,77.4,12.1,1
bonus2,77.4,12.3,1
bonus2,77.4,13,1
bonus2,77.4,13.3,1
bonus2,77.4,13.4,1
bonus2,77.4,14,1
bonus2,77.4,14.1,2
bonus2,77.4,14.4,2
bonus2,77.4,14.7,1
bonus2,77.4,15,1
bonus2,77.4,15.1,2
bonus2,77.4,15.2,1
bonus2,77.4,15.7,1
bonus2,77.4,15.8,1
bonus2,77.4,16.4,1
bonus2,77.4,16.5,1
bonus2,77.4,16.7,1
bonus2,77.4,17,1
bonus2,77.4,17.1,1
bonus2,77.4,17.4,1
bonus2,77.4,17.6,1
bonus2,77.4,17.8,1
bonus2,77.4,17.9,1
bonus2,77.4,18,1
bonus2,77.4,18.4,1
bonus2,77.4,18.9,1
bonus2,77.4,19.1,1
bonus2,77.4,19.2,1
bonus2,77.4,19.3,1
bonus2,77.4,20,1
bonus2,77.4,20.5,1
bonus2,77.4,21.1,1
bonus2,77.4,21.2,1
bonus2,77.4,21.3,1
bonus2,77.4,21.6,2
bonus2,77.4,22,1
bonus2,77.4,22.1,1
bonus2,77.4,22.2,1
bonus2,77.4,22.7,1
bonus2,77.4,22.8,2
bonus2,77.4,23.6,1
bonus2,77.4,23.7,2
bonus2,77.4,23.8,2
bonus2,77.4,24.3,1
bonus2,77.4,24.4,2
bonus2,77.4,24.5,1
bonus2,77.4,24.6,2
bonus2,77.4,24.7,1
bonus2,77.4,24.9,1
bonus2,77.4,25.6,1
bonus2,77.4,25.8,1
bonus2,77.4,26.6,1
bonus2,77.4,27.2,1
bonus2,77.4,27.3,1
bonus2,77.4,27.6,1
bonus2,77.4,27.7,1
bonus2,77.4,27.8,1
bonus2,77.4,27.9,2
bonus2,77.4,28,1
bonus2,77.4,28.2,1
bonus2,77.4,28.3,1
bonus2,77.4,28.4,2
bonus2,77.4,28.7,1
bonus2,77.4,28.8,2
bonus2,77.4,28.9,1
bonus2,77.4,29.2,1
bonus2,77.4,29.3,1
bonus2,77.4,29.4,2
bonus2,77.4,29.5,2
bonus2,77.4,29.6,1
bonus2,77.4,29.8,1
bonus2,77.4,30.2,1
bonus2,77.4,30.4,1
bonus2,77.4,30.5,1
bonus2,77.4,31.1,1
bonus2,77.4,31.8,1
bonus2,77.4,31.9,1
bonus2,77.4,32.3,1
bonus2,77.4,32.8,1
bonus2,77.4,33,1
bonus2,77.4,33.7,2
bonus2,77.4,33.9,1
bonus2,77.4,34,1
bonus2,77.4,34.2,1
bonus2,77.4,34.4,1
bonus2,77.4,34.5,2
bonus2,77.4,34.6,1
bonus2,77.4,34.7,1
bonus2,77.4,34.9,1
bonus2,77.4,35,1
bonus2,77.4,35.1,1
bonus2,77.4,35.8,1
bonus2,77.4,36.6,1
bonus2,77.4,36.7,1
bonus2,77.4,36.8,1
bonus2,77.4,37,1
bonus2,77.4,37.2,1
bonus2,77.4,37.3,1
bonus2,77.4,37.4,1
bonus2,77.4,37.7,1
bonus2,77.4,38.2,1
bonus2,77.4,38.3,2
bonus2,77.4,39.1,1
bonus2,77.4,39.3,1
bonus2,77.4,39.5,1
bonus2,77.4,39.6,1
bonus2,77.4,39.9,1
bonus2,77.4,40.2,1
bonus2,77.4,40.4,1
bonus2,77.4,40.5,1
bonus2,77.4,40.6,1
bonus2,77.4,40.9,1
bonus2,77.4,41.3,2
bonus2,77.4,42.1,1
bonus2,77.4,42.5,1
bonus2,77.4,42.8,1
bonus2,77.4,43.1,1
bonus2,77.4,43.2,1
bonus2,77.4,43.6,1
bonus2,77.4,43.7,2
bonus2,77.4,44,1
bonus2,77.4,44.5,1
bonus2,77.4,44.7,1
bonus2,77.4,44.8,1
bonus2,77.4,44.9,1
bonus2,77.4,45,1
bonus2,77.4,45.3,2
bonus2,77.4,45.6,1
bonus2,77.4,45.9,1
bonus2,77.4,46.1,1
bonus2,77.4,46.7,1
bonus2,77.4,46.8,2
bonus2,77.4,46.9,1
bonus2,77.4,47,1
bonus2,77.4,47.2,1
bonus2,77.4,47.5,1
bonus2,77.4,47.7,1
bonus2,77.4,47.8,1
bonus2,77.4,48.3,1
bonus2,77.4,48.4,1
bonus2,77.4,48.6,1
bonus2,77.4,48.7,1
bonus2,77.4,48.9,2
bonus2,77.4,49.1,1
bonus2,77.4,49.5,2
bonus2,77.4,50,1
bonus2,77.4,50.1,1
bonus2,77.4,50.3,1
bonus2,77.4,50.4,1
bonus2,77.4,50.7,1
bonus2,77.4,50.8,2
bonus2,77.4,51,2
bonus2,77.4,51.2,2
bonus2,77.4,51.4,1
bonus2,77.4,51.8,1
bonus2,77.4,52.4,1
bonus2,77.4,52.5,2
bonus2,77.4,52.6,1
bonus2,77.4,52.9,1
bonus2,77.4,53,1
bonus2,77.4,53.2,1
bonus2,77.4,53.3,1
bonus2,77.4,53.7,1
bonus2,77.4,53.8,1
bonus2,77.4,54,1
bonus2,77.4,54.4,1
bonus2,77.4,54.5,2
bonus2,77.4,54.6,1
bonus2,77.4,54.8,1
bonus2,77.4,55,2
bonus2,77.4,55.2,1
bonus2,77.4,55.4,2
bonus2,77.4,55.8,2
bonus2,77.4,55.9,1
bonus2,77.4,56.1,1
bonus2,77.4,56.6,1
bonus2,77.4,56.7,1
bonus2,77.4,56.9,1
bonus2,77.4,57.1,1
bonus2,77.4,57.4,3
bonus2,77.4,58,1
bonus2,77.4,58.1,1
bonus2,77.4,58.5,1
bonus2,77.4,58.6,1
bonus2,77.4,59,1
bonus2,77.4,59.6,1
bonus2,77.4,60.7,1
bonus2,77.4,61,1
bonus2,77.4,61.5,1
bonus2,77.4,61.8,1
bonus2,77.4,61.9,2
bonus2,77.4,62.1,1
bonus2,77.4,62.4,1
bonus2,77.4,62.7,1
bonus2,77.4,63,1
bonus2,77.4,63.1,1
bonus2,77.4,63.4,1
bonus2,77.4,63.6,1
bonus2,77.4,64.7,1
bonus2,77.4,65.6,1
bonus2,77.4,66,1
bonus2,77.4,67,1
bonus2,77.4,67.1,1
bonus2,77.4,67.2,1
bonus2,77.4,67.8,1
bonus2,77.4,68.1,1
bonus2,77.4,68.2,2
bonus2,77.4,68.3,1
bonus2,77.4,68.4,2
bonus2,77.4,68.7,3
bonus2,77.4,69,1
bonus2,77.4,69.2,1
bonus2,77.4,69.5,1
bonus2,77.4,69.6,1
bonus2,77.4,69.7,1
bonus2,77.4,69.9,2
bonus2,77.4,70,1
bonus2,77.4,70.3,1
bonus2,77.4,70.5,1
bonus2,77.4,70.7,1
bonus2,77.4,70.8,1
bonus2,77.4,71.4,1
bonus2,77.4,71.6,2
bonus2,77.4,71.7,1
bonus2,77.4,71.8,1
bonus2,77.4,71.9,1
bonus2,77.4,72,1
bonus2,77.4,72.7,1
bonus2,77.4,72.8,1
bonus2,77.4,73,1
bonus2,77.4,73.1,1
bonus2,77.4,73.2,2
bonus2,77.4,73.9,1
bonus2,77.4,74,1
bonus2,77.4,74.5,2
bonus2,77.4,74.7,1
bonus2,77.4,74.9,2
bonus2,77.4,75,1
bonus2,77.4,75.1,1
bonus2,77.4,75.4,1
bonus2,77.4,75.7,2
bonus2,77.4,76,1
bonus2,77.4,76.2,1
bonus2,77.4,76.4,1
bonus2,77.4,76.5,1
bonus2,77.4,76.8,1
bonus2,77.4,76.9,2
bonus2,77.4,77.1,1
bonus2,77.4,77.3,1
bonus2,77.4,77.5,1
bonus2,77.4,78.1,2
bonus2,77.4,78.2,1
bonus2,77.4,78.3,1
bonus2,77.4,78.4,1
bonus2,77.4,78.8,1
bonus2,77.4,79.1,2
bonus2,77.4,79.4,1
bonus2,77.4,80.3,1
bonus2,77.4,81,1
bonus2,77.4,81.3,1
bonus2,77.4,81.4,1
bonus2,77.4,81.6,1
bonus2,77.4,81.8,2
bonus2,77.4,82.4,3
bonus2,77.4,83.7,1
bonus2,77.4,83.8,1
bonus2,77.4,84.2,2
bonus2,77.4,84.6,1
bonus2,77.4,85,1
bonus2,77.4,85.2,1
bonus2,77.4,85.4,2
bonus2,77.4,85.6,1
bonus2,77.4,86.2,2
bonus2,77.4,86.5,1
bonus2,77.4,86.7,1
bonus2,77.4,87,1
bonus2,77.4,87.5,2
bonus2,77.4,87.6,1
bonus2,77.4,88,1
bonus2,77.4,88.3,1
bonus2,77.4,88.5,1
bonus2,77.4,89,1
bonus2,77.4,89.1,1
bonus2,77.4,89.9,1
bonus2,77.4,90,1
bonus2,77.4,90.2,1
bonus2,77.4,90.6,1
bonus2,77.4,90.8,1
bonus2,77.4,91.1,1
bonus2,77.4,91.3,2
bonus2,77.4,91.6,2
bonus2,77.4,91.9,2
bonus2,77.4,92,1
bonus2,77.4,92.3,1
bonus2,77.4,92.8,2
bonus2,77.4,93,2
bonus2,77.4,93.2,1
bonus2,77.4,93.3,1
bonus2,77.4,93.7,2
bonus2,77.4,94.1,1
bonus2,77.4,94.2,2
bonus2,77.4,94.3,1
bonus2,77.4,94.6,2
bonus2,77.4,95.1,1
bonus2,77.4,95.4,2
bonus2,77.4,95.5,1
bonus2,77.4,96.8,2
bonus2,77.4,96.9,1
bonus2,77.4,97,1
bonus2,77.4,97.3,1
bonus2,77.4,97.4,1
bonus2,77.4,97.5,2
bonus2,77.4,97.6,1
bonus2,77.4,97.7,1
bonus2,77.4,98.3,2
bonus2,77.4,98.9,1
bonus2,77.4,99.1,1
bonus2,77.4,99.2,1
bonus2,77.4,99.3,1
bonus2,77.4,99.6,1
bonus2,77.4,99.9,2
bonus2,80.3,2.9,1
bonus2,80.3,12.5,1
bonus2,80.3,14,1
bonus2,80.3,23.2,1
bonus2,80.3,24.1,1
bonus2,80.3,24.7,1
bonus2,80.3,37.1,1
bonus2,80.3,42.5,1
bonus2,80.3,49.4,1
bonus2,80.3,59.6,1
bonus2,80.3,60.7,1
bonus2,80.3,70.5,1
bonus2,80.3,71.2,1
bonus2,80.3,75.9,1
bonus2,80.3,77.6,1
bonus2,80.3,86.5,1
bonus2,80.3,87.9,1
bonus2,80.3,89.3,1
bonus2,83.3,0.2,2
bonus2,83.3,0.5,2
bonus2,83.3,0.8,1
bonus2,83.3,1,1
bonus2,83.3,1.3,1
bonus2,83.3,1.6,1
bonus2,83.3,1.7,1
bonus2,83.3,1.8,1
bonus2,83.3,2.1,1
bonus2,83.3,3.3,1
bonus2,83.3,3.7,2
bonus2,83.3,3.8,1
bonus2,83.3,4.2,2
bonus2,83.3,4.7,1
bonus2,83.3,5.2,1
bonus2,83.3,5.5,1
bonus2,83.3,5.7,1
bonus2,83.3,5.9,1
bonus2,83.3,6,1
bonus2,83.3,6.2,1
bonus2,83.3,6.3,2
bonus2,83.3,6.7,2
bonus2,83.3,7.2,1
bonus2,83.3,7.6,1
bonus2,83.3,8,1
bonus2,83.3,8.5,1
bonus2,83.3,8.7,1
bonus2,83.3,9.1,1
bonus2,83.3,9.3,1
bonus2,83.3,9.5,2
bonus2,83.3,9.6,1
bonus2,83.3,9.9,2
bonus2,83.3,10.1,3
bonus2,83.3,10.2,1
bonus2,83.3,10.4,1
bonus2,83.3,10.7,2
bonus2,83.3,11,2
bonus2,83.3,11.1,1
bonus2,83.3,11.2,1
bonus2,83.3,11.6,1
bonus2,83.3,11.9,2
bonus2,83.3,12,1
bonus2,83.3,12.2,2
bonus2,83.3,12.3,1
bonus2,83.3,12.4,1
bonus2,83.3,13.5,2
bonus2,83.3,13.6,1
bonus2,83.3,13.7,1
bonus2,83.3,13.8,1
bonus2,83.3,14,1
bonus2,83.3,14.4,1
bonus2,83.3,14.6,1
bonus2,83.3,14.8,1
bonus2,83.3,14.9,1
bonus2,83.3,15.1,1
bonus2,83.3,15.4,1
bonus2,83.3,16.1,1
bonus2,83.3,16.4,1
bonus2,83.3,16.9,1
bonus2,83.3,17.4,1
bonus2,83.3,17.7,1
bonus2,83.3,17.8,2
bonus2,83.3,18,1
bonus2,83.3,18.1,1
bonus2,83.3,18.4,1
bonus2,83.3,18.5,2
bonus2,83.3,19,1
bonus2,83.3,19.2,1
bonus2,83.3,19.4,1
bonus2,83.3,19.5,1
bonus2,83.3,19.7,2
bonus2,83.3,19.8,1
bonus2,83.3,19.9,1
bonus2,83.3,20.2,1
bonus2,83.3,20.4,1
bonus2,83.3,21.4,1
bonus2,83.3,23.2,1
bonus2,83.3,23.3,1
bonus2,83.3,23.4,2
bonus2,83.3,23.5,1
bonus2,83.3,23.8,1
bonus2,83.3,24.8,1
bonus2,83.3,24.9,1
bonus2,83.3,25.4,1
bonus2,83.3,25.8,1
bonus2,83.3,25.9,1
bonus2,83.3,26.1,1
bonus2,83.3,26.3,1
bonus2,83.3,26.6,1
bonus2,83.3,26.8,1
bonus2,83.3,26.9,2
bonus2,83.3,27,1
bonus2,83.3,27.1,1
bonus2,83.3,27.2,1
bonus2,83.3,27.5,1
bonus2,83.3,27.8,1
bonus2,83.3,28,1
bonus2,83.3,28.5,2
bonus2,83.3,28.6,1
bonus2,83.3,29.2,1
bonus2,83.3,29.5,1
bonus2,83.3,29.6,1
bonus2,83.3,29.7,1
bonus2,83.3,30,1
bonus2,83.3,30.2,1
bonus2,83.3,30.3,2
bonus2,83.3,30.8,1
bonus2,83.3,31.1,1
bonus2,83.3,31.3,1
bonus2,83.3,31.4,1
bonus2,83.3,31.6,1
bonus2,83.3,31.7,1
bonus2,83.3,32.1,1
bonus2,83.3,32.5,1
bonus2,83.3,32.6,1
bonus2,83.3,32.7,1
bonus2,83.3,33.1,1
bonus2,83.3,33.3,1
bonus2,83.3,33.5,1
bonus2,83.3,33.6,1
bonus2,83.3,33.8,1
bonus2,83.3,34,2
bonus2,83.3,34.1,1
bonus2,83.3,34.7,1
bonus2,83.3,34.8,1
bonus2,83.3,35.3,1
bonus2,83.3,35.4,1
bonus2,83.3,36,1
bonus2,83.3,36.1,1
bonus2,83.3,36.3,1
bonus2,83.3,36.4,1
bonus2,83.3,36.6,1
bonus2,83.3,36.9,2
bonus2,83.3,37.5,1
bonus2,83.3,37.6,1
bonus2,83.3,37.8,1
bonus2,83.3,38.3,1
bonus2,83.3,38.4,1
bonus2,83.3,38.7,1
bonus2,83.3,38.9,1
bonus2,83.3,39,1
bonus2,83.3,39.3,1
bonus2,83.3,39.4,1
bonus2,83.3,39.7,1
bonus2,83.3,39.8,1
bonus2,83.3,40,1
bonus2,83.3,40.1,1
bonus2,83.3,40.6,1
bonus2,83.3,40.7,1
bonus2,83.3,40.8,1
bonus2,83.3,41,1
bonus2,83.3,41.1,1
bonus2,83.3,41.3,1
bonus2,83.3,41.7,2
bonus2,83.3,41.8,1
bonus2,83.3,41.9,1
bonus2,83.3,42,2
bonus2,83.3,42.1,2
bonus2,83.3,42.4,1
bonus2,83.3,42.5,1
bonus2,83.3,42.7,1
bonus2,83.3,43.4,1
bonus2,83.3,43.5,1
bonus2,83.3,44.1,2
bonus2,83.3,44.2,1
bonus2,83.3,44.4,1
bonus2,83.3,44.5,1
bonus2,83.3,44.7,1
bonus2,83.3,44.9,3
bonus2,83.3,45.2,1
bonus2,83.3,45.6,1
bonus2,83.3,45.7,2
bonus2,83.3,45.9,2
bonus2,83.3,46.1,1
bonus2,83.3,46.5,1
bonus2,83.3,46.6,1
bonus2,83.3,47,1
bonus2,83.3,47.3,1
bonus2,83.3,47.5,2
bonus2,83.3,47.8,2
bonus2,83.3,47.9,1
bonus2,83.3,48,1
bonus2,83.3,48.7,2
bonus2,83.3,49,1
bonus2,83.3,49.2,1
bonus2,83.3,49.4,2
bonus2,83.3,49.6,1
bonus2,83.3,50.1,1
bonus2,83.3,50.2,1
bonus2,83.3,50.4,1
bonus2,83.3,50.6,2
bonus2,83.3,50.8,2
bonus2,83.3,51.5,1
bonus2,83.3,51.7,1
bonus2,83.3,51.9,1
bonus2,83.3,52.3,1
bonus2,83.3,52.5,1
bonus2,83.3,52.6,2
bonus2,83.3,52.8,1
bonus2,83.3,52.9,1
bonus2,83.3,53.4,1
bonus2,83.3,53.7,1
bonus2,83.3,53.9,1
bonus2,83.3,54,1
bonus2,83.3,54.4,1
bonus2,83.3,54.6,1
bonus2,83.3,54.8,2
bonus2,83.3,55.1,2
bonus2,83.3,55.4,1
bonus2,83.3,55.5,1
bonus2,83.3,55.6,1
bonus2,83.3,55.9,1
bonus2,83.3,56.3,1
bonus2,83.3,56.6,3
bonus2,83.3,56.7,1
bonus2,83.3,56.8,1
bonus2,83.3,58.3,1
bonus2,83.3,58.7,1
bonus2,83.3,59,1
bonus2,83.3,59.4,1
bonus2,83.3,59.7,1
bonus2,83.3,59.8,1
bonus2,83.3,60.1,1
bonus2,83.3,60.2,1
bonus2,83.3,60.4,1
bonus2,83.3,60.5,1
bonus2,83.3,60.8,2
bonus2,83.3,61,1
bonus2,83.3,61.6,1
bonus2,83.3,61.7,1
bonus2,83.3,63,1
bonus2,83.3,63.2,1
bonus2,83.3,63.8,1
bonus2,83.3,63.9,1
bonus2,83.3,64.4,1
bonus2,83.3,64.6,1
bonus2,83.3,65,2
bonus2,83.3,65.3,3
bonus2,83.3,65.7,2
bonus2,83.3,66.1,1
bonus2,83.3,66.3,1
bonus2,83.3,66.8,1
bonus2,83.3,67.1,1
bonus2,83.3,67.6,1
bonus2,83.3,68,1
bonus2,83.3,68.1,1
bonus2,83.3,68.4,1
bonus2,83.3,68.5,2
bonus2,83.3,68.8,1
bonus2,83.3,68.9,2
bonus2,83.3,69,1
bonus2,83.3,69.2,1
bonus2,83.3,69.3,2
bonus2,83.3,69.4,2
bonus2,83.3,69.8,2
bonus2,83.3,70.1,1
bonus2,83.3,70.3,1
bonus2,83.3,70.5,1
bonus2,83.3,70.6,2
bonus2,83.3,70.7,2
bonus2,83.3,70.9,1
bonus2,83.3,71,2
bonus2,83.3,71.1,1
bonus2,83.3,71.3,1
bonus2,83.3,71.4,1
bonus2,83.3,71.6,1
bonus2,83.3,71.7,2
bonus2,83.3,71.8,1
bonus2,83.3,71.9,1
bonus2,83.3,72.4,1
bonus2,83.3,72.7,1
bonus2,83.3,72.8,2
bonus2,83.3,73.3,1
bonus2,83.3,73.4,1
bonus2,83.3,73.5,1
bonus2,83.3,73.6,2
bonus2,83.3,73.7,1
bonus2,83.3,73.9,1
bonus2,83.3,74.2,1
bonus2,83.3,74.4,1
bonus2,83.3,75.1,1
bonus2,83.3,75.3,1
bonus2,83.3,75.5,1
bonus2,83.3,75.9,1
bonus2,83.3,76,1
bonus2,83.3,76.1,1
bonus2,83.3,76.5,1
bonus2,83.3,76.6,1
bonus2,83.3,76.7,1
bonus2,83.3,77.1,1
bonus2,83.3,77.2,1
bonus2,83.3,77.4,2
bonus2,83.3,77.7,1
bonus2,83.3,77.8,1
bonus2,83.3,78.2,1
bonus2,83.3,78.6,1
bonus2,83.3,78.8,1
bonus2,83.3,79,1
bonus2,83.3,79.4,1
bonus2,83.3,79.6,1
bonus2,83.3,79.8,1
bonus2,83.3,80.1,1
bonus2,83.3,80.5,1
bonus2,83.3,80.6,1
bonus2,83.3,81,1
bonus2,83.3,81.2,2
bonus2,83.3,81.3,1
bonus2,83.3,82.1,1
bonus2,83.3,82.2,1
bonus2,83.3,82.3,1
bonus2,83.3,82.4,1
bonus2,83.3,82.8,1
bonus2,83.3,83,1
bonus2,83.3,83.2,1
bonus2,83.3,83.3,2
bonus2,83.3,83.5,2
bonus2,83.3,83.6,1
bonus2,83.3,84,1
bonus2,83.3,84.2,1
bonus2,83.3,84.3,2
bonus2,83.3,84.7,1
bonus2,83.3,85.2,1
bonus2,83.3,85.6,1
bonus2,83.3,85.9,1
bonus2,83.3,86.1,1
bonus2,83.3,86.2,1
bonus2,83.3,86.7,1
bonus2,83.3,86.8,1
bonus2,83.3,87,1
bonus2,83.3,87.2,1
bonus2,83.3,87.3,2
bonus2,83.3,87.6,1
bonus2,83.3,87.7,1
bonus2,83.3,87.8,2
bonus2,83.3,88,1
bonus2,83.3,88.1,2
bonus2,83.3,88.2,1
bonus2,83.3,88.4,3
bonus2,83.3,88.5,1
bonus2,83.3,88.6,1
bonus2,83.3,88.7,2
bonus2,83.3,88.8,1
bonus2,83.3,88.9,2
bonus2,83.3,89,2
bonus2,83.3,89.2,2
bonus2,83.3,89.4,1
bonus2,83.3,89.6,1
bonus2,83.3,89.8,1
bonus2,83.3,89.9,2
bonus2,83.3,90,1
bonus2,83.3,90.1,2
bonus2,83.3,90.2,1
bonus2,83.3,90.8,1
bonus2,83.3,91,1
bonus2,83.3,91.2,1
bonus2,83.3,91.4,1
bonus2,83.3,91.5,1
bonus2,83.3,91.7,1
bonus2,83.3,92.3,1
bonus2,83.3,92.5,1
bonus2,83.3,92.6,1
bonus2,83.3,92.9,1
bonus2,83.3,93.2,1
bonus2,83.3,93.3,1
bonus2,83.3,93.4,1
bonus2,83.3,93.5,1
bonus2,83.3,93.7,1
bonus2,83.3,93.9,1
bonus2,83.3,94,2
bonus2,83.3,94.3,1
bonus2,83.3,94.5,1
bonus2,83.3,94.9,1
bonus2,83.3,95,2
bonus2,83.3,95.2,2
bonus2,83.3,95.6,2
bonus2,83.3,95.7,1
bonus2,83.3,96.1,1
bonus2,83.3,96.3,2
bonus2,83.3,98.2,1
bonus2,83.3,98.5,1
bonus2,83.3,98.6,1
bonus2,83.3,99.3,1
bonus2,83.3,99.5,1
bonus2,83.3,99.7,1
bonus2,83.3,100,1
bonus2,88.9,0.1,1
bonus2,88.9,0.2,1
bonus2,88.9,0.4,1
bonus2,88.9,0.7,1
bonus2,88.9,1.1,2
bonus2,88.9,1.4,1
bonus2,88.9,1.6,1
bonus2,88.9,1.9,1
bonus2,88.9,2.1,1
bonus2,88.9,2.3,1
bonus2,88.9,2.4,2
bonus2,88.9,2.6,1
bonus2,88.9,2.8,1
bonus2,88.9,3.8,1
bonus2,88.9,4,1
bonus2,88.9,4.2,1
bonus2,88.9,4.4,1
bonus2,88.9,4.8,1
bonus2,88.9,5.1,2
bonus2,88.9,5.5,1
bonus2,88.9,5.6,1
bonus2,88.9,5.9,1
bonus2,88.9,6,1
bonus2,88.9,6.2,1
bonus2,88.9,6.3,1
bonus2,88.9,6.9,1
bonus2,88.9,7.1,1
bonus2,88.9,7.3,1
bonus2,88.9,8.2,2
bonus2,88.9,8.5,1
bonus2,88.9,8.6,1
bonus2,88.9,9.2,1
bonus2,88.9,9.7,2
bonus2,88.9,10,1
bonus2,88.9,10.1,1
bonus2,88.9,10.2,2
bonus2,88.9,10.3,1
bonus2,88.9,11.5,1
bonus2,88.9,11.8,1
bonus2,88.9,11.9,1
bonus2,88.9,13.3,1
bonus2,88.9,13.4,1
bonus2,88.9,13.5,1
bonus2,88.9,13.7,1
bonus2,88.9,14.1,1
bonus2,88.9,14.2,1
bonus2,88.9,14.9,2
bonus2,88.9,15.1,2
bonus2,88.9,15.3,1
bonus2,88.9,15.4,2
bonus2,88.9,15.5,1
bonus2,88.9,16.2,1
bonus2,88.9,16.3,2
bonus2,88.9,17.2,1
bonus2,88.9,17.9,1
bonus2,88.9,18,1
bonus2,88.9,18.3,1
bonus2,88.9,18.6,1
bonus2,88.9,19.4,1
bonus2,88.9,19.6,1
bonus2,88.9,19.7,1
bonus2,88.9,19.9,1
bonus2,88.9,20.1,1
bonus2,88.9,20.4,1
bonus2,88.9,20.6,2
bonus2,88.9,20.7,2
bonus2,88.9,20.9,1
bonus2,88.9,21,1
bonus2,88.9,21.2,2
bonus2,88.9,21.4,1
bonus2,88.9,21.8,1
bonus2,88.9,21.9,1
bonus2,88.9,22.3,1
bonus2,88.9,22.5,1
bonus2,88.9,22.9,1
bonus2,88.9,23.1,1
bonus2,88.9,24,1
bonus2,88.9,24.9,2
bonus2,88.9,25.3,1
bonus2,88.9,25.5,1
bonus2,88.9,25.9,2
bonus2,88.9,26,1
bonus2,88.9,26.1,1
bonus2,88.9,26.2,1
bonus2,88.9,26.7,1
bonus2,88.9,26.8,1
bonus2,88.9,27.4,1
bonus2,88.9,29.5,1
bonus2,88.9,29.9,1
bonus2,88.9,30.1,1
bonus2,88.9,30.3,1
bonus2,88.9,30.6,1
bonus2,88.9,30.7,2
bonus2,88.9,31.3,1
bonus2,88.9,31.5,1
bonus2,88.9,31.6,1
bonus2,88.9,31.9,2
bonus2,88.9,32.1,1
bonus2,88.9,32.7,1
bonus2,88.9,33.1,1
bonus2,88.9,33.6,1
bonus2,88.9,35.3,1
bonus2,88.9,35.6,1
bonus2,88.9,35.7,1
bonus2,88.9,36.1,1
bonus2,88.9,36.3,1
bonus2,88.9,36.5,3
bonus2,88.9,36.6,1
bonus2,88.9,37,1
bonus2,88.9,37.1,1
bonus2,88.9,37.6,1
bonus2,88.9,37.9,2
bonus2,88.9,38.1,1
bonus2,88.9,38.4,1
bonus2,88.9,39,1
bonus2,88.9,39.1,1
bonus2,88.9,39.5,1
bonus2,88.9,39.8,1
bonus2,88.9,40.2,1
bonus2,88.9,40.6,1
bonus2,88.9,40.7,1
bonus2,88.9,40.8,1
bonus2,88.9,41.1,1
bonus2,88.9,41.2,2
bonus2,88.9,41.4,1
bonus2,88.9,42,2
bonus2,88.9,42.7,1
bonus2,88.9,42.9,1
bonus2,88.9,43,1
bonus2,88.9,43.3,1
bonus2,88.9,43.6,1
bonus2,88.9,43.7,1
bonus2,88.9,44.7,2
bonus2,88.9,45.1,1
bonus2,88.9,45.3,1
bonus2,88.9,45.9,1
bonus2,88.9,46.2,1
bonus2,88.9,47.5,1
bonus2,88.9,48.3,1
bonus2,88.9,48.4,1
bonus2,88.9,49,1
bonus2,88.9,49.1,1
bonus2,88.9,49.5,1
bonus2,88.9,49.7,1
bonus2,88.9,49.8,1
bonus2,88.9,50,1
bonus2,88.9,50.2,1
bonus2,88.9,51,1
bonus2,88.9,51.2,1
bonus2,88.9,51.4,1
bonus2,88.9,51.5,2
bonus2,88.9,51.8,1
bonus2,88.9,51.9,1
bonus2,88.9,52,1
bonus2,88.9,52.2,1
bonus2,88.9,52.3,1
bonus2,88.9,52.4,1
bonus2,88.9,52.5,1
bonus2,88.9,53.1,2
bonus2,88.9,53.5,1
bonus2,88.9,53.7,1
bonus2,88.9,54.2,2
bonus2,88.9,54.6,1
bonus2,88.9,54.8,1
bonus2,88.9,56,1
bonus2,88.9,56.1,3
bonus2,88.9,56.3,1
bonus2,88.9,56.4,2
bonus2,88.9,56.5,1
bonus2,88.9,56.7,1
bonus2,88.9,57.1,1
bonus2,88.9,57.6,2
bonus2,88.9,58.2,1
bonus2,88.9,58.5,1
bonus2,88.9,58.6,1
bonus2,88.9,58.8,1
bonus2,88.9,59,1
bonus2,88.9,59.1,1
bonus2,88.9,59.3,1
bonus2,88.9,59.8,1
bonus2,88.9,59.9,2
bonus2,88.9,60,1
bonus2,88.9,60.6,1
bonus2,88.9,60.8,1
bonus2,88.9,61.2,1
bonus2,88.9,61.3,1
bonus2,88.9,61.4,1
bonus2,88.9,61.8,1
bonus2,88.9,61.9,1
bonus2,88.9,62.4,1
bonus2,88.9,62.9,1
bonus2,88.9,63,1
bonus2,88.9,63.3,1
bonus2,88.9,63.6,1
bonus2,88.9,63.8,2
bonus2,88.9,64.1,2
bonus2,88.9,64.2,2
bonus2,88.9,64.4,1
bonus2,88.9,64.6,1
bonus2,88.9,64.7,1
bonus2,88.9,65.2,1
bonus2,88.9,65.7,1
bonus2,88.9,65.8,1
bonus2,88.9,67,2
bonus2,88.9,67.2,1
bonus2,88.9,67.5,2
bonus2,88.9,67.8,1
bonus2,88.9,67.9,1
bonus2,88.9,68.3,1
bonus2,88.9,68.4,1
bonus2,88.9,68.6,1
bonus2,88.9,69.5,1
bonus2,88.9,69.8,1
bonus2,88.9,69.9,1
bonus2,88.9,70.2,1
bonus2,88.9,70.3,1
bonus2,88.9,70.4,1
bonus2,88.9,70.7,2
bonus2,88.9,70.8,1
bonus2,88.9,71.7,1
bonus2,88.9,72.1,1
bonus2,88.9,72.4,1
bonus2,88.9,72.5,1
bonus2,88.9,72.8,1
bonus2,88.9,72.9,2
bonus2,88.9,73.2,2
bonus2,88.9,73.3,2
bonus2,88.9,73.4,1
bonus2,88.9,73.6,1
bonus2,88.9,73.8,1
bonus2,88.9,74,1
bonus2,88.9,74.2,1
bonus2,88.9,74.3,1
bonus2,88.9,74.4,1
bonus2,88.9,74.6,2
bonus2,88.9,74.7,1
bonus2,88.9,74.8,1
bonus2,88.9,75,1
bonus2,88.9,75.2,2
bonus2,88.9,75.4,1
bonus2,88.9,75.6,1
bonus2,88.9,75.8,1
bonus2,88.9,76.4,1
bonus2,88.9,76.8,2
bonus2,88.9,76.9,1
bonus2,88.9,77,3
bonus2,88.9,77.1,1
bonus2,88.9,77.2,1
bonus2,88.9,77.5,2
bonus2,88.9,77.6,1
bonus2,88.9,78.5,2
bonus2,88.9,78.6,1
bonus2,88.9,78.8,1
bonus2,88.9,79,1
bonus2,88.9,79.9,1
bonus2,88.9,80,1
bonus2,88.9,80.1,1
bonus2,88.9,80.3,1
bonus2,88.9,80.7,1
bonus2,88.9,80.9,3
bonus2,88.9,81,1
bonus2,88.9,81.2,1
bonus2,88.9,81.4,1
bonus2,88.9,81.5,1
bonus2,88.9,81.7,1
bonus2,88.9,81.9,1
bonus2,88.9,82,2
bonus2,88.9,82.1,2
bonus2,88.9,82.5,1
bonus2,88.9,82.8,1
bonus2,88.9,83.1,1
bonus2,88.9,83.5,1
bonus2,88.9,83.6,2
bonus2,88.9,83.8,1
bonus2,88.9,84.1,1
bonus2,88.9,84.2,2
bonus2,88.9,84.3,2
bonus2,88.9,84.8,1
bonus2,88.9,85.1,2
bonus2,88.9,85.5,1
bonus2,88.9,85.7,1
bonus2,88.9,86,1
bonus2,88.9,86.3,1
bonus2,88.9,86.4,1
bonus2,88.9,86.6,1
bonus2,88.9,86.9,1
bonus2,88.9,87.1,1
bonus2,88.9,87.3,1
bonus2,88.9,87.5,1
bonus2,88.9,88.6,2
bonus2,88.9,89.2,1
bonus2,88.9,89.3,1
bonus2,88.9,89.6,2
bonus2,88.9,90,1
bonus2,88.9,90.1,1
bonus2,88.9,90.4,1
bonus2,88.9,90.5,1
bonus2,88.9,90.7,1
bonus2,88.9,90.9,3
bonus2,88.9,91.1,1
bonus2,88.9,91.5,1
bonus2,88.9,91.8,1
bonus2,88.9,92.2,1
bonus2,88.9,92.6,1
bonus2,88.9,92.9,2
bonus2,88.9,93.1,1
bonus2,88.9,93.4,1
bonus2,88.9,93.8,2
bonus2,88.9,93.9,1
bonus2,88.9,94.1,1
bonus2,88.9,94.3,1
bonus2,88.9,94.4,1
bonus2,88.9,94.7,1
bonus2,88.9,95,1
bonus2,88.9,95.1,1
bonus2,88.9,95.2,1
bonus2,88.9,95.3,3
bonus2,88.9,95.5,2
bonus2,88.9,95.8,1
bonus2,88.9,95.9,1
bonus2,88.9,96,1
bonus2,88.9,96.2,4
bonus2,88.9,96.3,2
bonus2,88.9,96.4,1
bonus2,88.9,96.5,1
bonus2,88.9,96.6,2
bonus2,88.9,96.7,1
bonus2,88.9,96.8,2
bonus2,88.9,96.9,1
bonus2,88.9,97,1
bonus2,88.9,97.1,1
bonus2,88.9,97.2,1
bonus2,88.9,97.3,1
bonus2,88.9,97.5,1
bonus2,88.9,97.6,1
bonus2,88.9,97.8,1
bonus2,88.9,98.1,1
bonus2,88.9,98.3,1
bonus2,88.9,98.6,1
bonus2,88.9,98.7,2
bonus2,88.9,98.8,1
bonus2,88.9,99,1
bonus2,88.9,99.1,1
bonus2,88.9,99.2,2
bonus2,88.9,99.3,1
bonus2,88.9,99.4,1
bonus2,88.9,99.6,1
bonus2,88.9,99.7,1
bonus2,88.9,100,1
bonus2,93.9,0.2,1
bonus2,93.9,0.3,1
bonus2,93.9,0.6,1
bonus2,93.9,1.3,2
bonus2,93.9,1.7,2
bonus2,93.9,2.1,1
bonus2,93.9,2.3,1
bonus2,93.9,2.6,1
bonus2,93.9,3,1
bonus2,93.9,4.5,1
bonus2,93.9,4.7,1
bonus2,93.9,4.9,1
bonus2,93.9,5,1
bonus2,93.9,5.3,1
bonus2,93.9,6.1,2
bonus2,93.9,6.5,1
bonus2,93.9,6.7,1
bonus2,93.9,6.8,1
bonus2,93.9,6.9,1
bonus2,93.9,7.3,1
bonus2,93.9,8,1
bonus2,93.9,8.4,1
bonus2,93.9,8.7,1
bonus2,93.9,9.6,1
bonus2,93.9,9.7,1
bonus2,93.9,10,1
bonus2,93.9,10.6,1
bonus2,93.9,10.8,1
bonus2,93.9,11.5,1
bonus2,93.9,11.7,1
bonus2,93.9,11.8,1
bonus2,93.9,12.6,1
bonus2,93.9,12.9,1
bonus2,93.9,14,1
bonus2,93.9,14.6,1
bonus2,93.9,14.7,1
bonus2,93.9,14.8,1
bonus2,93.9,15,1
bonus2,93.9,15.2,1
bonus2,93.9,15.4,1
bonus2,93.9,15.9,1
bonus2,93.9,16.4,1
bonus2,93.9,16.7,1
bonus2,93.9,16.9,1
bonus2,93.9,17.2,1
bonus2,93.9,17.6,1
bonus2,93.9,18.2,1
bonus2,93.9,18.9,1
bonus2,93.9,19,1
bonus2,93.9,19.3,1
bonus2,93.9,21,1
bonus2,93.9,21.2,1
bonus2,93.9,21.5,1
bonus2,93.9,21.7,1
bonus2,93.9,22.4,1
bonus2,93.9,23.5,1
bonus2,93.9,23.6,1
bonus2,93.9,23.8,1
bonus2,93.9,24,1
bonus2,93.9,24.6,2
bonus2,93.9,25.1,1
bonus2,93.9,25.8,1
bonus2,93.9,26.3,1
bonus2,93.9,27.2,1
bonus2,93.9,27.6,1
bonus2,93.9,29.1,1
bonus2,93.9,29.4,1
bonus2,93.9,30,1
bonus2,93.9,30.4,1
bonus2,93.9,30.6,1
bonus2,93.9,32,1
bonus2,93.9,32.2,1
bonus2,93.9,32.9,1
bonus2,93.9,34.9,1
bonus2,93.9,35,1
bonus2,93.9,35.3,1
bonus2,93.9,35.5,1
bonus2,93.9,35.8,1
bonus2,93.9,36.3,1
bonus2,93.9,36.4,1
bonus2,93.9,37.1,1
bonus2,93.9,37.4,1
bonus2,93.9,38.1,1
bonus2,93.9,38.6,1
bonus2,93.9,38.7,1
bonus2,93.9,38.9,1
bonus2,93.9,39.1,1
bonus2,93.9,39.2,1
bonus2,93.9,39.3,1
bonus2,93.9,39.5,1
bonus2,93.9,39.7,1
bonus2,93.9,40.8,1
bonus2,93.9,40.9,1
bonus2,93.9,41.7,1
bonus2,93.9,42.3,1
bonus2,93.9,42.8,1
bonus2,93.9,42.9,1
bonus2,93.9,43.4,1
bonus2,93.9,43.5,1
bonus2,93.9,43.8,2
bonus2,93.9,44.8,1
bonus2,93.9,44.9,1
bonus2,93.9,45.1,1
bonus2,93.9,45.2,1
bonus2,93.9,45.7,1
bonus2,93.9,46.1,1
bonus2,93.9,46.7,1
bonus2,93.9,47,1
bonus2,93.9,47.3,1
bonus2,93.9,47.7,1
bonus2,93.9,48.6,1
bonus2,93.9,48.7,1
bonus2,93.9,48.9,1
bonus2,93.9,49.2,1
bonus2,93.9,49.6,1
bonus2,93.9,49.8,1
bonus2,93.9,50.3,1
bonus2,93.9,50.7,1
bonus2,93.9,50.9,1
bonus2,93.9,51.3,1
bonus2,93.9,51.5,1
bonus2,93.9,52.7,1
bonus2,93.9,52.8,1
bonus2,93.9,53.6,1
bonus2,93.9,54,1
bonus2,93.9,54.3,1
bonus2,93.9,54.4,1
bonus2,93.9,54.8,2
bonus2,93.9,55,1
bonus2,93.9,55.5,1
bonus2,93.9,55.7,2
bonus2,93.9,55.9,1
bonus2,93.9,56,1
bonus2,93.9,57,1
bonus2,93.9,57.2,1
bonus2,93.9,57.3,1
bonus2,93.9,57.7,2
bonus2,93.9,58.4,1
bonus2,93.9,58.5,1
bonus2,93.9,59,2
bonus2,93.9,59.7,1
bonus2,93.9,59.9,1
bonus2,93.9,60.3,1
bonus2,93.9,60.7,1
bonus2,93.9,61.6,1
bonus2,93.9,61.7,2
bonus2,93.9,61.8,1
bonus2,93.9,62,1
bonus2,93.9,62.3,1
bonus2,93.9,62.5,1
bonus2,93.9,62.9,1
bonus2,93.9,63,1
bonus2,93.9,63.3,1
bonus2,93.9,64,1
bonus2,93.9,64.1,1
bonus2,93.9,65.5,1
bonus2,93.9,65.6,1
bonus2,93.9,66.1,1
bonus2,93.9,66.3,2
bonus2,93.9,66.5,1
bonus2,93.9,66.6,2
bonus2,93.9,67,1
bonus2,93.9,67.7,2
bonus2,93.9,67.9,1
bonus2,93.9,68.9,1
bonus2,93.9,69,1
bonus2,93.9,70.8,1
bonus2,93.9,71.3,1
bonus2,93.9,71.4,2
bonus2,93.9,71.7,1
bonus2,93.9,71.8,1
bonus2,93.9,72.4,2
bonus2,93.9,73.2,1
bonus2,93.9,73.3,1
bonus2,93.9,73.4,1
bonus2,93.9,73.5,1
bonus2,93.9,73.8,1
bonus2,93.9,74,2
bonus2,93.9,74.1,1
bonus2,93.9,74.2,2
bonus2,93.9,74.3,1
bonus2,93.9,74.5,2
bonus2,93.9,74.6,1
bonus2,93.9,74.7,1
bonus2,93.9,75,1
bonus2,93.9,76.1,1
bonus2,93.9,76.4,1
bonus2,93.9,76.9,2
bonus2,93.9,77.4,1
bonus2,93.9,77.7,1
bonus2,93.9,77.9,1
bonus2,93.9,78.1,3
bonus2,93.9,78.3,2
bonus2,93.9,78.5,2
bonus2,93.9,78.9,2
bonus2,93.9,79.3,1
bonus2,93.9,79.4,1
bonus2,93.9,79.8,1
bonus2,93.9,79.9,1
bonus2,93.9,80.1,2
bonus2,93.9,80.2,1
bonus2,93.9,80.3,1
bonus2,93.9,80.4,1
bonus2,93.9,80.9,1
bonus2,93.9,81.1,1
bonus2,93.9,81.2,1
bonus2,93.9,81.3,1
bonus2,93.9,81.4,1
bonus2,93.9,81.5,1
bonus2,93.9,81.7,2
bonus2,93.9,81.9,1
bonus2,93.9,82,2
bonus2,93.9,82.5,1
bonus2,93.9,82.6,1
bonus2,93.9,82.8,2
bonus2,93.9,83,1
bonus2,93.9,83.1,1
bonus2,93.9,83.4,1
bonus2,93.9,83.6,1
bonus2,93.9,83.9,2
bonus2,93.9,84.5,1
bonus2,93.9,84.8,1
bonus2,93.9,85,1
bonus2,93.9,85.3,1
bonus2,93.9,85.4,3
bonus2,93.9,85.7,1
bonus2,93.9,85.8,3
bonus2,93.9,86,1
bonus2,93.9,86.4,1
bonus2,93.9,86.5,1
bonus2,93.9,86.6,1
bonus2,93.9,87.4,1
bonus2,93.9,87.5,1
bonus2,93.9,87.6,1
bonus2,93.9,87.7,1
bonus2,93.9,87.9,2
bonus2,93.9,88,1
bonus2,93.9,88.4,1
bonus2,93.9,88.6,1
bonus2,93.9,88.7,2
bonus2,93.9,89.1,1
bonus2,93.9,89.3,1
bonus2,93.9,89.4,1
bonus2,93.9,89.6,1
bonus2,93.9,90,1
bonus2,93.9,90.4,2
bonus2,93.9,90.5,1
bonus2,93.9,91,1
bonus2,93.9,91.1,1
bonus2,93.9,91.2,1
bonus2,93.9,91.4,1
bonus2,93.9,91.7,1
bonus2,93.9,92.4,1
bonus2,93.9,92.5,1
bonus2,93.9,92.7,1
bonus2,93.9,92.8,1
bonus2,93.9,93,1
bonus2,93.9,93.1,2
bonus2,93.9,93.4,1
bonus2,93.9,93.5,1
bonus2,93.9,93.6,1
bonus2,93.9,93.7,1
bonus2,93.9,93.8,1
bonus2,93.9,94,1
bonus2,93.9,94.3,1
bonus2,93.9,94.4,2
bonus2,93.9,94.5,1
bonus2,93.9,94.6,1
bonus2,93.9,94.7,2
bonus2,93.9,94.8,1
bonus2,93.9,94.9,1
bonus2,93.9,95,2
bonus2,93.9,95.1,1
bonus2,93.9,95.2,2
bonus2,93.9,95.4,1
bonus2,93.9,95.6,1
bonus2,93.9,95.7,4
bonus2,93.9,95.8,1
bonus2,93.9,95.9,1
bonus2,93.9,96.1,2
bonus2,93.9,96.2,1
bonus2,93.9,96.3,1
bonus2,93.9,96.4,1
bonus2,93.9,96.5,1
bonus2,93.9,96.7,2
bonus2,93.9,96.8,2
bonus2,93.9,96.9,1
bonus2,93.9,97.1,1
bonus2,93.9,97.2,1
bonus2,93.9,97.3,3
bonus2,93.9,97.5,2
bonus2,93.9,98,2
bonus2,93.9,98.1,2
bonus2,93.9,98.2,1
bonus2,93.9,98.3,1
bonus2,93.9,98.5,1
bonus2,93.9,98.6,1
bonus2,93.9,98.7,4
bonus2,93.9,98.8,2
bonus2,93.9,98.9,1
bonus2,93.9,99,2
bonus2,93.9,99.1,2
bonus2,93.9,99.2,1
bonus2,93.9,99.3,1
bonus2,93.9,99.4,3
bonus2,93.9,99.5,1
bonus2,93.9,99.6,2
bonus2,93.9,99.7,1
bonus2,93.9,99.9,3
bonus2,93.9,100,1
bonus2,98.1,0.4,1
bonus2,98.1,0.8,1
bonus2,98.1,1.2,1
bonus2,98.1,2,1
bonus2,98.1,2.2,1
bonus2,98.1,2.9,1
bonus2,98.1,3.2,1
bonus2,98.1,3.4,1
bonus2,98.1,4.5,1
bonus2,98.1,4.6,1
bonus2,98.1,4.8,1
bonus2,98.1,5,1
bonus2,98.1,8.3,1
bonus2,98.1,9.7,1
bonus2,98.1,10.4,1
bonus2,98.1,10.9,1
bonus2,98.1,12,1
bonus2,98.1,12.7,1
bonus2,98.1,13.2,1
bonus2,98.1,15.5,1
bonus2,98.1,16.3,1
bonus2,98.1,16.9,1
bonus2,98.1,19,1
bonus2,98.1,19.1,2
bonus2,98.1,19.3,1
bonus2,98.1,19.4,1
bonus2,98.1,21,1
bonus2,98.1,21.9,1
bonus2,98.1,22.4,1
bonus2,98.1,23.3,1
bonus2,98.1,23.4,1
bonus2,98.1,23.7,1
bonus2,98.1,23.8,1
bonus2,98.1,24.3,1
bonus2,98.1,25,1
bonus2,98.1,25.3,2
bonus2,98.1,26.8,1
bonus2,98.1,27.3,1
bonus2,98.1,27.8,1
bonus2,98.1,28.3,1
bonus2,98.1,29,1
bonus2,98.1,29.6,1
bonus2,98.1,30.5,1
bonus2,98.1,30.9,1
bonus2,98.1,31.3,1
bonus2,98.1,32.5,1
bonus2,98.1,32.8,1
bonus2,98.1,33.3,1
bonus2,98.1,33.4,1
bonus2,98.1,33.7,1
bonus2,98.1,33.9,1
bonus2,98.1,34.6,1
bonus2,98.1,35.3,1
bonus2,98.1,35.6,1
bonus2,98.1,36.1,1
bonus2,98.1,36.9,1
bonus2,98.1,37.1,1
bonus2,98.1,37.3,1
bonus2,98.1,38.4,1
bonus2,98.1,38.8,2
bonus2,98.1,38.9,1
bonus2,98.1,39.2,1
bonus2,98.1,40.2,1
bonus2,98.1,41.6,1
bonus2,98.1,41.8,1
bonus2,98.1,43,1
bonus2,98.1,44.4,2
bonus2,98.1,45,1
bonus2,98.1,46.1,1
bonus2,98.1,46.7,1
bonus2,98.1,46.9,3
bonus2,98.1,47.6,1
bonus2,98.1,47.9,2
bonus2,98.1,48,1
bonus2,98.1,48.6,2
bonus2,98.1,48.8,1
bonus2,98.1,48.9,1
bonus2,98.1,49.1,1
bonus2,98.1,49.2,1
bonus2,98.1,49.6,1
bonus2,98.1,50.8,1
bonus2,98.1,51.2,1
bonus2,98.1,51.9,1
bonus2,98.1,52.7,1
bonus2,98.1,53.4,1
bonus2,98.1,53.9,1
bonus2,98.1,54.7,1
bonus2,98.1,54.9,1
bonus2,98.1,55,1
bonus2,98.1,55.5,1
bonus2,98.1,56.5,1
bonus2,98.1,57.3,1
bonus2,98.1,57.7,1
bonus2,98.1,58.7,2
bonus2,98.1,58.8,1
bonus2,98.1,58.9,1
bonus2,98.1,59.3,2
bonus2,98.1,59.9,1
bonus2,98.1,60.1,1
bonus2,98.1,61.1,2
bonus2,98.1,61.2,1
bonus2,98.1,61.3,1
bonus2,98.1,61.4,1
bonus2,98.1,61.5,2
bonus2,98.1,63.5,2
bonus2,98.1,63.7,1
bonus2,98.1,63.9,1
bonus2,98.1,64.3,1
bonus2,98.1,64.9,1
bonus2,98.1,65,1
bonus2,98.1,65.3,1
bonus2,98.1,65.4,1
bonus2,98.1,65.7,1
bonus2,98.1,66.4,1
bonus2,98.1,66.7,1
bonus2,98.1,66.8,1
bonus2,98.1,67,1
bonus2,98.1,67.5,1
bonus2,98.1,67.7,1
bonus2,98.1,68.1,1
bonus2,98.1,68.5,1
bonus2,98.1,68.6,1
bonus2,98.1,69.1,2
bonus2,98.1,69.4,1
bonus2,98.1,69.9,1
bonus2,98.1,70.2,1
bonus2,98.1,70.6,1
bonus2,98.1,70.8,1
bonus2,98.1,73.6,1
bonus2,98.1,73.7,1
bonus2,98.1,74.1,1
bonus2,98.1,75,2
bonus2,98.1,75.5,1
bonus2,98.1,75.6,1
bonus2,98.1,76,1
bonus2,98.1,76.1,1
bonus2,98.1,76.5,1
bonus2,98.1,76.7,1
bonus2,98.1,77.6,1
bonus2,98.1,77.8,1
bonus2,98.1,77.9,1
bonus2,98.1,78,2
bonus2,98.1,78.5,1
bonus2,98.1,78.8,1
bonus2,98.1,78.9,1
bonus2,98.1,79.3,2
bonus2,98.1,80,3
bonus2,98.1,81,1
bonus2,98.1,81.1,1
bonus2,98.1,81.3,1
bonus2,98.1,81.5,1
bonus2,98.1,81.6,1
bonus2,98.1,81.9,1
bonus2,98.1,82.1,1
bonus2,98.1,82.2,1
bonus2,98.1,82.3,1
bonus2,98.1,82.6,1
bonus2,98.1,83.1,2
bonus2,98.1,83.4,1
bonus2,98.1,83.6,1
bonus2,98.1,83.7,1
bonus2,98.1,84,1
bonus2,98.1,84.4,1
bonus2,98.1,84.5,1
bonus2,98.1,84.6,3
bonus2,98.1,84.7,1
bonus2,98.1,84.9,1
bonus2,98.1,85,3
bonus2,98.1,85.2,1
bonus2,98.1,85.9,2
bonus2,98.1,86,1
bonus2,98.1,86.4,1
bonus2,98.1,86.8,1
bonus2,98.1,87.1,1
bonus2,98.1,87.2,1
bonus2,98.1,87.7,2
bonus2,98.1,88,1
bonus2,98.1,88.1,2
bonus2,98.1,88.5,1
bonus2,98.1,88.7,1
bonus2,98.1,88.9,1
bonus2,98.1,89.2,1
bonus2,98.1,89.8,1
bonus2,98.1,90.1,3
bonus2,98.1,90.2,1
bonus2,98.1,90.3,1
bonus2,98.1,90.7,1
bonus2,98.1,91.8,2
bonus2,98.1,92,1
bonus2,98.1,92.2,1
bonus2,98.1,92.3,1
bonus2,98.1,92.6,1
bonus2,98.1,92.7,2
bonus2,98.1,93.2,1
bonus2,98.1,93.5,1
bonus2,98.1,93.7,2
bonus2,98.1,93.8,1
bonus2,98.1,94.2,2
bonus2,98.1,94.3,1
bonus2,98.1,94.6,1
bonus2,98.1,94.7,1
bonus2,98.1,94.8,1
bonus2,98.1,94.9,1
bonus2,98.1,95,1
bonus2,98.1,95.3,2
bonus2,98.1,95.5,1
bonus2,98.1,96,1
bonus2,98.1,96.3,1
bonus2,98.1,96.4,2
bonus2,98.1,96.5,1
bonus2,98.1,96.6,1
bonus2,98.1,96.7,1
bonus2,98.1,96.9,4
bonus2,98.1,97,1
bonus2,98.1,97.2,1
bonus2,98.1,97.3,1
bonus2,98.1,97.4,1
bonus2,98.1,97.5,1
bonus2,98.1,97.6,3
bonus2,98.1,97.7,4
bonus2,98.1,97.8,1
bonus2,98.1,97.9,2
bonus2,98.1,98,1
bonus2,98.1,98.1,1
bonus2,98.1,98.3,2
bonus2,98.1,98.4,4
bonus2,98.1,98.5,2
bonus2,98.1,98.6,2
bonus2,98.1,98.7,1
bonus2,98.1,98.8,1
bonus2,98.1,98.9,2
bonus2,98.1,99,2
bonus2,98.1,99.1,2
bonus2,98.1,99.2,2
bonus2,98.1,99.3,1
bonus2,98.1,99.4,4
bonus2,98.1,99.5,4
bonus2,98.1,99.6,1
bonus2,98.1,99.8,2
bonus3,0,26,1
bonus3,0,44.5,1
bonus3,0,48.6,1
bonus3,0,49.6,1
bonus3,0.1,23.5,1
bonus3,0.1,43.4,1
bonus3,0.1,51,1
bonus3,0.1,52.2,1
bonus3,0.1,53.9,1
bonus3,0.1,66.6,1
bonus3,0.1,82.5,1
bonus3,0.2,4.2,1
bonus3,0.2,5,1
bonus3,0.2,10.1,1
bonus3,0.2,16.2,1
bonus3,0.2,17.7,1
bonus3,0.2,20.1,1
bonus3,0.2,27.9,1
bonus3,0.2,97.6,1
bonus3,0.3,23.7,1
bonus3,0.3,25.2,1
bonus3,0.3,26.8,1
bonus3,0.3,36.4,1
bonus3,0.3,54.4,1
bonus3,0.3,75.7,1
bonus3,0.3,87.3,1
bonus3,0.4,14.4,1
bonus3,0.4,16.1,1
bonus3,0.4,26.4,1
bonus3,0.4,28.4,1
bonus3,0.4,32.7,1
bonus3,0.4,33.1,1
bonus3,0.4,63.9,1
bonus3,0.4,97.8,1
bonus3,0.5,0.9,1
bonus3,0.5,37.6,1
bonus3,0.5,41.9,1
bonus3,0.5,71.7,1
bonus3,0.5,82.9,1
bonus3,0.5,89.2,1
bonus3,0.6,5.8,1
bonus3,0.6,12.8,1
bonus3,0.6,36.9,1
bonus3,0.6,49.9,1
bonus3,0.6,52.5,1
bonus3,0.6,93.8,1
bonus3,0.6,96.1,1
bonus3,0.7,1.3,1
bonus3,0.7,4.1,1
bonus3,0.7,8,1
bonus3,0.7,20.8,1
bonus3,0.7,30.6,1
bonus3,0.7,42.6,1
bonus3,0.7,44.8,1
bonus3,0.7,94.8,1
bonus3,0.8,14,1
bonus3,0.8,24.5,1
bonus3,0.8,26.5,1
bonus3,0.8,62.1,1
bonus3,0.8,83.8,1
bonus3,0.8,88.8,1
bonus3,0.9,5.3,1
bonus3,0.9,15.2,1
bonus3,0.9,25.8,1
bonus3,0.9,26.3,1
bonus3,0.9,36.7,1
bonus3,0.9,47.9,1
bonus3,0.9,77.6,1
bonus3,0.9,79.3,1
bonus3,1,20.6,1
bonus3,1,38.9,1
bonus3,1,61,1
bonus3,1,61.5,1
bonus3,1,74.5,1
bonus3,1,76.7,1
bonus3,1.1,13,1
bonus3,1.1,27.8,1
bonus3,1.1,33.2,1
bonus3,1.1,34.8,1
bonus3,1.1,37.7,1
bonus3,1.1,97.7,1
bonus3,1.2,0.7,1
bonus3,1.2,7.7,1
bonus3,1.2,8.8,1
bonus3,1.2,15,1
bonus3,1.2,31.5,1
bonus3,1.2,44.1,1
bonus3,1.2,82.2,1
bonus3,1.3,14.7,1
bonus3,1.3,20.6,1
bonus3,1.3,22.7,1
bonus3,1.3,38.5,1
bonus3,1.3,38.6,1
bonus3,1.3,40.1,1
bonus3,1.3,55,1
bonus3,1.3,56.8,1
bonus3,1.3,62.6,1
bonus3,1.3,87,1
bonus3,1.3,96.2,1
bonus3,1.4,27.3,1
bonus3,1.4,29.8,1
bonus3,1.4,39.8,1
bonus3,1.4,44.9,1
bonus3,1.4,46,1
bonus3,1.4,52.6,1
bonus3,1.4,65.2,1
bonus3,1.4,67.9,1
bonus3,1.4,85.7,1
bonus3,1.4,88.6,1
bonus3,1.4,89.4,1
bonus3,1.4,90.1,1
bonus3,1.6,2.4,1
bonus3,1.6,14.4,1
bonus3,1.6,20.1,1
bonus3,1.6,31.1,1
bonus3,1.6,35,1
bonus3,1.6,36.4,1
bonus3,1.6,43.9,1
bonus3,1.6,55.8,1
bonus3,1.6,94.1,1
bonus3,1.6,97.5,1
bonus3,1.7,3.3,1
bonus3,1.7,10.2,1
bonus3,1.7,21.8,1
bonus3,1.7,66.8,1
bonus3,1.8,6.9,1
bonus3,1.8,11.6,1
bonus3,1.8,13.4,1
bonus3,1.8,42.4,1
bonus3,1.8,42.6,1
bonus3,1.8,48,1
bonus3,1.8,48.6,1
bonus3,1.8,80.6,1
bonus3,1.8,91.3,1
bonus3,1.9,3.2,1
bonus3,1.9,9.8,1
bonus3,1.9,12.8,1
bonus3,1.9,33.4,1
bonus3,1.9,35.4,1
bonus3,1.9,38.2,1
bonus3,1.9,39.1,1
bonus3,1.9,74.3,1
bonus3,2,7.9,1
bonus3,2,17.6,1
bonus3,2,43.4,1
bonus3,2,52.4,1
bonus3,2,62,1
bonus3,2,70.4,1
bonus3,2,70.5,1
bonus3,2.1,3.5,1
bonus3,2.1,15.6,1
bonus3,2.1,47.2,1
bonus3,2.1,48.9,1
bonus3,2.1,54.3,1
bonus3,2.2,0.5,1
bonus3,2.2,2.8,1
bonus3,2.2,6.1,1
bonus3,2.2,6.7,1
bonus3,2.2,10.5,1
bonus3,2.2,20.4,1
bonus3,2.2,33.4,1
bonus3,2.2,53.2,1
bonus3,2.3,10.7,1
bonus3,2.3,16.3,1
bonus3,2.3,21.2,1
bonus3,2.3,26.6,1
bonus3,2.3,43.4,1
bonus3,2.3,58.6,1
bonus3,2.3,76.9,1
bonus3,2.3,78.3,1
bonus3,2.4,2.2,1
bonus3,2.4,12.2,1
bonus3,2.4,16.7,1
bonus3,2.4,18.9,1
bonus3,2.4,22.6,1
bonus3,2.4,30.9,1
bonus3,2.4,37.3,1
bonus3,2.4,53.1,1
bonus3,2.4,57,1
bonus3,2.4,90.8,1
bonus3,2.4,96.7,1
bonus3,2.6,14.2,1
bonus3,2.6,19.6,1
bonus3,2.6,25.5,1
bonus3,2.6,29.2,1
bonus3,2.6,44.2,1
bonus3,2.6,50.8,1
bonus3,2.6,53.6,1
bonus3,2.6,54.6,1
bonus3,2.6,65.2,1
bonus3,2.6,79.8,1
bonus3,2.7,4.6,1
bonus3,2.7,14.1,1
bonus3,2.7,18.1,1
bonus3,2.7,18.6,1
bonus3,2.7,26.5,1
bonus3,2.7,48.8,1
bonus3,2.7,78.5,1
bonus3,2.7,82.8,1
bonus3,2.8,2.9,1
bonus3,2.8,12.9,1
bonus3,2.8,13.6,1
bonus3,2.8,20.6,1
bonus3,2.8,24.8,1
bonus3,2.8,28.9,1
bonus3,2.8,35.7,1
bonus3,2.8,37.2,1
bonus3,2.8,41.8,1
bonus3,2.8,49.4,1
bonus3,2.8,50.7,1
bonus3,2.8,52.6,1
bonus3,2.8,67.6,1
bonus3,2.8,82.2,1
bonus3,2.8,85.6,1
bonus3,3,13.7,1
bonus3,3,16.9,1
bonus3,3,38.6,1
bonus3,3,39.2,1
bonus3,3,45.6,1
bonus3,3,51.3,1
bonus3,3,51.7,1
bonus3,3,55.4,1
bonus3,3,62.1,1
bonus3,3,70.9,1
bonus3,3,92.5,1
bonus3,3.2,11.4,1
bonus3,3.2,26.9,1
bonus3,3.2,34.7,1
bonus3,3.2,34.8,1
bonus3,3.2,43.5,1
bonus3,3.2,48.9,1
bonus3,3.2,53.6,1
bonus3,3.2,54.4,1
bonus3,3.2,57.9,1
bonus3,3.2,58.5,1
bonus3,3.2,68.4,1
bonus3,3.2,69,1
bonus3,3.2,73.4,1
bonus3,3.2,75.5,1
bonus3,3.2,79.9,1
bonus3,3.2,80.3,1
bonus3,3.2,84.5,1
bonus3,3.4,2.6,1
bonus3,3.4,27.6,2
bonus3,3.4,31.7,1
bonus3,3.4,32.5,1
bonus3,3.4,37.8,1
bonus3,3.4,39.8,1
bonus3,3.4,48.1,1
bonus3,3.4,49.1,1
bonus3,3.4,51.4,1
bonus3,3.4,61.1,1
bonus3,3.4,75.7,1
bonus3,3.7,0.7,1
bonus3,3.7,0.9,1
bonus3,3.7,4,1
bonus3,3.7,8.8,1
bonus3,3.7,12.3,1
bonus3,3.7,14.8,1
bonus3,3.7,23,1
bonus3,3.7,35,1
bonus3,3.7,39.9,1
bonus3,3.7,45.4,1
bonus3,3.7,49.8,1
bonus3,3.7,52.7,1
bonus3,3.7,56.4,1
bonus3,3.7,60.9,1
bonus3,3.7,64.7,1
bonus3,3.7,65.5,1
bonus3,3.7,67.3,1
bonus3,3.7,69.3,1
bonus3,3.7,72.3,1
bonus3,3.7,73.4,1
bonus3,3.7,73.6,1
bonus3,3.7,77.6,1
bonus3,3.7,80.3,1
bonus3,3.7,90.9,1
bonus3,3.7,93.5,1
bonus3,3.7,93.6,1
bonus3,4,6,1
bonus3,4,9.2,1
bonus3,4,13.2,1
bonus3,4,15.4,1
bonus3,4,25.1,1
bonus3,4,40.4,1
bonus3,4,64.8,1
bonus3,4,73.8,1
bonus3,4,76.6,1
bonus3,4,79.1,1
bonus3,4,82.6,1
bonus3,4,92.4,1
bonus3,4,93.9,1
bonus3,4,97.1,1
bonus3,4,98.6,1
bonus3,4.2,5.2,1
bonus3,4.2,6.7,1
bonus3,4.2,8.1,1
bonus3,4.2,16.4,1
bonus3,4.2,21,1
bonus3,4.2,22.3,1
bonus3,4.2,23.7,1
bonus3,4.2,24.5,1
bonus3,4.2,27.5,1
bonus3,4.2,28.2,1
bonus3,4.2,29.3,1
bonus3,4.2,37,1
bonus3,4.2,37.9,1
bonus3,4.2,39.6,1
bonus3,4.2,39.7,1
bonus3,4.2,41.9,1
bonus3,4.2,43.5,1
bonus3,4.2,47,1
bonus3,4.2,48.7,1
bonus3,4.2,53,1
bonus3,4.2,57.1,1
bonus3,4.2,99.8,1
bonus3,4.5,1.9,1
bonus3,4.5,2.9,1
bonus3,4.5,4.6,1
bonus3,4.5,6.1,1
bonus3,4.5,14.9,2
bonus3,4.5,16,1
bonus3,4.5,19.8,1
bonus3,4.5,27.5,1
bonus3,4.5,29.7,1
bonus3,4.5,31.8,1
bonus3,4.5,35.9,1
bonus3,4.5,40.5,1
bonus3,4.5,44.4,1
bonus3,4.5,48.8,1
bonus3,4.5,64.1,1
bonus3,4.5,71.5,1
bonus3,4.5,84.1,1
bonus3,4.5,87.2,1
bonus3,4.5,91,1
bonus3,4.5,92.7,1
bonus3,4.8,12.4,1
bonus3,4.8,17.7,1
bonus3,4.8,19.9,1
bonus3,4.8,24.8,1
bonus3,4.8,29.8,1
bonus3,4.8,29.9,1
bonus3,4.8,35.4,1
bonus3,4.8,35.7,1
bonus3,4.8,36.2,2
bonus3,4.8,42.5,1
bonus3,4.8,49,1
bonus3,4.8,57.8,1
bonus3,4.8,71.4,2
bonus3,4.8,77.5,1
bonus3,4.8,82.5,1
bonus3,4.8,96.9,1
bonus3,4.8,98,1
bonus3,5.1,8.4,1
bonus3,5.1,31.1,1
bonus3,5.1,42,1
bonus3,5.1,43,1
bonus3,5.1,44,1
bonus3,5.1,46.7,1
bonus3,5.1,48.9,1
bonus3,5.1,51.3,1
bonus3,5.1,55,1
bonus3,5.1,56.4,1
bonus3,5.1,56.9,1
bonus3,5.1,60.8,1
bonus3,5.1,62,1
bonus3,5.1,75.4,1
bonus3,5.1,78.9,1
bonus3,5.1,80.5,1
bonus3,5.1,83.1,1
bonus3,5.1,83.8,1
bonus3,5.1,87.7,1
bonus3,5.1,88.5,1
bonus3,5.1,93.2,1
bonus3,5.4,3.1,1
bonus3,5.4,4.3,1
bonus3,5.4,7.2,1
bonus3,5.4,11.8,1
bonus3,5.4,21.2,1
bonus3,5.4,25,1
bonus3,5.4,26,1
bonus3,5.4,26.9,1
bonus3,5.4,30.8,1
bonus3,5.4,32.2,1
bonus3,5.4,39.3,1
bonus3,5.4,41.2,1
bonus3,5.4,42.4,1
bonus3,5.4,42.7,1
bonus3,5.4,47.1,1
bonus3,5.4,48.1,1
bonus3,5.4,56.1,1
bonus3,5.4,56.8,1
bonus3,5.4,56.9,1
bonus3,5.4,72.1,2
bonus3,5.4,74.3,1
bonus3,5.4,76.4,1
bonus3,5.4,79.7,1
bonus3,5.4,91,1
bonus3,5.4,94.6,1
bonus3,5.4,98.6,1
bonus3,5.4,98.7,1
bonus3,5.8,1.9,1
bonus3,5.8,4.3,1
bonus3,5.8,17.4,1
bonus3,5.8,27.5,1
bonus3,5.8,36.3,1
bonus3,5.8,36.6,1
bonus3,5.8,39.8,1
bonus3,5.8,41.1,1
bonus3,5.8,48.4,1
bonus3,5.8,49.5,1
bonus3,5.8,57.1,1
bonus3,5.8,60.7,1
bonus3,5.8,63.1,1
bonus3,5.8,70,1
bonus3,5.8,70.6,1
bonus3,5.8,76.4,1
bonus3,5.8,82.4,1
bonus3,5.8,86.6,1
bonus3,5.8,90.4,1
bonus3,5.8,94.3,1
bonus3,5.8,95.9,1
bonus3,6.1,4.5,1
bonus3,6.1,11.2,1
bonus3,6.1,15.6,1
bonus3,6.1,17.6,1
bonus3,6.1,20.7,1
bonus3,6.1,24.4,1
bonus3,6.1,29.5,1
bonus3,6.1,35.8,1
bonus3,6.1,38,1
bonus3,6.1,40.2,1
bonus3,6.1,43,1
bonus3,6.1,44,1
bonus3,6.1,46.8,1
bonus3,6.1,47.4,1
bonus3,6.1,48,1
bonus3,6.1,50.2,1
bonus3,6.1,51.1,1
bonus3,6.1,51.2,1
bonus3,6.1,52.6,1
bonus3,6.1,58.2,1
bonus3,6.1,59.3,1
bonus3,6.1,62.9,1
bonus3,6.1,64.3,1
bonus3,6.1,66.3,1
bonus3,6.1,67.3,1
bonus3,6.1,68,1
bonus3,6.1,88.5,1
bonus3,6.1,94.2,1
bonus3,6.5,1.5,1
bonus3,6.5,2.6,1
bonus3,6.5,3.7,1
bonus3,6.5,9.1,1
bonus3,6.5,11,1
bonus3,6.5,19.7,1
bonus3,6.5,23.9,1
bonus3,6.5,25.3,1
bonus3,6.5,27.4,1
bonus3,6.5,27.8,1
bonus3,6.5,36.8,1
bonus3,6.5,38.4,1
bonus3,6.5,43.8,1
bonus3,6.5,44.1,1
bonus3,6.5,49.7,1
bonus3,6.5,50.5,1
bonus3,6.5,52.6,1
bonus3,6.5,52.7,1
bonus3,6.5,54.6,1
bonus3,6.5,59.5,1
bonus3,6.5,64.6,1
bonus3,6.5,66.5,1
bonus3,6.5,72.4,1
bonus3,6.5,77.8,1
bonus3,6.5,83.9,1
bonus3,6.5,85.8,1
bonus3,6.5,91,1
bonus3,6.5,93.7,1
bonus3,7,3.2,1
bonus3,7,4.2,1
bonus3,7,6.3,1
bonus3,7,8.7,1
bonus3,7,10.1,1
bonus3,7,10.5,1
bonus3,7,12.8,1
bonus3,7,15.1,1
bonus3,7,15.6,1
bonus3,7,16.4,1
bonus3,7,18.3,2
bonus3,7,18.9,1
bonus3,7,19.5,2
bonus3,7,19.6,1
bonus3,7,20.2,1
bonus3,7,27.4,1
bonus3,7,31.8,1
bonus3,7,33.8,1
bonus3,7,37,1
bonus3,7,38.4,1
bonus3,7,38.8,1
bonus3,7,40.3,1
bonus3,7,40.5,1
bonus3,7,40.7,1
bonus3,7,41.4,1
bonus3,7,41.9,1
bonus3,7,44.7,1
bonus3,7,47.2,1
bonus3,7,47.6,1
bonus3,7,49.8,1
bonus3,7,57.2,1
bonus3,7,67.3,1
bonus3,7,70,1
bonus3,7,70.3,1
bonus3,7,74.6,1
bonus3,7,76.2,1
bonus3,7,76.6,1
bonus3,7,79.4,1
bonus3,7,81.4,1
bonus3,7,81.9,1
bonus3,7.5,1.1,1
bonus3,7.5,3.6,1
bonus3,7.5,4.2,1
bonus3,7.5,7.2,1
bonus3,7.5,8.1,1
bonus3,7.5,8.8,1
bonus3,7.5,9.3,1
bonus3,7.5,11,1
bonus3,7.5,11.6,1
bonus3,7.5,13.7,1
bonus3,7.5,22.1,1
bonus3,7.5,25,1
bonus3,7.5,26.6,1
bonus3,7.5,30.1,1
bonus3,7.5,30.2,1
bonus3,7.5,30.5,1
bonus3,7.5,32,1
bonus3,7.5,34.1,1
bonus3,7.5,35.7,1
bonus3,7.5,45.7,1
bonus3,7.5,52.2,1
bonus3,7.5,57.4,1
bonus3,7.5,59.8,1
bonus3,7.5,73.7,1
bonus3,7.5,73.8,1
bonus3,7.5,75.6,1
bonus3,7.5,83.4,1
bonus3,7.5,86.3,1
bonus3,7.5,86.7,2
bonus3,7.5,88,1
bonus3,7.5,89.3,1
bonus3,7.5,93.5,1
bonus3,7.5,95.5,1
bonus3,7.5,97.9,1
bonus3,8,4.2,1
bonus3,8,5.8,1
bonus3,8,10.5,1
bonus3,8,13,1
bonus3,8,19.3,1
bonus3,8,20.7,1
bonus3,8,21.6,1
bonus3,8,22.2,1
bonus3,8,22.3,1
bonus3,8,24.5,1
bonus3,8,25.9,1
bonus3,8,27.2,1
bonus3,8,28.4,1
bonus3,8,28.8,1
bonus3,8,30.3,2
bonus3,8,30.5,1
bonus3,8,44.8,1
bonus3,8,47.8,1
bonus3,8,48.3,1
bonus3,8,49.2,1
bonus3,8,49.6,1
bonus3,8,50.9,1
bonus3,8,55.1,1
bonus3,8,58.5,1
bonus3,8,60.1,1
bonus3,8,65.9,1
bonus3,8,69.2,1
bonus3,8,80.2,1
bonus3,8,81.1,1
bonus3,8,81.2,1
bonus3,8,82.3,1
bonus3,8,84.8,1
bonus3,8,87.2,1
bonus3,8,90,1
bonus3,8,92.7,1
bonus3,8,93.1,2
bonus3,8,94.9,1
bonus3,8,95,1
bonus3,8.6,0.1,2
bonus3,8.6,0.5,1
bonus3,8.6,1.9,1
bonus3,8.6,3.8,1
bonus3,8.6,6.2,1
bonus3,8.6,8.3,1
bonus3,8.6,8.4,1
bonus3,8.6,8.7,1
bonus3,8.6,9.2,1
bonus3,8.6,9.8,1
bonus3,8.6,11.9,1
bonus3,8.6,15.3,1
bonus3,8.6,21.7,1
bonus3,8.6,21.9,1
bonus3,8.6,22.1,1
bonus3,8.6,23.5,1
bonus3,8.6,25.3,1
bonus3,8.6,31.1,1
bonus3,8.6,32.9,1
bonus3,8.6,45.8,1
bonus3,8.6,47.2,1
bonus3,8.6,47.3,1
bonus3,8.6,53,1
bonus3,8.6,57.2,1
bonus3,8.6,57.5,1
bonus3,8.6,58.9,1
bonus3,8.6,62.7,1
bonus3,8.6,64.2,1
bonus3,8.6,65.2,1
bonus3,8.6,66,1
bonus3,8.6,67.5,1
bonus3,8.6,70.9,1
bonus3,8.6,72.3,1
bonus3,8.6,72.5,1
bonus3,8.6,73.8,1
bonus3,8.6,88.5,1
bonus3,8.6,90.2,1
bonus3,8.6,94.4,1
bonus3,8.6,95.6,1
bonus3,9.2,1.2,1
bonus3,9.2,1.7,1
bonus3,9.2,6.5,1
bonus3,9.2,6.9,1
bonus3,9.2,7.6,1
bonus3,9.2,7.9,1
bonus3,9.2,8,1
bonus3,9.2,9.6,1
bonus3,9.2,11.5,1
bonus3,9.2,13.1,2
bonus3,9.2,14,1
bonus3,9.2,16,1
bonus3,9.2,19.5,1
bonus3,9.2,21.2,1
bonus3,9.2,22.3,1
bonus3,9.2,23.8,1
bonus3,9.2,24.2,1
bonus3,9.2,29.1,1
bonus3,9.2,31.4,1
bonus3,9.2,31.5,1
bonus3,9.2,31.6,1
bonus3,9.2,37.7,1
bonus3,9.2,37.8,1
bonus3,9.2,38.3,1
bonus3,9.2,38.5,1
bonus3,9.2,39.9,1
bonus3,9.2,45.2,1
bonus3,9.2,46.9,1
bonus3,9.2,52.2,1
bonus3,9.2,53.4,1
bonus3,9.2,57.2,1
bonus3,9.2,59.9,1
bonus3,9.2,62,1
bonus3,9.2,63.8,1
bonus3,9.2,64.4,1
bonus3,9.2,68.7,1
bonus3,9.2,71.5,1
bonus3,9.2,72.6,1
bonus3,9.2,74.4,1
bonus3,9.2,74.5,1
bonus3,9.2,74.9,1
bonus3,9.2,78.3,1
bonus3,9.2,79.2,1
bonus3,9.2,80.5,1
bonus3,9.2,80.7,1
bonus3,9.2,83.2,1
bonus3,9.2,83.3,1
bonus3,9.2,84.8,1
bonus3,9.2,95.4,1
bonus3,9.8,1.8,1
bonus3,9.8,2.2,1
bonus3,9.8,6.3,1
bonus3,9.8,7.7,1
bonus3,9.8,9.6,1
bonus3,9.8,9.9,1
bonus3,9.8,11.3,1
bonus3,9.8,13.9,1
bonus3,9.8,15.7,1
bonus3,9.8,18.6,1
bonus3,9.8,24.2,1
bonus3,9.8,29.2,1
bonus3,9.8,34,1
bonus3,9.8,35.5,1
bonus3,9.8,37.3,1
bonus3,9.8,41.1,1
bonus3,9.8,41.6,1
bonus3,9.8,44.7,1
bonus3,9.8,49.9,1
bonus3,9.8,54,1
bonus3,9.8,54.6,1
bonus3,9.8,55.6,1
bonus3,9.8,56.6,1
bonus3,9.8,58.1,1
bonus3,9.8,58.3,1
bonus3,9.8,60.2,1
bonus3,9.8,61.2,1
bonus3,9.8,61.3,1
bonus3,9.8,64.5,1
bonus3,9.8,69.1,1
bonus3,9.8,69.7,1
bonus3,9.8,71.2,1
bonus3,9.8,71.6,1
bonus3,9.8,75.4,1
bonus3,9.8,78.1,1
bonus3,9.8,79.5,1
bonus3,9.8,84.2,1
bonus3,9.8,89.2,1
bonus3,9.8,90.1,1
bonus3,9.8,90.5,1
bonus3,10.5,0.1,1
bonus3,10.5,0.4,1
bonus3,10.5,2.9,1
bonus3,10.5,5.9,1
bonus3,10.5,9.3,1
bonus3,10.5,10.4,1
bonus3,10.5,11.1,1
bonus3,10.5,11.2,1
bonus3,10.5,12.6,1
bonus3,10.5,14.1,1
bonus3,10.5,14.2,1
bonus3,10.5,15.3,1
bonus3,10.5,19.1,1
bonus3,10.5,21.4,1
bonus3,10.5,23.5,1
bonus3,10.5,27.5,1
bonus3,10.5,27.8,1
bonus3,10.5,29.6,1
bonus3,10.5,30.9,1
bonus3,10.5,31.4,1
bonus3,10.5,32.3,1
bonus3,10.5,32.4,1
bonus3,10.5,34.8,1
bonus3,10.5,38.8,1
bonus3,10.5,39.4,1
bonus3,10.5,39.6,1
bonus3,10.5,39.8,1
bonus3,10.5,40.7,1
bonus3,10.5,40.8,1
bonus3,10.5,41,1
bonus3,10.5,43.2,1
bonus3,10.5,44.1,1
bonus3,10.5,44.7,1
bonus3,10.5,48.7,1
bonus3,10.5,50.7,1
bonus3,10.5,51.3,1
bonus3,10.5,52.8,1
bonus3,10.5,53,1
bonus3,10.5,55.1,1
bonus3,10.5,56.7,1
bonus3,10.5,58.4,1
bonus3,10.5,58.7,1
bonus3,10.5,59,1
bonus3,10.5,63.2,1
bonus3,10.5,64.5,1
bonus3,10.5,65.1,1
bonus3,10.5,67.7,1
bonus3,10.5,70.5,1
bonus3,10.5,74.6,1
bonus3,10.5,74.7,2
bonus3,10.5,75.9,1
bonus3,10.5,76.9,1
bonus3,10.5,78.1,1
bonus3,10.5,78.9,1
bonus3,10.5,79.3,1
bonus3,10.5,81.6,1
bonus3,10.5,85.5,1
bonus3,10.5,86.9,1
bonus3,10.5,88.9,1
bonus3,10.5,93.9,1
bonus3,10.5,95.6,1
bonus3,10.5,99.2,1
bonus3,11.3,4.6,1
bonus3,11.3,5.2,1
bonus3,11.3,5.4,1
bonus3,11.3,5.6,1
bonus3,11.3,10.2,1
bonus3,11.3,10.6,1
bonus3,11.3,14,1
bonus3,11.3,16.5,1
bonus3,11.3,17.2,1
bonus3,11.3,17.3,1
bonus3,11.3,17.5,1
bonus3,11.3,17.8,1
bonus3,11.3,18.7,1
bonus3,11.3,19.4,1
bonus3,11.3,19.5,1
bonus3,11.3,19.7,1
bonus3,11.3,21.8,1
bonus3,11.3,22,1
bonus3,11.3,24.6,1
bonus3,11.3,26.7,1
bonus3,11.3,27.2,1
bonus3,11.3,27.4,1
bonus3,11.3,28.1,1
bonus3,11.3,30,1
bonus3,11.3,30.8,1
bonus3,11.3,42.6,1
bonus3,11.3,44.7,1
bonus3,11.3,45.7,1
bonus3,11.3,47.1,1
bonus3,11.3,47.4,1
bonus3,11.3,48.1,1
bonus3,11.3,51.9,1
bonus3,11.3,54.9,1
bonus3,11.3,55.4,1
bonus3,11.3,63.4,1
bonus3,11.3,65.6,1
bonus3,11.3,65.7,1
bonus3,11.3,68.7,1
bonus3,11.3,70,1
bonus3,11.3,70.5,1
bonus3,11.3,70.6,1
bonus3,11.3,70.7,1
bonus3,11.3,73.3,1
bonus3,11.3,73.5,1
bonus3,11.3,78.8,1
bonus3,11.3,82.7,1
bonus3,11.3,83.6,1
bonus3,11.3,86.1,1
bonus3,11.3,88.5,1
bonus3,11.3,89.4,1
bonus3,12.1,0.2,1
bonus3,12.1,0.7,1
bonus3,12.1,2.3,1
bonus3,12.1,2.4,1
bonus3,12.1,4.6,1
bonus3,12.1,6.5,1
bonus3,12.1,6.8,1
bonus3,12.1,7.3,1
bonus3,12.1,7.7,1
bonus3,12.1,11,1
bonus3,12.1,13,1
bonus3,12.1,13.4,1
bonus3,12.1,15.9,1
bonus3,12.1,18.4,1
bonus3,12.1,20.1,1
bonus3,12.1,22,1
bonus3,12.1,24,1
bonus3,12.1,24.9,1
bonus3,12.1,25.2,1
bonus3,12.1,26.7,2
bonus3,12.1,31,1
bonus3,12.1,32.4,1
bonus3,12.1,36.5,1
bonus3,12.1,36.9,1
bonus3,12.1,37.1,1
bonus3,12.1,37.9,1
bonus3,12.1,39,1
bonus3,12.1,39.3,1
bonus3,12.1,39.6,1
bonus3,12.1,40.7,1
bonus3,12.1,40.8,1
bonus3,12.1,56.2,1
bonus3,12.1,56.5,2
bonus3,12.1,58.1,1
bonus3,12.1,61.1,1
bonus3,12.1,63.2,1
bonus3,12.1,68.8,1
bonus3,12.1,70.7,1
bonus3,12.1,71.1,1
bonus3,12.1,71.6,1
bonus3,12.1,72.2,1
bonus3,12.1,72.5,1
bonus3,12.1,77.1,1
bonus3,12.1,77.9,1
bonus3,12.1,78.4,1
bonus3,12.1,83.9,1
bonus3,12.1,84.8,1
bonus3,12.1,84.9,1
bonus3,12.1,85,1
bonus3,12.1,87.5,1
bonus3,12.1,88.9,1
bonus3,12.1,91.4,1
bonus3,12.1,93,1
bonus3,12.1,93.8,1
bonus3,12.1,95.6,1
bonus3,12.1,97,1
bonus3,12.8,2.4,1
bonus3,12.8,3.1,1
bonus3,12.8,3.7,1
bonus3,12.8,4.1,1
bonus3,12.8,4.3,1
bonus3,12.8,7.1,1
bonus3,12.8,7.9,1
bonus3,12.8,8.9,1
bonus3,12.8,12.3,1
bonus3,12.8,12.5,1
bonus3,12.8,14.6,1
bonus3,12.8,15.4,1
bonus3,12.8,16.4,1
bonus3,12.8,16.9,1
bonus3,12.8,18.4,1
bonus3,12.8,19,1
bonus3,12.8,20.3,1
bonus3,12.8,21.6,1
bonus3,12.8,26.1,1
bonus3,12.8,26.5,1
bonus3,12.8,27.9,1
bonus3,12.8,29.4,1
bonus3,12.8,31.8,1
bonus3,12.8,31.9,1
bonus3,12.8,32.3,1
bonus3,12.8,34.6,1
bonus3,12.8,36,1
bonus3,12.8,37.4,1
bonus3,12.8,39.6,1
bonus3,12.8,40.6,1
bonus3,12.8,46.4,1
bonus3,12.8,51.4,1
bonus3,12.8,53.2,1
bonus3,12.8,53.8,1
bonus3,12.8,61.5,1
bonus3,12.8,68.4,1
bonus3,12.8,68.6,1
bonus3,12.8,71,1
bonus3,12.8,72.7,1
bonus3,12.8,74,1
bonus3,12.8,75,1
bonus3,12.8,83.6,1
bonus3,12.8,86.7,1
bonus3,12.8,95.8,1
bonus3,12.8,97,1
bonus3,12.8,98.4,1
bonus3,13.7,0.4,1
bonus3,13.7,6.1,1
bonus3,13.7,6.2,1
bonus3,13.7,7,1
bonus3,13.7,7.4,1
bonus3,13.7,8,1
bonus3,13.7,8.8,1
bonus3,13.7,9.4,1
bonus3,13.7,9.5,1
bonus3,13.7,10.2,1
bonus3,13.7,12.2,1
bonus3,13.7,12.8,1
bonus3,13.7,13.1,1
bonus3,13.7,18.1,1
bonus3,13.7,18.4,1
bonus3,13.7,19.2,1
bonus3,13.7,23.7,1
bonus3,13.7,24.8,1
bonus3,13.7,25.1,1
bonus3,13.7,26.8,1
bonus3,13.7,28.5,1
bonus3,13.7,30.5,1
bonus3,13.7,30.6,1
bonus3,13.7,31.6,1
bonus3,13.7,32.1,1
bonus3,13.7,34.4,1
bonus3,13.7,34.9,1
bonus3,13.7,36.1,1
bonus3,13.7,36.2,1
bonus3,13.7,37.4,1
bonus3,13.7,40.5,1
bonus3,13.7,41.8,1
bonus3,13.7,41.9,1
bonus3,13.7,44.1,1
bonus3,13.7,44.3,1
bonus3,13.7,45.8,1
bonus3,13.7,46.7,1
bonus3,13.7,50.1,2
bonus3,13.7,50.3,1
bonus3,13.7,54.1,1
bonus3,13.7,56.1,1
bonus3,13.7,56.2,1
bonus3,13.7,57.3,1
bonus3,13.7,57.5,1
bonus3,13.7,57.8,1
bonus3,13.7,58.5,1
bonus3,13.7,59.9,1
bonus3,13.7,61,1
bonus3,13.7,62.1,1
bonus3,13.7,62.3,2
bonus3,13.7,64.3,1
bonus3,13.7,65,1
bonus3,13.7,65.6,1
bonus3,13.7,65.8,2
bonus3,13.7,66,1
bonus3,13.7,66.1,1
bonus3,13.7,67.4,1
bonus3,13.7,69,1
bonus3,13.7,71.2,1
bonus3,13.7,73,1
bonus3,13.7,74,1
bonus3,13.7,75.5,1
bonus3,13.7,75.7,1
bonus3,13.7,76.3,1
bonus3,13.7,78.5,1
bonus3,13.7,78.6,1
bonus3,13.7,79,1
bonus3,13.7,81.7,1
bonus3,13.7,81.9,1
bonus3,13.7,82.9,1
bonus3,13.7,83.7,1
bonus3,13.7,84.2,1
bonus3,13.7,86.1,1
bonus3,13.7,86.8,1
bonus3,13.7,87,1
bonus3,13.7,88.2,1
bonus3,13.7,88.7,1
bonus3,13.7,90.1,1
bonus3,13.7,90.8,1
bonus3,13.7,91.6,1
bonus3,13.7,93.2,1
bonus3,13.7,95.2,1
bonus3,14.6,0.4,1
bonus3,14.6,2.5,1
bonus3,14.6,3.9,1
bonus3,14.6,7.2,1
bonus3,14.6,9.1,1
bonus3,14.6,12.1,1
bonus3,14.6,12.2,1
bonus3,14.6,13.6,1
bonus3,14.6,13.8,1
bonus3,14.6,14.8,1
bonus3,14.6,14.9,1
bonus3,14.6,19.6,1
bonus3,14.6,21.3,1
bonus3,14.6,22.4,1
bonus3,14.6,23.7,1
bonus3,14.6,24.3,1
bonus3,14.6,27.9,1
bonus3,14.6,29,1
bonus3,14.6,32.4,1
bonus3,14.6,33.9,1
bonus3,14.6,34,1
bonus3,14.6,35.4,1
bonus3,14.6,36.6,1
bonus3,14.6,38.2,1
bonus3,14.6,39.4,1
bonus3,14.6,40.3,1
bonus3,14.6,40.9,1
bonus3,14.6,44.4,1
bonus3,14.6,44.7,1
bonus3,14.6,45.4,1
bonus3,14.6,45.6,1
bonus3,14.6,46.3,1
bonus3,14.6,51.8,1
bonus3,14.6,55.6,1
bonus3,14.6,58.2,1
bonus3,14.6,58.6,1
bonus3,14.6,61.5,1
bonus3,14.6,61.8,1
bonus3,14.6,62.9,1
bonus3,14.6,63.5,1
bonus3,14.6,65.4,1
bonus3,14.6,68.3,1
bonus3,14.6,68.7,1
bonus3,14.6,70.1,1
bonus3,14.6,72.2,1
bonus3,14.6,81.9,1
bonus3,14.6,82.6,1
bonus3,14.6,84.9,1
bonus3,14.6,87.1,1
bonus3,14.6,95.1,1
bonus3,14.6,97,1
bonus3,15.8,0,1
bonus3,15.8,0.1,1
bonus3,15.8,0.6,2
bonus3,15.8,0.9,1
bonus3,15.8,1.9,1
bonus3,15.8,2.3,1
bonus3,15.8,2.4,1
bonus3,15.8,2.5,1
bonus3,15.8,4.3,1
bonus3,15.8,4.4,1
bonus3,15.8,4.7,1
bonus3,15.8,5.9,1
bonus3,15.8,7.7,1
bonus3,15.8,7.9,1
bonus3,15.8,8,1
bonus3,15.8,8.9,1
bonus3,15.8,9.5,1
bonus3,15.8,10.8,1
bonus3,15.8,11.5,1
bonus3,15.8,11.7,1
bonus3,15.8,13.1,1
bonus3,15.8,13.6,1
bonus3,15.8,14.2,1
bonus3,15.8,15.4,1
bonus3,15.8,15.5,1
bonus3,15.8,18,2
bonus3,15.8,19.4,1
bonus3,15.8,20.4,1
bonus3,15.8,20.6,1
bonus3,15.8,20.7,1
bonus3,15.8,22.3,1
bonus3,15.8,22.5,1
bonus3,15.8,22.8,1
bonus3,15.8,23.2,1
bonus3,15.8,23.6,1
bonus3,15.8,24.6,1
bonus3,15.8,25.8,2
bonus3,15.8,25.9,1
bonus3,15.8,28.8,1
bonus3,15.8,29.5,1
bonus3,15.8,30.7,1
bonus3,15.8,30.8,2
bonus3,15.8,31.4,1
bonus3,15.8,31.6,1
bonus3,15.8,33.1,1
bonus3,15.8,35.3,1
bonus3,15.8,35.8,1
bonus3,15.8,37.6,1
bonus3,15.8,37.7,1
bonus3,15.8,38,1
bonus3,15.8,40.9,1
bonus3,15.8,43,1
bonus3,15.8,43.1,1
bonus3,15.8,44.9,1
bonus3,15.8,45.5,1
bonus3,15.8,46.4,1
bonus3,15.8,48.6,1
bonus3,15.8,49.4,1
bonus3,15.8,50.2,2
bonus3,15.8,51.4,1
bonus3,15.8,51.9,1
bonus3,15.8,52,1
bonus3,15.8,53.1,1
bonus3,15.8,53.6,1
bonus3,15.8,54,1
bonus3,15.8,54.3,1
bonus3,15.8,55.3,1
bonus3,15.8,55.5,1
bonus3,15.8,57.2,1
bonus3,15.8,57.6,1
bonus3,15.8,57.9,1
bonus3,15.8,58,1
bonus3,15.8,58.6,1
bonus3,15.8,58.8,1
bonus3,15.8,60.6,1
bonus3,15.8,62.9,1
bonus3,15.8,63.3,1
bonus3,15.8,64.5,1
bonus3,15.8,65,1
bonus3,15.8,65.1,1
bonus3,15.8,65.6,1
bonus3,15.8,65.7,2
bonus3,15.8,65.8,1
bonus3,15.8,68.2,1
bonus3,15.8,68.3,2
bonus3,15.8,68.4,1
bonus3,15.8,69.7,1
bonus3,15.8,72,1
bonus3,15.8,72.4,1
bonus3,15.8,72.9,1
bonus3,15.8,73.7,1
bonus3,15.8,74.2,1
bonus3,15.8,76.1,1
bonus3,15.8,78.4,1
bonus3,15.8,79,1
bonus3,15.8,80,1
bonus3,15.8,81,1
bonus3,15.8,81.4,1
bonus3,15.8,82,1
bonus3,15.8,83.4,1
bonus3,15.8,85.1,1
bonus3,15.8,85.7,1
bonus3,15.8,86,1
bonus3,15.8,87.6,1
bonus3,15.8,88,1
bonus3,15.8,89,1
bonus3,15.8,89.8,1
bonus3,15.8,90.4,1
bonus3,15.8,91.3,1
bonus3,15.8,92,1
bonus3,15.8,92.2,1
bonus3,15.8,92.6,1
bonus3,15.8,92.9,2
bonus3,15.8,94.5,1
bonus3,15.8,96.1,1
bonus3,15.8,99.6,1
bonus3,17.1,0.3,1
bonus3,17.1,3,1
bonus3,17.1,5,1
bonus3,17.1,7,1
bonus3,17.1,8.2,2
bonus3,17.1,12.1,1
bonus3,17.1,13.5,1
bonus3,17.1,13.7,1
bonus3,17.1,15.2,1
bonus3,17.1,15.7,1
bonus3,17.1,15.8,1
bonus3,17.1,16.2,1
bonus3,17.1,16.6,1
bonus3,17.1,17.6,1
bonus3,17.1,20.4,1
bonus3,17.1,21.1,1
bonus3,17.1,22.2,1
bonus3,17.1,22.9,1
bonus3,17.1,27.1,1
bonus3,17.1,27.8,1
bonus3,17.1,28.4,1
bonus3,17.1,30.5,1
bonus3,17.1,31.4,1
bonus3,17.1,31.9,1
bonus3,17.1,32.5,1
bonus3,17.1,34.4,1
bonus3,17.1,39.5,1
bonus3,17.1,40,1
bonus3,17.1,40.3,1
bonus3,17.1,45.3,1
bonus3,17.1,48.3,1
bonus3,17.1,49.4,1
bonus3,17.1,50.6,1
bonus3,17.1,53.7,1
bonus3,17.1,54.5,1
bonus3,17.1,55.3,1
bonus3,17.1,61.3,1
bonus3,17.1,61.8,1
bonus3,17.1,62.3,1
bonus3,17.1,63.1,1
bonus3,17.1,63.4,1
bonus3,17.1,64.1,1
bonus3,17.1,64.8,2
bonus3,17.1,65.8,1
bonus3,17.1,67.6,1
bonus3,17.1,68.3,1
bonus3,17.1,71,1
bonus3,17.1,71.9,1
bonus3,17.1,75.8,1
bonus3,17.1,76.2,1
bonus3,17.1,76.3,1
bonus3,17.1,78.2,1
bonus3,17.1,79.1,1
bonus3,17.1,79.4,1
bonus3,17.1,83,1
bonus3,17.1,87,1
bonus3,17.1,88.5,1
bonus3,17.1,88.8,1
bonus3,17.1,89.9,1
bonus3,17.1,90.3,1
bonus3,17.1,90.8,1
bonus3,17.1,92.4,1
bonus3,17.1,94,1
bonus3,18.3,1.8,1
bonus3,18.3,3.3,1
bonus3,18.3,4.5,2
bonus3,18.3,5.3,1
bonus3,18.3,5.6,1
bonus3,18.3,6.8,1
bonus3,18.3,10.9,1
bonus3,18.3,11,1
bonus3,18.3,12.3,1
bonus3,18.3,13.2,1
bonus3,18.3,14.4,1
bonus3,18.3,14.5,1
bonus3,18.3,15.1,1
bonus3,18.3,16.1,1
bonus3,18.3,16.6,1
bonus3,18.3,16.8,1
bonus3,18.3,19.8,2
bonus3,18.3,20,1
bonus3,18.3,20.1,1
bonus3,18.3,21.5,1
bonus3,18.3,22.3,1
bonus3,18.3,22.5,1
bonus3,18.3,24.4,1
bonus3,18.3,25,1
bonus3,18.3,26.8,1
bonus3,18.3,29.7,1
bonus3,18.3,30.2,1
bonus3,18.3,30.9,1
bonus3,18.3,32.2,1
bonus3,18.3,33.9,1
bonus3,18.3,34.4,1
bonus3,18.3,34.7,1
bonus3,18.3,36.1,1
bonus3,18.3,37.2,1
bonus3,18.3,38.1,1
bonus3,18.3,40,1
bonus3,18.3,40.6,1
bonus3,18.3,42.1,2
bonus3,18.3,45.1,1
bonus3,18.3,45.2,1
bonus3,18.3,46.1,1
bonus3,18.3,46.7,1
bonus3,18.3,47.1,1
bonus3,18.3,47.6,1
bonus3,18.3,47.7,1
bonus3,18.3,47.9,1
bonus3,18.3,48,1
bonus3,18.3,48.2,1
bonus3,18.3,50.4,1
bonus3,18.3,52.2,1
bonus3,18.3,52.4,1
bonus3,18.3,52.9,1
bonus3,18.3,53.2,1
bonus3,18.3,54.4,1
bonus3,18.3,55.5,1
bonus3,18.3,57,1
bonus3,18.3,57.1,1
bonus3,18.3,57.3,1
bonus3,18.3,57.5,1
bonus3,18.3,59.1,1
bonus3,18.3,59.7,1
bonus3,18.3,60.7,1
bonus3,18.3,61.3,1
bonus3,18.3,62,1
bonus3,18.3,62.5,1
bonus3,18.3,64.3,1
bonus3,18.3,67.1,1
bonus3,18.3,67.2,1
bonus3,18.3,68.5,1
bonus3,18.3,68.9,1
bonus3,18.3,70.3,1
bonus3,18.3,72.4,1
bonus3,18.3,73.4,1
bonus3,18.3,74.9,1
bonus3,18.3,75.2,1
bonus3,18.3,76.2,1
bonus3,18.3,76.8,1
bonus3,18.3,77,1
bonus3,18.3,77.5,1
bonus3,18.3,77.8,1
bonus3,18.3,80.1,1
bonus3,18.3,80.7,2
bonus3,18.3,81.9,1
bonus3,18.3,84.1,1
bonus3,18.3,84.5,1
bonus3,18.3,85.1,1
bonus3,18.3,85.8,1
bonus3,18.3,86.2,1
bonus3,18.3,89.7,1
bonus3,18.3,91.7,1
bonus3,18.3,92.4,1
bonus3,18.3,93.2,1
bonus3,18.3,94.1,1
bonus3,18.3,94.5,1
bonus3,18.3,96.8,1
bonus3,18.3,98,1
bonus3,18.3,99.5,1
bonus3,18.3,99.8,1
bonus3,19.5,0,1
bonus3,19.5,1.2,1
bonus3,19.5,1.4,1
bonus3,19.5,2.3,1
bonus3,19.5,3.4,1
bonus3,19.5,4.4,1
bonus3,19.5,4.8,1
bonus3,19.5,5.6,1
bonus3,19.5,9.5,1
bonus3,19.5,10.7,1
bonus3,19.5,11.9,1
bonus3,19.5,13,1
bonus3,19.5,14.7,1
bonus3,19.5,18,1
bonus3,19.5,18.2,1
bonus3,19.5,18.3,1
bonus3,19.5,23.4,1
bonus3,19.5,24.1,1
bonus3,19.5,28.9,1
bonus3,19.5,30.2,1
bonus3,19.5,33.1,1
bonus3,19.5,33.8,1
bonus3,19.5,34.5,1
bonus3,19.5,37,1
bonus3,19.5,38.6,1
bonus3,19.5,39.2,1
bonus3,19.5,40.2,1
bonus3,19.5,40.8,1
bonus3,19.5,42.5,1
bonus3,19.5,43.3,1
bonus3,19.5,45.4,1
bonus3,19.5,47.4,1
bonus3,19.5,50.2,1
bonus3,19.5,50.3,1
bonus3,19.5,51.8,1
bonus3,19.5,54.8,1
bonus3,19.5,54.9,1
bonus3,19.5,55.8,1
bonus3,19.5,56,1
bonus3,19.5,57.3,1
bonus3,19.5,57.9,1
bonus3,19.5,59,1
bonus3,19.5,61.2,1
bonus3,19.5,62.4,1
bonus3,19.5,63.7,1
bonus3,19.5,64.3,1
bonus3,19.5,66,1
bonus3,19.5,66.6,1
bonus3,19.5,69.9,1
bonus3,19.5,70,2
bonus3,19.5,70.1,1
bonus3,19.5,71.8,1
bonus3,19.5,74.6,1
bonus3,19.5,75.6,1
bonus3,19.5,76.6,1
bonus3,19.5,77.1,1
bonus3,19.5,77.6,2
bonus3,19.5,81.5,1
bonus3,19.5,81.7,1
bonus3,19.5,83,1
bonus3,19.5,84.7,1
bonus3,19.5,85.5,1
bonus3,19.5,87.7,1
bonus3,19.5,89.5,1
bonus3,19.5,89.9,1
bonus3,19.5,90.6,1
bonus3,19.5,94.5,1
bonus3,19.5,95,1
bonus3,19.5,95.7,1
bonus3,20.7,0.8,1
bonus3,20.7,1.3,2
bonus3,20.7,2.5,1
bonus3,20.7,3.8,1
bonus3,20.7,6.1,1
bonus3,20.7,7.3,1
bonus3,20.7,8.3,1
bonus3,20.7,8.6,1
bonus3,20.7,9.7,1
bonus3,20.7,11.1,1
bonus3,20.7,11.3,1
bonus3,20.7,13.4,1
bonus3,20.7,13.5,2
bonus3,20.7,14.2,1
bonus3,20.7,16,1
bonus3,20.7,16.8,1
bonus3,20.7,19.1,1
bonus3,20.7,19.4,1
bonus3,20.7,20.2,1
bonus3,20.7,20.5,1
bonus3,20.7,21.1,1
bonus3,20.7,21.2,1
bonus3,20.7,23.8,1
bonus3,20.7,25,1
bonus3,20.7,25.3,1
bonus3,20.7,26.9,1
bonus3,20.7,28.1,1
bonus3,20.7,29.7,1
bonus3,20.7,31,1
bonus3,20.7,32.9,1
bonus3,20.7,35.1,1
bonus3,20.7,35.5,1
bonus3,20.7,35.8,1
bonus3,20.7,36.3,3
bonus3,20.7,36.4,1
bonus3,20.7,36.7,1
bonus3,20.7,36.8,1
bonus3,20.7,37.5,1
bonus3,20.7,38.3,1
bonus3,20.7,38.8,1
bonus3,20.7,41.2,1
bonus3,20.7,41.5,1
bonus3,20.7,43.8,1
bonus3,20.7,44.2,1
bonus3,20.7,46.1,1
bonus3,20.7,46.4,1
bonus3,20.7,46.8,1
bonus3,20.7,46.9,1
bonus3,20.7,47,1
bonus3,20.7,48.4,2
bonus3,20.7,48.6,1
bonus3,20.7,49.6,1
bonus3,20.7,51.4,1
bonus3,20.7,51.8,1
bonus3,20.7,52,1
bonus3,20.7,52.3,1
bonus3,20.7,55.1,1
bonus3,20.7,56.9,1
bonus3,20.7,57.6,1
bonus3,20.7,57.9,1
bonus3,20.7,61,1
bonus3,20.7,61.1,1
bonus3,20.7,61.9,1
bonus3,20.7,62.1,1
bonus3,20.7,62.4,1
bonus3,20.7,63,1
bonus3,20.7,63.3,1
bonus3,20.7,64,1
bonus3,20.7,64.7,1
bonus3,20.7,65.2,1
bonus3,20.7,65.4,1
bonus3,20.7,66.3,1
bonus3,20.7,66.5,1
bonus3,20.7,66.9,1
bonus3,20.7,67.9,1
bonus3,20.7,68.9,1
bonus3,20.7,70.1,1
bonus3,20.7,73.6,1
bonus3,20.7,74.6,1
bonus3,20.7,76.3,1
bonus3,20.7,76.4,1
bonus3,20.7,80.4,1
bonus3,20.7,81.1,1
bonus3,20.7,81.3,1
bonus3,20.7,81.4,1
bonus3,20.7,83.8,1
bonus3,20.7,84.9,1
bonus3,20.7,86.4,1
bonus3,20.7,88.3,1
bonus3,20.7,88.8,1
bonus3,20.7,89.3,1
bonus3,20.7,89.4,1
bonus3,20.7,90.9,1
bonus3,20.7,91.4,1
bonus3,20.7,91.9,1
bonus3,20.7,92.9,1
bonus3,20.7,93.7,1
bonus3,20.7,96.1,1
bonus3,22.1,0.4,1
bonus3,22.1,0.9,1
bonus3,22.1,2.6,1
bonus3,22.1,3.7,1
bonus3,22.1,5,1
bonus3,22.1,5.1,1
bonus3,22.1,5.5,1
bonus3,22.1,5.9,1
bonus3,22.1,6,1
bonus3,22.1,7.3,1
bonus3,22.1,7.6,1
bonus3,22.1,8.4,1
bonus3,22.1,8.6,1
bonus3,22.1,9.3,1
bonus3,22.1,10.3,1
bonus3,22.1,11.3,1
bonus3,22.1,11.6,1
bonus3,22.1,14.8,1
bonus3,22.1,16.5,1
bonus3,22.1,16.9,1
bonus3,22.1,17.4,1
bonus3,22.1,18.5,1
bonus3,22.1,19.1,1
bonus3,22.1,21.9,1
bonus3,22.1,22,1
bonus3,22.1,22.6,1
bonus3,22.1,22.7,1
bonus3,22.1,24.1,1
bonus3,22.1,24.2,1
bonus3,22.1,25.9,1
bonus3,22.1,26.3,1
bonus3,22.1,26.5,1
bonus3,22.1,27.6,1
bonus3,22.1,28.5,1
bonus3,22.1,28.6,1
bonus3,22.1,29.7,1
bonus3,22.1,31.4,1
bonus3,22.1,32.8,1
bonus3,22.1,32.9,1
bonus3,22.1,33.7,1
bonus3,22.1,35.3,1
bonus3,22.1,36.1,1
bonus3,22.1,38.4,1
bonus3,22.1,40.2,1
bonus3,22.1,41,1
bonus3,22.1,42.2,1
bonus3,22.1,42.8,1
bonus3,22.1,45,1
bonus3,22.1,45.2,1
bonus3,22.1,45.6,1
bonus3,22.1,47,1
bonus3,22.1,50,2
bonus3,22.1,50.4,1
bonus3,22.1,53,1
bonus3,22.1,53.3,1
bonus3,22.1,54.2,2
bonus3,22.1,55.2,1
bonus3,22.1,55.3,1
bonus3,22.1,56.3,1
bonus3,22.1,57.4,1
bonus3,22.1,58.4,1
bonus3,22.1,59,1
bonus3,22.1,60.1,1
bonus3,22.1,60.3,1
bonus3,22.1,60.9,1
bonus3,22.1,61.2,1
bonus3,22.1,62.2,1
bonus3,22.1,62.6,1
bonus3,22.1,63.9,1
bonus3,22.1,64.7,1
bonus3,22.1,65.4,1
bonus3,22.1,66.9,1
bonus3,22.1,67.4,1
bonus3,22.1,67.7,1
bonus3,22.1,68.4,1
bonus3,22.1,70.6,1
bonus3,22.1,70.9,1
bonus3,22.1,71.3,1
bonus3,22.1,73.9,1
bonus3,22.1,75,1
bonus3,22.1,75.8,1
bonus3,22.1,76.2,1
bonus3,22.1,78.1,1
bonus3,22.1,79.6,2
bonus3,22.1,79.9,1
bonus3,22.1,82,2
bonus3,22.1,83.1,1
bonus3,22.1,83.6,1
bonus3,22.1,83.8,1
bonus3,22.1,86.6,1
bonus3,22.1,87.4,1
bonus3,22.1,90.2,1
bonus3,22.1,95.5,1
bonus3,22.1,95.9,1
bonus3,22.1,96.7,1
bonus3,22.1,97.2,1
bonus3,22.1,97.3,1
bonus3,22.1,98.1,1
bonus3,23.8,0.5,1
bonus3,23.8,1.7,2
bonus3,23.8,4.6,1
bonus3,23.8,4.9,1
bonus3,23.8,5.1,1
bonus3,23.8,5.3,1
bonus3,23.8,5.5,1
bonus3,23.8,6,1
bonus3,23.8,6.7,1
bonus3,23.8,6.8,2
bonus3,23.8,7.5,1
bonus3,23.8,8.5,1
bonus3,23.8,9.7,1
bonus3,23.8,9.8,1
bonus3,23.8,10.5,1
bonus3,23.8,12.6,1
bonus3,23.8,12.9,2
bonus3,23.8,13.2,1
bonus3,23.8,14.4,1
bonus3,23.8,15.5,1
bonus3,23.8,15.9,1
bonus3,23.8,16.1,1
bonus3,23.8,17.9,1
bonus3,23.8,18.1,1
bonus3,23.8,18.7,1
bonus3,23.8,19,1
bonus3,23.8,19.2,1
bonus3,23.8,19.3,2
bonus3,23.8,19.7,1
bonus3,23.8,20.4,1
bonus3,23.8,21.2,1
bonus3,23.8,22.1,1
bonus3,23.8,23.1,2
bonus3,23.8,23.2,1
bonus3,23.8,23.4,1
bonus3,23.8,24.2,1
bonus3,23.8,24.7,1
bonus3,23.8,25.4,1
bonus3,23.8,25.9,1
bonus3,23.8,26.6,1
bonus3,23.8,27.5,1
bonus3,23.8,27.6,1
bonus3,23.8,28,1
bonus3,23.8,28.5,1
bonus3,23.8,29.3,1
bonus3,23.8,30,1
bonus3,23.8,31.2,1
bonus3,23.8,31.8,1
bonus3,23.8,31.9,1
bonus3,23.8,32.6,1
bonus3,23.8,33.1,1
bonus3,23.8,33.2,1
bonus3,23.8,33.7,1
bonus3,23.8,35.6,1
bonus3,23.8,36.1,1
bonus3,23.8,36.2,1
bonus3,23.8,36.5,1
bonus3,23.8,37.2,1
bonus3,23.8,37.4,1
bonus3,23.8,38.5,1
bonus3,23.8,38.7,1
bonus3,23.8,38.9,1
bonus3,23.8,41.7,1
bonus3,23.8,42.3,1
bonus3,23.8,42.4,1
bonus3,23.8,45.5,1
bonus3,23.8,46,1
bonus3,23.8,47,1
bonus3,23.8,47.2,1
bonus3,23.8,47.3,1
bonus3,23.8,47.5,1
bonus3,23.8,50,1
bonus3,23.8,50.1,1
bonus3,23.8,51.7,1
bonus3,23.8,51.8,1
bonus3,23.8,55,1
bonus3,23.8,56.4,1
bonus3,23.8,56.7,1
bonus3,23.8,57.1,1
bonus3,23.8,57.6,1
bonus3,23.8,57.7,1
bonus3,23.8,58,1
bonus3,23.8,59.8,2
bonus3,23.8,62,1
bonus3,23.8,63.4,1
bonus3,23.8,63.8,2
bonus3,23.8,64,1
bonus3,23.8,64.9,1
bonus3,23.8,65,1
bonus3,23.8,65.5,1
bonus3,23.8,66.1,1
bonus3,23.8,66.5,1
bonus3,23.8,66.8,1
bonus3,23.8,66.9,1
bonus3,23.8,67.4,1
bonus3,23.8,68.3,1
bonus3,23.8,68.7,1
bonus3,23.8,69.1,1
bonus3,23.8,69.5,1
bonus3,23.8,70,1
bonus3,23.8,71.5,2
bonus3,23.8,72,1
bonus3,23.8,72.7,1
bonus3,23.8,72.8,1
bonus3,23.8,73.5,1
bonus3,23.8,74.1,1
bonus3,23.8,74.6,1
bonus3,23.8,76,1
bonus3,23.8,76.8,1
bonus3,23.8,77.7,1
bonus3,23.8,78,1
bonus3,23.8,78.2,1
bonus3,23.8,78.5,1
bonus3,23.8,79.2,1
bonus3,23.8,80,1
bonus3,23.8,80.6,1
bonus3,23.8,81.6,1
bonus3,23.8,82.9,1
bonus3,23.8,83.3,1
bonus3,23.8,83.6,1
bonus3,23.8,84,1
bonus3,23.8,85.2,1
bonus3,23.8,85.3,1
bonus3,23.8,85.4,1
bonus3,23.8,86.8,1
bonus3,23.8,87,1
bonus3,23.8,87.1,1
bonus3,23.8,88.1,2
bonus3,23.8,89.6,1
bonus3,23.8,90.4,1
bonus3,23.8,90.5,3
bonus3,23.8,91.5,1
bonus3,23.8,92.2,1
bonus3,23.8,94.4,1
bonus3,23.8,95.6,1
bonus3,23.8,96,1
bonus3,23.8,96.3,1
bonus3,23.8,98.4,1
bonus3,25.5,0.2,2
bonus3,25.5,3,1
bonus3,25.5,3.5,1
bonus3,25.5,3.8,2
bonus3,25.5,7.6,1
bonus3,25.5,7.8,1
bonus3,25.5,8.2,1
bonus3,25.5,9.1,1
bonus3,25.5,9.3,1
bonus3,25.5,14.9,1
bonus3,25.5,15.8,1
bonus3,25.5,16.3,1
bonus3,25.5,17.2,1
bonus3,25.5,17.3,1
bonus3,25.5,18.8,1
bonus3,25.5,20,1
bonus3,25.5,21.1,1
bonus3,25.5,21.6,1
bonus3,25.5,22.9,1
bonus3,25.5,23.6,1
bonus3,25.5,23.7,1
bonus3,25.5,25,1
bonus3,25.5,25.4,1
bonus3,25.5,28.5,1
bonus3,25.5,31.5,1
bonus3,25.5,33.6,1
bonus3,25.5,34,1
bonus3,25.5,35.1,1
bonus3,25.5,35.3,1
bonus3,25.5,35.9,1
bonus3,25.5,41.5,1
bonus3,25.5,41.8,1
bonus3,25.5,43.6,1
bonus3,25.5,43.8,1
bonus3,25.5,44.4,1
bonus3,25.5,45,1
bonus3,25.5,45.2,1
bonus3,25.5,46.3,1
bonus3,25.5,46.5,1
bonus3,25.5,46.6,1
bonus3,25.5,47.3,1
bonus3,25.5,47.7,1
bonus3,25.5,48.3,1
bonus3,25.5,50,1
bonus3,25.5,51,1
bonus3,25.5,51.2,1
bonus3,25.5,52.7,1
bonus3,25.5,54,1
bonus3,25.5,56,1
bonus3,25.5,56.2,1
bonus3,25.5,56.5,1
bonus3,25.5,57.6,1
bonus3,25.5,58.9,1
bonus3,25.5,60.3,1
bonus3,25.5,61.1,1
bonus3,25.5,61.9,1
bonus3,25.5,62.3,1
bonus3,25.5,63.6,3
bonus3,25.5,64.6,1
bonus3,25.5,65,1
bonus3,25.5,66.7,2
bonus3,25.5,67,1
bonus3,25.5,69.1,1
bonus3,25.5,69.7,1
bonus3,25.5,69.9,1
bonus3,25.5,71.5,1
bonus3,25.5,72.2,1
bonus3,25.5,72.4,1
bonus3,25.5,74.8,1
bonus3,25.5,75.5,1
bonus3,25.5,76,1
bonus3,25.5,79.9,1
bonus3,25.5,81.5,1
bonus3,25.5,81.7,1
bonus3,25.5,82.5,1
bonus3,25.5,83.3,1
bonus3,25.5,86.2,1
bonus3,25.5,87.2,1
bonus3,25.5,87.3,1
bonus3,25.5,88.3,1
bonus3,25.5,88.8,1
bonus3,25.5,89,1
bonus3,25.5,90,1
bonus3,25.5,92.4,1
bonus3,25.5,93.6,1
bonus3,25.5,94.2,1
bonus3,25.5,95.7,1
bonus3,27.1,0.4,1
bonus3,27.1,1,1
bonus3,27.1,1.1,1
bonus3,27.1,1.5,1
bonus3,27.1,1.6,1
bonus3,27.1,1.8,1
bonus3,27.1,2.8,1
bonus3,27.1,3.2,1
bonus3,27.1,3.6,1
bonus3,27.1,3.8,1
bonus3,27.1,5.2,1
bonus3,27.1,6.4,1
bonus3,27.1,6.6,1
bonus3,27.1,6.8,1
bonus3,27.1,7.1,1
bonus3,27.1,8.3,1
bonus3,27.1,9.5,1
bonus3,27.1,9.6,2
bonus3,27.1,10.3,1
bonus3,27.1,12.6,1
bonus3,27.1,13.1,1
bonus3,27.1,13.7,1
bonus3,27.1,15,1
bonus3,27.1,16.2,1
bonus3,27.1,16.3,1
bonus3,27.1,16.6,1
bonus3,27.1,16.7,1
bonus3,27.1,17.3,1
bonus3,27.1,17.5,1
bonus3,27.1,18,1
bonus3,27.1,19.6,1
bonus3,27.1,20,1
bonus3,27.1,20.8,1
bonus3,27.1,22.2,1
bonus3,27.1,22.6,1
bonus3,27.1,22.9,2
bonus3,27.1,23.1,1
bonus3,27.1,23.4,1
bonus3,27.1,25.3,1
bonus3,27.1,26,1
bonus3,27.1,27.1,2
bonus3,27.1,27.2,1
bonus3,27.1,27.7,1
bonus3,27.1,28.9,1
bonus3,27.1,29.5,1
bonus3,27.1,29.8,1
bonus3,27.1,29.9,1
bonus3,27.1,33,1
bonus3,27.1,33.5,1
bonus3,27.1,33.9,1
bonus3,27.1,34,1
bonus3,27.1,34.3,1
bonus3,27.1,34.7,1
bonus3,27.1,34.9,1
bonus3,27.1,36.2,1
bonus3,27.1,37.7,1
bonus3,27.1,38,1
bonus3,27.1,39,1
bonus3,27.1,39.6,1
bonus3,27.1,41.3,1
bonus3,27.1,42.2,1
bonus3,27.1,42.9,1
bonus3,27.1,43.1,2
bonus3,27.1,44.5,1
bonus3,27.1,44.6,1
bonus3,27.1,45.6,1
bonus3,27.1,46.1,1
bonus3,27.1,46.3,1
bonus3,27.1,46.4,1
bonus3,27.1,48.2,1
bonus3,27.1,48.7,1
bonus3,27.1,49.6,1
bonus3,27.1,50.1,1
bonus3,27.1,50.8,1
bonus3,27.1,51.2,1
bonus3,27.1,51.4,1
bonus3,27.1,51.7,1
bonus3,27.1,52.4,1
bonus3,27.1,52.7,1
bonus3,27.1,53.4,1
bonus3,27.1,53.5,1
bonus3,27.1,55.6,1
bonus3,27.1,56.7,1
bonus3,27.1,56.8,1
bonus3,27.1,57.5,1
bonus3,27.1,58.8,1
bonus3,27.1,60.7,1
bonus3,27.1,62.7,1
bonus3,27.1,62.8,1
bonus3,27.1,63,1
bonus3,27.1,63.5,1
bonus3,27.1,63.8,1
bonus3,27.1,64,1
bonus3,27.1,64.2,1
bonus3,27.1,65.3,1
bonus3,27.1,66.6,1
bonus3,27.1,66.9,1
bonus3,27.1,67.1,1
bonus3,27.1,67.4,1
bonus3,27.1,68.1,1
bonus3,27.1,68.3,1
bonus3,27.1,68.5,1
bonus3,27.1,69.5,1
bonus3,27.1,70.7,1
bonus3,27.1,70.8,1
bonus3,27.1,71.2,1
bonus3,27.1,71.8,1
bonus3,27.1,73.3,1
bonus3,27.1,74.9,1
bonus3,27.1,75.7,1
bonus3,27.1,76.5,1
bonus3,27.1,77.2,1
bonus3,27.1,78.1,2
bonus3,27.1,78.4,1
bonus3,27.1,78.9,1
bonus3,27.1,80.2,1
bonus3,27.1,80.4,1
bonus3,27.1,80.7,1
bonus3,27.1,82.6,1
bonus3,27.1,84,1
bonus3,27.1,84.5,1
bonus3,27.1,84.7,1
bonus3,27.1,85.1,1
bonus3,27.1,85.3,1
bonus3,27.1,85.4,1
bonus3,27.1,87.4,1
bonus3,27.1,89.8,1
bonus3,27.1,89.9,1
bonus3,27.1,90,1
bonus3,27.1,90.3,1
bonus3,27.1,90.7,1
bonus3,27.1,91.2,1
bonus3,27.1,92.2,1
bonus3,27.1,92.5,1
bonus3,27.1,93.7,1
bonus3,27.1,94.7,1
bonus3,27.1,96.8,1
bonus3,27.1,98.2,1
bonus3,27.1,98.8,1
bonus3,28.9,3.7,1
bonus3,28.9,3.9,1
bonus3,28.9,4,1
bonus3,28.9,4.1,1
bonus3,28.9,4.4,1
bonus3,28.9,4.7,1
bonus3,28.9,4.8,1
bonus3,28.9,6.3,1
bonus3,28.9,8.5,1
bonus3,28.9,8.6,1
bonus3,28.9,9.2,1
bonus3,28.9,9.8,1
bonus3,28.9,13.6,1
bonus3,28.9,14,2
bonus3,28.9,15.1,1
bonus3,28.9,15.6,1
bonus3,28.9,17.8,1
bonus3,28.9,18.2,1
bonus3,28.9,18.4,1
bonus3,28.9,20.8,1
bonus3,28.9,21,1
bonus3,28.9,21.3,1
bonus3,28.9,22.4,1
bonus3,28.9,23.1,1
bonus3,28.9,23.4,1
bonus3,28.9,23.9,1
bonus3,28.9,24.7,1
bonus3,28.9,26.2,1
bonus3,28.9,26.7,1
bonus3,28.9,28.7,1
bonus3,28.9,28.8,1
bonus3,28.9,30.6,1
bonus3,28.9,30.8,1
bonus3,28.9,33.3,1
bonus3,28.9,33.8,1
bonus3,28.9,34.9,1
bonus3,28.9,35,1
bonus3,28.9,36.1,1
bonus3,28.9,37.9,1
bonus3,28.9,38.3,1
bonus3,28.9,40,1
bonus3,28.9,41.7,1
bonus3,28.9,42,1
bonus3,28.9,42.5,1
bonus3,28.9,43.1,1
bonus3,28.9,45.4,1
bonus3,28.9,47.4,1
bonus3,28.9,47.6,1
bonus3,28.9,50.7,1
bonus3,28.9,50.9,1
bonus3,28.9,54.8,1
bonus3,28.9,55.9,1
bonus3,28.9,56.3,1
bonus3,28.9,58.9,1
bonus3,28.9,60.6,1
bonus3,28.9,60.9,1
bonus3,28.9,61,2
bonus3,28.9,61.5,1
bonus3,28.9,61.6,1
bonus3,28.9,63.2,1
bonus3,28.9,64.2,1
bonus3,28.9,64.6,1
bonus3,28.9,64.7,1
bonus3,28.9,64.8,1
bonus3,28.9,66.2,1
bonus3,28.9,66.7,1
bonus3,28.9,67,1
bonus3,28.9,67.1,1
bonus3,28.9,67.3,1
bonus3,28.9,67.5,1
bonus3,28.9,67.7,1
bonus3,28.9,68.1,1
bonus3,28.9,69.6,1
bonus3,28.9,71,1
bonus3,28.9,71.1,1
bonus3,28.9,72.1,1
bonus3,28.9,75,1
bonus3,28.9,75.4,2
bonus3,28.9,77.4,1
bonus3,28.9,77.5,1
bonus3,28.9,77.7,1
bonus3,28.9,79,1
bonus3,28.9,79.1,1
bonus3,28.9,80.3,1
bonus3,28.9,80.4,1
bonus3,28.9,82.9,1
bonus3,28.9,84.1,1
bonus3,28.9,84.6,1
bonus3,28.9,85,1
bonus3,28.9,85.2,1
bonus3,28.9,85.7,1
bonus3,28.9,86.4,1
bonus3,28.9,87.5,1
bonus3,28.9,88.1,1
bonus3,28.9,88.2,1
bonus3,28.9,88.4,1
bonus3,28.9,89.8,1
bonus3,28.9,90.3,1
bonus3,28.9,93.2,1
bonus3,28.9,94.6,1
bonus3,28.9,96.7,1
bonus3,28.9,97.1,1
bonus3,28.9,98.5,1
bonus3,28.9,99.2,1
bonus3,28.9,100,1
bonus3,31,0.5,1
bonus3,31,1.4,1
bonus3,31,1.8,1
bonus3,31,2.4,1
bonus3,31,2.6,1
bonus3,31,2.7,1
bonus3,31,2.8,1
bonus3,31,2.9,1
bonus3,31,3.1,1
bonus3,31,3.3,1
bonus3,31,5,1
bonus3,31,5.1,1
bonus3,31,5.5,1
bonus3,31,5.9,1
bonus3,31,6.7,1
bonus3,31,8,1
bonus3,31,9.7,1
bonus3,31,9.9,1
bonus3,31,10.2,1
bonus3,31,10.5,1
bonus3,31,10.6,1
bonus3,31,10.7,1
bonus3,31,10.9,1
bonus3,31,11.2,1
bonus3,31,11.3,1
bonus3,31,11.7,1
bonus3,31,12.3,1
bonus3,31,12.7,1
bonus3,31,13.5,1
bonus3,31,15,1
bonus3,31,16.4,2
bonus3,31,16.6,1
bonus3,31,17,1
bonus3,31,17.1,1
bonus3,31,17.5,1
bonus3,31,17.9,1
bonus3,31,18.1,1
bonus3,31,18.2,1
bonus3,31,18.7,1
bonus3,31,18.9,1
bonus3,31,19.9,1
bonus3,31,20.3,1
bonus3,31,20.8,1
bonus3,31,20.9,1
bonus3,31,22.4,1
bonus3,31,23.5,1
bonus3,31,23.6,1
bonus3,31,24.7,1
bonus3,31,25.1,1
bonus3,31,25.5,2
bonus3,31,26.2,1
bonus3,31,26.4,1
bonus3,31,26.6,2
bonus3,31,27.1,1
bonus3,31,27.2,1
bonus3,31,27.3,1
bonus3,31,28.2,2
bonus3,31,28.4,1
bonus3,31,28.9,1
bonus3,31,29.4,1
bonus3,31,29.5,1
bonus3,31,29.6,1
bonus3,31,31.8,1
bonus3,31,31.9,1
bonus3,31,32.3,1
bonus3,31,32.8,1
bonus3,31,33.2,1
bonus3,31,34.2,1
bonus3,31,34.3,1
bonus3,31,35,1
bonus3,31,35.2,1
bonus3,31,36.3,1
bonus3,31,36.6,1
bonus3,31,36.8,1
bonus3,31,37.1,1
bonus3,31,37.4,1
bonus3,31,37.5,1
bonus3,31,38,1
bonus3,31,38.3,1
bonus3,31,39.7,1
bonus3,31,39.9,1
bonus3,31,41.1,1
bonus3,31,41.4,1
bonus3,31,41.9,1
bonus3,31,42.3,1
bonus3,31,43,1
bonus3,31,44.2,1
bonus3,31,44.3,1
bonus3,31,44.4,1
bonus3,31,44.6,2
bonus3,31,45.7,1
bonus3,31,45.8,1
bonus3,31,46.5,1
bonus3,31,47.4,1
bonus3,31,47.5,1
bonus3,31,47.9,1
bonus3,31,48.4,1
bonus3,31,48.6,2
bonus3,31,49.1,1
bonus3,31,49.2,1
bonus3,31,49.7,2
bonus3,31,49.9,1
bonus3,31,50,1
bonus3,31,50.3,1
bonus3,31,51,1
bonus3,31,51.1,1
bonus3,31,53.2,1
bonus3,31,54,1
bonus3,31,54.7,1
bonus3,31,54.8,1
bonus3,31,55,1
bonus3,31,55.4,1
bonus3,31,57,1
bonus3,31,57.4,2
bonus3,31,57.8,1
bonus3,31,58.6,1
bonus3,31,59.1,2
bonus3,31,59.3,1
bonus3,31,60.1,1
bonus3,31,60.4,2
bonus3,31,61.2,1
bonus3,31,61.4,1
bonus3,31,62.2,1
bonus3,31,62.3,1
bonus3,31,62.4,1
bonus3,31,63.9,1
bonus3,31,64.3,1
bonus3,31,64.4,1
bonus3,31,65.7,1
bonus3,31,65.8,1
bonus3,31,67,1
bonus3,31,67.6,1
bonus3,31,68.2,1
bonus3,31,69.3,1
bonus3,31,70.3,1
bonus3,31,70.6,1
bonus3,31,70.8,1
bonus3,31,71.1,1
bonus3,31,71.7,1
bonus3,31,71.8,1
bonus3,31,72.5,1
bonus3,31,72.8,1
bonus3,31,73.2,1
bonus3,31,73.4,1
bonus3,31,73.7,1
bonus3,31,74.1,1
bonus3,31,74.2,1
bonus3,31,74.7,1
bonus3,31,74.8,1
bonus3,31,75.1,2
bonus3,31,75.4,1
bonus3,31,76.1,2
bonus3,31,76.3,1
bonus3,31,76.4,1
bonus3,31,76.8,1
bonus3,31,77.3,1
bonus3,31,77.4,1
bonus3,31,77.7,1
bonus3,31,78,1
bonus3,31,78.3,1
bonus3,31,78.6,1
bonus3,31,78.8,1
bonus3,31,78.9,1
bonus3,31,79.3,1
bonus3,31,81.6,1
bonus3,31,82.1,1
bonus3,31,82.6,1
bonus3,31,82.9,1
bonus3,31,85.4,1
bonus3,31,85.8,1
bonus3,31,86.5,1
bonus3,31,86.8,1
bonus3,31,87.5,1
bonus3,31,88.4,1
bonus3,31,88.7,1
bonus3,31,90.2,1
bonus3,31,91.2,1
bonus3,31,91.4,1
bonus3,31,92,1
bonus3,31,92.5,1
bonus3,31,92.9,1
bonus3,31,93.3,1
bonus3,31,93.5,1
bonus3,31,94.1,1
bonus3,31,94.2,1
bonus3,31,95.1,1
bonus3,31,95.4,1
bonus3,31,96.5,2
bonus3,31,97.9,1
bonus3,33.3,1.8,1
bonus3,33.3,2,1
bonus3,33.3,3.3,1
bonus3,33.3,3.4,1
bonus3,33.3,4.8,1
bonus3,33.3,5.8,1
bonus3,33.3,6,1
bonus3,33.3,6.4,1
bonus3,33.3,7.5,1
bonus3,33.3,7.6,1
bonus3,33.3,8.3,1
bonus3,33.3,9.4,1
bonus3,33.3,9.7,1
bonus3,33.3,10,1
bonus3,33.3,10.3,1
bonus3,33.3,12.5,1
bonus3,33.3,12.7,1
bonus3,33.3,12.8,1
bonus3,33.3,14.3,1
bonus3,33.3,14.5,1
bonus3,33.3,15,1
bonus3,33.3,15.8,1
bonus3,33.3,16.7,1
bonus3,33.3,17.1,1
bonus3,33.3,17.6,1
bonus3,33.3,18.2,1
bonus3,33.3,18.5,1
bonus3,33.3,20.3,1
bonus3,33.3,22.2,1
bonus3,33.3,23.6,2
bonus3,33.3,24.9,1
bonus3,33.3,25.4,1
bonus3,33.3,26.2,1
bonus3,33.3,26.7,1
bonus3,33.3,28.1,1
bonus3,33.3,29.2,1
bonus3,33.3,29.6,1
bonus3,33.3,32.2,1
bonus3,33.3,32.3,1
bonus3,33.3,33.1,1
bonus3,33.3,34.3,1
bonus3,33.3,34.6,1
bonus3,33.3,36.1,1
bonus3,33.3,37.7,1
bonus3,33.3,37.8,1
bonus3,33.3,38.2,1
bonus3,33.3,38.4,1
bonus3,33.3,39.1,1
bonus3,33.3,41.2,1
bonus3,33.3,41.6,1
bonus3,33.3,42.1,1
bonus3,33.3,42.2,1
bonus3,33.3,43.5,1
bonus3,33.3,45,1
bonus3,33.3,48.4,1
bonus3,33.3,51.9,1
bonus3,33.3,52,1
bonus3,33.3,52.4,1
bonus3,33.3,52.9,1
bonus3,33.3,53.2,2
bonus3,33.3,53.5,1
bonus3,33.3,55.6,1
bonus3,33.3,55.9,1
bonus3,33.3,56.4,1
bonus3,33.3,58,1
bonus3,33.3,58.7,1
bonus3,33.3,59,1
bonus3,33.3,59.6,1
bonus3,33.3,61.8,1
bonus3,33.3,62.5,1
bonus3,33.3,62.7,1
bonus3,33.3,63.2,1
bonus3,33.3,63.7,1
bonus3,33.3,64,1
bonus3,33.3,64.7,1
bonus3,33.3,65,1
bonus3,33.3,65.2,1
bonus3,33.3,65.8,1
bonus3,33.3,67.5,1
bonus3,33.3,68,1
bonus3,33.3,68.2,2
bonus3,33.3,68.9,1
bonus3,33.3,69.2,2
bonus3,33.3,70.6,1
bonus3,33.3,70.7,1
bonus3,33.3,70.9,1
bonus3,33.3,71.6,1
bonus3,33.3,71.7,1
bonus3,33.3,72.6,2
bonus3,33.3,73.8,1
bonus3,33.3,75.4,1
bonus3,33.3,75.6,1
bonus3,33.3,75.8,1
bonus3,33.3,76.5,1
bonus3,33.3,76.8,1
bonus3,33.3,76.9,1
bonus3,33.3,77.1,1
bonus3,33.3,77.7,1
bonus3,33.3,78,1
bonus3,33.3,79.2,1
bonus3,33.3,79.5,1
bonus3,33.3,80.9,1
bonus3,33.3,83,1
bonus3,33.3,84.5,1
bonus3,33.3,85.2,1
bonus3,33.3,85.8,1
bonus3,33.3,87.3,1
bonus3,33.3,88.8,1
bonus3,33.3,89.3,1
bonus3,33.3,89.9,1
bonus3,33.3,91,1
bonus3,33.3,91.1,1
bonus3,33.3,91.6,1
bonus3,33.3,93.7,1
bonus3,33.3,94.6,1
bonus3,33.3,95.4,1
bonus3,33.3,96.2,1
bonus3,33.3,96.3,1
bonus3,33.3,97.3,1
bonus3,33.3,98.8,1
bonus3,33.3,98.9,1
bonus3,33.3,99.9,1
bonus3,35.7,0,1
bonus3,35.7,0.3,1
bonus3,35.7,0.5,2
bonus3,35.7,1.1,1
bonus3,35.7,1.4,1
bonus3,35.7,1.5,1
bonus3,35.7,1.6,1
bonus3,35.7,1.7,1
bonus3,35.7,2,1
bonus3,35.7,2.4,1
bonus3,35.7,2.5,1
bonus3,35.7,2.6,1
bonus3,35.7,2.8,1
bonus3,35.7,3.2,1
bonus3,35.7,3.5,2
bonus3,35.7,3.8,1
bonus3,35.7,3.9,1
bonus3,35.7,4.1,2
bonus3,35.7,4.7,2
bonus3,35.7,5.1,1
bonus3,35.7,5.2,1
bonus3,35.7,5.4,1
bonus3,35.7,5.9,1
bonus3,35.7,6.3,1
bonus3,35.7,6.5,1
bonus3,35.7,6.6,1
bonus3,35.7,8.6,1
bonus3,35.7,9,1
bonus3,35.7,9.8,1
bonus3,35.7,9.9,1
bonus3,35.7,10.9,1
bonus3,35.7,11,1
bonus3,35.7,11.8,1
bonus3,35.7,12.5,1
bonus3,35.7,12.8,1
bonus3,35.7,13,1
bonus3,35.7,13.3,1
bonus3,35.7,13.8,1
bonus3,35.7,14.2,1
bonus3,35.7,14.5,1
bonus3,35.7,15.4,1
bonus3,35.7,15.8,1
bonus3,35.7,16.1,1
bonus3,35.7,16.2,1
bonus3,35.7,17.1,1
bonus3,35.7,17.8,1
bonus3,35.7,18.6,1
bonus3,35.7,19.5,1
bonus3,35.7,19.9,1
bonus3,35.7,20,1
bonus3,35.7,21.3,1
bonus3,35.7,21.4,2
bonus3,35.7,21.8,2
bonus3,35.7,21.9,1
bonus3,35.7,22,1
bonus3,35.7,22.4,1
bonus3,35.7,22.6,1
bonus3,35.7,22.8,1
bonus3,35.7,23.2,1
bonus3,35.7,23.6,1
bonus3,35.7,24.7,1
bonus3,35.7,25.5,1
bonus3,35.7,25.8,1
bonus3,35.7,26.4,1
bonus3,35.7,26.5,1
bonus3,35.7,27,1
bonus3,35.7,27.1,1
bonus3,35.7,27.4,1
bonus3,35.7,27.7,1
bonus3,35.7,29,1
bonus3,35.7,29.1,1
bonus3,35.7,29.3,1
bonus3,35.7,30.2,1
bonus3,35.7,30.6,1
bonus3,35.7,30.7,1
bonus3,35.7,31,1
bonus3,35.7,31.3,1
bonus3,35.7,31.8,1
bonus3,35.7,32,1
bonus3,35.7,32.5,1
bonus3,35.7,32.8,1
bonus3,35.7,33.3,1
bonus3,35.7,33.6,1
bonus3,35.7,33.8,1
bonus3,35.7,34.2,1
bonus3,35.7,34.3,1
bonus3,35.7,34.5,1
bonus3,35.7,34.7,1
bonus3,35.7,35,1
bonus3,35.7,35.4,1
bonus3,35.7,35.6,1
bonus3,35.7,36.3,1
bonus3,35.7,38.2,1
bonus3,35.7,38.4,1
bonus3,35.7,39.9,1
bonus3,35.7,41,1
bonus3,35.7,41.4,1
bonus3,35.7,42.1,2
bonus3,35.7,44.1,1
bonus3,35.7,44.3,1
bonus3,35.7,44.4,1
bonus3,35.7,44.5,1
bonus3,35.7,44.7,1
bonus3,35.7,45.1,1
bonus3,35.7,46.2,1
bonus3,35.7,46.9,1
bonus3,35.7,47,1
bonus3,35.7,47.7,1
bonus3,35.7,47.8,1
bonus3,35.7,48.7,1
bonus3,35.7,48.8,1
bonus3,35.7,49,1
bonus3,35.7,51.5,1
bonus3,35.7,52.3,1
bonus3,35.7,52.5,1
bonus3,35.7,53.5,1
bonus3,35.7,53.9,1
bonus3,35.7,56,1
bonus3,35.7,56.3,1
bonus3,35.7,56.6,1
bonus3,35.7,57.1,1
bonus3,35.7,57.4,1
bonus3,35.7,58,1
bonus3,35.7,58.2,1
bonus3,35.7,58.4,1
bonus3,35.7,58.7,1
bonus3,35.7,60.2,1
bonus3,35.7,60.3,1
bonus3,35.7,60.8,1
bonus3,35.7,61,1
bonus3,35.7,61.1,1
bonus3,35.7,62.1,1
bonus3,35.7,62.5,1
bonus3,35.7,63.8,1
bonus3,35.7,64.4,1
bonus3,35.7,64.5,2
bonus3,35.7,64.6,1
bonus3,35.7,65.5,1
bonus3,35.7,66.4,1
bonus3,35.7,66.5,1
bonus3,35.7,67.6,2
bonus3,35.7,67.7,1
bonus3,35.7,68,1
bonus3,35.7,68.1,1
bonus3,35.7,68.7,2
bonus3,35.7,68.9,1
bonus3,35.7,69.2,1
bonus3,35.7,69.3,1
bonus3,35.7,69.4,1
bonus3,35.7,69.9,1
bonus3,35.7,71.2,1
bonus3,35.7,71.3,1
bonus3,35.7,71.9,1
bonus3,35.7,72,1
bonus3,35.7,72.4,1
bonus3,35.7,73.1,1
bonus3,35.7,73.2,1
bonus3,35.7,73.8,1
bonus3,35.7,74.4,1
bonus3,35.7,74.7,1
bonus3,35.7,75.1,1
bonus3,35.7,75.9,1
bonus3,35.7,77.2,1
bonus3,35.7,78.3,1
bonus3,35.7,79,1
bonus3,35.7,79.1,1
bonus3,35.7,79.3,1
bonus3,35.7,79.8,2
bonus3,35.7,79.9,1
bonus3,35.7,80.5,1
bonus3,35.7,81.3,1
bonus3,35.7,81.4,1
bonus3,35.7,82.4,1
bonus3,35.7,83.4,1
bonus3,35.7,83.7,1
bonus3,35.7,83.9,2
bonus3,35.7,84.3,1
bonus3,35.7,84.6,3
bonus3,35.7,86.2,1
bonus3,35.7,86.6,1
bonus3,35.7,87,1
bonus3,35.7,87.9,2
bonus3,35.7,88,1
bonus3,35.7,88.2,1
bonus3,35.7,88.7,2
bonus3,35.7,89.6,1
bonus3,35.7,90.9,1
bonus3,35.7,91.4,1
bonus3,35.7,92,1
bonus3,35.7,92.6,2
bonus3,35.7,93,1
bonus3,35.7,93.1,1
bonus3,35.7,93.5,1
bonus3,35.7,93.7,1
bonus3,35.7,93.8,1
bonus3,35.7,94.6,1
bonus3,35.7,95.2,1
bonus3,35.7,95.5,1
bonus3,35.7,95.9,1
bonus3,35.7,96,1
bonus3,35.7,96.7,2
bonus3,35.7,96.9,1
bonus3,35.7,97.2,1
bonus3,35.7,97.4,1
bonus3,35.7,98.2,1
bonus3,35.7,98.3,1
bonus3,35.7,99,1
bonus3,35.7,99.1,1
bonus3,38.5,0.2,1
bonus3,38.5,0.7,1
bonus3,38.5,0.8,1
bonus3,38.5,1.3,1
bonus3,38.5,2.1,1
bonus3,38.5,4.4,1
bonus3,38.5,4.9,1
bonus3,38.5,5.6,1
bonus3,38.5,5.8,1
bonus3,38.5,7.2,1
bonus3,38.5,10.7,1
bonus3,38.5,10.9,1
bonus3,38.5,11,1
bonus3,38.5,11.4,1
bonus3,38.5,11.8,1
bonus3,38.5,13,1
bonus3,38.5,13.1,1
bonus3,38.5,13.2,1
bonus3,38.5,14.3,1
bonus3,38.5,14.6,1
bonus3,38.5,14.7,2
bonus3,38.5,15.4,1
bonus3,38.5,15.7,1
bonus3,38.5,15.9,1
bonus3,38.5,16.2,1
bonus3,38.5,16.8,2
bonus3,38.5,17.3,1
bonus3,38.5,18.2,1
bonus3,38.5,18.4,1
bonus3,38.5,18.6,1
bonus3,38.5,19.2,1
bonus3,38.5,20.2,1
bonus3,38.5,20.3,1
bonus3,38.5,20.5,1
bonus3,38.5,20.9,1
bonus3,38.5,21.1,1
bonus3,38.5,21.3,1
bonus3,38.5,21.4,1
bonus3,38.5,23.5,1
bonus3,38.5,24,1
bonus3,38.5,24.6,1
bonus3,38.5,24.8,1
bonus3,38.5,25.8,1
bonus3,38.5,25.9,1
bonus3,38.5,26.2,1
bonus3,38.5,26.7,1
bonus3,38.5,27.3,1
bonus3,38.5,27.6,1
bonus3,38.5,28.3,1
bonus3,38.5,28.4,2
bonus3,38.5,30.1,3
bonus3,38.5,30.2,1
bonus3,38.5,30.6,1
bonus3,38.5,30.9,2
bonus3,38.5,31.6,1
bonus3,38.5,32.9,1
bonus3,38.5,33.9,1
bonus3,38.5,34.1,1
bonus3,38.5,34.4,1
bonus3,38.5,35.8,1
bonus3,38.5,35.9,1
bonus3,38.5,36.7,1
bonus3,38.5,36.9,1
bonus3,38.5,37.7,1
bonus3,38.5,38.7,1
bonus3,38.5,39.2,1
bonus3,38.5,39.3,1
bonus3,38.5,40,1
bonus3,38.5,40.4,1
bonus3,38.5,41.3,1
bonus3,38.5,41.8,1
bonus3,38.5,42.3,1
bonus3,38.5,42.4,1
bonus3,38.5,43.1,1
bonus3,38.5,43.3,1
bonus3,38.5,43.6,1
bonus3,38.5,44.8,1
bonus3,38.5,45,1
bonus3,38.5,45.5,1
bonus3,38.5,45.6,1
bonus3,38.5,45.7,1
bonus3,38.5,45.9,1
bonus3,38.5,46.3,1
bonus3,38.5,46.4,1
bonus3,38.5,46.7,1
bonus3,38.5,47.9,1
bonus3,38.5,48.3,1
bonus3,38.5,50.2,1
bonus3,38.5,50.3,1
bonus3,38.5,50.6,1
bonus3,38.5,50.9,1
bonus3,38.5,51.2,1
bonus3,38.5,52.2,1
bonus3,38.5,55.9,1
bonus3,38.5,56.3,1
bonus3,38.5,57,1
bonus3,38.5,57.7,2
bonus3,38.5,59.2,1
bonus3,38.5,59.3,1
bonus3,38.5,59.7,2
bonus3,38.5,59.8,1
bonus3,38.5,60.5,1
bonus3,38.5,62.1,1
bonus3,38.5,62.2,1
bonus3,38.5,62.6,1
bonus3,38.5,62.7,1
bonus3,38.5,62.9,1
bonus3,38.5,63,1
bonus3,38.5,63.3,1
bonus3,38.5,63.4,1
bonus3,38.5,64.5,1
bonus3,38.5,66.2,1
bonus3,38.5,68.1,1
bonus3,38.5,69.3,1
bonus3,38.5,69.5,1
bonus3,38.5,70.1,1
bonus3,38.5,70.2,2
bonus3,38.5,70.3,1
bonus3,38.5,70.8,1
bonus3,38.5,71.7,1
bonus3,38.5,72,1
bonus3,38.5,72.7,1
bonus3,38.5,72.8,1
bonus3,38.5,73.5,1
bonus3,38.5,74.5,1
bonus3,38.5,74.7,2
bonus3,38.5,74.9,1
bonus3,38.5,75.5,1
bonus3,38.5,75.7,1
bonus3,38.5,77.6,1
bonus3,38.5,77.8,1
bonus3,38.5,78,1
bonus3,38.5,78.2,1
bonus3,38.5,78.3,1
bonus3,38.5,78.6,1
bonus3,38.5,79.1,1
bonus3,38.5,79.5,2
bonus3,38.5,79.8,1
bonus3,38.5,80.4,1
bonus3,38.5,80.9,1
bonus3,38.5,81,1
bonus3,38.5,82.7,1
bonus3,38.5,83.1,1
bonus3,38.5,83.5,1
bonus3,38.5,83.6,1
bonus3,38.5,84,1
bonus3,38.5,85.7,1
bonus3,38.5,86.4,1
bonus3,38.5,86.8,1
bonus3,38.5,86.9,2
bonus3,38.5,87,1
bonus3,38.5,88.1,1
bonus3,38.5,88.4,1
bonus3,38.5,88.8,1
bonus3,38.5,89.1,1
bonus3,38.5,91,1
bonus3,38.5,91.5,1
bonus3,38.5,91.6,1
bonus3,38.5,92,2
bonus3,38.5,92.1,1
bonus3,38.5,92.7,1
bonus3,38.5,93.1,1
bonus3,38.5,93.9,1
bonus3,38.5,96.7,1
bonus3,38.5,97.9,1
bonus3,41.4,0.1,1
bonus3,41.4,0.6,1
bonus3,41.4,0.7,1
bonus3,41.4,1,1
bonus3,41.4,1.1,1
bonus3,41.4,1.6,1
bonus3,41.4,1.8,1
bonus3,41.4,1.9,2
bonus3,41.4,2.2,1
bonus3,41.4,2.3,1
bonus3,41.4,2.4,1
bonus3,41.4,2.7,1
bonus3,41.4,3.7,1
bonus3,41.4,4.2,1
bonus3,41.4,4.3,1
bonus3,41.4,4.5,1
bonus3,41.4,4.6,1
bonus3,41.4,5.1,1
bonus3,41.4,5.4,1
bonus3,41.4,5.7,1
bonus3,41.4,6.1,1
bonus3,41.4,7.1,1
bonus3,41.4,7.6,1
bonus3,41.4,8.8,1
bonus3,41.4,8.9,1
bonus3,41.4,9,2
bonus3,41.4,9.2,1
bonus3,41.4,9.6,1
bonus3,41.4,9.8,2
bonus3,41.4,10,1
bonus3,41.4,10.4,1
bonus3,41.4,10.5,1
bonus3,41.4,10.8,1
bonus3,41.4,11.4,1
bonus3,41.4,11.8,1
bonus3,41.4,12.5,1
bonus3,41.4,12.6,2
bonus3,41.4,12.7,1
bonus3,41.4,12.8,1
bonus3,41.4,15.1,1
bonus3,41.4,15.6,1
bonus3,41.4,16.5,1
bonus3,41.4,17.3,1
bonus3,41.4,17.5,2
bonus3,41.4,18.1,1
bonus3,41.4,18.7,1
bonus3,41.4,18.8,1
bonus3,41.4,19.3,1
bonus3,41.4,19.9,1
bonus3,41.4,20.9,1
bonus3,41.4,21.7,1
bonus3,41.4,22.9,1
bonus3,41.4,23,1
bonus3,41.4,23.7,1
bonus3,41.4,24.4,1
bonus3,41.4,25.2,1
bonus3,41.4,26,1
bonus3,41.4,26.3,1
bonus3,41.4,26.4,1
bonus3,41.4,27.1,1
bonus3,41.4,27.4,1
bonus3,41.4,27.8,1
bonus3,41.4,28,1
bonus3,41.4,28.3,2
bonus3,41.4,28.6,1
bonus3,41.4,29.8,1
bonus3,41.4,29.9,1
bonus3,41.4,30,1
bonus3,41.4,30.4,1
bonus3,41.4,31.5,1
bonus3,41.4,31.6,1
bonus3,41.4,32,1
bonus3,41.4,32.7,1
bonus3,41.4,32.9,1
bonus3,41.4,33,2
bonus3,41.4,33.7,1
bonus3,41.4,34.4,1
bonus3,41.4,34.6,1
bonus3,41.4,34.8,1
bonus3,41.4,35.3,1
bonus3,41.4,35.5,1
bonus3,41.4,35.9,1
bonus3,41.4,36,1
bonus3,41.4,36.1,1
bonus3,41.4,36.6,1
bonus3,41.4,36.9,1
bonus3,41.4,38.1,1
bonus3,41.4,38.2,1
bonus3,41.4,38.7,1
bonus3,41.4,39.3,1
bonus3,41.4,39.5,1
bonus3,41.4,40.6,1
bonus3,41.4,40.8,1
bonus3,41.4,40.9,1
bonus3,41.4,41.2,1
bonus3,41.4,41.4,1
bonus3,41.4,41.5,1
bonus3,41.4,41.8,1
bonus3,41.4,41.9,1
bonus3,41.4,42.1,1
bonus3,41.4,42.6,1
bonus3,41.4,42.8,2
bonus3,41.4,43,1
bonus3,41.4,43.1,1
bonus3,41.4,43.2,1
bonus3,41.4,43.4,1
bonus3,41.4,43.5,1
bonus3,41.4,43.7,1
bonus3,41.4,43.9,1
bonus3,41.4,44,1
bonus3,41.4,44.3,1
bonus3,41.4,45.1,1
bonus3,41.4,46.2,1
bonus3,41.4,46.5,1
bonus3,41.4,47.6,1
bonus3,41.4,47.7,1
bonus3,41.4,48,1
bonus3,41.4,48.6,1
bonus3,41.4,48.7,2
bonus3,41.4,49.3,1
bonus3,41.4,49.4,1
bonus3,41.4,51.2,1
bonus3,41.4,51.8,1
bonus3,41.4,53.6,1
bonus3,41.4,53.9,1
bonus3,41.4,54,1
bonus3,41.4,54.1,2
bonus3,41.4,54.4,1
bonus3,41.4,54.5,1
bonus3,41.4,54.6,1
bonus3,41.4,55.3,1
bonus3,41.4,56.5,1
bonus3,41.4,56.8,1
bonus3,41.4,57.2,1
bonus3,41.4,57.7,1
bonus3,41.4,58.2,1
bonus3,41.4,58.7,2
bonus3,41.4,58.8,1
bonus3,41.4,58.9,1
bonus3,41.4,59.6,1
bonus3,41.4,59.8,1
bonus3,41.4,60,2
bonus3,41.4,60.8,1
bonus3,41.4,61.2,1
bonus3,41.4,61.4,2
bonus3,41.4,61.8,1
bonus3,41.4,61.9,1
bonus3,41.4,63,1
bonus3,41.4,63.1,1
bonus3,41.4,63.5,1
bonus3,41.4,63.8,1
bonus3,41.4,64.7,1
bonus3,41.4,65.1,1
bonus3,41.4,66.4,1
bonus3,41.4,67.6,1
bonus3,41.4,67.8,1
bonus3,41.4,69.1,2
bonus3,41.4,70.4,2
bonus3,41.4,70.8,1
bonus3,41.4,70.9,1
bonus3,41.4,71.6,1
bonus3,41.4,72,1
bonus3,41.4,72.1,1
bonus3,41.4,72.5,1
bonus3,41.4,73.5,1
bonus3,41.4,73.6,1
bonus3,41.4,73.9,1
bonus3,41.4,74.3,1
bonus3,41.4,76.2,1
bonus3,41.4,76.3,1
bonus3,41.4,76.6,1
bonus3,41.4,77.3,2
bonus3,41.4,78.1,1
bonus3,41.4,80.2,1
bonus3,41.4,80.8,1
bonus3,41.4,81.1,1
bonus3,41.4,81.2,1
bonus3,41.4,81.4,1
bonus3,41.4,81.6,1
bonus3,41.4,81.8,1
bonus3,41.4,82.1,1
bonus3,41.4,82.6,1
bonus3,41.4,82.8,1
bonus3,41.4,83.2,1
bonus3,41.4,83.3,2
bonus3,41.4,83.7,1
bonus3,41.4,84.5,1
bonus3,41.4,85.4,1
bonus3,41.4,85.8,1
bonus3,41.4,86.1,1
bonus3,41.4,86.3,1
bonus3,41.4,86.6,1
bonus3,41.4,86.8,1
bonus3,41.4,87.2,1
bonus3,41.4,88,1
bonus3,41.4,88.4,1
bonus3,41.4,88.6,1
bonus3,41.4,88.9,1
bonus3,41.4,89.7,1
bonus3,41.4,91.1,1
bonus3,41.4,92.1,1
bonus3,41.4,92.5,1
bonus3,41.4,92.8,1
bonus3,41.4,93.3,1
bonus3,41.4,93.6,1
bonus3,41.4,93.7,1
bonus3,41.4,94.2,1
bonus3,41.4,94.3,1
bonus3,41.4,94.7,2
bonus3,41.4,95.9,1
bonus3,41.4,96.9,1
bonus3,41.4,98.4,1
bonus3,41.4,99,1
bonus3,41.4,99.1,1
bonus3,41.4,99.2,1
bonus3,44.4,0.5,1
bonus3,44.4,0.6,1
bonus3,44.4,0.8,1
bonus3,44.4,0.9,1
bonus3,44.4,2.1,1
bonus3,44.4,2.3,1
bonus3,44.4,2.7,1
bonus3,44.4,2.9,1
bonus3,44.4,3.4,1
bonus3,44.4,3.6,1
bonus3,44.4,4,1
bonus3,44.4,4.2,1
bonus3,44.4,4.9,1
bonus3,44.4,6.3,1
bonus3,44.4,7.5,1
bonus3,44.4,7.8,1
bonus3,44.4,8.2,1
bonus3,44.4,8.6,1
bonus3,44.4,8.9,2
bonus3,44.4,9.7,1
bonus3,44.4,10,1
bonus3,44.4,10.8,1
bonus3,44.4,11.2,1
bonus3,44.4,11.4,1
bonus3,44.4,11.6,1
bonus3,44.4,11.9,2
bonus3,44.4,12.7,1
bonus3,44.4,12.9,1
bonus3,44.4,13.9,1
bonus3,44.4,15.7,1
bonus3,44.4,16.1,1
bonus3,44.4,16.9,1
bonus3,44.4,18.4,1
bonus3,44.4,18.9,1
bonus3,44.4,19,1
bonus3,44.4,19.7,1
bonus3,44.4,19.9,1
bonus3,44.4,20.1,1
bonus3,44.4,20.7,1
bonus3,44.4,21,1
bonus3,44.4,21.2,1
bonus3,44.4,21.3,1
bonus3,44.4,21.6,1
bonus3,44.4,21.9,2
bonus3,44.4,22,1
bonus3,44.4,22.1,1
bonus3,44.4,23,1
bonus3,44.4,23.1,1
bonus3,44.4,24.3,1
bonus3,44.4,24.9,1
bonus3,44.4,25.2,1
bonus3,44.4,26.4,1
bonus3,44.4,26.8,1
bonus3,44.4,26.9,1
bonus3,44.4,28.2,1
bonus3,44.4,29.3,1
bonus3,44.4,29.7,1
bonus3,44.4,29.8,1
bonus3,44.4,30.4,1
bonus3,44.4,31.6,1
bonus3,44.4,32.3,1
bonus3,44.4,32.5,1
bonus3,44.4,32.6,1
bonus3,44.4,32.7,1
bonus3,44.4,33.6,1
bonus3,44.4,34,1
bonus3,44.4,34.2,1
bonus3,44.4,34.5,1
bonus3,44.4,35.2,1
bonus3,44.4,36.6,1
bonus3,44.4,36.7,1
bonus3,44.4,37.1,1
bonus3,44.4,37.2,1
bonus3,44.4,37.3,1
bonus3,44.4,37.6,1
bonus3,44.4,38,1
bonus3,44.4,38.3,1
bonus3,44.4,38.4,1
bonus3,44.4,38.5,1
bonus3,44.4,38.9,1
bonus3,44.4,39.7,1
bonus3,44.4,39.8,1
bonus3,44.4,41.2,1
bonus3,44.4,42,1
bonus3,44.4,42.4,1
bonus3,44.4,42.5,1
bonus3,44.4,43.2,1
bonus3,44.4,43.5,1
bonus3,44.4,43.7,2
bonus3,44.4,43.9,1
bonus3,44.4,44.1,1
bonus3,44.4,45.5,1
bonus3,44.4,46.1,1
bonus3,44.4,46.2,1
bonus3,44.4,47.5,1
bonus3,44.4,48,1
bonus3,44.4,48.9,1
bonus3,44.4,49.1,1
bonus3,44.4,49.4,1
bonus3,44.4,51,2
bonus3,44.4,51.6,1
bonus3,44.4,52.2,1
bonus3,44.4,54.8,1
bonus3,44.4,54.9,1
bonus3,44.4,55.2,1
bonus3,44.4,55.5,1
bonus3,44.4,55.7,2
bonus3,44.4,55.9,1
bonus3,44.4,57.8,1
bonus3,44.4,58.6,1
bonus3,44.4,58.7,1
bonus3,44.4,58.9,1
bonus3,44.4,59.7,1
bonus3,44.4,60.2,1
bonus3,44.4,61.2,1
bonus3,44.4,63.6,1
bonus3,44.4,63.8,1
bonus3,44.4,64.9,1
bonus3,44.4,65.9,1
bonus3,44.4,66.4,1
bonus3,44.4,67.1,1
bonus3,44.4,67.3,1
bonus3,44.4,67.5,2
bonus3,44.4,67.9,1
bonus3,44.4,68.2,1
bonus3,44.4,69.4,1
bonus3,44.4,69.8,1
bonus3,44.4,70.7,1
bonus3,44.4,71.3,1
bonus3,44.4,71.9,1
bonus3,44.4,72.4,1
bonus3,44.4,72.9,1
bonus3,44.4,73.2,2
bonus3,44.4,74.2,1
bonus3,44.4,74.8,1
bonus3,44.4,75.2,1
bonus3,44.4,75.9,1
bonus3,44.4,76,1
bonus3,44.4,76.8,1
bonus3,44.4,77.4,1
bonus3,44.4,78.7,1
bonus3,44.4,79,1
bonus3,44.4,79.2,1
bonus3,44.4,80.1,1
bonus3,44.4,80.4,1
bonus3,44.4,80.7,1
bonus3,44.4,81.8,1
bonus3,44.4,81.9,1
bonus3,44.4,83.8,1
bonus3,44.4,84.3,2
bonus3,44.4,84.8,1
bonus3,44.4,85.2,1
bonus3,44.4,85.5,1
bonus3,44.4,85.7,1
bonus3,44.4,86.2,2
bonus3,44.4,86.4,2
bonus3,44.4,86.7,1
bonus3,44.4,87.3,1
bonus3,44.4,87.7,1
bonus3,44.4,88,1
bonus3,44.4,88.2,1
bonus3,44.4,88.4,1
bonus3,44.4,88.5,1
bonus3,44.4,89.7,2
bonus3,44.4,90.5,1
bonus3,44.4,91.2,1
bonus3,44.4,91.4,1
bonus3,44.4,91.6,1
bonus3,44.4,91.7,1
bonus3,44.4,91.8,1
bonus3,44.4,92.2,1
bonus3,44.4,93.3,1
bonus3,44.4,93.6,1
bonus3,44.4,94,1
bonus3,44.4,94.3,1
bonus3,44.4,94.8,1
bonus3,44.4,95.1,1
bonus3,44.4,96.1,1
bonus3,44.4,96.2,1
bonus3,44.4,96.6,1
bonus3,44.4,96.7,1
bonus3,44.4,97.8,1
bonus3,44.4,98.2,1
bonus3,44.4,98.3,1
bonus3,44.4,99.5,1
bonus3,44.4,99.7,1
bonus3,47.8,0.3,1
bonus3,47.8,1.1,1
bonus3,47.8,1.6,1
bonus3,47.8,2.1,2
bonus3,47.8,2.2,1
bonus3,47.8,2.3,1
bonus3,47.8,2.9,1
bonus3,47.8,3,1
bonus3,47.8,3.1,1
bonus3,47.8,3.2,3
bonus3,47.8,4.7,1
bonus3,47.8,4.8,1
bonus3,47.8,5.7,1
bonus3,47.8,6,1
bonus3,47.8,6.1,1
bonus3,47.8,6.4,2
bonus3,47.8,6.5,1
bonus3,47.8,6.8,1
bonus3,47.8,7.2,1
bonus3,47.8,7.5,1
bonus3,47.8,7.6,1
bonus3,47.8,8.1,1
bonus3,47.8,8.4,1
bonus3,47.8,8.5,1
bonus3,47.8,9.9,1
bonus3,47.8,10.1,1
bonus3,47.8,10.6,1
bonus3,47.8,11.2,1
bonus3,47.8,11.3,1
bonus3,47.8,12,1
bonus3,47.8,12.2,2
bonus3,47.8,13.2,1
bonus3,47.8,13.8,1
bonus3,47.8,13.9,2
bonus3,47.8,14.9,1
bonus3,47.8,15,1
bonus3,47.8,16.2,1
bonus3,47.8,16.3,2
bonus3,47.8,16.4,1
bonus3,47.8,17.1,1
bonus3,47.8,17.2,1
bonus3,47.8,17.8,1
bonus3,47.8,18.1,1
bonus3,47.8,18.3,1
bonus3,47.8,18.6,1
bonus3,47.8,18.7,1
bonus3,47.8,19.1,1
bonus3,47.8,19.6,1
bonus3,47.8,20.1,1
bonus3,47.8,20.4,1
bonus3,47.8,20.7,1
bonus3,47.8,20.8,1
bonus3,47.8,20.9,1
bonus3,47.8,22.1,1
bonus3,47.8,22.2,1
bonus3,47.8,22.5,1
bonus3,47.8,22.6,1
bonus3,47.8,22.8,1
bonus3,47.8,23.2,2
bonus3,47.8,23.4,1
bonus3,47.8,23.9,1
bonus3,47.8,24,1
bonus3,47.8,24.2,2
bonus3,47.8,24.6,2
bonus3,47.8,24.9,1
bonus3,47.8,25.1,1
bonus3,47.8,25.2,1
bonus3,47.8,25.5,1
bonus3,47.8,25.6,1
bonus3,47.8,25.7,1
bonus3,47.8,25.9,1
bonus3,47.8,27.1,1
bonus3,47.8,27.5,1
bonus3,47.8,27.7,1
bonus3,47.8,27.8,1
bonus3,47.8,28,1
bonus3,47.8,28.1,1
bonus3,47.8,28.9,1
bonus3,47.8,29.2,1
bonus3,47.8,29.3,2
bonus3,47.8,29.6,1
bonus3,47.8,29.9,1
bonus3,47.8,30,1
bonus3,47.8,30.1,1
bonus3,47.8,30.3,1
bonus3,47.8,31.1,1
bonus3,47.8,31.2,1
bonus3,47.8,31.8,1
bonus3,47.8,32.6,1
bonus3,47.8,32.7,1
bonus3,47.8,32.8,1
bonus3,47.8,33.2,1
bonus3,47.8,33.3,1
bonus3,47.8,33.7,1
bonus3,47.8,33.8,1
bonus3,47.8,34.4,1
bonus3,47.8,34.5,1
bonus3,47.8,35.2,1
bonus3,47.8,35.7,1
bonus3,47.8,36.3,1
bonus3,47.8,36.6,1
bonus3,47.8,37,1
bonus3,47.8,37.2,1
bonus3,47.8,37.3,1
bonus3,47.8,38.9,1
bonus3,47.8,39.1,1
bonus3,47.8,39.2,1
bonus3,47.8,39.4,1
bonus3,47.8,39.9,2
bonus3,47.8,40.3,1
bonus3,47.8,40.4,1
bonus3,47.8,40.6,1
bonus3,47.8,40.8,1
bonus3,47.8,41,1
bonus3,47.8,41.1,1
bonus3,47.8,41.3,1
bonus3,47.8,41.5,1
bonus3,47.8,41.8,1
bonus3,47.8,42,1
bonus3,47.8,42.5,1
bonus3,47.8,42.7,1
bonus3,47.8,42.8,1
bonus3,47.8,42.9,1
bonus3,47.8,43.2,1
bonus3,47.8,43.5,2
bonus3,47.8,43.6,1
bonus3,47.8,43.7,1
bonus3,47.8,44.3,1
bonus3,47.8,44.5,1
bonus3,47.8,45,1
bonus3,47.8,45.8,1
bonus3,47.8,45.9,1
bonus3,47.8,46.2,1
bonus3,47.8,46.3,1
bonus3,47.8,47.1,1
bonus3,47.8,47.7,1
bonus3,47.8,47.8,1
bonus3,47.8,48.5,2
bonus3,47.8,49,1
bonus3,47.8,49.3,1
bonus3,47.8,49.4,1
bonus3,47.8,49.5,1
bonus3,47.8,50,1
bonus3,47.8,50.2,1
bonus3,47.8,50.4,1
bonus3,47.8,50.5,1
bonus3,47.8,50.8,1
bonus3,47.8,50.9,1
bonus3,47.8,51.2,1
bonus3,47.8,52.1,1
bonus3,47.8,52.5,1
bonus3,47.8,52.6,1
bonus3,47.8,53.1,2
bonus3,47.8,53.5,1
bonus3,47.8,53.8,1
bonus3,47.8,55.6,2
bonus3,47.8,56.1,1
bonus3,47.8,56.3,2
bonus3,47.8,56.5,1
bonus3,47.8,56.6,1
bonus3,47.8,56.9,1
bonus3,47.8,57,1
bonus3,47.8,57.4,1
bonus3,47.8,57.5,1
bonus3,47.8,57.8,1
bonus3,47.8,58.5,1
bonus3,47.8,58.6,1
bonus3,47.8,59.1,1
bonus3,47.8,59.2,1
bonus3,47.8,59.4,1
bonus3,47.8,59.5,2
bonus3,47.8,59.8,1
bonus3,47.8,60.1,1
bonus3,47.8,60.2,1
bonus3,47.8,60.9,1
bonus3,47.8,61.4,1
bonus3,47.8,61.8,1
bonus3,47.8,61.9,1
bonus3,47.8,62.2,1
bonus3,47.8,62.3,1
bonus3,47.8,63.4,1
bonus3,47.8,63.5,1
bonus3,47.8,63.7,1
bonus3,47.8,64.2,1
bonus3,47.8,65.4,1
bonus3,47.8,65.5,1
bonus3,47.8,65.9,1
bonus3,47.8,66,1
bonus3,47.8,66.3,1
bonus3,47.8,66.4,1
bonus3,47.8,66.5,1
bonus3,47.8,66.6,1
bonus3,47.8,66.7,1
bonus3,47.8,67.1,1
bonus3,47.8,67.2,3
bonus3,47.8,67.4,2
bonus3,47.8,68,1
bonus3,47.8,68.6,1
bonus3,47.8,69.1,1
bonus3,47.8,69.3,1
bonus3,47.8,69.4,2
bonus3,47.8,69.5,1
bonus3,47.8,69.6,1
bonus3,47.8,69.7,1
bonus3,47.8,70.9,1
bonus3,47.8,71.2,1
bonus3,47.8,71.7,1
bonus3,47.8,71.9,1
bonus3,47.8,72.8,1
bonus3,47.8,73,1
bonus3,47.8,73.2,1
bonus3,47.8,73.8,1
bonus3,47.8,74.2,1
bonus3,47.8,74.4,1
bonus3,47.8,75,1
bonus3,47.8,75.8,2
bonus3,47.8,76,1
bonus3,47.8,76.3,1
bonus3,47.8,76.4,1
bonus3,47.8,77.1,1
bonus3,47.8,77.2,1
bonus3,47.8,78.5,1
bonus3,47.8,78.6,1
bonus3,47.8,78.8,1
bonus3,47.8,79,1
bonus3,47.8,79.3,1
bonus3,47.8,80,1
bonus3,47.8,80.5,1
bonus3,47.8,80.7,1
bonus3,47.8,80.8,1
bonus3,47.8,80.9,2
bonus3,47.8,81.4,1
bonus3,47.8,81.5,1
bonus3,47.8,81.6,2
bonus3,47.8,81.8,1
bonus3,47.8,82.1,1
bonus3,47.8,82.7,1
bonus3,47.8,83.2,1
bonus3,47.8,83.7,1
bonus3,47.8,84,1
bonus3,47.8,84.1,1
bonus3,47.8,84.3,1
bonus3,47.8,85.2,1
bonus3,47.8,85.4,1
bonus3,47.8,85.5,1
bonus3,47.8,86,1
bonus3,47.8,86.4,1
bonus3,47.8,86.9,2
bonus3,47.8,90.9,1
bonus3,47.8,91.3,1
bonus3,47.8,91.5,1
bonus3,47.8,91.8,1
bonus3,47.8,92.3,1
bonus3,47.8,92.9,1
bonus3,47.8,93.2,1
bonus3,47.8,93.3,1
bonus3,47.8,93.8,1
bonus3,47.8,93.9,1
bonus3,47.8,94.3,1
bonus3,47.8,94.4,2
bonus3,47.8,94.7,1
bonus3,47.8,95.1,1
bonus3,47.8,95.3,1
bonus3,47.8,96.3,1
bonus3,47.8,96.9,1
bonus3,47.8,98.4,1
bonus3,47.8,98.6,1
bonus3,47.8,98.9,1
bonus3,51.7,0.6,1
bonus3,51.7,1,1
bonus3,51.7,1.1,1
bonus3,51.7,1.8,1
bonus3,51.7,2.6,1
bonus3,51.7,2.8,1
bonus3,51.7,3,1
bonus3,51.7,3.3,1
bonus3,51.7,3.9,1
bonus3,51.7,4.4,1
bonus3,51.7,4.9,1
bonus3,51.7,5.4,1
bonus3,51.7,5.5,1
bonus3,51.7,5.8,1
bonus3,51.7,6.4,1
bonus3,51.7,6.8,1
bonus3,51.7,6.9,1
bonus3,51.7,7.3,1
bonus3,51.7,7.6,1
bonus3,51.7,9,1
bonus3,51.7,10,1
bonus3,51.7,10.1,1
bonus3,51.7,10.2,1
bonus3,51.7,10.3,1
bonus3,51.7,10.4,1
bonus3,51.7,11,1
bonus3,51.7,11.8,2
bonus3,51.7,11.9,1
bonus3,51.7,12.4,1
bonus3,51.7,12.7,1
bonus3,51.7,12.9,1
bonus3,51.7,13.1,1
bonus3,51.7,13.3,2
bonus3,51.7,13.4,2
bonus3,51.7,13.6,1
bonus3,51.7,13.8,1
bonus3,51.7,14.1,1
bonus3,51.7,14.3,1
bonus3,51.7,14.7,1
bonus3,51.7,15.4,1
bonus3,51.7,15.5,1
bonus3,51.7,15.7,1
bonus3,51.7,15.8,2
bonus3,51.7,15.9,1
bonus3,51.7,16.7,2
bonus3,51.7,16.8,1
bonus3,51.7,16.9,1
bonus3,51.7,17.4,2
bonus3,51.7,19.5,1
bonus3,51.7,20.6,1
bonus3,51.7,21.3,1
bonus3,51.7,21.5,1
bonus3,51.7,21.6,1
bonus3,51.7,21.8,1
bonus3,51.7,21.9,1
bonus3,51.7,22.1,1
bonus3,51.7,22.3,1
bonus3,51.7,23.3,2
bonus3,51.7,23.6,1
bonus3,51.7,23.9,1
bonus3,51.7,24,1
bonus3,51.7,24.4,1
bonus3,51.7,25.4,1
bonus3,51.7,25.6,1
bonus3,51.7,25.9,1
bonus3,51.7,26.1,1
bonus3,51.7,26.6,1
bonus3,51.7,27.2,1
bonus3,51.7,27.3,1
bonus3,51.7,28,1
bonus3,51.7,28.6,1
bonus3,51.7,28.8,2
bonus3,51.7,31,1
bonus3,51.7,31.4,1
bonus3,51.7,31.7,3
bonus3,51.7,31.8,1
bonus3,51.7,33.1,1
bonus3,51.7,33.3,1
bonus3,51.7,33.7,1
bonus3,51.7,33.9,1
bonus3,51.7,34.6,1
bonus3,51.7,34.9,2
bonus3,51.7,35.2,1
bonus3,51.7,35.3,1
bonus3,51.7,35.4,1
bonus3,51.7,35.5,1
bonus3,51.7,36,1
bonus3,51.7,36.4,1
bonus3,51.7,36.5,1
bonus3,51.7,36.9,1
bonus3,51.7,37.6,2
bonus3,51.7,37.8,1
bonus3,51.7,38.7,1
bonus3,51.7,38.8,1
bonus3,51.7,38.9,1
bonus3,51.7,39,3
bonus3,51.7,39.2,1
bonus3,51.7,39.5,1
bonus3,51.7,39.7,1
bonus3,51.7,40.2,1
bonus3,51.7,40.6,1
bonus3,51.7,40.9,1
bonus3,51.7,41.3,1
bonus3,51.7,41.4,1
bonus3,51.7,43.6,1
bonus3,51.7,43.9,2
bonus3,51.7,44.2,1
bonus3,51.7,45.4,1
bonus3,51.7,46.1,1
bonus3,51.7,46.5,1
bonus3,51.7,46.6,1
bonus3,51.7,46.7,1
bonus3,51.7,46.9,1
bonus3,51.7,47.1,1
bonus3,51.7,47.7,1
bonus3,51.7,48.1,1
bonus3,51.7,49.1,1
bonus3,51.7,49.5,1
bonus3,51.7,49.9,1
bonus3,51.7,50.1,1
bonus3,51.7,50.4,1
bonus3,51.7,51.1,2
bonus3,51.7,51.3,1
bonus3,51.7,51.7,1
bonus3,51.7,52.5,2
bonus3,51.7,53,1
bonus3,51.7,53.6,1
bonus3,51.7,54.2,1
bonus3,51.7,54.4,1
bonus3,51.7,54.7,1
bonus3,51.7,54.8,1
bonus3,51.7,55.1,2
bonus3,51.7,55.2,1
bonus3,51.7,56.2,2
bonus3,51.7,56.4,1
bonus3,51.7,56.6,1
bonus3,51.7,56.8,1
bonus3,51.7,57.5,1
bonus3,51.7,57.6,1
bonus3,51.7,57.7,1
bonus3,51.7,59.7,1
bonus3,51.7,59.9,1
bonus3,51.7,60.5,2
bonus3,51.7,60.8,1
bonus3,51.7,61,1
bonus3,51.7,61.1,1
bonus3,51.7,61.3,1
bonus3,51.7,61.5,1
bonus3,51.7,62.8,2
bonus3,51.7,63,1
bonus3,51.7,63.1,1
bonus3,51.7,63.7,1
bonus3,51.7,63.9,1
bonus3,51.7,64.4,1
bonus3,51.7,64.6,1
bonus3,51.7,64.8,1
bonus3,51.7,65.1,1
bonus3,51.7,65.3,1
bonus3,51.7,66.1,1
bonus3,51.7,66.8,1
bonus3,51.7,67.2,1
bonus3,51.7,68.5,2
bonus3,51.7,69,1
bonus3,51.7,69.6,1
bonus3,51.7,69.9,1
bonus3,51.7,70.4,1
bonus3,51.7,71.2,1
bonus3,51.7,71.3,1
bonus3,51.7,71.7,1
bonus3,51.7,72.7,1
bonus3,51.7,73.1,1
bonus3,51.7,73.8,1
bonus3,51.7,74,2
bonus3,51.7,74.2,1
bonus3,51.7,74.3,1
bonus3,51.7,74.5,1
bonus3,51.7,74.9,1
bonus3,51.7,75,1
bonus3,51.7,75.6,1
bonus3,51.7,75.9,1
bonus3,51.7,76.5,2
bonus3,51.7,76.6,1
bonus3,51.7,76.7,2
bonus3,51.7,76.8,1
bonus3,51.7,77.3,1
bonus3,51.7,77.7,1
bonus3,51.7,78.5,2
bonus3,51.7,78.8,1
bonus3,51.7,78.9,1
bonus3,51.7,80,1
bonus3,51.7,80.2,2
bonus3,51.7,80.3,1
bonus3,51.7,80.8,1
bonus3,51.7,81,1
bonus3,51.7,81.3,1
bonus3,51.7,81.6,1
bonus3,51.7,82.3,1
bonus3,51.7,82.4,1
bonus3,51.7,82.8,2
bonus3,51.7,82.9,1
bonus3,51.7,83.4,1
bonus3,51.7,83.5,2
bonus3,51.7,84.4,1
bonus3,51.7,84.8,1
bonus3,51.7,85.3,2
bonus3,51.7,86.3,1
bonus3,51.7,86.4,1
bonus3,51.7,86.5,1
bonus3,51.7,86.7,1
bonus3,51.7,86.9,1
bonus3,51.7,88.3,1
bonus3,51.7,89,3
bonus3,51.7,89.4,1
bonus3,51.7,89.5,1
bonus3,51.7,90,1
bonus3,51.7,90.6,1
bonus3,51.7,90.7,1
bonus3,51.7,91.5,1
bonus3,51.7,91.6,1
bonus3,51.7,91.7,2
bonus3,51.7,91.9,1
bonus3,51.7,92.2,1
bonus3,51.7,92.3,1
bonus3,51.7,93.2,1
bonus3,51.7,93.4,1
bonus3,51.7,94.4,1
bonus3,51.7,95.7,1
bonus3,51.7,96.1,2
bonus3,51.7,96.2,1
bonus3,51.7,96.5,3
bonus3,51.7,96.6,1
bonus3,51.7,96.8,1
bonus3,51.7,97.4,1
bonus3,51.7,98.1,1
bonus3,51.7,98.9,1
bonus3,51.7,99.3,1
bonus3,55.9,0.2,1
bonus3,55.9,0.4,1
bonus3,55.9,0.8,1
bonus3,55.9,1,1
bonus3,55.9,1.2,2
bonus3,55.9,1.9,1
bonus3,55.9,2.1,1
bonus3,55.9,2.3,1
bonus3,55.9,3.3,2
bonus3,55.9,3.5,1
bonus3,55.9,3.6,1
bonus3,55.9,4.3,2
bonus3,55.9,4.8,1
bonus3,55.9,4.9,1
bonus3,55.9,5.2,1
bonus3,55.9,5.5,1
bonus3,55.9,5.7,2
bonus3,55.9,6.2,2
bonus3,55.9,6.6,2
bonus3,55.9,6.7,1
bonus3,55.9,6.9,1
bonus3,55.9,7,2
bonus3,55.9,7.2,1
bonus3,55.9,7.3,1
bonus3,55.9,7.4,2
bonus3,55.9,8.2,1
bonus3,55.9,9,1
bonus3,55.9,9.1,1
bonus3,55.9,9.4,1
bonus3,55.9,9.7,1
bonus3,55.9,9.9,1
bonus3,55.9,10.2,1
bonus3,55.9,10.4,1
bonus3,55.9,10.7,1
bonus3,55.9,10.9,2
bonus3,55.9,11.3,1
bonus3,55.9,12,1
bonus3,55.9,12.1,1
bonus3,55.9,12.2,1
bonus3,55.9,12.3,1
bonus3,55.9,12.4,1
bonus3,55.9,12.8,1
bonus3,55.9,13.6,1
bonus3,55.9,13.9,2
bonus3,55.9,14.3,1
bonus3,55.9,14.7,1
bonus3,55.9,14.8,1
bonus3,55.9,15.1,1
bonus3,55.9,15.3,1
bonus3,55.9,15.5,1
bonus3,55.9,15.6,1
bonus3,55.9,15.8,1
bonus3,55.9,15.9,1
bonus3,55.9,16,1
bonus3,55.9,16.7,1
bonus3,55.9,17,2
bonus3,55.9,17.4,1
bonus3,55.9,18.3,1
bonus3,55.9,19,1
bonus3,55.9,19.2,1
bonus3,55.9,19.3,2
bonus3,55.9,19.8,1
bonus3,55.9,20,2
bonus3,55.9,20.1,1
bonus3,55.9,20.3,1
bonus3,55.9,20.9,1
bonus3,55.9,21.1,1
bonus3,55.9,21.7,2
bonus3,55.9,21.8,1
bonus3,55.9,22.1,1
bonus3,55.9,22.4,2
bonus3,55.9,22.5,2
bonus3,55.9,22.6,1
bonus3,55.9,22.7,1
bonus3,55.9,23,1
bonus3,55.9,23.1,1
bonus3,55.9,23.2,1
bonus3,55.9,23.3,1
bonus3,55.9,23.5,1
bonus3,55.9,23.6,1
bonus3,55.9,24.1,1
bonus3,55.9,24.2,1
bonus3,55.9,24.3,3
bonus3,55.9,24.5,2
bonus3,55.9,25,1
bonus3,55.9,26.5,1
bonus3,55.9,27.3,1
bonus3,55.9,27.4,1
bonus3,55.9,27.8,1
bonus3,55.9,28,2
bonus3,55.9,28.3,1
bonus3,55.9,28.5,1
bonus3,55.9,28.7,1
bonus3,55.9,28.9,1
bonus3,55.9,29.1,1
bonus3,55.9,29.2,3
bonus3,55.9,30,1
bonus3,55.9,30.3,2
bonus3,55.9,31,2
bonus3,55.9,31.1,1
bonus3,55.9,31.2,1
bonus3,55.9,32,1
bonus3,55.9,32.2,2
bonus3,55.9,32.4,1
bonus3,55.9,33,1
bonus3,55.9,33.1,1
bonus3,55.9,33.2,1
bonus3,55.9,33.4,1
bonus3,55.9,33.5,1
bonus3,55.9,33.6,2
bonus3,55.9,34,1
bonus3,55.9,34.6,1
bonus3,55.9,34.9,1
bonus3,55.9,35.2,1
bonus3,55.9,35.3,2
bonus3,55.9,36.6,1
bonus3,55.9,37.2,1
bonus3,55.9,37.4,1
bonus3,55.9,37.5,1
bonus3,55.9,37.6,1
bonus3,55.9,37.7,1
bonus3,55.9,37.8,2
bonus3,55.9,37.9,2
bonus3,55.9,38.3,1
bonus3,55.9,38.5,1
bonus3,55.9,39.1,1
bonus3,55.9,39.6,1
bonus3,55.9,39.7,1
bonus3,55.9,39.8,1
bonus3,55.9,40,1
bonus3,55.9,40.4,2
bonus3,55.9,40.9,2
bonus3,55.9,41.1,1
bonus3,55.9,41.5,1
bonus3,55.9,41.7,1
bonus3,55.9,42.1,1
bonus3,55.9,42.3,1
bonus3,55.9,42.5,1
bonus3,55.9,42.6,1
bonus3,55.9,42.8,1
bonus3,55.9,43,1
bonus3,55.9,43.3,1
bonus3,55.9,43.4,1
bonus3,55.9,44.2,1
bonus3,55.9,44.8,1
bonus3,55.9,45.1,1
bonus3,55.9,45.3,1
bonus3,55.9,45.9,1
bonus3,55.9,46.5,1
bonus3,55.9,46.8,1
bonus3,55.9,47,1
bonus3,55.9,47.2,1
bonus3,55.9,48,1
bonus3,55.9,48.2,1
bonus3,55.9,48.3,1
bonus3,55.9,48.7,1
bonus3,55.9,49.1,1
bonus3,55.9,49.4,1
bonus3,55.9,49.7,1
bonus3,55.9,49.8,1
bonus3,55.9,49.9,1
bonus3,55.9,50.3,2
bonus3,55.9,50.6,1
bonus3,55.9,50.9,1
bonus3,55.9,51.9,1
bonus3,55.9,52.1,2
bonus3,55.9,52.3,1
bonus3,55.9,52.4,1
bonus3,55.9,52.8,1
bonus3,55.9,52.9,1
bonus3,55.9,53,2
bonus3,55.9,53.3,1
bonus3,55.9,54.1,1
bonus3,55.9,54.2,2
bonus3,55.9,54.7,1
bonus3,55.9,54.8,1
bonus3,55.9,54.9,1
bonus3,55.9,55.9,1
bonus3,55.9,56.3,1
bonus3,55.9,56.5,1
bonus3,55.9,57,1
bonus3,55.9,57.2,1
bonus3,55.9,58.1,1
bonus3,55.9,58.2,1
bonus3,55.9,58.3,2
bonus3,55.9,58.5,1
bonus3,55.9,59.3,1
bonus3,55.9,59.4,1
bonus3,55.9,59.6,1
bonus3,55.9,59.9,1
bonus3,55.9,60,1
bonus3,55.9,60.4,1
bonus3,55.9,60.6,1
bonus3,55.9,60.7,1
bonus3,55.9,61.2,1
bonus3,55.9,61.3,1
bonus3,55.9,61.6,1
bonus3,55.9,61.9,1
bonus3,55.9,62.2,1
bonus3,55.9,63,1
bonus3,55.9,63.1,1
bonus3,55.9,63.3,1
bonus3,55.9,63.6,1
bonus3,55.9,63.7,1
bonus3,55.9,64,1
bonus3,55.9,64.2,1
bonus3,55.9,64.3,1
bonus3,55.9,64.5,1
bonus3,55.9,64.9,1
bonus3,55.9,65.3,1
bonus3,55.9,65.6,1
bonus3,55.9,65.7,1
bonus3,55.9,66.1,1
bonus3,55.9,66.3,2
bonus3,55.9,66.9,1
bonus3,55.9,67.5,1
bonus3,55.9,68.2,1
bonus3,55.9,68.6,1
bonus3,55.9,68.8,1
bonus3,55.9,69.6,1
bonus3,55.9,69.9,1
bonus3,55.9,70.5,2
bonus3,55.9,71.1,1
bonus3,55.9,71.2,1
bonus3,55.9,71.4,1
bonus3,55.9,72.3,1
bonus3,55.9,72.5,1
bonus3,55.9,72.9,2
bonus3,55.9,73.2,1
bonus3,55.9,73.3,1
bonus3,55.9,73.4,2
bonus3,55.9,73.6,1
bonus3,55.9,74.1,1
bonus3,55.9,75.1,1
bonus3,55.9,75.3,1
bonus3,55.9,75.5,1
bonus3,55.9,76.1,1
bonus3,55.9,77,1
bonus3,55.9,77.7,1
bonus3,55.9,78.6,1
bonus3,55.9,78.7,2
bonus3,55.9,79.1,1
bonus3,55.9,79.4,1
bonus3,55.9,80.4,1
bonus3,55.9,80.7,2
bonus3,55.9,81.1,1
bonus3,55.9,81.5,1
bonus3,55.9,82,1
bonus3,55.9,82.4,1
bonus3,55.9,82.8,1
bonus3,55.9,82.9,1
bonus3,55.9,83.1,1
bonus3,55.9,84.4,2
bonus3,55.9,85.2,1
bonus3,55.9,85.9,3
bonus3,55.9,86,1
bonus3,55.9,86.2,1
bonus3,55.9,86.8,1
bonus3,55.9,87.8,1
bonus3,55.9,88,1
bonus3,55.9,88.4,1
bonus3,55.9,89.2,1
bonus3,55.9,89.6,2
bonus3,55.9,89.7,2
bonus3,55.9,89.8,1
bonus3,55.9,90.2,1
bonus3,55.9,90.3,1
bonus3,55.9,90.4,1
bonus3,55.9,90.7,1
bonus3,55.9,90.8,1
bonus3,55.9,91.6,1
bonus3,55.9,92.6,1
bonus3,55.9,92.8,1
bonus3,55.9,93.6,1
bonus3,55.9,94.1,1
bonus3,55.9,94.3,1
bonus3,55.9,94.7,1
bonus3,55.9,94.8,1
bonus3,55.9,94.9,1
bonus3,55.9,95.2,1
bonus3,55.9,95.4,1
bonus3,55.9,95.7,1
bonus3,55.9,96.4,1
bonus3,55.9,97.4,2
bonus3,55.9,97.5,1
bonus3,55.9,97.7,1
bonus3,55.9,98.7,1
bonus3,55.9,99.3,1
bonus3,60.6,0.3,1
bonus3,60.6,0.8,2
bonus3,60.6,1.1,1
bonus3,60.6,1.5,1
bonus3,60.6,1.9,1
bonus3,60.6,2,1
bonus3,60.6,2.8,1
bonus3,60.6,3.1,2
bonus3,60.6,3.5,1
bonus3,60.6,4,1
bonus3,60.6,4.4,1
bonus3,60.6,5,1
bonus3,60.6,5.1,1
bonus3,60.6,5.2,1
bonus3,60.6,5.5,1
bonus3,60.6,5.6,2
bonus3,60.6,6.1,1
bonus3,60.6,6.2,1
bonus3,60.6,6.5,1
bonus3,60.6,6.7,1
bonus3,60.6,6.9,1
bonus3,60.6,7,2
bonus3,60.6,7.1,1
bonus3,60.6,7.4,1
bonus3,60.6,7.5,1
bonus3,60.6,7.6,1
bonus3,60.6,8.2,1
bonus3,60.6,8.4,1
bonus3,60.6,8.8,1
bonus3,60.6,9.4,1
bonus3,60.6,10,1
bonus3,60.6,10.1,1
bonus3,60.6,10.3,1
bonus3,60.6,10.6,1
bonus3,60.6,11.2,1
bonus3,60.6,11.5,1
bonus3,60.6,11.6,1
bonus3,60.6,11.7,1
bonus3,60.6,12,1
bonus3,60.6,12.1,1
bonus3,60.6,12.3,1
bonus3,60.6,12.4,1
bonus3,60.6,12.7,1
bonus3,60.6,12.9,1
bonus3,60.6,13,1
bonus3,60.6,13.2,1
bonus3,60.6,13.8,1
bonus3,60.6,14.1,1
bonus3,60.6,15.3,1
bonus3,60.6,15.5,1
bonus3,60.6,16.1,1
bonus3,60.6,17,1
bonus3,60.6,17.1,1
bonus3,60.6,17.2,1
bonus3,60.6,17.6,1
bonus3,60.6,17.7,1
bonus3,60.6,18.1,1
bonus3,60.6,18.5,1
bonus3,60.6,18.6,1
bonus3,60.6,18.9,2
bonus3,60.6,19.2,1
bonus3,60.6,19.3,1
bonus3,60.6,19.4,2
bonus3,60.6,19.5,1
bonus3,60.6,19.7,1
bonus3,60.6,20.3,1
bonus3,60.6,20.4,1
bonus3,60.6,20.7,1
bonus3,60.6,21,1
bonus3,60.6,21.3,1
bonus3,60.6,21.4,2
bonus3,60.6,22.2,1
bonus3,60.6,22.7,1
bonus3,60.6,22.9,1
bonus3,60.6,23.7,1
bonus3,60.6,24,1
bonus3,60.6,24.5,2
bonus3,60.6,24.8,1
bonus3,60.6,25.6,1
bonus3,60.6,26,2
bonus3,60.6,26.1,1
bonus3,60.6,26.2,1
bonus3,60.6,27,2
bonus3,60.6,27.9,1
bonus3,60.6,28.1,1
bonus3,60.6,28.8,1
bonus3,60.6,29,2
bonus3,60.6,29.1,1
bonus3,60.6,29.4,1
bonus3,60.6,29.5,1
bonus3,60.6,29.6,1
bonus3,60.6,29.7,1
bonus3,60.6,29.9,1
bonus3,60.6,30.1,1
bonus3,60.6,30.2,1
bonus3,60.6,30.3,1
bonus3,60.6,30.4,1
bonus3,60.6,30.6,1
bonus3,60.6,30.7,2
bonus3,60.6,30.8,1
bonus3,60.6,31.3,1
bonus3,60.6,32,1
bonus3,60.6,32.3,1
bonus3,60.6,32.7,1
bonus3,60.6,32.8,1
bonus3,60.6,33.3,1
bonus3,60.6,33.4,2
bonus3,60.6,33.5,1
bonus3,60.6,33.8,1
bonus3,60.6,33.9,1
bonus3,60.6,34,1
bonus3,60.6,34.2,1
bonus3,60.6,34.3,1
bonus3,60.6,34.7,1
bonus3,60.6,35.5,1
bonus3,60.6,35.6,1
bonus3,60.6,35.7,1
bonus3,60.6,35.8,1
bonus3,60.6,36,1
bonus3,60.6,36.2,1
bonus3,60.6,36.4,1
bonus3,60.6,37,1
bonus3,60.6,37.1,1
bonus3,60.6,37.3,1
bonus3,60.6,37.4,1
bonus3,60.6,38,1
bonus3,60.6,38.2,1
bonus3,60.6,38.9,1
bonus3,60.6,39.3,1
bonus3,60.6,39.5,2
bonus3,60.6,40.1,1
bonus3,60.6,40.3,1
bonus3,60.6,40.8,1
bonus3,60.6,40.9,1
bonus3,60.6,42.2,1
bonus3,60.6,42.4,2
bonus3,60.6,42.9,2
bonus3,60.6,43.3,1
bonus3,60.6,43.6,1
bonus3,60.6,43.7,1
bonus3,60.6,43.8,1
bonus3,60.6,43.9,1
bonus3,60.6,44.6,2
bonus3,60.6,44.7,1
bonus3,60.6,44.9,1
bonus3,60.6,45,1
bonus3,60.6,45.2,1
bonus3,60.6,45.3,1
bonus3,60.6,45.4,1
bonus3,60.6,45.9,1
bonus3,60.6,47.2,2
bonus3,60.6,47.4,1
bonus3,60.6,47.6,1
bonus3,60.6,47.8,2
bonus3,60.6,48.1,1
bonus3,60.6,48.3,1
bonus3,60.6,48.5,2
bonus3,60.6,49.1,2
bonus3,60.6,49.7,1
bonus3,60.6,49.9,1
bonus3,60.6,50.2,1
bonus3,60.6,50.4,1
bonus3,60.6,50.7,2
bonus3,60.6,50.8,1
bonus3,60.6,52.2,1
bonus3,60.6,52.4,1
bonus3,60.6,52.6,1
bonus3,60.6,53.3,1
bonus3,60.6,53.4,1
bonus3,60.6,53.5,1
bonus3,60.6,53.8,1
bonus3,60.6,54.2,1
bonus3,60.6,54.6,1
bonus3,60.6,54.8,2
bonus3,60.6,55.2,2
bonus3,60.6,55.4,2
bonus3,60.6,55.5,1
bonus3,60.6,55.7,1
bonus3,60.6,56,1
bonus3,60.6,56.4,1
bonus3,60.6,56.8,1
bonus3,60.6,57.6,1
bonus3,60.6,58.2,1
bonus3,60.6,58.3,1
bonus3,60.6,59.2,1
bonus3,60.6,59.5,1
bonus3,60.6,59.6,1
bonus3,60.6,60.4,1
bonus3,60.6,60.6,1
bonus3,60.6,61.8,1
bonus3,60.6,62.4,1
bonus3,60.6,62.7,1
bonus3,60.6,62.9,1
bonus3,60.6,63.2,1
bonus3,60.6,63.4,1
bonus3,60.6,64.1,1
bonus3,60.6,64.2,1
bonus3,60.6,64.3,1
bonus3,60.6,64.6,1
bonus3,60.6,64.8,1
bonus3,60.6,65.2,1
bonus3,60.6,65.4,1
bonus3,60.6,65.7,1
bonus3,60.6,65.9,1
bonus3,60.6,66.6,1
bonus3,60.6,66.8,1
bonus3,60.6,67,1
bonus3,60.6,67.1,1
bonus3,60.6,67.5,1
bonus3,60.6,69,1
bonus3,60.6,69.2,1
bonus3,60.6,69.3,1
bonus3,60.6,69.5,1
bonus3,60.6,70.1,2
bonus3,60.6,70.5,1
bonus3,60.6,71.5,1
bonus3,60.6,71.9,1
bonus3,60.6,72.5,1
bonus3,60.6,72.6,1
bonus3,60.6,72.7,1
bonus3,60.6,73,1
bonus3,60.6,73.1,2
bonus3,60.6,73.3,3
bonus3,60.6,73.4,1
bonus3,60.6,73.5,1
bonus3,60.6,73.7,1
bonus3,60.6,73.9,2
bonus3,60.6,74,1
bonus3,60.6,74.1,1
bonus3,60.6,74.3,1
bonus3,60.6,74.7,1
bonus3,60.6,75.3,1
bonus3,60.6,75.5,2
bonus3,60.6,76,1
bonus3,60.6,76.2,1
bonus3,60.6,76.7,1
bonus3,60.6,77,1
bonus3,60.6,77.2,1
bonus3,60.6,77.3,1
bonus3,60.6,77.6,1
bonus3,60.6,77.8,1
bonus3,60.6,77.9,1
bonus3,60.6,78.1,1
bonus3,60.6,78.2,1
bonus3,60.6,78.7,1
bonus3,60.6,78.9,1
bonus3,60.6,79,1
bonus3,60.6,79.2,1
bonus3,60.6,79.4,2
bonus3,60.6,79.8,1
bonus3,60.6,80.1,1
bonus3,60.6,80.4,1
bonus3,60.6,80.5,1
bonus3,60.6,80.6,1
bonus3,60.6,81,1
bonus3,60.6,81.2,1
bonus3,60.6,81.7,1
bonus3,60.6,81.8,1
bonus3,60.6,82.1,1
bonus3,60.6,82.3,1
bonus3,60.6,82.9,1
bonus3,60.6,83.1,1
bonus3,60.6,83.3,1
bonus3,60.6,84.3,1
bonus3,60.6,84.5,1
bonus3,60.6,85,1
bonus3,60.6,85.2,1
bonus3,60.6,85.3,1
bonus3,60.6,87,1
bonus3,60.6,87.2,1
bonus3,60.6,87.6,1
bonus3,60.6,87.8,1
bonus3,60.6,88.9,1
bonus3,60.6,89.1,3
bonus3,60.6,89.3,1
bonus3,60.6,89.6,1
bonus3,60.6,89.7,1
bonus3,60.6,90.6,1
bonus3,60.6,91.1,1
bonus3,60.6,91.6,1
bonus3,60.6,91.7,1
bonus3,60.6,92.3,1
bonus3,60.6,92.4,1
bonus3,60.6,92.5,1
bonus3,60.6,92.8,1
bonus3,60.6,93.3,1
bonus3,60.6,93.9,1
bonus3,60.6,94.1,1
bonus3,60.6,94.6,2
bonus3,60.6,95.8,2
bonus3,60.6,96,1
bonus3,60.6,96.8,2
bonus3,60.6,97,1
bonus3,60.6,97.1,1
bonus3,60.6,97.7,1
bonus3,60.6,98,2
bonus3,60.6,98.2,1
bonus3,60.6,98.3,1
bonus3,60.6,98.4,1
bonus3,60.6,98.7,1
bonus3,60.6,98.9,1
bonus3,60.6,99,1
bonus3,60.6,99.1,2
bonus3,60.6,99.2,1
bonus3,60.6,99.3,1
bonus3,60.6,99.6,1
bonus3,60.6,99.7,1
bonus3,65.7,0.2,1
bonus3,65.7,1,1
bonus3,65.7,1.4,2
bonus3,65.7,1.5,1
bonus3,65.7,2.1,1
bonus3,65.7,2.2,1
bonus3,65.7,2.7,2
bonus3,65.7,3.4,1
bonus3,65.7,4.1,1
bonus3,65.7,4.5,3
bonus3,65.7,5,2
bonus3,65.7,5.3,2
bonus3,65.7,5.4,1
bonus3,65.7,5.8,2
bonus3,65.7,5.9,1
bonus3,65.7,6,2
bonus3,65.7,6.2,1
bonus3,65.7,6.3,1
bonus3,65.7,6.4,1
bonus3,65.7,6.5,1
bonus3,65.7,6.6,1
bonus3,65.7,6.7,1
bonus3,65.7,6.9,1
bonus3,65.7,7,1
bonus3,65.7,7.2,1
bonus3,65.7,7.3,1
bonus3,65.7,7.4,1
bonus3,65.7,7.5,1
bonus3,65.7,7.8,1
bonus3,65.7,7.9,1
bonus3,65.7,8.1,2
bonus3,65.7,8.3,1
bonus3,65.7,8.5,1
bonus3,65.7,8.7,1
bonus3,65.7,8.9,1
bonus3,65.7,9,1
bonus3,65.7,9.1,1
bonus3,65.7,9.3,1
bonus3,65.7,9.4,1
bonus3,65.7,9.5,1
bonus3,65.7,9.7,1
bonus3,65.7,10,1
bonus3,65.7,10.6,2
bonus3,65.7,10.8,2
bonus3,65.7,11.1,2
bonus3,65.7,11.5,1
bonus3,65.7,11.9,1
bonus3,65.7,12.7,1
bonus3,65.7,12.9,1
bonus3,65.7,13.4,1
bonus3,65.7,13.6,1
bonus3,65.7,14,2
bonus3,65.7,14.1,1
bonus3,65.7,14.4,1
bonus3,65.7,14.5,2
bonus3,65.7,14.6,1
bonus3,65.7,14.8,1
bonus3,65.7,14.9,1
bonus3,65.7,15.3,1
bonus3,65.7,16,3
bonus3,65.7,16.2,1
bonus3,65.7,16.3,1
bonus3,65.7,16.5,1
bonus3,65.7,16.7,1
bonus3,65.7,16.8,1
bonus3,65.7,16.9,1
bonus3,65.7,17.1,1
bonus3,65.7,17.4,1
bonus3,65.7,17.5,1
bonus3,65.7,17.6,1
bonus3,65.7,17.7,1
bonus3,65.7,17.8,1
bonus3,65.7,17.9,1
bonus3,65.7,18,2
bonus3,65.7,18.3,1
bonus3,65.7,18.5,2
bonus3,65.7,18.7,1
bonus3,65.7,18.8,1
bonus3,65.7,19,1
bonus3,65.7,19.4,1
bonus3,65.7,19.8,1
bonus3,65.7,20.5,1
bonus3,65.7,20.6,2
bonus3,65.7,20.9,1
bonus3,65.7,21,1
bonus3,65.7,21.5,1
bonus3,65.7,21.9,1
bonus3,65.7,22.2,1
bonus3,65.7,22.4,1
bonus3,65.7,23.5,1
bonus3,65.7,23.8,1
bonus3,65.7,24,2
bonus3,65.7,24.1,1
bonus3,65.7,24.4,1
bonus3,65.7,24.6,1
bonus3,65.7,25.1,1
bonus3,65.7,25.3,1
bonus3,65.7,25.5,1
bonus3,65.7,25.6,2
bonus3,65.7,25.7,3
bonus3,65.7,25.8,1
bonus3,65.7,26.1,1
bonus3,65.7,26.7,1
bonus3,65.7,26.8,1
bonus3,65.7,27,1
bonus3,65.7,27.7,2
bonus3,65.7,28.1,2
bonus3,65.7,28.2,1
bonus3,65.7,28.6,1
bonus3,65.7,28.7,1
bonus3,65.7,29,1
bonus3,65.7,29.1,2
bonus3,65.7,29.4,1
bonus3,65.7,29.9,1
bonus3,65.7,30.3,1
bonus3,65.7,30.5,1
bonus3,65.7,31.1,1
bonus3,65.7,31.2,1
bonus3,65.7,31.3,1
bonus3,65.7,31.5,1
bonus3,65.7,31.7,2
bonus3,65.7,32,1
bonus3,65.7,32.1,1
bonus3,65.7,32.2,1
bonus3,65.7,32.3,1
bonus3,65.7,32.6,1
bonus3,65.7,32.7,1
bonus3,65.7,33.1,1
bonus3,65.7,33.5,1
bonus3,65.7,33.7,1
bonus3,65.7,34.3,1
bonus3,65.7,34.8,1
bonus3,65.7,35.1,1
bonus3,65.7,35.5,1
bonus3,65.7,35.6,1
bonus3,65.7,35.7,2
bonus3,65.7,36.8,1
bonus3,65.7,37,1
bonus3,65.7,37.1,1
bonus3,65.7,37.3,1
bonus3,65.7,37.9,1
bonus3,65.7,38,1
bonus3,65.7,38.2,1
bonus3,65.7,38.7,1
bonus3,65.7,39.2,1
bonus3,65.7,39.4,1
bonus3,65.7,40.1,2
bonus3,65.7,40.2,2
bonus3,65.7,40.5,1
bonus3,65.7,40.6,1
bonus3,65.7,40.9,1
bonus3,65.7,41.6,1
bonus3,65.7,41.7,1
bonus3,65.7,42,1
bonus3,65.7,42.2,1
bonus3,65.7,42.3,1
bonus3,65.7,43,1
bonus3,65.7,43.1,1
bonus3,65.7,43.7,1
bonus3,65.7,44,1
bonus3,65.7,44.4,1
bonus3,65.7,44.5,1
bonus3,65.7,44.9,1
bonus3,65.7,45.5,1
bonus3,65.7,45.8,2
bonus3,65.7,46,3
bonus3,65.7,46.1,1
bonus3,65.7,46.2,2
bonus3,65.7,46.4,1
bonus3,65.7,46.5,1
bonus3,65.7,46.7,2
bonus3,65.7,46.8,2
bonus3,65.7,47,1
bonus3,65.7,47.3,1
bonus3,65.7,47.8,1
bonus3,65.7,47.9,1
bonus3,65.7,48.2,1
bonus3,65.7,48.4,1
bonus3,65.7,48.5,1
bonus3,65.7,48.8,1
bonus3,65.7,48.9,1
bonus3,65.7,49.5,1
bonus3,65.7,50,1
bonus3,65.7,50.1,1
bonus3,65.7,50.4,1
bonus3,65.7,51.4,1
bonus3,65.7,51.5,2
bonus3,65.7,52.8,1
bonus3,65.7,53.6,1
bonus3,65.7,53.8,1
bonus3,65.7,54.3,2
bonus3,65.7,54.9,2
bonus3,65.7,55,1
bonus3,65.7,55.2,1
bonus3,65.7,55.3,2
bonus3,65.7,55.5,1
bonus3,65.7,55.8,2
bonus3,65.7,56.3,1
bonus3,65.7,56.5,1
bonus3,65.7,56.7,1
bonus3,65.7,57.3,2
bonus3,65.7,57.7,1
bonus3,65.7,58.3,1
bonus3,65.7,58.8,2
bonus3,65.7,59.2,1
bonus3,65.7,60,3
bonus3,65.7,60.3,2
bonus3,65.7,60.4,2
bonus3,65.7,60.6,1
bonus3,65.7,60.9,1
bonus3,65.7,61.1,1
bonus3,65.7,61.3,1
bonus3,65.7,61.6,1
bonus3,65.7,61.7,1
bonus3,65.7,62.1,1
bonus3,65.7,62.5,1
bonus3,65.7,62.6,2
bonus3,65.7,62.8,1
bonus3,65.7,63.1,1
bonus3,65.7,63.3,1
bonus3,65.7,63.5,1
bonus3,65.7,63.6,2
bonus3,65.7,63.9,1
bonus3,65.7,64.9,1
bonus3,65.7,65.5,1
bonus3,65.7,66.3,1
bonus3,65.7,66.4,2
bonus3,65.7,66.6,2
bonus3,65.7,66.7,1
bonus3,65.7,66.8,1
bonus3,65.7,67,1
bonus3,65.7,67.7,1
bonus3,65.7,67.8,3
bonus3,65.7,68.2,2
bonus3,65.7,68.8,2
bonus3,65.7,69.4,1
bonus3,65.7,69.5,1
bonus3,65.7,69.6,1
bonus3,65.7,70.2,1
bonus3,65.7,70.3,2
bonus3,65.7,70.4,1
bonus3,65.7,71,1
bonus3,65.7,71.1,1
bonus3,65.7,71.3,1
bonus3,65.7,71.4,1
bonus3,65.7,71.6,1
bonus3,65.7,71.7,1
bonus3,65.7,72.1,1
bonus3,65.7,72.2,1
bonus3,65.7,72.6,1
bonus3,65.7,72.9,2
bonus3,65.7,73,1
bonus3,65.7,74.4,2
bonus3,65.7,74.6,1
bonus3,65.7,74.8,1
bonus3,65.7,75.1,2
bonus3,65.7,75.6,1
bonus3,65.7,76.1,1
bonus3,65.7,77.5,1
bonus3,65.7,77.7,1
bonus3,65.7,77.8,1
bonus3,65.7,78.7,1
bonus3,65.7,79.1,1
bonus3,65.7,79.3,1
bonus3,65.7,79.4,1
bonus3,65.7,79.8,1
bonus3,65.7,80,2
bonus3,65.7,80.1,1
bonus3,65.7,80.9,1
bonus3,65.7,81,1
bonus3,65.7,81.1,1
bonus3,65.7,81.7,1
bonus3,65.7,81.9,1
bonus3,65.7,82,1
bonus3,65.7,82.2,1
bonus3,65.7,83.4,1
bonus3,65.7,83.6,1
bonus3,65.7,83.7,1
bonus3,65.7,83.9,1
bonus3,65.7,84.1,1
bonus3,65.7,84.7,1
bonus3,65.7,84.8,1
bonus3,65.7,84.9,2
bonus3,65.7,85.5,1
bonus3,65.7,85.7,1
bonus3,65.7,86.2,1
bonus3,65.7,86.3,1
bonus3,65.7,86.5,1
bonus3,65.7,87.1,2
bonus3,65.7,87.2,1
bonus3,65.7,87.4,1
bonus3,65.7,88.6,1
bonus3,65.7,89.2,1
bonus3,65.7,89.3,1
bonus3,65.7,89.6,1
bonus3,65.7,90.3,1
bonus3,65.7,90.4,1
bonus3,65.7,90.5,1
bonus3,65.7,90.7,1
bonus3,65.7,91.1,1
bonus3,65.7,92.3,2
bonus3,65.7,92.4,1
bonus3,65.7,92.7,1
bonus3,65.7,92.8,1
bonus3,65.7,93.1,1
bonus3,65.7,93.7,1
bonus3,65.7,93.8,2
bonus3,65.7,94,1
bonus3,65.7,94.8,1
bonus3,65.7,95,1
bonus3,65.7,95.1,1
bonus3,65.7,95.2,1
bonus3,65.7,95.4,1
bonus3,65.7,95.5,1
bonus3,65.7,97.1,1
bonus3,65.7,97.2,1
bonus3,65.7,97.5,1
bonus3,65.7,97.6,1
bonus3,65.7,97.9,1
bonus3,65.7,98.2,1
bonus3,65.7,99.7,1
bonus3,65.7,100,1
bonus3,71.2,0.1,1
bonus3,71.2,0.3,1
bonus3,71.2,0.6,1
bonus3,71.2,1.2,1
bonus3,71.2,1.3,2
bonus3,71.2,1.5,1
bonus3,71.2,1.7,1
bonus3,71.2,2,1
bonus3,71.2,2.7,1
bonus3,71.2,3,1
bonus3,71.2,3.4,1
bonus3,71.2,3.7,2
bonus3,71.2,3.9,1
bonus3,71.2,4,2
bonus3,71.2,4.4,1
bonus3,71.2,5.5,1
bonus3,71.2,5.6,1
bonus3,71.2,5.7,2
bonus3,71.2,5.8,1
bonus3,71.2,6.5,1
bonus3,71.2,6.7,1
bonus3,71.2,7.1,1
bonus3,71.2,7.9,1
bonus3,71.2,8.4,1
bonus3,71.2,8.6,1
bonus3,71.2,8.7,2
bonus3,71.2,8.9,1
bonus3,71.2,9.4,1
bonus3,71.2,9.5,1
bonus3,71.2,9.6,1
bonus3,71.2,10,1
bonus3,71.2,10.7,2
bonus3,71.2,11.2,1
bonus3,71.2,11.3,1
bonus3,71.2,11.4,1
bonus3,71.2,11.5,1
bonus3,71.2,11.6,1
bonus3,71.2,11.7,1
bonus3,71.2,12,2
bonus3,71.2,12.6,1
bonus3,71.2,13.2,1
bonus3,71.2,14.1,1
bonus3,71.2,14.2,1
bonus3,71.2,14.5,1
bonus3,71.2,14.6,2
bonus3,71.2,15.8,1
bonus3,71.2,16.2,1
bonus3,71.2,16.5,1
bonus3,71.2,17,2
bonus3,71.2,17.2,1
bonus3,71.2,17.6,1
bonus3,71.2,17.8,2
bonus3,71.2,17.9,1
bonus3,71.2,18.2,2
bonus3,71.2,18.4,1
bonus3,71.2,18.5,1
bonus3,71.2,18.6,1
bonus3,71.2,18.8,2
bonus3,71.2,18.9,1
bonus3,71.2,19.6,1
bonus3,71.2,20.2,1
bonus3,71.2,20.4,1
bonus3,71.2,21,1
bonus3,71.2,21.6,2
bonus3,71.2,21.7,1
bonus3,71.2,21.8,1
bonus3,71.2,22,1
bonus3,71.2,22.7,1
bonus3,71.2,22.8,1
bonus3,71.2,22.9,1
bonus3,71.2,23.8,1
bonus3,71.2,24.3,1
bonus3,71.2,24.4,1
bonus3,71.2,25.6,1
bonus3,71.2,25.8,1
bonus3,71.2,26.3,1
bonus3,71.2,26.6,1
bonus3,71.2,26.9,1
bonus3,71.2,27.9,1
bonus3,71.2,28.3,1
bonus3,71.2,28.7,1
bonus3,71.2,29,1
bonus3,71.2,29.4,1
bonus3,71.2,29.5,1
bonus3,71.2,30.1,1
bonus3,71.2,30.5,1
bonus3,71.2,30.6,1
bonus3,71.2,30.8,1
bonus3,71.2,30.9,1
bonus3,71.2,31,2
bonus3,71.2,31.1,1
bonus3,71.2,31.2,1
bonus3,71.2,31.4,1
bonus3,71.2,31.5,1
bonus3,71.2,31.6,1
bonus3,71.2,31.7,1
bonus3,71.2,32,1
bonus3,71.2,32.1,2
bonus3,71.2,32.3,1
bonus3,71.2,32.4,1
bonus3,71.2,32.6,1
bonus3,71.2,33.5,1
bonus3,71.2,34.1,2
bonus3,71.2,34.4,1
bonus3,71.2,34.5,1
bonus3,71.2,34.7,1
bonus3,71.2,34.8,2
bonus3,71.2,35,1
bonus3,71.2,35.1,1
bonus3,71.2,35.3,1
bonus3,71.2,35.5,1
bonus3,71.2,35.9,1
bonus3,71.2,36.5,1
bonus3,71.2,36.7,1
bonus3,71.2,37.5,2
bonus3,71.2,37.8,1
bonus3,71.2,38.5,1
bonus3,71.2,38.6,1
bonus3,71.2,38.7,2
bonus3,71.2,39,1
bonus3,71.2,39.1,1
bonus3,71.2,39.2,1
bonus3,71.2,39.3,1
bonus3,71.2,40,1
bonus3,71.2,40.4,1
bonus3,71.2,40.7,3
bonus3,71.2,41.1,1
bonus3,71.2,41.2,1
bonus3,71.2,41.4,2
bonus3,71.2,41.5,1
bonus3,71.2,42,1
bonus3,71.2,42.6,2
bonus3,71.2,43.2,1
bonus3,71.2,43.3,1
bonus3,71.2,43.9,1
bonus3,71.2,44,2
bonus3,71.2,44.2,1
bonus3,71.2,44.6,1
bonus3,71.2,45.2,1
bonus3,71.2,45.5,1
bonus3,71.2,45.7,1
bonus3,71.2,46,1
bonus3,71.2,46.1,1
bonus3,71.2,46.4,1
bonus3,71.2,46.6,1
bonus3,71.2,46.8,1
bonus3,71.2,47.3,3
bonus3,71.2,47.4,1
bonus3,71.2,47.5,2
bonus3,71.2,47.8,1
bonus3,71.2,48.2,2
bonus3,71.2,48.3,1
bonus3,71.2,48.4,1
bonus3,71.2,48.9,2
bonus3,71.2,49.2,2
bonus3,71.2,49.3,2
bonus3,71.2,49.5,1
bonus3,71.2,49.6,1
bonus3,71.2,49.7,2
bonus3,71.2,49.8,2
bonus3,71.2,49.9,1
bonus3,71.2,50,1
bonus3,71.2,50.5,1
bonus3,71.2,50.8,1
bonus3,71.2,50.9,1
bonus3,71.2,51.1,1
bonus3,71.2,51.3,1
bonus3,71.2,51.6,2
bonus3,71.2,52.1,1
bonus3,71.2,52.3,1
bonus3,71.2,52.5,1
bonus3,71.2,52.7,1
bonus3,71.2,52.8,1
bonus3,71.2,52.9,1
bonus3,71.2,53,1
bonus3,71.2,53.7,1
bonus3,71.2,54,1
bonus3,71.2,54.2,1
bonus3,71.2,54.3,2
bonus3,71.2,54.5,2
bonus3,71.2,55.1,1
bonus3,71.2,55.2,1
bonus3,71.2,55.5,1
bonus3,71.2,55.6,1
bonus3,71.2,56.7,1
bonus3,71.2,57.4,1
bonus3,71.2,57.8,1
bonus3,71.2,58.1,1
bonus3,71.2,58.2,1
bonus3,71.2,58.5,1
bonus3,71.2,59,1
bonus3,71.2,59.5,1
bonus3,71.2,59.9,1
bonus3,71.2,60.1,1
bonus3,71.2,60.5,1
bonus3,71.2,60.9,1
bonus3,71.2,61,1
bonus3,71.2,61.3,1
bonus3,71.2,61.4,1
bonus3,71.2,61.5,1
bonus3,71.2,61.7,1
bonus3,71.2,61.9,1
bonus3,71.2,62.2,1
bonus3,71.2,62.4,1
bonus3,71.2,62.5,2
bonus3,71.2,62.7,1
bonus3,71.2,62.8,3
bonus3,71.2,63.1,1
bonus3,71.2,63.4,1
bonus3,71.2,63.7,2
bonus3,71.2,63.9,1
bonus3,71.2,64.1,1
bonus3,71.2,64.2,1
bonus3,71.2,64.7,1
bonus3,71.2,64.8,1
bonus3,71.2,64.9,1
bonus3,71.2,65.1,1
bonus3,71.2,65.3,1
bonus3,71.2,65.7,1
bonus3,71.2,66,1
bonus3,71.2,66.5,1
bonus3,71.2,67.1,1
bonus3,71.2,67.2,1
bonus3,71.2,67.3,1
bonus3,71.2,67.4,1
bonus3,71.2,67.5,1
bonus3,71.2,67.6,1
bonus3,71.2,67.9,1
bonus3,71.2,68.1,1
bonus3,71.2,68.5,1
bonus3,71.2,68.6,1
bonus3,71.2,68.8,1
bonus3,71.2,69,1
bonus3,71.2,69.2,1
bonus3,71.2,69.7,1
bonus3,71.2,69.9,1
bonus3,71.2,71,1
bonus3,71.2,71.1,1
bonus3,71.2,71.2,1
bonus3,71.2,71.8,1
bonus3,71.2,72.2,1
bonus3,71.2,72.5,2
bonus3,71.2,73,1
bonus3,71.2,73.1,1
bonus3,71.2,73.4,1
bonus3,71.2,74,1
bonus3,71.2,74.5,2
bonus3,71.2,74.7,1
bonus3,71.2,75.2,2
bonus3,71.2,75.6,1
bonus3,71.2,75.8,1
bonus3,71.2,76.1,1
bonus3,71.2,76.2,1
bonus3,71.2,76.4,1
bonus3,71.2,76.5,1
bonus3,71.2,77,2
bonus3,71.2,77.1,2
bonus3,71.2,77.3,1
bonus3,71.2,77.8,1
bonus3,71.2,78.3,1
bonus3,71.2,78.6,1
bonus3,71.2,78.7,1
bonus3,71.2,78.8,2
bonus3,71.2,79.2,1
bonus3,71.2,79.5,2
bonus3,71.2,79.7,2
bonus3,71.2,79.9,2
bonus3,71.2,80,1
bonus3,71.2,80.2,1
bonus3,71.2,80.3,1
bonus3,71.2,80.5,1
bonus3,71.2,80.6,1
bonus3,71.2,80.9,1
bonus3,71.2,81,1
bonus3,71.2,81.3,1
bonus3,71.2,81.7,1
bonus3,71.2,81.9,1
bonus3,71.2,82.3,1
bonus3,71.2,82.4,1
bonus3,71.2,83,2
bonus3,71.2,83.2,2
bonus3,71.2,83.4,1
bonus3,71.2,83.5,3
bonus3,71.2,83.8,1
bonus3,71.2,84,2
bonus3,71.2,84.2,1
bonus3,71.2,84.6,1
bonus3,71.2,84.7,1
bonus3,71.2,85.1,1
bonus3,71.2,85.9,4
bonus3,71.2,86,1
bonus3,71.2,87.1,1
bonus3,71.2,87.5,1
bonus3,71.2,87.7,1
bonus3,71.2,87.9,1
bonus3,71.2,88,1
bonus3,71.2,88.2,2
bonus3,71.2,88.3,1
bonus3,71.2,88.9,1
bonus3,71.2,89.1,1
bonus3,71.2,89.4,2
bonus3,71.2,89.5,1
bonus3,71.2,89.8,3
bonus3,71.2,90.3,1
bonus3,71.2,91.1,2
bonus3,71.2,91.2,2
bonus3,71.2,91.3,1
bonus3,71.2,91.8,1
bonus3,71.2,91.9,2
bonus3,71.2,92.2,1
bonus3,71.2,92.6,2
bonus3,71.2,92.7,1
bonus3,71.2,92.9,1
bonus3,71.2,93,1
bonus3,71.2,93.2,1
bonus3,71.2,93.4,2
bonus3,71.2,94.1,2
bonus3,71.2,94.3,1
bonus3,71.2,94.5,1
bonus3,71.2,94.8,2
bonus3,71.2,94.9,1
bonus3,71.2,95.2,1
bonus3,71.2,95.7,1
bonus3,71.2,95.9,1
bonus3,71.2,96,1
bonus3,71.2,96.5,1
bonus3,71.2,96.6,1
bonus3,71.2,96.9,1
bonus3,71.2,97,1
bonus3,71.2,97.2,2
bonus3,71.2,97.5,1
bonus3,71.2,97.7,1
bonus3,71.2,97.8,1
bonus3,71.2,98.2,1
bonus3,71.2,99.1,1
bonus3,71.2,99.2,1
bonus3,71.2,99.4,2
bonus3,71.2,99.7,1
bonus3,71.2,99.9,1
bonus3,76.6,0.4,1
bonus3,76.6,0.6,1
bonus3,76.6,0.7,1
bonus3,76.6,0.8,1
bonus3,76.6,0.9,1
bonus3,76.6,1.2,2
bonus3,76.6,1.3,1
bonus3,76.6,1.5,1
bonus3,76.6,1.6,1
bonus3,76.6,1.7,1
bonus3,76.6,2,2
bonus3,76.6,2.5,2
bonus3,76.6,2.8,2
bonus3,76.6,3,1
bonus3,76.6,3.4,1
bonus3,76.6,3.6,2
bonus3,76.6,3.9,1
bonus3,76.6,4.1,1
bonus3,76.6,4.7,1
bonus3,76.6,4.8,1
bonus3,76.6,5.1,1
bonus3,76.6,6.3,2
bonus3,76.6,6.9,1
bonus3,76.6,7.1,1
bonus3,76.6,7.4,2
bonus3,76.6,7.5,1
bonus3,76.6,7.7,2
bonus3,76.6,7.8,3
bonus3,76.6,8,1
bonus3,76.6,8.7,1
bonus3,76.6,9.1,1
bonus3,76.6,9.9,1
bonus3,76.6,10.1,1
bonus3,76.6,10.4,2
bonus3,76.6,10.8,1
bonus3,76.6,11.9,1
bonus3,76.6,12.1,1
bonus3,76.6,12.2,1
bonus3,76.6,12.3,1
bonus3,76.6,12.5,1
bonus3,76.6,13.7,2
bonus3,76.6,14.1,1
bonus3,76.6,14.7,1
bonus3,76.6,14.8,2
bonus3,76.6,14.9,1
bonus3,76.6,15.1,1
bonus3,76.6,15.2,2
bonus3,76.6,16.5,1
bonus3,76.6,16.6,2
bonus3,76.6,16.9,1
bonus3,76.6,17.2,1
bonus3,76.6,18,2
bonus3,76.6,18.4,1
bonus3,76.6,19.2,2
bonus3,76.6,19.3,1
bonus3,76.6,19.8,1
bonus3,76.6,19.9,1
bonus3,76.6,20.2,2
bonus3,76.6,20.5,2
bonus3,76.6,20.9,1
bonus3,76.6,21.4,1
bonus3,76.6,22,1
bonus3,76.6,22.5,1
bonus3,76.6,22.6,1
bonus3,76.6,22.8,1
bonus3,76.6,23,2
bonus3,76.6,23.2,1
bonus3,76.6,23.4,1
bonus3,76.6,23.9,1
bonus3,76.6,24.1,1
bonus3,76.6,24.4,1
bonus3,76.6,24.7,1
bonus3,76.6,24.9,1
bonus3,76.6,25.1,2
bonus3,76.6,25.2,1
bonus3,76.6,25.3,1
bonus3,76.6,25.6,1
bonus3,76.6,25.7,2
bonus3,76.6,26.1,1
bonus3,76.6,26.2,1
bonus3,76.6,26.5,1
bonus3,76.6,26.9,1
bonus3,76.6,27,1
bonus3,76.6,28.3,2
bonus3,76.6,28.5,2
bonus3,76.6,28.6,2
bonus3,76.6,28.8,1
bonus3,76.6,29.2,1
bonus3,76.6,30.2,1
bonus3,76.6,30.4,3
bonus3,76.6,31.3,1
bonus3,76.6,31.9,1
bonus3,76.6,32.1,1
bonus3,76.6,32.4,1
bonus3,76.6,32.7,1
bonus3,76.6,32.8,1
bonus3,76.6,32.9,2
bonus3,76.6,33,1
bonus3,76.6,33.2,1
bonus3,76.6,33.3,1
bonus3,76.6,33.5,2
bonus3,76.6,33.6,1
bonus3,76.6,33.8,1
bonus3,76.6,34.1,1
bonus3,76.6,34.2,1
bonus3,76.6,34.4,1
bonus3,76.6,35,1
bonus3,76.6,35.1,1
bonus3,76.6,35.2,1
bonus3,76.6,35.6,2
bonus3,76.6,35.8,2
bonus3,76.6,36,2
bonus3,76.6,36.1,1
bonus3,76.6,37,1
bonus3,76.6,37.3,1
bonus3,76.6,37.5,1
bonus3,76.6,38.1,1
bonus3,76.6,38.5,1
bonus3,76.6,38.6,1
bonus3,76.6,39.2,1
bonus3,76.6,39.4,2
bonus3,76.6,40.1,1
bonus3,76.6,40.3,1
bonus3,76.6,41.1,1
bonus3,76.6,41.3,2
bonus3,76.6,41.6,2
bonus3,76.6,42,1
bonus3,76.6,42.2,3
bonus3,76.6,42.6,1
bonus3,76.6,42.7,2
bonus3,76.6,42.9,1
bonus3,76.6,43.1,1
bonus3,76.6,43.4,1
bonus3,76.6,43.6,1
bonus3,76.6,43.9,1
bonus3,76.6,44.1,1
bonus3,76.6,44.3,1
bonus3,76.6,44.8,2
bonus3,76.6,45.2,1
bonus3,76.6,45.3,1
bonus3,76.6,45.4,1
bonus3,76.6,45.7,1
bonus3,76.6,45.9,1
bonus3,76.6,46.5,1
bonus3,76.6,46.6,3
bonus3,76.6,46.8,1
bonus3,76.6,47.7,1
bonus3,76.6,47.9,1
bonus3,76.6,48.5,1
bonus3,76.6,48.8,1
bonus3,76.6,49,2
bonus3,76.6,49.2,1
bonus3,76.6,50.5,1
bonus3,76.6,50.6,1
bonus3,76.6,50.7,2
bonus3,76.6,50.8,1
bonus3,76.6,50.9,1
bonus3,76.6,51.3,2
bonus3,76.6,51.6,1
bonus3,76.6,51.7,2
bonus3,76.6,51.9,2
bonus3,76.6,52.1,1
bonus3,76.6,52.4,1
bonus3,76.6,52.5,1
bonus3,76.6,53.3,3
bonus3,76.6,53.4,1
bonus3,76.6,53.5,1
bonus3,76.6,53.6,1
bonus3,76.6,53.7,1
bonus3,76.6,53.9,1
bonus3,76.6,54,1
bonus3,76.6,54.1,1
bonus3,76.6,54.5,1
bonus3,76.6,54.7,2
bonus3,76.6,55.7,1
bonus3,76.6,55.8,1
bonus3,76.6,55.9,1
bonus3,76.6,56,2
bonus3,76.6,56.1,1
bonus3,76.6,56.5,1
bonus3,76.6,56.6,1
bonus3,76.6,57,1
bonus3,76.6,57.2,1
bonus3,76.6,57.9,1
bonus3,76.6,58,1
bonus3,76.6,58.1,1
bonus3,76.6,58.4,1
bonus3,76.6,58.7,1
bonus3,76.6,58.8,1
bonus3,76.6,59.1,2
bonus3,76.6,59.2,1
bonus3,76.6,59.3,1
bonus3,76.6,59.4,1
bonus3,76.6,59.6,1
bonus3,76.6,59.8,1
bonus3,76.6,60.4,1
bonus3,76.6,60.5,2
bonus3,76.6,60.7,1
bonus3,76.6,61.6,2
bonus3,76.6,61.9,1
bonus3,76.6,62,1
bonus3,76.6,62.4,1
bonus3,76.6,62.5,1
bonus3,76.6,62.6,1
bonus3,76.6,62.9,1
bonus3,76.6,63,1
bonus3,76.6,63.4,1
bonus3,76.6,63.9,1
bonus3,76.6,64,1
bonus3,76.6,64.4,1
bonus3,76.6,65.8,1
bonus3,76.6,65.9,1
bonus3,76.6,66.8,1
bonus3,76.6,67,1
bonus3,76.6,67.7,1
bonus3,76.6,68.5,1
bonus3,76.6,68.6,1
bonus3,76.6,68.9,2
bonus3,76.6,69,1
bonus3,76.6,69.4,2
bonus3,76.6,69.6,1
bonus3,76.6,69.7,1
bonus3,76.6,69.8,2
bonus3,76.6,70.2,1
bonus3,76.6,70.3,1
bonus3,76.6,70.6,1
bonus3,76.6,70.8,3
bonus3,76.6,71.1,1
bonus3,76.6,71.5,1
bonus3,76.6,71.9,1
bonus3,76.6,72,1
bonus3,76.6,72.3,1
bonus3,76.6,72.6,1
bonus3,76.6,72.7,1
bonus3,76.6,73,1
bonus3,76.6,73.5,1
bonus3,76.6,73.7,1
bonus3,76.6,73.9,1
bonus3,76.6,74.9,1
bonus3,76.6,75,1
bonus3,76.6,75.3,1
bonus3,76.6,76.6,1
bonus3,76.6,76.7,1
bonus3,76.6,77.5,1
bonus3,76.6,77.9,1
bonus3,76.6,78.3,1
bonus3,76.6,78.4,2
bonus3,76.6,78.5,1
bonus3,76.6,78.9,1
bonus3,76.6,79.6,1
bonus3,76.6,79.7,1
bonus3,76.6,80.6,2
bonus3,76.6,80.8,1
bonus3,76.6,81.2,2
bonus3,76.6,81.3,1
bonus3,76.6,81.5,1
bonus3,76.6,81.6,1
bonus3,76.6,81.8,1
bonus3,76.6,82,2
bonus3,76.6,82.3,1
bonus3,76.6,82.5,1
bonus3,76.6,82.7,1
bonus3,76.6,82.8,1
bonus3,76.6,83.5,1
bonus3,76.6,83.6,1
bonus3,76.6,83.7,1
bonus3,76.6,83.8,1
bonus3,76.6,84.2,1
bonus3,76.6,84.3,1
bonus3,76.6,84.4,1
bonus3,76.6,84.9,1
bonus3,76.6,85,2
bonus3,76.6,85.3,1
bonus3,76.6,85.5,1
bonus3,76.6,85.6,1
bonus3,76.6,85.8,1
bonus3,76.6,85.9,1
bonus3,76.6,86.1,2
bonus3,76.6,86.3,1
bonus3,76.6,86.5,1
bonus3,76.6,86.8,1
bonus3,76.6,87.1,1
bonus3,76.6,87.5,1
bonus3,76.6,87.7,2
bonus3,76.6,88.6,2
bonus3,76.6,89.2,1
bonus3,76.6,89.8,1
bonus3,76.6,89.9,1
bonus3,76.6,90.3,2
bonus3,76.6,90.4,2
bonus3,76.6,90.7,1
bonus3,76.6,91.2,1
bonus3,76.6,91.3,1
bonus3,76.6,91.7,1
bonus3,76.6,91.8,1
bonus3,76.6,92,1
bonus3,76.6,92.2,1
bonus3,76.6,94.4,1
bonus3,76.6,94.5,1
bonus3,76.6,95,1
bonus3,76.6,95.3,1
bonus3,76.6,95.5,1
bonus3,76.6,96.4,1
bonus3,76.6,96.5,1
bonus3,76.6,96.9,1
bonus3,76.6,97.3,1
bonus3,76.6,97.7,1
bonus3,76.6,98.1,1
bonus3,76.6,99.8,1
bonus3,82.3,0.1,1
bonus3,82.3,0.2,1
bonus3,82.3,0.3,1
bonus3,82.3,0.7,1
bonus3,82.3,0.9,1
bonus3,82.3,1,1
bonus3,82.3,1.6,2
bonus3,82.3,2.5,1
bonus3,82.3,2.7,1
bonus3,82.3,2.9,1
bonus3,82.3,3.1,1
bonus3,82.3,3.5,1
bonus3,82.3,4.2,1
bonus3,82.3,4.8,1
bonus3,82.3,5,1
bonus3,82.3,5.3,1
bonus3,82.3,5.7,1
bonus3,82.3,7.1,1
bonus3,82.3,7.8,1
bonus3,82.3,7.9,1
bonus3,82.3,8.2,1
bonus3,82.3,8.3,2
bonus3,82.3,8.5,1
bonus3,82.3,9,1
bonus3,82.3,9.3,2
bonus3,82.3,9.4,1
bonus3,82.3,10.2,1
bonus3,82.3,10.4,1
bonus3,82.3,11,1
bonus3,82.3,11.1,1
bonus3,82.3,11.8,1
bonus3,82.3,12,1
bonus3,82.3,12.1,1
bonus3,82.3,12.4,1
bonus3,82.3,12.6,1
bonus3,82.3,13.3,1
bonus3,82.3,13.5,1
bonus3,82.3,13.8,1
bonus3,82.3,14.2,1
bonus3,82.3,14.3,1
bonus3,82.3,14.4,1
bonus3,82.3,14.5,1
bonus3,82.3,15,1
bonus3,82.3,15.3,1
bonus3,82.3,15.5,2
bonus3,82.3,15.7,1
bonus3,82.3,15.9,1
bonus3,82.3,17.1,1
bonus3,82.3,17.3,1
bonus3,82.3,17.4,1
bonus3,82.3,17.5,1
bonus3,82.3,17.7,3
bonus3,82.3,17.9,1
bonus3,82.3,18.5,1
bonus3,82.3,18.7,1
bonus3,82.3,18.8,1
bonus3,82.3,19,2
bonus3,82.3,19.4,1
bonus3,82.3,19.8,1
bonus3,82.3,19.9,1
bonus3,82.3,20,1
bonus3,82.3,20.3,1
bonus3,82.3,20.6,1
bonus3,82.3,21.1,1
bonus3,82.3,21.4,1
bonus3,82.3,21.5,2
bonus3,82.3,21.7,1
bonus3,82.3,21.9,1
bonus3,82.3,22.3,1
bonus3,82.3,22.5,1
bonus3,82.3,22.7,2
bonus3,82.3,23.2,1
bonus3,82.3,23.3,1
bonus3,82.3,23.4,1
bonus3,82.3,23.8,1
bonus3,82.3,24.1,2
bonus3,82.3,24.5,1
bonus3,82.3,24.8,1
bonus3,82.3,24.9,1
bonus3,82.3,25.4,1
bonus3,82.3,25.5,1
bonus3,82.3,25.8,1
bonus3,82.3,26.3,1
bonus3,82.3,26.8,1
bonus3,82.3,26.9,1
bonus3,82.3,27.2,1
bonus3,82.3,27.6,1
bonus3,82.3,27.7,1
bonus3,82.3,28,1
bonus3,82.3,28.2,2
bonus3,82.3,28.5,1
bonus3,82.3,28.7,2
bonus3,82.3,29.3,1
bonus3,82.3,29.4,1
bonus3,82.3,29.5,1
bonus3,82.3,29.6,1
bonus3,82.3,29.8,1
bonus3,82.3,30,1
bonus3,82.3,30.4,1
bonus3,82.3,31.2,1
bonus3,82.3,31.3,1
bonus3,82.3,31.9,1
bonus3,82.3,32.4,1
bonus3,82.3,32.6,1
bonus3,82.3,32.7,1
bonus3,82.3,32.8,1
bonus3,82.3,33,1
bonus3,82.3,33.3,1
bonus3,82.3,33.5,1
bonus3,82.3,34.3,1
bonus3,82.3,34.6,1
bonus3,82.3,34.9,1
bonus3,82.3,35.7,1
bonus3,82.3,36.5,1
bonus3,82.3,36.8,1
bonus3,82.3,36.9,1
bonus3,82.3,37.1,2
bonus3,82.3,38.3,1
bonus3,82.3,38.6,2
bonus3,82.3,38.8,1
bonus3,82.3,39.5,1
bonus3,82.3,39.6,1
bonus3,82.3,39.8,1
bonus3,82.3,40,1
bonus3,82.3,40.1,1
bonus3,82.3,40.5,1
bonus3,82.3,41.1,1
bonus3,82.3,41.3,1
bonus3,82.3,41.7,1
bonus3,82.3,42.7,1
bonus3,82.3,42.9,1
bonus3,82.3,43.2,2
bonus3,82.3,43.4,1
bonus3,82.3,43.5,1
bonus3,82.3,43.7,1
bonus3,82.3,43.8,1
bonus3,82.3,44.3,1
bonus3,82.3,44.5,1
bonus3,82.3,45,1
bonus3,82.3,45.1,2
bonus3,82.3,45.6,1
bonus3,82.3,46.1,1
bonus3,82.3,46.3,1
bonus3,82.3,46.9,2
bonus3,82.3,47.1,1
bonus3,82.3,47.4,1
bonus3,82.3,47.5,2
bonus3,82.3,47.6,1
bonus3,82.3,47.8,1
bonus3,82.3,47.9,1
bonus3,82.3,48.3,1
bonus3,82.3,48.7,1
bonus3,82.3,48.8,2
bonus3,82.3,49.2,2
bonus3,82.3,49.3,1
bonus3,82.3,50.3,1
bonus3,82.3,50.5,2
bonus3,82.3,50.6,3
bonus3,82.3,50.9,1
bonus3,82.3,51.1,2
bonus3,82.3,51.3,1
bonus3,82.3,51.5,2
bonus3,82.3,51.6,2
bonus3,82.3,51.8,1
bonus3,82.3,52,1
bonus3,82.3,52.1,1
bonus3,82.3,52.3,2
bonus3,82.3,52.7,1
bonus3,82.3,52.8,2
bonus3,82.3,53.2,1
bonus3,82.3,53.7,3
bonus3,82.3,54,1
bonus3,82.3,54.5,2
bonus3,82.3,54.6,1
bonus3,82.3,55,1
bonus3,82.3,55.3,1
bonus3,82.3,55.4,1
bonus3,82.3,55.5,1
bonus3,82.3,55.6,1
bonus3,82.3,55.7,1
bonus3,82.3,55.8,1
bonus3,82.3,56.1,2
bonus3,82.3,56.6,2
bonus3,82.3,56.7,1
bonus3,82.3,56.9,1
bonus3,82.3,57.1,1
bonus3,82.3,57.7,1
bonus3,82.3,57.8,1
bonus3,82.3,57.9,2
bonus3,82.3,58,2
bonus3,82.3,58.1,1
bonus3,82.3,58.2,1
bonus3,82.3,58.3,1
bonus3,82.3,58.4,2
bonus3,82.3,58.7,1
bonus3,82.3,58.8,1
bonus3,82.3,58.9,1
bonus3,82.3,59.1,1
bonus3,82.3,59.2,1
bonus3,82.3,59.5,2
bonus3,82.3,59.6,1
bonus3,82.3,59.9,1
bonus3,82.3,60.1,1
bonus3,82.3,60.3,1
bonus3,82.3,60.8,2
bonus3,82.3,61.5,2
bonus3,82.3,61.6,2
bonus3,82.3,61.7,2
bonus3,82.3,62.7,1
bonus3,82.3,63.2,1
bonus3,82.3,63.3,1
bonus3,82.3,63.9,1
bonus3,82.3,64,1
bonus3,82.3,64.1,2
bonus3,82.3,64.3,1
bonus3,82.3,64.6,1
bonus3,82.3,65.1,2
bonus3,82.3,65.2,1
bonus3,82.3,65.5,1
bonus3,82.3,65.6,2
bonus3,82.3,66.2,2
bonus3,82.3,66.3,1
bonus3,82.3,66.7,1
bonus3,82.3,66.9,2
bonus3,82.3,67,1
bonus3,82.3,67.8,2
bonus3,82.3,67.9,1
bonus3,82.3,68,1
bonus3,82.3,68.1,1
bonus3,82.3,68.3,1
bonus3,82.3,68.4,1
bonus3,82.3,68.6,1
bonus3,82.3,68.7,1
bonus3,82.3,68.8,1
bonus3,82.3,69,1
bonus3,82.3,69.5,1
bonus3,82.3,69.8,2
bonus3,82.3,70,1
bonus3,82.3,70.2,1
bonus3,82.3,70.3,1
bonus3,82.3,70.8,1
bonus3,82.3,71,1
bonus3,82.3,71.3,2
bonus3,82.3,71.8,2
bonus3,82.3,71.9,1
bonus3,82.3,72,1
bonus3,82.3,72.1,1
bonus3,82.3,72.3,1
bonus3,82.3,73,1
bonus3,82.3,73.1,1
bonus3,82.3,73.6,2
bonus3,82.3,73.7,1
bonus3,82.3,73.9,1
bonus3,82.3,74.1,1
bonus3,82.3,74.2,2
bonus3,82.3,74.4,1
bonus3,82.3,74.5,1
bonus3,82.3,74.8,2
bonus3,82.3,75.2,2
bonus3,82.3,75.3,1
bonus3,82.3,75.5,1
bonus3,82.3,75.9,1
bonus3,82.3,76,1
bonus3,82.3,76.6,1
bonus3,82.3,76.7,1
bonus3,82.3,76.9,1
bonus3,82.3,77.2,2
bonus3,82.3,77.3,1
bonus3,82.3,77.4,1
bonus3,82.3,77.5,1
bonus3,82.3,77.9,3
bonus3,82.3,78,2
bonus3,82.3,78.1,1
bonus3,82.3,78.2,1
bonus3,82.3,78.8,1
bonus3,82.3,79.2,1
bonus3,82.3,79.6,2
bonus3,82.3,79.7,1
bonus3,82.3,79.8,1
bonus3,82.3,79.9,1
bonus3,82.3,80.1,1
bonus3,82.3,80.2,1
bonus3,82.3,80.8,1
bonus3,82.3,81.1,1
bonus3,82.3,81.2,1
bonus3,82.3,81.4,1
bonus3,82.3,81.5,1
bonus3,82.3,81.7,1
bonus3,82.3,82.1,1
bonus3,82.3,82.7,1
bonus3,82.3,83,2
bonus3,82.3,83.3,1
bonus3,82.3,83.4,1
bonus3,82.3,83.9,1
bonus3,82.3,84,1
bonus3,82.3,84.2,2
bonus3,82.3,84.3,1
bonus3,82.3,84.4,1
bonus3,82.3,84.6,1
bonus3,82.3,84.7,2
bonus3,82.3,85.3,1
bonus3,82.3,85.4,1
bonus3,82.3,85.6,2
bonus3,82.3,86,2
bonus3,82.3,86.3,2
bonus3,82.3,86.5,2
bonus3,82.3,86.8,1
bonus3,82.3,87.2,2
bonus3,82.3,87.3,2
bonus3,82.3,87.6,1
bonus3,82.3,87.7,1
bonus3,82.3,87.8,1
bonus3,82.3,87.9,2
bonus3,82.3,88.1,1
bonus3,82.3,88.3,3
bonus3,82.3,88.7,1
bonus3,82.3,88.8,1
bonus3,82.3,89.1,1
bonus3,82.3,89.2,2
bonus3,82.3,89.9,1
bonus3,82.3,90,1
bonus3,82.3,90.1,1
bonus3,82.3,90.2,1
bonus3,82.3,90.6,1
bonus3,82.3,90.9,1
bonus3,82.3,91,1
bonus3,82.3,91.3,1
bonus3,82.3,91.4,2
bonus3,82.3,91.5,1
bonus3,82.3,91.8,1
bonus3,82.3,91.9,2
bonus3,82.3,92.3,1
bonus3,82.3,92.4,1
bonus3,82.3,92.6,1
bonus3,82.3,93,3
bonus3,82.3,93.1,1
bonus3,82.3,93.5,2
bonus3,82.3,93.9,1
bonus3,82.3,94.5,1
bonus3,82.3,94.9,2
bonus3,82.3,95,1
bonus3,82.3,95.1,2
bonus3,82.3,95.3,1
bonus3,82.3,95.4,1
bonus3,82.3,95.5,1
bonus3,82.3,95.6,1
bonus3,82.3,95.7,1
bonus3,82.3,95.9,1
bonus3,82.3,96,1
bonus3,82.3,96.1,1
bonus3,82.3,96.3,2
bonus3,82.3,96.4,1
bonus3,82.3,96.8,1
bonus3,82.3,97,1
bonus3,82.3,97.1,2
bonus3,82.3,97.2,2
bonus3,82.3,97.5,1
bonus3,82.3,97.6,1
bonus3,82.3,97.8,1
bonus3,82.3,98.1,2
bonus3,82.3,98.3,2
bonus3,82.3,98.4,1
bonus3,82.3,98.5,2
bonus3,82.3,98.6,1
bonus3,82.3,98.7,1
bonus3,82.3,99.2,1
bonus3,82.3,99.6,1
bonus3,82.3,100,1
bonus3,87,1,1
bonus3,87,1.1,1
bonus3,87,1.4,1
bonus3,87,1.7,1
bonus3,87,3,1
bonus3,87,3.2,1
bonus3,87,3.6,1
bonus3,87,3.7,1
bonus3,87,3.9,1
bonus3,87,4.1,1
bonus3,87,4.7,1
bonus3,87,4.9,2
bonus3,87,5.2,1
bonus3,87,5.4,1
bonus3,87,6.4,1
bonus3,87,6.6,1
bonus3,87,7.3,1
bonus3,87,8,2
bonus3,87,8.2,1
bonus3,87,8.4,1
bonus3,87,9.2,2
bonus3,87,9.3,1
bonus3,87,9.5,1
bonus3,87,10.3,1
bonus3,87,10.8,1
bonus3,87,11.6,1
bonus3,87,11.7,1
bonus3,87,11.9,1
bonus3,87,12.1,1
bonus3,87,12.4,1
bonus3,87,12.5,1
bonus3,87,13.3,1
bonus3,87,13.5,1
bonus3,87,13.7,1
bonus3,87,14.3,1
bonus3,87,14.6,1
bonus3,87,15.2,1
bonus3,87,15.4,1
bonus3,87,16.8,1
bonus3,87,17.1,1
bonus3,87,17.3,1
bonus3,87,17.5,1
bonus3,87,17.9,1
bonus3,87,18.8,1
bonus3,87,19.7,2
bonus3,87,20.7,1
bonus3,87,20.8,1
bonus3,87,21.1,1
bonus3,87,22.8,2
bonus3,87,23.3,2
bonus3,87,23.9,1
bonus3,87,24,1
bonus3,87,24.9,1
bonus3,87,25.4,1
bonus3,87,25.7,1
bonus3,87,26.2,1
bonus3,87,27,1
bonus3,87,27.1,1
bonus3,87,27.4,1
bonus3,87,27.6,1
bonus3,87,27.7,1
bonus3,87,27.9,2
bonus3,87,28.7,1
bonus3,87,28.9,1
bonus3,87,29,1
bonus3,87,29.1,1
bonus3,87,29.6,1
bonus3,87,29.7,1
bonus3,87,29.8,1
bonus3,87,30.7,1
bonus3,87,31.3,1
bonus3,87,33.6,1
bonus3,87,33.9,1
bonus3,87,34,1
bonus3,87,34.2,1
bonus3,87,34.5,1
bonus3,87,34.7,1
bonus3,87,34.8,1
bonus3,87,35.1,2
bonus3,87,35.4,1
bonus3,87,37.2,1
bonus3,87,38.1,2
bonus3,87,38.4,1
bonus3,87,38.7,1
bonus3,87,38.8,1
bonus3,87,40,1
bonus3,87,40.2,1
bonus3,87,41.2,1
bonus3,87,41.6,1
bonus3,87,41.8,1
bonus3,87,42.3,1
bonus3,87,42.8,1
bonus3,87,42.9,1
bonus3,87,43.6,1
bonus3,87,43.8,1
bonus3,87,44.4,1
bonus3,87,45.1,1
bonus3,87,45.3,1
bonus3,87,45.6,1
bonus3,87,45.7,1
bonus3,87,45.9,1
bonus3,87,46.5,1
bonus3,87,48.1,2
bonus3,87,49.5,1
bonus3,87,51,2
bonus3,87,51.4,1
bonus3,87,51.8,1
bonus3,87,52,3
bonus3,87,53.4,1
bonus3,87,54.6,1
bonus3,87,55.2,1
bonus3,87,55.7,2
bonus3,87,56.1,1
bonus3,87,56.9,3
bonus3,87,57.3,1
bonus3,87,57.6,1
bonus3,87,58.5,1
bonus3,87,59.4,1
bonus3,87,59.5,1
bonus3,87,59.7,1
bonus3,87,60,1
bonus3,87,60.2,1
bonus3,87,60.5,1
bonus3,87,60.7,1
bonus3,87,60.8,1
bonus3,87,61.3,1
bonus3,87,61.7,1
bonus3,87,61.8,1
bonus3,87,62,1
bonus3,87,62.3,1
bonus3,87,65.3,1
bonus3,87,65.4,1
bonus3,87,65.9,1
bonus3,87,66,1
bonus3,87,66.1,2
bonus3,87,66.2,1
bonus3,87,66.4,1
bonus3,87,66.9,1
bonus3,87,67.7,1
bonus3,87,68.1,1
bonus3,87,68.4,1
bonus3,87,69.5,1
bonus3,87,70.9,1
bonus3,87,71.4,1
bonus3,87,71.8,1
bonus3,87,72.1,1
bonus3,87,72.2,2
bonus3,87,72.9,1
bonus3,87,74.6,1
bonus3,87,74.8,1
bonus3,87,75.7,1
bonus3,87,76,2
bonus3,87,76.1,1
bonus3,87,76.5,1
bonus3,87,76.9,1
bonus3,87,77,1
bonus3,87,77.4,2
bonus3,87,77.5,1
bonus3,87,78.4,1
bonus3,87,79.5,1
bonus3,87,80.1,1
bonus3,87,80.3,1
bonus3,87,80.8,1
bonus3,87,81.2,1
bonus3,87,81.3,1
bonus3,87,82,1
bonus3,87,82.5,1
bonus3,87,83.9,1
bonus3,87,84.2,1
bonus3,87,84.7,1
bonus3,87,85.7,1
bonus3,87,86,1
bonus3,87,86.1,1
bonus3,87,86.5,1
bonus3,87,87.4,1
bonus3,87,88.1,1
bonus3,87,92.1,1
bonus3,87,92.3,1
bonus3,87,93.1,1
bonus3,87,93.3,1
bonus3,87,94.4,1
bonus3,87,94.7,1
bonus3,87,94.9,1
bonus3,87,95,2
bonus3,87,95.4,1
bonus3,87,95.5,1
bonus3,87,95.6,2
bonus3,87,95.8,1
bonus3,87,95.9,1
bonus3,87,96.2,1
bonus3,87,97.6,1
bonus3,87,97.7,1
bonus3,87,98,2
bonus3,87,98.2,1
bonus3,87,98.6,1
bonus3,91.2,0.6,1
bonus3,91.2,1.4,1
bonus3,91.2,1.5,1
bonus3,91.2,2.1,1
bonus3,91.2,2.2,1
bonus3,91.2,2.4,1
bonus3,91.2,2.6,1
bonus3,91.2,3.4,1
bonus3,91.2,3.8,1
bonus3,91.2,4,1
bonus3,91.2,4.5,1
bonus3,91.2,4.6,1
bonus3,91.2,5.3,1
bonus3,91.2,5.4,1
bonus3,91.2,5.9,1
bonus3,91.2,6.6,1
bonus3,91.2,7.1,1
bonus3,91.2,7.7,1
bonus3,91.2,8.7,1
bonus3,91.2,8.9,1
bonus3,91.2,9.6,1
bonus3,91.2,9.9,1
bonus3,91.2,10.1,1
bonus3,91.2,10.3,1
bonus3,91.2,10.6,1
bonus3,91.2,11.1,1
bonus3,91.2,11.5,2
bonus3,91.2,11.7,2
bonus3,91.2,12.3,1
bonus3,91.2,12.4,1
bonus3,91.2,12.5,1
bonus3,91.2,13.2,1
bonus3,91.2,13.4,1
bonus3,91.2,13.5,1
bonus3,91.2,14.4,1
bonus3,91.2,14.5,1
bonus3,91.2,14.6,1
bonus3,91.2,15,1
bonus3,91.2,15.2,2
bonus3,91.2,15.3,1
bonus3,91.2,15.4,1
bonus3,91.2,15.6,1
bonus3,91.2,16.3,1
bonus3,91.2,16.4,1
bonus3,91.2,16.5,1
bonus3,91.2,17.9,1
bonus3,91.2,18.8,1
bonus3,91.2,19.1,2
bonus3,91.2,19.6,1
bonus3,91.2,20.1,1
bonus3,91.2,20.5,1
bonus3,91.2,20.8,1
bonus3,91.2,21,1
bonus3,91.2,21.2,1
bonus3,91.2,21.5,2
bonus3,91.2,21.7,1
bonus3,91.2,22.7,1
bonus3,91.2,23,1
bonus3,91.2,23.3,1
bonus3,91.2,23.8,2
bonus3,91.2,24.3,1
bonus3,91.2,24.7,2
bonus3,91.2,25,2
bonus3,91.2,25.2,1
bonus3,91.2,25.3,1
bonus3,91.2,25.4,1
bonus3,91.2,26,1
bonus3,91.2,26.1,1
bonus3,91.2,27,1
bonus3,91.2,27.2,1
bonus3,91.2,29.4,1
bonus3,91.2,29.7,1
bonus3,91.2,29.9,1
bonus3,91.2,30,1
bonus3,91.2,30.7,1
bonus3,91.2,30.9,1
bonus3,91.2,31.2,1
bonus3,91.2,31.3,1
bonus3,91.2,31.4,1
bonus3,91.2,32.2,1
bonus3,91.2,32.5,2
bonus3,91.2,32.6,1
bonus3,91.2,33.7,1
bonus3,91.2,34.1,2
bonus3,91.2,34.5,1
bonus3,91.2,35.2,1
bonus3,91.2,35.4,1
bonus3,91.2,35.6,1
bonus3,91.2,35.9,1
bonus3,91.2,36.4,1
bonus3,91.2,36.7,1
bonus3,91.2,36.8,2
bonus3,91.2,36.9,1
bonus3,91.2,37.4,1
bonus3,91.2,37.9,1
bonus3,91.2,38.1,1
bonus3,91.2,38.8,1
bonus3,91.2,39.1,1
bonus3,91.2,39.3,1
bonus3,91.2,39.4,1
bonus3,91.2,39.5,1
bonus3,91.2,39.6,1
bonus3,91.2,39.7,2
bonus3,91.2,39.9,1
bonus3,91.2,40.1,1
bonus3,91.2,40.3,1
bonus3,91.2,40.5,1
bonus3,91.2,40.7,1
bonus3,91.2,41.3,1
bonus3,91.2,41.6,1
bonus3,91.2,41.7,2
bonus3,91.2,41.8,1
bonus3,91.2,41.9,1
bonus3,91.2,42.3,1
bonus3,91.2,42.5,1
bonus3,91.2,42.7,2
bonus3,91.2,42.8,1
bonus3,91.2,43.3,2
bonus3,91.2,43.8,1
bonus3,91.2,44.2,1
bonus3,91.2,44.9,2
bonus3,91.2,45.2,1
bonus3,91.2,45.3,1
bonus3,91.2,45.8,1
bonus3,91.2,45.9,1
bonus3,91.2,46.2,1
bonus3,91.2,46.6,1
bonus3,91.2,46.9,1
bonus3,91.2,47.6,1
bonus3,91.2,48.5,1
bonus3,91.2,49,1
bonus3,91.2,49.1,1
bonus3,91.2,49.3,1
bonus3,91.2,49.4,1
bonus3,91.2,49.6,1
bonus3,91.2,49.8,2
bonus3,91.2,50.1,1
bonus3,91.2,50.4,1
bonus3,91.2,50.5,1
bonus3,91.2,51.6,1
bonus3,91.2,51.7,1
bonus3,91.2,51.9,1
bonus3,91.2,52.7,1
bonus3,91.2,52.8,1
bonus3,91.2,52.9,1
bonus3,91.2,53.1,2
bonus3,91.2,53.5,1
bonus3,91.2,53.8,2
bonus3,91.2,54.1,1
bonus3,91.2,54.3,2
bonus3,91.2,54.4,2
bonus3,91.2,54.7,1
bonus3,91.2,54.9,1
bonus3,91.2,55,1
bonus3,91.2,55.8,1
bonus3,91.2,55.9,1
bonus3,91.2,56.1,1
bonus3,91.2,56.2,1
bonus3,91.2,56.4,1
bonus3,91.2,56.7,1
bonus3,91.2,56.8,1
bonus3,91.2,57.1,1
bonus3,91.2,58.1,1
bonus3,91.2,59,2
bonus3,91.2,59.3,2
bonus3,91.2,59.4,1
bonus3,91.2,59.6,1
bonus3,91.2,59.9,1
bonus3,91.2,60.2,1
bonus3,91.2,60.3,1
bonus3,91.2,60.6,2
bonus3,91.2,60.7,1
bonus3,91.2,60.8,1
bonus3,91.2,61.7,1
bonus3,91.2,62.1,1
bonus3,91.2,62.6,2
bonus3,91.2,62.9,1
bonus3,91.2,63.2,1
bonus3,91.2,63.3,1
bonus3,91.2,64.4,2
bonus3,91.2,64.9,2
bonus3,91.2,65,1
bonus3,91.2,65.3,1
bonus3,91.2,65.4,1
bonus3,91.2,65.6,1
bonus3,91.2,66,1
bonus3,91.2,66.1,1
bonus3,91.2,66.2,2
bonus3,91.2,66.5,1
bonus3,91.2,66.7,1
bonus3,91.2,66.8,1
bonus3,91.2,67.2,1
bonus3,91.2,67.3,2
bonus3,91.2,67.9,1
bonus3,91.2,68,1
bonus3,91.2,68.4,1
bonus3,91.2,68.6,1
bonus3,91.2,69.1,1
bonus3,91.2,69.2,1
bonus3,91.2,69.3,1
bonus3,91.2,69.6,1
bonus3,91.2,69.7,1
bonus3,91.2,69.8,1
bonus3,91.2,69.9,1
bonus3,91.2,70.4,1
bonus3,91.2,71,1
bonus3,91.2,71.4,1
bonus3,91.2,71.6,1
bonus3,91.2,72.3,1
bonus3,91.2,72.4,1
bonus3,91.2,72.6,1
bonus3,91.2,72.8,1
bonus3,91.2,73.1,1
bonus3,91.2,73.3,1
bonus3,91.2,73.5,1
bonus3,91.2,73.6,1
bonus3,91.2,74.1,1
bonus3,91.2,74.3,1
bonus3,91.2,75.1,1
bonus3,91.2,75.4,1
bonus3,91.2,75.7,1
bonus3,91.2,75.8,1
bonus3,91.2,75.9,1
bonus3,91.2,76.2,1
bonus3,91.2,76.4,2
bonus3,91.2,76.7,1
bonus3,91.2,76.8,1
bonus3,91.2,76.9,2
bonus3,91.2,77,1
bonus3,91.2,77.2,1
bonus3,91.2,77.3,1
bonus3,91.2,77.4,1
bonus3,91.2,77.6,1
bonus3,91.2,77.8,1
bonus3,91.2,78.2,2
bonus3,91.2,78.5,1
bonus3,91.2,78.7,1
bonus3,91.2,79.4,2
bonus3,91.2,79.6,2
bonus3,91.2,79.7,2
bonus3,91.2,80.1,1
bonus3,91.2,80.3,2
bonus3,91.2,81,1
bonus3,91.2,81.5,1
bonus3,91.2,81.8,1
bonus3,91.2,82.1,1
bonus3,91.2,82.2,1
bonus3,91.2,82.3,1
bonus3,91.2,82.5,1
bonus3,91.2,82.6,1
bonus3,91.2,82.7,2
bonus3,91.2,83.1,1
bonus3,91.2,84.1,1
bonus3,91.2,84.5,1
bonus3,91.2,84.6,2
bonus3,91.2,84.9,1
bonus3,91.2,85,1
bonus3,91.2,85.1,1
bonus3,91.2,85.4,1
bonus3,91.2,85.6,2
bonus3,91.2,85.8,1
bonus3,91.2,86.6,1
bonus3,91.2,86.7,1
bonus3,91.2,87.1,1
bonus3,91.2,87.4,2
bonus3,91.2,87.6,3
bonus3,91.2,87.8,3
bonus3,91.2,88.1,2
bonus3,91.2,88.4,1
bonus3,91.2,88.5,2
bonus3,91.2,88.7,1
bonus3,91.2,88.9,1
bonus3,91.2,89,1
bonus3,91.2,89.3,1
bonus3,91.2,89.4,1
bonus3,91.2,89.5,3
bonus3,91.2,89.6,1
bonus3,91.2,89.9,1
bonus3,91.2,90,1
bonus3,91.2,90.1,1
bonus3,91.2,90.2,1
bonus3,91.2,90.5,1
bonus3,91.2,90.6,3
bonus3,91.2,90.8,1
bonus3,91.2,90.9,2
bonus3,91.2,91,1
bonus3,91.2,91.1,1
bonus3,91.2,91.3,1
bonus3,91.2,91.6,1
bonus3,91.2,91.7,1
bonus3,91.2,91.8,2
bonus3,91.2,92.8,1
bonus3,91.2,93.4,1
bonus3,91.2,93.5,1
bonus3,91.2,93.6,2
bonus3,91.2,94,1
bonus3,91.2,94.5,1
bonus3,91.2,94.6,2
bonus3,91.2,94.7,1
bonus3,91.2,95.2,1
bonus3,91.2,95.3,4
bonus3,91.2,95.7,1
bonus3,91.2,95.8,2
bonus3,91.2,95.9,1
bonus3,91.2,96,2
bonus3,91.2,96.3,1
bonus3,91.2,96.4,3
bonus3,91.2,96.6,2
bonus3,91.2,97.1,1
bonus3,91.2,97.4,1
bonus3,91.2,97.6,3
bonus3,91.2,97.9,1
bonus3,91.2,98.5,1
bonus3,91.2,98.7,2
bonus3,91.2,98.8,2
bonus3,91.2,98.9,1
bonus3,91.2,99.3,1
bonus3,91.2,99.4,1
bonus3,91.2,99.6,2
bonus3,91.2,99.9,3
bonus3,94.5,0.2,1
bonus3,94.5,0.3,1
bonus3,94.5,2,1
bonus3,94.5,2.2,1
bonus3,94.5,5.4,1
bonus3,94.5,8.1,1
bonus3,94.5,8.5,1
bonus3,94.5,8.8,1
bonus3,94.5,10.2,1
bonus3,94.5,10.5,1
bonus3,94.5,10.9,1
bonus3,94.5,12,1
bonus3,94.5,13.3,1
bonus3,94.5,14.9,1
bonus3,94.5,15.7,1
bonus3,94.5,16.6,1
bonus3,94.5,16.7,1
bonus3,94.5,17.2,1
bonus3,94.5,18.2,1
bonus3,94.5,19.1,1
bonus3,94.5,19.7,1
bonus3,94.5,20.2,1
bonus3,94.5,20.5,1
bonus3,94.5,21,1
bonus3,94.5,23.9,1
bonus3,94.5,26.1,1
bonus3,94.5,26.2,1
bonus3,94.5,26.3,1
bonus3,94.5,26.4,1
bonus3,94.5,26.8,1
bonus3,94.5,27.3,1
bonus3,94.5,27.5,1
bonus3,94.5,28.8,1
bonus3,94.5,30.5,1
bonus3,94.5,31.5,1
bonus3,94.5,32.1,1
bonus3,94.5,33,1
bonus3,94.5,33.4,1
bonus3,94.5,35.9,1
bonus3,94.5,37.9,1
bonus3,94.5,38.9,1
bonus3,94.5,39.1,1
bonus3,94.5,40.5,1
bonus3,94.5,41.5,1
bonus3,94.5,44,1
bonus3,94.5,44.4,1
bonus3,94.5,44.6,1
bonus3,94.5,44.8,1
bonus3,94.5,46.3,1
bonus3,94.5,47,1
bonus3,94.5,49.5,1
bonus3,94.5,51.5,1
bonus3,94.5,51.7,1
bonus3,94.5,52.3,1
bonus3,94.5,52.6,2
bonus3,94.5,59.4,2
bonus3,94.5,60.2,1
bonus3,94.5,62.4,1
bonus3,94.5,63.5,1
bonus3,94.5,64.7,1
bonus3,94.5,67.8,1
bonus3,94.5,68.8,1
bonus3,94.5,70.2,1
bonus3,94.5,70.5,1
bonus3,94.5,71.5,1
bonus3,94.5,72.8,1
bonus3,94.5,74.3,1
bonus3,94.5,74.9,1
bonus3,94.5,75.3,1
bonus3,94.5,77.9,1
bonus3,94.5,78.4,1
bonus3,94.5,80.6,1
bonus3,94.5,81.1,1
bonus3,94.5,81.3,1
bonus3,94.5,82.5,1
bonus3,94.5,83.2,1
bonus3,94.5,83.3,1
bonus3,94.5,83.7,1
bonus3,94.5,85.1,1
bonus3,94.5,85.5,1
bonus3,94.5,85.6,1
bonus3,94.5,88.9,1
bonus3,94.5,90.7,1
bonus3,94.5,92.1,1
bonus3,94.5,92.7,1
bonus3,94.5,92.8,1
bonus3,94.5,92.9,1
bonus3,94.5,97.3,1
bonus3,94.5,97.9,1
bonus3,94.5,98.7,1
bonus3,94.5,99,1
bonus3,94.5,99.7,1
bonus3,96.9,6.2,1
bonus3,96.9,8.4,1
bonus3,96.9,8.5,1
bonus3,96.9,8.6,1
bonus3,96.9,9.1,1
bonus3,96.9,9.2,1
bonus3,96.9,9.7,1
bonus3,96.9,10.6,1
bonus3,96.9,11.4,2
bonus3,96.9,11.5,1
bonus3,96.9,13.3,1
bonus3,96.9,13.5,1
bonus3,96.9,13.8,1
bonus3,96.9,13.9,1
bonus3,96.9,14.1,1
bonus3,96.9,14.3,1
bonus3,96.9,15.1,1
bonus3,96.9,15.9,1
bonus3,96.9,16,1
bonus3,96.9,22.3,1
bonus3,96.9,23.1,1
bonus3,96.9,24.6,1
bonus3,96.9,24.8,1
bonus3,96.9,25.3,1
bonus3,96.9,26.3,1
bonus3,96.9,26.4,1
bonus3,96.9,27.3,1
bonus3,96.9,27.5,1
bonus3,96.9,27.9,1
bonus3,96.9,28.2,1
bonus3,96.9,28.6,1
bonus3,96.9,30.1,1
bonus3,96.9,30.5,1
bonus3,96.9,30.7,1
bonus3,96.9,31.9,1
bonus3,96.9,32.1,1
bonus3,96.9,32.5,1
bonus3,96.9,33.2,1
bonus3,96.9,33.4,1
bonus3,96.9,34.6,1
bonus3,96.9,36,1
bonus3,96.9,36.2,1
bonus3,96.9,36.4,1
bonus3,96.9,36.5,2
bonus3,96.9,36.6,1
bonus3,96.9,36.7,1
bonus3,96.9,37,1
bonus3,96.9,37.4,1
bonus3,96.9,37.5,1
bonus3,96.9,38.1,1
bonus3,96.9,38.3,1
bonus3,96.9,39,1
bonus3,96.9,40.4,1
bonus3,96.9,40.5,1
bonus3,96.9,40.6,1
bonus3,96.9,41,1
bonus3,96.9,44.5,1
bonus3,96.9,44.8,1
bonus3,96.9,45.3,1
bonus3,96.9,45.5,1
bonus3,96.9,46,1
bonus3,96.9,47.1,1
bonus3,96.9,48,1
bonus3,96.9,48.2,1
bonus3,96.9,49,1
bonus3,96.9,49.6,1
bonus3,96.9,50.4,1
bonus3,96.9,50.8,1
bonus3,96.9,51.5,1
bonus3,96.9,52.1,1
bonus3,96.9,52.2,1
bonus3,96.9,52.9,2
bonus3,96.9,53.1,1
bonus3,96.9,53.3,1
bonus3,96.9,53.4,1
bonus3,96.9,53.5,1
bonus3,96.9,53.7,1
bonus3,96.9,53.8,1
bonus3,96.9,53.9,2
bonus3,96.9,54.1,1
bonus3,96.9,54.7,1
bonus3,96.9,55.1,1
bonus3,96.9,55.4,1
bonus3,96.9,56,1
bonus3,96.9,57.3,1
bonus3,96.9,57.4,1
bonus3,96.9,57.5,1
bonus3,96.9,58.3,1
bonus3,96.9,58.6,1
bonus3,96.9,58.9,1
bonus3,96.9,59.7,1
bonus3,96.9,60,1
bonus3,96.9,60.4,1
bonus3,96.9,61.4,1
bonus3,96.9,61.7,1
bonus3,96.9,62.2,1
bonus3,96.9,63,1
bonus3,96.9,63.5,1
bonus3,96.9,64.1,1
bonus3,96.9,65,1
bonus3,96.9,65.2,1
bonus3,96.9,65.3,1
bonus3,96.9,65.5,1
bonus3,96.9,65.6,1
bonus3,96.9,66,1
bonus3,96.9,68,1
bonus3,96.9,68.5,1
bonus3,96.9,68.6,1
bonus3,96.9,69,1
bonus3,96.9,69.8,1
bonus3,96.9,70.2,1
bonus3,96.9,70.4,1
bonus3,96.9,70.6,1
bonus3,96.9,70.7,1
bonus3,96.9,71.4,1
bonus3,96.9,71.6,1
bonus3,96.9,72.3,1
bonus3,96.9,72.7,1
bonus3,96.9,72.9,1
bonus3,96.9,73.8,1
bonus3,96.9,73.9,1
bonus3,96.9,74,1
bonus3,96.9,74.1,1
bonus3,96.9,74.2,1
bonus3,96.9,75,1
bonus3,96.9,75.1,1
bonus3,96.9,75.2,1
bonus3,96.9,75.3,2
bonus3,96.9,76.8,1
bonus3,96.9,77.1,1
bonus3,96.9,77.7,1
bonus3,96.9,78,1
bonus3,96.9,78.6,1
bonus3,96.9,79,1
bonus3,96.9,79.3,1
bonus3,96.9,79.9,1
bonus3,96.9,80.8,1
bonus3,96.9,80.9,1
bonus3,96.9,82.1,1
bonus3,96.9,82.2,2
bonus3,96.9,82.3,1
bonus3,96.9,82.4,2
bonus3,96.9,82.5,1
bonus3,96.9,82.6,1
bonus3,96.9,82.8,1
bonus3,96.9,83.2,1
bonus3,96.9,83.8,1
bonus3,96.9,84.2,1
bonus3,96.9,84.4,2
bonus3,96.9,84.8,1
bonus3,96.9,85,1
bonus3,96.9,85.1,1
bonus3,96.9,85.5,1
bonus3,96.9,86.1,1
bonus3,96.9,86.4,1
bonus3,96.9,86.6,1
bonus3,96.9,86.7,1
bonus3,96.9,87.4,1
bonus3,96.9,87.5,1
bonus3,96.9,87.6,1
bonus3,96.9,87.7,1
bonus3,96.9,87.8,1
bonus3,96.9,87.9,2
bonus3,96.9,88.2,1
bonus3,96.9,88.6,2
bonus3,96.9,88.7,1
bonus3,96.9,89,2
bonus3,96.9,89.4,1
bonus3,96.9,89.5,1
bonus3,96.9,90.1,2
bonus3,96.9,90.7,2
bonus3,96.9,90.8,2
bonus3,96.9,91.1,1
bonus3,96.9,91.5,1
bonus3,96.9,91.9,1
bonus3,96.9,92.1,2
bonus3,96.9,92.4,1
bonus3,96.9,92.5,2
bonus3,96.9,92.7,1
bonus3,96.9,92.8,1
bonus3,96.9,92.9,1
bonus3,96.9,93,1
bonus3,96.9,93.3,2
bonus3,96.9,93.4,1
bonus3,96.9,93.7,1
bonus3,96.9,93.8,1
bonus3,96.9,93.9,1
bonus3,96.9,94,2
bonus3,96.9,94.2,3
bonus3,96.9,94.8,1
bonus3,96.9,95,1
bonus3,96.9,95.2,1
bonus3,96.9,95.5,1
bonus3,96.9,95.8,1
bonus3,96.9,96.2,2
bonus3,96.9,96.3,1
bonus3,96.9,96.4,1
bonus3,96.9,96.6,1
bonus3,96.9,96.8,1
bonus3,96.9,96.9,1
bonus3,96.9,97.2,1
bonus3,96.9,97.3,2
bonus3,96.9,97.4,2
bonus3,96.9,97.5,2
bonus3,96.9,97.6,1
bonus3,96.9,97.7,1
bonus3,96.9,97.8,2
bonus3,96.9,97.9,1
bonus3,96.9,98.1,3
bonus3,96.9,98.3,1
bonus3,96.9,98.5,2
bonus3,96.9,98.8,1
bonus3,96.9,98.9,2
bonus3,96.9,99.1,1
bonus3,96.9,99.2,1
bonus3,96.9,99.3,2
bonus3,96.9,99.4,3
bonus3,96.9,99.5,2
bonus3,96.9,99.6,1
bonus3,96.9,99.7,1
bonus3,96.9,99.8,1
bonus3,98.7,58.4,1
bonus3,98.7,66.5,1
bonus3,98.7,83.1,1
bonus3,98.7,91.5,1
bonus3,99.2,17,1
bonus3,99.2,26.6,1
bonus3,99.2,34.2,1
bonus3,99.2,37.6,1
bonus3,99.2,40.8,1
bonus3,99.2,41,1
bonus3,99.2,44.9,1
bonus3,99.2,45.7,1
bonus3,99.2,49.6,1
bonus3,99.2,51.2,1
bonus3,99.2,53.4,1
bonus3,99.2,53.9,1
bonus3,99.2,57.8,1
bonus3,99.2,59.2,1
bonus3,99.2,60.1,1
bonus3,99.2,61.7,1
bonus3,99.2,65.9,1
bonus3,99.2,67.9,1
bonus3,99.2,68.9,1
bonus3,99.2,69.9,1
bonus3,99.2,70.1,1
bonus3,99.2,70.7,1
bonus3,99.2,72.1,1
bonus3,99.2,72.8,1
bonus3,99.2,73.2,1
bonus3,99.2,73.7,1
bonus3,99.2,74.4,1
bonus3,99.2,75.6,1
bonus3,99.2,75.9,1
bonus3,99.2,76.5,1
bonus3,99.2,80.5,1
bonus3,99.2,81.8,1
bonus3,99.2,82.2,1
bonus3,99.2,84.1,1
bonus3,99.2,86.6,1
bonus3,99.2,86.9,1
bonus3,99.2,87.3,1
bonus3,99.2,87.5,1
bonus3,99.2,89.1,1
bonus3,99.2,89.3,1
bonus3,99.2,90,1
bonus3,99.2,90.2,1
bonus3,99.2,92,2
bonus3,99.2,92.1,1
bonus3,99.2,93.4,1
bonus3,99.2,94,1
bonus3,99.2,94.2,1
bonus3,99.2,96.3,1
bonus3,99.2,96.6,1
bonus3,99.2,97,1
bonus3,99.2,97.3,1
bonus3,99.2,97.8,1
bonus3,99.2,98,1
bonus3,99.2,98.3,1
bonus3,99.2,98.4,1
bonus3,99.2,98.5,2
bonus3,99.2,98.6,1
bonus3,99.2,98.8,2
bonus3,99.2,98.9,1
bonus3,99.2,99,2
bonus3,99.2,99.3,1
bonus3,99.2,99.4,1
bonus3,99.2,99.5,3
bonus3,99.2,99.6,1
bonus3,99.2,99.8,1
bonus3,99.2,99.9,1
bonus3,99.9,0,1
bonus3,99.9,11.1,1
bonus3,99.9,59.1,1
bonus3,99.9,81.2,1
bonus3,99.9,85.1,1
bonus3,99.9,91.2,1
bonus3,99.9,93.4,1
bonus3,99.9,94.3,1
bonus3,99.9,94.9,1
bonus3,99.9,96.8,1
bonus3,99.9,98.6,1
bonus3,99.9,99,1
bonus3,99.9,99.1,1
bonus3,99.9,99.4,1
bonus3,99.9,99.7,1
bonus3,99.9,99.8,3
bonus3,99.9,99.9,1
bonus3,99.9,100,1