user_id,path
q7ufwtxxpe,"[{""x"":0,""y"":0},{""x"":1,""y"":0},{""x"":2,""y"":0},{""x"":3,""y"":0},{""x"":4,""y"":0},{""x"":5,""y"":0},{""x"":6,""y"":0},{""x"":6,""y"":1},{""x"":6,""y"":2},{""x"":7,""y"":2},{""x"":7,""y"":3},{""x"":7,""y"":4},{""x"":7,""y"":5},{""x"":7,""y"":6},{""x"":7,""y"":7},{""x"":6,""y"":7},{""x"":6,""y"":6},{""x"":6,""y"":5},{""x"":5,""y"":5},{""x"":5,""y"":4},{""x"":6,""y"":4},{""x"":6,""y"":3},{""x"":5,""y"":3},{""x"":5,""y"":2},{""x"":5,""y"":1},{""x"":4,""y"":1},{""x"":4,""y"":2},{""x"":4,""y"":3},{""x"":4,""y"":4},{""x"":3,""y"":4},{""x"":3,""y"":3},{""x"":3,""y"":2},{""x"":2,""y"":2},{""x"":2,""y"":3},{""x"":1,""y"":3},{""x"":0,""y"":3},{""x"":0,""y"":4},{""x"":1,""y"":4},{""x"":1,""y"":5},{""x"":0,""y"":5},{""x"":0,""y"":6},{""x"":0,""y"":7},{""x"":1,""y"":7},{""x"":1,""y"":6},{""x"":2,""y"":6},{""x"":2,""y"":7},{""x"":3,""y"":7},{""x"":3,""y"":6},{""x"":4,""y"":6}]"
kaclwm1ced,"[{""x"":0,""y"":0},{""x"":1,""y"":0},{""x"":2,""y"":0},{""x"":3,""y"":0},{""x"":4,""y"":0},{""x"":5,""y"":0},{""x"":6,""y"":0},{""x"":6,""y"":1},{""x"":6,""y"":2},{""x"":7,""y"":2},{""x"":7,""y"":3},{""x"":7,""y"":4},{""x"":7,""y"":5},{""x"":7,""y"":6},{""x"":7,""y"":7},{""x"":6,""y"":7},{""x"":6,""y"":6},{""x"":6,""y"":5},{""x"":5,""y"":5},{""x"":5,""y"":4},{""x"":4,""y"":4},{""x"":3,""y"":4},{""x"":4,""y"":4},{""x"":5,""y"":4},{""x"":6,""y"":4},{""x"":6,""y"":3},{""x"":5,""y"":3},{""x"":5,""y"":2},{""x"":5,""y"":1},{""x"":4,""y"":1},{""x"":4,""y"":2},{""x"":4,""y"":3},{""x"":3,""y"":3},{""x"":3,""y"":2},{""x"":2,""y"":2},{""x"":2,""y"":3},{""x"":1,""y"":3},{""x"":0,""y"":3},{""x"":0,""y"":4},{""x"":1,""y"":4},{""x"":1,""y"":5},{""x"":0,""y"":5},{""x"":0,""y"":6},{""x"":0,""y"":7},{""x"":1,""y"":7},{""x"":1,""y"":6},{""x"":2,""y"":6},{""x"":2,""y"":7},{""x"":3,""y"":7},{""x"":3,""y"":6},{""x"":4,""y"":6}]"
9e3brlkjmy,"[{""x"":0,""y"":0},{""x"":1,""y"":0},{""x"":2,""y"":0},{""x"":3,""y"":0},{""x"":4,""y"":0},{""x"":5,""y"":0},{""x"":6,""y"":0},{""x"":6,""y"":1},{""x"":6,""y"":2},{""x"":7,""y"":2},{""x"":7,""y"":3},{""x"":7,""y"":4},{""x"":7,""y"":5},{""x"":7,""y"":6},{""x"":7,""y"":7},{""x"":6,""y"":7},{""x"":6,""y"":6},{""x"":6,""y"":5},{""x"":6,""y"":4},{""x"":6,""y"":3},{""x"":5,""y"":3},{""x"":5,""y"":4},{""x"":5,""y"":5},{""x"":5,""y"":4},{""x"":4,""y"":4},{""x"":3,""y"":4},{""x"":3,""y"":3},{""x"":4,""y"":3},{""x"":4,""y"":2},{""x"":4,""y"":1},{""x"":5,""y"":1},{""x"":5,""y"":2},{""x"":4,""y"":2},{""x"":3,""y"":2},{""x"":2,""y"":2},{""x"":2,""y"":3},{""x"":1,""y"":3},{""x"":0,""y"":3},{""x"":0,""y"":4},{""x"":1,""y"":4},{""x"":1,""y"":5},{""x"":0,""y"":5},{""x"":0,""y"":6},{""x"":0,""y"":7},{""x"":1,""y"":7},{""x"":1,""y"":6},{""x"":2,""y"":6},{""x"":2,""y"":7},{""x"":3,""y"":7},{""x"":3,""y"":6},{""x"":4,""y"":6}]"
3y8vyqql9s,"[{""x"":0,""y"":0},{""x"":1,""y"":0},{""x"":2,""y"":0},{""x"":3,""y"":0},{""x"":4,""y"":0},{""x"":5,""y"":0},{""x"":6,""y"":0},{""x"":6,""y"":1},{""x"":6,""y"":2},{""x"":7,""y"":2},{""x"":7,""y"":3},{""x"":7,""y"":4},{""x"":7,""y"":5},{""x"":7,""y"":6},{""x"":7,""y"":7},{""x"":6,""y"":7},{""x"":6,""y"":6},{""x"":6,""y"":5},{""x"":5,""y"":5},{""x"":5,""y"":4},{""x"":6,""y"":4},{""x"":6,""y"":3},{""x"":5,""y"":3},{""x"":5,""y"":2},{""x"":5,""y"":1},{""x"":4,""y"":1},{""x"":4,""y"":2},{""x"":4,""y"":3},{""x"":4,""y"":4},{""x"":3,""y"":4},{""x"":3,""y"":3},{""x"":3,""y"":2},{""x"":2,""y"":2},{""x"":2,""y"":3},{""x"":1,""y"":3},{""x"":0,""y"":3},{""x"":0,""y"":4},{""x"":1,""y"":4},{""x"":1,""y"":5},{""x"":0,""y"":5},{""x"":0,""y"":6},{""x"":0,""y"":7},{""x"":1,""y"":7},{""x"":1,""y"":6},{""x"":2,""y"":6},{""x"":2,""y"":7},{""x"":3,""y"":7},{""x"":3,""y"":6},{""x"":2,""y"":6},{""x"":3,""y"":6},{""x"":4,""y"":6}]"
3mjhoji7v2,"[{""x"":0,""y"":0},{""x"":1,""y"":0},{""x"":2,""y"":0},{""x"":3,""y"":0},{""x"":4,""y"":0},{""x"":5,""y"":0},{""x"":6,""y"":0},{""x"":6,""y"":1},{""x"":5,""y"":1},{""x"":4,""y"":1},{""x"":4,""y"":2},{""x"":3,""y"":2},{""x"":2,""y"":2},{""x"":2,""y"":3},{""x"":1,""y"":3},{""x"":0,""y"":3},{""x"":0,""y"":4},{""x"":0,""y"":5},{""x"":0,""y"":6},{""x"":0,""y"":7},{""x"":1,""y"":7},{""x"":2,""y"":7},{""x"":3,""y"":7},{""x"":3,""y"":6},{""x"":4,""y"":6},{""x"":3,""y"":6},{""x"":2,""y"":6},{""x"":1,""y"":6},{""x"":1,""y"":5},{""x"":1,""y"":4},{""x"":1,""y"":3},{""x"":2,""y"":3},{""x"":3,""y"":3},{""x"":3,""y"":4},{""x"":4,""y"":4},{""x"":5,""y"":4},{""x"":5,""y"":5},{""x"":6,""y"":5},{""x"":6,""y"":6},{""x"":6,""y"":7},{""x"":7,""y"":7},{""x"":7,""y"":6},{""x"":7,""y"":5},{""x"":7,""y"":4},{""x"":6,""y"":4},{""x"":6,""y"":3},{""x"":7,""y"":3},{""x"":7,""y"":2},{""x"":6,""y"":2},{""x"":5,""y"":2},{""x"":5,""y"":3},{""x"":4,""y"":3}]"
vkrgubobng,"[{""x"":0,""y"":0},{""x"":1,""y"":0},{""x"":2,""y"":0},{""x"":3,""y"":0},{""x"":4,""y"":0},{""x"":5,""y"":0},{""x"":6,""y"":0},{""x"":6,""y"":1},{""x"":6,""y"":2},{""x"":7,""y"":2},{""x"":7,""y"":3},{""x"":7,""y"":4},{""x"":7,""y"":5},{""x"":7,""y"":6},{""x"":7,""y"":7},{""x"":6,""y"":7},{""x"":6,""y"":6},{""x"":6,""y"":5},{""x"":5,""y"":5},{""x"":5,""y"":4},{""x"":6,""y"":4},{""x"":6,""y"":3},{""x"":5,""y"":3},{""x"":5,""y"":2},{""x"":5,""y"":1},{""x"":4,""y"":1},{""x"":4,""y"":2},{""x"":3,""y"":2},{""x"":2,""y"":2},{""x"":2,""y"":3},{""x"":1,""y"":3},{""x"":0,""y"":3},{""x"":0,""y"":4},{""x"":0,""y"":5},{""x"":0,""y"":6},{""x"":0,""y"":7},{""x"":1,""y"":7},{""x"":2,""y"":7},{""x"":3,""y"":7},{""x"":3,""y"":6},{""x"":4,""y"":6},{""x"":3,""y"":6},{""x"":2,""y"":6},{""x"":1,""y"":6},{""x"":1,""y"":5},{""x"":1,""y"":4},{""x"":1,""y"":3},{""x"":2,""y"":3},{""x"":3,""y"":3},{""x"":3,""y"":4},{""x"":4,""y"":4},{""x"":4,""y"":3}]"
hyzdoeptrv,"[{""x"":0,""y"":0},{""x"":1,""y"":0},{""x"":2,""y"":0},{""x"":3,""y"":0},{""x"":4,""y"":0},{""x"":5,""y"":0},{""x"":6,""y"":0},{""x"":6,""y"":1},{""x"":6,""y"":2},{""x"":7,""y"":2},{""x"":7,""y"":3},{""x"":7,""y"":4},{""x"":7,""y"":5},{""x"":7,""y"":6},{""x"":7,""y"":7},{""x"":6,""y"":7},{""x"":6,""y"":6},{""x"":6,""y"":5},{""x"":5,""y"":5},{""x"":5,""y"":4},{""x"":4,""y"":4},{""x"":3,""y"":4},{""x"":3,""y"":3},{""x"":4,""y"":3},{""x"":5,""y"":3},{""x"":6,""y"":3},{""x"":6,""y"":4},{""x"":5,""y"":4},{""x"":5,""y"":3},{""x"":5,""y"":2},{""x"":5,""y"":1},{""x"":4,""y"":1},{""x"":4,""y"":2},{""x"":3,""y"":2},{""x"":2,""y"":2},{""x"":2,""y"":3},{""x"":1,""y"":3},{""x"":0,""y"":3},{""x"":0,""y"":4},{""x"":1,""y"":4},{""x"":1,""y"":5},{""x"":0,""y"":5},{""x"":0,""y"":6},{""x"":1,""y"":6},{""x"":2,""y"":6},{""x"":3,""y"":6},{""x"":4,""y"":6},{""x"":3,""y"":6},{""x"":3,""y"":7},{""x"":2,""y"":7},{""x"":1,""y"":7},{""x"":0,""y"":7}]"
dywx3zzz0o,"[{""x"":0,""y"":0},{""x"":1,""y"":0},{""x"":2,""y"":0},{""x"":3,""y"":0},{""x"":4,""y"":0},{""x"":5,""y"":0},{""x"":6,""y"":0},{""x"":6,""y"":1},{""x"":6,""y"":2},{""x"":7,""y"":2},{""x"":7,""y"":3},{""x"":6,""y"":3},{""x"":6,""y"":4},{""x"":7,""y"":4},{""x"":7,""y"":5},{""x"":7,""y"":6},{""x"":7,""y"":7},{""x"":6,""y"":7},{""x"":6,""y"":6},{""x"":6,""y"":5},{""x"":5,""y"":5},{""x"":5,""y"":4},{""x"":5,""y"":3},{""x"":4,""y"":3},{""x"":4,""y"":4},{""x"":3,""y"":4},{""x"":3,""y"":3},{""x"":2,""y"":3},{""x"":1,""y"":3},{""x"":1,""y"":4},{""x"":1,""y"":5},{""x"":1,""y"":6},{""x"":2,""y"":6},{""x"":3,""y"":6},{""x"":4,""y"":6},{""x"":3,""y"":6},{""x"":3,""y"":7},{""x"":2,""y"":7},{""x"":1,""y"":7},{""x"":0,""y"":7},{""x"":0,""y"":6},{""x"":0,""y"":5},{""x"":0,""y"":4},{""x"":0,""y"":3},{""x"":1,""y"":3},{""x"":2,""y"":3},{""x"":2,""y"":2},{""x"":3,""y"":2},{""x"":4,""y"":2},{""x"":4,""y"":1},{""x"":5,""y"":1},{""x"":5,""y"":2}]"
knvatr3exp,"[{""x"":0,""y"":0},{""x"":1,""y"":0},{""x"":2,""y"":0},{""x"":3,""y"":0},{""x"":4,""y"":0},{""x"":5,""y"":0},{""x"":6,""y"":0},{""x"":6,""y"":1},{""x"":5,""y"":1},{""x"":4,""y"":1},{""x"":4,""y"":2},{""x"":5,""y"":2},{""x"":6,""y"":2},{""x"":7,""y"":2},{""x"":7,""y"":3},{""x"":7,""y"":4},{""x"":7,""y"":5},{""x"":7,""y"":6},{""x"":7,""y"":7},{""x"":6,""y"":7},{""x"":6,""y"":6},{""x"":6,""y"":5},{""x"":6,""y"":4},{""x"":6,""y"":3},{""x"":5,""y"":3},{""x"":5,""y"":4},{""x"":5,""y"":5},{""x"":5,""y"":4},{""x"":4,""y"":4},{""x"":4,""y"":3},{""x"":4,""y"":2},{""x"":3,""y"":2},{""x"":2,""y"":2},{""x"":2,""y"":3},{""x"":3,""y"":3},{""x"":3,""y"":4},{""x"":3,""y"":3},{""x"":2,""y"":3},{""x"":1,""y"":3},{""x"":0,""y"":3},{""x"":0,""y"":4},{""x"":1,""y"":4},{""x"":1,""y"":5},{""x"":0,""y"":5},{""x"":0,""y"":6},{""x"":0,""y"":7},{""x"":1,""y"":7},{""x"":1,""y"":6},{""x"":2,""y"":6},{""x"":2,""y"":7},{""x"":3,""y"":7},{""x"":3,""y"":6},{""x"":4,""y"":6}]"
jmw2h1r8h4,"[{""x"":0,""y"":0},{""x"":1,""y"":0},{""x"":2,""y"":0},{""x"":3,""y"":0},{""x"":4,""y"":0},{""x"":5,""y"":0},{""x"":6,""y"":0},{""x"":6,""y"":1},{""x"":5,""y"":1},{""x"":4,""y"":1},{""x"":4,""y"":2},{""x"":5,""y"":2},{""x"":6,""y"":2},{""x"":7,""y"":2},{""x"":7,""y"":3},{""x"":7,""y"":4},{""x"":7,""y"":5},{""x"":7,""y"":6},{""x"":7,""y"":7},{""x"":6,""y"":7},{""x"":6,""y"":6},{""x"":6,""y"":5},{""x"":6,""y"":4},{""x"":6,""y"":3},{""x"":5,""y"":3},{""x"":5,""y"":4},{""x"":5,""y"":5},{""x"":5,""y"":4},{""x"":4,""y"":4},{""x"":4,""y"":3},{""x"":3,""y"":3},{""x"":3,""y"":4},{""x"":3,""y"":3},{""x"":2,""y"":3},{""x"":2,""y"":2},{""x"":3,""y"":2},{""x"":3,""y"":3},{""x"":2,""y"":3},{""x"":1,""y"":3},{""x"":0,""y"":3},{""x"":0,""y"":4},{""x"":1,""y"":4},{""x"":1,""y"":5},{""x"":0,""y"":5},{""x"":0,""y"":6},{""x"":0,""y"":7},{""x"":1,""y"":7},{""x"":1,""y"":6},{""x"":2,""y"":6},{""x"":2,""y"":7},{""x"":3,""y"":7},{""x"":3,""y"":6},{""x"":4,""y"":6}]"
023jw32rns,"[{""x"":0,""y"":0},{""x"":1,""y"":0},{""x"":2,""y"":0},{""x"":3,""y"":0},{""x"":4,""y"":0},{""x"":5,""y"":0},{""x"":6,""y"":0},{""x"":6,""y"":1},{""x"":6,""y"":2},{""x"":7,""y"":2},{""x"":7,""y"":3},{""x"":6,""y"":3},{""x"":6,""y"":4},{""x"":7,""y"":4},{""x"":7,""y"":5},{""x"":6,""y"":5},{""x"":7,""y"":5},{""x"":7,""y"":6},{""x"":7,""y"":7},{""x"":6,""y"":7},{""x"":6,""y"":6},{""x"":6,""y"":5},{""x"":6,""y"":4},{""x"":6,""y"":5},{""x"":5,""y"":5},{""x"":5,""y"":4},{""x"":5,""y"":3},{""x"":5,""y"":2},{""x"":5,""y"":1},{""x"":4,""y"":1},{""x"":4,""y"":2},{""x"":4,""y"":3},{""x"":4,""y"":4},{""x"":3,""y"":4},{""x"":3,""y"":3},{""x"":3,""y"":2},{""x"":2,""y"":2},{""x"":2,""y"":3},{""x"":1,""y"":3},{""x"":0,""y"":3},{""x"":0,""y"":4},{""x"":1,""y"":4},{""x"":1,""y"":5},{""x"":0,""y"":5},{""x"":0,""y"":6},{""x"":0,""y"":7},{""x"":1,""y"":7},{""x"":1,""y"":6},{""x"":2,""y"":6},{""x"":2,""y"":7},{""x"":3,""y"":7},{""x"":3,""y"":6},{""x"":4,""y"":6}]"
hylp392spr,"[{""x"":0,""y"":0},{""x"":1,""y"":0},{""x"":2,""y"":0},{""x"":3,""y"":0},{""x"":4,""y"":0},{""x"":5,""y"":0},{""x"":6,""y"":0},{""x"":6,""y"":1},{""x"":5,""y"":1},{""x"":4,""y"":1},{""x"":4,""y"":2},{""x"":3,""y"":2},{""x"":2,""y"":2},{""x"":3,""y"":2},{""x"":4,""y"":2},{""x"":5,""y"":2},{""x"":6,""y"":2},{""x"":7,""y"":2},{""x"":7,""y"":3},{""x"":7,""y"":4},{""x"":7,""y"":5},{""x"":7,""y"":6},{""x"":7,""y"":7},{""x"":6,""y"":7},{""x"":6,""y"":6},{""x"":6,""y"":5},{""x"":6,""y"":4},{""x"":6,""y"":3},{""x"":6,""y"":4},{""x"":5,""y"":4},{""x"":5,""y"":5},{""x"":5,""y"":4},{""x"":5,""y"":3},{""x"":4,""y"":3},{""x"":4,""y"":4},{""x"":3,""y"":4},{""x"":3,""y"":3},{""x"":2,""y"":3},{""x"":1,""y"":3},{""x"":0,""y"":3},{""x"":0,""y"":4},{""x"":1,""y"":4},{""x"":1,""y"":5},{""x"":0,""y"":5},{""x"":0,""y"":6},{""x"":0,""y"":7},{""x"":1,""y"":7},{""x"":1,""y"":6},{""x"":2,""y"":6},{""x"":2,""y"":7},{""x"":3,""y"":7},{""x"":3,""y"":6},{""x"":4,""y"":6}]"
vkjh7x68ad,"[{""x"":0,""y"":0},{""x"":1,""y"":0},{""x"":2,""y"":0},{""x"":3,""y"":0},{""x"":4,""y"":0},{""x"":5,""y"":0},{""x"":6,""y"":0},{""x"":6,""y"":1},{""x"":5,""y"":1},{""x"":4,""y"":1},{""x"":4,""y"":2},{""x"":5,""y"":2},{""x"":6,""y"":2},{""x"":7,""y"":2},{""x"":7,""y"":3},{""x"":7,""y"":4},{""x"":7,""y"":5},{""x"":7,""y"":6},{""x"":7,""y"":7},{""x"":6,""y"":7},{""x"":6,""y"":6},{""x"":6,""y"":5},{""x"":6,""y"":4},{""x"":6,""y"":3},{""x"":5,""y"":3},{""x"":5,""y"":4},{""x"":5,""y"":5},{""x"":5,""y"":4},{""x"":5,""y"":3},{""x"":4,""y"":3},{""x"":4,""y"":4},{""x"":3,""y"":4},{""x"":3,""y"":3},{""x"":3,""y"":2},{""x"":2,""y"":2},{""x"":2,""y"":3},{""x"":1,""y"":3},{""x"":0,""y"":3},{""x"":0,""y"":4},{""x"":1,""y"":4},{""x"":1,""y"":5},{""x"":0,""y"":5},{""x"":0,""y"":6},{""x"":1,""y"":6},{""x"":0,""y"":6},{""x"":0,""y"":7},{""x"":1,""y"":7},{""x"":1,""y"":6},{""x"":2,""y"":6},{""x"":2,""y"":7},{""x"":3,""y"":7},{""x"":3,""y"":6},{""x"":4,""y"":6}]"
s3j2pgcixc,"[{""x"":0,""y"":0},{""x"":1,""y"":0},{""x"":2,""y"":0},{""x"":3,""y"":0},{""x"":4,""y"":0},{""x"":5,""y"":0},{""x"":6,""y"":0},{""x"":6,""y"":1},{""x"":6,""y"":2},{""x"":7,""y"":2},{""x"":7,""y"":3},{""x"":7,""y"":4},{""x"":7,""y"":5},{""x"":7,""y"":6},{""x"":7,""y"":7},{""x"":6,""y"":7},{""x"":6,""y"":6},{""x"":6,""y"":5},{""x"":5,""y"":5},{""x"":5,""y"":4},{""x"":6,""y"":4},{""x"":6,""y"":3},{""x"":5,""y"":3},{""x"":5,""y"":2},{""x"":5,""y"":1},{""x"":4,""y"":1},{""x"":4,""y"":2},{""x"":4,""y"":3},{""x"":4,""y"":4},{""x"":4,""y"":3},{""x"":3,""y"":3},{""x"":3,""y"":2},{""x"":2,""y"":2},{""x"":3,""y"":2},{""x"":3,""y"":3},{""x"":3,""y"":4},{""x"":3,""y"":3},{""x"":2,""y"":3},{""x"":1,""y"":3},{""x"":0,""y"":3},{""x"":0,""y"":4},{""x"":1,""y"":4},{""x"":1,""y"":5},{""x"":0,""y"":5},{""x"":0,""y"":6},{""x"":0,""y"":7},{""x"":1,""y"":7},{""x"":1,""y"":6},{""x"":2,""y"":6},{""x"":2,""y"":7},{""x"":3,""y"":7},{""x"":3,""y"":6},{""x"":4,""y"":6}]"
8zjzpvvcja,"[{""x"":0,""y"":0},{""x"":1,""y"":0},{""x"":2,""y"":0},{""x"":3,""y"":0},{""x"":4,""y"":0},{""x"":5,""y"":0},{""x"":6,""y"":0},{""x"":6,""y"":1},{""x"":5,""y"":1},{""x"":4,""y"":1},{""x"":4,""y"":2},{""x"":3,""y"":2},{""x"":2,""y"":2},{""x"":2,""y"":3},{""x"":1,""y"":3},{""x"":0,""y"":3},{""x"":0,""y"":4},{""x"":0,""y"":5},{""x"":0,""y"":6},{""x"":0,""y"":7},{""x"":1,""y"":7},{""x"":2,""y"":7},{""x"":3,""y"":7},{""x"":3,""y"":6},{""x"":4,""y"":6},{""x"":3,""y"":6},{""x"":2,""y"":6},{""x"":1,""y"":6},{""x"":1,""y"":5},{""x"":1,""y"":4},{""x"":1,""y"":3},{""x"":2,""y"":3},{""x"":3,""y"":3},{""x"":3,""y"":4},{""x"":4,""y"":4},{""x"":5,""y"":4},{""x"":5,""y"":5},{""x"":6,""y"":5},{""x"":6,""y"":6},{""x"":6,""y"":7},{""x"":7,""y"":7},{""x"":7,""y"":6},{""x"":7,""y"":5},{""x"":7,""y"":4},{""x"":7,""y"":3},{""x"":7,""y"":2},{""x"":6,""y"":2},{""x"":6,""y"":3},{""x"":6,""y"":4},{""x"":6,""y"":3},{""x"":5,""y"":3},{""x"":4,""y"":3},{""x"":5,""y"":3},{""x"":5,""y"":2}]"
8nzuz96fvz,"[{""x"":0,""y"":0},{""x"":1,""y"":0},{""x"":2,""y"":0},{""x"":3,""y"":0},{""x"":4,""y"":0},{""x"":5,""y"":0},{""x"":6,""y"":0},{""x"":6,""y"":1},{""x"":6,""y"":2},{""x"":7,""y"":2},{""x"":7,""y"":3},{""x"":7,""y"":4},{""x"":7,""y"":5},{""x"":7,""y"":6},{""x"":7,""y"":7},{""x"":6,""y"":7},{""x"":6,""y"":6},{""x"":6,""y"":5},{""x"":5,""y"":5},{""x"":5,""y"":4},{""x"":6,""y"":4},{""x"":6,""y"":3},{""x"":5,""y"":3},{""x"":5,""y"":2},{""x"":5,""y"":1},{""x"":4,""y"":1},{""x"":4,""y"":2},{""x"":4,""y"":3},{""x"":4,""y"":4},{""x"":3,""y"":4},{""x"":3,""y"":3},{""x"":3,""y"":2},{""x"":2,""y"":2},{""x"":2,""y"":3},{""x"":2,""y"":2},{""x"":2,""y"":3},{""x"":1,""y"":3},{""x"":0,""y"":3},{""x"":0,""y"":4},{""x"":0,""y"":5},{""x"":0,""y"":6},{""x"":0,""y"":7},{""x"":1,""y"":7},{""x"":2,""y"":7},{""x"":3,""y"":7},{""x"":3,""y"":6},{""x"":4,""y"":6},{""x"":3,""y"":6},{""x"":2,""y"":6},{""x"":1,""y"":6},{""x"":0,""y"":6},{""x"":1,""y"":6},{""x"":1,""y"":5},{""x"":1,""y"":4}]"
z7hs50uhdp,"[{""x"":0,""y"":0},{""x"":1,""y"":0},{""x"":2,""y"":0},{""x"":3,""y"":0},{""x"":4,""y"":0},{""x"":4,""y"":1},{""x"":4,""y"":2},{""x"":3,""y"":2},{""x"":2,""y"":2},{""x"":2,""y"":3},{""x"":1,""y"":3},{""x"":0,""y"":3},{""x"":0,""y"":4},{""x"":0,""y"":5},{""x"":0,""y"":6},{""x"":0,""y"":7},{""x"":1,""y"":7},{""x"":2,""y"":7},{""x"":3,""y"":7},{""x"":3,""y"":6},{""x"":4,""y"":6},{""x"":3,""y"":6},{""x"":2,""y"":6},{""x"":1,""y"":6},{""x"":1,""y"":5},{""x"":1,""y"":4},{""x"":1,""y"":3},{""x"":2,""y"":3},{""x"":3,""y"":3},{""x"":4,""y"":3},{""x"":5,""y"":3},{""x"":5,""y"":2},{""x"":5,""y"":1},{""x"":5,""y"":0},{""x"":6,""y"":0},{""x"":6,""y"":1},{""x"":6,""y"":2},{""x"":7,""y"":2},{""x"":7,""y"":3},{""x"":7,""y"":4},{""x"":7,""y"":5},{""x"":7,""y"":6},{""x"":7,""y"":7},{""x"":6,""y"":7},{""x"":6,""y"":6},{""x"":6,""y"":5},{""x"":6,""y"":4},{""x"":6,""y"":3},{""x"":6,""y"":4},{""x"":5,""y"":4},{""x"":5,""y"":5},{""x"":5,""y"":4},{""x"":4,""y"":4},{""x"":3,""y"":4}]"
a3ei24pt6c,"[{""x"":0,""y"":0},{""x"":1,""y"":0},{""x"":2,""y"":0},{""x"":3,""y"":0},{""x"":4,""y"":0},{""x"":5,""y"":0},{""x"":6,""y"":0},{""x"":6,""y"":1},{""x"":6,""y"":2},{""x"":7,""y"":2},{""x"":7,""y"":3},{""x"":7,""y"":4},{""x"":7,""y"":5},{""x"":7,""y"":6},{""x"":7,""y"":7},{""x"":6,""y"":7},{""x"":6,""y"":6},{""x"":6,""y"":5},{""x"":6,""y"":4},{""x"":6,""y"":3},{""x"":5,""y"":3},{""x"":5,""y"":2},{""x"":5,""y"":1},{""x"":4,""y"":1},{""x"":4,""y"":2},{""x"":3,""y"":2},{""x"":3,""y"":3},{""x"":4,""y"":3},{""x"":4,""y"":4},{""x"":5,""y"":4},{""x"":5,""y"":5},{""x"":5,""y"":4},{""x"":4,""y"":4},{""x"":3,""y"":4},{""x"":3,""y"":3},{""x"":2,""y"":3},{""x"":2,""y"":2},{""x"":2,""y"":3},{""x"":1,""y"":3},{""x"":0,""y"":3},{""x"":0,""y"":4},{""x"":0,""y"":5},{""x"":0,""y"":6},{""x"":0,""y"":7},{""x"":1,""y"":7},{""x"":2,""y"":7},{""x"":3,""y"":7},{""x"":3,""y"":6},{""x"":4,""y"":6},{""x"":3,""y"":6},{""x"":2,""y"":6},{""x"":1,""y"":6},{""x"":1,""y"":5},{""x"":1,""y"":4}]"
jy4dtqgag7,"[{""x"":0,""y"":0},{""x"":1,""y"":0},{""x"":2,""y"":0},{""x"":3,""y"":0},{""x"":4,""y"":0},{""x"":5,""y"":0},{""x"":6,""y"":0},{""x"":6,""y"":1},{""x"":6,""y"":2},{""x"":7,""y"":2},{""x"":7,""y"":3},{""x"":7,""y"":4},{""x"":7,""y"":5},{""x"":7,""y"":6},{""x"":7,""y"":7},{""x"":6,""y"":7},{""x"":6,""y"":6},{""x"":6,""y"":5},{""x"":6,""y"":4},{""x"":6,""y"":3},{""x"":5,""y"":3},{""x"":5,""y"":4},{""x"":5,""y"":5},{""x"":5,""y"":4},{""x"":4,""y"":4},{""x"":4,""y"":3},{""x"":5,""y"":3},{""x"":5,""y"":2},{""x"":5,""y"":1},{""x"":4,""y"":1},{""x"":4,""y"":2},{""x"":4,""y"":3},{""x"":4,""y"":4},{""x"":3,""y"":4},{""x"":3,""y"":3},{""x"":3,""y"":2},{""x"":2,""y"":2},{""x"":2,""y"":3},{""x"":1,""y"":3},{""x"":0,""y"":3},{""x"":0,""y"":4},{""x"":1,""y"":4},{""x"":1,""y"":5},{""x"":0,""y"":5},{""x"":0,""y"":6},{""x"":1,""y"":6},{""x"":2,""y"":6},{""x"":3,""y"":6},{""x"":4,""y"":6},{""x"":3,""y"":6},{""x"":3,""y"":7},{""x"":2,""y"":7},{""x"":1,""y"":7},{""x"":0,""y"":7}]"
3gqvxdlui4,"[{""x"":0,""y"":0},{""x"":1,""y"":0},{""x"":2,""y"":0},{""x"":3,""y"":0},{""x"":4,""y"":0},{""x"":4,""y"":1},{""x"":5,""y"":1},{""x"":5,""y"":0},{""x"":6,""y"":0},{""x"":6,""y"":1},{""x"":6,""y"":2},{""x"":7,""y"":2},{""x"":7,""y"":3},{""x"":7,""y"":4},{""x"":7,""y"":5},{""x"":7,""y"":6},{""x"":7,""y"":7},{""x"":6,""y"":7},{""x"":6,""y"":6},{""x"":6,""y"":5},{""x"":6,""y"":4},{""x"":6,""y"":3},{""x"":6,""y"":2},{""x"":5,""y"":2},{""x"":5,""y"":3},{""x"":5,""y"":4},{""x"":5,""y"":5},{""x"":5,""y"":4},{""x"":4,""y"":4},{""x"":4,""y"":3},{""x"":4,""y"":2},{""x"":3,""y"":2},{""x"":3,""y"":3},{""x"":3,""y"":4},{""x"":3,""y"":3},{""x"":3,""y"":2},{""x"":2,""y"":2},{""x"":2,""y"":3},{""x"":1,""y"":3},{""x"":0,""y"":3},{""x"":0,""y"":4},{""x"":0,""y"":5},{""x"":0,""y"":6},{""x"":0,""y"":7},{""x"":1,""y"":7},{""x"":2,""y"":7},{""x"":3,""y"":7},{""x"":3,""y"":6},{""x"":4,""y"":6},{""x"":3,""y"":6},{""x"":2,""y"":6},{""x"":1,""y"":6},{""x"":1,""y"":5},{""x"":1,""y"":4}]"
xocnna401l,"[{""x"":0,""y"":0},{""x"":1,""y"":0},{""x"":2,""y"":0},{""x"":3,""y"":0},{""x"":4,""y"":0},{""x"":5,""y"":0},{""x"":6,""y"":0},{""x"":6,""y"":1},{""x"":5,""y"":1},{""x"":4,""y"":1},{""x"":4,""y"":2},{""x"":3,""y"":2},{""x"":2,""y"":2},{""x"":2,""y"":3},{""x"":1,""y"":3},{""x"":0,""y"":3},{""x"":0,""y"":4},{""x"":0,""y"":5},{""x"":0,""y"":6},{""x"":0,""y"":7},{""x"":1,""y"":7},{""x"":2,""y"":7},{""x"":3,""y"":7},{""x"":3,""y"":6},{""x"":4,""y"":6},{""x"":3,""y"":6},{""x"":2,""y"":6},{""x"":1,""y"":6},{""x"":1,""y"":5},{""x"":1,""y"":4},{""x"":1,""y"":3},{""x"":2,""y"":3},{""x"":3,""y"":3},{""x"":3,""y"":4},{""x"":4,""y"":4},{""x"":5,""y"":4},{""x"":5,""y"":5},{""x"":6,""y"":5},{""x"":6,""y"":6},{""x"":6,""y"":7},{""x"":7,""y"":7},{""x"":7,""y"":6},{""x"":7,""y"":5},{""x"":6,""y"":5},{""x"":6,""y"":4},{""x"":7,""y"":4},{""x"":7,""y"":3},{""x"":7,""y"":2},{""x"":6,""y"":2},{""x"":6,""y"":3},{""x"":5,""y"":3},{""x"":4,""y"":3},{""x"":4,""y"":2},{""x"":5,""y"":2}]"
h3snb1sti8,"[{""x"":0,""y"":0},{""x"":1,""y"":0},{""x"":2,""y"":0},{""x"":3,""y"":0},{""x"":4,""y"":0},{""x"":5,""y"":0},{""x"":6,""y"":0},{""x"":6,""y"":1},{""x"":5,""y"":1},{""x"":4,""y"":1},{""x"":4,""y"":2},{""x"":5,""y"":2},{""x"":6,""y"":2},{""x"":7,""y"":2},{""x"":7,""y"":3},{""x"":7,""y"":4},{""x"":7,""y"":5},{""x"":7,""y"":6},{""x"":7,""y"":7},{""x"":6,""y"":7},{""x"":6,""y"":6},{""x"":6,""y"":5},{""x"":6,""y"":4},{""x"":6,""y"":3},{""x"":5,""y"":3},{""x"":5,""y"":4},{""x"":5,""y"":5},{""x"":5,""y"":4},{""x"":4,""y"":4},{""x"":3,""y"":4},{""x"":4,""y"":4},{""x"":4,""y"":3},{""x"":4,""y"":2},{""x"":3,""y"":2},{""x"":2,""y"":2},{""x"":3,""y"":2},{""x"":3,""y"":3},{""x"":2,""y"":3},{""x"":1,""y"":3},{""x"":0,""y"":3},{""x"":0,""y"":4},{""x"":0,""y"":5},{""x"":0,""y"":6},{""x"":0,""y"":7},{""x"":1,""y"":7},{""x"":2,""y"":7},{""x"":3,""y"":7},{""x"":3,""y"":6},{""x"":4,""y"":6},{""x"":3,""y"":6},{""x"":2,""y"":6},{""x"":1,""y"":6},{""x"":1,""y"":5},{""x"":1,""y"":4}]"
v8ilg1wy2p,"[{""x"":0,""y"":0},{""x"":1,""y"":0},{""x"":2,""y"":0},{""x"":3,""y"":0},{""x"":4,""y"":0},{""x"":4,""y"":1},{""x"":5,""y"":1},{""x"":5,""y"":2},{""x"":5,""y"":1},{""x"":5,""y"":0},{""x"":6,""y"":0},{""x"":6,""y"":1},{""x"":6,""y"":2},{""x"":7,""y"":2},{""x"":7,""y"":3},{""x"":7,""y"":4},{""x"":7,""y"":5},{""x"":7,""y"":6},{""x"":7,""y"":7},{""x"":6,""y"":7},{""x"":6,""y"":6},{""x"":6,""y"":5},{""x"":6,""y"":4},{""x"":6,""y"":3},{""x"":5,""y"":3},{""x"":5,""y"":4},{""x"":5,""y"":5},{""x"":5,""y"":4},{""x"":4,""y"":4},{""x"":4,""y"":3},{""x"":4,""y"":2},{""x"":3,""y"":2},{""x"":3,""y"":3},{""x"":3,""y"":4},{""x"":3,""y"":3},{""x"":2,""y"":3},{""x"":2,""y"":2},{""x"":2,""y"":3},{""x"":1,""y"":3},{""x"":0,""y"":3},{""x"":0,""y"":4},{""x"":1,""y"":4},{""x"":1,""y"":5},{""x"":0,""y"":5},{""x"":0,""y"":6},{""x"":1,""y"":6},{""x"":2,""y"":6},{""x"":3,""y"":6},{""x"":4,""y"":6},{""x"":3,""y"":6},{""x"":3,""y"":7},{""x"":2,""y"":7},{""x"":1,""y"":7},{""x"":0,""y"":7}]"
lun4v0zsr4,"[{""x"":0,""y"":0},{""x"":1,""y"":0},{""x"":2,""y"":0},{""x"":3,""y"":0},{""x"":4,""y"":0},{""x"":4,""y"":1},{""x"":4,""y"":2},{""x"":3,""y"":2},{""x"":2,""y"":2},{""x"":2,""y"":3},{""x"":1,""y"":3},{""x"":0,""y"":3},{""x"":0,""y"":4},{""x"":0,""y"":5},{""x"":0,""y"":6},{""x"":0,""y"":7},{""x"":1,""y"":7},{""x"":2,""y"":7},{""x"":3,""y"":7},{""x"":3,""y"":6},{""x"":4,""y"":6},{""x"":3,""y"":6},{""x"":2,""y"":6},{""x"":1,""y"":6},{""x"":1,""y"":5},{""x"":1,""y"":4},{""x"":1,""y"":3},{""x"":2,""y"":3},{""x"":3,""y"":3},{""x"":3,""y"":4},{""x"":4,""y"":4},{""x"":5,""y"":4},{""x"":5,""y"":5},{""x"":6,""y"":5},{""x"":6,""y"":6},{""x"":6,""y"":7},{""x"":7,""y"":7},{""x"":7,""y"":6},{""x"":7,""y"":5},{""x"":7,""y"":4},{""x"":6,""y"":4},{""x"":7,""y"":4},{""x"":7,""y"":3},{""x"":6,""y"":3},{""x"":5,""y"":3},{""x"":4,""y"":3},{""x"":4,""y"":2},{""x"":5,""y"":2},{""x"":6,""y"":2},{""x"":7,""y"":2},{""x"":6,""y"":2},{""x"":6,""y"":1},{""x"":6,""y"":0},{""x"":5,""y"":0},{""x"":5,""y"":1}]"
zw6uegk414,"[{""x"":0,""y"":0},{""x"":1,""y"":0},{""x"":2,""y"":0},{""x"":3,""y"":0},{""x"":4,""y"":0},{""x"":5,""y"":0},{""x"":6,""y"":0},{""x"":6,""y"":1},{""x"":5,""y"":1},{""x"":4,""y"":1},{""x"":4,""y"":2},{""x"":5,""y"":2},{""x"":6,""y"":2},{""x"":7,""y"":2},{""x"":7,""y"":3},{""x"":6,""y"":3},{""x"":5,""y"":3},{""x"":4,""y"":3},{""x"":4,""y"":4},{""x"":5,""y"":4},{""x"":6,""y"":4},{""x"":7,""y"":4},{""x"":6,""y"":4},{""x"":6,""y"":5},{""x"":5,""y"":5},{""x"":6,""y"":5},{""x"":7,""y"":5},{""x"":7,""y"":6},{""x"":7,""y"":7},{""x"":6,""y"":7},{""x"":6,""y"":6},{""x"":6,""y"":5},{""x"":5,""y"":5},{""x"":5,""y"":4},{""x"":4,""y"":4},{""x"":3,""y"":4},{""x"":3,""y"":3},{""x"":3,""y"":2},{""x"":2,""y"":2},{""x"":2,""y"":3},{""x"":1,""y"":3},{""x"":0,""y"":3},{""x"":0,""y"":4},{""x"":1,""y"":4},{""x"":1,""y"":5},{""x"":0,""y"":5},{""x"":0,""y"":6},{""x"":0,""y"":7},{""x"":1,""y"":7},{""x"":1,""y"":6},{""x"":2,""y"":6},{""x"":2,""y"":7},{""x"":3,""y"":7},{""x"":3,""y"":6},{""x"":4,""y"":6}]"
i6vva0jx0n,"[{""x"":0,""y"":0},{""x"":1,""y"":0},{""x"":2,""y"":0},{""x"":3,""y"":0},{""x"":4,""y"":0},{""x"":4,""y"":1},{""x"":4,""y"":2},{""x"":3,""y"":2},{""x"":2,""y"":2},{""x"":2,""y"":3},{""x"":1,""y"":3},{""x"":0,""y"":3},{""x"":0,""y"":4},{""x"":1,""y"":4},{""x"":1,""y"":5},{""x"":0,""y"":5},{""x"":0,""y"":6},{""x"":0,""y"":7},{""x"":1,""y"":7},{""x"":2,""y"":7},{""x"":3,""y"":7},{""x"":3,""y"":6},{""x"":4,""y"":6},{""x"":3,""y"":6},{""x"":2,""y"":6},{""x"":1,""y"":6},{""x"":1,""y"":5},{""x"":1,""y"":4},{""x"":1,""y"":3},{""x"":2,""y"":3},{""x"":3,""y"":3},{""x"":3,""y"":4},{""x"":4,""y"":4},{""x"":5,""y"":4},{""x"":5,""y"":5},{""x"":6,""y"":5},{""x"":6,""y"":6},{""x"":6,""y"":7},{""x"":7,""y"":7},{""x"":7,""y"":6},{""x"":7,""y"":5},{""x"":7,""y"":4},{""x"":7,""y"":3},{""x"":7,""y"":2},{""x"":6,""y"":2},{""x"":6,""y"":1},{""x"":6,""y"":0},{""x"":5,""y"":0},{""x"":5,""y"":1},{""x"":5,""y"":2},{""x"":4,""y"":2},{""x"":4,""y"":3},{""x"":5,""y"":3},{""x"":6,""y"":3},{""x"":6,""y"":4}]"
hn15p3rner,"[{""x"":0,""y"":0},{""x"":1,""y"":0},{""x"":2,""y"":0},{""x"":3,""y"":0},{""x"":4,""y"":0},{""x"":4,""y"":1},{""x"":5,""y"":1},{""x"":5,""y"":0},{""x"":6,""y"":0},{""x"":6,""y"":1},{""x"":6,""y"":2},{""x"":7,""y"":2},{""x"":7,""y"":3},{""x"":7,""y"":4},{""x"":7,""y"":5},{""x"":7,""y"":6},{""x"":7,""y"":7},{""x"":6,""y"":7},{""x"":6,""y"":6},{""x"":6,""y"":5},{""x"":5,""y"":5},{""x"":5,""y"":4},{""x"":6,""y"":4},{""x"":6,""y"":3},{""x"":5,""y"":3},{""x"":5,""y"":2},{""x"":4,""y"":2},{""x"":4,""y"":3},{""x"":3,""y"":3},{""x"":3,""y"":2},{""x"":2,""y"":2},{""x"":2,""y"":3},{""x"":3,""y"":3},{""x"":3,""y"":4},{""x"":4,""y"":4},{""x"":4,""y"":3},{""x"":4,""y"":2},{""x"":3,""y"":2},{""x"":2,""y"":2},{""x"":2,""y"":3},{""x"":1,""y"":3},{""x"":0,""y"":3},{""x"":0,""y"":4},{""x"":1,""y"":4},{""x"":1,""y"":5},{""x"":0,""y"":5},{""x"":0,""y"":6},{""x"":0,""y"":7},{""x"":1,""y"":7},{""x"":1,""y"":6},{""x"":2,""y"":6},{""x"":2,""y"":7},{""x"":3,""y"":7},{""x"":3,""y"":6},{""x"":4,""y"":6}]"
2om1c5lu6y,"[{""x"":0,""y"":0},{""x"":1,""y"":0},{""x"":2,""y"":0},{""x"":3,""y"":0},{""x"":4,""y"":0},{""x"":5,""y"":0},{""x"":6,""y"":0},{""x"":6,""y"":1},{""x"":6,""y"":2},{""x"":7,""y"":2},{""x"":7,""y"":3},{""x"":7,""y"":4},{""x"":7,""y"":5},{""x"":7,""y"":6},{""x"":7,""y"":7},{""x"":6,""y"":7},{""x"":6,""y"":6},{""x"":6,""y"":5},{""x"":5,""y"":5},{""x"":5,""y"":4},{""x"":4,""y"":4},{""x"":3,""y"":4},{""x"":3,""y"":3},{""x"":2,""y"":3},{""x"":1,""y"":3},{""x"":1,""y"":4},{""x"":1,""y"":5},{""x"":1,""y"":6},{""x"":2,""y"":6},{""x"":3,""y"":6},{""x"":4,""y"":6},{""x"":3,""y"":6},{""x"":3,""y"":7},{""x"":2,""y"":7},{""x"":1,""y"":7},{""x"":0,""y"":7},{""x"":0,""y"":6},{""x"":0,""y"":5},{""x"":0,""y"":4},{""x"":0,""y"":3},{""x"":1,""y"":3},{""x"":2,""y"":3},{""x"":2,""y"":2},{""x"":3,""y"":2},{""x"":3,""y"":3},{""x"":3,""y"":4},{""x"":4,""y"":4},{""x"":4,""y"":3},{""x"":4,""y"":2},{""x"":4,""y"":1},{""x"":5,""y"":1},{""x"":5,""y"":2},{""x"":5,""y"":3},{""x"":6,""y"":3},{""x"":6,""y"":4}]"
nfdb43zlbq,"[{""x"":0,""y"":0},{""x"":1,""y"":0},{""x"":2,""y"":0},{""x"":3,""y"":0},{""x"":4,""y"":0},{""x"":5,""y"":0},{""x"":6,""y"":0},{""x"":6,""y"":1},{""x"":6,""y"":2},{""x"":7,""y"":2},{""x"":7,""y"":3},{""x"":7,""y"":4},{""x"":7,""y"":5},{""x"":7,""y"":6},{""x"":7,""y"":7},{""x"":6,""y"":7},{""x"":6,""y"":6},{""x"":6,""y"":5},{""x"":6,""y"":4},{""x"":6,""y"":3},{""x"":5,""y"":3},{""x"":5,""y"":2},{""x"":5,""y"":1},{""x"":4,""y"":1},{""x"":4,""y"":2},{""x"":3,""y"":2},{""x"":2,""y"":2},{""x"":2,""y"":3},{""x"":1,""y"":3},{""x"":0,""y"":3},{""x"":0,""y"":4},{""x"":0,""y"":5},{""x"":0,""y"":6},{""x"":0,""y"":7},{""x"":1,""y"":7},{""x"":2,""y"":7},{""x"":3,""y"":7},{""x"":3,""y"":6},{""x"":4,""y"":6},{""x"":3,""y"":6},{""x"":2,""y"":6},{""x"":1,""y"":6},{""x"":1,""y"":5},{""x"":1,""y"":4},{""x"":1,""y"":3},{""x"":2,""y"":3},{""x"":3,""y"":3},{""x"":2,""y"":3},{""x"":3,""y"":3},{""x"":3,""y"":4},{""x"":4,""y"":4},{""x"":4,""y"":3},{""x"":4,""y"":4},{""x"":5,""y"":4},{""x"":5,""y"":5}]"
hksg6qrmvd,"[{""x"":0,""y"":0},{""x"":1,""y"":0},{""x"":2,""y"":0},{""x"":3,""y"":0},{""x"":4,""y"":0},{""x"":5,""y"":0},{""x"":6,""y"":0},{""x"":6,""y"":1},{""x"":5,""y"":1},{""x"":4,""y"":1},{""x"":4,""y"":2},{""x"":5,""y"":2},{""x"":6,""y"":2},{""x"":7,""y"":2},{""x"":7,""y"":3},{""x"":6,""y"":3},{""x"":5,""y"":3},{""x"":4,""y"":3},{""x"":3,""y"":3},{""x"":3,""y"":4},{""x"":4,""y"":4},{""x"":5,""y"":4},{""x"":6,""y"":4},{""x"":7,""y"":4},{""x"":7,""y"":5},{""x"":7,""y"":6},{""x"":7,""y"":7},{""x"":6,""y"":7},{""x"":6,""y"":6},{""x"":6,""y"":5},{""x"":5,""y"":5},{""x"":5,""y"":4},{""x"":5,""y"":3},{""x"":5,""y"":2},{""x"":4,""y"":2},{""x"":3,""y"":2},{""x"":2,""y"":2},{""x"":2,""y"":3},{""x"":1,""y"":3},{""x"":0,""y"":3},{""x"":0,""y"":4},{""x"":1,""y"":4},{""x"":1,""y"":5},{""x"":0,""y"":5},{""x"":0,""y"":6},{""x"":1,""y"":6},{""x"":0,""y"":6},{""x"":0,""y"":7},{""x"":1,""y"":7},{""x"":2,""y"":7},{""x"":2,""y"":6},{""x"":3,""y"":6},{""x"":3,""y"":7},{""x"":3,""y"":6},{""x"":4,""y"":6}]"
gy3ldtjz00,"[{""x"":0,""y"":0},{""x"":1,""y"":0},{""x"":2,""y"":0},{""x"":3,""y"":0},{""x"":4,""y"":0},{""x"":5,""y"":0},{""x"":6,""y"":0},{""x"":6,""y"":1},{""x"":6,""y"":2},{""x"":7,""y"":2},{""x"":7,""y"":3},{""x"":7,""y"":4},{""x"":7,""y"":5},{""x"":7,""y"":6},{""x"":7,""y"":7},{""x"":6,""y"":7},{""x"":6,""y"":6},{""x"":6,""y"":5},{""x"":6,""y"":4},{""x"":6,""y"":3},{""x"":5,""y"":3},{""x"":5,""y"":2},{""x"":4,""y"":2},{""x"":4,""y"":1},{""x"":5,""y"":1},{""x"":4,""y"":1},{""x"":4,""y"":2},{""x"":3,""y"":2},{""x"":2,""y"":2},{""x"":2,""y"":3},{""x"":1,""y"":3},{""x"":0,""y"":3},{""x"":0,""y"":4},{""x"":0,""y"":5},{""x"":0,""y"":6},{""x"":0,""y"":7},{""x"":1,""y"":7},{""x"":2,""y"":7},{""x"":3,""y"":7},{""x"":3,""y"":6},{""x"":4,""y"":6},{""x"":3,""y"":6},{""x"":2,""y"":6},{""x"":1,""y"":6},{""x"":1,""y"":5},{""x"":1,""y"":4},{""x"":1,""y"":3},{""x"":2,""y"":3},{""x"":3,""y"":3},{""x"":3,""y"":4},{""x"":4,""y"":4},{""x"":4,""y"":3},{""x"":5,""y"":3},{""x"":5,""y"":4},{""x"":5,""y"":5}]"
dhx72to3hq,"[{""x"":0,""y"":0},{""x"":1,""y"":0},{""x"":2,""y"":0},{""x"":3,""y"":0},{""x"":4,""y"":0},{""x"":5,""y"":0},{""x"":6,""y"":0},{""x"":6,""y"":1},{""x"":6,""y"":2},{""x"":7,""y"":2},{""x"":7,""y"":3},{""x"":7,""y"":4},{""x"":7,""y"":5},{""x"":7,""y"":6},{""x"":7,""y"":7},{""x"":6,""y"":7},{""x"":6,""y"":6},{""x"":6,""y"":5},{""x"":6,""y"":4},{""x"":6,""y"":3},{""x"":6,""y"":2},{""x"":6,""y"":1},{""x"":6,""y"":0},{""x"":6,""y"":1},{""x"":5,""y"":1},{""x"":5,""y"":2},{""x"":5,""y"":3},{""x"":5,""y"":4},{""x"":5,""y"":5},{""x"":5,""y"":4},{""x"":4,""y"":4},{""x"":3,""y"":4},{""x"":3,""y"":3},{""x"":4,""y"":3},{""x"":4,""y"":2},{""x"":4,""y"":1},{""x"":4,""y"":2},{""x"":3,""y"":2},{""x"":2,""y"":2},{""x"":2,""y"":3},{""x"":1,""y"":3},{""x"":0,""y"":3},{""x"":0,""y"":4},{""x"":1,""y"":4},{""x"":1,""y"":5},{""x"":0,""y"":5},{""x"":0,""y"":6},{""x"":1,""y"":6},{""x"":2,""y"":6},{""x"":3,""y"":6},{""x"":4,""y"":6},{""x"":3,""y"":6},{""x"":3,""y"":7},{""x"":2,""y"":7},{""x"":1,""y"":7},{""x"":0,""y"":7}]"
84630lvzt4,"[{""x"":0,""y"":0},{""x"":1,""y"":0},{""x"":2,""y"":0},{""x"":3,""y"":0},{""x"":4,""y"":0},{""x"":4,""y"":1},{""x"":4,""y"":2},{""x"":3,""y"":2},{""x"":2,""y"":2},{""x"":2,""y"":3},{""x"":1,""y"":3},{""x"":0,""y"":3},{""x"":0,""y"":4},{""x"":1,""y"":4},{""x"":1,""y"":5},{""x"":0,""y"":5},{""x"":0,""y"":6},{""x"":0,""y"":7},{""x"":1,""y"":7},{""x"":1,""y"":6},{""x"":2,""y"":6},{""x"":3,""y"":6},{""x"":4,""y"":6},{""x"":3,""y"":6},{""x"":3,""y"":7},{""x"":2,""y"":7},{""x"":1,""y"":7},{""x"":1,""y"":6},{""x"":1,""y"":5},{""x"":1,""y"":4},{""x"":1,""y"":3},{""x"":2,""y"":3},{""x"":3,""y"":3},{""x"":3,""y"":4},{""x"":4,""y"":4},{""x"":4,""y"":3},{""x"":5,""y"":3},{""x"":5,""y"":4},{""x"":5,""y"":5},{""x"":6,""y"":5},{""x"":6,""y"":6},{""x"":6,""y"":7},{""x"":7,""y"":7},{""x"":7,""y"":6},{""x"":7,""y"":5},{""x"":7,""y"":4},{""x"":6,""y"":4},{""x"":6,""y"":3},{""x"":7,""y"":3},{""x"":7,""y"":2},{""x"":6,""y"":2},{""x"":5,""y"":2},{""x"":5,""y"":1},{""x"":5,""y"":0},{""x"":6,""y"":0},{""x"":6,""y"":1}]"
awsw6m8w0s,"[{""x"":0,""y"":0},{""x"":1,""y"":0},{""x"":2,""y"":0},{""x"":3,""y"":0},{""x"":4,""y"":0},{""x"":5,""y"":0},{""x"":6,""y"":0},{""x"":6,""y"":1},{""x"":6,""y"":2},{""x"":7,""y"":2},{""x"":7,""y"":3},{""x"":7,""y"":4},{""x"":7,""y"":5},{""x"":7,""y"":6},{""x"":7,""y"":7},{""x"":6,""y"":7},{""x"":6,""y"":6},{""x"":6,""y"":5},{""x"":6,""y"":4},{""x"":6,""y"":3},{""x"":6,""y"":2},{""x"":6,""y"":1},{""x"":5,""y"":1},{""x"":4,""y"":1},{""x"":4,""y"":2},{""x"":5,""y"":2},{""x"":5,""y"":3},{""x"":4,""y"":3},{""x"":4,""y"":4},{""x"":5,""y"":4},{""x"":5,""y"":5},{""x"":5,""y"":4},{""x"":4,""y"":4},{""x"":3,""y"":4},{""x"":3,""y"":3},{""x"":3,""y"":2},{""x"":2,""y"":2},{""x"":2,""y"":3},{""x"":1,""y"":3},{""x"":0,""y"":3},{""x"":0,""y"":4},{""x"":0,""y"":5},{""x"":0,""y"":6},{""x"":0,""y"":7},{""x"":1,""y"":7},{""x"":2,""y"":7},{""x"":3,""y"":7},{""x"":3,""y"":6},{""x"":4,""y"":6},{""x"":3,""y"":6},{""x"":2,""y"":6},{""x"":1,""y"":6},{""x"":0,""y"":6},{""x"":0,""y"":5},{""x"":1,""y"":5},{""x"":1,""y"":4}]"
hpwrae6r5x,"[{""x"":0,""y"":0},{""x"":1,""y"":0},{""x"":2,""y"":0},{""x"":3,""y"":0},{""x"":4,""y"":0},{""x"":4,""y"":1},{""x"":5,""y"":1},{""x"":5,""y"":0},{""x"":6,""y"":0},{""x"":6,""y"":1},{""x"":6,""y"":2},{""x"":7,""y"":2},{""x"":7,""y"":3},{""x"":7,""y"":4},{""x"":7,""y"":5},{""x"":7,""y"":6},{""x"":7,""y"":7},{""x"":6,""y"":7},{""x"":6,""y"":6},{""x"":6,""y"":5},{""x"":5,""y"":5},{""x"":5,""y"":4},{""x"":6,""y"":4},{""x"":6,""y"":3},{""x"":5,""y"":3},{""x"":5,""y"":2},{""x"":4,""y"":2},{""x"":3,""y"":2},{""x"":2,""y"":2},{""x"":2,""y"":3},{""x"":1,""y"":3},{""x"":0,""y"":3},{""x"":0,""y"":4},{""x"":1,""y"":4},{""x"":1,""y"":5},{""x"":0,""y"":5},{""x"":0,""y"":6},{""x"":1,""y"":6},{""x"":2,""y"":6},{""x"":3,""y"":6},{""x"":4,""y"":6},{""x"":3,""y"":6},{""x"":3,""y"":7},{""x"":2,""y"":7},{""x"":1,""y"":7},{""x"":0,""y"":7},{""x"":0,""y"":6},{""x"":0,""y"":5},{""x"":0,""y"":4},{""x"":0,""y"":3},{""x"":1,""y"":3},{""x"":2,""y"":3},{""x"":3,""y"":3},{""x"":4,""y"":3},{""x"":4,""y"":4},{""x"":3,""y"":4}]"
k14g3huhw0,"[{""x"":0,""y"":0},{""x"":1,""y"":0},{""x"":2,""y"":0},{""x"":3,""y"":0},{""x"":4,""y"":0},{""x"":4,""y"":1},{""x"":4,""y"":2},{""x"":3,""y"":2},{""x"":2,""y"":2},{""x"":2,""y"":3},{""x"":1,""y"":3},{""x"":0,""y"":3},{""x"":0,""y"":4},{""x"":0,""y"":5},{""x"":0,""y"":6},{""x"":0,""y"":7},{""x"":1,""y"":7},{""x"":2,""y"":7},{""x"":3,""y"":7},{""x"":3,""y"":6},{""x"":4,""y"":6},{""x"":3,""y"":6},{""x"":2,""y"":6},{""x"":1,""y"":6},{""x"":1,""y"":5},{""x"":1,""y"":4},{""x"":1,""y"":3},{""x"":2,""y"":3},{""x"":3,""y"":3},{""x"":3,""y"":4},{""x"":4,""y"":4},{""x"":5,""y"":4},{""x"":5,""y"":5},{""x"":6,""y"":5},{""x"":6,""y"":6},{""x"":6,""y"":7},{""x"":7,""y"":7},{""x"":7,""y"":6},{""x"":7,""y"":5},{""x"":7,""y"":4},{""x"":6,""y"":4},{""x"":5,""y"":4},{""x"":4,""y"":4},{""x"":3,""y"":4},{""x"":3,""y"":3},{""x"":4,""y"":3},{""x"":5,""y"":3},{""x"":6,""y"":3},{""x"":7,""y"":3},{""x"":7,""y"":2},{""x"":6,""y"":2},{""x"":5,""y"":2},{""x"":5,""y"":1},{""x"":5,""y"":0},{""x"":6,""y"":0},{""x"":6,""y"":1}]"
dwcl0zcv0e,"[{""x"":0,""y"":0},{""x"":1,""y"":0},{""x"":2,""y"":0},{""x"":3,""y"":0},{""x"":4,""y"":0},{""x"":5,""y"":0},{""x"":6,""y"":0},{""x"":6,""y"":1},{""x"":5,""y"":1},{""x"":4,""y"":1},{""x"":4,""y"":2},{""x"":3,""y"":2},{""x"":2,""y"":2},{""x"":2,""y"":3},{""x"":1,""y"":3},{""x"":0,""y"":3},{""x"":0,""y"":4},{""x"":1,""y"":4},{""x"":1,""y"":5},{""x"":0,""y"":5},{""x"":0,""y"":6},{""x"":0,""y"":7},{""x"":1,""y"":7},{""x"":2,""y"":7},{""x"":3,""y"":7},{""x"":3,""y"":6},{""x"":4,""y"":6},{""x"":3,""y"":6},{""x"":2,""y"":6},{""x"":1,""y"":6},{""x"":1,""y"":5},{""x"":1,""y"":4},{""x"":1,""y"":3},{""x"":2,""y"":3},{""x"":3,""y"":3},{""x"":4,""y"":3},{""x"":5,""y"":3},{""x"":5,""y"":2},{""x"":6,""y"":2},{""x"":7,""y"":2},{""x"":7,""y"":3},{""x"":7,""y"":4},{""x"":7,""y"":5},{""x"":7,""y"":6},{""x"":7,""y"":7},{""x"":6,""y"":7},{""x"":6,""y"":6},{""x"":6,""y"":5},{""x"":5,""y"":5},{""x"":5,""y"":4},{""x"":5,""y"":3},{""x"":6,""y"":3},{""x"":6,""y"":4},{""x"":5,""y"":4},{""x"":4,""y"":4},{""x"":3,""y"":4}]"
vqyz7r6kl7,"[{""x"":0,""y"":0},{""x"":1,""y"":0},{""x"":2,""y"":0},{""x"":3,""y"":0},{""x"":4,""y"":0},{""x"":4,""y"":1},{""x"":4,""y"":2},{""x"":3,""y"":2},{""x"":2,""y"":2},{""x"":2,""y"":3},{""x"":1,""y"":3},{""x"":0,""y"":3},{""x"":0,""y"":4},{""x"":0,""y"":5},{""x"":0,""y"":6},{""x"":0,""y"":7},{""x"":1,""y"":7},{""x"":2,""y"":7},{""x"":3,""y"":7},{""x"":3,""y"":6},{""x"":4,""y"":6},{""x"":3,""y"":6},{""x"":2,""y"":6},{""x"":1,""y"":6},{""x"":0,""y"":6},{""x"":1,""y"":6},{""x"":1,""y"":5},{""x"":1,""y"":4},{""x"":1,""y"":3},{""x"":2,""y"":3},{""x"":3,""y"":3},{""x"":3,""y"":4},{""x"":4,""y"":4},{""x"":5,""y"":4},{""x"":6,""y"":4},{""x"":6,""y"":5},{""x"":5,""y"":5},{""x"":6,""y"":5},{""x"":6,""y"":6},{""x"":6,""y"":7},{""x"":7,""y"":7},{""x"":7,""y"":6},{""x"":7,""y"":5},{""x"":7,""y"":4},{""x"":7,""y"":3},{""x"":7,""y"":2},{""x"":6,""y"":2},{""x"":6,""y"":1},{""x"":6,""y"":0},{""x"":5,""y"":0},{""x"":5,""y"":1},{""x"":5,""y"":2},{""x"":5,""y"":3},{""x"":6,""y"":3},{""x"":5,""y"":3},{""x"":4,""y"":3}]"
d7gu9k8lrp,"[{""x"":0,""y"":0},{""x"":1,""y"":0},{""x"":2,""y"":0},{""x"":3,""y"":0},{""x"":4,""y"":0},{""x"":5,""y"":0},{""x"":6,""y"":0},{""x"":6,""y"":1},{""x"":5,""y"":1},{""x"":4,""y"":1},{""x"":4,""y"":2},{""x"":3,""y"":2},{""x"":2,""y"":2},{""x"":2,""y"":3},{""x"":1,""y"":3},{""x"":0,""y"":3},{""x"":0,""y"":4},{""x"":0,""y"":5},{""x"":0,""y"":6},{""x"":0,""y"":7},{""x"":1,""y"":7},{""x"":2,""y"":7},{""x"":2,""y"":6},{""x"":2,""y"":7},{""x"":3,""y"":7},{""x"":3,""y"":6},{""x"":4,""y"":6},{""x"":3,""y"":6},{""x"":2,""y"":6},{""x"":1,""y"":6},{""x"":1,""y"":5},{""x"":1,""y"":4},{""x"":1,""y"":3},{""x"":2,""y"":3},{""x"":3,""y"":3},{""x"":3,""y"":4},{""x"":4,""y"":4},{""x"":5,""y"":4},{""x"":5,""y"":5},{""x"":6,""y"":5},{""x"":6,""y"":6},{""x"":6,""y"":7},{""x"":7,""y"":7},{""x"":7,""y"":6},{""x"":7,""y"":5},{""x"":7,""y"":4},{""x"":7,""y"":3},{""x"":7,""y"":2},{""x"":6,""y"":2},{""x"":6,""y"":3},{""x"":6,""y"":4},{""x"":5,""y"":4},{""x"":5,""y"":3},{""x"":4,""y"":3},{""x"":4,""y"":2},{""x"":5,""y"":2}]"
k0cc92kyxy,"[{""x"":0,""y"":0},{""x"":1,""y"":0},{""x"":2,""y"":0},{""x"":3,""y"":0},{""x"":4,""y"":0},{""x"":5,""y"":0},{""x"":6,""y"":0},{""x"":6,""y"":1},{""x"":5,""y"":1},{""x"":4,""y"":1},{""x"":5,""y"":1},{""x"":4,""y"":1},{""x"":4,""y"":2},{""x"":5,""y"":2},{""x"":6,""y"":2},{""x"":7,""y"":2},{""x"":7,""y"":3},{""x"":7,""y"":4},{""x"":7,""y"":5},{""x"":7,""y"":6},{""x"":7,""y"":7},{""x"":6,""y"":7},{""x"":6,""y"":6},{""x"":6,""y"":5},{""x"":6,""y"":4},{""x"":6,""y"":3},{""x"":5,""y"":3},{""x"":5,""y"":4},{""x"":5,""y"":5},{""x"":5,""y"":4},{""x"":4,""y"":4},{""x"":4,""y"":3},{""x"":3,""y"":3},{""x"":3,""y"":2},{""x"":3,""y"":3},{""x"":3,""y"":4},{""x"":3,""y"":3},{""x"":3,""y"":2},{""x"":2,""y"":2},{""x"":2,""y"":3},{""x"":1,""y"":3},{""x"":0,""y"":3},{""x"":0,""y"":4},{""x"":0,""y"":5},{""x"":0,""y"":6},{""x"":0,""y"":7},{""x"":1,""y"":7},{""x"":2,""y"":7},{""x"":3,""y"":7},{""x"":3,""y"":6},{""x"":4,""y"":6},{""x"":3,""y"":6},{""x"":2,""y"":6},{""x"":1,""y"":6},{""x"":1,""y"":5},{""x"":1,""y"":4}]"
bk35m4h9l3,"[{""x"":0,""y"":0},{""x"":1,""y"":0},{""x"":2,""y"":0},{""x"":3,""y"":0},{""x"":4,""y"":0},{""x"":5,""y"":0},{""x"":6,""y"":0},{""x"":6,""y"":1},{""x"":5,""y"":1},{""x"":4,""y"":1},{""x"":4,""y"":2},{""x"":3,""y"":2},{""x"":2,""y"":2},{""x"":2,""y"":3},{""x"":1,""y"":3},{""x"":0,""y"":3},{""x"":0,""y"":4},{""x"":1,""y"":4},{""x"":1,""y"":5},{""x"":0,""y"":5},{""x"":0,""y"":6},{""x"":0,""y"":7},{""x"":1,""y"":7},{""x"":2,""y"":7},{""x"":3,""y"":7},{""x"":3,""y"":6},{""x"":4,""y"":6},{""x"":3,""y"":6},{""x"":2,""y"":6},{""x"":1,""y"":6},{""x"":0,""y"":6},{""x"":0,""y"":5},{""x"":0,""y"":4},{""x"":0,""y"":3},{""x"":1,""y"":3},{""x"":2,""y"":3},{""x"":3,""y"":3},{""x"":3,""y"":4},{""x"":4,""y"":4},{""x"":5,""y"":4},{""x"":5,""y"":5},{""x"":6,""y"":5},{""x"":6,""y"":6},{""x"":6,""y"":7},{""x"":7,""y"":7},{""x"":7,""y"":6},{""x"":7,""y"":5},{""x"":7,""y"":4},{""x"":6,""y"":4},{""x"":6,""y"":3},{""x"":5,""y"":3},{""x"":4,""y"":3},{""x"":4,""y"":2},{""x"":5,""y"":2},{""x"":6,""y"":2},{""x"":7,""y"":2},{""x"":7,""y"":3}]"
a89dx56h3h,"[{""x"":0,""y"":0},{""x"":1,""y"":0},{""x"":2,""y"":0},{""x"":3,""y"":0},{""x"":4,""y"":0},{""x"":5,""y"":0},{""x"":6,""y"":0},{""x"":6,""y"":1},{""x"":6,""y"":2},{""x"":7,""y"":2},{""x"":7,""y"":3},{""x"":7,""y"":4},{""x"":7,""y"":5},{""x"":7,""y"":6},{""x"":7,""y"":7},{""x"":6,""y"":7},{""x"":6,""y"":6},{""x"":6,""y"":5},{""x"":6,""y"":4},{""x"":6,""y"":3},{""x"":6,""y"":2},{""x"":6,""y"":1},{""x"":5,""y"":1},{""x"":4,""y"":1},{""x"":4,""y"":2},{""x"":5,""y"":2},{""x"":5,""y"":3},{""x"":4,""y"":3},{""x"":4,""y"":4},{""x"":5,""y"":4},{""x"":5,""y"":5},{""x"":5,""y"":4},{""x"":4,""y"":4},{""x"":3,""y"":4},{""x"":3,""y"":3},{""x"":3,""y"":2},{""x"":2,""y"":2},{""x"":2,""y"":3},{""x"":1,""y"":3},{""x"":0,""y"":3},{""x"":0,""y"":4},{""x"":0,""y"":5},{""x"":0,""y"":6},{""x"":0,""y"":7},{""x"":1,""y"":7},{""x"":2,""y"":7},{""x"":3,""y"":7},{""x"":3,""y"":6},{""x"":2,""y"":6},{""x"":1,""y"":6},{""x"":1,""y"":5},{""x"":1,""y"":4},{""x"":1,""y"":5},{""x"":1,""y"":6},{""x"":2,""y"":6},{""x"":3,""y"":6},{""x"":4,""y"":6}]"
6r4a5os3hb,"[{""x"":0,""y"":0},{""x"":1,""y"":0},{""x"":2,""y"":0},{""x"":3,""y"":0},{""x"":4,""y"":0},{""x"":5,""y"":0},{""x"":6,""y"":0},{""x"":6,""y"":1},{""x"":5,""y"":1},{""x"":4,""y"":1},{""x"":4,""y"":0},{""x"":4,""y"":1},{""x"":4,""y"":2},{""x"":3,""y"":2},{""x"":2,""y"":2},{""x"":2,""y"":3},{""x"":1,""y"":3},{""x"":0,""y"":3},{""x"":0,""y"":4},{""x"":0,""y"":5},{""x"":0,""y"":6},{""x"":0,""y"":7},{""x"":1,""y"":7},{""x"":2,""y"":7},{""x"":3,""y"":7},{""x"":3,""y"":6},{""x"":4,""y"":6},{""x"":3,""y"":6},{""x"":2,""y"":6},{""x"":1,""y"":6},{""x"":1,""y"":5},{""x"":1,""y"":4},{""x"":1,""y"":3},{""x"":2,""y"":3},{""x"":3,""y"":3},{""x"":3,""y"":4},{""x"":4,""y"":4},{""x"":4,""y"":3},{""x"":4,""y"":2},{""x"":5,""y"":2},{""x"":6,""y"":2},{""x"":7,""y"":2},{""x"":7,""y"":3},{""x"":7,""y"":4},{""x"":7,""y"":5},{""x"":7,""y"":6},{""x"":7,""y"":7},{""x"":6,""y"":7},{""x"":6,""y"":6},{""x"":6,""y"":5},{""x"":6,""y"":4},{""x"":6,""y"":3},{""x"":5,""y"":3},{""x"":5,""y"":2},{""x"":5,""y"":3},{""x"":5,""y"":4},{""x"":5,""y"":5}]"
ckqw42111k,"[{""x"":0,""y"":0},{""x"":1,""y"":0},{""x"":2,""y"":0},{""x"":3,""y"":0},{""x"":4,""y"":0},{""x"":4,""y"":1},{""x"":5,""y"":1},{""x"":5,""y"":0},{""x"":6,""y"":0},{""x"":6,""y"":1},{""x"":6,""y"":2},{""x"":7,""y"":2},{""x"":7,""y"":3},{""x"":6,""y"":3},{""x"":5,""y"":3},{""x"":5,""y"":2},{""x"":4,""y"":2},{""x"":4,""y"":3},{""x"":3,""y"":3},{""x"":3,""y"":2},{""x"":2,""y"":2},{""x"":2,""y"":3},{""x"":1,""y"":3},{""x"":0,""y"":3},{""x"":0,""y"":4},{""x"":1,""y"":4},{""x"":1,""y"":5},{""x"":0,""y"":5},{""x"":0,""y"":6},{""x"":0,""y"":7},{""x"":1,""y"":7},{""x"":1,""y"":6},{""x"":2,""y"":6},{""x"":3,""y"":6},{""x"":4,""y"":6},{""x"":3,""y"":6},{""x"":3,""y"":7},{""x"":2,""y"":7},{""x"":1,""y"":7},{""x"":1,""y"":6},{""x"":1,""y"":5},{""x"":1,""y"":4},{""x"":1,""y"":3},{""x"":2,""y"":3},{""x"":3,""y"":3},{""x"":3,""y"":4},{""x"":4,""y"":4},{""x"":5,""y"":4},{""x"":5,""y"":5},{""x"":6,""y"":5},{""x"":6,""y"":4},{""x"":7,""y"":4},{""x"":7,""y"":5},{""x"":7,""y"":6},{""x"":7,""y"":7},{""x"":6,""y"":7},{""x"":6,""y"":6}]"
if3tnfy8zm,"[{""x"":0,""y"":0},{""x"":1,""y"":0},{""x"":2,""y"":0},{""x"":3,""y"":0},{""x"":4,""y"":0},{""x"":4,""y"":1},{""x"":4,""y"":2},{""x"":3,""y"":2},{""x"":2,""y"":2},{""x"":2,""y"":3},{""x"":1,""y"":3},{""x"":0,""y"":3},{""x"":1,""y"":3},{""x"":2,""y"":3},{""x"":3,""y"":3},{""x"":4,""y"":3},{""x"":5,""y"":3},{""x"":5,""y"":2},{""x"":5,""y"":1},{""x"":5,""y"":0},{""x"":6,""y"":0},{""x"":6,""y"":1},{""x"":6,""y"":2},{""x"":7,""y"":2},{""x"":7,""y"":3},{""x"":7,""y"":4},{""x"":7,""y"":5},{""x"":7,""y"":6},{""x"":7,""y"":7},{""x"":6,""y"":7},{""x"":6,""y"":6},{""x"":6,""y"":5},{""x"":6,""y"":4},{""x"":6,""y"":3},{""x"":5,""y"":3},{""x"":5,""y"":4},{""x"":5,""y"":5},{""x"":5,""y"":4},{""x"":4,""y"":4},{""x"":3,""y"":4},{""x"":3,""y"":3},{""x"":2,""y"":3},{""x"":1,""y"":3},{""x"":1,""y"":4},{""x"":0,""y"":4},{""x"":0,""y"":5},{""x"":1,""y"":5},{""x"":1,""y"":6},{""x"":0,""y"":6},{""x"":0,""y"":7},{""x"":1,""y"":7},{""x"":2,""y"":7},{""x"":2,""y"":6},{""x"":3,""y"":6},{""x"":4,""y"":6},{""x"":3,""y"":6},{""x"":3,""y"":7}]"
lk20gzuqia,"[{""x"":0,""y"":0},{""x"":1,""y"":0},{""x"":2,""y"":0},{""x"":3,""y"":0},{""x"":4,""y"":0},{""x"":5,""y"":0},{""x"":6,""y"":0},{""x"":6,""y"":1},{""x"":5,""y"":1},{""x"":4,""y"":1},{""x"":4,""y"":2},{""x"":3,""y"":2},{""x"":2,""y"":2},{""x"":2,""y"":3},{""x"":1,""y"":3},{""x"":0,""y"":3},{""x"":0,""y"":4},{""x"":0,""y"":5},{""x"":0,""y"":6},{""x"":0,""y"":7},{""x"":1,""y"":7},{""x"":2,""y"":7},{""x"":3,""y"":7},{""x"":3,""y"":6},{""x"":4,""y"":6},{""x"":3,""y"":6},{""x"":2,""y"":6},{""x"":1,""y"":6},{""x"":1,""y"":5},{""x"":1,""y"":4},{""x"":1,""y"":3},{""x"":2,""y"":3},{""x"":2,""y"":2},{""x"":3,""y"":2},{""x"":4,""y"":2},{""x"":5,""y"":2},{""x"":6,""y"":2},{""x"":7,""y"":2},{""x"":7,""y"":3},{""x"":6,""y"":3},{""x"":5,""y"":3},{""x"":4,""y"":3},{""x"":3,""y"":3},{""x"":3,""y"":4},{""x"":4,""y"":4},{""x"":5,""y"":4},{""x"":6,""y"":4},{""x"":7,""y"":4},{""x"":7,""y"":5},{""x"":6,""y"":5},{""x"":5,""y"":5},{""x"":6,""y"":5},{""x"":7,""y"":5},{""x"":7,""y"":6},{""x"":7,""y"":7},{""x"":6,""y"":7},{""x"":6,""y"":6}]"
c4wbgv9qae,"[{""x"":0,""y"":0},{""x"":1,""y"":0},{""x"":2,""y"":0},{""x"":3,""y"":0},{""x"":4,""y"":0},{""x"":5,""y"":0},{""x"":6,""y"":0},{""x"":6,""y"":1},{""x"":6,""y"":2},{""x"":7,""y"":2},{""x"":7,""y"":3},{""x"":7,""y"":4},{""x"":7,""y"":5},{""x"":7,""y"":6},{""x"":7,""y"":7},{""x"":6,""y"":7},{""x"":6,""y"":6},{""x"":6,""y"":5},{""x"":6,""y"":4},{""x"":6,""y"":3},{""x"":5,""y"":3},{""x"":5,""y"":2},{""x"":5,""y"":1},{""x"":4,""y"":1},{""x"":4,""y"":2},{""x"":4,""y"":3},{""x"":4,""y"":4},{""x"":5,""y"":4},{""x"":5,""y"":5},{""x"":5,""y"":4},{""x"":4,""y"":4},{""x"":3,""y"":4},{""x"":3,""y"":3},{""x"":3,""y"":2},{""x"":2,""y"":2},{""x"":2,""y"":3},{""x"":1,""y"":3},{""x"":0,""y"":3},{""x"":0,""y"":4},{""x"":0,""y"":5},{""x"":0,""y"":6},{""x"":0,""y"":7},{""x"":1,""y"":7},{""x"":2,""y"":7},{""x"":3,""y"":7},{""x"":3,""y"":6},{""x"":2,""y"":6},{""x"":1,""y"":6},{""x"":1,""y"":5},{""x"":1,""y"":4},{""x"":1,""y"":5},{""x"":1,""y"":6},{""x"":1,""y"":7},{""x"":2,""y"":7},{""x"":3,""y"":7},{""x"":3,""y"":6},{""x"":4,""y"":6}]"
hh77fq2qwp,"[{""x"":0,""y"":0},{""x"":1,""y"":0},{""x"":2,""y"":0},{""x"":3,""y"":0},{""x"":4,""y"":0},{""x"":5,""y"":0},{""x"":6,""y"":0},{""x"":6,""y"":1},{""x"":6,""y"":2},{""x"":7,""y"":2},{""x"":7,""y"":3},{""x"":7,""y"":4},{""x"":7,""y"":5},{""x"":7,""y"":6},{""x"":7,""y"":7},{""x"":6,""y"":7},{""x"":6,""y"":6},{""x"":6,""y"":5},{""x"":6,""y"":4},{""x"":6,""y"":3},{""x"":6,""y"":2},{""x"":6,""y"":1},{""x"":5,""y"":1},{""x"":4,""y"":1},{""x"":4,""y"":2},{""x"":5,""y"":2},{""x"":5,""y"":3},{""x"":4,""y"":3},{""x"":4,""y"":4},{""x"":5,""y"":4},{""x"":5,""y"":5},{""x"":5,""y"":4},{""x"":5,""y"":3},{""x"":5,""y"":2},{""x"":4,""y"":2},{""x"":3,""y"":2},{""x"":2,""y"":2},{""x"":2,""y"":3},{""x"":3,""y"":3},{""x"":3,""y"":4},{""x"":3,""y"":3},{""x"":2,""y"":3},{""x"":1,""y"":3},{""x"":0,""y"":3},{""x"":0,""y"":4},{""x"":1,""y"":4},{""x"":1,""y"":5},{""x"":0,""y"":5},{""x"":0,""y"":6},{""x"":0,""y"":7},{""x"":1,""y"":7},{""x"":1,""y"":6},{""x"":2,""y"":6},{""x"":2,""y"":7},{""x"":3,""y"":7},{""x"":3,""y"":6},{""x"":4,""y"":6}]"
6u3ib93tzn,"[{""x"":0,""y"":0},{""x"":1,""y"":0},{""x"":2,""y"":0},{""x"":3,""y"":0},{""x"":4,""y"":0},{""x"":5,""y"":0},{""x"":6,""y"":0},{""x"":6,""y"":1},{""x"":5,""y"":1},{""x"":4,""y"":1},{""x"":4,""y"":2},{""x"":3,""y"":2},{""x"":2,""y"":2},{""x"":2,""y"":3},{""x"":1,""y"":3},{""x"":0,""y"":3},{""x"":0,""y"":4},{""x"":1,""y"":4},{""x"":1,""y"":5},{""x"":0,""y"":5},{""x"":0,""y"":6},{""x"":0,""y"":7},{""x"":1,""y"":7},{""x"":1,""y"":6},{""x"":2,""y"":6},{""x"":3,""y"":6},{""x"":4,""y"":6},{""x"":3,""y"":6},{""x"":3,""y"":7},{""x"":2,""y"":7},{""x"":1,""y"":7},{""x"":1,""y"":6},{""x"":1,""y"":5},{""x"":1,""y"":4},{""x"":1,""y"":3},{""x"":2,""y"":3},{""x"":3,""y"":3},{""x"":4,""y"":3},{""x"":5,""y"":3},{""x"":5,""y"":2},{""x"":6,""y"":2},{""x"":7,""y"":2},{""x"":7,""y"":3},{""x"":7,""y"":4},{""x"":7,""y"":5},{""x"":7,""y"":6},{""x"":7,""y"":7},{""x"":6,""y"":7},{""x"":6,""y"":6},{""x"":6,""y"":5},{""x"":6,""y"":4},{""x"":6,""y"":3},{""x"":5,""y"":3},{""x"":5,""y"":4},{""x"":5,""y"":5},{""x"":5,""y"":4},{""x"":4,""y"":4},{""x"":3,""y"":4}]"
y71liybofm,"[{""x"":0,""y"":0},{""x"":1,""y"":0},{""x"":2,""y"":0},{""x"":3,""y"":0},{""x"":4,""y"":0},{""x"":5,""y"":0},{""x"":6,""y"":0},{""x"":6,""y"":1},{""x"":6,""y"":2},{""x"":7,""y"":2},{""x"":7,""y"":3},{""x"":7,""y"":4},{""x"":7,""y"":5},{""x"":7,""y"":6},{""x"":7,""y"":7},{""x"":6,""y"":7},{""x"":6,""y"":6},{""x"":6,""y"":5},{""x"":6,""y"":4},{""x"":6,""y"":3},{""x"":5,""y"":3},{""x"":5,""y"":2},{""x"":5,""y"":1},{""x"":4,""y"":1},{""x"":4,""y"":2},{""x"":3,""y"":2},{""x"":2,""y"":2},{""x"":2,""y"":3},{""x"":1,""y"":3},{""x"":0,""y"":3},{""x"":0,""y"":4},{""x"":0,""y"":5},{""x"":0,""y"":6},{""x"":0,""y"":7},{""x"":1,""y"":7},{""x"":2,""y"":7},{""x"":3,""y"":7},{""x"":3,""y"":6},{""x"":4,""y"":6},{""x"":3,""y"":6},{""x"":2,""y"":6},{""x"":1,""y"":6},{""x"":0,""y"":6},{""x"":0,""y"":5},{""x"":1,""y"":5},{""x"":1,""y"":4},{""x"":1,""y"":3},{""x"":2,""y"":3},{""x"":3,""y"":3},{""x"":4,""y"":3},{""x"":5,""y"":3},{""x"":4,""y"":3},{""x"":5,""y"":3},{""x"":5,""y"":4},{""x"":5,""y"":5},{""x"":5,""y"":4},{""x"":4,""y"":4},{""x"":3,""y"":4}]"
n05i7zp1cn,"[{""x"":0,""y"":0},{""x"":1,""y"":0},{""x"":2,""y"":0},{""x"":3,""y"":0},{""x"":4,""y"":0},{""x"":5,""y"":0},{""x"":6,""y"":0},{""x"":6,""y"":1},{""x"":5,""y"":1},{""x"":4,""y"":1},{""x"":4,""y"":2},{""x"":5,""y"":2},{""x"":6,""y"":2},{""x"":7,""y"":2},{""x"":7,""y"":3},{""x"":7,""y"":4},{""x"":7,""y"":5},{""x"":7,""y"":6},{""x"":7,""y"":7},{""x"":6,""y"":7},{""x"":6,""y"":6},{""x"":6,""y"":5},{""x"":6,""y"":4},{""x"":6,""y"":3},{""x"":5,""y"":3},{""x"":5,""y"":4},{""x"":5,""y"":5},{""x"":5,""y"":4},{""x"":4,""y"":4},{""x"":4,""y"":3},{""x"":3,""y"":3},{""x"":3,""y"":4},{""x"":3,""y"":3},{""x"":2,""y"":3},{""x"":1,""y"":3},{""x"":0,""y"":3},{""x"":0,""y"":4},{""x"":1,""y"":4},{""x"":1,""y"":5},{""x"":0,""y"":5},{""x"":0,""y"":6},{""x"":0,""y"":7},{""x"":1,""y"":7},{""x"":1,""y"":6},{""x"":2,""y"":6},{""x"":2,""y"":7},{""x"":3,""y"":7},{""x"":3,""y"":6},{""x"":4,""y"":6},{""x"":3,""y"":6},{""x"":2,""y"":6},{""x"":1,""y"":6},{""x"":1,""y"":5},{""x"":1,""y"":4},{""x"":1,""y"":3},{""x"":2,""y"":3},{""x"":2,""y"":2},{""x"":3,""y"":2}]"
q8crszu34v,"[{""x"":0,""y"":0},{""x"":1,""y"":0},{""x"":2,""y"":0},{""x"":3,""y"":0},{""x"":4,""y"":0},{""x"":5,""y"":0},{""x"":6,""y"":0},{""x"":6,""y"":1},{""x"":5,""y"":1},{""x"":4,""y"":1},{""x"":4,""y"":2},{""x"":3,""y"":2},{""x"":2,""y"":2},{""x"":2,""y"":3},{""x"":1,""y"":3},{""x"":0,""y"":3},{""x"":0,""y"":4},{""x"":1,""y"":4},{""x"":1,""y"":5},{""x"":0,""y"":5},{""x"":0,""y"":6},{""x"":0,""y"":7},{""x"":1,""y"":7},{""x"":1,""y"":6},{""x"":2,""y"":6},{""x"":2,""y"":7},{""x"":3,""y"":7},{""x"":3,""y"":6},{""x"":2,""y"":6},{""x"":3,""y"":6},{""x"":4,""y"":6},{""x"":3,""y"":6},{""x"":2,""y"":6},{""x"":1,""y"":6},{""x"":1,""y"":5},{""x"":1,""y"":4},{""x"":1,""y"":3},{""x"":2,""y"":3},{""x"":3,""y"":3},{""x"":3,""y"":4},{""x"":4,""y"":4},{""x"":4,""y"":3},{""x"":5,""y"":3},{""x"":5,""y"":2},{""x"":6,""y"":2},{""x"":7,""y"":2},{""x"":7,""y"":3},{""x"":7,""y"":4},{""x"":7,""y"":5},{""x"":7,""y"":6},{""x"":7,""y"":7},{""x"":6,""y"":7},{""x"":6,""y"":6},{""x"":6,""y"":5},{""x"":5,""y"":5},{""x"":5,""y"":4},{""x"":6,""y"":4},{""x"":6,""y"":3}]"
26srzjt8zc,"[{""x"":0,""y"":0},{""x"":1,""y"":0},{""x"":2,""y"":0},{""x"":3,""y"":0},{""x"":4,""y"":0},{""x"":5,""y"":0},{""x"":6,""y"":0},{""x"":6,""y"":1},{""x"":6,""y"":2},{""x"":7,""y"":2},{""x"":7,""y"":3},{""x"":7,""y"":4},{""x"":7,""y"":5},{""x"":7,""y"":6},{""x"":7,""y"":7},{""x"":6,""y"":7},{""x"":6,""y"":6},{""x"":6,""y"":5},{""x"":5,""y"":5},{""x"":5,""y"":4},{""x"":4,""y"":4},{""x"":3,""y"":4},{""x"":3,""y"":3},{""x"":3,""y"":2},{""x"":2,""y"":2},{""x"":2,""y"":3},{""x"":3,""y"":3},{""x"":4,""y"":3},{""x"":5,""y"":3},{""x"":6,""y"":3},{""x"":6,""y"":4},{""x"":6,""y"":3},{""x"":6,""y"":2},{""x"":5,""y"":2},{""x"":4,""y"":2},{""x"":4,""y"":1},{""x"":5,""y"":1},{""x"":5,""y"":2},{""x"":5,""y"":3},{""x"":4,""y"":3},{""x"":3,""y"":3},{""x"":2,""y"":3},{""x"":1,""y"":3},{""x"":0,""y"":3},{""x"":0,""y"":4},{""x"":1,""y"":4},{""x"":1,""y"":5},{""x"":1,""y"":6},{""x"":2,""y"":6},{""x"":3,""y"":6},{""x"":4,""y"":6},{""x"":3,""y"":6},{""x"":3,""y"":7},{""x"":2,""y"":7},{""x"":1,""y"":7},{""x"":0,""y"":7},{""x"":0,""y"":6},{""x"":0,""y"":5}]"
z45xvf429o,"[{""x"":0,""y"":0},{""x"":1,""y"":0},{""x"":2,""y"":0},{""x"":3,""y"":0},{""x"":4,""y"":0},{""x"":5,""y"":0},{""x"":6,""y"":0},{""x"":6,""y"":1},{""x"":5,""y"":1},{""x"":4,""y"":1},{""x"":5,""y"":1},{""x"":6,""y"":1},{""x"":6,""y"":2},{""x"":7,""y"":2},{""x"":7,""y"":3},{""x"":7,""y"":4},{""x"":7,""y"":5},{""x"":7,""y"":6},{""x"":7,""y"":7},{""x"":6,""y"":7},{""x"":6,""y"":6},{""x"":6,""y"":5},{""x"":6,""y"":4},{""x"":6,""y"":3},{""x"":6,""y"":2},{""x"":5,""y"":2},{""x"":5,""y"":3},{""x"":5,""y"":4},{""x"":5,""y"":5},{""x"":5,""y"":4},{""x"":4,""y"":4},{""x"":4,""y"":3},{""x"":4,""y"":2},{""x"":3,""y"":2},{""x"":2,""y"":2},{""x"":3,""y"":2},{""x"":3,""y"":3},{""x"":2,""y"":3},{""x"":1,""y"":3},{""x"":0,""y"":3},{""x"":0,""y"":4},{""x"":0,""y"":5},{""x"":0,""y"":6},{""x"":0,""y"":7},{""x"":1,""y"":7},{""x"":2,""y"":7},{""x"":3,""y"":7},{""x"":3,""y"":6},{""x"":4,""y"":6},{""x"":3,""y"":6},{""x"":2,""y"":6},{""x"":1,""y"":6},{""x"":1,""y"":5},{""x"":1,""y"":4},{""x"":1,""y"":3},{""x"":2,""y"":3},{""x"":3,""y"":3},{""x"":3,""y"":4}]"
p3utflcvk9,"[{""x"":0,""y"":0},{""x"":1,""y"":0},{""x"":2,""y"":0},{""x"":3,""y"":0},{""x"":4,""y"":0},{""x"":5,""y"":0},{""x"":6,""y"":0},{""x"":6,""y"":1},{""x"":5,""y"":1},{""x"":4,""y"":1},{""x"":4,""y"":2},{""x"":5,""y"":2},{""x"":6,""y"":2},{""x"":7,""y"":2},{""x"":7,""y"":3},{""x"":6,""y"":3},{""x"":5,""y"":3},{""x"":4,""y"":3},{""x"":3,""y"":3},{""x"":3,""y"":2},{""x"":2,""y"":2},{""x"":2,""y"":3},{""x"":1,""y"":3},{""x"":2,""y"":3},{""x"":3,""y"":3},{""x"":3,""y"":4},{""x"":4,""y"":4},{""x"":5,""y"":4},{""x"":6,""y"":4},{""x"":7,""y"":4},{""x"":7,""y"":5},{""x"":7,""y"":6},{""x"":7,""y"":7},{""x"":6,""y"":7},{""x"":6,""y"":6},{""x"":6,""y"":5},{""x"":5,""y"":5},{""x"":5,""y"":4},{""x"":4,""y"":4},{""x"":3,""y"":4},{""x"":3,""y"":3},{""x"":2,""y"":3},{""x"":1,""y"":3},{""x"":0,""y"":3},{""x"":0,""y"":4},{""x"":1,""y"":4},{""x"":1,""y"":5},{""x"":0,""y"":5},{""x"":0,""y"":6},{""x"":1,""y"":6},{""x"":2,""y"":6},{""x"":3,""y"":6},{""x"":4,""y"":6},{""x"":3,""y"":6},{""x"":3,""y"":7},{""x"":2,""y"":7},{""x"":1,""y"":7},{""x"":0,""y"":7}]"
2ps6jkw22s,"[{""x"":0,""y"":0},{""x"":1,""y"":0},{""x"":2,""y"":0},{""x"":3,""y"":0},{""x"":4,""y"":0},{""x"":4,""y"":1},{""x"":4,""y"":2},{""x"":3,""y"":2},{""x"":2,""y"":2},{""x"":2,""y"":3},{""x"":1,""y"":3},{""x"":0,""y"":3},{""x"":0,""y"":4},{""x"":1,""y"":4},{""x"":1,""y"":5},{""x"":0,""y"":5},{""x"":0,""y"":6},{""x"":0,""y"":7},{""x"":1,""y"":7},{""x"":1,""y"":6},{""x"":2,""y"":6},{""x"":2,""y"":7},{""x"":3,""y"":7},{""x"":3,""y"":6},{""x"":4,""y"":6},{""x"":3,""y"":6},{""x"":2,""y"":6},{""x"":1,""y"":6},{""x"":0,""y"":6},{""x"":0,""y"":5},{""x"":1,""y"":5},{""x"":1,""y"":4},{""x"":1,""y"":3},{""x"":2,""y"":3},{""x"":3,""y"":3},{""x"":3,""y"":4},{""x"":4,""y"":4},{""x"":5,""y"":4},{""x"":5,""y"":5},{""x"":6,""y"":5},{""x"":6,""y"":6},{""x"":6,""y"":7},{""x"":7,""y"":7},{""x"":7,""y"":6},{""x"":7,""y"":5},{""x"":7,""y"":4},{""x"":6,""y"":4},{""x"":6,""y"":3},{""x"":7,""y"":3},{""x"":7,""y"":2},{""x"":6,""y"":2},{""x"":6,""y"":1},{""x"":6,""y"":0},{""x"":5,""y"":0},{""x"":5,""y"":1},{""x"":5,""y"":2},{""x"":5,""y"":3},{""x"":4,""y"":3}]"
rier64jyuk,"[{""x"":0,""y"":0},{""x"":1,""y"":0},{""x"":2,""y"":0},{""x"":3,""y"":0},{""x"":4,""y"":0},{""x"":5,""y"":0},{""x"":6,""y"":0},{""x"":6,""y"":1},{""x"":5,""y"":1},{""x"":4,""y"":1},{""x"":4,""y"":2},{""x"":3,""y"":2},{""x"":2,""y"":2},{""x"":2,""y"":3},{""x"":1,""y"":3},{""x"":0,""y"":3},{""x"":0,""y"":4},{""x"":1,""y"":4},{""x"":1,""y"":5},{""x"":0,""y"":5},{""x"":0,""y"":6},{""x"":0,""y"":7},{""x"":1,""y"":7},{""x"":1,""y"":6},{""x"":2,""y"":6},{""x"":2,""y"":7},{""x"":3,""y"":7},{""x"":3,""y"":6},{""x"":4,""y"":6},{""x"":3,""y"":6},{""x"":2,""y"":6},{""x"":1,""y"":6},{""x"":1,""y"":5},{""x"":1,""y"":4},{""x"":1,""y"":3},{""x"":2,""y"":3},{""x"":3,""y"":3},{""x"":3,""y"":4},{""x"":4,""y"":4},{""x"":4,""y"":3},{""x"":5,""y"":3},{""x"":5,""y"":2},{""x"":5,""y"":3},{""x"":5,""y"":4},{""x"":6,""y"":4},{""x"":6,""y"":3},{""x"":6,""y"":2},{""x"":7,""y"":2},{""x"":7,""y"":3},{""x"":7,""y"":4},{""x"":7,""y"":5},{""x"":7,""y"":6},{""x"":6,""y"":6},{""x"":7,""y"":6},{""x"":7,""y"":7},{""x"":6,""y"":7},{""x"":6,""y"":6},{""x"":6,""y"":5},{""x"":5,""y"":5}]"
rhj6d2shc0,"[{""x"":0,""y"":0},{""x"":1,""y"":0},{""x"":2,""y"":0},{""x"":3,""y"":0},{""x"":4,""y"":0},{""x"":5,""y"":0},{""x"":6,""y"":0},{""x"":6,""y"":1},{""x"":5,""y"":1},{""x"":4,""y"":1},{""x"":4,""y"":2},{""x"":3,""y"":2},{""x"":2,""y"":2},{""x"":2,""y"":3},{""x"":1,""y"":3},{""x"":0,""y"":3},{""x"":0,""y"":4},{""x"":1,""y"":4},{""x"":1,""y"":5},{""x"":0,""y"":5},{""x"":0,""y"":6},{""x"":0,""y"":7},{""x"":1,""y"":7},{""x"":2,""y"":7},{""x"":3,""y"":7},{""x"":3,""y"":6},{""x"":4,""y"":6},{""x"":3,""y"":6},{""x"":2,""y"":6},{""x"":1,""y"":6},{""x"":1,""y"":5},{""x"":1,""y"":4},{""x"":1,""y"":3},{""x"":2,""y"":3},{""x"":3,""y"":3},{""x"":4,""y"":3},{""x"":5,""y"":3},{""x"":6,""y"":3},{""x"":7,""y"":3},{""x"":7,""y"":2},{""x"":6,""y"":2},{""x"":5,""y"":2},{""x"":5,""y"":3},{""x"":5,""y"":4},{""x"":4,""y"":4},{""x"":3,""y"":4},{""x"":4,""y"":4},{""x"":5,""y"":4},{""x"":6,""y"":4},{""x"":7,""y"":4},{""x"":7,""y"":5},{""x"":7,""y"":6},{""x"":7,""y"":7},{""x"":6,""y"":7},{""x"":6,""y"":6},{""x"":6,""y"":5},{""x"":6,""y"":4},{""x"":5,""y"":4},{""x"":5,""y"":5}]"
2h1wg5n8fr,"[{""x"":0,""y"":0},{""x"":1,""y"":0},{""x"":2,""y"":0},{""x"":3,""y"":0},{""x"":4,""y"":0},{""x"":5,""y"":0},{""x"":6,""y"":0},{""x"":6,""y"":1},{""x"":5,""y"":1},{""x"":4,""y"":1},{""x"":4,""y"":2},{""x"":3,""y"":2},{""x"":2,""y"":2},{""x"":2,""y"":3},{""x"":1,""y"":3},{""x"":0,""y"":3},{""x"":0,""y"":4},{""x"":1,""y"":4},{""x"":1,""y"":5},{""x"":0,""y"":5},{""x"":0,""y"":6},{""x"":1,""y"":6},{""x"":1,""y"":7},{""x"":0,""y"":7},{""x"":1,""y"":7},{""x"":2,""y"":7},{""x"":3,""y"":7},{""x"":2,""y"":7},{""x"":2,""y"":6},{""x"":3,""y"":6},{""x"":4,""y"":6},{""x"":3,""y"":6},{""x"":2,""y"":6},{""x"":1,""y"":6},{""x"":1,""y"":5},{""x"":1,""y"":4},{""x"":1,""y"":3},{""x"":2,""y"":3},{""x"":3,""y"":3},{""x"":3,""y"":4},{""x"":4,""y"":4},{""x"":4,""y"":3},{""x"":5,""y"":3},{""x"":5,""y"":2},{""x"":6,""y"":2},{""x"":7,""y"":2},{""x"":7,""y"":3},{""x"":6,""y"":3},{""x"":6,""y"":4},{""x"":5,""y"":4},{""x"":5,""y"":5},{""x"":6,""y"":5},{""x"":7,""y"":5},{""x"":7,""y"":4},{""x"":7,""y"":5},{""x"":7,""y"":6},{""x"":7,""y"":7},{""x"":6,""y"":7},{""x"":6,""y"":6}]"
k9dqrqdy9d,"[{""x"":0,""y"":0},{""x"":1,""y"":0},{""x"":2,""y"":0},{""x"":3,""y"":0},{""x"":4,""y"":0},{""x"":5,""y"":0},{""x"":6,""y"":0},{""x"":6,""y"":1},{""x"":6,""y"":2},{""x"":7,""y"":2},{""x"":7,""y"":3},{""x"":7,""y"":4},{""x"":7,""y"":5},{""x"":7,""y"":6},{""x"":7,""y"":7},{""x"":6,""y"":7},{""x"":6,""y"":6},{""x"":6,""y"":5},{""x"":6,""y"":4},{""x"":6,""y"":3},{""x"":6,""y"":2},{""x"":6,""y"":1},{""x"":6,""y"":2},{""x"":6,""y"":1},{""x"":5,""y"":1},{""x"":4,""y"":1},{""x"":4,""y"":2},{""x"":3,""y"":2},{""x"":2,""y"":2},{""x"":2,""y"":3},{""x"":1,""y"":3},{""x"":0,""y"":3},{""x"":1,""y"":3},{""x"":0,""y"":3},{""x"":0,""y"":4},{""x"":0,""y"":5},{""x"":0,""y"":6},{""x"":0,""y"":7},{""x"":1,""y"":7},{""x"":2,""y"":7},{""x"":3,""y"":7},{""x"":3,""y"":6},{""x"":4,""y"":6},{""x"":3,""y"":6},{""x"":2,""y"":6},{""x"":1,""y"":6},{""x"":1,""y"":5},{""x"":1,""y"":4},{""x"":1,""y"":3},{""x"":2,""y"":3},{""x"":3,""y"":3},{""x"":3,""y"":4},{""x"":4,""y"":4},{""x"":4,""y"":3},{""x"":4,""y"":2},{""x"":5,""y"":2},{""x"":5,""y"":3},{""x"":5,""y"":4},{""x"":5,""y"":5}]"
hs2ns986ny,"[{""x"":0,""y"":0},{""x"":1,""y"":0},{""x"":2,""y"":0},{""x"":3,""y"":0},{""x"":4,""y"":0},{""x"":5,""y"":0},{""x"":6,""y"":0},{""x"":6,""y"":1},{""x"":5,""y"":1},{""x"":4,""y"":1},{""x"":4,""y"":2},{""x"":3,""y"":2},{""x"":2,""y"":2},{""x"":2,""y"":3},{""x"":1,""y"":3},{""x"":0,""y"":3},{""x"":1,""y"":3},{""x"":2,""y"":3},{""x"":3,""y"":3},{""x"":4,""y"":3},{""x"":5,""y"":3},{""x"":5,""y"":2},{""x"":6,""y"":2},{""x"":7,""y"":2},{""x"":7,""y"":3},{""x"":6,""y"":3},{""x"":7,""y"":3},{""x"":7,""y"":4},{""x"":7,""y"":5},{""x"":7,""y"":6},{""x"":7,""y"":7},{""x"":6,""y"":7},{""x"":6,""y"":6},{""x"":6,""y"":5},{""x"":6,""y"":4},{""x"":5,""y"":4},{""x"":5,""y"":5},{""x"":5,""y"":4},{""x"":5,""y"":3},{""x"":5,""y"":4},{""x"":4,""y"":4},{""x"":3,""y"":4},{""x"":3,""y"":3},{""x"":2,""y"":3},{""x"":1,""y"":3},{""x"":1,""y"":4},{""x"":0,""y"":4},{""x"":0,""y"":5},{""x"":1,""y"":5},{""x"":1,""y"":6},{""x"":0,""y"":6},{""x"":0,""y"":7},{""x"":1,""y"":7},{""x"":2,""y"":7},{""x"":3,""y"":7},{""x"":3,""y"":6},{""x"":2,""y"":6},{""x"":3,""y"":6},{""x"":4,""y"":6}]"
nuf60mmbm6,"[{""x"":0,""y"":0},{""x"":1,""y"":0},{""x"":2,""y"":0},{""x"":3,""y"":0},{""x"":4,""y"":0},{""x"":5,""y"":0},{""x"":6,""y"":0},{""x"":6,""y"":1},{""x"":6,""y"":2},{""x"":7,""y"":2},{""x"":6,""y"":2},{""x"":6,""y"":1},{""x"":5,""y"":1},{""x"":4,""y"":1},{""x"":4,""y"":2},{""x"":5,""y"":2},{""x"":4,""y"":2},{""x"":3,""y"":2},{""x"":2,""y"":2},{""x"":2,""y"":3},{""x"":1,""y"":3},{""x"":0,""y"":3},{""x"":0,""y"":4},{""x"":0,""y"":5},{""x"":0,""y"":6},{""x"":0,""y"":7},{""x"":1,""y"":7},{""x"":2,""y"":7},{""x"":3,""y"":7},{""x"":3,""y"":6},{""x"":4,""y"":6},{""x"":3,""y"":6},{""x"":2,""y"":6},{""x"":1,""y"":6},{""x"":1,""y"":5},{""x"":1,""y"":4},{""x"":1,""y"":3},{""x"":2,""y"":3},{""x"":3,""y"":3},{""x"":4,""y"":3},{""x"":5,""y"":3},{""x"":6,""y"":3},{""x"":7,""y"":3},{""x"":7,""y"":4},{""x"":7,""y"":5},{""x"":7,""y"":6},{""x"":7,""y"":7},{""x"":6,""y"":7},{""x"":6,""y"":6},{""x"":6,""y"":5},{""x"":6,""y"":4},{""x"":6,""y"":3},{""x"":6,""y"":4},{""x"":5,""y"":4},{""x"":4,""y"":4},{""x"":3,""y"":4},{""x"":4,""y"":4},{""x"":5,""y"":4},{""x"":5,""y"":5}]"
lei9lrper5,"[{""x"":0,""y"":0},{""x"":1,""y"":0},{""x"":2,""y"":0},{""x"":3,""y"":0},{""x"":4,""y"":0},{""x"":5,""y"":0},{""x"":6,""y"":0},{""x"":6,""y"":1},{""x"":5,""y"":1},{""x"":4,""y"":1},{""x"":4,""y"":2},{""x"":4,""y"":3},{""x"":3,""y"":3},{""x"":3,""y"":2},{""x"":2,""y"":2},{""x"":2,""y"":3},{""x"":1,""y"":3},{""x"":0,""y"":3},{""x"":0,""y"":4},{""x"":1,""y"":4},{""x"":1,""y"":5},{""x"":0,""y"":5},{""x"":0,""y"":6},{""x"":0,""y"":7},{""x"":1,""y"":7},{""x"":1,""y"":6},{""x"":2,""y"":6},{""x"":2,""y"":7},{""x"":3,""y"":7},{""x"":3,""y"":6},{""x"":4,""y"":6},{""x"":3,""y"":6},{""x"":2,""y"":6},{""x"":1,""y"":6},{""x"":1,""y"":5},{""x"":1,""y"":4},{""x"":1,""y"":3},{""x"":2,""y"":3},{""x"":3,""y"":3},{""x"":4,""y"":3},{""x"":3,""y"":3},{""x"":3,""y"":4},{""x"":4,""y"":4},{""x"":5,""y"":4},{""x"":5,""y"":5},{""x"":6,""y"":5},{""x"":6,""y"":6},{""x"":6,""y"":7},{""x"":7,""y"":7},{""x"":7,""y"":6},{""x"":7,""y"":5},{""x"":7,""y"":4},{""x"":7,""y"":3},{""x"":7,""y"":2},{""x"":6,""y"":2},{""x"":5,""y"":2},{""x"":5,""y"":3},{""x"":6,""y"":3},{""x"":6,""y"":4}]"
4rh7by24qg,"[{""x"":0,""y"":0},{""x"":1,""y"":0},{""x"":2,""y"":0},{""x"":3,""y"":0},{""x"":4,""y"":0},{""x"":5,""y"":0},{""x"":6,""y"":0},{""x"":6,""y"":1},{""x"":5,""y"":1},{""x"":4,""y"":1},{""x"":4,""y"":2},{""x"":3,""y"":2},{""x"":2,""y"":2},{""x"":2,""y"":3},{""x"":1,""y"":3},{""x"":0,""y"":3},{""x"":0,""y"":4},{""x"":1,""y"":4},{""x"":1,""y"":5},{""x"":0,""y"":5},{""x"":0,""y"":6},{""x"":0,""y"":7},{""x"":1,""y"":7},{""x"":1,""y"":6},{""x"":2,""y"":6},{""x"":2,""y"":7},{""x"":3,""y"":7},{""x"":3,""y"":6},{""x"":4,""y"":6},{""x"":3,""y"":6},{""x"":2,""y"":6},{""x"":1,""y"":6},{""x"":1,""y"":5},{""x"":1,""y"":4},{""x"":1,""y"":3},{""x"":2,""y"":3},{""x"":3,""y"":3},{""x"":4,""y"":3},{""x"":5,""y"":3},{""x"":5,""y"":2},{""x"":6,""y"":2},{""x"":7,""y"":2},{""x"":7,""y"":3},{""x"":6,""y"":3},{""x"":6,""y"":4},{""x"":5,""y"":4},{""x"":4,""y"":4},{""x"":3,""y"":4},{""x"":4,""y"":4},{""x"":5,""y"":4},{""x"":6,""y"":4},{""x"":7,""y"":4},{""x"":7,""y"":5},{""x"":6,""y"":5},{""x"":5,""y"":5},{""x"":6,""y"":5},{""x"":6,""y"":6},{""x"":6,""y"":7},{""x"":7,""y"":7},{""x"":7,""y"":6}]"
m6y5i7otsd,"[{""x"":0,""y"":0},{""x"":1,""y"":0},{""x"":2,""y"":0},{""x"":3,""y"":0},{""x"":4,""y"":0},{""x"":4,""y"":1},{""x"":5,""y"":1},{""x"":5,""y"":0},{""x"":6,""y"":0},{""x"":6,""y"":1},{""x"":6,""y"":2},{""x"":7,""y"":2},{""x"":7,""y"":3},{""x"":6,""y"":3},{""x"":5,""y"":3},{""x"":5,""y"":2},{""x"":4,""y"":2},{""x"":4,""y"":3},{""x"":3,""y"":3},{""x"":2,""y"":3},{""x"":2,""y"":2},{""x"":3,""y"":2},{""x"":2,""y"":2},{""x"":2,""y"":3},{""x"":1,""y"":3},{""x"":0,""y"":3},{""x"":0,""y"":4},{""x"":1,""y"":4},{""x"":1,""y"":5},{""x"":0,""y"":5},{""x"":0,""y"":6},{""x"":0,""y"":7},{""x"":1,""y"":7},{""x"":1,""y"":6},{""x"":2,""y"":6},{""x"":3,""y"":6},{""x"":4,""y"":6},{""x"":3,""y"":6},{""x"":3,""y"":7},{""x"":2,""y"":7},{""x"":2,""y"":6},{""x"":1,""y"":6},{""x"":1,""y"":5},{""x"":1,""y"":4},{""x"":1,""y"":3},{""x"":2,""y"":3},{""x"":3,""y"":3},{""x"":3,""y"":4},{""x"":4,""y"":4},{""x"":5,""y"":4},{""x"":6,""y"":4},{""x"":7,""y"":4},{""x"":7,""y"":5},{""x"":6,""y"":5},{""x"":5,""y"":5},{""x"":6,""y"":5},{""x"":6,""y"":6},{""x"":6,""y"":7},{""x"":7,""y"":7},{""x"":7,""y"":6}]"
fpqwq5uacg,"[{""x"":0,""y"":0},{""x"":1,""y"":0},{""x"":2,""y"":0},{""x"":3,""y"":0},{""x"":4,""y"":0},{""x"":5,""y"":0},{""x"":6,""y"":0},{""x"":6,""y"":1},{""x"":5,""y"":1},{""x"":4,""y"":1},{""x"":4,""y"":2},{""x"":3,""y"":2},{""x"":2,""y"":2},{""x"":2,""y"":3},{""x"":1,""y"":3},{""x"":0,""y"":3},{""x"":0,""y"":4},{""x"":0,""y"":5},{""x"":0,""y"":4},{""x"":1,""y"":4},{""x"":1,""y"":5},{""x"":1,""y"":6},{""x"":0,""y"":6},{""x"":0,""y"":7},{""x"":1,""y"":7},{""x"":2,""y"":7},{""x"":2,""y"":6},{""x"":3,""y"":6},{""x"":3,""y"":7},{""x"":3,""y"":6},{""x"":4,""y"":6},{""x"":3,""y"":6},{""x"":2,""y"":6},{""x"":1,""y"":6},{""x"":1,""y"":5},{""x"":1,""y"":4},{""x"":1,""y"":3},{""x"":2,""y"":3},{""x"":3,""y"":3},{""x"":4,""y"":3},{""x"":5,""y"":3},{""x"":5,""y"":2},{""x"":6,""y"":2},{""x"":7,""y"":2},{""x"":7,""y"":3},{""x"":7,""y"":4},{""x"":7,""y"":5},{""x"":7,""y"":6},{""x"":7,""y"":7},{""x"":6,""y"":7},{""x"":6,""y"":6},{""x"":6,""y"":5},{""x"":6,""y"":4},{""x"":6,""y"":3},{""x"":6,""y"":4},{""x"":5,""y"":4},{""x"":5,""y"":5},{""x"":5,""y"":4},{""x"":4,""y"":4},{""x"":3,""y"":4}]"
lps9lulnr2,"[{""x"":0,""y"":0},{""x"":1,""y"":0},{""x"":2,""y"":0},{""x"":3,""y"":0},{""x"":4,""y"":0},{""x"":5,""y"":0},{""x"":6,""y"":0},{""x"":6,""y"":1},{""x"":5,""y"":1},{""x"":4,""y"":1},{""x"":4,""y"":2},{""x"":3,""y"":2},{""x"":2,""y"":2},{""x"":2,""y"":3},{""x"":1,""y"":3},{""x"":0,""y"":3},{""x"":0,""y"":4},{""x"":1,""y"":4},{""x"":1,""y"":5},{""x"":0,""y"":5},{""x"":0,""y"":6},{""x"":0,""y"":7},{""x"":1,""y"":7},{""x"":1,""y"":6},{""x"":2,""y"":6},{""x"":3,""y"":6},{""x"":4,""y"":6},{""x"":3,""y"":6},{""x"":3,""y"":7},{""x"":2,""y"":7},{""x"":1,""y"":7},{""x"":2,""y"":7},{""x"":2,""y"":6},{""x"":1,""y"":6},{""x"":1,""y"":5},{""x"":1,""y"":4},{""x"":1,""y"":3},{""x"":2,""y"":3},{""x"":3,""y"":3},{""x"":4,""y"":3},{""x"":5,""y"":3},{""x"":5,""y"":2},{""x"":6,""y"":2},{""x"":7,""y"":2},{""x"":7,""y"":3},{""x"":6,""y"":3},{""x"":6,""y"":4},{""x"":7,""y"":4},{""x"":7,""y"":5},{""x"":7,""y"":6},{""x"":7,""y"":7},{""x"":6,""y"":7},{""x"":7,""y"":7},{""x"":6,""y"":7},{""x"":6,""y"":6},{""x"":6,""y"":5},{""x"":5,""y"":5},{""x"":5,""y"":4},{""x"":4,""y"":4},{""x"":3,""y"":4}]"
jwysnezlxg,"[{""x"":0,""y"":0},{""x"":1,""y"":0},{""x"":2,""y"":0},{""x"":3,""y"":0},{""x"":4,""y"":0},{""x"":5,""y"":0},{""x"":6,""y"":0},{""x"":6,""y"":1},{""x"":5,""y"":1},{""x"":4,""y"":1},{""x"":4,""y"":2},{""x"":3,""y"":2},{""x"":2,""y"":2},{""x"":2,""y"":3},{""x"":1,""y"":3},{""x"":0,""y"":3},{""x"":0,""y"":4},{""x"":1,""y"":4},{""x"":1,""y"":5},{""x"":0,""y"":5},{""x"":0,""y"":6},{""x"":1,""y"":6},{""x"":1,""y"":7},{""x"":0,""y"":7},{""x"":1,""y"":7},{""x"":2,""y"":7},{""x"":2,""y"":6},{""x"":2,""y"":7},{""x"":3,""y"":7},{""x"":3,""y"":6},{""x"":4,""y"":6},{""x"":3,""y"":6},{""x"":2,""y"":6},{""x"":1,""y"":6},{""x"":1,""y"":5},{""x"":1,""y"":4},{""x"":1,""y"":3},{""x"":2,""y"":3},{""x"":3,""y"":3},{""x"":3,""y"":4},{""x"":4,""y"":4},{""x"":4,""y"":3},{""x"":4,""y"":2},{""x"":5,""y"":2},{""x"":6,""y"":2},{""x"":7,""y"":2},{""x"":7,""y"":3},{""x"":6,""y"":3},{""x"":5,""y"":3},{""x"":5,""y"":4},{""x"":6,""y"":4},{""x"":7,""y"":4},{""x"":7,""y"":5},{""x"":6,""y"":5},{""x"":5,""y"":5},{""x"":6,""y"":5},{""x"":6,""y"":6},{""x"":6,""y"":7},{""x"":7,""y"":7},{""x"":7,""y"":6}]"
f9kpe9hxrd,"[{""x"":0,""y"":0},{""x"":1,""y"":0},{""x"":2,""y"":0},{""x"":3,""y"":0},{""x"":4,""y"":0},{""x"":4,""y"":1},{""x"":5,""y"":1},{""x"":5,""y"":0},{""x"":6,""y"":0},{""x"":6,""y"":1},{""x"":6,""y"":2},{""x"":7,""y"":2},{""x"":7,""y"":3},{""x"":7,""y"":4},{""x"":7,""y"":5},{""x"":7,""y"":6},{""x"":7,""y"":7},{""x"":6,""y"":7},{""x"":6,""y"":6},{""x"":6,""y"":5},{""x"":6,""y"":4},{""x"":6,""y"":3},{""x"":6,""y"":2},{""x"":6,""y"":1},{""x"":6,""y"":2},{""x"":5,""y"":2},{""x"":5,""y"":3},{""x"":5,""y"":4},{""x"":5,""y"":5},{""x"":5,""y"":4},{""x"":4,""y"":4},{""x"":4,""y"":3},{""x"":4,""y"":2},{""x"":4,""y"":1},{""x"":4,""y"":2},{""x"":3,""y"":2},{""x"":3,""y"":3},{""x"":2,""y"":3},{""x"":2,""y"":2},{""x"":2,""y"":3},{""x"":1,""y"":3},{""x"":0,""y"":3},{""x"":0,""y"":4},{""x"":0,""y"":5},{""x"":0,""y"":6},{""x"":0,""y"":7},{""x"":1,""y"":7},{""x"":2,""y"":7},{""x"":3,""y"":7},{""x"":3,""y"":6},{""x"":4,""y"":6},{""x"":3,""y"":6},{""x"":2,""y"":6},{""x"":1,""y"":6},{""x"":1,""y"":5},{""x"":1,""y"":4},{""x"":1,""y"":3},{""x"":2,""y"":3},{""x"":3,""y"":3},{""x"":3,""y"":4}]"
gtoswkgc12,"[{""x"":0,""y"":0},{""x"":1,""y"":0},{""x"":2,""y"":0},{""x"":3,""y"":0},{""x"":4,""y"":0},{""x"":5,""y"":0},{""x"":6,""y"":0},{""x"":6,""y"":1},{""x"":5,""y"":1},{""x"":4,""y"":1},{""x"":4,""y"":2},{""x"":3,""y"":2},{""x"":2,""y"":2},{""x"":2,""y"":3},{""x"":1,""y"":3},{""x"":0,""y"":3},{""x"":0,""y"":4},{""x"":1,""y"":4},{""x"":1,""y"":5},{""x"":0,""y"":5},{""x"":0,""y"":6},{""x"":1,""y"":6},{""x"":2,""y"":6},{""x"":3,""y"":6},{""x"":4,""y"":6},{""x"":3,""y"":6},{""x"":3,""y"":7},{""x"":2,""y"":7},{""x"":1,""y"":7},{""x"":0,""y"":7},{""x"":0,""y"":6},{""x"":0,""y"":5},{""x"":0,""y"":4},{""x"":0,""y"":3},{""x"":1,""y"":3},{""x"":2,""y"":3},{""x"":2,""y"":2},{""x"":3,""y"":2},{""x"":4,""y"":2},{""x"":5,""y"":2},{""x"":6,""y"":2},{""x"":7,""y"":2},{""x"":7,""y"":3},{""x"":6,""y"":3},{""x"":5,""y"":3},{""x"":4,""y"":3},{""x"":3,""y"":3},{""x"":3,""y"":4},{""x"":4,""y"":4},{""x"":5,""y"":4},{""x"":6,""y"":4},{""x"":7,""y"":4},{""x"":7,""y"":5},{""x"":6,""y"":5},{""x"":5,""y"":5},{""x"":6,""y"":5},{""x"":7,""y"":5},{""x"":7,""y"":6},{""x"":7,""y"":7},{""x"":6,""y"":7},{""x"":6,""y"":6}]"
njzx2oob9k,"[{""x"":0,""y"":0},{""x"":1,""y"":0},{""x"":2,""y"":0},{""x"":3,""y"":0},{""x"":4,""y"":0},{""x"":5,""y"":0},{""x"":6,""y"":0},{""x"":6,""y"":1},{""x"":6,""y"":2},{""x"":7,""y"":2},{""x"":7,""y"":3},{""x"":7,""y"":4},{""x"":7,""y"":5},{""x"":7,""y"":6},{""x"":7,""y"":7},{""x"":6,""y"":7},{""x"":6,""y"":6},{""x"":6,""y"":5},{""x"":6,""y"":4},{""x"":6,""y"":3},{""x"":5,""y"":3},{""x"":5,""y"":2},{""x"":5,""y"":1},{""x"":4,""y"":1},{""x"":4,""y"":2},{""x"":3,""y"":2},{""x"":2,""y"":2},{""x"":2,""y"":3},{""x"":1,""y"":3},{""x"":0,""y"":3},{""x"":0,""y"":4},{""x"":0,""y"":5},{""x"":0,""y"":6},{""x"":0,""y"":7},{""x"":1,""y"":7},{""x"":1,""y"":6},{""x"":1,""y"":5},{""x"":1,""y"":4},{""x"":1,""y"":3},{""x"":2,""y"":3},{""x"":3,""y"":3},{""x"":4,""y"":3},{""x"":5,""y"":3},{""x"":5,""y"":4},{""x"":5,""y"":5},{""x"":5,""y"":4},{""x"":4,""y"":4},{""x"":3,""y"":4},{""x"":3,""y"":3},{""x"":2,""y"":3},{""x"":1,""y"":3},{""x"":1,""y"":4},{""x"":1,""y"":5},{""x"":1,""y"":6},{""x"":1,""y"":7},{""x"":2,""y"":7},{""x"":2,""y"":6},{""x"":2,""y"":7},{""x"":3,""y"":7},{""x"":3,""y"":6},{""x"":4,""y"":6}]"
wes89u8v4q,"[{""x"":0,""y"":0},{""x"":1,""y"":0},{""x"":2,""y"":0},{""x"":3,""y"":0},{""x"":4,""y"":0},{""x"":5,""y"":0},{""x"":6,""y"":0},{""x"":6,""y"":1},{""x"":5,""y"":1},{""x"":4,""y"":1},{""x"":4,""y"":2},{""x"":3,""y"":2},{""x"":2,""y"":2},{""x"":2,""y"":3},{""x"":1,""y"":3},{""x"":0,""y"":3},{""x"":0,""y"":4},{""x"":1,""y"":4},{""x"":1,""y"":5},{""x"":0,""y"":5},{""x"":0,""y"":6},{""x"":1,""y"":6},{""x"":0,""y"":6},{""x"":0,""y"":7},{""x"":1,""y"":7},{""x"":2,""y"":7},{""x"":2,""y"":6},{""x"":3,""y"":6},{""x"":3,""y"":7},{""x"":3,""y"":6},{""x"":4,""y"":6},{""x"":3,""y"":6},{""x"":2,""y"":6},{""x"":1,""y"":6},{""x"":0,""y"":6},{""x"":0,""y"":5},{""x"":0,""y"":4},{""x"":0,""y"":3},{""x"":1,""y"":3},{""x"":2,""y"":3},{""x"":3,""y"":3},{""x"":3,""y"":4},{""x"":4,""y"":4},{""x"":5,""y"":4},{""x"":5,""y"":5},{""x"":6,""y"":5},{""x"":6,""y"":6},{""x"":6,""y"":7},{""x"":7,""y"":7},{""x"":7,""y"":6},{""x"":7,""y"":5},{""x"":7,""y"":4},{""x"":6,""y"":4},{""x"":6,""y"":3},{""x"":5,""y"":3},{""x"":4,""y"":3},{""x"":4,""y"":2},{""x"":5,""y"":2},{""x"":6,""y"":2},{""x"":7,""y"":2},{""x"":7,""y"":3}]"
asx9zz7awg,"[{""x"":0,""y"":0},{""x"":1,""y"":0},{""x"":2,""y"":0},{""x"":3,""y"":0},{""x"":4,""y"":0},{""x"":4,""y"":1},{""x"":5,""y"":1},{""x"":5,""y"":0},{""x"":6,""y"":0},{""x"":6,""y"":1},{""x"":6,""y"":2},{""x"":7,""y"":2},{""x"":7,""y"":3},{""x"":7,""y"":4},{""x"":7,""y"":5},{""x"":7,""y"":6},{""x"":7,""y"":7},{""x"":6,""y"":7},{""x"":6,""y"":6},{""x"":6,""y"":5},{""x"":6,""y"":4},{""x"":6,""y"":3},{""x"":6,""y"":2},{""x"":6,""y"":3},{""x"":5,""y"":3},{""x"":5,""y"":2},{""x"":4,""y"":2},{""x"":4,""y"":3},{""x"":4,""y"":4},{""x"":3,""y"":4},{""x"":3,""y"":3},{""x"":3,""y"":2},{""x"":2,""y"":2},{""x"":2,""y"":3},{""x"":1,""y"":3},{""x"":0,""y"":3},{""x"":0,""y"":4},{""x"":1,""y"":4},{""x"":1,""y"":5},{""x"":0,""y"":5},{""x"":0,""y"":6},{""x"":0,""y"":7},{""x"":1,""y"":7},{""x"":1,""y"":6},{""x"":2,""y"":6},{""x"":2,""y"":7},{""x"":3,""y"":7},{""x"":3,""y"":6},{""x"":4,""y"":6},{""x"":3,""y"":6},{""x"":2,""y"":6},{""x"":1,""y"":6},{""x"":1,""y"":5},{""x"":1,""y"":4},{""x"":1,""y"":3},{""x"":2,""y"":3},{""x"":3,""y"":3},{""x"":4,""y"":3},{""x"":5,""y"":3},{""x"":5,""y"":4},{""x"":5,""y"":5}]"
i1jxe3um13,"[{""x"":0,""y"":0},{""x"":1,""y"":0},{""x"":2,""y"":0},{""x"":3,""y"":0},{""x"":4,""y"":0},{""x"":5,""y"":0},{""x"":6,""y"":0},{""x"":6,""y"":1},{""x"":6,""y"":2},{""x"":7,""y"":2},{""x"":7,""y"":3},{""x"":7,""y"":4},{""x"":7,""y"":5},{""x"":7,""y"":6},{""x"":7,""y"":7},{""x"":6,""y"":7},{""x"":6,""y"":6},{""x"":6,""y"":5},{""x"":6,""y"":4},{""x"":6,""y"":3},{""x"":6,""y"":2},{""x"":6,""y"":1},{""x"":5,""y"":1},{""x"":4,""y"":1},{""x"":4,""y"":2},{""x"":4,""y"":3},{""x"":4,""y"":4},{""x"":5,""y"":4},{""x"":5,""y"":3},{""x"":5,""y"":2},{""x"":4,""y"":2},{""x"":3,""y"":2},{""x"":2,""y"":2},{""x"":2,""y"":3},{""x"":3,""y"":3},{""x"":3,""y"":4},{""x"":3,""y"":3},{""x"":2,""y"":3},{""x"":1,""y"":3},{""x"":0,""y"":3},{""x"":0,""y"":4},{""x"":0,""y"":5},{""x"":0,""y"":6},{""x"":0,""y"":7},{""x"":1,""y"":7},{""x"":2,""y"":7},{""x"":3,""y"":7},{""x"":3,""y"":6},{""x"":4,""y"":6},{""x"":3,""y"":6},{""x"":2,""y"":6},{""x"":1,""y"":6},{""x"":1,""y"":5},{""x"":1,""y"":4},{""x"":1,""y"":3},{""x"":2,""y"":3},{""x"":3,""y"":3},{""x"":4,""y"":3},{""x"":5,""y"":3},{""x"":5,""y"":4},{""x"":5,""y"":5}]"
x4dz5tvwtt,"[{""x"":0,""y"":0},{""x"":1,""y"":0},{""x"":2,""y"":0},{""x"":3,""y"":0},{""x"":4,""y"":0},{""x"":5,""y"":0},{""x"":6,""y"":0},{""x"":6,""y"":1},{""x"":5,""y"":1},{""x"":4,""y"":1},{""x"":4,""y"":2},{""x"":3,""y"":2},{""x"":2,""y"":2},{""x"":2,""y"":3},{""x"":1,""y"":3},{""x"":0,""y"":3},{""x"":0,""y"":4},{""x"":1,""y"":4},{""x"":1,""y"":5},{""x"":0,""y"":5},{""x"":0,""y"":6},{""x"":1,""y"":6},{""x"":1,""y"":7},{""x"":0,""y"":7},{""x"":1,""y"":7},{""x"":2,""y"":7},{""x"":2,""y"":6},{""x"":3,""y"":6},{""x"":3,""y"":7},{""x"":3,""y"":6},{""x"":4,""y"":6},{""x"":3,""y"":6},{""x"":2,""y"":6},{""x"":1,""y"":6},{""x"":0,""y"":6},{""x"":0,""y"":5},{""x"":0,""y"":4},{""x"":0,""y"":3},{""x"":1,""y"":3},{""x"":2,""y"":3},{""x"":3,""y"":3},{""x"":3,""y"":4},{""x"":4,""y"":4},{""x"":5,""y"":4},{""x"":5,""y"":5},{""x"":6,""y"":5},{""x"":6,""y"":6},{""x"":6,""y"":7},{""x"":7,""y"":7},{""x"":7,""y"":6},{""x"":7,""y"":5},{""x"":7,""y"":4},{""x"":6,""y"":4},{""x"":6,""y"":3},{""x"":7,""y"":3},{""x"":6,""y"":3},{""x"":5,""y"":3},{""x"":4,""y"":3},{""x"":5,""y"":3},{""x"":5,""y"":2},{""x"":6,""y"":2},{""x"":7,""y"":2}]"
gkar0vqeg3,"[{""x"":0,""y"":0},{""x"":1,""y"":0},{""x"":2,""y"":0},{""x"":3,""y"":0},{""x"":4,""y"":0},{""x"":4,""y"":1},{""x"":4,""y"":2},{""x"":3,""y"":2},{""x"":2,""y"":2},{""x"":2,""y"":3},{""x"":1,""y"":3},{""x"":0,""y"":3},{""x"":0,""y"":4},{""x"":1,""y"":4},{""x"":1,""y"":5},{""x"":0,""y"":5},{""x"":0,""y"":6},{""x"":1,""y"":6},{""x"":0,""y"":6},{""x"":0,""y"":7},{""x"":1,""y"":7},{""x"":2,""y"":7},{""x"":2,""y"":6},{""x"":3,""y"":6},{""x"":3,""y"":7},{""x"":3,""y"":6},{""x"":4,""y"":6},{""x"":3,""y"":6},{""x"":2,""y"":6},{""x"":1,""y"":6},{""x"":1,""y"":5},{""x"":1,""y"":4},{""x"":1,""y"":3},{""x"":2,""y"":3},{""x"":3,""y"":3},{""x"":4,""y"":3},{""x"":5,""y"":3},{""x"":5,""y"":2},{""x"":5,""y"":1},{""x"":5,""y"":0},{""x"":6,""y"":0},{""x"":6,""y"":1},{""x"":6,""y"":2},{""x"":7,""y"":2},{""x"":7,""y"":3},{""x"":6,""y"":3},{""x"":6,""y"":4},{""x"":5,""y"":4},{""x"":5,""y"":5},{""x"":5,""y"":4},{""x"":4,""y"":4},{""x"":3,""y"":4},{""x"":4,""y"":4},{""x"":5,""y"":4},{""x"":6,""y"":4},{""x"":7,""y"":4},{""x"":7,""y"":5},{""x"":7,""y"":6},{""x"":7,""y"":7},{""x"":6,""y"":7},{""x"":6,""y"":6},{""x"":6,""y"":5}]"
iw4lhtle80,"[{""x"":0,""y"":0},{""x"":1,""y"":0},{""x"":2,""y"":0},{""x"":3,""y"":0},{""x"":4,""y"":0},{""x"":4,""y"":1},{""x"":4,""y"":2},{""x"":4,""y"":3},{""x"":4,""y"":4},{""x"":3,""y"":4},{""x"":3,""y"":3},{""x"":3,""y"":2},{""x"":2,""y"":2},{""x"":2,""y"":3},{""x"":1,""y"":3},{""x"":0,""y"":3},{""x"":0,""y"":4},{""x"":0,""y"":5},{""x"":0,""y"":4},{""x"":1,""y"":4},{""x"":1,""y"":5},{""x"":0,""y"":5},{""x"":0,""y"":6},{""x"":1,""y"":6},{""x"":2,""y"":6},{""x"":3,""y"":6},{""x"":4,""y"":6},{""x"":3,""y"":6},{""x"":3,""y"":7},{""x"":2,""y"":7},{""x"":1,""y"":7},{""x"":0,""y"":7},{""x"":0,""y"":6},{""x"":0,""y"":5},{""x"":0,""y"":4},{""x"":0,""y"":3},{""x"":1,""y"":3},{""x"":2,""y"":3},{""x"":3,""y"":3},{""x"":4,""y"":3},{""x"":5,""y"":3},{""x"":5,""y"":4},{""x"":5,""y"":5},{""x"":6,""y"":5},{""x"":6,""y"":6},{""x"":6,""y"":7},{""x"":7,""y"":7},{""x"":7,""y"":6},{""x"":7,""y"":5},{""x"":7,""y"":4},{""x"":7,""y"":3},{""x"":7,""y"":2},{""x"":7,""y"":3},{""x"":7,""y"":4},{""x"":6,""y"":4},{""x"":6,""y"":3},{""x"":6,""y"":2},{""x"":6,""y"":1},{""x"":6,""y"":0},{""x"":5,""y"":0},{""x"":5,""y"":1},{""x"":5,""y"":2}]"
jkut0i9ayl,"[{""x"":0,""y"":0},{""x"":1,""y"":0},{""x"":2,""y"":0},{""x"":3,""y"":0},{""x"":4,""y"":0},{""x"":5,""y"":0},{""x"":6,""y"":0},{""x"":6,""y"":1},{""x"":5,""y"":1},{""x"":4,""y"":1},{""x"":4,""y"":2},{""x"":3,""y"":2},{""x"":2,""y"":2},{""x"":2,""y"":3},{""x"":1,""y"":3},{""x"":0,""y"":3},{""x"":0,""y"":4},{""x"":0,""y"":5},{""x"":0,""y"":6},{""x"":0,""y"":7},{""x"":0,""y"":6},{""x"":0,""y"":7},{""x"":1,""y"":7},{""x"":1,""y"":6},{""x"":1,""y"":5},{""x"":1,""y"":4},{""x"":1,""y"":5},{""x"":1,""y"":6},{""x"":1,""y"":7},{""x"":2,""y"":7},{""x"":3,""y"":7},{""x"":3,""y"":6},{""x"":4,""y"":6},{""x"":3,""y"":6},{""x"":2,""y"":6},{""x"":1,""y"":6},{""x"":1,""y"":5},{""x"":1,""y"":4},{""x"":1,""y"":3},{""x"":2,""y"":3},{""x"":3,""y"":3},{""x"":4,""y"":3},{""x"":5,""y"":3},{""x"":5,""y"":2},{""x"":6,""y"":2},{""x"":7,""y"":2},{""x"":7,""y"":3},{""x"":7,""y"":4},{""x"":7,""y"":5},{""x"":7,""y"":6},{""x"":7,""y"":7},{""x"":6,""y"":7},{""x"":6,""y"":6},{""x"":6,""y"":5},{""x"":6,""y"":4},{""x"":6,""y"":3},{""x"":6,""y"":4},{""x"":6,""y"":5},{""x"":5,""y"":5},{""x"":5,""y"":4},{""x"":4,""y"":4},{""x"":3,""y"":4}]"
bhvj9llm34,"[{""x"":0,""y"":0},{""x"":1,""y"":0},{""x"":2,""y"":0},{""x"":3,""y"":0},{""x"":4,""y"":0},{""x"":5,""y"":0},{""x"":6,""y"":0},{""x"":6,""y"":1},{""x"":5,""y"":1},{""x"":4,""y"":1},{""x"":4,""y"":2},{""x"":3,""y"":2},{""x"":2,""y"":2},{""x"":2,""y"":3},{""x"":1,""y"":3},{""x"":0,""y"":3},{""x"":0,""y"":4},{""x"":1,""y"":4},{""x"":1,""y"":5},{""x"":0,""y"":5},{""x"":0,""y"":6},{""x"":1,""y"":6},{""x"":2,""y"":6},{""x"":3,""y"":6},{""x"":4,""y"":6},{""x"":3,""y"":6},{""x"":3,""y"":7},{""x"":2,""y"":7},{""x"":1,""y"":7},{""x"":0,""y"":7},{""x"":0,""y"":6},{""x"":0,""y"":5},{""x"":0,""y"":4},{""x"":0,""y"":3},{""x"":1,""y"":3},{""x"":2,""y"":3},{""x"":3,""y"":3},{""x"":4,""y"":3},{""x"":4,""y"":2},{""x"":5,""y"":2},{""x"":6,""y"":2},{""x"":7,""y"":2},{""x"":7,""y"":3},{""x"":6,""y"":3},{""x"":5,""y"":3},{""x"":5,""y"":4},{""x"":4,""y"":4},{""x"":3,""y"":4},{""x"":4,""y"":4},{""x"":5,""y"":4},{""x"":6,""y"":4},{""x"":7,""y"":4},{""x"":7,""y"":5},{""x"":6,""y"":5},{""x"":5,""y"":5},{""x"":6,""y"":5},{""x"":7,""y"":5},{""x"":7,""y"":6},{""x"":6,""y"":6},{""x"":7,""y"":6},{""x"":7,""y"":7},{""x"":6,""y"":7}]"
3h6fc03cjy,"[{""x"":0,""y"":0},{""x"":1,""y"":0},{""x"":2,""y"":0},{""x"":3,""y"":0},{""x"":4,""y"":0},{""x"":5,""y"":0},{""x"":6,""y"":0},{""x"":6,""y"":1},{""x"":5,""y"":1},{""x"":4,""y"":1},{""x"":4,""y"":2},{""x"":3,""y"":2},{""x"":2,""y"":2},{""x"":3,""y"":2},{""x"":4,""y"":2},{""x"":5,""y"":2},{""x"":6,""y"":2},{""x"":7,""y"":2},{""x"":7,""y"":3},{""x"":7,""y"":4},{""x"":7,""y"":5},{""x"":7,""y"":6},{""x"":7,""y"":7},{""x"":6,""y"":7},{""x"":6,""y"":6},{""x"":6,""y"":5},{""x"":6,""y"":4},{""x"":6,""y"":3},{""x"":5,""y"":3},{""x"":5,""y"":4},{""x"":4,""y"":4},{""x"":3,""y"":4},{""x"":3,""y"":3},{""x"":4,""y"":3},{""x"":3,""y"":3},{""x"":2,""y"":3},{""x"":1,""y"":3},{""x"":0,""y"":3},{""x"":0,""y"":4},{""x"":1,""y"":4},{""x"":1,""y"":5},{""x"":0,""y"":5},{""x"":0,""y"":6},{""x"":0,""y"":7},{""x"":1,""y"":7},{""x"":1,""y"":6},{""x"":2,""y"":6},{""x"":2,""y"":7},{""x"":3,""y"":7},{""x"":3,""y"":6},{""x"":4,""y"":6},{""x"":3,""y"":6},{""x"":2,""y"":6},{""x"":1,""y"":6},{""x"":1,""y"":5},{""x"":1,""y"":4},{""x"":1,""y"":3},{""x"":2,""y"":3},{""x"":3,""y"":3},{""x"":4,""y"":3},{""x"":5,""y"":3},{""x"":5,""y"":4},{""x"":5,""y"":5}]"
qx8hef11vn,"[{""x"":0,""y"":0},{""x"":1,""y"":0},{""x"":2,""y"":0},{""x"":3,""y"":0},{""x"":4,""y"":0},{""x"":5,""y"":0},{""x"":6,""y"":0},{""x"":6,""y"":1},{""x"":5,""y"":1},{""x"":4,""y"":1},{""x"":4,""y"":2},{""x"":3,""y"":2},{""x"":2,""y"":2},{""x"":2,""y"":3},{""x"":1,""y"":3},{""x"":0,""y"":3},{""x"":0,""y"":4},{""x"":0,""y"":5},{""x"":0,""y"":6},{""x"":0,""y"":7},{""x"":1,""y"":7},{""x"":2,""y"":7},{""x"":3,""y"":7},{""x"":3,""y"":6},{""x"":2,""y"":6},{""x"":1,""y"":6},{""x"":1,""y"":5},{""x"":1,""y"":4},{""x"":1,""y"":3},{""x"":2,""y"":3},{""x"":3,""y"":3},{""x"":3,""y"":4},{""x"":4,""y"":4},{""x"":4,""y"":3},{""x"":4,""y"":2},{""x"":5,""y"":2},{""x"":6,""y"":2},{""x"":7,""y"":2},{""x"":7,""y"":3},{""x"":7,""y"":4},{""x"":7,""y"":5},{""x"":7,""y"":6},{""x"":7,""y"":7},{""x"":6,""y"":7},{""x"":6,""y"":6},{""x"":6,""y"":5},{""x"":6,""y"":4},{""x"":6,""y"":3},{""x"":5,""y"":3},{""x"":5,""y"":4},{""x"":5,""y"":5},{""x"":5,""y"":4},{""x"":5,""y"":3},{""x"":4,""y"":3},{""x"":3,""y"":3},{""x"":2,""y"":3},{""x"":1,""y"":3},{""x"":1,""y"":4},{""x"":1,""y"":5},{""x"":1,""y"":6},{""x"":2,""y"":6},{""x"":3,""y"":6},{""x"":4,""y"":6}]"
804220s925,"[{""x"":0,""y"":0},{""x"":1,""y"":0},{""x"":2,""y"":0},{""x"":3,""y"":0},{""x"":4,""y"":0},{""x"":5,""y"":0},{""x"":6,""y"":0},{""x"":6,""y"":1},{""x"":5,""y"":1},{""x"":4,""y"":1},{""x"":4,""y"":2},{""x"":3,""y"":2},{""x"":2,""y"":2},{""x"":2,""y"":3},{""x"":1,""y"":3},{""x"":0,""y"":3},{""x"":0,""y"":4},{""x"":1,""y"":4},{""x"":1,""y"":5},{""x"":0,""y"":5},{""x"":0,""y"":6},{""x"":1,""y"":6},{""x"":2,""y"":6},{""x"":3,""y"":6},{""x"":4,""y"":6},{""x"":3,""y"":6},{""x"":3,""y"":7},{""x"":2,""y"":7},{""x"":1,""y"":7},{""x"":0,""y"":7},{""x"":0,""y"":6},{""x"":0,""y"":5},{""x"":0,""y"":4},{""x"":0,""y"":3},{""x"":1,""y"":3},{""x"":2,""y"":3},{""x"":3,""y"":3},{""x"":4,""y"":3},{""x"":5,""y"":3},{""x"":6,""y"":3},{""x"":7,""y"":3},{""x"":7,""y"":2},{""x"":6,""y"":2},{""x"":5,""y"":2},{""x"":5,""y"":3},{""x"":5,""y"":4},{""x"":5,""y"":5},{""x"":6,""y"":5},{""x"":7,""y"":5},{""x"":7,""y"":4},{""x"":6,""y"":4},{""x"":5,""y"":4},{""x"":4,""y"":4},{""x"":3,""y"":4},{""x"":4,""y"":4},{""x"":5,""y"":4},{""x"":6,""y"":4},{""x"":7,""y"":4},{""x"":7,""y"":5},{""x"":7,""y"":6},{""x"":6,""y"":6},{""x"":6,""y"":7},{""x"":7,""y"":7}]"
ij5ufure7d,"[{""x"":0,""y"":0},{""x"":1,""y"":0},{""x"":2,""y"":0},{""x"":3,""y"":0},{""x"":4,""y"":0},{""x"":5,""y"":0},{""x"":6,""y"":0},{""x"":6,""y"":1},{""x"":5,""y"":1},{""x"":4,""y"":1},{""x"":4,""y"":2},{""x"":3,""y"":2},{""x"":2,""y"":2},{""x"":2,""y"":3},{""x"":3,""y"":3},{""x"":4,""y"":3},{""x"":5,""y"":3},{""x"":5,""y"":2},{""x"":6,""y"":2},{""x"":7,""y"":2},{""x"":7,""y"":3},{""x"":6,""y"":3},{""x"":6,""y"":4},{""x"":7,""y"":4},{""x"":7,""y"":5},{""x"":6,""y"":5},{""x"":5,""y"":5},{""x"":5,""y"":4},{""x"":4,""y"":4},{""x"":3,""y"":4},{""x"":3,""y"":3},{""x"":2,""y"":3},{""x"":1,""y"":3},{""x"":0,""y"":3},{""x"":0,""y"":4},{""x"":1,""y"":4},{""x"":1,""y"":5},{""x"":0,""y"":5},{""x"":0,""y"":6},{""x"":1,""y"":6},{""x"":2,""y"":6},{""x"":3,""y"":6},{""x"":4,""y"":6},{""x"":3,""y"":6},{""x"":3,""y"":7},{""x"":2,""y"":7},{""x"":1,""y"":7},{""x"":0,""y"":7},{""x"":0,""y"":6},{""x"":0,""y"":5},{""x"":0,""y"":4},{""x"":0,""y"":3},{""x"":1,""y"":3},{""x"":2,""y"":3},{""x"":3,""y"":3},{""x"":4,""y"":3},{""x"":5,""y"":3},{""x"":5,""y"":4},{""x"":5,""y"":5},{""x"":6,""y"":5},{""x"":6,""y"":6},{""x"":6,""y"":7},{""x"":7,""y"":7},{""x"":7,""y"":6}]"
p2c3mdphdl,"[{""x"":0,""y"":0},{""x"":1,""y"":0},{""x"":2,""y"":0},{""x"":3,""y"":0},{""x"":4,""y"":0},{""x"":5,""y"":0},{""x"":6,""y"":0},{""x"":6,""y"":1},{""x"":5,""y"":1},{""x"":4,""y"":1},{""x"":4,""y"":2},{""x"":3,""y"":2},{""x"":2,""y"":2},{""x"":2,""y"":3},{""x"":1,""y"":3},{""x"":0,""y"":3},{""x"":0,""y"":4},{""x"":1,""y"":4},{""x"":0,""y"":4},{""x"":0,""y"":5},{""x"":0,""y"":6},{""x"":0,""y"":7},{""x"":1,""y"":7},{""x"":1,""y"":6},{""x"":1,""y"":5},{""x"":1,""y"":6},{""x"":1,""y"":7},{""x"":2,""y"":7},{""x"":3,""y"":7},{""x"":2,""y"":7},{""x"":2,""y"":6},{""x"":3,""y"":6},{""x"":4,""y"":6},{""x"":3,""y"":6},{""x"":2,""y"":6},{""x"":1,""y"":6},{""x"":1,""y"":5},{""x"":1,""y"":4},{""x"":1,""y"":3},{""x"":2,""y"":3},{""x"":2,""y"":2},{""x"":3,""y"":2},{""x"":4,""y"":2},{""x"":5,""y"":2},{""x"":6,""y"":2},{""x"":7,""y"":2},{""x"":7,""y"":3},{""x"":6,""y"":3},{""x"":5,""y"":3},{""x"":4,""y"":3},{""x"":3,""y"":3},{""x"":3,""y"":4},{""x"":4,""y"":4},{""x"":5,""y"":4},{""x"":6,""y"":4},{""x"":7,""y"":4},{""x"":7,""y"":5},{""x"":6,""y"":5},{""x"":5,""y"":5},{""x"":6,""y"":5},{""x"":6,""y"":6},{""x"":7,""y"":6},{""x"":7,""y"":7},{""x"":6,""y"":7}]"
pw4y7qalud,"[{""x"":0,""y"":0},{""x"":1,""y"":0},{""x"":2,""y"":0},{""x"":3,""y"":0},{""x"":4,""y"":0},{""x"":5,""y"":0},{""x"":6,""y"":0},{""x"":6,""y"":1},{""x"":5,""y"":1},{""x"":4,""y"":1},{""x"":4,""y"":2},{""x"":3,""y"":2},{""x"":2,""y"":2},{""x"":2,""y"":3},{""x"":1,""y"":3},{""x"":0,""y"":3},{""x"":0,""y"":4},{""x"":0,""y"":5},{""x"":0,""y"":4},{""x"":1,""y"":4},{""x"":1,""y"":5},{""x"":0,""y"":5},{""x"":0,""y"":6},{""x"":1,""y"":6},{""x"":0,""y"":6},{""x"":0,""y"":7},{""x"":1,""y"":7},{""x"":2,""y"":7},{""x"":2,""y"":6},{""x"":3,""y"":6},{""x"":3,""y"":7},{""x"":3,""y"":6},{""x"":4,""y"":6},{""x"":3,""y"":6},{""x"":2,""y"":6},{""x"":1,""y"":6},{""x"":0,""y"":6},{""x"":0,""y"":5},{""x"":0,""y"":4},{""x"":0,""y"":3},{""x"":1,""y"":3},{""x"":2,""y"":3},{""x"":3,""y"":3},{""x"":4,""y"":3},{""x"":3,""y"":3},{""x"":3,""y"":4},{""x"":4,""y"":4},{""x"":5,""y"":4},{""x"":5,""y"":5},{""x"":6,""y"":5},{""x"":6,""y"":6},{""x"":6,""y"":7},{""x"":7,""y"":7},{""x"":7,""y"":6},{""x"":7,""y"":5},{""x"":7,""y"":4},{""x"":7,""y"":3},{""x"":7,""y"":4},{""x"":6,""y"":4},{""x"":6,""y"":3},{""x"":5,""y"":3},{""x"":5,""y"":2},{""x"":6,""y"":2},{""x"":7,""y"":2}]"
aejt6ji0j3,"[{""x"":0,""y"":0},{""x"":1,""y"":0},{""x"":2,""y"":0},{""x"":3,""y"":0},{""x"":4,""y"":0},{""x"":5,""y"":0},{""x"":6,""y"":0},{""x"":6,""y"":1},{""x"":6,""y"":2},{""x"":7,""y"":2},{""x"":7,""y"":3},{""x"":7,""y"":4},{""x"":7,""y"":5},{""x"":7,""y"":6},{""x"":7,""y"":7},{""x"":6,""y"":7},{""x"":6,""y"":6},{""x"":6,""y"":5},{""x"":6,""y"":4},{""x"":6,""y"":5},{""x"":5,""y"":5},{""x"":5,""y"":4},{""x"":5,""y"":3},{""x"":6,""y"":3},{""x"":6,""y"":2},{""x"":6,""y"":1},{""x"":5,""y"":1},{""x"":4,""y"":1},{""x"":4,""y"":2},{""x"":5,""y"":2},{""x"":4,""y"":2},{""x"":3,""y"":2},{""x"":2,""y"":2},{""x"":2,""y"":3},{""x"":1,""y"":3},{""x"":0,""y"":3},{""x"":0,""y"":4},{""x"":0,""y"":5},{""x"":0,""y"":6},{""x"":0,""y"":7},{""x"":1,""y"":7},{""x"":1,""y"":6},{""x"":1,""y"":5},{""x"":1,""y"":4},{""x"":1,""y"":3},{""x"":2,""y"":3},{""x"":3,""y"":3},{""x"":3,""y"":4},{""x"":4,""y"":4},{""x"":4,""y"":3},{""x"":3,""y"":3},{""x"":2,""y"":3},{""x"":1,""y"":3},{""x"":0,""y"":3},{""x"":0,""y"":4},{""x"":0,""y"":5},{""x"":0,""y"":6},{""x"":1,""y"":6},{""x"":2,""y"":6},{""x"":3,""y"":6},{""x"":4,""y"":6},{""x"":3,""y"":6},{""x"":2,""y"":6},{""x"":2,""y"":7},{""x"":3,""y"":7}]"
3vctamqkcv,"[{""x"":0,""y"":0},{""x"":1,""y"":0},{""x"":2,""y"":0},{""x"":3,""y"":0},{""x"":4,""y"":0},{""x"":5,""y"":0},{""x"":6,""y"":0},{""x"":6,""y"":1},{""x"":6,""y"":2},{""x"":7,""y"":2},{""x"":7,""y"":3},{""x"":7,""y"":4},{""x"":7,""y"":5},{""x"":7,""y"":6},{""x"":7,""y"":7},{""x"":6,""y"":7},{""x"":6,""y"":6},{""x"":6,""y"":5},{""x"":5,""y"":5},{""x"":6,""y"":5},{""x"":5,""y"":5},{""x"":5,""y"":4},{""x"":4,""y"":4},{""x"":3,""y"":4},{""x"":3,""y"":3},{""x"":2,""y"":3},{""x"":1,""y"":3},{""x"":1,""y"":4},{""x"":1,""y"":5},{""x"":1,""y"":6},{""x"":2,""y"":6},{""x"":3,""y"":6},{""x"":4,""y"":6},{""x"":3,""y"":6},{""x"":3,""y"":7},{""x"":2,""y"":7},{""x"":1,""y"":7},{""x"":0,""y"":7},{""x"":1,""y"":7},{""x"":2,""y"":7},{""x"":2,""y"":6},{""x"":1,""y"":6},{""x"":0,""y"":6},{""x"":0,""y"":5},{""x"":0,""y"":4},{""x"":0,""y"":3},{""x"":1,""y"":3},{""x"":2,""y"":3},{""x"":3,""y"":3},{""x"":4,""y"":3},{""x"":5,""y"":3},{""x"":6,""y"":3},{""x"":6,""y"":4},{""x"":6,""y"":3},{""x"":7,""y"":3},{""x"":7,""y"":2},{""x"":6,""y"":2},{""x"":5,""y"":2},{""x"":4,""y"":2},{""x"":3,""y"":2},{""x"":2,""y"":2},{""x"":3,""y"":2},{""x"":4,""y"":2},{""x"":4,""y"":1},{""x"":5,""y"":1}]"
ab1j38p760,"[{""x"":0,""y"":0},{""x"":1,""y"":0},{""x"":2,""y"":0},{""x"":3,""y"":0},{""x"":4,""y"":0},{""x"":5,""y"":0},{""x"":6,""y"":0},{""x"":6,""y"":1},{""x"":6,""y"":2},{""x"":7,""y"":2},{""x"":7,""y"":3},{""x"":7,""y"":4},{""x"":7,""y"":5},{""x"":7,""y"":6},{""x"":7,""y"":7},{""x"":6,""y"":7},{""x"":6,""y"":6},{""x"":6,""y"":5},{""x"":5,""y"":5},{""x"":5,""y"":4},{""x"":6,""y"":4},{""x"":6,""y"":3},{""x"":5,""y"":3},{""x"":5,""y"":2},{""x"":4,""y"":2},{""x"":4,""y"":3},{""x"":4,""y"":4},{""x"":3,""y"":4},{""x"":3,""y"":3},{""x"":2,""y"":3},{""x"":1,""y"":3},{""x"":0,""y"":3},{""x"":0,""y"":4},{""x"":0,""y"":5},{""x"":0,""y"":6},{""x"":0,""y"":7},{""x"":1,""y"":7},{""x"":2,""y"":7},{""x"":3,""y"":7},{""x"":3,""y"":6},{""x"":2,""y"":6},{""x"":1,""y"":6},{""x"":1,""y"":5},{""x"":1,""y"":4},{""x"":1,""y"":3},{""x"":2,""y"":3},{""x"":2,""y"":2},{""x"":3,""y"":2},{""x"":4,""y"":2},{""x"":4,""y"":1},{""x"":5,""y"":1},{""x"":5,""y"":2},{""x"":5,""y"":3},{""x"":4,""y"":3},{""x"":3,""y"":3},{""x"":2,""y"":3},{""x"":1,""y"":3},{""x"":1,""y"":4},{""x"":1,""y"":5},{""x"":1,""y"":6},{""x"":1,""y"":7},{""x"":2,""y"":7},{""x"":3,""y"":7},{""x"":3,""y"":6},{""x"":4,""y"":6}]"
ei1l8ioccl,"[{""x"":0,""y"":0},{""x"":1,""y"":0},{""x"":2,""y"":0},{""x"":3,""y"":0},{""x"":4,""y"":0},{""x"":5,""y"":0},{""x"":6,""y"":0},{""x"":6,""y"":1},{""x"":5,""y"":1},{""x"":4,""y"":1},{""x"":4,""y"":2},{""x"":3,""y"":2},{""x"":2,""y"":2},{""x"":2,""y"":3},{""x"":1,""y"":3},{""x"":0,""y"":3},{""x"":0,""y"":4},{""x"":1,""y"":4},{""x"":1,""y"":5},{""x"":0,""y"":5},{""x"":0,""y"":6},{""x"":1,""y"":6},{""x"":2,""y"":6},{""x"":3,""y"":6},{""x"":3,""y"":7},{""x"":2,""y"":7},{""x"":1,""y"":7},{""x"":2,""y"":7},{""x"":3,""y"":7},{""x"":3,""y"":6},{""x"":4,""y"":6},{""x"":3,""y"":6},{""x"":2,""y"":6},{""x"":1,""y"":6},{""x"":0,""y"":6},{""x"":0,""y"":7},{""x"":0,""y"":6},{""x"":0,""y"":5},{""x"":0,""y"":4},{""x"":0,""y"":3},{""x"":1,""y"":3},{""x"":2,""y"":3},{""x"":3,""y"":3},{""x"":4,""y"":3},{""x"":4,""y"":2},{""x"":5,""y"":2},{""x"":6,""y"":2},{""x"":7,""y"":2},{""x"":7,""y"":3},{""x"":6,""y"":3},{""x"":5,""y"":3},{""x"":5,""y"":4},{""x"":4,""y"":4},{""x"":3,""y"":4},{""x"":4,""y"":4},{""x"":5,""y"":4},{""x"":6,""y"":4},{""x"":7,""y"":4},{""x"":7,""y"":5},{""x"":6,""y"":5},{""x"":5,""y"":5},{""x"":6,""y"":5},{""x"":6,""y"":6},{""x"":7,""y"":6},{""x"":7,""y"":7},{""x"":6,""y"":7}]"
86jodl6v87,"[{""x"":0,""y"":0},{""x"":1,""y"":0},{""x"":2,""y"":0},{""x"":3,""y"":0},{""x"":4,""y"":0},{""x"":5,""y"":0},{""x"":6,""y"":0},{""x"":6,""y"":1},{""x"":6,""y"":2},{""x"":6,""y"":3},{""x"":6,""y"":4},{""x"":6,""y"":5},{""x"":6,""y"":6},{""x"":6,""y"":7},{""x"":7,""y"":7},{""x"":7,""y"":6},{""x"":7,""y"":5},{""x"":7,""y"":4},{""x"":7,""y"":3},{""x"":7,""y"":2},{""x"":6,""y"":2},{""x"":5,""y"":2},{""x"":4,""y"":2},{""x"":3,""y"":2},{""x"":2,""y"":2},{""x"":2,""y"":3},{""x"":1,""y"":3},{""x"":1,""y"":4},{""x"":1,""y"":5},{""x"":1,""y"":6},{""x"":1,""y"":7},{""x"":0,""y"":7},{""x"":0,""y"":6},{""x"":0,""y"":5},{""x"":0,""y"":4},{""x"":0,""y"":3},{""x"":0,""y"":4},{""x"":0,""y"":5},{""x"":0,""y"":6},{""x"":0,""y"":7},{""x"":1,""y"":7},{""x"":2,""y"":7},{""x"":3,""y"":7},{""x"":3,""y"":6},{""x"":2,""y"":6},{""x"":3,""y"":6},{""x"":4,""y"":6},{""x"":3,""y"":6},{""x"":2,""y"":6},{""x"":1,""y"":6},{""x"":1,""y"":5},{""x"":1,""y"":4},{""x"":1,""y"":3},{""x"":2,""y"":3},{""x"":3,""y"":3},{""x"":4,""y"":3},{""x"":5,""y"":3},{""x"":5,""y"":4},{""x"":5,""y"":5},{""x"":5,""y"":4},{""x"":4,""y"":4},{""x"":3,""y"":4},{""x"":3,""y"":3},{""x"":3,""y"":2},{""x"":4,""y"":2},{""x"":4,""y"":1},{""x"":5,""y"":1}]"
7w8ikye580,"[{""x"":0,""y"":0},{""x"":1,""y"":0},{""x"":2,""y"":0},{""x"":3,""y"":0},{""x"":4,""y"":0},{""x"":5,""y"":0},{""x"":6,""y"":0},{""x"":6,""y"":1},{""x"":6,""y"":2},{""x"":7,""y"":2},{""x"":7,""y"":3},{""x"":7,""y"":4},{""x"":7,""y"":5},{""x"":7,""y"":6},{""x"":7,""y"":7},{""x"":6,""y"":7},{""x"":6,""y"":6},{""x"":6,""y"":5},{""x"":6,""y"":4},{""x"":6,""y"":3},{""x"":5,""y"":3},{""x"":5,""y"":4},{""x"":5,""y"":5},{""x"":5,""y"":4},{""x"":4,""y"":4},{""x"":3,""y"":4},{""x"":3,""y"":3},{""x"":2,""y"":3},{""x"":1,""y"":3},{""x"":0,""y"":3},{""x"":0,""y"":4},{""x"":0,""y"":5},{""x"":0,""y"":6},{""x"":0,""y"":7},{""x"":1,""y"":7},{""x"":2,""y"":7},{""x"":3,""y"":7},{""x"":3,""y"":6},{""x"":2,""y"":6},{""x"":1,""y"":6},{""x"":1,""y"":5},{""x"":1,""y"":4},{""x"":1,""y"":3},{""x"":2,""y"":3},{""x"":3,""y"":3},{""x"":3,""y"":2},{""x"":2,""y"":2},{""x"":3,""y"":2},{""x"":4,""y"":2},{""x"":4,""y"":3},{""x"":4,""y"":2},{""x"":5,""y"":2},{""x"":5,""y"":1},{""x"":4,""y"":1},{""x"":4,""y"":2},{""x"":4,""y"":3},{""x"":4,""y"":4},{""x"":4,""y"":3},{""x"":3,""y"":3},{""x"":2,""y"":3},{""x"":1,""y"":3},{""x"":1,""y"":4},{""x"":1,""y"":5},{""x"":1,""y"":6},{""x"":2,""y"":6},{""x"":3,""y"":6},{""x"":4,""y"":6}]"
n0yyy4dhko,"[{""x"":0,""y"":0},{""x"":1,""y"":0},{""x"":2,""y"":0},{""x"":3,""y"":0},{""x"":4,""y"":0},{""x"":5,""y"":0},{""x"":6,""y"":0},{""x"":6,""y"":1},{""x"":5,""y"":1},{""x"":4,""y"":1},{""x"":4,""y"":2},{""x"":3,""y"":2},{""x"":2,""y"":2},{""x"":3,""y"":2},{""x"":4,""y"":2},{""x"":5,""y"":2},{""x"":6,""y"":2},{""x"":7,""y"":2},{""x"":7,""y"":3},{""x"":6,""y"":3},{""x"":5,""y"":3},{""x"":4,""y"":3},{""x"":3,""y"":3},{""x"":2,""y"":3},{""x"":1,""y"":3},{""x"":0,""y"":3},{""x"":1,""y"":3},{""x"":2,""y"":3},{""x"":3,""y"":3},{""x"":3,""y"":4},{""x"":4,""y"":4},{""x"":5,""y"":4},{""x"":6,""y"":4},{""x"":7,""y"":4},{""x"":7,""y"":5},{""x"":6,""y"":5},{""x"":5,""y"":5},{""x"":6,""y"":5},{""x"":6,""y"":6},{""x"":7,""y"":6},{""x"":7,""y"":7},{""x"":6,""y"":7},{""x"":6,""y"":6},{""x"":6,""y"":5},{""x"":6,""y"":4},{""x"":6,""y"":3},{""x"":5,""y"":3},{""x"":4,""y"":3},{""x"":3,""y"":3},{""x"":2,""y"":3},{""x"":1,""y"":3},{""x"":0,""y"":3},{""x"":0,""y"":4},{""x"":1,""y"":4},{""x"":0,""y"":4},{""x"":0,""y"":5},{""x"":1,""y"":5},{""x"":0,""y"":5},{""x"":0,""y"":6},{""x"":1,""y"":6},{""x"":2,""y"":6},{""x"":3,""y"":6},{""x"":4,""y"":6},{""x"":3,""y"":6},{""x"":3,""y"":7},{""x"":2,""y"":7},{""x"":1,""y"":7},{""x"":0,""y"":7}]"
ks3vgzr2k7,"[{""x"":0,""y"":0},{""x"":1,""y"":0},{""x"":2,""y"":0},{""x"":3,""y"":0},{""x"":4,""y"":0},{""x"":4,""y"":1},{""x"":4,""y"":2},{""x"":3,""y"":2},{""x"":2,""y"":2},{""x"":2,""y"":3},{""x"":1,""y"":3},{""x"":0,""y"":3},{""x"":0,""y"":4},{""x"":0,""y"":5},{""x"":0,""y"":6},{""x"":0,""y"":7},{""x"":1,""y"":7},{""x"":1,""y"":6},{""x"":2,""y"":6},{""x"":2,""y"":7},{""x"":3,""y"":7},{""x"":3,""y"":6},{""x"":4,""y"":6},{""x"":3,""y"":6},{""x"":2,""y"":6},{""x"":1,""y"":6},{""x"":0,""y"":6},{""x"":0,""y"":5},{""x"":0,""y"":4},{""x"":1,""y"":4},{""x"":1,""y"":5},{""x"":1,""y"":4},{""x"":1,""y"":3},{""x"":2,""y"":3},{""x"":3,""y"":3},{""x"":3,""y"":4},{""x"":4,""y"":4},{""x"":5,""y"":4},{""x"":6,""y"":4},{""x"":7,""y"":4},{""x"":7,""y"":3},{""x"":7,""y"":2},{""x"":6,""y"":2},{""x"":5,""y"":2},{""x"":4,""y"":2},{""x"":4,""y"":1},{""x"":4,""y"":0},{""x"":5,""y"":0},{""x"":6,""y"":0},{""x"":6,""y"":1},{""x"":6,""y"":2},{""x"":5,""y"":2},{""x"":4,""y"":2},{""x"":4,""y"":1},{""x"":5,""y"":1},{""x"":5,""y"":2},{""x"":5,""y"":3},{""x"":4,""y"":3},{""x"":5,""y"":3},{""x"":6,""y"":3},{""x"":6,""y"":4},{""x"":6,""y"":5},{""x"":5,""y"":5},{""x"":6,""y"":5},{""x"":7,""y"":5},{""x"":7,""y"":6},{""x"":7,""y"":7},{""x"":6,""y"":7},{""x"":6,""y"":6}]"
j32e2p0gft,"[{""x"":0,""y"":0},{""x"":1,""y"":0},{""x"":2,""y"":0},{""x"":3,""y"":0},{""x"":4,""y"":0},{""x"":5,""y"":0},{""x"":6,""y"":0},{""x"":6,""y"":1},{""x"":5,""y"":1},{""x"":4,""y"":1},{""x"":4,""y"":2},{""x"":4,""y"":3},{""x"":4,""y"":4},{""x"":5,""y"":4},{""x"":5,""y"":3},{""x"":5,""y"":2},{""x"":6,""y"":2},{""x"":6,""y"":3},{""x"":6,""y"":4},{""x"":7,""y"":4},{""x"":7,""y"":3},{""x"":7,""y"":2},{""x"":6,""y"":2},{""x"":5,""y"":2},{""x"":4,""y"":2},{""x"":3,""y"":2},{""x"":2,""y"":2},{""x"":2,""y"":3},{""x"":3,""y"":3},{""x"":3,""y"":4},{""x"":3,""y"":3},{""x"":2,""y"":3},{""x"":1,""y"":3},{""x"":0,""y"":3},{""x"":0,""y"":4},{""x"":1,""y"":4},{""x"":1,""y"":5},{""x"":0,""y"":5},{""x"":0,""y"":6},{""x"":0,""y"":7},{""x"":1,""y"":7},{""x"":1,""y"":6},{""x"":2,""y"":6},{""x"":3,""y"":6},{""x"":4,""y"":6},{""x"":3,""y"":6},{""x"":2,""y"":6},{""x"":2,""y"":7},{""x"":3,""y"":7},{""x"":3,""y"":6},{""x"":4,""y"":6},{""x"":3,""y"":6},{""x"":2,""y"":6},{""x"":1,""y"":6},{""x"":1,""y"":5},{""x"":1,""y"":4},{""x"":1,""y"":3},{""x"":2,""y"":3},{""x"":3,""y"":3},{""x"":4,""y"":3},{""x"":5,""y"":3},{""x"":5,""y"":4},{""x"":5,""y"":5},{""x"":6,""y"":5},{""x"":7,""y"":5},{""x"":7,""y"":6},{""x"":6,""y"":6},{""x"":6,""y"":7},{""x"":7,""y"":7}]"
67uu6c9g81,"[{""x"":0,""y"":0},{""x"":1,""y"":0},{""x"":2,""y"":0},{""x"":3,""y"":0},{""x"":4,""y"":0},{""x"":5,""y"":0},{""x"":6,""y"":0},{""x"":6,""y"":1},{""x"":5,""y"":1},{""x"":4,""y"":1},{""x"":4,""y"":2},{""x"":3,""y"":2},{""x"":2,""y"":2},{""x"":3,""y"":2},{""x"":4,""y"":2},{""x"":5,""y"":2},{""x"":6,""y"":2},{""x"":7,""y"":2},{""x"":7,""y"":3},{""x"":6,""y"":3},{""x"":5,""y"":3},{""x"":4,""y"":3},{""x"":3,""y"":3},{""x"":2,""y"":3},{""x"":1,""y"":3},{""x"":0,""y"":3},{""x"":0,""y"":4},{""x"":1,""y"":4},{""x"":1,""y"":3},{""x"":2,""y"":3},{""x"":3,""y"":3},{""x"":3,""y"":4},{""x"":4,""y"":4},{""x"":5,""y"":4},{""x"":6,""y"":4},{""x"":7,""y"":4},{""x"":7,""y"":5},{""x"":6,""y"":5},{""x"":5,""y"":5},{""x"":6,""y"":5},{""x"":7,""y"":5},{""x"":7,""y"":6},{""x"":6,""y"":6},{""x"":7,""y"":6},{""x"":7,""y"":7},{""x"":6,""y"":7},{""x"":6,""y"":6},{""x"":6,""y"":5},{""x"":5,""y"":5},{""x"":5,""y"":4},{""x"":4,""y"":4},{""x"":3,""y"":4},{""x"":3,""y"":3},{""x"":2,""y"":3},{""x"":1,""y"":3},{""x"":0,""y"":3},{""x"":0,""y"":4},{""x"":0,""y"":5},{""x"":1,""y"":5},{""x"":0,""y"":5},{""x"":0,""y"":6},{""x"":1,""y"":6},{""x"":2,""y"":6},{""x"":3,""y"":6},{""x"":4,""y"":6},{""x"":3,""y"":6},{""x"":3,""y"":7},{""x"":2,""y"":7},{""x"":1,""y"":7},{""x"":0,""y"":7}]"
v0hfi1fbmn,"[{""x"":0,""y"":0},{""x"":1,""y"":0},{""x"":2,""y"":0},{""x"":3,""y"":0},{""x"":4,""y"":0},{""x"":5,""y"":0},{""x"":6,""y"":0},{""x"":6,""y"":1},{""x"":6,""y"":2},{""x"":7,""y"":2},{""x"":7,""y"":3},{""x"":7,""y"":4},{""x"":7,""y"":5},{""x"":7,""y"":6},{""x"":7,""y"":7},{""x"":6,""y"":7},{""x"":6,""y"":6},{""x"":6,""y"":5},{""x"":6,""y"":4},{""x"":6,""y"":3},{""x"":6,""y"":2},{""x"":6,""y"":1},{""x"":6,""y"":0},{""x"":5,""y"":0},{""x"":5,""y"":1},{""x"":4,""y"":1},{""x"":4,""y"":2},{""x"":5,""y"":2},{""x"":5,""y"":3},{""x"":5,""y"":4},{""x"":4,""y"":4},{""x"":4,""y"":3},{""x"":3,""y"":3},{""x"":2,""y"":3},{""x"":2,""y"":2},{""x"":3,""y"":2},{""x"":2,""y"":2},{""x"":2,""y"":3},{""x"":1,""y"":3},{""x"":0,""y"":3},{""x"":0,""y"":4},{""x"":1,""y"":4},{""x"":0,""y"":4},{""x"":0,""y"":5},{""x"":0,""y"":6},{""x"":0,""y"":7},{""x"":1,""y"":7},{""x"":1,""y"":6},{""x"":1,""y"":5},{""x"":1,""y"":6},{""x"":2,""y"":6},{""x"":3,""y"":6},{""x"":4,""y"":6},{""x"":3,""y"":6},{""x"":2,""y"":6},{""x"":2,""y"":7},{""x"":3,""y"":7},{""x"":2,""y"":7},{""x"":1,""y"":7},{""x"":0,""y"":7},{""x"":0,""y"":6},{""x"":0,""y"":5},{""x"":0,""y"":4},{""x"":0,""y"":3},{""x"":1,""y"":3},{""x"":2,""y"":3},{""x"":3,""y"":3},{""x"":3,""y"":4},{""x"":4,""y"":4},{""x"":5,""y"":4},{""x"":5,""y"":5}]"
yzl6q1yo5s,"[{""x"":0,""y"":0},{""x"":1,""y"":0},{""x"":2,""y"":0},{""x"":3,""y"":0},{""x"":4,""y"":0},{""x"":5,""y"":0},{""x"":6,""y"":0},{""x"":6,""y"":1},{""x"":5,""y"":1},{""x"":4,""y"":1},{""x"":4,""y"":2},{""x"":3,""y"":2},{""x"":2,""y"":2},{""x"":2,""y"":3},{""x"":1,""y"":3},{""x"":0,""y"":3},{""x"":0,""y"":4},{""x"":0,""y"":5},{""x"":0,""y"":6},{""x"":0,""y"":7},{""x"":1,""y"":7},{""x"":2,""y"":7},{""x"":3,""y"":7},{""x"":3,""y"":6},{""x"":2,""y"":6},{""x"":1,""y"":6},{""x"":0,""y"":6},{""x"":1,""y"":6},{""x"":1,""y"":5},{""x"":1,""y"":4},{""x"":1,""y"":3},{""x"":2,""y"":3},{""x"":3,""y"":3},{""x"":4,""y"":3},{""x"":5,""y"":3},{""x"":6,""y"":3},{""x"":7,""y"":3},{""x"":7,""y"":2},{""x"":6,""y"":2},{""x"":5,""y"":2},{""x"":5,""y"":3},{""x"":6,""y"":3},{""x"":7,""y"":3},{""x"":7,""y"":4},{""x"":7,""y"":5},{""x"":7,""y"":6},{""x"":7,""y"":7},{""x"":6,""y"":7},{""x"":6,""y"":6},{""x"":6,""y"":5},{""x"":6,""y"":4},{""x"":5,""y"":4},{""x"":4,""y"":4},{""x"":3,""y"":4},{""x"":4,""y"":4},{""x"":5,""y"":4},{""x"":5,""y"":5},{""x"":6,""y"":5},{""x"":6,""y"":4},{""x"":6,""y"":3},{""x"":5,""y"":3},{""x"":4,""y"":3},{""x"":3,""y"":3},{""x"":2,""y"":3},{""x"":1,""y"":3},{""x"":0,""y"":3},{""x"":1,""y"":3},{""x"":1,""y"":4},{""x"":1,""y"":5},{""x"":1,""y"":6},{""x"":2,""y"":6},{""x"":3,""y"":6},{""x"":4,""y"":6}]"
mul1gd9fnp,"[{""x"":0,""y"":0},{""x"":1,""y"":0},{""x"":2,""y"":0},{""x"":3,""y"":0},{""x"":4,""y"":0},{""x"":5,""y"":0},{""x"":6,""y"":0},{""x"":6,""y"":1},{""x"":5,""y"":1},{""x"":4,""y"":1},{""x"":5,""y"":1},{""x"":6,""y"":1},{""x"":6,""y"":2},{""x"":7,""y"":2},{""x"":6,""y"":2},{""x"":5,""y"":2},{""x"":4,""y"":2},{""x"":3,""y"":2},{""x"":2,""y"":2},{""x"":2,""y"":3},{""x"":1,""y"":3},{""x"":0,""y"":3},{""x"":1,""y"":3},{""x"":2,""y"":3},{""x"":3,""y"":3},{""x"":4,""y"":3},{""x"":5,""y"":3},{""x"":6,""y"":3},{""x"":7,""y"":3},{""x"":7,""y"":4},{""x"":6,""y"":4},{""x"":5,""y"":4},{""x"":4,""y"":4},{""x"":3,""y"":4},{""x"":3,""y"":3},{""x"":2,""y"":3},{""x"":1,""y"":3},{""x"":1,""y"":4},{""x"":0,""y"":4},{""x"":0,""y"":5},{""x"":1,""y"":5},{""x"":1,""y"":6},{""x"":0,""y"":6},{""x"":1,""y"":6},{""x"":2,""y"":6},{""x"":3,""y"":6},{""x"":4,""y"":6},{""x"":3,""y"":6},{""x"":2,""y"":6},{""x"":1,""y"":6},{""x"":0,""y"":6},{""x"":0,""y"":7},{""x"":1,""y"":7},{""x"":2,""y"":7},{""x"":3,""y"":7},{""x"":2,""y"":7},{""x"":1,""y"":7},{""x"":0,""y"":7},{""x"":0,""y"":6},{""x"":0,""y"":5},{""x"":0,""y"":4},{""x"":0,""y"":3},{""x"":1,""y"":3},{""x"":2,""y"":3},{""x"":3,""y"":3},{""x"":4,""y"":3},{""x"":5,""y"":3},{""x"":5,""y"":4},{""x"":5,""y"":5},{""x"":6,""y"":5},{""x"":7,""y"":5},{""x"":7,""y"":6},{""x"":7,""y"":7},{""x"":6,""y"":7},{""x"":6,""y"":6}]"
tovx7jllp0,"[{""x"":0,""y"":0},{""x"":1,""y"":0},{""x"":2,""y"":0},{""x"":3,""y"":0},{""x"":4,""y"":0},{""x"":5,""y"":0},{""x"":6,""y"":0},{""x"":5,""y"":0},{""x"":6,""y"":0},{""x"":6,""y"":1},{""x"":6,""y"":2},{""x"":6,""y"":3},{""x"":6,""y"":4},{""x"":6,""y"":5},{""x"":6,""y"":6},{""x"":6,""y"":7},{""x"":7,""y"":7},{""x"":7,""y"":6},{""x"":7,""y"":5},{""x"":7,""y"":4},{""x"":7,""y"":3},{""x"":7,""y"":2},{""x"":6,""y"":2},{""x"":5,""y"":2},{""x"":4,""y"":2},{""x"":3,""y"":2},{""x"":2,""y"":2},{""x"":2,""y"":3},{""x"":1,""y"":3},{""x"":0,""y"":3},{""x"":0,""y"":4},{""x"":0,""y"":5},{""x"":0,""y"":6},{""x"":0,""y"":7},{""x"":1,""y"":7},{""x"":2,""y"":7},{""x"":3,""y"":7},{""x"":3,""y"":6},{""x"":2,""y"":6},{""x"":1,""y"":6},{""x"":0,""y"":6},{""x"":1,""y"":6},{""x"":1,""y"":5},{""x"":1,""y"":4},{""x"":1,""y"":3},{""x"":2,""y"":3},{""x"":3,""y"":3},{""x"":4,""y"":3},{""x"":5,""y"":3},{""x"":6,""y"":3},{""x"":7,""y"":3},{""x"":6,""y"":3},{""x"":5,""y"":3},{""x"":5,""y"":4},{""x"":5,""y"":5},{""x"":5,""y"":4},{""x"":4,""y"":4},{""x"":3,""y"":4},{""x"":3,""y"":3},{""x"":3,""y"":2},{""x"":4,""y"":2},{""x"":4,""y"":1},{""x"":5,""y"":1},{""x"":5,""y"":2},{""x"":5,""y"":3},{""x"":4,""y"":3},{""x"":3,""y"":3},{""x"":2,""y"":3},{""x"":1,""y"":3},{""x"":0,""y"":3},{""x"":0,""y"":4},{""x"":0,""y"":5},{""x"":0,""y"":6},{""x"":1,""y"":6},{""x"":2,""y"":6},{""x"":3,""y"":6},{""x"":4,""y"":6}]"
di18was1k2,"[{""x"":0,""y"":0},{""x"":1,""y"":0},{""x"":2,""y"":0},{""x"":3,""y"":0},{""x"":4,""y"":0},{""x"":5,""y"":0},{""x"":6,""y"":0},{""x"":6,""y"":1},{""x"":5,""y"":1},{""x"":4,""y"":1},{""x"":4,""y"":2},{""x"":3,""y"":2},{""x"":2,""y"":2},{""x"":2,""y"":3},{""x"":1,""y"":3},{""x"":0,""y"":3},{""x"":1,""y"":3},{""x"":2,""y"":3},{""x"":3,""y"":3},{""x"":4,""y"":3},{""x"":5,""y"":3},{""x"":5,""y"":2},{""x"":6,""y"":2},{""x"":7,""y"":2},{""x"":7,""y"":3},{""x"":6,""y"":3},{""x"":6,""y"":4},{""x"":5,""y"":4},{""x"":4,""y"":4},{""x"":3,""y"":4},{""x"":3,""y"":3},{""x"":2,""y"":3},{""x"":1,""y"":3},{""x"":1,""y"":4},{""x"":0,""y"":4},{""x"":0,""y"":5},{""x"":1,""y"":5},{""x"":1,""y"":6},{""x"":0,""y"":6},{""x"":1,""y"":6},{""x"":2,""y"":6},{""x"":3,""y"":6},{""x"":4,""y"":6},{""x"":3,""y"":6},{""x"":2,""y"":6},{""x"":1,""y"":6},{""x"":1,""y"":5},{""x"":1,""y"":4},{""x"":1,""y"":3},{""x"":2,""y"":3},{""x"":3,""y"":3},{""x"":4,""y"":3},{""x"":5,""y"":3},{""x"":5,""y"":4},{""x"":5,""y"":5},{""x"":6,""y"":5},{""x"":7,""y"":5},{""x"":7,""y"":4},{""x"":7,""y"":5},{""x"":7,""y"":6},{""x"":6,""y"":6},{""x"":7,""y"":6},{""x"":7,""y"":7},{""x"":6,""y"":7},{""x"":6,""y"":6},{""x"":6,""y"":5},{""x"":6,""y"":4},{""x"":6,""y"":3},{""x"":5,""y"":3},{""x"":4,""y"":3},{""x"":3,""y"":3},{""x"":2,""y"":3},{""x"":1,""y"":3},{""x"":1,""y"":4},{""x"":1,""y"":5},{""x"":1,""y"":6},{""x"":0,""y"":6},{""x"":0,""y"":7},{""x"":1,""y"":7},{""x"":2,""y"":7},{""x"":3,""y"":7}]"