user_id,mean_opt,mean_pace,opt_pct,pace_pct,top_solver,worst_solver,quick_solver,slow_solver
1jxmihh176,0.8797,0.266,0.3071,0.001,false,false,true,false
zg3urcsuue,0.861,0.335,0.2155,0.012,false,false,true,false
ycwzk9yari,0.891,0.995,0.3811,0.6252,false,false,false,false
k2nehxnqee,0.9262,1.9,0.6524,0.9063,false,false,false,true
mf4jkq9jk8,0.829,0.894,0.1024,0.5452,false,false,false,false
mz88aq9ir7,0.9681,0.79,0.9215,0.4553,true,false,false,false
njhod8v2si,0.9314,1.282,0.6947,0.7696,false,false,false,false
ffkg7a8vtj,0.9774,2.228,0.9594,0.9324,true,false,false,true
uodk4ohiby,0.8952,2.007,0.414,0.9174,false,false,false,true
e16aadde09,0.9122,0.281,0.5433,0.0018,false,false,true,false
6o4dycfqtu,0.9092,2.142,0.5168,0.9276,false,false,false,true
jdgkv3zze6,0.8997,0.594,0.4454,0.2348,false,false,false,false
uao8yccx0n,0.957,0.72,0.8664,0.3811,false,false,false,false
85n22bbwh9,0.9317,2.269,0.696,0.9347,false,false,false,true
yde2qita5q,0.9299,0.488,0.6827,0.1144,false,false,false,false
w262x92gl6,0.872,0.975,0.2659,0.6107,false,false,false,false
h5m5g6yrhj,0.9425,0.958,0.7772,0.598,false,false,false,false
ed35w35o0l,0.9228,0.855,0.6299,0.5131,false,false,false,false
much2nfetx,0.9148,0.864,0.5638,0.5208,false,false,false,false
k3k9zhj2e0,0.9083,0.942,0.5095,0.587,false,false,false,false
r9dbz2de9h,0.9847,2.271,0.9827,0.9348,true,false,false,true
go2xbsh4m1,0.9407,0.787,0.7646,0.4517,false,false,false,false
n6txitp3bb,0.867,0.46,0.2409,0.0881,false,false,true,false
kp5ius5h00,0.9836,8.903,0.9794,0.9901,true,false,false,true
vwqhkghjtb,0.8602,0.361,0.2118,0.0186,false,false,true,false
ojbpf6f32u,0.9359,0.872,0.729,0.526,false,false,false,false
ohrdzxwk13,0.9319,0.364,0.6976,0.0198,false,false,true,false
yq6be3k55p,0.9248,0.533,0.6435,0.1637,false,false,false,false
k2jxbp2rtg,0.9036,1.664,0.4767,0.8737,false,false,false,false
iwwkowilp9,0.8336,0.432,0.1167,0.0637,false,false,true,false
ie0fjg7dd1,0.9506,0.551,0.8297,0.1839,false,false,false,false
29gbvmxfqn,0.8358,0.579,0.1225,0.2177,false,false,false,false
5p17rf433y,0.9847,0.779,0.9834,0.444,true,false,false,false
dtf4zbea49,0.9363,0.399,0.732,0.0406,false,false,true,false
yfnzx9isaf,0.9763,1.124,0.9541,0.6991,true,false,false,false
tu7o9oz78j,0.9261,1.035,0.6515,0.6501,false,false,false,false
coglf8pvg1,0.9278,0.864,0.6647,0.5201,false,false,false,false
tt3aprpgrp,0.9784,0.613,0.9627,0.2594,true,false,false,false
8u2o4ikfk3,0.9548,1.557,0.855,0.8505,false,false,false,false
83io6ny6rw,0.9237,2.113,0.6379,0.9257,false,false,false,true
83ke1nak79,0.964,0.787,0.9016,0.4523,true,false,false,false
hsvw281pr1,0.8515,0.394,0.1734,0.0377,false,false,true,false
hps1528yyu,0.9207,0.507,0.6104,0.1333,false,false,false,false
vb3qyrlj6c,0.9603,3.861,0.8844,0.9746,false,false,false,true
iy7259zp72,0.9266,0.602,0.6558,0.2427,false,false,false,false
qif3vxu5yu,0.9621,0.591,0.8934,0.2325,false,false,false,false
q229x7094p,0.9205,0.549,0.6088,0.1817,false,false,false,false
1rwn9p3jcf,0.9474,0.454,0.8092,0.0834,false,false,true,false
4qesv94185,0.9053,0.666,0.489,0.3176,false,false,false,false
fgi293n1d4,0.9132,0.572,0.5512,0.2085,false,false,false,false
uruqpr106v,0.9342,1.246,0.7158,0.7529,false,false,false,false
jdl2q5uey7,0.9712,1.524,0.9355,0.8438,true,false,false,false
ekfiznar31,0.917,2.481,0.5809,0.9458,false,false,false,true
ahgh80x4ir,0.8732,0.552,0.2705,0.1858,false,false,false,false
viciikxijs,0.8294,1.042,0.1031,0.6553,false,false,false,false
8igjy69svl,0.9442,0.785,0.7878,0.4494,false,false,false,false
kek9oy5m8x,0.9164,0.442,0.5751,0.0731,false,false,true,false
5601fxr19f,0.9186,0.554,0.5941,0.1897,false,false,false,false
3k0sspsk1n,0.9105,0.729,0.5291,0.3918,false,false,false,false
nn5m2btbxr,0.9773,2.404,0.9583,0.9435,true,false,false,true
o9c713przg,0.9167,0.524,0.5778,0.1528,false,false,false,false
ttjt9mp6ea,0.898,0.688,0.4346,0.3447,false,false,false,false
7e2voh5ap4,0.8912,0.634,0.3828,0.2832,false,false,false,false
9urvymz73a,0.9057,0.448,0.4916,0.078,false,false,true,false
l9biekadeq,0.8998,0.504,0.4461,0.1289,false,false,false,false
hnleaslaxg,0.9587,0.818,0.8762,0.4805,false,false,false,false
l9gobc7x5c,0.9534,0.938,0.8476,0.5825,false,false,false,false
5t94hs9ipm,0.901,0.626,0.4567,0.2727,false,false,false,false
mrj1hn3p62,0.9583,0.51,0.8736,0.1379,false,false,false,false
6px14n32m0,0.9456,0.813,0.7979,0.4771,false,false,false,false
q76p2x2egy,0.9084,5.398,0.5103,0.984,false,false,false,true
98iqecslbv,0.8928,0.668,0.3956,0.3206,false,false,false,false
h94t9qc6kp,0.9374,0.658,0.7411,0.3097,false,false,false,false
sj94rimwed,0.8673,0.866,0.2416,0.5224,false,false,false,false
3mzwcihld4,0.921,0.396,0.6133,0.0388,false,false,true,false
d8hxtstb4z,0.9481,0.823,0.8128,0.4849,false,false,false,false
9ljwp9xr9z,0.8166,0.445,0.0772,0.0756,false,true,true,false
2uhh6tetfa,0.8778,0.543,0.2964,0.1754,false,false,false,false
6pdtjrtjb6,0.9611,0.827,0.8878,0.4878,false,false,false,false
oxfikr9x4t,0.9687,1.011,0.924,0.6357,true,false,false,false
g0xmlwfavg,0.9573,0.489,0.8684,0.1156,false,false,false,false
t42oeo788l,0.9256,0.672,0.6483,0.3238,false,false,false,false
610ayprnv6,0.9912,1.103,0.9968,0.6896,true,false,false,false
boxa0c2x92,0.8674,1.017,0.2422,0.6389,false,false,false,false
6h7qfp4uub,0.9308,0.745,0.6903,0.4085,false,false,false,false
5jq0tlyqb2,0.929,0.534,0.6747,0.1659,false,false,false,false
2ryazkg8em,0.9208,1.253,0.612,0.7565,false,false,false,false
izrj9zkryj,0.96,0.754,0.8826,0.4184,false,false,false,false
ffvv1kp4u0,0.9688,2.513,0.9242,0.9471,true,false,false,true
evzcndiw9c,0.9346,1.309,0.719,0.7804,false,false,false,false
daya9f1ay6,0.9291,0.644,0.6752,0.2931,false,false,false,false
yd6kazcbne,0.8937,1.085,0.4024,0.6795,false,false,false,false
hcd89x969u,0.9037,0.969,0.4771,0.6059,false,false,false,false
cvcgak72m7,0.932,0.865,0.699,0.5218,false,false,false,false
51vl7x6fad,0.9745,1.429,0.9478,0.8181,true,false,false,false
6a9req0osk,0.8606,0.799,0.2126,0.4648,false,false,false,false
ln89r2to8j,0.9412,3.688,0.7681,0.9732,false,false,false,true
nom8eu8fpr,0.9234,0.917,0.6354,0.5655,false,false,false,false
qcvzn3p31q,0.8533,1.248,0.1817,0.7542,false,false,false,false
cmglrjoch0,0.9793,1.723,0.9653,0.8845,true,false,false,false
41g0dtbij7,0.912,0.829,0.5423,0.4905,false,false,false,false
8t8jy9nqjh,0.8912,0.461,0.3826,0.0898,false,false,true,false
ycbx4vi0t4,0.852,0.383,0.1752,0.0297,false,false,true,false
lup21kpsti,0.9447,1.207,0.7913,0.7366,false,false,false,false
1xxmt3yz65,0.8875,0.343,0.3579,0.0145,false,false,true,false
ju7w4jaujr,0.961,3.473,0.8866,0.971,false,false,false,true
h19y9gchyo,0.9348,1.686,0.7201,0.8776,false,false,false,false
i19vgj4mss,0.9112,0.508,0.535,0.1354,false,false,false,false
izc0rbvb7b,0.8525,0.445,0.1778,0.0754,false,false,true,false
2mm1hilxz9,0.9684,0.629,0.9229,0.2767,true,false,false,false
37w8z8v4fr,0.9292,0.411,0.6765,0.0477,false,false,true,false
l40oiibd06,0.9042,0.478,0.4814,0.105,false,false,false,false
yjrwqph2nw,0.9182,0.659,0.591,0.3107,false,false,false,false
i45z93mgad,0.9466,0.57,0.8031,0.2062,false,false,false,false
o0e4y00dbv,0.8887,0.445,0.364,0.0753,false,false,true,false
debv6jx5p4,0.9098,0.802,0.522,0.4673,false,false,false,false
jzkebxerrg,0.9835,66.336,0.9787,0.9975,true,false,false,true
npn3qblytj,0.9312,0.553,0.6933,0.1873,false,false,false,false
xzfnp2iuxq,0.9366,0.583,0.7337,0.2213,false,false,false,false
3cn09ey95z,0.94,0.307,0.7595,0.0059,false,false,true,false
gruhvgqu0b,0.9293,0.767,0.6777,0.4331,false,false,false,false
bal743ewy4,0.8519,0.394,0.1749,0.0373,false,false,true,false
n35ol3tha2,0.9793,1.109,0.9653,0.6921,true,false,false,false
1mr29kcfmu,0.9572,1.306,0.8677,0.7786,false,false,false,false
91ordpmmi4,0.9773,2.302,0.9588,0.9373,true,false,false,true
2mlkrok454,0.9857,0.859,0.9872,0.5158,true,false,false,false
nzsbvrhexk,0.8629,0.7,0.2234,0.3579,false,false,false,false
pggklau8k9,0.9402,0.993,0.7623,0.6234,false,false,false,false
7i0l00xu22,0.9603,0.734,0.8842,0.3973,false,false,false,false
i5z01x16wi,0.9302,0.736,0.6853,0.3995,false,false,false,false
ls00ywp4o9,0.9396,1.255,0.7563,0.7578,false,false,false,false
81dr33407a,0.9082,0.543,0.5075,0.175,false,false,false,false
qs2fk4r9y5,0.9115,0.492,0.537,0.1176,false,false,false,false
yeeq4mzoms,0.9562,0.675,0.8638,0.3268,false,false,false,false
00jysj297v,0.9164,0.884,0.5754,0.5381,false,false,false,false
2gyiflne6b,0.9039,0.396,0.4791,0.039,false,false,true,false
anda9deaed,0.8994,0.764,0.443,0.4299,false,false,false,false
feslm4kfel,0.8765,0.587,0.2882,0.2271,false,false,false,false
xc73v9xns8,0.9362,0.554,0.731,0.1887,false,false,false,false
2xpjs28xaw,0.9652,0.542,0.9077,0.1742,true,false,false,false
5pqmi99bwg,0.9484,0.607,0.8142,0.2506,false,false,false,false
j39of3dra9,0.9522,0.898,0.8395,0.5495,false,false,false,false
nqfcc4tx9f,0.9784,1.363,0.9634,0.7987,true,false,false,false
re0u0pnm11,0.9207,0.298,0.6107,0.0043,false,false,true,false
mra537e4mz,0.951,0.928,0.8315,0.5736,false,false,false,false
gvy6y1bgyh,0.9407,0.846,0.7654,0.5046,false,false,false,false
a4a4jwn8ub,0.9354,0.635,0.7257,0.2846,false,false,false,false
3z32i5z5yj,0.8775,0.719,0.2952,0.3797,false,false,false,false
5qfcfrgqf3,0.9077,0.55,0.5038,0.1828,false,false,false,false
clmomnln6z,0.9836,0.371,0.9804,0.024,true,false,true,false
0fts8uevgi,0.9062,0.631,0.494,0.279,false,false,false,false
70uylunxsd,0.9218,1.52,0.6215,0.842,false,false,false,false
cdberb8fqx,0.9137,0.768,0.5553,0.4353,false,false,false,false
jdryfsf03e,0.9174,0.419,0.5831,0.0539,false,false,true,false
90hdn90ald,0.8958,0.551,0.4199,0.184,false,false,false,false
f85qdwnfxd,0.9351,0.32,0.7228,0.0088,false,false,true,false
fmh7gf7o4v,0.898,0.618,0.435,0.2643,false,false,false,false
f5xunui5t5,0.8638,0.562,0.2272,0.1973,false,false,false,false
t5e4ev7pq7,0.9695,1.715,0.9276,0.8826,true,false,false,false
rywwakvzzc,0.9143,1.485,0.56,0.8333,false,false,false,false
7boqbvuqze,0.9399,0.62,0.7587,0.2661,false,false,false,false
jiy3v6krky,0.9488,1.352,0.817,0.7947,false,false,false,false
g5dwdd1pk9,0.9612,1.504,0.888,0.8384,false,false,false,false
8bort6pb02,0.9468,1.193,0.8047,0.7299,false,false,false,false
0qoz9brnz2,0.8557,0.737,0.1935,0.4001,false,false,false,false
61bdkhyltp,0.8628,0.853,0.2231,0.5118,false,false,false,false
rg1uuunmze,0.8797,0.378,0.3065,0.0262,false,false,true,false
b2vb9x8ulw,0.9335,0.704,0.7109,0.3633,false,false,false,false
yyotspmgk0,0.9163,1.581,0.5741,0.8551,false,false,false,false
zh4fk8r6lz,0.9764,1.676,0.955,0.8757,true,false,false,false
c85xffckup,0.9328,0.688,0.7049,0.3442,false,false,false,false
5smwivn4jv,0.9391,0.684,0.7527,0.3383,false,false,false,false
g7v1y81t5w,0.8928,0.699,0.3954,0.357,false,false,false,false
rt98e88coa,0.9064,0.967,0.4952,0.6046,false,false,false,false
wsayde4s1u,0.962,0.395,0.8921,0.0379,false,false,true,false
evklev8wts,0.8612,0.43,0.2166,0.0624,false,false,true,false
4vm09an17l,0.9564,1.112,0.8643,0.6932,false,false,false,false
6m8j3c4ybn,0.8868,0.343,0.3528,0.0141,false,false,true,false
p5rqbe2qci,0.9094,0.657,0.5189,0.3089,false,false,false,false
fykfrv1khr,0.9305,1.246,0.6879,0.7527,false,false,false,false
z8mwgh6q1d,0.9607,1.083,0.8853,0.6781,false,false,false,false
zz5d5ypsp2,0.8943,0.544,0.4079,0.1759,false,false,false,false
695erjcx1p,0.9437,0.904,0.7839,0.5548,false,false,false,false
p3eye2zg4q,0.876,0.874,0.2855,0.5271,false,false,false,false
euu1flg6zx,0.8384,0.637,0.1294,0.2862,false,false,false,false
fb5jb9c8u8,0.9052,0.741,0.4881,0.4041,false,false,false,false
6zs89mk0ox,0.944,1.255,0.786,0.7581,false,false,false,false
t6f71yhra9,0.9505,0.542,0.8291,0.1746,false,false,false,false
fhqomyssjc,0.825,0.652,0.0941,0.3027,false,true,false,false
zntvdgl4je,0.9127,0.897,0.5479,0.5486,false,false,false,false
6ykhp4x24y,0.8988,0.574,0.4387,0.2127,false,false,false,false
qx3pn7on18,0.8549,1.84,0.1891,0.8992,false,false,false,false
ji5w2qhorw,0.9349,0.915,0.7211,0.5628,false,false,false,false
7vktbqixfw,0.8697,0.652,0.2539,0.3035,false,false,false,false
cxf0p2sb8a,0.8779,0.495,0.2976,0.1211,false,false,false,false
yasivkh6a6,0.8521,0.287,0.1756,0.0028,false,false,true,false
gx8lk81nlg,0.9102,0.968,0.5266,0.6055,false,false,false,false
kqa9a4ut7i,0.9701,1.238,0.9294,0.7493,true,false,false,false
ame643s71j,0.9161,0.399,0.5733,0.0408,false,false,true,false
w1ejtasi0m,0.9422,0.721,0.7747,0.382,false,false,false,false
737ugt3a24,0.9493,1.765,0.8196,0.8888,false,false,false,false
wgy1ck3nbm,0.9339,0.454,0.7142,0.0837,false,false,true,false
e091l8wfzq,0.9515,0.734,0.8358,0.3977,false,false,false,false
h4ai8dy8ub,0.8995,0.483,0.444,0.1109,false,false,false,false
aoc93wj0rf,0.9243,0.574,0.6414,0.2112,false,false,false,false
ww3hmfima0,0.9683,3.561,0.9222,0.9724,true,false,false,true
6qfxb5zk3l,0.8226,0.709,0.0897,0.3692,false,true,false,false
pwv49t98fi,0.9212,1.115,0.6149,0.6948,false,false,false,false
vrysf5sasq,0.8551,0.584,0.191,0.2232,false,false,false,false
w9cwj9eu86,0.9681,0.937,0.9207,0.581,true,false,false,false
d7ulmo2qnl,0.9037,0.757,0.4774,0.4222,false,false,false,false
9v46kule5o,0.9329,0.922,0.7053,0.5697,false,false,false,false
40pthvcm5w,0.9511,0.484,0.832,0.1118,false,false,false,false
136q18jcik,0.9238,0.757,0.6385,0.4235,false,false,false,false
nmxk3ez2gx,0.8299,0.606,0.1051,0.2492,false,false,false,false
8rkahd0o8u,0.9544,2.937,0.8532,0.9615,false,false,false,true
yhg8n0ufk9,0.9612,1.504,0.8885,0.8387,false,false,false,false
mmtmfg88ov,0.8788,0.712,0.3024,0.3722,false,false,false,false
8z0at83xth,0.9826,0.545,0.9765,0.1778,true,false,false,false
feumkrjucb,0.9167,0.534,0.578,0.1651,false,false,false,false
2q8x8orjc7,0.8668,2.084,0.2402,0.9236,false,false,false,true
ywnuu5pjzs,0.9219,1.088,0.6227,0.6821,false,false,false,false
p92sx27p02,0.9201,0.552,0.606,0.1859,false,false,false,false
0ad70xzp7z,0.9535,0.773,0.8485,0.4391,false,false,false,false
wuqp3yo8jx,0.9075,0.785,0.5023,0.4498,false,false,false,false
lbwcydmmbe,0.8598,0.755,0.2097,0.4198,false,false,false,false
p6e5lru01m,0.9104,0.386,0.5281,0.0316,false,false,true,false
7acygq7q0f,0.9203,0.93,0.6075,0.5755,false,false,false,false
0mvbkv4upt,0.8955,0.788,0.4166,0.453,false,false,false,false
lfoyecqa3d,0.8942,0.689,0.4075,0.3458,false,false,false,false
szpwh0baji,0.9469,0.378,0.8058,0.0261,false,false,true,false
ngpld2xl4s,0.8344,0.366,0.1188,0.0211,false,false,true,false
vo1hs76ecw,0.9543,1.077,0.8523,0.6741,false,false,false,false
err0xr6gii,0.9254,1.252,0.6469,0.7559,false,false,false,false
m4kjo8scpt,0.9254,1.312,0.6466,0.7822,false,false,false,false
uxcr770sea,0.9356,0.427,0.727,0.06,false,false,true,false
ar2qut7dxw,0.9725,0.586,0.9421,0.2263,true,false,false,false
yj2uva6ynx,0.9836,0.727,0.9804,0.3887,true,false,false,false
1iphg631df,0.7788,0.763,0.0294,0.4295,false,true,false,false
0kxkob3n57,0.9427,0.819,0.7783,0.4816,false,false,false,false
1ltmd1olct,0.9336,0.588,0.7114,0.2281,false,false,false,false
ceq2donske,0.959,0.473,0.8772,0.1003,false,false,false,false
h7muey7ns9,0.8053,0.472,0.0577,0.0993,false,true,true,false
t62i6zasb5,0.8894,0.949,0.3691,0.5926,false,false,false,false
qt90kknorw,0.8999,1.379,0.4467,0.8037,false,false,false,false
jmja0uy1x0,0.7577,0.427,0.0171,0.0605,false,true,true,false
e524houtpw,0.9432,1.609,0.7817,0.8609,false,false,false,false
7pz4u1ep3x,0.9001,0.539,0.4484,0.1707,false,false,false,false
vw4esz1l8o,0.9837,0.972,0.9807,0.6082,true,false,false,false
7ptzumfxdj,0.9568,0.64,0.8656,0.29,false,false,false,false
dwgmsfzlzv,0.9421,0.582,0.7737,0.2205,false,false,false,false
3vu39z93hc,0.9513,0.904,0.8342,0.5545,false,false,false,false
xpfz3yxybb,0.9367,0.873,0.7349,0.5263,false,false,false,false
0sw192d8jw,0.8218,1.178,0.088,0.725,false,true,false,false
g5jzkbb1t4,0.9102,0.792,0.5262,0.4581,false,false,false,false
1vyk7ln3bk,0.916,0.646,0.5718,0.2956,false,false,false,false
ytg0vuaj5e,0.9636,0.639,0.8998,0.2893,false,false,false,false
cl2nuev4ex,0.9478,0.776,0.8114,0.4409,false,false,false,false
ewuskk1ti2,0.9336,0.566,0.7121,0.2017,false,false,false,false
pflxih1mog,0.9643,1.062,0.9034,0.6669,true,false,false,false
pz8wlhu2kz,0.9793,3.19,0.9655,0.9667,true,false,false,true
la922rw1bz,0.9473,1.938,0.808,0.9105,false,false,false,true
u2hxto2cu6,0.9424,0.555,0.7766,0.1899,false,false,false,false
ru35h3ubvb,0.9209,1.062,0.6122,0.6672,false,false,false,false
n5v0an9e1c,0.9531,1.196,0.846,0.7309,false,false,false,false
zk8jmezw7f,0.8755,0.768,0.2824,0.435,false,false,false,false
pldeczrjnw,0.966,0.571,0.9112,0.208,true,false,false,false
izxalyw7ya,0.9717,1.189,0.9377,0.7277,true,false,false,false
lggtmewe0s,0.8769,0.376,0.2904,0.0254,false,false,true,false
axs6zmvjw3,0.9725,0.585,0.9418,0.2242,true,false,false,false
ozql2nmfu7,0.9847,0.603,0.9827,0.2446,true,false,false,false
szsqwhgsxy,0.9579,2.288,0.8711,0.9363,false,false,false,true
03rjefjwid,0.8958,0.482,0.4198,0.1098,false,false,false,false
0jh2s7zguu,0.9273,0.642,0.6613,0.292,false,false,false,false
nkdu4xxevi,0.9183,0.429,0.5911,0.0617,false,false,true,false
ghjl4zufjp,0.9352,0.725,0.7234,0.3869,false,false,false,false
z8j96w31yt,0.9301,1.001,0.6841,0.6285,false,false,false,false
h5ipr288ms,0.9175,0.322,0.5843,0.0091,false,false,true,false
zsp9i3lsgd,0.9199,1.654,0.6042,0.8717,false,false,false,false
mfolcb8ia6,0.9146,1.309,0.5626,0.7799,false,false,false,false
4enil54on2,0.927,0.517,0.6588,0.1444,false,false,false,false
ug1rt3c9af,0.9838,1.415,0.9812,0.8143,true,false,false,false
uf19g4zhic,0.9878,33.255,0.9906,0.9965,true,false,false,true
e32h14x6wn,0.9403,0.707,0.7627,0.3665,false,false,false,false
2sw0obc1ww,0.9513,0.854,0.8342,0.5125,false,false,false,false
sf6ov864ub,0.9225,0.754,0.6278,0.418,false,false,false,false
dx6t33b74k,0.8552,1.054,0.1915,0.6634,false,false,false,false
1kmumz8vt5,0.9224,1.385,0.6266,0.8065,false,false,false,false
mdk4fftl2u,0.9091,0.847,0.5161,0.506,false,false,false,false
vczknntbog,0.9772,2.523,0.9575,0.9479,true,false,false,true
7k1c5oj6cm,0.8816,0.589,0.3179,0.23,false,false,false,false
j73ytf6tho,0.9219,0.441,0.6226,0.0722,false,false,true,false
vtq7tmy7kk,0.9857,0.915,0.9872,0.5629,true,false,false,false
nr63b1f7ve,0.9501,0.594,0.8254,0.235,false,false,false,false
y0yun18tt9,0.9826,2.919,0.9765,0.9609,true,false,false,true
80dvof97tm,0.8743,0.661,0.2763,0.3134,false,false,false,false
hvqqxwlosn,0.853,1.204,0.1801,0.735,false,false,false,false
bhlwm4fgt5,0.968,0.842,0.92,0.501,true,false,false,false
l7bl63hm2s,0.8711,1.6,0.2604,0.8594,false,false,false,false
llyh8s8z3b,0.8285,0.896,0.1015,0.5479,false,false,false,false
4esipxcbpo,0.9722,0.576,0.9405,0.2145,true,false,false,false
lz0rrc85ir,0.9558,0.553,0.8613,0.1875,false,false,false,false
1l1syo410o,0.9184,0.65,0.5923,0.3,false,false,false,false
rowot2zy9v,0.9762,1.079,0.9537,0.6754,true,false,false,false
gt7y6rtlpa,0.8552,1.433,0.1917,0.819,false,false,false,false
r2ifn71kdq,0.8953,0.608,0.415,0.2522,false,false,false,false
28nftburft,0.9805,0.749,0.9692,0.4126,true,false,false,false
s6oa7vgb3x,0.9244,0.637,0.6424,0.2866,false,false,false,false
qs5xmzgf50,0.9167,0.584,0.5777,0.2235,false,false,false,false
1e5i4wcql2,0.985,8.934,0.9844,0.9902,true,false,false,true
f0snkqngir,0.836,1.02,0.1228,0.6407,false,false,false,false
ey01z9qb2n,0.9257,0.622,0.6495,0.268,false,false,false,false
o0cuqy8c4g,0.9338,0.441,0.7136,0.0718,false,false,true,false
r9puj8xyls,0.9106,1.888,0.53,0.9037,false,false,false,true
bghub8b5qq,0.9189,3.016,0.5966,0.9633,false,false,false,true
kx84a2np6e,0.914,0.931,0.5573,0.5763,false,false,false,false
qs8bxjc8zo,0.8896,0.418,0.3704,0.0524,false,false,true,false
x4wycyfeja,0.9167,0.522,0.5774,0.1514,false,false,false,false
zy1aolaqgp,0.9095,0.72,0.52,0.381,false,false,false,false
58o17kr94s,0.7984,0.526,0.0481,0.1558,false,true,false,false
chhvaez5x5,0.902,0.98,0.4648,0.614,false,false,false,false
6qj7wblzi0,0.964,0.557,0.9016,0.1938,true,false,false,false
l5cy5xn11m,0.9271,0.717,0.6602,0.3777,false,false,false,false
1nvt0fynkp,0.9667,0.684,0.9152,0.3384,true,false,false,false
rc7ahs163t,0.9848,1.46,0.984,0.8266,true,false,false,false
mgy20lzpk3,0.8893,0.967,0.368,0.6052,false,false,false,false
z6gp1ut4oq,0.8928,0.511,0.3951,0.1383,false,false,false,false
r0p977ih1w,0.9611,31.05,0.8874,0.996,false,false,false,true
4pzis67xks,0.9393,1.522,0.7545,0.8429,false,false,false,false
liy2g50lde,0.8732,0.811,0.2709,0.4752,false,false,false,false
26z1wf5spi,0.8376,0.483,0.1268,0.1107,false,false,false,false
751i36md42,0.8392,0.49,0.1318,0.1159,false,false,false,false
dsm3vsojyf,0.9796,3.448,0.9671,0.9707,true,false,false,true
wd6ti5kgsg,0.9265,0.593,0.6548,0.2336,false,false,false,false
jpxcjikzkx,0.9459,1.592,0.8005,0.8566,false,false,false,false
vxoradm31u,0.8547,0.761,0.1881,0.4275,false,false,false,false
uzrt4oj49f,0.9591,1.146,0.8783,0.7087,false,false,false,false
06u7sixnn7,0.8847,0.768,0.3395,0.4349,false,false,false,false
w9xtwkac9j,0.9507,0.502,0.8304,0.127,false,false,false,false
mmy7p16cm7,0.8503,1.221,0.1691,0.7424,false,false,false,false
7ah3ufw500,0.8976,1.247,0.432,0.753,false,false,false,false
pvnsddsxji,0.9355,1.388,0.7261,0.807,false,false,false,false
nv5lkjur3i,0.9437,0.728,0.7838,0.3897,false,false,false,false
9f4uyranbw,0.9465,0.724,0.8027,0.3851,false,false,false,false
2xuddsj3xa,0.8938,0.888,0.4036,0.5411,false,false,false,false
aowik0156g,0.8632,0.578,0.2245,0.2163,false,false,false,false
sjjqnivskz,0.962,0.505,0.8925,0.13,false,false,false,false
cs5kyzel1v,0.8762,0.763,0.2862,0.4287,false,false,false,false
m5cvs2zbyy,0.9594,1.59,0.8801,0.8565,false,false,false,false
nazoc1h4eq,0.9541,0.715,0.8518,0.3753,false,false,false,false
4cvl7m15t3,0.921,0.577,0.6136,0.2154,false,false,false,false
o7ws2075r6,0.9714,0.905,0.9366,0.5557,true,false,false,false
ve5gv5fipl,0.9785,0.776,0.9638,0.4412,true,false,false,false
9n4knmjaez,0.9334,0.647,0.7102,0.2966,false,false,false,false
et1vy1okc4,0.9651,1.126,0.9065,0.6998,true,false,false,false
2gh5ksunrz,0.9046,1.193,0.4847,0.7292,false,false,false,false
g2fpsy5c7g,0.9507,1.731,0.8301,0.8853,false,false,false,false
sciaq8e445,0.9207,1.493,0.6109,0.836,false,false,false,false
3wtyhgmcgj,0.961,0.504,0.8866,0.129,false,false,false,false
2nb3py6twf,0.9011,0.782,0.4574,0.4463,false,false,false,false
7mo0t0kamu,0.8983,0.698,0.4357,0.3567,false,false,false,false
6tcattqy96,0.9229,0.588,0.6312,0.2278,false,false,false,false
ulm1gst26z,0.7731,0.757,0.0256,0.4227,false,true,false,false
fn6am99kw6,0.8962,0.557,0.4224,0.1934,false,false,false,false
xto7utr6o1,0.8464,1.804,0.1547,0.894,false,false,false,false
2o77dnha3w,0.8992,0.529,0.4421,0.1596,false,false,false,false
67m5ae59ef,0.9289,0.603,0.6743,0.2453,false,false,false,false
tty6hdlxl2,0.9334,1.002,0.7095,0.6292,false,false,false,false
2p8mx45oj2,0.9163,1.405,0.5745,0.8117,false,false,false,false
vvss6r3023,0.9955,20.5,0.9996,0.9948,true,false,false,true
jhe9xx4swh,0.9142,0.476,0.5597,0.1028,false,false,false,false
83scyh171k,0.9496,1.056,0.8222,0.664,false,false,false,false
nawezg9uik,0.9268,0.918,0.6573,0.566,false,false,false,false
8wlys3l54l,0.9266,0.33,0.6553,0.0109,false,false,true,false
po3ahm8xne,0.9477,1.06,0.8103,0.6658,false,false,false,false
bwtn7o2ju5,0.9108,0.804,0.5316,0.4694,false,false,false,false
4n9h1zqkdh,0.9724,1.446,0.9413,0.8222,true,false,false,false
el8u4hg61q,0.9552,0.753,0.8576,0.4166,false,false,false,false
5hrsl6aj0r,0.9415,1.183,0.7703,0.7262,false,false,false,false
53hndtmyo1,0.8974,0.863,0.4304,0.5197,false,false,false,false
m3liawq6bk,0.9135,0.783,0.5539,0.4479,false,false,false,false
pkhmchb99v,0.9078,0.45,0.5044,0.08,false,false,true,false
47m2pd2mgi,0.8252,0.575,0.0944,0.2129,false,true,false,false
lyhxtnfb7w,0.8891,2.082,0.3669,0.9233,false,false,false,true
ce332zs2gz,0.953,1.659,0.8456,0.873,false,false,false,false
qgssq95rqp,0.9374,0.881,0.7408,0.5346,false,false,false,false
1fdqvum8ib,0.9764,3.247,0.9547,0.9677,true,false,false,true
wwkz0haqvr,0.9641,21.435,0.9026,0.995,true,false,false,true
nktn2r9viu,0.9662,0.543,0.913,0.1749,true,false,false,false
597d4tv1un,0.8756,0.833,0.2832,0.4947,false,false,false,false
isw1loxykw,0.8466,0.899,0.1557,0.5501,false,false,false,false
irg9pfcbwo,0.9356,0.776,0.7274,0.4414,false,false,false,false
4drlsms6l8,0.8818,0.641,0.3198,0.2908,false,false,false,false
fvjrgb65gy,0.9513,1.448,0.8348,0.823,false,false,false,false
zicuqwimup,0.9228,1.544,0.6296,0.8479,false,false,false,false
3daaas8yup,0.8186,2.354,0.0823,0.9403,false,true,false,true
3o1zc23a6a,0.9312,0.504,0.694,0.1282,false,false,false,false
o7ig0op7nx,0.8136,0.405,0.0713,0.0441,false,true,true,false
gkzmdyoyco,0.9519,0.402,0.8384,0.043,false,false,true,false
2gmrn0ru7u,0.9742,0.739,0.9471,0.4016,true,false,false,false
6u214caxiy,0.9363,1.025,0.7316,0.6437,false,false,false,false
kkb8opdl8o,0.9664,0.732,0.9139,0.3952,true,false,false,false
ohsl0x1wp8,0.9343,0.876,0.7163,0.5309,false,false,false,false
etr0st2j67,0.9795,1.84,0.9667,0.8989,true,false,false,false
ba4ezsgbc1,0.9502,0.876,0.8258,0.5306,false,false,false,false
0jmcpwr8fg,0.8985,0.985,0.4372,0.6172,false,false,false,false
6xzagt4i07,0.9353,1.785,0.725,0.8917,false,false,false,false
h68n4ljkzn,0.932,1.011,0.6994,0.6359,false,false,false,false
gtiyq6ajml,0.9006,0.915,0.453,0.5632,false,false,false,false
dofvykvnsk,0.9847,0.906,0.9827,0.5564,true,false,false,false
n237f07fq4,0.8806,0.877,0.3111,0.5318,false,false,false,false
647azbeh2y,0.8591,0.782,0.2068,0.4472,false,false,false,false
gjmpxnf6lp,0.9412,0.48,0.7685,0.1083,false,false,false,false
pejn5ovn8g,0.9056,1.151,0.491,0.7105,false,false,false,false
spwl703638,0.8783,1.405,0.2995,0.8119,false,false,false,false
xdluqy2zcv,0.9299,0.749,0.6828,0.4129,false,false,false,false
ey5oassst3,0.9711,0.612,0.9344,0.2565,true,false,false,false
4z6fgozbmb,0.9201,0.847,0.6059,0.5066,false,false,false,false
m5kh4qjtt4,0.93,0.545,0.6834,0.1782,false,false,false,false
ktg7onczb7,0.9044,0.579,0.4824,0.2169,false,false,false,false
4d66h3zlrw,0.9181,0.465,0.5897,0.0928,false,false,true,false
ktwi132vkr,0.8835,0.503,0.3318,0.1276,false,false,false,false
07zw33kf9h,0.8653,1.674,0.2341,0.8754,false,false,false,false
ziakj6tfmh,0.9524,1.902,0.842,0.9065,false,false,false,true
4audcwd7a9,0.9336,0.961,0.7116,0.6005,false,false,false,false
mjc3efvl2u,0.9257,0.542,0.649,0.1743,false,false,false,false
6btyx3yvjx,0.8535,0.411,0.1836,0.0481,false,false,true,false
k8ryt8nc05,0.8603,0.393,0.2122,0.0358,false,false,true,false
lbt95yrb81,0.9065,0.5,0.4958,0.1257,false,false,false,false
apbxt6envl,0.9312,0.764,0.6935,0.4302,false,false,false,false
zypu9lnd98,0.9692,1.273,0.9265,0.7657,true,false,false,false
ur4quty64m,0.8713,0.421,0.2625,0.0554,false,false,true,false
8utq5tc5fr,0.8863,0.976,0.3492,0.6115,false,false,false,false
gjaj7lwlo7,0.9226,0.723,0.6285,0.3843,false,false,false,false
ioomoj3wfk,0.97,1.928,0.9286,0.9088,true,false,false,true
nmn3p66r5q,0.8938,0.892,0.4034,0.543,false,false,false,false
pi11qwkwpj,0.943,1.491,0.7805,0.8355,false,false,false,false
riponf1etz,0.9836,1.846,0.9794,0.9,true,false,false,false
2ta0e9xa0b,0.9087,1.732,0.5128,0.8856,false,false,false,false
0j64t5wo8y,0.931,4.835,0.6914,0.9811,false,false,false,true
d0uqncjb3q,0.9804,1.095,0.9681,0.6857,true,false,false,false
ebre6faak6,0.9517,0.694,0.8371,0.3517,false,false,false,false
xk0gdzmoq3,0.9225,1.1,0.6276,0.6882,false,false,false,false
kg4gm3ks72,0.8884,0.63,0.3623,0.2778,false,false,false,false
2p5i5swa9o,0.9793,2.31,0.9653,0.938,true,false,false,true
rnlhnr7rpu,0.9806,3.247,0.9709,0.9678,true,false,false,true
xr75mrhhrb,0.9752,1.398,0.9503,0.8096,true,false,false,false
hgw0j6fjui,0.8737,0.552,0.2734,0.1864,false,false,false,false
ss5ici8kx2,0.9245,1.097,0.6429,0.6871,false,false,false,false
fx1sgowhjn,0.9282,0.704,0.6683,0.364,false,false,false,false
qgekyuhqmx,0.8923,0.4,0.3918,0.0416,false,false,true,false
s6ls4qitaz,0.9316,0.91,0.6955,0.5585,false,false,false,false
evr7bcvcl7,0.9366,2.323,0.7342,0.9389,false,false,false,true
3mr219nclt,0.9136,2.722,0.5542,0.9543,false,false,false,true
d806jkmq7v,0.9416,0.524,0.7708,0.1529,false,false,false,false
6h82j46la7,0.9137,0.895,0.5552,0.5465,false,false,false,false
3rkh1k6a01,0.9323,0.69,0.7011,0.3473,false,false,false,false
opazfvh5wp,0.9814,0.682,0.9729,0.3361,true,false,false,false
gr1v9diqk5,0.8795,0.967,0.306,0.6048,false,false,false,false
lzbk3wpgms,0.9574,1.477,0.8686,0.8313,false,false,false,false
xaot2r2x94,0.8451,0.568,0.1511,0.2043,false,false,false,false
5zesctcxpk,0.8796,0.677,0.3063,0.3293,false,false,false,false
0v6zoctl0o,0.9768,0.931,0.9565,0.576,true,false,false,false
v77upu34en,0.9571,1.137,0.867,0.7047,false,false,false,false
eepl6rk9d6,0.9233,1.109,0.6345,0.6918,false,false,false,false
2wfp1d9oqm,0.9039,0.464,0.4789,0.0923,false,false,true,false
hb90kwiwx0,0.9371,0.582,0.7386,0.2206,false,false,false,false
24hzgvkqrb,0.9689,2.69,0.9247,0.9534,true,false,false,true
6ez6cz1sni,0.97,0.756,0.9284,0.4201,true,false,false,false
rcuha3azox,0.9076,0.672,0.503,0.3237,false,false,false,false
jkdr3a8eyh,0.8892,1.47,0.3673,0.8293,false,false,false,false
hi83b732a3,0.9661,0.47,0.9116,0.0978,true,false,true,false
gn8z2gr2kr,0.86,0.898,0.2104,0.5494,false,false,false,false
zsaqqslfrl,0.9488,0.559,0.8165,0.1953,false,false,false,false
702fvcr1ku,0.9197,0.736,0.603,0.3991,false,false,false,false
0zlxtp1xpz,0.8956,0.629,0.4187,0.277,false,false,false,false
zy9hrad99b,0.8997,0.544,0.4451,0.1761,false,false,false,false
wqyzw1kmai,0.9543,0.895,0.8527,0.5472,false,false,false,false
k6cnyu8g49,0.9506,0.589,0.8294,0.2303,false,false,false,false
08n3raep13,0.9585,1.515,0.8754,0.8413,false,false,false,false
gc40xdproh,0.9192,0.916,0.5995,0.5646,false,false,false,false
29hb22o59z,0.8982,1.038,0.4356,0.6524,false,false,false,false
54cisqup8z,0.9513,1.435,0.8338,0.8195,false,false,false,false
yf17v8ekhs,0.6831,1.207,0.0023,0.7367,false,true,false,false
vviuy476yh,0.8811,1.073,0.3145,0.6726,false,false,false,false
g1an1ozao1,0.9369,0.468,0.736,0.0941,false,false,true,false
fbla0r51m1,0.8825,0.727,0.3242,0.3885,false,false,false,false
nhpw9exixg,0.9417,0.634,0.7719,0.2833,false,false,false,false
ig8q0z1wms,0.8981,0.549,0.4351,0.1815,false,false,false,false
yxoulueuwd,0.943,1.862,0.7808,0.9008,false,false,false,true
c762w2yohn,0.8865,0.441,0.3505,0.0727,false,false,true,false
0g2sij3rg3,0.8906,0.753,0.3781,0.4173,false,false,false,false
smjrdscl5i,0.9633,0.984,0.8985,0.6168,false,false,false,false
f5f294miaf,0.9701,2.324,0.9294,0.9391,true,false,false,true
7fnmb12cwq,0.944,0.914,0.7855,0.5617,false,false,false,false
45w3vwr607,0.9804,2.308,0.9684,0.9377,true,false,false,true
4twy06iaba,0.9388,1.51,0.7508,0.8402,false,false,false,false
1o5ockwdle,0.9547,0.818,0.8548,0.4796,false,false,false,false
6yqylw98z1,0.9181,0.681,0.5889,0.3353,false,false,false,false
cvf42cwuis,0.9762,6.023,0.953,0.9854,true,false,false,true
oazwhsg70i,0.9141,1.121,0.5586,0.6972,false,false,false,false
p6fq308khb,0.9785,2.962,0.9638,0.9624,true,false,false,true
sdoipy0hs3,0.914,0.725,0.5579,0.3861,false,false,false,false
ua1cnz280t,0.9651,1.269,0.9061,0.7647,true,false,false,false
ocd1cx8siu,0.9369,1.165,0.7367,0.7171,false,false,false,false
5nlzq5e03a,0.8601,0.861,0.2115,0.5171,false,false,false,false
b4ak08bzer,0.9427,1.856,0.7781,0.9007,false,false,false,true
vubpntehb7,0.8337,0.423,0.1171,0.0561,false,false,true,false
e2tijdt5q8,0.8908,0.843,0.3793,0.502,false,false,false,false
9hfqkztj5s,0.9414,0.747,0.77,0.4104,false,false,false,false
dh1cfqyjqq,0.9477,0.881,0.8107,0.5356,false,false,false,false
tveq3ofvj8,0.8933,0.549,0.3995,0.1819,false,false,false,false
ha3mkkq162,0.8599,0.761,0.21,0.4267,false,false,false,false
h99l8taww4,0.938,1.23,0.745,0.7462,false,false,false,false
d4psak1he5,0.8889,0.75,0.3651,0.4139,false,false,false,false
3a9co83upb,0.9449,0.452,0.7929,0.0811,false,false,true,false
0zz1503vpj,0.891,0.646,0.3803,0.2963,false,false,false,false
63hderbz37,0.9835,3.134,0.9787,0.9653,true,false,false,true
bhb0a2g0j9,0.8913,1.086,0.3836,0.6805,false,false,false,false
rdol9gzin9,0.9498,0.828,0.8229,0.4894,false,false,false,false
9qaorx2tw9,0.8628,0.368,0.2227,0.0224,false,false,true,false
xvizl3ogbc,0.9045,0.657,0.4831,0.3082,false,false,false,false
1xhv7ecg5o,0.8898,0.653,0.372,0.3049,false,false,false,false
axdnu4yqke,0.913,0.369,0.5497,0.0229,false,false,true,false
7l4f1cedjq,0.9478,0.837,0.8116,0.498,false,false,false,false
5z6xb2xtay,0.8371,1.082,0.1253,0.6774,false,false,false,false
zanm03fsfs,0.8291,0.431,0.1026,0.063,false,false,true,false
sv6vi54hi6,0.9118,1.199,0.5396,0.7321,false,false,false,false
nwaaftyg2m,0.8392,1.721,0.1319,0.8841,false,false,false,false
xcqc0k2r39,0.9021,0.586,0.4659,0.2254,false,false,false,false
tiekd73gpg,0.8932,1.049,0.3985,0.6598,false,false,false,false
xjoks328ml,0.9272,0.745,0.6606,0.4096,false,false,false,false
q5krsg2rdv,0.9684,1.593,0.9232,0.8577,true,false,false,false
mmhlp0rr4b,0.8996,0.931,0.4444,0.577,false,false,false,false
wufvbigapu,0.9714,3.83,0.9365,0.9742,true,false,false,true
l5ofjne535,0.9162,1.968,0.5738,0.9134,false,false,false,true
33kfy6oi91,0.9506,0.555,0.8299,0.1913,false,false,false,false
452ht2kkak,0.9292,0.468,0.6759,0.0948,false,false,true,false
jxxa4mp66n,0.9417,0.601,0.7715,0.2416,false,false,false,false
xwvw5uy3ft,0.8869,2.816,0.3541,0.9579,false,false,false,true
4430zspot4,0.8893,0.369,0.3677,0.0228,false,false,true,false
nqwykkkunu,0.9358,1.619,0.728,0.8632,false,false,false,false
00il19fzjn,0.9358,0.66,0.7286,0.3119,false,false,false,false
bscurahp5g,0.8626,1.671,0.222,0.8748,false,false,false,false
8o0v87l9y8,0.9234,1.266,0.6349,0.7638,false,false,false,false
6bynjvqgpo,0.8699,0.454,0.2545,0.0832,false,false,true,false
kuegdovcsj,0.9277,0.788,0.6639,0.4531,false,false,false,false
dcwzwho3n2,0.9125,0.491,0.547,0.1171,false,false,false,false
7vb263qqe3,0.9471,1.544,0.8069,0.8476,false,false,false,false
mwwzg5psls,0.8654,1.336,0.2348,0.7892,false,false,false,false
ccgri1dhfm,0.918,0.909,0.5886,0.5579,false,false,false,false
qc8t0p50fr,0.8755,0.656,0.2828,0.3068,false,false,false,false
n6f83532ug,0.823,0.716,0.0905,0.3757,false,true,false,false
cm7uas51w9,0.9104,0.66,0.5282,0.3123,false,false,false,false
va407ada5y,0.8818,0.47,0.3194,0.0977,false,false,true,false
vbqjez6b8i,0.9232,0.309,0.6337,0.0066,false,false,true,false
89zex41ksd,0.908,0.403,0.506,0.0432,false,false,true,false
mrohsf787h,0.9284,1.711,0.67,0.8815,false,false,false,false
xe25m8ajte,0.9127,0.473,0.5475,0.1,false,false,true,false
d6z4d8933x,0.9171,405.125,0.5813,0.9996,false,false,false,true
oy0yjv3whx,0.9532,0.66,0.8461,0.3125,false,false,false,false
qz0xlgt9l3,0.898,1.039,0.4342,0.6533,false,false,false,false
b3010jp6qc,0.9448,3.012,0.7927,0.9631,false,false,false,true
baxuxua4vi,0.9764,2.894,0.9546,0.9601,true,false,false,true
t55d7fnsyj,0.9022,9.07,0.4668,0.9903,false,false,false,true
y455mye580,0.9182,1.327,0.5906,0.7871,false,false,false,false
m9ohdx1o38,0.9089,0.72,0.5142,0.3806,false,false,false,false
yufuhczcux,0.9239,0.48,0.6395,0.1073,false,false,false,false
urh2a40qop,0.9597,1.14,0.882,0.7066,false,false,false,false
4o2z7ldz30,0.9323,0.524,0.7013,0.1531,false,false,false,false
6tt05p1uud,0.9351,0.427,0.7226,0.0602,false,false,true,false
fej4zl8rq3,0.9878,12.65,0.9907,0.993,true,false,false,true
v92gie8vdd,0.9,0.901,0.4473,0.5517,false,false,false,false
d8yy1xac63,0.9172,0.69,0.582,0.3467,false,false,false,false
4r60y3g13c,0.9223,0.864,0.6254,0.5204,false,false,false,false
507b3llem7,0.9621,1.515,0.8932,0.8411,false,false,false,false
vkjxx4n2qr,0.8706,1.486,0.2587,0.8335,false,false,false,false
c5mcf3sg53,0.9232,0.97,0.6331,0.6069,false,false,false,false
n92f9sbw54,0.89,0.528,0.3746,0.1589,false,false,false,false
j29gu20faw,0.8551,0.316,0.1904,0.0079,false,false,true,false
1e03zfegj3,0.8574,0.379,0.2004,0.0271,false,false,true,false
d8im389fu6,0.9254,0.381,0.6468,0.0285,false,false,true,false
7vea42ck91,0.8493,0.53,0.166,0.1602,false,false,false,false
7p1igpvo7v,0.9752,2.363,0.9507,0.9413,true,false,false,true
p8e7a67y92,0.8593,0.4,0.2073,0.042,false,false,true,false
9d7ydz3uc5,0.9363,0.981,0.7315,0.6147,false,false,false,false
shu03l00fh,0.9396,0.491,0.7569,0.1169,false,false,false,false
pde1qko1eu,0.8931,0.745,0.3978,0.4094,false,false,false,false
4lmak5golc,0.9732,1.044,0.9446,0.6563,true,false,false,false
4c5ymvykfx,0.9589,0.524,0.8769,0.1526,false,false,false,false
dfgi4sz2fm,0.952,0.588,0.8388,0.2282,false,false,false,false
p32uwyr0qa,0.8365,1.896,0.1243,0.9052,false,false,false,true
y5cqbjpzi0,0.9219,0.378,0.6229,0.0264,false,false,true,false
o949qcbtf0,0.9498,1.489,0.823,0.8341,false,false,false,false
gu5inrelt4,0.9451,0.767,0.7946,0.4327,false,false,false,false
zv55ll0x05,0.9109,0.614,0.5335,0.2597,false,false,false,false
edr4lpio32,0.9301,0.59,0.6842,0.2307,false,false,false,false
nc258ipz6l,0.9381,1.157,0.7454,0.7127,false,false,false,false
eii4vpjfs7,0.9047,0.653,0.4853,0.3043,false,false,false,false
5h7uj6u0aa,0.9417,1.297,0.7718,0.7748,false,false,false,false
fwa4zp8y5g,0.9189,0.613,0.5959,0.2585,false,false,false,false
51kzsqvhli,0.9344,0.544,0.7176,0.1767,false,false,false,false
wj7zdo90ms,0.9317,0.974,0.6965,0.6095,false,false,false,false
r5b3l6dthc,0.8728,0.972,0.2692,0.6078,false,false,false,false
ytfwe2qnbw,0.8723,0.298,0.2673,0.0041,false,false,true,false
xmfm0gsxg3,0.8866,1.173,0.3509,0.7215,false,false,false,false
8rhtdvsyrc,0.9163,0.484,0.5748,0.112,false,false,false,false
ij2fn2ggmt,0.8379,0.934,0.1279,0.5785,false,false,false,false
m50cbe2x8x,0.9585,2.33,0.8753,0.9396,false,false,false,true
bjdzj9t19y,0.9285,1.012,0.6712,0.6364,false,false,false,false
bfjzeehjc9,0.9595,0.815,0.8805,0.4784,false,false,false,false
ocs0xvkx5a,0.9601,0.88,0.8838,0.5336,false,false,false,false
1ke64c9z35,0.8929,0.55,0.3965,0.1826,false,false,false,false
5v8q2s4d1e,0.9163,1.305,0.5744,0.7779,false,false,false,false
ynlnbubj7d,0.9632,0.991,0.8979,0.6222,false,false,false,false
14kqp2jxvb,0.952,1.641,0.8387,0.8686,false,false,false,false
b0g4ymwgu9,0.9775,1.199,0.9598,0.732,true,false,false,false
9i4kp7j35s,0.9836,1.604,0.9804,0.8602,true,false,false,false
76by39xgsg,0.9175,0.805,0.5839,0.4702,false,false,false,false
gkrhyudikn,0.9242,0.57,0.6411,0.2069,false,false,false,false
pzlh8ekdk8,0.927,0.631,0.6591,0.2792,false,false,false,false
ucbb1dwf3w,0.9407,0.961,0.7653,0.601,false,false,false,false
5n1mxx7zte,0.8864,0.6,0.35,0.24,false,false,false,false
brx3u38d8g,0.9574,0.944,0.8688,0.5886,false,false,false,false
elpei0sft1,0.9868,2.492,0.9891,0.9463,true,false,false,true
3bijyt2hy5,0.9215,1.575,0.6165,0.854,false,false,false,false
0xynij3lyh,0.8941,0.398,0.406,0.0403,false,false,true,false
w2un05bs26,0.9084,0.533,0.51,0.164,false,false,false,false
kj88qrdtym,0.9702,0.811,0.9312,0.4751,true,false,false,false
zvg8v3wd97,0.9276,0.615,0.6631,0.2612,false,false,false,false
jxf397judm,0.9333,1.596,0.7084,0.8588,false,false,false,false
w4x9ro9wz6,0.935,0.44,0.7219,0.0703,false,false,true,false
8bti8p2b84,0.953,1.027,0.8457,0.6454,false,false,false,false
rth68twtjh,0.8958,0.838,0.4206,0.4985,false,false,false,false
w2o2lb9hug,0.9029,0.786,0.4712,0.4505,false,false,false,false
6k7czrsox7,0.9448,0.882,0.7924,0.5367,false,false,false,false
j7varp5v56,0.964,1.249,0.9021,0.7544,true,false,false,false
03aazyua28,0.9327,0.676,0.7042,0.3288,false,false,false,false
iml9qr4ary,0.9721,1.565,0.9396,0.8521,true,false,false,false
ypqsj8pz4e,0.9704,2.659,0.9318,0.9526,true,false,false,true
ap4097bj3r,0.8937,0.666,0.4027,0.3186,false,false,false,false
ujnrtsf5rl,0.9268,0.733,0.6574,0.3962,false,false,false,false
s9yxoii2h1,0.9434,3.093,0.7823,0.9648,false,false,false,true
zlmkm0l2vo,0.9758,0.594,0.9523,0.2347,true,false,false,false
zkkd4ihepy,0.9081,0.785,0.5073,0.4499,false,false,false,false
eyqg7td321,0.9603,0.603,0.8845,0.2452,false,false,false,false
2c3pfrhtl6,0.9385,1.037,0.7486,0.6508,false,false,false,false
gzw0dlmo3r,0.953,1.129,0.8458,0.7015,false,false,false,false
pynlp29n5z,0.9338,0.439,0.7132,0.0696,false,false,true,false
p1rny4gdvu,0.9407,0.525,0.7645,0.1553,false,false,false,false
vcw4znh77l,0.8955,1.453,0.4165,0.8237,false,false,false,false
2gcblzt9kp,0.8934,0.47,0.4002,0.0975,false,false,true,false
2e1802pf0f,0.9051,0.411,0.4874,0.0479,false,false,true,false
kuyj2hq22m,0.9349,0.91,0.7207,0.5593,false,false,false,false
ntj5oocmtv,0.9154,0.702,0.568,0.3601,false,false,false,false
yva6r8jzo6,0.9868,1.932,0.9891,0.9097,true,false,false,true
khgbdgql0c,0.8919,0.514,0.3891,0.1416,false,false,false,false
lginjeks6u,0.9912,2.762,0.9968,0.9559,true,false,false,true
b5apn5or7g,0.9356,1.071,0.7269,0.6707,false,false,false,false
3b1kqomk9r,0.9601,3.289,0.8831,0.9685,false,false,false,true
3phg5pcdw1,0.89,0.714,0.3749,0.3741,false,false,false,false
3an23zzrpv,0.9324,0.818,0.7024,0.4802,false,false,false,false
eg25r16vnn,0.9282,0.511,0.6678,0.1387,false,false,false,false
2w2ms9p2cu,0.9727,0.989,0.9424,0.6208,true,false,false,false
98c9yj1s66,0.9429,2.014,0.7799,0.9185,false,false,false,true
it99ma5l5j,0.9321,1.248,0.7002,0.7537,false,false,false,false
y0vh5ac9js,0.9933,2.432,0.9985,0.9442,true,false,false,true
6172a8selu,0.8932,0.414,0.399,0.05,false,false,true,false
zqksecdi4u,0.7574,0.393,0.017,0.0365,false,true,true,false
1j0h3ypt35,0.9468,1.464,0.8045,0.8276,false,false,false,false
a84aic9ohl,0.923,1.521,0.6319,0.8427,false,false,false,false
i61puji6sy,0.8223,0.459,0.089,0.0879,false,true,true,false
0f38drph6s,0.9451,0.797,0.7943,0.463,false,false,false,false
3bwn4udcl9,0.868,0.436,0.2441,0.0667,false,false,true,false
ba5jeou0sm,0.7638,0.848,0.0199,0.5085,false,true,false,false
jgaizzhrbs,0.8914,2.084,0.3842,0.9235,false,false,false,true
gh50td461e,0.8861,1.436,0.3483,0.8197,false,false,false,false
1iovfk2fnp,0.9176,0.762,0.5852,0.4277,false,false,false,false
xpfeo4hjqa,0.8845,0.673,0.3386,0.3255,false,false,false,false
65pv9msbit,0.8855,0.395,0.3456,0.0384,false,false,true,false
aho7kle2hd,0.8936,0.399,0.402,0.0409,false,false,true,false
o8jwe8peff,0.9078,0.924,0.5042,0.5715,false,false,false,false
bd7auz71un,0.9249,0.392,0.6447,0.0349,false,false,true,false
et0d9b2kf2,0.9601,0.51,0.883,0.1373,false,false,false,false
048rfh5cvn,0.918,0.564,0.5883,0.2002,false,false,false,false
gel61qsenb,0.9332,0.856,0.7076,0.5135,false,false,false,false
5z046dxayn,0.9237,0.978,0.6377,0.6125,false,false,false,false
ziqio5fnvg,0.9501,0.676,0.8255,0.3286,false,false,false,false
0qxpwg2ske,0.9144,1.046,0.5604,0.6577,false,false,false,false
ql4oeomeah,0.953,0.472,0.8453,0.0996,false,false,true,false
3qx59r8z7b,0.9029,0.592,0.4709,0.2332,false,false,false,false
pbilck3gsj,0.9591,1.23,0.8787,0.7458,false,false,false,false
pbbajystbg,0.9367,0.437,0.735,0.0688,false,false,true,false
108ok1i7ej,0.844,0.482,0.1478,0.1101,false,false,false,false
621ptv22vf,0.8958,0.635,0.4197,0.2837,false,false,false,false
gxqbas2ymt,0.79,0.56,0.039,0.1957,false,true,false,false
7tc9o62tg1,0.89,1.244,0.3748,0.7513,false,false,false,false
bdbwmouw9l,0.9784,1.041,0.9621,0.6545,true,false,false,false
p0kdb59g27,0.9517,2.604,0.8371,0.9511,false,false,false,true
v7wkfev9u8,0.9581,0.9,0.8729,0.5509,false,false,false,false
8odiaqzjx9,0.9762,4.271,0.953,0.9775,true,false,false,true
me2bn3itzs,0.9628,1.238,0.8964,0.7497,false,false,false,false
8gvqvo8406,0.9012,0.922,0.4578,0.5698,false,false,false,false
p2t3zpfixm,0.9123,0.674,0.5444,0.3266,false,false,false,false
9j7t3qsng7,0.9689,2.38,0.9243,0.9425,true,false,false,true
jocrvljrhn,0.9346,0.851,0.7186,0.5099,false,false,false,false
y9ddpbp5jh,0.8961,1.558,0.4223,0.8508,false,false,false,false
y0dxc1tls4,0.9922,7.573,0.997,0.9887,true,false,false,true
hh77fq2qwp,0.7698,0.564,0.0229,0.1992,false,true,false,false
896iyqjxk1,0.9955,15.412,0.9996,0.9935,true,false,false,true
75v1zoey6j,0.9101,0.393,0.5258,0.0352,false,false,true,false
tai4fjs2dq,0.9444,0.385,0.7896,0.0309,false,false,true,false
sur0oco1cp,0.9311,1.499,0.6925,0.8375,false,false,false,false
0uw3r3u9af,0.9141,0.692,0.5585,0.35,false,false,false,false
cbx400tll4,0.8839,2.201,0.3347,0.9312,false,false,false,true
vpa404xezv,0.7786,0.378,0.0293,0.0265,false,true,true,false
nj5j3o21fw,0.9092,1.937,0.5175,0.9102,false,false,false,true
clvcmiic34,0.9555,0.394,0.8594,0.0376,false,false,true,false
a7qcg6xs9u,0.9639,18.49,0.9004,0.9945,true,false,false,true
jdao3rkz0l,0.9382,4.472,0.7462,0.9791,false,false,false,true
m6h2zxfctk,0.9423,0.701,0.7755,0.3588,false,false,false,false
3id195iwcw,0.9284,1.023,0.6703,0.6426,false,false,false,false
u1rzzgklam,0.9108,0.425,0.5328,0.0583,false,false,true,false
sssd3rowgp,0.9401,1.552,0.76,0.8497,false,false,false,false
k0dwby2eue,0.8694,0.517,0.2513,0.1453,false,false,false,false
a6h5e0hhov,0.8964,0.623,0.4249,0.2698,false,false,false,false
3gp48w1xq8,0.7962,1.165,0.046,0.7172,false,true,false,false
i1ht5ccm2h,0.9392,0.442,0.7534,0.0735,false,false,true,false
81zpf26u2s,0.9173,0.582,0.583,0.2203,false,false,false,false
avm0nxguan,0.9033,0.548,0.4747,0.1803,false,false,false,false
mkkwadvlp6,0.9711,0.703,0.9349,0.3619,true,false,false,false
f3bycuhs6i,0.8281,0.53,0.1006,0.1604,false,false,false,false
4wxzrgqord,0.9217,0.677,0.6197,0.3297,false,false,false,false
esx967xfl4,0.9702,0.461,0.9302,0.0891,true,false,true,false
l6rbi19sgk,0.9523,0.874,0.8411,0.5284,false,false,false,false
5gt9hsmivz,0.9195,0.509,0.6017,0.1363,false,false,false,false
wv1l1lw9x1,0.8868,1.152,0.3531,0.7106,false,false,false,false
mrapk43e5m,0.9485,0.538,0.8148,0.1694,false,false,false,false
pficetrbmo,0.9285,0.84,0.6719,0.4995,false,false,false,false
dr69fbmf4c,0.8621,0.862,0.2191,0.5186,false,false,false,false
kaxv4xx54t,0.9407,0.696,0.7642,0.3541,false,false,false,false
zht5oli2db,0.9219,0.686,0.6225,0.3418,false,false,false,false
0u2fjwtdgm,0.9436,1.005,0.7835,0.6321,false,false,false,false
ank7cq4b5q,0.9107,0.659,0.5307,0.3114,false,false,false,false
zsr06lzdxm,0.968,0.366,0.9202,0.0209,true,false,true,false
jlec7pjz5c,0.9218,0.946,0.6207,0.5903,false,false,false,false
d4xyw8ncgu,0.8587,0.966,0.206,0.6042,false,false,false,false
tf0ws3p69x,0.9577,1.309,0.8701,0.7801,false,false,false,false
6d8nx4yvl2,0.9003,0.669,0.4498,0.321,false,false,false,false
rsoq53ngjf,0.9272,2.303,0.6603,0.9374,false,false,false,true
biyltvd1nc,0.8771,0.452,0.2916,0.0818,false,false,true,false
gzwa6g39q4,0.9551,1.313,0.8561,0.7826,false,false,false,false
pv9vl174zx,0.9805,1.371,0.9688,0.8007,true,false,false,false
sdbqmkakuw,0.9071,0.479,0.4988,0.1064,false,false,false,false
dh67dgq0uo,0.95,1.009,0.8246,0.6343,false,false,false,false
yt6a6jfb3z,0.93,0.782,0.6831,0.4461,false,false,false,false
dpixf60w3l,0.9538,0.614,0.8501,0.2603,false,false,false,false
8fnpkyzbct,0.9364,0.791,0.7327,0.4564,false,false,false,false
w8ud8goqkv,0.938,1.075,0.7449,0.6729,false,false,false,false
amc1m5vjr2,0.9567,0.678,0.8653,0.3314,false,false,false,false
h9paok5d3c,0.9869,0.691,0.9898,0.3488,true,false,false,false
r4ja0wxynd,0.812,0.659,0.068,0.3108,false,true,false,false
ew95s9106j,0.8422,0.406,0.1428,0.0446,false,false,true,false
ayyqnj1dtv,0.9732,2.604,0.9446,0.9512,true,false,false,true
6hccfg2a30,0.9828,5.728,0.9772,0.9851,true,false,false,true
xl42ukhp18,0.9257,0.499,0.6493,0.1246,false,false,false,false
8deb9q68ar,0.9416,1.674,0.7714,0.8753,false,false,false,false
f3pb5v0yfd,0.9684,0.935,0.9228,0.5805,true,false,false,false
6gu3gw1svv,0.9711,1.331,0.9351,0.7881,true,false,false,false
kil88hn3st,0.924,0.88,0.6397,0.5343,false,false,false,false
iq2niv1qh9,0.8537,0.457,0.1846,0.0859,false,false,true,false
clitnuadsq,0.8923,0.664,0.3919,0.3157,false,false,false,false
xrnmekzo3v,0.8277,0.505,0.0997,0.1304,false,true,false,false
a2ajzhaqjl,0.9618,0.64,0.8917,0.2902,false,false,false,false
vax7e1md76,0.9857,1.124,0.9872,0.6993,true,false,false,false
r7c6uc5j40,0.7943,0.935,0.0432,0.5801,false,true,false,false
tlb63jdj3t,0.9016,0.303,0.4617,0.0052,false,false,true,false
7ehk8d66me,0.8882,0.576,0.3614,0.2147,false,false,false,false
kc3pwdegd2,0.9392,0.695,0.7538,0.3527,false,false,false,false
1ccox6mnib,0.9814,1.98,0.9729,0.915,true,false,false,true
tj4n0639nj,0.9805,1.051,0.9688,0.6616,true,false,false,false
91etszp25l,0.929,0.483,0.675,0.1104,false,false,false,false
07h48vt1ra,0.8908,0.753,0.3792,0.4169,false,false,false,false
8i83fmehav,0.9581,0.583,0.8722,0.221,false,false,false,false
armqkp4fk7,0.9139,1.168,0.5568,0.7189,false,false,false,false
jwq6avfio3,0.885,3.365,0.3422,0.9695,false,false,false,true
gh1b8fcuf9,0.9663,2.495,0.9134,0.9464,true,false,false,true
216zxuuryn,0.8016,0.68,0.0518,0.3336,false,true,false,false
zrh7468npp,0.9004,0.408,0.4508,0.0466,false,false,true,false
d4of1jex50,0.9265,0.682,0.6552,0.3358,false,false,false,false
4r9hnp0ntv,0.9934,6.601,0.9988,0.9867,true,false,false,true
bzll76mkib,0.8183,0.653,0.0821,0.3039,false,true,false,false
72tbvu3154,0.9134,0.581,0.5531,0.2198,false,false,false,false
kw4tjtjgtz,0.9627,0.916,0.896,0.5644,false,false,false,false
xrfw1xxag0,0.7807,1.308,0.0312,0.7797,false,true,false,false
zgq8acxsve,0.948,0.539,0.8121,0.1701,false,false,false,false
zlsco16e1h,0.9285,1.22,0.6714,0.7417,false,false,false,false
9bl2h9uyt8,0.901,0.744,0.4566,0.4074,false,false,false,false
lwjpmwbmrj,0.923,1.521,0.6321,0.8425,false,false,false,false
iyu8wsiwj8,0.8722,1.266,0.2672,0.7639,false,false,false,false
hufb1og8e6,0.9533,0.488,0.8469,0.1148,false,false,false,false
c1el8b1896,0.9441,1.45,0.7871,0.8232,false,false,false,false
5elj5a3myc,0.9035,1.979,0.4756,0.9149,false,false,false,true
861se6qx1f,0.9659,1.302,0.9101,0.7761,true,false,false,false
0ktz2hdvqa,0.9154,0.59,0.5684,0.2308,false,false,false,false
dte99vief7,0.862,0.714,0.2187,0.3745,false,false,false,false
gvg4ouw7f1,0.9186,1.158,0.5944,0.7134,false,false,false,false
eiff6uj4b8,0.9341,0.967,0.7154,0.6044,false,false,false,false
0uo4r0sj3k,0.9169,1.371,0.5791,0.8011,false,false,false,false
yuyxe2rtk6,0.9591,0.55,0.8787,0.1823,false,false,false,false
t60eacjgy9,0.8899,0.45,0.3731,0.0797,false,false,true,false
csweb1gruo,0.8946,0.567,0.4103,0.2032,false,false,false,false
kkvva7seln,0.8695,1.386,0.2524,0.8066,false,false,false,false
2p9sqq72cy,0.8806,1.22,0.3103,0.7418,false,false,false,false
r1nea3e76l,0.8344,0.874,0.1189,0.5281,false,false,false,false
5s31gf8lil,0.8877,0.504,0.3589,0.1287,false,false,false,false
e9wigujyb4,0.9027,0.679,0.4698,0.3324,false,false,false,false
s3oci1crp4,0.9634,1.01,0.8993,0.6349,false,false,false,false
m72d5kk526,0.9295,0.671,0.6791,0.3226,false,false,false,false
a0q2480gss,0.9379,0.532,0.7436,0.1627,false,false,false,false
le1dtx00vh,0.9622,0.861,0.8936,0.5169,false,false,false,false
yhhitqwltf,0.9585,1.529,0.8751,0.8442,false,false,false,false
h8ytf7d4hh,0.8844,0.704,0.3378,0.3629,false,false,false,false
gulp4sm6du,0.9389,3.025,0.7511,0.9634,false,false,false,true
pvyyest97z,0.8919,0.989,0.389,0.6209,false,false,false,false
wryh7gsayc,0.8797,1.049,0.3067,0.6596,false,false,false,false
a8g1h3czeh,0.8144,1.215,0.0721,0.7402,false,true,false,false
ezc83v2lv6,0.8472,0.626,0.1582,0.2742,false,false,false,false
lzq1b9wjyo,0.9161,1.167,0.573,0.7185,false,false,false,false
d1bf736j4g,0.9039,0.835,0.4792,0.4962,false,false,false,false
nbh2by6t1g,0.9763,1.14,0.9539,0.707,true,false,false,false
ite25ql9bm,0.9079,0.416,0.505,0.0511,false,false,true,false
arm7kku2s0,0.942,1.176,0.7729,0.7233,false,false,false,false
vpy5rrayg9,0.9473,0.871,0.8078,0.5258,false,false,false,false
wh1qwdw2au,0.9163,0.837,0.5747,0.4981,false,false,false,false
2307pxla60,0.9109,0.556,0.5334,0.1924,false,false,false,false
7jq6986uio,0.9804,2.87,0.9684,0.9592,true,false,false,true
13bat3xbv5,0.9384,0.587,0.7483,0.2264,false,false,false,false
9e64kuaxv2,0.8472,0.74,0.1583,0.4035,false,false,false,false
oyjzm0ck08,0.9109,1.25,0.5339,0.7551,false,false,false,false
ayzt4oq6qt,0.9784,84.294,0.9634,0.9979,true,false,false,true
ugmp4jbhb7,0.9277,1.222,0.6635,0.7425,false,false,false,false
r99lfg7ow8,0.9273,1.05,0.662,0.6607,false,false,false,false
kr0w4yuiif,0.9611,0.685,0.8871,0.34,false,false,false,false
50stdutspj,0.8831,1.657,0.3289,0.8722,false,false,false,false
haw8ngqry2,0.9159,0.924,0.5715,0.5713,false,false,false,false
3cogmnkjwl,0.8686,0.371,0.2471,0.0239,false,false,true,false
k7g6swtthx,0.8811,1.514,0.3144,0.841,false,false,false,false
hz8bdk24k2,0.9001,1.397,0.4477,0.809,false,false,false,false
td462v12no,0.9551,1.456,0.8567,0.8247,false,false,false,false
wzwucjyzb4,0.8772,1.899,0.2926,0.9058,false,false,false,true
uyv9mpguvz,0.9077,0.341,0.5034,0.0137,false,false,true,false
jfbodyw9s4,0.9299,1.108,0.6824,0.6917,false,false,false,false
wpku6io5c6,0.9278,0.652,0.6651,0.3023,false,false,false,false
j7a3mot3ud,0.917,0.765,0.5799,0.4313,false,false,false,false
u99g82n80c,0.886,8.542,0.3481,0.9898,false,false,false,true
c0gppv3wix,0.9112,0.645,0.5354,0.2947,false,false,false,false
ywns0dcyov,0.8648,0.605,0.2315,0.2484,false,false,false,false
v76a641rvs,0.8984,1.062,0.4367,0.6674,false,false,false,false
jb4ulu9yl5,0.9117,1.899,0.539,0.9056,false,false,false,true
cueduzr6yt,0.8906,1.808,0.3778,0.8947,false,false,false,false
1vqy754y2p,0.9551,0.797,0.8572,0.4633,false,false,false,false
z5nguvhp4v,0.952,0.701,0.8393,0.3597,false,false,false,false
tvfaygju4o,0.8963,0.784,0.424,0.449,false,false,false,false
mz5zl36lyl,0.9094,1.361,0.5193,0.7975,false,false,false,false
i5tvqmqjo0,0.8774,0.591,0.2938,0.2321,false,false,false,false
5sddijeoaj,0.8676,0.719,0.2433,0.38,false,false,false,false
o105nrx4bz,0.8838,1.022,0.3346,0.6421,false,false,false,false
8z5lnqyanv,0.8563,0.51,0.196,0.138,false,false,false,false
tniywxmtn7,0.903,1.431,0.4716,0.8185,false,false,false,false
fohjk8ms0a,0.9363,1.584,0.7319,0.8558,false,false,false,false
w91ud0n7xc,0.9459,1.689,0.8001,0.8784,false,false,false,false
jrdlscwpa5,0.9694,0.895,0.9272,0.5468,true,false,false,false
g72mfxaupd,0.9083,0.995,0.5096,0.6251,false,false,false,false
v8ilg1wy2p,0.8968,0.862,0.4275,0.5183,false,false,false,false
anwqtmzvvd,0.9508,0.612,0.8311,0.2569,false,false,false,false
ntkmanz42m,0.9817,2.186,0.9739,0.9305,true,false,false,true
jrwdbq2c4b,0.8712,1.018,0.2621,0.6396,false,false,false,false
1pbq0e8tle,0.9404,32.582,0.7632,0.9961,false,false,false,true
h8l1kb3dhk,0.965,0.66,0.9055,0.313,true,false,false,false
dla478r7sv,0.8785,1.378,0.3009,0.803,false,false,false,false
lx1ukinjg2,0.8979,1.12,0.4338,0.6971,false,false,false,false
ufswu1mzcr,0.8958,1.723,0.4204,0.8844,false,false,false,false
fgccnl5op3,0.9933,284.826,0.9985,0.9994,true,false,false,true
p5bqi1okog,0.9228,0.678,0.6301,0.331,false,false,false,false
23awhp7u74,0.9978,36.734,1,0.9967,true,false,false,true
aww9d03p47,0.8394,0.45,0.1326,0.0798,false,false,true,false
ir1q2nvlex,0.9826,0.698,0.9765,0.356,true,false,false,false
uaf5o7exfo,0.8632,0.897,0.2252,0.5481,false,false,false,false
dky1urm8kv,0.9361,2.025,0.7303,0.9195,false,false,false,true
6ldnr7smo3,0.9495,0.412,0.821,0.0483,false,false,true,false
jjf628hcxu,0.9656,1.919,0.9091,0.9081,true,false,false,true
12lcdi6juf,0.928,0.346,0.6656,0.0146,false,false,true,false
ipm6bb5em5,0.8324,0.99,0.1126,0.6219,false,false,false,false
sx2akwgpvu,0.9857,1.697,0.9872,0.8797,true,false,false,false
fyr5h54ybo,0.9518,2.297,0.8381,0.9369,false,false,false,true
nn852a2sah,0.9359,0.481,0.7291,0.1093,false,false,false,false
c8aot1jfmq,0.9228,0.816,0.6308,0.4788,false,false,false,false
9au6k0fxuv,0.9857,0.964,0.9872,0.603,true,false,false,false
sqbryh3pdj,0.9327,2.057,0.704,0.9215,false,false,false,true
6nnicj6oqc,0.8596,0.71,0.2089,0.3702,false,false,false,false
iozsc0128z,0.9108,0.708,0.5314,0.3686,false,false,false,false
86fsc4p25d,0.9109,0.664,0.5338,0.3161,false,false,false,false
ocq0x34f0k,0.7681,0.413,0.0214,0.0492,false,true,true,false
yj0syzuh2w,0.9585,0.938,0.8748,0.5827,false,false,false,false
ihljuwqls4,0.8535,67.867,0.183,0.9977,false,false,false,true
zu4thkgfwa,0.8817,0.686,0.3186,0.3415,false,false,false,false
2ps6jkw22s,0.9189,2.556,0.5965,0.9489,false,false,false,true
ingmgpnabv,0.9527,0.574,0.8442,0.212,false,false,false,false
noeaelesw8,0.9701,0.944,0.929,0.589,true,false,false,false
26shztu3pi,0.8639,0.768,0.2278,0.4351,false,false,false,false
xl2n9lxf7g,0.9667,1.287,0.9152,0.7711,true,false,false,false
j9deu1ehpl,0.8573,1.06,0.1999,0.6663,false,false,false,false
obc1uhe9ro,0.8476,1.378,0.1597,0.8031,false,false,false,false
vbvu9mkz6z,0.9715,1.694,0.9369,0.8791,true,false,false,false
au2vtyqcrx,0.8798,0.808,0.3074,0.4718,false,false,false,false
xv5n2o0bdl,0.8949,0.965,0.4125,0.6033,false,false,false,false
imk4hagv42,0.9039,0.91,0.4785,0.5589,false,false,false,false
clxzcypd5l,0.9277,1.093,0.6638,0.685,false,false,false,false
fdu1zbvv21,0.8241,0.468,0.0927,0.0942,false,true,true,false
5dnk604bgv,0.955,1.315,0.8554,0.7831,false,false,false,false
lhzx1ft7xk,0.8824,0.759,0.323,0.4252,false,false,false,false
6w6gp8swdd,0.9094,1.093,0.5194,0.6848,false,false,false,false
f26ufv1wvu,0.8845,1.453,0.3383,0.8239,false,false,false,false
qgvkqy6gxm,0.932,0.528,0.6995,0.1576,false,false,false,false
mb21pa1i1u,0.8827,0.684,0.3253,0.3391,false,false,false,false
1fk3etw51c,0.9621,0.813,0.8931,0.4764,false,false,false,false
fpm905miyh,0.9016,0.67,0.4611,0.3217,false,false,false,false
koebjmuhlc,0.9559,0.702,0.8619,0.3604,false,false,false,false
6d4l2bn81z,0.9462,0.799,0.8018,0.4646,false,false,false,false
hha6urg7di,0.8533,0.682,0.1819,0.3366,false,false,false,false
3f2gohz2ux,0.9267,0.957,0.6569,0.5977,false,false,false,false
9pscw00j1r,0.8912,0.744,0.3832,0.4081,false,false,false,false
ocxnmn8ooz,0.885,0.994,0.3422,0.6247,false,false,false,false
ux70ffot2r,0.9676,0.745,0.9193,0.4088,true,false,false,false
7kt5qs5di6,0.9024,0.92,0.4682,0.5684,false,false,false,false
mz6rh9mh1s,0.9098,0.79,0.5227,0.4549,false,false,false,false
0yvfrqw1lr,0.9535,0.423,0.8486,0.0562,false,false,true,false
qvykvh2tft,0.8952,0.661,0.4143,0.3137,false,false,false,false
kek3pv2c3s,0.9441,0.725,0.7864,0.3858,false,false,false,false
uweuu2ozse,0.9205,0.638,0.6089,0.2873,false,false,false,false
693fljrprb,0.9621,1.176,0.8935,0.7239,false,false,false,false
lo0ebch3n9,0.9187,0.545,0.5954,0.1775,false,false,false,false
wnypt1bypb,0.9332,1.138,0.7082,0.7051,false,false,false,false
ag2aw6tkff,0.9274,0.289,0.6624,0.003,false,false,true,false
nr0q92eyk7,0.9232,1.517,0.6332,0.8416,false,false,false,false
9ff5o5cmu2,0.8824,0.651,0.3232,0.301,false,false,false,false
7wfrrhvg7z,0.9159,1.027,0.5711,0.6455,false,false,false,false
npi5r69iw7,0.8696,1.304,0.2531,0.7769,false,false,false,false
m4zthsha6y,0.8815,0.612,0.3172,0.2568,false,false,false,false
9ak2g8n79t,0.9536,0.84,0.8489,0.5003,false,false,false,false
qot9lko47j,0.8443,0.906,0.1489,0.5567,false,false,false,false
zys446b2ez,0.8866,1.851,0.3514,0.9004,false,false,false,true
xdop2a9lya,0.9448,1.52,0.792,0.8422,false,false,false,false
cdnmclhwds,0.9261,0.437,0.6512,0.0676,false,false,true,false
a2pogn3s12,0.9202,0.839,0.6069,0.4991,false,false,false,false
6ne7a2i1mu,0.9543,1.668,0.8525,0.8743,false,false,false,false
k0cc92kyxy,0.9074,1.506,0.5013,0.8392,false,false,false,false
wf5s2n6xs9,0.9046,0.684,0.4839,0.3387,false,false,false,false
8lkptel9m7,0.9054,0.471,0.4894,0.099,false,false,true,false
e75ovjvb3p,0.8983,0.612,0.436,0.2571,false,false,false,false
6s22eltd58,0.8755,0.591,0.2821,0.2329,false,false,false,false
ettt4e8nz0,0.8985,0.902,0.4369,0.5523,false,false,false,false
hyxyswi2ii,0.9826,0.973,0.9765,0.6086,true,false,false,false
djx0kjngzm,0.951,0.866,0.8316,0.5226,false,false,false,false
tx81cjhv79,0.9731,0.826,0.9436,0.4864,true,false,false,false
aij9edp8h4,0.8855,0.956,0.3455,0.5962,false,false,false,false
fcjol62ube,0.8648,0.52,0.2318,0.1492,false,false,false,false
om8xydomi7,0.7979,0.374,0.0478,0.0249,false,true,true,false
2w0629yytw,0.9328,2.019,0.7049,0.919,false,false,false,true
36fumsaf5u,0.9085,1.031,0.5107,0.6477,false,false,false,false
o88vnl8lb7,0.915,0.497,0.5662,0.1227,false,false,false,false
h9fg1eixhq,0.9746,1.229,0.9481,0.7455,true,false,false,false
vw1smsc9w5,0.9847,1.757,0.9827,0.887,true,false,false,false
v2dv98zhfk,0.8753,3.427,0.2813,0.9703,false,false,false,true
xmvfwj1be9,0.9239,0.602,0.6389,0.244,false,false,false,false
1iifd47t4u,0.9355,0.922,0.7262,0.57,false,false,false,false
lu7dfkbick,0.902,1.009,0.4647,0.6342,false,false,false,false
rdfg66jd6d,0.7182,0.326,0.0054,0.0099,false,true,true,false
8r40m70vpp,0.9891,0.481,0.9939,0.1087,true,false,false,false
j8jppgjiao,0.8851,0.824,0.3426,0.4857,false,false,false,false
t1x35d1hqm,0.915,0.888,0.5653,0.541,false,false,false,false
gpskvniysw,0.8647,0.665,0.2304,0.3169,false,false,false,false
ulkwpuo20s,0.9591,0.913,0.8787,0.5613,false,false,false,false
8t3pk0k3hj,0.9508,0.86,0.8309,0.5162,false,false,false,false
mvv9srn2hq,0.8472,0.958,0.1584,0.5979,false,false,false,false
4l6xlttb9t,0.8292,1.895,0.1028,0.9048,false,false,false,true
kg0sanbmni,0.8842,0.741,0.3371,0.4053,false,false,false,false
swc2vvxmqx,0.9474,0.62,0.8088,0.267,false,false,false,false
gy3ldtjz00,0.9351,0.679,0.7225,0.3317,false,false,false,false
n8cug70jbb,0.9283,0.474,0.6694,0.1011,false,false,false,false
ahp4d8wagh,0.861,1.149,0.2149,0.7096,false,false,false,false
vza44ocl9g,0.9147,0.869,0.5633,0.5249,false,false,false,false
s58pr2520n,0.9515,0.506,0.8355,0.1315,false,false,false,false
qdoidbzx61,0.951,14.753,0.8317,0.9934,false,false,false,true
f64s70dvin,0.9279,0.823,0.6653,0.4843,false,false,false,false
dii15600s5,0.8143,0.615,0.072,0.2616,false,true,false,false
1dxa0idc8p,0.9401,1.399,0.7602,0.8101,false,false,false,false
ay3qd2zlzk,0.9032,0.976,0.4738,0.6117,false,false,false,false
yb6dinl27u,0.9297,0.633,0.6806,0.2817,false,false,false,false
z8bpu2vo6s,0.9091,1.644,0.5158,0.8696,false,false,false,false
k2tquwx5m8,0.9235,0.665,0.6359,0.3165,false,false,false,false
rqcu6glf02,0.9023,1.637,0.4679,0.8675,false,false,false,false
zxwgqrw15c,0.8182,1.489,0.0815,0.834,false,true,false,false
0rc58ubcpp,0.9354,1.045,0.7258,0.6573,false,false,false,false
a8mm830rgj,0.9762,1.799,0.953,0.8929,true,false,false,false
bpp3hg47or,0.9201,1.278,0.6055,0.7676,false,false,false,false
hy00em26al,0.9133,0.462,0.5526,0.0909,false,false,true,false
w9et52axxn,0.8851,1.833,0.3427,0.8982,false,false,false,false
yoxuym81iv,0.9142,1.248,0.5593,0.7541,false,false,false,false
2v0xzhjksb,0.923,1.445,0.632,0.8219,false,false,false,false
ip1bn5mg25,0.9684,0.742,0.9231,0.4059,true,false,false,false
nrdc2wohtf,0.8888,0.862,0.3647,0.519,false,false,false,false
w002tvf7fg,0.9185,1.692,0.5933,0.8789,false,false,false,false
n72xkimnhb,0.8927,0.631,0.3938,0.2796,false,false,false,false
bn7h8qqgnd,0.8761,0.556,0.2857,0.1926,false,false,false,false
6bcw60fk1j,0.9228,0.606,0.6302,0.2499,false,false,false,false
s1xif9pzuw,0.8656,0.882,0.2357,0.5363,false,false,false,false
tqzj0m0ntx,0.9613,1.677,0.8902,0.8759,false,false,false,false
e4kpr0qt2f,0.9132,1.259,0.5516,0.7603,false,false,false,false
nnab7lzb1z,0.9801,3.388,0.9674,0.9697,true,false,false,true
8b0u3pjqor,0.9581,0.625,0.8721,0.2719,false,false,false,false
1wiei0dxdj,0.9275,1.75,0.6625,0.8863,false,false,false,false
n7z1zem3it,0.9577,1.01,0.8703,0.6345,false,false,false,false
n9ftnvhevi,0.9411,1.049,0.7678,0.6605,false,false,false,false
3ag4mprhqr,0.9377,3.174,0.7431,0.9663,false,false,false,true
ru3vsfco97,0.966,0.941,0.9103,0.5867,true,false,false,false
awwniskuw3,0.8888,0.544,0.3643,0.1768,false,false,false,false
kq0785ppo7,0.964,0.681,0.9016,0.3351,true,false,false,false
9hisfymm6r,0.8954,0.943,0.4155,0.5874,false,false,false,false
nbwwmvdein,0.9169,0.981,0.5796,0.615,false,false,false,false
7qytxoyopf,0.9536,1.045,0.8492,0.6569,false,false,false,false
2ydbsy5x3g,0.9671,0.756,0.9166,0.4215,true,false,false,false
frd48zle58,0.8946,1.216,0.4104,0.7404,false,false,false,false
heaacg5n4b,0.9723,0.625,0.941,0.2723,true,false,false,false
rtlp9dwfuq,0.9589,2.713,0.8768,0.954,false,false,false,true
8kksjjxcmr,0.9661,0.811,0.9127,0.4741,true,false,false,false
wxrel6imqe,0.8262,0.705,0.0963,0.3647,false,true,false,false
3lrap4tl01,0.8972,1.612,0.4291,0.8619,false,false,false,false
ba3ce8h2dp,0.8719,0.797,0.2655,0.4632,false,false,false,false
5bt7gb9fe0,0.9667,0.755,0.9149,0.4197,true,false,false,false
mae9rsq7ir,0.9124,1.114,0.5458,0.6946,false,false,false,false
9auqkgshxt,0.9533,1.331,0.8465,0.7878,false,false,false,false
vg4au4yqzr,0.8901,2.161,0.3755,0.9293,false,false,false,true
jpep1o4pjo,0.9721,0.9,0.9389,0.5508,true,false,false,false
3wzvoz0frb,0.8945,0.381,0.41,0.0279,false,false,true,false
m3ehe24f8o,0.8154,0.562,0.0743,0.1977,false,true,false,false
tzy2fxwvwn,0.8534,1.143,0.1821,0.7078,false,false,false,false
b11f636q3u,0.9345,0.564,0.7182,0.1993,false,false,false,false
dbd16bbjex,0.9604,0.591,0.8848,0.2324,false,false,false,false
o6vfin00s7,0.9382,1.078,0.746,0.6751,false,false,false,false
rkcpui4nt2,0.8664,1.045,0.2388,0.6571,false,false,false,false
orhpuztf4a,0.9077,1.491,0.5037,0.8353,false,false,false,false
95prdeinut,0.8611,1.126,0.2162,0.7001,false,false,false,false
nsnlxr0ff3,0.8806,0.774,0.3112,0.4401,false,false,false,false
9djmg4b1b7,0.9204,0.319,0.6084,0.0084,false,false,true,false
6a6oa0l6lt,0.9307,0.83,0.6889,0.4908,false,false,false,false
7tbe4977ey,0.8891,0.681,0.3663,0.3357,false,false,false,false
brev49w3ko,0.9031,0.417,0.4724,0.0518,false,false,true,false
ib10megybw,0.9291,0.961,0.6751,0.6012,false,false,false,false
ghayg5vitl,0.9276,0.575,0.6632,0.2134,false,false,false,false
gyxqkr3gin,0.9701,2.371,0.929,0.9418,true,false,false,true
eant12k195,0.9476,1.866,0.8101,0.9015,false,false,false,true
ee6k953foh,0.8239,0.545,0.0923,0.1779,false,true,false,false
mw8r2owy6d,0.851,0.954,0.1716,0.5955,false,false,false,false
hmfyxmevtw,0.9216,3.201,0.6179,0.967,false,false,false,true
t4tfy58hf6,0.8576,0.639,0.2013,0.2889,false,false,false,false
0848jg6d2m,0.875,0.569,0.2795,0.2054,false,false,false,false
pk9eikeso8,0.9425,0.639,0.7775,0.2897,false,false,false,false
ni3sxgti0t,0.9224,0.361,0.6259,0.0188,false,false,true,false
f6vtayd4ho,0.9911,1.921,0.9954,0.9083,true,false,false,true
12mz4a04aq,0.9762,1.409,0.9533,0.8125,true,false,false,false
id2j0595za,0.9538,1.425,0.85,0.8172,false,false,false,false
7i9e4k0tyh,0.9185,2.138,0.5937,0.9275,false,false,false,true
uczeaoipoe,0.8407,0.612,0.1373,0.2572,false,false,false,false
yhas4t54z4,0.9559,1.027,0.8617,0.645,false,false,false,false
qzu4a4jkxt,0.877,0.429,0.2913,0.0615,false,false,true,false
s7yk20bjh6,0.8941,0.607,0.4064,0.2507,false,false,false,false
jfkwessp9h,0.8979,0.619,0.4336,0.2652,false,false,false,false
98ah7us4df,0.9035,0.441,0.4763,0.0713,false,false,true,false
00ehzp8a7e,0.9414,1.868,0.7699,0.9019,false,false,false,true
a2ufmviszi,0.7797,0.542,0.0297,0.1747,false,true,false,false
guuf0cgucq,0.9334,0.508,0.7098,0.1345,false,false,false,false
km0pur037g,0.9772,0.781,0.9575,0.4456,true,false,false,false
cansxehuwi,0.9516,0.555,0.8366,0.1905,false,false,false,false
0lw5x5ggzx,0.9022,0.411,0.4665,0.0478,false,false,true,false
y9uugbws7i,0.9109,0.684,0.5329,0.339,false,false,false,false
renbk2ecx6,0.901,0.47,0.456,0.0967,false,false,true,false
ybk90yrwyx,0.8596,1.466,0.2086,0.828,false,false,false,false
usnjcanhyf,0.9242,0.753,0.641,0.4176,false,false,false,false
fjz34ehczr,0.8971,1.489,0.4289,0.8345,false,false,false,false
zon8wiwohu,0.9457,0.718,0.7986,0.3785,false,false,false,false
4eskhpn1py,0.9108,0.862,0.5324,0.5189,false,false,false,false
vlltae7i9v,0.9086,0.77,0.5121,0.4372,false,false,false,false
2okdkuvk8v,0.9081,0.882,0.5066,0.5361,false,false,false,false
6dw4ii9hbz,0.8854,1.04,0.3444,0.6542,false,false,false,false
j5pn613911,0.95,0.827,0.8251,0.4881,false,false,false,false
fkd41hlx9t,0.9331,1.312,0.707,0.7819,false,false,false,false
i1s10li06g,0.8409,0.691,0.1376,0.3495,false,false,false,false
5wduyhf63w,0.9412,0.921,0.7685,0.5689,false,false,false,false
opu1ml3mbt,0.9912,4.636,0.9968,0.9801,true,false,false,true
gia5jfz1b1,0.9495,0.466,0.8218,0.0938,false,false,true,false
5kvrrzdy5t,0.8299,0.751,0.1053,0.4151,false,false,false,false
hfdq1m1r1e,0.9045,0.629,0.4832,0.2772,false,false,false,false
r872zoyvp9,0.9828,0.635,0.9775,0.2842,true,false,false,false
9lox32mlo0,0.9026,0.489,0.4691,0.1153,false,false,false,false
8ap03p1fyg,0.9071,0.549,0.4987,0.1821,false,false,false,false
c63ufx65rk,0.8834,2.595,0.3307,0.951,false,false,false,true
bkw288pd0h,0.9632,1.096,0.8983,0.6863,false,false,false,false
olu3at9npl,0.869,0.584,0.2492,0.2227,false,false,false,false
v5mpftfi5e,0.8584,0.478,0.205,0.1057,false,false,false,false
9kpr4qkprw,0.9122,0.579,0.5434,0.2178,false,false,false,false
icfy6elh68,0.9014,0.466,0.4599,0.0934,false,false,true,false
9d0zp1sl58,0.8764,0.799,0.2876,0.4647,false,false,false,false
oc6lklnxgy,0.8816,0.808,0.3184,0.4723,false,false,false,false
fuchhecc5t,0.8441,0.658,0.1485,0.3098,false,false,false,false
algpcxnm06,0.9076,0.744,0.5028,0.4079,false,false,false,false
eqrkk59cmr,0.9235,0.913,0.6357,0.5611,false,false,false,false
byhse9ewhs,0.9298,0.607,0.681,0.2513,false,false,false,false
uuxxjxcvat,0.9143,0.93,0.5599,0.5749,false,false,false,false
fizvtmegbe,0.9139,0.763,0.5571,0.4292,false,false,false,false
4kkq2yafo4,0.8414,0.415,0.1395,0.0507,false,false,true,false
et4rbgdj9v,0.9042,1.096,0.4811,0.686,false,false,false,false
8dz4x71g5w,0.9087,0.315,0.5132,0.0076,false,false,true,false
3t2f08r39d,0.9094,0.555,0.519,0.1906,false,false,false,false
00m5eq7obl,0.8567,0.57,0.1969,0.2065,false,false,false,false
06o9ksn1la,0.8005,1.465,0.0501,0.8279,false,true,false,false
mikavzyldu,0.9691,0.52,0.9261,0.1493,true,false,false,false
uxbr85613k,0.831,0.348,0.108,0.0153,false,false,true,false
jpxwysti1l,0.8957,1.136,0.4188,0.7041,false,false,false,false
suyl1schs8,0.965,0.934,0.9055,0.5794,true,false,false,false
h9l2rha7l5,0.9339,1.11,0.7143,0.6924,false,false,false,false
0uylh21aq6,0.8764,0.671,0.2873,0.3227,false,false,false,false
3aiamhqr2r,0.8979,0.688,0.4339,0.3454,false,false,false,false
jm3y1py89l,0.8999,0.57,0.4463,0.206,false,false,false,false
l24wvnqms6,0.9466,0.644,0.8034,0.2941,false,false,false,false
xufc9nig4n,0.9131,0.464,0.5506,0.0921,false,false,true,false
3pz74z6ce9,0.909,1.129,0.5153,0.7016,false,false,false,false
d2ujf650tq,0.9138,0.517,0.5557,0.1457,false,false,false,false
d3gevoyybj,0.8758,0.985,0.284,0.6178,false,false,false,false
49orryqx7t,0.9201,0.423,0.6051,0.0564,false,false,true,false
n3cy04ex3z,0.8521,0.503,0.1757,0.1274,false,false,false,false
xkyxm4ea3k,0.9009,0.581,0.4553,0.2195,false,false,false,false
mgv5a5r0l4,0.9013,0.807,0.4589,0.4712,false,false,false,false
3kd8qbzqzf,0.9435,0.758,0.7824,0.4237,false,false,false,false
mzc312fkpv,0.8536,0.558,0.184,0.1951,false,false,false,false
fkfxd88m02,0.7762,0.858,0.0279,0.5151,false,true,false,false
t9y06013la,0.8969,0.934,0.4281,0.5788,false,false,false,false
c4f8k23zp7,0.9732,0.567,0.9442,0.2029,true,false,false,false
4eilrh8f3r,0.8906,0.445,0.3784,0.0751,false,false,true,false
gcmr1k0wpt,0.9154,0.713,0.5682,0.3728,false,false,false,false
dcpqvpop6n,0.8937,1.545,0.4032,0.8483,false,false,false,false
o91hwk4obb,0.9168,0.734,0.5789,0.3972,false,false,false,false
n3uwue1xhf,0.901,0.976,0.4561,0.6118,false,false,false,false
60pwrob3lc,0.9282,0.731,0.6676,0.3934,false,false,false,false
ff32i0cbh5,0.9504,1.305,0.828,0.7773,false,false,false,false
v79ddjt9v7,0.9211,0.424,0.6142,0.0571,false,false,true,false
bpf5pccgqm,0.844,0.848,0.1477,0.5077,false,false,false,false
hw9ocbt7ch,0.9563,1.416,0.8641,0.8148,false,false,false,false
nl86pdx4v3,0.9284,0.742,0.6704,0.4065,false,false,false,false
otoesx6213,0.9217,0.52,0.6194,0.1479,false,false,false,false
hrcvkbkxy1,0.9587,1.822,0.8761,0.8969,false,false,false,false
qd2rgpmbvs,0.89,0.788,0.3738,0.4537,false,false,false,false
l73s1uruua,0.8742,0.875,0.2759,0.5292,false,false,false,false
45ncbvqj0x,0.8941,0.706,0.4063,0.3655,false,false,false,false
z5nwi7dk2p,0.9749,2.343,0.9487,0.9399,true,false,false,true
hvx7lf1pka,0.954,1.76,0.8511,0.8878,false,false,false,false
ui5g9i453u,0.9338,0.708,0.7138,0.3679,false,false,false,false
cfxy3mar9u,0.9712,0.704,0.9355,0.3623,true,false,false,false
w49mnrtw6i,0.9201,4.425,0.6057,0.979,false,false,false,true
t1erjiy5eu,0.8314,4.899,0.1095,0.9814,false,false,false,true
3vjbit95nz,0.8551,0.374,0.1908,0.0253,false,false,true,false
p9jcctj0fz,0.9911,1.368,0.9954,0.7994,true,false,false,false
jef9uhf69h,0.9341,0.552,0.7156,0.1862,false,false,false,false
s8td3ov5vf,0.8982,0.523,0.4354,0.1524,false,false,false,false
m7dh0nbhh7,0.9766,1.239,0.9562,0.7501,true,false,false,false
3si3haomnc,0.9243,0.703,0.6417,0.3615,false,false,false,false
jtkwt6rnii,0.8704,1.024,0.2578,0.643,false,false,false,false
0frqi79rf8,0.9369,0.913,0.7366,0.5607,false,false,false,false
yp52g3sctv,0.9263,1.097,0.6533,0.6872,false,false,false,false
2e2t6zufnd,0.9227,0.989,0.6294,0.6207,false,false,false,false
fbol6vrn0l,0.9519,0.794,0.8385,0.4596,false,false,false,false
9fbwc9jk30,0.8853,0.56,0.3434,0.1959,false,false,false,false
ocifza8veo,0.9088,0.902,0.5135,0.5526,false,false,false,false
4zs7b7hhld,0.9245,0.475,0.6426,0.1024,false,false,false,false
j5jatnji4l,0.9022,0.608,0.4669,0.2527,false,false,false,false
5epwkzxjoc,0.9466,1.133,0.8033,0.7033,false,false,false,false
q0rp9y2dev,0.9511,2.568,0.8324,0.9496,false,false,false,true
zc4s0jit1h,0.8664,0.507,0.2386,0.1326,false,false,false,false
ml7as3kkkk,0.7276,0.642,0.0073,0.2918,false,true,false,false
37uwid55hr,0.8499,1.12,0.1683,0.6969,false,false,false,false
d0hg88now3,0.9107,0.654,0.531,0.3054,false,false,false,false
r41ugku9n0,0.9606,0.52,0.8852,0.1489,false,false,false,false
nif59srg05,0.8497,1.191,0.167,0.729,false,false,false,false
0sp6000reb,0.8998,0.993,0.4458,0.6236,false,false,false,false
8c1yfp44b0,0.919,0.343,0.597,0.014,false,false,true,false
y4z9gaiek1,0.9811,0.92,0.9713,0.5687,true,false,false,false
9umpc3c1c5,0.9213,0.571,0.6154,0.2079,false,false,false,false
lg16ng194f,0.9239,0.634,0.6396,0.2835,false,false,false,false
ztew4k2ckf,0.913,0.554,0.5492,0.1894,false,false,false,false
936c9w9m1k,0.8481,15.896,0.1618,0.9939,false,false,false,true
49ue3yahae,0.9405,0.907,0.7634,0.5568,false,false,false,false
gp45qe9xbt,0.9653,0.827,0.9084,0.4882,true,false,false,false
60920fxdaj,0.9857,8.306,0.9872,0.9895,true,false,false,true
56roh0iafm,0.959,0.575,0.8771,0.213,false,false,false,false
t9bjezk7sy,0.8983,0.436,0.4361,0.067,false,false,true,false
y40qnwac5p,0.7844,0.385,0.0345,0.0305,false,true,true,false
ttgtzywvl6,0.9148,25.436,0.564,0.9954,false,false,false,true
oregx8vr1x,0.9395,1.762,0.756,0.8884,false,false,false,false
spfw28d26p,0.9296,0.71,0.6798,0.3699,false,false,false,false
nwbfxae1la,0.8372,1.108,0.1254,0.6914,false,false,false,false
xffnc6mfbp,0.9175,2.636,0.5838,0.9522,false,false,false,true
9ll2qtb8i1,0.9889,1.3,0.9917,0.7758,true,false,false,false
t4nfkczb0o,0.9087,0.383,0.5129,0.0291,false,false,true,false
x3271y2v9v,0.9092,1.48,0.5171,0.8319,false,false,false,false
jpv8uohmeh,0.9595,0.459,0.8808,0.088,false,false,true,false
urrl1mo3ha,0.907,1.115,0.4984,0.695,false,false,false,false
9h6yu6nmtd,0.8659,0.831,0.2364,0.4927,false,false,false,false
k9e6hjwlf8,0.9847,2.312,0.9834,0.9384,true,false,false,true
46jy6nluvx,0.9321,0.881,0.6998,0.5349,false,false,false,false
773gndqw9r,0.942,0.803,0.7725,0.469,false,false,false,false
x89098q7wh,0.9549,0.667,0.8552,0.3195,false,false,false,false
so7tn5ngij,0.9383,2.757,0.7472,0.9558,false,false,false,true
a6fu6etip5,0.898,1.051,0.4345,0.6617,false,false,false,false
qjn2vf16mj,0.9249,0.778,0.6446,0.4433,false,false,false,false
9c0vz9i5bp,0.9321,1.692,0.6997,0.879,false,false,false,false
1mm0hlxtbb,0.8891,0.879,0.3665,0.5334,false,false,false,false
p33pxzqcww,0.9006,1.134,0.4534,0.7037,false,false,false,false
7kxjshnvac,0.9144,0.838,0.561,0.4983,false,false,false,false
uhyfn6o5wo,0.9712,2.223,0.9358,0.9322,true,false,false,true
9cru1jpawq,0.884,0.797,0.3361,0.4626,false,false,false,false
w627w8f8j0,0.8021,1.147,0.0526,0.7088,false,true,false,false
wyw6r8djtf,0.9522,1.167,0.8398,0.7181,false,false,false,false
rh0ngn3a0l,0.8774,0.83,0.2937,0.4923,false,false,false,false
7pua86rr5l,0.8854,1.593,0.3445,0.8574,false,false,false,false
yl2ujhq608,0.9215,1.345,0.6168,0.7924,false,false,false,false
2ux7bavedw,0.919,0.9,0.5976,0.5506,false,false,false,false
mjmgg2ifgz,0.8879,0.811,0.36,0.4747,false,false,false,false
33kxtwekea,0.9096,0.714,0.5202,0.3744,false,false,false,false
mipk1uko30,0.8675,1.315,0.2427,0.7837,false,false,false,false
4k830w7thb,0.8104,0.687,0.0653,0.3433,false,true,false,false
37nsz0496v,0.7503,0.57,0.0135,0.2067,false,true,false,false
0acwi9pn4f,0.8741,0.605,0.2752,0.2478,false,false,false,false
14ppgwl1za,0.9226,0.901,0.6288,0.5519,false,false,false,false
wu912s9oz7,0.7694,0.701,0.0222,0.3589,false,true,false,false
jssler9n18,0.7111,0.611,0.0041,0.2553,false,true,false,false
7klbcs0idt,0.8393,0.565,0.1323,0.201,false,false,false,false
mkfo82xbiq,0.9167,0.772,0.5776,0.4386,false,false,false,false
91yj1oiy7v,0.9004,1.49,0.4505,0.8349,false,false,false,false
i2kkaqlm1i,0.9628,0.368,0.8961,0.0222,false,false,true,false
6069659suz,0.9201,1.003,0.6053,0.6312,false,false,false,false
ftabiibb40,0.938,1.107,0.7453,0.691,false,false,false,false
je34nmzchi,0.9148,0.564,0.5644,0.2004,false,false,false,false
3m56dg1j4w,0.9566,1.554,0.8649,0.8501,false,false,false,false
tolz91v371,0.6854,0.828,0.0025,0.4892,false,true,false,false
3f8hwoymc2,0.7873,0.738,0.037,0.4013,false,true,false,false
8um2yuy70g,0.97,0.446,0.9284,0.0769,true,false,true,false
igv71ea0yo,0.9706,1.212,0.9323,0.7389,true,false,false,false
3nvxcy5ww0,0.875,2.842,0.279,0.9587,false,false,false,true
7o908xtowv,0.8942,1.798,0.4067,0.8928,false,false,false,false
31ebebz05u,0.8498,0.623,0.1676,0.2701,false,false,false,false
1pnq2q0m75,0.9202,0.948,0.6063,0.5917,false,false,false,false
yb30tinocp,0.961,0.827,0.8866,0.4879,false,false,false,false
5j0dgj4u7y,0.9248,0.607,0.6437,0.2516,false,false,false,false
rnp05euus9,0.9129,96.903,0.5486,0.9981,false,false,false,true
pzo5b43wmd,0.9576,1.691,0.8697,0.8786,false,false,false,false
neh7yt10rc,0.9131,2.262,0.5508,0.9341,false,false,false,true
iivdr4amtr,0.8402,0.795,0.1347,0.461,false,false,false,false
eqqdzn0y4e,0.9571,1.054,0.8668,0.6631,false,false,false,false
9dfyvceifh,0.9046,0.338,0.484,0.0127,false,false,true,false
no4v8teqim,0.9239,0.977,0.6393,0.6122,false,false,false,false
i7amdymq60,0.8197,0.48,0.084,0.1076,false,true,false,false
mr1dw1cfvg,0.8127,0.631,0.0692,0.2781,false,true,false,false
ngqb3sd7n9,0.9418,0.769,0.7721,0.4367,false,false,false,false
7xzgsg8p45,0.9502,0.656,0.8264,0.3067,false,false,false,false
gjb5hli7e2,0.8701,1.016,0.2558,0.6385,false,false,false,false
a5xnnp1l9k,0.9562,1.138,0.8635,0.7056,false,false,false,false
jb8zzxuig1,0.9215,0.415,0.6169,0.0508,false,false,true,false
c8sk5t532q,0.872,0.517,0.2661,0.1448,false,false,false,false
gvsqf3t2m1,0.9228,0.638,0.6298,0.2882,false,false,false,false
0fnqg0d5wn,0.938,0.556,0.7451,0.1919,false,false,false,false
fdgsd3ixjf,0.9583,2.792,0.8739,0.9572,false,false,false,true
yyxpn7oa3r,0.9124,0.794,0.5455,0.4597,false,false,false,false
fsh9bvqlii,0.7943,0.477,0.0435,0.1047,false,true,false,false
r9a43oez2e,0.8689,0.678,0.2487,0.3307,false,false,false,false
t0bpldw218,0.9307,0.637,0.6888,0.2868,false,false,false,false
9tjlhgpnpj,0.8428,1.459,0.1446,0.8261,false,false,false,false
h2v05rqciq,0.8356,1.007,0.122,0.6332,false,false,false,false
phry1uzwph,0.9313,0.74,0.6943,0.4032,false,false,false,false
bz9ouqkei2,0.878,0.506,0.2981,0.131,false,false,false,false
sd6r1j3ltq,0.8839,0.575,0.3353,0.2133,false,false,false,false
zss4jb4gd0,0.8562,0.52,0.1953,0.1478,false,false,false,false
1rmxvbz5i7,0.9048,0.531,0.4858,0.1612,false,false,false,false
wpl8r4kyv9,0.928,0.557,0.6658,0.1928,false,false,false,false
34d59uzwyo,0.8867,0.548,0.3521,0.1808,false,false,false,false
8fy2exkai6,0.7968,0.392,0.0468,0.0351,false,true,true,false
smr3lu83w8,0.7512,0.899,0.0138,0.5502,false,true,false,false
efd6q16aqe,0.882,0.626,0.3209,0.2732,false,false,false,false
897a7kztsf,0.9286,1.357,0.6725,0.796,false,false,false,false
qhbuqg8kau,0.8825,0.691,0.3237,0.3489,false,false,false,false
9tsywwuoqe,0.8894,0.37,0.3694,0.0233,false,false,true,false
7fetkdtdop,0.967,1.007,0.916,0.6331,true,false,false,false
82fsr6h5d5,0.8101,0.349,0.0648,0.0155,false,true,true,false
mh4ixibr1z,0.8318,0.94,0.1102,0.5842,false,false,false,false
t7aek7vpze,0.9331,1.471,0.7069,0.8298,false,false,false,false
3l91gd429k,0.8499,0.428,0.1684,0.0609,false,false,true,false
lz4wg947p3,0.932,0.982,0.6983,0.6156,false,false,false,false
24vhv4wtbs,0.8636,0.515,0.2263,0.1427,false,false,false,false
yuv5t6id5x,0.9118,0.656,0.5397,0.3071,false,false,false,false
2qfksncts8,0.8211,0.435,0.0868,0.0655,false,true,true,false
rl97jvh5c0,0.7889,0.573,0.0377,0.2098,false,true,false,false
jlhs1gdkl9,0.8963,0.327,0.4235,0.0102,false,false,true,false
09sm8r53l3,0.8492,0.645,0.1651,0.2948,false,false,false,false
4p8pn8uudr,0.9552,2.056,0.8583,0.9214,false,false,false,true
st3g6z9jlk,0.8938,0.799,0.4035,0.4651,false,false,false,false
7o5io1xom1,0.963,1.469,0.8969,0.829,false,false,false,false
pfqvifmxpb,0.921,0.982,0.6132,0.6154,false,false,false,false
a587t2ri9r,0.9338,0.604,0.7139,0.247,false,false,false,false
7z4zo5rm02,0.729,0.594,0.0077,0.2346,false,true,false,false
u2x182xnd7,0.9295,0.618,0.679,0.2645,false,false,false,false
tc7d3wxwi0,0.7532,1.332,0.0144,0.7885,false,true,false,false
9jnx28fouo,0.8806,0.529,0.3107,0.1594,false,false,false,false
jax31d3aub,0.9134,0.313,0.5535,0.0073,false,false,true,false
2a6hdouw13,0.932,0.657,0.6991,0.3092,false,false,false,false
5vxkh22q7g,0.8215,0.536,0.0874,0.1672,false,true,false,false
1btiyffpys,0.9805,0.694,0.9707,0.3523,true,false,false,false
c1hs85x3il,0.9454,5.617,0.7962,0.9847,false,false,false,true
lwkp5kzd0d,0.8924,0.365,0.3923,0.0203,false,false,true,false
jryll172kk,0.9805,1.436,0.9688,0.8199,true,false,false,false
9wr0v26f4c,0.8373,1.612,0.1257,0.862,false,false,false,false
95sblaasau,0.9123,0.615,0.545,0.2611,false,false,false,false
g0ksdhesbq,0.9793,0.671,0.9653,0.323,true,false,false,false
8r6glnxtdf,0.8352,0.531,0.1206,0.1609,false,false,false,false
fvbmu2wxyn,0.9762,0.548,0.9532,0.1804,true,false,false,false
mr84zu3h5q,0.964,0.628,0.9007,0.2761,true,false,false,false
613lneq9b9,0.8657,0.79,0.2359,0.455,false,false,false,false
m9tehgfuim,0.933,0.633,0.7062,0.2815,false,false,false,false
mk9sigrgsf,0.9074,0.454,0.5016,0.0836,false,false,true,false
9sznoolhsq,0.9573,1.586,0.8681,0.8561,false,false,false,false
6w3l2j9f84,0.8075,0.683,0.0611,0.3372,false,true,false,false
7f8px2boap,0.9674,0.487,0.9185,0.1136,true,false,false,false
8n48k2jfak,0.8666,0.69,0.2398,0.3474,false,false,false,false
6j71y8mcz5,0.8738,0.614,0.2741,0.2604,false,false,false,false
q3fzbidbbi,0.8329,1.774,0.1141,0.8903,false,false,false,false
2kuc249q2w,0.8417,0.308,0.1404,0.0064,false,false,true,false
pk1axjkdz8,0.8635,1.388,0.226,0.8069,false,false,false,false
3zb8f6n8t0,0.8541,0.603,0.1858,0.2448,false,false,false,false
vdh7232z7d,0.8963,0.552,0.4238,0.1869,false,false,false,false
87y3d3gl2h,0.9195,2.594,0.602,0.9508,false,false,false,true
lfc1j9cnqr,0.9447,0.689,0.7917,0.3463,false,false,false,false
yl3oqyzi8y,0.8931,0.947,0.3974,0.5911,false,false,false,false
7skgr4hku0,0.9702,0.511,0.9312,0.1388,true,false,false,false
zzgwyzu0oi,0.9352,0.757,0.7236,0.4233,false,false,false,false
8kh95hpjcb,0.898,0.413,0.4349,0.0495,false,false,true,false
uz2pz02ib2,0.9055,1.132,0.49,0.7029,false,false,false,false
uzb38mckr8,0.9731,1.583,0.9429,0.8555,true,false,false,false
6mqntcyt2h,0.9312,0.906,0.6932,0.5566,false,false,false,false
pypvyu4eeb,0.9754,1.541,0.9515,0.8467,true,false,false,false
lbgbbu33cm,0.9445,0.822,0.7902,0.4832,false,false,false,false
oje5lj3bjj,0.9524,0.673,0.8414,0.3259,false,false,false,false
0dh6p5aa0q,0.9161,0.502,0.5727,0.1268,false,false,false,false
tah7o8fmr6,0.8992,1.569,0.4422,0.8532,false,false,false,false
nv4n837wql,0.9092,0.63,0.5173,0.2775,false,false,false,false
gdu1lnewbf,0.8188,1.306,0.0826,0.7788,false,true,false,false
i25k8k5cd8,0.8673,0.34,0.2417,0.0133,false,false,true,false
4ec8k4s28k,0.9653,0.537,0.9083,0.1674,true,false,false,false
q820qmsmoe,0.9308,1.391,0.6904,0.8077,false,false,false,false
uibjzpqqo6,0.9428,0.706,0.7795,0.3661,false,false,false,false
ryyi09n3b4,0.9636,0.425,0.8997,0.0575,false,false,true,false
wlnnij3ipo,0.9121,0.99,0.5429,0.6215,false,false,false,false
1hqv2b924u,0.8886,0.922,0.3636,0.5693,false,false,false,false
6153vhbyut,0.9174,0.832,0.5835,0.4944,false,false,false,false
iczz4jrnrh,0.9312,1.083,0.6928,0.6777,false,false,false,false
1a1n50uv51,0.8641,0.804,0.2281,0.4693,false,false,false,false
o1rmd3qcuh,0.8995,0.522,0.4438,0.151,false,false,false,false
ybsrkgkqtx,0.9438,0.706,0.7845,0.3658,false,false,false,false
gahya97gn2,0.8443,0.56,0.1491,0.196,false,false,false,false
piwgy5eq6z,0.9322,4.236,0.7008,0.9772,false,false,false,true
l1kwbiipvr,0.7721,0.692,0.0247,0.3499,false,true,false,false
6f74d38avu,0.7911,0.527,0.0406,0.1569,false,true,false,false
iontvnlawe,0.9818,1.03,0.9742,0.6472,true,false,false,false
pl5f8rn2p1,0.9469,0.65,0.8062,0.3003,false,false,false,false
mijtu06tt3,0.9281,0.679,0.6674,0.3325,false,false,false,false
19t33yw05u,0.9673,0.415,0.9178,0.0506,true,false,true,false
hvk5fbxo5s,0.9162,1.687,0.5737,0.8782,false,false,false,false
b9e3ohhbrk,0.9423,0.945,0.7761,0.5893,false,false,false,false
h4xdshbkru,0.8749,1.37,0.2784,0.8004,false,false,false,false
smax3fe475,0.97,0.826,0.9287,0.4871,true,false,false,false
ku74gs8kdv,0.831,0.776,0.1083,0.4408,false,false,false,false
w2mvahxryy,0.7367,0.691,0.0094,0.3487,false,true,false,false
mbgoz75a91,0.9093,0.669,0.518,0.3213,false,false,false,false
x7z64gokbb,0.8769,0.492,0.2909,0.1174,false,false,false,false
24k4ch9gj8,0.8541,0.961,0.1855,0.6009,false,false,false,false
4ocfdp7q4r,0.9041,1.489,0.4805,0.8342,false,false,false,false
m2kl1tdas8,0.958,0.465,0.8719,0.0927,false,false,true,false
a3kjkn3bp9,0.8673,0.437,0.2415,0.0689,false,false,true,false
5nzaf9p8kh,0.8399,0.488,0.134,0.1145,false,false,false,false
b59qaj0a68,0.9341,0.687,0.7152,0.3429,false,false,false,false
1tuugot0of,0.9226,1.923,0.6281,0.9086,false,false,false,true
i691475fr3,0.8841,0.389,0.3366,0.0332,false,false,true,false
re10vjs0gr,0.9107,1.556,0.5306,0.8503,false,false,false,false
hslnt7lm4t,0.9389,0.948,0.7515,0.5918,false,false,false,false
tg0jdlh4l6,0.9362,0.39,0.7312,0.0337,false,false,true,false
2kqt5qsq01,0.922,0.367,0.6234,0.022,false,false,true,false
8rz4b3njkp,0.823,0.619,0.0903,0.2647,false,true,false,false
tm0thqx39k,0.8113,0.482,0.0664,0.1102,false,true,false,false
glq55dtluv,0.9487,1.063,0.816,0.6676,false,false,false,false
g0wlf7mt3v,0.9826,4.278,0.9765,0.9776,true,false,false,true
7ybjenj6wu,0.9144,0.632,0.5606,0.2801,false,false,false,false
s891ad9l19,0.9498,33.182,0.8233,0.9963,false,false,false,true
tx7k2r4nfm,0.9012,0.997,0.4579,0.6262,false,false,false,false
dj5eyvip0d,0.8602,0.759,0.2119,0.4255,false,false,false,false
apb19aqofc,0.8849,0.494,0.3412,0.1198,false,false,false,false
jaagtmj5tn,0.9671,0.712,0.917,0.3719,true,false,false,false
f2p7d2baug,0.9115,0.412,0.5372,0.0482,false,false,true,false
i2sxfxyvvm,0.8418,0.755,0.1412,0.4187,false,false,false,false
tsh7egb6ag,0.9022,1.136,0.4671,0.7042,false,false,false,false
syfacpyvzx,0.883,0.479,0.3284,0.1069,false,false,false,false
fhr174q6tg,0.8959,0.729,0.4213,0.3909,false,false,false,false
c6mulczg77,0.9336,0.653,0.712,0.3042,false,false,false,false
hecmr0cov0,0.9191,0.831,0.5991,0.4934,false,false,false,false
fv4pgkbgrn,0.8838,0.633,0.3342,0.2819,false,false,false,false
g27fr86pmp,0.9248,0.881,0.6439,0.5345,false,false,false,false
6tcmwo41kg,0.966,0.772,0.9108,0.4389,true,false,false,false
3ynzrkn6ap,0.969,0.525,0.9253,0.1544,true,false,false,false
fpjm77lzbu,0.817,0.722,0.0783,0.3831,false,true,false,false
h6g1pfextn,0.9105,0.62,0.5285,0.2669,false,false,false,false
d14lz8bj8n,0.7605,0.833,0.0182,0.4945,false,true,false,false
j8of88v1hn,0.8915,0.696,0.3847,0.3536,false,false,false,false
u4qdkjrxl7,0.9091,0.82,0.516,0.4822,false,false,false,false
qc5ai1xlbu,0.9369,0.542,0.7368,0.1741,false,false,false,false
t0hhusylzl,0.9565,1.101,0.8645,0.6886,false,false,false,false
gysbi6skza,0.9484,2.24,0.8139,0.9327,false,false,false,true
2iurgdvjql,0.7202,0.977,0.0057,0.612,false,true,false,false
zywnkj0zj3,0.9308,1.195,0.6906,0.7308,false,false,false,false
1broxvzkap,0.9459,0.688,0.8004,0.3441,false,false,false,false
xpbhmhgnt1,0.9524,1.066,0.8418,0.6692,false,false,false,false
4phqfz7zt0,0.9181,0.456,0.5896,0.0851,false,false,true,false
b7r1m3omsq,0.9458,0.736,0.7991,0.399,false,false,false,false
jgq7ze12fc,0.9168,0.744,0.5781,0.4075,false,false,false,false
i1f0thv494,0.9701,0.941,0.9294,0.585,true,false,false,false
ov3t3t59ur,0.8874,0.74,0.3575,0.403,false,false,false,false
xw6kdfo3ub,0.8542,0.573,0.1859,0.2103,false,false,false,false
nu3vlqxz09,0.8965,0.739,0.4252,0.4023,false,false,false,false
q7p3tfk6vg,0.9978,5.34,1,0.9836,true,false,false,true
08ehndqvrb,0.9533,0.844,0.8462,0.5027,false,false,false,false
7qr9l99v5x,0.9214,0.953,0.6164,0.5948,false,false,false,false
l9s1u6foua,0.8682,0.531,0.2449,0.1613,false,false,false,false
8ugly7dtxo,0.8402,0.533,0.1348,0.1633,false,false,false,false
zxeyym28bo,0.8748,0.647,0.2778,0.297,false,false,false,false
cflptrpfu3,0.9774,0.916,0.9595,0.5633,true,false,false,false
s5an5mf3z4,0.964,1.577,0.9021,0.8545,true,false,false,false
n1p55jpago,0.8808,0.648,0.3128,0.2981,false,false,false,false
89skgbcnq4,0.8978,0.683,0.4333,0.3369,false,false,false,false
22xdm6f148,0.9312,1.01,0.6936,0.6348,false,false,false,false
2xohmc6l6f,0.8313,0.482,0.1094,0.11,false,false,false,false
j6gpakdgkx,0.9432,1.658,0.7816,0.8728,false,false,false,false
20v0ad52bb,0.9183,0.425,0.5912,0.0582,false,false,true,false
qj2qooa2u1,0.8661,0.51,0.2373,0.137,false,false,false,false
yg1z83b1an,0.9848,1.254,0.9843,0.7573,true,false,false,false
gygp74p58w,0.9083,0.487,0.5089,0.1134,false,false,false,false
7pmefo27gn,0.9723,3.755,0.9412,0.9738,true,false,false,true
tlgzz6uah9,0.909,0.823,0.5154,0.4842,false,false,false,false
0s3felj3i1,0.9486,1.172,0.8154,0.7211,false,false,false,false
jpq8zdm6aw,0.8765,0.665,0.2879,0.317,false,false,false,false
9cm04zmmk1,0.9041,0.665,0.4809,0.3166,false,false,false,false
7abxvvi1ax,0.9617,0.869,0.8916,0.5242,false,false,false,false
2mzpevwc4z,0.9581,1.492,0.8724,0.8358,false,false,false,false
a808s32ulh,0.8835,0.554,0.3321,0.1884,false,false,false,false
7e3ls00ngu,0.8422,0.623,0.143,0.2705,false,false,false,false
nutb83qubf,0.8843,0.725,0.3376,0.3867,false,false,false,false
7i9xpd699z,0.871,0.395,0.2598,0.0383,false,false,true,false
qplpsqz141,0.989,1.829,0.9928,0.8978,true,false,false,false
92jwd1weef,0.9784,0.65,0.9621,0.2996,true,false,false,false
nn2funegby,0.857,0.726,0.1988,0.3875,false,false,false,false
zgulewjpf9,0.9236,0.484,0.6367,0.1113,false,false,false,false
r394mt020r,0.9652,1.471,0.9076,0.8297,true,false,false,false
7a3j8u8ha2,0.8911,0.495,0.382,0.121,false,false,false,false
50pm6cjyc3,0.893,0.768,0.3967,0.4343,false,false,false,false
20bzyzbimm,0.9955,33.23,0.9996,0.9964,true,false,false,true
svo3c2f4do,0.9421,1.418,0.7741,0.8154,false,false,false,false
qnbm5kcgst,0.8271,0.691,0.0985,0.3496,false,true,false,false
qh2w8v8dww,0.841,0.508,0.1381,0.1339,false,false,false,false
nt6011iw50,0.8975,0.687,0.4314,0.3434,false,false,false,false
lckw2em5l3,0.9216,1.256,0.6182,0.7584,false,false,false,false
jolg32evsv,0.9802,0.937,0.9675,0.5818,true,false,false,false
qdfbttbw87,0.9133,1.707,0.552,0.8809,false,false,false,false
pqujga862z,0.8902,0.651,0.3759,0.3007,false,false,false,false
1rguq9r9z9,0.9702,0.981,0.9312,0.6149,true,false,false,false
fpddicc8nn,0.7843,417.285,0.0344,0.9997,false,true,false,true
6ht12qw9up,0.9583,1.217,0.8737,0.7407,false,false,false,false
31bzyqv1o9,0.8467,0.395,0.1561,0.038,false,false,true,false
xn0jhv0zm5,0.9413,1.135,0.7694,0.7038,false,false,false,false
m949u85oym,0.9784,1.51,0.9634,0.8398,true,false,false,false
3txu1s433n,0.8857,1.2,0.3467,0.7328,false,false,false,false
7ekqpwssqr,0.7836,0.726,0.0338,0.3883,false,true,false,false
z5ql8u2h7c,0.9019,0.33,0.4642,0.0111,false,false,true,false
yqzvw5etcu,0.9163,0.391,0.5743,0.034,false,false,true,false
473oasuj17,0.954,0.516,0.8509,0.1437,false,false,false,false
s3j8y0anzy,0.7958,0.326,0.0453,0.0097,false,true,true,false
samwypyavp,0.964,0.549,0.9016,0.1812,true,false,false,false
39w2bp56jr,0.919,0.819,0.5979,0.4811,false,false,false,false
lskr0lwqr0,0.8545,0.74,0.187,0.4036,false,false,false,false
trmz1t6iku,0.8635,0.614,0.2261,0.2605,false,false,false,false
iuis2sfrpm,0.7444,2.352,0.012,0.94,false,true,false,true
zi0a2o7eh8,0.8035,0.599,0.0554,0.2387,false,true,false,false
s6tp3d737i,0.9356,0.628,0.7268,0.276,false,false,false,false
jrmtgtaur2,0.9923,9.25,0.9971,0.9906,true,false,false,true
ryp9qg82o3,0.8264,0.793,0.0973,0.4589,false,true,false,false
4bmo11rzz8,0.9475,1.176,0.8096,0.724,false,false,false,false
84y0uwbk9x,0.8214,0.941,0.087,0.5865,false,true,false,false
87b56rsw7j,0.7964,0.786,0.0463,0.4506,false,true,false,false
izbtup22qg,0.819,0.407,0.0832,0.045,false,true,true,false
fphserfe6m,0.8418,0.379,0.1415,0.0269,false,false,true,false
d6gnwe2n6j,0.9223,0.437,0.6258,0.0682,false,false,true,false
rd3di3npva,0.8911,0.686,0.3814,0.3409,false,false,false,false
mjpu8bp4uj,0.9465,1.193,0.8029,0.7297,false,false,false,false
zutytzkk95,0.8692,0.564,0.2506,0.2003,false,false,false,false
u7zykb6bd4,0.9194,0.587,0.6013,0.2277,false,false,false,false
qgno3mmdp1,0.8289,0.644,0.1021,0.2934,false,false,false,false
62x1xln02g,0.7743,0.707,0.0264,0.3669,false,true,false,false
zpbynalbrr,0.9129,0.696,0.5491,0.3538,false,false,false,false
5e2tg1ymah,0.8885,1.426,0.3628,0.8175,false,false,false,false
8pxy87b1sf,0.8131,0.744,0.0703,0.4083,false,true,false,false
ajhyalhsg6,0.8428,0.546,0.1445,0.1792,false,false,false,false
z24fb5qld6,0.8301,0.591,0.1057,0.2326,false,false,false,false
o0vc6h7s0b,0.9567,1.699,0.8655,0.8798,false,false,false,false
kmfhr2x5kn,0.9675,1.991,0.9188,0.916,true,false,false,true
bpfn9u1uiz,0.8659,0.721,0.2366,0.3814,false,false,false,false
kmrlcvr53k,0.9467,0.819,0.8036,0.4817,false,false,false,false
lz13adicny,0.7902,0.599,0.0392,0.2393,false,true,false,false
y947wtk5xo,0.7929,0.48,0.0417,0.1079,false,true,false,false
21j5z5oke3,0.8977,0.595,0.4329,0.2358,false,false,false,false
pt0bxwm69d,0.9334,0.792,0.7096,0.4575,false,false,false,false
vxp8697doq,0.9008,0.707,0.4549,0.3663,false,false,false,false
vkfd1e86nb,0.8013,0.557,0.0517,0.193,false,true,false,false
upn5i8xqa0,0.7228,0.376,0.0065,0.0257,false,true,true,false
4xd0em2nz0,0.9573,4.481,0.8685,0.9793,false,false,false,true
9blvfs0e4t,0.88,0.572,0.3078,0.209,false,false,false,false
9ku2tmcoih,0.9257,0.704,0.6491,0.3626,false,false,false,false
cu8z74y2r7,0.9451,0.703,0.7944,0.3612,false,false,false,false
zprkwposih,0.9059,0.947,0.493,0.591,false,false,false,false
t28ro33jeq,0.9153,0.435,0.5676,0.0666,false,false,true,false
i0v463sila,0.8647,1.308,0.2306,0.7795,false,false,false,false
of31jwmtr8,0.8175,0.726,0.0796,0.3879,false,true,false,false
yooevj079c,0.9116,1.988,0.5386,0.9156,false,false,false,true
mh6ukfewkt,0.8849,0.392,0.3413,0.0345,false,false,true,false
7cnnl0s2wj,0.8497,0.507,0.1669,0.1328,false,false,false,false
rby7jwis6j,0.8942,0.743,0.4074,0.4071,false,false,false,false
jgl9ro6noh,0.9857,1.81,0.9872,0.8952,true,false,false,false
mov5k8rdba,0.8962,1.41,0.4233,0.8132,false,false,false,false
y6ks9csi5z,0.9166,0.439,0.5769,0.0698,false,false,true,false
lj751gsw6c,0.9101,1.397,0.5248,0.8091,false,false,false,false
8kez6imnbp,0.881,0.363,0.314,0.0196,false,false,true,false
l7vmvu854w,0.8518,0.645,0.1745,0.2945,false,false,false,false
q7x29jdz73,0.9455,4.069,0.7972,0.976,false,false,false,true
3xf4v9rqzy,0.9113,0.608,0.5358,0.252,false,false,false,false
ah2a9q42x7,0.8517,0.671,0.1741,0.3224,false,false,false,false
48xlgf7y15,0.831,0.88,0.1082,0.5342,false,false,false,false
yxlo6a7ixu,0.8022,0.653,0.0535,0.3045,false,true,false,false
q997b1l5zt,0.857,0.382,0.1991,0.0287,false,false,true,false
mwguj4aei7,0.8597,1.002,0.2096,0.6302,false,false,false,false
mil4pxemfa,0.8842,0.52,0.3372,0.1481,false,false,false,false
sbcshhgp9a,0.9511,0.803,0.8326,0.4687,false,false,false,false
171xm3w10p,0.9352,0.337,0.7243,0.0124,false,false,true,false
je9ffiol53,0.7938,0.946,0.0428,0.5899,false,true,false,false
dxwzqaladk,0.8975,1.594,0.4309,0.8583,false,false,false,false
3g5nh88xg1,0.8717,0.537,0.2644,0.1681,false,false,false,false
vl51cn14ld,0.9034,0.474,0.4755,0.1017,false,false,false,false
w17kx15vo4,0.887,0.316,0.3549,0.0077,false,false,true,false
w7qf6zjxac,0.8938,0.968,0.4038,0.6053,false,false,false,false
spcsauocq2,0.9488,0.817,0.8172,0.4792,false,false,false,false
1es7mjwhnh,0.8483,0.775,0.1623,0.4405,false,false,false,false
g0avux4tvo,0.8661,0.505,0.237,0.1299,false,false,false,false
95zdlsd4sr,0.8707,0.8,0.2593,0.4658,false,false,false,false
k8odmra6c9,0.8659,0.63,0.2365,0.2779,false,false,false,false
bt6nl8b0jh,0.8848,0.648,0.3401,0.298,false,false,false,false
vlfkvr1j2k,0.9661,0.516,0.912,0.1434,true,false,false,false
sw4fif6aqd,0.9364,1.256,0.7323,0.7585,false,false,false,false
jvargmo3oe,0.9401,0.332,0.761,0.0113,false,false,true,false
urh7biykcw,0.8598,0.406,0.2098,0.0445,false,false,true,false
ndyjlt7vd6,0.9369,0.649,0.7362,0.2988,false,false,false,false
w1ci049iyc,0.8431,0.452,0.146,0.0825,false,false,true,false
1nsku8ddlz,0.9595,0.697,0.8811,0.3559,false,false,false,false
92nlw5hlih,0.9161,0.626,0.5729,0.273,false,false,false,false
c3t4tktr03,0.9003,2.366,0.4499,0.9416,false,false,false,true
3oszp5ojy0,0.8404,0.43,0.1362,0.0623,false,false,true,false
9cu9thrwsv,0.8574,0.96,0.2003,0.5991,false,false,false,false
5slzjxaghs,0.9911,17.873,0.9954,0.9942,true,false,false,true
aetmfnlc39,0.8667,0.498,0.24,0.1229,false,false,false,false
913ihxdz9u,0.8828,8.738,0.3268,0.9899,false,false,false,true
jxj26jdb3f,0.8901,0.514,0.3753,0.1421,false,false,false,false
rgscli9fgv,0.9007,0.988,0.4541,0.6198,false,false,false,false
p0el6z3hn9,0.8061,0.916,0.0586,0.5647,false,true,false,false
4dpgn9xwtg,0.888,0.366,0.3607,0.021,false,false,true,false
q1xk9vgwm1,0.9239,1.191,0.6388,0.7286,false,false,false,false
1aansxsxq8,0.8768,0.793,0.2898,0.4592,false,false,false,false
5dhx151age,0.892,0.677,0.3894,0.3302,false,false,false,false
9re8ushk1e,0.8589,0.419,0.2064,0.0535,false,false,true,false
3vgkyq2nlv,0.858,0.577,0.2024,0.2162,false,false,false,false
kdncajvng1,0.9244,0.444,0.6422,0.075,false,false,true,false
8xrj5w1qxz,0.9464,11.668,0.8025,0.9921,false,false,false,true
o2v01c6dju,0.8703,1.699,0.2568,0.88,false,false,false,false
xm0z7fqt1x,0.9455,0.79,0.7973,0.4559,false,false,false,false
f2zza234sn,0.8076,0.436,0.0612,0.0674,false,true,true,false
udcj1zb2vv,0.9683,4.091,0.9221,0.9764,true,false,false,true
api6rnis8t,0.7229,0.492,0.0066,0.1185,false,true,false,false
unnmat8z60,0.688,0.605,0.0026,0.2474,false,true,false,false
rrmhg56c32,0.8504,0.481,0.1692,0.1091,false,false,false,false
j90gps5fmh,0.9411,0.473,0.7679,0.1007,false,false,false,false
jg2fsuygln,0.8363,0.715,0.1235,0.3755,false,false,false,false
tshc7ugt28,0.9784,1.228,0.9634,0.7449,true,false,false,false
nul10y0wnh,0.9454,1.037,0.7967,0.6515,false,false,false,false
1s5djf9evw,0.8309,0.626,0.1077,0.2739,false,false,false,false
lsz2km4wks,0.9546,1.244,0.8544,0.7518,false,false,false,false
0wor641p82,0.9565,0.783,0.8646,0.4473,false,false,false,false
aw65u93es2,0.9203,0.707,0.6073,0.3672,false,false,false,false
fuxyyozjwe,0.9232,1.119,0.6335,0.6965,false,false,false,false
lhvovnxztw,0.9224,0.923,0.6262,0.5704,false,false,false,false
z9nnu083t7,0.9014,0.546,0.46,0.1783,false,false,false,false
3h364c09g8,0.846,0.788,0.1538,0.4532,false,false,false,false
8ygqjcvfll,0.9342,0.903,0.716,0.5539,false,false,false,false
wkuof3bl2c,0.8772,0.504,0.2923,0.1283,false,false,false,false
mvdrl11oob,0.926,0.449,0.6509,0.0792,false,false,true,false
qtm50x2nan,0.939,0.492,0.7525,0.1188,false,false,false,false
48a0firrg0,0.9667,1.321,0.9148,0.7849,true,false,false,false
b3myb4icsu,0.9122,0.808,0.5436,0.4722,false,false,false,false
mcb582gbq3,0.9219,1.461,0.6222,0.8269,false,false,false,false
jqtav3wxd3,0.9584,1.038,0.8746,0.6526,false,false,false,false
qso3xknzmc,0.9256,0.899,0.6487,0.5504,false,false,false,false
6fc0mhnypx,0.9575,2.286,0.8692,0.936,false,false,false,true
hznb7nt8t1,0.9234,0.862,0.6353,0.5178,false,false,false,false
t0de0e9i3x,0.9119,0.757,0.5411,0.4219,false,false,false,false
2v8femwz9h,0.8883,0.688,0.3621,0.3451,false,false,false,false
ng9n3txofn,0.7901,0.92,0.0391,0.5676,false,true,false,false
0whch26ent,0.7458,0.829,0.0122,0.4903,false,true,false,false
k0zy7v8fqt,0.8935,0.577,0.401,0.2161,false,false,false,false
ik8fgsy1sw,0.964,2.564,0.9023,0.9493,true,false,false,true
w1qbmi8z3r,0.8462,1.225,0.1539,0.7437,false,false,false,false
kzmdgm4hbe,0.9064,2.213,0.4947,0.9318,false,false,false,true
h430u0kj4l,0.9358,0.551,0.7283,0.1837,false,false,false,false
mj2xbmgiit,0.93,1.903,0.6835,0.9066,false,false,false,true
vsv2yqkn8z,0.9393,0.869,0.7552,0.5238,false,false,false,false
2zfm1oqmp2,0.914,0.562,0.5579,0.198,false,false,false,false
sy2s8zfyt9,0.9369,0.454,0.7359,0.0839,false,false,true,false
zfmi2d1sl3,0.7702,0.442,0.0231,0.0732,false,true,true,false
4f75d4wdop,0.9135,1.982,0.5541,0.9152,false,false,false,true
9heeyz183d,0.8531,0.606,0.1814,0.2496,false,false,false,false
0l7o0mjlpa,0.8609,0.703,0.2145,0.3618,false,false,false,false
l2k9ygx867,0.9009,1.001,0.4554,0.6284,false,false,false,false
us1sey4rwt,0.9451,0.68,0.7947,0.334,false,false,false,false
smn03113d4,0.8478,0.528,0.1608,0.1575,false,false,false,false
3zyqt6lvt8,0.9202,0.866,0.6067,0.5223,false,false,false,false
yp43lim8xg,0.9783,1.021,0.9605,0.6415,true,false,false,false
34pn185501,0.9069,1.012,0.4977,0.6361,false,false,false,false
5jfmiqzkle,0.887,2.689,0.3547,0.9533,false,false,false,true
5b7txl0hmi,0.7698,0.729,0.0227,0.3908,false,true,false,false
uouwezg087,0.9794,1.343,0.966,0.7915,true,false,false,false
276fkm3l0a,0.831,0.915,0.1079,0.5626,false,false,false,false
cqqvwfez0i,0.8225,0.92,0.0895,0.5683,false,true,false,false
ddeanp9hcl,0.9146,0.746,0.5628,0.4103,false,false,false,false
7t2lddhqw4,0.851,0.919,0.1717,0.5672,false,false,false,false
qohvs2xbwj,0.904,1.443,0.4802,0.8217,false,false,false,false
pimbljbk0o,0.9132,0.721,0.5515,0.3813,false,false,false,false
igwzkyozfu,0.9265,0.453,0.6549,0.0826,false,false,true,false
etgv589230,0.9209,0.591,0.6129,0.2328,false,false,false,false
oyebwfsc4f,0.952,0.509,0.8391,0.1366,false,false,false,false
xqew2lzyuz,0.845,0.802,0.151,0.4675,false,false,false,false
brytxlk9za,0.9028,0.658,0.4704,0.3101,false,false,false,false
av1gd8qz0y,0.8629,1.904,0.2235,0.9069,false,false,false,true
doo7u4e3l2,0.8867,0.89,0.3524,0.5425,false,false,false,false
jxjzmcrnua,0.9752,0.658,0.9503,0.3104,true,false,false,false
9e1x6sqhv4,0.915,1.328,0.5664,0.7874,false,false,false,false
qw236i6qqz,0.756,0.657,0.0164,0.3079,false,true,false,false
dp7z97s16w,0.8233,0.617,0.091,0.2626,false,true,false,false
0rh9nbdgyc,0.9955,0.65,0.9996,0.3005,true,false,false,false
7wbw19wes9,0.9227,0.929,0.6295,0.5743,false,false,false,false
bh8vau1uks,0.8091,1.01,0.0631,0.6346,false,true,false,false
nukk6d6ktd,0.9164,0.563,0.5758,0.1982,false,false,false,false
2dwv4i67i6,0.8345,1.003,0.1192,0.6309,false,false,false,false
clgvkflxnf,0.9232,0.22,0.6338,0.0001,false,false,true,false
ranvfk9o4x,0.9431,0.753,0.781,0.4172,false,false,false,false
1yok2uk2oo,0.8655,0.896,0.2351,0.5473,false,false,false,false
1zqj8amvr5,0.9265,0.993,0.6551,0.6237,false,false,false,false
uv0q4syoa4,0.7811,0.797,0.0316,0.4637,false,true,false,false
1ffydnxsfr,0.8081,0.383,0.0617,0.0294,false,true,true,false
o50d3nhjpa,0.8905,0.752,0.3773,0.4159,false,false,false,false
edk44ufzek,0.9011,0.441,0.4572,0.0717,false,false,true,false
3q1xoyjse2,0.9662,1.072,0.9128,0.6712,true,false,false,false
01gro3f4hx,0.9033,0.452,0.4745,0.0822,false,false,true,false
dcr3zb4bmm,0.9691,1.487,0.9261,0.8337,true,false,false,false
k5wfj3ndfn,0.9683,0.974,0.9226,0.6098,true,false,false,false
bl2m6wsvjr,0.9754,0.812,0.9521,0.4762,true,false,false,false
7dxt2lc0yg,0.9304,0.419,0.6867,0.054,false,false,true,false
5qd6xolwb4,0.927,1.292,0.6592,0.7729,false,false,false,false
ahhdyhtr6s,0.9115,0.756,0.5376,0.4204,false,false,false,false
gyton1vu2a,0.9356,0.936,0.7276,0.5809,false,false,false,false
djcxwmtwpt,0.9504,1.214,0.8283,0.7396,false,false,false,false
lymdu62b8d,0.916,1.081,0.5716,0.6766,false,false,false,false
e23f25b7vv,0.9209,1.037,0.6121,0.6511,false,false,false,false
nnl8tzsc2e,0.9129,0.931,0.549,0.5759,false,false,false,false
snqxmvw216,0.9587,1.377,0.8757,0.8029,false,false,false,false
emizavezyz,0.9753,1.954,0.9511,0.9119,true,false,false,true
tuoq4ugft3,0.9455,1.216,0.7975,0.7403,false,false,false,false
pvkhonw07a,0.8447,0.705,0.1502,0.3651,false,false,false,false
k31rujon9v,0.9023,0.863,0.4675,0.5194,false,false,false,false
wz9w1r68cl,0.9751,10.961,0.9493,0.9917,true,false,false,true
kq9pkh657w,0.8375,0.766,0.1265,0.4322,false,false,false,false
d73621ck8g,0.9131,0.777,0.5504,0.4415,false,false,false,false
9r09u2crf4,0.8417,0.644,0.1406,0.294,false,false,false,false
xcna5u8c52,0.9149,0.61,0.5651,0.2546,false,false,false,false
eykvu7bl6r,0.9795,1.737,0.9668,0.8858,true,false,false,false
6yszt7ebqi,0.9552,0.717,0.8574,0.378,false,false,false,false
egets19j7i,0.9326,0.758,0.7031,0.4238,false,false,false,false
543wqfq5b7,0.8763,1.872,0.2866,0.9026,false,false,false,true
joz695sc3s,0.9348,0.532,0.72,0.1626,false,false,false,false
wsc1t5nxl4,0.8363,0.724,0.1238,0.3854,false,false,false,false
6ije8pxnz3,0.8307,1.061,0.1072,0.6665,false,false,false,false
mcuvhkmkx6,0.863,0.779,0.2242,0.4438,false,false,false,false
cj8uzrtbzr,0.9303,0.393,0.6857,0.0362,false,false,true,false
mgw2ipqnei,0.972,0.564,0.9388,0.2,true,false,false,false
fmophwpxgz,0.8712,0.607,0.2616,0.2511,false,false,false,false
y39juwhhv1,0.9649,1.219,0.9051,0.7413,true,false,false,false
tidoeqisar,0.7841,0.713,0.0343,0.3734,false,true,false,false
l92eban0wf,0.9323,0.704,0.7019,0.3622,false,false,false,false
m4auvrcgan,0.9175,0.493,0.5847,0.1192,false,false,false,false
6iungkr640,0.9857,1.306,0.9872,0.7781,true,false,false,false
t0swboakrp,0.9551,2.556,0.8565,0.949,false,false,false,true
vy8z9cqxej,0.9713,4.355,0.9362,0.9785,true,false,false,true
j3d9wt3zs7,0.904,0.669,0.4793,0.3209,false,false,false,false
uavu4p455r,0.9397,1.329,0.7576,0.7877,false,false,false,false
vxr88w5jb5,0.9306,1.907,0.6882,0.907,false,false,false,true
8m5pribjue,0.9623,0.599,0.895,0.239,false,false,false,false
tudte3gm0x,0.7186,0.939,0.0055,0.5838,false,true,false,false
8c726qgpvg,0.8717,0.686,0.2645,0.342,false,false,false,false
qcabq8476k,0.9858,1.668,0.9877,0.8744,true,false,false,false
q00h623mez,0.9488,0.758,0.8167,0.4246,false,false,false,false
0ro4tavz3z,0.9731,1.044,0.9429,0.6562,true,false,false,false
tqgnw76sno,0.9793,1.122,0.9653,0.6982,true,false,false,false
5f3i28hbfx,0.9891,4.128,0.9939,0.9767,true,false,false,true
ioakvvald4,0.9115,0.669,0.5374,0.3212,false,false,false,false
ti4b5kpsvp,0.8781,0.902,0.2985,0.5528,false,false,false,false
gubbb6g8ns,0.8707,0.634,0.2592,0.2828,false,false,false,false
vkvy3alnzn,0.9576,0.813,0.8699,0.4773,false,false,false,false
u5kgdc0hlv,0.8319,0.462,0.1107,0.0905,false,false,true,false
dsyleq2fe8,0.8986,0.319,0.4379,0.0083,false,false,true,false
0lwhf73mf8,0.864,0.5,0.2279,0.1258,false,false,false,false
6ho8km8op6,0.9212,3.338,0.6153,0.9689,false,false,false,true
ik29dmuhrz,0.863,0.37,0.2241,0.0231,false,false,true,false
gabdgvm5l2,0.9611,2.044,0.8878,0.9211,false,false,false,true
sksqoaagzg,0.9002,0.69,0.4491,0.3478,false,false,false,false
nz9vxl4ikb,0.8901,0.843,0.3751,0.5023,false,false,false,false
xdb3mmjnxx,0.9615,1.322,0.8907,0.7855,false,false,false,false
e6xqhtwyef,0.9513,1.085,0.8342,0.6801,false,false,false,false
umzqios3er,0.9912,2.492,0.9968,0.9461,true,false,false,true
xmghjpv6zn,0.8835,1.19,0.3317,0.7283,false,false,false,false
kwthbcvt9l,0.8402,1.163,0.1345,0.715,false,false,false,false
4gm7jegqcs,0.8647,0.542,0.231,0.1734,false,false,false,false
c6ojtov1c9,0.8021,0.428,0.0528,0.0611,false,true,true,false
140ji4hxi8,0.9933,265.752,0.9978,0.9993,true,false,false,true
5lxu0eg8jz,0.9543,1.934,0.853,0.9101,false,false,false,true
sj1nr9d5ju,0.9003,1.244,0.4501,0.7512,false,false,false,false
y08xdn56cq,0.9016,0.769,0.4613,0.4358,false,false,false,false
48hprolxwm,0.863,0.736,0.2239,0.3996,false,false,false,false
d2lz2msifu,0.9747,1.11,0.9483,0.6922,true,false,false,false
bxsv3r6ipa,0.9413,2.506,0.7693,0.9468,false,false,false,true
006yh0yagm,0.9661,0.722,0.9119,0.3826,true,false,false,false
z3rpbd0pbp,0.9207,0.885,0.6103,0.5382,false,false,false,false
n2wcqjzmyc,0.9364,0.527,0.733,0.1568,false,false,false,false
ecfvxrqqsk,0.8487,0.783,0.1641,0.4485,false,false,false,false
zaiqauu52p,0.9591,1.202,0.8783,0.7338,false,false,false,false
3y0ith07l0,0.9336,1.048,0.7117,0.6589,false,false,false,false
yyjdlyj61p,0.9488,0.451,0.817,0.0808,false,false,true,false
0vkb4dzn6a,0.8607,0.329,0.2134,0.0105,false,false,true,false
5p901hymzx,0.9447,0.437,0.7915,0.0684,false,false,true,false
cb8tq9wmfo,0.8754,0.329,0.2819,0.0106,false,false,true,false
fkvpf2fri0,0.9324,1.662,0.7023,0.8735,false,false,false,false
ek6cmwhvsf,0.9145,0.381,0.5624,0.028,false,false,true,false
i3jsx2kcbf,0.9193,0.585,0.6006,0.2239,false,false,false,false
9zpbvf54wb,0.9857,4.301,0.9872,0.9779,true,false,false,true
bmdppbecar,0.8814,1.065,0.3166,0.6689,false,false,false,false
xx7scai4k3,0.8528,1.428,0.1786,0.8177,false,false,false,false
wov0j9sobp,0.898,0.935,0.4347,0.5803,false,false,false,false
n3jtu3cz63,0.9651,1.073,0.9069,0.6721,true,false,false,false
aldpw57hbh,0.8633,0.362,0.2254,0.0195,false,false,true,false
sy3dlfoknu,0.9315,0.812,0.6954,0.4763,false,false,false,false
z84fwsv1z7,0.8891,0.903,0.3662,0.5534,false,false,false,false
fjoihxsi0w,0.9412,1.126,0.7689,0.7002,false,false,false,false
1zbuox5hzn,0.9504,0.759,0.8286,0.4248,false,false,false,false
citzekorv0,0.9696,0.474,0.9278,0.1014,true,false,false,false
l5vnbfelk6,0.8287,1.277,0.1018,0.7674,false,false,false,false
1lrfdljh7w,0.8038,1.112,0.0558,0.6933,false,true,false,false
ubozbi7n9i,0.9519,0.374,0.8384,0.025,false,false,true,false
2e0cs1thr1,0.8509,0.622,0.1707,0.2685,false,false,false,false
3yzmr1m4ks,0.9062,0.545,0.4941,0.1776,false,false,false,false
ddkw3ofewz,0.9525,1.402,0.8425,0.8105,false,false,false,false
apvsj4wvi9,0.9868,0.761,0.9891,0.427,true,false,false,false
v21jpxttvy,0.8825,0.741,0.3241,0.4052,false,false,false,false
n0bz60mt96,0.8203,0.57,0.0851,0.2064,false,true,false,false
deba5by2vs,0.9506,3.241,0.8295,0.9674,false,false,false,true
j8mqyn39k7,0.8937,0.652,0.4031,0.3029,false,false,false,false
674ezy8e46,0.9663,2.786,0.9135,0.9568,true,false,false,true
mw9jua2yq8,0.949,0.635,0.8189,0.2848,false,false,false,false
cpujev8zlw,0.8596,0.897,0.2087,0.5487,false,false,false,false
avqyg6751v,0.9094,0.951,0.5187,0.5933,false,false,false,false
cg84oqm8uz,0.9435,0.361,0.7827,0.0189,false,false,true,false
xx345ovibu,0.9612,2.786,0.8888,0.9566,false,false,false,true
5x6tjcq2c9,0.8697,1.176,0.2538,0.7237,false,false,false,false
lpx0e64h8h,0.922,0.439,0.6238,0.0695,false,false,true,false
k827j429o2,0.9431,0.437,0.7812,0.0687,false,false,true,false
k0iqks1rnf,0.8804,1.536,0.3094,0.8457,false,false,false,false
v0hxcj5t4s,0.9117,0.929,0.5387,0.574,false,false,false,false
k055kep7oz,0.967,0.517,0.916,0.1455,true,false,false,false
s4int1qqkf,0.955,0.604,0.8559,0.2471,false,false,false,false
orp3gqjcqn,0.9052,1.196,0.4882,0.7312,false,false,false,false
o7ohxp1tp2,0.778,0.913,0.0289,0.561,false,true,false,false
r0oiewsk7k,0.9048,1.278,0.486,0.7678,false,false,false,false
t3rxilebp3,0.8031,0.418,0.0547,0.0525,false,true,true,false
anffu5j9km,0.8471,0.726,0.1576,0.388,false,false,false,false
vzw71xfwdw,0.957,0.604,0.8661,0.2467,false,false,false,false
wk15a4sac6,0.9889,0.628,0.9917,0.2764,true,false,false,false
5mg2amd9fn,0.8126,0.779,0.0688,0.4434,false,true,false,false
ygqc3e7vu8,0.884,0.768,0.3358,0.4354,false,false,false,false
21kq488m2n,0.9137,0.386,0.555,0.0315,false,false,true,false
u8t4908aaa,0.9804,0.992,0.9681,0.6229,true,false,false,false
n8dbryh39r,0.8744,0.657,0.2766,0.3086,false,false,false,false
xmvlpvye00,0.7533,0.699,0.0146,0.3574,false,true,false,false
echcotarek,0.8761,0.761,0.2858,0.4269,false,false,false,false
q6etasn1p0,0.8506,0.553,0.1699,0.1879,false,false,false,false
loxa9jj6x7,0.8794,0.844,0.305,0.5028,false,false,false,false
eurzhpj96w,0.9752,4.09,0.9499,0.9762,true,false,false,true
2rh3qrz1vu,0.8927,0.699,0.3937,0.3571,false,false,false,false
lk436rvzkv,0.9773,2.73,0.9583,0.955,true,false,false,true
jhhrxoc0vr,0.9597,0.719,0.8822,0.3799,false,false,false,false
2h17vha5mc,0.8661,1.029,0.2372,0.6465,false,false,false,false
fy57edgh74,0.6381,0.63,0.0011,0.2777,false,true,false,false
fuly0rvspu,0.8331,0.466,0.1147,0.0932,false,false,true,false
p7meg8nazv,0.8214,0.6,0.0873,0.2404,false,true,false,false
91o9t6flxb,0.9467,1.81,0.8041,0.895,false,false,false,false
b2ac5ebia8,0.899,0.53,0.4401,0.1605,false,false,false,false
tt4l38rjom,0.8521,0.387,0.1759,0.0322,false,false,true,false
zr57yqass6,0.9901,1.512,0.9946,0.8404,true,false,false,false
74eflbp2nn,0.9162,1.568,0.574,0.8529,false,false,false,false
jq3z72891c,0.8137,0.705,0.0716,0.3646,false,true,false,false
c9bgmewjue,0.9891,1.172,0.9939,0.7214,true,false,false,false
5x6oeo8f8c,0.9361,2.727,0.7297,0.9546,false,false,false,true
2c0w1q8gis,0.7821,0.373,0.0326,0.0247,false,true,true,false
wmclgiuhci,0.8238,0.377,0.092,0.026,false,true,true,false
vifc8os3uf,0.9651,1.155,0.9061,0.7113,true,false,false,false
gd50malg3a,0.9753,2.21,0.951,0.9315,true,false,false,true
7q72ij031v,0.8679,1.012,0.2438,0.6363,false,false,false,false
idcdalncib,0.7684,0.823,0.0215,0.484,false,true,false,false
dhgwd000o0,0.8902,1.49,0.3757,0.8352,false,false,false,false
kkqxy32ffz,0.8816,0.714,0.3181,0.3742,false,false,false,false
ym3w2rw16h,0.9656,0.843,0.9092,0.5024,true,false,false,false
e2fdhy43k4,0.8511,1.514,0.1725,0.8406,false,false,false,false
461yff86g8,0.8794,0.496,0.3056,0.1214,false,false,false,false
k0g1kc15fy,0.9608,1.268,0.8858,0.7643,false,false,false,false
02ilwn375e,0.9457,0.793,0.7983,0.4586,false,false,false,false
stc9vw4026,0.7717,0.519,0.0242,0.1473,false,true,false,false
egwjfj6fmc,0.838,0.848,0.1282,0.5084,false,false,false,false
6ggpuzcdmn,0.8101,0.831,0.0649,0.4933,false,true,false,false
6ug8fz9v9o,0.8651,1.011,0.2332,0.6356,false,false,false,false
zi5s67lr5j,0.8623,0.707,0.2209,0.3666,false,false,false,false
4a4snpdid2,0.8861,1.038,0.3487,0.6516,false,false,false,false
990aydefh3,0.8911,1.265,0.3817,0.7628,false,false,false,false
fqzabamqrd,0.9751,53.469,0.9493,0.997,true,false,false,true
proiw1be2i,0.9541,257.494,0.8516,0.9992,false,false,false,true
3z1r8rtbvs,0.7434,0.927,0.0115,0.5729,false,true,false,false
mgh3kj9sat,0.9267,0.894,0.6571,0.5458,false,false,false,false
ct050i5t1e,0.9194,0.793,0.6012,0.4593,false,false,false,false
zc1l2hcw5i,0.8814,0.484,0.3165,0.1123,false,false,false,false
w37t4efdf6,0.9051,0.83,0.4875,0.4911,false,false,false,false
y0m1hvbz25,0.8959,1.072,0.4215,0.6714,false,false,false,false
i9g4xxm3ug,0.8893,0.725,0.3681,0.3864,false,false,false,false
revgtuxida,0.8867,0.631,0.3527,0.2797,false,false,false,false
4pt40tefmp,0.9272,0.461,0.6609,0.0895,false,false,true,false
42qcmh1vi7,0.8846,0.718,0.3387,0.3782,false,false,false,false
tfggz0d6ob,0.9224,0.402,0.6265,0.0428,false,false,true,false
2abdk5aeob,0.8401,1.168,0.1344,0.7187,false,false,false,false
4pkarf5e50,0.9545,0.879,0.854,0.5324,false,false,false,false
petwrl779f,0.9452,0.576,0.7953,0.2143,false,false,false,false
uzqitp38ax,0.8727,0.583,0.269,0.2219,false,false,false,false
ibqjt2v5dy,0.8387,1.03,0.1303,0.6466,false,false,false,false
hl0upvpe38,0.9189,1.424,0.5969,0.8171,false,false,false,false
1zx97ylqts,0.9059,0.495,0.4929,0.1203,false,false,false,false
z6g81t52o1,0.9382,1.35,0.7465,0.7944,false,false,false,false
n01ywogwxa,0.7354,0.742,0.0091,0.406,false,true,false,false
4ykkuseyas,0.8717,0.73,0.2647,0.3931,false,false,false,false
x92213l37e,0.9082,0.959,0.5079,0.5988,false,false,false,false
2zo1kygwed,0.9858,2.443,0.9876,0.9446,true,false,false,true
v2f2b4kk78,0.9077,0.601,0.5035,0.2415,false,false,false,false
qb3voka389,0.7558,0.857,0.0162,0.514,false,true,false,false
p1uroteygf,0.9736,6.637,0.9458,0.987,true,false,false,true
xr0gmyu60m,0.8159,0.956,0.0754,0.5966,false,true,false,false
s2xignp189,0.8281,0.568,0.1007,0.2042,false,false,false,false
fnk201sryc,0.9369,0.609,0.7363,0.2533,false,false,false,false
uvui4vn9ar,0.828,1.204,0.1004,0.7352,false,false,false,false
by8klcptok,0.8699,0.769,0.2546,0.4368,false,false,false,false
8rlpx6z6ph,0.967,3,0.916,0.9627,true,false,false,true
xjz3ur0efx,0.9482,1.54,0.8134,0.8465,false,false,false,false
3vykmxqy17,0.8857,2.367,0.3462,0.9417,false,false,false,true
fevuqtzhv3,0.798,0.608,0.0479,0.2524,false,true,false,false
lahoh8z41v,0.9485,0.849,0.8145,0.509,false,false,false,false
x7lvmgpkjm,0.9176,0.893,0.5856,0.5447,false,false,false,false
1a3lo3cjet,0.9103,1.538,0.5274,0.8461,false,false,false,false
hqvwyqvosl,0.8801,0.553,0.3083,0.187,false,false,false,false
an0lsn26tt,0.9717,8.466,0.9376,0.9896,true,false,false,true
f1m6ztixih,0.9333,0.88,0.7094,0.5338,false,false,false,false
fc30or2iv7,0.9076,3.619,0.5027,0.9728,false,false,false,true
3fmuxr1n1r,0.9055,0.877,0.4908,0.5321,false,false,false,false
vdx0ft2ah2,0.8165,0.472,0.0769,0.0992,false,true,true,false
zc1ei452a2,0.9504,0.435,0.828,0.0662,false,false,true,false
b1tqxnm168,0.8594,1.286,0.2083,0.771,false,false,false,false
r0srb86p59,0.9097,1.514,0.5212,0.8409,false,false,false,false
o1pl4ipq62,0.8662,0.857,0.2376,0.5146,false,false,false,false
ny46akvoci,0.9499,0.898,0.8241,0.5497,false,false,false,false
pw4y7qalud,0.8397,0.308,0.1333,0.0061,false,false,true,false
hufjaievjj,0.9502,0.261,0.8265,0.0007,false,false,true,false
v5e7mg0w5l,0.841,0.655,0.138,0.306,false,false,false,false
wlrdvg4lx9,0.9011,1.157,0.4577,0.7125,false,false,false,false
pndflv1rae,0.8002,1.015,0.05,0.6372,false,true,false,false
vhk7gt5ppj,0.9314,1.645,0.6946,0.8699,false,false,false,false
70qiw17uc5,0.8355,1.021,0.1213,0.6412,false,false,false,false
i8zqqbaz1e,0.9282,0.926,0.668,0.5723,false,false,false,false
ix961hniae,0.8333,2.933,0.1153,0.9613,false,false,false,true
wv7g8ve03q,0.9153,0.425,0.5675,0.0579,false,false,true,false
vm32meuri2,0.942,1.333,0.7728,0.7886,false,false,false,false
xbfqwbjr1t,0.9421,0.823,0.7744,0.485,false,false,false,false
c10cjssleu,0.8879,0.626,0.3599,0.2738,false,false,false,false
i4zwe6y55h,0.8554,0.692,0.1926,0.3503,false,false,false,false
txro5uukth,0.8942,1.207,0.4068,0.7368,false,false,false,false
t2qqinqxyq,0.9573,1.209,0.8682,0.7378,false,false,false,false
kyuw0lhdas,0.8785,0.903,0.3007,0.5542,false,false,false,false
b91wzgth7b,0.895,0.383,0.4135,0.0296,false,false,true,false
9r117irpq6,0.8509,0.937,0.1709,0.5813,false,false,false,false
j8rxll9u6q,0.9367,0.742,0.7348,0.4067,false,false,false,false
d23jf7jt6t,0.9689,0.635,0.9247,0.2844,true,false,false,false
x3fony5xdy,0.9796,0.448,0.967,0.0783,true,false,true,false
cibjiazi9b,0.8185,0.895,0.0822,0.5459,false,true,false,false
ycpamwogar,0.8556,0.92,0.1933,0.568,false,false,false,false
b256liv4r7,0.8418,0.574,0.141,0.2119,false,false,false,false
1vt9kpcuqp,0.9601,0.805,0.8834,0.4701,false,false,false,false
wzlfmczcnd,0.8856,0.801,0.3458,0.4661,false,false,false,false
3bzik1utef,0.9495,1.632,0.8211,0.8664,false,false,false,false
sd0f6new0x,0.9294,0.341,0.6783,0.0138,false,false,true,false
x6qw4udi64,0.9139,0.961,0.5563,0.6001,false,false,false,false
99nd2vzd0q,0.9702,0.776,0.9302,0.4407,true,false,false,false
vkjh7x68ad,0.958,1.147,0.8715,0.7091,false,false,false,false
c4wbgv9qae,0.871,1.113,0.26,0.6939,false,false,false,false
6xxmwy5v86,0.9652,0.412,0.9076,0.0486,true,false,true,false
sgndtxtist,0.9814,2.025,0.9732,0.9193,true,false,false,true
ubw5s4u9x9,0.8779,0.648,0.2973,0.2978,false,false,false,false
gxgcn25i5y,0.8759,0.515,0.2846,0.1424,false,false,false,false
28inroifl1,0.9752,0.3,0.9504,0.0047,true,false,true,false
p313zjlskt,0.9268,1.277,0.6575,0.7671,false,false,false,false
4zhl9o6dd2,0.9145,0.956,0.562,0.5969,false,false,false,false
a66govwvgy,0.8785,0.7,0.301,0.3586,false,false,false,false
c80ynukyu9,0.8361,1.304,0.1231,0.777,false,false,false,false
5v8sgv2w6l,0.795,0.567,0.0443,0.2036,false,true,false,false
gtnzqnkhpe,0.9425,0.393,0.7773,0.0356,false,false,true,false
w72t3tlj9n,0.9664,0.602,0.9138,0.2441,true,false,false,false
tmq3x952dk,0.7433,0.876,0.0112,0.531,false,true,false,false
igbvn64yn0,0.9482,1.254,0.8132,0.7576,false,false,false,false
gqlc0zm2oi,0.8768,1.844,0.2897,0.8996,false,false,false,false
ov118mac7x,0.7758,0.62,0.0278,0.2659,false,true,false,false
vf17u3vazm,0.9669,2.952,0.9153,0.962,true,false,false,true
gi8jwzs7az,0.7735,0.633,0.0262,0.2826,false,true,false,false
jvolfctukt,0.8915,0.477,0.3849,0.104,false,false,false,false
1q8cv9vsz7,0.9088,0.503,0.5137,0.1279,false,false,false,false
f2h3u53923,0.9281,0.585,0.6668,0.2245,false,false,false,false
1ljqatf3em,0.9486,3.438,0.8154,0.9704,false,false,false,true
zefljybli6,0.9002,0.518,0.4488,0.146,false,false,false,false
queh50f0dy,0.8565,0.763,0.1967,0.4293,false,false,false,false
plclxyocoz,0.8771,1.105,0.2915,0.6902,false,false,false,false
zuryg1jv03,0.9251,0.782,0.6455,0.4466,false,false,false,false
9lyavd5m6o,0.9034,0.422,0.4753,0.0559,false,false,true,false
frwsvf1not,0.9517,0.282,0.8374,0.0021,false,false,true,false
6xog05wkft,0.9109,0.89,0.5332,0.5422,false,false,false,false
dpsp4uvbx3,0.8769,0.31,0.2906,0.0068,false,false,true,false
a0ya06atpr,0.9889,0.685,0.9925,0.3394,true,false,false,false
ug10l9g0wx,0.902,1.212,0.4643,0.7386,false,false,false,false
ndc9v7zbgw,0.9721,0.659,0.9396,0.3111,true,false,false,false
1mtz6fmy5d,0.8757,0.756,0.2833,0.4213,false,false,false,false
nxzdjzd712,0.9869,1.341,0.9898,0.7907,true,false,false,false
k2ossbtb6o,0.9216,0.681,0.6176,0.3355,false,false,false,false
z2l8lpqbx2,0.8655,0.618,0.235,0.2644,false,false,false,false
we1byb5c2k,0.9327,0.587,0.7038,0.2274,false,false,false,false
s7yk1nwpau,0.9249,0.77,0.6441,0.4378,false,false,false,false
08gcr4ylxt,0.9912,29.601,0.9968,0.9959,true,false,false,true
1m2nj1xang,0.8848,0.638,0.3404,0.2883,false,false,false,false
699m3xhk00,0.837,0.548,0.1252,0.1807,false,false,false,false
tn60aj9exp,0.9455,0.697,0.7971,0.3554,false,false,false,false
uevwp6khcd,0.8126,0.3,0.0689,0.0046,false,true,true,false
pizs4a5e07,0.9032,2.79,0.4734,0.957,false,false,false,true
dj7ylvlniq,0.9023,1.208,0.4677,0.7375,false,false,false,false
y4aq0qcf3k,0.9407,0.449,0.7652,0.0793,false,false,true,false
08dcs7xxra,0.8873,0.827,0.3563,0.4876,false,false,false,false
ry6nmf20t8,0.8671,1.175,0.2411,0.723,false,false,false,false
45yzt5f1ns,0.8902,0.547,0.3756,0.1797,false,false,false,false
le0ul2g39i,0.8728,0.466,0.2694,0.0937,false,false,true,false
12kpm7ba4u,0.887,0.652,0.355,0.3025,false,false,false,false
7u4hqy64z3,0.8375,0.59,0.1264,0.2315,false,false,false,false
2j9npkx8wq,0.9287,0.495,0.6732,0.1207,false,false,false,false
6lf3j9twg4,0.8601,0.558,0.2111,0.1945,false,false,false,false
hix4d27c1c,0.9591,3.073,0.8783,0.9644,false,false,false,true
0qsby5pnys,0.8765,0.989,0.2883,0.6211,false,false,false,false
na2e9lurw1,0.7754,0.645,0.0275,0.2944,false,true,false,false
ry3m9mzs0y,0.9282,2.932,0.6689,0.9612,false,false,false,true
lvwlfshtnq,0.8633,0.979,0.2253,0.6133,false,false,false,false
i8r9xeawdq,0.8886,1.467,0.3639,0.8283,false,false,false,false
t13c6udmhi,0.8842,2.248,0.3373,0.9331,false,false,false,true
4695qvnxlb,0.9292,0.466,0.6762,0.0935,false,false,true,false
ozjpp0v3rd,0.9575,1.932,0.8696,0.9095,false,false,false,true
wckslpj8zz,0.7825,1.07,0.0332,0.6703,false,true,false,false
4hzajxav9y,0.8563,0.818,0.1959,0.4798,false,false,false,false
klpo0wyo6k,0.6497,0.51,0.0014,0.1381,false,true,false,false
dz606gx4zx,0.9184,0.512,0.5929,0.1398,false,false,false,false
lew81vy8o5,0.9836,1.773,0.9804,0.89,true,false,false,false
p0l1esswh8,0.8764,2.564,0.2875,0.9492,false,false,false,true
x7b3mecf8g,0.9007,0.635,0.4546,0.2839,false,false,false,false
ap2vjp33z5,0.9485,1.969,0.8149,0.9135,false,false,false,true
ugtnhrtpbf,0.8811,1.193,0.3143,0.7298,false,false,false,false
7jelvxc2pg,0.9187,1.543,0.5948,0.8471,false,false,false,false
r6hnyhuko1,0.8122,0.384,0.0682,0.0304,false,true,true,false
7l173ar72h,0.9582,0.551,0.873,0.1843,false,false,false,false
2ssy5u7wk3,0.7608,0.333,0.0184,0.0116,false,true,true,false
sabzmpyz52,0.8091,0.962,0.0633,0.6023,false,true,false,false
y8856y98fk,0.9423,0.431,0.7758,0.0629,false,false,true,false
fsd8gsotmx,0.9352,1.034,0.724,0.6495,false,false,false,false
8ya1oasohm,0.8991,1.097,0.4411,0.687,false,false,false,false
854m5qicwp,0.8949,0.788,0.413,0.4541,false,false,false,false
dihl6kgj5u,0.8173,0.765,0.079,0.4311,false,true,false,false
0zhs6crv6e,0.8689,1.089,0.2489,0.6828,false,false,false,false
hv5gy5l6lf,0.9591,1.411,0.8783,0.8134,false,false,false,false
xlxp74mogn,0.9115,0.576,0.5371,0.2144,false,false,false,false
858ymuh19n,0.7997,0.456,0.0489,0.0852,false,true,true,false
gvcomvpqbh,0.9409,0.945,0.7667,0.5892,false,false,false,false
cn0wo9wlgg,0.9399,1.189,0.7589,0.7276,false,false,false,false
1l7ufknhc8,0.8067,0.783,0.0594,0.4481,false,true,false,false
po69qf0tzd,0.8684,0.327,0.2464,0.0101,false,false,true,false
a0jl4kjmkn,0.9347,1.497,0.7196,0.837,false,false,false,false
lkmsid0615,0.769,12.207,0.022,0.9925,false,true,false,true
85vglhb9vh,0.9533,0.524,0.8472,0.1525,false,false,false,false
ddotgajdlw,0.8687,1.159,0.2477,0.7135,false,false,false,false
vuqand3350,0.8834,0.595,0.3313,0.2364,false,false,false,false
f4scylj4n0,0.9428,0.694,0.7794,0.3518,false,false,false,false
x46unyis1x,0.8548,0.792,0.1887,0.4579,false,false,false,false
mtsk4iw3z3,0.8091,0.314,0.0629,0.0075,false,true,true,false
hai8pq2qnk,0.9453,0.744,0.796,0.4078,false,false,false,false
mytquyn0zo,0.967,1.099,0.916,0.6881,true,false,false,false
ulqhr1uts8,0.9192,1.035,0.5999,0.6502,false,false,false,false
zhzpp08147,0.8556,0.651,0.193,0.3009,false,false,false,false
2hma9xxo0p,0.9141,1.002,0.5581,0.6299,false,false,false,false
04qqdospb8,0.9171,0.319,0.5812,0.0087,false,false,true,false
ux1aqohz4p,0.9714,1.085,0.9367,0.6794,true,false,false,false
jsw8q63hhl,0.9264,0.48,0.6541,0.1082,false,false,false,false
n7dnqny1b1,0.8369,0.658,0.1249,0.3103,false,false,false,false
x4ejvorf1v,0.8775,1.038,0.2951,0.6517,false,false,false,false
1060b6pq4y,0.9089,0.736,0.514,0.3988,false,false,false,false
i2l34bo1un,0.891,0.602,0.3804,0.2437,false,false,false,false
hvkk6ca085,0.9118,3.849,0.5404,0.9743,false,false,false,true
8tr5gsrxd0,0.8223,0.406,0.0891,0.0443,false,true,true,false
x3zrq628kw,0.9452,0.443,0.7954,0.0745,false,false,true,false
szwno9qcjz,0.8243,0.609,0.093,0.2535,false,true,false,false
knu2qbsvq2,0.7731,0.648,0.0257,0.2982,false,true,false,false
zc4jd34ivw,0.904,0.906,0.4795,0.5563,false,false,false,false
863qff7w11,0.8812,0.461,0.3154,0.0897,false,false,true,false
kzg53b4dz1,0.9101,1.922,0.5255,0.9084,false,false,false,true
bmzankw0fk,0.8167,0.6,0.0775,0.2401,false,true,false,false
pew1w69bwr,0.8923,0.557,0.3912,0.1933,false,false,false,false
zynnr8o4bc,0.8885,0.686,0.3633,0.3426,false,false,false,false
4ea0hld7o1,0.9108,1.525,0.5323,0.8439,false,false,false,false
grugyde0ly,0.9146,1.495,0.5632,0.8364,false,false,false,false
bl3z10f2xd,0.9512,0.393,0.8327,0.0366,false,false,true,false
g8yll27v9f,0.7872,0.396,0.0367,0.0385,false,true,true,false
q91uhntp6t,0.9348,0.631,0.7199,0.2782,false,false,false,false
pcyfmaknd5,0.9405,0.479,0.7635,0.1071,false,false,false,false
kob4ry20eu,0.9502,2.281,0.8259,0.9355,false,false,false,true
y395jxb62o,0.8775,0.434,0.2948,0.0646,false,false,true,false
6dpw3fjsxh,0.9138,0.706,0.5556,0.3657,false,false,false,false
rm3297yx54,0.9345,0.417,0.7178,0.0517,false,false,true,false
t5mr45rozf,0.9373,0.626,0.7404,0.2734,false,false,false,false
rzsu1w4gaw,0.8964,0.717,0.4242,0.3768,false,false,false,false
p05jull69z,0.8739,0.929,0.2745,0.5748,false,false,false,false
7lwv2kfssv,0.9343,0.894,0.7165,0.5457,false,false,false,false
cqzkw3l6qc,0.9783,0.832,0.9613,0.4941,true,false,false,false
gxniu8lqn0,0.9068,0.679,0.4974,0.3322,false,false,false,false
75wm3shgkp,0.861,0.755,0.2158,0.4193,false,false,false,false
cbdi8rs6as,0.9144,0.499,0.5609,0.1241,false,false,false,false
payf9rd8jo,0.8731,0.277,0.2701,0.0015,false,false,true,false
ye3rhhktxt,0.967,0.68,0.9163,0.3332,true,false,false,false
5wpw3rznlt,0.8926,0.568,0.3936,0.204,false,false,false,false
6nmu4djest,0.8986,0.673,0.4374,0.3249,false,false,false,false
3jz0xf82nl,0.918,0.68,0.5888,0.3339,false,false,false,false
4l643gmau6,0.9689,12.51,0.9244,0.9928,true,false,false,true
lu3hr599xp,0.8223,1.413,0.0888,0.8139,false,true,false,false
s9nncjmvfz,0.9178,0.51,0.5872,0.1374,false,false,false,false
iq527x314s,0.9332,0.708,0.7081,0.3684,false,false,false,false
czrd46u3y7,0.8485,0.658,0.1633,0.31,false,false,false,false
z2zq6gjk74,0.9444,1.391,0.79,0.808,false,false,false,false
xu60rzz6nh,0.8255,0.383,0.0952,0.03,false,true,true,false
jgr0ukm7u9,0.9391,0.497,0.7531,0.1225,false,false,false,false
alpfpspbu9,0.9038,0.602,0.478,0.242,false,false,false,false
xe8a027056,0.9199,1.043,0.6041,0.6559,false,false,false,false
0vv1l2csin,0.8429,0.351,0.145,0.0163,false,false,true,false
uuloy1hanj,0.9889,4.606,0.9925,0.98,true,false,false,true
xi1mxzvnzw,0.9402,0.556,0.7621,0.1923,false,false,false,false
2ukc5iwd6l,0.8771,0.667,0.2919,0.3187,false,false,false,false
rnokj81yoo,0.9134,0.756,0.5537,0.4216,false,false,false,false
h3snb1sti8,0.8585,0.854,0.2054,0.5119,false,false,false,false
7tnxl6l4mt,0.9685,1.56,0.9235,0.8511,true,false,false,false
9ju8p73lxx,0.9826,4.8,0.9765,0.9808,true,false,false,true
2i2pqo15yd,0.9427,0.479,0.7784,0.1062,false,false,false,false
inddez3czs,0.9037,0.796,0.477,0.4622,false,false,false,false
khav8o4dej,0.9552,0.538,0.8574,0.1691,false,false,false,false
dv3buf0fgz,0.9559,0.943,0.8616,0.5875,false,false,false,false
joa0qk2vfu,0.8954,0.584,0.4162,0.223,false,false,false,false
m3o866licm,0.9298,1.895,0.6808,0.9047,false,false,false,true
c0fmg243iy,0.9651,0.628,0.907,0.2759,true,false,false,false
izdtp7pwvs,0.8961,0.535,0.4222,0.1663,false,false,false,false
wqb620b262,0.9528,0.758,0.8447,0.4244,false,false,false,false
ofvvygq2bp,0.9889,2.893,0.9925,0.9599,true,false,false,true
xknvljcp0z,0.9273,1.294,0.6616,0.7736,false,false,false,false
1d5qij2v1b,0.9912,0.716,0.9968,0.3762,true,false,false,false
81tmdy9caz,0.8882,0.51,0.3617,0.1369,false,false,false,false
lrduw09e23,0.819,0.518,0.0833,0.1462,false,true,false,false
lhwi67iwvg,0.9344,0.997,0.7171,0.6258,false,false,false,false
2el120y6mk,0.9642,0.961,0.9033,0.6002,true,false,false,false
3khqpf413i,0.967,0.857,0.916,0.5136,true,false,false,false
tazfchevl5,0.9258,0.794,0.6497,0.4599,false,false,false,false
0qnc64xrvv,0.9912,0.668,0.9968,0.3202,true,false,false,false
9ozblkvm90,0.841,0.553,0.1383,0.1877,false,false,false,false
y1a6lrnpn9,0.9168,0.46,0.5783,0.0884,false,false,true,false
0xs42n7abr,0.9387,0.692,0.7504,0.3498,false,false,false,false
t9lzfvl27h,0.8906,1.363,0.3777,0.7989,false,false,false,false
x8jn4m6b08,0.9332,0.386,0.708,0.0314,false,false,true,false
le53p804ct,0.9159,0.4,0.5709,0.0419,false,false,true,false
2rbkz7n4na,0.8751,0.473,0.2797,0.1004,false,false,false,false
af6gdwa9me,0.8261,0.465,0.096,0.0931,false,true,true,false
q829afp3zs,0.9217,0.66,0.6198,0.3116,false,false,false,false
qzqieow7l7,0.8948,0.76,0.4119,0.4262,false,false,false,false
h2bhhb0lsc,0.8736,0.73,0.273,0.3929,false,false,false,false
lwramz14uy,0.9149,1.665,0.565,0.874,false,false,false,false
n6djhrsa0o,0.8567,0.29,0.1971,0.0033,false,false,true,false
nslb5th1ge,0.9216,0.609,0.6185,0.2539,false,false,false,false
s8w7w97oxh,0.9592,0.682,0.8795,0.3368,false,false,false,false
bfd7oaac3a,0.928,0.701,0.6667,0.359,false,false,false,false
nbpahl2jxp,0.8646,0.489,0.2301,0.1149,false,false,false,false
5oygcb4psn,0.966,918.66,0.9103,0.9999,true,false,false,true
xyuaf5x988,0.8639,0.551,0.2275,0.1847,false,false,false,false
9l0ab1gefw,0.9086,0.505,0.5118,0.1297,false,false,false,false
blyizvn906,0.8939,0.496,0.4046,0.1223,false,false,false,false
8j7raz7u3j,0.9051,0.664,0.4876,0.3163,false,false,false,false
zyddo9p28e,0.8828,0.773,0.3267,0.4393,false,false,false,false
sadhgnb3xa,0.8307,0.367,0.1071,0.0217,false,false,true,false
7rxir5dwfr,0.8953,0.43,0.4151,0.0622,false,false,true,false
7e7vx74k0w,0.9126,0.632,0.5472,0.2803,false,false,false,false
qmprak4b9f,0.9572,0.972,0.8671,0.6084,false,false,false,false
cxwcrys11w,0.915,0.539,0.5654,0.1712,false,false,false,false
zxsr8m0esm,0.8399,0.822,0.1339,0.4839,false,false,false,false
x0hk9t8ah3,0.9116,0.531,0.5382,0.1611,false,false,false,false
s4dqp8ulwx,0.9616,0.918,0.8909,0.5662,false,false,false,false
xet6q1vuum,0.9741,0.474,0.9468,0.101,true,false,false,false
u5c35k191b,0.8766,0.441,0.289,0.0714,false,false,true,false
gn7kw384yu,0.9578,0.492,0.8706,0.1181,false,false,false,false
f5cw9pvmcd,0.8789,0.729,0.3029,0.392,false,false,false,false
bzyqvgx1ya,0.9019,0.605,0.4639,0.2477,false,false,false,false
0vcog29h0z,0.8358,2.876,0.1223,0.9594,false,false,false,true
nkrfv32bph,0.9178,0.626,0.5874,0.2741,false,false,false,false
vkn7ab3bui,0.9233,0.894,0.6342,0.5455,false,false,false,false
0vkanjahql,0.8401,0.437,0.1343,0.0681,false,false,true,false
b8fhbo6v7b,0.7001,0.65,0.0035,0.2999,false,true,false,false
cgl227r0it,0.9744,1.196,0.9476,0.731,true,false,false,false
a05o1jb0eq,0.8866,0.534,0.3507,0.1648,false,false,false,false
zcpx5db4um,0.9184,0.827,0.5926,0.4875,false,false,false,false
5c65ah63p5,0.9411,1.444,0.7676,0.8218,false,false,false,false
hnq72kiay3,0.8704,0.705,0.2576,0.3652,false,false,false,false
d7gu9k8lrp,0.8807,0.683,0.3119,0.3371,false,false,false,false
wr1ecrsyrl,0.9414,0.985,0.7696,0.6175,false,false,false,false
1qkuq76oeo,0.9219,0.662,0.6219,0.3143,false,false,false,false
nf2fbj50q1,0.908,0.507,0.5064,0.1329,false,false,false,false
ce3eykdf8x,0.8932,1.23,0.3984,0.7464,false,false,false,false
p49brh4ego,0.8649,0.86,0.2328,0.5166,false,false,false,false
7dxb4m0r9m,0.9179,0.549,0.5875,0.1818,false,false,false,false
4ayi1pvdjj,0.8751,0.594,0.2799,0.2344,false,false,false,false
16lk3azkfx,0.9409,3.356,0.7664,0.9691,false,false,false,true
rccunpu5x9,0.8436,0.577,0.1471,0.2152,false,false,false,false
ob7iy1gn5l,0.873,0.656,0.2699,0.3074,false,false,false,false
3g5kk94hxp,0.8704,0.541,0.2574,0.1731,false,false,false,false
qkpd06b0or,0.9075,0.478,0.502,0.1048,false,false,false,false
z4a09r5ccv,0.8931,1.284,0.3977,0.7704,false,false,false,false
hyi9dw50v6,0.8592,0.622,0.2072,0.2691,false,false,false,false
fewqtlveq5,0.9652,0.826,0.9076,0.4867,true,false,false,false
t67vcs9xai,0.8235,0.678,0.0913,0.3313,false,true,false,false
fvc4xl5qfq,0.9305,0.514,0.6874,0.142,false,false,false,false
miui5rcbi9,0.9032,1.03,0.4737,0.6468,false,false,false,false
z7lfsp1f36,0.935,0.728,0.7218,0.39,false,false,false,false
vxb33wkjep,0.8646,1.674,0.2303,0.8755,false,false,false,false
8wx1lximau,0.8442,0.386,0.1488,0.0319,false,false,true,false
3stiunpp0e,0.8873,0.676,0.3565,0.3277,false,false,false,false
2njr0xdp0a,0.8155,0.934,0.0749,0.5795,false,true,false,false
n2nxddhbq9,0.8711,0.843,0.2611,0.5021,false,false,false,false
2b916dq36y,0.8327,0.446,0.1137,0.0764,false,false,true,false
gyubnejzt2,0.8763,1.497,0.2868,0.8371,false,false,false,false
isrxs78dx5,0.909,0.767,0.5155,0.4329,false,false,false,false
pcqeqvljw3,0.8366,0.58,0.1245,0.2181,false,false,false,false
w5bh76mr34,0.8249,0.561,0.0939,0.1966,false,true,false,false
vpl0tzx73g,0.8414,0.351,0.1397,0.0166,false,false,true,false
1kd5w8n5m7,0.8944,0.842,0.4089,0.5012,false,false,false,false
fyh3dyd2er,0.8352,0.741,0.1203,0.4045,false,false,false,false
rakd5exyyk,0.9283,0.927,0.6692,0.5731,false,false,false,false
yugslt90qn,0.8639,0.725,0.2277,0.3862,false,false,false,false
bvqbcxsjsw,0.9079,1.37,0.5057,0.8005,false,false,false,false
xj5z1iabgj,0.8622,0.512,0.2196,0.1399,false,false,false,false
iplkqpdmuv,0.9578,0.615,0.8707,0.2609,false,false,false,false
w8245n05ds,0.8625,0.551,0.2219,0.1835,false,false,false,false
4qo52drntc,0.922,0.556,0.6232,0.1927,false,false,false,false
d9esr4rmv7,0.938,0.791,0.7447,0.457,false,false,false,false
33ch16q6nz,0.9747,0.858,0.9485,0.5147,true,false,false,false
g87v86bixp,0.8356,0.879,0.1216,0.5331,false,false,false,false
emfoa68ewf,0.9338,0.59,0.7131,0.2317,false,false,false,false
629teg83r0,0.8818,1.156,0.3188,0.7124,false,false,false,false
elf5q69t1f,0.9362,0.586,0.7308,0.2261,false,false,false,false
qom8iqd9ry,0.8871,0.611,0.3554,0.2558,false,false,false,false
8orgok4nvl,0.9349,0.721,0.7214,0.3817,false,false,false,false
ixdsi5x1r5,0.7327,1.112,0.0084,0.6937,false,true,false,false
pmjowj2ldf,0.9142,5.338,0.5592,0.9834,false,false,false,true
xu15dxaqfa,0.9805,0.972,0.9699,0.6081,true,false,false,false
4j6dx4kktc,0.7978,0.745,0.0474,0.4093,false,true,false,false
wboai38a0z,0.9059,0.81,0.4927,0.4737,false,false,false,false
13ge252min,0.8969,0.458,0.428,0.0869,false,false,true,false
kqwc5vabuj,0.9825,1.22,0.9749,0.7415,true,false,false,false
40tw5w3atw,0.8337,1.001,0.117,0.6287,false,false,false,false
51o712iyeg,0.8399,1.553,0.1337,0.8498,false,false,false,false
1z97pg2zfn,0.9215,0.726,0.6172,0.3876,false,false,false,false
fzi1qxg7bp,0.8855,1.208,0.3454,0.7371,false,false,false,false
tfsv69hz0p,0.9285,0.61,0.6721,0.255,false,false,false,false
z47i8f0k4v,0.9347,1.694,0.7197,0.8793,false,false,false,false
z09j2n7o9n,0.8164,0.646,0.0767,0.2958,false,true,false,false
jcie5jcjqn,0.8446,0.587,0.15,0.2268,false,false,false,false
lbzgkd9wfd,0.9056,1.293,0.4915,0.773,false,false,false,false
dyh7eal6v6,0.803,1.053,0.0546,0.6625,false,true,false,false
p100lu8sej,0.8948,0.581,0.4122,0.2191,false,false,false,false
2uwgk0k15r,0.9513,1.16,0.8346,0.7142,false,false,false,false
uwik5sii3n,0.8797,0.786,0.3072,0.4508,false,false,false,false
gflxggqvk7,0.853,0.638,0.1803,0.2879,false,false,false,false
pteyi1a3yc,0.9033,2.847,0.4749,0.959,false,false,false,true
nkqlm03qom,0.9124,3.719,0.5452,0.9735,false,false,false,true
atyu86unx5,0.9654,4.197,0.9088,0.9771,true,false,false,true
99ibshrbar,0.9068,0.534,0.4976,0.1641,false,false,false,false
veia0doihl,0.74,0.978,0.0104,0.6127,false,true,false,false
ca7ikkibr8,0.8819,1.269,0.3202,0.7649,false,false,false,false
rdtb6k1kht,0.919,1.004,0.5977,0.6314,false,false,false,false
1c9aynit95,0.8649,1.121,0.2321,0.6976,false,false,false,false
4iuz1vknt7,0.8752,1.588,0.2807,0.8562,false,false,false,false
p5ktsg7i4k,0.9262,0.462,0.6527,0.0908,false,false,true,false
3e75lrb8k7,0.8626,0.913,0.2221,0.5609,false,false,false,false
655uradjin,0.8817,1.191,0.3187,0.7288,false,false,false,false
bpxgwqm8gc,0.9271,2.019,0.6596,0.9189,false,false,false,true
r0y6ctj7b3,0.9041,0.62,0.4803,0.2667,false,false,false,false
qkj13j4pt6,0.9446,0.898,0.7906,0.5492,false,false,false,false
a8wibtkxq2,0.8567,1.047,0.197,0.6585,false,false,false,false
11bejmfivb,0.9098,1.007,0.5229,0.6328,false,false,false,false
wp7vqg11vb,0.7654,1.159,0.0203,0.7136,false,true,false,false
ijvcean01q,0.8789,1.114,0.3031,0.6944,false,false,false,false
qceomn4i7u,0.9525,0.483,0.8422,0.1111,false,false,false,false
2rugy2wrbh,0.94,1.305,0.7591,0.778,false,false,false,false
cflrts96c5,0.883,0.572,0.3281,0.2087,false,false,false,false
u53n8hlmx9,0.9633,1.18,0.8987,0.7258,false,false,false,false
f577hfj32o,0.9503,2.288,0.8276,0.9362,false,false,false,true
rgi885n0o4,0.9096,2.529,0.5205,0.9481,false,false,false,true
rffjbhmz3z,0.9026,2.116,0.469,0.9258,false,false,false,true
3fxgtk1dp2,0.8021,0.548,0.0529,0.1801,false,true,false,false
2v728xbhtd,0.9057,1.022,0.4921,0.6418,false,false,false,false
vws9jx042p,0.7979,1.398,0.0475,0.8095,false,true,false,false
v77d0dynz6,0.8631,0.69,0.2243,0.3469,false,false,false,false
hphoe0ebzm,0.8977,0.764,0.4327,0.4303,false,false,false,false
7hj0y5wdw0,0.8539,0.975,0.185,0.6109,false,false,false,false
llkaw38g6u,0.8783,1.198,0.3,0.7317,false,false,false,false
8zx7nijmrr,0.8577,1.084,0.2014,0.6788,false,false,false,false
e8t0zhi6ts,0.9595,0.394,0.8805,0.037,false,false,true,false
jskehh83qi,0.8535,1.615,0.1825,0.8627,false,false,false,false
92banlcjaq,0.9459,0.882,0.8002,0.5368,false,false,false,false
ip8hx1sqad,0.8923,0.688,0.3914,0.3448,false,false,false,false
4jr2phaa2b,0.8822,0.505,0.3219,0.1308,false,false,false,false
uvgc1m2ch3,0.8086,1.609,0.0619,0.861,false,true,false,false
vhgovkrlmp,0.9407,3.166,0.7656,0.966,false,false,false,true
jkut0i9ayl,0.8712,0.883,0.2618,0.5374,false,false,false,false
ggi8vsv86u,0.9096,1.112,0.5208,0.6936,false,false,false,false
p3hrx725zy,0.8704,1.125,0.2579,0.6997,false,false,false,false
xx3jh7xyrx,0.8531,0.887,0.1808,0.5397,false,false,false,false
dwv7rn4gla,0.9141,1.032,0.5584,0.6488,false,false,false,false
4pmem2ex03,0.919,1.139,0.5972,0.7058,false,false,false,false
7fhk7f68m0,0.9107,1.377,0.5305,0.8027,false,false,false,false
ss6c50xx1z,0.9217,1.131,0.62,0.7026,false,false,false,false
qncy0zwsdk,0.7481,0.995,0.0126,0.6249,false,true,false,false
vebzghz870,0.9453,1.5,0.7961,0.8378,false,false,false,false
l8jhlwv4p3,0.8175,1.148,0.0793,0.7092,false,true,false,false
wx5vpdtwr2,0.891,0.392,0.3807,0.0343,false,false,true,false
dkfqhsw1yw,0.8972,0.627,0.4292,0.2745,false,false,false,false
5en27afdah,0.8708,0.954,0.2596,0.5957,false,false,false,false
y6yzoo5nmy,0.8767,0.741,0.2894,0.4049,false,false,false,false
979bj1yvnr,0.8849,1.292,0.3411,0.7728,false,false,false,false
4rdm0xb2a9,0.9032,0.633,0.4733,0.2825,false,false,false,false
r6gz3ufmu7,0.786,0.766,0.0354,0.432,false,true,false,false
lnlo9y81ll,0.9857,1.93,0.9872,0.9094,true,false,false,true
vwuimyvp6i,0.9007,1.044,0.4543,0.6564,false,false,false,false
6ljub0ud9b,0.8546,0.891,0.1877,0.5428,false,false,false,false
l586fzh4h5,0.8608,0.913,0.2138,0.5606,false,false,false,false
dtllm2qlpj,0.8683,0.951,0.246,0.5936,false,false,false,false
o7miugvhid,0.9043,0.795,0.482,0.4607,false,false,false,false
nqqxwhv5m5,0.8674,0.636,0.2423,0.286,false,false,false,false
0s3tnpwx0v,0.8469,1.064,0.1567,0.668,false,false,false,false
cknmqdhe26,0.8928,0.967,0.3949,0.6051,false,false,false,false
a3f3glyzz6,0.9157,0.813,0.5698,0.4766,false,false,false,false
edcx8uzzg2,0.972,0.373,0.9384,0.0246,true,false,true,false
flcw0h93lr,0.8829,1.278,0.3278,0.7682,false,false,false,false
dsfdlry12p,0.9473,0.534,0.8074,0.1642,false,false,false,false
0jf5qoqspm,0.7437,1.278,0.0116,0.7681,false,true,false,false
exlhxi6elz,0.803,0.418,0.0544,0.0521,false,true,true,false
iqq29ei5ax,0.869,1.562,0.2495,0.8515,false,false,false,false
60ci49wsku,0.813,0.711,0.0699,0.3712,false,true,false,false
kqkou58h8e,0.8707,1.063,0.259,0.6678,false,false,false,false
xqqq4d0mui,0.8914,0.76,0.3839,0.426,false,false,false,false
10sns7gisf,0.8799,0.621,0.3075,0.2673,false,false,false,false
wzufq2x52p,0.9394,1.468,0.7554,0.8284,false,false,false,false
hdagv802e5,0.8429,0.947,0.1452,0.5914,false,false,false,false
9qkwuhuzam,0.8576,1.829,0.201,0.8979,false,false,false,false
7dytelon8c,0.8695,0.557,0.2522,0.1931,false,false,false,false
14vy4qgts2,0.9337,0.833,0.7124,0.4948,false,false,false,false
ytvu8vtiva,0.8515,1.494,0.1735,0.8362,false,false,false,false
ghllu7b1cg,0.938,0.624,0.7442,0.2708,false,false,false,false
kch3a3r9so,0.8866,1.973,0.3518,0.9141,false,false,false,true
bbfbdothcn,0.8752,1.338,0.2803,0.7902,false,false,false,false
hlk9s69t0b,0.9847,1.137,0.9834,0.7049,true,false,false,false
67q7q9d4x6,0.9156,1.388,0.5689,0.8072,false,false,false,false
rj9oizoz3z,0.9139,1.198,0.5562,0.7319,false,false,false,false
5bl4o8gszc,0.8502,0.705,0.1688,0.3644,false,false,false,false
t62pogda58,0.9766,1.005,0.9563,0.6323,true,false,false,false
4gwd4tc9h7,0.961,1.486,0.8869,0.8334,false,false,false,false
45edw0eme0,0.9566,1.768,0.8648,0.8892,false,false,false,false
5cd25iad27,0.7812,0.716,0.0318,0.3767,false,true,false,false
rka0iunjsl,0.8772,1.089,0.2922,0.6824,false,false,false,false
ykg1pcekee,0.9216,0.596,0.618,0.2369,false,false,false,false
k12d67kmpc,0.9227,3.23,0.629,0.9673,false,false,false,true
9ezrhe64x3,0.8855,1.938,0.3452,0.9103,false,false,false,true
8lu53wgzng,0.8912,0.861,0.3822,0.5175,false,false,false,false
mgtsc1xkaw,0.7893,1.047,0.0384,0.6584,false,true,false,false
bwsuoq3j2w,0.9288,1.984,0.6734,0.9155,false,false,false,true
xohrzepvx0,0.846,1.246,0.1535,0.7526,false,false,false,false
6skl2tr21g,0.8903,1.478,0.3763,0.8315,false,false,false,false
gce1l639nd,0.8841,1.812,0.3364,0.8954,false,false,false,false
0gfww6169y,0.9772,4.946,0.9575,0.9818,true,false,false,true
0a8cuefs0e,0.8156,2.747,0.075,0.9554,false,true,false,true
n3ngm67d6v,0.9063,0.986,0.4943,0.6179,false,false,false,false
di5cno62u1,0.8973,0.902,0.4295,0.552,false,false,false,false
qy2dhk7u63,0.791,2.945,0.0402,0.9617,false,true,false,true
qxfizac8i3,0.8567,1.362,0.1973,0.7982,false,false,false,false
i0y33qcml6,0.9287,0.917,0.6729,0.5651,false,false,false,false
gmu8upmpj5,0.9728,1.535,0.9425,0.8456,true,false,false,false
kt25bi4ubi,0.929,1.105,0.6745,0.6903,false,false,false,false
8ew7ixm4d9,0.8732,1.213,0.271,0.7393,false,false,false,false
h5rp4a8omz,0.8105,0.714,0.0656,0.3739,false,true,false,false
kb65oilxkb,0.9267,0.956,0.6567,0.5965,false,false,false,false
aq6fk86e69,0.9459,0.546,0.7997,0.1786,false,false,false,false
la85n7o08i,0.8402,0.779,0.1351,0.4443,false,false,false,false
gt377ic5jp,0.8027,0.791,0.0542,0.4567,false,true,false,false
qcsrqz5s3f,0.8432,0.934,0.1462,0.5787,false,false,false,false
69viksd3vp,0.8474,0.907,0.1591,0.5573,false,false,false,false
gakvvmvjig,0.9367,1.419,0.7348,0.8156,false,false,false,false
0c8e1jmfms,0.9078,2.538,0.5046,0.9485,false,false,false,true
sfq69w36nk,0.7543,0.76,0.0153,0.4264,false,true,false,false
wk4azpqmr9,0.8434,0.778,0.1466,0.4426,false,false,false,false
k8mee8csof,0.943,1.686,0.7809,0.8779,false,false,false,false
zf5tzuq0j0,0.838,0.754,0.1281,0.4179,false,false,false,false
djw0fi7hrs,0.9331,1.797,0.7066,0.8927,false,false,false,false
gza1y4ss96,0.9711,0.927,0.9344,0.5733,true,false,false,false
hgoq8zfiqj,0.964,0.926,0.901,0.5726,true,false,false,false
2me76orlyp,0.8309,0.845,0.1076,0.5035,false,false,false,false
b20q3os7sy,0.7799,0.718,0.0304,0.3792,false,true,false,false
ndjk5ksod4,0.9338,1.889,0.7135,0.9039,false,false,false,true
ik4bmmm3t3,0.8788,1.003,0.3021,0.6308,false,false,false,false
otlpjc9t78,0.9417,1.419,0.7717,0.8159,false,false,false,false
qu2mue0s6p,0.9293,1.195,0.6776,0.7303,false,false,false,false
5j95oa92mi,0.9083,0.986,0.5088,0.618,false,false,false,false
ugdlusuwks,0.9172,0.88,0.5818,0.5339,false,false,false,false
usu3vbgz2q,0.9145,1.597,0.5615,0.8591,false,false,false,false
9qynmtrjkx,0.8916,1.157,0.3862,0.7129,false,false,false,false
o9dxo5qh2m,0.8208,0.504,0.0862,0.1294,false,true,false,false
4uaogxroib,0.8963,0.876,0.4241,0.5302,false,false,false,false
1ok6zbtnk6,0.9094,0.627,0.5184,0.2749,false,false,false,false
6shvstll5g,0.8378,0.604,0.1275,0.2469,false,false,false,false
ijhax4puf1,0.8147,1.071,0.0731,0.6709,false,true,false,false
80rbne96x7,0.9299,0.74,0.6819,0.4038,false,false,false,false
ue23n5m0ni,0.7915,1.417,0.0409,0.8153,false,true,false,false
rfa0vj164o,0.9218,0.471,0.6216,0.0984,false,false,true,false
b5l4iy1549,0.859,0.791,0.2067,0.4561,false,false,false,false
hpdn33lic3,0.8891,1.971,0.3668,0.9138,false,false,false,true
ohdh0lkyy4,0.9058,1.685,0.4923,0.8773,false,false,false,false
a7oh8zt1j9,0.902,1.585,0.4651,0.8559,false,false,false,false
3yfirmacsl,0.8529,1.211,0.1796,0.7385,false,false,false,false
tls3lk6pmn,0.8848,0.823,0.34,0.4851,false,false,false,false
pc3jypu0rd,0.9358,4.533,0.7287,0.9794,false,false,false,true
dlnpt0mty5,0.8776,0.833,0.2956,0.495,false,false,false,false
4wl1qmvfdt,0.8543,0.624,0.1866,0.2709,false,false,false,false
nkk1uu1csr,0.8521,0.763,0.1754,0.4285,false,false,false,false
frm7kbmqo0,0.8967,0.625,0.4271,0.2716,false,false,false,false
dcq8o1ylre,0.9222,0.727,0.6248,0.3891,false,false,false,false
b89g9p1nmh,0.8137,0.962,0.0714,0.6022,false,true,false,false
gfizw57mx3,0.9332,0.962,0.7071,0.602,false,false,false,false
pof2zzmj7g,0.8476,1.462,0.16,0.827,false,false,false,false
quyjmnf3ej,0.9438,1.273,0.7846,0.7659,false,false,false,false
19revwpxpf,0.8769,0.839,0.2905,0.499,false,false,false,false
8cxgadd7gt,0.913,0.679,0.5495,0.3315,false,false,false,false
9fehcdu0a3,0.8893,1.378,0.3676,0.8033,false,false,false,false
mu5ppveeev,0.8734,1.993,0.2723,0.9163,false,false,false,true
v3pznw8wk7,0.8967,0.874,0.4269,0.5282,false,false,false,false
k113i5ce3y,0.8294,0.452,0.1033,0.081,false,false,true,false
96q5rtynfn,0.9039,1.777,0.4787,0.8905,false,false,false,false
2qbe8bgpoh,0.9043,0.848,0.4821,0.5075,false,false,false,false
1lawq2xs38,0.8679,1.947,0.244,0.9112,false,false,false,true
op0ulq60bu,0.925,1.62,0.6448,0.8641,false,false,false,false
ixhflx56p7,0.9064,0.928,0.4948,0.5737,false,false,false,false
b8mmrjfto6,0.8992,0.869,0.4425,0.5247,false,false,false,false
k5uiw10mou,0.9108,0.731,0.532,0.394,false,false,false,false
qa0vdv8giq,0.8913,2.07,0.3835,0.9224,false,false,false,true
i94b1i9m1d,0.8732,0.834,0.2706,0.4961,false,false,false,false
ycy54xxxej,0.8683,1.094,0.2456,0.6855,false,false,false,false
augnd6va1d,0.8251,0.947,0.0942,0.5907,false,true,false,false
ioed81q221,0.8956,0.541,0.4177,0.1727,false,false,false,false
m8wpmibwju,0.8377,0.713,0.1271,0.3731,false,false,false,false
vb2cd88n7l,0.8702,1.283,0.2564,0.77,false,false,false,false
1js7114rqh,0.9681,1.781,0.9214,0.8911,true,false,false,false
3x6uoggqup,0.9495,1.089,0.8214,0.6827,false,false,false,false
j0k3r38qnh,0.9067,1.137,0.4966,0.7045,false,false,false,false
6nsi5sez25,0.8959,1.437,0.4216,0.8201,false,false,false,false
4hkxnkakt8,0.9206,0.413,0.6095,0.0496,false,false,true,false
4srxsp1m2q,0.8839,1.266,0.3355,0.7635,false,false,false,false
bcj3m2qe74,0.8093,1.169,0.0637,0.7196,false,true,false,false
fs2wcan68c,0.8629,1.178,0.2236,0.7247,false,false,false,false
z7efn9tv9c,0.8789,1.264,0.3032,0.7625,false,false,false,false
dz00m0vt7k,0.9031,1.383,0.4723,0.8062,false,false,false,false
gsxpob22ck,0.9368,0.846,0.7352,0.505,false,false,false,false
0njqenrw66,0.9448,1.706,0.7922,0.8806,false,false,false,false
jfbx5i1wnh,0.8721,0.714,0.2666,0.3737,false,false,false,false
jthai4vru4,0.9013,0.777,0.459,0.4421,false,false,false,false
ojwkfteu7o,0.9522,1.276,0.8402,0.7668,false,false,false,false
7jykntgmxg,0.8331,3.602,0.1148,0.9726,false,false,false,true
8tr1sitm92,0.7568,0.959,0.0167,0.5986,false,true,false,false
2e8atl69m9,0.9351,0.716,0.7221,0.3759,false,false,false,false
255korw30l,0.8791,1.09,0.3042,0.6837,false,false,false,false
gykzbfm75z,0.9343,1.302,0.7169,0.7764,false,false,false,false
rjmlcx1q37,0.9515,0.721,0.836,0.3821,false,false,false,false
vackhu60su,0.9097,1.619,0.5219,0.8635,false,false,false,false
r6wpyfdyjj,0.8848,2.799,0.3397,0.9575,false,false,false,true
cte2nb4r4z,0.8982,1.138,0.4353,0.7053,false,false,false,false
pbn5nfiez8,0.822,0.835,0.0887,0.4965,false,true,false,false
nr6wuqcomc,0.8363,1.306,0.1239,0.7784,false,false,false,false
bkovs1epq5,0.9826,1.072,0.9765,0.6711,true,false,false,false
6ojpq27vgc,0.9124,1.505,0.5454,0.8389,false,false,false,false
fisg86zni4,0.9527,1.168,0.8443,0.7193,false,false,false,false
4sphs77zjk,0.9463,1.087,0.802,0.6814,false,false,false,false
fdzm1fkkga,0.8773,0.673,0.2931,0.3246,false,false,false,false
4ny3ocpm0a,0.9537,0.749,0.8493,0.413,false,false,false,false
n51bq3uwnn,0.9054,0.914,0.4893,0.5621,false,false,false,false
2ecmqcbxje,0.9038,1.683,0.4781,0.8766,false,false,false,false
4ktdp8ara1,0.7596,0.686,0.018,0.3408,false,true,false,false
h4ww39b6yz,0.8621,0.967,0.219,0.6049,false,false,false,false
si1wd0w8nu,0.9223,0.854,0.6256,0.5122,false,false,false,false
fttv4lif7u,0.8433,1.877,0.1463,0.9029,false,false,false,true
0j64pc1ih0,0.8662,1.577,0.2379,0.8544,false,false,false,false
tyq91ssmoz,0.9502,1.713,0.8261,0.882,false,false,false,false
98ro9qpksu,0.841,1.837,0.1379,0.8986,false,false,false,false
ka00khz9x6,0.8534,1.38,0.1822,0.8044,false,false,false,false
78ncusyfln,0.715,1.221,0.0048,0.7421,false,true,false,false
lydwdo0hn0,0.9267,1.297,0.657,0.775,false,false,false,false
l1jm7eu93n,0.9081,0.793,0.5071,0.459,false,false,false,false
inff9a2rnr,0.813,1.106,0.0698,0.6908,false,true,false,false
d89xplb0u5,0.9187,2.182,0.5947,0.9304,false,false,false,true
5lkb03nn3y,0.8968,0.515,0.4277,0.1426,false,false,false,false
89a1byezmx,0.8686,0.728,0.2475,0.3904,false,false,false,false
13g1vc5vy4,0.9661,2.084,0.9119,0.9237,true,false,false,true
ot14wfrmjp,0.8774,0.637,0.2945,0.2865,false,false,false,false
npktn0uap6,0.8599,1.406,0.2103,0.8121,false,false,false,false
cszfwr0b6v,0.8543,1.1,0.1862,0.6885,false,false,false,false
258ln91ano,0.9334,1.468,0.7103,0.8286,false,false,false,false
66lcy92dho,0.9572,0.946,0.8678,0.5904,false,false,false,false
4cv93gq672,0.9053,1.659,0.4885,0.8729,false,false,false,false
jz7skumn53,0.8264,1.191,0.0971,0.7284,false,true,false,false
oa4jz4wyl0,0.9512,1.979,0.8334,0.9146,false,false,false,true
3ly9bdp6h9,0.9156,1.671,0.5693,0.8747,false,false,false,false
t8ei535w2j,0.9878,1.274,0.9906,0.7661,true,false,false,false
spmsq0c7h0,0.9439,0.732,0.7848,0.3951,false,false,false,false
ekzj6szrl6,0.8906,0.843,0.378,0.5019,false,false,false,false
kpcdedkfkl,0.913,0.751,0.5498,0.4155,false,false,false,false
plkxsw95wg,0.8142,1.224,0.0718,0.7436,false,true,false,false
sgq49odi1k,0.8569,0.797,0.1981,0.4635,false,false,false,false
e0ma8bt2qb,0.8857,0.845,0.3465,0.5039,false,false,false,false
3vmjdxshn3,0.9442,2.34,0.7877,0.9398,false,false,false,true
yf7u33k0ak,0.9097,2.575,0.5216,0.9497,false,false,false,true
21cdhxo1vh,0.888,0.961,0.3604,0.6008,false,false,false,false
g2u99rnyku,0.8057,1.142,0.058,0.7076,false,true,false,false
izofk5vrcn,0.904,0.756,0.4799,0.4202,false,false,false,false
wlmmhdfmlb,0.8864,1.93,0.3498,0.909,false,false,false,true
qx7ogsf9ur,0.8562,0.95,0.1952,0.5929,false,false,false,false
mzwnfznvhk,0.967,1.485,0.9163,0.833,true,false,false,false
62ssu6syon,0.9114,1.491,0.5363,0.8356,false,false,false,false
f5xway4ddb,0.9581,0.684,0.8726,0.338,false,false,false,false
gl4x9sgqed,0.8312,1.104,0.1091,0.6897,false,false,false,false
3h4ixdd502,0.9388,1.658,0.7507,0.8725,false,false,false,false
b5pvfmln19,0.9161,1.948,0.5731,0.9115,false,false,false,true
uprl4skr4x,0.9386,0.47,0.7497,0.097,false,false,true,false
ir15jzv69w,0.9428,1.814,0.7797,0.8957,false,false,false,false
mukf5oxetn,0.8657,1.265,0.2358,0.7631,false,false,false,false
e6jdt5iagw,0.9281,0.798,0.6671,0.4639,false,false,false,false
4chuguu70s,0.8956,0.786,0.4183,0.4503,false,false,false,false
zz0dnxrotm,0.901,1.397,0.4563,0.8092,false,false,false,false
tdq3keialn,0.9118,3.255,0.5405,0.968,false,false,false,true
hp0n9cdszc,0.8456,1.407,0.1525,0.8124,false,false,false,false
3irvjp1jov,0.9583,0.722,0.8742,0.3822,false,false,false,false
3ufroumber,0.9036,0.985,0.4766,0.6174,false,false,false,false
cg225pwx7m,0.8342,0.552,0.1184,0.1854,false,false,false,false
9ezl86l1pf,0.8393,2.953,0.1325,0.9621,false,false,false,true
g0dwvirmc2,0.899,0.709,0.4403,0.3695,false,false,false,false
0eff8w5q4f,0.9328,1.177,0.7045,0.7243,false,false,false,false
d1v9rgon1j,0.8789,1.037,0.3027,0.6512,false,false,false,false
9z9puzh261,0.9005,1.065,0.4514,0.669,false,false,false,false
q94bk6nv0k,0.966,1.056,0.9112,0.6639,true,false,false,false
h9j3jz9feh,0.857,0.605,0.1984,0.2482,false,false,false,false
v5euuhpstw,0.8533,0.738,0.1818,0.401,false,false,false,false
p82w6b3arf,0.9259,1.279,0.6501,0.7683,false,false,false,false
nkdh9l35xe,0.8746,0.893,0.277,0.544,false,false,false,false
2d6ylt7pjm,0.8525,1.975,0.1774,0.9142,false,false,false,true
imzizezh5m,0.856,0.484,0.1941,0.1122,false,false,false,false
4zsoi14tci,0.9362,0.791,0.7313,0.4568,false,false,false,false
vh0ehh2f3n,0.942,0.903,0.7723,0.553,false,false,false,false
ojnuwoquc0,0.8321,0.895,0.1113,0.5462,false,false,false,false
4c5i9rll6m,0.8744,1.715,0.2767,0.8827,false,false,false,false
lxqqe12vsu,0.9348,0.659,0.7203,0.311,false,false,false,false
5515nj675t,0.8606,0.912,0.213,0.5603,false,false,false,false
cyje9m0cun,0.9493,1.964,0.8197,0.9131,false,false,false,true
r7d15geexb,0.9528,1.66,0.8446,0.8733,false,false,false,false
lpqzscb6v4,0.91,0.724,0.5244,0.3846,false,false,false,false
4bfgw317bg,0.9323,0.726,0.7016,0.3882,false,false,false,false
lri2ktevjs,0.8956,1.177,0.4175,0.7241,false,false,false,false
14n1jxwaa0,0.9847,1.569,0.9837,0.853,true,false,false,false
9xdx1nlo83,0.8851,2.899,0.3429,0.9604,false,false,false,true
5kxeh76iux,0.9358,1.009,0.7281,0.6339,false,false,false,false
bkt7ixidyd,0.8581,1.617,0.2031,0.8631,false,false,false,false
az2elb21ou,0.8576,1.786,0.2009,0.8918,false,false,false,false
48jrnyod8t,0.9825,1.139,0.9749,0.706,true,false,false,false
d23hy8ljzq,0.8964,1.688,0.4246,0.8783,false,false,false,false
52ezn70g5a,0.863,1.28,0.2238,0.7685,false,false,false,false
l6tft2pmwq,0.9092,1.402,0.5172,0.8103,false,false,false,false
0vni9lrsok,0.969,2.124,0.9254,0.9269,true,false,false,true
rncaupjygk,0.855,1.314,0.1901,0.7827,false,false,false,false
529lc9to96,0.9286,0.638,0.6722,0.2877,false,false,false,false
iigm31rpdr,0.8239,0.473,0.0921,0.1002,false,true,false,false
kozl38zd2y,0.9527,0.822,0.8438,0.4834,false,false,false,false
26bhuvmdkn,0.9218,1.8,0.6208,0.8932,false,false,false,false
nalslj2p98,0.8823,1.31,0.3227,0.781,false,false,false,false
i510d5xppe,0.9458,0.882,0.7993,0.537,false,false,false,false
zyz4awp7h4,0.9381,1.613,0.7458,0.8623,false,false,false,false
jn2s6v4j7g,0.8623,1.362,0.2202,0.798,false,false,false,false
ycr34rkear,0.9362,0.61,0.7306,0.2543,false,false,false,false
63j5bct0mm,0.9231,1.732,0.6325,0.8855,false,false,false,false
roioi4dyyj,0.862,0.993,0.2185,0.624,false,false,false,false
aesgmo9quv,0.8655,1.762,0.2353,0.8882,false,false,false,false
d3nozl3y7v,0.9017,1.291,0.4625,0.7722,false,false,false,false
5dk30i9dny,0.8853,0.919,0.3436,0.5671,false,false,false,false
8gcc0yfdxb,0.8652,0.903,0.2333,0.5535,false,false,false,false
wail9t3t7k,0.8606,1.22,0.2133,0.742,false,false,false,false
40pfu8kupx,0.9151,1.602,0.5667,0.8601,false,false,false,false
8w2gegr70s,0.8773,0.937,0.2935,0.5812,false,false,false,false
0b2nqa7u77,0.9026,1.058,0.4688,0.6649,false,false,false,false
godc2edhrs,0.8102,1.593,0.0651,0.8572,false,true,false,false
d4iaugv77s,0.8111,0.606,0.0663,0.2495,false,true,false,false
2z5n1q2glh,0.9123,1.297,0.5447,0.7743,false,false,false,false
69qlz2fm3p,0.8494,1.658,0.1663,0.8726,false,false,false,false
sap11q0bdv,0.8862,1.276,0.3488,0.7667,false,false,false,false
51ntdzo89d,0.8431,1.013,0.1459,0.6366,false,false,false,false
va7ot6hqgf,0.9439,1.474,0.7851,0.8305,false,false,false,false
w2wjlnxnt4,0.8889,1.357,0.3652,0.7957,false,false,false,false
oag9w561pe,0.9333,0.714,0.7094,0.3738,false,false,false,false
0rq3q30lof,0.9067,1.342,0.4965,0.7911,false,false,false,false
9x55xbq6ah,0.8568,0.982,0.1977,0.6151,false,false,false,false
0k3sj58grr,0.933,1.625,0.7059,0.8653,false,false,false,false
67d61o7hyp,0.8154,1.24,0.0745,0.7504,false,true,false,false
ich1xtgsni,0.8916,1.02,0.3858,0.6406,false,false,false,false
al9z0q8dwg,0.8647,0.749,0.2312,0.4132,false,false,false,false
rx2006wekn,0.9074,0.932,0.5015,0.5776,false,false,false,false
zb2807j7rh,0.9227,1.281,0.6292,0.7689,false,false,false,false
t2og8smiud,0.8601,0.741,0.2116,0.4039,false,false,false,false
wrux2n3v2u,0.9404,0.704,0.763,0.3634,false,false,false,false
sbaq9439s9,0.9084,1.56,0.5097,0.8512,false,false,false,false
xpw4vj86p5,0.8944,0.794,0.4086,0.4601,false,false,false,false
z4jwvai1qp,0.854,0.427,0.1852,0.0595,false,false,true,false
97qjjuf8yk,0.9308,1.495,0.6902,0.8366,false,false,false,false
vbpggwlorc,0.919,1.548,0.5973,0.849,false,false,false,false
unkj6bc5hm,0.9333,0.916,0.7085,0.5639,false,false,false,false
6r0jzgn99j,0.9145,1.073,0.5622,0.6723,false,false,false,false
i7jvclprjk,0.9165,1.7,0.5762,0.8801,false,false,false,false
n7xi2ud8s5,0.9427,0.913,0.7786,0.5614,false,false,false,false
67wbtwfny2,0.9408,1.345,0.7657,0.7929,false,false,false,false
q4egg1koyg,0.971,0.882,0.9334,0.5371,true,false,false,false
pfumxck292,0.8815,0.535,0.3173,0.1665,false,false,false,false
x4wnqpiyhl,0.9169,1.207,0.5794,0.7364,false,false,false,false
8hs1p8qzh7,0.8923,0.708,0.3915,0.3676,false,false,false,false
cqdkaa9qil,0.8546,0.846,0.1879,0.5045,false,false,false,false
ms5smbkibz,0.9304,0.96,0.6866,0.5997,false,false,false,false
sxe3zx5dk1,0.8956,0.814,0.4173,0.478,false,false,false,false
juyis8hs5w,0.8988,1.019,0.4389,0.6403,false,false,false,false
6cafhv2qxx,0.8632,1.38,0.2248,0.8041,false,false,false,false
enz4dl5ft8,0.916,1.029,0.5722,0.6462,false,false,false,false
846z1py1pc,0.8773,0.312,0.2934,0.007,false,false,true,false
jthwwpaqnc,0.8808,0.717,0.3126,0.3778,false,false,false,false
al1g3k4yl1,0.8648,0.782,0.2317,0.4465,false,false,false,false
cx2lqapgxr,0.9439,0.714,0.7849,0.3749,false,false,false,false
x48ux2mll3,0.9097,1.344,0.5215,0.792,false,false,false,false
q97fl2ooqr,0.8485,1.09,0.1636,0.6834,false,false,false,false
wc0ne3ed6i,0.9302,1.558,0.685,0.8509,false,false,false,false
h98u23f30v,0.8606,1.52,0.2129,0.8421,false,false,false,false
b86e5z5dnd,0.8648,1.016,0.2314,0.6382,false,false,false,false
wrabk19870,0.8439,1.371,0.1474,0.8009,false,false,false,false
f2dxupahla,0.8868,1.685,0.3532,0.8771,false,false,false,false
62q5yerfu1,0.9187,0.816,0.5951,0.4789,false,false,false,false
b0rlfnq12u,0.8777,0.975,0.2959,0.6106,false,false,false,false
nve83vsi4k,0.9202,4.681,0.6064,0.9804,false,false,false,true
tyr4mf37dg,0.8328,0.809,0.114,0.4733,false,false,false,false
0v8xj7x6fh,0.8637,1.092,0.2266,0.6843,false,false,false,false
c0i8bw3fav,0.9161,0.76,0.5725,0.4263,false,false,false,false
x1vhqfg4ie,0.9665,0.818,0.9142,0.4807,true,false,false,false
pazpfw0nei,0.7733,0.583,0.026,0.2223,false,true,false,false
9azunjnqxz,0.9085,2.726,0.5114,0.9544,false,false,false,true
e9k164vxy1,0.8853,0.804,0.3441,0.4697,false,false,false,false
7jmvpfsptf,0.9562,12.466,0.8632,0.9927,false,false,false,true
kocr6mx7qj,0.9109,0.644,0.5331,0.2929,false,false,false,false
gggwpsvd37,0.8763,0.83,0.2871,0.4915,false,false,false,false
diohmmlys0,0.8261,1.645,0.0961,0.8697,false,true,false,false
nda7sx4t6s,0.8679,1.179,0.2437,0.7255,false,false,false,false
lzzuufhmgd,0.8447,0.89,0.1504,0.5419,false,false,false,false
jjf5m7hht6,0.9184,1.046,0.5928,0.658,false,false,false,false
p19vmswjht,0.9396,0.914,0.7571,0.5615,false,false,false,false
2jig2grk0i,0.9655,1.581,0.909,0.8552,true,false,false,false
jxj59fwsp9,0.8884,2.427,0.3625,0.9441,false,false,false,true
d16mz0stxx,0.9439,1.078,0.7852,0.6747,false,false,false,false
lrsag3oj9w,0.8561,0.994,0.1942,0.6243,false,false,false,false
1a5ygbf11u,0.9368,0.46,0.7357,0.0883,false,false,true,false
h2v0f8kea9,0.908,1.167,0.5063,0.7183,false,false,false,false
hc0r5emog5,0.8548,1.327,0.1886,0.7873,false,false,false,false
hvg7h1bewm,0.8682,1.536,0.2448,0.8458,false,false,false,false
37929ecq1v,0.937,1.707,0.7374,0.8808,false,false,false,false
ycnqxq7a87,0.8923,0.599,0.392,0.2388,false,false,false,false
t4w3fufsy1,0.9176,0.966,0.5853,0.6038,false,false,false,false
chyc9tn8b3,0.8359,1.171,0.1227,0.7203,false,false,false,false
dnoag15re4,0.9027,0.68,0.4697,0.3349,false,false,false,false
a0hqelx3mn,0.739,0.879,0.0102,0.5328,false,true,false,false
2ia7qlktp5,0.8227,1.485,0.0899,0.8331,false,true,false,false
q5wgxzzt25,0.8688,1.398,0.2481,0.8098,false,false,false,false
myjp7q9wi3,0.9187,0.646,0.595,0.2955,false,false,false,false
ckwjc2b7l7,0.8176,0.961,0.0801,0.6016,false,true,false,false
k1qf7pm3yu,0.9078,1.092,0.5048,0.6841,false,false,false,false
svruup9gzh,0.872,1.524,0.2658,0.8435,false,false,false,false
45cdjo72lw,0.9172,1.123,0.5821,0.6983,false,false,false,false
zyn4bdjg27,0.8871,0.691,0.3556,0.3494,false,false,false,false
5t0thuzrml,0.9609,1.35,0.8859,0.7942,false,false,false,false
syewmx2m0v,0.8996,0.97,0.4441,0.607,false,false,false,false
mx4z00xk7f,0.9651,0.605,0.9062,0.248,true,false,false,false
n0k0zc4y21,0.9206,1.03,0.6099,0.6471,false,false,false,false
zhl2zx2p8b,0.8614,1.132,0.217,0.7031,false,false,false,false
d4ybyzuqgd,0.8895,1.568,0.3698,0.8527,false,false,false,false
bklv0e2icu,0.8761,1.829,0.2861,0.8981,false,false,false,false
56t610l7sq,0.9592,1.614,0.8797,0.8624,false,false,false,false
xz26jirf2p,0.9338,0.685,0.7129,0.3397,false,false,false,false
ofvysiuup7,0.824,2.155,0.0924,0.9289,false,true,false,true
1sj28653l6,0.7958,1.17,0.0456,0.7199,false,true,false,false
t0zhhb3v54,0.9148,1.175,0.5642,0.7229,false,false,false,false
lu9yv0f5bq,0.7749,1.345,0.0267,0.7928,false,true,false,false
9hqfaqf1j1,0.882,0.666,0.3205,0.3181,false,false,false,false
osb8ba5i48,0.8694,1.938,0.2516,0.9106,false,false,false,true
b09odsp3f6,0.8485,0.614,0.1634,0.2596,false,false,false,false
dygh6cwgox,0.9397,1.104,0.7574,0.6899,false,false,false,false
sja1z1mdip,0.8561,0.879,0.1945,0.5329,false,false,false,false
eyo61i7rdd,0.9405,0.485,0.7636,0.1124,false,false,false,false
joi8cx1yek,0.817,1.081,0.0782,0.6768,false,true,false,false
h7f7s52brc,0.8784,0.538,0.3006,0.1687,false,false,false,false
xm1lv1tgen,0.9153,1.45,0.5678,0.8233,false,false,false,false
4it1kyw5lh,0.9515,1.713,0.8358,0.8819,false,false,false,false
s7dk5wc5pq,0.9352,0.769,0.7233,0.4365,false,false,false,false
guerkzbcla,0.8852,0.947,0.343,0.5912,false,false,false,false
mt64dx22mr,0.8168,0.893,0.0776,0.5446,false,true,false,false
jls4s9ylji,0.8502,1.025,0.1689,0.6441,false,false,false,false
9msv2iiuke,0.8295,1.319,0.1035,0.7845,false,false,false,false
f8qaapufoi,0.8904,0.975,0.3766,0.61,false,false,false,false
yianxz56yk,0.8801,1.638,0.3086,0.8679,false,false,false,false
ecllejxyrn,0.7663,1.172,0.0207,0.7205,false,true,false,false
a9ayv0xo28,0.8899,0.438,0.373,0.0691,false,false,true,false
rll8j1r247,0.9332,3.269,0.7078,0.9682,false,false,false,true
q0hmoyw860,0.8881,0.876,0.3612,0.5307,false,false,false,false
dxbc4ifccr,0.9514,2.897,0.8351,0.9602,false,false,false,true
uomh10zyav,0.9691,0.619,0.9264,0.2654,true,false,false,false
lbitv41c2y,0.8907,0.642,0.3786,0.2916,false,false,false,false
pqb10cd2u3,0.9442,1.194,0.788,0.7301,false,false,false,false
elvbrwu1w8,0.9031,0.68,0.4722,0.3326,false,false,false,false
09u1pepupi,0.9783,2.653,0.9605,0.9525,true,false,false,true
6ff1vh2ypc,0.8603,0.794,0.212,0.4603,false,false,false,false
so8gvzkg0i,0.9496,1.073,0.8221,0.6722,false,false,false,false
s1g3bavycc,0.9765,3.162,0.9559,0.9659,true,false,false,true
ojdgx8yj6x,0.9044,1.049,0.4825,0.6603,false,false,false,false
9j56fto7e0,0.8847,0.462,0.3393,0.0906,false,false,true,false
c2ptz3ldwn,0.8053,0.602,0.0576,0.2429,false,true,false,false
a8jvnp4zmu,0.8048,1.202,0.0571,0.7337,false,true,false,false
lccpfkro1i,0.9364,1.495,0.7324,0.8363,false,false,false,false
plzn0zjwk3,0.9889,2.89,0.9925,0.9598,true,false,false,true
9nyojmtne3,0.8836,1.081,0.3331,0.677,false,false,false,false
ocevmuju4s,0.9087,1.058,0.5133,0.6647,false,false,false,false
e707m7l8os,0.793,0.659,0.0421,0.3112,false,true,false,false
ox2sqarnbb,0.8387,1.174,0.1305,0.7225,false,false,false,false
r4hnxv8hop,0.8477,0.69,0.1605,0.3471,false,false,false,false
u0af2ofwlc,0.9088,0.493,0.5136,0.1189,false,false,false,false
3n3rs9wf0d,0.8323,0.942,0.1123,0.5868,false,false,false,false
kyynmlbcxq,0.8663,1.166,0.2383,0.7178,false,false,false,false
ez2mt11gi7,0.8456,2.464,0.1524,0.945,false,false,false,true
j8z8ughdx0,0.9304,0.596,0.6864,0.237,false,false,false,false
96r3i4eb7s,0.89,0.881,0.3745,0.5353,false,false,false,false
3llevxxmwj,0.8258,1.272,0.0957,0.7656,false,true,false,false
h3vr3u69co,0.8485,1.31,0.1638,0.7805,false,false,false,false
h4blx6tojx,0.9258,2.17,0.65,0.9298,false,false,false,true
at9xobsfdl,0.7724,1.121,0.0249,0.6973,false,true,false,false
6l465aqeoe,0.8991,0.601,0.4412,0.2411,false,false,false,false
xxrfosz734,0.8761,0.892,0.286,0.5432,false,false,false,false
n32p8ox1rk,0.8718,1.318,0.265,0.7841,false,false,false,false
g5066z5vn8,0.8497,0.916,0.1667,0.5638,false,false,false,false
w3v4n6xqlb,0.8525,0.726,0.1775,0.3873,false,false,false,false
f3xknzyctq,0.9116,0.996,0.5383,0.6256,false,false,false,false
az7f9gkbzd,0.8471,0.92,0.1575,0.5675,false,false,false,false
81tk26tb5f,0.9103,2.029,0.5277,0.92,false,false,false,true
7wz4obz9jz,0.942,1.467,0.7726,0.8282,false,false,false,false
vh72cgesk1,0.8701,0.477,0.2556,0.1042,false,false,false,false
33ro0widbh,0.8818,1.405,0.3199,0.812,false,false,false,false
quqo6q4hf5,0.8633,1.095,0.2256,0.6859,false,false,false,false
7zwhx1945u,0.97,3.389,0.9284,0.9699,true,false,false,true
cpyc1ls3q2,0.8807,1.412,0.3114,0.8136,false,false,false,false
md5uzm674k,0.8113,0.677,0.0666,0.33,false,true,false,false
pjsi4enron,0.8332,1.271,0.1149,0.7654,false,false,false,false
9ocagla0cs,0.943,1.41,0.7806,0.8131,false,false,false,false
paav5cfjx8,0.9053,0.551,0.4887,0.1832,false,false,false,false
79mauszk06,0.9616,0.762,0.8913,0.4281,false,false,false,false
wfi7gollex,0.9271,1.242,0.6598,0.7507,false,false,false,false
0nvmt2fmyh,0.7992,1.201,0.0482,0.7335,false,true,false,false
nsr3u1bkro,0.9069,1.771,0.4979,0.8898,false,false,false,false
zud0c3upbj,0.8549,1.579,0.189,0.8548,false,false,false,false
pcpqgaksoc,0.7805,0.783,0.0307,0.4483,false,true,false,false
ynofx0l536,0.9385,1.353,0.7491,0.7949,false,false,false,false
tensx2idid,0.931,2.022,0.6921,0.9192,false,false,false,true
joy9f53hti,0.9148,0.59,0.5643,0.231,false,false,false,false
abtid7l1v0,0.875,0.778,0.2796,0.443,false,false,false,false
8epz00g4x8,0.8932,0.769,0.398,0.4362,false,false,false,false
320yx1qyc3,0.928,1.403,0.666,0.8109,false,false,false,false
47y3b0d83j,0.8465,0.958,0.1551,0.5981,false,false,false,false
d8t3utlnem,0.8261,1.195,0.0959,0.7305,false,true,false,false
w5b2jqornc,0.9206,1.119,0.6096,0.6964,false,false,false,false
gbxtzzzmqy,0.8322,1.054,0.112,0.6635,false,false,false,false
ev6il04deo,0.9183,0.6,0.5917,0.2398,false,false,false,false
oeoxlzj4gl,0.9093,0.513,0.5182,0.1404,false,false,false,false
ggnimt4vxh,0.7557,1.402,0.0159,0.8107,false,true,false,false
eo8o3re0ej,0.8998,2.262,0.4462,0.9342,false,false,false,true
fbe8iosndm,0.9182,0.909,0.5904,0.5582,false,false,false,false
kz6jiuom6i,0.8022,0.791,0.053,0.4572,false,true,false,false
bvuhhrqq60,0.8181,1.179,0.0812,0.7254,false,true,false,false
mz94a5kkri,0.818,0.452,0.0808,0.0815,false,true,true,false
o719wbwbyw,0.8905,0.91,0.3774,0.5592,false,false,false,false
b098ofqbbx,0.8533,1.009,0.1815,0.6337,false,false,false,false
w0rs8l9ck2,0.8056,0.875,0.0579,0.5287,false,true,false,false
eebltzwqpz,0.8748,1.359,0.2775,0.7968,false,false,false,false
n0j8ept6xd,0.9025,1.705,0.4684,0.8805,false,false,false,false
n70bmjx2wq,0.928,1.268,0.6657,0.7645,false,false,false,false
k6hz0rmggy,0.8524,1.49,0.1768,0.8351,false,false,false,false
k12ze9hbp1,0.8858,0.784,0.3473,0.4491,false,false,false,false
0h4donn04j,0.9671,1.9,0.917,0.9061,true,false,false,true
bapm0xbg11,0.8614,1.596,0.2173,0.8585,false,false,false,false
upzqj8hmae,0.853,1.322,0.1797,0.7856,false,false,false,false
s975ca1hac,0.9393,2.623,0.7541,0.9514,false,false,false,true
kizv8skvjo,0.8929,0.756,0.3962,0.4211,false,false,false,false
2bkuv6jpiw,0.9754,4.929,0.9515,0.9815,true,false,false,true
j7fx2x3mn5,0.8169,1.013,0.0779,0.637,false,true,false,false
jayouepmj2,0.9067,2.081,0.497,0.9231,false,false,false,true
e1zwcr0v9s,0.9428,3.178,0.7793,0.9664,false,false,false,true
6g1wcewp6c,0.9256,1.788,0.648,0.8921,false,false,false,false
3oyb6647d7,0.8832,0.789,0.3296,0.4548,false,false,false,false
prs9k27i02,0.9191,0.92,0.5988,0.5682,false,false,false,false
93kytct7ah,0.901,0.851,0.4564,0.5103,false,false,false,false
m39zd2epv9,0.9783,0.601,0.961,0.2406,true,false,false,false
awnaqx7e26,0.8674,0.709,0.242,0.3688,false,false,false,false
lx12vvk0z5,0.8404,1.305,0.1358,0.7775,false,false,false,false
6ezc25cooi,0.8784,0.83,0.3002,0.4912,false,false,false,false
ww0m97cqa7,0.9284,2.042,0.6698,0.9206,false,false,false,true
aqwru2vgy7,0.8939,0.631,0.4054,0.2784,false,false,false,false
tn322aj78z,0.8918,2.513,0.3882,0.9472,false,false,false,true
z9uwcqviek,0.916,0.739,0.5719,0.4025,false,false,false,false
w1hyn7x2kp,0.8827,1.312,0.3255,0.782,false,false,false,false
x7i58345z2,0.9554,6.413,0.8592,0.9865,false,false,false,true
rjdpjgosou,0.9239,0.7,0.6386,0.3585,false,false,false,false
0ae7oofl54,0.9076,0.667,0.5026,0.3191,false,false,false,false
19ad3knsuu,0.9469,1.686,0.8061,0.8777,false,false,false,false
5plwoch8nk,0.9421,0.661,0.7733,0.3133,false,false,false,false
x83dnbw1kb,0.855,0.733,0.1897,0.3965,false,false,false,false
da2h9hq2po,0.9346,0.767,0.7185,0.4339,false,false,false,false
btqtejkiqg,0.8951,2.582,0.4136,0.9504,false,false,false,true
6bai0u6ktz,0.851,1.77,0.1714,0.8896,false,false,false,false
sdkkrazlx8,0.8632,0.905,0.2246,0.5555,false,false,false,false
n730wnn6cz,0.9535,1.194,0.8482,0.7302,false,false,false,false
mxklfsdnfi,0.8917,0.525,0.3869,0.1547,false,false,false,false
3w6ufzjwc1,0.891,0.975,0.3806,0.6111,false,false,false,false
zxcm2j0o59,0.9127,1.672,0.548,0.8751,false,false,false,false
fpm5obikla,0.9511,0.394,0.8323,0.0367,false,false,true,false
pv7fhb8r8o,0.9106,2.165,0.5299,0.9294,false,false,false,true
o3e1jai607,0.8894,1.31,0.3695,0.7812,false,false,false,false
3sg4xb3o3b,0.7979,1.011,0.0477,0.6354,false,true,false,false
50xzhcr3ug,0.9651,1.204,0.9069,0.7349,true,false,false,false
xd125wqsre,0.9213,6.064,0.6156,0.9858,false,false,false,true
9lfs81e1v7,0.8989,0.917,0.4396,0.5658,false,false,false,false
k9r3xyaju0,0.8441,0.917,0.1482,0.5654,false,false,false,false
xdsf85gh8f,0.8881,0.335,0.3608,0.0119,false,false,true,false
u223fa41xh,0.8208,0.83,0.0861,0.4914,false,true,false,false
grf7xbt94m,0.9188,1.549,0.5957,0.8492,false,false,false,false
8ok54s3ojq,0.8343,1.076,0.1185,0.6736,false,false,false,false
s3hqoi61us,0.9663,1.251,0.9132,0.7556,true,false,false,false
bkd7fmiayb,0.878,2.773,0.2978,0.9561,false,false,false,true
tqqt4bsasq,0.9585,3.561,0.8748,0.9722,false,false,false,true
b1smo1i0pc,0.8588,0.573,0.2061,0.2104,false,false,false,false
d6up07v2iy,0.8134,0.567,0.0707,0.2038,false,true,false,false
t2ns620eim,0.8933,2.817,0.4001,0.958,false,false,false,true
dbbkruov3c,0.9277,1.213,0.6643,0.7395,false,false,false,false
yviqcj43xd,0.8158,1.391,0.0753,0.8078,false,true,false,false
42p5fknsdg,0.8978,1.117,0.4332,0.6957,false,false,false,false
vuape14wyj,0.9253,1.983,0.6461,0.9153,false,false,false,true
2it5s2poid,0.879,3.148,0.3036,0.9657,false,false,false,true
8kkkjkkd7x,0.869,0.546,0.2493,0.1789,false,false,false,false
wd4zoa4k9x,0.9215,0.987,0.6174,0.6189,false,false,false,false
tid1oiofjm,0.7971,0.588,0.0471,0.2289,false,true,false,false
sdo1jc0xln,0.893,0.57,0.3966,0.2068,false,false,false,false
wc1nne7fg2,0.9422,0.709,0.775,0.369,false,false,false,false
60qg0uheuc,0.9206,0.672,0.61,0.3242,false,false,false,false
1fohs5n1vn,0.8732,1.233,0.2708,0.7473,false,false,false,false
mgdgws7zbk,0.8714,0.385,0.2634,0.0307,false,false,true,false
08jngs5j2f,0.9415,1.609,0.7705,0.8613,false,false,false,false
0x8r70e3lz,0.872,0.611,0.2662,0.256,false,false,false,false
a9ehulb77w,0.8096,1.013,0.0641,0.6368,false,true,false,false
xnfpjnqchm,0.9474,0.961,0.8087,0.6004,false,false,false,false
r8rx3ety8p,0.95,1.819,0.8248,0.8964,false,false,false,false
50c2ozofmd,0.9054,1.344,0.4896,0.7918,false,false,false,false
sqew0jvdjp,0.9383,0.389,0.7476,0.033,false,false,true,false
c4bwj1v8wy,0.8741,1.404,0.275,0.8113,false,false,false,false
l5pkfvc6vl,0.8956,1.155,0.417,0.7118,false,false,false,false
li11v3gwau,0.9622,0.89,0.8938,0.5416,false,false,false,false
oyam0kekgb,0.8986,1.623,0.4378,0.8645,false,false,false,false
r38un961h1,0.9096,0.671,0.5211,0.3223,false,false,false,false
drv1np1ace,0.8771,1.635,0.2918,0.8671,false,false,false,false
m4cb689xc1,0.9334,0.811,0.71,0.4753,false,false,false,false
aaoma2znyy,0.8806,1.075,0.3105,0.6734,false,false,false,false
cpt1csrzxq,0.9094,0.813,0.5186,0.4767,false,false,false,false
07q91jvyku,0.9752,0.894,0.9499,0.5451,true,false,false,false
ckppm6qrvn,0.8572,2.061,0.1995,0.9222,false,false,false,true
9nbjd78smz,0.7862,0.534,0.0355,0.1649,false,true,false,false
33hvmq0t93,0.9236,0.509,0.637,0.1355,false,false,false,false
memvu15edj,0.9366,0.956,0.7334,0.5964,false,false,false,false
gz98slfnq2,0.8759,1.172,0.2844,0.7204,false,false,false,false
vv3clsxfvm,0.9376,1.373,0.7422,0.8019,false,false,false,false
qxe6a1e1ea,0.9826,1.696,0.9767,0.8794,true,false,false,false
q3fpr2diu1,0.9302,1.802,0.6855,0.8936,false,false,false,false
1ayk5d85ea,0.8491,1.717,0.1649,0.8831,false,false,false,false
jontm29f45,0.9156,1.102,0.5691,0.6892,false,false,false,false
iiz3xpmijw,0.8459,1.335,0.1532,0.7889,false,false,false,false
6wkouq4hm2,0.8653,0.802,0.2344,0.4676,false,false,false,false
wrlmn881el,0.7727,0.602,0.0251,0.243,false,true,false,false
hgsb8bh930,0.859,1.078,0.2065,0.675,false,false,false,false
gxsgfzwlh1,0.8793,1.228,0.3049,0.7447,false,false,false,false
oo1lpvked8,0.8577,0.91,0.2015,0.5595,false,false,false,false
0ibvlh90dp,0.8565,1.253,0.1966,0.7569,false,false,false,false
loqqhsaenq,0.9017,0.823,0.4626,0.4847,false,false,false,false
f5kkwrl7s7,0.901,0.8,0.4559,0.4659,false,false,false,false
hskzrt1egq,0.9179,0.351,0.5879,0.0167,false,false,true,false
wiaxxe7u5r,0.8929,0.898,0.396,0.5491,false,false,false,false
vcwae6n7nr,0.8954,0.57,0.4157,0.2061,false,false,false,false
m39jb96ktc,0.9105,1.354,0.5284,0.795,false,false,false,false
tto4necy38,0.8924,0.828,0.3926,0.4896,false,false,false,false
b2arn07tki,0.9108,0.539,0.5321,0.1702,false,false,false,false
9tzb94l3qg,0.8974,0.516,0.4299,0.1438,false,false,false,false
soai809i2q,0.9805,0.9,0.9707,0.5513,true,false,false,false
qxxrxy176x,0.9042,1.368,0.4813,0.7993,false,false,false,false
9426v0dud1,0.9317,3.862,0.6964,0.9747,false,false,false,true
37o226rxbt,0.9474,1.382,0.8083,0.8051,false,false,false,false
knkdyygtk4,0.9552,0.617,0.8577,0.2633,false,false,false,false
yud06kl35z,0.8202,0.684,0.0848,0.3382,false,true,false,false
76jkx9noot,0.8116,0.997,0.0673,0.6259,false,true,false,false
iy0e4nnjan,0.8316,0.961,0.1098,0.6006,false,false,false,false
hzvmqb131a,0.8507,0.729,0.1701,0.3914,false,false,false,false
huu0skgemn,0.9146,1.032,0.5629,0.6484,false,false,false,false
oidozgt7rt,0.8593,0.597,0.2076,0.2379,false,false,false,false
eny8oyuvos,0.8863,1.398,0.3491,0.8094,false,false,false,false
77q6bxdbxg,0.9004,1.04,0.4509,0.6538,false,false,false,false
ikfc3ghc2p,0.8916,0.525,0.3867,0.154,false,false,false,false
hpdgtgp8ui,0.8637,1.992,0.227,0.9161,false,false,false,true
70fflc84bf,0.9184,3.089,0.5925,0.9646,false,false,false,true
w6a2v3yu3b,0.9464,1.292,0.8026,0.7723,false,false,false,false
a00qhujbhc,0.868,0.931,0.2444,0.5758,false,false,false,false
mvsb9w830f,0.8772,1.715,0.2927,0.883,false,false,false,false
9qvyc0b99g,0.9007,1.82,0.4542,0.8967,false,false,false,false
wdznkea7is,0.9098,0.97,0.5226,0.6071,false,false,false,false
hcj55lmjw2,0.9372,0.993,0.7397,0.6233,false,false,false,false
ugqx6hgki5,0.9182,0.664,0.5901,0.3162,false,false,false,false
ddj73ek0y0,0.8088,0.734,0.0623,0.3974,false,true,false,false
jth5m2t0j1,0.9016,2.628,0.4618,0.9518,false,false,false,true
ge7ot2qoxb,0.9261,1.48,0.6513,0.8322,false,false,false,false
6sx1qtvqg3,0.8754,1.041,0.2817,0.6548,false,false,false,false
fys2o68hya,0.8927,1.82,0.3947,0.8965,false,false,false,false
sen10kvbwm,0.8832,1.327,0.3295,0.7867,false,false,false,false
8wypvk94ec,0.8665,1.038,0.2393,0.6519,false,false,false,false
zvfxh2yw8t,0.8581,1.102,0.2032,0.689,false,false,false,false
b2z4kyxzqz,0.9315,0.745,0.695,0.4092,false,false,false,false
hoqsuo8lha,0.9197,0.802,0.6027,0.4669,false,false,false,false
1jtm8fdxcw,0.8964,1.417,0.4245,0.815,false,false,false,false
nf9ekg0qg1,0.8415,1.111,0.1399,0.6928,false,false,false,false
63fmtiddmh,0.8826,2.956,0.325,0.9623,false,false,false,true
mjv383tqg8,0.9561,1.325,0.8627,0.7863,false,false,false,false
fau1uj8vv0,0.8523,1.456,0.1764,0.8248,false,false,false,false
hra5ihwfb3,0.8597,2.149,0.2094,0.9279,false,false,false,true
p67xuo2kv7,0.8994,0.83,0.4429,0.4919,false,false,false,false
rs9j6q39io,0.9214,2.793,0.6161,0.9573,false,false,false,true
tvzonzprnd,0.8073,0.711,0.0604,0.371,false,true,false,false
6rodeg489w,0.9307,0.943,0.6895,0.5882,false,false,false,false
w6vtdghbqn,0.8965,0.426,0.4255,0.0591,false,false,true,false
ztvhitd0fd,0.8773,1.031,0.293,0.6479,false,false,false,false
ys53yxzqjp,0.9037,0.98,0.4773,0.6136,false,false,false,false
lojc80bxmu,0.9136,0.829,0.5544,0.4898,false,false,false,false
gguny21ljt,0.962,0.892,0.892,0.5437,false,false,false,false
6tjp5fda9y,0.8219,0.727,0.0883,0.3889,false,true,false,false
7x4rx7m7or,0.8568,1.19,0.1975,0.728,false,false,false,false
snq6107mh5,0.8897,1.825,0.3706,0.8974,false,false,false,false
pun8suty7e,0.9151,0.555,0.5665,0.1912,false,false,false,false
0v8bsfn5sp,0.9444,0.463,0.7899,0.0912,false,false,true,false
xl47xnxiwx,0.9031,1.356,0.4726,0.7956,false,false,false,false
sbc1k4npv1,0.9001,0.979,0.4481,0.6132,false,false,false,false
3zrda2cmnj,0.9352,0.811,0.7241,0.4744,false,false,false,false
6ztjvhx3tv,0.8348,1.084,0.1199,0.6784,false,false,false,false
qik6pmuvy2,0.9047,1.178,0.4851,0.7251,false,false,false,false
nbv3tmsnzx,0.8623,1.033,0.2203,0.649,false,false,false,false
h1019kba0a,0.9634,98.698,0.8992,0.9982,false,false,false,true
265mkdiui8,0.9358,1.459,0.7284,0.8262,false,false,false,false
6q5zocnsjy,0.939,1.037,0.7523,0.6513,false,false,false,false
11o85w2s9v,0.9613,9.498,0.8891,0.9909,false,false,false,true
y7jzbrl1t6,0.7997,0.873,0.049,0.5267,false,true,false,false
scohmmb7ae,0.8956,1.173,0.4176,0.7221,false,false,false,false
ebngs9bply,0.8727,0.698,0.2685,0.3564,false,false,false,false
c7hv03w3vk,0.7904,0.898,0.0398,0.5499,false,true,false,false
jq4tx0i29j,0.881,1.429,0.3137,0.8182,false,false,false,false
tdn2i7e1j0,0.922,0.916,0.6233,0.5635,false,false,false,false
npjz18duzt,0.9064,0.451,0.4951,0.0805,false,false,true,false
hfj210w9yt,0.9293,0.555,0.6772,0.1904,false,false,false,false
42cv9n5sca,0.9401,0.757,0.7614,0.4231,false,false,false,false
vkdqkn2xtb,0.9507,1.19,0.8302,0.7281,false,false,false,false
rtn5fqe89r,0.9231,1.146,0.6327,0.7084,false,false,false,false
bc90b5335o,0.9731,1.356,0.9432,0.7951,true,false,false,false
fz0kofkfmh,0.932,1.282,0.6982,0.7694,false,false,false,false
wj5cukcxwm,0.7871,1.176,0.0365,0.7236,false,true,false,false
xiciizv4c0,0.8966,0.772,0.4266,0.4385,false,false,false,false
wsm4ir9rc2,0.9031,1.566,0.4729,0.8525,false,false,false,false
f2grrnd71y,0.9005,0.651,0.4516,0.3014,false,false,false,false
tgn534dcrn,0.9836,0.417,0.9804,0.0514,true,false,true,false
e7lnjlb0c7,0.9255,0.554,0.6476,0.1891,false,false,false,false
wjey2gjhke,0.7383,1.076,0.0099,0.6737,false,true,false,false
bszfaxvmju,0.931,1.091,0.6913,0.6839,false,false,false,false
yeru0l3twc,0.8324,1.153,0.1127,0.7109,false,false,false,false
kfe3tbf5cy,0.9257,1.369,0.6495,0.7998,false,false,false,false
k896l00xgn,0.9205,0.579,0.6091,0.2172,false,false,false,false
b76noxd4ui,0.8698,1.508,0.254,0.8395,false,false,false,false
axtlqpy84c,0.9341,0.508,0.715,0.135,false,false,false,false
xm383nyk7w,0.8615,1.064,0.2177,0.6682,false,false,false,false
gv6e6qsn0c,0.8987,1.022,0.4383,0.6424,false,false,false,false
kxhhxuvdxv,0.9583,1.718,0.8743,0.8835,false,false,false,false
7whvi3tfp1,0.8967,0.59,0.427,0.2311,false,false,false,false
581uzyifcp,0.8492,0.711,0.1652,0.3715,false,false,false,false
7i38kyvosi,0.944,0.934,0.7863,0.5789,false,false,false,false
te1btvpw9d,0.8853,0.72,0.344,0.3804,false,false,false,false
3c04bd9azw,0.9529,0.657,0.8449,0.3081,false,false,false,false
mv5jbuiam3,0.9393,1.182,0.7541,0.7261,false,false,false,false
dierxw7xo3,0.9752,1.062,0.9499,0.6668,true,false,false,false
rxi6x1v3hl,0.8502,0.562,0.1687,0.1974,false,false,false,false
223bnp78rp,0.813,0.979,0.07,0.6131,false,true,false,false
onhgvjy1q9,0.9523,1.294,0.841,0.7737,false,false,false,false
aj67w5rbak,0.9408,2.315,0.766,0.9387,false,false,false,true
rhtbcn5d23,0.8529,1.119,0.1794,0.6966,false,false,false,false
ptme4umh1e,0.8104,1.125,0.0655,0.6995,false,true,false,false
arcoord630,0.896,1.14,0.4217,0.7067,false,false,false,false
vu3bw6yl3m,0.8742,1.463,0.2753,0.8275,false,false,false,false
yq8nlyrmow,0.8553,1.478,0.1923,0.8316,false,false,false,false
g5raho8lad,0.9237,1.023,0.6378,0.6429,false,false,false,false
iz8ziw1z8n,0.9017,1.76,0.4622,0.8877,false,false,false,false
rlpwoalj34,0.8986,0.796,0.4375,0.4624,false,false,false,false
gpmo7jgbpo,0.7927,1.004,0.0416,0.6319,false,true,false,false
kqn1v9ezez,0.9048,1.506,0.4857,0.8391,false,false,false,false
i9tbo376xt,0.927,1.643,0.6593,0.8689,false,false,false,false
f7ht9jb7lb,0.9498,0.889,0.8232,0.5412,false,false,false,false
dy3umyn4q2,0.933,1.174,0.706,0.7223,false,false,false,false
35vca8sowb,0.8769,1.031,0.2912,0.648,false,false,false,false
0m9lws0t7v,0.9422,1.521,0.7752,0.8424,false,false,false,false
hsong2cdci,0.9101,0.892,0.5251,0.5436,false,false,false,false
7gmof8153q,0.8715,1.801,0.2638,0.8935,false,false,false,false
h2fpa8kwsq,0.8964,0.786,0.4248,0.4509,false,false,false,false
q606qo3c2j,0.874,1.132,0.2746,0.703,false,false,false,false
opddqwythx,0.8774,0.444,0.2942,0.0746,false,false,true,false
uciadx01s5,0.9211,1.535,0.6139,0.8454,false,false,false,false
iyy30m6uj3,0.9675,4.942,0.9192,0.9816,true,false,false,true
j6w104wdh1,0.8992,0.931,0.4416,0.5765,false,false,false,false
a15hzy60zn,0.9626,10.895,0.8954,0.9914,false,false,false,true
pq26vlz68g,0.7797,1.592,0.0298,0.857,false,true,false,false
jjaukwskyi,0.7936,1.034,0.0425,0.6497,false,true,false,false
yt5j0pvyc8,0.9301,1.258,0.6846,0.7602,false,false,false,false
qp4fwu3ltp,0.7784,0.673,0.0291,0.325,false,true,false,false
ayq66le3qc,0.7871,1.249,0.0366,0.7548,false,true,false,false
3k6swrh39z,0.8026,0.546,0.0539,0.1793,false,true,false,false
q8lhthkoff,0.8873,1.9,0.3564,0.9059,false,false,false,true
95nsxffagd,0.8966,0.685,0.4267,0.3404,false,false,false,false
a0ezffpi0q,0.8766,3.884,0.2887,0.9749,false,false,false,true
lm0p6twg4y,0.9283,0.718,0.6697,0.3786,false,false,false,false
8otgyu2nre,0.8086,1.286,0.062,0.7708,false,true,false,false
g6pbnd8ptv,0.961,0.647,0.8862,0.2973,false,false,false,false
wckt9rrxmw,0.899,1.283,0.4407,0.7697,false,false,false,false
c9oirvtzun,0.8545,0.414,0.1872,0.0499,false,false,true,false
mzfbpqj2qc,0.9121,5.665,0.5428,0.9848,false,false,false,true
2f4xrbvrc7,0.8481,0.986,0.162,0.6185,false,false,false,false
p7kusdfsa7,0.8702,0.682,0.256,0.3364,false,false,false,false
f9jdp1k5de,0.8592,0.515,0.2071,0.1428,false,false,false,false
47dj9kj68k,0.8527,0.983,0.1785,0.6162,false,false,false,false
6qtwhb41sy,0.9221,0.464,0.6241,0.092,false,false,true,false
qrx345rhel,0.8852,0.998,0.3433,0.6267,false,false,false,false
60gxjhajhr,0.9366,1.81,0.7338,0.8949,false,false,false,false
dfrhr9wqgp,0.9462,0.6,0.8019,0.2405,false,false,false,false
9ve36stpqa,0.8601,0.517,0.2109,0.1446,false,false,false,false
lxb06w5zmv,0.8996,1.44,0.4443,0.8203,false,false,false,false
tbqgxve34t,0.8601,1.393,0.2108,0.8087,false,false,false,false
miut7ozs31,0.9503,1.161,0.827,0.7143,false,false,false,false
asx9zz7awg,0.9134,2.309,0.5528,0.9378,false,false,false,true
63ahnei3up,0.8898,0.463,0.3717,0.0913,false,false,true,false
l4bngth21p,0.8796,1.093,0.3064,0.6845,false,false,false,false
ch8dlzfocw,0.9868,2.636,0.9884,0.9521,true,false,false,true
f28tr77gwz,0.8087,0.952,0.0622,0.5939,false,true,false,false
p2tit5idr3,0.8501,1.188,0.1685,0.7273,false,false,false,false
rumq4s81na,0.8692,1.016,0.2507,0.6377,false,false,false,false
gu7mz5r14v,0.8742,0.408,0.2755,0.0457,false,false,true,false
xzhqupiqu0,0.8227,0.504,0.0901,0.1286,false,true,false,false
1kwuj10xbu,0.8058,1.41,0.0583,0.813,false,true,false,false
9yt9yg9jsg,0.9133,1.213,0.552,0.7391,false,false,false,false
nwdamv74bu,0.9045,0.933,0.4836,0.5783,false,false,false,false
9bfdv8p4h2,0.853,0.865,0.1799,0.5219,false,false,false,false
xi938iqqy5,0.8752,0.819,0.2804,0.4818,false,false,false,false
bxx1bfwfdp,0.8886,0.372,0.3634,0.0242,false,false,true,false
jqh3jqaf36,0.9412,1.712,0.7682,0.8816,false,false,false,false
won6rc3j6q,0.8248,0.617,0.0937,0.2634,false,true,false,false
7g80o8c00i,0.8711,1.203,0.2609,0.7339,false,false,false,false
remve6dw17,0.8226,1.192,0.0898,0.7291,false,true,false,false
cw89zvmjd4,0.9337,1.213,0.7127,0.7392,false,false,false,false
nom7cw3c2v,0.9343,0.554,0.7164,0.1895,false,false,false,false
5j9bj4uyac,0.9266,0.819,0.6556,0.481,false,false,false,false
nq0gy4rw4f,0.8772,0.552,0.2929,0.1855,false,false,false,false
fx6z9nw872,0.9226,1.61,0.6284,0.8616,false,false,false,false
ry3qun0i66,0.8048,1.275,0.0569,0.7665,false,true,false,false
p50jazdqv0,0.9035,0.68,0.4758,0.3342,false,false,false,false
dr81iocd9s,0.937,0.573,0.7373,0.2108,false,false,false,false
c6ge7lcvwq,0.9058,0.574,0.4926,0.2125,false,false,false,false
qpe2d2x1b6,0.9247,0.757,0.6433,0.422,false,false,false,false
19od9rfgto,0.7438,0.789,0.0117,0.4545,false,true,false,false
q51k2345c0,0.6338,3.143,0.001,0.9656,false,true,false,true
ts3hhe08ha,0.8444,0.526,0.1496,0.156,false,false,false,false
xh12jandwd,0.8921,1.403,0.3905,0.811,false,false,false,false
qj9y5ujarl,0.8873,1.043,0.3567,0.656,false,false,false,false
3dtpqnncnc,0.8829,1.025,0.327,0.6439,false,false,false,false
lr0voogxnw,0.893,1.61,0.3972,0.8617,false,false,false,false
870kshtbg7,0.8073,2.004,0.0605,0.917,false,true,false,true
nhn4i83cxp,0.9855,3.827,0.9848,0.974,true,false,false,true
buq3xqxxwp,0.875,0.981,0.2789,0.6146,false,false,false,false
nlcef1pomi,0.9116,1.197,0.5381,0.7315,false,false,false,false
avhke9janp,0.8069,0.824,0.0595,0.4854,false,true,false,false
fanznjk9iy,0.9623,1.241,0.8949,0.7505,false,false,false,false
8p1m0347i1,0.9164,0.594,0.5756,0.2354,false,false,false,false
xsqx9omnsq,0.9021,0.809,0.4655,0.4727,false,false,false,false
gdkjgep4od,0.9955,1.909,0.9996,0.9072,true,false,false,true
jqz6abt2i4,0.9285,0.498,0.6719,0.1236,false,false,false,false
qjwlqym16k,0.8888,1.204,0.3644,0.7348,false,false,false,false
rzgq997acn,0.9311,1.481,0.6924,0.8326,false,false,false,false
fdf2qvetbk,0.9165,3.037,0.576,0.9638,false,false,false,true
9xyabbq2pt,0.8694,1.713,0.2517,0.8822,false,false,false,false
ofns7etab8,0.9489,0.821,0.8177,0.4828,false,false,false,false
vbq5bygb0a,0.9473,9.322,0.8076,0.9907,false,false,false,true
jgiwt15z77,0.8463,0.91,0.1544,0.5588,false,false,false,false
wp8o6vzeb7,0.9319,1.544,0.6977,0.848,false,false,false,false
z3w097wjgz,0.9185,1.335,0.593,0.7888,false,false,false,false
x9w4jjmvem,0.9231,1.312,0.6328,0.7823,false,false,false,false
h7r2hf3vus,0.9795,2.47,0.9663,0.9454,true,false,false,true
4yrafgv66k,0.9356,1.47,0.7274,0.8295,false,false,false,false
sprl1dxets,0.9397,1.503,0.7577,0.8382,false,false,false,false
kkw5bvni7o,0.8937,1.327,0.403,0.787,false,false,false,false
t9y6tb3re8,0.9423,2.496,0.7757,0.9465,false,false,false,true
vu4b31ex2c,0.9557,0.535,0.8605,0.1662,false,false,false,false
254o340m9m,0.7996,0.874,0.0486,0.528,false,true,false,false
xu73m4x9u0,0.9015,1.336,0.4606,0.7891,false,false,false,false
ivhaw6lk95,0.9569,1.2,0.8659,0.7324,false,false,false,false
8ns2e42lz3,0.9444,2.751,0.7895,0.9555,false,false,false,true
gznmsaupgn,0.9124,1.414,0.5461,0.8141,false,false,false,false
pmxmdr6tfo,0.8913,0.511,0.3833,0.1391,false,false,false,false
230nzxasfk,0.894,1.504,0.4057,0.8385,false,false,false,false
0d65enlc99,0.9055,2.005,0.4901,0.9173,false,false,false,true
t4o5mf1c00,0.9218,0.897,0.6214,0.5488,false,false,false,false
065tz82k34,0.9379,0.695,0.7439,0.3524,false,false,false,false
9gze25ga6z,0.8469,1.07,0.1569,0.6701,false,false,false,false
6ewtby86yc,0.8864,1.049,0.3499,0.6599,false,false,false,false
vkbjjevx6f,0.9731,0.612,0.9432,0.2576,true,false,false,false
vm6lqocyb1,0.9348,1.049,0.7204,0.6592,false,false,false,false
j4tpw10njm,0.9175,0.734,0.5845,0.3969,false,false,false,false
14pp7xbdwy,0.8936,0.65,0.4017,0.3006,false,false,false,false
v7dho0jbr3,0.9161,1.215,0.5726,0.7399,false,false,false,false
5z1nr4nh4c,0.9482,2.392,0.8136,0.9427,false,false,false,true
j5p8wlyko4,0.6978,1.008,0.0033,0.6334,false,true,false,false
vlaa8aarc0,0.8713,1.623,0.2627,0.8648,false,false,false,false
9gyo41s7j9,0.878,1.376,0.298,0.8025,false,false,false,false
es4a10z4tm,0.8419,0.94,0.1419,0.5843,false,false,false,false
6yq6txwfyl,0.9165,0.452,0.5766,0.0821,false,false,true,false
knb0js1nz4,0.904,0.84,0.4798,0.5005,false,false,false,false
4o05khzfql,0.7694,1.178,0.0224,0.7252,false,true,false,false
vcjui0jqnc,0.9382,0.532,0.7461,0.1619,false,false,false,false
4kaprc0jpv,0.8132,1.245,0.0706,0.7522,false,true,false,false
106df0z8jf,0.8827,2.152,0.3264,0.9283,false,false,false,true
t9cy77n1iz,0.8558,0.665,0.1938,0.3173,false,false,false,false
e2fm9rurwh,0.8136,1.435,0.0711,0.8196,false,true,false,false
an3z0cx4kk,0.8698,0.471,0.2542,0.0982,false,false,true,false
96xb5cwtmt,0.8819,0.422,0.3203,0.0557,false,false,true,false
y7jvwcrvp7,0.8539,1.076,0.1851,0.6738,false,false,false,false
m2kjaatp0o,0.805,1.556,0.0573,0.8504,false,true,false,false
n9zt1vixgf,0.963,0.739,0.8974,0.4027,false,false,false,false
jt9uav3vf2,0.8644,0.479,0.2295,0.1072,false,false,false,false
n5rh0tfgg5,0.8939,1.225,0.4053,0.7439,false,false,false,false
8v1f9lsmk8,0.8926,0.689,0.3931,0.3456,false,false,false,false
3uqavat9m5,0.81,1.127,0.0646,0.7009,false,true,false,false
28oe5ffp5y,0.8795,1.361,0.3061,0.7979,false,false,false,false
4jx7wqsfdx,0.7816,1.013,0.0322,0.6367,false,true,false,false
godwxcqnyr,0.9334,0.881,0.7105,0.5354,false,false,false,false
g7g1qa5c90,0.8827,0.69,0.326,0.347,false,false,false,false
puyta326dn,0.9303,0.562,0.6859,0.1975,false,false,false,false
5mpsq7gtxf,0.6213,0.687,0.0006,0.344,false,true,false,false
i3scf556zf,0.9765,1.869,0.9552,0.9021,true,false,false,true
id57s9swiw,0.88,1.505,0.3079,0.8388,false,false,false,false
uvff999y1a,0.8345,1.532,0.1194,0.8451,false,false,false,false
oszkpgtfi4,0.9592,1.208,0.8791,0.7373,false,false,false,false
16p2nfr2xx,0.8652,1.835,0.2335,0.8985,false,false,false,false
807vykao4f,0.8519,0.571,0.175,0.2075,false,false,false,false
cti131h126,0.9118,0.305,0.5399,0.0058,false,false,true,false
iev82lb9bd,0.9411,3.034,0.7672,0.9637,false,false,false,true
f9pvh6j3wg,0.9075,0.702,0.5021,0.3605,false,false,false,false
a0wsk0ce80,0.791,1.442,0.0403,0.8215,false,true,false,false
0dbhj1xt64,0.9141,1.759,0.5591,0.8874,false,false,false,false
p76u6ot3qe,0.8572,1.413,0.1996,0.8138,false,false,false,false
reejbrcjbl,0.9011,0.812,0.4571,0.4758,false,false,false,false
ggercox3da,0.7328,1.339,0.0086,0.7904,false,true,false,false
zaan1cxxfi,0.9098,1.009,0.5231,0.6335,false,false,false,false
hzymry1qrt,0.9649,1.238,0.9048,0.7494,true,false,false,false
ag005p8bny,0.7918,0.796,0.041,0.4619,false,true,false,false
re719617x5,0.9101,2.586,0.5252,0.9507,false,false,false,true
nqr4njbd6g,0.8444,24.856,0.1492,0.9952,false,false,false,true
gvcci2xojk,0.8559,1.156,0.1939,0.7123,false,false,false,false
gd7wrox7bi,0.8298,1.027,0.1048,0.6453,false,false,false,false
9jz6ei9bv8,0.8543,1.231,0.1865,0.7467,false,false,false,false
feh15241dw,0.8917,0.506,0.3876,0.1311,false,false,false,false
py77uadzry,0.9097,1.415,0.5218,0.8146,false,false,false,false
taufbv45hl,0.9169,1.717,0.5795,0.8833,false,false,false,false
ikntzhppty,0.8256,1.045,0.0953,0.657,false,true,false,false
x8ima1lw0t,0.9172,0.944,0.5823,0.5889,false,false,false,false
nf4ph49lwf,0.8948,0.353,0.4118,0.017,false,false,true,false
m02yzhdmih,0.9208,1.117,0.6115,0.696,false,false,false,false
ew8bt6firs,0.865,1.085,0.233,0.6799,false,false,false,false
5crrk819g8,0.8516,0.854,0.1736,0.5121,false,false,false,false
erahc80mv2,0.7958,1.253,0.0454,0.7563,false,true,false,false
5kkeph9p82,0.8741,1.184,0.2749,0.7269,false,false,false,false
b1832x2jkq,0.9266,1.088,0.6559,0.6823,false,false,false,false
8p8gnht4gy,0.8606,1.224,0.2127,0.7433,false,false,false,false
9nm4j6gnkj,0.8478,1.141,0.1607,0.7073,false,false,false,false
gho2kqs0sm,0.9085,0.959,0.511,0.5984,false,false,false,false
q9dimst0m7,0.9124,0.855,0.5459,0.5128,false,false,false,false
8x8zr9zort,0.8065,0.748,0.0593,0.4119,false,true,false,false
x2pyma8005,0.8479,0.905,0.1613,0.5559,false,false,false,false
2qx5vqvrnk,0.8869,0.502,0.3543,0.1265,false,false,false,false
t9oaowe62e,0.9449,0.781,0.7928,0.4455,false,false,false,false
ycys9d25fr,0.8881,1.293,0.3611,0.7732,false,false,false,false
wmn9vbjavn,0.9642,1.489,0.9032,0.8348,true,false,false,false
l1vq9e8qit,0.7536,0.842,0.0148,0.5009,false,true,false,false
st2xx4gihd,0.9073,1.382,0.5006,0.8049,false,false,false,false
9ztzsg5eqj,0.9911,3.082,0.9954,0.9645,true,false,false,true
1hqepdv6o5,0.9123,0.595,0.5443,0.2365,false,false,false,false
eohnpm61xo,0.909,0.98,0.5149,0.6142,false,false,false,false
l1d5hwuefx,0.8339,0.404,0.1178,0.0437,false,false,true,false
e5aocyaxuw,0.7936,0.686,0.0424,0.3413,false,true,false,false
ifeab23iql,0.8695,1.565,0.2529,0.8522,false,false,false,false
4di3h8wkhc,0.8395,1.291,0.1328,0.7719,false,false,false,false
v7dj54s534,0.8823,0.941,0.3223,0.5863,false,false,false,false
n0j79q1vok,0.9197,0.708,0.6033,0.3687,false,false,false,false
ici6xcttgo,0.9,0.828,0.4469,0.4889,false,false,false,false
5f281ijdtn,0.8939,0.532,0.4052,0.1618,false,false,false,false
j03xbrmkav,0.9318,1.162,0.6972,0.7146,false,false,false,false
w7gxvshont,0.905,1.39,0.4864,0.8074,false,false,false,false
w9edx51ki6,0.7961,0.828,0.0459,0.4893,false,true,false,false
chjw0aa19p,0.8205,1.149,0.0856,0.7095,false,true,false,false
hysm2o8nsk,0.9164,1.052,0.5755,0.6621,false,false,false,false
0eq9bgwqef,0.8498,1.292,0.1678,0.7726,false,false,false,false
5t7cm00khu,0.8939,0.586,0.4056,0.2257,false,false,false,false
0v5wann415,0.8563,1.204,0.1962,0.7346,false,false,false,false
n0xguf97mn,0.8378,0.939,0.1272,0.5839,false,false,false,false
sporsummki,0.8682,0.577,0.2452,0.2155,false,false,false,false
0yfty38150,0.892,0.536,0.3897,0.1669,false,false,false,false
z3i2ddm5z8,0.9225,1.331,0.6277,0.7882,false,false,false,false
1ck5b0xtcp,0.8878,0.936,0.3596,0.5807,false,false,false,false
9ptrbebrv9,0.9102,0.886,0.5259,0.5393,false,false,false,false
q3yp31zql8,0.8454,1.9,0.1517,0.9062,false,false,false,true
hxi0m2a6ht,0.9096,0.81,0.5207,0.4738,false,false,false,false
ovkzkig9df,0.8422,0.272,0.1427,0.0012,false,false,true,false
4nsnf0uxjq,0.9457,1.283,0.7982,0.7701,false,false,false,false
x155uocd4b,0.9073,1.244,0.501,0.7516,false,false,false,false
jdhrpuk5f6,0.9446,1.127,0.7904,0.7011,false,false,false,false
ussnq4nzwl,0.8008,2.093,0.0508,0.9247,false,true,false,true
bo4aymao1d,0.9398,1.722,0.7583,0.8842,false,false,false,false
7xdft7pda1,0.8268,0.537,0.0981,0.1676,false,true,false,false
jfnfgs5sw1,0.8733,1.166,0.2714,0.7175,false,false,false,false
bxi5los4vc,0.8478,1.168,0.1609,0.7186,false,false,false,false
t5nut9n78x,0.897,1.177,0.4282,0.7244,false,false,false,false
7qusdlxdut,0.9051,1.293,0.4872,0.7733,false,false,false,false
kfbyr6na6j,0.8984,0.458,0.4368,0.0873,false,false,true,false
65fv6r9lhx,0.9003,2.671,0.4495,0.9529,false,false,false,true
9q3el9jax4,0.9537,1.007,0.8494,0.633,false,false,false,false
nc64j0i9ie,0.9566,0.508,0.865,0.1351,false,false,false,false
aa0m9s0h97,0.9518,0.38,0.838,0.0276,false,false,true,false
3mz1nfhd7y,0.8979,0.843,0.4335,0.5013,false,false,false,false
eiyi78v2pc,0.8296,0.89,0.104,0.5421,false,false,false,false
76m7sh929f,0.8783,0.552,0.2992,0.1868,false,false,false,false
s03gfp9q6v,0.8966,0.695,0.4263,0.3525,false,false,false,false
dlufa0906s,0.9443,3.303,0.7892,0.9686,false,false,false,true
2yfmytm3uf,0.7945,0.686,0.0438,0.3412,false,true,false,false
werzoi2mt1,0.9139,0.741,0.5564,0.4048,false,false,false,false
9axal5l2ta,0.8338,0.73,0.1174,0.3923,false,false,false,false
kw9kcxh0s1,0.9116,0.929,0.5385,0.5745,false,false,false,false
j8eh7334dh,0.9395,0.312,0.7555,0.0072,false,false,true,false
sygr0m9orc,0.8726,0.769,0.2683,0.4364,false,false,false,false
iwesc518qf,0.89,1.112,0.3739,0.6931,false,false,false,false
udb6bgv5ja,0.88,0.811,0.3081,0.4742,false,false,false,false
m4a0j4hrx8,0.861,1.59,0.2159,0.8563,false,false,false,false
6l5jvrfgfq,0.8952,0.93,0.4147,0.5754,false,false,false,false
kq29bf288r,0.8807,2.625,0.3118,0.9517,false,false,false,true
r3nxlltpib,0.9198,0.647,0.6037,0.2967,false,false,false,false
0noohe1h9j,0.8726,0.343,0.268,0.0144,false,false,true,false
ug5hz9713g,0.8341,0.904,0.118,0.5546,false,false,false,false
hky1uw0ub9,0.855,0.409,0.1898,0.047,false,false,true,false
djt790smrp,0.9552,3.033,0.8581,0.9635,false,false,false,true
vlr65wm2t2,0.9766,3.55,0.9562,0.972,true,false,false,true
t0ycq4baxn,0.8926,0.432,0.3934,0.064,false,false,true,false
wjogjhdtlm,0.8632,16.007,0.225,0.9941,false,false,false,true
vhioz33uo4,0.9379,1.038,0.744,0.6527,false,false,false,false
hylp392spr,0.9281,0.292,0.6672,0.0035,false,false,true,false
9mmupf57hl,0.9441,0.541,0.787,0.1725,false,false,false,false
q3lky58xuv,0.9083,1.299,0.5092,0.7754,false,false,false,false
0lrqdwglqm,0.9423,0.99,0.7759,0.6216,false,false,false,false
lh0jne6hdl,0.8692,0.807,0.2503,0.4709,false,false,false,false
eqfky688fk,0.8474,1.17,0.159,0.72,false,false,false,false
dhmnqm3awf,0.8376,1.406,0.1267,0.8123,false,false,false,false
b7pmehype4,0.9102,1.256,0.5265,0.7583,false,false,false,false
6m3i9jjkce,0.901,0.612,0.4557,0.2579,false,false,false,false
pg9l689u5z,0.8868,0.699,0.3534,0.3572,false,false,false,false
s8ibjgozt5,0.9209,1.763,0.6127,0.8887,false,false,false,false
02vwsvadlc,0.9574,1.258,0.8689,0.7598,false,false,false,false
mtvclml254,0.8889,0.753,0.365,0.4177,false,false,false,false
n896tujw6q,0.8976,1.237,0.4317,0.7491,false,false,false,false
di2d6m9xrh,0.9196,0.542,0.6024,0.1739,false,false,false,false
epch0751un,0.8663,0.674,0.2384,0.326,false,false,false,false
osr6wt7sbh,0.8946,0.963,0.4106,0.6024,false,false,false,false
dwr70nsd0p,0.962,1.251,0.8929,0.7555,false,false,false,false
0h9qcskgws,0.942,1.041,0.773,0.6549,false,false,false,false
wu5h8pc0dm,0.9127,1.645,0.5476,0.87,false,false,false,false
rnv47rbs5x,0.8905,2.435,0.377,0.9443,false,false,false,true
wkdhppgc1d,0.8932,0.941,0.3987,0.5864,false,false,false,false
j5p2uiptsv,0.91,3.045,0.5245,0.9641,false,false,false,true
zvmxy7w7n3,0.8758,0.724,0.2837,0.3847,false,false,false,false
x5egno7kob,0.8555,1.137,0.1927,0.7048,false,false,false,false
i50af3pamb,0.9343,1.103,0.7167,0.6893,false,false,false,false
1n3ctm556z,0.7428,1.447,0.0109,0.8225,false,true,false,false
7wdy7hjekz,0.8649,0.858,0.2324,0.515,false,false,false,false
klqzfjawnf,0.9634,0.424,0.8994,0.0572,false,false,true,false
c2fkc66ixj,0.8804,0.572,0.3093,0.2089,false,false,false,false
eevusv96lk,0.8442,0.867,0.1486,0.5229,false,false,false,false
jinl3tusn1,0.8811,0.631,0.3148,0.2785,false,false,false,false
w3m1e64m99,0.9612,0.667,0.8887,0.3192,false,false,false,false
inpswexk43,0.8365,0.44,0.1242,0.0709,false,false,true,false
0u190723vb,0.9452,0.732,0.7953,0.3949,false,false,false,false
h8w5r42qqu,0.8062,0.937,0.0588,0.5814,false,true,false,false
k8lku01l5t,0.9489,2.522,0.8178,0.9478,false,false,false,true
olvioj1wyz,0.913,1.348,0.5501,0.7935,false,false,false,false
85ppplhyt5,0.8179,0.618,0.0805,0.2641,false,true,false,false
hfllqg5vqn,0.9312,0.874,0.6932,0.5276,false,false,false,false
37wj1xohrf,0.9136,0.533,0.5545,0.1634,false,false,false,false
bq7en50rfk,0.9354,0.903,0.7254,0.5538,false,false,false,false
25urjy3x9n,0.9269,0.532,0.6587,0.1623,false,false,false,false
f62c7nu72e,0.839,0.922,0.131,0.5694,false,false,false,false
q11z14c6cz,0.7891,1.704,0.038,0.8804,false,true,false,false
s0qdyex3y5,0.949,2.01,0.8186,0.9179,false,false,false,true
y02trg424b,0.8479,0.7,0.1612,0.3583,false,false,false,false
zgss93s54t,0.8854,1.029,0.3451,0.6464,false,false,false,false
bju47fkwp9,0.9352,0.946,0.7237,0.5896,false,false,false,false
xetjc3lcuw,0.9175,1.297,0.5841,0.7744,false,false,false,false
gyeva83mc2,0.9317,0.432,0.6962,0.0638,false,false,true,false
hjyq2z1o03,0.952,1.14,0.8389,0.7063,false,false,false,false
6t0ofjfvn6,0.9556,0.808,0.8599,0.4719,false,false,false,false
53ln91bmd4,0.9401,0.558,0.7603,0.1949,false,false,false,false
akfki6nm0v,0.9365,1.34,0.7331,0.7906,false,false,false,false
8u8y7wq7wr,0.8634,0.905,0.2257,0.5556,false,false,false,false
24czpqc0ks,0.8908,1.281,0.3796,0.769,false,false,false,false
7oboxwa3f0,0.8263,1.389,0.0968,0.8073,false,true,false,false
vamz66xkpe,0.8831,0.636,0.3285,0.2855,false,false,false,false
goidmz9iax,0.9393,0.733,0.7551,0.396,false,false,false,false
p5m0o0djp8,0.9721,1.064,0.9402,0.6679,true,false,false,false
avm4dqlwve,0.883,1.073,0.3279,0.6718,false,false,false,false
wt3tm4rbnl,0.7863,0.558,0.0356,0.1946,false,true,false,false
w003xzvoiq,0.881,1.098,0.3139,0.6875,false,false,false,false
zzqjcm1c4r,0.9303,1.934,0.686,0.9099,false,false,false,true
75vdy9v8q5,0.9052,1.454,0.4883,0.8241,false,false,false,false
49t0btmtq6,0.8962,0.367,0.4227,0.0215,false,false,true,false
2bcpvkc9oy,0.8973,0.439,0.4293,0.0699,false,false,true,false
2q0vswc5ou,0.8765,0.651,0.288,0.302,false,false,false,false
vsdrqspmuw,0.9017,0.609,0.4628,0.2532,false,false,false,false
0zjdp1ncf4,0.8942,4.325,0.4065,0.9783,false,false,false,true
r06irz3362,0.9568,1.563,0.8657,0.8518,false,false,false,false
xu3ffjcbao,0.9021,1.205,0.4662,0.7356,false,false,false,false
llpi13da4t,0.8291,1.804,0.1025,0.8938,false,false,false,false
gfmzvzdn16,0.9168,0.419,0.5784,0.053,false,false,true,false
ushldwf6u1,0.9693,1.97,0.9269,0.9137,true,false,false,true
5ezb6m1qy6,0.8343,1.767,0.1187,0.8891,false,false,false,false
eyr7jrlks0,0.8779,0.509,0.2971,0.1359,false,false,false,false
sx5ppg3hcq,0.8927,1.638,0.3941,0.8678,false,false,false,false
jlu3yf1u76,0.8608,1.548,0.214,0.8489,false,false,false,false
pd8bs6dqup,0.9166,0.588,0.5772,0.2293,false,false,false,false
7ov2x1zuko,0.9878,11.296,0.9906,0.9918,true,false,false,true
qyxmc22p2u,0.8377,1.247,0.127,0.7534,false,false,false,false
ir5ke81810,0.9017,1.082,0.4624,0.6773,false,false,false,false
1rodpruwbm,0.8899,0.698,0.3728,0.3561,false,false,false,false
rz8bsvsiah,0.8571,0.802,0.1992,0.4666,false,false,false,false
8dkm4y27l6,0.8131,1.075,0.0702,0.6732,false,true,false,false
su213d3u3a,0.9221,0.688,0.6243,0.3449,false,false,false,false
85rx7p3ho4,0.7753,0.407,0.0274,0.0453,false,true,true,false
2rukyyt4he,0.8335,0.571,0.1165,0.2072,false,false,false,false
2a826e0mz7,0.9013,0.54,0.4588,0.1718,false,false,false,false
7ngzpeupsn,0.8717,1.593,0.2643,0.8576,false,false,false,false
e2sui0njo3,0.9071,1.103,0.499,0.6895,false,false,false,false
3j88qawvt9,0.8706,0.508,0.2583,0.1337,false,false,false,false
3reuqu2vcn,0.9814,1.383,0.9729,0.8061,true,false,false,false
bfcne6lymr,0.8999,1.184,0.4466,0.7268,false,false,false,false
1bzz3a4sbu,0.9323,1.852,0.7012,0.9005,false,false,false,true
awzqti6n3g,0.9143,1.375,0.5603,0.8023,false,false,false,false
ugwnfmmmke,0.9456,0.631,0.798,0.2789,false,false,false,false
4bo7pl1u5f,0.9097,0.599,0.5213,0.2397,false,false,false,false
z122vuosha,0.9198,0.455,0.6038,0.0848,false,false,true,false
317tp43mkn,0.9117,0.758,0.5389,0.4245,false,false,false,false
n0wnw3kph4,0.954,0.992,0.8512,0.6226,false,false,false,false
zmyt8wy3py,0.9174,0.85,0.5834,0.5092,false,false,false,false
ul1kxhz4er,0.8768,0.51,0.29,0.1372,false,false,false,false
q6pfm7xfqv,0.8773,1.48,0.2933,0.832,false,false,false,false
5zbnzv7dov,0.8475,0.288,0.1596,0.0029,false,false,true,false
9stpqcsy0t,0.8117,2.575,0.0674,0.9499,false,true,false,true
ftfkfrh1aw,0.9509,1.044,0.8312,0.6566,false,false,false,false
rapx6gjrgl,0.8656,0.752,0.2354,0.4161,false,false,false,false
yhbn37d1wh,0.9448,2.286,0.7925,0.9358,false,false,false,true
c8mwllh361,0.9385,0.686,0.749,0.3407,false,false,false,false
7gzy32inb8,0.8808,0.435,0.3121,0.0658,false,false,true,false
dkfi2zhx0n,0.9522,0.749,0.8399,0.4133,false,false,false,false
sza9mv2r5s,0.9256,0.685,0.6482,0.3393,false,false,false,false
wkzz1pqsv1,0.9043,1.051,0.4818,0.661,false,false,false,false
w9tr96o5wc,0.8599,0.986,0.2101,0.6187,false,false,false,false
982ufgbw7r,0.887,0.427,0.3546,0.0594,false,false,true,false
yd6vekyiqp,0.8332,0.95,0.1151,0.593,false,false,false,false
458344zq9w,0.9428,1.62,0.7791,0.8637,false,false,false,false
4sbk885pcy,0.8725,1.197,0.2677,0.7313,false,false,false,false
7lr0wmgcar,0.8943,0.905,0.4083,0.5562,false,false,false,false
1gz34zn3po,0.8302,1.225,0.1062,0.7442,false,false,false,false
8u91343c4e,0.815,0.723,0.0734,0.3838,false,true,false,false
9yrbg0vcin,0.924,0.611,0.6404,0.2561,false,false,false,false
lcpjd38mpt,0.9292,0.973,0.6766,0.6088,false,false,false,false
jx7j1qpgcd,0.8962,0.535,0.423,0.1666,false,false,false,false
ee7zamn8ap,0.9449,1.321,0.7933,0.7851,false,false,false,false
23mwsbyz98,0.9364,0.66,0.7328,0.3118,false,false,false,false
n2dexoifa1,0.8694,0.611,0.2521,0.2557,false,false,false,false
mudcssl7j1,0.9546,0.573,0.8541,0.2107,false,false,false,false
gmgtg7svjo,0.8217,0.898,0.0879,0.5498,false,true,false,false
1sk4pq8l9q,0.8696,0.719,0.2535,0.3795,false,false,false,false
3cmwejqsy7,0.9435,0.544,0.7827,0.1772,false,false,false,false
yno5ws2rrw,0.9233,0.272,0.6341,0.0014,false,false,true,false
dsp0zfvizi,0.9855,1.615,0.9848,0.8628,true,false,false,false
iq929wrn5f,0.8748,2.15,0.2779,0.928,false,false,false,true
wygwitc1jk,0.9504,0.839,0.8282,0.4988,false,false,false,false
39x74h5r42,0.8096,1.404,0.0642,0.8114,false,true,false,false
plsun15ss9,0.8198,1.203,0.0844,0.7342,false,true,false,false
blrb2pezie,0.8484,0.534,0.1629,0.1647,false,false,false,false
0iu05clx1a,0.8945,0.764,0.4101,0.43,false,false,false,false
529thm6zvx,0.8738,0.393,0.2738,0.0355,false,false,true,false
kpinbz6rfg,0.8624,3.256,0.2214,0.9681,false,false,false,true
yhplv009um,0.8318,2.475,0.1104,0.9457,false,false,false,true
6qv9b1m7tw,0.7839,1.149,0.034,0.7094,false,true,false,false
6i0ka5r6un,0.9933,28.103,0.9978,0.9957,true,false,false,true
aamvob6v0p,0.9595,1.372,0.8809,0.8015,false,false,false,false
vhzxxb38mx,0.9091,0.605,0.5165,0.2488,false,false,false,false
74v2b2adr3,0.9803,0.785,0.9678,0.4495,true,false,false,false
l13f75rvx1,0.7893,1.846,0.0383,0.8997,false,true,false,false
syqxjv9xld,0.9663,1.582,0.9132,0.8554,true,false,false,false
qd82pb40l6,0.9192,1.195,0.5997,0.7306,false,false,false,false
9baq03dkm2,0.8701,0.56,0.255,0.1963,false,false,false,false
13vxp93mee,0.9691,0.665,0.9261,0.3174,true,false,false,false
y0cojen171,0.862,0.941,0.2188,0.5853,false,false,false,false
x5rnbr0sc8,0.8464,0.687,0.1549,0.343,false,false,false,false
cluih5d44o,0.8471,0.806,0.1579,0.4705,false,false,false,false
l2w4utm3pn,0.8706,1.324,0.2582,0.786,false,false,false,false
5tgso4s4ur,0.9503,4.641,0.8272,0.9802,false,false,false,true
b46umwo7dh,0.8778,0.896,0.2969,0.5475,false,false,false,false
30nwi5vzh8,0.9732,0.895,0.9442,0.5463,true,false,false,false
ab0r5wwo1e,0.9426,0.583,0.7777,0.2214,false,false,false,false
pt8mtuz0ff,0.9232,0.657,0.6334,0.309,false,false,false,false
ixyxui2411,0.9591,1.144,0.8777,0.7081,false,false,false,false
e2cwq4rcjr,0.839,0.943,0.1311,0.5883,false,false,false,false
a7nxlj02z5,0.8756,0.818,0.2831,0.4806,false,false,false,false
7ycl15rq4m,0.9774,0.737,0.959,0.4005,true,false,false,false
5o9g6uzyla,0.8778,1.469,0.2963,0.8287,false,false,false,false
e2jxnahrpd,0.9009,1.073,0.4556,0.6719,false,false,false,false
wto15f82to,0.9125,1.551,0.5466,0.8494,false,false,false,false
yzlrmhda7a,0.8535,0.794,0.1828,0.4595,false,false,false,false
9lsj3demmn,0.9021,1.665,0.4658,0.8739,false,false,false,false
n3h10mjr4x,0.9085,2.147,0.5108,0.9278,false,false,false,true
cf5vgqq4tc,0.8332,0.392,0.1152,0.0344,false,false,true,false
5au78l7qa6,0.875,0.803,0.2793,0.4686,false,false,false,false
jvnyvgelio,0.892,1.767,0.3901,0.8889,false,false,false,false
wo843o01pa,0.7751,0.808,0.0269,0.4726,false,true,false,false
fkymwb69mf,0.754,1.875,0.0151,0.9027,false,true,false,true
cxeggsh0qo,0.9107,1.841,0.5303,0.8993,false,false,false,false
frie8evkaj,0.9268,1.655,0.6577,0.8718,false,false,false,false
88a8pz3t14,0.8813,1.234,0.3157,0.7478,false,false,false,false
hmzz82ufub,0.8551,0.747,0.1909,0.4112,false,false,false,false
dyvbn0c2tc,0.9363,0.58,0.7321,0.2184,false,false,false,false
bq3xv0ukar,0.9269,2.286,0.6581,0.9359,false,false,false,true
dz7uu0p3d1,0.8833,0.783,0.3304,0.4488,false,false,false,false
hda7tty9pq,0.9378,0.701,0.7433,0.3594,false,false,false,false
cfh1m1ve9c,0.944,0.822,0.7857,0.4836,false,false,false,false
17rgximr1e,0.9287,0.636,0.6727,0.2853,false,false,false,false
bx8t0hak12,0.8818,1.578,0.3192,0.8547,false,false,false,false
1a59ef19x4,0.8678,0.919,0.2435,0.5668,false,false,false,false
yfnil5t39i,0.9344,1.085,0.7172,0.6792,false,false,false,false
aamllbjdsu,0.8712,1.223,0.2619,0.7428,false,false,false,false
v3piw3ap3n,0.8175,0.695,0.0797,0.3534,false,true,false,false
rfaxe51kf3,0.8952,1.066,0.4141,0.6694,false,false,false,false
exstxg7i37,0.8337,0.974,0.1173,0.6093,false,false,false,false
72r0jfjtkx,0.963,0.448,0.8971,0.0786,false,false,true,false
wdrbx3a631,0.9469,1.551,0.8065,0.8496,false,false,false,false
tb2syg1u0g,0.8562,1.001,0.1951,0.629,false,false,false,false
tzy9ytt5i9,0.8689,1.028,0.2491,0.6461,false,false,false,false
w1gk56e6lp,0.8165,0.802,0.0768,0.4677,false,true,false,false
hegboa6lck,0.9322,0.554,0.7004,0.189,false,false,false,false
s4efdex27o,0.9579,1.6,0.871,0.8598,false,false,false,false
167ecdp9x3,0.8951,0.861,0.4139,0.5172,false,false,false,false
yc57fcbxkx,0.9283,0.584,0.6696,0.2234,false,false,false,false
2fq50fjoiw,0.9083,0.885,0.5086,0.5383,false,false,false,false
zppmwrf9co,0.9307,0.624,0.6886,0.2712,false,false,false,false
wfshe61l42,0.9391,0.853,0.7533,0.5111,false,false,false,false
wcdd2dnh4g,0.8428,1.274,0.1448,0.766,false,false,false,false
g6ridluri6,0.8893,0.847,0.3687,0.5059,false,false,false,false
q7qceas4t4,0.944,1.139,0.7862,0.7059,false,false,false,false
3i9jbo0pp2,0.9482,1.623,0.8135,0.8646,false,false,false,false
ta78md1iqv,0.9443,0.803,0.7893,0.468,false,false,false,false
a3nfh0y4m1,0.9216,0.883,0.6178,0.5375,false,false,false,false
jt1np6n3u8,0.849,1.23,0.1648,0.7457,false,false,false,false
6sz7l3zdgl,0.8917,0.987,0.3872,0.619,false,false,false,false
ut9z6x18q2,0.9298,3.411,0.6812,0.97,false,false,false,true
127rl1z998,0.8462,0.935,0.154,0.5796,false,false,false,false
t19iwtu065,0.9285,1.027,0.6708,0.6451,false,false,false,false
ubujh04h7e,0.9147,0.86,0.5636,0.516,false,false,false,false
m3lw3vksdt,0.9004,0.692,0.4503,0.3507,false,false,false,false
nloigkwmvl,0.8911,0.649,0.3818,0.2994,false,false,false,false
vzhao9red4,0.8853,0.807,0.3438,0.4715,false,false,false,false
3gqvxdlui4,0.9547,1.547,0.8545,0.8486,false,false,false,false
tyv6z2h5zs,0.9816,1.026,0.9736,0.6444,true,false,false,false
ohn3u5yabv,0.9372,2.03,0.7389,0.9203,false,false,false,true
wwlmnoi1d5,0.9764,6.408,0.9551,0.9863,true,false,false,true
c5mrfouxxm,0.8477,0.521,0.1604,0.1503,false,false,false,false
jxgo9r0uys,0.854,2.931,0.1854,0.961,false,false,false,true
tjk3a1ucnx,0.8832,1.117,0.3293,0.6958,false,false,false,false
594dvsw146,0.7822,1.393,0.033,0.8085,false,true,false,false
bd20v4xsz1,0.8774,1.236,0.2941,0.7483,false,false,false,false
my81dfpg1r,0.9582,1.643,0.8735,0.869,false,false,false,false
1l6fp1gqzw,0.9326,0.501,0.7033,0.126,false,false,false,false
0o71ewhp7a,0.8174,1.06,0.0792,0.666,false,true,false,false
1l55lznnds,0.8614,0.876,0.2172,0.5295,false,false,false,false
chnvhozj4j,0.8726,1.143,0.2681,0.7077,false,false,false,false
ms90perr0q,0.8594,1.972,0.208,0.9139,false,false,false,true
mz2umn1xci,0.9124,0.643,0.5463,0.2923,false,false,false,false
h1e1sg3lf2,0.889,0.697,0.3655,0.3552,false,false,false,false
d2hk6bhn37,0.746,1.939,0.0123,0.9108,false,true,false,true
rycybocs5k,0.8726,0.564,0.2679,0.1995,false,false,false,false
fae613ls7n,0.8755,1.13,0.2825,0.7019,false,false,false,false
vhvyu3ormn,0.8818,1.672,0.3197,0.875,false,false,false,false
a9ysjjnr11,0.8224,0.571,0.0894,0.2083,false,true,false,false
dth2kcxnfu,0.9114,0.846,0.5364,0.5044,false,false,false,false
hwqk8f09ud,0.8851,0.539,0.3425,0.1709,false,false,false,false
jng1z541wr,0.8537,1.251,0.1843,0.7554,false,false,false,false
orb6oycc6b,0.8774,0.601,0.2944,0.2412,false,false,false,false
ziumpigarq,0.8444,0.706,0.1495,0.3659,false,false,false,false
k54j8ouk4b,0.9889,3.515,0.9917,0.9714,true,false,false,true
08be9tiior,0.8216,1.892,0.0876,0.9044,false,true,false,true
lpsyhoxflv,0.8509,1.884,0.1705,0.9036,false,false,false,true
cg76u6ziow,0.8749,0.596,0.2786,0.2372,false,false,false,false
lnmgx3ix4j,0.8708,1.208,0.2594,0.7374,false,false,false,false
t6l82soaq4,0.8839,0.555,0.3351,0.1908,false,false,false,false
27p6jw74ns,0.8832,0.846,0.3297,0.5052,false,false,false,false
thnvvqx11r,0.9723,0.864,0.941,0.5198,true,false,false,false
k70rif49u2,0.8866,13.323,0.3512,0.9931,false,false,false,true
fcl882szda,0.8192,1.193,0.0836,0.7294,false,true,false,false
40pt1wb9z8,0.9152,0.35,0.5671,0.0159,false,false,true,false
4hfcj314pg,0.9371,1.95,0.7382,0.9116,false,false,false,true
lmiawl7guy,0.8834,0.903,0.3314,0.5537,false,false,false,false
fykpcls2a6,0.8816,0.638,0.3183,0.288,false,false,false,false
67cllynnad,0.9557,0.834,0.8602,0.4955,false,false,false,false
d35sdw3im9,0.8782,2.463,0.2988,0.9449,false,false,false,true
9oozjqqnwe,0.8531,3.356,0.181,0.9692,false,false,false,true
al829v9ule,0.9484,0.782,0.8141,0.4462,false,false,false,false
cjzw3yd5en,0.9368,0.717,0.7353,0.3771,false,false,false,false
3nf3pfug8k,0.9891,11.332,0.9939,0.992,true,false,false,true
t3jglnx1lf,0.8703,1.258,0.2572,0.7599,false,false,false,false
rzdyfrf311,0.8837,0.619,0.334,0.2648,false,false,false,false
67o1ra6xvz,0.8942,0.566,0.407,0.2013,false,false,false,false
dhaez0pwjl,0.9836,1.302,0.9804,0.7762,true,false,false,false
ufkqv4fbno,0.9271,1.44,0.66,0.8206,false,false,false,false
tp7ka3jiqj,0.9099,0.428,0.5237,0.0612,false,false,true,false
5nfadjo0p8,0.8206,3.419,0.0858,0.9702,false,true,false,true
4z0lukt653,0.8824,1.249,0.3235,0.7547,false,false,false,false
9oy4l76o2w,0.7962,1.016,0.0461,0.6383,false,true,false,false
2c4cr18lpb,0.9239,0.824,0.6392,0.4856,false,false,false,false
afe4t3sl19,0.8719,0.941,0.2654,0.5849,false,false,false,false
c78gpdsci1,0.9295,1.38,0.6792,0.804,false,false,false,false
dlgsasuwk1,0.8691,1.622,0.2499,0.8642,false,false,false,false
kirftqrvcw,0.7688,0.625,0.0217,0.2714,false,true,false,false
35mj203t1k,0.8042,0.394,0.0561,0.0374,false,true,true,false
xot3e29pf4,0.9067,5.525,0.4969,0.9844,false,false,false,true
p9hzrvtnkj,0.8886,0.613,0.3637,0.2592,false,false,false,false
kousltu936,0.8387,0.91,0.13,0.5596,false,false,false,false
85xsobdbg4,0.9282,0.792,0.6686,0.4578,false,false,false,false
1ob73qt520,0.9912,0.967,0.9968,0.6045,true,false,false,false
rk7p4j0axk,0.94,0.702,0.7594,0.3603,false,false,false,false
8djiov5isz,0.966,1.338,0.9115,0.79,true,false,false,false
7w3a66r86t,0.8403,0.718,0.1352,0.3784,false,false,false,false
mdrbk5mhk0,0.9093,0.337,0.5179,0.0126,false,false,true,false
2gmnsop2wy,0.8919,0.886,0.3889,0.5387,false,false,false,false
qmind53oz4,0.9364,0.925,0.7326,0.5719,false,false,false,false
vzdfym8b25,0.9224,0.446,0.6261,0.0767,false,false,true,false
kegtpggjrb,0.912,0.972,0.5425,0.608,false,false,false,false
o6d2gcgx82,0.9533,5.521,0.8468,0.9843,false,false,false,true
bey7gsa2wd,0.7964,0.557,0.0464,0.1935,false,true,false,false
gqyo9adjn2,0.8155,1.463,0.0746,0.8273,false,true,false,false
7uvybayylz,0.8905,1.222,0.3771,0.7426,false,false,false,false
jb2qrilkm5,0.8146,0.595,0.0725,0.2366,false,true,false,false
qnjt07cshk,0.9128,0.838,0.5483,0.4984,false,false,false,false
u08fcq8jba,0.9401,1.311,0.7612,0.7816,false,false,false,false
hqnr168xmo,0.9005,1.819,0.452,0.8963,false,false,false,false
48ws4uouxb,0.8424,0.412,0.1437,0.049,false,false,true,false
v0k9g3k0za,0.809,2.788,0.0626,0.9569,false,true,false,true
76gsrv0d9n,0.8875,0.475,0.3581,0.1021,false,false,false,false
6itryhw60f,0.9049,0.557,0.4863,0.1937,false,false,false,false
yhb540knj9,0.9006,0.623,0.4527,0.2702,false,false,false,false
cguzs4y9wc,0.9082,1.337,0.5081,0.7897,false,false,false,false
y03cgll6tg,0.876,0.584,0.285,0.2228,false,false,false,false
tw3e8em8o0,0.8907,1.172,0.3785,0.7208,false,false,false,false
x32xfibvr6,0.92,0.975,0.6046,0.6113,false,false,false,false
cyaeeztj9m,0.842,1.026,0.142,0.6446,false,false,false,false
u11jo82dse,0.8558,0.431,0.1937,0.0631,false,false,true,false
yi4r0s7r1z,0.8584,0.503,0.2047,0.1281,false,false,false,false
3e7aoo7mt6,0.9381,0.949,0.7457,0.5923,false,false,false,false
7taqsiyu6z,0.8277,0.595,0.1,0.2368,false,true,false,false
0fw1bktwf6,0.9414,0.558,0.7697,0.1948,false,false,false,false
25o14dha2v,0.8525,0.426,0.1776,0.0593,false,false,true,false
30dfbr3ka8,0.8702,0.602,0.2563,0.2434,false,false,false,false
nvtrh4ibo6,0.7903,0.732,0.0395,0.3947,false,true,false,false
5sdawiwvef,0.8989,0.686,0.44,0.3425,false,false,false,false
e8wanxi5le,0.9156,0.508,0.569,0.1347,false,false,false,false
pdguha81xh,0.8163,0.789,0.0763,0.4543,false,true,false,false
5kad19tte2,0.9838,3.852,0.9812,0.9744,true,false,false,true
z40vbi3tn9,0.8879,0.453,0.3601,0.0827,false,false,true,false
w0qktq6p0k,0.8934,0.8,0.4005,0.4655,false,false,false,false
ih8ac97bi0,0.9299,1.243,0.6826,0.7509,false,false,false,false
kgyvj4immq,0.9497,1.944,0.8228,0.9109,false,false,false,true
mhpufqggg9,0.8411,0.998,0.1387,0.6273,false,false,false,false
fx90gxz753,0.9495,1.178,0.8215,0.7248,false,false,false,false
76ssp4cl56,0.9487,0.579,0.8163,0.217,false,false,false,false
vrnkfmu2j4,0.8115,1.483,0.0669,0.8328,false,true,false,false
wdjhsy63h9,0.9525,18.18,0.8429,0.9943,false,false,false,true
ej84lwjxqq,0.9415,7.146,0.7704,0.9878,false,false,false,true
pl5pv9cbvy,0.873,0.939,0.2698,0.5836,false,false,false,false
ex86har653,0.7913,0.615,0.0408,0.2618,false,true,false,false
y15u4v8nia,0.949,1.768,0.8185,0.8893,false,false,false,false
4qcsxf0ocr,0.8611,1.313,0.2163,0.7824,false,false,false,false
t2chbfatnm,0.9176,0.857,0.5854,0.5137,false,false,false,false
qqz42yd7z3,0.777,0.755,0.0282,0.4199,false,true,false,false
fxweb2pqh6,0.9321,1.292,0.7002,0.7725,false,false,false,false
w475it05gk,0.9467,0.975,0.8038,0.6103,false,false,false,false
82ugsb0ne9,0.8582,1.72,0.2039,0.884,false,false,false,false
kzq3u04lv4,0.9582,0.471,0.8732,0.0979,false,false,true,false
kjii1pahdg,0.8256,0.711,0.0955,0.3709,false,true,false,false
mdvuwqikxu,0.9333,0.78,0.7088,0.4454,false,false,false,false
3l2m65sph0,0.968,0.782,0.92,0.447,true,false,false,false
ausbif137o,0.8404,3.211,0.1359,0.9671,false,false,false,true
kccs6738g1,0.9228,1.757,0.6305,0.8871,false,false,false,false
e93sj05ck7,0.7801,1.291,0.0305,0.7721,false,true,false,false
bxitjwzq0u,0.9889,5.378,0.9925,0.9837,true,false,false,true
33p28n72k6,0.8936,1.36,0.4019,0.7971,false,false,false,false
69eg0t1v4e,0.8458,1.451,0.1529,0.8235,false,false,false,false
41sshkxlqi,0.9641,2.576,0.9027,0.95,true,false,false,true
q85x87061f,0.9201,0.572,0.6056,0.2094,false,false,false,false
bg40f9ftd1,0.9349,0.515,0.7212,0.143,false,false,false,false
rkhavxp1p5,0.909,1.231,0.515,0.7465,false,false,false,false
tglxxg1j81,0.5449,2.914,0.0001,0.9605,false,true,false,true
14xd14wawa,0.9308,0.68,0.69,0.3335,false,false,false,false
zd3kppj2vd,0.8805,0.876,0.3098,0.53,false,false,false,false
v4rucj5l9m,0.8358,0.489,0.1224,0.1151,false,false,false,false
cvj4rf1ojw,0.929,0.828,0.6748,0.4887,false,false,false,false
kp8krk4167,0.9113,0.638,0.5361,0.2872,false,false,false,false
498jjbsyki,0.9345,0.965,0.7181,0.6035,false,false,false,false
tbfd8vz37v,0.8716,1.068,0.2641,0.6696,false,false,false,false
136sn8pgad,0.9171,1.496,0.5816,0.8367,false,false,false,false
4x3kxrz66j,0.7522,2.245,0.0142,0.9329,false,true,false,true
vhz5qc3k6f,0.9222,0.675,0.6249,0.327,false,false,false,false
8hkwzy0mi4,0.9001,1.51,0.4483,0.84,false,false,false,false
cylkpjo2p2,0.9193,0.758,0.6002,0.4242,false,false,false,false
jtr2hcvvm7,0.9323,0.838,0.7016,0.4987,false,false,false,false
jzuu44wact,0.816,0.505,0.0757,0.1305,false,true,false,false
6pmctspxjz,0.8988,1.011,0.4391,0.636,false,false,false,false
gclx2ofxzn,0.8454,0.969,0.1515,0.6057,false,false,false,false
t3bhk1zbwv,0.8508,0.574,0.1703,0.2116,false,false,false,false
2dyxq3gp2a,0.8956,0.589,0.4182,0.2296,false,false,false,false
u7jxlr0re9,0.9826,1.647,0.9765,0.8704,true,false,false,false
g4vfj6yjyr,0.9211,0.502,0.614,0.1271,false,false,false,false
s329zfy2ag,0.9285,0.769,0.6705,0.4369,false,false,false,false
adpixvqzcg,0.8722,1.342,0.267,0.791,false,false,false,false
jpfoy5d8lz,0.8405,1.895,0.1368,0.905,false,false,false,true
64e73lruws,0.8837,1.53,0.3337,0.8446,false,false,false,false
3zxyotd4gq,0.8948,0.736,0.4115,0.3992,false,false,false,false
qd4b4t3yix,0.905,0.672,0.4869,0.3234,false,false,false,false
bzjlyjqxf6,0.8783,3.371,0.2994,0.9696,false,false,false,true
rgzqorchh0,0.906,1.725,0.4933,0.8847,false,false,false,false
ncep3rsapa,0.9541,1.593,0.8514,0.8573,false,false,false,false
26rmbh95kn,0.8775,0.491,0.2949,0.1165,false,false,false,false
0xqk2gi3tg,0.9461,1.234,0.8012,0.7479,false,false,false,false
qej77zrkhw,0.8957,0.713,0.4194,0.3727,false,false,false,false
1go3j9vtjv,0.9794,1.069,0.966,0.6697,true,false,false,false
six6e3c7n4,0.9582,0.992,0.8733,0.623,false,false,false,false
u0n7r9edky,0.9741,1.635,0.9463,0.8668,true,false,false,false
371mm3342o,0.9172,0.639,0.5827,0.289,false,false,false,false
9u3npsq1zt,0.9628,1.461,0.8963,0.8268,false,false,false,false
bzmoh3g53o,0.8701,0.866,0.2551,0.5222,false,false,false,false
3i5zbq79iz,0.9333,0.469,0.7091,0.0955,false,false,true,false
7e23llq5yg,0.8893,0.463,0.3686,0.091,false,false,true,false
hw8ocozrig,0.8013,0.605,0.0515,0.2475,false,true,false,false
yeyoxupptc,0.8892,1.069,0.3672,0.6698,false,false,false,false
9zx7bs2m3j,0.8968,0.603,0.4274,0.2445,false,false,false,false
icfuy64qgo,0.7828,0.638,0.0334,0.2871,false,true,false,false
jsnupwk0qf,0.8531,0.737,0.1804,0.4002,false,false,false,false
e6pwzh65lp,0.9295,1.137,0.6788,0.7044,false,false,false,false
8jxvxn4qr4,0.8985,1.122,0.4371,0.6977,false,false,false,false
gmdpdcqx8f,0.8535,0.66,0.1826,0.3132,false,false,false,false
zzlcbjs750,0.9315,0.525,0.6953,0.1542,false,false,false,false
q46bd5g7ot,0.9215,0.876,0.6175,0.5294,false,false,false,false
m7afrqz5jo,0.9088,0.862,0.5139,0.5176,false,false,false,false
bwlto6gq0h,0.9711,1.58,0.9344,0.855,true,false,false,false
9y4ib9g1ys,0.7998,1.361,0.0492,0.7973,false,true,false,false
1j321znqpu,0.8493,0.484,0.1659,0.1119,false,false,false,false
reowuswx3x,0.8867,0.792,0.3523,0.4574,false,false,false,false
263drem1tg,0.9295,0.803,0.6787,0.4679,false,false,false,false
c1x2nsf00x,0.9296,1.073,0.6799,0.6716,false,false,false,false
0ax6pt0wtw,0.9426,1.282,0.778,0.7693,false,false,false,false
w18i1c1jdm,0.9554,1.237,0.8585,0.749,false,false,false,false
u56qizchpl,0.9608,4.834,0.8855,0.9809,false,false,false,true
f84xtx6ii7,0.9553,0.507,0.8584,0.1332,false,false,false,false
wuacupwkbf,0.9515,210.917,0.8353,0.999,false,false,false,true
3pzi9ynw72,0.9707,1.08,0.9324,0.6759,true,false,false,false
hflt9f79ic,0.8234,0.722,0.0912,0.3824,false,true,false,false
xcz04kk260,0.9274,1.754,0.6622,0.8869,false,false,false,false
fqix4p0cyg,0.8524,0.396,0.1767,0.0387,false,false,true,false
vgie3gixo9,0.9112,2.378,0.5347,0.9423,false,false,false,true
yvmc3gj344,0.8657,0.606,0.2362,0.2502,false,false,false,false
hdj1ib9t9v,0.8958,0.637,0.4201,0.2869,false,false,false,false
pv0n4i52fy,0.8838,1.349,0.3343,0.794,false,false,false,false
mqxzy42rxr,0.9496,0.975,0.8224,0.611,false,false,false,false
j40vipmr1j,0.9087,0.914,0.5131,0.562,false,false,false,false
kklsyax8jy,0.92,1.419,0.6049,0.8157,false,false,false,false
ox3c0t2mad,0.9485,0.569,0.8146,0.2051,false,false,false,false
y58xlso2wk,0.9234,1.127,0.635,0.7008,false,false,false,false
8wze0g7w33,0.8955,0.294,0.4164,0.0037,false,false,true,false
ssc3t8sp9q,0.8991,0.911,0.4408,0.5597,false,false,false,false
ta49w58ptu,0.7489,1.511,0.013,0.8403,false,true,false,false
wtzhfimulq,0.956,1.787,0.8623,0.892,false,false,false,false
2v5vyev8yc,0.93,0.576,0.6839,0.2149,false,false,false,false
g7wu87voxj,0.914,2.157,0.5575,0.929,false,false,false,true
vm0t725lv6,0.8825,1.456,0.3238,0.8246,false,false,false,false
9ffdsvccrv,0.8763,2.254,0.2869,0.9336,false,false,false,true
1bsizrofu7,0.8384,0.868,0.1293,0.5231,false,false,false,false
agofxus1mv,0.8197,1.08,0.0841,0.6762,false,true,false,false
vzkrodz00t,0.8057,1.082,0.0582,0.6772,false,true,false,false
8bzxjn18yk,0.9093,0.561,0.5178,0.1967,false,false,false,false
j3vk8foiaq,0.8932,0.787,0.3983,0.4525,false,false,false,false
a0ebb8rp4s,0.9512,0.861,0.8333,0.5168,false,false,false,false
nccd8l7qae,0.9575,0.609,0.8695,0.2536,false,false,false,false
g3no6r9ou3,0.8405,1.056,0.1365,0.6638,false,false,false,false
bmml60rriu,0.8182,1.164,0.0816,0.7163,false,true,false,false
77383n552r,0.9203,1.019,0.607,0.64,false,false,false,false
ay9texd5gq,0.9079,0.474,0.5056,0.1008,false,false,false,false
tq9m7jlmnd,0.8511,0.606,0.172,0.2493,false,false,false,false
5m7m3c1q7v,0.8169,0.623,0.0778,0.2699,false,true,false,false
8y70yxgqsg,0.9043,1.179,0.4822,0.7257,false,false,false,false
r208hbjltz,0.8991,0.642,0.4409,0.2913,false,false,false,false
fswxqgi8le,0.8953,3.958,0.4148,0.9757,false,false,false,true
vucryu8aif,0.9314,2.082,0.6944,0.9232,false,false,false,true
pl35kelb20,0.8707,0.576,0.2589,0.2137,false,false,false,false
6rwhjryjvj,0.8861,1.21,0.3484,0.7384,false,false,false,false
8mpehafbn0,0.9869,27.445,0.9898,0.9956,true,false,false,true
qqnym3i4o4,0.9193,1,0.6005,0.628,false,false,false,false
k1ix0iy14i,0.9025,0.457,0.4683,0.0862,false,false,true,false
rc2o8n8bh8,0.8952,0.508,0.4144,0.134,false,false,false,false
m3a1k888kg,0.9203,0.745,0.6074,0.4086,false,false,false,false
sukz9g7ppa,0.8463,0.698,0.1543,0.3565,false,false,false,false
bgpdn7kvu3,0.9716,1.499,0.9374,0.8377,true,false,false,false
kcbh10myuk,0.9297,3.537,0.6802,0.9718,false,false,false,true
4yfobk8y8k,0.8904,1.025,0.3764,0.644,false,false,false,false
xd5cwcp0tq,0.932,0.528,0.6989,0.159,false,false,false,false
ze0o9uog08,0.9773,0.998,0.9583,0.627,true,false,false,false
w1x5niz7g3,0.812,1.543,0.0681,0.8474,false,true,false,false
526gllhei9,0.9351,0.983,0.723,0.616,false,false,false,false
or373tul27,0.9225,1.075,0.6274,0.673,false,false,false,false
8q02r86opm,0.8306,7.413,0.1066,0.9884,false,false,false,true
125dd6wjz6,0.8801,1.524,0.3085,0.8433,false,false,false,false
h02hjsuv1j,0.9192,0.339,0.6001,0.0131,false,false,true,false
8v64htfnbl,0.931,0.563,0.6917,0.1991,false,false,false,false
kgvhte34k7,0.944,0.49,0.7859,0.1162,false,false,false,false
0knm9sgzj8,0.9651,1.323,0.9066,0.7859,true,false,false,false
0ql38vk5lt,0.7892,2.312,0.0381,0.9383,false,true,false,true
iw4lhtle80,0.8336,0.68,0.1169,0.3328,false,false,false,false
hqt4e6n0jm,0.89,0.984,0.3737,0.6165,false,false,false,false
taz084cz5o,0.8144,1.149,0.0722,0.7098,false,true,false,false
5xl6dg9a1j,0.9702,0.518,0.9302,0.1464,true,false,false,false
of5ylwucv6,0.9807,0.718,0.9711,0.3791,true,false,false,false
d294ljyd6j,0.9657,0.874,0.9094,0.5269,true,false,false,false
7s8qq0gy2a,0.9402,0.92,0.7621,0.5686,false,false,false,false
pupdan13nn,0.9671,1.769,0.917,0.8895,true,false,false,false
ej8yq8jafq,0.9263,0.431,0.6534,0.0626,false,false,true,false
cf1qqe51hf,0.9416,0.449,0.7711,0.0787,false,false,true,false
a16zwr0ndt,0.8731,0.48,0.2703,0.1075,false,false,false,false
unw70otnsj,0.9512,0.636,0.833,0.2851,false,false,false,false
tg35cvks2l,0.8956,0.636,0.4179,0.2861,false,false,false,false
zts89kj0o8,0.9554,1.297,0.859,0.7746,false,false,false,false
nqa68n4rrh,0.7789,2.738,0.0296,0.9552,false,true,false,true
owyg4o46v6,0.8921,2.126,0.3909,0.9272,false,false,false,true
d4c18uck8f,0.9665,2.106,0.9144,0.9254,true,false,false,true
xcznxsxfj2,0.9133,0.868,0.5524,0.5234,false,false,false,false
xv5gnditt0,0.9517,1.083,0.8373,0.6783,false,false,false,false
t2dvd44sp1,0.8994,0.64,0.4434,0.2898,false,false,false,false
4o9tkdh2mv,0.9443,0.624,0.7889,0.271,false,false,false,false
d0lthwaqgw,0.9747,1.676,0.9482,0.8758,true,false,false,false
6ak69pady7,0.9687,1.344,0.924,0.7917,true,false,false,false
f0miqniawj,0.8448,1.062,0.1506,0.6671,false,false,false,false
rdxx863ho6,0.9158,1.416,0.5704,0.8149,false,false,false,false
wnrair2u3s,0.8949,2.943,0.4129,0.9616,false,false,false,true
m7k2wak6cq,0.9312,0.682,0.6937,0.3365,false,false,false,false
6ysjh6ksf6,0.8664,0.397,0.239,0.0398,false,false,true,false
oufez1fg3x,0.853,0.449,0.18,0.079,false,false,true,false
xfifqoctw3,0.9391,1.201,0.753,0.7334,false,false,false,false
e5j3d41rrp,0.9157,0.748,0.5702,0.4118,false,false,false,false
zb5jlmc9cj,0.9099,2.373,0.5236,0.942,false,false,false,true
7ghhix3uvj,0.7857,0.509,0.0351,0.1362,false,true,false,false
9tyrmc9qim,0.8526,0.687,0.1781,0.3436,false,false,false,false
j2uv77iwae,0.7949,0.51,0.0442,0.1376,false,true,false,false
1nl0qr5dla,0.8597,1.447,0.209,0.8226,false,false,false,false
71pi4fbfkq,0.9277,0.425,0.664,0.0577,false,false,true,false
ddh6hprbfw,0.8814,1.14,0.3168,0.7069,false,false,false,false
lzdwygvokj,0.922,0.576,0.6237,0.2138,false,false,false,false
zmrgh8bwn6,0.9277,0.757,0.6642,0.4224,false,false,false,false
aezifbm3f2,0.9467,0.758,0.8037,0.4241,false,false,false,false
30uneryn28,0.9544,0.561,0.8536,0.1969,false,false,false,false
811i7chf1f,0.9704,1.596,0.9319,0.8587,true,false,false,false
naa2viqxq9,0.9202,0.486,0.6066,0.1131,false,false,false,false
w7jx1y606d,0.9671,1.062,0.9174,0.6667,true,false,false,false
6s0eknu7xp,0.9065,0.623,0.4954,0.2694,false,false,false,false
3l4pic1ci9,0.93,0.527,0.6838,0.1572,false,false,false,false
j05p518jpe,0.9533,1.106,0.8464,0.6906,false,false,false,false
rze0ng4ce8,0.908,0.819,0.5061,0.4813,false,false,false,false
lz1k7mtpey,0.8031,1.626,0.0548,0.8656,false,true,false,false
ab3z68rz8q,0.835,0.914,0.1202,0.5624,false,false,false,false
7wupradrid,0.9826,0.516,0.9765,0.1435,true,false,false,false
m48b53dpia,0.9369,0.996,0.7364,0.6255,false,false,false,false
hjiq2lttr8,0.9156,0.476,0.5694,0.1035,false,false,false,false
ghshzx5eke,0.8457,1.022,0.1528,0.6417,false,false,false,false
uaru9pbdbh,0.9453,0.673,0.7957,0.3245,false,false,false,false
decpbpj1m2,0.9622,1.662,0.8942,0.8736,false,false,false,false
ruwu7q2nnb,0.958,0.814,0.8714,0.4774,false,false,false,false
xc78dwi79s,0.8997,1.247,0.4452,0.7531,false,false,false,false
r3xux100px,0.9622,1.425,0.8939,0.8174,false,false,false,false
fbani2tl3v,0.9398,0.799,0.758,0.4644,false,false,false,false
4ts5p169ms,0.8876,0.708,0.3583,0.3681,false,false,false,false
2bics7i94e,0.8545,0.831,0.1873,0.4929,false,false,false,false
a71dkq0om5,0.9458,1.626,0.7994,0.8655,false,false,false,false
agl0mnbms5,0.9403,1.545,0.7628,0.8482,false,false,false,false
ibh67x19uf,0.917,3.45,0.5807,0.9709,false,false,false,true
4qhz1s68za,0.932,0.895,0.6986,0.5461,false,false,false,false
uslqjjsisi,0.8176,0.495,0.0798,0.1205,false,true,false,false
q7l1n7dzar,0.8449,0.861,0.1507,0.5173,false,false,false,false
dguz8aryh9,0.7929,1.053,0.0419,0.6627,false,true,false,false
oee31kxz40,0.9221,1.242,0.624,0.7508,false,false,false,false
jpqi8x16pz,0.8992,0.75,0.4419,0.4141,false,false,false,false
zdgil5a7e5,0.8839,0.541,0.335,0.172,false,false,false,false
97ummcx00p,0.9653,0.62,0.9086,0.2665,true,false,false,false
5bzeemmy4t,0.9355,0.591,0.7263,0.2319,false,false,false,false
xnk5ln1qt9,0.8958,0.855,0.4202,0.5133,false,false,false,false
udrtolljl8,0.8289,0.649,0.1022,0.2989,false,false,false,false
obdce9wfwl,0.8774,0.81,0.2947,0.474,false,false,false,false
60zo6s1v6u,0.9162,1.357,0.5736,0.7961,false,false,false,false
xrz41whn7g,0.9166,1.849,0.5767,0.9003,false,false,false,true
9sj59ekesz,0.8414,0.787,0.1392,0.4521,false,false,false,false
zpioq82jnz,0.8718,0.844,0.2651,0.5034,false,false,false,false
wqlwuejf5l,0.8784,1.212,0.3005,0.7388,false,false,false,false
ojtvvnqw1s,0.8702,0.895,0.2565,0.5469,false,false,false,false
7ai9nzw09v,0.9125,0.753,0.5465,0.417,false,false,false,false
qocavlqaud,0.8081,2.222,0.0616,0.932,false,true,false,true
o5rippj74s,0.9312,0.687,0.6929,0.3431,false,false,false,false
hblh7779mx,0.8034,0.916,0.0553,0.5649,false,true,false,false
l93k89grvo,0.9356,0.785,0.7272,0.4496,false,false,false,false
io4jmpfbde,0.9149,0.935,0.5649,0.5799,false,false,false,false
kevbp1gsjt,0.8545,0.691,0.1869,0.3485,false,false,false,false
5jbl2ax1gg,0.9597,0.881,0.8818,0.5357,false,false,false,false
ja6wywqn6u,0.9307,0.786,0.689,0.4513,false,false,false,false
gqsyg2mb8o,0.9601,0.529,0.8835,0.1591,false,false,false,false
finaxv8bek,0.9383,1.308,0.7479,0.7798,false,false,false,false
t4wqibe1yo,0.9934,1.804,0.9988,0.8939,true,false,false,false
vle21j1npl,0.8962,0.925,0.4226,0.5722,false,false,false,false
osrqu1btgg,0.9027,7.07,0.4695,0.9876,false,false,false,true
eje7eqh31i,0.9517,1.188,0.8375,0.7272,false,false,false,false
q8v683hq7m,0.8841,0.943,0.3368,0.5877,false,false,false,false
vps1r1yep7,0.9212,0.496,0.615,0.122,false,false,false,false
c3h9ihhuxa,0.9349,1.67,0.7208,0.8746,false,false,false,false
u3gi3ze5b4,0.8885,202.163,0.363,0.9989,false,false,false,true
c0huozmqoe,0.9328,1.086,0.7047,0.6808,false,false,false,false
n7oxv0kv8j,0.8816,0.726,0.318,0.3872,false,false,false,false
k6z8ayjjs6,0.9783,1.038,0.9605,0.6522,true,false,false,false
i1hffl3cp5,0.8824,0.689,0.3228,0.3459,false,false,false,false
7695h25f9c,0.8268,1.108,0.0979,0.6915,false,true,false,false
cyya7bizqc,0.8902,0.588,0.376,0.2286,false,false,false,false
x1dccqfa2s,0.8735,0.731,0.2726,0.3941,false,false,false,false
0xnvsvz55p,0.946,0.803,0.8007,0.4691,false,false,false,false
nk13jvom76,0.8584,0.497,0.2051,0.1228,false,false,false,false
kgc2e3q2s3,0.9691,0.882,0.9261,0.5365,true,false,false,false
hy3hbgpri1,0.962,1.06,0.8927,0.6661,false,false,false,false
zlfjwl1b5p,0.9428,0.431,0.779,0.0627,false,false,true,false
8s70x245qy,0.9474,0.587,0.8084,0.2275,false,false,false,false
yzrcztj5ln,0.9096,1.19,0.5201,0.7279,false,false,false,false
5btzm0vv8n,0.9457,0.766,0.7989,0.4317,false,false,false,false
87rq7kpa8v,0.932,0.42,0.6984,0.0544,false,false,true,false
5i1jek7tux,0.8915,1.275,0.385,0.7663,false,false,false,false
0b57opgp03,0.8764,0.911,0.2877,0.56,false,false,false,false
a2bw7pvjwb,0.9801,1.846,0.9673,0.8998,true,false,false,false
36pn1zh1nm,0.8714,1.54,0.2636,0.8464,false,false,false,false
z8hanz9tvf,0.9326,0.451,0.703,0.0804,false,false,true,false
88hvlwd3j2,0.8663,1.042,0.238,0.6552,false,false,false,false
cmom7z86a4,0.9207,0.862,0.6106,0.5179,false,false,false,false
5vex9rdt0p,0.9119,0.718,0.5414,0.3781,false,false,false,false
g3mgfiyzyj,0.9547,0.816,0.8547,0.4791,false,false,false,false
3sdi033xqx,0.9436,1.635,0.7833,0.867,false,false,false,false
byk5p1cy2m,0.858,1.057,0.2022,0.6642,false,false,false,false
x2xjcobaya,0.9087,0.637,0.5122,0.2864,false,false,false,false
nmycm5q549,0.8468,1.653,0.1565,0.8715,false,false,false,false
3wld2o8u8z,0.9832,0.75,0.9776,0.4143,true,false,false,false
ob9v3jn94e,0.9901,1.42,0.9946,0.8163,true,false,false,false
gcwwr7ap8r,0.8842,0.695,0.3369,0.3528,false,false,false,false
6le568abtn,0.9038,2.089,0.4778,0.9243,false,false,false,true
33g22tnfah,0.9345,0.722,0.7179,0.3835,false,false,false,false
z0kg6w8t0u,0.9072,1.165,0.4999,0.7174,false,false,false,false
jc2q4tetb5,0.9077,0.724,0.5039,0.3849,false,false,false,false
wh159ksw7t,0.888,0.479,0.3603,0.1066,false,false,false,false
whcukrkifr,0.9643,1.419,0.9037,0.816,true,false,false,false
1kt8ldqmtk,0.9636,0.59,0.9,0.2304,false,false,false,false
n45o57co56,0.9117,0.443,0.5394,0.074,false,false,true,false
9tkbb7y6ok,0.9332,2.5,0.7073,0.9467,false,false,false,true
9cq85f88oq,0.8511,0.787,0.1723,0.4524,false,false,false,false
mtojxfg4x0,0.8816,0.465,0.3177,0.093,false,false,true,false
qr3s61sd43,0.9006,0.395,0.4532,0.0381,false,false,true,false
oi6wpv8xt4,0.9805,2.889,0.9707,0.9597,true,false,false,true
8ix7r2b1ix,0.9351,1.238,0.7229,0.7496,false,false,false,false
o01k03r401,0.8492,1.028,0.1654,0.6458,false,false,false,false
gmhtezbp3d,0.8755,0.612,0.2822,0.2567,false,false,false,false
s30tddzxuk,0.8404,0.496,0.1355,0.1213,false,false,false,false
3ym949cqya,0.8898,0.397,0.3726,0.0396,false,false,true,false
kfh42jvh9h,0.9651,0.788,0.9061,0.4534,true,false,false,false
dxfw09y2y3,0.949,0.583,0.8188,0.2209,false,false,false,false
1dij7m16g1,0.7339,0.8,0.0087,0.4654,false,true,false,false
nw55zq1mpe,0.9112,0.731,0.5356,0.3933,false,false,false,false
voqtppaxfn,0.9828,0.64,0.9775,0.2904,true,false,false,false
2lvprn8tny,0.95,1.958,0.8248,0.9124,false,false,false,true
2lifckphhd,0.91,1.096,0.524,0.6861,false,false,false,false
39mqkrga4b,0.8778,0.854,0.2967,0.5124,false,false,false,false
ayn6ca3btg,0.9307,1.286,0.6892,0.7707,false,false,false,false
yzcgitm8ok,0.8662,1.304,0.2375,0.7772,false,false,false,false
qqdwskqois,0.9396,0.974,0.7562,0.6099,false,false,false,false
w4y2gqgqrm,0.9583,1.64,0.8744,0.8685,false,false,false,false
6fu334yyim,0.905,0.561,0.4865,0.1971,false,false,false,false
t7wxjw3bv4,0.9181,0.973,0.589,0.6091,false,false,false,false
qmi5eqeqlj,0.844,0.647,0.1481,0.2974,false,false,false,false
6sq0fps0wh,0.9269,0.458,0.6582,0.0868,false,false,true,false
g3l0asa1lt,0.887,0.916,0.3545,0.565,false,false,false,false
tze2g3svkn,0.8686,0.869,0.2473,0.5245,false,false,false,false
pcmxlo9kti,0.9752,1.502,0.9503,0.8381,true,false,false,false
20d8ser02t,0.8976,0.433,0.4318,0.0644,false,false,true,false
j74r759hcr,0.9208,1.175,0.6111,0.7228,false,false,false,false
a4tibscdg7,0.8975,0.484,0.4313,0.1116,false,false,false,false
iteoagxftg,0.9204,0.435,0.6081,0.0663,false,false,true,false
ij978xihfs,0.8747,2.041,0.2772,0.9204,false,false,false,true
9c8zo8n7sg,0.962,1.609,0.8925,0.8608,false,false,false,false
g0i6yvaka0,0.9605,0.837,0.8851,0.4974,false,false,false,false
d5z8eqfjfg,0.9835,0.89,0.9787,0.5423,true,false,false,false
qqcosasnj1,0.9498,1.306,0.8236,0.7793,false,false,false,false
zyvaksam9p,0.8103,1.124,0.0652,0.6989,false,true,false,false
mt4eyyc3ed,0.9596,1.573,0.8813,0.8533,false,false,false,false
v93t8jtewj,0.9098,0.857,0.5226,0.5143,false,false,false,false
bq6htu1maq,0.7532,1.534,0.0145,0.8453,false,true,false,false
qp7i7kw0sq,0.9089,0.638,0.5144,0.2875,false,false,false,false
efjqizdw3m,0.9469,0.834,0.8052,0.4958,false,false,false,false
vqsk9f84m1,0.8945,0.785,0.4097,0.4492,false,false,false,false
5kzz11gebb,0.8286,1.257,0.1017,0.7596,false,false,false,false
ql2nb282fq,0.9562,0.846,0.8637,0.5049,false,false,false,false
ed2h2vswtg,0.8942,1.048,0.4071,0.6588,false,false,false,false
ubalisr03d,0.8563,0.85,0.1964,0.5093,false,false,false,false
uicn1krsyo,0.8543,1.034,0.1864,0.6498,false,false,false,false
kpzwsv67jz,0.8801,1.178,0.3082,0.7245,false,false,false,false
cebqlemb9j,0.9742,0.941,0.9472,0.5859,true,false,false,false
ijxxps71cl,0.8874,1.023,0.3574,0.6425,false,false,false,false
91wujcw4zf,0.9702,1.473,0.9307,0.8304,true,false,false,false
x91xlsz4yp,0.8326,0.477,0.1134,0.1046,false,false,false,false
pncz3gsy7b,0.9402,0.594,0.7616,0.2351,false,false,false,false
bb1bck49k1,0.8018,0.859,0.0524,0.5157,false,true,false,false
rwg00wepin,0.9102,0.532,0.526,0.162,false,false,false,false
n2ej12xqmu,0.9045,3.181,0.4838,0.9666,false,false,false,true
w5gb1d3vga,0.8987,0.852,0.4386,0.5108,false,false,false,false
ra5sjnsrj0,0.8295,0.644,0.1036,0.2938,false,false,false,false
n1qto2e9z9,0.8575,0.6,0.2007,0.2402,false,false,false,false
bdsl6igbu9,0.8022,0.881,0.0532,0.535,false,true,false,false
eps1kzktz4,0.8347,0.855,0.1198,0.5129,false,false,false,false
i0t0863k5e,0.9386,1.372,0.75,0.8014,false,false,false,false
t37mtp0wm5,0.8178,1.759,0.0803,0.8876,false,true,false,false
9mvq99nxf0,0.9475,0.455,0.8094,0.0845,false,false,true,false
jgnolpsjyy,0.7774,0.474,0.0283,0.1015,false,true,false,false
wy90rqpwex,0.9581,1.989,0.8728,0.9157,false,false,false,true
7huz06oa4p,0.8864,0.518,0.3502,0.1463,false,false,false,false
sgx1yyn28n,0.9325,1.032,0.7027,0.6483,false,false,false,false
ud3eap1efl,0.8959,0.554,0.4211,0.1893,false,false,false,false
xndmv01rab,0.972,0.769,0.9388,0.436,true,false,false,false
bfjid6tihn,0.8782,0.779,0.2989,0.4444,false,false,false,false
q3ctn1zt9f,0.9464,1.099,0.8023,0.6878,false,false,false,false
siyzbufr0x,0.7707,2.004,0.0233,0.9171,false,true,false,true
r47lgntj2t,0.8317,0.556,0.1101,0.1922,false,false,false,false
nh6mxqbjo7,0.8517,2.31,0.1743,0.9381,false,false,false,true
t4nmr529a0,0.946,0.554,0.8008,0.1883,false,false,false,false
kg12ya84by,0.9058,0.615,0.4925,0.2614,false,false,false,false
oh39t7v38y,0.8869,0.353,0.3538,0.0169,false,false,true,false
vvaeephe0g,0.8024,1.108,0.0536,0.6913,false,true,false,false
2xpzorql28,0.968,0.508,0.9206,0.1336,true,false,false,false
ub8mr1evzf,0.8789,1.046,0.3025,0.6578,false,false,false,false
4nlujp9xd6,0.9524,0.604,0.8421,0.2462,false,false,false,false
hu1mk681nz,0.9474,0.815,0.8085,0.4787,false,false,false,false
j17ef2ey7x,0.8845,1.47,0.3384,0.8294,false,false,false,false
rcl5cl99pv,0.9658,5.15,0.9098,0.9827,true,false,false,true
y3ksbptu1o,0.8918,0.851,0.388,0.5095,false,false,false,false
exttjm0vcc,0.9561,0.73,0.8626,0.3927,false,false,false,false
22vqwuz7jp,0.9507,0.84,0.8305,0.5001,false,false,false,false
3k2z9u8txz,0.9001,0.771,0.4485,0.4379,false,false,false,false
crj6dwtza3,0.8623,1.531,0.2205,0.8449,false,false,false,false
k02ifd8snf,0.8864,0.335,0.3495,0.0122,false,false,true,false
dfovt2aj3h,0.7751,1.086,0.0271,0.6803,false,true,false,false
at5mq9iwtt,0.7133,0.59,0.0047,0.2312,false,true,false,false
1mn0m0smcy,0.9196,0.751,0.6023,0.4148,false,false,false,false
9ohp0jdqdc,0.968,1.116,0.9204,0.6951,true,false,false,false
6r34bbyqk8,0.9035,0.603,0.476,0.2456,false,false,false,false
grx1751r5h,0.8978,0.406,0.4331,0.0449,false,false,true,false
mhr2n7q8l1,0.8683,0.932,0.2455,0.5772,false,false,false,false
h4zwa5r5w3,0.8422,0.461,0.1426,0.0892,false,false,true,false
80r752dx1q,0.809,0.764,0.0627,0.4306,false,true,false,false
6e29b5xn89,0.9191,0.354,0.5984,0.0171,false,false,true,false
lemm3supgc,0.915,0.573,0.5655,0.2101,false,false,false,false
lu8dv787qm,0.9322,0.512,0.7009,0.1397,false,false,false,false
5ps4w02pco,0.9113,0.905,0.5361,0.556,false,false,false,false
gv9vgy08ad,0.8786,1.079,0.3014,0.6756,false,false,false,false
h02h6zvwgr,0.8176,1.956,0.08,0.912,false,true,false,true
7ragi6zwgx,0.9125,0.483,0.5468,0.1105,false,false,false,false
2t5yv3n3a4,0.8892,1.459,0.367,0.8264,false,false,false,false
hnjly769iy,0.8908,0.783,0.3791,0.4484,false,false,false,false
a7g9i6p354,0.9492,1.237,0.8195,0.7486,false,false,false,false
rzhsl49ixm,0.9208,0.83,0.6117,0.4918,false,false,false,false
szh4c7dy24,0.9591,0.492,0.879,0.1184,false,false,false,false
2of1ncanjh,0.9541,1.872,0.8515,0.9025,false,false,false,true
0l2mw7kf9l,0.8517,0.54,0.1742,0.1717,false,false,false,false
a2o2s480fs,0.9189,1.631,0.5961,0.866,false,false,false,false
l0w5dcq5aw,0.8445,0.47,0.1499,0.0974,false,false,true,false
sq8n8o1kmk,0.9234,0.697,0.6356,0.3549,false,false,false,false
q3kbvya1yg,0.9432,0.521,0.7813,0.15,false,false,false,false
vna137169f,0.9103,0.689,0.5269,0.3465,false,false,false,false
2k1jtuzaf3,0.8072,1.229,0.0601,0.7453,false,true,false,false
sjqm9rxx0o,0.852,0.925,0.1753,0.5718,false,false,false,false
6dyd26h4z9,0.8424,0.551,0.1438,0.1846,false,false,false,false
17xdafql7u,0.9144,0.794,0.5611,0.46,false,false,false,false
zm2iatroch,0.8455,1.055,0.1522,0.6636,false,false,false,false
9jhua7dki0,0.9512,4.244,0.8328,0.9773,false,false,false,true
e7qbbe28mb,0.8172,1.248,0.0785,0.7538,false,true,false,false
y1v2u0jzt4,0.9006,1.239,0.4523,0.75,false,false,false,false
vzg7kk1foi,0.8806,0.667,0.311,0.319,false,false,false,false
jydtfgk3ob,0.8935,0.852,0.4014,0.511,false,false,false,false
gzukzjz66s,0.8615,0.834,0.2178,0.4959,false,false,false,false
ncuj2l3xjj,0.8637,2.081,0.2264,0.9229,false,false,false,true
5uf9x7yudj,0.9015,0.685,0.4604,0.3395,false,false,false,false
q033pgqne9,0.9,0.68,0.4474,0.3344,false,false,false,false
5cu2u82tgj,0.8821,1.753,0.3216,0.8867,false,false,false,false
atf5m86zup,0.9436,0.99,0.7834,0.6218,false,false,false,false
7pbscw7tsr,0.847,0.69,0.1572,0.3477,false,false,false,false
rso2g30ezz,0.965,0.613,0.9056,0.2587,true,false,false,false
xxvlxdnliv,0.8854,0.773,0.3449,0.4394,false,false,false,false
h82ck0nifg,0.8609,0.574,0.2141,0.2118,false,false,false,false
rn7ni0evp2,0.9442,0.786,0.7875,0.4501,false,false,false,false
k9p5r9md33,0.8813,0.52,0.3159,0.1491,false,false,false,false
374oe269x6,0.8871,1.128,0.3553,0.7013,false,false,false,false
3d2t23g741,0.8609,1.553,0.2144,0.85,false,false,false,false
c90ccv1nli,0.9471,1.297,0.8067,0.7751,false,false,false,false
rizabqqkrc,0.8064,0.678,0.059,0.3311,false,true,false,false
ptta3rjrgv,0.9594,0.997,0.88,0.6265,false,false,false,false
on53fcbif1,0.9644,0.823,0.9041,0.4845,true,false,false,false
svarfxcjr2,0.8891,2.203,0.3661,0.9313,false,false,false,true
79gu0lreye,0.8594,0.82,0.2079,0.482,false,false,false,false
xmcr7s1iol,0.9233,1.051,0.6346,0.6614,false,false,false,false
k14g3huhw0,0.8623,0.924,0.2212,0.5712,false,false,false,false
xm4k77s5tc,0.855,0.514,0.1902,0.1412,false,false,false,false
lrfkf9zz6y,0.9182,0.585,0.5903,0.2246,false,false,false,false
nuxr3356t9,0.896,0.685,0.4219,0.3398,false,false,false,false
n8ga516fkv,0.8783,0.969,0.2999,0.6062,false,false,false,false
krqwfto6da,0.9477,1.259,0.811,0.7605,false,false,false,false
2sdjl3bbnq,0.9401,2.237,0.7607,0.9326,false,false,false,true
1gnawt43ul,0.8625,1.127,0.2216,0.7006,false,false,false,false
r2fcw31fcj,0.9361,1.005,0.7301,0.632,false,false,false,false
8ekdh3stv5,0.9346,0.971,0.7192,0.6075,false,false,false,false
e207hv65up,0.9795,0.935,0.9662,0.5802,true,false,false,false
wis268xg9q,0.934,0.946,0.7145,0.5901,false,false,false,false
w14k400tqt,0.9594,1.038,0.8802,0.6529,false,false,false,false
j2sb9olpt5,0.9119,1.871,0.5415,0.9023,false,false,false,true
do1j4fatwm,0.9068,0.398,0.4972,0.0402,false,false,true,false
fycjyx5uox,0.7897,1.433,0.0385,0.8192,false,true,false,false
53zw624zq4,0.8552,1.546,0.1913,0.8485,false,false,false,false
jg447dc1uz,0.9255,0.684,0.6475,0.3379,false,false,false,false
yw23pcafer,0.8762,0.893,0.2864,0.5441,false,false,false,false
p0rfz3vk8r,0.9366,2.138,0.7335,0.9273,false,false,false,true
o6h7an1yez,0.839,2.277,0.1308,0.9351,false,false,false,true
0g5jubxwi3,0.8622,1.164,0.2198,0.7165,false,false,false,false
1swtb22o21,0.7614,1.084,0.0189,0.6787,false,true,false,false
8ycryfopf2,0.898,0.508,0.4343,0.1343,false,false,false,false
3zaefvlf5s,0.7709,0.848,0.0238,0.5079,false,true,false,false
nzxwmxtomw,0.9013,0.676,0.4593,0.3279,false,false,false,false
gmbjbztok8,0.8421,1.558,0.1421,0.8507,false,false,false,false
t6682e5kys,0.9267,0.711,0.6564,0.3708,false,false,false,false
e7dziuxqwr,0.8529,0.576,0.1792,0.2136,false,false,false,false
nuihx9lvgk,0.8953,0.741,0.4153,0.4056,false,false,false,false
ylyjipbwsw,0.9108,0.693,0.5327,0.3512,false,false,false,false
clqf31i0aq,0.8537,0.941,0.1844,0.5857,false,false,false,false
cpsi4h0h41,0.9601,0.534,0.8829,0.1644,false,false,false,false
h91zp3qf53,0.9508,1.295,0.8306,0.7741,false,false,false,false
bc5kd7wt22,0.9145,1.094,0.5618,0.6853,false,false,false,false
vt8e55fr06,0.8641,1.244,0.2282,0.7515,false,false,false,false
9fmnk6l2fm,0.9353,0.795,0.7252,0.4604,false,false,false,false
wqnoxuh4b3,0.9525,0.747,0.8424,0.4107,false,false,false,false
kpcxe0axvf,0.8356,0.857,0.1217,0.5139,false,false,false,false
3nbb6q02kz,0.9262,0.68,0.6529,0.3329,false,false,false,false
x8wu9uc10k,0.9773,2.507,0.9583,0.947,true,false,false,true
ewxums45ox,0.8942,0.963,0.4072,0.6026,false,false,false,false
yv85872832,0.8853,0.764,0.3442,0.4307,false,false,false,false
uvzl3o3rmm,0.9141,1.251,0.5582,0.7552,false,false,false,false
3gghn1cwww,0.9267,0.947,0.6562,0.5908,false,false,false,false
9jgo7gg143,0.926,1.811,0.6508,0.8953,false,false,false,false
2jpqlc2ssm,0.8719,1.176,0.2656,0.7234,false,false,false,false
56ti0xg9gb,0.847,2.437,0.1571,0.9445,false,false,false,true
yhqnn6t91f,0.9209,1.141,0.6124,0.7071,false,false,false,false
r2rwrx3u06,0.9836,2.189,0.9804,0.9308,true,false,false,true
lq7jnsdu6e,0.9063,1.02,0.4944,0.641,false,false,false,false
gopnwo10ja,0.9702,1.667,0.9312,0.8742,true,false,false,false
85fe00orgp,0.8848,1.115,0.3398,0.6947,false,false,false,false
kf0zi3aytv,0.9122,1.605,0.544,0.8605,false,false,false,false
3m5fpj88vu,0.8435,1.422,0.1468,0.8167,false,false,false,false
ovjktui1r6,0.9469,1.678,0.8048,0.8761,false,false,false,false
th6c2jcrki,0.9333,1.713,0.7087,0.8823,false,false,false,false
d1n1hnccuq,0.9177,0.983,0.586,0.6164,false,false,false,false
bjd841la07,0.8607,0.755,0.2137,0.4194,false,false,false,false
81nnr62280,0.7942,2.25,0.0431,0.9334,false,true,false,true
24sya66r1j,0.9136,0.632,0.5546,0.28,false,false,false,false
j78d7c7096,0.9033,0.725,0.4742,0.386,false,false,false,false
k0r9eqltm1,0.9711,0.522,0.9344,0.1515,true,false,false,false
ncd1n0o3vy,0.8944,1.166,0.4088,0.7176,false,false,false,false
jgcw6bixoi,0.9007,1.059,0.4535,0.6651,false,false,false,false
uht03fss4n,0.9101,0.839,0.5253,0.4992,false,false,false,false
vdbk6obzzw,0.9029,0.931,0.4713,0.5769,false,false,false,false
fhk3bxbmhd,0.9346,0.552,0.7183,0.1866,false,false,false,false
npa0ymvkfw,0.9514,0.619,0.8352,0.2658,false,false,false,false
4x3b8so261,0.9297,0.673,0.6801,0.3256,false,false,false,false
jwgi87h9nk,0.8964,0.632,0.4244,0.281,false,false,false,false
5e2h2oh9qd,0.93,0.751,0.6832,0.4157,false,false,false,false
3lt9rejd0v,0.9087,1.605,0.5124,0.8603,false,false,false,false
p2c3mdphdl,0.8823,0.551,0.3224,0.1844,false,false,false,false
gawxqz0hro,0.8321,1.237,0.1115,0.7487,false,false,false,false
n8cxyyusdd,0.8829,1.543,0.3274,0.8472,false,false,false,false
a5qtm4akac,0.9182,0.833,0.5907,0.4951,false,false,false,false
lu4rj6cs3o,0.8815,1.235,0.3174,0.7482,false,false,false,false
7fvq10r5b1,0.8802,2.299,0.3089,0.937,false,false,false,true
y10y66oi2m,0.8954,0.469,0.4155,0.0961,false,false,true,false
ickp4t84mr,0.8429,0.602,0.1453,0.2435,false,false,false,false
jjiikk0rrt,0.9495,1.638,0.8218,0.8677,false,false,false,false
sugir1d72q,0.932,1.215,0.6987,0.74,false,false,false,false
d2lpl4dlgi,0.8925,1.315,0.3927,0.7833,false,false,false,false
olpx3365xf,0.8616,1.164,0.218,0.7158,false,false,false,false
e7q19hz0m1,0.9533,2.105,0.8467,0.9251,false,false,false,true
fjuo8cgibj,0.9072,0.811,0.4998,0.4745,false,false,false,false
fix6q1pdcj,0.949,1.174,0.8183,0.7226,false,false,false,false
y5qnxuwhbf,0.9694,0.83,0.9273,0.4921,true,false,false,false
7idm6y131x,0.9447,0.939,0.7911,0.5841,false,false,false,false
lg83obebfu,0.931,0.697,0.6915,0.355,false,false,false,false
estevbwv7g,0.9177,1.099,0.5864,0.6877,false,false,false,false
cn24n5avm2,0.8241,0.69,0.0926,0.3476,false,true,false,false
xtgo43tbjz,0.8975,0.424,0.431,0.0569,false,false,true,false
12n422k3lu,0.7967,0.696,0.0467,0.3542,false,true,false,false
s230d8u4lt,0.9421,0.509,0.7746,0.1361,false,false,false,false
4t9tz7npkj,0.9073,0.687,0.5003,0.3437,false,false,false,false
w0erfpg39r,0.9094,0.299,0.5191,0.0044,false,false,true,false
jp06isbhl0,0.9419,1.31,0.7722,0.7808,false,false,false,false
zpga0szoor,0.8919,1.209,0.3887,0.7382,false,false,false,false
0enndsrkqq,0.8954,0.843,0.4158,0.5017,false,false,false,false
9xf7idi2i4,0.865,0.47,0.2329,0.0971,false,false,true,false
h2rmj7bqm7,0.9148,0.555,0.5647,0.1902,false,false,false,false
gmzn23kwgf,0.8787,0.624,0.3018,0.2706,false,false,false,false
2oxoit06ao,0.9341,0.726,0.7153,0.3878,false,false,false,false
f4dj23ca9v,0.9141,1.826,0.5588,0.8975,false,false,false,false
rkpoefaqe8,0.8897,0.545,0.3712,0.1781,false,false,false,false
swnf0wsmze,0.8277,0.78,0.0996,0.445,false,true,false,false
q14qp06yau,0.8393,1.376,0.1322,0.8026,false,false,false,false
7izpybkqka,0.9214,0.808,0.6162,0.4724,false,false,false,false
23h4p7tjqf,0.9213,0.885,0.6158,0.5385,false,false,false,false
rd9z18hdlg,0.8895,1.031,0.3699,0.6476,false,false,false,false
issd0zbrqb,0.9399,0.916,0.7588,0.5643,false,false,false,false
jyh5i0wm58,0.964,2.007,0.9022,0.9177,true,false,false,true
j0hyk6o4fy,0.9108,0.716,0.5313,0.376,false,false,false,false
zla3j1npqh,0.9518,0.895,0.8377,0.547,false,false,false,false
ojsgqh2vti,0.8714,1.446,0.2632,0.8224,false,false,false,false
ymmebm0jf2,0.8945,2.098,0.4094,0.925,false,false,false,true
a11k6zdukb,0.8583,1.594,0.204,0.858,false,false,false,false
hdemdm6abi,0.9215,0.699,0.6167,0.3575,false,false,false,false
m1ray6fcsq,0.8643,0.609,0.2288,0.2542,false,false,false,false
1qeqguxylq,0.8223,2.325,0.0892,0.9392,false,true,false,true
4qz66e2a68,0.9148,0.866,0.5639,0.522,false,false,false,false
8grwahy8pi,0.8748,1.344,0.2781,0.7921,false,false,false,false
o9zegrhywl,0.8939,1.021,0.405,0.6411,false,false,false,false
9px4wq78no,0.8173,0.818,0.0789,0.4799,false,true,false,false
pwyzmacmkc,0.9443,0.964,0.7891,0.6028,false,false,false,false
dck60i9uxs,0.9236,0.886,0.6372,0.5386,false,false,false,false
addfc4z2ur,0.9654,1.257,0.9087,0.7591,true,false,false,false
2bcqr2qp7p,0.8917,0.565,0.3871,0.2011,false,false,false,false
c8r3z0nr6f,0.8742,1.778,0.2757,0.8906,false,false,false,false
xzm2iaj7cn,0.8983,1.713,0.4358,0.8818,false,false,false,false
nbtgrf51ss,0.8874,1.53,0.3576,0.8445,false,false,false,false
15q71uaq5h,0.9911,2.029,0.9954,0.9202,true,false,false,true
red9ju5jju,0.9673,1.049,0.9179,0.6591,true,false,false,false
a5h1fwxp50,0.9623,1.686,0.8943,0.8775,false,false,false,false
cwp4wtlkqn,0.9085,0.909,0.5104,0.5584,false,false,false,false
v7iu4v91f8,0.9217,1.903,0.6189,0.9068,false,false,false,true
o40fwmc2fw,0.9847,0.988,0.9827,0.6205,true,false,false,false
0qexw7jc3t,0.87,0.848,0.2549,0.5082,false,false,false,false
acwjqvbmus,0.9235,1.594,0.6363,0.8581,false,false,false,false
u6qz8f6c98,0.8839,0.677,0.3349,0.3296,false,false,false,false
rq6xblyy1r,0.9634,1.415,0.899,0.8145,false,false,false,false
xrbaqg8qk7,0.8786,1.312,0.3013,0.7817,false,false,false,false
0zcr3bxhdr,0.903,0.681,0.4718,0.3354,false,false,false,false
l1qnhalb11,0.8694,1.153,0.252,0.7107,false,false,false,false
viz2cxe0xr,0.8151,0.579,0.0739,0.2176,false,true,false,false
unujap4gcx,0.8391,0.522,0.1315,0.1511,false,false,false,false
dnbq0fdsel,0.8758,1.528,0.2843,0.844,false,false,false,false
a2hifhys55,0.8685,0.508,0.247,0.1344,false,false,false,false
wz1ufzmukv,0.9293,2.168,0.6774,0.9297,false,false,false,true
gcorelqv0a,0.8108,0.779,0.0658,0.4448,false,true,false,false
i0h29irpdr,0.9383,0.888,0.7478,0.5404,false,false,false,false
sukqs99zff,0.9361,0.627,0.7305,0.2752,false,false,false,false
89qeo721p6,0.9695,2.402,0.9276,0.9432,true,false,false,true
e0tji5yap2,0.9334,1.363,0.7099,0.7986,false,false,false,false
o0fsud9ndk,0.9318,0.756,0.6968,0.4212,false,false,false,false
9uvobivc9c,0.9481,0.674,0.813,0.3263,false,false,false,false
l3ynmm5x9i,0.8535,1.243,0.1833,0.7511,false,false,false,false
o224roabjt,0.8834,0.681,0.3315,0.335,false,false,false,false
vhs4n9cz10,0.8924,1.26,0.3925,0.7609,false,false,false,false
s6x4ou5aox,0.8844,0.504,0.3379,0.1292,false,false,false,false
tywqn8nmtw,0.924,0.729,0.64,0.3907,false,false,false,false
iey31ei5u9,0.8794,0.802,0.3052,0.4668,false,false,false,false
0bnfotgg0b,0.8727,0.848,0.2684,0.5078,false,false,false,false
jfmqsqm0wl,0.968,0.89,0.9203,0.5418,true,false,false,false
uzmhm4bikv,0.9772,1.038,0.9575,0.653,true,false,false,false
3ojb5dytea,0.8515,1.045,0.1731,0.6574,false,false,false,false
s3y1z8472l,0.8189,1.514,0.083,0.8407,false,true,false,false
sdpwoqzk6o,0.9487,1.059,0.8164,0.6656,false,false,false,false
98gyonff8f,0.866,1.453,0.2368,0.8236,false,false,false,false
nmjkw0sjnm,0.8829,1.09,0.3273,0.6832,false,false,false,false
e5cxiujpbt,0.9478,0.824,0.8114,0.4858,false,false,false,false
mob72a9ujk,0.9378,1.685,0.7432,0.8772,false,false,false,false
e177m0f2fc,0.9006,1.574,0.4521,0.8534,false,false,false,false
wpj7u9r2gg,0.919,1.023,0.5975,0.6428,false,false,false,false
w4blkyaie2,0.965,10.96,0.9052,0.9916,true,false,false,true
gs45csh2x2,0.9262,99.268,0.6523,0.9983,false,false,false,true
im4e0yjh49,0.8522,0.423,0.1761,0.0565,false,false,true,false
6rt54niifu,0.8783,0.597,0.2996,0.2375,false,false,false,false
ud11008i4s,0.8159,0.393,0.0756,0.0363,false,true,true,false
p8616vuld2,0.9686,1.331,0.9237,0.788,true,false,false,false
6ap0m38731,0.9076,0.7,0.5031,0.3582,false,false,false,false
46qsbb05q9,0.9168,0.998,0.5788,0.6269,false,false,false,false
knji4bsmof,0.9583,1.317,0.874,0.7839,false,false,false,false
yubyw1ftxk,0.8792,0.82,0.3047,0.4825,false,false,false,false
60hc4l07im,0.8147,0.698,0.0728,0.3568,false,true,false,false
wke4ko3a8g,0.8124,1.138,0.0684,0.7052,false,true,false,false
1w1ra0ix4f,0.9216,1.086,0.6186,0.6809,false,false,false,false
i0f2yyffrh,0.922,1.002,0.6236,0.6291,false,false,false,false
hiushywvln,0.8778,1.095,0.2962,0.6856,false,false,false,false
dsz7m9bx45,0.767,0.599,0.021,0.2395,false,true,false,false
1mzmlnuwe7,0.9384,0.892,0.748,0.5433,false,false,false,false
sl6wbu7vmx,0.8792,0.623,0.3046,0.2695,false,false,false,false
eytdxy8xkg,0.8505,0.999,0.1694,0.6276,false,false,false,false
btm6j36qcf,0.9527,0.99,0.8445,0.6214,false,false,false,false
fnj4a5s5bf,0.915,1.29,0.5658,0.7717,false,false,false,false
o41lsqmnuo,0.9086,1.708,0.5119,0.8811,false,false,false,false
cwi61ageqp,0.9041,1.392,0.481,0.8084,false,false,false,false
ocduoi1ydn,0.6471,0.978,0.0012,0.6124,false,true,false,false
wfuno1l2ya,0.9181,1.863,0.5894,0.9011,false,false,false,true
qfnzks1fr8,0.9783,2.154,0.961,0.9287,true,false,false,true
fvcm7tn20q,0.9503,0.776,0.8275,0.4411,false,false,false,false
jwvgxuiovj,0.9773,2.06,0.9587,0.9218,true,false,false,true
z1z4znesum,0.8818,0.748,0.3195,0.4121,false,false,false,false
ok01d3dl6x,0.8552,1.199,0.1912,0.7323,false,false,false,false
95n1fnu2n6,0.9142,0.561,0.5596,0.1964,false,false,false,false
5vkngttxop,0.9469,0.71,0.8059,0.3704,false,false,false,false
u79a8anmx6,0.8297,0.877,0.1047,0.5314,false,false,false,false
jfnhqv23vd,0.9503,1.049,0.8269,0.6602,false,false,false,false
cnsqg1elix,0.9573,2.52,0.8679,0.9476,false,false,false,true
5erasfeaiu,0.8428,1.619,0.1449,0.8634,false,false,false,false
d8ml98s4km,0.7657,0.888,0.0204,0.5403,false,true,false,false
rqw12pmqgp,0.9437,0.768,0.7837,0.4347,false,false,false,false
z01bq2odmn,0.9544,0.857,0.8534,0.5144,false,false,false,false
2jmnghrta5,0.8688,2.117,0.248,0.9261,false,false,false,true
20c7j87ds5,0.879,1.021,0.3035,0.6414,false,false,false,false
12xkq6zk3r,0.8452,1.978,0.1513,0.9145,false,false,false,true
b2xprvt5cu,0.9453,1.751,0.7956,0.8864,false,false,false,false
iop3qnev3m,0.9322,1.599,0.7006,0.8592,false,false,false,false
15d0ksr3o4,0.9063,1.203,0.4945,0.7345,false,false,false,false
gwqvqtzevw,0.8819,1.224,0.3201,0.7435,false,false,false,false
dae3awir0w,0.953,2.259,0.8454,0.934,false,false,false,true
sycdpo55qj,0.9037,1.595,0.4769,0.8584,false,false,false,false
o7riyhce4q,0.8966,0.956,0.4264,0.597,false,false,false,false
nv7hfpe3hr,0.8568,1.001,0.1974,0.6288,false,false,false,false
mk07zb6uuq,0.8402,0.418,0.135,0.0522,false,false,true,false
uclfffn0tl,0.9144,0.875,0.5614,0.5285,false,false,false,false
isphhhby54,0.9721,1.429,0.9402,0.8178,true,false,false,false
pny2fft8sb,0.8325,0.581,0.113,0.2199,false,false,false,false
otx2u2kprm,0.9272,1.14,0.6611,0.7065,false,false,false,false
8zic2n0r3x,0.9326,1.123,0.7034,0.6987,false,false,false,false
jteckihuky,0.9139,0.942,0.5567,0.5871,false,false,false,false
ri8hi2gpv8,0.9038,1.647,0.4777,0.8706,false,false,false,false
ac2tl111bj,0.969,1.357,0.9249,0.7958,true,false,false,false
hnf8tk1c72,0.8768,0.768,0.2895,0.4345,false,false,false,false
odreqvfrtn,0.8568,3.551,0.198,0.9721,false,false,false,true
ycf1wih1v5,0.9835,1.383,0.9787,0.8056,true,false,false,false
78u1hvy33z,0.928,0.544,0.6664,0.1771,false,false,false,false
uuluzmve76,0.962,1.454,0.8925,0.8243,false,false,false,false
v3sn5jyf2e,0.7371,0.526,0.0097,0.1557,false,true,false,false
dbn2uv4wnx,0.9047,0.644,0.4854,0.293,false,false,false,false
gmadm50hn6,0.7615,0.949,0.0191,0.5925,false,true,false,false
wiq624ilmq,0.9,2.224,0.4472,0.9323,false,false,false,true
fgxsunctg0,0.8022,1.173,0.0533,0.7219,false,true,false,false
i5bv7ngsro,0.9099,0.589,0.5233,0.2297,false,false,false,false
vjarexvdbv,0.9095,1.592,0.5195,0.8569,false,false,false,false
i9h1vcxd47,0.8853,0.894,0.3437,0.545,false,false,false,false
mfu93524bf,0.8516,1.692,0.1738,0.8787,false,false,false,false
gk655ik2el,0.9046,0.663,0.4845,0.3147,false,false,false,false
f4ew1u1gse,0.9035,1.592,0.4759,0.8567,false,false,false,false
wj1gptsiuy,0.9373,1.093,0.7403,0.6846,false,false,false,false
8yy9pua1nb,0.972,1.232,0.9384,0.7469,true,false,false,false
gqh1nffaso,0.955,0.521,0.8558,0.1497,false,false,false,false
7141nxa79b,0.8781,0.638,0.2987,0.2876,false,false,false,false
sag00n1434,0.9659,2.265,0.9101,0.9345,true,false,false,true
uqw2mmu8di,0.969,0.487,0.9255,0.1133,true,false,false,false
sr4bv8hh5x,0.8484,0.893,0.1626,0.5448,false,false,false,false
nsqmmho4wt,0.9498,0.931,0.8237,0.5762,false,false,false,false
wba7qu4xtn,0.7481,1.088,0.0127,0.682,false,true,false,false
2l54zl39yu,0.8582,1.245,0.2036,0.7523,false,false,false,false
taom75vlc4,0.9207,1.009,0.6102,0.6341,false,false,false,false
wj0kl88tup,0.9413,0.684,0.7693,0.3378,false,false,false,false
y6nqhdncqy,0.9458,1.473,0.7996,0.8302,false,false,false,false
b10ihgxafr,0.9008,1.116,0.455,0.6954,false,false,false,false
75hqi98ucy,0.9649,0.907,0.9047,0.5575,true,false,false,false
sosinqhwvj,0.9066,1.399,0.4962,0.8099,false,false,false,false
9skcw5txky,0.9408,0.792,0.7659,0.4577,false,false,false,false
iv6e2nrsmb,0.8322,0.635,0.1119,0.284,false,false,false,false
c2nzseblvi,0.9455,0.865,0.7976,0.5213,false,false,false,false
d1dmpmslmb,0.9857,1.678,0.9872,0.8764,true,false,false,false
2ukyo3k40t,0.8866,3.52,0.3517,0.9715,false,false,false,true
3jk0k7tui2,0.9626,1.72,0.8954,0.8838,false,false,false,false
zgpstomipd,0.9774,9.6,0.9591,0.9912,true,false,false,true
av1bb369lr,0.889,0.548,0.3654,0.1805,false,false,false,false
ow1nnxiign,0.7216,0.767,0.0059,0.4333,false,true,false,false
foc3p6fx77,0.9091,1.075,0.5157,0.6733,false,false,false,false
igjqxg0s53,0.9367,0.933,0.7344,0.5778,false,false,false,false
h1f8byvuwq,0.9176,0.626,0.5857,0.2731,false,false,false,false
ogr0p5ybuf,0.9752,1.421,0.9499,0.8164,true,false,false,false
44x27n7mq5,0.9793,1.575,0.9653,0.8538,true,false,false,false
4e1qp7rcg3,0.9208,1.266,0.6113,0.7636,false,false,false,false
fyr6ekf9t8,0.9275,1.024,0.6628,0.6432,false,false,false,false
niniq26msk,0.857,1.164,0.1989,0.716,false,false,false,false
bglk4i3zqn,0.8847,0.998,0.3394,0.6266,false,false,false,false
jh93p3nci3,0.8616,1.295,0.2181,0.7739,false,false,false,false
zpgpjb955d,0.818,1.018,0.081,0.6395,false,true,false,false
mg534224mn,0.9454,0.975,0.7968,0.6102,false,false,false,false
jixwl17f9k,0.9773,2.851,0.9583,0.9591,true,false,false,true
1fgnvyaouh,0.8915,0.661,0.3853,0.3136,false,false,false,false
1riwlrls3e,0.9469,0.554,0.8065,0.1886,false,false,false,false
raat5tvwag,0.9803,1.457,0.9678,0.8253,true,false,false,false
dyeo4ajv00,0.9089,1.316,0.5143,0.7838,false,false,false,false
6gjzu616ug,0.9955,3.574,0.9996,0.9725,true,false,false,true
skqss3td15,0.9349,0.927,0.721,0.5734,false,false,false,false
fl7qhtvbkr,0.8998,2.28,0.4456,0.9354,false,false,false,true
qk0105mkui,0.905,0.612,0.4868,0.2564,false,false,false,false
dlpbxsnqyg,0.8831,0.676,0.3286,0.3278,false,false,false,false
kq3de69x1g,0.8922,0.846,0.3911,0.5042,false,false,false,false
4wgaktjj8d,0.7706,0.939,0.0232,0.5831,false,true,false,false
12xc4tul8w,0.9815,0.945,0.9733,0.5894,true,false,false,false
sstmvy2ksr,0.9681,1.2,0.921,0.733,true,false,false,false
ffros9yxh0,0.8284,1.049,0.1013,0.6595,false,false,false,false
qe70pbmksg,0.9422,1.002,0.7754,0.6294,false,false,false,false
6f2h0oyrnc,0.8361,1.1,0.1229,0.6884,false,false,false,false
dktzgc7p7p,0.9447,1.01,0.791,0.635,false,false,false,false
r9p6gjv782,0.833,0.728,0.1142,0.3898,false,false,false,false
ktzfzc4ztj,0.9281,1.002,0.6669,0.6298,false,false,false,false
1me84yg9sj,0.94,1.159,0.7598,0.7139,false,false,false,false
fjyzgobs5o,0.9683,1.114,0.9226,0.6943,true,false,false,false
z8lyos851j,0.9562,1.311,0.8634,0.7815,false,false,false,false
51zddx2o6w,0.9623,0.65,0.8949,0.2995,false,false,false,false
6n1asu7ms0,0.9551,0.74,0.857,0.4034,false,false,false,false
zc82tdq7q7,0.8549,0.765,0.1888,0.431,false,false,false,false
fz2c603vco,0.8233,0.893,0.0909,0.5439,false,true,false,false
wz0exb8jij,0.9333,1.956,0.7089,0.9121,false,false,false,true
k31sav9r3b,0.8897,1.402,0.3709,0.8106,false,false,false,false
np4fazeqy2,0.9098,0.525,0.523,0.1551,false,false,false,false
mon1uw97yi,0.8743,1.229,0.2761,0.7454,false,false,false,false
c206s3r4qs,0.912,0.608,0.5421,0.2528,false,false,false,false
8ojcpa7yp9,0.9421,1.289,0.7732,0.7715,false,false,false,false
30jao8oery,0.9157,0.692,0.5701,0.3502,false,false,false,false
poceynjw1r,0.9031,0.419,0.4719,0.0536,false,false,true,false
st2l9olxn7,0.9709,0.941,0.9327,0.5852,true,false,false,false
qlrji7wkif,0.8803,0.539,0.3092,0.1706,false,false,false,false
cfrjrvopfp,0.8711,0.513,0.2614,0.1402,false,false,false,false
54nfttqdd5,0.9027,2.004,0.4694,0.9168,false,false,false,true
aecr03572b,0.8284,0.848,0.1011,0.5086,false,false,false,false
yffm5jz7tk,0.9124,1.079,0.5463,0.6755,false,false,false,false
wculmr7lby,0.9725,144.903,0.9421,0.9986,true,false,false,true
8s74qa2n3j,0.9222,0.903,0.6251,0.5541,false,false,false,false
xofs9ed088,0.9601,1.483,0.8833,0.8327,false,false,false,false
aznxjwwo5d,0.8763,0.66,0.2872,0.3121,false,false,false,false
og20ml49xh,0.9171,0.763,0.5814,0.4291,false,false,false,false
a258a6xnny,0.881,0.923,0.3136,0.5708,false,false,false,false
mpz978dl1y,0.9114,0.499,0.5368,0.1245,false,false,false,false
cvega1kzzk,0.989,0.658,0.993,0.3096,true,false,false,false
og4cqx7s7m,0.9653,0.938,0.9081,0.5824,true,false,false,false
vnkgogyacn,0.8916,0.416,0.3861,0.051,false,false,true,false
cbgosc2ikp,0.9383,1.823,0.7472,0.8972,false,false,false,false
r36pccki8e,0.9491,0.585,0.8192,0.2241,false,false,false,false
umqtoshm4e,0.9269,0.753,0.6584,0.4165,false,false,false,false
v5pj7ihnes,0.9765,1.806,0.9554,0.8945,true,false,false,false
626sivbr9o,0.918,0.506,0.5882,0.1312,false,false,false,false
yq51duv9r1,0.785,0.584,0.0348,0.2231,false,true,false,false
h8nf7r5ofr,0.9462,0.525,0.8016,0.155,false,false,false,false
dmjrp63b0f,0.9307,0.645,0.6885,0.2953,false,false,false,false
khx3tuvxs3,0.8467,0.515,0.1564,0.1431,false,false,false,false
9ywocgm20x,0.9119,0.492,0.541,0.1178,false,false,false,false
534688iudt,0.7507,0.533,0.0137,0.1638,false,true,false,false
03cm4l0vbm,0.861,0.358,0.2148,0.0182,false,false,true,false
omx4l8ywvn,0.8219,0.479,0.0884,0.1058,false,true,false,false
0a6fe93qqa,0.8256,1.53,0.0956,0.8447,false,true,false,false
uxmok5m4g5,0.9299,0.987,0.6821,0.6193,false,false,false,false
0o372s8pfj,0.8471,0.924,0.1578,0.5711,false,false,false,false
1neeycs1cj,0.8897,0.696,0.3708,0.3535,false,false,false,false
pi0bm8pvg8,0.9794,1.004,0.966,0.6317,true,false,false,false
4y1sqz8xbf,0.848,0.953,0.1616,0.5952,false,false,false,false
vc85nxvi51,0.9157,0.909,0.5696,0.5578,false,false,false,false
7ll46yjf8b,0.9327,1.442,0.7041,0.8214,false,false,false,false
nzil6f1e31,0.8267,1.232,0.0978,0.7468,false,true,false,false
rvsmmb8e3z,0.9082,15.83,0.5082,0.9938,false,false,false,true
xwj302htqg,0.8857,0.452,0.3463,0.0819,false,false,true,false
srrrruq5z9,0.9469,0.865,0.8052,0.5216,false,false,false,false
gpgmql044p,0.9143,1.283,0.5602,0.7699,false,false,false,false
ezvz4lyuoa,0.8708,0.419,0.2597,0.0532,false,false,true,false
249ztxeow5,0.9032,2.624,0.474,0.9515,false,false,false,true
psc3jwaiy0,0.951,0.968,0.8313,0.6056,false,false,false,false
5wqfkkqtvm,0.8835,1.924,0.3325,0.9087,false,false,false,true
mc61fjmntc,0.9522,0.845,0.84,0.5041,false,false,false,false
3bctqd4ou8,0.8992,0.517,0.4414,0.1445,false,false,false,false
t7bh5ukkik,0.8386,0.932,0.1297,0.5773,false,false,false,false
5nmrxi06hm,0.8498,0.693,0.1677,0.3509,false,false,false,false
cca9qkhh83,0.9857,1.033,0.9872,0.6493,true,false,false,false
ptsyrq93vg,0.8934,0.675,0.4006,0.3275,false,false,false,false
dl3nwr71rr,0.8699,1.164,0.2547,0.7164,false,false,false,false
86hxemtvea,0.9372,0.874,0.7388,0.5274,false,false,false,false
ga19t168ja,0.9522,0.544,0.8396,0.177,false,false,false,false
k8dpyibmpb,0.7503,0.502,0.0134,0.1261,false,true,false,false
hya0f4913o,0.9784,0.812,0.9621,0.4759,true,false,false,false
9bhjn1eyr3,0.9123,0.525,0.5451,0.1538,false,false,false,false
plgns12aqk,0.9137,0.566,0.5549,0.2025,false,false,false,false
auhbpf6z82,0.9835,0.83,0.9787,0.4916,true,false,false,false
0mts19r04c,0.8977,0.877,0.4328,0.532,false,false,false,false
0yom84p70k,0.89,1.866,0.3742,0.9014,false,false,false,true
k901erb111,0.8739,0.603,0.2742,0.2459,false,false,false,false
k1hu1lyjof,0.7871,0.551,0.0363,0.1841,false,true,false,false
b37s839qiw,0.9154,1.2,0.5683,0.7326,false,false,false,false
9ch0ifuz5g,0.8472,0.436,0.1586,0.0671,false,false,true,false
izpjil3kfr,0.8584,0.576,0.2049,0.2148,false,false,false,false
kpjoyyegfh,0.9384,1.48,0.7484,0.8323,false,false,false,false
rkyiixmwii,0.7538,0.821,0.0149,0.4831,false,true,false,false
deh7nk0sxn,0.8388,1.394,0.1307,0.8088,false,false,false,false
xiju54gzxf,0.8883,0.507,0.3619,0.1325,false,false,false,false
vh55r3n837,0.9637,0.684,0.9003,0.3389,true,false,false,false
zsxamw199l,0.921,0.91,0.6135,0.5586,false,false,false,false
3tyaoeaka1,0.9523,2.58,0.8404,0.9503,false,false,false,true
b0u0za7hfz,0.9385,1.321,0.7489,0.7852,false,false,false,false
q3kp6spsd5,0.9204,0.651,0.6078,0.3011,false,false,false,false
mgfok3y878,0.928,0.98,0.6661,0.6138,false,false,false,false
xnvdhhso5u,0.9452,0.503,0.795,0.1272,false,false,false,false
p1au45uebi,0.9847,2.117,0.9834,0.9262,true,false,false,true
zl8m0bzrq7,0.8551,0.937,0.1905,0.5816,false,false,false,false
4kuiu746vu,0.9512,1.429,0.8337,0.8179,false,false,false,false
58lnnf3xtm,0.9732,0.566,0.9449,0.2015,true,false,false,false
seot6h26ey,0.9007,0.537,0.4545,0.1677,false,false,false,false
6ya12162yv,0.9879,3.059,0.9912,0.9642,true,false,false,true
03s554k022,0.9484,63.221,0.8138,0.9972,false,false,false,true
rc7by8ukg5,0.9185,0.41,0.5935,0.0475,false,false,true,false
3cbowzg054,0.939,0.75,0.7518,0.4137,false,false,false,false
xiuocrpx81,0.8825,0.651,0.3246,0.3013,false,false,false,false
7nteott4eu,0.971,1.2,0.9334,0.7331,true,false,false,false
1sw6u5ci5n,0.8743,0.94,0.2764,0.5845,false,false,false,false
owod2jhhy4,0.9933,1.109,0.9985,0.6919,true,false,false,false
py18kn6bs2,0.9542,2.586,0.8519,0.9505,false,false,false,true
pcjign3w8m,0.9511,0.42,0.8322,0.0548,false,false,true,false
o7t8cshk3h,0.8623,0.779,0.2206,0.4441,false,false,false,false
zrweww28wa,0.8945,0.509,0.4096,0.1357,false,false,false,false
w868u73w0o,0.8051,0.911,0.0575,0.5599,false,true,false,false
9xeyx1ckkz,0.8994,1.741,0.4432,0.886,false,false,false,false
j5eph1qnqd,0.9409,0.793,0.7663,0.4588,false,false,false,false
kynjw55l0p,0.8748,1.369,0.2782,0.8001,false,false,false,false
03zjwl3d9v,0.8835,0.602,0.3322,0.2422,false,false,false,false
76c5rre728,0.9389,0.287,0.7516,0.0026,false,false,true,false
hehh4mz1ci,0.9751,9.093,0.9489,0.9905,true,false,false,true
enw6qy9al7,0.8896,1.448,0.3702,0.8228,false,false,false,false
byhxa0fzto,0.8957,1.498,0.4195,0.8374,false,false,false,false
1df2ds6yg1,0.8836,0.988,0.3329,0.6203,false,false,false,false
v4o15o0eut,0.9282,1.457,0.6687,0.8251,false,false,false,false
g1py8ea7ux,0.9006,0.588,0.4528,0.2295,false,false,false,false
a9s1g4qyzh,0.9324,1.891,0.7026,0.9043,false,false,false,true
r40do5oqyv,0.9474,2.914,0.809,0.9606,false,false,false,true
gt1u3ahov0,0.8815,0.523,0.317,0.1521,false,false,false,false
eo3r9g9d0q,0.8906,0.523,0.3782,0.1522,false,false,false,false
pb8x812iqj,0.8333,0.529,0.1156,0.16,false,false,false,false
6mbvzu7c2b,0.9023,0.809,0.468,0.4731,false,false,false,false
g49a97alex,0.9304,0.742,0.6868,0.4064,false,false,false,false
ljeic3hh1u,0.9554,63.376,0.8591,0.9974,false,false,false,true
xghrl21f37,0.8664,0.851,0.2387,0.5096,false,false,false,false
u8kbg3ksfo,0.9137,1.058,0.5555,0.6643,false,false,false,false
rdrbiclcot,0.9535,1.283,0.8485,0.7703,false,false,false,false
12jn2cm9ij,0.8788,2.003,0.3023,0.9167,false,false,false,true
en48knvvg9,0.9347,0.981,0.7193,0.6144,false,false,false,false
0u8qylhs2l,0.971,0.787,0.9336,0.4516,true,false,false,false
67vv8ut1cl,0.9175,1.336,0.5849,0.7893,false,false,false,false
d1bwijqox4,0.8246,1.583,0.0934,0.8556,false,true,false,false
g4h5nwz259,0.8137,0.617,0.0717,0.2636,false,true,false,false
ru79vsqs7g,0.9469,2.12,0.8054,0.9265,false,false,false,true
iyca0yh53a,0.9362,0.807,0.7309,0.4708,false,false,false,false
yawvgck87h,0.8998,0.55,0.4459,0.1825,false,false,false,false
7zm6d7uqb0,0.964,0.805,0.9008,0.47,true,false,false,false
29em39bpur,0.9217,0.452,0.619,0.0823,false,false,true,false
eoswceuybu,0.8562,0.444,0.1948,0.0747,false,false,true,false
c1cnq1az21,0.8404,0.48,0.1363,0.108,false,false,false,false
dkqobbsofn,0.9652,0.556,0.9076,0.192,true,false,false,false
jnsn4veowl,0.966,0.709,0.9108,0.3697,true,false,false,false
4dsmabns28,0.9484,0.584,0.8143,0.2236,false,false,false,false
bz88o2iglf,0.9079,2.379,0.5055,0.9424,false,false,false,true
rl3tehhnqm,0.818,0.836,0.0807,0.4972,false,true,false,false
y9vrcdj6n0,0.9826,1.085,0.9765,0.6802,true,false,false,false
78t8ub0gwi,0.9174,1.27,0.5836,0.765,false,false,false,false
dh4fo2wltr,0.8971,1.632,0.4288,0.8663,false,false,false,false
y5ohop986o,0.9332,0.513,0.7077,0.1406,false,false,false,false
7inh0rj3yo,0.9749,4.019,0.9486,0.9758,true,false,false,true
jeqifkoinv,0.9273,2.755,0.6618,0.9557,false,false,false,true
9qv7oz4bcp,0.9847,0.564,0.9827,0.1996,true,false,false,false
wes89u8v4q,0.8866,0.715,0.352,0.3752,false,false,false,false
6wz650qwrf,0.9827,7.727,0.9769,0.9891,true,false,false,true
byj1dr0hnk,0.9264,1.259,0.6538,0.7607,false,false,false,false
xy9vstl7gu,0.9261,0.392,0.652,0.0347,false,false,true,false
vi5ypf8zb2,0.9043,0.543,0.4817,0.1753,false,false,false,false
ho3cff3vpo,0.8931,0.601,0.3976,0.2413,false,false,false,false
lo5q7rtvhk,0.9512,1.038,0.8333,0.652,false,false,false,false
3v9cthlqit,0.9805,0.966,0.9699,0.6041,true,false,false,false
9250zh25iq,0.7007,2.257,0.0037,0.9338,false,true,false,true
4gahc6e1ci,0.8583,0.52,0.2044,0.1485,false,false,false,false
nnjqw2wku8,0.8755,1.332,0.2826,0.7884,false,false,false,false
ydqxijmuhl,0.8175,1.423,0.0794,0.817,false,true,false,false
ab7dwoafzt,0.9065,1.473,0.4956,0.8301,false,false,false,false
dpg61ckd39,0.8951,0.516,0.4137,0.1441,false,false,false,false
1sbhc86dnv,0.8989,0.994,0.4397,0.6244,false,false,false,false
7tf2yg0zt4,0.9344,0.574,0.7175,0.2111,false,false,false,false
y6p0unmpr6,0.8612,5.123,0.2165,0.9826,false,false,false,true
6qq4bsmgqw,0.9271,0.728,0.6595,0.3896,false,false,false,false
waqlqvwh4z,0.9372,0.733,0.7395,0.3966,false,false,false,false
q3126jh03j,0.945,0.566,0.7939,0.2018,false,false,false,false
sj137uxxnb,0.9194,0.786,0.601,0.4512,false,false,false,false
fnl90l9kr0,0.8838,0.736,0.3344,0.3994,false,false,false,false
lq46v0fb6t,0.8378,0.971,0.1276,0.6074,false,false,false,false
z0n544hnxg,0.9355,1.349,0.7266,0.7936,false,false,false,false
xkfu1pbgwk,0.9763,0.934,0.9544,0.5784,true,false,false,false
tux7i8823c,0.8531,4.576,0.1805,0.9797,false,false,false,true
tl4byhrt3w,0.8096,1.31,0.0644,0.7809,false,true,false,false
hz1wiqp0ek,0.8808,1.257,0.3123,0.7592,false,false,false,false
mzgqlgkwaf,0.9371,2.838,0.7379,0.9586,false,false,false,true
xa722fzxsz,0.9047,0.488,0.4849,0.114,false,false,false,false
o4aa0ef5uc,0.9228,0.494,0.6303,0.12,false,false,false,false
vf8bngag73,0.8072,1.166,0.0602,0.7179,false,true,false,false
mwysp41mma,0.8649,0.96,0.2319,0.5998,false,false,false,false
gatoka0fw1,0.9218,1.113,0.6204,0.694,false,false,false,false
3z8n9nkm1v,0.8667,0.704,0.2401,0.3625,false,false,false,false
v0vud1ywza,0.9184,1.026,0.5921,0.6443,false,false,false,false
83jl8bjbe3,0.925,0.48,0.6451,0.1084,false,false,false,false
3df509pgwj,0.9108,0.548,0.5325,0.181,false,false,false,false
fpyble0njp,0.868,0.666,0.2442,0.3183,false,false,false,false
65xudrauj1,0.8274,0.458,0.0989,0.0866,false,true,true,false
rmm3p5n8ks,0.8794,0.836,0.3057,0.4973,false,false,false,false
a9u67huegm,0.933,0.517,0.7058,0.145,false,false,false,false
fd2w0fybqb,0.9091,2.093,0.5162,0.9246,false,false,false,true
tb2yh44o66,0.9488,0.667,0.8171,0.3188,false,false,false,false
jprwis2l15,0.8469,0.607,0.1568,0.2514,false,false,false,false
m33memr7g7,0.8597,0.93,0.2093,0.5751,false,false,false,false
9fyyxt029e,0.9473,0.765,0.8081,0.4309,false,false,false,false
xkko1zqm3p,0.8772,0.771,0.292,0.438,false,false,false,false
da4998tco7,0.8494,0.663,0.1662,0.3144,false,false,false,false
3v4011ncpr,0.9135,1.648,0.5538,0.8708,false,false,false,false
xizh1bfivz,0.9352,0.381,0.7244,0.0283,false,false,true,false
13kxuufvxl,0.8916,1.207,0.386,0.7363,false,false,false,false
vcfs0ienl7,0.9361,0.44,0.7302,0.0702,false,false,true,false
pnjy3fzvve,0.9416,1.782,0.7714,0.8913,false,false,false,false
vczi3cjo82,0.761,0.873,0.0186,0.5265,false,true,false,false
dwqkbx7n93,0.8837,1.162,0.3333,0.7149,false,false,false,false
hfh18gkl87,0.8971,0.725,0.4287,0.3856,false,false,false,false
fkeol0jd52,0.8954,1.184,0.4159,0.7266,false,false,false,false
d6wpzh4ra7,0.8765,0.433,0.2884,0.0642,false,false,true,false
5kmszv8m62,0.8312,0.853,0.1086,0.5117,false,false,false,false
2qbpozkvwq,0.7129,0.384,0.0044,0.0301,false,true,true,false
sqw3e4nm3r,0.8202,0.752,0.0847,0.4164,false,true,false,false
xj0g8unv8v,0.9064,0.415,0.495,0.0503,false,false,true,false
9b3gnof67m,0.9642,1.576,0.9029,0.8543,true,false,false,false
m8sl6lk63k,0.8774,0.539,0.294,0.171,false,false,false,false
bc5qjrsawf,0.9597,2.086,0.882,0.924,false,false,false,true
xdiv9fqbjo,0.9493,2.061,0.8199,0.9221,false,false,false,true
0h30hdwgi4,0.8907,1.55,0.3789,0.8493,false,false,false,false
as16zibbfh,0.9198,1.305,0.6035,0.7776,false,false,false,false
qamk15fuvo,0.784,1.267,0.0341,0.7642,false,true,false,false
lnta7r1wtz,0.861,0.602,0.2154,0.2424,false,false,false,false
katnq1zjl9,0.9401,0.761,0.7609,0.4274,false,false,false,false
sjgcv3zgtn,0.9248,0.602,0.6436,0.2426,false,false,false,false
hu2nemsdia,0.912,0.965,0.5418,0.6034,false,false,false,false
d73rgwcb6k,0.8263,0.919,0.0967,0.5667,false,true,false,false
dcq2u9mzvg,0.912,0.829,0.5422,0.4904,false,false,false,false
8z3zntjmsz,0.9352,0.901,0.7239,0.5516,false,false,false,false
64alhwh0ep,0.9376,1.441,0.7425,0.8207,false,false,false,false
mlrbnr4vqr,0.9045,1.024,0.4829,0.6433,false,false,false,false
dkp1yev9gb,0.8896,0.371,0.3705,0.0235,false,false,true,false
elj0nol3a0,0.9443,0.533,0.7886,0.1629,false,false,false,false
3xsk3k8gxv,0.8938,5.057,0.4042,0.9822,false,false,false,true
h2qo00l67t,0.8277,1.209,0.0995,0.7377,false,true,false,false
o69zvd9s1d,0.928,0.892,0.6665,0.5434,false,false,false,false
wx24gjl749,0.9523,1.863,0.8409,0.901,false,false,false,true
yzbd2hdj68,0.8908,0.534,0.3795,0.1655,false,false,false,false
qmzkgiuug9,0.9172,0.732,0.5817,0.3958,false,false,false,false
6gd8ogs7js,0.9062,1.022,0.4937,0.6422,false,false,false,false
b38jq1dvhx,0.9469,0.788,0.8058,0.4538,false,false,false,false
bqhu5d8p5g,0.9402,15.754,0.7617,0.9936,false,false,false,true
h5p2bclsmh,0.9066,0.406,0.4959,0.0442,false,false,true,false
gdd0zf3cqu,0.9084,0.939,0.5099,0.5832,false,false,false,false
9rz4b701j4,0.909,0.417,0.5147,0.0515,false,false,true,false
6b9jkbbfi9,0.885,0.777,0.3418,0.4418,false,false,false,false
iprcfjta9c,0.9722,0.564,0.9403,0.1998,true,false,false,false
xy9kt1ydep,0.8916,0.457,0.3865,0.0863,false,false,true,false
e258ij7be6,0.9262,0.513,0.6526,0.1405,false,false,false,false
iro9kse8ee,0.9493,2.466,0.8203,0.9453,false,false,false,true
uu4uf53hkz,0.8483,0.677,0.1622,0.3291,false,false,false,false
rv8i1ukrdv,0.8732,0.615,0.2712,0.2608,false,false,false,false
rf8pcfsz96,0.9773,1.364,0.9583,0.799,true,false,false,false
x95b1ltt0y,0.9265,0.534,0.6545,0.1654,false,false,false,false
by8fl6tzcy,0.9836,4.298,0.9794,0.9778,true,false,false,true
pfcblkzbc2,0.7254,0.73,0.007,0.3926,false,true,false,false
9ht16dkuui,0.8894,0.713,0.3688,0.373,false,false,false,false
quemqgsuzf,0.9386,0.763,0.7502,0.4289,false,false,false,false
w94em6io2e,0.9305,1.871,0.6877,0.9022,false,false,false,true
bzxaugaltu,0.9031,0.807,0.4731,0.4713,false,false,false,false
hlovi44ue0,0.9346,1.058,0.719,0.6646,false,false,false,false
vw8ov0t3k9,0.9721,0.543,0.9396,0.1752,true,false,false,false
nk8xfwtz1z,0.8537,0.677,0.1841,0.3299,false,false,false,false
6an6qfd0nf,0.8893,0.452,0.3683,0.0814,false,false,true,false
nhcdebc7p7,0.9426,1.314,0.7776,0.7828,false,false,false,false
yb7wo4pxm5,0.8479,1.156,0.1611,0.7121,false,false,false,false
3nk4llsz7j,0.9515,0.962,0.8362,0.6017,false,false,false,false
ek9cf0h1ps,0.9386,0.96,0.7501,0.5995,false,false,false,false
xazaurwky2,0.8939,0.953,0.4049,0.5946,false,false,false,false
oh3z2rgx7c,0.9278,0.655,0.6646,0.3064,false,false,false,false
k74pi1zy3y,0.9793,1.018,0.9653,0.6397,true,false,false,false
8osy9li2iv,0.861,0.81,0.2151,0.4735,false,false,false,false
asrw5ttcy5,0.8779,2.822,0.2974,0.9581,false,false,false,true
zcbcwsesxe,0.8835,0.756,0.3324,0.4217,false,false,false,false
k3evt9n72s,0.8146,0.823,0.0727,0.4846,false,true,false,false
mp76h0nuex,0.8919,54.387,0.3886,0.9971,false,false,false,true
rbwzti0pcw,0.9396,1.159,0.757,0.714,false,false,false,false
f0vkzgs6kc,0.9502,0.764,0.8262,0.4298,false,false,false,false
hpwrae6r5x,0.9186,0.939,0.5946,0.5834,false,false,false,false
04as5hq7c0,0.9901,3.489,0.9946,0.9711,true,false,false,true
t4c9nye0dk,0.88,7.677,0.3076,0.9889,false,false,false,true
q0fyegs0v1,0.8878,0.68,0.3597,0.3343,false,false,false,false
ohl8zr1ohk,0.9193,1.261,0.6008,0.7616,false,false,false,false
2mvr65sp55,0.9047,0.821,0.4856,0.4829,false,false,false,false
sm66fye0qg,0.9933,2.695,0.9985,0.9537,true,false,false,true
12jkagezls,0.9103,0.725,0.5267,0.3865,false,false,false,false
x63bgnho9v,0.8622,0.665,0.2195,0.3172,false,false,false,false
u0myo3rcp2,0.8827,0.832,0.3259,0.4939,false,false,false,false
vdvwmj0j4e,0.9556,1.507,0.8598,0.8393,false,false,false,false
b51jsqgyg3,0.9046,0.704,0.4846,0.3639,false,false,false,false
m48xn2n8mj,0.9303,122.812,0.6861,0.9985,false,false,false,true
n26cwmqu18,0.8848,0.606,0.3408,0.25,false,false,false,false
fjakls60yk,0.8797,1.018,0.3068,0.6393,false,false,false,false
7gujklu69u,0.8921,1.019,0.3904,0.6401,false,false,false,false
1a6l1yp9bs,0.9631,1.052,0.8975,0.6622,false,false,false,false
8agbszp7m3,0.9169,0.626,0.5792,0.2724,false,false,false,false
yf4gxizryz,0.8836,0.729,0.3326,0.3922,false,false,false,false
34sk8nrv2v,0.9312,0.746,0.6939,0.4099,false,false,false,false
ge7ehu9i0w,0.9891,2.846,0.9939,0.9588,true,false,false,true
f9biktbgwe,0.8928,1.264,0.3948,0.7627,false,false,false,false
8xolc0y4jk,0.9413,1.235,0.769,0.748,false,false,false,false
stnwr8go2p,0.9098,1.382,0.5222,0.8048,false,false,false,false
ipdr0wtlk6,0.8333,0.882,0.1162,0.5358,false,false,false,false
jm4f5vgzgm,0.9613,1.896,0.8896,0.9054,false,false,false,true
9lefy6z5l9,0.8696,0.522,0.2533,0.1508,false,false,false,false
coonav24fy,0.9022,1.89,0.4666,0.904,false,false,false,true
lumcj444nw,0.8787,0.676,0.302,0.3282,false,false,false,false
m1c19v6qx6,0.8869,0.873,0.3536,0.5266,false,false,false,false
vxcje566vv,0.9472,0.847,0.807,0.5061,false,false,false,false
wtv8hpmxf3,0.9525,0.686,0.8428,0.3423,false,false,false,false
d49pbne20h,0.9375,0.738,0.7418,0.4007,false,false,false,false
0m4dyrc2pm,0.8858,0.491,0.3474,0.1167,false,false,false,false
i32jpb3trg,0.9092,0.668,0.5166,0.3199,false,false,false,false
jtusid4afk,0.914,0.506,0.5574,0.1318,false,false,false,false
san7iaefaq,0.845,1.07,0.1508,0.6704,false,false,false,false
8z96r1q846,0.9051,0.877,0.4871,0.5312,false,false,false,false
xl1ygehnlq,0.9558,1.136,0.8614,0.704,false,false,false,false
rl1ex4kr1t,0.9715,1.357,0.937,0.7962,true,false,false,false
woyc6e0312,0.8812,1.884,0.315,0.9034,false,false,false,true
i2mzlw6jpb,0.9061,0.803,0.4936,0.4683,false,false,false,false
7e7x7vi77p,0.9587,1.843,0.8759,0.8994,false,false,false,false
g1hko81wpu,0.9359,1.561,0.7292,0.8514,false,false,false,false
belw5t0t0i,0.9221,1.343,0.6245,0.7914,false,false,false,false
85l7curaha,0.8736,0.514,0.2731,0.1419,false,false,false,false
r0yq7rdje1,0.9299,0.426,0.6817,0.059,false,false,true,false
07cb5fvcvg,0.9175,0.5,0.5842,0.1252,false,false,false,false
4ti02v1m9c,0.8902,0.469,0.3762,0.0957,false,false,true,false
mic9fzvs1m,0.9354,0.888,0.7259,0.5401,false,false,false,false
wkbu9hqhtk,0.8977,1.261,0.4325,0.7614,false,false,false,false
bre1ikf3du,0.9079,0.846,0.5049,0.5055,false,false,false,false
htka1z4hh0,0.8405,0.528,0.1366,0.1583,false,false,false,false
gfz225qcl2,0.893,0.528,0.3969,0.1586,false,false,false,false
n197ju34t3,0.8734,0.512,0.2717,0.1394,false,false,false,false
ibp1r5gb2r,0.9518,2.218,0.8378,0.9319,false,false,false,true
apziegb0rb,0.9503,0.795,0.8277,0.4606,false,false,false,false
v3romtmpoc,0.9103,0.962,0.527,0.6019,false,false,false,false
e1krfbhkyi,0.9192,0.542,0.5998,0.1745,false,false,false,false
n6935cqtbk,0.9323,0.52,0.702,0.1484,false,false,false,false
5ihy9lwvnq,0.8758,0.622,0.2842,0.2687,false,false,false,false
5rogef0a07,0.8645,0.696,0.23,0.3539,false,false,false,false
7ldpo9tx08,0.9889,3.288,0.9925,0.9684,true,false,false,true
ba5i9mxtdq,0.9306,1.262,0.6881,0.7621,false,false,false,false
7550zyy02f,0.9407,0.961,0.7652,0.5999,false,false,false,false
yj06elye7p,0.9236,1.059,0.6371,0.6653,false,false,false,false
krqpz0onld,0.9393,0.852,0.7547,0.5106,false,false,false,false
nkod9fpwnr,0.8673,1.657,0.2419,0.8721,false,false,false,false
ffmr9adewd,0.9375,0.844,0.742,0.503,false,false,false,false
yakvyqsq5b,0.9177,0.578,0.5867,0.2166,false,false,false,false
qm628v5i03,0.846,0.914,0.1533,0.5618,false,false,false,false
wzi7f6vwod,0.9177,0.87,0.5859,0.5253,false,false,false,false
we5iy930l3,0.9292,0.96,0.6761,0.5994,false,false,false,false
gr0ktoc7l6,0.9053,0.643,0.4889,0.2924,false,false,false,false
o90gykek68,0.9045,1.206,0.4835,0.736,false,false,false,false
5gbh2m5qv2,0.9302,0.499,0.6856,0.1247,false,false,false,false
p553lkju5t,0.9261,1.262,0.6516,0.7623,false,false,false,false
tvs7n9b3d8,0.7821,0.987,0.0327,0.6196,false,true,false,false
w0bu5lowcv,0.9664,1.054,0.9141,0.6632,true,false,false,false
r0jxxrwdmm,0.8632,0.938,0.2249,0.5828,false,false,false,false
ir2avc9kn7,0.8831,0.925,0.3291,0.5716,false,false,false,false
6xxdzttmun,0.8736,1.519,0.2728,0.8418,false,false,false,false
7k4gjku68u,0.8375,0.598,0.1263,0.2382,false,false,false,false
xpilxew7se,0.9004,0.652,0.4513,0.3036,false,false,false,false
l80zwphomi,0.923,0.397,0.6323,0.0394,false,false,true,false
25ktq9sora,0.8643,0.653,0.2286,0.3038,false,false,false,false
cs6b8qcfhf,0.861,0.738,0.2161,0.4012,false,false,false,false
pa28ubxcuc,0.9015,1.028,0.4608,0.6459,false,false,false,false
d8e86450vo,0.9134,1.054,0.5527,0.6629,false,false,false,false
7y1yrwia0q,0.9361,0.747,0.7299,0.4115,false,false,false,false
lk42ukidm1,0.9501,1.445,0.8253,0.8221,false,false,false,false
ewtm6kfhva,0.9534,2.029,0.8475,0.9199,false,false,false,true
2rnfwt6tlx,0.9066,0.648,0.4963,0.2985,false,false,false,false
c5eyc9bcfn,0.7775,2.325,0.0285,0.9395,false,true,false,true
gocqdbicct,0.9549,0.568,0.8551,0.2046,false,false,false,false
9ec8pfhdda,0.9289,0.763,0.6741,0.4296,false,false,false,false
he1jktegzd,0.9401,0.376,0.7605,0.0256,false,false,true,false
scn7rmp5rv,0.9612,5.579,0.8885,0.9845,false,false,false,true
jxwlfraid8,0.9526,0.349,0.8433,0.0157,false,false,true,false
a99fly8jvc,0.8748,0.282,0.2777,0.0022,false,false,true,false
h0r5s61v13,0.9814,0.857,0.9729,0.5142,true,false,false,false
bk3mtnz0n2,0.8711,0.564,0.2612,0.1999,false,false,false,false
jp4ljfam1h,0.9366,0.886,0.7333,0.539,false,false,false,false
vyfv4rgdjy,0.8984,0.723,0.4365,0.3842,false,false,false,false
35jp0xr8ef,0.9291,0.533,0.6754,0.1636,false,false,false,false
qdd1n54zhv,0.7368,1.155,0.0095,0.7111,false,true,false,false
4ew2nk15ij,0.8682,0.593,0.2453,0.2339,false,false,false,false
ms8b5e0cpo,0.8506,0.408,0.1695,0.046,false,false,true,false
8a6c6sm402,0.918,0.896,0.5881,0.5476,false,false,false,false
pafq92zzk2,0.8742,1.155,0.276,0.7114,false,false,false,false
jhbnckxhxf,0.9456,0.948,0.7978,0.5915,false,false,false,false
tsck2dmljx,0.9289,0.689,0.6744,0.346,false,false,false,false
8d1vbffs41,0.987,7.545,0.9899,0.9885,true,false,false,true
zbue2pu1l3,0.8314,1.207,0.1097,0.7362,false,false,false,false
c12xvgdyc6,0.9254,1.412,0.6472,0.8135,false,false,false,false
kx87dfsaam,0.8996,0.386,0.4447,0.0318,false,false,true,false
y774zx9cva,0.9891,4.683,0.9939,0.9805,true,false,false,true
pevo7q53bm,0.8927,1.002,0.3944,0.6296,false,false,false,false
n9l61z5jmg,0.8713,0.991,0.2622,0.6225,false,false,false,false
f56jxohfj0,0.9372,1.369,0.7396,0.8002,false,false,false,false
b8osvlsjtn,0.8298,0.705,0.105,0.3648,false,false,false,false
x7j4reyu5t,0.9243,1.097,0.6415,0.6868,false,false,false,false
mc8k1knuit,0.8424,0.523,0.1434,0.1518,false,false,false,false
kp4cnrym9s,0.9127,0.58,0.5481,0.2183,false,false,false,false
wwkwajz3e4,0.8473,0.716,0.1587,0.3756,false,false,false,false
8aujz10r1y,0.9395,0.622,0.7559,0.2692,false,false,false,false
1ybkz50dnt,0.8844,0.768,0.338,0.4342,false,false,false,false
5ffyjwd3i0,0.8549,0.483,0.1895,0.1108,false,false,false,false
phehpeh36n,0.9393,0.893,0.7549,0.5444,false,false,false,false
pfd0aoex8m,0.957,1153.27,0.8663,1,false,false,false,true
0b0v81j5ap,0.9204,1.359,0.6085,0.7969,false,false,false,false
neg409iqre,0.9525,0.847,0.8427,0.5064,false,false,false,false
ad455bf15i,0.7732,1.168,0.0258,0.719,false,true,false,false
5r4b2fhnqa,0.8398,0.759,0.1334,0.4257,false,false,false,false
r86fbjgvue,0.9081,0.944,0.5074,0.5888,false,false,false,false
74m5xukrdb,0.8515,1.162,0.1732,0.7147,false,false,false,false
6ut91z5m0g,0.9021,1.045,0.4661,0.6567,false,false,false,false
c99kxec9ne,0.9814,2.836,0.9729,0.9584,true,false,false,true
cw2zot07h3,0.8333,0.362,0.1158,0.0193,false,false,true,false
xnl826ook2,0.8644,1.278,0.2293,0.7679,false,false,false,false
hhdb7qlsc6,0.9386,0.874,0.7498,0.5277,false,false,false,false
abmkcqfc1c,0.8962,0.581,0.4228,0.219,false,false,false,false
581w7r7flm,0.8036,0.905,0.0555,0.5553,false,true,false,false
jtfpvspddh,0.9264,0.827,0.654,0.4885,false,false,false,false
06sj2z26bj,0.9112,0.738,0.5352,0.4006,false,false,false,false
b0wilc5jrn,0.9208,0.726,0.6118,0.3871,false,false,false,false
0rr1s2ylpp,0.972,0.528,0.938,0.1579,true,false,false,false
ecwcjuawyo,0.8557,0.814,0.1934,0.4777,false,false,false,false
bdjeyx7fns,0.91,0.855,0.5242,0.5132,false,false,false,false
ihq9i3k4t2,0.8992,0.95,0.4415,0.5932,false,false,false,false
zrvr9y2chs,0.8325,1.026,0.1131,0.6447,false,false,false,false
0vd43lmfyq,0.9332,0.583,0.7074,0.222,false,false,false,false
0ukp1rutai,0.9102,0.708,0.5263,0.368,false,false,false,false
2twovj4tnh,0.8556,0.694,0.1931,0.352,false,false,false,false
bnjyimztjx,0.9721,1.493,0.9391,0.8359,true,false,false,false
7dveki6wn3,0.9152,0.565,0.5669,0.2007,false,false,false,false
qz5wmaljk8,0.8546,7.395,0.1875,0.9883,false,false,false,true
ndf07qbccv,0.9373,1.62,0.7407,0.8639,false,false,false,false
hzlexbud89,0.9243,0.86,0.6418,0.5161,false,false,false,false
ywke90ytsd,0.9661,0.876,0.9127,0.5303,true,false,false,false
dix56p53bt,0.9111,0.614,0.5342,0.2601,false,false,false,false
v2vmbd829l,0.9096,0.863,0.5209,0.5191,false,false,false,false
5lq1fyh628,0.8834,0.897,0.331,0.549,false,false,false,false
7nkfufj8xm,0.9592,3.004,0.8794,0.9628,false,false,false,true
7wj1d5lp9q,0.9814,0.82,0.9729,0.4821,true,false,false,false
1gu8b2xzw1,0.8705,0.807,0.258,0.4711,false,false,false,false
z62lqvetjy,0.8327,0.936,0.1136,0.5806,false,false,false,false
tiejb5vvi9,0.8426,0.484,0.1441,0.1115,false,false,false,false
ucmjnbv2pm,0.8734,0.707,0.272,0.367,false,false,false,false
u0lo798sed,0.858,0.462,0.2027,0.0901,false,false,true,false
75qj5dek15,0.8918,0.458,0.3883,0.0876,false,false,true,false
bd1479mtgy,0.9283,2.002,0.6693,0.9166,false,false,false,true
6tj4km4ch9,0.891,1.049,0.381,0.66,false,false,false,false
mer9vzw0ig,0.9853,8.29,0.9845,0.9894,true,false,false,true
v7qvueau4v,0.8837,0.619,0.3332,0.2655,false,false,false,false
nlol695ipb,0.8863,0.528,0.3489,0.1578,false,false,false,false
igqyo0606i,0.9542,0.602,0.8522,0.2442,false,false,false,false
50eq4bvguh,0.9711,0.902,0.9344,0.5521,true,false,false,false
18pio25s45,0.9005,0.538,0.4517,0.1692,false,false,false,false
jc646wza1n,0.9465,1.387,0.803,0.8067,false,false,false,false
jh8opynzzq,0.8117,1.432,0.0676,0.8189,false,true,false,false
w8ra47na5z,0.7609,0.709,0.0185,0.3698,false,true,false,false
20p07rqet1,0.9523,0.385,0.8407,0.0308,false,false,true,false
7m933yhu11,0.8794,0.796,0.3054,0.4613,false,false,false,false
5ngoqruwv6,0.847,1.678,0.1573,0.8762,false,false,false,false
e9b1qhku8m,0.9131,1.391,0.5502,0.8081,false,false,false,false
dtgthowenh,0.8878,0.577,0.3594,0.2159,false,false,false,false
vvh1wubnjs,0.9041,0.751,0.4806,0.4144,false,false,false,false
633sk7ossv,0.8294,0.907,0.1032,0.5571,false,false,false,false
9jo1n6imd1,0.8638,1.509,0.2271,0.8396,false,false,false,false
w1xsayrrth,0.8236,0.604,0.0916,0.2464,false,true,false,false
qao7t4u4cj,0.9702,0.528,0.9307,0.1587,true,false,false,false
unw0bjjaqx,0.9115,0.412,0.5379,0.0488,false,false,true,false
xxjmtcgwe3,0.8373,9.527,0.1256,0.991,false,false,false,true
a111aaiucl,0.938,0.627,0.7443,0.2746,false,false,false,false
q7dg9zw95v,0.8714,0.634,0.263,0.2836,false,false,false,false
u0n6et1vdk,0.8499,0.929,0.168,0.5741,false,false,false,false
xus8g71c9u,0.861,0.361,0.2152,0.0185,false,false,true,false
0ol2fx4u42,0.8573,0.673,0.2002,0.3257,false,false,false,false
w03bzmtr3i,0.9046,0.519,0.4842,0.147,false,false,false,false
l8ut3qmssp,0.9282,0.519,0.6683,0.1471,false,false,false,false
jshslganqp,0.9081,0.398,0.5068,0.0401,false,false,true,false
sse0bg8cox,0.9103,0.802,0.5276,0.4671,false,false,false,false
tovx7jllp0,0.7239,0.557,0.0068,0.1941,false,true,false,false
xjtoc8qb2s,0.9423,0.569,0.7762,0.2053,false,false,false,false
1tixxj35t1,0.9085,0.598,0.5111,0.2383,false,false,false,false
r3drxjjwhc,0.9353,2.735,0.7248,0.9551,false,false,false,true
wuzf43skj4,0.8883,3.106,0.3618,0.9651,false,false,false,true
3fow0nn3w0,0.9545,1.214,0.8538,0.7397,false,false,false,false
h4d117yhyw,0.9191,3.44,0.5983,0.9706,false,false,false,true
vp2p07fxot,0.9208,0.728,0.6114,0.3894,false,false,false,false
b2hae7vpx9,0.9338,1.227,0.7135,0.7444,false,false,false,false
5txs8ndw5p,0.7825,0.932,0.0333,0.5777,false,true,false,false
6wl8nzu7jv,0.9304,1.799,0.687,0.8931,false,false,false,false
sznis745xq,0.728,0.679,0.0075,0.3318,false,true,false,false
a4yesc7x5g,0.8952,1.302,0.4146,0.7765,false,false,false,false
cx834c5ls0,0.8889,0.468,0.3648,0.0949,false,false,true,false
sliuoibbor,0.9602,0.56,0.8841,0.1955,false,false,false,false
g4mamlw4jz,0.9242,0.478,0.6408,0.1054,false,false,false,false
68p0jr2ltn,0.9182,1.265,0.5908,0.7634,false,false,false,false
kfspenqyqq,0.937,0.737,0.7371,0.4003,false,false,false,false
npe20fd5q0,0.8857,4.423,0.3466,0.9787,false,false,false,true
7gpsl03kwp,0.8536,0.994,0.1837,0.6245,false,false,false,false
nxrnf12aqa,0.7953,1.838,0.0448,0.8987,false,true,false,false
rk8cy3ann9,0.9489,1.327,0.8182,0.7868,false,false,false,false
a13vmnjjbs,0.9704,0.827,0.9318,0.4883,true,false,false,false
j23a1fw7kn,0.9219,0.882,0.6223,0.536,false,false,false,false
a959mlu822,0.9015,0.634,0.461,0.2829,false,false,false,false
1tj6c7f347,0.8727,0.741,0.2688,0.4046,false,false,false,false
nzj2omaoft,0.8341,0.661,0.1181,0.3139,false,false,false,false
ah0kdm3q12,0.8549,0.751,0.1893,0.415,false,false,false,false
6woi0m9236,0.9652,1.254,0.9079,0.757,true,false,false,false
vmo6cdy7hs,0.8866,1.208,0.3513,0.737,false,false,false,false
t6j9b98d91,0.843,0.496,0.1456,0.1221,false,false,false,false
6y320pyenf,0.9674,1.206,0.9184,0.7359,true,false,false,false
zlzxxhtgde,0.9427,0.632,0.7787,0.2804,false,false,false,false
xokhwst54f,0.962,2.729,0.8929,0.9547,false,false,false,true
3y2ih1bshi,0.9038,0.595,0.4784,0.2357,false,false,false,false
cbccsorjeb,0.9838,1.441,0.9812,0.8208,true,false,false,false
y5q5t9skx5,0.9538,0.304,0.8498,0.0055,false,false,true,false
dciw7rjn8m,0.902,0.695,0.4646,0.3531,false,false,false,false
t649ja0zwu,0.9305,0.812,0.6871,0.4756,false,false,false,false
44g3k61bli,0.921,0.698,0.6138,0.3563,false,false,false,false
0azkoel9jj,0.9579,4.307,0.871,0.978,false,false,false,true
kgir01bhir,0.97,1.285,0.9284,0.7705,true,false,false,false
uht2ua19ma,0.8563,1.118,0.1957,0.6962,false,false,false,false
mbn3b5amnj,0.8746,1.442,0.2771,0.8211,false,false,false,false
zgy884pddn,0.875,0.479,0.2792,0.106,false,false,false,false
gn6fwqs5g7,0.8808,0.751,0.3125,0.4154,false,false,false,false
3qqurn8m99,0.9815,0.35,0.9735,0.0162,true,false,true,false
y7g6rvi0v3,0.9218,0.834,0.6203,0.4952,false,false,false,false
i1cfdohmqw,0.8818,0.476,0.3191,0.1032,false,false,false,false
kc6e25tyf1,0.9785,3.709,0.9638,0.9733,true,false,false,true
763qcgpvxx,0.9123,1.168,0.5448,0.7192,false,false,false,false
atvcarvoed,0.7807,0.629,0.0314,0.2768,false,true,false,false
pmf8osw6ag,0.8274,1.126,0.099,0.7,false,true,false,false
mn5p1rty6g,0.9679,1.314,0.9197,0.783,true,false,false,false
gcgvyfliqy,0.9257,0.39,0.6488,0.0336,false,false,true,false
sp6tvzpvlp,0.9403,0.541,0.7625,0.1723,false,false,false,false
s3yqqf4sng,0.8555,1.032,0.1928,0.6487,false,false,false,false
6lbwqy0jup,0.8957,0.381,0.419,0.0282,false,false,true,false
j8hq1onxec,0.9572,0.695,0.8674,0.3532,false,false,false,false
am5czah33c,0.8585,0.622,0.2056,0.2684,false,false,false,false
z7509z9ays,0.889,0.656,0.3658,0.3076,false,false,false,false
lddyvzpek4,0.9078,0.588,0.5041,0.2283,false,false,false,false
821pi50pt7,0.8864,0.443,0.3494,0.0736,false,false,true,false
mk8pq6zfp0,0.9572,1.305,0.8675,0.7777,false,false,false,false
8v6xz4p65h,0.9198,2.121,0.6034,0.9266,false,false,false,true
11g3fx3cid,0.9673,0.778,0.9181,0.4432,true,false,false,false
2t3u6sg6nz,0.8996,0.593,0.4445,0.234,false,false,false,false
vebjqrdkc6,0.8438,0.432,0.1473,0.0635,false,false,true,false
9rezfnkqeb,0.8629,1.087,0.2232,0.681,false,false,false,false
0gmultorav,0.9558,1.306,0.8612,0.779,false,false,false,false
t3hwnfywc7,0.8759,0.533,0.2847,0.163,false,false,false,false
fs8irqdfm3,0.8017,0.389,0.0522,0.0327,false,true,true,false
1yk1onsd5n,0.9795,2.418,0.9667,0.9438,true,false,false,true
y09p4rk3gt,0.9868,0.735,0.9884,0.3981,true,false,false,false
y8xhn1gx3m,0.8322,0.505,0.1116,0.1303,false,false,false,false
szyukrfm8r,0.8753,0.741,0.2815,0.4054,false,false,false,false
tqbgtv85gz,0.7673,1.221,0.0213,0.7422,false,true,false,false
3zvzep91sm,0.8683,0.43,0.2458,0.062,false,false,true,false
9e61fp8feg,0.8684,1.489,0.2467,0.8346,false,false,false,false
hl2tm4pihs,0.9298,1.391,0.6813,0.8083,false,false,false,false
2n4vm5hwhe,0.9847,3.76,0.9827,0.9739,true,false,false,true
bb1fhp79ee,0.8827,0.72,0.3252,0.3803,false,false,false,false
c9b48lczk6,0.9554,0.952,0.8588,0.594,false,false,false,false
ohn8php01r,0.9682,0.77,0.922,0.4374,true,false,false,false
qht1gjdmzf,0.8989,0.762,0.4394,0.428,false,false,false,false
hqce7gf80p,0.8766,0.553,0.2886,0.1876,false,false,false,false
nji4t6u7yj,0.8642,0.973,0.2285,0.6089,false,false,false,false
dl4i6zx2db,0.9319,0.74,0.6979,0.4031,false,false,false,false
d0jl38o5ka,0.8939,0.705,0.4048,0.365,false,false,false,false
e3f9uwoyfx,0.9422,6.057,0.775,0.9856,false,false,false,true
42gw5a1n5b,0.92,2.52,0.6048,0.9475,false,false,false,true
1mglt9n2o3,0.7756,0.626,0.0276,0.2743,false,true,false,false
jjulsm067a,0.8767,0.987,0.2893,0.6191,false,false,false,false
p67bz74oby,0.9228,0.742,0.6306,0.4061,false,false,false,false
1fqpakul53,0.9421,1.124,0.7739,0.699,false,false,false,false
zjj5gjn6r9,0.9292,0.696,0.6763,0.3543,false,false,false,false
vrjj7v5a2m,0.9448,2.401,0.792,0.9431,false,false,false,true
3clnvybwlc,0.9444,0.401,0.7897,0.0424,false,false,true,false
jk6b2rgmyi,0.8381,2.357,0.1285,0.9409,false,false,false,true
hv2ydhf6wg,0.9429,1.945,0.7802,0.911,false,false,false,true
syfowbq9aq,0.8398,2.105,0.1336,0.9253,false,false,false,true
8uz51p5nnd,0.8738,0.356,0.2739,0.018,false,false,true,false
l1iobvsr7z,0.8777,1.071,0.2958,0.6708,false,false,false,false
e445gd7gw0,0.9265,0.756,0.6546,0.4208,false,false,false,false
dclu9412k1,0.9203,1.04,0.6077,0.6541,false,false,false,false
g8i2v3g5dk,0.9295,0.612,0.6794,0.258,false,false,false,false
320kzmz0rg,0.9421,0.831,0.774,0.4932,false,false,false,false
6a2ul0h3d4,0.9399,0.702,0.7585,0.3608,false,false,false,false
dvwb8bcctb,0.9282,0.754,0.669,0.4183,false,false,false,false
m6ma2x894k,0.9613,1.369,0.8895,0.8,false,false,false,false
en8akyc89q,0.9018,5.388,0.4632,0.9838,false,false,false,true
beb1tccfq6,0.9296,0.416,0.6795,0.0513,false,false,true,false
0vn6spcy3k,0.9382,0.976,0.7467,0.6114,false,false,false,false
hfptsugqnu,0.9657,0.75,0.9095,0.4136,true,false,false,false
djbgnej8ze,0.9074,0.613,0.5012,0.259,false,false,false,false
p19udg4jo7,0.8713,0.407,0.2626,0.0454,false,false,true,false
nqidesj4ej,0.9044,0.786,0.4828,0.451,false,false,false,false
v3skvy3gnk,0.9341,0.942,0.7147,0.5872,false,false,false,false
22jcrtxw4f,0.9415,1.702,0.7701,0.8802,false,false,false,false
5dsddzqv96,0.8653,0.568,0.2343,0.2049,false,false,false,false
a3ei24pt6c,0.8866,0.821,0.3516,0.4827,false,false,false,false
fhice6vsaz,0.961,1.933,0.886,0.9098,false,false,false,true
4lobt4brzi,0.8958,0.878,0.4208,0.5323,false,false,false,false
ki06y4arct,0.9127,0.5,0.5477,0.1253,false,false,false,false
hl2vdd4tri,0.9575,6.251,0.8693,0.986,false,false,false,true
04qf6bz68l,0.8974,1.133,0.43,0.7036,false,false,false,false
3gouzoe0h8,0.7903,0.571,0.0396,0.2073,false,true,false,false
c70x102fmg,0.892,0.832,0.3902,0.4936,false,false,false,false
c05yjnql4s,0.9235,0.612,0.636,0.2578,false,false,false,false
l7solsken7,0.8001,0.502,0.0496,0.1267,false,true,false,false
f54rzn0uwq,0.8977,1.613,0.4322,0.8621,false,false,false,false
zme0c4hcqi,0.9068,0.799,0.4973,0.4653,false,false,false,false
xsqw28jd0v,0.9246,0.5,0.6432,0.1256,false,false,false,false
4n7cyuovz9,0.9074,0.45,0.5017,0.0803,false,false,true,false
cmrdthscnl,0.9054,0.694,0.4897,0.3513,false,false,false,false
iz92f9ktfd,0.9423,1.259,0.7764,0.7606,false,false,false,false
xcla5yd3sa,0.882,0.877,0.3208,0.5317,false,false,false,false
pydribf6jt,0.9224,0.554,0.6273,0.188,false,false,false,false
laga5fj6eh,0.8945,0.669,0.4099,0.3216,false,false,false,false
5fowzkczfx,0.8999,1.02,0.4465,0.6404,false,false,false,false
2i0n4nrwhd,0.8644,0.604,0.2289,0.2463,false,false,false,false
nmfx9g60bi,0.8509,0.864,0.171,0.5211,false,false,false,false
dzuel9yoib,0.9229,0.872,0.631,0.5262,false,false,false,false
0vnywedony,0.9276,3.331,0.6634,0.9688,false,false,false,true
1ykzk846w8,0.9407,3.173,0.7649,0.9662,false,false,false,true
93mhaqjy2e,0.8997,1.633,0.4448,0.8667,false,false,false,false
w5a17f21f0,0.7765,1.132,0.028,0.7027,false,true,false,false
6wjfamrvp9,0.9177,0.427,0.5865,0.0598,false,false,true,false
5ultg3ncsk,0.8735,0.357,0.2727,0.0181,false,false,true,false
8cfrudbrh1,0.8028,0.287,0.0543,0.0025,false,true,true,false
l8b31ic7rt,0.9374,2.086,0.7413,0.9242,false,false,false,true
0r7t2u5p77,0.8627,0.544,0.2223,0.1763,false,false,false,false
dlcobqrjvd,0.8916,0.72,0.3868,0.3809,false,false,false,false
gqp46m1z45,0.9502,1.328,0.8257,0.7875,false,false,false,false
194kmbtims,0.8779,0.29,0.297,0.0032,false,false,true,false
cw5xadzakr,0.7873,0.728,0.0369,0.3901,false,true,false,false
a6xu205i8f,0.8149,0.588,0.0732,0.2285,false,true,false,false
o42meugjv0,0.875,0.407,0.2788,0.0456,false,false,true,false
q72kq2ug6u,0.9598,0.973,0.8824,0.6085,false,false,false,false
olxw51udpc,0.908,1.172,0.5059,0.7212,false,false,false,false
ooux81xghg,0.9475,0.985,0.8095,0.6169,false,false,false,false
qmi75zmtr8,0.9732,0.815,0.9449,0.4782,true,false,false,false
6qit027bd8,0.9499,0.519,0.8243,0.1468,false,false,false,false
fk8kyhd047,0.9142,0.609,0.5595,0.2538,false,false,false,false
bd299lkjoh,0.9489,0.675,0.8182,0.3271,false,false,false,false
q32f8j5e2u,0.8737,0.729,0.2732,0.3912,false,false,false,false
r4e9w5flxd,0.8325,0.601,0.1129,0.2409,false,false,false,false
bjj9kbm1ot,0.933,1.223,0.7056,0.7429,false,false,false,false
4uqnzk96cf,0.9673,1.224,0.9178,0.7432,true,false,false,false
0oz6taqdss,0.9393,0.759,0.7548,0.4249,false,false,false,false
af3cogmuyx,0.9167,1.092,0.5774,0.6842,false,false,false,false
gs41os7gaf,0.895,1.309,0.4133,0.7802,false,false,false,false
9f438ovcc3,0.9393,0.716,0.7544,0.3764,false,false,false,false
kttzq15jtt,0.8129,0.669,0.0695,0.3215,false,true,false,false
nx4it9uinu,0.9066,0.756,0.4961,0.4209,false,false,false,false
1ccjw63neh,0.9546,1.542,0.8544,0.8468,false,false,false,false
zz1mfdogq3,0.9704,0.827,0.9315,0.4872,true,false,false,false
a1jmb13dld,0.9111,1.469,0.5346,0.8288,false,false,false,false
o2bq4pb3da,0.9002,0.555,0.449,0.191,false,false,false,false
2ws21hqtqw,0.8387,0.622,0.1301,0.2683,false,false,false,false
49pyqolktf,0.9012,0.598,0.4581,0.238,false,false,false,false
261he812xm,0.8997,5.765,0.4455,0.9852,false,false,false,true
651wa6jexc,0.9409,0.399,0.7668,0.0414,false,false,true,false
yz4uoq0kxn,0.7782,0.966,0.029,0.604,false,true,false,false
roepmumhdq,0.8387,0.777,0.1299,0.4422,false,false,false,false
vags8htflz,0.9238,0.413,0.6381,0.0493,false,false,true,false
259t3j23yh,0.9266,0.664,0.656,0.315,false,false,false,false
ej4fsn1f0v,0.9259,0.475,0.6504,0.1022,false,false,false,false
4gsc0mda3d,0.9236,0.5,0.6366,0.1254,false,false,false,false
c7d3g47929,0.9326,0.751,0.7036,0.4153,false,false,false,false
qy9k12ii12,0.9732,1.09,0.9442,0.6835,true,false,false,false
ev4lgbhvki,0.9028,0.508,0.4702,0.1348,false,false,false,false
g7x4dcbwd0,0.957,0.718,0.8666,0.3788,false,false,false,false
iypoh4ciwz,0.9933,3.64,0.9985,0.9729,true,false,false,true
x0aqw35hrk,0.912,0.436,0.5419,0.0669,false,false,true,false
sefw1l8k3s,0.8363,0.46,0.1236,0.0887,false,false,true,false
osxt1xnd4x,0.9266,0.592,0.6555,0.2333,false,false,false,false
3vzd9yr6ut,0.8766,0.778,0.2889,0.4425,false,false,false,false
nsmhfuz630,0.869,0.528,0.2498,0.1584,false,false,false,false
n64fa7y4ns,0.9264,0.47,0.6535,0.0968,false,false,true,false
qwo6o7vgm7,0.7751,1.016,0.0272,0.6378,false,true,false,false
ckdt1wloge,0.9169,0.985,0.5798,0.6176,false,false,false,false
p6s92opc50,0.9847,0.595,0.9834,0.2362,true,false,false,false
nec6ai094b,0.9018,0.534,0.4635,0.1645,false,false,false,false
kva6eelpvi,0.8947,1.596,0.4112,0.859,false,false,false,false
082653ax2z,0.761,0.566,0.0188,0.202,false,true,false,false
1t57nu8nk9,0.8531,0.632,0.1812,0.2813,false,false,false,false
zfrtcq04br,0.8483,0.571,0.1625,0.2078,false,false,false,false
m2tl9r51x8,0.8965,0.646,0.4253,0.296,false,false,false,false
ojqqrds0ag,0.857,0.535,0.1985,0.1667,false,false,false,false
1rposj4s51,0.9486,1.749,0.8152,0.8862,false,false,false,false
aiydzeucad,0.9432,1.164,0.7815,0.7161,false,false,false,false
dc4ji66y00,0.8444,0.403,0.1493,0.0431,false,false,true,false
ovw4d66p40,0.8093,0.412,0.0635,0.0485,false,true,true,false
mjbgpkhogo,0.9123,0.871,0.5446,0.5256,false,false,false,false
vu13ax9v0u,0.9009,0.541,0.4552,0.1721,false,false,false,false
gxj485z1ph,0.9077,0.414,0.5032,0.0501,false,false,true,false
sbxosomqow,0.9237,0.668,0.6374,0.3205,false,false,false,false
0qb2rgb7lg,0.878,0.753,0.2977,0.4168,false,false,false,false
4c9f9c54mp,0.959,0.621,0.8775,0.2672,false,false,false,false
dsr9k72l8x,0.8949,1.917,0.4128,0.9079,false,false,false,true
8196n87f9v,0.6658,0.656,0.0018,0.3078,false,true,false,false
tqvptzbf2z,0.936,0.707,0.7294,0.3668,false,false,false,false
8j0uwc7s9l,0.9398,0.759,0.7578,0.4256,false,false,false,false
36m8dpvws5,0.9055,0.743,0.4907,0.4068,false,false,false,false
xrkfjq35k4,0.9534,0.414,0.8474,0.0497,false,false,true,false
ch2zek7vd9,0.8542,0.96,0.1861,0.5993,false,false,false,false
yggupeo8lx,0.7994,0.475,0.0483,0.1026,false,true,false,false
4ltpwjkwmk,0.8644,1.358,0.2296,0.7964,false,false,false,false
9m135a1hty,0.8217,0.782,0.0877,0.4469,false,true,false,false
j4v2tkvxzi,0.9396,0.744,0.7567,0.4077,false,false,false,false
rabnoyq38n,0.8934,0.441,0.4009,0.0721,false,false,true,false
5x6e1u3p2k,0.9218,1.35,0.6211,0.7943,false,false,false,false
q9ck69ufcg,0.8772,1.779,0.2924,0.8907,false,false,false,false
rzplytspa2,0.8511,0.974,0.1721,0.6096,false,false,false,false
e4f6miiq4m,0.9148,0.658,0.5646,0.3093,false,false,false,false
lk91ib8av3,0.8319,0.744,0.1108,0.4072,false,false,false,false
19ayu6hxmp,0.924,0.84,0.6401,0.4998,false,false,false,false
vfdasbnn6t,0.9173,1.121,0.5828,0.6975,false,false,false,false
6vrpoej5jw,0.8477,0.83,0.1602,0.491,false,false,false,false
a1fcfjo9qu,0.8917,0.547,0.3873,0.18,false,false,false,false
1mbkl6e9l8,0.8911,1.652,0.3815,0.8714,false,false,false,false
yu8eabbrhh,0.9435,0.926,0.7828,0.5725,false,false,false,false
b29ftyxt24,0.8769,0.814,0.2911,0.4776,false,false,false,false
2jvyak2tb6,0.9536,1.077,0.8492,0.6744,false,false,false,false
12ewmx7r6u,0.9436,1.3,0.7831,0.7755,false,false,false,false
jhukq1a040,0.9377,0.741,0.7426,0.405,false,false,false,false
oq3oxluzgy,0.8016,1.019,0.0519,0.6399,false,true,false,false
4uxko34yba,0.8885,0.735,0.3629,0.3978,false,false,false,false
r4j3oddurk,0.9869,1.998,0.9898,0.9164,true,false,false,true
0g5pzb7ulh,0.7889,0.281,0.0376,0.0019,false,true,true,false
gsr1onmh2q,0.9108,0.836,0.5318,0.497,false,false,false,false
mz5n862u02,0.8992,1.648,0.4418,0.871,false,false,false,false
bknk889673,0.9381,1.255,0.7455,0.758,false,false,false,false
3l570jtex3,0.907,0.552,0.4983,0.1865,false,false,false,false
18rgaj2of9,0.958,1.275,0.8717,0.7664,false,false,false,false
n22y3g04ee,0.896,1.39,0.422,0.8076,false,false,false,false
ysro20z2gk,0.8506,1.356,0.1696,0.7953,false,false,false,false
pg83jo6z7z,0.8731,0.786,0.2702,0.4502,false,false,false,false
qrzyshwnky,0.9666,0.651,0.9145,0.3018,true,false,false,false
jky1vwqaj0,0.8983,1.122,0.4364,0.698,false,false,false,false
tvkrigmgg6,0.833,0.524,0.1144,0.1536,false,false,false,false
ebzhmha02r,0.9626,1.631,0.8958,0.8661,false,false,false,false
qo5ithe4eh,0.8391,0.448,0.1316,0.0782,false,false,true,false
zadgc58mgc,0.9241,1.833,0.6406,0.8983,false,false,false,false
oq1kz3ng8o,0.881,0.92,0.3133,0.5679,false,false,false,false
nl8tzbfvir,0.8847,0.258,0.3391,0.0006,false,false,true,false
jujt0hph26,0.9632,2.17,0.8982,0.93,false,false,false,true
b5dadi4ffp,0.9188,1.575,0.5955,0.8537,false,false,false,false
qje3yamdt3,0.8499,0.71,0.1681,0.3701,false,false,false,false
n59w54j1np,0.8237,0.447,0.0919,0.0772,false,true,true,false
b68ujlq827,0.969,2.091,0.9253,0.9244,true,false,false,true
pmpzntqfay,0.9237,1.762,0.6375,0.8885,false,false,false,false
t8se4x2fwh,0.8848,0.474,0.3402,0.1013,false,false,false,false
t8rtoqx7fr,0.9426,0.766,0.7779,0.4325,false,false,false,false
nujuz26usj,0.9085,0.987,0.5115,0.6194,false,false,false,false
ybgigfmn1k,0.939,0.539,0.7526,0.1699,false,false,false,false
z4za9uxfqd,0.9003,1.472,0.4496,0.8299,false,false,false,false
kx5lv17m10,0.906,0.864,0.4932,0.52,false,false,false,false
6sbgsbo0hq,0.8715,4.797,0.264,0.9807,false,false,false,true
92ysbpm44l,0.9108,0.529,0.5317,0.1601,false,false,false,false
c7rn4beyjl,0.8549,0.94,0.1894,0.5847,false,false,false,false
hqosj58wcm,0.9073,0.615,0.5009,0.2607,false,false,false,false
5fmsubuu7w,0.8813,1.146,0.3158,0.7082,false,false,false,false
5q2qqztsgg,0.952,0.843,0.8392,0.5015,false,false,false,false
7gphab8z58,0.9487,0.655,0.8156,0.3063,false,false,false,false
wldklokf0t,0.989,6.784,0.9928,0.9874,true,false,false,true
rl5l8w5mb0,0.9878,0.819,0.9906,0.4809,true,false,false,false
7rbwi1wll7,0.8858,0.4,0.347,0.0417,false,false,true,false
irwi4o5esl,0.9512,0.455,0.8335,0.084,false,false,true,false
933u1gjxhc,0.892,0.38,0.3893,0.0278,false,false,true,false
dwg2qh8uwa,0.9124,0.517,0.5457,0.1449,false,false,false,false
h0ka2jt5ku,0.9828,2.801,0.9772,0.9576,true,false,false,true
l5typp32tn,0.9045,1,0.4834,0.6281,false,false,false,false
9lb1wjpw08,0.8538,0.572,0.1847,0.2091,false,false,false,false
vml82mkpi4,0.9525,0.711,0.8432,0.3713,false,false,false,false
u2epcws74y,0.8849,0.802,0.3409,0.4665,false,false,false,false
qvktem4onw,0.9424,0.481,0.7769,0.1089,false,false,false,false
a9mp8f51yh,0.9675,2.059,0.919,0.9217,true,false,false,true
2sib7d64f0,0.9159,0.496,0.5712,0.1216,false,false,false,false
mhx6x8oyj3,0.8682,1.05,0.2446,0.6606,false,false,false,false
7nhcdm4tr2,0.8594,0.347,0.2078,0.0151,false,false,true,false
wp4cgheglc,0.9516,0.667,0.8367,0.3194,false,false,false,false
i2nj7n4hug,0.8875,1.218,0.3578,0.7411,false,false,false,false
lone4fm04a,0.7388,0.919,0.0101,0.5673,false,true,false,false
dq8zy83vng,0.8894,0.512,0.3692,0.1395,false,false,false,false
csgjwzhuvj,0.945,2.486,0.794,0.946,false,false,false,true
5rsb6t0ssl,0.963,1.469,0.8968,0.8291,false,false,false,false
ysmf0iwlxi,0.8277,0.522,0.0999,0.1517,false,true,false,false
pxlmxoeq0u,0.9268,1.379,0.6578,0.8038,false,false,false,false
9xlmm0a2qy,0.8654,0.656,0.2346,0.3072,false,false,false,false
ns21y4vkve,0.9386,1.991,0.7496,0.9159,false,false,false,true
b5ul6d8fr4,0.9933,1.361,0.9978,0.7972,true,false,false,false
jh4kgbmd2r,0.8455,0.367,0.1521,0.0218,false,false,true,false
um1nkq5itj,0.9166,1.093,0.577,0.6849,false,false,false,false
f6hq9evj3m,0.7931,0.325,0.0423,0.0095,false,true,true,false
yj5al65ncr,0.9783,0.656,0.961,0.3075,true,false,false,false
qblpzb9xjc,0.8465,0.95,0.1553,0.5928,false,false,false,false
5v31xk76b0,0.8299,0.704,0.1054,0.3643,false,false,false,false
2vzobcn0tx,0.8956,0.697,0.4172,0.3553,false,false,false,false
wfxpl6xrj9,0.883,0.732,0.3282,0.3955,false,false,false,false
goyxztfn6a,0.8544,0.341,0.1868,0.0135,false,false,true,false
0scpqd2fil,0.8805,1.565,0.31,0.8523,false,false,false,false
m16ul8bihx,0.8854,0.608,0.3448,0.2525,false,false,false,false
t7uw1l4e6g,0.9219,0.837,0.622,0.4979,false,false,false,false
qys2pp3ssw,0.9563,0.802,0.8639,0.4672,false,false,false,false
14fspuz3oy,0.8943,0.482,0.4078,0.1094,false,false,false,false
kuiaktaga1,0.8744,0.961,0.2768,0.6013,false,false,false,false
41vb5bjzoi,0.9223,1.245,0.6255,0.7525,false,false,false,false
dombzv9vcx,0.9061,1.31,0.4934,0.7813,false,false,false,false
26nezwvrft,0.9288,1.453,0.6738,0.824,false,false,false,false
uxk73u8yso,0.9452,0.358,0.7949,0.0184,false,false,true,false
jab2ghtge1,0.8684,0.686,0.2463,0.3427,false,false,false,false
m9t5d0l35f,0.8297,0.441,0.1042,0.0724,false,false,true,false
4l4uehy8z7,0.899,1.155,0.4404,0.7117,false,false,false,false
roxrfeamhe,0.9469,0.338,0.8058,0.0128,false,false,true,false
g486bgpu89,0.8997,0.934,0.445,0.5792,false,false,false,false
2p4hy3eknp,0.96,0.636,0.8827,0.2857,false,false,false,false
aiy2hd7fxj,0.9477,1.725,0.8109,0.8848,false,false,false,false
ltenzfe7yu,0.9765,1.266,0.9559,0.7641,true,false,false,false
b03mlg1o4q,0.8974,0.567,0.4302,0.2028,false,false,false,false
gdghkbl2qx,0.9732,0.704,0.945,0.363,true,false,false,false
fgk23smeoa,0.8427,0.701,0.1444,0.3599,false,false,false,false
rgsdczn46n,0.8605,0.379,0.2125,0.0274,false,false,true,false
z8t4yjv6wr,0.8073,0.691,0.0606,0.3491,false,true,false,false
vod2hbzepk,0.8119,0.79,0.0678,0.4552,false,true,false,false
hl4cjrxycx,0.9229,0.626,0.6314,0.2735,false,false,false,false
jw8lajsegy,0.8711,0.703,0.2608,0.361,false,false,false,false
1rwdphpqzg,0.8409,0.333,0.1377,0.0115,false,false,true,false
57yijn7ezc,0.8212,0.507,0.0869,0.1323,false,true,false,false
s3xtjxyg20,0.9054,0.551,0.4898,0.1851,false,false,false,false
gusqjd6vos,0.7599,0.875,0.0181,0.5288,false,true,false,false
s84dnn5j05,0.8048,0.923,0.0568,0.5707,false,true,false,false
4pzpdvc3g9,0.9072,0.616,0.4997,0.2621,false,false,false,false
hbt3xj2qof,0.9424,0.903,0.7769,0.5531,false,false,false,false
7r48lm0snq,0.9229,1.059,0.6309,0.665,false,false,false,false
a2vwo1hny2,0.837,0.419,0.125,0.0529,false,false,true,false
53rlrgbi82,0.9678,1.002,0.9196,0.6301,true,false,false,false
vsa3oi6wcq,0.9085,0.433,0.5113,0.0645,false,false,true,false
cexudfveh0,0.855,0.722,0.1899,0.3836,false,false,false,false
c38cw1pqce,0.9836,0.768,0.9794,0.4356,true,false,false,false
d9v0a4dex5,0.9072,1.369,0.4991,0.7996,false,false,false,false
0pkjem36io,0.8601,0.666,0.2114,0.3184,false,false,false,false
xcsijnkd78,0.8657,0.851,0.2361,0.5104,false,false,false,false
f6ypy6fhap,0.9177,0.847,0.5871,0.5068,false,false,false,false
6enhu4fnmp,0.9374,0.347,0.741,0.0149,false,false,true,false
k9d9yr3zdb,0.8342,0.679,0.1182,0.332,false,false,false,false
xed3d2d7hw,0.758,1.064,0.0174,0.6686,false,true,false,false
ld56ziuhsk,0.8531,0.796,0.1807,0.4615,false,false,false,false
lq1fffyltm,0.939,1.101,0.7522,0.6888,false,false,false,false
phs0f1qwhy,0.9031,0.588,0.472,0.2288,false,false,false,false
otlccxrhyl,0.8644,0.613,0.229,0.2593,false,false,false,false
5b013wnyta,0.8948,0.832,0.4117,0.4937,false,false,false,false
zopltdmo6o,0.9912,2.043,0.9968,0.9208,true,false,false,true
ny7qkj6dcc,0.8255,0.567,0.095,0.2027,false,true,false,false
4tp547qtmq,0.9112,0.347,0.5349,0.0152,false,false,true,false
winbqa0n1i,0.8379,1.017,0.1278,0.6388,false,false,false,false
4p4ctg75gs,0.8518,0.572,0.1747,0.2096,false,false,false,false
w6udkqe51c,0.9288,0.783,0.6737,0.4477,false,false,false,false
00m0lkgugt,0.8758,0.713,0.2836,0.3733,false,false,false,false
625pney1p5,0.9847,11.686,0.9837,0.9923,true,false,false,true
fmx9fx4ev9,0.9611,1.918,0.8871,0.908,false,false,false,true
jwhno0umzv,0.8822,0.675,0.3217,0.3274,false,false,false,false
uebll2uv5o,0.7566,0.55,0.0166,0.1829,false,true,false,false
primxde1u7,0.9486,0.971,0.815,0.6073,false,false,false,false
phghnl00bj,0.9527,2.279,0.8439,0.9352,false,false,false,true
edj698lxbj,0.8078,1.307,0.0613,0.7794,false,true,false,false
172oc9oi1i,0.8404,1.323,0.1357,0.7857,false,false,false,false
dwoks04rsh,0.8568,0.464,0.1978,0.0924,false,false,true,false
mc27y0ajvq,0.9337,0.811,0.7125,0.4748,false,false,false,false
py1wkopyt6,0.9857,1.046,0.9872,0.6575,true,false,false,false
pvdlg5jmvs,0.8694,0.542,0.2518,0.1735,false,false,false,false
nz0qtb032b,0.9441,0.953,0.7873,0.5941,false,false,false,false
gyy3qv5udi,0.9269,1.073,0.6585,0.6725,false,false,false,false
38ezrkbalh,0.9816,2.45,0.9738,0.9447,true,false,false,true
631zy1r8gy,0.9805,2.319,0.9707,0.9388,true,false,false,true
z0d3db2cy2,0.9682,180.404,0.9217,0.9988,true,false,false,true
dcqu397q47,0.9346,0.674,0.7187,0.3264,false,false,false,false
sn99ggtig4,0.9481,1.256,0.8127,0.7587,false,false,false,false
wufo93aed1,0.9012,0.961,0.4584,0.6015,false,false,false,false
7c194nulji,0.9868,1.964,0.9884,0.913,true,false,false,true
rje1lo95jb,0.884,0.442,0.3362,0.0728,false,false,true,false
7jo0nvdttn,0.9529,1.085,0.845,0.6798,false,false,false,false
rmf5tdm8wd,0.8621,1.163,0.2194,0.7152,false,false,false,false
teg4838u0n,0.8306,0.551,0.1068,0.1848,false,false,false,false
wt06h36gzw,0.9002,0.601,0.4487,0.2419,false,false,false,false
0mesie00tt,0.9186,0.992,0.5943,0.6227,false,false,false,false
ez0lgz7dzo,0.9319,1.016,0.6973,0.6379,false,false,false,false
t5tf5jwtnp,0.9318,0.522,0.6969,0.1506,false,false,false,false
9fsy8u9tni,0.8912,0.527,0.3829,0.1565,false,false,false,false
es9nf4pysj,0.8934,0.859,0.4003,0.5154,false,false,false,false
p45agl9ow0,0.7225,0.897,0.0064,0.548,false,true,false,false
g4jxzqqeue,0.9731,1.458,0.9436,0.8257,true,false,false,false
bj1b1e4r4n,0.9857,1.224,0.9849,0.7431,true,false,false,false
qqpx5ntdlw,0.9249,1.12,0.6443,0.6968,false,false,false,false
143ljb0d9h,0.8752,1.257,0.2808,0.7594,false,false,false,false
z5ay1isp8g,0.9015,0.56,0.4607,0.1962,false,false,false,false
1rsdfjz2yo,0.9772,1.167,0.9575,0.7182,true,false,false,false
bawvuylpi0,0.9478,0.44,0.8112,0.071,false,false,true,false
2sj01qmg3c,0.9529,1.203,0.8451,0.7341,false,false,false,false
5pk0s1rjzb,0.8475,1.158,0.1594,0.7131,false,false,false,false
co0ct9gpl2,0.9053,0.581,0.4886,0.2194,false,false,false,false
g43kfiz0r4,0.93,0.571,0.683,0.2082,false,false,false,false
uwk4b2e25i,0.9126,1.004,0.5473,0.6316,false,false,false,false
5iav5tsmec,0.7807,0.869,0.0315,0.5244,false,true,false,false
jp71bdflgk,0.9233,0.957,0.6348,0.5973,false,false,false,false
2376gfi2vu,0.916,1.238,0.572,0.7498,false,false,false,false
d1fmz9w38s,0.9252,3.244,0.6458,0.9675,false,false,false,true
29a37j90ku,0.8509,0.521,0.1713,0.1496,false,false,false,false
rd6dejsgaj,0.8794,0.435,0.3053,0.066,false,false,true,false
nh849y5csk,0.9112,0.408,0.5353,0.0459,false,false,true,false
jmf6uwsdlc,0.9561,0.796,0.8624,0.4625,false,false,false,false
2m5lyclqb4,0.8852,0.682,0.3431,0.3362,false,false,false,false
lvwww2a3r2,0.9229,0.355,0.6313,0.0175,false,false,true,false
oo2h2oh6no,0.7898,4.107,0.0387,0.9765,false,true,false,true
eg55n2idm2,0.807,0.628,0.0597,0.2756,false,true,false,false
mulv3lw7kr,0.8,0.463,0.0493,0.0914,false,true,true,false
arzadm4jeq,0.9731,0.825,0.9436,0.4861,true,false,false,false
gcd68k7u8v,0.8916,0.426,0.3864,0.0586,false,false,true,false
9qexujz8r0,0.8621,0.498,0.2192,0.1235,false,false,false,false
mtet0skwfa,0.905,0.76,0.4867,0.4266,false,false,false,false
v9vyzah7uj,0.9494,2.542,0.8207,0.9487,false,false,false,true
frz6l45gu3,0.9075,0.473,0.5024,0.1006,false,false,false,false
37npxuot21,0.9784,2.829,0.9621,0.9583,true,false,false,true
xmmw7te6ye,0.9653,0.955,0.9081,0.5961,true,false,false,false
o3iz07rsh9,0.8829,0.541,0.3275,0.1728,false,false,false,false
pff9m5pk7e,0.9339,1.344,0.714,0.7922,false,false,false,false
wsmi0qh42s,0.9596,0.46,0.8816,0.089,false,false,true,false
lnjwzsuu7q,0.9388,1.126,0.7505,0.7004,false,false,false,false
5yy03mimri,0.8914,0.691,0.3838,0.3492,false,false,false,false
g9zvfnje4x,0.959,0.447,0.8776,0.0771,false,false,true,false
a3rl51z8tn,0.9294,0.978,0.6779,0.6128,false,false,false,false
s445jjncqa,0.8811,0.999,0.3141,0.6277,false,false,false,false
okmsiv9lv1,0.8735,0.72,0.2724,0.3802,false,false,false,false
ci8tolh4k9,0.8609,0.804,0.2143,0.4695,false,false,false,false
04vdyugh2k,0.9644,0.655,0.9043,0.3057,true,false,false,false
oi1qxipq20,0.9244,0.881,0.6421,0.5352,false,false,false,false
e4cxxxi9e0,0.756,0.611,0.0163,0.2556,false,true,false,false
5btsocd2m3,0.9,0.891,0.447,0.5426,false,false,false,false
en0n3tjm6h,0.9587,1.018,0.8764,0.6392,false,false,false,false
ndme47fmoh,0.8628,1.107,0.2225,0.6911,false,false,false,false
2xnf1hisxt,0.8485,0.809,0.1631,0.4729,false,false,false,false
iuqnxlgc6c,0.876,0.943,0.2851,0.5881,false,false,false,false
s1htyfbc5w,0.9182,0.862,0.59,0.5184,false,false,false,false
7ycn5nlyx3,0.9147,0.757,0.5635,0.4234,false,false,false,false
3ypabq7kkp,0.9702,2.096,0.9302,0.9249,true,false,false,true
vp1un7hg01,0.879,4.595,0.3038,0.9798,false,false,false,true
14ffrsifu5,0.7218,0.875,0.0061,0.5289,false,true,false,false
hj3z09umgp,0.8682,0.617,0.2451,0.2632,false,false,false,false
yfm22em7ob,0.9129,1.262,0.5487,0.762,false,false,false,false
xpol2xbtgy,0.8581,0.644,0.2033,0.2937,false,false,false,false
0wxl2v8lib,0.8904,0.401,0.3767,0.0427,false,false,true,false
k5nkyudcaa,0.8561,0.387,0.1944,0.032,false,false,true,false
tcis2g53ca,0.8345,1.209,0.1191,0.7379,false,false,false,false
qnpbvn8moz,0.928,1.643,0.6663,0.8692,false,false,false,false
1ojftcd61c,0.9298,1.529,0.6809,0.8443,false,false,false,false
xj7b3o2rx3,0.8992,2.376,0.4423,0.9421,false,false,false,true
2dmqrobh00,0.884,0.483,0.336,0.1112,false,false,false,false
23vomfiipz,0.8966,1.343,0.4262,0.7913,false,false,false,false
jfpl8j0zh6,0.8965,0.469,0.4256,0.0964,false,false,true,false
a6oeudoz0i,0.9118,1.4,0.5407,0.8102,false,false,false,false
pnd11kv29h,0.938,1.648,0.7446,0.8707,false,false,false,false
uiu2ej877h,0.8535,1.761,0.1829,0.888,false,false,false,false
9dx33hiaju,0.8033,1.263,0.055,0.7624,false,true,false,false
a33cju2zr8,0.8254,0.429,0.0949,0.0616,false,true,true,false
ievj70rbmi,0.9227,0.786,0.6291,0.4514,false,false,false,false
8subsjm0rs,0.9285,1.385,0.6715,0.8063,false,false,false,false
dz45vtaroh,0.8858,1.116,0.3469,0.6953,false,false,false,false
4m6sj7m9ft,0.9336,1.173,0.7113,0.7216,false,false,false,false
9rkvhu3w1e,0.8994,0.732,0.4433,0.3948,false,false,false,false
0448ho5jvh,0.9015,0.664,0.4603,0.3154,false,false,false,false
rjte1xjpol,0.892,6.039,0.39,0.9855,false,false,false,true
u3fe00y0pk,0.8975,1.087,0.4311,0.6813,false,false,false,false
q7sxnhi8fe,0.9185,0.644,0.5939,0.2942,false,false,false,false
f633u6u2ug,0.9441,0.977,0.7866,0.6121,false,false,false,false
d8ewbokf2c,0.8721,0.677,0.2665,0.3295,false,false,false,false
kpp3njezyc,0.9578,1.318,0.8704,0.7844,false,false,false,false
7w8jug6jz4,0.7624,0.9,0.0192,0.5512,false,true,false,false
2y7vvzp1be,0.9624,1.114,0.8952,0.6942,false,false,false,false
f2prptmvgi,0.876,1.821,0.2854,0.8968,false,false,false,false
wagftfh2s5,0.8097,0.933,0.0645,0.578,false,true,false,false
sphvusult6,0.7718,0.408,0.0243,0.0463,false,true,true,false
c4qsvavp27,0.8811,1.096,0.3147,0.6864,false,false,false,false
bqflcyq99e,0.7997,0.493,0.0488,0.1191,false,true,false,false
g1dplt6j60,0.801,0.664,0.0511,0.3159,false,true,false,false
usyfypsmvz,0.9019,0.779,0.4637,0.4447,false,false,false,false
7g5e83n7kj,0.6543,0.434,0.0017,0.0649,false,true,true,false
cjlad322go,0.9596,2.475,0.8812,0.9456,false,false,false,true
zne5a3gong,0.9011,0.476,0.4568,0.1029,false,false,false,false
papxorbtv6,0.8323,0.841,0.1122,0.5006,false,false,false,false
oe372qhg7n,0.8192,0.448,0.0837,0.0785,false,true,true,false
8yvzaimb98,0.9091,0.802,0.5164,0.4662,false,false,false,false
9np7pj1xvn,0.7952,0.549,0.0446,0.1814,false,true,false,false
9b1384lp0f,0.9379,1.898,0.7435,0.9055,false,false,false,true
vjna290xtx,0.8758,0.811,0.2835,0.4755,false,false,false,false
0gg1938e9t,0.8039,0.688,0.0559,0.3444,false,true,false,false
xzk3u2p7fd,0.8898,0.809,0.3723,0.4734,false,false,false,false
gemlpaf573,0.8163,0.594,0.076,0.2355,false,true,false,false
dr43no0x7h,0.8275,0.613,0.0992,0.2589,false,true,false,false
3eb7j21whm,0.7587,0.724,0.0175,0.3853,false,true,false,false
fbvxwzgc98,0.8516,0.561,0.1739,0.197,false,false,false,false
hzytwilte3,0.9168,0.741,0.5787,0.4043,false,false,false,false
0t883djc4h,0.7836,0.615,0.0337,0.2615,false,true,false,false
4qq8dbxg4f,0.8813,0.586,0.3163,0.2259,false,false,false,false
4tcg96mxze,0.793,0.587,0.042,0.2266,false,true,false,false
y8l1ob1a9l,0.9216,0.493,0.6183,0.1195,false,false,false,false
0m2jyqqli6,0.9385,0.668,0.7493,0.3198,false,false,false,false
znyhkatwep,0.9567,0.639,0.8652,0.2894,false,false,false,false
94y6oma8jq,0.8637,0.492,0.2268,0.118,false,false,false,false
7sk20s2r6l,0.9397,1.245,0.7573,0.752,false,false,false,false
inuj0zlj26,0.9868,1.646,0.9891,0.8701,true,false,false,false
2n1oq683qr,0.8352,0.902,0.1207,0.5524,false,false,false,false
w7b0hx2fnc,0.9784,2.402,0.9634,0.9434,true,false,false,true
9e3brlkjmy,0.904,0.563,0.48,0.1985,false,false,false,false
a77akrcw3v,0.8335,0.846,0.1166,0.5056,false,false,false,false
vx8fqw399k,0.8551,0.581,0.1906,0.2201,false,false,false,false
0sjo3mp2dk,0.9491,1.288,0.819,0.7714,false,false,false,false
efjm2r156a,0.9643,0.892,0.9036,0.5429,true,false,false,false
qxou5elft8,0.8933,0.581,0.3996,0.2192,false,false,false,false
b154lerpm3,0.9684,1.191,0.9233,0.7287,true,false,false,false
ulg8yfdsj3,0.9377,0.905,0.7429,0.5552,false,false,false,false
femkq3j5oz,0.9455,1.058,0.7969,0.6645,false,false,false,false
8wshqbtmld,0.9217,0.586,0.6196,0.2253,false,false,false,false
88swo6t3v6,0.8848,1.322,0.3407,0.7853,false,false,false,false
ahz9mucc9b,0.9527,1.442,0.844,0.8212,false,false,false,false
1j504t4pc8,0.8355,1.265,0.1214,0.763,false,false,false,false
xul6hf8ptr,0.8711,0.42,0.2605,0.0543,false,false,true,false
yo8nd40haw,0.9469,2.353,0.8049,0.9402,false,false,false,true
eusome9ugb,0.821,0.766,0.0865,0.4318,false,true,false,false
xax4p1y803,0.8116,0.409,0.067,0.0468,false,true,true,false
7m9vmztxpm,0.8496,0.602,0.1666,0.2433,false,false,false,false
7m4hfyiayu,0.8778,0.845,0.2966,0.5037,false,false,false,false
aixcutzp40,0.8518,1.46,0.1746,0.8265,false,false,false,false
wciz1vfwkm,0.8309,0.426,0.1075,0.0588,false,false,true,false
xp84i7os4q,0.815,0.514,0.0738,0.1417,false,true,false,false
z2u8uu82bt,0.9506,0.635,0.8293,0.2843,false,false,false,false
n8hlb7wnp6,0.9508,0.787,0.8308,0.452,false,false,false,false
aq22rbd908,0.8623,1.077,0.2207,0.6743,false,false,false,false
pq1o7wfo6e,0.9551,2.007,0.8567,0.9175,false,false,false,true
z5995w5pjg,0.898,1.432,0.434,0.8188,false,false,false,false
g60lev16gv,0.8383,0.581,0.1289,0.2196,false,false,false,false
8oce8j4am9,0.8898,0.656,0.3716,0.3065,false,false,false,false
i7u0hl4zm0,0.9632,2.675,0.8978,0.953,false,false,false,true
m969brvtgc,0.8874,0.742,0.3572,0.4057,false,false,false,false
bmun70m4c9,0.8609,0.461,0.2147,0.0894,false,false,true,false
58gdadwzjm,0.9405,0.601,0.7638,0.2417,false,false,false,false
1p9vw78ww0,0.8525,0.445,0.1771,0.0758,false,false,true,false
yaa41u9gqw,0.9596,0.888,0.8815,0.54,false,false,false,false
cpvdv9j8f0,0.9371,0.471,0.7378,0.0981,false,false,true,false
uc4t1l8q9f,0.8046,0.704,0.0565,0.3621,false,true,false,false
wnq73azjiv,0.801,0.705,0.051,0.3654,false,true,false,false
up5txcz1mv,0.8936,0.546,0.4023,0.1785,false,false,false,false
xmbclqt4r0,0.9587,0.864,0.8759,0.5202,false,false,false,false
fzqo9g7ttz,0.9494,1.106,0.8208,0.6904,false,false,false,false
60d51bxqg5,0.844,0.372,0.1475,0.0243,false,false,true,false
trvbwwhv3k,0.8958,1.15,0.4205,0.71,false,false,false,false
s6ywwcury3,0.902,0.606,0.465,0.2489,false,false,false,false
vat4yoe3au,0.9557,0.756,0.8603,0.4205,false,false,false,false
dop0lsnixx,0.8606,0.828,0.2132,0.489,false,false,false,false
4hcq7iv2an,0.867,0.729,0.2406,0.3905,false,false,false,false
7xcuuyxd75,0.9558,0.719,0.861,0.3796,false,false,false,false
6gu2oxlkkw,0.9243,0.717,0.6412,0.3774,false,false,false,false
040ah2ecp7,0.9033,0.668,0.4744,0.3197,false,false,false,false
4bmpfoqc8t,0.8891,0.749,0.3666,0.4128,false,false,false,false
6tk4rtzu7g,0.8968,0.98,0.4273,0.6139,false,false,false,false
u1il116l1l,0.8579,1.911,0.2021,0.9073,false,false,false,true
t9x201cpz9,0.8944,0.442,0.4092,0.0729,false,false,true,false
w5ujby5ibr,0.9848,1.041,0.9843,0.6546,true,false,false,false
ilqjt3p360,0.9155,2.537,0.5686,0.9483,false,false,false,true
ov2x2523y5,0.8412,0.783,0.139,0.4474,false,false,false,false
b983y3r2ej,0.8264,1.636,0.097,0.8672,false,true,false,false
q136uky8gv,0.9493,0.931,0.82,0.5766,false,false,false,false
69xsuy9nfz,0.8323,0.877,0.1124,0.5313,false,false,false,false
dg02zvqptg,0.8535,0.788,0.1832,0.4528,false,false,false,false
dyaon01iqk,0.8173,1.287,0.0787,0.7712,false,true,false,false
t9mjp2qkdt,0.9071,0.525,0.4985,0.1554,false,false,false,false
94j9zaj987,0.9144,1.627,0.5613,0.8657,false,false,false,false
imf1ua7j5d,0.9134,0.79,0.553,0.4556,false,false,false,false
yy3bcpsfzk,0.7798,0.988,0.0303,0.6201,false,true,false,false
eg0l34ajdd,0.8074,0.438,0.0609,0.0692,false,true,true,false
i5w0mpf8k6,0.9179,0.722,0.5878,0.3833,false,false,false,false
tgwk1j6kbk,0.9805,0.741,0.9699,0.4042,true,false,false,false
m84ju2j6p7,0.9235,0.847,0.6364,0.5067,false,false,false,false
k55f5q74z2,0.956,0.77,0.8623,0.4375,false,false,false,false
jqtwlaeee0,0.8826,0.852,0.3249,0.5107,false,false,false,false
o0d51a24nq,0.8406,0.787,0.1372,0.4519,false,false,false,false
kecfdxddz2,0.8665,0.676,0.2397,0.3284,false,false,false,false
d4dgvm319i,0.9379,1.245,0.7437,0.7519,false,false,false,false
4v8ogmy7h9,0.9737,0.959,0.946,0.599,true,false,false,false
gfjo9gzi6k,0.8766,0.498,0.2891,0.1231,false,false,false,false
57fkkgody9,0.8623,0.447,0.221,0.0778,false,false,true,false
a4600zf6vv,0.915,0.419,0.5661,0.0537,false,false,true,false
ig1h1resqi,0.8253,0.578,0.0945,0.2165,false,true,false,false
t6bxfeq8hg,0.9073,0.421,0.5005,0.0553,false,false,true,false
g7lvdptv8n,0.7498,0.568,0.0131,0.2044,false,true,false,false
9qzkda8lqu,0.9014,0.83,0.4596,0.4907,false,false,false,false
ge8ketg76t,0.9294,0.469,0.6785,0.0966,false,false,true,false
h1rct5sr27,0.725,0.533,0.0069,0.1631,false,true,false,false
86xcgpz3v3,0.9395,1.93,0.7558,0.9092,false,false,false,true
afypyahhjt,0.9795,0.83,0.9667,0.4922,true,false,false,false
toxhl9sp3u,0.9524,0.7,0.8417,0.3581,false,false,false,false
0uucg8xxev,0.8727,0.671,0.2691,0.3231,false,false,false,false
7e72z1hxwa,0.8827,0.99,0.3266,0.6212,false,false,false,false
cttvej2zn6,0.8024,0.516,0.0537,0.1433,false,true,false,false
4l3vuvjjnv,0.9278,0.58,0.6645,0.2185,false,false,false,false
wb0ssxjsze,0.9186,0.536,0.594,0.1673,false,false,false,false
qtsa7t8bh4,0.8367,0.623,0.1247,0.2703,false,false,false,false
idi5l11x9j,0.7906,0.887,0.0399,0.5394,false,true,false,false
q2o1n74fih,0.8974,0.86,0.4306,0.5164,false,false,false,false
3us9dk6yw5,0.7118,0.647,0.0043,0.2971,false,true,false,false
p0zzrm0d0n,0.8971,1.458,0.4285,0.8258,false,false,false,false
q079nk1laf,0.9121,1.383,0.5432,0.8058,false,false,false,false
cqwvwwouzf,0.9736,2.579,0.9457,0.9501,true,false,false,true
8bdyposb8m,0.9376,0.97,0.7421,0.6063,false,false,false,false
k2fu9shnhu,0.8418,1.051,0.1408,0.6611,false,false,false,false
aqfkilt2z5,0.9481,1.542,0.8124,0.8469,false,false,false,false
hbkvd42c1b,0.8962,2.121,0.4234,0.9268,false,false,false,true
vrc17ahvee,0.7709,0.686,0.0239,0.3416,false,true,false,false
rdsdhj2scy,0.8333,1.002,0.116,0.6295,false,false,false,false
li99je6s2k,0.8512,0.799,0.1727,0.465,false,false,false,false
x7oulo0m7d,0.8701,1.72,0.2554,0.8837,false,false,false,false
feku3hx7fl,0.9258,1.61,0.6498,0.8614,false,false,false,false
0pfnhc39qk,0.9376,0.923,0.7424,0.5705,false,false,false,false
j3i6erw109,0.8472,0.492,0.158,0.1182,false,false,false,false
lcwrj493jy,0.8827,1.459,0.3263,0.8259,false,false,false,false
60zbjmnpj8,0.8693,2.362,0.2509,0.9412,false,false,false,true
nhcl4k9ce3,0.9031,1.962,0.473,0.9128,false,false,false,true
zm1myrzilj,0.8878,1.383,0.3592,0.8054,false,false,false,false
jj4jp46pb8,0.9137,1.948,0.5548,0.9113,false,false,false,true
z24f8e3u8b,0.9632,1.522,0.8981,0.8431,false,false,false,false
uozz7bovdq,0.9234,0.992,0.6352,0.6232,false,false,false,false
agvf8892fg,0.8297,0.774,0.1044,0.4398,false,false,false,false
y2gtftugd9,0.9205,2.061,0.6092,0.922,false,false,false,true
q9nbj0iwh3,0.9105,0.616,0.5289,0.2625,false,false,false,false
ool7vr3c30,0.8283,1.363,0.101,0.7985,false,false,false,false
6p81c2z1sj,0.8011,0.566,0.0514,0.2022,false,true,false,false
dvzh04ihg7,0.8147,0.755,0.0729,0.419,false,true,false,false
aj0jx62gxt,0.7946,1.252,0.0441,0.7558,false,true,false,false
f716npvegc,0.9164,1.11,0.5759,0.6925,false,false,false,false
mtkxys2pj2,0.9134,2.009,0.5534,0.9178,false,false,false,true
wkrqd023x8,0.8179,0.506,0.0804,0.1322,false,true,false,false
0itn81gm40,0.9131,0.697,0.5509,0.3546,false,false,false,false
rwi3iiqpt1,0.9196,0.757,0.6026,0.4228,false,false,false,false
do2e6vpde4,0.8688,0.612,0.2484,0.2574,false,false,false,false
cdsc6w431r,0.9114,4.164,0.5365,0.9769,false,false,false,true
3w26shgnqd,0.9412,0.456,0.7688,0.085,false,false,true,false
7l927hux1d,0.9538,2.356,0.8496,0.9407,false,false,false,true
ojqhudo7du,0.9159,2.917,0.5708,0.9608,false,false,false,true
0fj2rcosow,0.8695,1.042,0.2527,0.6555,false,false,false,false
suc5vtuwp0,0.9342,0.619,0.7161,0.2656,false,false,false,false
x0miray126,0.7708,0.591,0.0235,0.233,false,true,false,false
quxzdy5mjn,0.7818,0.407,0.0323,0.0452,false,true,true,false
rnk0s172zv,0.9493,0.643,0.8201,0.2927,false,false,false,false
r20n90jgc2,0.9592,1.256,0.8793,0.7588,false,false,false,false
2wiy5uoho4,0.8907,2.154,0.3788,0.9286,false,false,false,true
v6zznkp4u8,0.9857,3.525,0.9872,0.9717,true,false,false,true
5vgmv8e8nd,0.9311,1.159,0.6922,0.7138,false,false,false,false
ll061p16dj,0.86,0.999,0.2105,0.6278,false,false,false,false
f1y6sjuvcm,0.8804,0.999,0.3097,0.6274,false,false,false,false
7yolvznf5z,0.8541,2.514,0.1857,0.9474,false,false,false,true
hkubqhrwll,0.7749,0.911,0.0265,0.5602,false,true,false,false
94x79xz2zc,0.8641,0.608,0.2283,0.2521,false,false,false,false
e413u4vt78,0.9577,0.534,0.87,0.1656,false,false,false,false
1sngzq1uuu,0.941,2.696,0.767,0.9539,false,false,false,true
9s65s6a6et,0.9058,1.728,0.4922,0.8852,false,false,false,false
xk4kfync49,0.8781,2.159,0.2984,0.9291,false,false,false,true
n7g5wh18k3,0.851,1.154,0.1718,0.711,false,false,false,false
u0y78id3ox,0.9139,2.043,0.556,0.921,false,false,false,true
42wrega9ml,0.9057,4.149,0.4918,0.9768,false,false,false,true
lqqijgxcem,0.9371,0.929,0.7381,0.5747,false,false,false,false
up96mjzfwz,0.9001,1.455,0.4479,0.8244,false,false,false,false
jd63zocfv7,0.8183,1.89,0.0819,0.9041,false,true,false,true
peof17os7l,0.9284,1.281,0.6701,0.7692,false,false,false,false
la6qpaqe5k,0.8812,1.218,0.3151,0.7408,false,false,false,false
yal05tvi5h,0.97,1.544,0.9284,0.8478,true,false,false,false
p3bgs5i4hs,0.9305,0.894,0.6874,0.5454,false,false,false,false
xeyjyki93b,0.8856,1.201,0.346,0.7333,false,false,false,false
s65srlm7qk,0.9366,2.661,0.7341,0.9528,false,false,false,true
6be2n32bbg,0.8901,1.644,0.3752,0.8693,false,false,false,false
ln9twddc5v,0.857,1.031,0.1986,0.6473,false,false,false,false
97l0rurupb,0.9661,1.349,0.9123,0.7939,true,false,false,false
splr9mh511,0.9252,0.495,0.6457,0.1206,false,false,false,false
q97zl1v488,0.9139,1.659,0.557,0.8732,false,false,false,false
yremi159m9,0.9012,0.697,0.4582,0.3557,false,false,false,false
t9wm2xg9ia,0.8866,2.691,0.351,0.9536,false,false,false,true
ywui8wnarq,0.9502,1.625,0.8266,0.8652,false,false,false,false
vgphklt5mx,0.7946,0.362,0.0439,0.0192,false,true,true,false
5phvg4hhui,0.9179,1.349,0.5877,0.7938,false,false,false,false
6ad2q3c7ai,0.8093,1.625,0.0634,0.865,false,true,false,false
d308blj12t,0.8416,1.679,0.1402,0.8765,false,false,false,false
3bemosi8mg,0.9805,1.362,0.9707,0.7983,true,false,false,false
x9t0f220ea,0.9646,1.205,0.9045,0.7355,true,false,false,false
sjy7ge00so,0.9002,0.535,0.4494,0.166,false,false,false,false
zi1g5x4f07,0.9721,1.257,0.9396,0.7595,true,false,false,false
7r7fi74ifh,0.9262,0.949,0.653,0.5919,false,false,false,false
5zxrlpyhuv,0.956,2.013,0.8623,0.9184,false,false,false,true
i1q3lk0r8p,0.8333,1.817,0.1155,0.896,false,false,false,false
7vb1yc1aqs,0.9049,1.609,0.4861,0.8612,false,false,false,false
59022oz732,0.9814,1.644,0.9729,0.8695,true,false,false,false
gjy1y826i7,0.9105,0.554,0.5289,0.1881,false,false,false,false
qq3tilyt7f,0.9784,1.131,0.9621,0.7024,true,false,false,false
vgak9ktfyx,0.9226,1.639,0.6287,0.8681,false,false,false,false
dgmnuiy0b9,0.9309,0.818,0.6907,0.48,false,false,false,false
hf84d0j1sn,0.9161,0.903,0.5734,0.5533,false,false,false,false
rrbrn7wd07,0.8561,1.117,0.1946,0.6961,false,false,false,false
owm905zwnd,0.9516,0.796,0.8363,0.4617,false,false,false,false
y2ucfdpry2,0.9106,0.888,0.5298,0.5399,false,false,false,false
ndboh0r6d3,0.972,1.165,0.9388,0.7169,true,false,false,false
n1lzw905z4,0.979,1.758,0.9639,0.8873,true,false,false,false
lo70d5vtg9,0.8526,0.605,0.1779,0.2481,false,false,false,false
79uffcxn4t,0.9204,1.714,0.6082,0.8824,false,false,false,false
5w2n3pvtkl,0.9504,1.097,0.8284,0.6874,false,false,false,false
7tvxujq5b7,0.9449,0.798,0.7936,0.464,false,false,false,false
6uol0u9bp5,0.9763,0.797,0.9544,0.4629,true,false,false,false
vv0njt4yhh,0.8912,1.052,0.3825,0.6624,false,false,false,false
lecagdfsqr,0.8834,1.315,0.3306,0.7834,false,false,false,false
zrhu0sb3qh,0.7321,0.579,0.0082,0.2173,false,true,false,false
jyu1o8o3ub,0.8096,1.009,0.064,0.6338,false,true,false,false
uf8zbk8ebq,0.9055,0.515,0.4905,0.1423,false,false,false,false
bav7a8efea,0.9002,1.08,0.4492,0.6758,false,false,false,false
ougnzrskt0,0.9712,1.348,0.9356,0.7932,true,false,false,false
c9vh5bgssj,0.8061,0.548,0.0584,0.1811,false,true,false,false
rf91dck0gh,0.8946,0.884,0.4108,0.5376,false,false,false,false
d2079fwvo2,0.923,25.412,0.6317,0.9953,false,false,false,true
98fo2wc1s4,0.8749,1.219,0.2785,0.7414,false,false,false,false
a4ocwrctxx,0.8607,1.727,0.2136,0.8849,false,false,false,false
m6y5i7otsd,0.8417,1.434,0.1405,0.8193,false,false,false,false
cz2xrqp9sc,0.9835,5.326,0.9787,0.9833,true,false,false,true
r4do1503of,0.858,1.475,0.2025,0.8308,false,false,false,false
7wlf333xug,0.8894,0.607,0.3697,0.2517,false,false,false,false
xrbawat1b1,0.917,1.078,0.5801,0.6748,false,false,false,false
2p9aqzoga2,0.8008,0.883,0.0507,0.5372,false,true,false,false
bzx290hrg2,0.8839,1.93,0.3354,0.9091,false,false,false,true
979piilmhv,0.9634,1.065,0.899,0.6687,false,false,false,false
61nqvamfq5,0.8937,1.448,0.4025,0.8229,false,false,false,false
4ghqg7l8fh,0.9442,0.626,0.7881,0.2726,false,false,false,false
bx9tut3uiu,0.8921,0.674,0.3907,0.3262,false,false,false,false
r1rwd1sn6t,0.8696,2.166,0.2532,0.9295,false,false,false,true
lfparvvb9j,0.8803,0.767,0.309,0.4338,false,false,false,false
ym2km7ghxp,0.9119,2.188,0.5412,0.9307,false,false,false,true
51q685a9sr,0.9195,0.668,0.6019,0.3201,false,false,false,false
sf65ro3r1b,0.9446,1.32,0.7907,0.7846,false,false,false,false
09h6ylswi4,0.8346,1.515,0.1196,0.8414,false,false,false,false
316xthe6dt,0.8706,1.476,0.2586,0.8312,false,false,false,false
iq4h5q43i7,0.8986,1.06,0.438,0.6657,false,false,false,false
6r4a5os3hb,0.9087,1.347,0.5125,0.7931,false,false,false,false
l3syfd8eaq,0.9084,0.552,0.5102,0.1857,false,false,false,false
dqypzpwhhx,0.958,1.381,0.8718,0.8045,false,false,false,false
6uy89ps9dd,0.8974,0.453,0.4303,0.0829,false,false,true,false
qnxx5t2x26,0.9774,1.966,0.9597,0.9132,true,false,false,true
iax35pnwy8,0.8835,0.663,0.332,0.3145,false,false,false,false
qn9tca2vk5,0.9814,0.788,0.9729,0.4535,true,false,false,false
kmutchlwtp,0.8548,1.383,0.1883,0.8055,false,false,false,false
nt2uns88s3,0.9085,1.174,0.5106,0.7222,false,false,false,false
ohl1s2f0ek,0.9459,2.292,0.8001,0.9366,false,false,false,true
p647vvfozk,0.8727,2.117,0.2687,0.926,false,false,false,true
ontmkbsq0m,0.9152,0.993,0.5668,0.6238,false,false,false,false
f3nawzvi2w,0.9225,0.532,0.628,0.1616,false,false,false,false
8q8e1hfazd,0.9298,1.294,0.6816,0.7734,false,false,false,false
9yben6cj7c,0.9038,0.848,0.4782,0.5088,false,false,false,false
swvpnpdeiv,0.9122,1.247,0.5439,0.7533,false,false,false,false
64wzdoxyl3,0.8912,0.699,0.3831,0.3576,false,false,false,false
xgw6fbfelv,0.9201,1.774,0.6062,0.8902,false,false,false,false
e55683j79s,0.8856,0.368,0.3459,0.0221,false,false,true,false
aeigd3nrk6,0.9692,1.102,0.9266,0.6889,true,false,false,false
idaehfhmm1,0.8301,0.742,0.106,0.4063,false,false,false,false
2hgwnatnux,0.9581,0.904,0.8726,0.5544,false,false,false,false
81c8sbbti1,0.9772,0.929,0.9566,0.5744,true,false,false,false
kg51j4oble,0.9322,1.814,0.7005,0.8956,false,false,false,false
anqdwnflyh,0.9101,0.394,0.5247,0.0369,false,false,true,false
rueiqhe8rb,0.9663,0.846,0.9137,0.5053,true,false,false,false
2l8z0y755x,0.7956,1.828,0.0452,0.8976,false,true,false,false
z7a6w5i4wp,0.8011,0.435,0.0513,0.0656,false,true,true,false
864y6fp82l,0.9001,4.362,0.448,0.9786,false,false,false,true
p05ngvxllh,0.9784,21.055,0.9627,0.9949,true,false,false,true
h8ug3laea2,0.8254,0.678,0.0948,0.3303,false,true,false,false
7u2h2wxhnw,0.9741,3.192,0.9465,0.9668,true,false,false,true
5jz6l11pow,0.9814,1.708,0.9729,0.8812,true,false,false,false
yujm4anybe,0.9516,0.736,0.8364,0.3998,false,false,false,false
hiq7co8ba9,0.8887,1.039,0.3641,0.6534,false,false,false,false
whnh5a1osu,0.9214,0.985,0.616,0.6171,false,false,false,false
dbuqr7416j,0.8869,0.696,0.3539,0.3545,false,false,false,false
is802aybxe,0.9814,10.014,0.9729,0.9913,true,false,false,true
sufh3sieh4,0.9363,1.896,0.7317,0.9051,false,false,false,true
st0xz12eaf,0.8929,0.9,0.3963,0.5505,false,false,false,false
nnjo4abt54,0.9817,0.876,0.974,0.5299,true,false,false,false
z7hs50uhdp,0.9489,1.739,0.8179,0.8859,false,false,false,false
s3zsg5kw7a,0.8383,1.165,0.129,0.7167,false,false,false,false
m6kniqm9ks,0.9551,1.432,0.8563,0.8186,false,false,false,false
2pyfsbc5u0,0.8562,1.686,0.1949,0.878,false,false,false,false
mhew3oejfe,0.815,1.004,0.0736,0.6313,false,true,false,false
2tvzi233wa,0.9826,1.193,0.9765,0.7295,true,false,false,false
i6vva0jx0n,0.9513,0.593,0.8345,0.2341,false,false,false,false
kshfnzihvf,0.9467,1.261,0.8043,0.7618,false,false,false,false
mtc9dr4dq1,0.926,3.507,0.6505,0.9713,false,false,false,true
mqdsm7dbjk,0.9057,1.44,0.4919,0.8204,false,false,false,false
kq0b9m02g0,0.821,0.986,0.0866,0.6186,false,true,false,false
e5e7854pzn,0.9396,7.324,0.7565,0.9881,false,false,false,true
gpd8uyxkg7,0.931,0.867,0.6918,0.5227,false,false,false,false
qahb74x4ug,0.8597,1.022,0.2091,0.6419,false,false,false,false
5u07xre0tq,0.9377,1.789,0.7428,0.8923,false,false,false,false
gl3x3zlrek,0.9847,0.663,0.9827,0.3148,true,false,false,false
s4mtrj1mt1,0.9163,0.538,0.5749,0.1695,false,false,false,false
8j4sp0q3j1,0.9461,2.281,0.8014,0.9356,false,false,false,true
mh224ly6na,0.9262,1.031,0.6531,0.6475,false,false,false,false
5ecx4jzdj7,0.9203,0.661,0.6071,0.314,false,false,false,false
yk3gcd8bfr,0.8672,0.597,0.2413,0.2376,false,false,false,false
smzupfmsk1,0.9131,0.834,0.5505,0.4954,false,false,false,false
jtq3l65zvn,0.957,1.268,0.866,0.7646,false,false,false,false
6xte1khzgh,0.9704,2.775,0.932,0.9562,true,false,false,true
yfnj64zgtt,0.7855,0.652,0.0349,0.3021,false,true,false,false
9wej7vvbxd,0.9626,3.908,0.8957,0.9751,false,false,false,true
bh9oa6i4so,0.9035,0.485,0.4762,0.1127,false,false,false,false
iypxmyi434,0.9458,1.15,0.799,0.7102,false,false,false,false
6tao2b8pcx,0.8131,0.399,0.0705,0.0413,false,true,true,false
bth2g38bz5,0.8792,0.382,0.3045,0.0286,false,false,true,false
uen1ocmb9i,0.9372,3.096,0.7391,0.9649,false,false,false,true
7da5ladvus,0.964,1.622,0.9018,0.8643,true,false,false,false
n8sepoltor,0.7512,0.521,0.014,0.1502,false,true,false,false
e1v4blza6l,0.8915,1.016,0.3851,0.6386,false,false,false,false
i57fdefw99,0.8614,0.952,0.2176,0.5937,false,false,false,false
0707fb2dg4,0.9375,2.011,0.7415,0.9182,false,false,false,true
e3nwjyslxj,0.9754,1.172,0.9517,0.7207,true,false,false,false
klcj1cttsp,0.8381,0.632,0.1283,0.2807,false,false,false,false
xge7690var,0.9217,0.919,0.6193,0.5669,false,false,false,false
3640qvbj4v,0.8956,1.089,0.4184,0.6831,false,false,false,false
m92q5rc7os,0.8091,0.693,0.063,0.351,false,true,false,false
tqzq8bfjuz,0.8447,0.397,0.1503,0.0392,false,false,true,false
jx9glzeu4t,0.9254,0.69,0.6471,0.348,false,false,false,false
qncvie99ke,0.7807,0.504,0.0311,0.1293,false,true,false,false
oeagqte15c,0.9106,1.254,0.5295,0.7574,false,false,false,false
gfcu4dibu8,0.8976,0.458,0.4321,0.0874,false,false,true,false
p2o8fodzbu,0.9105,0.365,0.5292,0.02,false,false,true,false
q8selrikgg,0.971,1.479,0.9329,0.8317,true,false,false,false
hds143wjdb,0.8938,0.617,0.4039,0.2637,false,false,false,false
sqfbdk03ym,0.8494,0.468,0.1665,0.0945,false,false,true,false
asax4e0nlu,0.8511,0.767,0.1724,0.4328,false,false,false,false
siyc85k33m,0.9027,1.281,0.4693,0.7688,false,false,false,false
tnchg1mbhg,0.8712,0.621,0.2615,0.2679,false,false,false,false
jaoyy6ep1a,0.8917,1.383,0.3878,0.8059,false,false,false,false
h42k5qat0g,0.8652,0.923,0.234,0.5702,false,false,false,false
e29lreaylj,0.8027,0.604,0.054,0.2473,false,true,false,false
53lxz2zhhs,0.8676,0.665,0.2429,0.3168,false,false,false,false
5augvy8rdj,0.8935,1.793,0.4013,0.8924,false,false,false,false
8i9xxs57pd,0.8739,2.077,0.2743,0.9226,false,false,false,true
6wp1cq7bg0,0.9351,2.643,0.7222,0.9523,false,false,false,true
j4zu2m6vne,0.8932,0.638,0.3992,0.2886,false,false,false,false
k83mceg6ft,0.9029,0.851,0.4711,0.5102,false,false,false,false
ctc3zi6odx,0.9753,1.684,0.9512,0.8769,true,false,false,false
fw8ro5x10i,0.8759,1.304,0.2848,0.7768,false,false,false,false
w7z03fx48m,0.946,1.061,0.8009,0.6664,false,false,false,false
me1hjvm9qb,0.9461,1.258,0.8015,0.76,false,false,false,false
4nk831r2h9,0.8937,1.358,0.4028,0.7967,false,false,false,false
goueznvf1s,0.832,1.051,0.1111,0.6609,false,false,false,false
s03k0jot68,0.957,1.133,0.8667,0.7034,false,false,false,false
jzz7e798a3,0.8769,1.07,0.2902,0.6705,false,false,false,false
jns6vr7ht1,0.9373,1.024,0.74,0.6435,false,false,false,false
75ayjb311p,0.9437,0.34,0.7841,0.0134,false,false,true,false
kr6ajp1uqy,0.8713,0.718,0.2623,0.3789,false,false,false,false
cdrps6hvp8,0.9389,1.383,0.7509,0.8052,false,false,false,false
ztlge27woq,0.903,0.396,0.4715,0.0391,false,false,true,false
1q092tt7xg,0.9188,1.169,0.5958,0.7197,false,false,false,false
mjkl2rxqd1,0.8965,0.38,0.4257,0.0275,false,false,true,false
if1xdyp53k,0.9814,4.957,0.9729,0.9819,true,false,false,true
h18mei80c2,0.8404,0.874,0.1361,0.527,false,false,false,false
29c9zxygib,0.8676,0.704,0.2431,0.3636,false,false,false,false
7mlfhuzpkm,0.9505,0.917,0.829,0.5653,false,false,false,false
me8r64h3ax,0.8637,0.319,0.2267,0.0082,false,false,true,false
32kywgainf,0.9463,2.395,0.8022,0.9429,false,false,false,true
u3y2jvpc3n,0.6769,0.651,0.0021,0.3017,false,true,false,false
osgqk1a731,0.8865,0.539,0.3503,0.1705,false,false,false,false
hw3v7w97p2,0.89,0.562,0.3741,0.1978,false,false,false,false
8bpjem16bw,0.9297,0.606,0.6805,0.2503,false,false,false,false
abv1bria74,0.8476,0.539,0.1601,0.1703,false,false,false,false
zuh2ffuuz5,0.955,0.887,0.8555,0.5396,false,false,false,false
i23ikzfcts,0.9825,1.345,0.9749,0.7927,true,false,false,false
6lwnlhf8kq,0.8253,0.778,0.0946,0.4429,false,true,false,false
ck5ov2gf6f,0.9277,0.419,0.6636,0.0533,false,false,true,false
c28ut3wm40,0.7569,0.439,0.0169,0.0693,false,true,true,false
wg76vczp4t,0.9056,0.444,0.4911,0.0749,false,false,true,false
40t9f50y02,0.8649,0.473,0.2322,0.0999,false,false,true,false
qha7ykmmy9,0.729,1.563,0.0079,0.8519,false,true,false,false
n7flmhh55n,0.8497,0.603,0.1672,0.246,false,false,false,false
3bjumxztue,0.9145,0.848,0.5617,0.5089,false,false,false,false
qfgcr3k24a,0.8868,0.868,0.3535,0.5237,false,false,false,false
o9jyycisve,0.9017,0.655,0.4621,0.3056,false,false,false,false
0ke42ykg9i,0.8829,0.781,0.3271,0.4458,false,false,false,false
drr2bzp3k0,0.8715,0.707,0.2637,0.3673,false,false,false,false
cp19v2f0t5,0.8935,0.928,0.4012,0.5738,false,false,false,false
u023itllqk,0.882,0.508,0.3206,0.1341,false,false,false,false
duaf8ke2ut,0.909,0.629,0.5151,0.2766,false,false,false,false
znvx2p05rn,0.882,0.446,0.321,0.0763,false,false,true,false
zn1kulksyt,0.8202,0.538,0.085,0.1685,false,true,false,false
urlosbwj3h,0.8614,0.595,0.2167,0.2361,false,false,false,false
3q3yepuk47,0.9727,1.457,0.9423,0.8254,true,false,false,false
6vs3lx10nw,0.7819,1.606,0.0325,0.8606,false,true,false,false
k31dw29c8z,0.9309,0.795,0.6911,0.4608,false,false,false,false
vzy414mx2m,0.9092,5.054,0.5169,0.982,false,false,false,true
bkalp6kub0,0.8833,0.589,0.33,0.2301,false,false,false,false
gk314o4o35,0.9479,1.417,0.8119,0.8152,false,false,false,false
ox5840lera,0.9367,1.077,0.7345,0.674,false,false,false,false
4fs9uoorqk,0.9012,0.512,0.4585,0.1392,false,false,false,false
2ix6mgla56,0.9442,1.547,0.7882,0.8487,false,false,false,false
hytxvk5r8m,0.9119,0.666,0.5408,0.318,false,false,false,false
vap7dqrpbv,0.9827,3.04,0.9769,0.9639,true,false,false,true
nik0p1asq6,0.8914,0.675,0.3843,0.3267,false,false,false,false
xn1hcgalps,0.9056,0.933,0.4914,0.5781,false,false,false,false
hpp95dxny5,0.8645,0.492,0.2299,0.1177,false,false,false,false
8h80geexva,0.8686,0.304,0.2474,0.0054,false,false,true,false
bbhlw92745,0.885,0.844,0.3419,0.5031,false,false,false,false
z1c6nfezdn,0.9282,0.645,0.6685,0.2951,false,false,false,false
y9g0fs3vlk,0.9205,0.755,0.6093,0.4191,false,false,false,false
xf7g219dp2,0.966,0.729,0.9112,0.3919,true,false,false,false
y7j1ip2953,0.9552,0.722,0.8581,0.3828,false,false,false,false
9skv3n953v,0.933,0.61,0.7065,0.2545,false,false,false,false
xrzeo6k4zc,0.9724,0.469,0.9414,0.0959,true,false,true,false
m65hwqw17p,0.9704,5.12,0.9313,0.9825,true,false,false,true
o5hzrxpqb8,0.8587,0.468,0.2058,0.0946,false,false,true,false
rmo8c47vk2,0.9635,0.97,0.8996,0.6064,false,false,false,false
5l8ilguns6,0.9276,1.271,0.6629,0.7652,false,false,false,false
an08ecdazs,0.8363,0.385,0.1241,0.0312,false,false,true,false
k7huwofco2,0.8553,0.61,0.192,0.2547,false,false,false,false
a75t9uehlw,0.9236,0.551,0.6368,0.1833,false,false,false,false
gd9q736lx4,0.9735,1.127,0.9454,0.7005,true,false,false,false
dpvnjqxama,0.9763,1.594,0.954,0.8579,true,false,false,false
2uz59epr66,0.9072,0.897,0.4995,0.5484,false,false,false,false
38hpz2cnj5,0.9461,0.573,0.8011,0.2097,false,false,false,false
a0k2vmlrfm,0.9092,0.649,0.5176,0.2991,false,false,false,false
qfa14h77ot,0.9513,0.585,0.8344,0.2248,false,false,false,false
he2wulczwi,0.8304,0.762,0.1064,0.4278,false,false,false,false
2jyemalk5o,0.9588,1.226,0.8766,0.7443,false,false,false,false
w7x143li3m,0.9272,0.766,0.6607,0.4321,false,false,false,false
kxqffdhb8n,0.9285,0.745,0.6711,0.409,false,false,false,false
y7r05tnt0c,0.9224,0.927,0.6269,0.573,false,false,false,false
ji9xgqqu8q,0.9793,1.358,0.9653,0.7965,true,false,false,false
kkkdge43nv,0.8808,0.757,0.3122,0.423,false,false,false,false
uaatngh97o,0.9185,1.574,0.5932,0.8536,false,false,false,false
m3s53ssgrc,0.9319,1.261,0.6975,0.7613,false,false,false,false
vewogdgaj7,0.8595,0.443,0.2085,0.0739,false,false,true,false
9bthb00fp4,0.9357,0.689,0.7277,0.3455,false,false,false,false
4cdz4d1dd3,0.8795,0.753,0.3058,0.4175,false,false,false,false
yeiv30jou6,0.9744,0.997,0.9474,0.6261,true,false,false,false
njzx2oob9k,0.8868,0.73,0.3529,0.393,false,false,false,false
wuw3t3nxwt,0.8825,0.713,0.3239,0.3726,false,false,false,false
t76i0bewlk,0.9773,0.829,0.9587,0.4897,true,false,false,false
9o8ev5tz13,0.9288,1.161,0.6736,0.7145,false,false,false,false
n02752su2m,0.8576,0.489,0.2011,0.1155,false,false,false,false
3ga4dr24ve,0.8932,0.519,0.3988,0.1474,false,false,false,false
cmw3nyiff5,0.8302,1.772,0.1061,0.8899,false,false,false,false
7b2f0zanpp,0.9316,0.975,0.6957,0.6104,false,false,false,false
2wzbaibqve,0.8189,1.168,0.0829,0.7194,false,true,false,false
n78p4vx00a,0.8523,0.625,0.1765,0.2721,false,false,false,false
5r6xu02n84,0.8975,0.822,0.4316,0.4838,false,false,false,false
vmug4to53x,0.9409,1.233,0.7665,0.7475,false,false,false,false
7up7rx1alg,0.6718,0.542,0.0019,0.1736,false,true,false,false
vipnq4hzod,0.8909,0.49,0.3799,0.1158,false,false,false,false
qhrzno07nd,0.7546,0.669,0.0155,0.3208,false,true,false,false
i2osrkku21,0.9268,0.463,0.658,0.0916,false,false,true,false
d88hiyd8ln,0.8778,0.537,0.296,0.168,false,false,false,false
tfrm9feut4,0.8896,0.782,0.3701,0.4467,false,false,false,false
dscgmomnxa,0.8411,0.82,0.1386,0.4824,false,false,false,false
jube29e0ak,0.8909,0.355,0.3797,0.0177,false,false,true,false
4ffjgj6vl2,0.8553,0.568,0.1922,0.2047,false,false,false,false
dzr24q1g2z,0.8467,0.61,0.1562,0.2551,false,false,false,false
dqosx4jiej,0.8932,1.51,0.3994,0.8399,false,false,false,false
chqdqgyug9,0.8127,0.646,0.0691,0.2964,false,true,false,false
h72x7dtvr0,0.924,0.871,0.6403,0.5255,false,false,false,false
7mjq024rdh,0.9879,0.986,0.9909,0.6183,true,false,false,false
8tqslaup12,0.8702,1.631,0.2567,0.8659,false,false,false,false
ris43fifft,0.8194,0.625,0.0839,0.2713,false,true,false,false
r1oxlx8lv2,0.8571,0.862,0.1993,0.5182,false,false,false,false
ow0gx0r332,0.8033,0.585,0.0551,0.225,false,true,false,false
pqksvibteg,0.9238,0.79,0.6382,0.4554,false,false,false,false
tjkom9q266,0.9025,1.297,0.4686,0.7747,false,false,false,false
73ydsf8w2e,0.9044,0.703,0.4827,0.3617,false,false,false,false
yy4nwba0uu,0.8327,0.323,0.1138,0.0094,false,false,true,false
dpy4o229rh,0.9879,1.409,0.9912,0.8128,true,false,false,false
nqevhwqtdc,0.9196,0.711,0.6022,0.3705,false,false,false,false
6vqvzwsafc,0.972,1.229,0.9378,0.7451,true,false,false,false
u1dbohqqm9,0.9643,0.722,0.9039,0.3829,true,false,false,false
bmj1zcwznl,0.9506,0.62,0.8299,0.2663,false,false,false,false
03nzj6z0bb,0.9848,1.797,0.9838,0.8925,true,false,false,false
xv8v5pr9o7,0.805,0.582,0.0572,0.2202,false,true,false,false
vfoik1unx0,0.8924,0.54,0.3922,0.1716,false,false,false,false
0g8n2tkaeh,0.9554,1.614,0.8588,0.8626,false,false,false,false
ogm3i98ofg,0.8274,0.488,0.0988,0.1147,false,true,false,false
odx5nql44m,0.9046,1.481,0.4843,0.8324,false,false,false,false
p8jjeafysm,0.8538,0.305,0.1848,0.0057,false,false,true,false
naxkdwy3nk,0.8806,0.295,0.3104,0.004,false,false,true,false
l64pu1bnoh,0.8841,0.585,0.3365,0.2238,false,false,false,false
m0dy8d0jyr,0.8832,0.476,0.3292,0.1031,false,false,false,false
hq7idewhqa,0.9471,1.099,0.8066,0.6879,false,false,false,false
owl0sgy8ew,0.9273,0.502,0.6617,0.1264,false,false,false,false
bkrq8jyuhs,0.8547,0.732,0.188,0.3945,false,false,false,false
menw1n05lq,0.82,1.8,0.0845,0.8934,false,true,false,false
3iwgm9divy,0.9472,1.959,0.8072,0.9127,false,false,false,true
j459fbnwsn,0.9256,0.957,0.6486,0.5975,false,false,false,false
eo1c7bshzs,0.8815,0.459,0.3176,0.0877,false,false,true,false
8vf0lrz4py,0.9783,0.769,0.9605,0.4371,true,false,false,false
97nt0r2x30,0.938,0.644,0.7444,0.2935,false,false,false,false
mmw5fv49oi,0.8374,0.577,0.126,0.2151,false,false,false,false
9satyv2d9q,0.9762,5.712,0.953,0.9849,true,false,false,true
q5vin8vnxn,0.9814,1.806,0.9729,0.8946,true,false,false,false
w7b2b033q7,0.8205,0.478,0.0855,0.1053,false,true,false,false
w373lxfd4b,0.8933,0.664,0.3998,0.3155,false,false,false,false
l25tl6d354,0.8949,0.836,0.4123,0.4969,false,false,false,false
q64x5tw8kk,0.7173,0.893,0.0052,0.5443,false,true,false,false
mxtocbxxiv,0.8859,0.721,0.3477,0.3815,false,false,false,false
1t4l1ebzum,0.8422,0.427,0.1431,0.0604,false,false,true,false
euaylgbxah,0.9672,2.777,0.9175,0.9563,true,false,false,true
37wu8hff5h,0.944,0.569,0.7856,0.2057,false,false,false,false
r7nxvjx6w0,0.9317,0.953,0.6961,0.5943,false,false,false,false
0r9raamxur,0.7076,0.311,0.0039,0.0069,false,true,true,false
ipr0p655j8,0.9331,1.085,0.7067,0.6797,false,false,false,false
569tho9qiy,0.7548,0.921,0.0157,0.5691,false,true,false,false
8012w9kht0,0.9868,19.743,0.9891,0.9946,true,false,false,true
n2h51u2loz,0.9401,0.939,0.7613,0.5835,false,false,false,false
yu0l36ss59,0.894,0.556,0.4059,0.1917,false,false,false,false
05cfwudo53,0.7945,0.747,0.0437,0.4108,false,true,false,false
3aej0ib5w5,0.9342,0.423,0.7157,0.0568,false,false,true,false
j4vos60d9w,0.9371,1.175,0.7385,0.7232,false,false,false,false
941sfu6g29,0.7591,0.658,0.0178,0.3094,false,true,false,false
kl0vvusbuf,0.8825,0.642,0.3245,0.2911,false,false,false,false
wmx822znjm,0.9889,6.612,0.9917,0.9869,true,false,false,true
528bdpuz2n,0.9187,0.517,0.5952,0.1456,false,false,false,false
dnc1l1uuiy,0.9542,3.722,0.8522,0.9736,false,false,false,true
wzpkhfnedd,0.917,0.532,0.5805,0.1622,false,false,false,false
p7ip59aojj,0.9692,0.362,0.9268,0.0191,true,false,true,false
wh22r411xs,0.9773,2.042,0.9584,0.9207,true,false,false,true
wrs749s1d6,0.8943,0.746,0.4077,0.4097,false,false,false,false
59q3r5ssi7,0.9711,0.532,0.9347,0.1625,true,false,false,false
99syf2e5vl,0.8701,0.326,0.2557,0.0098,false,false,true,false
yb5y2ar2oc,0.9197,0.803,0.6031,0.4684,false,false,false,false
7pnbcl3xfi,0.9373,0.354,0.7406,0.0173,false,false,true,false
nqoaam49a2,0.8885,0.406,0.3632,0.0448,false,false,true,false
poz392btao,0.8434,0.841,0.1467,0.5008,false,false,false,false
nxnmr2iprg,0.8893,0.791,0.3684,0.4571,false,false,false,false
go6gfln130,0.8848,0.633,0.3405,0.2824,false,false,false,false
ie5n4qqzns,0.8753,0.397,0.2814,0.0399,false,false,true,false
ibcqkl2vrt,0.9244,2.211,0.6419,0.9316,false,false,false,true
3k1b4snb6o,0.9007,0.627,0.4539,0.2748,false,false,false,false
i7sv5osvif,0.919,0.565,0.598,0.2009,false,false,false,false
ujhdivyc6q,0.9711,0.925,0.9349,0.572,true,false,false,false
ylvr2hbmmp,0.8801,0.393,0.3087,0.0361,false,false,true,false
8rloks915h,0.9176,0.836,0.585,0.4968,false,false,false,false
5q5v28e720,0.9723,1.752,0.941,0.8866,true,false,false,false
9zwr837tqi,0.9305,0.863,0.6878,0.5193,false,false,false,false
vltsdwjfr3,0.9868,2.356,0.9884,0.9406,true,false,false,true
csggba9weo,0.9006,0.504,0.4524,0.1285,false,false,false,false
a517hs2xft,0.9586,0.64,0.8755,0.2905,false,false,false,false
y2kgyxcnik,0.8956,1.165,0.4186,0.7168,false,false,false,false
kz1yco7zdx,0.9254,0.773,0.6465,0.439,false,false,false,false
zbievhh4ak,0.9604,0.524,0.8847,0.1535,false,false,false,false
fd5s66n17l,0.9304,0.851,0.6863,0.5097,false,false,false,false
g3zdmvpt08,0.923,0.568,0.6316,0.205,false,false,false,false
z37dde04rn,0.8423,0.752,0.1433,0.4158,false,false,false,false
solt1hls0i,0.9574,0.907,0.869,0.557,false,false,false,false
djl7tec4qb,0.9081,1.04,0.507,0.654,false,false,false,false
nykl6r2eu2,0.9847,1.039,0.9827,0.6531,true,false,false,false
8b8lplt90u,0.8732,0.556,0.2713,0.1916,false,false,false,false
rb2fl2s7t3,0.7812,0.602,0.0319,0.2423,false,true,false,false
k31iffrxdo,0.9814,0.261,0.9732,0.0008,true,false,true,false
f7y7fhbfnu,0.9105,0.722,0.5287,0.3832,false,false,false,false
e602hblobw,0.8718,0.447,0.2648,0.0775,false,false,true,false
9hu5jbtylr,0.9805,1.131,0.9692,0.7023,true,false,false,false
39vqeclh6f,0.8947,1.006,0.4114,0.6325,false,false,false,false
i0dkkun21v,0.7951,0.656,0.0445,0.3069,false,true,false,false
6pmuplwfd5,0.893,1.064,0.3973,0.6683,false,false,false,false
8pmfrcgmtg,0.9752,0.537,0.9505,0.1683,true,false,false,false
gbbhi7u30b,0.8964,2.535,0.4251,0.9482,false,false,false,true
tj9mk3c3ca,0.9172,0.469,0.5825,0.0956,false,false,true,false
ph7g5vau6o,0.8834,0.514,0.3311,0.1415,false,false,false,false
nynfbb9cj5,0.9544,1.278,0.8533,0.7675,false,false,false,false
b4bupsbegt,0.8467,0.771,0.156,0.4383,false,false,false,false
0aw6qb85u0,0.895,1.094,0.4132,0.6852,false,false,false,false
3wjbqskzh0,0.8418,0.429,0.1409,0.0613,false,false,true,false
78uu6chnh5,0.9292,0.704,0.6768,0.3637,false,false,false,false
bp2jwg3oco,0.8977,1.649,0.4324,0.8711,false,false,false,false
yrvg6bexwn,0.8915,0.938,0.3846,0.5821,false,false,false,false
2fpxaz4q1s,0.7941,0.739,0.043,0.4024,false,true,false,false
5bnxy8nnru,0.9754,1.036,0.9521,0.6506,true,false,false,false
c3k6imbqwn,0.8872,0.706,0.356,0.3662,false,false,false,false
r9e1n6eyq9,0.8594,0.817,0.2082,0.4793,false,false,false,false
mqxjcdfz62,0.8827,0.829,0.3256,0.49,false,false,false,false
g93ykb69vv,0.8497,0.518,0.1673,0.1467,false,false,false,false
rfvu656w3m,0.857,0.814,0.1982,0.4778,false,false,false,false
faey07kdzg,0.9209,0.672,0.6131,0.3232,false,false,false,false
6yqpl9ewb7,0.8187,0.682,0.0825,0.336,false,true,false,false
vgpmkhlf0q,0.9239,0.505,0.639,0.1307,false,false,false,false
3c098uckp4,0.8797,0.52,0.3069,0.1495,false,false,false,false
uyy46g8evv,0.9725,0.771,0.9418,0.4382,true,false,false,false
tgqfo8vc1j,0.9411,0.498,0.7675,0.1238,false,false,false,false
0djjoxt70x,0.8267,0.626,0.0977,0.2737,false,true,false,false
9x43wonz5h,0.8322,0.603,0.1118,0.2451,false,false,false,false
8gdedbpkfm,0.91,0.782,0.5241,0.4459,false,false,false,false
h2fxhn0buy,0.966,0.572,0.9108,0.2086,true,false,false,false
wgw5q12z2n,0.9011,0.739,0.4575,0.4014,false,false,false,false
sy6a02jp7c,0.8914,0.374,0.3844,0.0251,false,false,true,false
bacdtvf5y3,0.9428,0.524,0.7798,0.1532,false,false,false,false
xlrdqywn5d,0.8552,0.471,0.1916,0.0988,false,false,true,false
ozy26asogb,0.9649,1.522,0.905,0.8428,true,false,false,false
7kf4ebktb3,0.9725,0.434,0.9416,0.0653,true,false,true,false
djig80gqwm,0.8822,1.002,0.322,0.6303,false,false,false,false
1bvrq0tn3q,0.8784,0.734,0.3003,0.397,false,false,false,false
ix8ikwrzvo,0.9139,0.829,0.5559,0.4901,false,false,false,false
198wqo0vhy,0.9433,0.778,0.7819,0.4427,false,false,false,false
39lmpp8b47,0.8335,0.594,0.1163,0.2353,false,false,false,false
wr00u18ofc,0.8017,0.791,0.0521,0.4563,false,true,false,false
yksqfh2z6b,0.8921,0.588,0.3908,0.2292,false,false,false,false
sw3ywzvlpo,0.8821,0.601,0.3213,0.2408,false,false,false,false
ldxhai19bl,0.9296,0.48,0.6797,0.1077,false,false,false,false
7tskmi0aks,0.9482,0.998,0.8131,0.6272,false,false,false,false
0x6bayra14,0.9157,0.449,0.57,0.0796,false,false,true,false
1bn9q8ka4z,0.9212,0.617,0.6151,0.2638,false,false,false,false
kxahz3hzqw,0.9723,3.359,0.941,0.9693,true,false,false,true
1zo1b1a95b,0.9081,1.236,0.5067,0.7484,false,false,false,false
r4e22g3pt3,0.8917,1.371,0.3879,0.8012,false,false,false,false
aaaw8jnvu6,0.7639,0.625,0.02,0.2717,false,true,false,false
fnjjgp8a2l,0.8823,1.464,0.3221,0.8277,false,false,false,false
wpgryrbc1b,0.8317,0.46,0.11,0.0885,false,false,true,false
k6ynzetfnf,0.9211,1.253,0.6144,0.7567,false,false,false,false
od0hpo4tlw,0.7943,0.579,0.0434,0.2174,false,true,false,false
vrlek9mnt9,0.8522,0.676,0.176,0.3281,false,false,false,false
xs104864ke,0.9103,0.979,0.5273,0.6129,false,false,false,false
00v8lgx5k4,0.94,0.619,0.7599,0.2651,false,false,false,false
meog8m2vum,0.92,0.434,0.6045,0.0652,false,false,true,false
rtin6uzw10,0.8882,0.755,0.3615,0.4195,false,false,false,false
g2bgm0i88w,0.8957,0.819,0.4193,0.4814,false,false,false,false
7k0lckr8a2,0.9525,0.788,0.8432,0.4527,false,false,false,false
2gl1ik04oc,0.888,0.68,0.3605,0.3331,false,false,false,false
a4cca855da,0.9293,0.725,0.677,0.3857,false,false,false,false
xa9sb41m0e,0.844,1.138,0.1479,0.7055,false,false,false,false
1qt3pqr5hb,0.9314,1.039,0.6948,0.6535,false,false,false,false
2jbjsggfw6,0.775,0.544,0.0268,0.176,false,true,false,false
vjvtld1h61,0.8785,0.712,0.3011,0.372,false,false,false,false
3vvpn8q787,0.9073,1.163,0.5002,0.7153,false,false,false,false
wqrqetaby7,0.9107,0.467,0.5302,0.0939,false,false,true,false
jbcdz9vp40,0.822,1.303,0.0885,0.7766,false,true,false,false
8y6xo2ol3o,0.9207,0.642,0.611,0.2912,false,false,false,false
evpka5h336,0.9858,1.64,0.9876,0.8682,true,false,false,false
uca13lneen,0.9619,2.393,0.8918,0.9428,false,false,false,true
dyqtvqeb7m,0.8614,1.24,0.2174,0.7502,false,false,false,false
8xrgnhtybm,0.8809,1.003,0.3129,0.6306,false,false,false,false
08d4p2o2pf,0.8818,1.342,0.319,0.7909,false,false,false,false
3twqj343sm,0.9806,3.885,0.971,0.975,true,false,false,true
qzyje22zn7,0.9557,0.8,0.8608,0.4657,false,false,false,false
ddmxn5ob4t,0.8932,1.651,0.3991,0.8713,false,false,false,false
3f31ccnb1f,0.9403,0.477,0.7625,0.1039,false,false,false,false
n0i3ka01jv,0.8928,1.782,0.3952,0.8914,false,false,false,false
8uifkiwlha,0.8297,0.746,0.1043,0.41,false,false,false,false
7igy20qkt1,0.9741,6.143,0.9463,0.9859,true,false,false,true
31rn6wktke,0.9012,0.87,0.4586,0.5251,false,false,false,false
62rqonwo01,0.9104,0.865,0.5278,0.5215,false,false,false,false
h63ncvkxpw,0.9245,0.472,0.6428,0.0995,false,false,true,false
txmo46e8b9,0.9447,0.455,0.7914,0.0843,false,false,true,false
hrrsvcpnk6,0.8769,0.586,0.2901,0.2256,false,false,false,false
01nxq3jnwq,0.9429,0.763,0.7801,0.4284,false,false,false,false
6i9hauecvb,0.9467,0.828,0.8044,0.4886,false,false,false,false
ype6wnui2n,0.9312,0.449,0.6926,0.0794,false,false,true,false
kdff5d7ak5,0.7868,0.722,0.0361,0.3825,false,true,false,false
rydo00fyc2,0.9721,1.562,0.9402,0.8516,true,false,false,false
33bb46nm1z,0.948,0.478,0.8123,0.1055,false,false,false,false
1j5r639m9b,0.9481,2.01,0.8125,0.9181,false,false,false,true
bgsont6s7a,0.7726,0.633,0.025,0.2818,false,true,false,false
48mivb93d2,0.9189,1.252,0.5964,0.756,false,false,false,false
9z1rperqiq,0.9271,0.884,0.6599,0.5378,false,false,false,false
inlynq1t9f,0.9513,1.978,0.8349,0.9144,false,false,false,true
7biqe50rzx,0.9441,4.538,0.7867,0.9796,false,false,false,true
4c9d10utto,0.9279,1.38,0.6654,0.8043,false,false,false,false
zwnwsx8ad9,0.8163,0.574,0.0761,0.2122,false,true,false,false
307p029ht2,0.8916,0.401,0.3857,0.0425,false,false,true,false
rpdyajdzwe,0.8993,0.949,0.4426,0.5921,false,false,false,false
vkrauiv38d,0.8804,0.551,0.3096,0.185,false,false,false,false
fkn62xnzu0,0.9006,0.603,0.4531,0.2449,false,false,false,false
1gw2itg5f4,0.7634,0.811,0.0196,0.4749,false,true,false,false
49c5vjsvf4,0.9561,0.825,0.863,0.4863,false,false,false,false
dyrnn34w7h,0.8065,2.304,0.0591,0.9376,false,true,false,true
wheqvrbv1a,0.9195,1.422,0.6016,0.8165,false,false,false,false
t1rzmt9te1,0.9825,0.774,0.9749,0.44,true,false,false,false
njn3cs0b18,0.9087,0.537,0.5126,0.1678,false,false,false,false
3b5jj6ijse,0.8688,0.523,0.2485,0.152,false,false,false,false
40tdzqv7or,0.8813,0.672,0.3162,0.3235,false,false,false,false
donclay3be,0.9441,0.918,0.7868,0.5661,false,false,false,false
gwnm8prpfv,0.8307,1.818,0.1069,0.8961,false,false,false,false
m3cgzn2dxr,0.937,0.588,0.737,0.229,false,false,false,false
wmn9nrrvyy,0.6322,1.277,0.0008,0.7672,false,true,false,false
gp2rit27kq,0.913,0.86,0.5494,0.5165,false,false,false,false
dxx28sszn2,0.848,0.708,0.1615,0.3677,false,false,false,false
pyqmk602jh,0.8352,1.112,0.1205,0.6929,false,false,false,false
edfnkku6sp,0.9615,0.506,0.8907,0.1314,false,false,false,false
j095rha87x,0.9206,0.566,0.6098,0.2021,false,false,false,false
0ab2eyoa36,0.7325,1.306,0.0083,0.7791,false,true,false,false
ewsshkzqag,0.9032,0.668,0.4741,0.3203,false,false,false,false
0p0cr50h46,0.9349,0.744,0.7205,0.4082,false,false,false,false
mxikurcntc,0.9523,5.216,0.8406,0.983,false,false,false,true
xw27ale9p7,0.9327,0.587,0.7044,0.2267,false,false,false,false
s1dn5j62a1,0.9107,0.688,0.5309,0.3445,false,false,false,false
z2hc22dx9m,0.9129,0.426,0.5488,0.0587,false,false,true,false
dx3tikk2l5,0.9292,0.662,0.6769,0.3141,false,false,false,false
w07n4u7t7a,0.8313,0.702,0.1093,0.36,false,false,false,false
zhx1tlldrp,0.7224,0.831,0.0062,0.4925,false,true,false,false
6ua9be6xtn,0.8786,1.247,0.3017,0.7536,false,false,false,false
vs3g1g96dg,0.9027,0.477,0.47,0.1043,false,false,false,false
7bger51qgs,0.9181,1.26,0.5894,0.761,false,false,false,false
2d5xdwop61,0.8061,0.888,0.0587,0.5407,false,true,false,false
t4rlz0ztm7,0.9161,0.633,0.5723,0.2821,false,false,false,false
zks91t574y,0.9275,0.935,0.6627,0.5798,false,false,false,false
osli0fy7ol,0.9613,0.949,0.8893,0.5922,false,false,false,false
egcxc75wcn,0.8959,0.971,0.4212,0.6077,false,false,false,false
jjgx50rjc7,0.8529,0.593,0.1793,0.2343,false,false,false,false
ak66ipxbf7,0.9189,1.025,0.5962,0.6436,false,false,false,false
jf3bewtlfr,0.9016,0.517,0.4614,0.1459,false,false,false,false
797rto9jws,0.9305,0.677,0.6875,0.3292,false,false,false,false
9952ykr99d,0.9026,0.583,0.4687,0.2221,false,false,false,false
y5td80qa3y,0.8917,1.697,0.3875,0.8795,false,false,false,false
a33ik42ek8,0.8652,0.862,0.2339,0.518,false,false,false,false
05jdhmxrcw,0.9183,4.082,0.5918,0.9761,false,false,false,true
rwx2xgytn1,0.8264,0.851,0.0974,0.51,false,true,false,false
dojc9fg91s,0.8683,0.672,0.2462,0.3239,false,false,false,false
70k3125lsa,0.9287,1.315,0.6733,0.7835,false,false,false,false
ibe6gyn3cy,0.9297,0.516,0.6803,0.1439,false,false,false,false
f2yml5bo1b,0.924,1.405,0.6399,0.8116,false,false,false,false
lrj3ycfdce,0.8957,0.378,0.4191,0.0268,false,false,true,false
3hwnqlxbds,0.9014,0.764,0.4597,0.4304,false,false,false,false
oj5nypvvcq,0.9494,1.462,0.8204,0.8272,false,false,false,false
zhhmv02ab5,0.8987,0.534,0.4385,0.1652,false,false,false,false
dfpcgj75jj,0.9487,0.921,0.8157,0.569,false,false,false,false
0jj40k7xbd,0.8936,0.874,0.4021,0.5273,false,false,false,false
ze0eoy99qj,0.9062,0.745,0.4939,0.4089,false,false,false,false
92tmmzzoox,0.9731,1.709,0.9438,0.8813,true,false,false,false
6wo9vrukvn,0.8116,0.393,0.0671,0.0354,false,true,true,false
engjxs3qac,0.9449,1.958,0.7931,0.9123,false,false,false,true
muu9i3lpsg,0.9421,0.621,0.7737,0.2677,false,false,false,false
501kh73aq0,0.5823,0.587,0.0004,0.227,false,true,false,false
2ogrc8kmgi,0.8424,0.431,0.1435,0.0633,false,false,true,false
4kpensvhyn,0.747,0.703,0.0124,0.3611,false,true,false,false
80z044k2um,0.8622,0.767,0.2201,0.4336,false,false,false,false
zed71gszic,0.9255,1.804,0.6477,0.8942,false,false,false,false
e3azrzvygz,0.9117,0.895,0.5393,0.5466,false,false,false,false
fvvuxr0a0u,0.9681,0.433,0.921,0.0641,true,false,true,false
hmokjkpwrj,0.9209,0.695,0.6128,0.3529,false,false,false,false
0iup7i18pa,0.8172,0.446,0.0786,0.0768,false,true,true,false
5vuohva7no,0.8574,0.488,0.2006,0.1142,false,false,false,false
9ql82u2o23,0.9184,2.086,0.5919,0.9239,false,false,false,true
v9j3hr4ftp,0.8956,0.457,0.418,0.0861,false,false,true,false
9dn8v2w949,0.8464,0.639,0.155,0.2891,false,false,false,false
a448778m2j,0.8493,0.876,0.1656,0.5296,false,false,false,false
dr1jy2kwfb,0.9118,0.46,0.5401,0.0888,false,false,true,false
unejzr6v5t,0.9299,1.063,0.682,0.6675,false,false,false,false
tjvo5w6930,0.9517,0.511,0.8369,0.1386,false,false,false,false
seiro2zs2n,0.8898,0.474,0.3719,0.1018,false,false,false,false
a2zc0kcbt2,0.912,0.938,0.5416,0.5823,false,false,false,false
0kthde0zby,0.9616,0.607,0.8911,0.2518,false,false,false,false
9ki9zdpyqe,0.886,0.955,0.348,0.5959,false,false,false,false
wnshw9i1n6,0.9104,1.106,0.528,0.6907,false,false,false,false
67ffpz0t4v,0.8573,0.319,0.2,0.0086,false,false,true,false
7go1474hz9,0.8752,1.892,0.2806,0.9045,false,false,false,true
p1017y1p33,0.9105,0.837,0.5294,0.4977,false,false,false,false
9waihln9ec,0.9762,6.464,0.953,0.9866,true,false,false,true
vkrgubobng,0.9078,0.525,0.5045,0.1543,false,false,false,false
28ii6v1iy7,0.9784,0.527,0.9627,0.1571,true,false,false,false
jdywde1amu,0.9316,1.25,0.6958,0.7549,false,false,false,false
wuddadgk3d,0.9278,0.521,0.665,0.1504,false,false,false,false
otiztn9fm9,0.8635,1.197,0.2259,0.7316,false,false,false,false
qyz83077lh,0.915,0.984,0.566,0.6167,false,false,false,false
76hiqbucks,0.9523,2.201,0.8403,0.9311,false,false,false,true
c82y2ubzfn,0.9933,13.683,0.9978,0.9932,true,false,false,true
3hw8kc98y7,0.9421,2.464,0.7743,0.9452,false,false,false,true
s4k3m25z9k,0.8362,0.735,0.1232,0.3984,false,false,false,false
e9ypj2b130,0.9286,0.99,0.6726,0.622,false,false,false,false
40di2510e2,0.9373,1.016,0.7399,0.6381,false,false,false,false
jxzk55m1ai,0.9636,1.027,0.9001,0.6448,true,false,false,false
mj5yfquzdk,0.9357,0.521,0.7279,0.1499,false,false,false,false
41cwmnmlgb,0.9459,0.551,0.7998,0.1836,false,false,false,false
6745cukwxg,0.8312,1.028,0.109,0.6457,false,false,false,false
5nu79dpdbc,0.9784,0.428,0.9615,0.0606,true,false,true,false
tertitw6hs,0.843,0.502,0.1455,0.1263,false,false,false,false
1gfegiric1,0.8927,0.506,0.3943,0.1316,false,false,false,false
pjw79nkaj4,0.9019,0.576,0.464,0.214,false,false,false,false
sg6lgxqnbx,0.9772,0.494,0.9575,0.1199,true,false,false,false
d1il7k76da,0.8899,1.878,0.3727,0.9032,false,false,false,true
3bx2nsgqta,0.9306,0.793,0.6884,0.4585,false,false,false,false
n8nzxfl3gz,0.9215,0.617,0.6172,0.2627,false,false,false,false
oiypibmrve,0.8445,0.557,0.1497,0.1944,false,false,false,false
6kc8826wpp,0.8647,0.712,0.2307,0.3724,false,false,false,false
umglzgsy54,0.9871,0.814,0.9901,0.4781,true,false,false,false
lpca81xxnm,0.778,0.404,0.0287,0.0434,false,true,true,false
31gkuhxsnc,0.9152,0.835,0.5672,0.4963,false,false,false,false
3zmuomz0tj,0.7299,0.539,0.008,0.1713,false,true,false,false
gwgnt253qv,0.8837,0.769,0.3336,0.4361,false,false,false,false
3mfbnpv89w,0.7835,0.97,0.0336,0.6067,false,true,false,false
ubqcyii772,0.7977,0.646,0.0472,0.2959,false,true,false,false
l0z338zkck,0.8007,0.768,0.0503,0.4357,false,true,false,false
w1il1mnku0,0.9308,1.6,0.6899,0.8595,false,false,false,false
x4xgltwig4,0.9912,3.107,0.9968,0.9652,true,false,false,true
q0o4u6tfoo,0.9497,0.546,0.8226,0.179,false,false,false,false
0skqs6d4o3,0.9742,1.157,0.947,0.7128,true,false,false,false
rmn1wx5sei,0.8627,1.003,0.2224,0.6305,false,false,false,false
2hwv14q80w,0.9231,0.631,0.633,0.2788,false,false,false,false
3kev4jen3p,0.8526,0.507,0.1783,0.133,false,false,false,false
e7txxlpigu,0.8582,0.583,0.2038,0.2212,false,false,false,false
ahrhvx7ud9,0.9016,1.205,0.4615,0.7353,false,false,false,false
ok3165cck3,0.815,1.043,0.0735,0.6556,false,true,false,false
pp528pahal,0.8301,0.479,0.1058,0.1065,false,false,false,false
qfkqxh6e15,0.8914,0.64,0.384,0.2901,false,false,false,false
0ornxfkaa1,0.7727,0.943,0.0253,0.5878,false,true,false,false
2b61sto51w,0.9454,0.886,0.7964,0.5392,false,false,false,false
0cjxtjuuhf,0.8421,0.389,0.1423,0.0333,false,false,true,false
pg62rzblqz,0.8572,0.777,0.1998,0.4416,false,false,false,false
lded0kunlz,0.8791,0.796,0.304,0.4614,false,false,false,false
ns0acylumg,0.8387,0.848,0.1304,0.5073,false,false,false,false
2ut3a7bhj0,0.8668,0.616,0.2404,0.2623,false,false,false,false
6kz4liw2zx,0.8649,1.089,0.2326,0.683,false,false,false,false
uterhua5ge,0.932,1.112,0.6994,0.6935,false,false,false,false
ik4ntf1i0n,0.9612,0.807,0.8882,0.4716,false,false,false,false
k7kbok64e9,0.8395,0.454,0.1329,0.083,false,false,true,false
ckrezk0rze,0.9561,2.175,0.863,0.9302,false,false,false,true
2c1zk4bxfe,0.9204,0.452,0.608,0.0812,false,false,true,false
usn31mzwz4,0.7847,1.882,0.0347,0.9033,false,true,false,true
5zbhmmdzu5,0.9754,0.622,0.9521,0.2688,true,false,false,false
mbs38s56u9,0.9437,0.953,0.7842,0.5944,false,false,false,false
p6ch6mm4pk,0.9524,1.327,0.8417,0.7866,false,false,false,false
4cp1f1nh7f,0.9702,5.192,0.9304,0.9829,true,false,false,true
d5g9fsm71t,0.9159,0.775,0.5705,0.4404,false,false,false,false
60f38vmuka,0.8154,0.752,0.0742,0.4162,false,true,false,false
fkip7s0gm6,0.9612,0.75,0.8882,0.414,false,false,false,false
y9nk4trofw,0.8647,0.606,0.2311,0.2504,false,false,false,false
e86yquxx5i,0.9171,0.455,0.581,0.0844,false,false,true,false
ukhuz1eig2,0.9751,6.653,0.949,0.9872,true,false,false,true
4lvt25312f,0.9191,0.529,0.5993,0.1598,false,false,false,false
di44pczbfc,0.8699,0.869,0.2543,0.5241,false,false,false,false
8j63boinp3,0.9753,1.779,0.951,0.8909,true,false,false,false
m3492guq22,0.9159,1.979,0.5707,0.9148,false,false,false,true
aiiisot3u5,0.961,1.915,0.8869,0.9074,false,false,false,true
yk5lkz3g50,0.8939,0.334,0.4045,0.0117,false,false,true,false
kr80umkfau,0.8403,0.68,0.1354,0.3346,false,false,false,false
inopxopm0w,0.7588,0.397,0.0177,0.0395,false,true,true,false
ymf4y48830,0.9302,0.573,0.6849,0.2105,false,false,false,false
h77qflkldb,0.9309,1.301,0.6908,0.7759,false,false,false,false
i53q6bzx9i,0.8421,0.879,0.1424,0.5332,false,false,false,false
7s0gjbtpmp,0.8043,0.434,0.0564,0.0651,false,true,true,false
4eqj9cjh5w,0.9341,0.544,0.7146,0.1765,false,false,false,false
irhyl5vyzd,0.9223,0.864,0.6252,0.5205,false,false,false,false
3n3b4v5i31,0.9118,0.66,0.5403,0.3129,false,false,false,false
pqthcwicsk,0.8665,1.084,0.2394,0.6791,false,false,false,false
c6vh2j3twj,0.8973,0.507,0.4298,0.1334,false,false,false,false
zrm3zarlwd,0.9168,0.468,0.5785,0.095,false,false,true,false
rkkrkdyq4f,0.945,0.617,0.7942,0.2629,false,false,false,false
erqh60ku6h,0.945,0.694,0.7938,0.3521,false,false,false,false
cfdqy32fe5,0.8441,0.757,0.1484,0.4226,false,false,false,false
n2wi4laedg,0.9113,0.437,0.5357,0.0685,false,false,true,false
m271k85wmz,0.8769,0.67,0.2908,0.3219,false,false,false,false
vf1s0j82go,0.9308,0.24,0.6897,0.0004,false,false,true,false
mfrqkfsbim,0.9409,0.645,0.7661,0.2952,false,false,false,false
qson7cm39q,0.9337,0.926,0.7123,0.5727,false,false,false,false
c8ljuesrn4,0.9734,0.846,0.9453,0.5048,true,false,false,false
a0r8o94oq6,0.9639,2.719,0.9005,0.9541,true,false,false,true
stgsqad1yc,0.9294,0.836,0.678,0.4966,false,false,false,false
fj9rawh1ao,0.9343,0.441,0.7168,0.0725,false,false,true,false
pmg186dk1j,0.9133,0.685,0.5521,0.3401,false,false,false,false
eoxu3y9e4c,0.8737,0.915,0.2737,0.5631,false,false,false,false
nrk2w8mkor,0.7548,0.436,0.0156,0.0673,false,true,true,false
mm5ta6rvld,0.6254,0.953,0.0007,0.5951,false,true,false,false
x0rzee0wn2,0.8938,0.534,0.4043,0.1658,false,false,false,false
7pi79d1lil,0.939,0.765,0.7522,0.4316,false,false,false,false
6hxfb7tcko,0.9224,0.454,0.6263,0.0833,false,false,true,false
5awzzyakvc,0.9425,1.84,0.777,0.899,false,false,false,false
i6z0468sqv,0.8312,0.882,0.1087,0.5364,false,false,false,false
2f3nk71ukz,0.9337,0.941,0.7128,0.5861,false,false,false,false
hnyb7b93p0,0.9552,0.805,0.8581,0.4704,false,false,false,false
voocgq57w7,0.9293,0.62,0.6773,0.2662,false,false,false,false
ag0t0mjr1y,0.9224,1.249,0.6272,0.7545,false,false,false,false
72wbijtjzt,0.932,0.701,0.698,0.3593,false,false,false,false
w6m0aguzfl,0.9539,1.43,0.8505,0.8183,false,false,false,false
tcph1vfspd,0.9004,0.367,0.451,0.0213,false,false,true,false
hnphh6fx8n,0.9191,0.848,0.5991,0.5074,false,false,false,false
qcvqynnve1,0.95,0.853,0.8244,0.5114,false,false,false,false
flx6pg1q8q,0.9106,1.116,0.5296,0.6955,false,false,false,false
nesfmxph5c,0.9181,0.378,0.5899,0.0267,false,false,true,false
olrhejeet7,0.8622,0.538,0.2199,0.1696,false,false,false,false
qmhkt4tnqd,0.9683,0.917,0.9226,0.5657,true,false,false,false
l1k9oefm7r,0.8628,0.684,0.223,0.3386,false,false,false,false
j0ph4a332u,0.9006,0.369,0.4525,0.0227,false,false,true,false
rjhah00bk9,0.8847,0.676,0.339,0.3285,false,false,false,false
371aawdcc2,0.9099,0.469,0.5234,0.0952,false,false,true,false
70mbnpghnf,0.8893,0.309,0.3675,0.0065,false,false,true,false
zbv6aov8p2,0.9047,0.511,0.485,0.139,false,false,false,false
7uleeqcisq,0.817,0.874,0.078,0.5278,false,true,false,false
azl3ri8oww,0.8826,1.072,0.3248,0.6715,false,false,false,false
wnhdjmc8w3,0.933,0.513,0.7065,0.1408,false,false,false,false
6kmrpc7uks,0.8522,0.798,0.1763,0.4642,false,false,false,false
rilbb2m0ph,0.969,1.306,0.925,0.7787,true,false,false,false
b9ddr95lim,0.8897,7.135,0.371,0.9877,false,false,false,true
6b1tzalzcj,0.9476,1.647,0.8099,0.8703,false,false,false,false
twklychx08,0.9479,0.953,0.812,0.5947,false,false,false,false
8y1snk229h,0.8094,1.083,0.0638,0.6779,false,true,false,false
hspfnh0qpn,0.9395,0.595,0.7556,0.2359,false,false,false,false
ugqj5yrfep,0.7806,0.421,0.0308,0.055,false,true,true,false
l2s2dyvsd0,0.9756,0.739,0.9522,0.402,true,false,false,false
ron72h6qb1,0.9393,0.496,0.7542,0.1224,false,false,false,false
ay152wgato,0.8043,0.441,0.0562,0.0716,false,true,true,false
g1rert0iqj,0.8528,0.66,0.179,0.3122,false,false,false,false
8zq86izm5f,0.9613,0.692,0.8898,0.3505,false,false,false,false
af8r88b7zs,0.891,1.182,0.3813,0.7259,false,false,false,false
nwlmie60hn,0.8271,0.427,0.0984,0.0601,false,true,true,false
rt33f0kanf,0.9184,0.68,0.5922,0.3333,false,false,false,false
b4bowk0q6e,0.9274,0.608,0.6621,0.2531,false,false,false,false
o2v2m1d1oh,0.7921,0.635,0.0412,0.2847,false,true,false,false
u1oqyeqe3t,0.7431,0.607,0.0111,0.251,false,true,false,false
efbhychrlh,0.9111,0.488,0.5345,0.1141,false,false,false,false
c10jjvfl9r,0.8406,0.54,0.137,0.1714,false,false,false,false
3xv6ilumvk,0.8737,0.283,0.2735,0.0023,false,false,true,false
drlo7trjhc,0.711,0.694,0.004,0.3514,false,true,false,false
1tkye1nn7v,0.8693,0.725,0.2511,0.3868,false,false,false,false
n5orkd7fgd,0.832,1.183,0.1112,0.7265,false,false,false,false
dv3722qgvn,0.8581,0.354,0.2029,0.0174,false,false,true,false
c6u5snkqtj,0.8987,0.731,0.4382,0.3937,false,false,false,false
8a6nas5lf6,0.8007,1.038,0.0506,0.6523,false,true,false,false
7y6r060lc3,0.8926,0.468,0.3933,0.0944,false,false,true,false
qxextbzc6h,0.8691,0.574,0.25,0.2114,false,false,false,false
4447kvnwps,0.8601,0.653,0.2112,0.3047,false,false,false,false
65wxt55vza,0.7155,0.527,0.0051,0.1567,false,true,false,false
nzo3q7e0ws,0.8876,0.503,0.3586,0.1275,false,false,false,false
sfmghmfoz8,0.9707,1.378,0.9326,0.8034,true,false,false,false
ldkkdi2cel,0.9496,0.797,0.8219,0.4636,false,false,false,false
jmgjaghlhl,0.8986,0.61,0.4376,0.2549,false,false,false,false
ozq0i04ags,0.9793,0.862,0.9653,0.5187,true,false,false,false
jc29ktcrwv,0.8946,0.909,0.4107,0.5581,false,false,false,false
ntuk0ct8wm,0.9201,1.404,0.6052,0.8112,false,false,false,false
83j844qjhj,0.7206,0.576,0.0058,0.2141,false,true,false,false
yzl6q1yo5s,0.8007,0.499,0.0504,0.1243,false,true,false,false
g93d8a3q6m,0.8391,0.585,0.1312,0.2249,false,false,false,false
dfmievi32r,0.9011,0.634,0.457,0.2831,false,false,false,false
rxydhfyqnm,0.8227,0.738,0.0902,0.4009,false,true,false,false
f960z5i05k,0.9526,0.425,0.8435,0.058,false,false,true,false
iulg0cldwh,0.8601,0.649,0.2107,0.2992,false,false,false,false
vd6mxywlih,0.8357,1.437,0.1221,0.82,false,false,false,false
9hxscwohu0,0.8684,0.583,0.2466,0.2207,false,false,false,false
t5nlk6uhmk,0.9013,0.678,0.4592,0.3304,false,false,false,false
9dln6pxwve,0.8593,0.939,0.2075,0.583,false,false,false,false
c7jjxsy4qb,0.7642,1.64,0.0202,0.8684,false,true,false,false
dy6jypml85,0.8897,0.496,0.3715,0.1218,false,false,false,false
cxtwkcv4u7,0.9013,1.203,0.4595,0.7344,false,false,false,false
0wf156g9qq,0.9278,0.673,0.6649,0.3252,false,false,false,false
45478banjt,0.9128,1.23,0.5484,0.746,false,false,false,false
zkhhk4r42a,0.8457,0.65,0.1526,0.3002,false,false,false,false
morl5svz70,0.8282,0.471,0.1008,0.0985,false,false,true,false
xoba3ijf42,0.9901,6.299,0.9946,0.9862,true,false,false,true
29ltbef1kp,0.8946,0.846,0.411,0.5057,false,false,false,false
kej1erbbt2,0.8833,0.476,0.3303,0.1037,false,false,false,false
kojqjd6syo,0.966,0.689,0.9115,0.3462,true,false,false,false
ytnxy13vx1,0.9611,0.365,0.8874,0.0202,false,false,true,false
2z7v8g1dlc,0.9402,1.147,0.7618,0.7089,false,false,false,false
pb3mj6dpjo,0.917,0.867,0.5802,0.523,false,false,false,false
weqp9ez68b,0.9308,0.941,0.6896,0.5856,false,false,false,false
xwqsr5m8ii,0.9165,0.993,0.5763,0.6241,false,false,false,false
20ntqru69h,0.8392,0.522,0.1321,0.1507,false,false,false,false
bzkn9nwtv7,0.9526,0.987,0.8436,0.6197,false,false,false,false
1vubc8uzdv,0.9613,1.441,0.8892,0.821,false,false,false,false
hyba283z4x,0.9309,1.345,0.691,0.7925,false,false,false,false
3t1kw19ppy,0.9145,0.923,0.5621,0.5701,false,false,false,false
q9jnoawwvq,0.8582,0.644,0.2035,0.2933,false,false,false,false
bw7hurlbl0,0.9098,0.52,0.5223,0.1488,false,false,false,false
zm0idq3ykq,0.8693,0.437,0.251,0.0678,false,false,true,false
t7rragr2kw,0.8834,0.557,0.3308,0.1942,false,false,false,false
bc1pd8f3k6,0.9562,1.052,0.8631,0.6618,false,false,false,false
ogvpkof06p,0.9622,1.378,0.894,0.8036,false,false,false,false
ml5e107cyw,0.9374,0.486,0.7414,0.1129,false,false,false,false
9tiqsnxp7a,0.9438,0.371,0.7844,0.0238,false,false,true,false
zdb11cv06s,0.9805,0.486,0.9699,0.113,true,false,false,false
w3o7txhpqk,0.971,1.636,0.9334,0.8674,true,false,false,false
5876bxj7g2,0.9134,1.372,0.5533,0.8016,false,false,false,false
c0izl9xecu,0.9398,1.086,0.7581,0.6806,false,false,false,false
ekloper9qk,0.8071,0.715,0.06,0.3751,false,true,false,false
0m8wnsxwq2,0.972,0.754,0.9384,0.4182,true,false,false,false
k3w0mjufr3,0.8948,0.709,0.4121,0.3694,false,false,false,false
m0jy75h1yw,0.9473,2.154,0.8077,0.9284,false,false,false,true
00zx8je03i,0.9109,0.931,0.5336,0.5756,false,false,false,false
mheodlbiuo,0.9055,0.482,0.4904,0.1095,false,false,false,false
rk5oskbacm,0.9857,0.389,0.9872,0.0334,true,false,true,false
5e47uc7suu,0.9083,0.446,0.509,0.0761,false,false,true,false
fvxo5mv431,0.653,0.602,0.0015,0.2438,false,true,false,false
60pxp7qmc6,0.8346,0.567,0.1195,0.2031,false,false,false,false
8je0bggvvt,0.8182,0.64,0.0814,0.2906,false,true,false,false
su5lkl9f3h,0.886,0.868,0.3478,0.5233,false,false,false,false
apv3z2vcge,0.9406,1.371,0.7641,0.8008,false,false,false,false
zk1hoorjm7,0.8285,0.462,0.1014,0.0902,false,false,true,false
e62480aulg,0.9335,1.785,0.7111,0.8916,false,false,false,false
av337axdr3,0.937,1.414,0.7377,0.8142,false,false,false,false
3v75ghip0l,0.9534,1.523,0.8478,0.8432,false,false,false,false
ncczfl6wwb,0.8546,0.651,0.1876,0.3016,false,false,false,false
b238u5tf87,0.889,0.739,0.3657,0.4021,false,false,false,false
ss8nzqe2gb,0.9392,0.779,0.7536,0.4436,false,false,false,false
jd1y1pdfpm,0.9441,2.152,0.7874,0.9282,false,false,false,true
v1wsrjfmoy,0.9132,0.676,0.5513,0.3289,false,false,false,false
lbmnp0nbfw,0.9453,0.983,0.7958,0.6157,false,false,false,false
0is2p8ke5p,0.9644,2.29,0.904,0.9365,true,false,false,true
hp4i8rlqgb,0.9347,0.827,0.7194,0.4874,false,false,false,false
z07ochknur,0.8958,1.822,0.4209,0.8971,false,false,false,false
nve3mtileb,0.8125,1.083,0.0685,0.678,false,true,false,false
m9ybyuwdq2,0.9539,1.041,0.8508,0.6551,false,false,false,false
7l3h6gsanj,0.7693,1.069,0.0221,0.67,false,true,false,false
lw2tv1a5yf,0.94,2.249,0.7596,0.9333,false,false,false,true
iexi9lz79q,0.8391,0.937,0.1314,0.5817,false,false,false,false
na1g7zbony,0.8871,1.254,0.3557,0.7571,false,false,false,false
x7gquxw14s,0.8729,0.93,0.2695,0.5752,false,false,false,false
ubv3h16t9z,0.9256,0.815,0.6484,0.4785,false,false,false,false
5t7701jmya,0.9082,0.614,0.5078,0.26,false,false,false,false
35t1wvon9p,0.9713,1.657,0.9362,0.8724,true,false,false,false
vd4cpnj0oo,0.8465,0.616,0.1554,0.2619,false,false,false,false
sadtgbh3u8,0.9253,0.569,0.6459,0.2056,false,false,false,false
a35d6n9s2f,0.8205,0.809,0.0854,0.473,false,true,false,false
are914taxk,0.8514,0.853,0.1728,0.5115,false,false,false,false
5mj8ipsu63,0.9055,0.458,0.4903,0.087,false,false,true,false
ti0arvkh71,0.9093,0.487,0.5183,0.1137,false,false,false,false
zw6uegk414,0.9251,0.798,0.6453,0.4643,false,false,false,false
asro37joi5,0.891,0.628,0.3809,0.2763,false,false,false,false
p9cdq06i65,0.9014,0.529,0.4601,0.1593,false,false,false,false
11nf27i7uu,0.8236,0.876,0.0914,0.5298,false,true,false,false
gygyw3avgw,0.8833,0.727,0.3302,0.3893,false,false,false,false
mu1xjnz87u,0.7863,0.338,0.0358,0.013,false,true,true,false
lidmu0xc58,0.8535,0.754,0.1835,0.4186,false,false,false,false
f88mj31eh3,0.8812,0.627,0.3155,0.2753,false,false,false,false
szym7hhnes,0.8309,0.531,0.1073,0.1615,false,false,false,false
ls627vcf0v,0.9488,0.447,0.8174,0.0774,false,false,true,false
swyskmdlgv,0.8943,0.69,0.4081,0.3466,false,false,false,false
se1azd311u,0.7806,0.981,0.0309,0.6143,false,true,false,false
iqr1bsfkcv,0.8854,0.513,0.3447,0.141,false,false,false,false
15emfkwhbz,0.926,1.252,0.6506,0.7562,false,false,false,false
z5jp87c7yl,0.9536,0.988,0.8487,0.62,false,false,false,false
pupsgk02oz,0.9539,0.526,0.8503,0.1555,false,false,false,false
l1o7do23n3,0.818,0.916,0.0811,0.5642,false,true,false,false
7uzm1xwjwu,0.8965,1.361,0.4259,0.7978,false,false,false,false
ktosh0lu3o,0.8113,0.456,0.0667,0.0855,false,true,true,false
ehati0hfn2,0.8677,0.701,0.2434,0.3596,false,false,false,false
o2hlf3f6o6,0.9604,1.295,0.8849,0.774,false,false,false,false
96szn3zdj4,0.9328,0.813,0.7051,0.4769,false,false,false,false
4sxydvzhq3,0.9198,0.627,0.604,0.2755,false,false,false,false
n07j42dvyh,0.9658,1.123,0.9097,0.6984,true,false,false,false
l1roqwx1ak,0.8071,7.633,0.0598,0.9888,false,true,false,true
gsv1jaall4,0.9018,1.164,0.4636,0.7157,false,false,false,false
w26c75ye90,0.9448,1.171,0.7921,0.7201,false,false,false,false
kz3ajft6vp,0.8681,2.078,0.2445,0.9228,false,false,false,true
owfb5qvirx,0.9505,1.29,0.8288,0.7718,false,false,false,false
9xn88ey5ql,0.8463,0.749,0.1542,0.4125,false,false,false,false
vr1t85gzco,0.9254,0.555,0.6473,0.1901,false,false,false,false
o1z36rn4it,0.95,1.248,0.825,0.754,false,false,false,false
x65odvzxmn,0.8454,0.491,0.1518,0.1173,false,false,false,false
078zfs206n,0.8837,0.79,0.3335,0.456,false,false,false,false
gcda4hc7y6,0.9021,0.492,0.4654,0.1187,false,false,false,false
xg493iypfg,0.9301,0.915,0.6845,0.5625,false,false,false,false
rynyft2o8q,0.8164,0.735,0.0764,0.3983,false,true,false,false
q5havm8ovs,0.9027,0.471,0.4701,0.0989,false,false,true,false
hgsfnqo3oj,0.7434,0.67,0.0113,0.322,false,true,false,false
qf7f4hharb,0.8498,0.462,0.1674,0.0899,false,false,true,false
2c60rfnuos,0.9325,0.527,0.7029,0.1573,false,false,false,false
0cron0k2b2,0.9218,2.355,0.6205,0.9405,false,false,false,true
zckobyesxh,0.935,0.611,0.7216,0.2554,false,false,false,false
89uz123gip,0.8858,0.542,0.3471,0.1738,false,false,false,false
5uyl9kntjr,0.9294,2.314,0.6784,0.9385,false,false,false,true
klul9wfthx,0.9467,2.027,0.804,0.9197,false,false,false,true
chwbxglv5i,0.8713,1.524,0.2629,0.8436,false,false,false,false
fpv9equmuo,0.8694,0.983,0.2514,0.6158,false,false,false,false
stikoqhjfv,0.892,0.747,0.3896,0.411,false,false,false,false
qp40ewgg8p,0.8481,0.587,0.1619,0.2272,false,false,false,false
gh23ufm0e0,0.6903,0.577,0.0029,0.2158,false,true,false,false
e50r3ap6nk,0.744,0.73,0.0119,0.3925,false,true,false,false
8un0otd16f,0.9033,2.361,0.4752,0.941,false,false,false,true
e7dk2wyubd,0.8484,0.654,0.163,0.3053,false,false,false,false
opqxxr639q,0.958,4.325,0.8713,0.9782,false,false,false,true
33l1htgvy1,0.823,1.422,0.0906,0.8168,false,true,false,false
9flce8siiu,0.9744,2.364,0.9475,0.9414,true,false,false,true
wvvdnzmfgj,0.7878,0.628,0.0373,0.2757,false,true,false,false
hep5gyvcmc,0.9475,1.04,0.8098,0.6544,false,false,false,false
ks76j33ut9,0.8944,0.831,0.409,0.493,false,false,false,false
fsk69t98fo,0.9065,1.129,0.4955,0.7018,false,false,false,false
pma8v1ty31,0.8248,0.688,0.0938,0.3452,false,true,false,false
bz9q5121p3,0.879,0.714,0.3039,0.3746,false,false,false,false
ia42hbwfvp,0.9439,0.366,0.7853,0.0204,false,false,true,false
vmxxxit7wo,0.8843,0.346,0.3375,0.0148,false,false,true,false
3klxzknc02,0.9224,0.779,0.627,0.4445,false,false,false,false
rmyft4t2qg,0.8702,0.596,0.2561,0.2373,false,false,false,false
b383h7tpte,0.8941,1.006,0.4061,0.6324,false,false,false,false
q3ggbhdk2e,0.9191,0.509,0.5994,0.1358,false,false,false,false
lnopu0af5u,0.8206,0.585,0.0859,0.2243,false,true,false,false
h4gv4wuup2,0.9256,0.479,0.6479,0.1068,false,false,false,false
oouk6oh4dc,0.8893,0.813,0.3679,0.477,false,false,false,false
5gvva7940n,0.8675,0.879,0.2426,0.5327,false,false,false,false
etjr79sfgq,0.9372,0.886,0.7392,0.5389,false,false,false,false
7rjaaz36qw,0.9741,0.541,0.9468,0.1724,true,false,false,false
xyl3by3zil,0.9487,0.317,0.8161,0.008,false,false,true,false
l4epbgwjbf,0.8458,0.914,0.1531,0.5622,false,false,false,false
tp5r1bw54i,0.89,0.763,0.3744,0.4288,false,false,false,false
4b2xuav1so,0.9429,0.573,0.7804,0.21,false,false,false,false
c9ydbva98u,0.8127,0.495,0.0693,0.1209,false,true,false,false
5a1uj9a9t7,0.9765,6.755,0.9559,0.9873,true,false,false,true
sei4jrzz7q,0.8915,0.527,0.3854,0.1564,false,false,false,false
t2xe6dcnpx,0.8467,0.412,0.1558,0.0489,false,false,true,false
h5pxpgw573,0.7968,0.59,0.047,0.2314,false,true,false,false
wvff77jp0c,0.9457,0.471,0.7985,0.0986,false,false,true,false
khk5lhyv93,0.9139,1.32,0.5566,0.7848,false,false,false,false
z03vsdhu31,0.8295,0.731,0.1037,0.3938,false,false,false,false
10s81fyh1g,0.8824,0.723,0.3231,0.3839,false,false,false,false
1a938iwwv2,0.9794,0.755,0.966,0.4188,true,false,false,false
bv5mxw4m7f,0.7413,0.322,0.0108,0.0093,false,true,true,false
p3lceg60vc,0.9712,1.781,0.9355,0.891,true,false,false,false
w5z9hcrxwa,0.8751,0.583,0.2801,0.2216,false,false,false,false
26mq8pmcgk,0.8433,0.382,0.1464,0.029,false,false,true,false
c41a2p8vg8,0.8944,0.775,0.4085,0.4403,false,false,false,false
1jx4qf6fj1,0.9039,1.105,0.4788,0.69,false,false,false,false
gtzwyb879z,0.7131,0.55,0.0046,0.1822,false,true,false,false
sgafpkbklk,0.9191,1.623,0.5987,0.8649,false,false,false,false
5fnwfh2u6d,0.8118,0.44,0.0677,0.0705,false,true,true,false
2unrsvxfss,0.9033,0.443,0.4751,0.0743,false,false,true,false
3qkql52s9j,0.9671,2.729,0.9173,0.9548,true,false,false,true
9urq4htk84,0.7907,0.408,0.0401,0.0461,false,true,true,false
z9ndbs3lxf,0.9189,1.419,0.5968,0.8161,false,false,false,false
e7hnp4yc5m,0.885,1.081,0.3423,0.6769,false,false,false,false
0ftwqjyc0y,0.9073,0.839,0.5008,0.4994,false,false,false,false
cqgng2hj1v,0.8695,0.683,0.2525,0.3376,false,false,false,false
e6y13b8rpa,0.9082,0.913,0.5085,0.5604,false,false,false,false
hflrmvkhas,0.8383,0.563,0.1292,0.1984,false,false,false,false
demm59bqz6,0.9539,0.694,0.8508,0.3516,false,false,false,false
vmen4gnx42,0.9326,1.306,0.7037,0.7783,false,false,false,false
dw6k1sj28d,0.8002,0.954,0.0499,0.5958,false,true,false,false
4gifhh75x6,0.8198,0.552,0.0843,0.1861,false,true,false,false
6k1uirc8s7,0.8164,0.608,0.0765,0.2529,false,true,false,false
i76t6mluhp,0.9681,2.295,0.9214,0.9367,true,false,false,true
q27emiar6m,0.9705,1.642,0.9322,0.8688,true,false,false,false
v5kizvhu44,0.8724,0.59,0.2674,0.2306,false,false,false,false
e6am144k3b,0.9383,0.934,0.7473,0.5791,false,false,false,false
fjzgiea657,0.9731,0.951,0.9427,0.5935,true,false,false,false
tgep3r5thi,0.8827,0.747,0.3257,0.4117,false,false,false,false
kfjzldf47n,0.9435,1.233,0.783,0.7476,false,false,false,false
fcg4sgc6a8,0.9505,0.826,0.8287,0.4868,false,false,false,false
nz9pylc31d,0.9805,0.954,0.9707,0.5954,true,false,false,false
yglfnzofnt,0.9253,0.847,0.6464,0.5063,false,false,false,false
i0mycf22ir,0.8871,0.822,0.3552,0.4835,false,false,false,false
y5d2u5ejuy,0.9617,0.432,0.8914,0.0634,false,false,true,false
z62ns983kw,0.8339,0.399,0.1176,0.0405,false,false,true,false
iff1sublv7,0.9267,0.308,0.6566,0.0062,false,false,true,false
0nonx6wkx2,0.8829,0.351,0.3277,0.0164,false,false,true,false
gyh32pu45f,0.963,0.736,0.8965,0.3985,false,false,false,false
ztzutej16g,0.9837,0.808,0.9807,0.472,true,false,false,false
atug5qh537,0.8814,1.155,0.3169,0.7116,false,false,false,false
uh4azqgf9n,0.941,2.016,0.7671,0.9186,false,false,false,true
brui2d9hlk,0.8474,0.631,0.1593,0.2786,false,false,false,false
3cy2vyg8jp,0.9334,1.081,0.7106,0.6765,false,false,false,false
248yorlrev,0.9175,0.389,0.5846,0.0329,false,false,true,false
9kihx2tupm,0.9454,0.627,0.7965,0.275,false,false,false,false
457isrvhsq,0.8721,0.946,0.2663,0.59,false,false,false,false
972gnajn6p,0.8781,0.519,0.2982,0.1477,false,false,false,false
k614ww8ezw,0.8928,0.765,0.3958,0.4314,false,false,false,false
8vl4y5lfjo,0.9095,0.564,0.5198,0.2006,false,false,false,false
4ns2itvuea,0.9218,1.727,0.6209,0.8851,false,false,false,false
mwf2e19a6p,0.8378,1.125,0.1274,0.6994,false,false,false,false
7yj2vzfhwi,0.8962,1.128,0.4231,0.7012,false,false,false,false
y0c9davpsy,0.9072,0.528,0.4992,0.1582,false,false,false,false
w35e8pokbk,0.9051,1.15,0.4878,0.7099,false,false,false,false
dh95gcd6s4,0.9623,0.877,0.8946,0.5316,false,false,false,false
5a326y2z6h,0.8488,0.652,0.1642,0.3031,false,false,false,false
ba54jf2yz6,0.9524,1.261,0.8414,0.7617,false,false,false,false
jyeph19p6r,0.8652,0.84,0.2336,0.4997,false,false,false,false
5ew5stir08,0.9323,0.546,0.7022,0.1788,false,false,false,false
gxw0zcxzfg,0.9601,0.718,0.8838,0.3793,false,false,false,false
zys8f0ow5z,0.8425,0.658,0.1439,0.3105,false,false,false,false
ela2iad3by,0.7874,0.452,0.0372,0.0816,false,true,true,false
6e8n42vxpp,0.9735,5.234,0.9456,0.9831,true,false,false,true
gf1pdkh5pr,0.9404,0.834,0.7631,0.4956,false,false,false,false
gu8pcxbfyd,0.8272,0.941,0.0986,0.586,false,true,false,false
qdymeuskk7,0.8508,0.336,0.1702,0.0123,false,false,true,false
ev92mfrydm,0.787,0.481,0.0362,0.1086,false,true,false,false
iqj2t1apke,0.9115,0.824,0.5378,0.4853,false,false,false,false
rhlmqetmnp,0.8374,0.631,0.1258,0.2793,false,false,false,false
ytlaisz2z2,0.9745,0.443,0.9479,0.0738,true,false,true,false
05dtoh3vdo,0.9016,0.943,0.4619,0.5885,false,false,false,false
s81hl48yfa,0.8776,0.58,0.2955,0.2187,false,false,false,false
0cl8ovai3w,0.8719,0.692,0.2652,0.3506,false,false,false,false
p7m3lldcu5,0.6963,1.001,0.0032,0.6283,false,true,false,false
0m24o8drda,0.8665,0.825,0.2395,0.486,false,false,false,false
wurntog1tn,0.7718,0.716,0.0245,0.3763,false,true,false,false
g8b17pea4q,0.8647,0.42,0.2308,0.0542,false,false,true,false
azz9nk2epx,0.9784,0.437,0.9627,0.0677,true,false,true,false
7kr4uzp2xo,0.9217,0.645,0.6201,0.2949,false,false,false,false
6kdju378d4,0.9774,0.581,0.9594,0.2188,true,false,false,false
7ytljipjbn,0.9498,1.173,0.8235,0.7218,false,false,false,false
eekbc8fkm8,0.8548,0.731,0.1884,0.3943,false,false,false,false
eoefwfywmd,0.7927,0.404,0.0413,0.0435,false,true,true,false
253gy1u2fc,0.7631,0.691,0.0195,0.3484,false,true,false,false
zyg3a81sc6,0.9122,1.952,0.5437,0.9117,false,false,false,true
j2n32hcul9,0.9666,0.494,0.9146,0.1202,true,false,false,false
xlxdtli8dz,0.8966,0.613,0.426,0.2586,false,false,false,false
qesauywlal,0.8583,0.566,0.2043,0.2024,false,false,false,false
ly6bppr41c,0.9041,0.731,0.4807,0.3936,false,false,false,false
9tek6uwkas,0.9407,0.664,0.7647,0.3158,false,false,false,false
w9l7eg5gby,0.9177,0.639,0.5863,0.2895,false,false,false,false
0tnn8e2vf0,0.8277,0.44,0.1002,0.0711,false,false,true,false
7ttt5tr7mp,0.9217,0.606,0.6191,0.2498,false,false,false,false
mba9psw62n,0.9427,0.678,0.7788,0.3306,false,false,false,false
3shaimzcj3,0.9474,4.886,0.8092,0.9812,false,false,false,true
kgzyqhx6t1,0.9593,0.518,0.8798,0.1466,false,false,false,false
txxaye0exg,0.8037,0.621,0.0557,0.2676,false,true,false,false
k1hi3gi3zi,0.9868,0.995,0.9884,0.6254,true,false,false,false
pl13rdqdgu,0.9155,0.919,0.5687,0.5665,false,false,false,false
fgaivdm8z2,0.8993,0.963,0.4427,0.6027,false,false,false,false
ycukwrqqgk,0.8382,0.683,0.1286,0.3375,false,false,false,false
enrysjls4m,0.9238,0.383,0.6383,0.0293,false,false,true,false
kaxkz8t7ts,0.9661,2.977,0.9127,0.9626,true,false,false,true
ys3yb2zd68,0.9585,0.563,0.8751,0.1989,false,false,false,false
d2xecr75ii,0.926,0.653,0.6511,0.304,false,false,false,false
pb3o7mzawr,0.8899,0.545,0.3733,0.1774,false,false,false,false
fw3tk0y75p,0.918,0.524,0.5885,0.1533,false,false,false,false
mb099thntc,0.9382,0.872,0.7464,0.5259,false,false,false,false
1yh8e5fd7w,0.9543,0.605,0.8529,0.2485,false,false,false,false
bpqz7yidzb,0.9661,1.532,0.9121,0.845,true,false,false,false
f34537l151,0.9424,0.577,0.7765,0.2156,false,false,false,false
wucprrs9p2,0.9535,1.039,0.8479,0.6537,false,false,false,false
h79rmqr4ll,0.9038,0.756,0.4776,0.4206,false,false,false,false
8d7mfz6jcn,0.849,0.863,0.1647,0.5195,false,false,false,false
iqgg4y1lzp,0.9282,1.373,0.6679,0.8018,false,false,false,false
cqfetc9tsg,0.789,0.92,0.0379,0.5678,false,true,false,false
9tuoqdkyc4,0.9172,0.563,0.5824,0.1981,false,false,false,false
wb11xfuqwq,0.9114,0.525,0.5367,0.1546,false,false,false,false
ud43al0bu2,0.8588,1.489,0.2062,0.8344,false,false,false,false
jov4cmkkzq,0.8649,0.626,0.2325,0.2728,false,false,false,false
2bolbyv1hd,0.9341,0.812,0.7149,0.476,false,false,false,false
3ej8vd457h,0.8701,0.832,0.2553,0.4943,false,false,false,false
h6x78gaoa9,0.8786,0.394,0.3016,0.0372,false,false,true,false
mtxo6qx49i,0.925,0.652,0.645,0.3032,false,false,false,false
bmrhzar79j,0.8904,1.518,0.3768,0.8417,false,false,false,false
kp99kfya1r,0.8994,0.377,0.4436,0.0258,false,false,true,false
q3vhnx6hui,0.8296,0.889,0.1039,0.5414,false,false,false,false
t2uj98sp19,0.9477,0.995,0.8106,0.6248,false,false,false,false
zkqrnk5kvo,0.9551,0.723,0.8569,0.3844,false,false,false,false
6c97dcnlpe,0.9442,0.888,0.7884,0.5408,false,false,false,false
pb3yf7wevv,0.9691,0.463,0.9262,0.0917,true,false,true,false
d48dehx6dm,0.9564,0.759,0.8642,0.4253,false,false,false,false
ggjuamidw6,0.9125,0.94,0.5469,0.5846,false,false,false,false
sj6x276elx,0.8577,0.399,0.2017,0.041,false,false,true,false
fbnkizecxk,0.9329,1.324,0.7055,0.7862,false,false,false,false
8keder78lk,0.9598,1.082,0.8823,0.6776,false,false,false,false
3sj871w9cy,0.9291,1.3,0.6756,0.7757,false,false,false,false
l7pnz46uqc,0.9613,0.349,0.89,0.0156,false,false,true,false
be0qpovhca,0.8292,0.469,0.1029,0.0963,false,false,true,false
u5xwi7q112,0.8714,0.366,0.2633,0.0206,false,false,true,false
yfdrg4seq6,0.8809,0.387,0.3132,0.0323,false,false,true,false
dw8qaujxyw,0.9133,0.443,0.5523,0.0742,false,false,true,false
zdwwiteej6,0.9272,1.08,0.6605,0.6761,false,false,false,false
p3rzu2uq02,0.9216,0.68,0.6187,0.3347,false,false,false,false
3xip0ceg2u,0.9264,0.278,0.6537,0.0017,false,false,true,false
fcfx2a3jig,0.8415,1.043,0.1401,0.6558,false,false,false,false
igrto9f47g,0.8515,0.711,0.173,0.3706,false,false,false,false
b5n0n418pa,0.9291,68.843,0.6755,0.9978,false,false,false,true
omzb3q14ys,0.8874,0.462,0.3571,0.0903,false,false,true,false
lsdqxhlfhz,0.9117,0.555,0.5392,0.1909,false,false,false,false
gdy8wt7np5,0.8319,0.708,0.1105,0.3683,false,false,false,false
n5g6t8gmc6,0.8414,0.652,0.1394,0.3024,false,false,false,false
zuhzj30rga,0.8662,0.409,0.2377,0.0471,false,false,true,false
7zf6xgomw2,0.9321,0.56,0.7,0.1956,false,false,false,false
wg5kq67dte,0.867,0.832,0.2408,0.494,false,false,false,false
7f81s5t9jd,0.879,0.704,0.3034,0.3628,false,false,false,false
vtdy75ogez,0.8243,1.225,0.0931,0.744,false,true,false,false
7wxl9lfyuh,0.9008,0.464,0.4548,0.0926,false,false,true,false
g0f60c4f3c,0.9355,0.554,0.7265,0.1888,false,false,false,false
vbc46vrr47,0.8624,0.739,0.2213,0.4028,false,false,false,false
dtge9hnwcm,0.9021,0.869,0.4653,0.5248,false,false,false,false
3gfb2n3re1,0.9018,0.519,0.4629,0.1475,false,false,false,false
d4kqwubb0x,0.9226,0.543,0.6283,0.1756,false,false,false,false
oq1ky3j43g,0.9221,0.845,0.6244,0.5038,false,false,false,false
4riulmj8b8,0.8297,0.408,0.1046,0.0464,false,false,true,false
zsizebueaa,0.9177,0.666,0.587,0.3179,false,false,false,false
t0mnc665x1,0.8333,1.217,0.1159,0.7406,false,false,false,false
1q0xc0gt7p,0.9673,2.108,0.9182,0.9255,true,false,false,true
ongb8121tu,0.9273,0.585,0.6614,0.2252,false,false,false,false
soebzlzh2k,0.9491,0.702,0.8193,0.3607,false,false,false,false
naivik65aq,0.9294,1.209,0.6781,0.7381,false,false,false,false
l34hyyd23z,0.9245,0.481,0.643,0.109,false,false,false,false
qo49nrh6kd,0.7695,0.796,0.0225,0.4621,false,true,false,false
cwu1dr8xc5,0.9602,0.964,0.884,0.6031,false,false,false,false
m160blc1un,0.8923,0.41,0.3916,0.0474,false,false,true,false
tk5oo8z9n2,0.9199,0.552,0.6044,0.1852,false,false,false,false
qv2pu7ibby,0.9056,0.593,0.4912,0.2337,false,false,false,false
qx0cgw6m6r,0.963,0.529,0.8972,0.1597,false,false,false,false
mfhz4c9s69,0.922,0.537,0.623,0.1684,false,false,false,false
vqseffte9c,0.9551,1.088,0.8562,0.6819,false,false,false,false
l9behk8sv8,0.9732,0.42,0.9446,0.0547,true,false,true,false
f576ffjo3z,0.9195,1.28,0.6015,0.7686,false,false,false,false
dkd05105xf,0.9372,0.557,0.7393,0.1939,false,false,false,false
bxujytpbb5,0.773,0.487,0.0254,0.1138,false,true,false,false
ptqni0wja0,0.9353,5.501,0.7247,0.9841,false,false,false,true
cjp0kj1mlm,0.907,1.475,0.4983,0.8306,false,false,false,false
q27dsms4lz,0.8912,1.616,0.3824,0.863,false,false,false,false
atcby3seyz,0.8873,0.584,0.3561,0.2225,false,false,false,false
zhbop34zb7,0.8974,0.847,0.4307,0.507,false,false,false,false
a4ohz2chzh,0.9146,0.746,0.5625,0.4101,false,false,false,false
i31f5m2tjw,0.7354,1.142,0.009,0.7074,false,true,false,false
nqls8x4x1p,0.9498,2.07,0.8239,0.9225,false,false,false,true
20zaflw41t,0.9401,0.41,0.7606,0.0472,false,false,true,false
xr4ur0kqcv,0.8155,1.163,0.0747,0.7154,false,true,false,false
1gsj6tfi9a,0.7579,1.059,0.0173,0.6654,false,true,false,false
izocul9x13,0.9005,1.034,0.4519,0.6494,false,false,false,false
0iskir0hhs,0.9224,0.916,0.6267,0.564,false,false,false,false
q1bxy9o31k,0.8973,1.006,0.4296,0.6327,false,false,false,false
92j1zqs49i,0.8949,0.727,0.4126,0.389,false,false,false,false
p7zf38rr2g,0.9177,0.457,0.5861,0.0865,false,false,true,false
2d6o71fi9g,0.9711,1.03,0.9344,0.6469,true,false,false,false
1ef3yl51rd,0.9449,2.174,0.7936,0.9301,false,false,false,true
dk2qkpgkw0,0.8246,0.391,0.0932,0.0341,false,true,true,false
o6ss9wsark,0.9185,0.588,0.5936,0.2279,false,false,false,false
3sct2hgevv,0.8918,0.685,0.3885,0.3405,false,false,false,false
72w4dw1w7v,0.682,0.717,0.0022,0.3775,false,true,false,false
28n290ok0t,0.9391,3.01,0.7529,0.963,false,false,false,true
cwz16v0119,0.9538,2.682,0.8497,0.9532,false,false,false,true
yfzba73gsz,0.8763,3.926,0.2865,0.9754,false,false,false,true
uk6adwnmcr,0.8741,0.603,0.2748,0.2458,false,false,false,false
kdox752z13,0.9933,1.033,0.9978,0.6491,true,false,false,false
fytudvg87f,0.9133,0.731,0.5517,0.3944,false,false,false,false
capyg10sur,0.8805,0.5,0.3101,0.125,false,false,false,false
ef9mrpx2an,0.8488,1.097,0.1645,0.6867,false,false,false,false
icymzoqxcy,0.8509,0.772,0.1706,0.4387,false,false,false,false
v51p1wi8lb,0.8758,0.385,0.2839,0.0311,false,false,true,false
z1mysn6k30,0.8577,2.256,0.2018,0.9337,false,false,false,true
n6bfjpzzwf,0.9495,0.572,0.8212,0.2093,false,false,false,false
3zvdrx4vrx,0.8,0.646,0.0495,0.2962,false,true,false,false
hx4bp19lda,0.833,0.957,0.1145,0.5976,false,false,false,false
s7y6ct951k,0.8047,0.62,0.0566,0.2666,false,true,false,false
90xyeigji3,0.8955,1.146,0.4169,0.7085,false,false,false,false
cic1ndeuly,0.8262,0.843,0.0964,0.5016,false,true,false,false
vmt60s5uqq,0.8955,0.612,0.4168,0.2582,false,false,false,false
bbmct2e0bh,0.9556,2.425,0.8596,0.9439,false,false,false,true
ezvmngd2o0,0.9847,1.078,0.9827,0.6752,true,false,false,false
nipwyw4in9,0.8734,0.547,0.2721,0.1799,false,false,false,false
uyljx5k9lo,0.9733,0.599,0.9452,0.2394,true,false,false,false
j62rikq0v0,0.8969,0.434,0.4278,0.0648,false,false,true,false
qnyryl63gg,0.9281,0.79,0.6675,0.4557,false,false,false,false
g63g4xe2tk,0.9213,0.636,0.6157,0.2858,false,false,false,false
die41k6xs9,0.7689,0.435,0.0218,0.0664,false,true,true,false
endzfhbzwi,0.8989,0.69,0.4398,0.3483,false,false,false,false
fmqdo3eplq,0.9416,0.51,0.771,0.1368,false,false,false,false
uoe1iu12uo,0.9389,1.078,0.7513,0.6745,false,false,false,false
gmyd2pzccc,0.9082,0.904,0.5077,0.5549,false,false,false,false
wb2w1kkkec,0.8431,0.513,0.1457,0.1409,false,false,false,false
mg1rk1wh41,0.917,0.574,0.5806,0.2115,false,false,false,false
bmcp1595i7,0.8754,1.369,0.2818,0.7997,false,false,false,false
68im3igttx,0.9218,0.679,0.6212,0.3321,false,false,false,false
9osjx7f3l2,0.9631,1.298,0.8976,0.7752,false,false,false,false
b284qnvmsm,0.94,0.72,0.7592,0.3807,false,false,false,false
w19fxyohoe,0.9557,0.88,0.8609,0.5341,false,false,false,false
mx9dmo2pis,0.7995,0.636,0.0485,0.2854,false,true,false,false
bxh2ijuweo,0.8945,0.779,0.4093,0.4437,false,false,false,false
3jqy6tnlvg,0.9384,0.329,0.7482,0.0108,false,false,true,false
en6ebnvl8f,0.8809,0.757,0.313,0.4223,false,false,false,false
b7c73gppmg,0.9762,1.253,0.9537,0.7566,true,false,false,false
09jplfq9ie,0.8506,0.478,0.1698,0.1051,false,false,false,false
pcszwsk0dr,0.884,1.255,0.3357,0.7577,false,false,false,false
sts8hm7vw7,0.8831,0.405,0.3288,0.0439,false,false,true,false
cejyuhbznq,0.8706,1.256,0.2585,0.7589,false,false,false,false
8vz8i33b6n,0.9121,2.3,0.543,0.9371,false,false,false,true
wvzoch5m8s,0.917,0.817,0.5803,0.4795,false,false,false,false
si0tdmcutb,0.9286,0.844,0.6723,0.5032,false,false,false,false
7j7shumb4d,0.9174,1.501,0.5832,0.838,false,false,false,false
i7d8ctixmv,0.8825,0.619,0.3244,0.265,false,false,false,false
14z2r82nec,0.8988,0.672,0.4393,0.3244,false,false,false,false
f1eb3trcn3,0.8156,1.084,0.0751,0.679,false,true,false,false
kld7xxjhpu,0.89,0.574,0.3735,0.2126,false,false,false,false
p5j5evvioy,0.8287,0.598,0.1019,0.2386,false,false,false,false
8i18jzxkjk,0.8019,0.947,0.0525,0.5906,false,true,false,false
b17rw19fby,0.8453,1.172,0.1514,0.721,false,false,false,false
ywf1f9k2js,0.7955,0.68,0.045,0.3337,false,true,false,false
45m1tm2ec3,0.9082,0.382,0.5084,0.0289,false,false,true,false
o733nihj25,0.9036,0.611,0.4764,0.2563,false,false,false,false
quookruit6,0.8603,0.475,0.2123,0.1025,false,false,false,false
xhlwym7c9w,0.8129,0.593,0.0696,0.2335,false,true,false,false
qybigu4sgq,0.8301,0.792,0.1055,0.4582,false,false,false,false
vg5gsc0czj,0.9004,0.55,0.4506,0.183,false,false,false,false
dp53b0hl8r,0.8485,0.563,0.1637,0.1986,false,false,false,false
wzk3gmq79i,0.8692,5.087,0.2504,0.9823,false,false,false,true
i22v3q4r5h,0.915,0.979,0.5657,0.6135,false,false,false,false
a0njd0pjbu,0.9588,0.946,0.8766,0.5897,false,false,false,false
puqu1qt4a7,0.9197,0.733,0.6028,0.3959,false,false,false,false
m3r9m11gk6,0.913,1.189,0.5499,0.7274,false,false,false,false
t2suj6ymif,0.8382,0.641,0.1287,0.2909,false,false,false,false
hrquwznb84,0.9614,0.607,0.8903,0.2509,false,false,false,false
7hzjrlom94,0.9023,0.685,0.4673,0.3402,false,false,false,false
zo3j6c0pdp,0.9901,8.281,0.9946,0.9892,true,false,false,true
ah6qwf1ppi,0.9449,1.205,0.7932,0.7357,false,false,false,false
dnphtqjtnc,0.8704,0.605,0.2575,0.2487,false,false,false,false
nhzjtcmebu,0.7712,0.697,0.024,0.3547,false,true,false,false
85x1t4hota,0.9645,0.574,0.9044,0.2123,true,false,false,false
mspb1v1nvy,0.9054,0.868,0.4892,0.5236,false,false,false,false
h5apsv7evu,0.9292,1.498,0.6758,0.8373,false,false,false,false
l3d9mv18gt,0.8729,1.081,0.2697,0.6763,false,false,false,false
o5ixek1drb,0.9235,0.9,0.6361,0.5515,false,false,false,false
i7ov1w6vpe,0.7345,0.732,0.0088,0.3954,false,true,false,false
a7o1jmtc27,0.861,2.018,0.2156,0.9188,false,false,false,true
5epttez4hq,0.9103,0.437,0.5271,0.068,false,false,true,false
cpm6m3vevk,0.8859,1.656,0.3476,0.8719,false,false,false,false
fweo13zk31,0.8266,0.425,0.0975,0.0584,false,true,true,false
km45hxh7c4,0.8493,1.336,0.1658,0.7895,false,false,false,false
jks8jw61sg,0.9764,0.499,0.955,0.1242,true,false,false,false
yspq9tt8s9,0.8319,0.678,0.1109,0.3308,false,false,false,false
lp5vnsudvt,0.8408,0.629,0.1374,0.2771,false,false,false,false
22ox55p690,0.9007,1.034,0.4538,0.65,false,false,false,false
ab7wnw01sp,0.8867,0.717,0.3525,0.3773,false,false,false,false
ra8znqrmfd,0.8689,1.476,0.2488,0.8311,false,false,false,false
vggcrlxfjy,0.9891,3.136,0.9939,0.9655,true,false,false,true
ewunbxqr3t,0.835,0.469,0.12,0.096,false,false,true,false
8733g42i6t,0.9366,1.164,0.7339,0.7156,false,false,false,false
36022ongo2,0.9682,1.084,0.922,0.6785,true,false,false,false
qmc6r145hb,0.8312,0.673,0.1084,0.3248,false,false,false,false
9ymrmoopz6,0.9221,0.686,0.6247,0.3411,false,false,false,false
6j55emiovw,0.8721,0.648,0.2667,0.2984,false,false,false,false
o2eqozoxb8,0.8644,0.427,0.2292,0.0597,false,false,true,false
ko1qhnc25u,0.7777,0.797,0.0286,0.4628,false,true,false,false
ofqojnnyt0,0.8656,0.739,0.2355,0.4017,false,false,false,false
fyfqtyphq3,0.8926,0.441,0.393,0.072,false,false,true,false
2g46l2pqzd,0.8463,0.802,0.1546,0.4664,false,false,false,false
1aj9f1v7qe,0.8135,0.748,0.0709,0.4122,false,true,false,false
ugi9e7x4bh,0.9838,11.687,0.9812,0.9924,true,false,false,true
nhbqji7v8i,0.8466,0.69,0.1555,0.3481,false,false,false,false
86tgu2w6pz,0.881,0.343,0.3134,0.0142,false,false,true,false
zm90epxik5,0.9847,0.491,0.9827,0.1166,true,false,false,false
2x50tkds8s,0.9146,1.018,0.5631,0.639,false,false,false,false
1pk1ylxx92,0.9835,1.718,0.9787,0.8834,true,false,false,false
ji15avdq1y,0.9183,0.393,0.5914,0.0359,false,false,true,false
4k1tga8l7v,0.9857,0.875,0.9872,0.5291,true,false,false,false
kvf29j2awe,0.8492,1.037,0.1655,0.6509,false,false,false,false
g5i6nkzs0r,0.9702,0.356,0.9295,0.0178,true,false,true,false
2n2r1p0l40,0.8946,0.379,0.4111,0.0272,false,false,true,false
tw8m4lgpt0,0.9141,0.826,0.5589,0.4869,false,false,false,false
2rwnvzjruh,0.9479,1.917,0.8117,0.9077,false,false,false,true
6oc85dts1j,0.9608,0.404,0.8856,0.0438,false,false,true,false
ht9jd16d7z,0.9371,0.547,0.7385,0.1794,false,false,false,false
766ep5tniu,0.911,0.629,0.5341,0.2774,false,false,false,false
547vz0l7vl,0.9302,0.727,0.6852,0.3886,false,false,false,false
sbk5153hqq,0.9556,1.327,0.8596,0.7864,false,false,false,false
dl8gb2d15g,0.9783,2.63,0.9613,0.9519,true,false,false,true
bl0omhi44y,0.741,0.538,0.0105,0.1688,false,true,false,false
djdiuzqfxr,0.9307,0.415,0.6893,0.0504,false,false,true,false
2ds3129h0w,0.9021,0.631,0.4657,0.2795,false,false,false,false
0eceg7zw3h,0.9086,0.514,0.5117,0.1413,false,false,false,false
qd1qy2cxpv,0.9489,1.339,0.8175,0.7903,false,false,false,false
zj4ix6kejj,0.9164,0.701,0.5752,0.3592,false,false,false,false
ldwac1o1zo,0.964,0.843,0.9016,0.5026,true,false,false,false
smhyl22lcn,0.9118,0.84,0.54,0.4999,false,false,false,false
kb9glr2899,0.9477,1.456,0.8103,0.825,false,false,false,false
r8h254mvnk,0.9978,0.905,1,0.555,true,false,false,false
5zgheuombh,0.8411,0.384,0.1384,0.0303,false,false,true,false
vzhb8j6gd5,0.8165,0.687,0.0771,0.3438,false,true,false,false
df8wmvyyq9,0.8528,0.723,0.1789,0.384,false,false,false,false
omq7s011m2,0.8278,0.53,0.1003,0.1608,false,false,false,false
6flv4yib03,0.9299,1.849,0.6823,0.9001,false,false,false,true
sy60fay5g7,0.8876,1.088,0.3588,0.6816,false,false,false,false
ed2o97qfws,0.8583,0.571,0.2046,0.2076,false,false,false,false
ufr7qtj5qi,0.9313,1.131,0.6942,0.7022,false,false,false,false
jg3p3b85hd,0.7865,0.879,0.0359,0.5325,false,true,false,false
h2gklv8dd5,0.93,0.959,0.6837,0.5987,false,false,false,false
n0sig5l59d,0.808,0.606,0.0615,0.2491,false,true,false,false
n75feikc5t,0.7284,0.666,0.0076,0.3177,false,true,false,false
ege3d13mum,0.8865,0.943,0.3506,0.5879,false,false,false,false
kk00h9o9ot,0.9193,0.859,0.6009,0.5153,false,false,false,false
7k44dezjer,0.7412,2.263,0.0106,0.9344,false,true,false,true
um5jbsfrq8,0.8237,1.684,0.0917,0.8768,false,true,false,false
67undljdi4,0.9502,0.657,0.8268,0.3083,false,false,false,false
iqo581tkgj,0.9335,0.423,0.7107,0.0566,false,false,true,false
6e6o7bfhpl,0.8353,1.23,0.1209,0.7461,false,false,false,false
xnoo2vrubn,0.8894,0.52,0.369,0.1486,false,false,false,false
7tf42btw1o,0.8898,0.783,0.3722,0.448,false,false,false,false
yqpp2nfz3u,0.9285,2.026,0.6707,0.9196,false,false,false,true
9f76ozy0pt,0.9028,0.472,0.4705,0.0997,false,false,true,false
wlr7giw1vb,0.8676,0.768,0.243,0.434,false,false,false,false
08jyf6vryv,0.907,0.853,0.498,0.5113,false,false,false,false
rz89j3iffx,0.8752,0.805,0.2811,0.4698,false,false,false,false
lrikr783dy,0.8925,0.922,0.3929,0.5696,false,false,false,false
l0hnsd6u9n,0.9446,1.496,0.7909,0.8369,false,false,false,false
ooysaexcwz,0.9101,0.302,0.5249,0.0051,false,false,true,false
8uf14he565,0.9152,0.558,0.5673,0.1952,false,false,false,false
4n9qyexcdb,0.902,1.144,0.4646,0.708,false,false,false,false
0lpjafku19,0.955,1.916,0.8556,0.9076,false,false,false,true
i8dw52p4pg,0.9018,0.803,0.4633,0.4682,false,false,false,false
cwueuak0ai,0.715,0.544,0.005,0.1764,false,true,false,false
ca8bafie2f,0.9095,0.777,0.5197,0.4419,false,false,false,false
gs31i4vvyi,0.9671,1.959,0.9171,0.9126,true,false,false,true
m1avwwkb0v,0.8791,0.733,0.3043,0.3963,false,false,false,false
a4n0mvvjn8,0.8109,0.747,0.066,0.4114,false,true,false,false
d2bgw623k2,0.927,0.858,0.6589,0.5149,false,false,false,false
442vc96l2z,0.8126,0.969,0.0687,0.606,false,true,false,false
elkcanwf2d,0.9487,3.668,0.8159,0.9731,false,false,false,true
yipuki6ljg,0.935,0.498,0.7215,0.1232,false,false,false,false
pwx7kdg10y,0.9416,0.329,0.7707,0.0104,false,false,true,false
glkojxg42z,0.9396,0.924,0.7567,0.5709,false,false,false,false
b8vv2vj7z1,0.9675,0.704,0.9189,0.3641,true,false,false,false
lw4nstkbe7,0.9328,0.864,0.7052,0.5209,false,false,false,false
lgoax2pd3b,0.7375,0.761,0.0098,0.4273,false,true,false,false
uzvwk8h13o,0.9572,0.556,0.8672,0.1915,false,false,false,false
7celxgx72g,0.9253,0.78,0.6462,0.4452,false,false,false,false
6u3ib93tzn,0.9301,0.78,0.6848,0.4451,false,false,false,false
edk8l1bk7o,0.9075,2.541,0.5019,0.9486,false,false,false,true
4odusqwec9,0.8619,0.751,0.2184,0.4147,false,false,false,false
egz5b7ulx1,0.8724,0.35,0.2676,0.016,false,false,true,false
35yz2z0kqo,0.7482,0.493,0.0128,0.1194,false,true,false,false
zny7jate8l,0.752,0.544,0.0141,0.1757,false,true,false,false
3x3u5zprgj,0.971,1.233,0.933,0.7472,true,false,false,false
0ymphe3j8h,0.9165,0.876,0.5765,0.5305,false,false,false,false
7ungbopwmo,0.8783,1.336,0.2991,0.7896,false,false,false,false
yrk2tjgwwm,0.9159,0.762,0.5713,0.4282,false,false,false,false
0j1stlbqi3,0.69,0.652,0.0028,0.3028,false,true,false,false
dggeumdw2r,0.937,1.011,0.7375,0.6353,false,false,false,false
xtbde23q6a,0.7822,0.664,0.0329,0.3152,false,true,false,false
fxxbp3fcyq,0.8683,0.511,0.2459,0.1384,false,false,false,false
om8ty4k5r4,0.7888,0.476,0.0374,0.1036,false,true,false,false
7gld5wj6i7,0.8685,1.032,0.2469,0.6486,false,false,false,false
08l7ukenic,0.8476,0.796,0.1598,0.4618,false,false,false,false
mz2pa92mqn,0.7629,1.228,0.0193,0.745,false,true,false,false
ah3l1flmk0,0.8846,0.632,0.3389,0.2808,false,false,false,false
wn99kkxmwo,0.9031,1.632,0.4727,0.8666,false,false,false,false
vl63kh6zc7,0.8435,0.642,0.147,0.2919,false,false,false,false
xfhzl82xm3,0.7542,0.555,0.0152,0.1898,false,true,false,false
5tmqaog0b8,0.9762,0.421,0.9537,0.0551,true,false,true,false
h5zqzm0dl7,0.9072,0.622,0.4994,0.2681,false,false,false,false
osstr7hwo8,0.9825,1.543,0.9749,0.8475,true,false,false,false
3jfp7ossbz,0.8563,0.408,0.1963,0.0467,false,false,true,false
yp1qppyy27,0.8878,0.463,0.359,0.0919,false,false,true,false
bvc1oztass,0.9101,0.635,0.5256,0.285,false,false,false,false
q5xlkpwyi7,0.9612,0.686,0.8889,0.3419,false,false,false,false
ngd7v0zjdx,0.9626,0.916,0.8957,0.5636,false,false,false,false
mkyxa3cat4,0.8898,1.458,0.3724,0.8255,false,false,false,false
megvrkv43f,0.8509,1.046,0.1712,0.6581,false,false,false,false
w6zcr5yvwq,0.8943,0.91,0.4082,0.5591,false,false,false,false
vv3dvvjcit,0.8861,0.747,0.3485,0.4106,false,false,false,false
1ug6vumofe,0.8242,0.831,0.0928,0.4926,false,true,false,false
jlfv5pkd36,0.8535,0.761,0.1823,0.4271,false,false,false,false
rhv3qox08d,0.7798,0.937,0.03,0.582,false,true,false,false
la0hboa2hp,0.8875,0.792,0.3582,0.4584,false,false,false,false
27gmeszpyp,0.8638,0.49,0.2274,0.116,false,false,false,false
fajtrpd295,0.8747,0.553,0.2774,0.1872,false,false,false,false
s5351bwpqh,0.9477,1.538,0.8105,0.846,false,false,false,false
qn085bbe76,0.8188,0.648,0.0827,0.2987,false,true,false,false
48l5e3fkr1,0.9021,1.088,0.4664,0.6817,false,false,false,false
c07hpgjigc,0.963,0.703,0.8967,0.3614,false,false,false,false
nst55dc224,0.8108,2.119,0.0659,0.9264,false,true,false,true
oqyaqbmk3t,0.8312,0.721,0.1089,0.3818,false,false,false,false
1p9p37cqpa,0.9212,0.67,0.6147,0.3221,false,false,false,false
c3tda1dz8f,0.8232,1.096,0.0908,0.6866,false,true,false,false
xwvsxl0kma,0.9714,0.491,0.9365,0.1163,true,false,false,false
xr7rqm8ju2,0.9209,0.965,0.6125,0.6037,false,false,false,false
i6zmdim4lz,0.9556,1.318,0.8601,0.7842,false,false,false,false
ksa01eqcdp,0.8001,0.654,0.0497,0.3052,false,true,false,false
3xkwstlana,0.9651,2.95,0.9065,0.9619,true,false,false,true
of3dsjnm4k,0.9835,3.914,0.9787,0.9753,true,false,false,true
n85zppy6fh,0.8152,2.417,0.074,0.9436,false,true,false,true
zbyki7d41s,0.8669,0.672,0.2405,0.3241,false,false,false,false
195lqx16ln,0.9079,0.864,0.5055,0.5207,false,false,false,false
83rq3stiml,0.8214,0.517,0.0872,0.1442,false,true,false,false
s644rcwtg7,0.8414,0.66,0.1391,0.3126,false,false,false,false
8w2zuz0fqk,0.9434,0.528,0.782,0.158,false,false,false,false
9v6u8w8rxx,0.9193,1.015,0.6004,0.6375,false,false,false,false
1g0co9412z,0.9869,1.62,0.9898,0.8638,true,false,false,false
b7ngkxitvc,0.7698,0.525,0.0228,0.1539,false,true,false,false
twn3wb1s3u,0.7659,1.814,0.0206,0.8958,false,true,false,false
prhw466rg9,0.9422,1.761,0.7751,0.8881,false,false,false,false
v5ghp0rafy,0.9783,0.713,0.961,0.3735,true,false,false,false
vr9oao5eij,0.7266,0.633,0.0072,0.2822,false,true,false,false
jc2ghn91x6,0.8304,0.733,0.1065,0.3967,false,false,false,false
d0j85pgiaw,0.8419,0.589,0.1416,0.2299,false,false,false,false
qe9vtzppfy,0.9671,1.122,0.9166,0.6979,true,false,false,false
ujetnwh2vp,0.8695,0.751,0.2528,0.4146,false,false,false,false
eqbmia3d2r,0.8275,0.712,0.0993,0.3716,false,true,false,false
mmobx1r4f1,0.8897,0.566,0.3713,0.2014,false,false,false,false
5h43sfjh1x,0.9001,0.445,0.4476,0.0757,false,false,true,false
6kyma0xfs0,0.8933,0.956,0.3999,0.5968,false,false,false,false
yingfticlw,0.8411,0.365,0.1388,0.0199,false,false,true,false
19sxrwxg4l,0.8936,1.374,0.4016,0.802,false,false,false,false
3uy9kmk4di,0.9793,0.889,0.9653,0.5415,true,false,false,false
9nabnd9rmh,0.889,0.479,0.3659,0.1061,false,false,false,false
fuobmz3skf,0.8269,0.657,0.0982,0.3087,false,true,false,false
3i62hhuz3a,0.8248,0.392,0.0935,0.0348,false,true,true,false
nmuqlajiz0,0.9318,0.498,0.6966,0.1234,false,false,false,false
qg44vkj682,0.8789,0.526,0.3028,0.1561,false,false,false,false
lkv5xbosf8,0.8619,0.391,0.2183,0.0338,false,false,true,false
0zq9resc92,0.7359,0.469,0.0093,0.0953,false,true,true,false
2cn4ygfgc3,0.8356,0.759,0.1218,0.4251,false,false,false,false
hih8cb3218,0.9264,1.089,0.6542,0.6826,false,false,false,false
e2miui3adp,0.8395,0.369,0.1332,0.0225,false,false,true,false
e4r99ftawc,0.8692,1.066,0.2502,0.6693,false,false,false,false
zq9qrdo3ao,0.9715,1.575,0.9371,0.8541,true,false,false,false
dtv3g831kx,0.9323,1.567,0.7018,0.8526,false,false,false,false
b5xclsq8rx,0.9499,0.803,0.824,0.4688,false,false,false,false
knvgfj557l,0.9123,1.036,0.5441,0.6504,false,false,false,false
dwdbnp851n,0.9335,1.064,0.711,0.6685,false,false,false,false
mlz1pvu4f2,0.9233,1.11,0.6343,0.6926,false,false,false,false
km9alqnm86,0.9857,0.931,0.9873,0.5767,true,false,false,false
7qkpguxt43,0.8487,0.683,0.164,0.3373,false,false,false,false
r0ek2lx2pt,0.9361,0.477,0.7298,0.1044,false,false,false,false
v3b6gf4g33,0.9352,1.158,0.7232,0.7132,false,false,false,false
136g4bu01d,0.7955,1.052,0.0449,0.662,false,true,false,false
qyys58r0e2,0.9385,0.424,0.7494,0.0573,false,false,true,false
fez8f3338i,0.9108,1.131,0.5312,0.702,false,false,false,false
rihdh8n3z3,0.8645,0.643,0.2297,0.2922,false,false,false,false
fx480gdxf7,0.8587,0.632,0.2057,0.2806,false,false,false,false
rx5z25xi4x,0.8162,0.475,0.0758,0.1019,false,true,false,false
emyj7msiq8,0.8362,0.631,0.1234,0.2799,false,false,false,false
0ttrfsjfxw,0.8354,0.652,0.1211,0.3034,false,false,false,false
z8gus2ct0z,0.8807,1.361,0.3116,0.7976,false,false,false,false
pav6fjkpo1,0.8909,0.655,0.38,0.3061,false,false,false,false
ure2qlldb1,0.9033,1.074,0.4748,0.6727,false,false,false,false
usj5em13hr,0.9694,0.729,0.9272,0.3916,true,false,false,false
m1o7aeub18,0.8531,0.638,0.1811,0.2884,false,false,false,false
ls2js198j0,0.9089,0.657,0.5146,0.3085,false,false,false,false
gh9n40uy2x,0.8888,0.455,0.3646,0.0847,false,false,true,false
y09pmf52mf,0.8871,0.53,0.3559,0.1607,false,false,false,false
zwf211o6or,0.9411,0.673,0.7674,0.3253,false,false,false,false
lr6anyehwl,0.9503,1.26,0.8275,0.7612,false,false,false,false
dau6ayg906,0.8405,0.729,0.1369,0.3915,false,false,false,false
knee7qw83x,0.9716,0.847,0.9373,0.5071,true,false,false,false
xss24cimv2,0.7709,0.388,0.0236,0.0326,false,true,true,false
0pz5re5dji,0.9383,0.571,0.7475,0.2071,false,false,false,false
533dshlvb0,0.9591,2.777,0.879,0.9565,false,false,false,true
pxrns2gn9p,0.9642,0.648,0.903,0.2977,true,false,false,false
s121gyb8pt,0.9383,0.704,0.7469,0.3632,false,false,false,false
ths2zdw01k,0.9835,0.575,0.9789,0.2132,true,false,false,false
j2saviij02,0.9611,0.818,0.8876,0.4803,false,false,false,false
ovuqlnh7wb,0.9298,1.488,0.6814,0.8338,false,false,false,false
eq3gi56p7d,0.9315,0.888,0.6951,0.5405,false,false,false,false
iv7jlaa1dq,0.9911,7.296,0.9954,0.988,true,false,false,true
av34cbp2qv,0.8807,0.708,0.3115,0.3675,false,false,false,false
9odja3nb7n,0.8089,0.77,0.0624,0.4376,false,true,false,false
uu5c429zos,0.8734,0.643,0.2719,0.2926,false,false,false,false
ryg25rxnws,0.8813,0.712,0.3161,0.3723,false,false,false,false
gq3jnp8bj9,0.6937,0.496,0.003,0.1217,false,true,false,false
wuatt8mwzr,0.8703,0.505,0.2571,0.1296,false,false,false,false
hbaapm2vw8,0.9544,1.351,0.8537,0.7946,false,false,false,false
ztgp6hr116,0.9249,0.783,0.644,0.4487,false,false,false,false
x713p79043,0.9373,0.617,0.7402,0.264,false,false,false,false
4oisnwjal2,0.9406,2.88,0.7639,0.9595,false,false,false,true
0g2c762412,0.8339,0.709,0.1177,0.3691,false,false,false,false
xyhmiiz7n3,0.8326,0.714,0.1133,0.3748,false,false,false,false
ghkdqnub0a,0.8183,0.293,0.0818,0.0036,false,true,true,false
0l98rk46mz,0.8473,0.52,0.1589,0.1482,false,false,false,false
pyqsbaws52,0.9721,0.499,0.9402,0.1239,true,false,false,false
7ath3mxkor,0.8849,0.417,0.3416,0.0519,false,false,true,false
k9verxxinl,0.7798,0.907,0.0301,0.5574,false,true,false,false
a4ubvx6x9n,0.9073,0.508,0.5001,0.1352,false,false,false,false
qxyajhfnxt,0.8427,0.42,0.1442,0.0546,false,false,true,false
ej5z1gqj9b,0.8783,1.356,0.2998,0.7954,false,false,false,false
tu27periq4,0.9032,0.573,0.4735,0.2109,false,false,false,false
yit40utdma,0.7967,0.506,0.0466,0.1319,false,true,false,false
b43xq3uvph,0.7927,0.485,0.0414,0.1126,false,true,false,false
2pplgxfft4,0.931,0.23,0.6919,0.0003,false,false,true,false
gybqkwnyns,0.8916,1.2,0.3856,0.7327,false,false,false,false
g0h7huiuvy,0.9067,0.75,0.4968,0.4135,false,false,false,false
atz9yjqeis,0.8354,0.729,0.121,0.3911,false,false,false,false
7peg80z1on,0.75,0.538,0.0133,0.1698,false,true,false,false
j8rrnp07hd,0.819,0.493,0.0834,0.1196,false,true,false,false
q0r26libvr,0.9399,0.7,0.7584,0.3578,false,false,false,false
fm6g28yr3i,0.9018,0.642,0.463,0.2915,false,false,false,false
2djizlih0e,0.9183,0.401,0.5915,0.0423,false,false,true,false
zr5l8unbx0,0.9713,0.88,0.9362,0.5335,true,false,false,false
nrcpsx3nth,0.9407,4.425,0.7643,0.9789,false,false,false,true
l6fqdgqfa8,0.8742,0.854,0.2756,0.5126,false,false,false,false
iaky222mpo,0.7005,0.697,0.0036,0.3556,false,true,false,false
gso3j8rltr,0.8415,0.526,0.1398,0.1562,false,false,false,false
ob8y36mber,0.8884,0.87,0.3626,0.5252,false,false,false,false
qh3jf6q1nf,0.8905,0.482,0.3775,0.1097,false,false,false,false
9e8qc8h5p4,0.9615,1.865,0.8905,0.9012,false,false,false,true
nm28ieskz3,0.9515,0.457,0.8359,0.0858,false,false,true,false
c729wbc8m2,0.9249,0.567,0.6444,0.2039,false,false,false,false
ijl2hbwsjj,0.9251,0.826,0.6454,0.4865,false,false,false,false
gf3mz1etwh,0.9131,0.758,0.551,0.424,false,false,false,false
0i5b5q2rz3,0.8756,0.653,0.2829,0.3046,false,false,false,false
m6snarnpwy,0.9023,0.449,0.4676,0.0789,false,false,true,false
uudwhoi0ka,0.9052,0.612,0.4879,0.2583,false,false,false,false
kdchhsvmlb,0.8654,0.609,0.2347,0.254,false,false,false,false
m2xibh327e,0.9368,0.578,0.7355,0.2167,false,false,false,false
6nn8u018oo,0.7669,0.59,0.0209,0.2318,false,true,false,false
htoxaj09ra,0.9641,2.567,0.9025,0.9494,true,false,false,true
ny6bqhcvnp,0.8824,1.805,0.3234,0.8943,false,false,false,false
skdwxhan9j,0.9083,0.371,0.5093,0.0236,false,false,true,false
6cbpjpmsd8,0.9826,1.02,0.9765,0.6408,true,false,false,false
9yj5n3027t,0.8928,0.32,0.3955,0.009,false,false,true,false
sa5kwbtvbg,0.9686,0.884,0.9236,0.5379,true,false,false,false
7zu37redlv,0.9805,0.767,0.9699,0.4332,true,false,false,false
1ce0v87dsj,0.9533,0.788,0.8471,0.4539,false,false,false,false
7fg4oeuhy8,0.9288,1.233,0.674,0.7471,false,false,false,false
auimqu7i30,0.9496,0.973,0.8225,0.6092,false,false,false,false
qctn4lg8w1,0.9741,1.218,0.9465,0.741,true,false,false,false
2knv3968oa,0.8827,0.774,0.3262,0.4397,false,false,false,false
to7qft39zg,0.9007,0.768,0.4537,0.4346,false,false,false,false
7aldkvswtm,0.9557,0.271,0.8608,0.0011,false,false,true,false
jqm3gav4xq,0.8664,0.602,0.2391,0.2431,false,false,false,false
8lpd469hol,0.8988,0.743,0.439,0.407,false,false,false,false
t5ka0dn02u,0.8711,0.991,0.2601,0.6223,false,false,false,false
8sqxsdg1nw,0.8971,1.013,0.4284,0.6371,false,false,false,false
t5inekzqec,0.7719,0.766,0.0246,0.4324,false,true,false,false
xseba0jkg1,0.7557,0.525,0.016,0.1549,false,true,false,false
msvnhqimjo,0.8525,0.522,0.1772,0.1513,false,false,false,false
nutsgwfhg2,0.9613,0.648,0.89,0.2976,false,false,false,false
wr4pc7ayx4,0.846,0.988,0.1536,0.6204,false,false,false,false
5mkszez8m4,0.9265,0.959,0.6544,0.5983,false,false,false,false
7qbic0a5i0,0.9023,0.735,0.4672,0.398,false,false,false,false
9cqu2myfm5,0.9633,0.737,0.8986,0.3999,false,false,false,false
9oc2rg1qv0,0.858,0.997,0.2028,0.6263,false,false,false,false
yener8miln,0.9261,0.603,0.6517,0.2455,false,false,false,false
zzmrd6cr4x,0.8836,0.622,0.3328,0.269,false,false,false,false
boc0acccuw,0.8384,0.598,0.1296,0.2384,false,false,false,false
wv7vl6e64a,0.9681,2.275,0.9214,0.9349,true,false,false,true
1paza5b1kt,0.8954,0.505,0.4161,0.1301,false,false,false,false
tdt8pi0m3w,0.8696,0.567,0.2536,0.2035,false,false,false,false
8gnpapujio,0.8983,2.325,0.4362,0.9394,false,false,false,true
f2yq4oca62,0.8823,0.451,0.3226,0.0807,false,false,true,false
f3k7hwso8t,0.9233,0.547,0.6339,0.1796,false,false,false,false
807kofcn8d,0.7671,0.659,0.0211,0.3115,false,true,false,false
fv9wr5dw00,0.9511,0.957,0.8319,0.5972,false,false,false,false
i6fhz6dau0,0.8721,0.536,0.2669,0.167,false,false,false,false
n8pp0ul7eu,0.8751,2.808,0.28,0.9577,false,false,false,true
9qerbb0bk6,0.8911,1.237,0.3821,0.7489,false,false,false,false
6c9s3xrfdf,0.8934,0.538,0.4007,0.1689,false,false,false,false
0rfu2t4njg,0.876,0.9,0.2853,0.551,false,false,false,false
f49w0s9p1d,0.9368,0.897,0.7356,0.5483,false,false,false,false
rier64jyuk,0.8652,0.442,0.2337,0.0734,false,false,true,false
qzlpaa252t,0.9457,0.633,0.7987,0.2814,false,false,false,false
5lk6vwdy3g,0.9211,1.381,0.6143,0.8047,false,false,false,false
xcr1vm3sfu,0.8204,0.647,0.0852,0.2969,false,true,false,false
40jo6g5nkf,0.9336,0.732,0.7118,0.3956,false,false,false,false
2aojrwb91n,0.9677,2.047,0.9195,0.9213,true,false,false,true
5t5h1esowb,0.8909,0.736,0.3802,0.3987,false,false,false,false
fony27d8qr,0.8563,0.44,0.1956,0.0706,false,false,true,false
48t2mlm6mn,0.9004,0.655,0.4512,0.3058,false,false,false,false
lajaf53zu1,0.811,0.447,0.0662,0.0776,false,true,true,false
vfaggl9pi1,0.8876,1.866,0.3585,0.9016,false,false,false,true
gb10wjixz3,0.8374,0.425,0.1261,0.0576,false,false,true,false
uowgx3b6hn,0.9616,0.982,0.891,0.6153,false,false,false,false
h3ijvl6jtt,0.8812,1.139,0.3152,0.7062,false,false,false,false
72uy6s0fgz,0.8849,0.388,0.3415,0.0325,false,false,true,false
ge0q8v711l,0.8963,1.228,0.4237,0.7446,false,false,false,false
q9g25ckp7o,0.8625,0.563,0.2217,0.1988,false,false,false,false
3i76aqy0oz,0.904,0.806,0.4796,0.4706,false,false,false,false
yjh862foij,0.9543,1.409,0.8526,0.8127,false,false,false,false
kv9wfjiiwy,0.9301,1.265,0.6843,0.7632,false,false,false,false
svsc2mgmye,0.8881,1.151,0.361,0.7103,false,false,false,false
86e4vjy6kd,0.9029,0.632,0.4708,0.2811,false,false,false,false
29gtdvfbqu,0.8837,0.428,0.3339,0.0608,false,false,true,false
ziug3kc58b,0.9702,0.602,0.9302,0.2444,true,false,false,false
6u2ec8xgbi,0.7733,0.66,0.0261,0.3128,false,true,false,false
8o2wt04oex,0.8932,0.789,0.3981,0.4546,false,false,false,false
tjpqr6e1fm,0.9177,0.439,0.5868,0.07,false,false,true,false
yyg1l1h15q,0.7635,0.506,0.0198,0.1321,false,true,false,false
nrnpu6uio3,0.9096,0.597,0.5204,0.2377,false,false,false,false
31qf0acq39,0.959,1.031,0.8773,0.6482,false,false,false,false
02bxxfqlez,0.5809,0.383,0.0003,0.0298,false,true,true,false
dazaxjuq1w,0.7902,0.612,0.0394,0.2575,false,true,false,false
mwjeybazsg,0.8878,0.788,0.3593,0.4542,false,false,false,false
s046xvpsh8,0.9219,0.739,0.6218,0.4019,false,false,false,false
uda1j46sku,0.892,0.4,0.3898,0.0421,false,false,true,false
9l3sc10113,0.9382,0.909,0.7468,0.5577,false,false,false,false
h8n52ghvj6,0.8675,0.331,0.2424,0.0112,false,false,true,false
ltl87753sr,0.9241,45.714,0.6407,0.9968,false,false,false,true
83b3iyx9f7,0.796,0.859,0.0457,0.5155,false,true,false,false
9jfastkigs,0.7936,0.435,0.0427,0.0659,false,true,true,false
lzwve2n22e,0.9245,0.367,0.6425,0.0214,false,false,true,false
yq877frjzf,0.9623,1.367,0.8945,0.7991,false,false,false,false
0iyih160zo,0.912,0.37,0.5426,0.0232,false,false,true,false
usslwu1hy5,0.9392,0.512,0.7537,0.1401,false,false,false,false
8yuf7xh56h,0.8584,0.458,0.2053,0.0872,false,false,true,false
wz72j5hr9l,0.9344,0.983,0.7174,0.6161,false,false,false,false
qqui2laji4,0.8711,0.44,0.2603,0.0707,false,false,true,false
ij0jwjis99,0.9434,1.051,0.7822,0.6613,false,false,false,false
hy201w00yl,0.9472,0.773,0.8073,0.4396,false,false,false,false
bgfifdxnio,0.8583,0.869,0.2042,0.524,false,false,false,false
b16fqblawk,0.978,1.878,0.9599,0.903,true,false,false,true
xr2lenh2qj,0.8663,1.271,0.2382,0.7653,false,false,false,false
ffngjkr4n8,0.9318,1.049,0.6971,0.6593,false,false,false,false
166hoqyl6w,0.9389,0.604,0.7512,0.2466,false,false,false,false
pz7s01r69f,0.9385,0.724,0.7487,0.385,false,false,false,false
klk1lo0a8k,0.923,3.955,0.6324,0.9755,false,false,false,true
hfv2kppade,0.9043,1.183,0.4816,0.7263,false,false,false,false
b2atsmqkjx,0.9261,0.366,0.6522,0.0207,false,false,true,false
r9s19fglvc,0.8752,0.476,0.281,0.1033,false,false,false,false
3kejwos8n0,0.8833,0.767,0.3299,0.4335,false,false,false,false
k1vq2n4zdg,0.8776,0.65,0.2953,0.2998,false,false,false,false
ai0ydhpif6,0.9443,1.348,0.7888,0.7933,false,false,false,false
d077tdco86,0.8488,0.76,0.1644,0.4259,false,false,false,false
7hpwq4nzsn,0.893,0.579,0.397,0.218,false,false,false,false
e1dsmat92b,0.84,0.51,0.1341,0.1377,false,false,false,false
kka3ms97jb,0.8703,1.156,0.2569,0.712,false,false,false,false
bqirpwjczu,0.8579,0.567,0.202,0.2033,false,false,false,false
wztnmlw2ry,0.9191,0.586,0.5986,0.226,false,false,false,false
iu6jywqflh,0.8733,1.338,0.2716,0.7899,false,false,false,false
jav44z4agn,0.8927,1.277,0.3945,0.767,false,false,false,false
x2wngswaez,0.7858,0.294,0.0352,0.0039,false,true,true,false
v5ei9691rh,0.8671,1.091,0.2412,0.6838,false,false,false,false
fo6mpe0626,0.9539,0.542,0.8505,0.1732,false,false,false,false
p8k2pft8qo,0.9674,0.953,0.9186,0.595,true,false,false,false
wd5n1agf7l,0.7911,0.517,0.0405,0.1452,false,true,false,false
m9oxbbhssl,0.9595,1.047,0.8806,0.6587,false,false,false,false
4fcpu7dluq,0.9211,0.671,0.6146,0.3228,false,false,false,false
atfczenpx2,0.8418,1.087,0.1413,0.6812,false,false,false,false
vxr8cctp3m,0.9181,1.475,0.5892,0.8309,false,false,false,false
qh1cmmavr8,0.8145,0.569,0.0724,0.2058,false,true,false,false
0lxage2nxv,0.8687,0.896,0.2478,0.5477,false,false,false,false
26y2jhhyei,0.8528,0.919,0.1788,0.5664,false,false,false,false
8fup5tlhom,0.9272,0.614,0.661,0.2598,false,false,false,false
lsl41bd7vi,0.8929,0.623,0.3959,0.2697,false,false,false,false
hv49fglmi5,0.8526,0.43,0.1782,0.0619,false,false,true,false
dh3g6ocrs8,0.9445,1.31,0.7903,0.7806,false,false,false,false
00tmgpti5y,0.8821,1.715,0.3215,0.8829,false,false,false,false
xf14h213wr,0.8883,0.419,0.3622,0.0528,false,false,true,false
sev3lj6niy,0.8614,0.84,0.2169,0.5002,false,false,false,false
i1uhfqui3w,0.9353,0.399,0.7247,0.0412,false,false,true,false
d21k3x0pf5,0.9421,0.491,0.7737,0.117,false,false,false,false
50w3zn1n21,0.9099,0.422,0.5238,0.0555,false,false,true,false
n3qmhwrgvb,0.9765,0.301,0.9559,0.0048,true,false,true,false
rljqstzghz,0.8484,0.583,0.1627,0.2217,false,false,false,false
ryptkwr0r2,0.866,0.848,0.2369,0.5081,false,false,false,false
c2l27rzs76,0.8994,0.941,0.4437,0.5854,false,false,false,false
d0aa04bee1,0.9805,1.185,0.9692,0.727,true,false,false,false
l2jne1cfid,0.9157,0.591,0.5697,0.2322,false,false,false,false
10tnmaxq0t,0.8562,1.601,0.1955,0.8599,false,false,false,false
nhg1ujslc3,0.9443,1.047,0.7885,0.6582,false,false,false,false
0j0yylqmly,0.8553,0.617,0.1919,0.263,false,false,false,false
9h53thjc0r,0.9285,1.123,0.6709,0.6986,false,false,false,false
ol86ys0es3,0.8864,0.457,0.3496,0.0856,false,false,true,false
yvm0sb6f9l,0.9535,0.747,0.848,0.4111,false,false,false,false
3i61mdyi5e,0.8845,0.777,0.3382,0.4423,false,false,false,false
tc1dqc4b79,0.8821,1.054,0.3212,0.6628,false,false,false,false
7pcnslzmhv,0.8219,0.418,0.0881,0.0526,false,true,true,false
2xfccomdpy,0.9111,0.584,0.5343,0.2224,false,false,false,false
7y54tfbwd1,0.8591,0.446,0.2069,0.0765,false,false,true,false
m3uf343m5r,0.9261,0.783,0.6519,0.4476,false,false,false,false
40tr6v4emn,0.8938,0.489,0.4041,0.1152,false,false,false,false
1iecd00a73,0.9267,2.191,0.6563,0.9309,false,false,false,true
h7ps5h8qnd,0.9205,0.795,0.6086,0.4611,false,false,false,false
gqay3b363d,0.9079,0.986,0.5052,0.6182,false,false,false,false
waaimeyetn,0.8455,0.664,0.152,0.3151,false,false,false,false
3ahb6780sl,0.9351,0.448,0.7223,0.0779,false,false,true,false
2yl7st0mk1,0.7898,0.716,0.0388,0.3766,false,true,false,false
d89ao7agqa,0.8927,1.6,0.394,0.8596,false,false,false,false
t0efj16p7a,0.9259,0.456,0.6502,0.0854,false,false,true,false
wc7cu0l0al,0.9285,1.003,0.6716,0.631,false,false,false,false
hy530am0gj,0.7816,0.509,0.032,0.1365,false,true,false,false
svfz42miok,0.936,0.499,0.7295,0.1249,false,false,false,false
668ci0su61,0.8262,0.639,0.0966,0.2887,false,true,false,false
ai5jrizs9k,0.9711,0.625,0.9347,0.272,true,false,false,false
gcc1oaaeo5,0.8167,0.503,0.0774,0.1278,false,true,false,false
lv26zysxa5,0.8524,0.373,0.177,0.0245,false,false,true,false
2iqkzjuguu,0.8899,0.301,0.3734,0.005,false,false,true,false
g7qca8j8ru,0.8711,2.124,0.2607,0.9271,false,false,false,true
zw4f50nh6y,0.9003,0.45,0.4502,0.0801,false,false,true,false
920jh5ss3y,0.9115,1.015,0.5375,0.6374,false,false,false,false
x237gxulau,0.8536,0.541,0.1839,0.173,false,false,false,false
2yt3jne0kh,0.9154,0.97,0.5679,0.6066,false,false,false,false
nxsa50y0gn,0.9287,2.246,0.673,0.933,false,false,false,true
6wmgmeawzm,0.9375,0.686,0.7417,0.3422,false,false,false,false
tk3vv9oxbb,0.8554,0.749,0.1924,0.4123,false,false,false,false
8wrc0kj3kf,0.8874,0.865,0.3568,0.5212,false,false,false,false
1wizm55mmx,0.8209,0.712,0.0863,0.3717,false,true,false,false
jemttf7cao,0.939,0.881,0.7519,0.5347,false,false,false,false
o5ywe8vwap,0.8806,0.422,0.3108,0.0558,false,false,true,false
cqmpg9awxi,0.8869,0.654,0.3542,0.305,false,false,false,false
dpiyw5eyp2,0.9354,1.867,0.7255,0.9018,false,false,false,true
j2m76gzwjx,0.8395,1.539,0.133,0.8462,false,false,false,false
t7e2a7au2y,0.899,0.717,0.4405,0.377,false,false,false,false
jtj5hk8hls,0.9191,0.455,0.5981,0.0841,false,false,true,false
78chxb4ly7,0.9412,1.036,0.7686,0.6505,false,false,false,false
9sx5fc4fru,0.9028,0.902,0.4706,0.5527,false,false,false,false
c17hbwadmi,0.914,0.445,0.5577,0.076,false,false,true,false
4p1086feh2,0.8688,1.01,0.2482,0.6352,false,false,false,false
g5c7lz6ytj,0.8419,0.837,0.1417,0.4976,false,false,false,false
mw4ylwayjc,0.9353,0.675,0.7251,0.3273,false,false,false,false
jxtvndwoju,0.869,0.616,0.2496,0.2622,false,false,false,false
c9d1t4k8eq,0.9494,1.374,0.8206,0.8022,false,false,false,false
oe0m1668mi,0.8628,0.599,0.2228,0.2391,false,false,false,false
azoi6x0w9a,0.8135,0.791,0.071,0.4566,false,true,false,false
86cc60t318,0.8367,0.932,0.1246,0.5774,false,false,false,false
q1twwqfxyz,0.8874,0.734,0.357,0.3976,false,false,false,false
6ccobz1jft,0.8074,0.621,0.0608,0.2674,false,true,false,false
q7ufwtxxpe,0.9358,0.728,0.7288,0.3902,false,false,false,false
e08qw4obja,0.9144,0.47,0.5607,0.0973,false,false,true,false